attention,baseline_cosine_similarity,baseline_host_prepare_submit_ms,baseline_max_abs_error,baseline_max_rel_error,baseline_mean_abs_error,baseline_nonfinite_count,baseline_sha256,baseline_vs_reference,batch_size,benchmark_base,block_table_stride,block_table_width,cache_layout,candidate_cosine_similarity,candidate_host_prepare_submit_ms,candidate_max_abs_error,candidate_max_rel_error,candidate_mean_abs_error,candidate_nonfinite_count,candidate_sha256,candidate_vs_baseline,candidate_vs_reference,cann_version,case,causal,device,device_index,device_name,dp_size,draft_width,dtype,family,gqa_interleave,head_dim,kv_cache_stride,kv_length,layout,length_pattern,m,max_kv_len_hint,max_q_len,min_runtime_kv_length,num_cube_cores,num_kv_heads,num_q_heads,num_vector_cores,page_size,pair_cosine_similarity,pair_max_abs_error,pair_max_rel_error,pair_mean_abs_error,pair_nonfinite_count,physical_pages,python_version,q_head_scale,q_stride,record_type,reference_checked_rows,runtime_kv_lens,runtime_q_lens,schema_version,seed,sink_dtype,softmax_scale,status,swa_left_window,topology,torch_npu_version,torch_version,triton_version,workload_id,workspace_commit
full,0.9999986886978149,0.0,0.0009765625,2.028735637664795,3.560335608199239e-05,0.0,"{'prefill': 'c4166cfe326127daf30bc629493d8b251d8be85f97cda2efa510eab6bc6d3a54', 'decode': 'c47f9bdcfb879eb73723521240a48a9bae99349d094a1fb82563535aabde82ec'}",True,1,6146ca39720729ca417353fb999323d14d97f4a7,"[64, 1]",64,native_NHD_then_page_head_token_dim_permute,0.9999986886978149,0.0,0.0009765625,2.028735637664795,3.560335608199239e-05,0.0,"{'prefill': 'c4166cfe326127daf30bc629493d8b251d8be85f97cda2efa510eab6bc6d3a54', 'decode': 'c47f9bdcfb879eb73723521240a48a9bae99349d094a1fb82563535aabde82ec'}",True,True,9.1.0,full_decode_m1_b1_kv4096_uniform_tp4,True,npu:5,5,Ascend950PR_957b,1,,bfloat16,decode,False,256,"[16384, 256, 256, 1]",4096,tp4,uniform,1,4096,1,4096,28,1,6,56,64,0.9999998807907104,0.0,0.0,0.0,0.0,65,3.11.10,1.0,"[1536, 256, 1]",correctness,1,[4096],[1],1,20260829,float32,0.09119556747428784,PASS,,decode,2.10.0.post4.dev20260715,2.10.0+cpu,3.2.0,full_decode_m1_b1_kv4096_uniform,6146ca39720729ca417353fb999323d14d97f4a7
full,0.9999978542327881,0.0,0.0009765625,9.835821151733398,3.926818317268044e-05,0.0,"{'prefill': 'c4166cfe326127daf30bc629493d8b251d8be85f97cda2efa510eab6bc6d3a54', 'decode': 'c47f9bdcfb879eb73723521240a48a9bae99349d094a1fb82563535aabde82ec'}",True,4,6146ca39720729ca417353fb999323d14d97f4a7,"[64, 1]",64,native_NHD_then_page_head_token_dim_permute,0.9999978542327881,0.0,0.0009765625,9.835821151733398,3.926818317268044e-05,0.0,"{'prefill': 'c4166cfe326127daf30bc629493d8b251d8be85f97cda2efa510eab6bc6d3a54', 'decode': 'c47f9bdcfb879eb73723521240a48a9bae99349d094a1fb82563535aabde82ec'}",True,True,9.1.0,full_decode_m4_b4_kv4096_uniform_tp4,True,npu:5,5,Ascend950PR_957b,1,,bfloat16,decode,False,256,"[16384, 256, 256, 1]",4096,tp4,uniform,4,4096,1,4096,28,1,6,56,64,0.9999998211860657,0.0,0.0,0.0,0.0,257,3.11.10,1.0,"[1536, 256, 1]",correctness,4,"[4096, 4096, 4096, 4096]","[1, 1, 1, 1]",1,20260829,float32,0.09119556747428784,PASS,,decode,2.10.0.post4.dev20260715,2.10.0+cpu,3.2.0,full_decode_m4_b4_kv4096_uniform,6146ca39720729ca417353fb999323d14d97f4a7
full,0.9999979138374329,0.0,0.0009765625,8.747899055480957,4.359170270618051e-05,0.0,"{'prefill': 'c4166cfe326127daf30bc629493d8b251d8be85f97cda2efa510eab6bc6d3a54', 'decode': 'c47f9bdcfb879eb73723521240a48a9bae99349d094a1fb82563535aabde82ec'}",True,8,6146ca39720729ca417353fb999323d14d97f4a7,"[64, 1]",64,native_NHD_then_page_head_token_dim_permute,0.9999979138374329,0.0,0.0009765625,8.747899055480957,4.359170270618051e-05,0.0,"{'prefill': 'c4166cfe326127daf30bc629493d8b251d8be85f97cda2efa510eab6bc6d3a54', 'decode': 'c47f9bdcfb879eb73723521240a48a9bae99349d094a1fb82563535aabde82ec'}",True,True,9.1.0,full_decode_m8_b8_kv4096_uniform_tp4,True,npu:5,5,Ascend950PR_957b,1,,bfloat16,decode,False,256,"[16384, 256, 256, 1]",4096,tp4,uniform,8,4096,1,4096,28,1,6,56,64,0.9999999403953552,0.0,0.0,0.0,0.0,513,3.11.10,1.0,"[1536, 256, 1]",correctness,8,"[4096, 4096, 4096, 4096, 4096, 4096, 4096, 4096]","[1, 1, 1, 1, 1, 1, 1, 1]",1,20260829,float32,0.09119556747428784,PASS,,decode,2.10.0.post4.dev20260715,2.10.0+cpu,3.2.0,full_decode_m8_b8_kv4096_uniform,6146ca39720729ca417353fb999323d14d97f4a7
full,0.9999976754188538,0.0,0.0009765625,14.97468376159668,4.543014074442908e-05,0.0,"{'prefill': 'c4166cfe326127daf30bc629493d8b251d8be85f97cda2efa510eab6bc6d3a54', 'decode': 'c47f9bdcfb879eb73723521240a48a9bae99349d094a1fb82563535aabde82ec'}",True,16,6146ca39720729ca417353fb999323d14d97f4a7,"[64, 1]",64,native_NHD_then_page_head_token_dim_permute,0.9999976754188538,0.0,0.0009765625,14.97468376159668,4.543014074442908e-05,0.0,"{'prefill': 'c4166cfe326127daf30bc629493d8b251d8be85f97cda2efa510eab6bc6d3a54', 'decode': 'c47f9bdcfb879eb73723521240a48a9bae99349d094a1fb82563535aabde82ec'}",True,True,9.1.0,full_decode_m16_b16_kv4096_uniform_tp4,True,npu:5,5,Ascend950PR_957b,1,,bfloat16,decode,False,256,"[16384, 256, 256, 1]",4096,tp4,uniform,16,4096,1,4096,28,1,6,56,64,0.9999999403953552,0.0,0.0,0.0,0.0,1025,3.11.10,1.0,"[1536, 256, 1]",correctness,16,"[4096, 4096, 4096, 4096, 4096, 4096, 4096, 4096, 4096, 4096, 4096, 4096, 4096, 4096, 4096, 4096]","[1, 1, 1, 1, 1, 1, 1, 1, 1, 1, 1, 1, 1, 1, 1, 1]",1,20260829,float32,0.09119556747428784,PASS,,decode,2.10.0.post4.dev20260715,2.10.0+cpu,3.2.0,full_decode_m16_b16_kv4096_uniform,6146ca39720729ca417353fb999323d14d97f4a7
full,0.999997615814209,0.0,0.00390625,38.614036560058594,4.821793845621869e-05,0.0,"{'prefill': 'c4166cfe326127daf30bc629493d8b251d8be85f97cda2efa510eab6bc6d3a54', 'decode': 'c47f9bdcfb879eb73723521240a48a9bae99349d094a1fb82563535aabde82ec'}",True,32,6146ca39720729ca417353fb999323d14d97f4a7,"[64, 1]",64,native_NHD_then_page_head_token_dim_permute,0.999997615814209,0.0,0.00390625,38.614036560058594,4.821793845621869e-05,0.0,"{'prefill': 'c4166cfe326127daf30bc629493d8b251d8be85f97cda2efa510eab6bc6d3a54', 'decode': 'c47f9bdcfb879eb73723521240a48a9bae99349d094a1fb82563535aabde82ec'}",True,True,9.1.0,full_decode_m32_b32_kv4096_uniform_tp4,True,npu:5,5,Ascend950PR_957b,1,,bfloat16,decode,False,256,"[16384, 256, 256, 1]",4096,tp4,uniform,32,4096,1,4096,28,1,6,56,64,0.9999999403953552,0.0,0.0,0.0,0.0,2049,3.11.10,1.0,"[1536, 256, 1]",correctness,32,"[4096, 4096, 4096, 4096, 4096, 4096, 4096, 4096, 4096, 4096, 4096, 4096, 4096, 4096, 4096, 4096, 4096, 4096, 4096, 4096, 4096, 4096, 4096, 4096, 4096, 4096, 4096, 4096, 4096, 4096, 4096, 4096]","[1, 1, 1, 1, 1, 1, 1, 1, 1, 1, 1, 1, 1, 1, 1, 1, 1, 1, 1, 1, 1, 1, 1, 1, 1, 1, 1, 1, 1, 1, 1, 1]",1,20260829,float32,0.09119556747428784,PASS,,decode,2.10.0.post4.dev20260715,2.10.0+cpu,3.2.0,full_decode_m32_b32_kv4096_uniform,6146ca39720729ca417353fb999323d14d97f4a7
full,0.9999973773956299,0.0,0.001953125,63.162296295166016,4.839431494474411e-05,0.0,"{'prefill': 'c4166cfe326127daf30bc629493d8b251d8be85f97cda2efa510eab6bc6d3a54', 'decode': 'c47f9bdcfb879eb73723521240a48a9bae99349d094a1fb82563535aabde82ec'}",True,40,6146ca39720729ca417353fb999323d14d97f4a7,"[64, 1]",64,native_NHD_then_page_head_token_dim_permute,0.9999973773956299,0.0,0.001953125,63.162296295166016,4.839431494474411e-05,0.0,"{'prefill': 'c4166cfe326127daf30bc629493d8b251d8be85f97cda2efa510eab6bc6d3a54', 'decode': 'c47f9bdcfb879eb73723521240a48a9bae99349d094a1fb82563535aabde82ec'}",True,True,9.1.0,full_decode_m40_b40_kv4096_uniform_tp4,True,npu:5,5,Ascend950PR_957b,1,,bfloat16,decode,False,256,"[16384, 256, 256, 1]",4096,tp4,uniform,40,4096,1,4096,28,1,6,56,64,1.0,0.0,0.0,0.0,0.0,2561,3.11.10,1.0,"[1536, 256, 1]",correctness,32,"[4096, 4096, 4096, 4096, 4096, 4096, 4096, 4096, 4096, 4096, 4096, 4096, 4096, 4096, 4096, 4096, 4096, 4096, 4096, 4096, 4096, 4096, 4096, 4096, 4096, 4096, 4096, 4096, 4096, 4096, 4096, 4096, 4096, 4096, 4096, 4096, 4096, 4096, 4096, 4096]","[1, 1, 1, 1, 1, 1, 1, 1, 1, 1, 1, 1, 1, 1, 1, 1, 1, 1, 1, 1, 1, 1, 1, 1, 1, 1, 1, 1, 1, 1, 1, 1, 1, 1, 1, 1, 1, 1, 1, 1]",1,20260829,float32,0.09119556747428784,PASS,,decode,2.10.0.post4.dev20260715,2.10.0+cpu,3.2.0,full_decode_m40_b40_kv4096_uniform,6146ca39720729ca417353fb999323d14d97f4a7
full,0.9999975562095642,0.0,0.0009765625,113.87840270996094,4.644746513804421e-05,0.0,"{'prefill': 'c4166cfe326127daf30bc629493d8b251d8be85f97cda2efa510eab6bc6d3a54', 'decode': 'c47f9bdcfb879eb73723521240a48a9bae99349d094a1fb82563535aabde82ec'}",True,56,6146ca39720729ca417353fb999323d14d97f4a7,"[64, 1]",64,native_NHD_then_page_head_token_dim_permute,0.9999975562095642,0.0,0.0009765625,113.87840270996094,4.644746513804421e-05,0.0,"{'prefill': 'c4166cfe326127daf30bc629493d8b251d8be85f97cda2efa510eab6bc6d3a54', 'decode': 'c47f9bdcfb879eb73723521240a48a9bae99349d094a1fb82563535aabde82ec'}",True,True,9.1.0,full_decode_m56_b56_kv4096_uniform_tp4,True,npu:5,5,Ascend950PR_957b,1,,bfloat16,decode,False,256,"[16384, 256, 256, 1]",4096,tp4,uniform,56,4096,1,4096,28,1,6,56,64,1.0,0.0,0.0,0.0,0.0,3585,3.11.10,1.0,"[1536, 256, 1]",correctness,32,"[4096, 4096, 4096, 4096, 4096, 4096, 4096, 4096, 4096, 4096, 4096, 4096, 4096, 4096, 4096, 4096, 4096, 4096, 4096, 4096, 4096, 4096, 4096, 4096, 4096, 4096, 4096, 4096, 4096, 4096, 4096, 4096, 4096, 4096, 4096, 4096, 4096, 4096, 4096, 4096, 4096, 4096, 4096, 4096, 4096, 4096, 4096, 4096, 4096, 4096, 4096, 4096, 4096, 4096, 4096, 4096]","[1, 1, 1, 1, 1, 1, 1, 1, 1, 1, 1, 1, 1, 1, 1, 1, 1, 1, 1, 1, 1, 1, 1, 1, 1, 1, 1, 1, 1, 1, 1, 1, 1, 1, 1, 1, 1, 1, 1, 1, 1, 1, 1, 1, 1, 1, 1, 1, 1, 1, 1, 1, 1, 1, 1, 1]",1,20260829,float32,0.09119556747428784,PASS,,decode,2.10.0.post4.dev20260715,2.10.0+cpu,3.2.0,full_decode_m56_b56_kv4096_uniform,6146ca39720729ca417353fb999323d14d97f4a7
full,0.9999980926513672,0.0,0.0009765625,3.607329845428467,3.4050317481160164e-05,0.0,"{'prefill': 'c4166cfe326127daf30bc629493d8b251d8be85f97cda2efa510eab6bc6d3a54', 'decode': 'c47f9bdcfb879eb73723521240a48a9bae99349d094a1fb82563535aabde82ec'}",True,1,6146ca39720729ca417353fb999323d14d97f4a7,"[64, 1]",64,native_NHD_then_page_head_token_dim_permute,0.9999980926513672,0.0,0.0009765625,3.607329845428467,3.4050317481160164e-05,0.0,"{'prefill': 'c4166cfe326127daf30bc629493d8b251d8be85f97cda2efa510eab6bc6d3a54', 'decode': 'c47f9bdcfb879eb73723521240a48a9bae99349d094a1fb82563535aabde82ec'}",True,True,9.1.0,full_mirror_m1_b1_kv4096_uniform_tp4,True,npu:5,5,Ascend950PR_957b,1,,bfloat16,decode,False,256,"[16384, 256, 256, 1]",4096,tp4,uniform,1,262144,1,4096,28,1,6,56,64,1.0000001192092896,0.0,0.0,0.0,0.0,65,3.11.10,1.0,"[1536, 256, 1]",correctness,1,[4096],[1],1,20260829,float32,0.09119556747428784,PASS,,mirror,2.10.0.post4.dev20260715,2.10.0+cpu,3.2.0,full_mirror_m1_b1_kv4096_uniform,6146ca39720729ca417353fb999323d14d97f4a7
full,0.9999978542327881,0.0,0.00048828125,30.493364334106445,3.974202263634652e-05,0.0,"{'prefill': 'c4166cfe326127daf30bc629493d8b251d8be85f97cda2efa510eab6bc6d3a54', 'decode': 'c47f9bdcfb879eb73723521240a48a9bae99349d094a1fb82563535aabde82ec'}",True,4,6146ca39720729ca417353fb999323d14d97f4a7,"[64, 1]",64,native_NHD_then_page_head_token_dim_permute,0.9999978542327881,0.0,0.00048828125,30.493364334106445,3.974202263634652e-05,0.0,"{'prefill': 'c4166cfe326127daf30bc629493d8b251d8be85f97cda2efa510eab6bc6d3a54', 'decode': 'c47f9bdcfb879eb73723521240a48a9bae99349d094a1fb82563535aabde82ec'}",True,True,9.1.0,full_mirror_m4_b4_kv4096_uniform_tp4,True,npu:5,5,Ascend950PR_957b,1,,bfloat16,decode,False,256,"[16384, 256, 256, 1]",4096,tp4,uniform,4,262144,1,4096,28,1,6,56,64,0.9999999403953552,0.0,0.0,0.0,0.0,257,3.11.10,1.0,"[1536, 256, 1]",correctness,4,"[4096, 4096, 4096, 4096]","[1, 1, 1, 1]",1,20260829,float32,0.09119556747428784,PASS,,mirror,2.10.0.post4.dev20260715,2.10.0+cpu,3.2.0,full_mirror_m4_b4_kv4096_uniform,6146ca39720729ca417353fb999323d14d97f4a7
full,0.9999979138374329,0.0,0.0009765625,14.263157844543457,4.316689955885522e-05,0.0,"{'prefill': 'c4166cfe326127daf30bc629493d8b251d8be85f97cda2efa510eab6bc6d3a54', 'decode': 'c47f9bdcfb879eb73723521240a48a9bae99349d094a1fb82563535aabde82ec'}",True,8,6146ca39720729ca417353fb999323d14d97f4a7,"[64, 1]",64,native_NHD_then_page_head_token_dim_permute,0.9999979138374329,0.0,0.0009765625,14.263157844543457,4.316689955885522e-05,0.0,"{'prefill': 'c4166cfe326127daf30bc629493d8b251d8be85f97cda2efa510eab6bc6d3a54', 'decode': 'c47f9bdcfb879eb73723521240a48a9bae99349d094a1fb82563535aabde82ec'}",True,True,9.1.0,full_mirror_m8_b8_kv4096_uniform_tp4,True,npu:5,5,Ascend950PR_957b,1,,bfloat16,decode,False,256,"[16384, 256, 256, 1]",4096,tp4,uniform,8,262144,1,4096,28,1,6,56,64,1.0,0.0,0.0,0.0,0.0,513,3.11.10,1.0,"[1536, 256, 1]",correctness,8,"[4096, 4096, 4096, 4096, 4096, 4096, 4096, 4096]","[1, 1, 1, 1, 1, 1, 1, 1]",1,20260829,float32,0.09119556747428784,PASS,,mirror,2.10.0.post4.dev20260715,2.10.0+cpu,3.2.0,full_mirror_m8_b8_kv4096_uniform,6146ca39720729ca417353fb999323d14d97f4a7
full,0.9999977350234985,0.0,0.0009765625,47.0,4.642218118533492e-05,0.0,"{'prefill': 'c4166cfe326127daf30bc629493d8b251d8be85f97cda2efa510eab6bc6d3a54', 'decode': 'c47f9bdcfb879eb73723521240a48a9bae99349d094a1fb82563535aabde82ec'}",True,16,6146ca39720729ca417353fb999323d14d97f4a7,"[64, 1]",64,native_NHD_then_page_head_token_dim_permute,0.9999977350234985,0.0,0.0009765625,47.0,4.642218118533492e-05,0.0,"{'prefill': 'c4166cfe326127daf30bc629493d8b251d8be85f97cda2efa510eab6bc6d3a54', 'decode': 'c47f9bdcfb879eb73723521240a48a9bae99349d094a1fb82563535aabde82ec'}",True,True,9.1.0,full_mirror_m16_b16_kv4096_uniform_tp4,True,npu:5,5,Ascend950PR_957b,1,,bfloat16,decode,False,256,"[16384, 256, 256, 1]",4096,tp4,uniform,16,262144,1,4096,28,1,6,56,64,1.0,0.0,0.0,0.0,0.0,1025,3.11.10,1.0,"[1536, 256, 1]",correctness,16,"[4096, 4096, 4096, 4096, 4096, 4096, 4096, 4096, 4096, 4096, 4096, 4096, 4096, 4096, 4096, 4096]","[1, 1, 1, 1, 1, 1, 1, 1, 1, 1, 1, 1, 1, 1, 1, 1]",1,20260829,float32,0.09119556747428784,PASS,,mirror,2.10.0.post4.dev20260715,2.10.0+cpu,3.2.0,full_mirror_m16_b16_kv4096_uniform,6146ca39720729ca417353fb999323d14d97f4a7
full,0.9999974966049194,0.0,0.0009765625,21.234155654907227,4.759075818583369e-05,0.0,"{'prefill': 'c4166cfe326127daf30bc629493d8b251d8be85f97cda2efa510eab6bc6d3a54', 'decode': 'c47f9bdcfb879eb73723521240a48a9bae99349d094a1fb82563535aabde82ec'}",True,32,6146ca39720729ca417353fb999323d14d97f4a7,"[64, 1]",64,native_NHD_then_page_head_token_dim_permute,0.9999974966049194,0.0,0.0009765625,21.234155654907227,4.759075818583369e-05,0.0,"{'prefill': 'c4166cfe326127daf30bc629493d8b251d8be85f97cda2efa510eab6bc6d3a54', 'decode': 'c47f9bdcfb879eb73723521240a48a9bae99349d094a1fb82563535aabde82ec'}",True,True,9.1.0,full_mirror_m32_b32_kv4096_uniform_tp4,True,npu:5,5,Ascend950PR_957b,1,,bfloat16,decode,False,256,"[16384, 256, 256, 1]",4096,tp4,uniform,32,262144,1,4096,28,1,6,56,64,1.0,0.0,0.0,0.0,0.0,2049,3.11.10,1.0,"[1536, 256, 1]",correctness,32,"[4096, 4096, 4096, 4096, 4096, 4096, 4096, 4096, 4096, 4096, 4096, 4096, 4096, 4096, 4096, 4096, 4096, 4096, 4096, 4096, 4096, 4096, 4096, 4096, 4096, 4096, 4096, 4096, 4096, 4096, 4096, 4096]","[1, 1, 1, 1, 1, 1, 1, 1, 1, 1, 1, 1, 1, 1, 1, 1, 1, 1, 1, 1, 1, 1, 1, 1, 1, 1, 1, 1, 1, 1, 1, 1]",1,20260829,float32,0.09119556747428784,PASS,,mirror,2.10.0.post4.dev20260715,2.10.0+cpu,3.2.0,full_mirror_m32_b32_kv4096_uniform,6146ca39720729ca417353fb999323d14d97f4a7
full,0.9999974370002747,0.0,0.0009765625,80.59293365478516,4.7158682718873024e-05,0.0,"{'prefill': 'c4166cfe326127daf30bc629493d8b251d8be85f97cda2efa510eab6bc6d3a54', 'decode': 'c47f9bdcfb879eb73723521240a48a9bae99349d094a1fb82563535aabde82ec'}",True,40,6146ca39720729ca417353fb999323d14d97f4a7,"[64, 1]",64,native_NHD_then_page_head_token_dim_permute,0.9999974370002747,0.0,0.0009765625,80.59293365478516,4.7158682718873024e-05,0.0,"{'prefill': 'c4166cfe326127daf30bc629493d8b251d8be85f97cda2efa510eab6bc6d3a54', 'decode': 'c47f9bdcfb879eb73723521240a48a9bae99349d094a1fb82563535aabde82ec'}",True,True,9.1.0,full_mirror_m40_b40_kv4096_uniform_tp4,True,npu:5,5,Ascend950PR_957b,1,,bfloat16,decode,False,256,"[16384, 256, 256, 1]",4096,tp4,uniform,40,262144,1,4096,28,1,6,56,64,1.0,0.0,0.0,0.0,0.0,2561,3.11.10,1.0,"[1536, 256, 1]",correctness,32,"[4096, 4096, 4096, 4096, 4096, 4096, 4096, 4096, 4096, 4096, 4096, 4096, 4096, 4096, 4096, 4096, 4096, 4096, 4096, 4096, 4096, 4096, 4096, 4096, 4096, 4096, 4096, 4096, 4096, 4096, 4096, 4096, 4096, 4096, 4096, 4096, 4096, 4096, 4096, 4096]","[1, 1, 1, 1, 1, 1, 1, 1, 1, 1, 1, 1, 1, 1, 1, 1, 1, 1, 1, 1, 1, 1, 1, 1, 1, 1, 1, 1, 1, 1, 1, 1, 1, 1, 1, 1, 1, 1, 1, 1]",1,20260829,float32,0.09119556747428784,PASS,,mirror,2.10.0.post4.dev20260715,2.10.0+cpu,3.2.0,full_mirror_m40_b40_kv4096_uniform,6146ca39720729ca417353fb999323d14d97f4a7
full,0.9999974370002747,0.0,0.0009765625,37.35114669799805,4.719723801827058e-05,0.0,"{'prefill': 'c4166cfe326127daf30bc629493d8b251d8be85f97cda2efa510eab6bc6d3a54', 'decode': 'c47f9bdcfb879eb73723521240a48a9bae99349d094a1fb82563535aabde82ec'}",True,56,6146ca39720729ca417353fb999323d14d97f4a7,"[64, 1]",64,native_NHD_then_page_head_token_dim_permute,0.9999974370002747,0.0,0.0009765625,37.35114669799805,4.719723801827058e-05,0.0,"{'prefill': 'c4166cfe326127daf30bc629493d8b251d8be85f97cda2efa510eab6bc6d3a54', 'decode': 'c47f9bdcfb879eb73723521240a48a9bae99349d094a1fb82563535aabde82ec'}",True,True,9.1.0,full_mirror_m56_b56_kv4096_uniform_tp4,True,npu:5,5,Ascend950PR_957b,1,,bfloat16,decode,False,256,"[16384, 256, 256, 1]",4096,tp4,uniform,56,262144,1,4096,28,1,6,56,64,1.0,0.0,0.0,0.0,0.0,3585,3.11.10,1.0,"[1536, 256, 1]",correctness,32,"[4096, 4096, 4096, 4096, 4096, 4096, 4096, 4096, 4096, 4096, 4096, 4096, 4096, 4096, 4096, 4096, 4096, 4096, 4096, 4096, 4096, 4096, 4096, 4096, 4096, 4096, 4096, 4096, 4096, 4096, 4096, 4096, 4096, 4096, 4096, 4096, 4096, 4096, 4096, 4096, 4096, 4096, 4096, 4096, 4096, 4096, 4096, 4096, 4096, 4096, 4096, 4096, 4096, 4096, 4096, 4096]","[1, 1, 1, 1, 1, 1, 1, 1, 1, 1, 1, 1, 1, 1, 1, 1, 1, 1, 1, 1, 1, 1, 1, 1, 1, 1, 1, 1, 1, 1, 1, 1, 1, 1, 1, 1, 1, 1, 1, 1, 1, 1, 1, 1, 1, 1, 1, 1, 1, 1, 1, 1, 1, 1, 1, 1]",1,20260829,float32,0.09119556747428784,PASS,,mirror,2.10.0.post4.dev20260715,2.10.0+cpu,3.2.0,full_mirror_m56_b56_kv4096_uniform,6146ca39720729ca417353fb999323d14d97f4a7
full,0.9999980926513672,0.0,0.00048828125,3.594202995300293,3.630095670814626e-05,0.0,"{'prefill': 'c4166cfe326127daf30bc629493d8b251d8be85f97cda2efa510eab6bc6d3a54', 'decode': 'c47f9bdcfb879eb73723521240a48a9bae99349d094a1fb82563535aabde82ec'}",True,1,6146ca39720729ca417353fb999323d14d97f4a7,"[64, 1]",64,native_NHD_then_page_head_token_dim_permute,0.9999980926513672,0.0,0.00048828125,3.594202995300293,3.630095670814626e-05,0.0,"{'prefill': 'c4166cfe326127daf30bc629493d8b251d8be85f97cda2efa510eab6bc6d3a54', 'decode': 'c47f9bdcfb879eb73723521240a48a9bae99349d094a1fb82563535aabde82ec'}",True,True,9.1.0,full_decode_m1_b1_kv4096_uniform_tp4_dp2,True,npu:5,5,Ascend950PR_957b,2,,bfloat16,decode,False,256,"[16384, 256, 256, 1]",4096,tp4_dp2,uniform,1,4096,1,4096,28,1,12,56,64,1.0,0.0,0.0,0.0,0.0,65,3.11.10,2.0,"[3072, 256, 1]",correctness,1,[4096],[1],1,20260829,float32,0.09119556747428784,PASS,,decode,2.10.0.post4.dev20260715,2.10.0+cpu,3.2.0,full_decode_m1_b1_kv4096_uniform,6146ca39720729ca417353fb999323d14d97f4a7
full,0.9999978542327881,0.0,0.0009765625,8.126720428466797,4.03959202230908e-05,0.0,"{'prefill': 'c4166cfe326127daf30bc629493d8b251d8be85f97cda2efa510eab6bc6d3a54', 'decode': 'c47f9bdcfb879eb73723521240a48a9bae99349d094a1fb82563535aabde82ec'}",True,4,6146ca39720729ca417353fb999323d14d97f4a7,"[64, 1]",64,native_NHD_then_page_head_token_dim_permute,0.9999978542327881,0.0,0.0009765625,8.126720428466797,4.03959202230908e-05,0.0,"{'prefill': 'c4166cfe326127daf30bc629493d8b251d8be85f97cda2efa510eab6bc6d3a54', 'decode': 'c47f9bdcfb879eb73723521240a48a9bae99349d094a1fb82563535aabde82ec'}",True,True,9.1.0,full_decode_m4_b4_kv4096_uniform_tp4_dp2,True,npu:5,5,Ascend950PR_957b,2,,bfloat16,decode,False,256,"[16384, 256, 256, 1]",4096,tp4_dp2,uniform,4,4096,1,4096,28,1,12,56,64,1.0,0.0,0.0,0.0,0.0,257,3.11.10,2.0,"[3072, 256, 1]",correctness,4,"[4096, 4096, 4096, 4096]","[1, 1, 1, 1]",1,20260829,float32,0.09119556747428784,PASS,,decode,2.10.0.post4.dev20260715,2.10.0+cpu,3.2.0,full_decode_m4_b4_kv4096_uniform,6146ca39720729ca417353fb999323d14d97f4a7
full,0.9999976754188538,0.0,0.0009765625,9.779487609863281,4.4270487705944106e-05,0.0,"{'prefill': 'c4166cfe326127daf30bc629493d8b251d8be85f97cda2efa510eab6bc6d3a54', 'decode': 'c47f9bdcfb879eb73723521240a48a9bae99349d094a1fb82563535aabde82ec'}",True,8,6146ca39720729ca417353fb999323d14d97f4a7,"[64, 1]",64,native_NHD_then_page_head_token_dim_permute,0.9999976754188538,0.0,0.0009765625,9.779487609863281,4.4270487705944106e-05,0.0,"{'prefill': 'c4166cfe326127daf30bc629493d8b251d8be85f97cda2efa510eab6bc6d3a54', 'decode': 'c47f9bdcfb879eb73723521240a48a9bae99349d094a1fb82563535aabde82ec'}",True,True,9.1.0,full_decode_m8_b8_kv4096_uniform_tp4_dp2,True,npu:5,5,Ascend950PR_957b,2,,bfloat16,decode,False,256,"[16384, 256, 256, 1]",4096,tp4_dp2,uniform,8,4096,1,4096,28,1,12,56,64,1.0,0.0,0.0,0.0,0.0,513,3.11.10,2.0,"[3072, 256, 1]",correctness,8,"[4096, 4096, 4096, 4096, 4096, 4096, 4096, 4096]","[1, 1, 1, 1, 1, 1, 1, 1]",1,20260829,float32,0.09119556747428784,PASS,,decode,2.10.0.post4.dev20260715,2.10.0+cpu,3.2.0,full_decode_m8_b8_kv4096_uniform,6146ca39720729ca417353fb999323d14d97f4a7
full,0.9999974370002747,0.0,0.001953125,19.76335906982422,4.7403220378328115e-05,0.0,"{'prefill': 'c4166cfe326127daf30bc629493d8b251d8be85f97cda2efa510eab6bc6d3a54', 'decode': 'c47f9bdcfb879eb73723521240a48a9bae99349d094a1fb82563535aabde82ec'}",True,16,6146ca39720729ca417353fb999323d14d97f4a7,"[64, 1]",64,native_NHD_then_page_head_token_dim_permute,0.9999974370002747,0.0,0.001953125,19.76335906982422,4.7403220378328115e-05,0.0,"{'prefill': 'c4166cfe326127daf30bc629493d8b251d8be85f97cda2efa510eab6bc6d3a54', 'decode': 'c47f9bdcfb879eb73723521240a48a9bae99349d094a1fb82563535aabde82ec'}",True,True,9.1.0,full_decode_m16_b16_kv4096_uniform_tp4_dp2,True,npu:5,5,Ascend950PR_957b,2,,bfloat16,decode,False,256,"[16384, 256, 256, 1]",4096,tp4_dp2,uniform,16,4096,1,4096,28,1,12,56,64,1.0,0.0,0.0,0.0,0.0,1025,3.11.10,2.0,"[3072, 256, 1]",correctness,16,"[4096, 4096, 4096, 4096, 4096, 4096, 4096, 4096, 4096, 4096, 4096, 4096, 4096, 4096, 4096, 4096]","[1, 1, 1, 1, 1, 1, 1, 1, 1, 1, 1, 1, 1, 1, 1, 1]",1,20260829,float32,0.09119556747428784,PASS,,decode,2.10.0.post4.dev20260715,2.10.0+cpu,3.2.0,full_decode_m16_b16_kv4096_uniform,6146ca39720729ca417353fb999323d14d97f4a7
full,0.9999974370002747,0.0,0.0009765625,200.09278869628906,4.772001921082847e-05,0.0,"{'prefill': 'c4166cfe326127daf30bc629493d8b251d8be85f97cda2efa510eab6bc6d3a54', 'decode': 'c47f9bdcfb879eb73723521240a48a9bae99349d094a1fb82563535aabde82ec'}",True,32,6146ca39720729ca417353fb999323d14d97f4a7,"[64, 1]",64,native_NHD_then_page_head_token_dim_permute,0.9999974370002747,0.0,0.0009765625,200.09278869628906,4.772001921082847e-05,0.0,"{'prefill': 'c4166cfe326127daf30bc629493d8b251d8be85f97cda2efa510eab6bc6d3a54', 'decode': 'c47f9bdcfb879eb73723521240a48a9bae99349d094a1fb82563535aabde82ec'}",True,True,9.1.0,full_decode_m32_b32_kv4096_uniform_tp4_dp2,True,npu:5,5,Ascend950PR_957b,2,,bfloat16,decode,False,256,"[16384, 256, 256, 1]",4096,tp4_dp2,uniform,32,4096,1,4096,28,1,12,56,64,1.0,0.0,0.0,0.0,0.0,2049,3.11.10,2.0,"[3072, 256, 1]",correctness,32,"[4096, 4096, 4096, 4096, 4096, 4096, 4096, 4096, 4096, 4096, 4096, 4096, 4096, 4096, 4096, 4096, 4096, 4096, 4096, 4096, 4096, 4096, 4096, 4096, 4096, 4096, 4096, 4096, 4096, 4096, 4096, 4096]","[1, 1, 1, 1, 1, 1, 1, 1, 1, 1, 1, 1, 1, 1, 1, 1, 1, 1, 1, 1, 1, 1, 1, 1, 1, 1, 1, 1, 1, 1, 1, 1]",1,20260829,float32,0.09119556747428784,PASS,,decode,2.10.0.post4.dev20260715,2.10.0+cpu,3.2.0,full_decode_m32_b32_kv4096_uniform,6146ca39720729ca417353fb999323d14d97f4a7
full,0.999997615814209,0.0,0.001953125,43.66666793823242,4.818748129764572e-05,0.0,"{'prefill': 'c4166cfe326127daf30bc629493d8b251d8be85f97cda2efa510eab6bc6d3a54', 'decode': 'c47f9bdcfb879eb73723521240a48a9bae99349d094a1fb82563535aabde82ec'}",True,40,6146ca39720729ca417353fb999323d14d97f4a7,"[64, 1]",64,native_NHD_then_page_head_token_dim_permute,0.999997615814209,0.0,0.001953125,43.66666793823242,4.818748129764572e-05,0.0,"{'prefill': 'c4166cfe326127daf30bc629493d8b251d8be85f97cda2efa510eab6bc6d3a54', 'decode': 'c47f9bdcfb879eb73723521240a48a9bae99349d094a1fb82563535aabde82ec'}",True,True,9.1.0,full_decode_m40_b40_kv4096_uniform_tp4_dp2,True,npu:5,5,Ascend950PR_957b,2,,bfloat16,decode,False,256,"[16384, 256, 256, 1]",4096,tp4_dp2,uniform,40,4096,1,4096,28,1,12,56,64,1.0000001192092896,0.0,0.0,0.0,0.0,2561,3.11.10,2.0,"[3072, 256, 1]",correctness,32,"[4096, 4096, 4096, 4096, 4096, 4096, 4096, 4096, 4096, 4096, 4096, 4096, 4096, 4096, 4096, 4096, 4096, 4096, 4096, 4096, 4096, 4096, 4096, 4096, 4096, 4096, 4096, 4096, 4096, 4096, 4096, 4096, 4096, 4096, 4096, 4096, 4096, 4096, 4096, 4096]","[1, 1, 1, 1, 1, 1, 1, 1, 1, 1, 1, 1, 1, 1, 1, 1, 1, 1, 1, 1, 1, 1, 1, 1, 1, 1, 1, 1, 1, 1, 1, 1, 1, 1, 1, 1, 1, 1, 1, 1]",1,20260829,float32,0.09119556747428784,PASS,,decode,2.10.0.post4.dev20260715,2.10.0+cpu,3.2.0,full_decode_m40_b40_kv4096_uniform,6146ca39720729ca417353fb999323d14d97f4a7
full,0.9999974370002747,0.0,0.0009765625,97.25988006591797,4.7764591727172956e-05,0.0,"{'prefill': 'c4166cfe326127daf30bc629493d8b251d8be85f97cda2efa510eab6bc6d3a54', 'decode': 'c47f9bdcfb879eb73723521240a48a9bae99349d094a1fb82563535aabde82ec'}",True,56,6146ca39720729ca417353fb999323d14d97f4a7,"[64, 1]",64,native_NHD_then_page_head_token_dim_permute,0.9999974370002747,0.0,0.0009765625,97.25988006591797,4.7764591727172956e-05,0.0,"{'prefill': 'c4166cfe326127daf30bc629493d8b251d8be85f97cda2efa510eab6bc6d3a54', 'decode': 'c47f9bdcfb879eb73723521240a48a9bae99349d094a1fb82563535aabde82ec'}",True,True,9.1.0,full_decode_m56_b56_kv4096_uniform_tp4_dp2,True,npu:5,5,Ascend950PR_957b,2,,bfloat16,decode,False,256,"[16384, 256, 256, 1]",4096,tp4_dp2,uniform,56,4096,1,4096,28,1,12,56,64,1.0,0.0,0.0,0.0,0.0,3585,3.11.10,2.0,"[3072, 256, 1]",correctness,32,"[4096, 4096, 4096, 4096, 4096, 4096, 4096, 4096, 4096, 4096, 4096, 4096, 4096, 4096, 4096, 4096, 4096, 4096, 4096, 4096, 4096, 4096, 4096, 4096, 4096, 4096, 4096, 4096, 4096, 4096, 4096, 4096, 4096, 4096, 4096, 4096, 4096, 4096, 4096, 4096, 4096, 4096, 4096, 4096, 4096, 4096, 4096, 4096, 4096, 4096, 4096, 4096, 4096, 4096, 4096, 4096]","[1, 1, 1, 1, 1, 1, 1, 1, 1, 1, 1, 1, 1, 1, 1, 1, 1, 1, 1, 1, 1, 1, 1, 1, 1, 1, 1, 1, 1, 1, 1, 1, 1, 1, 1, 1, 1, 1, 1, 1, 1, 1, 1, 1, 1, 1, 1, 1, 1, 1, 1, 1, 1, 1, 1, 1]",1,20260829,float32,0.09119556747428784,PASS,,decode,2.10.0.post4.dev20260715,2.10.0+cpu,3.2.0,full_decode_m56_b56_kv4096_uniform,6146ca39720729ca417353fb999323d14d97f4a7
full,0.9999979734420776,0.0,0.0009765625,4.88732385635376,3.7465400964720175e-05,0.0,"{'prefill': 'c4166cfe326127daf30bc629493d8b251d8be85f97cda2efa510eab6bc6d3a54', 'decode': 'c47f9bdcfb879eb73723521240a48a9bae99349d094a1fb82563535aabde82ec'}",True,1,6146ca39720729ca417353fb999323d14d97f4a7,"[64, 1]",64,native_NHD_then_page_head_token_dim_permute,0.9999979734420776,0.0,0.0009765625,4.88732385635376,3.7465400964720175e-05,0.0,"{'prefill': 'c4166cfe326127daf30bc629493d8b251d8be85f97cda2efa510eab6bc6d3a54', 'decode': 'c47f9bdcfb879eb73723521240a48a9bae99349d094a1fb82563535aabde82ec'}",True,True,9.1.0,full_mirror_m1_b1_kv4096_uniform_tp4_dp2,True,npu:5,5,Ascend950PR_957b,2,,bfloat16,decode,False,256,"[16384, 256, 256, 1]",4096,tp4_dp2,uniform,1,262144,1,4096,28,1,12,56,64,1.0,0.0,0.0,0.0,0.0,65,3.11.10,2.0,"[3072, 256, 1]",correctness,1,[4096],[1],1,20260829,float32,0.09119556747428784,PASS,,mirror,2.10.0.post4.dev20260715,2.10.0+cpu,3.2.0,full_mirror_m1_b1_kv4096_uniform,6146ca39720729ca417353fb999323d14d97f4a7
full,0.9999977350234985,0.0,0.0009765625,9.903703689575195,4.004060974693857e-05,0.0,"{'prefill': 'c4166cfe326127daf30bc629493d8b251d8be85f97cda2efa510eab6bc6d3a54', 'decode': 'c47f9bdcfb879eb73723521240a48a9bae99349d094a1fb82563535aabde82ec'}",True,4,6146ca39720729ca417353fb999323d14d97f4a7,"[64, 1]",64,native_NHD_then_page_head_token_dim_permute,0.9999977350234985,0.0,0.0009765625,9.903703689575195,4.004060974693857e-05,0.0,"{'prefill': 'c4166cfe326127daf30bc629493d8b251d8be85f97cda2efa510eab6bc6d3a54', 'decode': 'c47f9bdcfb879eb73723521240a48a9bae99349d094a1fb82563535aabde82ec'}",True,True,9.1.0,full_mirror_m4_b4_kv4096_uniform_tp4_dp2,True,npu:5,5,Ascend950PR_957b,2,,bfloat16,decode,False,256,"[16384, 256, 256, 1]",4096,tp4_dp2,uniform,4,262144,1,4096,28,1,12,56,64,1.0,0.0,0.0,0.0,0.0,257,3.11.10,2.0,"[3072, 256, 1]",correctness,4,"[4096, 4096, 4096, 4096]","[1, 1, 1, 1]",1,20260829,float32,0.09119556747428784,PASS,,mirror,2.10.0.post4.dev20260715,2.10.0+cpu,3.2.0,full_mirror_m4_b4_kv4096_uniform,6146ca39720729ca417353fb999323d14d97f4a7
full,0.9999980330467224,0.0,0.0009765625,24.534391403198242,4.281740257283673e-05,0.0,"{'prefill': 'c4166cfe326127daf30bc629493d8b251d8be85f97cda2efa510eab6bc6d3a54', 'decode': 'c47f9bdcfb879eb73723521240a48a9bae99349d094a1fb82563535aabde82ec'}",True,8,6146ca39720729ca417353fb999323d14d97f4a7,"[64, 1]",64,native_NHD_then_page_head_token_dim_permute,0.9999980330467224,0.0,0.0009765625,24.534391403198242,4.281740257283673e-05,0.0,"{'prefill': 'c4166cfe326127daf30bc629493d8b251d8be85f97cda2efa510eab6bc6d3a54', 'decode': 'c47f9bdcfb879eb73723521240a48a9bae99349d094a1fb82563535aabde82ec'}",True,True,9.1.0,full_mirror_m8_b8_kv4096_uniform_tp4_dp2,True,npu:5,5,Ascend950PR_957b,2,,bfloat16,decode,False,256,"[16384, 256, 256, 1]",4096,tp4_dp2,uniform,8,262144,1,4096,28,1,12,56,64,1.0,0.0,0.0,0.0,0.0,513,3.11.10,2.0,"[3072, 256, 1]",correctness,8,"[4096, 4096, 4096, 4096, 4096, 4096, 4096, 4096]","[1, 1, 1, 1, 1, 1, 1, 1]",1,20260829,float32,0.09119556747428784,PASS,,mirror,2.10.0.post4.dev20260715,2.10.0+cpu,3.2.0,full_mirror_m8_b8_kv4096_uniform,6146ca39720729ca417353fb999323d14d97f4a7
full,0.9999977946281433,0.0,0.0009765625,30.16666603088379,4.6634842874482274e-05,0.0,"{'prefill': 'c4166cfe326127daf30bc629493d8b251d8be85f97cda2efa510eab6bc6d3a54', 'decode': 'c47f9bdcfb879eb73723521240a48a9bae99349d094a1fb82563535aabde82ec'}",True,16,6146ca39720729ca417353fb999323d14d97f4a7,"[64, 1]",64,native_NHD_then_page_head_token_dim_permute,0.9999977946281433,0.0,0.0009765625,30.16666603088379,4.6634842874482274e-05,0.0,"{'prefill': 'c4166cfe326127daf30bc629493d8b251d8be85f97cda2efa510eab6bc6d3a54', 'decode': 'c47f9bdcfb879eb73723521240a48a9bae99349d094a1fb82563535aabde82ec'}",True,True,9.1.0,full_mirror_m16_b16_kv4096_uniform_tp4_dp2,True,npu:5,5,Ascend950PR_957b,2,,bfloat16,decode,False,256,"[16384, 256, 256, 1]",4096,tp4_dp2,uniform,16,262144,1,4096,28,1,12,56,64,1.0,0.0,0.0,0.0,0.0,1025,3.11.10,2.0,"[3072, 256, 1]",correctness,16,"[4096, 4096, 4096, 4096, 4096, 4096, 4096, 4096, 4096, 4096, 4096, 4096, 4096, 4096, 4096, 4096]","[1, 1, 1, 1, 1, 1, 1, 1, 1, 1, 1, 1, 1, 1, 1, 1]",1,20260829,float32,0.09119556747428784,PASS,,mirror,2.10.0.post4.dev20260715,2.10.0+cpu,3.2.0,full_mirror_m16_b16_kv4096_uniform,6146ca39720729ca417353fb999323d14d97f4a7
full,0.9999974370002747,0.0,0.001953125,92.45425415039062,4.821708353119902e-05,0.0,"{'prefill': 'c4166cfe326127daf30bc629493d8b251d8be85f97cda2efa510eab6bc6d3a54', 'decode': 'c47f9bdcfb879eb73723521240a48a9bae99349d094a1fb82563535aabde82ec'}",True,32,6146ca39720729ca417353fb999323d14d97f4a7,"[64, 1]",64,native_NHD_then_page_head_token_dim_permute,0.9999974370002747,0.0,0.001953125,92.45425415039062,4.821708353119902e-05,0.0,"{'prefill': 'c4166cfe326127daf30bc629493d8b251d8be85f97cda2efa510eab6bc6d3a54', 'decode': 'c47f9bdcfb879eb73723521240a48a9bae99349d094a1fb82563535aabde82ec'}",True,True,9.1.0,full_mirror_m32_b32_kv4096_uniform_tp4_dp2,True,npu:5,5,Ascend950PR_957b,2,,bfloat16,decode,False,256,"[16384, 256, 256, 1]",4096,tp4_dp2,uniform,32,262144,1,4096,28,1,12,56,64,1.0,0.0,0.0,0.0,0.0,2049,3.11.10,2.0,"[3072, 256, 1]",correctness,32,"[4096, 4096, 4096, 4096, 4096, 4096, 4096, 4096, 4096, 4096, 4096, 4096, 4096, 4096, 4096, 4096, 4096, 4096, 4096, 4096, 4096, 4096, 4096, 4096, 4096, 4096, 4096, 4096, 4096, 4096, 4096, 4096]","[1, 1, 1, 1, 1, 1, 1, 1, 1, 1, 1, 1, 1, 1, 1, 1, 1, 1, 1, 1, 1, 1, 1, 1, 1, 1, 1, 1, 1, 1, 1, 1]",1,20260829,float32,0.09119556747428784,PASS,,mirror,2.10.0.post4.dev20260715,2.10.0+cpu,3.2.0,full_mirror_m32_b32_kv4096_uniform,6146ca39720729ca417353fb999323d14d97f4a7
full,0.9999973773956299,0.0,0.0009765625,50.127506256103516,4.8146041081054136e-05,0.0,"{'prefill': 'c4166cfe326127daf30bc629493d8b251d8be85f97cda2efa510eab6bc6d3a54', 'decode': 'c47f9bdcfb879eb73723521240a48a9bae99349d094a1fb82563535aabde82ec'}",True,40,6146ca39720729ca417353fb999323d14d97f4a7,"[64, 1]",64,native_NHD_then_page_head_token_dim_permute,0.9999973773956299,0.0,0.0009765625,50.127506256103516,4.8146041081054136e-05,0.0,"{'prefill': 'c4166cfe326127daf30bc629493d8b251d8be85f97cda2efa510eab6bc6d3a54', 'decode': 'c47f9bdcfb879eb73723521240a48a9bae99349d094a1fb82563535aabde82ec'}",True,True,9.1.0,full_mirror_m40_b40_kv4096_uniform_tp4_dp2,True,npu:5,5,Ascend950PR_957b,2,,bfloat16,decode,False,256,"[16384, 256, 256, 1]",4096,tp4_dp2,uniform,40,262144,1,4096,28,1,12,56,64,1.0,0.0,0.0,0.0,0.0,2561,3.11.10,2.0,"[3072, 256, 1]",correctness,32,"[4096, 4096, 4096, 4096, 4096, 4096, 4096, 4096, 4096, 4096, 4096, 4096, 4096, 4096, 4096, 4096, 4096, 4096, 4096, 4096, 4096, 4096, 4096, 4096, 4096, 4096, 4096, 4096, 4096, 4096, 4096, 4096, 4096, 4096, 4096, 4096, 4096, 4096, 4096, 4096]","[1, 1, 1, 1, 1, 1, 1, 1, 1, 1, 1, 1, 1, 1, 1, 1, 1, 1, 1, 1, 1, 1, 1, 1, 1, 1, 1, 1, 1, 1, 1, 1, 1, 1, 1, 1, 1, 1, 1, 1]",1,20260829,float32,0.09119556747428784,PASS,,mirror,2.10.0.post4.dev20260715,2.10.0+cpu,3.2.0,full_mirror_m40_b40_kv4096_uniform,6146ca39720729ca417353fb999323d14d97f4a7
full,0.9999973773956299,0.0,0.0009765625,78.12306213378906,4.810654718312435e-05,0.0,"{'prefill': 'c4166cfe326127daf30bc629493d8b251d8be85f97cda2efa510eab6bc6d3a54', 'decode': 'c47f9bdcfb879eb73723521240a48a9bae99349d094a1fb82563535aabde82ec'}",True,56,6146ca39720729ca417353fb999323d14d97f4a7,"[64, 1]",64,native_NHD_then_page_head_token_dim_permute,0.9999973773956299,0.0,0.0009765625,78.12306213378906,4.810654718312435e-05,0.0,"{'prefill': 'c4166cfe326127daf30bc629493d8b251d8be85f97cda2efa510eab6bc6d3a54', 'decode': 'c47f9bdcfb879eb73723521240a48a9bae99349d094a1fb82563535aabde82ec'}",True,True,9.1.0,full_mirror_m56_b56_kv4096_uniform_tp4_dp2,True,npu:5,5,Ascend950PR_957b,2,,bfloat16,decode,False,256,"[16384, 256, 256, 1]",4096,tp4_dp2,uniform,56,262144,1,4096,28,1,12,56,64,1.0,0.0,0.0,0.0,0.0,3585,3.11.10,2.0,"[3072, 256, 1]",correctness,32,"[4096, 4096, 4096, 4096, 4096, 4096, 4096, 4096, 4096, 4096, 4096, 4096, 4096, 4096, 4096, 4096, 4096, 4096, 4096, 4096, 4096, 4096, 4096, 4096, 4096, 4096, 4096, 4096, 4096, 4096, 4096, 4096, 4096, 4096, 4096, 4096, 4096, 4096, 4096, 4096, 4096, 4096, 4096, 4096, 4096, 4096, 4096, 4096, 4096, 4096, 4096, 4096, 4096, 4096, 4096, 4096]","[1, 1, 1, 1, 1, 1, 1, 1, 1, 1, 1, 1, 1, 1, 1, 1, 1, 1, 1, 1, 1, 1, 1, 1, 1, 1, 1, 1, 1, 1, 1, 1, 1, 1, 1, 1, 1, 1, 1, 1, 1, 1, 1, 1, 1, 1, 1, 1, 1, 1, 1, 1, 1, 1, 1, 1]",1,20260829,float32,0.09119556747428784,PASS,,mirror,2.10.0.post4.dev20260715,2.10.0+cpu,3.2.0,full_mirror_m56_b56_kv4096_uniform,6146ca39720729ca417353fb999323d14d97f4a7
full,0.9999980926513672,0.0,0.0009765625,1.2727272510528564,3.717104846145958e-05,0.0,"{'prefill': 'c4166cfe326127daf30bc629493d8b251d8be85f97cda2efa510eab6bc6d3a54', 'decode': 'c47f9bdcfb879eb73723521240a48a9bae99349d094a1fb82563535aabde82ec'}",True,1,6146ca39720729ca417353fb999323d14d97f4a7,"[64, 1]",64,native_NHD_then_page_head_token_dim_permute,0.9999980926513672,0.0,0.0009765625,1.2727272510528564,3.717104846145958e-05,0.0,"{'prefill': 'c4166cfe326127daf30bc629493d8b251d8be85f97cda2efa510eab6bc6d3a54', 'decode': 'c47f9bdcfb879eb73723521240a48a9bae99349d094a1fb82563535aabde82ec'}",True,True,9.1.0,full_decode_m1_b1_kv4096_uniform_tp4_dp4,True,npu:5,5,Ascend950PR_957b,4,,bfloat16,decode,False,256,"[32768, 256, 512, 1]",4096,tp4_dp4,uniform,1,4096,1,4096,28,2,24,56,64,0.9999998807907104,0.0,0.0,0.0,0.0,65,3.11.10,4.0,"[6144, 256, 1]",correctness,1,[4096],[1],1,20260829,float32,0.09119556747428784,PASS,,decode,2.10.0.post4.dev20260715,2.10.0+cpu,3.2.0,full_decode_m1_b1_kv4096_uniform,6146ca39720729ca417353fb999323d14d97f4a7
full,0.9999978542327881,0.0,0.0009765625,18.34831428527832,4.2782943637575954e-05,0.0,"{'prefill': 'c4166cfe326127daf30bc629493d8b251d8be85f97cda2efa510eab6bc6d3a54', 'decode': 'c47f9bdcfb879eb73723521240a48a9bae99349d094a1fb82563535aabde82ec'}",True,4,6146ca39720729ca417353fb999323d14d97f4a7,"[64, 1]",64,native_NHD_then_page_head_token_dim_permute,0.9999978542327881,0.0,0.0009765625,18.34831428527832,4.2782943637575954e-05,0.0,"{'prefill': 'c4166cfe326127daf30bc629493d8b251d8be85f97cda2efa510eab6bc6d3a54', 'decode': 'c47f9bdcfb879eb73723521240a48a9bae99349d094a1fb82563535aabde82ec'}",True,True,9.1.0,full_decode_m4_b4_kv4096_uniform_tp4_dp4,True,npu:5,5,Ascend950PR_957b,4,,bfloat16,decode,False,256,"[32768, 256, 512, 1]",4096,tp4_dp4,uniform,4,4096,1,4096,28,2,24,56,64,1.0,0.0,0.0,0.0,0.0,257,3.11.10,4.0,"[6144, 256, 1]",correctness,4,"[4096, 4096, 4096, 4096]","[1, 1, 1, 1]",1,20260829,float32,0.09119556747428784,PASS,,decode,2.10.0.post4.dev20260715,2.10.0+cpu,3.2.0,full_decode_m4_b4_kv4096_uniform,6146ca39720729ca417353fb999323d14d97f4a7
full,0.9999974966049194,0.0,0.0009765625,102.1474609375,4.810614336747676e-05,0.0,"{'prefill': 'c4166cfe326127daf30bc629493d8b251d8be85f97cda2efa510eab6bc6d3a54', 'decode': 'c47f9bdcfb879eb73723521240a48a9bae99349d094a1fb82563535aabde82ec'}",True,8,6146ca39720729ca417353fb999323d14d97f4a7,"[64, 1]",64,native_NHD_then_page_head_token_dim_permute,0.9999974966049194,0.0,0.0009765625,102.1474609375,4.810614336747676e-05,0.0,"{'prefill': 'c4166cfe326127daf30bc629493d8b251d8be85f97cda2efa510eab6bc6d3a54', 'decode': 'c47f9bdcfb879eb73723521240a48a9bae99349d094a1fb82563535aabde82ec'}",True,True,9.1.0,full_decode_m8_b8_kv4096_uniform_tp4_dp4,True,npu:5,5,Ascend950PR_957b,4,,bfloat16,decode,False,256,"[32768, 256, 512, 1]",4096,tp4_dp4,uniform,8,4096,1,4096,28,2,24,56,64,1.0,0.0,0.0,0.0,0.0,513,3.11.10,4.0,"[6144, 256, 1]",correctness,8,"[4096, 4096, 4096, 4096, 4096, 4096, 4096, 4096]","[1, 1, 1, 1, 1, 1, 1, 1]",1,20260829,float32,0.09119556747428784,PASS,,decode,2.10.0.post4.dev20260715,2.10.0+cpu,3.2.0,full_decode_m8_b8_kv4096_uniform,6146ca39720729ca417353fb999323d14d97f4a7
full,0.9999975562095642,0.0,0.001953125,28.878450393676758,4.7058110794750974e-05,0.0,"{'prefill': 'c4166cfe326127daf30bc629493d8b251d8be85f97cda2efa510eab6bc6d3a54', 'decode': 'c47f9bdcfb879eb73723521240a48a9bae99349d094a1fb82563535aabde82ec'}",True,16,6146ca39720729ca417353fb999323d14d97f4a7,"[64, 1]",64,native_NHD_then_page_head_token_dim_permute,0.9999975562095642,0.0,0.001953125,28.878450393676758,4.7058110794750974e-05,0.0,"{'prefill': 'c4166cfe326127daf30bc629493d8b251d8be85f97cda2efa510eab6bc6d3a54', 'decode': 'c47f9bdcfb879eb73723521240a48a9bae99349d094a1fb82563535aabde82ec'}",True,True,9.1.0,full_decode_m16_b16_kv4096_uniform_tp4_dp4,True,npu:5,5,Ascend950PR_957b,4,,bfloat16,decode,False,256,"[32768, 256, 512, 1]",4096,tp4_dp4,uniform,16,4096,1,4096,28,2,24,56,64,0.9999998807907104,0.0,0.0,0.0,0.0,1025,3.11.10,4.0,"[6144, 256, 1]",correctness,16,"[4096, 4096, 4096, 4096, 4096, 4096, 4096, 4096, 4096, 4096, 4096, 4096, 4096, 4096, 4096, 4096]","[1, 1, 1, 1, 1, 1, 1, 1, 1, 1, 1, 1, 1, 1, 1, 1]",1,20260829,float32,0.09119556747428784,PASS,,decode,2.10.0.post4.dev20260715,2.10.0+cpu,3.2.0,full_decode_m16_b16_kv4096_uniform,6146ca39720729ca417353fb999323d14d97f4a7
full,0.9999974966049194,0.0,0.0009765625,91.98114013671875,4.728340354631655e-05,0.0,"{'prefill': 'c4166cfe326127daf30bc629493d8b251d8be85f97cda2efa510eab6bc6d3a54', 'decode': 'c47f9bdcfb879eb73723521240a48a9bae99349d094a1fb82563535aabde82ec'}",True,32,6146ca39720729ca417353fb999323d14d97f4a7,"[64, 1]",64,native_NHD_then_page_head_token_dim_permute,0.9999974966049194,0.0,0.0009765625,91.98114013671875,4.728340354631655e-05,0.0,"{'prefill': 'c4166cfe326127daf30bc629493d8b251d8be85f97cda2efa510eab6bc6d3a54', 'decode': 'c47f9bdcfb879eb73723521240a48a9bae99349d094a1fb82563535aabde82ec'}",True,True,9.1.0,full_decode_m32_b32_kv4096_uniform_tp4_dp4,True,npu:5,5,Ascend950PR_957b,4,,bfloat16,decode,False,256,"[32768, 256, 512, 1]",4096,tp4_dp4,uniform,32,4096,1,4096,28,2,24,56,64,0.9999999403953552,0.0,0.0,0.0,0.0,2049,3.11.10,4.0,"[6144, 256, 1]",correctness,32,"[4096, 4096, 4096, 4096, 4096, 4096, 4096, 4096, 4096, 4096, 4096, 4096, 4096, 4096, 4096, 4096, 4096, 4096, 4096, 4096, 4096, 4096, 4096, 4096, 4096, 4096, 4096, 4096, 4096, 4096, 4096, 4096]","[1, 1, 1, 1, 1, 1, 1, 1, 1, 1, 1, 1, 1, 1, 1, 1, 1, 1, 1, 1, 1, 1, 1, 1, 1, 1, 1, 1, 1, 1, 1, 1]",1,20260829,float32,0.09119556747428784,PASS,,decode,2.10.0.post4.dev20260715,2.10.0+cpu,3.2.0,full_decode_m32_b32_kv4096_uniform,6146ca39720729ca417353fb999323d14d97f4a7
full,0.9999973773956299,0.0,0.0009765625,66.38129425048828,4.7567009460181e-05,0.0,"{'prefill': 'c4166cfe326127daf30bc629493d8b251d8be85f97cda2efa510eab6bc6d3a54', 'decode': 'c47f9bdcfb879eb73723521240a48a9bae99349d094a1fb82563535aabde82ec'}",True,40,6146ca39720729ca417353fb999323d14d97f4a7,"[64, 1]",64,native_NHD_then_page_head_token_dim_permute,0.9999973773956299,0.0,0.0009765625,66.38129425048828,4.7567009460181e-05,0.0,"{'prefill': 'c4166cfe326127daf30bc629493d8b251d8be85f97cda2efa510eab6bc6d3a54', 'decode': 'c47f9bdcfb879eb73723521240a48a9bae99349d094a1fb82563535aabde82ec'}",True,True,9.1.0,full_decode_m40_b40_kv4096_uniform_tp4_dp4,True,npu:5,5,Ascend950PR_957b,4,,bfloat16,decode,False,256,"[32768, 256, 512, 1]",4096,tp4_dp4,uniform,40,4096,1,4096,28,2,24,56,64,1.0000001192092896,0.0,0.0,0.0,0.0,2561,3.11.10,4.0,"[6144, 256, 1]",correctness,32,"[4096, 4096, 4096, 4096, 4096, 4096, 4096, 4096, 4096, 4096, 4096, 4096, 4096, 4096, 4096, 4096, 4096, 4096, 4096, 4096, 4096, 4096, 4096, 4096, 4096, 4096, 4096, 4096, 4096, 4096, 4096, 4096, 4096, 4096, 4096, 4096, 4096, 4096, 4096, 4096]","[1, 1, 1, 1, 1, 1, 1, 1, 1, 1, 1, 1, 1, 1, 1, 1, 1, 1, 1, 1, 1, 1, 1, 1, 1, 1, 1, 1, 1, 1, 1, 1, 1, 1, 1, 1, 1, 1, 1, 1]",1,20260829,float32,0.09119556747428784,PASS,,decode,2.10.0.post4.dev20260715,2.10.0+cpu,3.2.0,full_decode_m40_b40_kv4096_uniform,6146ca39720729ca417353fb999323d14d97f4a7
full,0.9999974370002747,0.0,0.0009765625,102.68000030517578,4.732620436698198e-05,0.0,"{'prefill': 'c4166cfe326127daf30bc629493d8b251d8be85f97cda2efa510eab6bc6d3a54', 'decode': 'c47f9bdcfb879eb73723521240a48a9bae99349d094a1fb82563535aabde82ec'}",True,56,6146ca39720729ca417353fb999323d14d97f4a7,"[64, 1]",64,native_NHD_then_page_head_token_dim_permute,0.9999974370002747,0.0,0.0009765625,102.68000030517578,4.732620436698198e-05,0.0,"{'prefill': 'c4166cfe326127daf30bc629493d8b251d8be85f97cda2efa510eab6bc6d3a54', 'decode': 'c47f9bdcfb879eb73723521240a48a9bae99349d094a1fb82563535aabde82ec'}",True,True,9.1.0,full_decode_m56_b56_kv4096_uniform_tp4_dp4,True,npu:5,5,Ascend950PR_957b,4,,bfloat16,decode,False,256,"[32768, 256, 512, 1]",4096,tp4_dp4,uniform,56,4096,1,4096,28,2,24,56,64,1.0,0.0,0.0,0.0,0.0,3585,3.11.10,4.0,"[6144, 256, 1]",correctness,32,"[4096, 4096, 4096, 4096, 4096, 4096, 4096, 4096, 4096, 4096, 4096, 4096, 4096, 4096, 4096, 4096, 4096, 4096, 4096, 4096, 4096, 4096, 4096, 4096, 4096, 4096, 4096, 4096, 4096, 4096, 4096, 4096, 4096, 4096, 4096, 4096, 4096, 4096, 4096, 4096, 4096, 4096, 4096, 4096, 4096, 4096, 4096, 4096, 4096, 4096, 4096, 4096, 4096, 4096, 4096, 4096]","[1, 1, 1, 1, 1, 1, 1, 1, 1, 1, 1, 1, 1, 1, 1, 1, 1, 1, 1, 1, 1, 1, 1, 1, 1, 1, 1, 1, 1, 1, 1, 1, 1, 1, 1, 1, 1, 1, 1, 1, 1, 1, 1, 1, 1, 1, 1, 1, 1, 1, 1, 1, 1, 1, 1, 1]",1,20260829,float32,0.09119556747428784,PASS,,decode,2.10.0.post4.dev20260715,2.10.0+cpu,3.2.0,full_decode_m56_b56_kv4096_uniform,6146ca39720729ca417353fb999323d14d97f4a7
full,0.9999979734420776,0.0,0.0009765625,2.8473281860351562,4.023364090244286e-05,0.0,"{'prefill': 'c4166cfe326127daf30bc629493d8b251d8be85f97cda2efa510eab6bc6d3a54', 'decode': 'c47f9bdcfb879eb73723521240a48a9bae99349d094a1fb82563535aabde82ec'}",True,1,6146ca39720729ca417353fb999323d14d97f4a7,"[64, 1]",64,native_NHD_then_page_head_token_dim_permute,0.9999979734420776,0.0,0.0009765625,2.8473281860351562,4.023364090244286e-05,0.0,"{'prefill': 'c4166cfe326127daf30bc629493d8b251d8be85f97cda2efa510eab6bc6d3a54', 'decode': 'c47f9bdcfb879eb73723521240a48a9bae99349d094a1fb82563535aabde82ec'}",True,True,9.1.0,full_mirror_m1_b1_kv4096_uniform_tp4_dp4,True,npu:5,5,Ascend950PR_957b,4,,bfloat16,decode,False,256,"[32768, 256, 512, 1]",4096,tp4_dp4,uniform,1,262144,1,4096,28,2,24,56,64,1.0,0.0,0.0,0.0,0.0,65,3.11.10,4.0,"[6144, 256, 1]",correctness,1,[4096],[1],1,20260829,float32,0.09119556747428784,PASS,,mirror,2.10.0.post4.dev20260715,2.10.0+cpu,3.2.0,full_mirror_m1_b1_kv4096_uniform,6146ca39720729ca417353fb999323d14d97f4a7
full,0.9999976754188538,0.0,0.0009765625,4.25,4.3208110582781956e-05,0.0,"{'prefill': 'c4166cfe326127daf30bc629493d8b251d8be85f97cda2efa510eab6bc6d3a54', 'decode': 'c47f9bdcfb879eb73723521240a48a9bae99349d094a1fb82563535aabde82ec'}",True,4,6146ca39720729ca417353fb999323d14d97f4a7,"[64, 1]",64,native_NHD_then_page_head_token_dim_permute,0.9999976754188538,0.0,0.0009765625,4.25,4.3208110582781956e-05,0.0,"{'prefill': 'c4166cfe326127daf30bc629493d8b251d8be85f97cda2efa510eab6bc6d3a54', 'decode': 'c47f9bdcfb879eb73723521240a48a9bae99349d094a1fb82563535aabde82ec'}",True,True,9.1.0,full_mirror_m4_b4_kv4096_uniform_tp4_dp4,True,npu:5,5,Ascend950PR_957b,4,,bfloat16,decode,False,256,"[32768, 256, 512, 1]",4096,tp4_dp4,uniform,4,262144,1,4096,28,2,24,56,64,1.0000001192092896,0.0,0.0,0.0,0.0,257,3.11.10,4.0,"[6144, 256, 1]",correctness,4,"[4096, 4096, 4096, 4096]","[1, 1, 1, 1]",1,20260829,float32,0.09119556747428784,PASS,,mirror,2.10.0.post4.dev20260715,2.10.0+cpu,3.2.0,full_mirror_m4_b4_kv4096_uniform,6146ca39720729ca417353fb999323d14d97f4a7
full,0.9999972581863403,0.0,0.0009765625,28.046024322509766,4.80967246403452e-05,0.0,"{'prefill': 'c4166cfe326127daf30bc629493d8b251d8be85f97cda2efa510eab6bc6d3a54', 'decode': 'c47f9bdcfb879eb73723521240a48a9bae99349d094a1fb82563535aabde82ec'}",True,8,6146ca39720729ca417353fb999323d14d97f4a7,"[64, 1]",64,native_NHD_then_page_head_token_dim_permute,0.9999972581863403,0.0,0.0009765625,28.046024322509766,4.80967246403452e-05,0.0,"{'prefill': 'c4166cfe326127daf30bc629493d8b251d8be85f97cda2efa510eab6bc6d3a54', 'decode': 'c47f9bdcfb879eb73723521240a48a9bae99349d094a1fb82563535aabde82ec'}",True,True,9.1.0,full_mirror_m8_b8_kv4096_uniform_tp4_dp4,True,npu:5,5,Ascend950PR_957b,4,,bfloat16,decode,False,256,"[32768, 256, 512, 1]",4096,tp4_dp4,uniform,8,262144,1,4096,28,2,24,56,64,1.0,0.0,0.0,0.0,0.0,513,3.11.10,4.0,"[6144, 256, 1]",correctness,8,"[4096, 4096, 4096, 4096, 4096, 4096, 4096, 4096]","[1, 1, 1, 1, 1, 1, 1, 1]",1,20260829,float32,0.09119556747428784,PASS,,mirror,2.10.0.post4.dev20260715,2.10.0+cpu,3.2.0,full_mirror_m8_b8_kv4096_uniform,6146ca39720729ca417353fb999323d14d97f4a7
full,0.9999974370002747,0.0,0.001953125,94.43983459472656,4.791774699697271e-05,0.0,"{'prefill': 'c4166cfe326127daf30bc629493d8b251d8be85f97cda2efa510eab6bc6d3a54', 'decode': 'c47f9bdcfb879eb73723521240a48a9bae99349d094a1fb82563535aabde82ec'}",True,16,6146ca39720729ca417353fb999323d14d97f4a7,"[64, 1]",64,native_NHD_then_page_head_token_dim_permute,0.9999974370002747,0.0,0.001953125,94.43983459472656,4.791774699697271e-05,0.0,"{'prefill': 'c4166cfe326127daf30bc629493d8b251d8be85f97cda2efa510eab6bc6d3a54', 'decode': 'c47f9bdcfb879eb73723521240a48a9bae99349d094a1fb82563535aabde82ec'}",True,True,9.1.0,full_mirror_m16_b16_kv4096_uniform_tp4_dp4,True,npu:5,5,Ascend950PR_957b,4,,bfloat16,decode,False,256,"[32768, 256, 512, 1]",4096,tp4_dp4,uniform,16,262144,1,4096,28,2,24,56,64,1.0,0.0,0.0,0.0,0.0,1025,3.11.10,4.0,"[6144, 256, 1]",correctness,16,"[4096, 4096, 4096, 4096, 4096, 4096, 4096, 4096, 4096, 4096, 4096, 4096, 4096, 4096, 4096, 4096]","[1, 1, 1, 1, 1, 1, 1, 1, 1, 1, 1, 1, 1, 1, 1, 1]",1,20260829,float32,0.09119556747428784,PASS,,mirror,2.10.0.post4.dev20260715,2.10.0+cpu,3.2.0,full_mirror_m16_b16_kv4096_uniform,6146ca39720729ca417353fb999323d14d97f4a7
full,0.9999974966049194,0.0,0.001953125,159.87828063964844,4.745003752759658e-05,0.0,"{'prefill': 'c4166cfe326127daf30bc629493d8b251d8be85f97cda2efa510eab6bc6d3a54', 'decode': 'c47f9bdcfb879eb73723521240a48a9bae99349d094a1fb82563535aabde82ec'}",True,32,6146ca39720729ca417353fb999323d14d97f4a7,"[64, 1]",64,native_NHD_then_page_head_token_dim_permute,0.9999974966049194,0.0,0.001953125,159.87828063964844,4.745003752759658e-05,0.0,"{'prefill': 'c4166cfe326127daf30bc629493d8b251d8be85f97cda2efa510eab6bc6d3a54', 'decode': 'c47f9bdcfb879eb73723521240a48a9bae99349d094a1fb82563535aabde82ec'}",True,True,9.1.0,full_mirror_m32_b32_kv4096_uniform_tp4_dp4,True,npu:5,5,Ascend950PR_957b,4,,bfloat16,decode,False,256,"[32768, 256, 512, 1]",4096,tp4_dp4,uniform,32,262144,1,4096,28,2,24,56,64,0.9999998807907104,0.0,0.0,0.0,0.0,2049,3.11.10,4.0,"[6144, 256, 1]",correctness,32,"[4096, 4096, 4096, 4096, 4096, 4096, 4096, 4096, 4096, 4096, 4096, 4096, 4096, 4096, 4096, 4096, 4096, 4096, 4096, 4096, 4096, 4096, 4096, 4096, 4096, 4096, 4096, 4096, 4096, 4096, 4096, 4096]","[1, 1, 1, 1, 1, 1, 1, 1, 1, 1, 1, 1, 1, 1, 1, 1, 1, 1, 1, 1, 1, 1, 1, 1, 1, 1, 1, 1, 1, 1, 1, 1]",1,20260829,float32,0.09119556747428784,PASS,,mirror,2.10.0.post4.dev20260715,2.10.0+cpu,3.2.0,full_mirror_m32_b32_kv4096_uniform,6146ca39720729ca417353fb999323d14d97f4a7
full,0.9999975562095642,0.0,0.001953125,150.4765167236328,4.761687887366861e-05,0.0,"{'prefill': 'c4166cfe326127daf30bc629493d8b251d8be85f97cda2efa510eab6bc6d3a54', 'decode': 'c47f9bdcfb879eb73723521240a48a9bae99349d094a1fb82563535aabde82ec'}",True,40,6146ca39720729ca417353fb999323d14d97f4a7,"[64, 1]",64,native_NHD_then_page_head_token_dim_permute,0.9999975562095642,0.0,0.001953125,150.4765167236328,4.761687887366861e-05,0.0,"{'prefill': 'c4166cfe326127daf30bc629493d8b251d8be85f97cda2efa510eab6bc6d3a54', 'decode': 'c47f9bdcfb879eb73723521240a48a9bae99349d094a1fb82563535aabde82ec'}",True,True,9.1.0,full_mirror_m40_b40_kv4096_uniform_tp4_dp4,True,npu:5,5,Ascend950PR_957b,4,,bfloat16,decode,False,256,"[32768, 256, 512, 1]",4096,tp4_dp4,uniform,40,262144,1,4096,28,2,24,56,64,1.0,0.0,0.0,0.0,0.0,2561,3.11.10,4.0,"[6144, 256, 1]",correctness,32,"[4096, 4096, 4096, 4096, 4096, 4096, 4096, 4096, 4096, 4096, 4096, 4096, 4096, 4096, 4096, 4096, 4096, 4096, 4096, 4096, 4096, 4096, 4096, 4096, 4096, 4096, 4096, 4096, 4096, 4096, 4096, 4096, 4096, 4096, 4096, 4096, 4096, 4096, 4096, 4096]","[1, 1, 1, 1, 1, 1, 1, 1, 1, 1, 1, 1, 1, 1, 1, 1, 1, 1, 1, 1, 1, 1, 1, 1, 1, 1, 1, 1, 1, 1, 1, 1, 1, 1, 1, 1, 1, 1, 1, 1]",1,20260829,float32,0.09119556747428784,PASS,,mirror,2.10.0.post4.dev20260715,2.10.0+cpu,3.2.0,full_mirror_m40_b40_kv4096_uniform,6146ca39720729ca417353fb999323d14d97f4a7
full,0.9999974370002747,0.0,0.0009765625,75.09812927246094,4.769404768012464e-05,0.0,"{'prefill': 'c4166cfe326127daf30bc629493d8b251d8be85f97cda2efa510eab6bc6d3a54', 'decode': 'c47f9bdcfb879eb73723521240a48a9bae99349d094a1fb82563535aabde82ec'}",True,56,6146ca39720729ca417353fb999323d14d97f4a7,"[64, 1]",64,native_NHD_then_page_head_token_dim_permute,0.9999974370002747,0.0,0.0009765625,75.09812927246094,4.769404768012464e-05,0.0,"{'prefill': 'c4166cfe326127daf30bc629493d8b251d8be85f97cda2efa510eab6bc6d3a54', 'decode': 'c47f9bdcfb879eb73723521240a48a9bae99349d094a1fb82563535aabde82ec'}",True,True,9.1.0,full_mirror_m56_b56_kv4096_uniform_tp4_dp4,True,npu:5,5,Ascend950PR_957b,4,,bfloat16,decode,False,256,"[32768, 256, 512, 1]",4096,tp4_dp4,uniform,56,262144,1,4096,28,2,24,56,64,0.9999999403953552,0.0,0.0,0.0,0.0,3585,3.11.10,4.0,"[6144, 256, 1]",correctness,32,"[4096, 4096, 4096, 4096, 4096, 4096, 4096, 4096, 4096, 4096, 4096, 4096, 4096, 4096, 4096, 4096, 4096, 4096, 4096, 4096, 4096, 4096, 4096, 4096, 4096, 4096, 4096, 4096, 4096, 4096, 4096, 4096, 4096, 4096, 4096, 4096, 4096, 4096, 4096, 4096, 4096, 4096, 4096, 4096, 4096, 4096, 4096, 4096, 4096, 4096, 4096, 4096, 4096, 4096, 4096, 4096]","[1, 1, 1, 1, 1, 1, 1, 1, 1, 1, 1, 1, 1, 1, 1, 1, 1, 1, 1, 1, 1, 1, 1, 1, 1, 1, 1, 1, 1, 1, 1, 1, 1, 1, 1, 1, 1, 1, 1, 1, 1, 1, 1, 1, 1, 1, 1, 1, 1, 1, 1, 1, 1, 1, 1, 1]",1,20260829,float32,0.09119556747428784,PASS,,mirror,2.10.0.post4.dev20260715,2.10.0+cpu,3.2.0,full_mirror_m56_b56_kv4096_uniform,6146ca39720729ca417353fb999323d14d97f4a7
swa,0.9999978542327881,0.0,0.001953125,8.333333015441895,0.00010716154793044552,0.0,"{'prefill': 'c4166cfe326127daf30bc629493d8b251d8be85f97cda2efa510eab6bc6d3a54', 'decode': 'c47f9bdcfb879eb73723521240a48a9bae99349d094a1fb82563535aabde82ec'}",True,1,6146ca39720729ca417353fb999323d14d97f4a7,"[64, 1]",64,native_NHD_then_page_head_token_dim_permute,0.9999978542327881,0.0,0.001953125,8.333333015441895,0.00010716154793044552,0.0,"{'prefill': 'c4166cfe326127daf30bc629493d8b251d8be85f97cda2efa510eab6bc6d3a54', 'decode': 'c47f9bdcfb879eb73723521240a48a9bae99349d094a1fb82563535aabde82ec'}",True,True,9.1.0,swa_decode_m1_b1_kv4096_uniform_tp4,True,npu:5,5,Ascend950PR_957b,1,,bfloat16,decode,False,256,"[16384, 256, 256, 1]",4096,tp4,uniform,1,4096,1,4096,28,1,6,56,64,1.0,0.0,0.0,0.0,0.0,9,3.11.10,1.0,"[1536, 256, 1]",correctness,1,[4096],[1],1,20260829,float32,0.09119556747428784,PASS,511,decode,2.10.0.post4.dev20260715,2.10.0+cpu,3.2.0,swa_decode_m1_b1_kv4096_uniform,6146ca39720729ca417353fb999323d14d97f4a7
swa,0.9999977350234985,0.0,0.001953125,7.588235378265381,0.00010982695675920695,0.0,"{'prefill': 'c4166cfe326127daf30bc629493d8b251d8be85f97cda2efa510eab6bc6d3a54', 'decode': 'c47f9bdcfb879eb73723521240a48a9bae99349d094a1fb82563535aabde82ec'}",True,4,6146ca39720729ca417353fb999323d14d97f4a7,"[64, 1]",64,native_NHD_then_page_head_token_dim_permute,0.9999977350234985,0.0,0.001953125,7.588235378265381,0.00010982695675920695,0.0,"{'prefill': 'c4166cfe326127daf30bc629493d8b251d8be85f97cda2efa510eab6bc6d3a54', 'decode': 'c47f9bdcfb879eb73723521240a48a9bae99349d094a1fb82563535aabde82ec'}",True,True,9.1.0,swa_decode_m4_b4_kv4096_uniform_tp4,True,npu:5,5,Ascend950PR_957b,1,,bfloat16,decode,False,256,"[16384, 256, 256, 1]",4096,tp4,uniform,4,4096,1,4096,28,1,6,56,64,1.0000001192092896,0.0,0.0,0.0,0.0,33,3.11.10,1.0,"[1536, 256, 1]",correctness,4,"[4096, 4096, 4096, 4096]","[1, 1, 1, 1]",1,20260829,float32,0.09119556747428784,PASS,511,decode,2.10.0.post4.dev20260715,2.10.0+cpu,3.2.0,swa_decode_m4_b4_kv4096_uniform,6146ca39720729ca417353fb999323d14d97f4a7
swa,0.9999980330467224,0.0,0.0078125,17.62686538696289,0.00010896287858486176,0.0,"{'prefill': 'c4166cfe326127daf30bc629493d8b251d8be85f97cda2efa510eab6bc6d3a54', 'decode': 'c47f9bdcfb879eb73723521240a48a9bae99349d094a1fb82563535aabde82ec'}",True,8,6146ca39720729ca417353fb999323d14d97f4a7,"[64, 1]",64,native_NHD_then_page_head_token_dim_permute,0.9999980330467224,0.0,0.0078125,17.62686538696289,0.00010896287858486176,0.0,"{'prefill': 'c4166cfe326127daf30bc629493d8b251d8be85f97cda2efa510eab6bc6d3a54', 'decode': 'c47f9bdcfb879eb73723521240a48a9bae99349d094a1fb82563535aabde82ec'}",True,True,9.1.0,swa_decode_m8_b8_kv4096_uniform_tp4,True,npu:5,5,Ascend950PR_957b,1,,bfloat16,decode,False,256,"[16384, 256, 256, 1]",4096,tp4,uniform,8,4096,1,4096,28,1,6,56,64,1.0,0.0,0.0,0.0,0.0,65,3.11.10,1.0,"[1536, 256, 1]",correctness,8,"[4096, 4096, 4096, 4096, 4096, 4096, 4096, 4096]","[1, 1, 1, 1, 1, 1, 1, 1]",1,20260829,float32,0.09119556747428784,PASS,511,decode,2.10.0.post4.dev20260715,2.10.0+cpu,3.2.0,swa_decode_m8_b8_kv4096_uniform,6146ca39720729ca417353fb999323d14d97f4a7
swa,0.9999980330467224,0.0,0.001953125,39.693878173828125,0.00011155546962982044,0.0,"{'prefill': 'c4166cfe326127daf30bc629493d8b251d8be85f97cda2efa510eab6bc6d3a54', 'decode': 'c47f9bdcfb879eb73723521240a48a9bae99349d094a1fb82563535aabde82ec'}",True,16,6146ca39720729ca417353fb999323d14d97f4a7,"[64, 1]",64,native_NHD_then_page_head_token_dim_permute,0.9999980330467224,0.0,0.001953125,39.693878173828125,0.00011155546962982044,0.0,"{'prefill': 'c4166cfe326127daf30bc629493d8b251d8be85f97cda2efa510eab6bc6d3a54', 'decode': 'c47f9bdcfb879eb73723521240a48a9bae99349d094a1fb82563535aabde82ec'}",True,True,9.1.0,swa_decode_m16_b16_kv4096_uniform_tp4,True,npu:5,5,Ascend950PR_957b,1,,bfloat16,decode,False,256,"[16384, 256, 256, 1]",4096,tp4,uniform,16,4096,1,4096,28,1,6,56,64,1.0,0.0,0.0,0.0,0.0,129,3.11.10,1.0,"[1536, 256, 1]",correctness,16,"[4096, 4096, 4096, 4096, 4096, 4096, 4096, 4096, 4096, 4096, 4096, 4096, 4096, 4096, 4096, 4096]","[1, 1, 1, 1, 1, 1, 1, 1, 1, 1, 1, 1, 1, 1, 1, 1]",1,20260829,float32,0.09119556747428784,PASS,511,decode,2.10.0.post4.dev20260715,2.10.0+cpu,3.2.0,swa_decode_m16_b16_kv4096_uniform,6146ca39720729ca417353fb999323d14d97f4a7
swa,0.999998152256012,0.0,0.00390625,33.675106048583984,0.00010959427891066298,0.0,"{'prefill': 'c4166cfe326127daf30bc629493d8b251d8be85f97cda2efa510eab6bc6d3a54', 'decode': 'c47f9bdcfb879eb73723521240a48a9bae99349d094a1fb82563535aabde82ec'}",True,32,6146ca39720729ca417353fb999323d14d97f4a7,"[64, 1]",64,native_NHD_then_page_head_token_dim_permute,0.999998152256012,0.0,0.00390625,33.675106048583984,0.00010959427891066298,0.0,"{'prefill': 'c4166cfe326127daf30bc629493d8b251d8be85f97cda2efa510eab6bc6d3a54', 'decode': 'c47f9bdcfb879eb73723521240a48a9bae99349d094a1fb82563535aabde82ec'}",True,True,9.1.0,swa_decode_m32_b32_kv4096_uniform_tp4,True,npu:5,5,Ascend950PR_957b,1,,bfloat16,decode,False,256,"[16384, 256, 256, 1]",4096,tp4,uniform,32,4096,1,4096,28,1,6,56,64,1.0,0.0,0.0,0.0,0.0,257,3.11.10,1.0,"[1536, 256, 1]",correctness,32,"[4096, 4096, 4096, 4096, 4096, 4096, 4096, 4096, 4096, 4096, 4096, 4096, 4096, 4096, 4096, 4096, 4096, 4096, 4096, 4096, 4096, 4096, 4096, 4096, 4096, 4096, 4096, 4096, 4096, 4096, 4096, 4096]","[1, 1, 1, 1, 1, 1, 1, 1, 1, 1, 1, 1, 1, 1, 1, 1, 1, 1, 1, 1, 1, 1, 1, 1, 1, 1, 1, 1, 1, 1, 1, 1]",1,20260829,float32,0.09119556747428784,PASS,511,decode,2.10.0.post4.dev20260715,2.10.0+cpu,3.2.0,swa_decode_m32_b32_kv4096_uniform,6146ca39720729ca417353fb999323d14d97f4a7
swa,0.9999979138374329,0.0,0.001953125,30.625730514526367,0.0001074315732694231,0.0,"{'prefill': 'c4166cfe326127daf30bc629493d8b251d8be85f97cda2efa510eab6bc6d3a54', 'decode': 'c47f9bdcfb879eb73723521240a48a9bae99349d094a1fb82563535aabde82ec'}",True,40,6146ca39720729ca417353fb999323d14d97f4a7,"[64, 1]",64,native_NHD_then_page_head_token_dim_permute,0.9999979138374329,0.0,0.001953125,30.625730514526367,0.0001074315732694231,0.0,"{'prefill': 'c4166cfe326127daf30bc629493d8b251d8be85f97cda2efa510eab6bc6d3a54', 'decode': 'c47f9bdcfb879eb73723521240a48a9bae99349d094a1fb82563535aabde82ec'}",True,True,9.1.0,swa_decode_m40_b40_kv4096_uniform_tp4,True,npu:5,5,Ascend950PR_957b,1,,bfloat16,decode,False,256,"[16384, 256, 256, 1]",4096,tp4,uniform,40,4096,1,4096,28,1,6,56,64,1.0,0.0,0.0,0.0,0.0,321,3.11.10,1.0,"[1536, 256, 1]",correctness,32,"[4096, 4096, 4096, 4096, 4096, 4096, 4096, 4096, 4096, 4096, 4096, 4096, 4096, 4096, 4096, 4096, 4096, 4096, 4096, 4096, 4096, 4096, 4096, 4096, 4096, 4096, 4096, 4096, 4096, 4096, 4096, 4096, 4096, 4096, 4096, 4096, 4096, 4096, 4096, 4096]","[1, 1, 1, 1, 1, 1, 1, 1, 1, 1, 1, 1, 1, 1, 1, 1, 1, 1, 1, 1, 1, 1, 1, 1, 1, 1, 1, 1, 1, 1, 1, 1, 1, 1, 1, 1, 1, 1, 1, 1]",1,20260829,float32,0.09119556747428784,PASS,511,decode,2.10.0.post4.dev20260715,2.10.0+cpu,3.2.0,swa_decode_m40_b40_kv4096_uniform,6146ca39720729ca417353fb999323d14d97f4a7
swa,0.9999979138374329,0.0,0.00390625,158.3027801513672,0.00011140403512399644,0.0,"{'prefill': 'c4166cfe326127daf30bc629493d8b251d8be85f97cda2efa510eab6bc6d3a54', 'decode': 'c47f9bdcfb879eb73723521240a48a9bae99349d094a1fb82563535aabde82ec'}",True,56,6146ca39720729ca417353fb999323d14d97f4a7,"[64, 1]",64,native_NHD_then_page_head_token_dim_permute,0.9999979138374329,0.0,0.00390625,158.3027801513672,0.00011140403512399644,0.0,"{'prefill': 'c4166cfe326127daf30bc629493d8b251d8be85f97cda2efa510eab6bc6d3a54', 'decode': 'c47f9bdcfb879eb73723521240a48a9bae99349d094a1fb82563535aabde82ec'}",True,True,9.1.0,swa_decode_m56_b56_kv4096_uniform_tp4,True,npu:5,5,Ascend950PR_957b,1,,bfloat16,decode,False,256,"[16384, 256, 256, 1]",4096,tp4,uniform,56,4096,1,4096,28,1,6,56,64,1.0,0.0,0.0,0.0,0.0,449,3.11.10,1.0,"[1536, 256, 1]",correctness,32,"[4096, 4096, 4096, 4096, 4096, 4096, 4096, 4096, 4096, 4096, 4096, 4096, 4096, 4096, 4096, 4096, 4096, 4096, 4096, 4096, 4096, 4096, 4096, 4096, 4096, 4096, 4096, 4096, 4096, 4096, 4096, 4096, 4096, 4096, 4096, 4096, 4096, 4096, 4096, 4096, 4096, 4096, 4096, 4096, 4096, 4096, 4096, 4096, 4096, 4096, 4096, 4096, 4096, 4096, 4096, 4096]","[1, 1, 1, 1, 1, 1, 1, 1, 1, 1, 1, 1, 1, 1, 1, 1, 1, 1, 1, 1, 1, 1, 1, 1, 1, 1, 1, 1, 1, 1, 1, 1, 1, 1, 1, 1, 1, 1, 1, 1, 1, 1, 1, 1, 1, 1, 1, 1, 1, 1, 1, 1, 1, 1, 1, 1]",1,20260829,float32,0.09119556747428784,PASS,511,decode,2.10.0.post4.dev20260715,2.10.0+cpu,3.2.0,swa_decode_m56_b56_kv4096_uniform,6146ca39720729ca417353fb999323d14d97f4a7
swa,0.9999976754188538,0.0,0.00390625,2.25,0.0001281715667573735,0.0,"{'prefill': 'c4166cfe326127daf30bc629493d8b251d8be85f97cda2efa510eab6bc6d3a54', 'decode': 'c47f9bdcfb879eb73723521240a48a9bae99349d094a1fb82563535aabde82ec'}",True,1,6146ca39720729ca417353fb999323d14d97f4a7,"[64, 1]",64,native_NHD_then_page_head_token_dim_permute,0.9999976754188538,0.0,0.00390625,2.25,0.0001281715667573735,0.0,"{'prefill': 'c4166cfe326127daf30bc629493d8b251d8be85f97cda2efa510eab6bc6d3a54', 'decode': 'c47f9bdcfb879eb73723521240a48a9bae99349d094a1fb82563535aabde82ec'}",True,True,9.1.0,swa_mirror_m1_b1_kv4096_uniform_tp4,True,npu:5,5,Ascend950PR_957b,1,,bfloat16,decode,False,256,"[16384, 256, 256, 1]",4096,tp4,uniform,1,262144,1,4096,28,1,6,56,64,1.0000001192092896,0.0,0.0,0.0,0.0,9,3.11.10,1.0,"[1536, 256, 1]",correctness,1,[4096],[1],1,20260829,float32,0.09119556747428784,PASS,511,mirror,2.10.0.post4.dev20260715,2.10.0+cpu,3.2.0,swa_mirror_m1_b1_kv4096_uniform,6146ca39720729ca417353fb999323d14d97f4a7
swa,0.9999977946281433,0.0,0.001953125,7.516129016876221,0.00011332667781971395,0.0,"{'prefill': 'c4166cfe326127daf30bc629493d8b251d8be85f97cda2efa510eab6bc6d3a54', 'decode': 'c47f9bdcfb879eb73723521240a48a9bae99349d094a1fb82563535aabde82ec'}",True,4,6146ca39720729ca417353fb999323d14d97f4a7,"[64, 1]",64,native_NHD_then_page_head_token_dim_permute,0.9999977946281433,0.0,0.001953125,7.516129016876221,0.00011332667781971395,0.0,"{'prefill': 'c4166cfe326127daf30bc629493d8b251d8be85f97cda2efa510eab6bc6d3a54', 'decode': 'c47f9bdcfb879eb73723521240a48a9bae99349d094a1fb82563535aabde82ec'}",True,True,9.1.0,swa_mirror_m4_b4_kv4096_uniform_tp4,True,npu:5,5,Ascend950PR_957b,1,,bfloat16,decode,False,256,"[16384, 256, 256, 1]",4096,tp4,uniform,4,262144,1,4096,28,1,6,56,64,1.0,0.0,0.0,0.0,0.0,33,3.11.10,1.0,"[1536, 256, 1]",correctness,4,"[4096, 4096, 4096, 4096]","[1, 1, 1, 1]",1,20260829,float32,0.09119556747428784,PASS,511,mirror,2.10.0.post4.dev20260715,2.10.0+cpu,3.2.0,swa_mirror_m4_b4_kv4096_uniform,6146ca39720729ca417353fb999323d14d97f4a7
swa,0.9999977350234985,0.0,0.00390625,26.732683181762695,0.00011230932432226837,0.0,"{'prefill': 'c4166cfe326127daf30bc629493d8b251d8be85f97cda2efa510eab6bc6d3a54', 'decode': 'c47f9bdcfb879eb73723521240a48a9bae99349d094a1fb82563535aabde82ec'}",True,8,6146ca39720729ca417353fb999323d14d97f4a7,"[64, 1]",64,native_NHD_then_page_head_token_dim_permute,0.9999977350234985,0.0,0.00390625,26.732683181762695,0.00011230932432226837,0.0,"{'prefill': 'c4166cfe326127daf30bc629493d8b251d8be85f97cda2efa510eab6bc6d3a54', 'decode': 'c47f9bdcfb879eb73723521240a48a9bae99349d094a1fb82563535aabde82ec'}",True,True,9.1.0,swa_mirror_m8_b8_kv4096_uniform_tp4,True,npu:5,5,Ascend950PR_957b,1,,bfloat16,decode,False,256,"[16384, 256, 256, 1]",4096,tp4,uniform,8,262144,1,4096,28,1,6,56,64,0.9999999403953552,0.0,0.0,0.0,0.0,65,3.11.10,1.0,"[1536, 256, 1]",correctness,8,"[4096, 4096, 4096, 4096, 4096, 4096, 4096, 4096]","[1, 1, 1, 1, 1, 1, 1, 1]",1,20260829,float32,0.09119556747428784,PASS,511,mirror,2.10.0.post4.dev20260715,2.10.0+cpu,3.2.0,swa_mirror_m8_b8_kv4096_uniform,6146ca39720729ca417353fb999323d14d97f4a7
swa,0.9999979138374329,0.0,0.00390625,144.28358459472656,0.00011184261529706419,0.0,"{'prefill': 'c4166cfe326127daf30bc629493d8b251d8be85f97cda2efa510eab6bc6d3a54', 'decode': 'c47f9bdcfb879eb73723521240a48a9bae99349d094a1fb82563535aabde82ec'}",True,16,6146ca39720729ca417353fb999323d14d97f4a7,"[64, 1]",64,native_NHD_then_page_head_token_dim_permute,0.9999979138374329,0.0,0.00390625,144.28358459472656,0.00011184261529706419,0.0,"{'prefill': 'c4166cfe326127daf30bc629493d8b251d8be85f97cda2efa510eab6bc6d3a54', 'decode': 'c47f9bdcfb879eb73723521240a48a9bae99349d094a1fb82563535aabde82ec'}",True,True,9.1.0,swa_mirror_m16_b16_kv4096_uniform_tp4,True,npu:5,5,Ascend950PR_957b,1,,bfloat16,decode,False,256,"[16384, 256, 256, 1]",4096,tp4,uniform,16,262144,1,4096,28,1,6,56,64,1.0000001192092896,0.0,0.0,0.0,0.0,129,3.11.10,1.0,"[1536, 256, 1]",correctness,16,"[4096, 4096, 4096, 4096, 4096, 4096, 4096, 4096, 4096, 4096, 4096, 4096, 4096, 4096, 4096, 4096]","[1, 1, 1, 1, 1, 1, 1, 1, 1, 1, 1, 1, 1, 1, 1, 1]",1,20260829,float32,0.09119556747428784,PASS,511,mirror,2.10.0.post4.dev20260715,2.10.0+cpu,3.2.0,swa_mirror_m16_b16_kv4096_uniform,6146ca39720729ca417353fb999323d14d97f4a7
swa,0.999998152256012,0.0,0.00390625,32.190696716308594,0.00010696699609979987,0.0,"{'prefill': 'c4166cfe326127daf30bc629493d8b251d8be85f97cda2efa510eab6bc6d3a54', 'decode': 'c47f9bdcfb879eb73723521240a48a9bae99349d094a1fb82563535aabde82ec'}",True,32,6146ca39720729ca417353fb999323d14d97f4a7,"[64, 1]",64,native_NHD_then_page_head_token_dim_permute,0.999998152256012,0.0,0.00390625,32.190696716308594,0.00010696699609979987,0.0,"{'prefill': 'c4166cfe326127daf30bc629493d8b251d8be85f97cda2efa510eab6bc6d3a54', 'decode': 'c47f9bdcfb879eb73723521240a48a9bae99349d094a1fb82563535aabde82ec'}",True,True,9.1.0,swa_mirror_m32_b32_kv4096_uniform_tp4,True,npu:5,5,Ascend950PR_957b,1,,bfloat16,decode,False,256,"[16384, 256, 256, 1]",4096,tp4,uniform,32,262144,1,4096,28,1,6,56,64,1.0,0.0,0.0,0.0,0.0,257,3.11.10,1.0,"[1536, 256, 1]",correctness,32,"[4096, 4096, 4096, 4096, 4096, 4096, 4096, 4096, 4096, 4096, 4096, 4096, 4096, 4096, 4096, 4096, 4096, 4096, 4096, 4096, 4096, 4096, 4096, 4096, 4096, 4096, 4096, 4096, 4096, 4096, 4096, 4096]","[1, 1, 1, 1, 1, 1, 1, 1, 1, 1, 1, 1, 1, 1, 1, 1, 1, 1, 1, 1, 1, 1, 1, 1, 1, 1, 1, 1, 1, 1, 1, 1]",1,20260829,float32,0.09119556747428784,PASS,511,mirror,2.10.0.post4.dev20260715,2.10.0+cpu,3.2.0,swa_mirror_m32_b32_kv4096_uniform,6146ca39720729ca417353fb999323d14d97f4a7
swa,0.9999977946281433,0.0,0.00390625,13.127659797668457,0.00010932049917755648,0.0,"{'prefill': 'c4166cfe326127daf30bc629493d8b251d8be85f97cda2efa510eab6bc6d3a54', 'decode': 'c47f9bdcfb879eb73723521240a48a9bae99349d094a1fb82563535aabde82ec'}",True,40,6146ca39720729ca417353fb999323d14d97f4a7,"[64, 1]",64,native_NHD_then_page_head_token_dim_permute,0.9999977946281433,0.0,0.00390625,13.127659797668457,0.00010932049917755648,0.0,"{'prefill': 'c4166cfe326127daf30bc629493d8b251d8be85f97cda2efa510eab6bc6d3a54', 'decode': 'c47f9bdcfb879eb73723521240a48a9bae99349d094a1fb82563535aabde82ec'}",True,True,9.1.0,swa_mirror_m40_b40_kv4096_uniform_tp4,True,npu:5,5,Ascend950PR_957b,1,,bfloat16,decode,False,256,"[16384, 256, 256, 1]",4096,tp4,uniform,40,262144,1,4096,28,1,6,56,64,1.0,0.0,0.0,0.0,0.0,321,3.11.10,1.0,"[1536, 256, 1]",correctness,32,"[4096, 4096, 4096, 4096, 4096, 4096, 4096, 4096, 4096, 4096, 4096, 4096, 4096, 4096, 4096, 4096, 4096, 4096, 4096, 4096, 4096, 4096, 4096, 4096, 4096, 4096, 4096, 4096, 4096, 4096, 4096, 4096, 4096, 4096, 4096, 4096, 4096, 4096, 4096, 4096]","[1, 1, 1, 1, 1, 1, 1, 1, 1, 1, 1, 1, 1, 1, 1, 1, 1, 1, 1, 1, 1, 1, 1, 1, 1, 1, 1, 1, 1, 1, 1, 1, 1, 1, 1, 1, 1, 1, 1, 1]",1,20260829,float32,0.09119556747428784,PASS,511,mirror,2.10.0.post4.dev20260715,2.10.0+cpu,3.2.0,swa_mirror_m40_b40_kv4096_uniform,6146ca39720729ca417353fb999323d14d97f4a7
swa,0.9999980926513672,0.0,0.00390625,50.807533264160156,0.00010821792238857597,0.0,"{'prefill': 'c4166cfe326127daf30bc629493d8b251d8be85f97cda2efa510eab6bc6d3a54', 'decode': 'c47f9bdcfb879eb73723521240a48a9bae99349d094a1fb82563535aabde82ec'}",True,56,6146ca39720729ca417353fb999323d14d97f4a7,"[64, 1]",64,native_NHD_then_page_head_token_dim_permute,0.9999980926513672,0.0,0.00390625,50.807533264160156,0.00010821792238857597,0.0,"{'prefill': 'c4166cfe326127daf30bc629493d8b251d8be85f97cda2efa510eab6bc6d3a54', 'decode': 'c47f9bdcfb879eb73723521240a48a9bae99349d094a1fb82563535aabde82ec'}",True,True,9.1.0,swa_mirror_m56_b56_kv4096_uniform_tp4,True,npu:5,5,Ascend950PR_957b,1,,bfloat16,decode,False,256,"[16384, 256, 256, 1]",4096,tp4,uniform,56,262144,1,4096,28,1,6,56,64,1.0,0.0,0.0,0.0,0.0,449,3.11.10,1.0,"[1536, 256, 1]",correctness,32,"[4096, 4096, 4096, 4096, 4096, 4096, 4096, 4096, 4096, 4096, 4096, 4096, 4096, 4096, 4096, 4096, 4096, 4096, 4096, 4096, 4096, 4096, 4096, 4096, 4096, 4096, 4096, 4096, 4096, 4096, 4096, 4096, 4096, 4096, 4096, 4096, 4096, 4096, 4096, 4096, 4096, 4096, 4096, 4096, 4096, 4096, 4096, 4096, 4096, 4096, 4096, 4096, 4096, 4096, 4096, 4096]","[1, 1, 1, 1, 1, 1, 1, 1, 1, 1, 1, 1, 1, 1, 1, 1, 1, 1, 1, 1, 1, 1, 1, 1, 1, 1, 1, 1, 1, 1, 1, 1, 1, 1, 1, 1, 1, 1, 1, 1, 1, 1, 1, 1, 1, 1, 1, 1, 1, 1, 1, 1, 1, 1, 1, 1]",1,20260829,float32,0.09119556747428784,PASS,511,mirror,2.10.0.post4.dev20260715,2.10.0+cpu,3.2.0,swa_mirror_m56_b56_kv4096_uniform,6146ca39720729ca417353fb999323d14d97f4a7
swa,0.9999973773956299,0.0,0.001953125,0.9665272235870361,0.00011148754128953442,0.0,"{'prefill': 'c4166cfe326127daf30bc629493d8b251d8be85f97cda2efa510eab6bc6d3a54', 'decode': 'c47f9bdcfb879eb73723521240a48a9bae99349d094a1fb82563535aabde82ec'}",True,1,6146ca39720729ca417353fb999323d14d97f4a7,"[64, 1]",64,native_NHD_then_page_head_token_dim_permute,0.9999973773956299,0.0,0.001953125,0.9665272235870361,0.00011148754128953442,0.0,"{'prefill': 'c4166cfe326127daf30bc629493d8b251d8be85f97cda2efa510eab6bc6d3a54', 'decode': 'c47f9bdcfb879eb73723521240a48a9bae99349d094a1fb82563535aabde82ec'}",True,True,9.1.0,swa_decode_m1_b1_kv4096_uniform_tp4_dp2,True,npu:5,5,Ascend950PR_957b,2,,bfloat16,decode,False,256,"[16384, 256, 256, 1]",4096,tp4_dp2,uniform,1,4096,1,4096,28,1,12,56,64,1.0,0.0,0.0,0.0,0.0,9,3.11.10,2.0,"[3072, 256, 1]",correctness,1,[4096],[1],1,20260829,float32,0.09119556747428784,PASS,511,decode,2.10.0.post4.dev20260715,2.10.0+cpu,3.2.0,swa_decode_m1_b1_kv4096_uniform,6146ca39720729ca417353fb999323d14d97f4a7
swa,0.9999974370002747,0.0,0.001953125,11.449999809265137,0.00011276240547886118,0.0,"{'prefill': 'c4166cfe326127daf30bc629493d8b251d8be85f97cda2efa510eab6bc6d3a54', 'decode': 'c47f9bdcfb879eb73723521240a48a9bae99349d094a1fb82563535aabde82ec'}",True,4,6146ca39720729ca417353fb999323d14d97f4a7,"[64, 1]",64,native_NHD_then_page_head_token_dim_permute,0.9999974370002747,0.0,0.001953125,11.449999809265137,0.00011276240547886118,0.0,"{'prefill': 'c4166cfe326127daf30bc629493d8b251d8be85f97cda2efa510eab6bc6d3a54', 'decode': 'c47f9bdcfb879eb73723521240a48a9bae99349d094a1fb82563535aabde82ec'}",True,True,9.1.0,swa_decode_m4_b4_kv4096_uniform_tp4_dp2,True,npu:5,5,Ascend950PR_957b,2,,bfloat16,decode,False,256,"[16384, 256, 256, 1]",4096,tp4_dp2,uniform,4,4096,1,4096,28,1,12,56,64,1.0,0.0,0.0,0.0,0.0,33,3.11.10,2.0,"[3072, 256, 1]",correctness,4,"[4096, 4096, 4096, 4096]","[1, 1, 1, 1]",1,20260829,float32,0.09119556747428784,PASS,511,decode,2.10.0.post4.dev20260715,2.10.0+cpu,3.2.0,swa_decode_m4_b4_kv4096_uniform,6146ca39720729ca417353fb999323d14d97f4a7
swa,0.9999978542327881,0.0,0.00390625,13.90607738494873,0.00010771746019599959,0.0,"{'prefill': 'c4166cfe326127daf30bc629493d8b251d8be85f97cda2efa510eab6bc6d3a54', 'decode': 'c47f9bdcfb879eb73723521240a48a9bae99349d094a1fb82563535aabde82ec'}",True,8,6146ca39720729ca417353fb999323d14d97f4a7,"[64, 1]",64,native_NHD_then_page_head_token_dim_permute,0.9999978542327881,0.0,0.00390625,13.90607738494873,0.00010771746019599959,0.0,"{'prefill': 'c4166cfe326127daf30bc629493d8b251d8be85f97cda2efa510eab6bc6d3a54', 'decode': 'c47f9bdcfb879eb73723521240a48a9bae99349d094a1fb82563535aabde82ec'}",True,True,9.1.0,swa_decode_m8_b8_kv4096_uniform_tp4_dp2,True,npu:5,5,Ascend950PR_957b,2,,bfloat16,decode,False,256,"[16384, 256, 256, 1]",4096,tp4_dp2,uniform,8,4096,1,4096,28,1,12,56,64,1.0,0.0,0.0,0.0,0.0,65,3.11.10,2.0,"[3072, 256, 1]",correctness,8,"[4096, 4096, 4096, 4096, 4096, 4096, 4096, 4096]","[1, 1, 1, 1, 1, 1, 1, 1]",1,20260829,float32,0.09119556747428784,PASS,511,decode,2.10.0.post4.dev20260715,2.10.0+cpu,3.2.0,swa_decode_m8_b8_kv4096_uniform,6146ca39720729ca417353fb999323d14d97f4a7
swa,0.9999978542327881,0.0,0.00390625,95.83116912841797,0.00010774174006655812,0.0,"{'prefill': 'c4166cfe326127daf30bc629493d8b251d8be85f97cda2efa510eab6bc6d3a54', 'decode': 'c47f9bdcfb879eb73723521240a48a9bae99349d094a1fb82563535aabde82ec'}",True,16,6146ca39720729ca417353fb999323d14d97f4a7,"[64, 1]",64,native_NHD_then_page_head_token_dim_permute,0.9999978542327881,0.0,0.00390625,95.83116912841797,0.00010774174006655812,0.0,"{'prefill': 'c4166cfe326127daf30bc629493d8b251d8be85f97cda2efa510eab6bc6d3a54', 'decode': 'c47f9bdcfb879eb73723521240a48a9bae99349d094a1fb82563535aabde82ec'}",True,True,9.1.0,swa_decode_m16_b16_kv4096_uniform_tp4_dp2,True,npu:5,5,Ascend950PR_957b,2,,bfloat16,decode,False,256,"[16384, 256, 256, 1]",4096,tp4_dp2,uniform,16,4096,1,4096,28,1,12,56,64,1.0000001192092896,0.0,0.0,0.0,0.0,129,3.11.10,2.0,"[3072, 256, 1]",correctness,16,"[4096, 4096, 4096, 4096, 4096, 4096, 4096, 4096, 4096, 4096, 4096, 4096, 4096, 4096, 4096, 4096]","[1, 1, 1, 1, 1, 1, 1, 1, 1, 1, 1, 1, 1, 1, 1, 1]",1,20260829,float32,0.09119556747428784,PASS,511,decode,2.10.0.post4.dev20260715,2.10.0+cpu,3.2.0,swa_decode_m16_b16_kv4096_uniform,6146ca39720729ca417353fb999323d14d97f4a7
swa,0.9999980330467224,0.0,0.00390625,87.90526580810547,0.00010794457921292633,0.0,"{'prefill': 'c4166cfe326127daf30bc629493d8b251d8be85f97cda2efa510eab6bc6d3a54', 'decode': 'c47f9bdcfb879eb73723521240a48a9bae99349d094a1fb82563535aabde82ec'}",True,32,6146ca39720729ca417353fb999323d14d97f4a7,"[64, 1]",64,native_NHD_then_page_head_token_dim_permute,0.9999980330467224,0.0,0.00390625,87.90526580810547,0.00010794457921292633,0.0,"{'prefill': 'c4166cfe326127daf30bc629493d8b251d8be85f97cda2efa510eab6bc6d3a54', 'decode': 'c47f9bdcfb879eb73723521240a48a9bae99349d094a1fb82563535aabde82ec'}",True,True,9.1.0,swa_decode_m32_b32_kv4096_uniform_tp4_dp2,True,npu:5,5,Ascend950PR_957b,2,,bfloat16,decode,False,256,"[16384, 256, 256, 1]",4096,tp4_dp2,uniform,32,4096,1,4096,28,1,12,56,64,1.0,0.0,0.0,0.0,0.0,257,3.11.10,2.0,"[3072, 256, 1]",correctness,32,"[4096, 4096, 4096, 4096, 4096, 4096, 4096, 4096, 4096, 4096, 4096, 4096, 4096, 4096, 4096, 4096, 4096, 4096, 4096, 4096, 4096, 4096, 4096, 4096, 4096, 4096, 4096, 4096, 4096, 4096, 4096, 4096]","[1, 1, 1, 1, 1, 1, 1, 1, 1, 1, 1, 1, 1, 1, 1, 1, 1, 1, 1, 1, 1, 1, 1, 1, 1, 1, 1, 1, 1, 1, 1, 1]",1,20260829,float32,0.09119556747428784,PASS,511,decode,2.10.0.post4.dev20260715,2.10.0+cpu,3.2.0,swa_decode_m32_b32_kv4096_uniform,6146ca39720729ca417353fb999323d14d97f4a7
swa,0.9999979138374329,0.0,0.00390625,44.96521759033203,0.00010907105752266943,0.0,"{'prefill': 'c4166cfe326127daf30bc629493d8b251d8be85f97cda2efa510eab6bc6d3a54', 'decode': 'c47f9bdcfb879eb73723521240a48a9bae99349d094a1fb82563535aabde82ec'}",True,40,6146ca39720729ca417353fb999323d14d97f4a7,"[64, 1]",64,native_NHD_then_page_head_token_dim_permute,0.9999979138374329,0.0,0.00390625,44.96521759033203,0.00010907105752266943,0.0,"{'prefill': 'c4166cfe326127daf30bc629493d8b251d8be85f97cda2efa510eab6bc6d3a54', 'decode': 'c47f9bdcfb879eb73723521240a48a9bae99349d094a1fb82563535aabde82ec'}",True,True,9.1.0,swa_decode_m40_b40_kv4096_uniform_tp4_dp2,True,npu:5,5,Ascend950PR_957b,2,,bfloat16,decode,False,256,"[16384, 256, 256, 1]",4096,tp4_dp2,uniform,40,4096,1,4096,28,1,12,56,64,0.9999998807907104,0.0,0.0,0.0,0.0,321,3.11.10,2.0,"[3072, 256, 1]",correctness,32,"[4096, 4096, 4096, 4096, 4096, 4096, 4096, 4096, 4096, 4096, 4096, 4096, 4096, 4096, 4096, 4096, 4096, 4096, 4096, 4096, 4096, 4096, 4096, 4096, 4096, 4096, 4096, 4096, 4096, 4096, 4096, 4096, 4096, 4096, 4096, 4096, 4096, 4096, 4096, 4096]","[1, 1, 1, 1, 1, 1, 1, 1, 1, 1, 1, 1, 1, 1, 1, 1, 1, 1, 1, 1, 1, 1, 1, 1, 1, 1, 1, 1, 1, 1, 1, 1, 1, 1, 1, 1, 1, 1, 1, 1]",1,20260829,float32,0.09119556747428784,PASS,511,decode,2.10.0.post4.dev20260715,2.10.0+cpu,3.2.0,swa_decode_m40_b40_kv4096_uniform,6146ca39720729ca417353fb999323d14d97f4a7
swa,0.9999980330467224,0.0,0.00390625,181.68612670898438,0.00010941810614895076,0.0,"{'prefill': 'c4166cfe326127daf30bc629493d8b251d8be85f97cda2efa510eab6bc6d3a54', 'decode': 'c47f9bdcfb879eb73723521240a48a9bae99349d094a1fb82563535aabde82ec'}",True,56,6146ca39720729ca417353fb999323d14d97f4a7,"[64, 1]",64,native_NHD_then_page_head_token_dim_permute,0.9999980330467224,0.0,0.00390625,181.68612670898438,0.00010941810614895076,0.0,"{'prefill': 'c4166cfe326127daf30bc629493d8b251d8be85f97cda2efa510eab6bc6d3a54', 'decode': 'c47f9bdcfb879eb73723521240a48a9bae99349d094a1fb82563535aabde82ec'}",True,True,9.1.0,swa_decode_m56_b56_kv4096_uniform_tp4_dp2,True,npu:5,5,Ascend950PR_957b,2,,bfloat16,decode,False,256,"[16384, 256, 256, 1]",4096,tp4_dp2,uniform,56,4096,1,4096,28,1,12,56,64,1.0,0.0,0.0,0.0,0.0,449,3.11.10,2.0,"[3072, 256, 1]",correctness,32,"[4096, 4096, 4096, 4096, 4096, 4096, 4096, 4096, 4096, 4096, 4096, 4096, 4096, 4096, 4096, 4096, 4096, 4096, 4096, 4096, 4096, 4096, 4096, 4096, 4096, 4096, 4096, 4096, 4096, 4096, 4096, 4096, 4096, 4096, 4096, 4096, 4096, 4096, 4096, 4096, 4096, 4096, 4096, 4096, 4096, 4096, 4096, 4096, 4096, 4096, 4096, 4096, 4096, 4096, 4096, 4096]","[1, 1, 1, 1, 1, 1, 1, 1, 1, 1, 1, 1, 1, 1, 1, 1, 1, 1, 1, 1, 1, 1, 1, 1, 1, 1, 1, 1, 1, 1, 1, 1, 1, 1, 1, 1, 1, 1, 1, 1, 1, 1, 1, 1, 1, 1, 1, 1, 1, 1, 1, 1, 1, 1, 1, 1]",1,20260829,float32,0.09119556747428784,PASS,511,decode,2.10.0.post4.dev20260715,2.10.0+cpu,3.2.0,swa_decode_m56_b56_kv4096_uniform,6146ca39720729ca417353fb999323d14d97f4a7
swa,0.9999985694885254,0.0,0.00390625,1.2558139562606812,0.00011420682130847126,0.0,"{'prefill': 'c4166cfe326127daf30bc629493d8b251d8be85f97cda2efa510eab6bc6d3a54', 'decode': 'c47f9bdcfb879eb73723521240a48a9bae99349d094a1fb82563535aabde82ec'}",True,1,6146ca39720729ca417353fb999323d14d97f4a7,"[64, 1]",64,native_NHD_then_page_head_token_dim_permute,0.9999985694885254,0.0,0.00390625,1.2558139562606812,0.00011420682130847126,0.0,"{'prefill': 'c4166cfe326127daf30bc629493d8b251d8be85f97cda2efa510eab6bc6d3a54', 'decode': 'c47f9bdcfb879eb73723521240a48a9bae99349d094a1fb82563535aabde82ec'}",True,True,9.1.0,swa_mirror_m1_b1_kv4096_uniform_tp4_dp2,True,npu:5,5,Ascend950PR_957b,2,,bfloat16,decode,False,256,"[16384, 256, 256, 1]",4096,tp4_dp2,uniform,1,262144,1,4096,28,1,12,56,64,1.0,0.0,0.0,0.0,0.0,9,3.11.10,2.0,"[3072, 256, 1]",correctness,1,[4096],[1],1,20260829,float32,0.09119556747428784,PASS,511,mirror,2.10.0.post4.dev20260715,2.10.0+cpu,3.2.0,swa_mirror_m1_b1_kv4096_uniform,6146ca39720729ca417353fb999323d14d97f4a7
swa,0.9999979138374329,0.0,0.001953125,42.846153259277344,0.00010146381100639701,0.0,"{'prefill': 'c4166cfe326127daf30bc629493d8b251d8be85f97cda2efa510eab6bc6d3a54', 'decode': 'c47f9bdcfb879eb73723521240a48a9bae99349d094a1fb82563535aabde82ec'}",True,4,6146ca39720729ca417353fb999323d14d97f4a7,"[64, 1]",64,native_NHD_then_page_head_token_dim_permute,0.9999979138374329,0.0,0.001953125,42.846153259277344,0.00010146381100639701,0.0,"{'prefill': 'c4166cfe326127daf30bc629493d8b251d8be85f97cda2efa510eab6bc6d3a54', 'decode': 'c47f9bdcfb879eb73723521240a48a9bae99349d094a1fb82563535aabde82ec'}",True,True,9.1.0,swa_mirror_m4_b4_kv4096_uniform_tp4_dp2,True,npu:5,5,Ascend950PR_957b,2,,bfloat16,decode,False,256,"[16384, 256, 256, 1]",4096,tp4_dp2,uniform,4,262144,1,4096,28,1,12,56,64,1.0,0.0,0.0,0.0,0.0,33,3.11.10,2.0,"[3072, 256, 1]",correctness,4,"[4096, 4096, 4096, 4096]","[1, 1, 1, 1]",1,20260829,float32,0.09119556747428784,PASS,511,mirror,2.10.0.post4.dev20260715,2.10.0+cpu,3.2.0,swa_mirror_m4_b4_kv4096_uniform,6146ca39720729ca417353fb999323d14d97f4a7
swa,0.9999977946281433,0.0,0.001953125,22.376623153686523,0.00010665298759704456,0.0,"{'prefill': 'c4166cfe326127daf30bc629493d8b251d8be85f97cda2efa510eab6bc6d3a54', 'decode': 'c47f9bdcfb879eb73723521240a48a9bae99349d094a1fb82563535aabde82ec'}",True,8,6146ca39720729ca417353fb999323d14d97f4a7,"[64, 1]",64,native_NHD_then_page_head_token_dim_permute,0.9999977946281433,0.0,0.001953125,22.376623153686523,0.00010665298759704456,0.0,"{'prefill': 'c4166cfe326127daf30bc629493d8b251d8be85f97cda2efa510eab6bc6d3a54', 'decode': 'c47f9bdcfb879eb73723521240a48a9bae99349d094a1fb82563535aabde82ec'}",True,True,9.1.0,swa_mirror_m8_b8_kv4096_uniform_tp4_dp2,True,npu:5,5,Ascend950PR_957b,2,,bfloat16,decode,False,256,"[16384, 256, 256, 1]",4096,tp4_dp2,uniform,8,262144,1,4096,28,1,12,56,64,1.000000238418579,0.0,0.0,0.0,0.0,65,3.11.10,2.0,"[3072, 256, 1]",correctness,8,"[4096, 4096, 4096, 4096, 4096, 4096, 4096, 4096]","[1, 1, 1, 1, 1, 1, 1, 1]",1,20260829,float32,0.09119556747428784,PASS,511,mirror,2.10.0.post4.dev20260715,2.10.0+cpu,3.2.0,swa_mirror_m8_b8_kv4096_uniform,6146ca39720729ca417353fb999323d14d97f4a7
swa,0.9999979734420776,0.0,0.00390625,60.50877380371094,0.00010788784129545093,0.0,"{'prefill': 'c4166cfe326127daf30bc629493d8b251d8be85f97cda2efa510eab6bc6d3a54', 'decode': 'c47f9bdcfb879eb73723521240a48a9bae99349d094a1fb82563535aabde82ec'}",True,16,6146ca39720729ca417353fb999323d14d97f4a7,"[64, 1]",64,native_NHD_then_page_head_token_dim_permute,0.9999979734420776,0.0,0.00390625,60.50877380371094,0.00010788784129545093,0.0,"{'prefill': 'c4166cfe326127daf30bc629493d8b251d8be85f97cda2efa510eab6bc6d3a54', 'decode': 'c47f9bdcfb879eb73723521240a48a9bae99349d094a1fb82563535aabde82ec'}",True,True,9.1.0,swa_mirror_m16_b16_kv4096_uniform_tp4_dp2,True,npu:5,5,Ascend950PR_957b,2,,bfloat16,decode,False,256,"[16384, 256, 256, 1]",4096,tp4_dp2,uniform,16,262144,1,4096,28,1,12,56,64,1.0000001192092896,0.0,0.0,0.0,0.0,129,3.11.10,2.0,"[3072, 256, 1]",correctness,16,"[4096, 4096, 4096, 4096, 4096, 4096, 4096, 4096, 4096, 4096, 4096, 4096, 4096, 4096, 4096, 4096]","[1, 1, 1, 1, 1, 1, 1, 1, 1, 1, 1, 1, 1, 1, 1, 1]",1,20260829,float32,0.09119556747428784,PASS,511,mirror,2.10.0.post4.dev20260715,2.10.0+cpu,3.2.0,swa_mirror_m16_b16_kv4096_uniform,6146ca39720729ca417353fb999323d14d97f4a7
swa,0.9999980926513672,0.0,0.00390625,58.733333587646484,0.00010736623517004773,0.0,"{'prefill': 'c4166cfe326127daf30bc629493d8b251d8be85f97cda2efa510eab6bc6d3a54', 'decode': 'c47f9bdcfb879eb73723521240a48a9bae99349d094a1fb82563535aabde82ec'}",True,32,6146ca39720729ca417353fb999323d14d97f4a7,"[64, 1]",64,native_NHD_then_page_head_token_dim_permute,0.9999980926513672,0.0,0.00390625,58.733333587646484,0.00010736623517004773,0.0,"{'prefill': 'c4166cfe326127daf30bc629493d8b251d8be85f97cda2efa510eab6bc6d3a54', 'decode': 'c47f9bdcfb879eb73723521240a48a9bae99349d094a1fb82563535aabde82ec'}",True,True,9.1.0,swa_mirror_m32_b32_kv4096_uniform_tp4_dp2,True,npu:5,5,Ascend950PR_957b,2,,bfloat16,decode,False,256,"[16384, 256, 256, 1]",4096,tp4_dp2,uniform,32,262144,1,4096,28,1,12,56,64,1.000000238418579,0.0,0.0,0.0,0.0,257,3.11.10,2.0,"[3072, 256, 1]",correctness,32,"[4096, 4096, 4096, 4096, 4096, 4096, 4096, 4096, 4096, 4096, 4096, 4096, 4096, 4096, 4096, 4096, 4096, 4096, 4096, 4096, 4096, 4096, 4096, 4096, 4096, 4096, 4096, 4096, 4096, 4096, 4096, 4096]","[1, 1, 1, 1, 1, 1, 1, 1, 1, 1, 1, 1, 1, 1, 1, 1, 1, 1, 1, 1, 1, 1, 1, 1, 1, 1, 1, 1, 1, 1, 1, 1]",1,20260829,float32,0.09119556747428784,PASS,511,mirror,2.10.0.post4.dev20260715,2.10.0+cpu,3.2.0,swa_mirror_m32_b32_kv4096_uniform,6146ca39720729ca417353fb999323d14d97f4a7
swa,0.9999978542327881,0.0,0.00390625,43.03960418701172,0.00010786206985358149,0.0,"{'prefill': 'c4166cfe326127daf30bc629493d8b251d8be85f97cda2efa510eab6bc6d3a54', 'decode': 'c47f9bdcfb879eb73723521240a48a9bae99349d094a1fb82563535aabde82ec'}",True,40,6146ca39720729ca417353fb999323d14d97f4a7,"[64, 1]",64,native_NHD_then_page_head_token_dim_permute,0.9999978542327881,0.0,0.00390625,43.03960418701172,0.00010786206985358149,0.0,"{'prefill': 'c4166cfe326127daf30bc629493d8b251d8be85f97cda2efa510eab6bc6d3a54', 'decode': 'c47f9bdcfb879eb73723521240a48a9bae99349d094a1fb82563535aabde82ec'}",True,True,9.1.0,swa_mirror_m40_b40_kv4096_uniform_tp4_dp2,True,npu:5,5,Ascend950PR_957b,2,,bfloat16,decode,False,256,"[16384, 256, 256, 1]",4096,tp4_dp2,uniform,40,262144,1,4096,28,1,12,56,64,1.0000001192092896,0.0,0.0,0.0,0.0,321,3.11.10,2.0,"[3072, 256, 1]",correctness,32,"[4096, 4096, 4096, 4096, 4096, 4096, 4096, 4096, 4096, 4096, 4096, 4096, 4096, 4096, 4096, 4096, 4096, 4096, 4096, 4096, 4096, 4096, 4096, 4096, 4096, 4096, 4096, 4096, 4096, 4096, 4096, 4096, 4096, 4096, 4096, 4096, 4096, 4096, 4096, 4096]","[1, 1, 1, 1, 1, 1, 1, 1, 1, 1, 1, 1, 1, 1, 1, 1, 1, 1, 1, 1, 1, 1, 1, 1, 1, 1, 1, 1, 1, 1, 1, 1, 1, 1, 1, 1, 1, 1, 1, 1]",1,20260829,float32,0.09119556747428784,PASS,511,mirror,2.10.0.post4.dev20260715,2.10.0+cpu,3.2.0,swa_mirror_m40_b40_kv4096_uniform,6146ca39720729ca417353fb999323d14d97f4a7
swa,0.9999977350234985,0.0,0.0078125,93.71028137207031,0.00010849731916096061,0.0,"{'prefill': 'c4166cfe326127daf30bc629493d8b251d8be85f97cda2efa510eab6bc6d3a54', 'decode': 'c47f9bdcfb879eb73723521240a48a9bae99349d094a1fb82563535aabde82ec'}",True,56,6146ca39720729ca417353fb999323d14d97f4a7,"[64, 1]",64,native_NHD_then_page_head_token_dim_permute,0.9999977350234985,0.0,0.0078125,93.71028137207031,0.00010849731916096061,0.0,"{'prefill': 'c4166cfe326127daf30bc629493d8b251d8be85f97cda2efa510eab6bc6d3a54', 'decode': 'c47f9bdcfb879eb73723521240a48a9bae99349d094a1fb82563535aabde82ec'}",True,True,9.1.0,swa_mirror_m56_b56_kv4096_uniform_tp4_dp2,True,npu:5,5,Ascend950PR_957b,2,,bfloat16,decode,False,256,"[16384, 256, 256, 1]",4096,tp4_dp2,uniform,56,262144,1,4096,28,1,12,56,64,1.0,0.0,0.0,0.0,0.0,449,3.11.10,2.0,"[3072, 256, 1]",correctness,32,"[4096, 4096, 4096, 4096, 4096, 4096, 4096, 4096, 4096, 4096, 4096, 4096, 4096, 4096, 4096, 4096, 4096, 4096, 4096, 4096, 4096, 4096, 4096, 4096, 4096, 4096, 4096, 4096, 4096, 4096, 4096, 4096, 4096, 4096, 4096, 4096, 4096, 4096, 4096, 4096, 4096, 4096, 4096, 4096, 4096, 4096, 4096, 4096, 4096, 4096, 4096, 4096, 4096, 4096, 4096, 4096]","[1, 1, 1, 1, 1, 1, 1, 1, 1, 1, 1, 1, 1, 1, 1, 1, 1, 1, 1, 1, 1, 1, 1, 1, 1, 1, 1, 1, 1, 1, 1, 1, 1, 1, 1, 1, 1, 1, 1, 1, 1, 1, 1, 1, 1, 1, 1, 1, 1, 1, 1, 1, 1, 1, 1, 1]",1,20260829,float32,0.09119556747428784,PASS,511,mirror,2.10.0.post4.dev20260715,2.10.0+cpu,3.2.0,swa_mirror_m56_b56_kv4096_uniform,6146ca39720729ca417353fb999323d14d97f4a7
swa,0.9999983906745911,0.0,0.001953125,6.112425804138184,0.00010136222408618778,0.0,"{'prefill': 'c4166cfe326127daf30bc629493d8b251d8be85f97cda2efa510eab6bc6d3a54', 'decode': 'c47f9bdcfb879eb73723521240a48a9bae99349d094a1fb82563535aabde82ec'}",True,1,6146ca39720729ca417353fb999323d14d97f4a7,"[64, 1]",64,native_NHD_then_page_head_token_dim_permute,0.9999983906745911,0.0,0.001953125,6.112425804138184,0.00010136222408618778,0.0,"{'prefill': 'c4166cfe326127daf30bc629493d8b251d8be85f97cda2efa510eab6bc6d3a54', 'decode': 'c47f9bdcfb879eb73723521240a48a9bae99349d094a1fb82563535aabde82ec'}",True,True,9.1.0,swa_decode_m1_b1_kv4096_uniform_tp4_dp4,True,npu:5,5,Ascend950PR_957b,4,,bfloat16,decode,False,256,"[32768, 256, 512, 1]",4096,tp4_dp4,uniform,1,4096,1,4096,28,2,24,56,64,1.0000001192092896,0.0,0.0,0.0,0.0,9,3.11.10,4.0,"[6144, 256, 1]",correctness,1,[4096],[1],1,20260829,float32,0.09119556747428784,PASS,511,decode,2.10.0.post4.dev20260715,2.10.0+cpu,3.2.0,swa_decode_m1_b1_kv4096_uniform,6146ca39720729ca417353fb999323d14d97f4a7
swa,0.9999977946281433,0.0,0.001953125,8.263999938964844,0.00011184796312591061,0.0,"{'prefill': 'c4166cfe326127daf30bc629493d8b251d8be85f97cda2efa510eab6bc6d3a54', 'decode': 'c47f9bdcfb879eb73723521240a48a9bae99349d094a1fb82563535aabde82ec'}",True,4,6146ca39720729ca417353fb999323d14d97f4a7,"[64, 1]",64,native_NHD_then_page_head_token_dim_permute,0.9999977946281433,0.0,0.001953125,8.263999938964844,0.00011184796312591061,0.0,"{'prefill': 'c4166cfe326127daf30bc629493d8b251d8be85f97cda2efa510eab6bc6d3a54', 'decode': 'c47f9bdcfb879eb73723521240a48a9bae99349d094a1fb82563535aabde82ec'}",True,True,9.1.0,swa_decode_m4_b4_kv4096_uniform_tp4_dp4,True,npu:5,5,Ascend950PR_957b,4,,bfloat16,decode,False,256,"[32768, 256, 512, 1]",4096,tp4_dp4,uniform,4,4096,1,4096,28,2,24,56,64,0.9999998807907104,0.0,0.0,0.0,0.0,33,3.11.10,4.0,"[6144, 256, 1]",correctness,4,"[4096, 4096, 4096, 4096]","[1, 1, 1, 1]",1,20260829,float32,0.09119556747428784,PASS,511,decode,2.10.0.post4.dev20260715,2.10.0+cpu,3.2.0,swa_decode_m4_b4_kv4096_uniform,6146ca39720729ca417353fb999323d14d97f4a7
swa,0.9999977946281433,0.0,0.001953125,45.45161437988281,0.00010976758494507521,0.0,"{'prefill': 'c4166cfe326127daf30bc629493d8b251d8be85f97cda2efa510eab6bc6d3a54', 'decode': 'c47f9bdcfb879eb73723521240a48a9bae99349d094a1fb82563535aabde82ec'}",True,8,6146ca39720729ca417353fb999323d14d97f4a7,"[64, 1]",64,native_NHD_then_page_head_token_dim_permute,0.9999977946281433,0.0,0.001953125,45.45161437988281,0.00010976758494507521,0.0,"{'prefill': 'c4166cfe326127daf30bc629493d8b251d8be85f97cda2efa510eab6bc6d3a54', 'decode': 'c47f9bdcfb879eb73723521240a48a9bae99349d094a1fb82563535aabde82ec'}",True,True,9.1.0,swa_decode_m8_b8_kv4096_uniform_tp4_dp4,True,npu:5,5,Ascend950PR_957b,4,,bfloat16,decode,False,256,"[32768, 256, 512, 1]",4096,tp4_dp4,uniform,8,4096,1,4096,28,2,24,56,64,0.9999999403953552,0.0,0.0,0.0,0.0,65,3.11.10,4.0,"[6144, 256, 1]",correctness,8,"[4096, 4096, 4096, 4096, 4096, 4096, 4096, 4096]","[1, 1, 1, 1, 1, 1, 1, 1]",1,20260829,float32,0.09119556747428784,PASS,511,decode,2.10.0.post4.dev20260715,2.10.0+cpu,3.2.0,swa_decode_m8_b8_kv4096_uniform,6146ca39720729ca417353fb999323d14d97f4a7
swa,0.9999978542327881,0.0,0.00390625,129.0869598388672,0.00010986764391418546,0.0,"{'prefill': 'c4166cfe326127daf30bc629493d8b251d8be85f97cda2efa510eab6bc6d3a54', 'decode': 'c47f9bdcfb879eb73723521240a48a9bae99349d094a1fb82563535aabde82ec'}",True,16,6146ca39720729ca417353fb999323d14d97f4a7,"[64, 1]",64,native_NHD_then_page_head_token_dim_permute,0.9999978542327881,0.0,0.00390625,129.0869598388672,0.00010986764391418546,0.0,"{'prefill': 'c4166cfe326127daf30bc629493d8b251d8be85f97cda2efa510eab6bc6d3a54', 'decode': 'c47f9bdcfb879eb73723521240a48a9bae99349d094a1fb82563535aabde82ec'}",True,True,9.1.0,swa_decode_m16_b16_kv4096_uniform_tp4_dp4,True,npu:5,5,Ascend950PR_957b,4,,bfloat16,decode,False,256,"[32768, 256, 512, 1]",4096,tp4_dp4,uniform,16,4096,1,4096,28,2,24,56,64,1.0,0.0,0.0,0.0,0.0,129,3.11.10,4.0,"[6144, 256, 1]",correctness,16,"[4096, 4096, 4096, 4096, 4096, 4096, 4096, 4096, 4096, 4096, 4096, 4096, 4096, 4096, 4096, 4096]","[1, 1, 1, 1, 1, 1, 1, 1, 1, 1, 1, 1, 1, 1, 1, 1]",1,20260829,float32,0.09119556747428784,PASS,511,decode,2.10.0.post4.dev20260715,2.10.0+cpu,3.2.0,swa_decode_m16_b16_kv4096_uniform,6146ca39720729ca417353fb999323d14d97f4a7
swa,0.9999979734420776,0.0,0.00390625,89.74666595458984,0.00010771283268695697,0.0,"{'prefill': 'c4166cfe326127daf30bc629493d8b251d8be85f97cda2efa510eab6bc6d3a54', 'decode': 'c47f9bdcfb879eb73723521240a48a9bae99349d094a1fb82563535aabde82ec'}",True,32,6146ca39720729ca417353fb999323d14d97f4a7,"[64, 1]",64,native_NHD_then_page_head_token_dim_permute,0.9999979734420776,0.0,0.00390625,89.74666595458984,0.00010771283268695697,0.0,"{'prefill': 'c4166cfe326127daf30bc629493d8b251d8be85f97cda2efa510eab6bc6d3a54', 'decode': 'c47f9bdcfb879eb73723521240a48a9bae99349d094a1fb82563535aabde82ec'}",True,True,9.1.0,swa_decode_m32_b32_kv4096_uniform_tp4_dp4,True,npu:5,5,Ascend950PR_957b,4,,bfloat16,decode,False,256,"[32768, 256, 512, 1]",4096,tp4_dp4,uniform,32,4096,1,4096,28,2,24,56,64,1.0,0.0,0.0,0.0,0.0,257,3.11.10,4.0,"[6144, 256, 1]",correctness,32,"[4096, 4096, 4096, 4096, 4096, 4096, 4096, 4096, 4096, 4096, 4096, 4096, 4096, 4096, 4096, 4096, 4096, 4096, 4096, 4096, 4096, 4096, 4096, 4096, 4096, 4096, 4096, 4096, 4096, 4096, 4096, 4096]","[1, 1, 1, 1, 1, 1, 1, 1, 1, 1, 1, 1, 1, 1, 1, 1, 1, 1, 1, 1, 1, 1, 1, 1, 1, 1, 1, 1, 1, 1, 1, 1]",1,20260829,float32,0.09119556747428784,PASS,511,decode,2.10.0.post4.dev20260715,2.10.0+cpu,3.2.0,swa_decode_m32_b32_kv4096_uniform,6146ca39720729ca417353fb999323d14d97f4a7
swa,0.9999979138374329,0.0,0.00390625,133.86830139160156,0.00010825494246091694,0.0,"{'prefill': 'c4166cfe326127daf30bc629493d8b251d8be85f97cda2efa510eab6bc6d3a54', 'decode': 'c47f9bdcfb879eb73723521240a48a9bae99349d094a1fb82563535aabde82ec'}",True,40,6146ca39720729ca417353fb999323d14d97f4a7,"[64, 1]",64,native_NHD_then_page_head_token_dim_permute,0.9999979138374329,0.0,0.00390625,133.86830139160156,0.00010825494246091694,0.0,"{'prefill': 'c4166cfe326127daf30bc629493d8b251d8be85f97cda2efa510eab6bc6d3a54', 'decode': 'c47f9bdcfb879eb73723521240a48a9bae99349d094a1fb82563535aabde82ec'}",True,True,9.1.0,swa_decode_m40_b40_kv4096_uniform_tp4_dp4,True,npu:5,5,Ascend950PR_957b,4,,bfloat16,decode,False,256,"[32768, 256, 512, 1]",4096,tp4_dp4,uniform,40,4096,1,4096,28,2,24,56,64,1.0,0.0,0.0,0.0,0.0,321,3.11.10,4.0,"[6144, 256, 1]",correctness,32,"[4096, 4096, 4096, 4096, 4096, 4096, 4096, 4096, 4096, 4096, 4096, 4096, 4096, 4096, 4096, 4096, 4096, 4096, 4096, 4096, 4096, 4096, 4096, 4096, 4096, 4096, 4096, 4096, 4096, 4096, 4096, 4096, 4096, 4096, 4096, 4096, 4096, 4096, 4096, 4096]","[1, 1, 1, 1, 1, 1, 1, 1, 1, 1, 1, 1, 1, 1, 1, 1, 1, 1, 1, 1, 1, 1, 1, 1, 1, 1, 1, 1, 1, 1, 1, 1, 1, 1, 1, 1, 1, 1, 1, 1]",1,20260829,float32,0.09119556747428784,PASS,511,decode,2.10.0.post4.dev20260715,2.10.0+cpu,3.2.0,swa_decode_m40_b40_kv4096_uniform,6146ca39720729ca417353fb999323d14d97f4a7
swa,0.9999979734420776,0.0,0.00390625,119.92082214355469,0.00010724885214585811,0.0,"{'prefill': 'c4166cfe326127daf30bc629493d8b251d8be85f97cda2efa510eab6bc6d3a54', 'decode': 'c47f9bdcfb879eb73723521240a48a9bae99349d094a1fb82563535aabde82ec'}",True,56,6146ca39720729ca417353fb999323d14d97f4a7,"[64, 1]",64,native_NHD_then_page_head_token_dim_permute,0.9999979734420776,0.0,0.00390625,119.92082214355469,0.00010724885214585811,0.0,"{'prefill': 'c4166cfe326127daf30bc629493d8b251d8be85f97cda2efa510eab6bc6d3a54', 'decode': 'c47f9bdcfb879eb73723521240a48a9bae99349d094a1fb82563535aabde82ec'}",True,True,9.1.0,swa_decode_m56_b56_kv4096_uniform_tp4_dp4,True,npu:5,5,Ascend950PR_957b,4,,bfloat16,decode,False,256,"[32768, 256, 512, 1]",4096,tp4_dp4,uniform,56,4096,1,4096,28,2,24,56,64,1.0000001192092896,0.0,0.0,0.0,0.0,449,3.11.10,4.0,"[6144, 256, 1]",correctness,32,"[4096, 4096, 4096, 4096, 4096, 4096, 4096, 4096, 4096, 4096, 4096, 4096, 4096, 4096, 4096, 4096, 4096, 4096, 4096, 4096, 4096, 4096, 4096, 4096, 4096, 4096, 4096, 4096, 4096, 4096, 4096, 4096, 4096, 4096, 4096, 4096, 4096, 4096, 4096, 4096, 4096, 4096, 4096, 4096, 4096, 4096, 4096, 4096, 4096, 4096, 4096, 4096, 4096, 4096, 4096, 4096]","[1, 1, 1, 1, 1, 1, 1, 1, 1, 1, 1, 1, 1, 1, 1, 1, 1, 1, 1, 1, 1, 1, 1, 1, 1, 1, 1, 1, 1, 1, 1, 1, 1, 1, 1, 1, 1, 1, 1, 1, 1, 1, 1, 1, 1, 1, 1, 1, 1, 1, 1, 1, 1, 1, 1, 1]",1,20260829,float32,0.09119556747428784,PASS,511,decode,2.10.0.post4.dev20260715,2.10.0+cpu,3.2.0,swa_decode_m56_b56_kv4096_uniform,6146ca39720729ca417353fb999323d14d97f4a7
swa,0.9999979734420776,0.0,0.001953125,40.627906799316406,0.00010378127626609057,0.0,"{'prefill': 'c4166cfe326127daf30bc629493d8b251d8be85f97cda2efa510eab6bc6d3a54', 'decode': 'c47f9bdcfb879eb73723521240a48a9bae99349d094a1fb82563535aabde82ec'}",True,1,6146ca39720729ca417353fb999323d14d97f4a7,"[64, 1]",64,native_NHD_then_page_head_token_dim_permute,0.9999979734420776,0.0,0.001953125,40.627906799316406,0.00010378127626609057,0.0,"{'prefill': 'c4166cfe326127daf30bc629493d8b251d8be85f97cda2efa510eab6bc6d3a54', 'decode': 'c47f9bdcfb879eb73723521240a48a9bae99349d094a1fb82563535aabde82ec'}",True,True,9.1.0,swa_mirror_m1_b1_kv4096_uniform_tp4_dp4,True,npu:5,5,Ascend950PR_957b,4,,bfloat16,decode,False,256,"[32768, 256, 512, 1]",4096,tp4_dp4,uniform,1,262144,1,4096,28,2,24,56,64,1.0,0.0,0.0,0.0,0.0,9,3.11.10,4.0,"[6144, 256, 1]",correctness,1,[4096],[1],1,20260829,float32,0.09119556747428784,PASS,511,mirror,2.10.0.post4.dev20260715,2.10.0+cpu,3.2.0,swa_mirror_m1_b1_kv4096_uniform,6146ca39720729ca417353fb999323d14d97f4a7
swa,0.9999980926513672,0.0,0.001953125,47.42327880859375,0.00010149891022592783,0.0,"{'prefill': 'c4166cfe326127daf30bc629493d8b251d8be85f97cda2efa510eab6bc6d3a54', 'decode': 'c47f9bdcfb879eb73723521240a48a9bae99349d094a1fb82563535aabde82ec'}",True,4,6146ca39720729ca417353fb999323d14d97f4a7,"[64, 1]",64,native_NHD_then_page_head_token_dim_permute,0.9999980926513672,0.0,0.001953125,47.42327880859375,0.00010149891022592783,0.0,"{'prefill': 'c4166cfe326127daf30bc629493d8b251d8be85f97cda2efa510eab6bc6d3a54', 'decode': 'c47f9bdcfb879eb73723521240a48a9bae99349d094a1fb82563535aabde82ec'}",True,True,9.1.0,swa_mirror_m4_b4_kv4096_uniform_tp4_dp4,True,npu:5,5,Ascend950PR_957b,4,,bfloat16,decode,False,256,"[32768, 256, 512, 1]",4096,tp4_dp4,uniform,4,262144,1,4096,28,2,24,56,64,1.0,0.0,0.0,0.0,0.0,33,3.11.10,4.0,"[6144, 256, 1]",correctness,4,"[4096, 4096, 4096, 4096]","[1, 1, 1, 1]",1,20260829,float32,0.09119556747428784,PASS,511,mirror,2.10.0.post4.dev20260715,2.10.0+cpu,3.2.0,swa_mirror_m4_b4_kv4096_uniform,6146ca39720729ca417353fb999323d14d97f4a7
swa,0.9999975562095642,0.0,0.00390625,51.01481628417969,0.00011197529966011643,0.0,"{'prefill': 'c4166cfe326127daf30bc629493d8b251d8be85f97cda2efa510eab6bc6d3a54', 'decode': 'c47f9bdcfb879eb73723521240a48a9bae99349d094a1fb82563535aabde82ec'}",True,8,6146ca39720729ca417353fb999323d14d97f4a7,"[64, 1]",64,native_NHD_then_page_head_token_dim_permute,0.9999975562095642,0.0,0.00390625,51.01481628417969,0.00011197529966011643,0.0,"{'prefill': 'c4166cfe326127daf30bc629493d8b251d8be85f97cda2efa510eab6bc6d3a54', 'decode': 'c47f9bdcfb879eb73723521240a48a9bae99349d094a1fb82563535aabde82ec'}",True,True,9.1.0,swa_mirror_m8_b8_kv4096_uniform_tp4_dp4,True,npu:5,5,Ascend950PR_957b,4,,bfloat16,decode,False,256,"[32768, 256, 512, 1]",4096,tp4_dp4,uniform,8,262144,1,4096,28,2,24,56,64,1.0,0.0,0.0,0.0,0.0,65,3.11.10,4.0,"[6144, 256, 1]",correctness,8,"[4096, 4096, 4096, 4096, 4096, 4096, 4096, 4096]","[1, 1, 1, 1, 1, 1, 1, 1]",1,20260829,float32,0.09119556747428784,PASS,511,mirror,2.10.0.post4.dev20260715,2.10.0+cpu,3.2.0,swa_mirror_m8_b8_kv4096_uniform,6146ca39720729ca417353fb999323d14d97f4a7
swa,0.9999980926513672,0.0,0.00390625,32.9063835144043,0.00010863100760616362,0.0,"{'prefill': 'c4166cfe326127daf30bc629493d8b251d8be85f97cda2efa510eab6bc6d3a54', 'decode': 'c47f9bdcfb879eb73723521240a48a9bae99349d094a1fb82563535aabde82ec'}",True,16,6146ca39720729ca417353fb999323d14d97f4a7,"[64, 1]",64,native_NHD_then_page_head_token_dim_permute,0.9999980926513672,0.0,0.00390625,32.9063835144043,0.00010863100760616362,0.0,"{'prefill': 'c4166cfe326127daf30bc629493d8b251d8be85f97cda2efa510eab6bc6d3a54', 'decode': 'c47f9bdcfb879eb73723521240a48a9bae99349d094a1fb82563535aabde82ec'}",True,True,9.1.0,swa_mirror_m16_b16_kv4096_uniform_tp4_dp4,True,npu:5,5,Ascend950PR_957b,4,,bfloat16,decode,False,256,"[32768, 256, 512, 1]",4096,tp4_dp4,uniform,16,262144,1,4096,28,2,24,56,64,1.0000001192092896,0.0,0.0,0.0,0.0,129,3.11.10,4.0,"[6144, 256, 1]",correctness,16,"[4096, 4096, 4096, 4096, 4096, 4096, 4096, 4096, 4096, 4096, 4096, 4096, 4096, 4096, 4096, 4096]","[1, 1, 1, 1, 1, 1, 1, 1, 1, 1, 1, 1, 1, 1, 1, 1]",1,20260829,float32,0.09119556747428784,PASS,511,mirror,2.10.0.post4.dev20260715,2.10.0+cpu,3.2.0,swa_mirror_m16_b16_kv4096_uniform,6146ca39720729ca417353fb999323d14d97f4a7
swa,0.9999978542327881,0.0,0.00390625,154.58621215820312,0.00010884115181397647,0.0,"{'prefill': 'c4166cfe326127daf30bc629493d8b251d8be85f97cda2efa510eab6bc6d3a54', 'decode': 'c47f9bdcfb879eb73723521240a48a9bae99349d094a1fb82563535aabde82ec'}",True,32,6146ca39720729ca417353fb999323d14d97f4a7,"[64, 1]",64,native_NHD_then_page_head_token_dim_permute,0.9999978542327881,0.0,0.00390625,154.58621215820312,0.00010884115181397647,0.0,"{'prefill': 'c4166cfe326127daf30bc629493d8b251d8be85f97cda2efa510eab6bc6d3a54', 'decode': 'c47f9bdcfb879eb73723521240a48a9bae99349d094a1fb82563535aabde82ec'}",True,True,9.1.0,swa_mirror_m32_b32_kv4096_uniform_tp4_dp4,True,npu:5,5,Ascend950PR_957b,4,,bfloat16,decode,False,256,"[32768, 256, 512, 1]",4096,tp4_dp4,uniform,32,262144,1,4096,28,2,24,56,64,1.0,0.0,0.0,0.0,0.0,257,3.11.10,4.0,"[6144, 256, 1]",correctness,32,"[4096, 4096, 4096, 4096, 4096, 4096, 4096, 4096, 4096, 4096, 4096, 4096, 4096, 4096, 4096, 4096, 4096, 4096, 4096, 4096, 4096, 4096, 4096, 4096, 4096, 4096, 4096, 4096, 4096, 4096, 4096, 4096]","[1, 1, 1, 1, 1, 1, 1, 1, 1, 1, 1, 1, 1, 1, 1, 1, 1, 1, 1, 1, 1, 1, 1, 1, 1, 1, 1, 1, 1, 1, 1, 1]",1,20260829,float32,0.09119556747428784,PASS,511,mirror,2.10.0.post4.dev20260715,2.10.0+cpu,3.2.0,swa_mirror_m32_b32_kv4096_uniform,6146ca39720729ca417353fb999323d14d97f4a7
swa,0.9999979138374329,0.0,0.00390625,210.95201110839844,0.00010749158536782488,0.0,"{'prefill': 'c4166cfe326127daf30bc629493d8b251d8be85f97cda2efa510eab6bc6d3a54', 'decode': 'c47f9bdcfb879eb73723521240a48a9bae99349d094a1fb82563535aabde82ec'}",True,40,6146ca39720729ca417353fb999323d14d97f4a7,"[64, 1]",64,native_NHD_then_page_head_token_dim_permute,0.9999979138374329,0.0,0.00390625,210.95201110839844,0.00010749158536782488,0.0,"{'prefill': 'c4166cfe326127daf30bc629493d8b251d8be85f97cda2efa510eab6bc6d3a54', 'decode': 'c47f9bdcfb879eb73723521240a48a9bae99349d094a1fb82563535aabde82ec'}",True,True,9.1.0,swa_mirror_m40_b40_kv4096_uniform_tp4_dp4,True,npu:5,5,Ascend950PR_957b,4,,bfloat16,decode,False,256,"[32768, 256, 512, 1]",4096,tp4_dp4,uniform,40,262144,1,4096,28,2,24,56,64,1.0,0.0,0.0,0.0,0.0,321,3.11.10,4.0,"[6144, 256, 1]",correctness,32,"[4096, 4096, 4096, 4096, 4096, 4096, 4096, 4096, 4096, 4096, 4096, 4096, 4096, 4096, 4096, 4096, 4096, 4096, 4096, 4096, 4096, 4096, 4096, 4096, 4096, 4096, 4096, 4096, 4096, 4096, 4096, 4096, 4096, 4096, 4096, 4096, 4096, 4096, 4096, 4096]","[1, 1, 1, 1, 1, 1, 1, 1, 1, 1, 1, 1, 1, 1, 1, 1, 1, 1, 1, 1, 1, 1, 1, 1, 1, 1, 1, 1, 1, 1, 1, 1, 1, 1, 1, 1, 1, 1, 1, 1]",1,20260829,float32,0.09119556747428784,PASS,511,mirror,2.10.0.post4.dev20260715,2.10.0+cpu,3.2.0,swa_mirror_m40_b40_kv4096_uniform,6146ca39720729ca417353fb999323d14d97f4a7
swa,0.9999979138374329,0.0,0.00390625,168.97451782226562,0.00011015399650204927,0.0,"{'prefill': 'c4166cfe326127daf30bc629493d8b251d8be85f97cda2efa510eab6bc6d3a54', 'decode': 'c47f9bdcfb879eb73723521240a48a9bae99349d094a1fb82563535aabde82ec'}",True,56,6146ca39720729ca417353fb999323d14d97f4a7,"[64, 1]",64,native_NHD_then_page_head_token_dim_permute,0.9999979138374329,0.0,0.00390625,168.97451782226562,0.00011015399650204927,0.0,"{'prefill': 'c4166cfe326127daf30bc629493d8b251d8be85f97cda2efa510eab6bc6d3a54', 'decode': 'c47f9bdcfb879eb73723521240a48a9bae99349d094a1fb82563535aabde82ec'}",True,True,9.1.0,swa_mirror_m56_b56_kv4096_uniform_tp4_dp4,True,npu:5,5,Ascend950PR_957b,4,,bfloat16,decode,False,256,"[32768, 256, 512, 1]",4096,tp4_dp4,uniform,56,262144,1,4096,28,2,24,56,64,1.0,0.0,0.0,0.0,0.0,449,3.11.10,4.0,"[6144, 256, 1]",correctness,32,"[4096, 4096, 4096, 4096, 4096, 4096, 4096, 4096, 4096, 4096, 4096, 4096, 4096, 4096, 4096, 4096, 4096, 4096, 4096, 4096, 4096, 4096, 4096, 4096, 4096, 4096, 4096, 4096, 4096, 4096, 4096, 4096, 4096, 4096, 4096, 4096, 4096, 4096, 4096, 4096, 4096, 4096, 4096, 4096, 4096, 4096, 4096, 4096, 4096, 4096, 4096, 4096, 4096, 4096, 4096, 4096]","[1, 1, 1, 1, 1, 1, 1, 1, 1, 1, 1, 1, 1, 1, 1, 1, 1, 1, 1, 1, 1, 1, 1, 1, 1, 1, 1, 1, 1, 1, 1, 1, 1, 1, 1, 1, 1, 1, 1, 1, 1, 1, 1, 1, 1, 1, 1, 1, 1, 1, 1, 1, 1, 1, 1, 1]",1,20260829,float32,0.09119556747428784,PASS,511,mirror,2.10.0.post4.dev20260715,2.10.0+cpu,3.2.0,swa_mirror_m56_b56_kv4096_uniform,6146ca39720729ca417353fb999323d14d97f4a7
full,0.9999972581863403,0.29225368052721024,0.00048828125,5.387096881866455,4.7061825171113014e-05,0.0,"{'prefill': 'c4166cfe326127daf30bc629493d8b251d8be85f97cda2efa510eab6bc6d3a54', 'decode': 'c47f9bdcfb879eb73723521240a48a9bae99349d094a1fb82563535aabde82ec'}",True,1,6146ca39720729ca417353fb999323d14d97f4a7,"[64, 1]",64,native_NHD_then_page_head_token_dim_permute,0.9999972581863403,1.070127822458744,0.00048828125,5.387096881866455,4.7061825171113014e-05,0.0,"{'prefill': 'c4166cfe326127daf30bc629493d8b251d8be85f97cda2efa510eab6bc6d3a54', 'decode': 'c47f9bdcfb879eb73723521240a48a9bae99349d094a1fb82563535aabde82ec'}",True,True,9.1.0,full_verify_d2_m2_b1_kv4096_uniform_tp4,True,npu:5,5,Ascend950PR_957b,1,2,bfloat16,prefill,False,256,"[16384, 256, 256, 1]",4096,tp4,uniform,2,,2,4096,28,1,6,56,64,1.0,0.0,0.0,0.0,0.0,65,3.11.10,1.0,"[1536, 256, 1]",correctness,2,[4096],[2],1,20260829,float32,0.09119556747428784,PASS,,verify_d2,2.10.0.post4.dev20260715,2.10.0+cpu,3.2.0,full_verify_d2_m2_b1_kv4096_uniform,6146ca39720729ca417353fb999323d14d97f4a7
full,0.9999972581863403,0.25604525581002235,0.0009765625,5.620689868927002,4.757256101584062e-05,0.0,"{'prefill': 'c4166cfe326127daf30bc629493d8b251d8be85f97cda2efa510eab6bc6d3a54', 'decode': 'c47f9bdcfb879eb73723521240a48a9bae99349d094a1fb82563535aabde82ec'}",True,4,6146ca39720729ca417353fb999323d14d97f4a7,"[64, 1]",64,native_NHD_then_page_head_token_dim_permute,0.9999972581863403,0.20142598077654839,0.0009765625,5.620689868927002,4.757256101584062e-05,0.0,"{'prefill': 'c4166cfe326127daf30bc629493d8b251d8be85f97cda2efa510eab6bc6d3a54', 'decode': 'c47f9bdcfb879eb73723521240a48a9bae99349d094a1fb82563535aabde82ec'}",True,True,9.1.0,full_verify_d2_m8_b4_kv4096_uniform_tp4,True,npu:5,5,Ascend950PR_957b,1,2,bfloat16,prefill,False,256,"[16384, 256, 256, 1]",4096,tp4,uniform,8,,2,4096,28,1,6,56,64,0.9999998807907104,0.0,0.0,0.0,0.0,257,3.11.10,1.0,"[1536, 256, 1]",correctness,8,"[4096, 4096, 4096, 4096]","[2, 2, 2, 2]",1,20260829,float32,0.09119556747428784,PASS,,verify_d2,2.10.0.post4.dev20260715,2.10.0+cpu,3.2.0,full_verify_d2_m8_b4_kv4096_uniform,6146ca39720729ca417353fb999323d14d97f4a7
full,0.9999974370002747,0.30124327167868614,0.0009765625,7.936416149139404,4.669699410442263e-05,0.0,"{'prefill': 'c4166cfe326127daf30bc629493d8b251d8be85f97cda2efa510eab6bc6d3a54', 'decode': 'c47f9bdcfb879eb73723521240a48a9bae99349d094a1fb82563535aabde82ec'}",True,8,6146ca39720729ca417353fb999323d14d97f4a7,"[64, 1]",64,native_NHD_then_page_head_token_dim_permute,0.9999974370002747,0.23157615214586258,0.0009765625,7.936416149139404,4.669699410442263e-05,0.0,"{'prefill': 'c4166cfe326127daf30bc629493d8b251d8be85f97cda2efa510eab6bc6d3a54', 'decode': 'c47f9bdcfb879eb73723521240a48a9bae99349d094a1fb82563535aabde82ec'}",True,True,9.1.0,full_verify_d2_m16_b8_kv4096_uniform_tp4,True,npu:5,5,Ascend950PR_957b,1,2,bfloat16,prefill,False,256,"[16384, 256, 256, 1]",4096,tp4,uniform,16,,2,4096,28,1,6,56,64,0.9999999403953552,0.0,0.0,0.0,0.0,513,3.11.10,1.0,"[1536, 256, 1]",correctness,16,"[4096, 4096, 4096, 4096, 4096, 4096, 4096, 4096]","[2, 2, 2, 2, 2, 2, 2, 2]",1,20260829,float32,0.09119556747428784,PASS,,verify_d2,2.10.0.post4.dev20260715,2.10.0+cpu,3.2.0,full_verify_d2_m16_b8_kv4096_uniform,6146ca39720729ca417353fb999323d14d97f4a7
full,0.9999974966049194,0.3416729159653187,0.0009765625,19.91823959350586,4.761441959999502e-05,0.0,"{'prefill': 'c4166cfe326127daf30bc629493d8b251d8be85f97cda2efa510eab6bc6d3a54', 'decode': 'c47f9bdcfb879eb73723521240a48a9bae99349d094a1fb82563535aabde82ec'}",True,16,6146ca39720729ca417353fb999323d14d97f4a7,"[64, 1]",64,native_NHD_then_page_head_token_dim_permute,0.9999974966049194,0.26861485093832016,0.0009765625,19.91823959350586,4.761441959999502e-05,0.0,"{'prefill': 'c4166cfe326127daf30bc629493d8b251d8be85f97cda2efa510eab6bc6d3a54', 'decode': 'c47f9bdcfb879eb73723521240a48a9bae99349d094a1fb82563535aabde82ec'}",True,True,9.1.0,full_verify_d2_m32_b16_kv4096_uniform_tp4,True,npu:5,5,Ascend950PR_957b,1,2,bfloat16,prefill,False,256,"[16384, 256, 256, 1]",4096,tp4,uniform,32,,2,4096,28,1,6,56,64,1.0,0.0,0.0,0.0,0.0,1025,3.11.10,1.0,"[1536, 256, 1]",correctness,32,"[4096, 4096, 4096, 4096, 4096, 4096, 4096, 4096, 4096, 4096, 4096, 4096, 4096, 4096, 4096, 4096]","[2, 2, 2, 2, 2, 2, 2, 2, 2, 2, 2, 2, 2, 2, 2, 2]",1,20260829,float32,0.09119556747428784,PASS,,verify_d2,2.10.0.post4.dev20260715,2.10.0+cpu,3.2.0,full_verify_d2_m32_b16_kv4096_uniform,6146ca39720729ca417353fb999323d14d97f4a7
full,0.9999974370002747,0.46003004536032677,0.0009765625,25.35555648803711,4.7455083404202014e-05,0.0,"{'prefill': 'c4166cfe326127daf30bc629493d8b251d8be85f97cda2efa510eab6bc6d3a54', 'decode': 'c47f9bdcfb879eb73723521240a48a9bae99349d094a1fb82563535aabde82ec'}",True,32,6146ca39720729ca417353fb999323d14d97f4a7,"[64, 1]",64,native_NHD_then_page_head_token_dim_permute,0.9999974370002747,0.3559631295502186,0.0009765625,25.35555648803711,4.7455083404202014e-05,0.0,"{'prefill': 'c4166cfe326127daf30bc629493d8b251d8be85f97cda2efa510eab6bc6d3a54', 'decode': 'c47f9bdcfb879eb73723521240a48a9bae99349d094a1fb82563535aabde82ec'}",True,True,9.1.0,full_verify_d2_m64_b32_kv4096_uniform_tp4,True,npu:5,5,Ascend950PR_957b,1,2,bfloat16,prefill,False,256,"[16384, 256, 256, 1]",4096,tp4,uniform,64,,2,4096,28,1,6,56,64,0.9999998807907104,0.0,0.0,0.0,0.0,2049,3.11.10,1.0,"[1536, 256, 1]",correctness,32,"[4096, 4096, 4096, 4096, 4096, 4096, 4096, 4096, 4096, 4096, 4096, 4096, 4096, 4096, 4096, 4096, 4096, 4096, 4096, 4096, 4096, 4096, 4096, 4096, 4096, 4096, 4096, 4096, 4096, 4096, 4096, 4096]","[2, 2, 2, 2, 2, 2, 2, 2, 2, 2, 2, 2, 2, 2, 2, 2, 2, 2, 2, 2, 2, 2, 2, 2, 2, 2, 2, 2, 2, 2, 2, 2]",1,20260829,float32,0.09119556747428784,PASS,,verify_d2,2.10.0.post4.dev20260715,2.10.0+cpu,3.2.0,full_verify_d2_m64_b32_kv4096_uniform,6146ca39720729ca417353fb999323d14d97f4a7
full,0.9999973177909851,0.5378392525017262,0.0009765625,40.733333587646484,4.8182504542637616e-05,0.0,"{'prefill': 'c4166cfe326127daf30bc629493d8b251d8be85f97cda2efa510eab6bc6d3a54', 'decode': 'c47f9bdcfb879eb73723521240a48a9bae99349d094a1fb82563535aabde82ec'}",True,40,6146ca39720729ca417353fb999323d14d97f4a7,"[64, 1]",64,native_NHD_then_page_head_token_dim_permute,0.9999973177909851,0.40480075404047966,0.0009765625,40.733333587646484,4.8182504542637616e-05,0.0,"{'prefill': 'c4166cfe326127daf30bc629493d8b251d8be85f97cda2efa510eab6bc6d3a54', 'decode': 'c47f9bdcfb879eb73723521240a48a9bae99349d094a1fb82563535aabde82ec'}",True,True,9.1.0,full_verify_d2_m80_b40_kv4096_uniform_tp4,True,npu:5,5,Ascend950PR_957b,1,2,bfloat16,prefill,False,256,"[16384, 256, 256, 1]",4096,tp4,uniform,80,,2,4096,28,1,6,56,64,1.0,0.0,0.0,0.0,0.0,2561,3.11.10,1.0,"[1536, 256, 1]",correctness,32,"[4096, 4096, 4096, 4096, 4096, 4096, 4096, 4096, 4096, 4096, 4096, 4096, 4096, 4096, 4096, 4096, 4096, 4096, 4096, 4096, 4096, 4096, 4096, 4096, 4096, 4096, 4096, 4096, 4096, 4096, 4096, 4096, 4096, 4096, 4096, 4096, 4096, 4096, 4096, 4096]","[2, 2, 2, 2, 2, 2, 2, 2, 2, 2, 2, 2, 2, 2, 2, 2, 2, 2, 2, 2, 2, 2, 2, 2, 2, 2, 2, 2, 2, 2, 2, 2, 2, 2, 2, 2, 2, 2, 2, 2]",1,20260829,float32,0.09119556747428784,PASS,,verify_d2,2.10.0.post4.dev20260715,2.10.0+cpu,3.2.0,full_verify_d2_m80_b40_kv4096_uniform,6146ca39720729ca417353fb999323d14d97f4a7
full,0.9999977946281433,0.6557363085448742,0.001953125,62.94495391845703,4.741519660456106e-05,0.0,"{'prefill': 'c4166cfe326127daf30bc629493d8b251d8be85f97cda2efa510eab6bc6d3a54', 'decode': 'c47f9bdcfb879eb73723521240a48a9bae99349d094a1fb82563535aabde82ec'}",True,56,6146ca39720729ca417353fb999323d14d97f4a7,"[64, 1]",64,native_NHD_then_page_head_token_dim_permute,0.9999977946281433,0.49618957564234734,0.001953125,62.94495391845703,4.741519660456106e-05,0.0,"{'prefill': 'c4166cfe326127daf30bc629493d8b251d8be85f97cda2efa510eab6bc6d3a54', 'decode': 'c47f9bdcfb879eb73723521240a48a9bae99349d094a1fb82563535aabde82ec'}",True,True,9.1.0,full_verify_d2_m112_b56_kv4096_uniform_tp4,True,npu:5,5,Ascend950PR_957b,1,2,bfloat16,prefill,False,256,"[16384, 256, 256, 1]",4096,tp4,uniform,112,,2,4096,28,1,6,56,64,1.0000001192092896,0.0,0.0,0.0,0.0,3585,3.11.10,1.0,"[1536, 256, 1]",correctness,32,"[4096, 4096, 4096, 4096, 4096, 4096, 4096, 4096, 4096, 4096, 4096, 4096, 4096, 4096, 4096, 4096, 4096, 4096, 4096, 4096, 4096, 4096, 4096, 4096, 4096, 4096, 4096, 4096, 4096, 4096, 4096, 4096, 4096, 4096, 4096, 4096, 4096, 4096, 4096, 4096, 4096, 4096, 4096, 4096, 4096, 4096, 4096, 4096, 4096, 4096, 4096, 4096, 4096, 4096, 4096, 4096]","[2, 2, 2, 2, 2, 2, 2, 2, 2, 2, 2, 2, 2, 2, 2, 2, 2, 2, 2, 2, 2, 2, 2, 2, 2, 2, 2, 2, 2, 2, 2, 2, 2, 2, 2, 2, 2, 2, 2, 2, 2, 2, 2, 2, 2, 2, 2, 2, 2, 2, 2, 2, 2, 2, 2, 2]",1,20260829,float32,0.09119556747428784,PASS,,verify_d2,2.10.0.post4.dev20260715,2.10.0+cpu,3.2.0,full_verify_d2_m112_b56_kv4096_uniform,6146ca39720729ca417353fb999323d14d97f4a7
full,0.999997615814209,0.23636501282453537,0.0009765625,3.4848484992980957,4.516327317105606e-05,0.0,"{'prefill': 'c4166cfe326127daf30bc629493d8b251d8be85f97cda2efa510eab6bc6d3a54', 'decode': 'c47f9bdcfb879eb73723521240a48a9bae99349d094a1fb82563535aabde82ec'}",True,1,6146ca39720729ca417353fb999323d14d97f4a7,"[64, 1]",64,native_NHD_then_page_head_token_dim_permute,0.999997615814209,1.1552763171494007,0.0009765625,3.4848484992980957,4.516327317105606e-05,0.0,"{'prefill': 'c4166cfe326127daf30bc629493d8b251d8be85f97cda2efa510eab6bc6d3a54', 'decode': 'c47f9bdcfb879eb73723521240a48a9bae99349d094a1fb82563535aabde82ec'}",True,True,9.1.0,full_verify_d3_m3_b1_kv4096_uniform_tp4,True,npu:5,5,Ascend950PR_957b,1,3,bfloat16,prefill,False,256,"[16384, 256, 256, 1]",4096,tp4,uniform,3,,3,4096,28,1,6,56,64,1.0,0.0,0.0,0.0,0.0,65,3.11.10,1.0,"[1536, 256, 1]",correctness,3,[4096],[3],1,20260829,float32,0.09119556747428784,PASS,,verify_d3,2.10.0.post4.dev20260715,2.10.0+cpu,3.2.0,full_verify_d3_m3_b1_kv4096_uniform,6146ca39720729ca417353fb999323d14d97f4a7
full,0.9999975562095642,0.24980492889881134,0.0009765625,8.938931465148926,4.666206586989574e-05,0.0,"{'prefill': 'c4166cfe326127daf30bc629493d8b251d8be85f97cda2efa510eab6bc6d3a54', 'decode': 'c47f9bdcfb879eb73723521240a48a9bae99349d094a1fb82563535aabde82ec'}",True,4,6146ca39720729ca417353fb999323d14d97f4a7,"[64, 1]",64,native_NHD_then_page_head_token_dim_permute,0.9999975562095642,0.19642570987343788,0.0009765625,8.938931465148926,4.666206586989574e-05,0.0,"{'prefill': 'c4166cfe326127daf30bc629493d8b251d8be85f97cda2efa510eab6bc6d3a54', 'decode': 'c47f9bdcfb879eb73723521240a48a9bae99349d094a1fb82563535aabde82ec'}",True,True,9.1.0,full_verify_d3_m12_b4_kv4096_uniform_tp4,True,npu:5,5,Ascend950PR_957b,1,3,bfloat16,prefill,False,256,"[16384, 256, 256, 1]",4096,tp4,uniform,12,,3,4096,28,1,6,56,64,0.9999998807907104,0.0,0.0,0.0,0.0,257,3.11.10,1.0,"[1536, 256, 1]",correctness,12,"[4096, 4096, 4096, 4096]","[3, 3, 3, 3]",1,20260829,float32,0.09119556747428784,PASS,,verify_d3,2.10.0.post4.dev20260715,2.10.0+cpu,3.2.0,full_verify_d3_m12_b4_kv4096_uniform,6146ca39720729ca417353fb999323d14d97f4a7
full,0.9999974966049194,0.28461404144763947,0.0009765625,12.636363983154297,4.665659798774868e-05,0.0,"{'prefill': 'c4166cfe326127daf30bc629493d8b251d8be85f97cda2efa510eab6bc6d3a54', 'decode': 'c47f9bdcfb879eb73723521240a48a9bae99349d094a1fb82563535aabde82ec'}",True,8,6146ca39720729ca417353fb999323d14d97f4a7,"[64, 1]",64,native_NHD_then_page_head_token_dim_permute,0.9999974966049194,0.2215649001300335,0.0009765625,12.636363983154297,4.665659798774868e-05,0.0,"{'prefill': 'c4166cfe326127daf30bc629493d8b251d8be85f97cda2efa510eab6bc6d3a54', 'decode': 'c47f9bdcfb879eb73723521240a48a9bae99349d094a1fb82563535aabde82ec'}",True,True,9.1.0,full_verify_d3_m24_b8_kv4096_uniform_tp4,True,npu:5,5,Ascend950PR_957b,1,3,bfloat16,prefill,False,256,"[16384, 256, 256, 1]",4096,tp4,uniform,24,,3,4096,28,1,6,56,64,1.0,0.0,0.0,0.0,0.0,513,3.11.10,1.0,"[1536, 256, 1]",correctness,24,"[4096, 4096, 4096, 4096, 4096, 4096, 4096, 4096]","[3, 3, 3, 3, 3, 3, 3, 3]",1,20260829,float32,0.09119556747428784,PASS,,verify_d3,2.10.0.post4.dev20260715,2.10.0+cpu,3.2.0,full_verify_d3_m24_b8_kv4096_uniform,6146ca39720729ca417353fb999323d14d97f4a7
full,0.9999974966049194,0.34292275086045265,0.0009765625,26.78285789489746,4.722636003862135e-05,0.0,"{'prefill': 'c4166cfe326127daf30bc629493d8b251d8be85f97cda2efa510eab6bc6d3a54', 'decode': 'c47f9bdcfb879eb73723521240a48a9bae99349d094a1fb82563535aabde82ec'}",True,16,6146ca39720729ca417353fb999323d14d97f4a7,"[64, 1]",64,native_NHD_then_page_head_token_dim_permute,0.9999974966049194,0.2689352259039879,0.0009765625,26.78285789489746,4.722636003862135e-05,0.0,"{'prefill': 'c4166cfe326127daf30bc629493d8b251d8be85f97cda2efa510eab6bc6d3a54', 'decode': 'c47f9bdcfb879eb73723521240a48a9bae99349d094a1fb82563535aabde82ec'}",True,True,9.1.0,full_verify_d3_m48_b16_kv4096_uniform_tp4,True,npu:5,5,Ascend950PR_957b,1,3,bfloat16,prefill,False,256,"[16384, 256, 256, 1]",4096,tp4,uniform,48,,3,4096,28,1,6,56,64,1.0,0.0,0.0,0.0,0.0,1025,3.11.10,1.0,"[1536, 256, 1]",correctness,32,"[4096, 4096, 4096, 4096, 4096, 4096, 4096, 4096, 4096, 4096, 4096, 4096, 4096, 4096, 4096, 4096]","[3, 3, 3, 3, 3, 3, 3, 3, 3, 3, 3, 3, 3, 3, 3, 3]",1,20260829,float32,0.09119556747428784,PASS,,verify_d3,2.10.0.post4.dev20260715,2.10.0+cpu,3.2.0,full_verify_d3_m48_b16_kv4096_uniform,6146ca39720729ca417353fb999323d14d97f4a7
full,0.9999974370002747,0.46983081847429276,0.0009765625,151.39999389648438,4.849796459893696e-05,0.0,"{'prefill': 'c4166cfe326127daf30bc629493d8b251d8be85f97cda2efa510eab6bc6d3a54', 'decode': 'c47f9bdcfb879eb73723521240a48a9bae99349d094a1fb82563535aabde82ec'}",True,32,6146ca39720729ca417353fb999323d14d97f4a7,"[64, 1]",64,native_NHD_then_page_head_token_dim_permute,0.9999974370002747,0.3628721460700035,0.0009765625,151.39999389648438,4.849796459893696e-05,0.0,"{'prefill': 'c4166cfe326127daf30bc629493d8b251d8be85f97cda2efa510eab6bc6d3a54', 'decode': 'c47f9bdcfb879eb73723521240a48a9bae99349d094a1fb82563535aabde82ec'}",True,True,9.1.0,full_verify_d3_m96_b32_kv4096_uniform_tp4,True,npu:5,5,Ascend950PR_957b,1,3,bfloat16,prefill,False,256,"[16384, 256, 256, 1]",4096,tp4,uniform,96,,3,4096,28,1,6,56,64,0.9999999403953552,0.0,0.0,0.0,0.0,2049,3.11.10,1.0,"[1536, 256, 1]",correctness,32,"[4096, 4096, 4096, 4096, 4096, 4096, 4096, 4096, 4096, 4096, 4096, 4096, 4096, 4096, 4096, 4096, 4096, 4096, 4096, 4096, 4096, 4096, 4096, 4096, 4096, 4096, 4096, 4096, 4096, 4096, 4096, 4096]","[3, 3, 3, 3, 3, 3, 3, 3, 3, 3, 3, 3, 3, 3, 3, 3, 3, 3, 3, 3, 3, 3, 3, 3, 3, 3, 3, 3, 3, 3, 3, 3]",1,20260829,float32,0.09119556747428784,PASS,,verify_d3,2.10.0.post4.dev20260715,2.10.0+cpu,3.2.0,full_verify_d3_m96_b32_kv4096_uniform,6146ca39720729ca417353fb999323d14d97f4a7
full,0.9999974966049194,0.5540680140256882,0.001953125,20.22832679748535,4.772614920511842e-05,0.0,"{'prefill': 'c4166cfe326127daf30bc629493d8b251d8be85f97cda2efa510eab6bc6d3a54', 'decode': 'c47f9bdcfb879eb73723521240a48a9bae99349d094a1fb82563535aabde82ec'}",True,40,6146ca39720729ca417353fb999323d14d97f4a7,"[64, 1]",64,native_NHD_then_page_head_token_dim_permute,0.9999974966049194,0.4067518748342991,0.001953125,20.22832679748535,4.772614920511842e-05,0.0,"{'prefill': 'c4166cfe326127daf30bc629493d8b251d8be85f97cda2efa510eab6bc6d3a54', 'decode': 'c47f9bdcfb879eb73723521240a48a9bae99349d094a1fb82563535aabde82ec'}",True,True,9.1.0,full_verify_d3_m120_b40_kv4096_uniform_tp4,True,npu:5,5,Ascend950PR_957b,1,3,bfloat16,prefill,False,256,"[16384, 256, 256, 1]",4096,tp4,uniform,120,,3,4096,28,1,6,56,64,1.0,0.0,0.0,0.0,0.0,2561,3.11.10,1.0,"[1536, 256, 1]",correctness,32,"[4096, 4096, 4096, 4096, 4096, 4096, 4096, 4096, 4096, 4096, 4096, 4096, 4096, 4096, 4096, 4096, 4096, 4096, 4096, 4096, 4096, 4096, 4096, 4096, 4096, 4096, 4096, 4096, 4096, 4096, 4096, 4096, 4096, 4096, 4096, 4096, 4096, 4096, 4096, 4096]","[3, 3, 3, 3, 3, 3, 3, 3, 3, 3, 3, 3, 3, 3, 3, 3, 3, 3, 3, 3, 3, 3, 3, 3, 3, 3, 3, 3, 3, 3, 3, 3, 3, 3, 3, 3, 3, 3, 3, 3]",1,20260829,float32,0.09119556747428784,PASS,,verify_d3,2.10.0.post4.dev20260715,2.10.0+cpu,3.2.0,full_verify_d3_m120_b40_kv4096_uniform,6146ca39720729ca417353fb999323d14d97f4a7
full,0.9999973773956299,0.6662262603640556,0.0009765625,78.27021026611328,4.812923725694418e-05,0.0,"{'prefill': 'c4166cfe326127daf30bc629493d8b251d8be85f97cda2efa510eab6bc6d3a54', 'decode': 'c47f9bdcfb879eb73723521240a48a9bae99349d094a1fb82563535aabde82ec'}",True,56,6146ca39720729ca417353fb999323d14d97f4a7,"[64, 1]",64,native_NHD_then_page_head_token_dim_permute,0.9999973773956299,0.5017700605094433,0.0009765625,78.27021026611328,4.812923725694418e-05,0.0,"{'prefill': 'c4166cfe326127daf30bc629493d8b251d8be85f97cda2efa510eab6bc6d3a54', 'decode': 'c47f9bdcfb879eb73723521240a48a9bae99349d094a1fb82563535aabde82ec'}",True,True,9.1.0,full_verify_d3_m168_b56_kv4096_uniform_tp4,True,npu:5,5,Ascend950PR_957b,1,3,bfloat16,prefill,False,256,"[16384, 256, 256, 1]",4096,tp4,uniform,168,,3,4096,28,1,6,56,64,1.0,0.0,0.0,0.0,0.0,3585,3.11.10,1.0,"[1536, 256, 1]",correctness,32,"[4096, 4096, 4096, 4096, 4096, 4096, 4096, 4096, 4096, 4096, 4096, 4096, 4096, 4096, 4096, 4096, 4096, 4096, 4096, 4096, 4096, 4096, 4096, 4096, 4096, 4096, 4096, 4096, 4096, 4096, 4096, 4096, 4096, 4096, 4096, 4096, 4096, 4096, 4096, 4096, 4096, 4096, 4096, 4096, 4096, 4096, 4096, 4096, 4096, 4096, 4096, 4096, 4096, 4096, 4096, 4096]","[3, 3, 3, 3, 3, 3, 3, 3, 3, 3, 3, 3, 3, 3, 3, 3, 3, 3, 3, 3, 3, 3, 3, 3, 3, 3, 3, 3, 3, 3, 3, 3, 3, 3, 3, 3, 3, 3, 3, 3, 3, 3, 3, 3, 3, 3, 3, 3, 3, 3, 3, 3, 3, 3, 3, 3]",1,20260829,float32,0.09119556747428784,PASS,,verify_d3,2.10.0.post4.dev20260715,2.10.0+cpu,3.2.0,full_verify_d3_m168_b56_kv4096_uniform,6146ca39720729ca417353fb999323d14d97f4a7
full,0.9999971389770508,0.2322746440768242,0.0009765625,4.388429641723633,4.9279995437245816e-05,0.0,"{'prefill': 'c4166cfe326127daf30bc629493d8b251d8be85f97cda2efa510eab6bc6d3a54', 'decode': 'c47f9bdcfb879eb73723521240a48a9bae99349d094a1fb82563535aabde82ec'}",True,1,6146ca39720729ca417353fb999323d14d97f4a7,"[64, 1]",64,native_NHD_then_page_head_token_dim_permute,0.9999971389770508,1.1205468326807022,0.0009765625,4.388429641723633,4.9279995437245816e-05,0.0,"{'prefill': 'c4166cfe326127daf30bc629493d8b251d8be85f97cda2efa510eab6bc6d3a54', 'decode': 'c47f9bdcfb879eb73723521240a48a9bae99349d094a1fb82563535aabde82ec'}",True,True,9.1.0,full_verify_d4_m4_b1_kv4096_uniform_tp4,True,npu:5,5,Ascend950PR_957b,1,4,bfloat16,prefill,False,256,"[16384, 256, 256, 1]",4096,tp4,uniform,4,,4,4096,28,1,6,56,64,1.0,0.0,0.0,0.0,0.0,65,3.11.10,1.0,"[1536, 256, 1]",correctness,4,[4096],[4],1,20260829,float32,0.09119556747428784,PASS,,verify_d4,2.10.0.post4.dev20260715,2.10.0+cpu,3.2.0,full_verify_d4_m4_b1_kv4096_uniform,6146ca39720729ca417353fb999323d14d97f4a7
full,0.9999973773956299,0.24099508300423622,0.0009765625,22.021583557128906,4.8177676944760606e-05,0.0,"{'prefill': 'c4166cfe326127daf30bc629493d8b251d8be85f97cda2efa510eab6bc6d3a54', 'decode': 'c47f9bdcfb879eb73723521240a48a9bae99349d094a1fb82563535aabde82ec'}",True,4,6146ca39720729ca417353fb999323d14d97f4a7,"[64, 1]",64,native_NHD_then_page_head_token_dim_permute,0.9999973773956299,0.1977561041712761,0.0009765625,22.021583557128906,4.8177676944760606e-05,0.0,"{'prefill': 'c4166cfe326127daf30bc629493d8b251d8be85f97cda2efa510eab6bc6d3a54', 'decode': 'c47f9bdcfb879eb73723521240a48a9bae99349d094a1fb82563535aabde82ec'}",True,True,9.1.0,full_verify_d4_m16_b4_kv4096_uniform_tp4,True,npu:5,5,Ascend950PR_957b,1,4,bfloat16,prefill,False,256,"[16384, 256, 256, 1]",4096,tp4,uniform,16,,4,4096,28,1,6,56,64,0.9999998807907104,0.0,0.0,0.0,0.0,257,3.11.10,1.0,"[1536, 256, 1]",correctness,16,"[4096, 4096, 4096, 4096]","[4, 4, 4, 4]",1,20260829,float32,0.09119556747428784,PASS,,verify_d4,2.10.0.post4.dev20260715,2.10.0+cpu,3.2.0,full_verify_d4_m16_b4_kv4096_uniform,6146ca39720729ca417353fb999323d14d97f4a7
full,0.9999974966049194,0.2833642065525055,0.0009765625,35.671531677246094,4.742141391034238e-05,0.0,"{'prefill': 'c4166cfe326127daf30bc629493d8b251d8be85f97cda2efa510eab6bc6d3a54', 'decode': 'c47f9bdcfb879eb73723521240a48a9bae99349d094a1fb82563535aabde82ec'}",True,8,6146ca39720729ca417353fb999323d14d97f4a7,"[64, 1]",64,native_NHD_then_page_head_token_dim_permute,0.9999974966049194,0.22654607892036438,0.0009765625,35.671531677246094,4.742141391034238e-05,0.0,"{'prefill': 'c4166cfe326127daf30bc629493d8b251d8be85f97cda2efa510eab6bc6d3a54', 'decode': 'c47f9bdcfb879eb73723521240a48a9bae99349d094a1fb82563535aabde82ec'}",True,True,9.1.0,full_verify_d4_m32_b8_kv4096_uniform_tp4,True,npu:5,5,Ascend950PR_957b,1,4,bfloat16,prefill,False,256,"[16384, 256, 256, 1]",4096,tp4,uniform,32,,4,4096,28,1,6,56,64,1.0,0.0,0.0,0.0,0.0,513,3.11.10,1.0,"[1536, 256, 1]",correctness,32,"[4096, 4096, 4096, 4096, 4096, 4096, 4096, 4096]","[4, 4, 4, 4, 4, 4, 4, 4]",1,20260829,float32,0.09119556747428784,PASS,,verify_d4,2.10.0.post4.dev20260715,2.10.0+cpu,3.2.0,full_verify_d4_m32_b8_kv4096_uniform,6146ca39720729ca417353fb999323d14d97f4a7
full,0.9999975562095642,0.3370833583176136,0.0009765625,87.2258071899414,4.796250141225755e-05,0.0,"{'prefill': 'c4166cfe326127daf30bc629493d8b251d8be85f97cda2efa510eab6bc6d3a54', 'decode': 'c47f9bdcfb879eb73723521240a48a9bae99349d094a1fb82563535aabde82ec'}",True,16,6146ca39720729ca417353fb999323d14d97f4a7,"[64, 1]",64,native_NHD_then_page_head_token_dim_permute,0.9999975562095642,0.2637850120663643,0.0009765625,87.2258071899414,4.796250141225755e-05,0.0,"{'prefill': 'c4166cfe326127daf30bc629493d8b251d8be85f97cda2efa510eab6bc6d3a54', 'decode': 'c47f9bdcfb879eb73723521240a48a9bae99349d094a1fb82563535aabde82ec'}",True,True,9.1.0,full_verify_d4_m64_b16_kv4096_uniform_tp4,True,npu:5,5,Ascend950PR_957b,1,4,bfloat16,prefill,False,256,"[16384, 256, 256, 1]",4096,tp4,uniform,64,,4,4096,28,1,6,56,64,1.0000001192092896,0.0,0.0,0.0,0.0,1025,3.11.10,1.0,"[1536, 256, 1]",correctness,32,"[4096, 4096, 4096, 4096, 4096, 4096, 4096, 4096, 4096, 4096, 4096, 4096, 4096, 4096, 4096, 4096]","[4, 4, 4, 4, 4, 4, 4, 4, 4, 4, 4, 4, 4, 4, 4, 4]",1,20260829,float32,0.09119556747428784,PASS,,verify_d4,2.10.0.post4.dev20260715,2.10.0+cpu,3.2.0,full_verify_d4_m64_b16_kv4096_uniform,6146ca39720729ca417353fb999323d14d97f4a7
full,0.999997615814209,0.46173064038157463,0.0009765625,48.30434799194336,4.6516855945810676e-05,0.0,"{'prefill': 'c4166cfe326127daf30bc629493d8b251d8be85f97cda2efa510eab6bc6d3a54', 'decode': 'c47f9bdcfb879eb73723521240a48a9bae99349d094a1fb82563535aabde82ec'}",True,32,6146ca39720729ca417353fb999323d14d97f4a7,"[64, 1]",64,native_NHD_then_page_head_token_dim_permute,0.999997615814209,0.3599119372665882,0.0009765625,48.30434799194336,4.6516855945810676e-05,0.0,"{'prefill': 'c4166cfe326127daf30bc629493d8b251d8be85f97cda2efa510eab6bc6d3a54', 'decode': 'c47f9bdcfb879eb73723521240a48a9bae99349d094a1fb82563535aabde82ec'}",True,True,9.1.0,full_verify_d4_m128_b32_kv4096_uniform_tp4,True,npu:5,5,Ascend950PR_957b,1,4,bfloat16,prefill,False,256,"[16384, 256, 256, 1]",4096,tp4,uniform,128,,4,4096,28,1,6,56,64,0.9999998807907104,0.0,0.0,0.0,0.0,2049,3.11.10,1.0,"[1536, 256, 1]",correctness,32,"[4096, 4096, 4096, 4096, 4096, 4096, 4096, 4096, 4096, 4096, 4096, 4096, 4096, 4096, 4096, 4096, 4096, 4096, 4096, 4096, 4096, 4096, 4096, 4096, 4096, 4096, 4096, 4096, 4096, 4096, 4096, 4096]","[4, 4, 4, 4, 4, 4, 4, 4, 4, 4, 4, 4, 4, 4, 4, 4, 4, 4, 4, 4, 4, 4, 4, 4, 4, 4, 4, 4, 4, 4, 4, 4]",1,20260829,float32,0.09119556747428784,PASS,,verify_d4,2.10.0.post4.dev20260715,2.10.0+cpu,3.2.0,full_verify_d4_m128_b32_kv4096_uniform,6146ca39720729ca417353fb999323d14d97f4a7
full,0.999997615814209,0.540838111191988,0.0009765625,103.92070007324219,4.709636777988635e-05,0.0,"{'prefill': 'c4166cfe326127daf30bc629493d8b251d8be85f97cda2efa510eab6bc6d3a54', 'decode': 'c47f9bdcfb879eb73723521240a48a9bae99349d094a1fb82563535aabde82ec'}",True,40,6146ca39720729ca417353fb999323d14d97f4a7,"[64, 1]",64,native_NHD_then_page_head_token_dim_permute,0.999997615814209,0.39972178637981415,0.0009765625,103.92070007324219,4.709636777988635e-05,0.0,"{'prefill': 'c4166cfe326127daf30bc629493d8b251d8be85f97cda2efa510eab6bc6d3a54', 'decode': 'c47f9bdcfb879eb73723521240a48a9bae99349d094a1fb82563535aabde82ec'}",True,True,9.1.0,full_verify_d4_m160_b40_kv4096_uniform_tp4,True,npu:5,5,Ascend950PR_957b,1,4,bfloat16,prefill,False,256,"[16384, 256, 256, 1]",4096,tp4,uniform,160,,4,4096,28,1,6,56,64,1.0000001192092896,0.0,0.0,0.0,0.0,2561,3.11.10,1.0,"[1536, 256, 1]",correctness,32,"[4096, 4096, 4096, 4096, 4096, 4096, 4096, 4096, 4096, 4096, 4096, 4096, 4096, 4096, 4096, 4096, 4096, 4096, 4096, 4096, 4096, 4096, 4096, 4096, 4096, 4096, 4096, 4096, 4096, 4096, 4096, 4096, 4096, 4096, 4096, 4096, 4096, 4096, 4096, 4096]","[4, 4, 4, 4, 4, 4, 4, 4, 4, 4, 4, 4, 4, 4, 4, 4, 4, 4, 4, 4, 4, 4, 4, 4, 4, 4, 4, 4, 4, 4, 4, 4, 4, 4, 4, 4, 4, 4, 4, 4]",1,20260829,float32,0.09119556747428784,PASS,,verify_d4,2.10.0.post4.dev20260715,2.10.0+cpu,3.2.0,full_verify_d4_m160_b40_kv4096_uniform,6146ca39720729ca417353fb999323d14d97f4a7
full,0.9999974966049194,0.663035549223423,0.0009765625,37.0,4.681307473219931e-05,0.0,"{'prefill': 'c4166cfe326127daf30bc629493d8b251d8be85f97cda2efa510eab6bc6d3a54', 'decode': 'c47f9bdcfb879eb73723521240a48a9bae99349d094a1fb82563535aabde82ec'}",True,56,6146ca39720729ca417353fb999323d14d97f4a7,"[64, 1]",64,native_NHD_then_page_head_token_dim_permute,0.9999974966049194,0.4917299374938011,0.0009765625,37.0,4.681307473219931e-05,0.0,"{'prefill': 'c4166cfe326127daf30bc629493d8b251d8be85f97cda2efa510eab6bc6d3a54', 'decode': 'c47f9bdcfb879eb73723521240a48a9bae99349d094a1fb82563535aabde82ec'}",True,True,9.1.0,full_verify_d4_m224_b56_kv4096_uniform_tp4,True,npu:5,5,Ascend950PR_957b,1,4,bfloat16,prefill,False,256,"[16384, 256, 256, 1]",4096,tp4,uniform,224,,4,4096,28,1,6,56,64,1.0,0.0,0.0,0.0,0.0,3585,3.11.10,1.0,"[1536, 256, 1]",correctness,32,"[4096, 4096, 4096, 4096, 4096, 4096, 4096, 4096, 4096, 4096, 4096, 4096, 4096, 4096, 4096, 4096, 4096, 4096, 4096, 4096, 4096, 4096, 4096, 4096, 4096, 4096, 4096, 4096, 4096, 4096, 4096, 4096, 4096, 4096, 4096, 4096, 4096, 4096, 4096, 4096, 4096, 4096, 4096, 4096, 4096, 4096, 4096, 4096, 4096, 4096, 4096, 4096, 4096, 4096, 4096, 4096]","[4, 4, 4, 4, 4, 4, 4, 4, 4, 4, 4, 4, 4, 4, 4, 4, 4, 4, 4, 4, 4, 4, 4, 4, 4, 4, 4, 4, 4, 4, 4, 4, 4, 4, 4, 4, 4, 4, 4, 4, 4, 4, 4, 4, 4, 4, 4, 4, 4, 4, 4, 4, 4, 4, 4, 4]",1,20260829,float32,0.09119556747428784,PASS,,verify_d4,2.10.0.post4.dev20260715,2.10.0+cpu,3.2.0,full_verify_d4_m224_b56_kv4096_uniform,6146ca39720729ca417353fb999323d14d97f4a7
full,0.999997079372406,0.23176567628979683,0.0009765625,3.642857074737549,4.7834793804213405e-05,0.0,"{'prefill': 'c4166cfe326127daf30bc629493d8b251d8be85f97cda2efa510eab6bc6d3a54', 'decode': 'c47f9bdcfb879eb73723521240a48a9bae99349d094a1fb82563535aabde82ec'}",True,1,6146ca39720729ca417353fb999323d14d97f4a7,"[64, 1]",64,native_NHD_then_page_head_token_dim_permute,0.999997079372406,1.3446416705846786,0.0009765625,3.642857074737549,4.7834793804213405e-05,0.0,"{'prefill': 'c4166cfe326127daf30bc629493d8b251d8be85f97cda2efa510eab6bc6d3a54', 'decode': 'c47f9bdcfb879eb73723521240a48a9bae99349d094a1fb82563535aabde82ec'}",True,True,9.1.0,full_verify_d2_m2_b1_kv4096_uniform_tp4_dp2,True,npu:5,5,Ascend950PR_957b,2,2,bfloat16,prefill,False,256,"[16384, 256, 256, 1]",4096,tp4_dp2,uniform,2,,2,4096,28,1,12,56,64,1.0,0.0,0.0,0.0,0.0,65,3.11.10,2.0,"[3072, 256, 1]",correctness,2,[4096],[2],1,20260829,float32,0.09119556747428784,PASS,,verify_d2,2.10.0.post4.dev20260715,2.10.0+cpu,3.2.0,full_verify_d2_m2_b1_kv4096_uniform,6146ca39720729ca417353fb999323d14d97f4a7
full,0.9999974966049194,0.29195379465818405,0.0009765625,87.64676666259766,4.85926830151584e-05,0.0,"{'prefill': 'c4166cfe326127daf30bc629493d8b251d8be85f97cda2efa510eab6bc6d3a54', 'decode': 'c47f9bdcfb879eb73723521240a48a9bae99349d094a1fb82563535aabde82ec'}",True,4,6146ca39720729ca417353fb999323d14d97f4a7,"[64, 1]",64,native_NHD_then_page_head_token_dim_permute,0.9999974966049194,0.33780327066779137,0.0009765625,87.64676666259766,4.85926830151584e-05,0.0,"{'prefill': 'c4166cfe326127daf30bc629493d8b251d8be85f97cda2efa510eab6bc6d3a54', 'decode': 'c47f9bdcfb879eb73723521240a48a9bae99349d094a1fb82563535aabde82ec'}",True,True,9.1.0,full_verify_d2_m8_b4_kv4096_uniform_tp4_dp2,True,npu:5,5,Ascend950PR_957b,2,2,bfloat16,prefill,False,256,"[16384, 256, 256, 1]",4096,tp4_dp2,uniform,8,,2,4096,28,1,12,56,64,1.0,0.0,0.0,0.0,0.0,257,3.11.10,2.0,"[3072, 256, 1]",correctness,8,"[4096, 4096, 4096, 4096]","[2, 2, 2, 2]",1,20260829,float32,0.09119556747428784,PASS,,verify_d2,2.10.0.post4.dev20260715,2.10.0+cpu,3.2.0,full_verify_d2_m8_b4_kv4096_uniform,6146ca39720729ca417353fb999323d14d97f4a7
full,0.999997615814209,0.32792333513498306,0.0009765625,27.846715927124023,4.747435377794318e-05,0.0,"{'prefill': 'c4166cfe326127daf30bc629493d8b251d8be85f97cda2efa510eab6bc6d3a54', 'decode': 'c47f9bdcfb879eb73723521240a48a9bae99349d094a1fb82563535aabde82ec'}",True,8,6146ca39720729ca417353fb999323d14d97f4a7,"[64, 1]",64,native_NHD_then_page_head_token_dim_permute,0.999997615814209,0.525718554854393,0.0009765625,27.846715927124023,4.747435377794318e-05,0.0,"{'prefill': 'c4166cfe326127daf30bc629493d8b251d8be85f97cda2efa510eab6bc6d3a54', 'decode': 'c47f9bdcfb879eb73723521240a48a9bae99349d094a1fb82563535aabde82ec'}",True,True,9.1.0,full_verify_d2_m16_b8_kv4096_uniform_tp4_dp2,True,npu:5,5,Ascend950PR_957b,2,2,bfloat16,prefill,False,256,"[16384, 256, 256, 1]",4096,tp4_dp2,uniform,16,,2,4096,28,1,12,56,64,1.0,0.0,0.0,0.0,0.0,513,3.11.10,2.0,"[3072, 256, 1]",correctness,16,"[4096, 4096, 4096, 4096, 4096, 4096, 4096, 4096]","[2, 2, 2, 2, 2, 2, 2, 2]",1,20260829,float32,0.09119556747428784,PASS,,verify_d2,2.10.0.post4.dev20260715,2.10.0+cpu,3.2.0,full_verify_d2_m16_b8_kv4096_uniform,6146ca39720729ca417353fb999323d14d97f4a7
full,0.9999976754188538,0.43623102828860283,0.0009765625,104.6881103515625,4.8094269004650414e-05,0.0,"{'prefill': 'c4166cfe326127daf30bc629493d8b251d8be85f97cda2efa510eab6bc6d3a54', 'decode': 'c47f9bdcfb879eb73723521240a48a9bae99349d094a1fb82563535aabde82ec'}",True,16,6146ca39720729ca417353fb999323d14d97f4a7,"[64, 1]",64,native_NHD_then_page_head_token_dim_permute,0.9999976754188538,0.8168029598891735,0.0009765625,104.6881103515625,4.8094269004650414e-05,0.0,"{'prefill': 'c4166cfe326127daf30bc629493d8b251d8be85f97cda2efa510eab6bc6d3a54', 'decode': 'c47f9bdcfb879eb73723521240a48a9bae99349d094a1fb82563535aabde82ec'}",True,True,9.1.0,full_verify_d2_m32_b16_kv4096_uniform_tp4_dp2,True,npu:5,5,Ascend950PR_957b,2,2,bfloat16,prefill,False,256,"[16384, 256, 256, 1]",4096,tp4_dp2,uniform,32,,2,4096,28,1,12,56,64,1.0,0.0,0.0,0.0,0.0,1025,3.11.10,2.0,"[3072, 256, 1]",correctness,32,"[4096, 4096, 4096, 4096, 4096, 4096, 4096, 4096, 4096, 4096, 4096, 4096, 4096, 4096, 4096, 4096]","[2, 2, 2, 2, 2, 2, 2, 2, 2, 2, 2, 2, 2, 2, 2, 2]",1,20260829,float32,0.09119556747428784,PASS,,verify_d2,2.10.0.post4.dev20260715,2.10.0+cpu,3.2.0,full_verify_d2_m32_b16_kv4096_uniform,6146ca39720729ca417353fb999323d14d97f4a7
full,0.9999974370002747,0.6899558939039707,0.0009765625,48.230770111083984,4.804435229743831e-05,0.0,"{'prefill': 'c4166cfe326127daf30bc629493d8b251d8be85f97cda2efa510eab6bc6d3a54', 'decode': 'c47f9bdcfb879eb73723521240a48a9bae99349d094a1fb82563535aabde82ec'}",True,32,6146ca39720729ca417353fb999323d14d97f4a7,"[64, 1]",64,native_NHD_then_page_head_token_dim_permute,0.9999974370002747,1.516249030828476,0.0009765625,48.230770111083984,4.804435229743831e-05,0.0,"{'prefill': 'c4166cfe326127daf30bc629493d8b251d8be85f97cda2efa510eab6bc6d3a54', 'decode': 'c47f9bdcfb879eb73723521240a48a9bae99349d094a1fb82563535aabde82ec'}",True,True,9.1.0,full_verify_d2_m64_b32_kv4096_uniform_tp4_dp2,True,npu:5,5,Ascend950PR_957b,2,2,bfloat16,prefill,False,256,"[16384, 256, 256, 1]",4096,tp4_dp2,uniform,64,,2,4096,28,1,12,56,64,1.0000001192092896,0.0,0.0,0.0,0.0,2049,3.11.10,2.0,"[3072, 256, 1]",correctness,32,"[4096, 4096, 4096, 4096, 4096, 4096, 4096, 4096, 4096, 4096, 4096, 4096, 4096, 4096, 4096, 4096, 4096, 4096, 4096, 4096, 4096, 4096, 4096, 4096, 4096, 4096, 4096, 4096, 4096, 4096, 4096, 4096]","[2, 2, 2, 2, 2, 2, 2, 2, 2, 2, 2, 2, 2, 2, 2, 2, 2, 2, 2, 2, 2, 2, 2, 2, 2, 2, 2, 2, 2, 2, 2, 2]",1,20260829,float32,0.09119556747428784,PASS,,verify_d2,2.10.0.post4.dev20260715,2.10.0+cpu,3.2.0,full_verify_d2_m64_b32_kv4096_uniform,6146ca39720729ca417353fb999323d14d97f4a7
full,0.9999975562095642,0.7928237318992615,0.001953125,42.10880661010742,4.726172483060509e-05,0.0,"{'prefill': 'c4166cfe326127daf30bc629493d8b251d8be85f97cda2efa510eab6bc6d3a54', 'decode': 'c47f9bdcfb879eb73723521240a48a9bae99349d094a1fb82563535aabde82ec'}",True,40,6146ca39720729ca417353fb999323d14d97f4a7,"[64, 1]",64,native_NHD_then_page_head_token_dim_permute,0.9999975562095642,1.9007008522748947,0.001953125,42.10880661010742,4.726172483060509e-05,0.0,"{'prefill': 'c4166cfe326127daf30bc629493d8b251d8be85f97cda2efa510eab6bc6d3a54', 'decode': 'c47f9bdcfb879eb73723521240a48a9bae99349d094a1fb82563535aabde82ec'}",True,True,9.1.0,full_verify_d2_m80_b40_kv4096_uniform_tp4_dp2,True,npu:5,5,Ascend950PR_957b,2,2,bfloat16,prefill,False,256,"[16384, 256, 256, 1]",4096,tp4_dp2,uniform,80,,2,4096,28,1,12,56,64,1.0000001192092896,0.0,0.0,0.0,0.0,2561,3.11.10,2.0,"[3072, 256, 1]",correctness,32,"[4096, 4096, 4096, 4096, 4096, 4096, 4096, 4096, 4096, 4096, 4096, 4096, 4096, 4096, 4096, 4096, 4096, 4096, 4096, 4096, 4096, 4096, 4096, 4096, 4096, 4096, 4096, 4096, 4096, 4096, 4096, 4096, 4096, 4096, 4096, 4096, 4096, 4096, 4096, 4096]","[2, 2, 2, 2, 2, 2, 2, 2, 2, 2, 2, 2, 2, 2, 2, 2, 2, 2, 2, 2, 2, 2, 2, 2, 2, 2, 2, 2, 2, 2, 2, 2, 2, 2, 2, 2, 2, 2, 2, 2]",1,20260829,float32,0.09119556747428784,PASS,,verify_d2,2.10.0.post4.dev20260715,2.10.0+cpu,3.2.0,full_verify_d2_m80_b40_kv4096_uniform,6146ca39720729ca417353fb999323d14d97f4a7
full,0.999997615814209,1.0039890184998512,0.001953125,93.44145965576172,4.779800656251609e-05,0.0,"{'prefill': 'c4166cfe326127daf30bc629493d8b251d8be85f97cda2efa510eab6bc6d3a54', 'decode': 'c47f9bdcfb879eb73723521240a48a9bae99349d094a1fb82563535aabde82ec'}",True,56,6146ca39720729ca417353fb999323d14d97f4a7,"[64, 1]",64,native_NHD_then_page_head_token_dim_permute,0.999997615814209,2.476799301803112,0.001953125,93.44145965576172,4.779800656251609e-05,0.0,"{'prefill': 'c4166cfe326127daf30bc629493d8b251d8be85f97cda2efa510eab6bc6d3a54', 'decode': 'c47f9bdcfb879eb73723521240a48a9bae99349d094a1fb82563535aabde82ec'}",True,True,9.1.0,full_verify_d2_m112_b56_kv4096_uniform_tp4_dp2,True,npu:5,5,Ascend950PR_957b,2,2,bfloat16,prefill,False,256,"[16384, 256, 256, 1]",4096,tp4_dp2,uniform,112,,2,4096,28,1,12,56,64,0.9999999403953552,0.0,0.0,0.0,0.0,3585,3.11.10,2.0,"[3072, 256, 1]",correctness,32,"[4096, 4096, 4096, 4096, 4096, 4096, 4096, 4096, 4096, 4096, 4096, 4096, 4096, 4096, 4096, 4096, 4096, 4096, 4096, 4096, 4096, 4096, 4096, 4096, 4096, 4096, 4096, 4096, 4096, 4096, 4096, 4096, 4096, 4096, 4096, 4096, 4096, 4096, 4096, 4096, 4096, 4096, 4096, 4096, 4096, 4096, 4096, 4096, 4096, 4096, 4096, 4096, 4096, 4096, 4096, 4096]","[2, 2, 2, 2, 2, 2, 2, 2, 2, 2, 2, 2, 2, 2, 2, 2, 2, 2, 2, 2, 2, 2, 2, 2, 2, 2, 2, 2, 2, 2, 2, 2, 2, 2, 2, 2, 2, 2, 2, 2, 2, 2, 2, 2, 2, 2, 2, 2, 2, 2, 2, 2, 2, 2, 2, 2]",1,20260829,float32,0.09119556747428784,PASS,,verify_d2,2.10.0.post4.dev20260715,2.10.0+cpu,3.2.0,full_verify_d2_m112_b56_kv4096_uniform,6146ca39720729ca417353fb999323d14d97f4a7
full,0.999997615814209,0.23476500064134598,0.0009765625,21.365591049194336,4.761388117913157e-05,0.0,"{'prefill': 'c4166cfe326127daf30bc629493d8b251d8be85f97cda2efa510eab6bc6d3a54', 'decode': 'c47f9bdcfb879eb73723521240a48a9bae99349d094a1fb82563535aabde82ec'}",True,1,6146ca39720729ca417353fb999323d14d97f4a7,"[64, 1]",64,native_NHD_then_page_head_token_dim_permute,0.999997615814209,0.2331952564418316,0.0009765625,21.365591049194336,4.761388117913157e-05,0.0,"{'prefill': 'c4166cfe326127daf30bc629493d8b251d8be85f97cda2efa510eab6bc6d3a54', 'decode': 'c47f9bdcfb879eb73723521240a48a9bae99349d094a1fb82563535aabde82ec'}",True,True,9.1.0,full_verify_d3_m3_b1_kv4096_uniform_tp4_dp2,True,npu:5,5,Ascend950PR_957b,2,3,bfloat16,prefill,False,256,"[16384, 256, 256, 1]",4096,tp4_dp2,uniform,3,,3,4096,28,1,12,56,64,1.0,0.0,0.0,0.0,0.0,65,3.11.10,2.0,"[3072, 256, 1]",correctness,3,[4096],[3],1,20260829,float32,0.09119556747428784,PASS,,verify_d3,2.10.0.post4.dev20260715,2.10.0+cpu,3.2.0,full_verify_d3_m3_b1_kv4096_uniform,6146ca39720729ca417353fb999323d14d97f4a7
full,0.9999973773956299,0.2710241824388504,0.001953125,92.29779052734375,4.811321196029894e-05,0.0,"{'prefill': 'c4166cfe326127daf30bc629493d8b251d8be85f97cda2efa510eab6bc6d3a54', 'decode': 'c47f9bdcfb879eb73723521240a48a9bae99349d094a1fb82563535aabde82ec'}",True,4,6146ca39720729ca417353fb999323d14d97f4a7,"[64, 1]",64,native_NHD_then_page_head_token_dim_permute,0.9999973773956299,0.3264527767896652,0.001953125,92.29779052734375,4.811321196029894e-05,0.0,"{'prefill': 'c4166cfe326127daf30bc629493d8b251d8be85f97cda2efa510eab6bc6d3a54', 'decode': 'c47f9bdcfb879eb73723521240a48a9bae99349d094a1fb82563535aabde82ec'}",True,True,9.1.0,full_verify_d3_m12_b4_kv4096_uniform_tp4_dp2,True,npu:5,5,Ascend950PR_957b,2,3,bfloat16,prefill,False,256,"[16384, 256, 256, 1]",4096,tp4_dp2,uniform,12,,3,4096,28,1,12,56,64,1.0,0.0,0.0,0.0,0.0,257,3.11.10,2.0,"[3072, 256, 1]",correctness,12,"[4096, 4096, 4096, 4096]","[3, 3, 3, 3]",1,20260829,float32,0.09119556747428784,PASS,,verify_d3,2.10.0.post4.dev20260715,2.10.0+cpu,3.2.0,full_verify_d3_m12_b4_kv4096_uniform,6146ca39720729ca417353fb999323d14d97f4a7
full,0.9999975562095642,0.32798340544104576,0.0009765625,37.32432556152344,4.746334525407292e-05,0.0,"{'prefill': 'c4166cfe326127daf30bc629493d8b251d8be85f97cda2efa510eab6bc6d3a54', 'decode': 'c47f9bdcfb879eb73723521240a48a9bae99349d094a1fb82563535aabde82ec'}",True,8,6146ca39720729ca417353fb999323d14d97f4a7,"[64, 1]",64,native_NHD_then_page_head_token_dim_permute,0.9999975562095642,0.5238186568021774,0.0009765625,37.32432556152344,4.746334525407292e-05,0.0,"{'prefill': 'c4166cfe326127daf30bc629493d8b251d8be85f97cda2efa510eab6bc6d3a54', 'decode': 'c47f9bdcfb879eb73723521240a48a9bae99349d094a1fb82563535aabde82ec'}",True,True,9.1.0,full_verify_d3_m24_b8_kv4096_uniform_tp4_dp2,True,npu:5,5,Ascend950PR_957b,2,3,bfloat16,prefill,False,256,"[16384, 256, 256, 1]",4096,tp4_dp2,uniform,24,,3,4096,28,1,12,56,64,0.9999999403953552,0.0,0.0,0.0,0.0,513,3.11.10,2.0,"[3072, 256, 1]",correctness,24,"[4096, 4096, 4096, 4096, 4096, 4096, 4096, 4096]","[3, 3, 3, 3, 3, 3, 3, 3]",1,20260829,float32,0.09119556747428784,PASS,,verify_d3,2.10.0.post4.dev20260715,2.10.0+cpu,3.2.0,full_verify_d3_m24_b8_kv4096_uniform,6146ca39720729ca417353fb999323d14d97f4a7
full,0.9999974966049194,0.42114080861210823,0.001953125,23.987340927124023,4.76796631119214e-05,0.0,"{'prefill': 'c4166cfe326127daf30bc629493d8b251d8be85f97cda2efa510eab6bc6d3a54', 'decode': 'c47f9bdcfb879eb73723521240a48a9bae99349d094a1fb82563535aabde82ec'}",True,16,6146ca39720729ca417353fb999323d14d97f4a7,"[64, 1]",64,native_NHD_then_page_head_token_dim_permute,0.9999974966049194,0.8248030208051205,0.001953125,23.987340927124023,4.76796631119214e-05,0.0,"{'prefill': 'c4166cfe326127daf30bc629493d8b251d8be85f97cda2efa510eab6bc6d3a54', 'decode': 'c47f9bdcfb879eb73723521240a48a9bae99349d094a1fb82563535aabde82ec'}",True,True,9.1.0,full_verify_d3_m48_b16_kv4096_uniform_tp4_dp2,True,npu:5,5,Ascend950PR_957b,2,3,bfloat16,prefill,False,256,"[16384, 256, 256, 1]",4096,tp4_dp2,uniform,48,,3,4096,28,1,12,56,64,1.0,0.0,0.0,0.0,0.0,1025,3.11.10,2.0,"[3072, 256, 1]",correctness,32,"[4096, 4096, 4096, 4096, 4096, 4096, 4096, 4096, 4096, 4096, 4096, 4096, 4096, 4096, 4096, 4096]","[3, 3, 3, 3, 3, 3, 3, 3, 3, 3, 3, 3, 3, 3, 3, 3]",1,20260829,float32,0.09119556747428784,PASS,,verify_d3,2.10.0.post4.dev20260715,2.10.0+cpu,3.2.0,full_verify_d3_m48_b16_kv4096_uniform,6146ca39720729ca417353fb999323d14d97f4a7
full,0.999997615814209,0.6641056388616562,0.0009765625,87.19414520263672,4.720497963717207e-05,0.0,"{'prefill': 'c4166cfe326127daf30bc629493d8b251d8be85f97cda2efa510eab6bc6d3a54', 'decode': 'c47f9bdcfb879eb73723521240a48a9bae99349d094a1fb82563535aabde82ec'}",True,32,6146ca39720729ca417353fb999323d14d97f4a7,"[64, 1]",64,native_NHD_then_page_head_token_dim_permute,0.999997615814209,1.5035178512334824,0.0009765625,87.19414520263672,4.720497963717207e-05,0.0,"{'prefill': 'c4166cfe326127daf30bc629493d8b251d8be85f97cda2efa510eab6bc6d3a54', 'decode': 'c47f9bdcfb879eb73723521240a48a9bae99349d094a1fb82563535aabde82ec'}",True,True,9.1.0,full_verify_d3_m96_b32_kv4096_uniform_tp4_dp2,True,npu:5,5,Ascend950PR_957b,2,3,bfloat16,prefill,False,256,"[16384, 256, 256, 1]",4096,tp4_dp2,uniform,96,,3,4096,28,1,12,56,64,1.000000238418579,0.0,0.0,0.0,0.0,2049,3.11.10,2.0,"[3072, 256, 1]",correctness,32,"[4096, 4096, 4096, 4096, 4096, 4096, 4096, 4096, 4096, 4096, 4096, 4096, 4096, 4096, 4096, 4096, 4096, 4096, 4096, 4096, 4096, 4096, 4096, 4096, 4096, 4096, 4096, 4096, 4096, 4096, 4096, 4096]","[3, 3, 3, 3, 3, 3, 3, 3, 3, 3, 3, 3, 3, 3, 3, 3, 3, 3, 3, 3, 3, 3, 3, 3, 3, 3, 3, 3, 3, 3, 3, 3]",1,20260829,float32,0.09119556747428784,PASS,,verify_d3,2.10.0.post4.dev20260715,2.10.0+cpu,3.2.0,full_verify_d3_m96_b32_kv4096_uniform,6146ca39720729ca417353fb999323d14d97f4a7
full,0.9999973773956299,0.7824040949344635,0.0009765625,53.65168380737305,4.793278640136123e-05,0.0,"{'prefill': 'c4166cfe326127daf30bc629493d8b251d8be85f97cda2efa510eab6bc6d3a54', 'decode': 'c47f9bdcfb879eb73723521240a48a9bae99349d094a1fb82563535aabde82ec'}",True,40,6146ca39720729ca417353fb999323d14d97f4a7,"[64, 1]",64,native_NHD_then_page_head_token_dim_permute,0.9999973773956299,1.8968107178807259,0.0009765625,53.65168380737305,4.793278640136123e-05,0.0,"{'prefill': 'c4166cfe326127daf30bc629493d8b251d8be85f97cda2efa510eab6bc6d3a54', 'decode': 'c47f9bdcfb879eb73723521240a48a9bae99349d094a1fb82563535aabde82ec'}",True,True,9.1.0,full_verify_d3_m120_b40_kv4096_uniform_tp4_dp2,True,npu:5,5,Ascend950PR_957b,2,3,bfloat16,prefill,False,256,"[16384, 256, 256, 1]",4096,tp4_dp2,uniform,120,,3,4096,28,1,12,56,64,1.0000001192092896,0.0,0.0,0.0,0.0,2561,3.11.10,2.0,"[3072, 256, 1]",correctness,32,"[4096, 4096, 4096, 4096, 4096, 4096, 4096, 4096, 4096, 4096, 4096, 4096, 4096, 4096, 4096, 4096, 4096, 4096, 4096, 4096, 4096, 4096, 4096, 4096, 4096, 4096, 4096, 4096, 4096, 4096, 4096, 4096, 4096, 4096, 4096, 4096, 4096, 4096, 4096, 4096]","[3, 3, 3, 3, 3, 3, 3, 3, 3, 3, 3, 3, 3, 3, 3, 3, 3, 3, 3, 3, 3, 3, 3, 3, 3, 3, 3, 3, 3, 3, 3, 3, 3, 3, 3, 3, 3, 3, 3, 3]",1,20260829,float32,0.09119556747428784,PASS,,verify_d3,2.10.0.post4.dev20260715,2.10.0+cpu,3.2.0,full_verify_d3_m120_b40_kv4096_uniform,6146ca39720729ca417353fb999323d14d97f4a7
full,0.9999974966049194,1.0145390406250954,0.0009765625,42.71428680419922,4.80315757158678e-05,0.0,"{'prefill': 'c4166cfe326127daf30bc629493d8b251d8be85f97cda2efa510eab6bc6d3a54', 'decode': 'c47f9bdcfb879eb73723521240a48a9bae99349d094a1fb82563535aabde82ec'}",True,56,6146ca39720729ca417353fb999323d14d97f4a7,"[64, 1]",64,native_NHD_then_page_head_token_dim_permute,0.9999974966049194,2.4780691601336002,0.0009765625,42.71428680419922,4.80315757158678e-05,0.0,"{'prefill': 'c4166cfe326127daf30bc629493d8b251d8be85f97cda2efa510eab6bc6d3a54', 'decode': 'c47f9bdcfb879eb73723521240a48a9bae99349d094a1fb82563535aabde82ec'}",True,True,9.1.0,full_verify_d3_m168_b56_kv4096_uniform_tp4_dp2,True,npu:5,5,Ascend950PR_957b,2,3,bfloat16,prefill,False,256,"[16384, 256, 256, 1]",4096,tp4_dp2,uniform,168,,3,4096,28,1,12,56,64,0.9999998807907104,0.0,0.0,0.0,0.0,3585,3.11.10,2.0,"[3072, 256, 1]",correctness,32,"[4096, 4096, 4096, 4096, 4096, 4096, 4096, 4096, 4096, 4096, 4096, 4096, 4096, 4096, 4096, 4096, 4096, 4096, 4096, 4096, 4096, 4096, 4096, 4096, 4096, 4096, 4096, 4096, 4096, 4096, 4096, 4096, 4096, 4096, 4096, 4096, 4096, 4096, 4096, 4096, 4096, 4096, 4096, 4096, 4096, 4096, 4096, 4096, 4096, 4096, 4096, 4096, 4096, 4096, 4096, 4096]","[3, 3, 3, 3, 3, 3, 3, 3, 3, 3, 3, 3, 3, 3, 3, 3, 3, 3, 3, 3, 3, 3, 3, 3, 3, 3, 3, 3, 3, 3, 3, 3, 3, 3, 3, 3, 3, 3, 3, 3, 3, 3, 3, 3, 3, 3, 3, 3, 3, 3, 3, 3, 3, 3, 3, 3]",1,20260829,float32,0.09119556747428784,PASS,,verify_d3,2.10.0.post4.dev20260715,2.10.0+cpu,3.2.0,full_verify_d3_m168_b56_kv4096_uniform,6146ca39720729ca417353fb999323d14d97f4a7
full,0.9999975562095642,0.23848563432693481,0.0009765625,10.748634338378906,4.592318873619661e-05,0.0,"{'prefill': 'c4166cfe326127daf30bc629493d8b251d8be85f97cda2efa510eab6bc6d3a54', 'decode': 'c47f9bdcfb879eb73723521240a48a9bae99349d094a1fb82563535aabde82ec'}",True,1,6146ca39720729ca417353fb999323d14d97f4a7,"[64, 1]",64,native_NHD_then_page_head_token_dim_permute,0.9999975562095642,0.2404949627816677,0.0009765625,10.748634338378906,4.592318873619661e-05,0.0,"{'prefill': 'c4166cfe326127daf30bc629493d8b251d8be85f97cda2efa510eab6bc6d3a54', 'decode': 'c47f9bdcfb879eb73723521240a48a9bae99349d094a1fb82563535aabde82ec'}",True,True,9.1.0,full_verify_d4_m4_b1_kv4096_uniform_tp4_dp2,True,npu:5,5,Ascend950PR_957b,2,4,bfloat16,prefill,False,256,"[16384, 256, 256, 1]",4096,tp4_dp2,uniform,4,,4,4096,28,1,12,56,64,1.0,0.0,0.0,0.0,0.0,65,3.11.10,2.0,"[3072, 256, 1]",correctness,4,[4096],[4],1,20260829,float32,0.09119556747428784,PASS,,verify_d4,2.10.0.post4.dev20260715,2.10.0+cpu,3.2.0,full_verify_d4_m4_b1_kv4096_uniform,6146ca39720729ca417353fb999323d14d97f4a7
full,0.9999974966049194,0.27544423937797546,0.0009765625,17.063241958618164,4.82942778035067e-05,0.0,"{'prefill': 'c4166cfe326127daf30bc629493d8b251d8be85f97cda2efa510eab6bc6d3a54', 'decode': 'c47f9bdcfb879eb73723521240a48a9bae99349d094a1fb82563535aabde82ec'}",True,4,6146ca39720729ca417353fb999323d14d97f4a7,"[64, 1]",64,native_NHD_then_page_head_token_dim_permute,0.9999974966049194,0.3356030210852623,0.0009765625,17.063241958618164,4.82942778035067e-05,0.0,"{'prefill': 'c4166cfe326127daf30bc629493d8b251d8be85f97cda2efa510eab6bc6d3a54', 'decode': 'c47f9bdcfb879eb73723521240a48a9bae99349d094a1fb82563535aabde82ec'}",True,True,9.1.0,full_verify_d4_m16_b4_kv4096_uniform_tp4_dp2,True,npu:5,5,Ascend950PR_957b,2,4,bfloat16,prefill,False,256,"[16384, 256, 256, 1]",4096,tp4_dp2,uniform,16,,4,4096,28,1,12,56,64,1.0,0.0,0.0,0.0,0.0,257,3.11.10,2.0,"[3072, 256, 1]",correctness,16,"[4096, 4096, 4096, 4096]","[4, 4, 4, 4]",1,20260829,float32,0.09119556747428784,PASS,,verify_d4,2.10.0.post4.dev20260715,2.10.0+cpu,3.2.0,full_verify_d4_m16_b4_kv4096_uniform,6146ca39720729ca417353fb999323d14d97f4a7
full,0.9999973773956299,0.3297426737844944,0.001953125,42.059906005859375,4.819456808036193e-05,0.0,"{'prefill': 'c4166cfe326127daf30bc629493d8b251d8be85f97cda2efa510eab6bc6d3a54', 'decode': 'c47f9bdcfb879eb73723521240a48a9bae99349d094a1fb82563535aabde82ec'}",True,8,6146ca39720729ca417353fb999323d14d97f4a7,"[64, 1]",64,native_NHD_then_page_head_token_dim_permute,0.9999973773956299,0.5278391763567924,0.001953125,42.059906005859375,4.819456808036193e-05,0.0,"{'prefill': 'c4166cfe326127daf30bc629493d8b251d8be85f97cda2efa510eab6bc6d3a54', 'decode': 'c47f9bdcfb879eb73723521240a48a9bae99349d094a1fb82563535aabde82ec'}",True,True,9.1.0,full_verify_d4_m32_b8_kv4096_uniform_tp4_dp2,True,npu:5,5,Ascend950PR_957b,2,4,bfloat16,prefill,False,256,"[16384, 256, 256, 1]",4096,tp4_dp2,uniform,32,,4,4096,28,1,12,56,64,0.9999999403953552,0.0,0.0,0.0,0.0,513,3.11.10,2.0,"[3072, 256, 1]",correctness,32,"[4096, 4096, 4096, 4096, 4096, 4096, 4096, 4096]","[4, 4, 4, 4, 4, 4, 4, 4]",1,20260829,float32,0.09119556747428784,PASS,,verify_d4,2.10.0.post4.dev20260715,2.10.0+cpu,3.2.0,full_verify_d4_m32_b8_kv4096_uniform,6146ca39720729ca417353fb999323d14d97f4a7
full,0.9999974966049194,0.4336712881922722,0.0009765625,62.21234893798828,4.769834777107462e-05,0.0,"{'prefill': 'c4166cfe326127daf30bc629493d8b251d8be85f97cda2efa510eab6bc6d3a54', 'decode': 'c47f9bdcfb879eb73723521240a48a9bae99349d094a1fb82563535aabde82ec'}",True,16,6146ca39720729ca417353fb999323d14d97f4a7,"[64, 1]",64,native_NHD_then_page_head_token_dim_permute,0.9999974966049194,0.8250027894973755,0.0009765625,62.21234893798828,4.769834777107462e-05,0.0,"{'prefill': 'c4166cfe326127daf30bc629493d8b251d8be85f97cda2efa510eab6bc6d3a54', 'decode': 'c47f9bdcfb879eb73723521240a48a9bae99349d094a1fb82563535aabde82ec'}",True,True,9.1.0,full_verify_d4_m64_b16_kv4096_uniform_tp4_dp2,True,npu:5,5,Ascend950PR_957b,2,4,bfloat16,prefill,False,256,"[16384, 256, 256, 1]",4096,tp4_dp2,uniform,64,,4,4096,28,1,12,56,64,1.0,0.0,0.0,0.0,0.0,1025,3.11.10,2.0,"[3072, 256, 1]",correctness,32,"[4096, 4096, 4096, 4096, 4096, 4096, 4096, 4096, 4096, 4096, 4096, 4096, 4096, 4096, 4096, 4096]","[4, 4, 4, 4, 4, 4, 4, 4, 4, 4, 4, 4, 4, 4, 4, 4]",1,20260829,float32,0.09119556747428784,PASS,,verify_d4,2.10.0.post4.dev20260715,2.10.0+cpu,3.2.0,full_verify_d4_m64_b16_kv4096_uniform,6146ca39720729ca417353fb999323d14d97f4a7
full,0.999997615814209,0.6754957139492035,0.0009765625,37.43077087402344,4.7820733016123995e-05,0.0,"{'prefill': 'c4166cfe326127daf30bc629493d8b251d8be85f97cda2efa510eab6bc6d3a54', 'decode': 'c47f9bdcfb879eb73723521240a48a9bae99349d094a1fb82563535aabde82ec'}",True,32,6146ca39720729ca417353fb999323d14d97f4a7,"[64, 1]",64,native_NHD_then_page_head_token_dim_permute,0.999997615814209,1.5102778561413288,0.0009765625,37.43077087402344,4.7820733016123995e-05,0.0,"{'prefill': 'c4166cfe326127daf30bc629493d8b251d8be85f97cda2efa510eab6bc6d3a54', 'decode': 'c47f9bdcfb879eb73723521240a48a9bae99349d094a1fb82563535aabde82ec'}",True,True,9.1.0,full_verify_d4_m128_b32_kv4096_uniform_tp4_dp2,True,npu:5,5,Ascend950PR_957b,2,4,bfloat16,prefill,False,256,"[16384, 256, 256, 1]",4096,tp4_dp2,uniform,128,,4,4096,28,1,12,56,64,1.0,0.0,0.0,0.0,0.0,2049,3.11.10,2.0,"[3072, 256, 1]",correctness,32,"[4096, 4096, 4096, 4096, 4096, 4096, 4096, 4096, 4096, 4096, 4096, 4096, 4096, 4096, 4096, 4096, 4096, 4096, 4096, 4096, 4096, 4096, 4096, 4096, 4096, 4096, 4096, 4096, 4096, 4096, 4096, 4096]","[4, 4, 4, 4, 4, 4, 4, 4, 4, 4, 4, 4, 4, 4, 4, 4, 4, 4, 4, 4, 4, 4, 4, 4, 4, 4, 4, 4, 4, 4, 4, 4]",1,20260829,float32,0.09119556747428784,PASS,,verify_d4,2.10.0.post4.dev20260715,2.10.0+cpu,3.2.0,full_verify_d4_m128_b32_kv4096_uniform,6146ca39720729ca417353fb999323d14d97f4a7
full,0.9999975562095642,0.7826643995940685,0.0009765625,42.92156982421875,4.8233181587420404e-05,0.0,"{'prefill': 'c4166cfe326127daf30bc629493d8b251d8be85f97cda2efa510eab6bc6d3a54', 'decode': 'c47f9bdcfb879eb73723521240a48a9bae99349d094a1fb82563535aabde82ec'}",True,40,6146ca39720729ca417353fb999323d14d97f4a7,"[64, 1]",64,native_NHD_then_page_head_token_dim_permute,0.9999975562095642,1.897561363875866,0.0009765625,42.92156982421875,4.8233181587420404e-05,0.0,"{'prefill': 'c4166cfe326127daf30bc629493d8b251d8be85f97cda2efa510eab6bc6d3a54', 'decode': 'c47f9bdcfb879eb73723521240a48a9bae99349d094a1fb82563535aabde82ec'}",True,True,9.1.0,full_verify_d4_m160_b40_kv4096_uniform_tp4_dp2,True,npu:5,5,Ascend950PR_957b,2,4,bfloat16,prefill,False,256,"[16384, 256, 256, 1]",4096,tp4_dp2,uniform,160,,4,4096,28,1,12,56,64,1.0,0.0,0.0,0.0,0.0,2561,3.11.10,2.0,"[3072, 256, 1]",correctness,32,"[4096, 4096, 4096, 4096, 4096, 4096, 4096, 4096, 4096, 4096, 4096, 4096, 4096, 4096, 4096, 4096, 4096, 4096, 4096, 4096, 4096, 4096, 4096, 4096, 4096, 4096, 4096, 4096, 4096, 4096, 4096, 4096, 4096, 4096, 4096, 4096, 4096, 4096, 4096, 4096]","[4, 4, 4, 4, 4, 4, 4, 4, 4, 4, 4, 4, 4, 4, 4, 4, 4, 4, 4, 4, 4, 4, 4, 4, 4, 4, 4, 4, 4, 4, 4, 4, 4, 4, 4, 4, 4, 4, 4, 4]",1,20260829,float32,0.09119556747428784,PASS,,verify_d4,2.10.0.post4.dev20260715,2.10.0+cpu,3.2.0,full_verify_d4_m160_b40_kv4096_uniform,6146ca39720729ca417353fb999323d14d97f4a7
full,0.9999973773956299,1.0121692903339863,0.0009765625,63.952056884765625,4.76483692182228e-05,0.0,"{'prefill': 'c4166cfe326127daf30bc629493d8b251d8be85f97cda2efa510eab6bc6d3a54', 'decode': 'c47f9bdcfb879eb73723521240a48a9bae99349d094a1fb82563535aabde82ec'}",True,56,6146ca39720729ca417353fb999323d14d97f4a7,"[64, 1]",64,native_NHD_then_page_head_token_dim_permute,0.9999973773956299,2.4827979505062103,0.0009765625,63.952056884765625,4.76483692182228e-05,0.0,"{'prefill': 'c4166cfe326127daf30bc629493d8b251d8be85f97cda2efa510eab6bc6d3a54', 'decode': 'c47f9bdcfb879eb73723521240a48a9bae99349d094a1fb82563535aabde82ec'}",True,True,9.1.0,full_verify_d4_m224_b56_kv4096_uniform_tp4_dp2,True,npu:5,5,Ascend950PR_957b,2,4,bfloat16,prefill,False,256,"[16384, 256, 256, 1]",4096,tp4_dp2,uniform,224,,4,4096,28,1,12,56,64,1.0,0.0,0.0,0.0,0.0,3585,3.11.10,2.0,"[3072, 256, 1]",correctness,32,"[4096, 4096, 4096, 4096, 4096, 4096, 4096, 4096, 4096, 4096, 4096, 4096, 4096, 4096, 4096, 4096, 4096, 4096, 4096, 4096, 4096, 4096, 4096, 4096, 4096, 4096, 4096, 4096, 4096, 4096, 4096, 4096, 4096, 4096, 4096, 4096, 4096, 4096, 4096, 4096, 4096, 4096, 4096, 4096, 4096, 4096, 4096, 4096, 4096, 4096, 4096, 4096, 4096, 4096, 4096, 4096]","[4, 4, 4, 4, 4, 4, 4, 4, 4, 4, 4, 4, 4, 4, 4, 4, 4, 4, 4, 4, 4, 4, 4, 4, 4, 4, 4, 4, 4, 4, 4, 4, 4, 4, 4, 4, 4, 4, 4, 4, 4, 4, 4, 4, 4, 4, 4, 4, 4, 4, 4, 4, 4, 4, 4, 4]",1,20260829,float32,0.09119556747428784,PASS,,verify_d4,2.10.0.post4.dev20260715,2.10.0+cpu,3.2.0,full_verify_d4_m224_b56_kv4096_uniform,6146ca39720729ca417353fb999323d14d97f4a7
full,0.9999972581863403,0.24390500038862228,0.0009765625,13.528302192687988,4.735450420412235e-05,0.0,"{'prefill': 'c4166cfe326127daf30bc629493d8b251d8be85f97cda2efa510eab6bc6d3a54', 'decode': 'c47f9bdcfb879eb73723521240a48a9bae99349d094a1fb82563535aabde82ec'}",True,1,6146ca39720729ca417353fb999323d14d97f4a7,"[64, 1]",64,native_NHD_then_page_head_token_dim_permute,0.9999972581863403,0.2963137812912464,0.0009765625,13.528302192687988,4.735450420412235e-05,0.0,"{'prefill': 'c4166cfe326127daf30bc629493d8b251d8be85f97cda2efa510eab6bc6d3a54', 'decode': 'c47f9bdcfb879eb73723521240a48a9bae99349d094a1fb82563535aabde82ec'}",True,True,9.1.0,full_verify_d2_m2_b1_kv4096_uniform_tp4_dp4,True,npu:5,5,Ascend950PR_957b,4,2,bfloat16,prefill,False,256,"[32768, 256, 512, 1]",4096,tp4_dp4,uniform,2,,2,4096,28,2,24,56,64,1.0,0.0,0.0,0.0,0.0,65,3.11.10,4.0,"[6144, 256, 1]",correctness,2,[4096],[2],1,20260829,float32,0.09119556747428784,PASS,,verify_d2,2.10.0.post4.dev20260715,2.10.0+cpu,3.2.0,full_verify_d2_m2_b1_kv4096_uniform,6146ca39720729ca417353fb999323d14d97f4a7
full,0.9999973773956299,0.35473285242915154,0.0009765625,50.77777862548828,4.7905119572533295e-05,0.0,"{'prefill': 'c4166cfe326127daf30bc629493d8b251d8be85f97cda2efa510eab6bc6d3a54', 'decode': 'c47f9bdcfb879eb73723521240a48a9bae99349d094a1fb82563535aabde82ec'}",True,4,6146ca39720729ca417353fb999323d14d97f4a7,"[64, 1]",64,native_NHD_then_page_head_token_dim_permute,0.9999973773956299,0.5395892076194286,0.0009765625,50.77777862548828,4.7905119572533295e-05,0.0,"{'prefill': 'c4166cfe326127daf30bc629493d8b251d8be85f97cda2efa510eab6bc6d3a54', 'decode': 'c47f9bdcfb879eb73723521240a48a9bae99349d094a1fb82563535aabde82ec'}",True,True,9.1.0,full_verify_d2_m8_b4_kv4096_uniform_tp4_dp4,True,npu:5,5,Ascend950PR_957b,4,2,bfloat16,prefill,False,256,"[32768, 256, 512, 1]",4096,tp4_dp4,uniform,8,,2,4096,28,2,24,56,64,1.0,0.0,0.0,0.0,0.0,257,3.11.10,4.0,"[6144, 256, 1]",correctness,8,"[4096, 4096, 4096, 4096]","[2, 2, 2, 2]",1,20260829,float32,0.09119556747428784,PASS,,verify_d2,2.10.0.post4.dev20260715,2.10.0+cpu,3.2.0,full_verify_d2_m8_b4_kv4096_uniform,6146ca39720729ca417353fb999323d14d97f4a7
full,0.9999974966049194,0.42371125891804695,0.0009765625,145.9158935546875,4.721158620668575e-05,0.0,"{'prefill': 'c4166cfe326127daf30bc629493d8b251d8be85f97cda2efa510eab6bc6d3a54', 'decode': 'c47f9bdcfb879eb73723521240a48a9bae99349d094a1fb82563535aabde82ec'}",True,8,6146ca39720729ca417353fb999323d14d97f4a7,"[64, 1]",64,native_NHD_then_page_head_token_dim_permute,0.9999974966049194,0.8207531645894051,0.0009765625,145.9158935546875,4.721158620668575e-05,0.0,"{'prefill': 'c4166cfe326127daf30bc629493d8b251d8be85f97cda2efa510eab6bc6d3a54', 'decode': 'c47f9bdcfb879eb73723521240a48a9bae99349d094a1fb82563535aabde82ec'}",True,True,9.1.0,full_verify_d2_m16_b8_kv4096_uniform_tp4_dp4,True,npu:5,5,Ascend950PR_957b,4,2,bfloat16,prefill,False,256,"[32768, 256, 512, 1]",4096,tp4_dp4,uniform,16,,2,4096,28,2,24,56,64,1.0000001192092896,0.0,0.0,0.0,0.0,513,3.11.10,4.0,"[6144, 256, 1]",correctness,16,"[4096, 4096, 4096, 4096, 4096, 4096, 4096, 4096]","[2, 2, 2, 2, 2, 2, 2, 2]",1,20260829,float32,0.09119556747428784,PASS,,verify_d2,2.10.0.post4.dev20260715,2.10.0+cpu,3.2.0,full_verify_d2_m16_b8_kv4096_uniform,6146ca39720729ca417353fb999323d14d97f4a7
full,0.9999974966049194,0.6577861495316029,0.0009765625,47.57568359375,4.74827247671783e-05,0.0,"{'prefill': 'c4166cfe326127daf30bc629493d8b251d8be85f97cda2efa510eab6bc6d3a54', 'decode': 'c47f9bdcfb879eb73723521240a48a9bae99349d094a1fb82563535aabde82ec'}",True,16,6146ca39720729ca417353fb999323d14d97f4a7,"[64, 1]",64,native_NHD_then_page_head_token_dim_permute,0.9999974966049194,1.5107491053640842,0.0009765625,47.57568359375,4.74827247671783e-05,0.0,"{'prefill': 'c4166cfe326127daf30bc629493d8b251d8be85f97cda2efa510eab6bc6d3a54', 'decode': 'c47f9bdcfb879eb73723521240a48a9bae99349d094a1fb82563535aabde82ec'}",True,True,9.1.0,full_verify_d2_m32_b16_kv4096_uniform_tp4_dp4,True,npu:5,5,Ascend950PR_957b,4,2,bfloat16,prefill,False,256,"[32768, 256, 512, 1]",4096,tp4_dp4,uniform,32,,2,4096,28,2,24,56,64,1.0000001192092896,0.0,0.0,0.0,0.0,1025,3.11.10,4.0,"[6144, 256, 1]",correctness,32,"[4096, 4096, 4096, 4096, 4096, 4096, 4096, 4096, 4096, 4096, 4096, 4096, 4096, 4096, 4096, 4096]","[2, 2, 2, 2, 2, 2, 2, 2, 2, 2, 2, 2, 2, 2, 2, 2]",1,20260829,float32,0.09119556747428784,PASS,,verify_d2,2.10.0.post4.dev20260715,2.10.0+cpu,3.2.0,full_verify_d2_m32_b16_kv4096_uniform,6146ca39720729ca417353fb999323d14d97f4a7
full,0.9999974370002747,1.1422359384596348,0.0009765625,75.47065734863281,4.764413461089134e-05,0.0,"{'prefill': 'c4166cfe326127daf30bc629493d8b251d8be85f97cda2efa510eab6bc6d3a54', 'decode': 'c47f9bdcfb879eb73723521240a48a9bae99349d094a1fb82563535aabde82ec'}",True,32,6146ca39720729ca417353fb999323d14d97f4a7,"[64, 1]",64,native_NHD_then_page_head_token_dim_permute,0.9999974370002747,2.889870200306177,0.0009765625,75.47065734863281,4.764413461089134e-05,0.0,"{'prefill': 'c4166cfe326127daf30bc629493d8b251d8be85f97cda2efa510eab6bc6d3a54', 'decode': 'c47f9bdcfb879eb73723521240a48a9bae99349d094a1fb82563535aabde82ec'}",True,True,9.1.0,full_verify_d2_m64_b32_kv4096_uniform_tp4_dp4,True,npu:5,5,Ascend950PR_957b,4,2,bfloat16,prefill,False,256,"[32768, 256, 512, 1]",4096,tp4_dp4,uniform,64,,2,4096,28,2,24,56,64,1.0,0.0,0.0,0.0,0.0,2049,3.11.10,4.0,"[6144, 256, 1]",correctness,32,"[4096, 4096, 4096, 4096, 4096, 4096, 4096, 4096, 4096, 4096, 4096, 4096, 4096, 4096, 4096, 4096, 4096, 4096, 4096, 4096, 4096, 4096, 4096, 4096, 4096, 4096, 4096, 4096, 4096, 4096, 4096, 4096]","[2, 2, 2, 2, 2, 2, 2, 2, 2, 2, 2, 2, 2, 2, 2, 2, 2, 2, 2, 2, 2, 2, 2, 2, 2, 2, 2, 2, 2, 2, 2, 2]",1,20260829,float32,0.09119556747428784,PASS,,verify_d2,2.10.0.post4.dev20260715,2.10.0+cpu,3.2.0,full_verify_d2_m64_b32_kv4096_uniform,6146ca39720729ca417353fb999323d14d97f4a7
full,0.9999973773956299,1.3423017226159573,0.001953125,52.16896438598633,4.7167424781946465e-05,0.0,"{'prefill': 'c4166cfe326127daf30bc629493d8b251d8be85f97cda2efa510eab6bc6d3a54', 'decode': 'c47f9bdcfb879eb73723521240a48a9bae99349d094a1fb82563535aabde82ec'}",True,40,6146ca39720729ca417353fb999323d14d97f4a7,"[64, 1]",64,native_NHD_then_page_head_token_dim_permute,0.9999973773956299,3.557336051017046,0.001953125,52.16896438598633,4.7167424781946465e-05,0.0,"{'prefill': 'c4166cfe326127daf30bc629493d8b251d8be85f97cda2efa510eab6bc6d3a54', 'decode': 'c47f9bdcfb879eb73723521240a48a9bae99349d094a1fb82563535aabde82ec'}",True,True,9.1.0,full_verify_d2_m80_b40_kv4096_uniform_tp4_dp4,True,npu:5,5,Ascend950PR_957b,4,2,bfloat16,prefill,False,256,"[32768, 256, 512, 1]",4096,tp4_dp4,uniform,80,,2,4096,28,2,24,56,64,1.0,0.0,0.0,0.0,0.0,2561,3.11.10,4.0,"[6144, 256, 1]",correctness,32,"[4096, 4096, 4096, 4096, 4096, 4096, 4096, 4096, 4096, 4096, 4096, 4096, 4096, 4096, 4096, 4096, 4096, 4096, 4096, 4096, 4096, 4096, 4096, 4096, 4096, 4096, 4096, 4096, 4096, 4096, 4096, 4096, 4096, 4096, 4096, 4096, 4096, 4096, 4096, 4096]","[2, 2, 2, 2, 2, 2, 2, 2, 2, 2, 2, 2, 2, 2, 2, 2, 2, 2, 2, 2, 2, 2, 2, 2, 2, 2, 2, 2, 2, 2, 2, 2, 2, 2, 2, 2, 2, 2, 2, 2]",1,20260829,float32,0.09119556747428784,PASS,,verify_d2,2.10.0.post4.dev20260715,2.10.0+cpu,3.2.0,full_verify_d2_m80_b40_kv4096_uniform,6146ca39720729ca417353fb999323d14d97f4a7
full,0.9999973773956299,1.7492230981588364,0.001953125,104.84457397460938,4.7488480049651116e-05,0.0,"{'prefill': 'c4166cfe326127daf30bc629493d8b251d8be85f97cda2efa510eab6bc6d3a54', 'decode': 'c47f9bdcfb879eb73723521240a48a9bae99349d094a1fb82563535aabde82ec'}",True,56,6146ca39720729ca417353fb999323d14d97f4a7,"[64, 1]",64,native_NHD_then_page_head_token_dim_permute,0.9999973773956299,4.829538986086845,0.001953125,104.84457397460938,4.7488480049651116e-05,0.0,"{'prefill': 'c4166cfe326127daf30bc629493d8b251d8be85f97cda2efa510eab6bc6d3a54', 'decode': 'c47f9bdcfb879eb73723521240a48a9bae99349d094a1fb82563535aabde82ec'}",True,True,9.1.0,full_verify_d2_m112_b56_kv4096_uniform_tp4_dp4,True,npu:5,5,Ascend950PR_957b,4,2,bfloat16,prefill,False,256,"[32768, 256, 512, 1]",4096,tp4_dp4,uniform,112,,2,4096,28,2,24,56,64,1.0,0.0,0.0,0.0,0.0,3585,3.11.10,4.0,"[6144, 256, 1]",correctness,32,"[4096, 4096, 4096, 4096, 4096, 4096, 4096, 4096, 4096, 4096, 4096, 4096, 4096, 4096, 4096, 4096, 4096, 4096, 4096, 4096, 4096, 4096, 4096, 4096, 4096, 4096, 4096, 4096, 4096, 4096, 4096, 4096, 4096, 4096, 4096, 4096, 4096, 4096, 4096, 4096, 4096, 4096, 4096, 4096, 4096, 4096, 4096, 4096, 4096, 4096, 4096, 4096, 4096, 4096, 4096, 4096]","[2, 2, 2, 2, 2, 2, 2, 2, 2, 2, 2, 2, 2, 2, 2, 2, 2, 2, 2, 2, 2, 2, 2, 2, 2, 2, 2, 2, 2, 2, 2, 2, 2, 2, 2, 2, 2, 2, 2, 2, 2, 2, 2, 2, 2, 2, 2, 2, 2, 2, 2, 2, 2, 2, 2, 2]",1,20260829,float32,0.09119556747428784,PASS,,verify_d2,2.10.0.post4.dev20260715,2.10.0+cpu,3.2.0,full_verify_d2_m112_b56_kv4096_uniform,6146ca39720729ca417353fb999323d14d97f4a7
full,0.9999974966049194,0.2382253296673298,0.0009765625,19.432748794555664,4.9342241254635155e-05,0.0,"{'prefill': 'c4166cfe326127daf30bc629493d8b251d8be85f97cda2efa510eab6bc6d3a54', 'decode': 'c47f9bdcfb879eb73723521240a48a9bae99349d094a1fb82563535aabde82ec'}",True,1,6146ca39720729ca417353fb999323d14d97f4a7,"[64, 1]",64,native_NHD_then_page_head_token_dim_permute,0.9999974966049194,0.23652520030736923,0.0009765625,19.432748794555664,4.9342241254635155e-05,0.0,"{'prefill': 'c4166cfe326127daf30bc629493d8b251d8be85f97cda2efa510eab6bc6d3a54', 'decode': 'c47f9bdcfb879eb73723521240a48a9bae99349d094a1fb82563535aabde82ec'}",True,True,9.1.0,full_verify_d3_m3_b1_kv4096_uniform_tp4_dp4,True,npu:5,5,Ascend950PR_957b,4,3,bfloat16,prefill,False,256,"[32768, 256, 512, 1]",4096,tp4_dp4,uniform,3,,3,4096,28,2,24,56,64,0.9999999403953552,0.0,0.0,0.0,0.0,65,3.11.10,4.0,"[6144, 256, 1]",correctness,3,[4096],[3],1,20260829,float32,0.09119556747428784,PASS,,verify_d3,2.10.0.post4.dev20260715,2.10.0+cpu,3.2.0,full_verify_d3_m3_b1_kv4096_uniform,6146ca39720729ca417353fb999323d14d97f4a7
full,0.9999974966049194,0.3470820374786854,0.0009765625,18.08433723449707,4.729892680188641e-05,0.0,"{'prefill': 'c4166cfe326127daf30bc629493d8b251d8be85f97cda2efa510eab6bc6d3a54', 'decode': 'c47f9bdcfb879eb73723521240a48a9bae99349d094a1fb82563535aabde82ec'}",True,4,6146ca39720729ca417353fb999323d14d97f4a7,"[64, 1]",64,native_NHD_then_page_head_token_dim_permute,0.9999974966049194,0.52232900634408,0.0009765625,18.08433723449707,4.729892680188641e-05,0.0,"{'prefill': 'c4166cfe326127daf30bc629493d8b251d8be85f97cda2efa510eab6bc6d3a54', 'decode': 'c47f9bdcfb879eb73723521240a48a9bae99349d094a1fb82563535aabde82ec'}",True,True,9.1.0,full_verify_d3_m12_b4_kv4096_uniform_tp4_dp4,True,npu:5,5,Ascend950PR_957b,4,3,bfloat16,prefill,False,256,"[32768, 256, 512, 1]",4096,tp4_dp4,uniform,12,,3,4096,28,2,24,56,64,1.0,0.0,0.0,0.0,0.0,257,3.11.10,4.0,"[6144, 256, 1]",correctness,12,"[4096, 4096, 4096, 4096]","[3, 3, 3, 3]",1,20260829,float32,0.09119556747428784,PASS,,verify_d3,2.10.0.post4.dev20260715,2.10.0+cpu,3.2.0,full_verify_d3_m12_b4_kv4096_uniform,6146ca39720729ca417353fb999323d14d97f4a7
full,0.9999974966049194,0.41007203981280327,0.001953125,85.60530853271484,4.726618135464378e-05,0.0,"{'prefill': 'c4166cfe326127daf30bc629493d8b251d8be85f97cda2efa510eab6bc6d3a54', 'decode': 'c47f9bdcfb879eb73723521240a48a9bae99349d094a1fb82563535aabde82ec'}",True,8,6146ca39720729ca417353fb999323d14d97f4a7,"[64, 1]",64,native_NHD_then_page_head_token_dim_permute,0.9999974966049194,0.8199131116271019,0.001953125,85.60530853271484,4.726618135464378e-05,0.0,"{'prefill': 'c4166cfe326127daf30bc629493d8b251d8be85f97cda2efa510eab6bc6d3a54', 'decode': 'c47f9bdcfb879eb73723521240a48a9bae99349d094a1fb82563535aabde82ec'}",True,True,9.1.0,full_verify_d3_m24_b8_kv4096_uniform_tp4_dp4,True,npu:5,5,Ascend950PR_957b,4,3,bfloat16,prefill,False,256,"[32768, 256, 512, 1]",4096,tp4_dp4,uniform,24,,3,4096,28,2,24,56,64,0.9999999403953552,0.0,0.0,0.0,0.0,513,3.11.10,4.0,"[6144, 256, 1]",correctness,24,"[4096, 4096, 4096, 4096, 4096, 4096, 4096, 4096]","[3, 3, 3, 3, 3, 3, 3, 3]",1,20260829,float32,0.09119556747428784,PASS,,verify_d3,2.10.0.post4.dev20260715,2.10.0+cpu,3.2.0,full_verify_d3_m24_b8_kv4096_uniform,6146ca39720729ca417353fb999323d14d97f4a7
full,0.9999973773956299,0.6507672369480133,0.001953125,102.71184539794922,4.7283170715672895e-05,0.0,"{'prefill': 'c4166cfe326127daf30bc629493d8b251d8be85f97cda2efa510eab6bc6d3a54', 'decode': 'c47f9bdcfb879eb73723521240a48a9bae99349d094a1fb82563535aabde82ec'}",True,16,6146ca39720729ca417353fb999323d14d97f4a7,"[64, 1]",64,native_NHD_then_page_head_token_dim_permute,0.9999973773956299,1.5005990862846375,0.001953125,102.71184539794922,4.7283170715672895e-05,0.0,"{'prefill': 'c4166cfe326127daf30bc629493d8b251d8be85f97cda2efa510eab6bc6d3a54', 'decode': 'c47f9bdcfb879eb73723521240a48a9bae99349d094a1fb82563535aabde82ec'}",True,True,9.1.0,full_verify_d3_m48_b16_kv4096_uniform_tp4_dp4,True,npu:5,5,Ascend950PR_957b,4,3,bfloat16,prefill,False,256,"[32768, 256, 512, 1]",4096,tp4_dp4,uniform,48,,3,4096,28,2,24,56,64,0.9999998807907104,0.0,0.0,0.0,0.0,1025,3.11.10,4.0,"[6144, 256, 1]",correctness,32,"[4096, 4096, 4096, 4096, 4096, 4096, 4096, 4096, 4096, 4096, 4096, 4096, 4096, 4096, 4096, 4096]","[3, 3, 3, 3, 3, 3, 3, 3, 3, 3, 3, 3, 3, 3, 3, 3]",1,20260829,float32,0.09119556747428784,PASS,,verify_d3,2.10.0.post4.dev20260715,2.10.0+cpu,3.2.0,full_verify_d3_m48_b16_kv4096_uniform,6146ca39720729ca417353fb999323d14d97f4a7
full,0.9999973773956299,1.103636808693409,0.0009765625,80.74566650390625,4.793758853338659e-05,0.0,"{'prefill': 'c4166cfe326127daf30bc629493d8b251d8be85f97cda2efa510eab6bc6d3a54', 'decode': 'c47f9bdcfb879eb73723521240a48a9bae99349d094a1fb82563535aabde82ec'}",True,32,6146ca39720729ca417353fb999323d14d97f4a7,"[64, 1]",64,native_NHD_then_page_head_token_dim_permute,0.9999973773956299,2.859670203179121,0.0009765625,80.74566650390625,4.793758853338659e-05,0.0,"{'prefill': 'c4166cfe326127daf30bc629493d8b251d8be85f97cda2efa510eab6bc6d3a54', 'decode': 'c47f9bdcfb879eb73723521240a48a9bae99349d094a1fb82563535aabde82ec'}",True,True,9.1.0,full_verify_d3_m96_b32_kv4096_uniform_tp4_dp4,True,npu:5,5,Ascend950PR_957b,4,3,bfloat16,prefill,False,256,"[32768, 256, 512, 1]",4096,tp4_dp4,uniform,96,,3,4096,28,2,24,56,64,0.9999999403953552,0.0,0.0,0.0,0.0,2049,3.11.10,4.0,"[6144, 256, 1]",correctness,32,"[4096, 4096, 4096, 4096, 4096, 4096, 4096, 4096, 4096, 4096, 4096, 4096, 4096, 4096, 4096, 4096, 4096, 4096, 4096, 4096, 4096, 4096, 4096, 4096, 4096, 4096, 4096, 4096, 4096, 4096, 4096, 4096]","[3, 3, 3, 3, 3, 3, 3, 3, 3, 3, 3, 3, 3, 3, 3, 3, 3, 3, 3, 3, 3, 3, 3, 3, 3, 3, 3, 3, 3, 3, 3, 3]",1,20260829,float32,0.09119556747428784,PASS,,verify_d3,2.10.0.post4.dev20260715,2.10.0+cpu,3.2.0,full_verify_d3_m96_b32_kv4096_uniform,6146ca39720729ca417353fb999323d14d97f4a7
full,0.999997615814209,1.3063130900263786,0.0009765625,52.7599983215332,4.7620800614822656e-05,0.0,"{'prefill': 'c4166cfe326127daf30bc629493d8b251d8be85f97cda2efa510eab6bc6d3a54', 'decode': 'c47f9bdcfb879eb73723521240a48a9bae99349d094a1fb82563535aabde82ec'}",True,40,6146ca39720729ca417353fb999323d14d97f4a7,"[64, 1]",64,native_NHD_then_page_head_token_dim_permute,0.999997615814209,3.550176043063402,0.0009765625,52.7599983215332,4.7620800614822656e-05,0.0,"{'prefill': 'c4166cfe326127daf30bc629493d8b251d8be85f97cda2efa510eab6bc6d3a54', 'decode': 'c47f9bdcfb879eb73723521240a48a9bae99349d094a1fb82563535aabde82ec'}",True,True,9.1.0,full_verify_d3_m120_b40_kv4096_uniform_tp4_dp4,True,npu:5,5,Ascend950PR_957b,4,3,bfloat16,prefill,False,256,"[32768, 256, 512, 1]",4096,tp4_dp4,uniform,120,,3,4096,28,2,24,56,64,1.0,0.0,0.0,0.0,0.0,2561,3.11.10,4.0,"[6144, 256, 1]",correctness,32,"[4096, 4096, 4096, 4096, 4096, 4096, 4096, 4096, 4096, 4096, 4096, 4096, 4096, 4096, 4096, 4096, 4096, 4096, 4096, 4096, 4096, 4096, 4096, 4096, 4096, 4096, 4096, 4096, 4096, 4096, 4096, 4096, 4096, 4096, 4096, 4096, 4096, 4096, 4096, 4096]","[3, 3, 3, 3, 3, 3, 3, 3, 3, 3, 3, 3, 3, 3, 3, 3, 3, 3, 3, 3, 3, 3, 3, 3, 3, 3, 3, 3, 3, 3, 3, 3, 3, 3, 3, 3, 3, 3, 3, 3]",1,20260829,float32,0.09119556747428784,PASS,,verify_d3,2.10.0.post4.dev20260715,2.10.0+cpu,3.2.0,full_verify_d3_m120_b40_kv4096_uniform,6146ca39720729ca417353fb999323d14d97f4a7
full,0.9999975562095642,1.7484943382441998,0.001953125,102.79566192626953,4.756854468723759e-05,0.0,"{'prefill': 'c4166cfe326127daf30bc629493d8b251d8be85f97cda2efa510eab6bc6d3a54', 'decode': 'c47f9bdcfb879eb73723521240a48a9bae99349d094a1fb82563535aabde82ec'}",True,56,6146ca39720729ca417353fb999323d14d97f4a7,"[64, 1]",64,native_NHD_then_page_head_token_dim_permute,0.9999975562095642,4.8315199092030525,0.001953125,102.79566192626953,4.756854468723759e-05,0.0,"{'prefill': 'c4166cfe326127daf30bc629493d8b251d8be85f97cda2efa510eab6bc6d3a54', 'decode': 'c47f9bdcfb879eb73723521240a48a9bae99349d094a1fb82563535aabde82ec'}",True,True,9.1.0,full_verify_d3_m168_b56_kv4096_uniform_tp4_dp4,True,npu:5,5,Ascend950PR_957b,4,3,bfloat16,prefill,False,256,"[32768, 256, 512, 1]",4096,tp4_dp4,uniform,168,,3,4096,28,2,24,56,64,1.0000001192092896,0.0,0.0,0.0,0.0,3585,3.11.10,4.0,"[6144, 256, 1]",correctness,32,"[4096, 4096, 4096, 4096, 4096, 4096, 4096, 4096, 4096, 4096, 4096, 4096, 4096, 4096, 4096, 4096, 4096, 4096, 4096, 4096, 4096, 4096, 4096, 4096, 4096, 4096, 4096, 4096, 4096, 4096, 4096, 4096, 4096, 4096, 4096, 4096, 4096, 4096, 4096, 4096, 4096, 4096, 4096, 4096, 4096, 4096, 4096, 4096, 4096, 4096, 4096, 4096, 4096, 4096, 4096, 4096]","[3, 3, 3, 3, 3, 3, 3, 3, 3, 3, 3, 3, 3, 3, 3, 3, 3, 3, 3, 3, 3, 3, 3, 3, 3, 3, 3, 3, 3, 3, 3, 3, 3, 3, 3, 3, 3, 3, 3, 3, 3, 3, 3, 3, 3, 3, 3, 3, 3, 3, 3, 3, 3, 3, 3, 3]",1,20260829,float32,0.09119556747428784,PASS,,verify_d3,2.10.0.post4.dev20260715,2.10.0+cpu,3.2.0,full_verify_d3_m168_b56_kv4096_uniform,6146ca39720729ca417353fb999323d14d97f4a7
full,0.9999974966049194,0.2501639537513256,0.0009765625,32.34669494628906,4.657751924241893e-05,0.0,"{'prefill': 'c4166cfe326127daf30bc629493d8b251d8be85f97cda2efa510eab6bc6d3a54', 'decode': 'c47f9bdcfb879eb73723521240a48a9bae99349d094a1fb82563535aabde82ec'}",True,1,6146ca39720729ca417353fb999323d14d97f4a7,"[64, 1]",64,native_NHD_then_page_head_token_dim_permute,0.9999974966049194,0.23505603894591331,0.0009765625,32.34669494628906,4.657751924241893e-05,0.0,"{'prefill': 'c4166cfe326127daf30bc629493d8b251d8be85f97cda2efa510eab6bc6d3a54', 'decode': 'c47f9bdcfb879eb73723521240a48a9bae99349d094a1fb82563535aabde82ec'}",True,True,9.1.0,full_verify_d4_m4_b1_kv4096_uniform_tp4_dp4,True,npu:5,5,Ascend950PR_957b,4,4,bfloat16,prefill,False,256,"[32768, 256, 512, 1]",4096,tp4_dp4,uniform,4,,4,4096,28,2,24,56,64,0.9999998807907104,0.0,0.0,0.0,0.0,65,3.11.10,4.0,"[6144, 256, 1]",correctness,4,[4096],[4],1,20260829,float32,0.09119556747428784,PASS,,verify_d4,2.10.0.post4.dev20260715,2.10.0+cpu,3.2.0,full_verify_d4_m4_b1_kv4096_uniform,6146ca39720729ca417353fb999323d14d97f4a7
full,0.9999974966049194,0.365682877600193,0.0009765625,108.58103942871094,4.697076656157151e-05,0.0,"{'prefill': 'c4166cfe326127daf30bc629493d8b251d8be85f97cda2efa510eab6bc6d3a54', 'decode': 'c47f9bdcfb879eb73723521240a48a9bae99349d094a1fb82563535aabde82ec'}",True,4,6146ca39720729ca417353fb999323d14d97f4a7,"[64, 1]",64,native_NHD_then_page_head_token_dim_permute,0.9999974966049194,0.535259023308754,0.0009765625,108.58103942871094,4.697076656157151e-05,0.0,"{'prefill': 'c4166cfe326127daf30bc629493d8b251d8be85f97cda2efa510eab6bc6d3a54', 'decode': 'c47f9bdcfb879eb73723521240a48a9bae99349d094a1fb82563535aabde82ec'}",True,True,9.1.0,full_verify_d4_m16_b4_kv4096_uniform_tp4_dp4,True,npu:5,5,Ascend950PR_957b,4,4,bfloat16,prefill,False,256,"[32768, 256, 512, 1]",4096,tp4_dp4,uniform,16,,4,4096,28,2,24,56,64,1.0,0.0,0.0,0.0,0.0,257,3.11.10,4.0,"[6144, 256, 1]",correctness,16,"[4096, 4096, 4096, 4096]","[4, 4, 4, 4]",1,20260829,float32,0.09119556747428784,PASS,,verify_d4,2.10.0.post4.dev20260715,2.10.0+cpu,3.2.0,full_verify_d4_m16_b4_kv4096_uniform,6146ca39720729ca417353fb999323d14d97f4a7
full,0.9999974966049194,0.4124809056520462,0.0009765625,61.33333206176758,4.7282646846724674e-05,0.0,"{'prefill': 'c4166cfe326127daf30bc629493d8b251d8be85f97cda2efa510eab6bc6d3a54', 'decode': 'c47f9bdcfb879eb73723521240a48a9bae99349d094a1fb82563535aabde82ec'}",True,8,6146ca39720729ca417353fb999323d14d97f4a7,"[64, 1]",64,native_NHD_then_page_head_token_dim_permute,0.9999974966049194,0.8161729201674461,0.0009765625,61.33333206176758,4.7282646846724674e-05,0.0,"{'prefill': 'c4166cfe326127daf30bc629493d8b251d8be85f97cda2efa510eab6bc6d3a54', 'decode': 'c47f9bdcfb879eb73723521240a48a9bae99349d094a1fb82563535aabde82ec'}",True,True,9.1.0,full_verify_d4_m32_b8_kv4096_uniform_tp4_dp4,True,npu:5,5,Ascend950PR_957b,4,4,bfloat16,prefill,False,256,"[32768, 256, 512, 1]",4096,tp4_dp4,uniform,32,,4,4096,28,2,24,56,64,1.0000001192092896,0.0,0.0,0.0,0.0,513,3.11.10,4.0,"[6144, 256, 1]",correctness,32,"[4096, 4096, 4096, 4096, 4096, 4096, 4096, 4096]","[4, 4, 4, 4, 4, 4, 4, 4]",1,20260829,float32,0.09119556747428784,PASS,,verify_d4,2.10.0.post4.dev20260715,2.10.0+cpu,3.2.0,full_verify_d4_m32_b8_kv4096_uniform,6146ca39720729ca417353fb999323d14d97f4a7
full,0.9999974370002747,0.6392169743776321,0.001953125,109.3521728515625,4.745217665913515e-05,0.0,"{'prefill': 'c4166cfe326127daf30bc629493d8b251d8be85f97cda2efa510eab6bc6d3a54', 'decode': 'c47f9bdcfb879eb73723521240a48a9bae99349d094a1fb82563535aabde82ec'}",True,16,6146ca39720729ca417353fb999323d14d97f4a7,"[64, 1]",64,native_NHD_then_page_head_token_dim_permute,0.9999974370002747,1.5052086673676968,0.001953125,109.3521728515625,4.745217665913515e-05,0.0,"{'prefill': 'c4166cfe326127daf30bc629493d8b251d8be85f97cda2efa510eab6bc6d3a54', 'decode': 'c47f9bdcfb879eb73723521240a48a9bae99349d094a1fb82563535aabde82ec'}",True,True,9.1.0,full_verify_d4_m64_b16_kv4096_uniform_tp4_dp4,True,npu:5,5,Ascend950PR_957b,4,4,bfloat16,prefill,False,256,"[32768, 256, 512, 1]",4096,tp4_dp4,uniform,64,,4,4096,28,2,24,56,64,0.9999999403953552,0.0,0.0,0.0,0.0,1025,3.11.10,4.0,"[6144, 256, 1]",correctness,32,"[4096, 4096, 4096, 4096, 4096, 4096, 4096, 4096, 4096, 4096, 4096, 4096, 4096, 4096, 4096, 4096]","[4, 4, 4, 4, 4, 4, 4, 4, 4, 4, 4, 4, 4, 4, 4, 4]",1,20260829,float32,0.09119556747428784,PASS,,verify_d4,2.10.0.post4.dev20260715,2.10.0+cpu,3.2.0,full_verify_d4_m64_b16_kv4096_uniform,6146ca39720729ca417353fb999323d14d97f4a7
full,0.9999974370002747,1.1120769195258617,0.001953125,131.7042236328125,4.7484980314038694e-05,0.0,"{'prefill': 'c4166cfe326127daf30bc629493d8b251d8be85f97cda2efa510eab6bc6d3a54', 'decode': 'c47f9bdcfb879eb73723521240a48a9bae99349d094a1fb82563535aabde82ec'}",True,32,6146ca39720729ca417353fb999323d14d97f4a7,"[64, 1]",64,native_NHD_then_page_head_token_dim_permute,0.9999974370002747,2.861171029508114,0.001953125,131.7042236328125,4.7484980314038694e-05,0.0,"{'prefill': 'c4166cfe326127daf30bc629493d8b251d8be85f97cda2efa510eab6bc6d3a54', 'decode': 'c47f9bdcfb879eb73723521240a48a9bae99349d094a1fb82563535aabde82ec'}",True,True,9.1.0,full_verify_d4_m128_b32_kv4096_uniform_tp4_dp4,True,npu:5,5,Ascend950PR_957b,4,4,bfloat16,prefill,False,256,"[32768, 256, 512, 1]",4096,tp4_dp4,uniform,128,,4,4096,28,2,24,56,64,1.0,0.0,0.0,0.0,0.0,2049,3.11.10,4.0,"[6144, 256, 1]",correctness,32,"[4096, 4096, 4096, 4096, 4096, 4096, 4096, 4096, 4096, 4096, 4096, 4096, 4096, 4096, 4096, 4096, 4096, 4096, 4096, 4096, 4096, 4096, 4096, 4096, 4096, 4096, 4096, 4096, 4096, 4096, 4096, 4096]","[4, 4, 4, 4, 4, 4, 4, 4, 4, 4, 4, 4, 4, 4, 4, 4, 4, 4, 4, 4, 4, 4, 4, 4, 4, 4, 4, 4, 4, 4, 4, 4]",1,20260829,float32,0.09119556747428784,PASS,,verify_d4,2.10.0.post4.dev20260715,2.10.0+cpu,3.2.0,full_verify_d4_m128_b32_kv4096_uniform,6146ca39720729ca417353fb999323d14d97f4a7
full,0.9999974966049194,1.3245129957795143,0.0009765625,89.97135162353516,4.798477311851457e-05,0.0,"{'prefill': 'c4166cfe326127daf30bc629493d8b251d8be85f97cda2efa510eab6bc6d3a54', 'decode': 'c47f9bdcfb879eb73723521240a48a9bae99349d094a1fb82563535aabde82ec'}",True,40,6146ca39720729ca417353fb999323d14d97f4a7,"[64, 1]",64,native_NHD_then_page_head_token_dim_permute,0.9999974966049194,3.5491259768605232,0.0009765625,89.97135162353516,4.798477311851457e-05,0.0,"{'prefill': 'c4166cfe326127daf30bc629493d8b251d8be85f97cda2efa510eab6bc6d3a54', 'decode': 'c47f9bdcfb879eb73723521240a48a9bae99349d094a1fb82563535aabde82ec'}",True,True,9.1.0,full_verify_d4_m160_b40_kv4096_uniform_tp4_dp4,True,npu:5,5,Ascend950PR_957b,4,4,bfloat16,prefill,False,256,"[32768, 256, 512, 1]",4096,tp4_dp4,uniform,160,,4,4096,28,2,24,56,64,1.0,0.0,0.0,0.0,0.0,2561,3.11.10,4.0,"[6144, 256, 1]",correctness,32,"[4096, 4096, 4096, 4096, 4096, 4096, 4096, 4096, 4096, 4096, 4096, 4096, 4096, 4096, 4096, 4096, 4096, 4096, 4096, 4096, 4096, 4096, 4096, 4096, 4096, 4096, 4096, 4096, 4096, 4096, 4096, 4096, 4096, 4096, 4096, 4096, 4096, 4096, 4096, 4096]","[4, 4, 4, 4, 4, 4, 4, 4, 4, 4, 4, 4, 4, 4, 4, 4, 4, 4, 4, 4, 4, 4, 4, 4, 4, 4, 4, 4, 4, 4, 4, 4, 4, 4, 4, 4, 4, 4, 4, 4]",1,20260829,float32,0.09119556747428784,PASS,,verify_d4,2.10.0.post4.dev20260715,2.10.0+cpu,3.2.0,full_verify_d4_m160_b40_kv4096_uniform,6146ca39720729ca417353fb999323d14d97f4a7
full,0.9999974966049194,1.763154286891222,0.0009765625,89.77949523925781,4.7379751777043566e-05,0.0,"{'prefill': 'c4166cfe326127daf30bc629493d8b251d8be85f97cda2efa510eab6bc6d3a54', 'decode': 'c47f9bdcfb879eb73723521240a48a9bae99349d094a1fb82563535aabde82ec'}",True,56,6146ca39720729ca417353fb999323d14d97f4a7,"[64, 1]",64,native_NHD_then_page_head_token_dim_permute,0.9999974966049194,4.8210700042545795,0.0009765625,89.77949523925781,4.7379751777043566e-05,0.0,"{'prefill': 'c4166cfe326127daf30bc629493d8b251d8be85f97cda2efa510eab6bc6d3a54', 'decode': 'c47f9bdcfb879eb73723521240a48a9bae99349d094a1fb82563535aabde82ec'}",True,True,9.1.0,full_verify_d4_m224_b56_kv4096_uniform_tp4_dp4,True,npu:5,5,Ascend950PR_957b,4,4,bfloat16,prefill,False,256,"[32768, 256, 512, 1]",4096,tp4_dp4,uniform,224,,4,4096,28,2,24,56,64,1.000000238418579,0.0,0.0,0.0,0.0,3585,3.11.10,4.0,"[6144, 256, 1]",correctness,32,"[4096, 4096, 4096, 4096, 4096, 4096, 4096, 4096, 4096, 4096, 4096, 4096, 4096, 4096, 4096, 4096, 4096, 4096, 4096, 4096, 4096, 4096, 4096, 4096, 4096, 4096, 4096, 4096, 4096, 4096, 4096, 4096, 4096, 4096, 4096, 4096, 4096, 4096, 4096, 4096, 4096, 4096, 4096, 4096, 4096, 4096, 4096, 4096, 4096, 4096, 4096, 4096, 4096, 4096, 4096, 4096]","[4, 4, 4, 4, 4, 4, 4, 4, 4, 4, 4, 4, 4, 4, 4, 4, 4, 4, 4, 4, 4, 4, 4, 4, 4, 4, 4, 4, 4, 4, 4, 4, 4, 4, 4, 4, 4, 4, 4, 4, 4, 4, 4, 4, 4, 4, 4, 4, 4, 4, 4, 4, 4, 4, 4, 4]",1,20260829,float32,0.09119556747428784,PASS,,verify_d4,2.10.0.post4.dev20260715,2.10.0+cpu,3.2.0,full_verify_d4_m224_b56_kv4096_uniform,6146ca39720729ca417353fb999323d14d97f4a7
swa,0.9999975562095642,0.0,0.001953125,1.339108943939209,0.00010458756878506392,0.0,"{'prefill': 'c4166cfe326127daf30bc629493d8b251d8be85f97cda2efa510eab6bc6d3a54', 'decode': 'c47f9bdcfb879eb73723521240a48a9bae99349d094a1fb82563535aabde82ec'}",True,1,6146ca39720729ca417353fb999323d14d97f4a7,"[64, 1]",64,native_NHD_then_page_head_token_dim_permute,0.9999975562095642,0.0,0.001953125,1.339108943939209,0.00010458756878506392,0.0,"{'prefill': 'c4166cfe326127daf30bc629493d8b251d8be85f97cda2efa510eab6bc6d3a54', 'decode': 'c47f9bdcfb879eb73723521240a48a9bae99349d094a1fb82563535aabde82ec'}",True,True,9.1.0,swa_verify_d2_m2_b1_kv4096_uniform_tp4,True,npu:5,5,Ascend950PR_957b,1,2,bfloat16,prefill,False,256,"[16384, 256, 256, 1]",4096,tp4,uniform,2,,2,4096,28,1,6,56,64,1.0,0.0,0.0,0.0,0.0,10,3.11.10,1.0,"[1536, 256, 1]",correctness,2,[4096],[2],1,20260829,float32,0.09119556747428784,PASS,511,verify_d2,2.10.0.post4.dev20260715,2.10.0+cpu,3.2.0,swa_verify_d2_m2_b1_kv4096_uniform,6146ca39720729ca417353fb999323d14d97f4a7
swa,0.9999984502792358,0.0,0.001953125,16.587982177734375,0.00010279820708092302,0.0,"{'prefill': 'c4166cfe326127daf30bc629493d8b251d8be85f97cda2efa510eab6bc6d3a54', 'decode': 'c47f9bdcfb879eb73723521240a48a9bae99349d094a1fb82563535aabde82ec'}",True,4,6146ca39720729ca417353fb999323d14d97f4a7,"[64, 1]",64,native_NHD_then_page_head_token_dim_permute,0.9999984502792358,0.0,0.001953125,16.587982177734375,0.00010279820708092302,0.0,"{'prefill': 'c4166cfe326127daf30bc629493d8b251d8be85f97cda2efa510eab6bc6d3a54', 'decode': 'c47f9bdcfb879eb73723521240a48a9bae99349d094a1fb82563535aabde82ec'}",True,True,9.1.0,swa_verify_d2_m8_b4_kv4096_uniform_tp4,True,npu:5,5,Ascend950PR_957b,1,2,bfloat16,prefill,False,256,"[16384, 256, 256, 1]",4096,tp4,uniform,8,,2,4096,28,1,6,56,64,1.0,0.0,0.0,0.0,0.0,37,3.11.10,1.0,"[1536, 256, 1]",correctness,8,"[4096, 4096, 4096, 4096]","[2, 2, 2, 2]",1,20260829,float32,0.09119556747428784,PASS,511,verify_d2,2.10.0.post4.dev20260715,2.10.0+cpu,3.2.0,swa_verify_d2_m8_b4_kv4096_uniform,6146ca39720729ca417353fb999323d14d97f4a7
swa,0.9999978542327881,0.0,0.00390625,6.138888835906982,0.00010648142779245973,0.0,"{'prefill': 'c4166cfe326127daf30bc629493d8b251d8be85f97cda2efa510eab6bc6d3a54', 'decode': 'c47f9bdcfb879eb73723521240a48a9bae99349d094a1fb82563535aabde82ec'}",True,8,6146ca39720729ca417353fb999323d14d97f4a7,"[64, 1]",64,native_NHD_then_page_head_token_dim_permute,0.9999978542327881,0.0,0.00390625,6.138888835906982,0.00010648142779245973,0.0,"{'prefill': 'c4166cfe326127daf30bc629493d8b251d8be85f97cda2efa510eab6bc6d3a54', 'decode': 'c47f9bdcfb879eb73723521240a48a9bae99349d094a1fb82563535aabde82ec'}",True,True,9.1.0,swa_verify_d2_m16_b8_kv4096_uniform_tp4,True,npu:5,5,Ascend950PR_957b,1,2,bfloat16,prefill,False,256,"[16384, 256, 256, 1]",4096,tp4,uniform,16,,2,4096,28,1,6,56,64,0.9999998807907104,0.0,0.0,0.0,0.0,73,3.11.10,1.0,"[1536, 256, 1]",correctness,16,"[4096, 4096, 4096, 4096, 4096, 4096, 4096, 4096]","[2, 2, 2, 2, 2, 2, 2, 2]",1,20260829,float32,0.09119556747428784,PASS,511,verify_d2,2.10.0.post4.dev20260715,2.10.0+cpu,3.2.0,swa_verify_d2_m16_b8_kv4096_uniform,6146ca39720729ca417353fb999323d14d97f4a7
swa,0.9999978542327881,0.0,0.00390625,87.69091033935547,0.00010768532229121774,0.0,"{'prefill': 'c4166cfe326127daf30bc629493d8b251d8be85f97cda2efa510eab6bc6d3a54', 'decode': 'c47f9bdcfb879eb73723521240a48a9bae99349d094a1fb82563535aabde82ec'}",True,16,6146ca39720729ca417353fb999323d14d97f4a7,"[64, 1]",64,native_NHD_then_page_head_token_dim_permute,0.9999978542327881,0.0,0.00390625,87.69091033935547,0.00010768532229121774,0.0,"{'prefill': 'c4166cfe326127daf30bc629493d8b251d8be85f97cda2efa510eab6bc6d3a54', 'decode': 'c47f9bdcfb879eb73723521240a48a9bae99349d094a1fb82563535aabde82ec'}",True,True,9.1.0,swa_verify_d2_m32_b16_kv4096_uniform_tp4,True,npu:5,5,Ascend950PR_957b,1,2,bfloat16,prefill,False,256,"[16384, 256, 256, 1]",4096,tp4,uniform,32,,2,4096,28,1,6,56,64,1.0,0.0,0.0,0.0,0.0,145,3.11.10,1.0,"[1536, 256, 1]",correctness,32,"[4096, 4096, 4096, 4096, 4096, 4096, 4096, 4096, 4096, 4096, 4096, 4096, 4096, 4096, 4096, 4096]","[2, 2, 2, 2, 2, 2, 2, 2, 2, 2, 2, 2, 2, 2, 2, 2]",1,20260829,float32,0.09119556747428784,PASS,511,verify_d2,2.10.0.post4.dev20260715,2.10.0+cpu,3.2.0,swa_verify_d2_m32_b16_kv4096_uniform,6146ca39720729ca417353fb999323d14d97f4a7
swa,0.9999979734420776,0.0,0.00390625,104.2631607055664,0.0001077063352568075,0.0,"{'prefill': 'c4166cfe326127daf30bc629493d8b251d8be85f97cda2efa510eab6bc6d3a54', 'decode': 'c47f9bdcfb879eb73723521240a48a9bae99349d094a1fb82563535aabde82ec'}",True,32,6146ca39720729ca417353fb999323d14d97f4a7,"[64, 1]",64,native_NHD_then_page_head_token_dim_permute,0.9999979734420776,0.0,0.00390625,104.2631607055664,0.0001077063352568075,0.0,"{'prefill': 'c4166cfe326127daf30bc629493d8b251d8be85f97cda2efa510eab6bc6d3a54', 'decode': 'c47f9bdcfb879eb73723521240a48a9bae99349d094a1fb82563535aabde82ec'}",True,True,9.1.0,swa_verify_d2_m64_b32_kv4096_uniform_tp4,True,npu:5,5,Ascend950PR_957b,1,2,bfloat16,prefill,False,256,"[16384, 256, 256, 1]",4096,tp4,uniform,64,,2,4096,28,1,6,56,64,1.0000001192092896,0.0,0.0,0.0,0.0,289,3.11.10,1.0,"[1536, 256, 1]",correctness,32,"[4096, 4096, 4096, 4096, 4096, 4096, 4096, 4096, 4096, 4096, 4096, 4096, 4096, 4096, 4096, 4096, 4096, 4096, 4096, 4096, 4096, 4096, 4096, 4096, 4096, 4096, 4096, 4096, 4096, 4096, 4096, 4096]","[2, 2, 2, 2, 2, 2, 2, 2, 2, 2, 2, 2, 2, 2, 2, 2, 2, 2, 2, 2, 2, 2, 2, 2, 2, 2, 2, 2, 2, 2, 2, 2]",1,20260829,float32,0.09119556747428784,PASS,511,verify_d2,2.10.0.post4.dev20260715,2.10.0+cpu,3.2.0,swa_verify_d2_m64_b32_kv4096_uniform,6146ca39720729ca417353fb999323d14d97f4a7
swa,0.9999983310699463,0.0,0.00390625,63.095237731933594,0.00010540819494053721,0.0,"{'prefill': 'c4166cfe326127daf30bc629493d8b251d8be85f97cda2efa510eab6bc6d3a54', 'decode': 'c47f9bdcfb879eb73723521240a48a9bae99349d094a1fb82563535aabde82ec'}",True,40,6146ca39720729ca417353fb999323d14d97f4a7,"[64, 1]",64,native_NHD_then_page_head_token_dim_permute,0.9999983310699463,0.0,0.00390625,63.095237731933594,0.00010540819494053721,0.0,"{'prefill': 'c4166cfe326127daf30bc629493d8b251d8be85f97cda2efa510eab6bc6d3a54', 'decode': 'c47f9bdcfb879eb73723521240a48a9bae99349d094a1fb82563535aabde82ec'}",True,True,9.1.0,swa_verify_d2_m80_b40_kv4096_uniform_tp4,True,npu:5,5,Ascend950PR_957b,1,2,bfloat16,prefill,False,256,"[16384, 256, 256, 1]",4096,tp4,uniform,80,,2,4096,28,1,6,56,64,1.000000238418579,0.0,0.0,0.0,0.0,361,3.11.10,1.0,"[1536, 256, 1]",correctness,32,"[4096, 4096, 4096, 4096, 4096, 4096, 4096, 4096, 4096, 4096, 4096, 4096, 4096, 4096, 4096, 4096, 4096, 4096, 4096, 4096, 4096, 4096, 4096, 4096, 4096, 4096, 4096, 4096, 4096, 4096, 4096, 4096, 4096, 4096, 4096, 4096, 4096, 4096, 4096, 4096]","[2, 2, 2, 2, 2, 2, 2, 2, 2, 2, 2, 2, 2, 2, 2, 2, 2, 2, 2, 2, 2, 2, 2, 2, 2, 2, 2, 2, 2, 2, 2, 2, 2, 2, 2, 2, 2, 2, 2, 2]",1,20260829,float32,0.09119556747428784,PASS,511,verify_d2,2.10.0.post4.dev20260715,2.10.0+cpu,3.2.0,swa_verify_d2_m80_b40_kv4096_uniform,6146ca39720729ca417353fb999323d14d97f4a7
swa,0.9999979734420776,0.0,0.00390625,34.88439178466797,0.00010637634841259569,0.0,"{'prefill': 'c4166cfe326127daf30bc629493d8b251d8be85f97cda2efa510eab6bc6d3a54', 'decode': 'c47f9bdcfb879eb73723521240a48a9bae99349d094a1fb82563535aabde82ec'}",True,56,6146ca39720729ca417353fb999323d14d97f4a7,"[64, 1]",64,native_NHD_then_page_head_token_dim_permute,0.9999979734420776,0.0,0.00390625,34.88439178466797,0.00010637634841259569,0.0,"{'prefill': 'c4166cfe326127daf30bc629493d8b251d8be85f97cda2efa510eab6bc6d3a54', 'decode': 'c47f9bdcfb879eb73723521240a48a9bae99349d094a1fb82563535aabde82ec'}",True,True,9.1.0,swa_verify_d2_m112_b56_kv4096_uniform_tp4,True,npu:5,5,Ascend950PR_957b,1,2,bfloat16,prefill,False,256,"[16384, 256, 256, 1]",4096,tp4,uniform,112,,2,4096,28,1,6,56,64,1.0,0.0,0.0,0.0,0.0,505,3.11.10,1.0,"[1536, 256, 1]",correctness,32,"[4096, 4096, 4096, 4096, 4096, 4096, 4096, 4096, 4096, 4096, 4096, 4096, 4096, 4096, 4096, 4096, 4096, 4096, 4096, 4096, 4096, 4096, 4096, 4096, 4096, 4096, 4096, 4096, 4096, 4096, 4096, 4096, 4096, 4096, 4096, 4096, 4096, 4096, 4096, 4096, 4096, 4096, 4096, 4096, 4096, 4096, 4096, 4096, 4096, 4096, 4096, 4096, 4096, 4096, 4096, 4096]","[2, 2, 2, 2, 2, 2, 2, 2, 2, 2, 2, 2, 2, 2, 2, 2, 2, 2, 2, 2, 2, 2, 2, 2, 2, 2, 2, 2, 2, 2, 2, 2, 2, 2, 2, 2, 2, 2, 2, 2, 2, 2, 2, 2, 2, 2, 2, 2, 2, 2, 2, 2, 2, 2, 2, 2]",1,20260829,float32,0.09119556747428784,PASS,511,verify_d2,2.10.0.post4.dev20260715,2.10.0+cpu,3.2.0,swa_verify_d2_m112_b56_kv4096_uniform,6146ca39720729ca417353fb999323d14d97f4a7
swa,0.999998152256012,0.0,0.00390625,2.159574508666992,0.00011418490612413734,0.0,"{'prefill': 'c4166cfe326127daf30bc629493d8b251d8be85f97cda2efa510eab6bc6d3a54', 'decode': 'c47f9bdcfb879eb73723521240a48a9bae99349d094a1fb82563535aabde82ec'}",True,1,6146ca39720729ca417353fb999323d14d97f4a7,"[64, 1]",64,native_NHD_then_page_head_token_dim_permute,0.999998152256012,0.0,0.00390625,2.159574508666992,0.00011418490612413734,0.0,"{'prefill': 'c4166cfe326127daf30bc629493d8b251d8be85f97cda2efa510eab6bc6d3a54', 'decode': 'c47f9bdcfb879eb73723521240a48a9bae99349d094a1fb82563535aabde82ec'}",True,True,9.1.0,swa_verify_d3_m3_b1_kv4096_uniform_tp4,True,npu:5,5,Ascend950PR_957b,1,3,bfloat16,prefill,False,256,"[16384, 256, 256, 1]",4096,tp4,uniform,3,,3,4096,28,1,6,56,64,1.0,0.0,0.0,0.0,0.0,10,3.11.10,1.0,"[1536, 256, 1]",correctness,3,[4096],[3],1,20260829,float32,0.09119556747428784,PASS,511,verify_d3,2.10.0.post4.dev20260715,2.10.0+cpu,3.2.0,swa_verify_d3_m3_b1_kv4096_uniform,6146ca39720729ca417353fb999323d14d97f4a7
swa,0.9999979734420776,0.0,0.001953125,15.789237976074219,0.00010844467033166438,0.0,"{'prefill': 'c4166cfe326127daf30bc629493d8b251d8be85f97cda2efa510eab6bc6d3a54', 'decode': 'c47f9bdcfb879eb73723521240a48a9bae99349d094a1fb82563535aabde82ec'}",True,4,6146ca39720729ca417353fb999323d14d97f4a7,"[64, 1]",64,native_NHD_then_page_head_token_dim_permute,0.9999979734420776,0.0,0.001953125,15.789237976074219,0.00010844467033166438,0.0,"{'prefill': 'c4166cfe326127daf30bc629493d8b251d8be85f97cda2efa510eab6bc6d3a54', 'decode': 'c47f9bdcfb879eb73723521240a48a9bae99349d094a1fb82563535aabde82ec'}",True,True,9.1.0,swa_verify_d3_m12_b4_kv4096_uniform_tp4,True,npu:5,5,Ascend950PR_957b,1,3,bfloat16,prefill,False,256,"[16384, 256, 256, 1]",4096,tp4,uniform,12,,3,4096,28,1,6,56,64,1.0000001192092896,0.0,0.0,0.0,0.0,37,3.11.10,1.0,"[1536, 256, 1]",correctness,12,"[4096, 4096, 4096, 4096]","[3, 3, 3, 3]",1,20260829,float32,0.09119556747428784,PASS,511,verify_d3,2.10.0.post4.dev20260715,2.10.0+cpu,3.2.0,swa_verify_d3_m12_b4_kv4096_uniform,6146ca39720729ca417353fb999323d14d97f4a7
swa,0.9999983310699463,0.0,0.001953125,63.75834274291992,0.00010312024096492678,0.0,"{'prefill': 'c4166cfe326127daf30bc629493d8b251d8be85f97cda2efa510eab6bc6d3a54', 'decode': 'c47f9bdcfb879eb73723521240a48a9bae99349d094a1fb82563535aabde82ec'}",True,8,6146ca39720729ca417353fb999323d14d97f4a7,"[64, 1]",64,native_NHD_then_page_head_token_dim_permute,0.9999983310699463,0.0,0.001953125,63.75834274291992,0.00010312024096492678,0.0,"{'prefill': 'c4166cfe326127daf30bc629493d8b251d8be85f97cda2efa510eab6bc6d3a54', 'decode': 'c47f9bdcfb879eb73723521240a48a9bae99349d094a1fb82563535aabde82ec'}",True,True,9.1.0,swa_verify_d3_m24_b8_kv4096_uniform_tp4,True,npu:5,5,Ascend950PR_957b,1,3,bfloat16,prefill,False,256,"[16384, 256, 256, 1]",4096,tp4,uniform,24,,3,4096,28,1,6,56,64,1.0,0.0,0.0,0.0,0.0,73,3.11.10,1.0,"[1536, 256, 1]",correctness,24,"[4096, 4096, 4096, 4096, 4096, 4096, 4096, 4096]","[3, 3, 3, 3, 3, 3, 3, 3]",1,20260829,float32,0.09119556747428784,PASS,511,verify_d3,2.10.0.post4.dev20260715,2.10.0+cpu,3.2.0,swa_verify_d3_m24_b8_kv4096_uniform,6146ca39720729ca417353fb999323d14d97f4a7
swa,0.9999978542327881,0.0,0.00390625,89.18181610107422,0.00010884790390264243,0.0,"{'prefill': 'c4166cfe326127daf30bc629493d8b251d8be85f97cda2efa510eab6bc6d3a54', 'decode': 'c47f9bdcfb879eb73723521240a48a9bae99349d094a1fb82563535aabde82ec'}",True,16,6146ca39720729ca417353fb999323d14d97f4a7,"[64, 1]",64,native_NHD_then_page_head_token_dim_permute,0.9999978542327881,0.0,0.00390625,89.18181610107422,0.00010884790390264243,0.0,"{'prefill': 'c4166cfe326127daf30bc629493d8b251d8be85f97cda2efa510eab6bc6d3a54', 'decode': 'c47f9bdcfb879eb73723521240a48a9bae99349d094a1fb82563535aabde82ec'}",True,True,9.1.0,swa_verify_d3_m48_b16_kv4096_uniform_tp4,True,npu:5,5,Ascend950PR_957b,1,3,bfloat16,prefill,False,256,"[16384, 256, 256, 1]",4096,tp4,uniform,48,,3,4096,28,1,6,56,64,1.0000001192092896,0.0,0.0,0.0,0.0,145,3.11.10,1.0,"[1536, 256, 1]",correctness,32,"[4096, 4096, 4096, 4096, 4096, 4096, 4096, 4096, 4096, 4096, 4096, 4096, 4096, 4096, 4096, 4096]","[3, 3, 3, 3, 3, 3, 3, 3, 3, 3, 3, 3, 3, 3, 3, 3]",1,20260829,float32,0.09119556747428784,PASS,511,verify_d3,2.10.0.post4.dev20260715,2.10.0+cpu,3.2.0,swa_verify_d3_m48_b16_kv4096_uniform,6146ca39720729ca417353fb999323d14d97f4a7
swa,0.9999980926513672,0.0,0.00390625,53.24113464355469,0.0001096649793908,0.0,"{'prefill': 'c4166cfe326127daf30bc629493d8b251d8be85f97cda2efa510eab6bc6d3a54', 'decode': 'c47f9bdcfb879eb73723521240a48a9bae99349d094a1fb82563535aabde82ec'}",True,32,6146ca39720729ca417353fb999323d14d97f4a7,"[64, 1]",64,native_NHD_then_page_head_token_dim_permute,0.9999980926513672,0.0,0.00390625,53.24113464355469,0.0001096649793908,0.0,"{'prefill': 'c4166cfe326127daf30bc629493d8b251d8be85f97cda2efa510eab6bc6d3a54', 'decode': 'c47f9bdcfb879eb73723521240a48a9bae99349d094a1fb82563535aabde82ec'}",True,True,9.1.0,swa_verify_d3_m96_b32_kv4096_uniform_tp4,True,npu:5,5,Ascend950PR_957b,1,3,bfloat16,prefill,False,256,"[16384, 256, 256, 1]",4096,tp4,uniform,96,,3,4096,28,1,6,56,64,1.0,0.0,0.0,0.0,0.0,289,3.11.10,1.0,"[1536, 256, 1]",correctness,32,"[4096, 4096, 4096, 4096, 4096, 4096, 4096, 4096, 4096, 4096, 4096, 4096, 4096, 4096, 4096, 4096, 4096, 4096, 4096, 4096, 4096, 4096, 4096, 4096, 4096, 4096, 4096, 4096, 4096, 4096, 4096, 4096]","[3, 3, 3, 3, 3, 3, 3, 3, 3, 3, 3, 3, 3, 3, 3, 3, 3, 3, 3, 3, 3, 3, 3, 3, 3, 3, 3, 3, 3, 3, 3, 3]",1,20260829,float32,0.09119556747428784,PASS,511,verify_d3,2.10.0.post4.dev20260715,2.10.0+cpu,3.2.0,swa_verify_d3_m96_b32_kv4096_uniform,6146ca39720729ca417353fb999323d14d97f4a7
swa,0.9999976754188538,0.0,0.001953125,126.40282440185547,0.00010812609980348498,0.0,"{'prefill': 'c4166cfe326127daf30bc629493d8b251d8be85f97cda2efa510eab6bc6d3a54', 'decode': 'c47f9bdcfb879eb73723521240a48a9bae99349d094a1fb82563535aabde82ec'}",True,40,6146ca39720729ca417353fb999323d14d97f4a7,"[64, 1]",64,native_NHD_then_page_head_token_dim_permute,0.9999976754188538,0.0,0.001953125,126.40282440185547,0.00010812609980348498,0.0,"{'prefill': 'c4166cfe326127daf30bc629493d8b251d8be85f97cda2efa510eab6bc6d3a54', 'decode': 'c47f9bdcfb879eb73723521240a48a9bae99349d094a1fb82563535aabde82ec'}",True,True,9.1.0,swa_verify_d3_m120_b40_kv4096_uniform_tp4,True,npu:5,5,Ascend950PR_957b,1,3,bfloat16,prefill,False,256,"[16384, 256, 256, 1]",4096,tp4,uniform,120,,3,4096,28,1,6,56,64,1.0,0.0,0.0,0.0,0.0,361,3.11.10,1.0,"[1536, 256, 1]",correctness,32,"[4096, 4096, 4096, 4096, 4096, 4096, 4096, 4096, 4096, 4096, 4096, 4096, 4096, 4096, 4096, 4096, 4096, 4096, 4096, 4096, 4096, 4096, 4096, 4096, 4096, 4096, 4096, 4096, 4096, 4096, 4096, 4096, 4096, 4096, 4096, 4096, 4096, 4096, 4096, 4096]","[3, 3, 3, 3, 3, 3, 3, 3, 3, 3, 3, 3, 3, 3, 3, 3, 3, 3, 3, 3, 3, 3, 3, 3, 3, 3, 3, 3, 3, 3, 3, 3, 3, 3, 3, 3, 3, 3, 3, 3]",1,20260829,float32,0.09119556747428784,PASS,511,verify_d3,2.10.0.post4.dev20260715,2.10.0+cpu,3.2.0,swa_verify_d3_m120_b40_kv4096_uniform,6146ca39720729ca417353fb999323d14d97f4a7
swa,0.9999978542327881,0.0,0.00390625,264.18267822265625,0.00010770608059829101,0.0,"{'prefill': 'c4166cfe326127daf30bc629493d8b251d8be85f97cda2efa510eab6bc6d3a54', 'decode': 'c47f9bdcfb879eb73723521240a48a9bae99349d094a1fb82563535aabde82ec'}",True,56,6146ca39720729ca417353fb999323d14d97f4a7,"[64, 1]",64,native_NHD_then_page_head_token_dim_permute,0.9999978542327881,0.0,0.00390625,264.18267822265625,0.00010770608059829101,0.0,"{'prefill': 'c4166cfe326127daf30bc629493d8b251d8be85f97cda2efa510eab6bc6d3a54', 'decode': 'c47f9bdcfb879eb73723521240a48a9bae99349d094a1fb82563535aabde82ec'}",True,True,9.1.0,swa_verify_d3_m168_b56_kv4096_uniform_tp4,True,npu:5,5,Ascend950PR_957b,1,3,bfloat16,prefill,False,256,"[16384, 256, 256, 1]",4096,tp4,uniform,168,,3,4096,28,1,6,56,64,1.0000001192092896,0.0,0.0,0.0,0.0,505,3.11.10,1.0,"[1536, 256, 1]",correctness,32,"[4096, 4096, 4096, 4096, 4096, 4096, 4096, 4096, 4096, 4096, 4096, 4096, 4096, 4096, 4096, 4096, 4096, 4096, 4096, 4096, 4096, 4096, 4096, 4096, 4096, 4096, 4096, 4096, 4096, 4096, 4096, 4096, 4096, 4096, 4096, 4096, 4096, 4096, 4096, 4096, 4096, 4096, 4096, 4096, 4096, 4096, 4096, 4096, 4096, 4096, 4096, 4096, 4096, 4096, 4096, 4096]","[3, 3, 3, 3, 3, 3, 3, 3, 3, 3, 3, 3, 3, 3, 3, 3, 3, 3, 3, 3, 3, 3, 3, 3, 3, 3, 3, 3, 3, 3, 3, 3, 3, 3, 3, 3, 3, 3, 3, 3, 3, 3, 3, 3, 3, 3, 3, 3, 3, 3, 3, 3, 3, 3, 3, 3]",1,20260829,float32,0.09119556747428784,PASS,511,verify_d3,2.10.0.post4.dev20260715,2.10.0+cpu,3.2.0,swa_verify_d3_m168_b56_kv4096_uniform,6146ca39720729ca417353fb999323d14d97f4a7
swa,0.9999980926513672,0.0,0.00390625,1.640522837638855,0.00010043193469755352,0.0,"{'prefill': 'c4166cfe326127daf30bc629493d8b251d8be85f97cda2efa510eab6bc6d3a54', 'decode': 'c47f9bdcfb879eb73723521240a48a9bae99349d094a1fb82563535aabde82ec'}",True,1,6146ca39720729ca417353fb999323d14d97f4a7,"[64, 1]",64,native_NHD_then_page_head_token_dim_permute,0.9999980926513672,0.0,0.00390625,1.640522837638855,0.00010043193469755352,0.0,"{'prefill': 'c4166cfe326127daf30bc629493d8b251d8be85f97cda2efa510eab6bc6d3a54', 'decode': 'c47f9bdcfb879eb73723521240a48a9bae99349d094a1fb82563535aabde82ec'}",True,True,9.1.0,swa_verify_d4_m4_b1_kv4096_uniform_tp4,True,npu:5,5,Ascend950PR_957b,1,4,bfloat16,prefill,False,256,"[16384, 256, 256, 1]",4096,tp4,uniform,4,,4,4096,28,1,6,56,64,1.0,0.0,0.0,0.0,0.0,10,3.11.10,1.0,"[1536, 256, 1]",correctness,4,[4096],[4],1,20260829,float32,0.09119556747428784,PASS,511,verify_d4,2.10.0.post4.dev20260715,2.10.0+cpu,3.2.0,swa_verify_d4_m4_b1_kv4096_uniform,6146ca39720729ca417353fb999323d14d97f4a7
swa,0.9999979734420776,0.0,0.001953125,9.34343433380127,0.0001078055938705802,0.0,"{'prefill': 'c4166cfe326127daf30bc629493d8b251d8be85f97cda2efa510eab6bc6d3a54', 'decode': 'c47f9bdcfb879eb73723521240a48a9bae99349d094a1fb82563535aabde82ec'}",True,4,6146ca39720729ca417353fb999323d14d97f4a7,"[64, 1]",64,native_NHD_then_page_head_token_dim_permute,0.9999979734420776,0.0,0.001953125,9.34343433380127,0.0001078055938705802,0.0,"{'prefill': 'c4166cfe326127daf30bc629493d8b251d8be85f97cda2efa510eab6bc6d3a54', 'decode': 'c47f9bdcfb879eb73723521240a48a9bae99349d094a1fb82563535aabde82ec'}",True,True,9.1.0,swa_verify_d4_m16_b4_kv4096_uniform_tp4,True,npu:5,5,Ascend950PR_957b,1,4,bfloat16,prefill,False,256,"[16384, 256, 256, 1]",4096,tp4,uniform,16,,4,4096,28,1,6,56,64,1.0000001192092896,0.0,0.0,0.0,0.0,37,3.11.10,1.0,"[1536, 256, 1]",correctness,16,"[4096, 4096, 4096, 4096]","[4, 4, 4, 4]",1,20260829,float32,0.09119556747428784,PASS,511,verify_d4,2.10.0.post4.dev20260715,2.10.0+cpu,3.2.0,swa_verify_d4_m16_b4_kv4096_uniform,6146ca39720729ca417353fb999323d14d97f4a7
swa,0.9999977350234985,0.0,0.00390625,75.66666412353516,0.00010570521408226341,0.0,"{'prefill': 'c4166cfe326127daf30bc629493d8b251d8be85f97cda2efa510eab6bc6d3a54', 'decode': 'c47f9bdcfb879eb73723521240a48a9bae99349d094a1fb82563535aabde82ec'}",True,8,6146ca39720729ca417353fb999323d14d97f4a7,"[64, 1]",64,native_NHD_then_page_head_token_dim_permute,0.9999977350234985,0.0,0.00390625,75.66666412353516,0.00010570521408226341,0.0,"{'prefill': 'c4166cfe326127daf30bc629493d8b251d8be85f97cda2efa510eab6bc6d3a54', 'decode': 'c47f9bdcfb879eb73723521240a48a9bae99349d094a1fb82563535aabde82ec'}",True,True,9.1.0,swa_verify_d4_m32_b8_kv4096_uniform_tp4,True,npu:5,5,Ascend950PR_957b,1,4,bfloat16,prefill,False,256,"[16384, 256, 256, 1]",4096,tp4,uniform,32,,4,4096,28,1,6,56,64,0.9999998807907104,0.0,0.0,0.0,0.0,73,3.11.10,1.0,"[1536, 256, 1]",correctness,32,"[4096, 4096, 4096, 4096, 4096, 4096, 4096, 4096]","[4, 4, 4, 4, 4, 4, 4, 4]",1,20260829,float32,0.09119556747428784,PASS,511,verify_d4,2.10.0.post4.dev20260715,2.10.0+cpu,3.2.0,swa_verify_d4_m32_b8_kv4096_uniform,6146ca39720729ca417353fb999323d14d97f4a7
swa,0.9999979734420776,0.0,0.00390625,10.444933891296387,0.00010707150067901239,0.0,"{'prefill': 'c4166cfe326127daf30bc629493d8b251d8be85f97cda2efa510eab6bc6d3a54', 'decode': 'c47f9bdcfb879eb73723521240a48a9bae99349d094a1fb82563535aabde82ec'}",True,16,6146ca39720729ca417353fb999323d14d97f4a7,"[64, 1]",64,native_NHD_then_page_head_token_dim_permute,0.9999979734420776,0.0,0.00390625,10.444933891296387,0.00010707150067901239,0.0,"{'prefill': 'c4166cfe326127daf30bc629493d8b251d8be85f97cda2efa510eab6bc6d3a54', 'decode': 'c47f9bdcfb879eb73723521240a48a9bae99349d094a1fb82563535aabde82ec'}",True,True,9.1.0,swa_verify_d4_m64_b16_kv4096_uniform_tp4,True,npu:5,5,Ascend950PR_957b,1,4,bfloat16,prefill,False,256,"[16384, 256, 256, 1]",4096,tp4,uniform,64,,4,4096,28,1,6,56,64,1.0,0.0,0.0,0.0,0.0,145,3.11.10,1.0,"[1536, 256, 1]",correctness,32,"[4096, 4096, 4096, 4096, 4096, 4096, 4096, 4096, 4096, 4096, 4096, 4096, 4096, 4096, 4096, 4096]","[4, 4, 4, 4, 4, 4, 4, 4, 4, 4, 4, 4, 4, 4, 4, 4]",1,20260829,float32,0.09119556747428784,PASS,511,verify_d4,2.10.0.post4.dev20260715,2.10.0+cpu,3.2.0,swa_verify_d4_m64_b16_kv4096_uniform,6146ca39720729ca417353fb999323d14d97f4a7
swa,0.9999979138374329,0.0,0.00390625,102.42076873779297,0.00010869652032852173,0.0,"{'prefill': 'c4166cfe326127daf30bc629493d8b251d8be85f97cda2efa510eab6bc6d3a54', 'decode': 'c47f9bdcfb879eb73723521240a48a9bae99349d094a1fb82563535aabde82ec'}",True,32,6146ca39720729ca417353fb999323d14d97f4a7,"[64, 1]",64,native_NHD_then_page_head_token_dim_permute,0.9999979138374329,0.0,0.00390625,102.42076873779297,0.00010869652032852173,0.0,"{'prefill': 'c4166cfe326127daf30bc629493d8b251d8be85f97cda2efa510eab6bc6d3a54', 'decode': 'c47f9bdcfb879eb73723521240a48a9bae99349d094a1fb82563535aabde82ec'}",True,True,9.1.0,swa_verify_d4_m128_b32_kv4096_uniform_tp4,True,npu:5,5,Ascend950PR_957b,1,4,bfloat16,prefill,False,256,"[16384, 256, 256, 1]",4096,tp4,uniform,128,,4,4096,28,1,6,56,64,0.9999999403953552,0.0,0.0,0.0,0.0,289,3.11.10,1.0,"[1536, 256, 1]",correctness,32,"[4096, 4096, 4096, 4096, 4096, 4096, 4096, 4096, 4096, 4096, 4096, 4096, 4096, 4096, 4096, 4096, 4096, 4096, 4096, 4096, 4096, 4096, 4096, 4096, 4096, 4096, 4096, 4096, 4096, 4096, 4096, 4096]","[4, 4, 4, 4, 4, 4, 4, 4, 4, 4, 4, 4, 4, 4, 4, 4, 4, 4, 4, 4, 4, 4, 4, 4, 4, 4, 4, 4, 4, 4, 4, 4]",1,20260829,float32,0.09119556747428784,PASS,511,verify_d4,2.10.0.post4.dev20260715,2.10.0+cpu,3.2.0,swa_verify_d4_m128_b32_kv4096_uniform,6146ca39720729ca417353fb999323d14d97f4a7
swa,0.9999977946281433,0.0,0.001953125,43.117645263671875,0.00011002441169694066,0.0,"{'prefill': 'c4166cfe326127daf30bc629493d8b251d8be85f97cda2efa510eab6bc6d3a54', 'decode': 'c47f9bdcfb879eb73723521240a48a9bae99349d094a1fb82563535aabde82ec'}",True,40,6146ca39720729ca417353fb999323d14d97f4a7,"[64, 1]",64,native_NHD_then_page_head_token_dim_permute,0.9999977946281433,0.0,0.001953125,43.117645263671875,0.00011002441169694066,0.0,"{'prefill': 'c4166cfe326127daf30bc629493d8b251d8be85f97cda2efa510eab6bc6d3a54', 'decode': 'c47f9bdcfb879eb73723521240a48a9bae99349d094a1fb82563535aabde82ec'}",True,True,9.1.0,swa_verify_d4_m160_b40_kv4096_uniform_tp4,True,npu:5,5,Ascend950PR_957b,1,4,bfloat16,prefill,False,256,"[16384, 256, 256, 1]",4096,tp4,uniform,160,,4,4096,28,1,6,56,64,1.0000001192092896,0.0,0.0,0.0,0.0,361,3.11.10,1.0,"[1536, 256, 1]",correctness,32,"[4096, 4096, 4096, 4096, 4096, 4096, 4096, 4096, 4096, 4096, 4096, 4096, 4096, 4096, 4096, 4096, 4096, 4096, 4096, 4096, 4096, 4096, 4096, 4096, 4096, 4096, 4096, 4096, 4096, 4096, 4096, 4096, 4096, 4096, 4096, 4096, 4096, 4096, 4096, 4096]","[4, 4, 4, 4, 4, 4, 4, 4, 4, 4, 4, 4, 4, 4, 4, 4, 4, 4, 4, 4, 4, 4, 4, 4, 4, 4, 4, 4, 4, 4, 4, 4, 4, 4, 4, 4, 4, 4, 4, 4]",1,20260829,float32,0.09119556747428784,PASS,511,verify_d4,2.10.0.post4.dev20260715,2.10.0+cpu,3.2.0,swa_verify_d4_m160_b40_kv4096_uniform,6146ca39720729ca417353fb999323d14d97f4a7
swa,0.9999979734420776,0.0,0.00390625,18.300813674926758,0.00010794134868774563,0.0,"{'prefill': 'c4166cfe326127daf30bc629493d8b251d8be85f97cda2efa510eab6bc6d3a54', 'decode': 'c47f9bdcfb879eb73723521240a48a9bae99349d094a1fb82563535aabde82ec'}",True,56,6146ca39720729ca417353fb999323d14d97f4a7,"[64, 1]",64,native_NHD_then_page_head_token_dim_permute,0.9999979734420776,0.0,0.00390625,18.300813674926758,0.00010794134868774563,0.0,"{'prefill': 'c4166cfe326127daf30bc629493d8b251d8be85f97cda2efa510eab6bc6d3a54', 'decode': 'c47f9bdcfb879eb73723521240a48a9bae99349d094a1fb82563535aabde82ec'}",True,True,9.1.0,swa_verify_d4_m224_b56_kv4096_uniform_tp4,True,npu:5,5,Ascend950PR_957b,1,4,bfloat16,prefill,False,256,"[16384, 256, 256, 1]",4096,tp4,uniform,224,,4,4096,28,1,6,56,64,0.9999998807907104,0.0,0.0,0.0,0.0,505,3.11.10,1.0,"[1536, 256, 1]",correctness,32,"[4096, 4096, 4096, 4096, 4096, 4096, 4096, 4096, 4096, 4096, 4096, 4096, 4096, 4096, 4096, 4096, 4096, 4096, 4096, 4096, 4096, 4096, 4096, 4096, 4096, 4096, 4096, 4096, 4096, 4096, 4096, 4096, 4096, 4096, 4096, 4096, 4096, 4096, 4096, 4096, 4096, 4096, 4096, 4096, 4096, 4096, 4096, 4096, 4096, 4096, 4096, 4096, 4096, 4096, 4096, 4096]","[4, 4, 4, 4, 4, 4, 4, 4, 4, 4, 4, 4, 4, 4, 4, 4, 4, 4, 4, 4, 4, 4, 4, 4, 4, 4, 4, 4, 4, 4, 4, 4, 4, 4, 4, 4, 4, 4, 4, 4, 4, 4, 4, 4, 4, 4, 4, 4, 4, 4, 4, 4, 4, 4, 4, 4]",1,20260829,float32,0.09119556747428784,PASS,511,verify_d4,2.10.0.post4.dev20260715,2.10.0+cpu,3.2.0,swa_verify_d4_m224_b56_kv4096_uniform,6146ca39720729ca417353fb999323d14d97f4a7
swa,0.999997615814209,0.0,0.001953125,3.1415929794311523,0.00010531239968258888,0.0,"{'prefill': 'c4166cfe326127daf30bc629493d8b251d8be85f97cda2efa510eab6bc6d3a54', 'decode': 'c47f9bdcfb879eb73723521240a48a9bae99349d094a1fb82563535aabde82ec'}",True,1,6146ca39720729ca417353fb999323d14d97f4a7,"[64, 1]",64,native_NHD_then_page_head_token_dim_permute,0.999997615814209,0.0,0.001953125,3.1415929794311523,0.00010531239968258888,0.0,"{'prefill': 'c4166cfe326127daf30bc629493d8b251d8be85f97cda2efa510eab6bc6d3a54', 'decode': 'c47f9bdcfb879eb73723521240a48a9bae99349d094a1fb82563535aabde82ec'}",True,True,9.1.0,swa_verify_d2_m2_b1_kv4096_uniform_tp4_dp2,True,npu:5,5,Ascend950PR_957b,2,2,bfloat16,prefill,False,256,"[16384, 256, 256, 1]",4096,tp4_dp2,uniform,2,,2,4096,28,1,12,56,64,1.0,0.0,0.0,0.0,0.0,10,3.11.10,2.0,"[3072, 256, 1]",correctness,2,[4096],[2],1,20260829,float32,0.09119556747428784,PASS,511,verify_d2,2.10.0.post4.dev20260715,2.10.0+cpu,3.2.0,swa_verify_d2_m2_b1_kv4096_uniform,6146ca39720729ca417353fb999323d14d97f4a7
swa,0.9999978542327881,0.0,0.00390625,51.57143020629883,0.00010747142368927598,0.0,"{'prefill': 'c4166cfe326127daf30bc629493d8b251d8be85f97cda2efa510eab6bc6d3a54', 'decode': 'c47f9bdcfb879eb73723521240a48a9bae99349d094a1fb82563535aabde82ec'}",True,4,6146ca39720729ca417353fb999323d14d97f4a7,"[64, 1]",64,native_NHD_then_page_head_token_dim_permute,0.9999978542327881,0.0,0.00390625,51.57143020629883,0.00010747142368927598,0.0,"{'prefill': 'c4166cfe326127daf30bc629493d8b251d8be85f97cda2efa510eab6bc6d3a54', 'decode': 'c47f9bdcfb879eb73723521240a48a9bae99349d094a1fb82563535aabde82ec'}",True,True,9.1.0,swa_verify_d2_m8_b4_kv4096_uniform_tp4_dp2,True,npu:5,5,Ascend950PR_957b,2,2,bfloat16,prefill,False,256,"[16384, 256, 256, 1]",4096,tp4_dp2,uniform,8,,2,4096,28,1,12,56,64,1.0,0.0,0.0,0.0,0.0,37,3.11.10,2.0,"[3072, 256, 1]",correctness,8,"[4096, 4096, 4096, 4096]","[2, 2, 2, 2]",1,20260829,float32,0.09119556747428784,PASS,511,verify_d2,2.10.0.post4.dev20260715,2.10.0+cpu,3.2.0,swa_verify_d2_m8_b4_kv4096_uniform,6146ca39720729ca417353fb999323d14d97f4a7
swa,0.9999979734420776,0.0,0.00390625,89.75714111328125,0.00011091270425822586,0.0,"{'prefill': 'c4166cfe326127daf30bc629493d8b251d8be85f97cda2efa510eab6bc6d3a54', 'decode': 'c47f9bdcfb879eb73723521240a48a9bae99349d094a1fb82563535aabde82ec'}",True,8,6146ca39720729ca417353fb999323d14d97f4a7,"[64, 1]",64,native_NHD_then_page_head_token_dim_permute,0.9999979734420776,0.0,0.00390625,89.75714111328125,0.00011091270425822586,0.0,"{'prefill': 'c4166cfe326127daf30bc629493d8b251d8be85f97cda2efa510eab6bc6d3a54', 'decode': 'c47f9bdcfb879eb73723521240a48a9bae99349d094a1fb82563535aabde82ec'}",True,True,9.1.0,swa_verify_d2_m16_b8_kv4096_uniform_tp4_dp2,True,npu:5,5,Ascend950PR_957b,2,2,bfloat16,prefill,False,256,"[16384, 256, 256, 1]",4096,tp4_dp2,uniform,16,,2,4096,28,1,12,56,64,1.0,0.0,0.0,0.0,0.0,73,3.11.10,2.0,"[3072, 256, 1]",correctness,16,"[4096, 4096, 4096, 4096, 4096, 4096, 4096, 4096]","[2, 2, 2, 2, 2, 2, 2, 2]",1,20260829,float32,0.09119556747428784,PASS,511,verify_d2,2.10.0.post4.dev20260715,2.10.0+cpu,3.2.0,swa_verify_d2_m16_b8_kv4096_uniform,6146ca39720729ca417353fb999323d14d97f4a7
swa,0.9999979138374329,0.0,0.00390625,43.6380500793457,0.00010941523214569315,0.0,"{'prefill': 'c4166cfe326127daf30bc629493d8b251d8be85f97cda2efa510eab6bc6d3a54', 'decode': 'c47f9bdcfb879eb73723521240a48a9bae99349d094a1fb82563535aabde82ec'}",True,16,6146ca39720729ca417353fb999323d14d97f4a7,"[64, 1]",64,native_NHD_then_page_head_token_dim_permute,0.9999979138374329,0.0,0.00390625,43.6380500793457,0.00010941523214569315,0.0,"{'prefill': 'c4166cfe326127daf30bc629493d8b251d8be85f97cda2efa510eab6bc6d3a54', 'decode': 'c47f9bdcfb879eb73723521240a48a9bae99349d094a1fb82563535aabde82ec'}",True,True,9.1.0,swa_verify_d2_m32_b16_kv4096_uniform_tp4_dp2,True,npu:5,5,Ascend950PR_957b,2,2,bfloat16,prefill,False,256,"[16384, 256, 256, 1]",4096,tp4_dp2,uniform,32,,2,4096,28,1,12,56,64,1.0,0.0,0.0,0.0,0.0,145,3.11.10,2.0,"[3072, 256, 1]",correctness,32,"[4096, 4096, 4096, 4096, 4096, 4096, 4096, 4096, 4096, 4096, 4096, 4096, 4096, 4096, 4096, 4096]","[2, 2, 2, 2, 2, 2, 2, 2, 2, 2, 2, 2, 2, 2, 2, 2]",1,20260829,float32,0.09119556747428784,PASS,511,verify_d2,2.10.0.post4.dev20260715,2.10.0+cpu,3.2.0,swa_verify_d2_m32_b16_kv4096_uniform,6146ca39720729ca417353fb999323d14d97f4a7
swa,0.9999978542327881,0.0,0.00390625,60.2081413269043,0.00011167456250404939,0.0,"{'prefill': 'c4166cfe326127daf30bc629493d8b251d8be85f97cda2efa510eab6bc6d3a54', 'decode': 'c47f9bdcfb879eb73723521240a48a9bae99349d094a1fb82563535aabde82ec'}",True,32,6146ca39720729ca417353fb999323d14d97f4a7,"[64, 1]",64,native_NHD_then_page_head_token_dim_permute,0.9999978542327881,0.0,0.00390625,60.2081413269043,0.00011167456250404939,0.0,"{'prefill': 'c4166cfe326127daf30bc629493d8b251d8be85f97cda2efa510eab6bc6d3a54', 'decode': 'c47f9bdcfb879eb73723521240a48a9bae99349d094a1fb82563535aabde82ec'}",True,True,9.1.0,swa_verify_d2_m64_b32_kv4096_uniform_tp4_dp2,True,npu:5,5,Ascend950PR_957b,2,2,bfloat16,prefill,False,256,"[16384, 256, 256, 1]",4096,tp4_dp2,uniform,64,,2,4096,28,1,12,56,64,1.0,0.0,0.0,0.0,0.0,289,3.11.10,2.0,"[3072, 256, 1]",correctness,32,"[4096, 4096, 4096, 4096, 4096, 4096, 4096, 4096, 4096, 4096, 4096, 4096, 4096, 4096, 4096, 4096, 4096, 4096, 4096, 4096, 4096, 4096, 4096, 4096, 4096, 4096, 4096, 4096, 4096, 4096, 4096, 4096]","[2, 2, 2, 2, 2, 2, 2, 2, 2, 2, 2, 2, 2, 2, 2, 2, 2, 2, 2, 2, 2, 2, 2, 2, 2, 2, 2, 2, 2, 2, 2, 2]",1,20260829,float32,0.09119556747428784,PASS,511,verify_d2,2.10.0.post4.dev20260715,2.10.0+cpu,3.2.0,swa_verify_d2_m64_b32_kv4096_uniform,6146ca39720729ca417353fb999323d14d97f4a7
swa,0.9999979138374329,0.0,0.00390625,134.08810424804688,0.00010932380973827094,0.0,"{'prefill': 'c4166cfe326127daf30bc629493d8b251d8be85f97cda2efa510eab6bc6d3a54', 'decode': 'c47f9bdcfb879eb73723521240a48a9bae99349d094a1fb82563535aabde82ec'}",True,40,6146ca39720729ca417353fb999323d14d97f4a7,"[64, 1]",64,native_NHD_then_page_head_token_dim_permute,0.9999979138374329,0.0,0.00390625,134.08810424804688,0.00010932380973827094,0.0,"{'prefill': 'c4166cfe326127daf30bc629493d8b251d8be85f97cda2efa510eab6bc6d3a54', 'decode': 'c47f9bdcfb879eb73723521240a48a9bae99349d094a1fb82563535aabde82ec'}",True,True,9.1.0,swa_verify_d2_m80_b40_kv4096_uniform_tp4_dp2,True,npu:5,5,Ascend950PR_957b,2,2,bfloat16,prefill,False,256,"[16384, 256, 256, 1]",4096,tp4_dp2,uniform,80,,2,4096,28,1,12,56,64,1.0,0.0,0.0,0.0,0.0,361,3.11.10,2.0,"[3072, 256, 1]",correctness,32,"[4096, 4096, 4096, 4096, 4096, 4096, 4096, 4096, 4096, 4096, 4096, 4096, 4096, 4096, 4096, 4096, 4096, 4096, 4096, 4096, 4096, 4096, 4096, 4096, 4096, 4096, 4096, 4096, 4096, 4096, 4096, 4096, 4096, 4096, 4096, 4096, 4096, 4096, 4096, 4096]","[2, 2, 2, 2, 2, 2, 2, 2, 2, 2, 2, 2, 2, 2, 2, 2, 2, 2, 2, 2, 2, 2, 2, 2, 2, 2, 2, 2, 2, 2, 2, 2, 2, 2, 2, 2, 2, 2, 2, 2]",1,20260829,float32,0.09119556747428784,PASS,511,verify_d2,2.10.0.post4.dev20260715,2.10.0+cpu,3.2.0,swa_verify_d2_m80_b40_kv4096_uniform,6146ca39720729ca417353fb999323d14d97f4a7
swa,0.9999979138374329,0.0,0.00390625,202.96499633789062,0.0001086162228602916,0.0,"{'prefill': 'c4166cfe326127daf30bc629493d8b251d8be85f97cda2efa510eab6bc6d3a54', 'decode': 'c47f9bdcfb879eb73723521240a48a9bae99349d094a1fb82563535aabde82ec'}",True,56,6146ca39720729ca417353fb999323d14d97f4a7,"[64, 1]",64,native_NHD_then_page_head_token_dim_permute,0.9999979138374329,0.0,0.00390625,202.96499633789062,0.0001086162228602916,0.0,"{'prefill': 'c4166cfe326127daf30bc629493d8b251d8be85f97cda2efa510eab6bc6d3a54', 'decode': 'c47f9bdcfb879eb73723521240a48a9bae99349d094a1fb82563535aabde82ec'}",True,True,9.1.0,swa_verify_d2_m112_b56_kv4096_uniform_tp4_dp2,True,npu:5,5,Ascend950PR_957b,2,2,bfloat16,prefill,False,256,"[16384, 256, 256, 1]",4096,tp4_dp2,uniform,112,,2,4096,28,1,12,56,64,1.0000001192092896,0.0,0.0,0.0,0.0,505,3.11.10,2.0,"[3072, 256, 1]",correctness,32,"[4096, 4096, 4096, 4096, 4096, 4096, 4096, 4096, 4096, 4096, 4096, 4096, 4096, 4096, 4096, 4096, 4096, 4096, 4096, 4096, 4096, 4096, 4096, 4096, 4096, 4096, 4096, 4096, 4096, 4096, 4096, 4096, 4096, 4096, 4096, 4096, 4096, 4096, 4096, 4096, 4096, 4096, 4096, 4096, 4096, 4096, 4096, 4096, 4096, 4096, 4096, 4096, 4096, 4096, 4096, 4096]","[2, 2, 2, 2, 2, 2, 2, 2, 2, 2, 2, 2, 2, 2, 2, 2, 2, 2, 2, 2, 2, 2, 2, 2, 2, 2, 2, 2, 2, 2, 2, 2, 2, 2, 2, 2, 2, 2, 2, 2, 2, 2, 2, 2, 2, 2, 2, 2, 2, 2, 2, 2, 2, 2, 2, 2]",1,20260829,float32,0.09119556747428784,PASS,511,verify_d2,2.10.0.post4.dev20260715,2.10.0+cpu,3.2.0,swa_verify_d2_m112_b56_kv4096_uniform,6146ca39720729ca417353fb999323d14d97f4a7
swa,0.999997615814209,0.0,0.001953125,56.25179672241211,0.00011157480184920132,0.0,"{'prefill': 'c4166cfe326127daf30bc629493d8b251d8be85f97cda2efa510eab6bc6d3a54', 'decode': 'c47f9bdcfb879eb73723521240a48a9bae99349d094a1fb82563535aabde82ec'}",True,1,6146ca39720729ca417353fb999323d14d97f4a7,"[64, 1]",64,native_NHD_then_page_head_token_dim_permute,0.999997615814209,0.0,0.001953125,56.25179672241211,0.00011157480184920132,0.0,"{'prefill': 'c4166cfe326127daf30bc629493d8b251d8be85f97cda2efa510eab6bc6d3a54', 'decode': 'c47f9bdcfb879eb73723521240a48a9bae99349d094a1fb82563535aabde82ec'}",True,True,9.1.0,swa_verify_d3_m3_b1_kv4096_uniform_tp4_dp2,True,npu:5,5,Ascend950PR_957b,2,3,bfloat16,prefill,False,256,"[16384, 256, 256, 1]",4096,tp4_dp2,uniform,3,,3,4096,28,1,12,56,64,1.0,0.0,0.0,0.0,0.0,10,3.11.10,2.0,"[3072, 256, 1]",correctness,3,[4096],[3],1,20260829,float32,0.09119556747428784,PASS,511,verify_d3,2.10.0.post4.dev20260715,2.10.0+cpu,3.2.0,swa_verify_d3_m3_b1_kv4096_uniform,6146ca39720729ca417353fb999323d14d97f4a7
swa,0.9999979734420776,0.0,0.001953125,21.79069709777832,0.00010796851711347699,0.0,"{'prefill': 'c4166cfe326127daf30bc629493d8b251d8be85f97cda2efa510eab6bc6d3a54', 'decode': 'c47f9bdcfb879eb73723521240a48a9bae99349d094a1fb82563535aabde82ec'}",True,4,6146ca39720729ca417353fb999323d14d97f4a7,"[64, 1]",64,native_NHD_then_page_head_token_dim_permute,0.9999979734420776,0.0,0.001953125,21.79069709777832,0.00010796851711347699,0.0,"{'prefill': 'c4166cfe326127daf30bc629493d8b251d8be85f97cda2efa510eab6bc6d3a54', 'decode': 'c47f9bdcfb879eb73723521240a48a9bae99349d094a1fb82563535aabde82ec'}",True,True,9.1.0,swa_verify_d3_m12_b4_kv4096_uniform_tp4_dp2,True,npu:5,5,Ascend950PR_957b,2,3,bfloat16,prefill,False,256,"[16384, 256, 256, 1]",4096,tp4_dp2,uniform,12,,3,4096,28,1,12,56,64,0.9999999403953552,0.0,0.0,0.0,0.0,37,3.11.10,2.0,"[3072, 256, 1]",correctness,12,"[4096, 4096, 4096, 4096]","[3, 3, 3, 3]",1,20260829,float32,0.09119556747428784,PASS,511,verify_d3,2.10.0.post4.dev20260715,2.10.0+cpu,3.2.0,swa_verify_d3_m12_b4_kv4096_uniform,6146ca39720729ca417353fb999323d14d97f4a7
swa,0.9999978542327881,0.0,0.00390625,90.45454406738281,0.00010758907592389733,0.0,"{'prefill': 'c4166cfe326127daf30bc629493d8b251d8be85f97cda2efa510eab6bc6d3a54', 'decode': 'c47f9bdcfb879eb73723521240a48a9bae99349d094a1fb82563535aabde82ec'}",True,8,6146ca39720729ca417353fb999323d14d97f4a7,"[64, 1]",64,native_NHD_then_page_head_token_dim_permute,0.9999978542327881,0.0,0.00390625,90.45454406738281,0.00010758907592389733,0.0,"{'prefill': 'c4166cfe326127daf30bc629493d8b251d8be85f97cda2efa510eab6bc6d3a54', 'decode': 'c47f9bdcfb879eb73723521240a48a9bae99349d094a1fb82563535aabde82ec'}",True,True,9.1.0,swa_verify_d3_m24_b8_kv4096_uniform_tp4_dp2,True,npu:5,5,Ascend950PR_957b,2,3,bfloat16,prefill,False,256,"[16384, 256, 256, 1]",4096,tp4_dp2,uniform,24,,3,4096,28,1,12,56,64,1.0,0.0,0.0,0.0,0.0,73,3.11.10,2.0,"[3072, 256, 1]",correctness,24,"[4096, 4096, 4096, 4096, 4096, 4096, 4096, 4096]","[3, 3, 3, 3, 3, 3, 3, 3]",1,20260829,float32,0.09119556747428784,PASS,511,verify_d3,2.10.0.post4.dev20260715,2.10.0+cpu,3.2.0,swa_verify_d3_m24_b8_kv4096_uniform,6146ca39720729ca417353fb999323d14d97f4a7
swa,0.9999978542327881,0.0,0.00390625,82.328857421875,0.00010940190259134397,0.0,"{'prefill': 'c4166cfe326127daf30bc629493d8b251d8be85f97cda2efa510eab6bc6d3a54', 'decode': 'c47f9bdcfb879eb73723521240a48a9bae99349d094a1fb82563535aabde82ec'}",True,16,6146ca39720729ca417353fb999323d14d97f4a7,"[64, 1]",64,native_NHD_then_page_head_token_dim_permute,0.9999978542327881,0.0,0.00390625,82.328857421875,0.00010940190259134397,0.0,"{'prefill': 'c4166cfe326127daf30bc629493d8b251d8be85f97cda2efa510eab6bc6d3a54', 'decode': 'c47f9bdcfb879eb73723521240a48a9bae99349d094a1fb82563535aabde82ec'}",True,True,9.1.0,swa_verify_d3_m48_b16_kv4096_uniform_tp4_dp2,True,npu:5,5,Ascend950PR_957b,2,3,bfloat16,prefill,False,256,"[16384, 256, 256, 1]",4096,tp4_dp2,uniform,48,,3,4096,28,1,12,56,64,1.0,0.0,0.0,0.0,0.0,145,3.11.10,2.0,"[3072, 256, 1]",correctness,32,"[4096, 4096, 4096, 4096, 4096, 4096, 4096, 4096, 4096, 4096, 4096, 4096, 4096, 4096, 4096, 4096]","[3, 3, 3, 3, 3, 3, 3, 3, 3, 3, 3, 3, 3, 3, 3, 3]",1,20260829,float32,0.09119556747428784,PASS,511,verify_d3,2.10.0.post4.dev20260715,2.10.0+cpu,3.2.0,swa_verify_d3_m48_b16_kv4096_uniform,6146ca39720729ca417353fb999323d14d97f4a7
swa,0.9999979734420776,0.0,0.00390625,64.90637969970703,0.0001084431423805654,0.0,"{'prefill': 'c4166cfe326127daf30bc629493d8b251d8be85f97cda2efa510eab6bc6d3a54', 'decode': 'c47f9bdcfb879eb73723521240a48a9bae99349d094a1fb82563535aabde82ec'}",True,32,6146ca39720729ca417353fb999323d14d97f4a7,"[64, 1]",64,native_NHD_then_page_head_token_dim_permute,0.9999979734420776,0.0,0.00390625,64.90637969970703,0.0001084431423805654,0.0,"{'prefill': 'c4166cfe326127daf30bc629493d8b251d8be85f97cda2efa510eab6bc6d3a54', 'decode': 'c47f9bdcfb879eb73723521240a48a9bae99349d094a1fb82563535aabde82ec'}",True,True,9.1.0,swa_verify_d3_m96_b32_kv4096_uniform_tp4_dp2,True,npu:5,5,Ascend950PR_957b,2,3,bfloat16,prefill,False,256,"[16384, 256, 256, 1]",4096,tp4_dp2,uniform,96,,3,4096,28,1,12,56,64,0.9999998807907104,0.0,0.0,0.0,0.0,289,3.11.10,2.0,"[3072, 256, 1]",correctness,32,"[4096, 4096, 4096, 4096, 4096, 4096, 4096, 4096, 4096, 4096, 4096, 4096, 4096, 4096, 4096, 4096, 4096, 4096, 4096, 4096, 4096, 4096, 4096, 4096, 4096, 4096, 4096, 4096, 4096, 4096, 4096, 4096]","[3, 3, 3, 3, 3, 3, 3, 3, 3, 3, 3, 3, 3, 3, 3, 3, 3, 3, 3, 3, 3, 3, 3, 3, 3, 3, 3, 3, 3, 3, 3, 3]",1,20260829,float32,0.09119556747428784,PASS,511,verify_d3,2.10.0.post4.dev20260715,2.10.0+cpu,3.2.0,swa_verify_d3_m96_b32_kv4096_uniform,6146ca39720729ca417353fb999323d14d97f4a7
swa,0.9999979734420776,0.0,0.00390625,65.89031982421875,0.00010852156992768869,0.0,"{'prefill': 'c4166cfe326127daf30bc629493d8b251d8be85f97cda2efa510eab6bc6d3a54', 'decode': 'c47f9bdcfb879eb73723521240a48a9bae99349d094a1fb82563535aabde82ec'}",True,40,6146ca39720729ca417353fb999323d14d97f4a7,"[64, 1]",64,native_NHD_then_page_head_token_dim_permute,0.9999979734420776,0.0,0.00390625,65.89031982421875,0.00010852156992768869,0.0,"{'prefill': 'c4166cfe326127daf30bc629493d8b251d8be85f97cda2efa510eab6bc6d3a54', 'decode': 'c47f9bdcfb879eb73723521240a48a9bae99349d094a1fb82563535aabde82ec'}",True,True,9.1.0,swa_verify_d3_m120_b40_kv4096_uniform_tp4_dp2,True,npu:5,5,Ascend950PR_957b,2,3,bfloat16,prefill,False,256,"[16384, 256, 256, 1]",4096,tp4_dp2,uniform,120,,3,4096,28,1,12,56,64,1.0,0.0,0.0,0.0,0.0,361,3.11.10,2.0,"[3072, 256, 1]",correctness,32,"[4096, 4096, 4096, 4096, 4096, 4096, 4096, 4096, 4096, 4096, 4096, 4096, 4096, 4096, 4096, 4096, 4096, 4096, 4096, 4096, 4096, 4096, 4096, 4096, 4096, 4096, 4096, 4096, 4096, 4096, 4096, 4096, 4096, 4096, 4096, 4096, 4096, 4096, 4096, 4096]","[3, 3, 3, 3, 3, 3, 3, 3, 3, 3, 3, 3, 3, 3, 3, 3, 3, 3, 3, 3, 3, 3, 3, 3, 3, 3, 3, 3, 3, 3, 3, 3, 3, 3, 3, 3, 3, 3, 3, 3]",1,20260829,float32,0.09119556747428784,PASS,511,verify_d3,2.10.0.post4.dev20260715,2.10.0+cpu,3.2.0,swa_verify_d3_m120_b40_kv4096_uniform,6146ca39720729ca417353fb999323d14d97f4a7
swa,0.9999980330467224,0.0,0.0078125,37.181819915771484,0.0001082823655451648,0.0,"{'prefill': 'c4166cfe326127daf30bc629493d8b251d8be85f97cda2efa510eab6bc6d3a54', 'decode': 'c47f9bdcfb879eb73723521240a48a9bae99349d094a1fb82563535aabde82ec'}",True,56,6146ca39720729ca417353fb999323d14d97f4a7,"[64, 1]",64,native_NHD_then_page_head_token_dim_permute,0.9999980330467224,0.0,0.0078125,37.181819915771484,0.0001082823655451648,0.0,"{'prefill': 'c4166cfe326127daf30bc629493d8b251d8be85f97cda2efa510eab6bc6d3a54', 'decode': 'c47f9bdcfb879eb73723521240a48a9bae99349d094a1fb82563535aabde82ec'}",True,True,9.1.0,swa_verify_d3_m168_b56_kv4096_uniform_tp4_dp2,True,npu:5,5,Ascend950PR_957b,2,3,bfloat16,prefill,False,256,"[16384, 256, 256, 1]",4096,tp4_dp2,uniform,168,,3,4096,28,1,12,56,64,1.0000001192092896,0.0,0.0,0.0,0.0,505,3.11.10,2.0,"[3072, 256, 1]",correctness,32,"[4096, 4096, 4096, 4096, 4096, 4096, 4096, 4096, 4096, 4096, 4096, 4096, 4096, 4096, 4096, 4096, 4096, 4096, 4096, 4096, 4096, 4096, 4096, 4096, 4096, 4096, 4096, 4096, 4096, 4096, 4096, 4096, 4096, 4096, 4096, 4096, 4096, 4096, 4096, 4096, 4096, 4096, 4096, 4096, 4096, 4096, 4096, 4096, 4096, 4096, 4096, 4096, 4096, 4096, 4096, 4096]","[3, 3, 3, 3, 3, 3, 3, 3, 3, 3, 3, 3, 3, 3, 3, 3, 3, 3, 3, 3, 3, 3, 3, 3, 3, 3, 3, 3, 3, 3, 3, 3, 3, 3, 3, 3, 3, 3, 3, 3, 3, 3, 3, 3, 3, 3, 3, 3, 3, 3, 3, 3, 3, 3, 3, 3]",1,20260829,float32,0.09119556747428784,PASS,511,verify_d3,2.10.0.post4.dev20260715,2.10.0+cpu,3.2.0,swa_verify_d3_m168_b56_kv4096_uniform,6146ca39720729ca417353fb999323d14d97f4a7
swa,0.999997615814209,0.0,0.001953125,14.333333015441895,0.0001131848111981526,0.0,"{'prefill': 'c4166cfe326127daf30bc629493d8b251d8be85f97cda2efa510eab6bc6d3a54', 'decode': 'c47f9bdcfb879eb73723521240a48a9bae99349d094a1fb82563535aabde82ec'}",True,1,6146ca39720729ca417353fb999323d14d97f4a7,"[64, 1]",64,native_NHD_then_page_head_token_dim_permute,0.999997615814209,0.0,0.001953125,14.333333015441895,0.0001131848111981526,0.0,"{'prefill': 'c4166cfe326127daf30bc629493d8b251d8be85f97cda2efa510eab6bc6d3a54', 'decode': 'c47f9bdcfb879eb73723521240a48a9bae99349d094a1fb82563535aabde82ec'}",True,True,9.1.0,swa_verify_d4_m4_b1_kv4096_uniform_tp4_dp2,True,npu:5,5,Ascend950PR_957b,2,4,bfloat16,prefill,False,256,"[16384, 256, 256, 1]",4096,tp4_dp2,uniform,4,,4,4096,28,1,12,56,64,1.0,0.0,0.0,0.0,0.0,10,3.11.10,2.0,"[3072, 256, 1]",correctness,4,[4096],[4],1,20260829,float32,0.09119556747428784,PASS,511,verify_d4,2.10.0.post4.dev20260715,2.10.0+cpu,3.2.0,swa_verify_d4_m4_b1_kv4096_uniform,6146ca39720729ca417353fb999323d14d97f4a7
swa,0.9999977350234985,0.0,0.00390625,30.746479034423828,0.00011023890692740679,0.0,"{'prefill': 'c4166cfe326127daf30bc629493d8b251d8be85f97cda2efa510eab6bc6d3a54', 'decode': 'c47f9bdcfb879eb73723521240a48a9bae99349d094a1fb82563535aabde82ec'}",True,4,6146ca39720729ca417353fb999323d14d97f4a7,"[64, 1]",64,native_NHD_then_page_head_token_dim_permute,0.9999977350234985,0.0,0.00390625,30.746479034423828,0.00011023890692740679,0.0,"{'prefill': 'c4166cfe326127daf30bc629493d8b251d8be85f97cda2efa510eab6bc6d3a54', 'decode': 'c47f9bdcfb879eb73723521240a48a9bae99349d094a1fb82563535aabde82ec'}",True,True,9.1.0,swa_verify_d4_m16_b4_kv4096_uniform_tp4_dp2,True,npu:5,5,Ascend950PR_957b,2,4,bfloat16,prefill,False,256,"[16384, 256, 256, 1]",4096,tp4_dp2,uniform,16,,4,4096,28,1,12,56,64,1.0,0.0,0.0,0.0,0.0,37,3.11.10,2.0,"[3072, 256, 1]",correctness,16,"[4096, 4096, 4096, 4096]","[4, 4, 4, 4]",1,20260829,float32,0.09119556747428784,PASS,511,verify_d4,2.10.0.post4.dev20260715,2.10.0+cpu,3.2.0,swa_verify_d4_m16_b4_kv4096_uniform,6146ca39720729ca417353fb999323d14d97f4a7
swa,0.9999980330467224,0.0,0.00390625,22.656564712524414,0.0001086899937945418,0.0,"{'prefill': 'c4166cfe326127daf30bc629493d8b251d8be85f97cda2efa510eab6bc6d3a54', 'decode': 'c47f9bdcfb879eb73723521240a48a9bae99349d094a1fb82563535aabde82ec'}",True,8,6146ca39720729ca417353fb999323d14d97f4a7,"[64, 1]",64,native_NHD_then_page_head_token_dim_permute,0.9999980330467224,0.0,0.00390625,22.656564712524414,0.0001086899937945418,0.0,"{'prefill': 'c4166cfe326127daf30bc629493d8b251d8be85f97cda2efa510eab6bc6d3a54', 'decode': 'c47f9bdcfb879eb73723521240a48a9bae99349d094a1fb82563535aabde82ec'}",True,True,9.1.0,swa_verify_d4_m32_b8_kv4096_uniform_tp4_dp2,True,npu:5,5,Ascend950PR_957b,2,4,bfloat16,prefill,False,256,"[16384, 256, 256, 1]",4096,tp4_dp2,uniform,32,,4,4096,28,1,12,56,64,1.0000001192092896,0.0,0.0,0.0,0.0,73,3.11.10,2.0,"[3072, 256, 1]",correctness,32,"[4096, 4096, 4096, 4096, 4096, 4096, 4096, 4096]","[4, 4, 4, 4, 4, 4, 4, 4]",1,20260829,float32,0.09119556747428784,PASS,511,verify_d4,2.10.0.post4.dev20260715,2.10.0+cpu,3.2.0,swa_verify_d4_m32_b8_kv4096_uniform,6146ca39720729ca417353fb999323d14d97f4a7
swa,0.9999977946281433,0.0,0.00390625,96.44144439697266,0.00010856908920686692,0.0,"{'prefill': 'c4166cfe326127daf30bc629493d8b251d8be85f97cda2efa510eab6bc6d3a54', 'decode': 'c47f9bdcfb879eb73723521240a48a9bae99349d094a1fb82563535aabde82ec'}",True,16,6146ca39720729ca417353fb999323d14d97f4a7,"[64, 1]",64,native_NHD_then_page_head_token_dim_permute,0.9999977946281433,0.0,0.00390625,96.44144439697266,0.00010856908920686692,0.0,"{'prefill': 'c4166cfe326127daf30bc629493d8b251d8be85f97cda2efa510eab6bc6d3a54', 'decode': 'c47f9bdcfb879eb73723521240a48a9bae99349d094a1fb82563535aabde82ec'}",True,True,9.1.0,swa_verify_d4_m64_b16_kv4096_uniform_tp4_dp2,True,npu:5,5,Ascend950PR_957b,2,4,bfloat16,prefill,False,256,"[16384, 256, 256, 1]",4096,tp4_dp2,uniform,64,,4,4096,28,1,12,56,64,0.9999998807907104,0.0,0.0,0.0,0.0,145,3.11.10,2.0,"[3072, 256, 1]",correctness,32,"[4096, 4096, 4096, 4096, 4096, 4096, 4096, 4096, 4096, 4096, 4096, 4096, 4096, 4096, 4096, 4096]","[4, 4, 4, 4, 4, 4, 4, 4, 4, 4, 4, 4, 4, 4, 4, 4]",1,20260829,float32,0.09119556747428784,PASS,511,verify_d4,2.10.0.post4.dev20260715,2.10.0+cpu,3.2.0,swa_verify_d4_m64_b16_kv4096_uniform,6146ca39720729ca417353fb999323d14d97f4a7
swa,0.9999979734420776,0.0,0.00390625,348.720703125,0.00010798680887091905,0.0,"{'prefill': 'c4166cfe326127daf30bc629493d8b251d8be85f97cda2efa510eab6bc6d3a54', 'decode': 'c47f9bdcfb879eb73723521240a48a9bae99349d094a1fb82563535aabde82ec'}",True,32,6146ca39720729ca417353fb999323d14d97f4a7,"[64, 1]",64,native_NHD_then_page_head_token_dim_permute,0.9999979734420776,0.0,0.00390625,348.720703125,0.00010798680887091905,0.0,"{'prefill': 'c4166cfe326127daf30bc629493d8b251d8be85f97cda2efa510eab6bc6d3a54', 'decode': 'c47f9bdcfb879eb73723521240a48a9bae99349d094a1fb82563535aabde82ec'}",True,True,9.1.0,swa_verify_d4_m128_b32_kv4096_uniform_tp4_dp2,True,npu:5,5,Ascend950PR_957b,2,4,bfloat16,prefill,False,256,"[16384, 256, 256, 1]",4096,tp4_dp2,uniform,128,,4,4096,28,1,12,56,64,1.0000001192092896,0.0,0.0,0.0,0.0,289,3.11.10,2.0,"[3072, 256, 1]",correctness,32,"[4096, 4096, 4096, 4096, 4096, 4096, 4096, 4096, 4096, 4096, 4096, 4096, 4096, 4096, 4096, 4096, 4096, 4096, 4096, 4096, 4096, 4096, 4096, 4096, 4096, 4096, 4096, 4096, 4096, 4096, 4096, 4096]","[4, 4, 4, 4, 4, 4, 4, 4, 4, 4, 4, 4, 4, 4, 4, 4, 4, 4, 4, 4, 4, 4, 4, 4, 4, 4, 4, 4, 4, 4, 4, 4]",1,20260829,float32,0.09119556747428784,PASS,511,verify_d4,2.10.0.post4.dev20260715,2.10.0+cpu,3.2.0,swa_verify_d4_m128_b32_kv4096_uniform,6146ca39720729ca417353fb999323d14d97f4a7
swa,0.9999980330467224,0.0,0.00390625,168.15216064453125,0.00010957076301565394,0.0,"{'prefill': 'c4166cfe326127daf30bc629493d8b251d8be85f97cda2efa510eab6bc6d3a54', 'decode': 'c47f9bdcfb879eb73723521240a48a9bae99349d094a1fb82563535aabde82ec'}",True,40,6146ca39720729ca417353fb999323d14d97f4a7,"[64, 1]",64,native_NHD_then_page_head_token_dim_permute,0.9999980330467224,0.0,0.00390625,168.15216064453125,0.00010957076301565394,0.0,"{'prefill': 'c4166cfe326127daf30bc629493d8b251d8be85f97cda2efa510eab6bc6d3a54', 'decode': 'c47f9bdcfb879eb73723521240a48a9bae99349d094a1fb82563535aabde82ec'}",True,True,9.1.0,swa_verify_d4_m160_b40_kv4096_uniform_tp4_dp2,True,npu:5,5,Ascend950PR_957b,2,4,bfloat16,prefill,False,256,"[16384, 256, 256, 1]",4096,tp4_dp2,uniform,160,,4,4096,28,1,12,56,64,1.0,0.0,0.0,0.0,0.0,361,3.11.10,2.0,"[3072, 256, 1]",correctness,32,"[4096, 4096, 4096, 4096, 4096, 4096, 4096, 4096, 4096, 4096, 4096, 4096, 4096, 4096, 4096, 4096, 4096, 4096, 4096, 4096, 4096, 4096, 4096, 4096, 4096, 4096, 4096, 4096, 4096, 4096, 4096, 4096, 4096, 4096, 4096, 4096, 4096, 4096, 4096, 4096]","[4, 4, 4, 4, 4, 4, 4, 4, 4, 4, 4, 4, 4, 4, 4, 4, 4, 4, 4, 4, 4, 4, 4, 4, 4, 4, 4, 4, 4, 4, 4, 4, 4, 4, 4, 4, 4, 4, 4, 4]",1,20260829,float32,0.09119556747428784,PASS,511,verify_d4,2.10.0.post4.dev20260715,2.10.0+cpu,3.2.0,swa_verify_d4_m160_b40_kv4096_uniform,6146ca39720729ca417353fb999323d14d97f4a7
swa,0.9999977946281433,0.0,0.00390625,40.87165832519531,0.00011040993558708578,0.0,"{'prefill': 'c4166cfe326127daf30bc629493d8b251d8be85f97cda2efa510eab6bc6d3a54', 'decode': 'c47f9bdcfb879eb73723521240a48a9bae99349d094a1fb82563535aabde82ec'}",True,56,6146ca39720729ca417353fb999323d14d97f4a7,"[64, 1]",64,native_NHD_then_page_head_token_dim_permute,0.9999977946281433,0.0,0.00390625,40.87165832519531,0.00011040993558708578,0.0,"{'prefill': 'c4166cfe326127daf30bc629493d8b251d8be85f97cda2efa510eab6bc6d3a54', 'decode': 'c47f9bdcfb879eb73723521240a48a9bae99349d094a1fb82563535aabde82ec'}",True,True,9.1.0,swa_verify_d4_m224_b56_kv4096_uniform_tp4_dp2,True,npu:5,5,Ascend950PR_957b,2,4,bfloat16,prefill,False,256,"[16384, 256, 256, 1]",4096,tp4_dp2,uniform,224,,4,4096,28,1,12,56,64,0.9999999403953552,0.0,0.0,0.0,0.0,505,3.11.10,2.0,"[3072, 256, 1]",correctness,32,"[4096, 4096, 4096, 4096, 4096, 4096, 4096, 4096, 4096, 4096, 4096, 4096, 4096, 4096, 4096, 4096, 4096, 4096, 4096, 4096, 4096, 4096, 4096, 4096, 4096, 4096, 4096, 4096, 4096, 4096, 4096, 4096, 4096, 4096, 4096, 4096, 4096, 4096, 4096, 4096, 4096, 4096, 4096, 4096, 4096, 4096, 4096, 4096, 4096, 4096, 4096, 4096, 4096, 4096, 4096, 4096]","[4, 4, 4, 4, 4, 4, 4, 4, 4, 4, 4, 4, 4, 4, 4, 4, 4, 4, 4, 4, 4, 4, 4, 4, 4, 4, 4, 4, 4, 4, 4, 4, 4, 4, 4, 4, 4, 4, 4, 4, 4, 4, 4, 4, 4, 4, 4, 4, 4, 4, 4, 4, 4, 4, 4, 4]",1,20260829,float32,0.09119556747428784,PASS,511,verify_d4,2.10.0.post4.dev20260715,2.10.0+cpu,3.2.0,swa_verify_d4_m224_b56_kv4096_uniform,6146ca39720729ca417353fb999323d14d97f4a7
swa,0.999997615814209,0.0,0.001953125,3.0327868461608887,0.00011292310955468565,0.0,"{'prefill': 'c4166cfe326127daf30bc629493d8b251d8be85f97cda2efa510eab6bc6d3a54', 'decode': 'c47f9bdcfb879eb73723521240a48a9bae99349d094a1fb82563535aabde82ec'}",True,1,6146ca39720729ca417353fb999323d14d97f4a7,"[64, 1]",64,native_NHD_then_page_head_token_dim_permute,0.999997615814209,0.0,0.001953125,3.0327868461608887,0.00011292310955468565,0.0,"{'prefill': 'c4166cfe326127daf30bc629493d8b251d8be85f97cda2efa510eab6bc6d3a54', 'decode': 'c47f9bdcfb879eb73723521240a48a9bae99349d094a1fb82563535aabde82ec'}",True,True,9.1.0,swa_verify_d2_m2_b1_kv4096_uniform_tp4_dp4,True,npu:5,5,Ascend950PR_957b,4,2,bfloat16,prefill,False,256,"[32768, 256, 512, 1]",4096,tp4_dp4,uniform,2,,2,4096,28,2,24,56,64,1.0,0.0,0.0,0.0,0.0,10,3.11.10,4.0,"[6144, 256, 1]",correctness,2,[4096],[2],1,20260829,float32,0.09119556747428784,PASS,511,verify_d2,2.10.0.post4.dev20260715,2.10.0+cpu,3.2.0,swa_verify_d2_m2_b1_kv4096_uniform,6146ca39720729ca417353fb999323d14d97f4a7
swa,0.999997615814209,0.0,0.001953125,24.635358810424805,0.00010971832671202719,0.0,"{'prefill': 'c4166cfe326127daf30bc629493d8b251d8be85f97cda2efa510eab6bc6d3a54', 'decode': 'c47f9bdcfb879eb73723521240a48a9bae99349d094a1fb82563535aabde82ec'}",True,4,6146ca39720729ca417353fb999323d14d97f4a7,"[64, 1]",64,native_NHD_then_page_head_token_dim_permute,0.999997615814209,0.0,0.001953125,24.635358810424805,0.00010971832671202719,0.0,"{'prefill': 'c4166cfe326127daf30bc629493d8b251d8be85f97cda2efa510eab6bc6d3a54', 'decode': 'c47f9bdcfb879eb73723521240a48a9bae99349d094a1fb82563535aabde82ec'}",True,True,9.1.0,swa_verify_d2_m8_b4_kv4096_uniform_tp4_dp4,True,npu:5,5,Ascend950PR_957b,4,2,bfloat16,prefill,False,256,"[32768, 256, 512, 1]",4096,tp4_dp4,uniform,8,,2,4096,28,2,24,56,64,0.9999998211860657,0.0,0.0,0.0,0.0,37,3.11.10,4.0,"[6144, 256, 1]",correctness,8,"[4096, 4096, 4096, 4096]","[2, 2, 2, 2]",1,20260829,float32,0.09119556747428784,PASS,511,verify_d2,2.10.0.post4.dev20260715,2.10.0+cpu,3.2.0,swa_verify_d2_m8_b4_kv4096_uniform,6146ca39720729ca417353fb999323d14d97f4a7
swa,0.9999977350234985,0.0,0.00390625,255.1714324951172,0.00010917065083049238,0.0,"{'prefill': 'c4166cfe326127daf30bc629493d8b251d8be85f97cda2efa510eab6bc6d3a54', 'decode': 'c47f9bdcfb879eb73723521240a48a9bae99349d094a1fb82563535aabde82ec'}",True,8,6146ca39720729ca417353fb999323d14d97f4a7,"[64, 1]",64,native_NHD_then_page_head_token_dim_permute,0.9999977350234985,0.0,0.00390625,255.1714324951172,0.00010917065083049238,0.0,"{'prefill': 'c4166cfe326127daf30bc629493d8b251d8be85f97cda2efa510eab6bc6d3a54', 'decode': 'c47f9bdcfb879eb73723521240a48a9bae99349d094a1fb82563535aabde82ec'}",True,True,9.1.0,swa_verify_d2_m16_b8_kv4096_uniform_tp4_dp4,True,npu:5,5,Ascend950PR_957b,4,2,bfloat16,prefill,False,256,"[32768, 256, 512, 1]",4096,tp4_dp4,uniform,16,,2,4096,28,2,24,56,64,0.9999998807907104,0.0,0.0,0.0,0.0,73,3.11.10,4.0,"[6144, 256, 1]",correctness,16,"[4096, 4096, 4096, 4096, 4096, 4096, 4096, 4096]","[2, 2, 2, 2, 2, 2, 2, 2]",1,20260829,float32,0.09119556747428784,PASS,511,verify_d2,2.10.0.post4.dev20260715,2.10.0+cpu,3.2.0,swa_verify_d2_m16_b8_kv4096_uniform,6146ca39720729ca417353fb999323d14d97f4a7
swa,0.9999978542327881,0.0,0.00390625,101.63594818115234,0.00011017717042705044,0.0,"{'prefill': 'c4166cfe326127daf30bc629493d8b251d8be85f97cda2efa510eab6bc6d3a54', 'decode': 'c47f9bdcfb879eb73723521240a48a9bae99349d094a1fb82563535aabde82ec'}",True,16,6146ca39720729ca417353fb999323d14d97f4a7,"[64, 1]",64,native_NHD_then_page_head_token_dim_permute,0.9999978542327881,0.0,0.00390625,101.63594818115234,0.00011017717042705044,0.0,"{'prefill': 'c4166cfe326127daf30bc629493d8b251d8be85f97cda2efa510eab6bc6d3a54', 'decode': 'c47f9bdcfb879eb73723521240a48a9bae99349d094a1fb82563535aabde82ec'}",True,True,9.1.0,swa_verify_d2_m32_b16_kv4096_uniform_tp4_dp4,True,npu:5,5,Ascend950PR_957b,4,2,bfloat16,prefill,False,256,"[32768, 256, 512, 1]",4096,tp4_dp4,uniform,32,,2,4096,28,2,24,56,64,1.0,0.0,0.0,0.0,0.0,145,3.11.10,4.0,"[6144, 256, 1]",correctness,32,"[4096, 4096, 4096, 4096, 4096, 4096, 4096, 4096, 4096, 4096, 4096, 4096, 4096, 4096, 4096, 4096]","[2, 2, 2, 2, 2, 2, 2, 2, 2, 2, 2, 2, 2, 2, 2, 2]",1,20260829,float32,0.09119556747428784,PASS,511,verify_d2,2.10.0.post4.dev20260715,2.10.0+cpu,3.2.0,swa_verify_d2_m32_b16_kv4096_uniform,6146ca39720729ca417353fb999323d14d97f4a7
swa,0.9999977946281433,0.0,0.00390625,179.97622680664062,0.000110027460323181,0.0,"{'prefill': 'c4166cfe326127daf30bc629493d8b251d8be85f97cda2efa510eab6bc6d3a54', 'decode': 'c47f9bdcfb879eb73723521240a48a9bae99349d094a1fb82563535aabde82ec'}",True,32,6146ca39720729ca417353fb999323d14d97f4a7,"[64, 1]",64,native_NHD_then_page_head_token_dim_permute,0.9999977946281433,0.0,0.00390625,179.97622680664062,0.000110027460323181,0.0,"{'prefill': 'c4166cfe326127daf30bc629493d8b251d8be85f97cda2efa510eab6bc6d3a54', 'decode': 'c47f9bdcfb879eb73723521240a48a9bae99349d094a1fb82563535aabde82ec'}",True,True,9.1.0,swa_verify_d2_m64_b32_kv4096_uniform_tp4_dp4,True,npu:5,5,Ascend950PR_957b,4,2,bfloat16,prefill,False,256,"[32768, 256, 512, 1]",4096,tp4_dp4,uniform,64,,2,4096,28,2,24,56,64,1.0,0.0,0.0,0.0,0.0,289,3.11.10,4.0,"[6144, 256, 1]",correctness,32,"[4096, 4096, 4096, 4096, 4096, 4096, 4096, 4096, 4096, 4096, 4096, 4096, 4096, 4096, 4096, 4096, 4096, 4096, 4096, 4096, 4096, 4096, 4096, 4096, 4096, 4096, 4096, 4096, 4096, 4096, 4096, 4096]","[2, 2, 2, 2, 2, 2, 2, 2, 2, 2, 2, 2, 2, 2, 2, 2, 2, 2, 2, 2, 2, 2, 2, 2, 2, 2, 2, 2, 2, 2, 2, 2]",1,20260829,float32,0.09119556747428784,PASS,511,verify_d2,2.10.0.post4.dev20260715,2.10.0+cpu,3.2.0,swa_verify_d2_m64_b32_kv4096_uniform,6146ca39720729ca417353fb999323d14d97f4a7
swa,0.9999977946281433,0.0,0.00390625,97.78838348388672,0.0001101186717278324,0.0,"{'prefill': 'c4166cfe326127daf30bc629493d8b251d8be85f97cda2efa510eab6bc6d3a54', 'decode': 'c47f9bdcfb879eb73723521240a48a9bae99349d094a1fb82563535aabde82ec'}",True,40,6146ca39720729ca417353fb999323d14d97f4a7,"[64, 1]",64,native_NHD_then_page_head_token_dim_permute,0.9999977946281433,0.0,0.00390625,97.78838348388672,0.0001101186717278324,0.0,"{'prefill': 'c4166cfe326127daf30bc629493d8b251d8be85f97cda2efa510eab6bc6d3a54', 'decode': 'c47f9bdcfb879eb73723521240a48a9bae99349d094a1fb82563535aabde82ec'}",True,True,9.1.0,swa_verify_d2_m80_b40_kv4096_uniform_tp4_dp4,True,npu:5,5,Ascend950PR_957b,4,2,bfloat16,prefill,False,256,"[32768, 256, 512, 1]",4096,tp4_dp4,uniform,80,,2,4096,28,2,24,56,64,1.0,0.0,0.0,0.0,0.0,361,3.11.10,4.0,"[6144, 256, 1]",correctness,32,"[4096, 4096, 4096, 4096, 4096, 4096, 4096, 4096, 4096, 4096, 4096, 4096, 4096, 4096, 4096, 4096, 4096, 4096, 4096, 4096, 4096, 4096, 4096, 4096, 4096, 4096, 4096, 4096, 4096, 4096, 4096, 4096, 4096, 4096, 4096, 4096, 4096, 4096, 4096, 4096]","[2, 2, 2, 2, 2, 2, 2, 2, 2, 2, 2, 2, 2, 2, 2, 2, 2, 2, 2, 2, 2, 2, 2, 2, 2, 2, 2, 2, 2, 2, 2, 2, 2, 2, 2, 2, 2, 2, 2, 2]",1,20260829,float32,0.09119556747428784,PASS,511,verify_d2,2.10.0.post4.dev20260715,2.10.0+cpu,3.2.0,swa_verify_d2_m80_b40_kv4096_uniform,6146ca39720729ca417353fb999323d14d97f4a7
swa,0.9999978542327881,0.0,0.00390625,177.43394470214844,0.00010793009278131649,0.0,"{'prefill': 'c4166cfe326127daf30bc629493d8b251d8be85f97cda2efa510eab6bc6d3a54', 'decode': 'c47f9bdcfb879eb73723521240a48a9bae99349d094a1fb82563535aabde82ec'}",True,56,6146ca39720729ca417353fb999323d14d97f4a7,"[64, 1]",64,native_NHD_then_page_head_token_dim_permute,0.9999978542327881,0.0,0.00390625,177.43394470214844,0.00010793009278131649,0.0,"{'prefill': 'c4166cfe326127daf30bc629493d8b251d8be85f97cda2efa510eab6bc6d3a54', 'decode': 'c47f9bdcfb879eb73723521240a48a9bae99349d094a1fb82563535aabde82ec'}",True,True,9.1.0,swa_verify_d2_m112_b56_kv4096_uniform_tp4_dp4,True,npu:5,5,Ascend950PR_957b,4,2,bfloat16,prefill,False,256,"[32768, 256, 512, 1]",4096,tp4_dp4,uniform,112,,2,4096,28,2,24,56,64,1.000000238418579,0.0,0.0,0.0,0.0,505,3.11.10,4.0,"[6144, 256, 1]",correctness,32,"[4096, 4096, 4096, 4096, 4096, 4096, 4096, 4096, 4096, 4096, 4096, 4096, 4096, 4096, 4096, 4096, 4096, 4096, 4096, 4096, 4096, 4096, 4096, 4096, 4096, 4096, 4096, 4096, 4096, 4096, 4096, 4096, 4096, 4096, 4096, 4096, 4096, 4096, 4096, 4096, 4096, 4096, 4096, 4096, 4096, 4096, 4096, 4096, 4096, 4096, 4096, 4096, 4096, 4096, 4096, 4096]","[2, 2, 2, 2, 2, 2, 2, 2, 2, 2, 2, 2, 2, 2, 2, 2, 2, 2, 2, 2, 2, 2, 2, 2, 2, 2, 2, 2, 2, 2, 2, 2, 2, 2, 2, 2, 2, 2, 2, 2, 2, 2, 2, 2, 2, 2, 2, 2, 2, 2, 2, 2, 2, 2, 2, 2]",1,20260829,float32,0.09119556747428784,PASS,511,verify_d2,2.10.0.post4.dev20260715,2.10.0+cpu,3.2.0,swa_verify_d2_m112_b56_kv4096_uniform,6146ca39720729ca417353fb999323d14d97f4a7
swa,0.9999979138374329,0.0,0.001953125,9.24539852142334,0.00011058908421546221,0.0,"{'prefill': 'c4166cfe326127daf30bc629493d8b251d8be85f97cda2efa510eab6bc6d3a54', 'decode': 'c47f9bdcfb879eb73723521240a48a9bae99349d094a1fb82563535aabde82ec'}",True,1,6146ca39720729ca417353fb999323d14d97f4a7,"[64, 1]",64,native_NHD_then_page_head_token_dim_permute,0.9999979138374329,0.0,0.001953125,9.24539852142334,0.00011058908421546221,0.0,"{'prefill': 'c4166cfe326127daf30bc629493d8b251d8be85f97cda2efa510eab6bc6d3a54', 'decode': 'c47f9bdcfb879eb73723521240a48a9bae99349d094a1fb82563535aabde82ec'}",True,True,9.1.0,swa_verify_d3_m3_b1_kv4096_uniform_tp4_dp4,True,npu:5,5,Ascend950PR_957b,4,3,bfloat16,prefill,False,256,"[32768, 256, 512, 1]",4096,tp4_dp4,uniform,3,,3,4096,28,2,24,56,64,1.0000001192092896,0.0,0.0,0.0,0.0,10,3.11.10,4.0,"[6144, 256, 1]",correctness,3,[4096],[3],1,20260829,float32,0.09119556747428784,PASS,511,verify_d3,2.10.0.post4.dev20260715,2.10.0+cpu,3.2.0,swa_verify_d3_m3_b1_kv4096_uniform,6146ca39720729ca417353fb999323d14d97f4a7
swa,0.9999977946281433,0.0,0.001953125,26.330472946166992,0.00011012570030288771,0.0,"{'prefill': 'c4166cfe326127daf30bc629493d8b251d8be85f97cda2efa510eab6bc6d3a54', 'decode': 'c47f9bdcfb879eb73723521240a48a9bae99349d094a1fb82563535aabde82ec'}",True,4,6146ca39720729ca417353fb999323d14d97f4a7,"[64, 1]",64,native_NHD_then_page_head_token_dim_permute,0.9999977946281433,0.0,0.001953125,26.330472946166992,0.00011012570030288771,0.0,"{'prefill': 'c4166cfe326127daf30bc629493d8b251d8be85f97cda2efa510eab6bc6d3a54', 'decode': 'c47f9bdcfb879eb73723521240a48a9bae99349d094a1fb82563535aabde82ec'}",True,True,9.1.0,swa_verify_d3_m12_b4_kv4096_uniform_tp4_dp4,True,npu:5,5,Ascend950PR_957b,4,3,bfloat16,prefill,False,256,"[32768, 256, 512, 1]",4096,tp4_dp4,uniform,12,,3,4096,28,2,24,56,64,1.0,0.0,0.0,0.0,0.0,37,3.11.10,4.0,"[6144, 256, 1]",correctness,12,"[4096, 4096, 4096, 4096]","[3, 3, 3, 3]",1,20260829,float32,0.09119556747428784,PASS,511,verify_d3,2.10.0.post4.dev20260715,2.10.0+cpu,3.2.0,swa_verify_d3_m12_b4_kv4096_uniform,6146ca39720729ca417353fb999323d14d97f4a7
swa,0.9999978542327881,0.0,0.00390625,170.23831176757812,0.00011133136285934597,0.0,"{'prefill': 'c4166cfe326127daf30bc629493d8b251d8be85f97cda2efa510eab6bc6d3a54', 'decode': 'c47f9bdcfb879eb73723521240a48a9bae99349d094a1fb82563535aabde82ec'}",True,8,6146ca39720729ca417353fb999323d14d97f4a7,"[64, 1]",64,native_NHD_then_page_head_token_dim_permute,0.9999978542327881,0.0,0.00390625,170.23831176757812,0.00011133136285934597,0.0,"{'prefill': 'c4166cfe326127daf30bc629493d8b251d8be85f97cda2efa510eab6bc6d3a54', 'decode': 'c47f9bdcfb879eb73723521240a48a9bae99349d094a1fb82563535aabde82ec'}",True,True,9.1.0,swa_verify_d3_m24_b8_kv4096_uniform_tp4_dp4,True,npu:5,5,Ascend950PR_957b,4,3,bfloat16,prefill,False,256,"[32768, 256, 512, 1]",4096,tp4_dp4,uniform,24,,3,4096,28,2,24,56,64,1.0000001192092896,0.0,0.0,0.0,0.0,73,3.11.10,4.0,"[6144, 256, 1]",correctness,24,"[4096, 4096, 4096, 4096, 4096, 4096, 4096, 4096]","[3, 3, 3, 3, 3, 3, 3, 3]",1,20260829,float32,0.09119556747428784,PASS,511,verify_d3,2.10.0.post4.dev20260715,2.10.0+cpu,3.2.0,swa_verify_d3_m24_b8_kv4096_uniform,6146ca39720729ca417353fb999323d14d97f4a7
swa,0.9999979138374329,0.0,0.00390625,145.72361755371094,0.00010908886906690896,0.0,"{'prefill': 'c4166cfe326127daf30bc629493d8b251d8be85f97cda2efa510eab6bc6d3a54', 'decode': 'c47f9bdcfb879eb73723521240a48a9bae99349d094a1fb82563535aabde82ec'}",True,16,6146ca39720729ca417353fb999323d14d97f4a7,"[64, 1]",64,native_NHD_then_page_head_token_dim_permute,0.9999979138374329,0.0,0.00390625,145.72361755371094,0.00010908886906690896,0.0,"{'prefill': 'c4166cfe326127daf30bc629493d8b251d8be85f97cda2efa510eab6bc6d3a54', 'decode': 'c47f9bdcfb879eb73723521240a48a9bae99349d094a1fb82563535aabde82ec'}",True,True,9.1.0,swa_verify_d3_m48_b16_kv4096_uniform_tp4_dp4,True,npu:5,5,Ascend950PR_957b,4,3,bfloat16,prefill,False,256,"[32768, 256, 512, 1]",4096,tp4_dp4,uniform,48,,3,4096,28,2,24,56,64,1.0000001192092896,0.0,0.0,0.0,0.0,145,3.11.10,4.0,"[6144, 256, 1]",correctness,32,"[4096, 4096, 4096, 4096, 4096, 4096, 4096, 4096, 4096, 4096, 4096, 4096, 4096, 4096, 4096, 4096]","[3, 3, 3, 3, 3, 3, 3, 3, 3, 3, 3, 3, 3, 3, 3, 3]",1,20260829,float32,0.09119556747428784,PASS,511,verify_d3,2.10.0.post4.dev20260715,2.10.0+cpu,3.2.0,swa_verify_d3_m48_b16_kv4096_uniform,6146ca39720729ca417353fb999323d14d97f4a7
swa,0.9999978542327881,0.0,0.00390625,179.2237091064453,0.00010971107258228585,0.0,"{'prefill': 'c4166cfe326127daf30bc629493d8b251d8be85f97cda2efa510eab6bc6d3a54', 'decode': 'c47f9bdcfb879eb73723521240a48a9bae99349d094a1fb82563535aabde82ec'}",True,32,6146ca39720729ca417353fb999323d14d97f4a7,"[64, 1]",64,native_NHD_then_page_head_token_dim_permute,0.9999978542327881,0.0,0.00390625,179.2237091064453,0.00010971107258228585,0.0,"{'prefill': 'c4166cfe326127daf30bc629493d8b251d8be85f97cda2efa510eab6bc6d3a54', 'decode': 'c47f9bdcfb879eb73723521240a48a9bae99349d094a1fb82563535aabde82ec'}",True,True,9.1.0,swa_verify_d3_m96_b32_kv4096_uniform_tp4_dp4,True,npu:5,5,Ascend950PR_957b,4,3,bfloat16,prefill,False,256,"[32768, 256, 512, 1]",4096,tp4_dp4,uniform,96,,3,4096,28,2,24,56,64,1.0,0.0,0.0,0.0,0.0,289,3.11.10,4.0,"[6144, 256, 1]",correctness,32,"[4096, 4096, 4096, 4096, 4096, 4096, 4096, 4096, 4096, 4096, 4096, 4096, 4096, 4096, 4096, 4096, 4096, 4096, 4096, 4096, 4096, 4096, 4096, 4096, 4096, 4096, 4096, 4096, 4096, 4096, 4096, 4096]","[3, 3, 3, 3, 3, 3, 3, 3, 3, 3, 3, 3, 3, 3, 3, 3, 3, 3, 3, 3, 3, 3, 3, 3, 3, 3, 3, 3, 3, 3, 3, 3]",1,20260829,float32,0.09119556747428784,PASS,511,verify_d3,2.10.0.post4.dev20260715,2.10.0+cpu,3.2.0,swa_verify_d3_m96_b32_kv4096_uniform,6146ca39720729ca417353fb999323d14d97f4a7
swa,0.9999978542327881,0.0,0.00390625,113.34941101074219,0.00011075336806243286,0.0,"{'prefill': 'c4166cfe326127daf30bc629493d8b251d8be85f97cda2efa510eab6bc6d3a54', 'decode': 'c47f9bdcfb879eb73723521240a48a9bae99349d094a1fb82563535aabde82ec'}",True,40,6146ca39720729ca417353fb999323d14d97f4a7,"[64, 1]",64,native_NHD_then_page_head_token_dim_permute,0.9999978542327881,0.0,0.00390625,113.34941101074219,0.00011075336806243286,0.0,"{'prefill': 'c4166cfe326127daf30bc629493d8b251d8be85f97cda2efa510eab6bc6d3a54', 'decode': 'c47f9bdcfb879eb73723521240a48a9bae99349d094a1fb82563535aabde82ec'}",True,True,9.1.0,swa_verify_d3_m120_b40_kv4096_uniform_tp4_dp4,True,npu:5,5,Ascend950PR_957b,4,3,bfloat16,prefill,False,256,"[32768, 256, 512, 1]",4096,tp4_dp4,uniform,120,,3,4096,28,2,24,56,64,1.0,0.0,0.0,0.0,0.0,361,3.11.10,4.0,"[6144, 256, 1]",correctness,32,"[4096, 4096, 4096, 4096, 4096, 4096, 4096, 4096, 4096, 4096, 4096, 4096, 4096, 4096, 4096, 4096, 4096, 4096, 4096, 4096, 4096, 4096, 4096, 4096, 4096, 4096, 4096, 4096, 4096, 4096, 4096, 4096, 4096, 4096, 4096, 4096, 4096, 4096, 4096, 4096]","[3, 3, 3, 3, 3, 3, 3, 3, 3, 3, 3, 3, 3, 3, 3, 3, 3, 3, 3, 3, 3, 3, 3, 3, 3, 3, 3, 3, 3, 3, 3, 3, 3, 3, 3, 3, 3, 3, 3, 3]",1,20260829,float32,0.09119556747428784,PASS,511,verify_d3,2.10.0.post4.dev20260715,2.10.0+cpu,3.2.0,swa_verify_d3_m120_b40_kv4096_uniform,6146ca39720729ca417353fb999323d14d97f4a7
swa,0.9999978542327881,0.0,0.00390625,317.6033630371094,0.0001095901825465262,0.0,"{'prefill': 'c4166cfe326127daf30bc629493d8b251d8be85f97cda2efa510eab6bc6d3a54', 'decode': 'c47f9bdcfb879eb73723521240a48a9bae99349d094a1fb82563535aabde82ec'}",True,56,6146ca39720729ca417353fb999323d14d97f4a7,"[64, 1]",64,native_NHD_then_page_head_token_dim_permute,0.9999978542327881,0.0,0.00390625,317.6033630371094,0.0001095901825465262,0.0,"{'prefill': 'c4166cfe326127daf30bc629493d8b251d8be85f97cda2efa510eab6bc6d3a54', 'decode': 'c47f9bdcfb879eb73723521240a48a9bae99349d094a1fb82563535aabde82ec'}",True,True,9.1.0,swa_verify_d3_m168_b56_kv4096_uniform_tp4_dp4,True,npu:5,5,Ascend950PR_957b,4,3,bfloat16,prefill,False,256,"[32768, 256, 512, 1]",4096,tp4_dp4,uniform,168,,3,4096,28,2,24,56,64,0.9999998807907104,0.0,0.0,0.0,0.0,505,3.11.10,4.0,"[6144, 256, 1]",correctness,32,"[4096, 4096, 4096, 4096, 4096, 4096, 4096, 4096, 4096, 4096, 4096, 4096, 4096, 4096, 4096, 4096, 4096, 4096, 4096, 4096, 4096, 4096, 4096, 4096, 4096, 4096, 4096, 4096, 4096, 4096, 4096, 4096, 4096, 4096, 4096, 4096, 4096, 4096, 4096, 4096, 4096, 4096, 4096, 4096, 4096, 4096, 4096, 4096, 4096, 4096, 4096, 4096, 4096, 4096, 4096, 4096]","[3, 3, 3, 3, 3, 3, 3, 3, 3, 3, 3, 3, 3, 3, 3, 3, 3, 3, 3, 3, 3, 3, 3, 3, 3, 3, 3, 3, 3, 3, 3, 3, 3, 3, 3, 3, 3, 3, 3, 3, 3, 3, 3, 3, 3, 3, 3, 3, 3, 3, 3, 3, 3, 3, 3, 3]",1,20260829,float32,0.09119556747428784,PASS,511,verify_d3,2.10.0.post4.dev20260715,2.10.0+cpu,3.2.0,swa_verify_d3_m168_b56_kv4096_uniform,6146ca39720729ca417353fb999323d14d97f4a7
swa,0.9999980330467224,0.0,0.001953125,180.2481689453125,0.00010537738853599876,0.0,"{'prefill': 'c4166cfe326127daf30bc629493d8b251d8be85f97cda2efa510eab6bc6d3a54', 'decode': 'c47f9bdcfb879eb73723521240a48a9bae99349d094a1fb82563535aabde82ec'}",True,1,6146ca39720729ca417353fb999323d14d97f4a7,"[64, 1]",64,native_NHD_then_page_head_token_dim_permute,0.9999980330467224,0.0,0.001953125,180.2481689453125,0.00010537738853599876,0.0,"{'prefill': 'c4166cfe326127daf30bc629493d8b251d8be85f97cda2efa510eab6bc6d3a54', 'decode': 'c47f9bdcfb879eb73723521240a48a9bae99349d094a1fb82563535aabde82ec'}",True,True,9.1.0,swa_verify_d4_m4_b1_kv4096_uniform_tp4_dp4,True,npu:5,5,Ascend950PR_957b,4,4,bfloat16,prefill,False,256,"[32768, 256, 512, 1]",4096,tp4_dp4,uniform,4,,4,4096,28,2,24,56,64,1.0000001192092896,0.0,0.0,0.0,0.0,10,3.11.10,4.0,"[6144, 256, 1]",correctness,4,[4096],[4],1,20260829,float32,0.09119556747428784,PASS,511,verify_d4,2.10.0.post4.dev20260715,2.10.0+cpu,3.2.0,swa_verify_d4_m4_b1_kv4096_uniform,6146ca39720729ca417353fb999323d14d97f4a7
swa,0.9999980330467224,0.0,0.00390625,22.85365867614746,0.00010946118709398434,0.0,"{'prefill': 'c4166cfe326127daf30bc629493d8b251d8be85f97cda2efa510eab6bc6d3a54', 'decode': 'c47f9bdcfb879eb73723521240a48a9bae99349d094a1fb82563535aabde82ec'}",True,4,6146ca39720729ca417353fb999323d14d97f4a7,"[64, 1]",64,native_NHD_then_page_head_token_dim_permute,0.9999980330467224,0.0,0.00390625,22.85365867614746,0.00010946118709398434,0.0,"{'prefill': 'c4166cfe326127daf30bc629493d8b251d8be85f97cda2efa510eab6bc6d3a54', 'decode': 'c47f9bdcfb879eb73723521240a48a9bae99349d094a1fb82563535aabde82ec'}",True,True,9.1.0,swa_verify_d4_m16_b4_kv4096_uniform_tp4_dp4,True,npu:5,5,Ascend950PR_957b,4,4,bfloat16,prefill,False,256,"[32768, 256, 512, 1]",4096,tp4_dp4,uniform,16,,4,4096,28,2,24,56,64,1.0,0.0,0.0,0.0,0.0,37,3.11.10,4.0,"[6144, 256, 1]",correctness,16,"[4096, 4096, 4096, 4096]","[4, 4, 4, 4]",1,20260829,float32,0.09119556747428784,PASS,511,verify_d4,2.10.0.post4.dev20260715,2.10.0+cpu,3.2.0,swa_verify_d4_m16_b4_kv4096_uniform,6146ca39720729ca417353fb999323d14d97f4a7
swa,0.9999978542327881,0.0,0.00390625,137.7854461669922,0.00011095969239249825,0.0,"{'prefill': 'c4166cfe326127daf30bc629493d8b251d8be85f97cda2efa510eab6bc6d3a54', 'decode': 'c47f9bdcfb879eb73723521240a48a9bae99349d094a1fb82563535aabde82ec'}",True,8,6146ca39720729ca417353fb999323d14d97f4a7,"[64, 1]",64,native_NHD_then_page_head_token_dim_permute,0.9999978542327881,0.0,0.00390625,137.7854461669922,0.00011095969239249825,0.0,"{'prefill': 'c4166cfe326127daf30bc629493d8b251d8be85f97cda2efa510eab6bc6d3a54', 'decode': 'c47f9bdcfb879eb73723521240a48a9bae99349d094a1fb82563535aabde82ec'}",True,True,9.1.0,swa_verify_d4_m32_b8_kv4096_uniform_tp4_dp4,True,npu:5,5,Ascend950PR_957b,4,4,bfloat16,prefill,False,256,"[32768, 256, 512, 1]",4096,tp4_dp4,uniform,32,,4,4096,28,2,24,56,64,1.0,0.0,0.0,0.0,0.0,73,3.11.10,4.0,"[6144, 256, 1]",correctness,32,"[4096, 4096, 4096, 4096, 4096, 4096, 4096, 4096]","[4, 4, 4, 4, 4, 4, 4, 4]",1,20260829,float32,0.09119556747428784,PASS,511,verify_d4,2.10.0.post4.dev20260715,2.10.0+cpu,3.2.0,swa_verify_d4_m32_b8_kv4096_uniform,6146ca39720729ca417353fb999323d14d97f4a7
swa,0.9999977946281433,0.0,0.00390625,103.42105102539062,0.00011013452603947371,0.0,"{'prefill': 'c4166cfe326127daf30bc629493d8b251d8be85f97cda2efa510eab6bc6d3a54', 'decode': 'c47f9bdcfb879eb73723521240a48a9bae99349d094a1fb82563535aabde82ec'}",True,16,6146ca39720729ca417353fb999323d14d97f4a7,"[64, 1]",64,native_NHD_then_page_head_token_dim_permute,0.9999977946281433,0.0,0.00390625,103.42105102539062,0.00011013452603947371,0.0,"{'prefill': 'c4166cfe326127daf30bc629493d8b251d8be85f97cda2efa510eab6bc6d3a54', 'decode': 'c47f9bdcfb879eb73723521240a48a9bae99349d094a1fb82563535aabde82ec'}",True,True,9.1.0,swa_verify_d4_m64_b16_kv4096_uniform_tp4_dp4,True,npu:5,5,Ascend950PR_957b,4,4,bfloat16,prefill,False,256,"[32768, 256, 512, 1]",4096,tp4_dp4,uniform,64,,4,4096,28,2,24,56,64,1.0000001192092896,0.0,0.0,0.0,0.0,145,3.11.10,4.0,"[6144, 256, 1]",correctness,32,"[4096, 4096, 4096, 4096, 4096, 4096, 4096, 4096, 4096, 4096, 4096, 4096, 4096, 4096, 4096, 4096]","[4, 4, 4, 4, 4, 4, 4, 4, 4, 4, 4, 4, 4, 4, 4, 4]",1,20260829,float32,0.09119556747428784,PASS,511,verify_d4,2.10.0.post4.dev20260715,2.10.0+cpu,3.2.0,swa_verify_d4_m64_b16_kv4096_uniform,6146ca39720729ca417353fb999323d14d97f4a7
swa,0.9999977350234985,0.0,0.00390625,219.60214233398438,0.0001112680765800178,0.0,"{'prefill': 'c4166cfe326127daf30bc629493d8b251d8be85f97cda2efa510eab6bc6d3a54', 'decode': 'c47f9bdcfb879eb73723521240a48a9bae99349d094a1fb82563535aabde82ec'}",True,32,6146ca39720729ca417353fb999323d14d97f4a7,"[64, 1]",64,native_NHD_then_page_head_token_dim_permute,0.9999977350234985,0.0,0.00390625,219.60214233398438,0.0001112680765800178,0.0,"{'prefill': 'c4166cfe326127daf30bc629493d8b251d8be85f97cda2efa510eab6bc6d3a54', 'decode': 'c47f9bdcfb879eb73723521240a48a9bae99349d094a1fb82563535aabde82ec'}",True,True,9.1.0,swa_verify_d4_m128_b32_kv4096_uniform_tp4_dp4,True,npu:5,5,Ascend950PR_957b,4,4,bfloat16,prefill,False,256,"[32768, 256, 512, 1]",4096,tp4_dp4,uniform,128,,4,4096,28,2,24,56,64,1.0,0.0,0.0,0.0,0.0,289,3.11.10,4.0,"[6144, 256, 1]",correctness,32,"[4096, 4096, 4096, 4096, 4096, 4096, 4096, 4096, 4096, 4096, 4096, 4096, 4096, 4096, 4096, 4096, 4096, 4096, 4096, 4096, 4096, 4096, 4096, 4096, 4096, 4096, 4096, 4096, 4096, 4096, 4096, 4096]","[4, 4, 4, 4, 4, 4, 4, 4, 4, 4, 4, 4, 4, 4, 4, 4, 4, 4, 4, 4, 4, 4, 4, 4, 4, 4, 4, 4, 4, 4, 4, 4]",1,20260829,float32,0.09119556747428784,PASS,511,verify_d4,2.10.0.post4.dev20260715,2.10.0+cpu,3.2.0,swa_verify_d4_m128_b32_kv4096_uniform,6146ca39720729ca417353fb999323d14d97f4a7
swa,0.9999977350234985,0.0,0.00390625,144.19403076171875,0.00010956948244711384,0.0,"{'prefill': 'c4166cfe326127daf30bc629493d8b251d8be85f97cda2efa510eab6bc6d3a54', 'decode': 'c47f9bdcfb879eb73723521240a48a9bae99349d094a1fb82563535aabde82ec'}",True,40,6146ca39720729ca417353fb999323d14d97f4a7,"[64, 1]",64,native_NHD_then_page_head_token_dim_permute,0.9999977350234985,0.0,0.00390625,144.19403076171875,0.00010956948244711384,0.0,"{'prefill': 'c4166cfe326127daf30bc629493d8b251d8be85f97cda2efa510eab6bc6d3a54', 'decode': 'c47f9bdcfb879eb73723521240a48a9bae99349d094a1fb82563535aabde82ec'}",True,True,9.1.0,swa_verify_d4_m160_b40_kv4096_uniform_tp4_dp4,True,npu:5,5,Ascend950PR_957b,4,4,bfloat16,prefill,False,256,"[32768, 256, 512, 1]",4096,tp4_dp4,uniform,160,,4,4096,28,2,24,56,64,1.0,0.0,0.0,0.0,0.0,361,3.11.10,4.0,"[6144, 256, 1]",correctness,32,"[4096, 4096, 4096, 4096, 4096, 4096, 4096, 4096, 4096, 4096, 4096, 4096, 4096, 4096, 4096, 4096, 4096, 4096, 4096, 4096, 4096, 4096, 4096, 4096, 4096, 4096, 4096, 4096, 4096, 4096, 4096, 4096, 4096, 4096, 4096, 4096, 4096, 4096, 4096, 4096]","[4, 4, 4, 4, 4, 4, 4, 4, 4, 4, 4, 4, 4, 4, 4, 4, 4, 4, 4, 4, 4, 4, 4, 4, 4, 4, 4, 4, 4, 4, 4, 4, 4, 4, 4, 4, 4, 4, 4, 4]",1,20260829,float32,0.09119556747428784,PASS,511,verify_d4,2.10.0.post4.dev20260715,2.10.0+cpu,3.2.0,swa_verify_d4_m160_b40_kv4096_uniform,6146ca39720729ca417353fb999323d14d97f4a7
swa,0.9999979734420776,0.0,0.0078125,134.11231994628906,0.00010985274275299162,0.0,"{'prefill': 'c4166cfe326127daf30bc629493d8b251d8be85f97cda2efa510eab6bc6d3a54', 'decode': 'c47f9bdcfb879eb73723521240a48a9bae99349d094a1fb82563535aabde82ec'}",True,56,6146ca39720729ca417353fb999323d14d97f4a7,"[64, 1]",64,native_NHD_then_page_head_token_dim_permute,0.9999979734420776,0.0,0.0078125,134.11231994628906,0.00010985274275299162,0.0,"{'prefill': 'c4166cfe326127daf30bc629493d8b251d8be85f97cda2efa510eab6bc6d3a54', 'decode': 'c47f9bdcfb879eb73723521240a48a9bae99349d094a1fb82563535aabde82ec'}",True,True,9.1.0,swa_verify_d4_m224_b56_kv4096_uniform_tp4_dp4,True,npu:5,5,Ascend950PR_957b,4,4,bfloat16,prefill,False,256,"[32768, 256, 512, 1]",4096,tp4_dp4,uniform,224,,4,4096,28,2,24,56,64,1.0,0.0,0.0,0.0,0.0,505,3.11.10,4.0,"[6144, 256, 1]",correctness,32,"[4096, 4096, 4096, 4096, 4096, 4096, 4096, 4096, 4096, 4096, 4096, 4096, 4096, 4096, 4096, 4096, 4096, 4096, 4096, 4096, 4096, 4096, 4096, 4096, 4096, 4096, 4096, 4096, 4096, 4096, 4096, 4096, 4096, 4096, 4096, 4096, 4096, 4096, 4096, 4096, 4096, 4096, 4096, 4096, 4096, 4096, 4096, 4096, 4096, 4096, 4096, 4096, 4096, 4096, 4096, 4096]","[4, 4, 4, 4, 4, 4, 4, 4, 4, 4, 4, 4, 4, 4, 4, 4, 4, 4, 4, 4, 4, 4, 4, 4, 4, 4, 4, 4, 4, 4, 4, 4, 4, 4, 4, 4, 4, 4, 4, 4, 4, 4, 4, 4, 4, 4, 4, 4, 4, 4, 4, 4, 4, 4, 4, 4]",1,20260829,float32,0.09119556747428784,PASS,511,verify_d4,2.10.0.post4.dev20260715,2.10.0+cpu,3.2.0,swa_verify_d4_m224_b56_kv4096_uniform,6146ca39720729ca417353fb999323d14d97f4a7
full,0.9999968409538269,0.23616477847099304,0.0009765625,0.5590062141418457,4.643636566470377e-05,0.0,"{'prefill': 'c4166cfe326127daf30bc629493d8b251d8be85f97cda2efa510eab6bc6d3a54', 'decode': 'c47f9bdcfb879eb73723521240a48a9bae99349d094a1fb82563535aabde82ec'}",True,1,6146ca39720729ca417353fb999323d14d97f4a7,"[64, 1]",64,native_NHD_then_page_head_token_dim_permute,0.9999968409538269,0.2309749834239483,0.0009765625,0.5590062141418457,4.643636566470377e-05,0.0,"{'prefill': 'c4166cfe326127daf30bc629493d8b251d8be85f97cda2efa510eab6bc6d3a54', 'decode': 'c47f9bdcfb879eb73723521240a48a9bae99349d094a1fb82563535aabde82ec'}",True,True,9.1.0,full_prefill_dense_m1_b1_kv4096_uniform_tp4,True,npu:5,5,Ascend950PR_957b,1,,bfloat16,prefill,False,256,"[16384, 256, 256, 1]",4096,tp4,uniform,1,,1,4096,28,1,6,56,64,0.9999999403953552,0.0,0.0,0.0,0.0,65,3.11.10,1.0,"[1536, 256, 1]",correctness,1,[4096],[1],1,20260829,float32,0.09119556747428784,PASS,,prefill_dense,2.10.0.post4.dev20260715,2.10.0+cpu,3.2.0,full_prefill_dense_m1_b1_kv4096_uniform,6146ca39720729ca417353fb999323d14d97f4a7
full,0.9999977946281433,0.23512495681643486,0.0009765625,1.6548386812210083,4.4913576857652515e-05,0.0,"{'prefill': 'c4166cfe326127daf30bc629493d8b251d8be85f97cda2efa510eab6bc6d3a54', 'decode': 'c47f9bdcfb879eb73723521240a48a9bae99349d094a1fb82563535aabde82ec'}",True,1,6146ca39720729ca417353fb999323d14d97f4a7,"[64, 1]",64,native_NHD_then_page_head_token_dim_permute,0.9999977946281433,0.18684612587094307,0.0009765625,1.6548386812210083,4.4913576857652515e-05,0.0,"{'prefill': 'c4166cfe326127daf30bc629493d8b251d8be85f97cda2efa510eab6bc6d3a54', 'decode': 'c47f9bdcfb879eb73723521240a48a9bae99349d094a1fb82563535aabde82ec'}",True,True,9.1.0,full_prefill_dense_m2_b1_kv4096_uniform_tp4,True,npu:5,5,Ascend950PR_957b,1,,bfloat16,prefill,False,256,"[16384, 256, 256, 1]",4096,tp4,uniform,2,,2,4096,28,1,6,56,64,1.0,0.0,0.0,0.0,0.0,65,3.11.10,1.0,"[1536, 256, 1]",correctness,2,[4096],[2],1,20260829,float32,0.09119556747428784,PASS,,prefill_dense,2.10.0.post4.dev20260715,2.10.0+cpu,3.2.0,full_prefill_dense_m2_b1_kv4096_uniform,6146ca39720729ca417353fb999323d14d97f4a7
full,0.9999983310699463,0.22832490503787994,0.0009765625,5.457831382751465,4.519729918683879e-05,0.0,"{'prefill': 'c4166cfe326127daf30bc629493d8b251d8be85f97cda2efa510eab6bc6d3a54', 'decode': 'c47f9bdcfb879eb73723521240a48a9bae99349d094a1fb82563535aabde82ec'}",True,1,6146ca39720729ca417353fb999323d14d97f4a7,"[64, 1]",64,native_NHD_then_page_head_token_dim_permute,0.9999983310699463,0.18847687169909477,0.0009765625,5.457831382751465,4.519729918683879e-05,0.0,"{'prefill': 'c4166cfe326127daf30bc629493d8b251d8be85f97cda2efa510eab6bc6d3a54', 'decode': 'c47f9bdcfb879eb73723521240a48a9bae99349d094a1fb82563535aabde82ec'}",True,True,9.1.0,full_prefill_dense_m3_b1_kv4096_uniform_tp4,True,npu:5,5,Ascend950PR_957b,1,,bfloat16,prefill,False,256,"[16384, 256, 256, 1]",4096,tp4,uniform,3,,3,4096,28,1,6,56,64,1.0,0.0,0.0,0.0,0.0,65,3.11.10,1.0,"[1536, 256, 1]",correctness,3,[4096],[3],1,20260829,float32,0.09119556747428784,PASS,,prefill_dense,2.10.0.post4.dev20260715,2.10.0+cpu,3.2.0,full_prefill_dense_m3_b1_kv4096_uniform,6146ca39720729ca417353fb999323d14d97f4a7
full,0.9999974966049194,0.22503500804305077,0.0009765625,2.5999999046325684,4.666509266826324e-05,0.0,"{'prefill': 'c4166cfe326127daf30bc629493d8b251d8be85f97cda2efa510eab6bc6d3a54', 'decode': 'c47f9bdcfb879eb73723521240a48a9bae99349d094a1fb82563535aabde82ec'}",True,1,6146ca39720729ca417353fb999323d14d97f4a7,"[64, 1]",64,native_NHD_then_page_head_token_dim_permute,0.9999974966049194,0.1809759996831417,0.0009765625,2.5999999046325684,4.666509266826324e-05,0.0,"{'prefill': 'c4166cfe326127daf30bc629493d8b251d8be85f97cda2efa510eab6bc6d3a54', 'decode': 'c47f9bdcfb879eb73723521240a48a9bae99349d094a1fb82563535aabde82ec'}",True,True,9.1.0,full_prefill_dense_m4_b1_kv4096_uniform_tp4,True,npu:5,5,Ascend950PR_957b,1,,bfloat16,prefill,False,256,"[16384, 256, 256, 1]",4096,tp4,uniform,4,,4,4096,28,1,6,56,64,1.0000001192092896,0.0,0.0,0.0,0.0,65,3.11.10,1.0,"[1536, 256, 1]",correctness,4,[4096],[4],1,20260829,float32,0.09119556747428784,PASS,,prefill_dense,2.10.0.post4.dev20260715,2.10.0+cpu,3.2.0,full_prefill_dense_m4_b1_kv4096_uniform,6146ca39720729ca417353fb999323d14d97f4a7
full,0.9999975562095642,0.2329549752175808,0.0009765625,3.454901933670044,4.597604493028484e-05,0.0,"{'prefill': 'c4166cfe326127daf30bc629493d8b251d8be85f97cda2efa510eab6bc6d3a54', 'decode': 'c47f9bdcfb879eb73723521240a48a9bae99349d094a1fb82563535aabde82ec'}",True,1,6146ca39720729ca417353fb999323d14d97f4a7,"[64, 1]",64,native_NHD_then_page_head_token_dim_permute,0.9999975562095642,0.28384383767843246,0.0009765625,3.454901933670044,4.597604493028484e-05,0.0,"{'prefill': 'c4166cfe326127daf30bc629493d8b251d8be85f97cda2efa510eab6bc6d3a54', 'decode': 'c47f9bdcfb879eb73723521240a48a9bae99349d094a1fb82563535aabde82ec'}",True,True,9.1.0,full_prefill_dense_m5_b1_kv4096_uniform_tp4,True,npu:5,5,Ascend950PR_957b,1,,bfloat16,prefill,False,256,"[16384, 256, 256, 1]",4096,tp4,uniform,5,,5,4096,28,1,6,56,64,0.9999998807907104,0.0,0.0,0.0,0.0,65,3.11.10,1.0,"[1536, 256, 1]",correctness,5,[4096],[5],1,20260829,float32,0.09119556747428784,PASS,,prefill_dense,2.10.0.post4.dev20260715,2.10.0+cpu,3.2.0,full_prefill_dense_m5_b1_kv4096_uniform,6146ca39720729ca417353fb999323d14d97f4a7
full,0.9999977350234985,0.23624487221240997,0.0009765625,12.199999809265137,4.6191398723749444e-05,0.0,"{'prefill': 'c4166cfe326127daf30bc629493d8b251d8be85f97cda2efa510eab6bc6d3a54', 'decode': 'c47f9bdcfb879eb73723521240a48a9bae99349d094a1fb82563535aabde82ec'}",True,1,6146ca39720729ca417353fb999323d14d97f4a7,"[64, 1]",64,native_NHD_then_page_head_token_dim_permute,0.9999977350234985,0.2114260569214821,0.0009765625,12.199999809265137,4.6191398723749444e-05,0.0,"{'prefill': 'c4166cfe326127daf30bc629493d8b251d8be85f97cda2efa510eab6bc6d3a54', 'decode': 'c47f9bdcfb879eb73723521240a48a9bae99349d094a1fb82563535aabde82ec'}",True,True,9.1.0,full_prefill_dense_m8_b1_kv4096_uniform_tp4,True,npu:5,5,Ascend950PR_957b,1,,bfloat16,prefill,False,256,"[16384, 256, 256, 1]",4096,tp4,uniform,8,,8,4096,28,1,6,56,64,0.9999999403953552,0.0,0.0,0.0,0.0,65,3.11.10,1.0,"[1536, 256, 1]",correctness,8,[4096],[8],1,20260829,float32,0.09119556747428784,PASS,,prefill_dense,2.10.0.post4.dev20260715,2.10.0+cpu,3.2.0,full_prefill_dense_m8_b1_kv4096_uniform,6146ca39720729ca417353fb999323d14d97f4a7
full,0.9999974966049194,0.2384851686656475,0.0009765625,37.97297286987305,4.7577032091794536e-05,0.0,"{'prefill': 'c4166cfe326127daf30bc629493d8b251d8be85f97cda2efa510eab6bc6d3a54', 'decode': 'c47f9bdcfb879eb73723521240a48a9bae99349d094a1fb82563535aabde82ec'}",True,1,6146ca39720729ca417353fb999323d14d97f4a7,"[64, 1]",64,native_NHD_then_page_head_token_dim_permute,0.9999974966049194,0.2630939707159996,0.0009765625,37.97297286987305,4.7577032091794536e-05,0.0,"{'prefill': 'c4166cfe326127daf30bc629493d8b251d8be85f97cda2efa510eab6bc6d3a54', 'decode': 'c47f9bdcfb879eb73723521240a48a9bae99349d094a1fb82563535aabde82ec'}",True,True,9.1.0,full_prefill_dense_m32_b1_kv4096_uniform_tp4,True,npu:5,5,Ascend950PR_957b,1,,bfloat16,prefill,False,256,"[16384, 256, 256, 1]",4096,tp4,uniform,32,,32,4096,28,1,6,56,64,1.0,0.0,0.0,0.0,0.0,65,3.11.10,1.0,"[1536, 256, 1]",correctness,32,[4096],[32],1,20260829,float32,0.09119556747428784,PASS,,prefill_dense,2.10.0.post4.dev20260715,2.10.0+cpu,3.2.0,full_prefill_dense_m32_b1_kv4096_uniform,6146ca39720729ca417353fb999323d14d97f4a7
full,0.9999973773956299,0.23240502923727036,0.0009765625,46.420841217041016,4.8057867388706654e-05,0.0,"{'prefill': 'c4166cfe326127daf30bc629493d8b251d8be85f97cda2efa510eab6bc6d3a54', 'decode': 'c47f9bdcfb879eb73723521240a48a9bae99349d094a1fb82563535aabde82ec'}",True,1,6146ca39720729ca417353fb999323d14d97f4a7,"[64, 1]",64,native_NHD_then_page_head_token_dim_permute,0.9999973773956299,0.262673944234848,0.0009765625,46.420841217041016,4.8057867388706654e-05,0.0,"{'prefill': 'c4166cfe326127daf30bc629493d8b251d8be85f97cda2efa510eab6bc6d3a54', 'decode': 'c47f9bdcfb879eb73723521240a48a9bae99349d094a1fb82563535aabde82ec'}",True,True,9.1.0,full_prefill_dense_m64_b1_kv4096_uniform_tp4,True,npu:5,5,Ascend950PR_957b,1,,bfloat16,prefill,False,256,"[16384, 256, 256, 1]",4096,tp4,uniform,64,,64,4096,28,1,6,56,64,1.0000001192092896,0.0,0.0,0.0,0.0,65,3.11.10,1.0,"[1536, 256, 1]",correctness,32,[4096],[64],1,20260829,float32,0.09119556747428784,PASS,,prefill_dense,2.10.0.post4.dev20260715,2.10.0+cpu,3.2.0,full_prefill_dense_m64_b1_kv4096_uniform,6146ca39720729ca417353fb999323d14d97f4a7
full,0.9999974966049194,0.23927586153149605,0.0009765625,93.30734252929688,4.870693010161631e-05,0.0,"{'prefill': 'c4166cfe326127daf30bc629493d8b251d8be85f97cda2efa510eab6bc6d3a54', 'decode': 'c47f9bdcfb879eb73723521240a48a9bae99349d094a1fb82563535aabde82ec'}",True,1,6146ca39720729ca417353fb999323d14d97f4a7,"[64, 1]",64,native_NHD_then_page_head_token_dim_permute,0.9999974966049194,0.20555639639496803,0.0009765625,93.30734252929688,4.870693010161631e-05,0.0,"{'prefill': 'c4166cfe326127daf30bc629493d8b251d8be85f97cda2efa510eab6bc6d3a54', 'decode': 'c47f9bdcfb879eb73723521240a48a9bae99349d094a1fb82563535aabde82ec'}",True,True,9.1.0,full_prefill_dense_m128_b1_kv4096_uniform_tp4,True,npu:5,5,Ascend950PR_957b,1,,bfloat16,prefill,False,256,"[16384, 256, 256, 1]",4096,tp4,uniform,128,,128,4096,28,1,6,56,64,0.9999998807907104,0.0,0.0,0.0,0.0,65,3.11.10,1.0,"[1536, 256, 1]",correctness,32,[4096],[128],1,20260829,float32,0.09119556747428784,PASS,,prefill_dense,2.10.0.post4.dev20260715,2.10.0+cpu,3.2.0,full_prefill_dense_m128_b1_kv4096_uniform,6146ca39720729ca417353fb999323d14d97f4a7
full,0.9999974966049194,0.25597400963306427,0.0009765625,27.134227752685547,4.839649045607075e-05,0.0,"{'prefill': 'c4166cfe326127daf30bc629493d8b251d8be85f97cda2efa510eab6bc6d3a54', 'decode': 'c47f9bdcfb879eb73723521240a48a9bae99349d094a1fb82563535aabde82ec'}",True,1,6146ca39720729ca417353fb999323d14d97f4a7,"[64, 1]",64,native_NHD_then_page_head_token_dim_permute,0.9999974966049194,0.2959640696644783,0.0009765625,27.134227752685547,4.839649045607075e-05,0.0,"{'prefill': 'c4166cfe326127daf30bc629493d8b251d8be85f97cda2efa510eab6bc6d3a54', 'decode': 'c47f9bdcfb879eb73723521240a48a9bae99349d094a1fb82563535aabde82ec'}",True,True,9.1.0,full_prefill_dense_m257_b1_kv4096_uniform_tp4,True,npu:5,5,Ascend950PR_957b,1,,bfloat16,prefill,False,256,"[16384, 256, 256, 1]",4096,tp4,uniform,257,,257,4096,28,1,6,56,64,1.0,0.0,0.0,0.0,0.0,65,3.11.10,1.0,"[1536, 256, 1]",correctness,32,[4096],[257],1,20260829,float32,0.09119556747428784,PASS,,prefill_dense,2.10.0.post4.dev20260715,2.10.0+cpu,3.2.0,full_prefill_dense_m257_b1_kv4096_uniform,6146ca39720729ca417353fb999323d14d97f4a7
full,0.9999975562095642,0.2890140749514103,0.001953125,74.30278015136719,5.0240487325936556e-05,0.0,"{'prefill': 'c4166cfe326127daf30bc629493d8b251d8be85f97cda2efa510eab6bc6d3a54', 'decode': 'c47f9bdcfb879eb73723521240a48a9bae99349d094a1fb82563535aabde82ec'}",True,1,6146ca39720729ca417353fb999323d14d97f4a7,"[64, 1]",64,native_NHD_then_page_head_token_dim_permute,0.9999975562095642,0.32023293897509575,0.001953125,74.30278015136719,5.0240487325936556e-05,0.0,"{'prefill': 'c4166cfe326127daf30bc629493d8b251d8be85f97cda2efa510eab6bc6d3a54', 'decode': 'c47f9bdcfb879eb73723521240a48a9bae99349d094a1fb82563535aabde82ec'}",True,True,9.1.0,full_prefill_dense_m1024_b1_kv4096_uniform_tp4,True,npu:5,5,Ascend950PR_957b,1,,bfloat16,prefill,False,256,"[16384, 256, 256, 1]",4096,tp4,uniform,1024,,1024,4096,28,1,6,56,64,1.0,0.0,0.0,0.0,0.0,65,3.11.10,1.0,"[1536, 256, 1]",correctness,32,[4096],[1024],1,20260829,float32,0.09119556747428784,PASS,,prefill_dense,2.10.0.post4.dev20260715,2.10.0+cpu,3.2.0,full_prefill_dense_m1024_b1_kv4096_uniform,6146ca39720729ca417353fb999323d14d97f4a7
full,0.9999978542327881,0.23926561698317528,0.00048828125,3.0,4.573102341964841e-05,0.0,"{'prefill': 'c4166cfe326127daf30bc629493d8b251d8be85f97cda2efa510eab6bc6d3a54', 'decode': 'c47f9bdcfb879eb73723521240a48a9bae99349d094a1fb82563535aabde82ec'}",True,1,6146ca39720729ca417353fb999323d14d97f4a7,"[64, 1]",64,native_NHD_then_page_head_token_dim_permute,0.9999978542327881,0.2344050444662571,0.00048828125,3.0,4.573102341964841e-05,0.0,"{'prefill': 'c4166cfe326127daf30bc629493d8b251d8be85f97cda2efa510eab6bc6d3a54', 'decode': 'c47f9bdcfb879eb73723521240a48a9bae99349d094a1fb82563535aabde82ec'}",True,True,9.1.0,full_prefill_dense_m1_b1_kv4096_uniform_tp4_dp2,True,npu:5,5,Ascend950PR_957b,2,,bfloat16,prefill,False,256,"[16384, 256, 256, 1]",4096,tp4_dp2,uniform,1,,1,4096,28,1,12,56,64,0.9999999403953552,0.0,0.0,0.0,0.0,65,3.11.10,2.0,"[3072, 256, 1]",correctness,1,[4096],[1],1,20260829,float32,0.09119556747428784,PASS,,prefill_dense,2.10.0.post4.dev20260715,2.10.0+cpu,3.2.0,full_prefill_dense_m1_b1_kv4096_uniform,6146ca39720729ca417353fb999323d14d97f4a7
full,0.999997615814209,0.23373495787382126,0.0009765625,27.15999984741211,4.8543639422859997e-05,0.0,"{'prefill': 'c4166cfe326127daf30bc629493d8b251d8be85f97cda2efa510eab6bc6d3a54', 'decode': 'c47f9bdcfb879eb73723521240a48a9bae99349d094a1fb82563535aabde82ec'}",True,1,6146ca39720729ca417353fb999323d14d97f4a7,"[64, 1]",64,native_NHD_then_page_head_token_dim_permute,0.999997615814209,0.22805621847510338,0.0009765625,27.15999984741211,4.8543639422859997e-05,0.0,"{'prefill': 'c4166cfe326127daf30bc629493d8b251d8be85f97cda2efa510eab6bc6d3a54', 'decode': 'c47f9bdcfb879eb73723521240a48a9bae99349d094a1fb82563535aabde82ec'}",True,True,9.1.0,full_prefill_dense_m2_b1_kv4096_uniform_tp4_dp2,True,npu:5,5,Ascend950PR_957b,2,,bfloat16,prefill,False,256,"[16384, 256, 256, 1]",4096,tp4_dp2,uniform,2,,2,4096,28,1,12,56,64,1.0000001192092896,0.0,0.0,0.0,0.0,65,3.11.10,2.0,"[3072, 256, 1]",correctness,2,[4096],[2],1,20260829,float32,0.09119556747428784,PASS,,prefill_dense,2.10.0.post4.dev20260715,2.10.0+cpu,3.2.0,full_prefill_dense_m2_b1_kv4096_uniform,6146ca39720729ca417353fb999323d14d97f4a7
full,0.999997615814209,0.24155527353286743,0.001953125,31.56637191772461,4.8103072913363576e-05,0.0,"{'prefill': 'c4166cfe326127daf30bc629493d8b251d8be85f97cda2efa510eab6bc6d3a54', 'decode': 'c47f9bdcfb879eb73723521240a48a9bae99349d094a1fb82563535aabde82ec'}",True,1,6146ca39720729ca417353fb999323d14d97f4a7,"[64, 1]",64,native_NHD_then_page_head_token_dim_permute,0.999997615814209,0.2289959229528904,0.001953125,31.56637191772461,4.8103072913363576e-05,0.0,"{'prefill': 'c4166cfe326127daf30bc629493d8b251d8be85f97cda2efa510eab6bc6d3a54', 'decode': 'c47f9bdcfb879eb73723521240a48a9bae99349d094a1fb82563535aabde82ec'}",True,True,9.1.0,full_prefill_dense_m3_b1_kv4096_uniform_tp4_dp2,True,npu:5,5,Ascend950PR_957b,2,,bfloat16,prefill,False,256,"[16384, 256, 256, 1]",4096,tp4_dp2,uniform,3,,3,4096,28,1,12,56,64,0.9999998807907104,0.0,0.0,0.0,0.0,65,3.11.10,2.0,"[3072, 256, 1]",correctness,3,[4096],[3],1,20260829,float32,0.09119556747428784,PASS,,prefill_dense,2.10.0.post4.dev20260715,2.10.0+cpu,3.2.0,full_prefill_dense_m3_b1_kv4096_uniform,6146ca39720729ca417353fb999323d14d97f4a7
full,0.9999974370002747,0.23556500673294067,0.0009765625,16.353845596313477,4.921379149891436e-05,0.0,"{'prefill': 'c4166cfe326127daf30bc629493d8b251d8be85f97cda2efa510eab6bc6d3a54', 'decode': 'c47f9bdcfb879eb73723521240a48a9bae99349d094a1fb82563535aabde82ec'}",True,1,6146ca39720729ca417353fb999323d14d97f4a7,"[64, 1]",64,native_NHD_then_page_head_token_dim_permute,0.9999974370002747,0.22901594638824463,0.0009765625,16.353845596313477,4.921379149891436e-05,0.0,"{'prefill': 'c4166cfe326127daf30bc629493d8b251d8be85f97cda2efa510eab6bc6d3a54', 'decode': 'c47f9bdcfb879eb73723521240a48a9bae99349d094a1fb82563535aabde82ec'}",True,True,9.1.0,full_prefill_dense_m4_b1_kv4096_uniform_tp4_dp2,True,npu:5,5,Ascend950PR_957b,2,,bfloat16,prefill,False,256,"[16384, 256, 256, 1]",4096,tp4_dp2,uniform,4,,4,4096,28,1,12,56,64,1.0,0.0,0.0,0.0,0.0,65,3.11.10,2.0,"[3072, 256, 1]",correctness,4,[4096],[4],1,20260829,float32,0.09119556747428784,PASS,,prefill_dense,2.10.0.post4.dev20260715,2.10.0+cpu,3.2.0,full_prefill_dense_m4_b1_kv4096_uniform,6146ca39720729ca417353fb999323d14d97f4a7
full,0.9999974966049194,0.23640505969524384,0.0009765625,51.22641372680664,4.705590981757268e-05,0.0,"{'prefill': 'c4166cfe326127daf30bc629493d8b251d8be85f97cda2efa510eab6bc6d3a54', 'decode': 'c47f9bdcfb879eb73723521240a48a9bae99349d094a1fb82563535aabde82ec'}",True,1,6146ca39720729ca417353fb999323d14d97f4a7,"[64, 1]",64,native_NHD_then_page_head_token_dim_permute,0.9999974966049194,0.2322760410606861,0.0009765625,51.22641372680664,4.705590981757268e-05,0.0,"{'prefill': 'c4166cfe326127daf30bc629493d8b251d8be85f97cda2efa510eab6bc6d3a54', 'decode': 'c47f9bdcfb879eb73723521240a48a9bae99349d094a1fb82563535aabde82ec'}",True,True,9.1.0,full_prefill_dense_m5_b1_kv4096_uniform_tp4_dp2,True,npu:5,5,Ascend950PR_957b,2,,bfloat16,prefill,False,256,"[16384, 256, 256, 1]",4096,tp4_dp2,uniform,5,,5,4096,28,1,12,56,64,1.0,0.0,0.0,0.0,0.0,65,3.11.10,2.0,"[3072, 256, 1]",correctness,5,[4096],[5],1,20260829,float32,0.09119556747428784,PASS,,prefill_dense,2.10.0.post4.dev20260715,2.10.0+cpu,3.2.0,full_prefill_dense_m5_b1_kv4096_uniform,6146ca39720729ca417353fb999323d14d97f4a7
full,0.9999974370002747,0.2470649778842926,0.0009765625,70.6166000366211,4.673017974710092e-05,0.0,"{'prefill': 'c4166cfe326127daf30bc629493d8b251d8be85f97cda2efa510eab6bc6d3a54', 'decode': 'c47f9bdcfb879eb73723521240a48a9bae99349d094a1fb82563535aabde82ec'}",True,1,6146ca39720729ca417353fb999323d14d97f4a7,"[64, 1]",64,native_NHD_then_page_head_token_dim_permute,0.9999974370002747,0.23018475621938705,0.0009765625,70.6166000366211,4.673017974710092e-05,0.0,"{'prefill': 'c4166cfe326127daf30bc629493d8b251d8be85f97cda2efa510eab6bc6d3a54', 'decode': 'c47f9bdcfb879eb73723521240a48a9bae99349d094a1fb82563535aabde82ec'}",True,True,9.1.0,full_prefill_dense_m8_b1_kv4096_uniform_tp4_dp2,True,npu:5,5,Ascend950PR_957b,2,,bfloat16,prefill,False,256,"[16384, 256, 256, 1]",4096,tp4_dp2,uniform,8,,8,4096,28,1,12,56,64,1.0000001192092896,0.0,0.0,0.0,0.0,65,3.11.10,2.0,"[3072, 256, 1]",correctness,8,[4096],[8],1,20260829,float32,0.09119556747428784,PASS,,prefill_dense,2.10.0.post4.dev20260715,2.10.0+cpu,3.2.0,full_prefill_dense_m8_b1_kv4096_uniform,6146ca39720729ca417353fb999323d14d97f4a7
full,0.9999974966049194,0.2350248396396637,0.0009765625,35.01047134399414,4.716395051218569e-05,0.0,"{'prefill': 'c4166cfe326127daf30bc629493d8b251d8be85f97cda2efa510eab6bc6d3a54', 'decode': 'c47f9bdcfb879eb73723521240a48a9bae99349d094a1fb82563535aabde82ec'}",True,1,6146ca39720729ca417353fb999323d14d97f4a7,"[64, 1]",64,native_NHD_then_page_head_token_dim_permute,0.9999974966049194,0.23334473371505737,0.0009765625,35.01047134399414,4.716395051218569e-05,0.0,"{'prefill': 'c4166cfe326127daf30bc629493d8b251d8be85f97cda2efa510eab6bc6d3a54', 'decode': 'c47f9bdcfb879eb73723521240a48a9bae99349d094a1fb82563535aabde82ec'}",True,True,9.1.0,full_prefill_dense_m32_b1_kv4096_uniform_tp4_dp2,True,npu:5,5,Ascend950PR_957b,2,,bfloat16,prefill,False,256,"[16384, 256, 256, 1]",4096,tp4_dp2,uniform,32,,32,4096,28,1,12,56,64,1.0,0.0,0.0,0.0,0.0,65,3.11.10,2.0,"[3072, 256, 1]",correctness,32,[4096],[32],1,20260829,float32,0.09119556747428784,PASS,,prefill_dense,2.10.0.post4.dev20260715,2.10.0+cpu,3.2.0,full_prefill_dense_m32_b1_kv4096_uniform,6146ca39720729ca417353fb999323d14d97f4a7
full,0.999997615814209,0.2318359911441803,0.0009765625,59.05144119262695,4.725973849417642e-05,0.0,"{'prefill': 'c4166cfe326127daf30bc629493d8b251d8be85f97cda2efa510eab6bc6d3a54', 'decode': 'c47f9bdcfb879eb73723521240a48a9bae99349d094a1fb82563535aabde82ec'}",True,1,6146ca39720729ca417353fb999323d14d97f4a7,"[64, 1]",64,native_NHD_then_page_head_token_dim_permute,0.999997615814209,0.23053493350744247,0.0009765625,59.05144119262695,4.725973849417642e-05,0.0,"{'prefill': 'c4166cfe326127daf30bc629493d8b251d8be85f97cda2efa510eab6bc6d3a54', 'decode': 'c47f9bdcfb879eb73723521240a48a9bae99349d094a1fb82563535aabde82ec'}",True,True,9.1.0,full_prefill_dense_m64_b1_kv4096_uniform_tp4_dp2,True,npu:5,5,Ascend950PR_957b,2,,bfloat16,prefill,False,256,"[16384, 256, 256, 1]",4096,tp4_dp2,uniform,64,,64,4096,28,1,12,56,64,1.0,0.0,0.0,0.0,0.0,65,3.11.10,2.0,"[3072, 256, 1]",correctness,32,[4096],[64],1,20260829,float32,0.09119556747428784,PASS,,prefill_dense,2.10.0.post4.dev20260715,2.10.0+cpu,3.2.0,full_prefill_dense_m64_b1_kv4096_uniform,6146ca39720729ca417353fb999323d14d97f4a7
full,0.9999973773956299,0.23182528093457222,0.0009765625,17.941177368164062,4.807690129382536e-05,0.0,"{'prefill': 'c4166cfe326127daf30bc629493d8b251d8be85f97cda2efa510eab6bc6d3a54', 'decode': 'c47f9bdcfb879eb73723521240a48a9bae99349d094a1fb82563535aabde82ec'}",True,1,6146ca39720729ca417353fb999323d14d97f4a7,"[64, 1]",64,native_NHD_then_page_head_token_dim_permute,0.9999973773956299,0.23306580260396004,0.0009765625,17.941177368164062,4.807690129382536e-05,0.0,"{'prefill': 'c4166cfe326127daf30bc629493d8b251d8be85f97cda2efa510eab6bc6d3a54', 'decode': 'c47f9bdcfb879eb73723521240a48a9bae99349d094a1fb82563535aabde82ec'}",True,True,9.1.0,full_prefill_dense_m128_b1_kv4096_uniform_tp4_dp2,True,npu:5,5,Ascend950PR_957b,2,,bfloat16,prefill,False,256,"[16384, 256, 256, 1]",4096,tp4_dp2,uniform,128,,128,4096,28,1,12,56,64,1.0,0.0,0.0,0.0,0.0,65,3.11.10,2.0,"[3072, 256, 1]",correctness,32,[4096],[128],1,20260829,float32,0.09119556747428784,PASS,,prefill_dense,2.10.0.post4.dev20260715,2.10.0+cpu,3.2.0,full_prefill_dense_m128_b1_kv4096_uniform,6146ca39720729ca417353fb999323d14d97f4a7
full,0.9999974966049194,0.26447512209415436,0.0009765625,58.1555061340332,4.805056960321963e-05,0.0,"{'prefill': 'c4166cfe326127daf30bc629493d8b251d8be85f97cda2efa510eab6bc6d3a54', 'decode': 'c47f9bdcfb879eb73723521240a48a9bae99349d094a1fb82563535aabde82ec'}",True,1,6146ca39720729ca417353fb999323d14d97f4a7,"[64, 1]",64,native_NHD_then_page_head_token_dim_permute,0.9999974966049194,0.3280928358435631,0.0009765625,58.1555061340332,4.805056960321963e-05,0.0,"{'prefill': 'c4166cfe326127daf30bc629493d8b251d8be85f97cda2efa510eab6bc6d3a54', 'decode': 'c47f9bdcfb879eb73723521240a48a9bae99349d094a1fb82563535aabde82ec'}",True,True,9.1.0,full_prefill_dense_m257_b1_kv4096_uniform_tp4_dp2,True,npu:5,5,Ascend950PR_957b,2,,bfloat16,prefill,False,256,"[16384, 256, 256, 1]",4096,tp4_dp2,uniform,257,,257,4096,28,1,12,56,64,1.0,0.0,0.0,0.0,0.0,65,3.11.10,2.0,"[3072, 256, 1]",correctness,32,[4096],[257],1,20260829,float32,0.09119556747428784,PASS,,prefill_dense,2.10.0.post4.dev20260715,2.10.0+cpu,3.2.0,full_prefill_dense_m257_b1_kv4096_uniform,6146ca39720729ca417353fb999323d14d97f4a7
full,0.999997615814209,0.3363927826285362,0.001953125,116.19999694824219,5.037447772338055e-05,0.0,"{'prefill': 'c4166cfe326127daf30bc629493d8b251d8be85f97cda2efa510eab6bc6d3a54', 'decode': 'c47f9bdcfb879eb73723521240a48a9bae99349d094a1fb82563535aabde82ec'}",True,1,6146ca39720729ca417353fb999323d14d97f4a7,"[64, 1]",64,native_NHD_then_page_head_token_dim_permute,0.999997615814209,0.48488983884453773,0.001953125,116.19999694824219,5.037447772338055e-05,0.0,"{'prefill': 'c4166cfe326127daf30bc629493d8b251d8be85f97cda2efa510eab6bc6d3a54', 'decode': 'c47f9bdcfb879eb73723521240a48a9bae99349d094a1fb82563535aabde82ec'}",True,True,9.1.0,full_prefill_dense_m1024_b1_kv4096_uniform_tp4_dp2,True,npu:5,5,Ascend950PR_957b,2,,bfloat16,prefill,False,256,"[16384, 256, 256, 1]",4096,tp4_dp2,uniform,1024,,1024,4096,28,1,12,56,64,0.9999999403953552,0.0,0.0,0.0,0.0,65,3.11.10,2.0,"[3072, 256, 1]",correctness,32,[4096],[1024],1,20260829,float32,0.09119556747428784,PASS,,prefill_dense,2.10.0.post4.dev20260715,2.10.0+cpu,3.2.0,full_prefill_dense_m1024_b1_kv4096_uniform,6146ca39720729ca417353fb999323d14d97f4a7
full,0.999997615814209,0.3937007859349251,0.0009765625,15.99224853515625,4.5278313336893916e-05,0.0,"{'prefill': 'c4166cfe326127daf30bc629493d8b251d8be85f97cda2efa510eab6bc6d3a54', 'decode': 'c47f9bdcfb879eb73723521240a48a9bae99349d094a1fb82563535aabde82ec'}",True,1,6146ca39720729ca417353fb999323d14d97f4a7,"[64, 1]",64,native_NHD_then_page_head_token_dim_permute,0.999997615814209,0.23528514429926872,0.0009765625,15.99224853515625,4.5278313336893916e-05,0.0,"{'prefill': 'c4166cfe326127daf30bc629493d8b251d8be85f97cda2efa510eab6bc6d3a54', 'decode': 'c47f9bdcfb879eb73723521240a48a9bae99349d094a1fb82563535aabde82ec'}",True,True,9.1.0,full_prefill_dense_m1_b1_kv4096_uniform_tp4_dp4,True,npu:5,5,Ascend950PR_957b,4,,bfloat16,prefill,False,256,"[32768, 256, 512, 1]",4096,tp4_dp4,uniform,1,,1,4096,28,2,24,56,64,1.0,0.0,0.0,0.0,0.0,65,3.11.10,4.0,"[6144, 256, 1]",correctness,1,[4096],[1],1,20260829,float32,0.09119556747428784,PASS,,prefill_dense,2.10.0.post4.dev20260715,2.10.0+cpu,3.2.0,full_prefill_dense_m1_b1_kv4096_uniform,6146ca39720729ca417353fb999323d14d97f4a7
full,0.9999974966049194,0.2527250908315182,0.0009765625,10.199999809265137,4.716827970696613e-05,0.0,"{'prefill': 'c4166cfe326127daf30bc629493d8b251d8be85f97cda2efa510eab6bc6d3a54', 'decode': 'c47f9bdcfb879eb73723521240a48a9bae99349d094a1fb82563535aabde82ec'}",True,1,6146ca39720729ca417353fb999323d14d97f4a7,"[64, 1]",64,native_NHD_then_page_head_token_dim_permute,0.9999974966049194,0.23351609706878662,0.0009765625,10.199999809265137,4.716827970696613e-05,0.0,"{'prefill': 'c4166cfe326127daf30bc629493d8b251d8be85f97cda2efa510eab6bc6d3a54', 'decode': 'c47f9bdcfb879eb73723521240a48a9bae99349d094a1fb82563535aabde82ec'}",True,True,9.1.0,full_prefill_dense_m2_b1_kv4096_uniform_tp4_dp4,True,npu:5,5,Ascend950PR_957b,4,,bfloat16,prefill,False,256,"[32768, 256, 512, 1]",4096,tp4_dp4,uniform,2,,2,4096,28,2,24,56,64,1.0,0.0,0.0,0.0,0.0,65,3.11.10,4.0,"[6144, 256, 1]",correctness,2,[4096],[2],1,20260829,float32,0.09119556747428784,PASS,,prefill_dense,2.10.0.post4.dev20260715,2.10.0+cpu,3.2.0,full_prefill_dense_m2_b1_kv4096_uniform,6146ca39720729ca417353fb999323d14d97f4a7
full,0.9999974966049194,0.24093501269817352,0.0009765625,32.400001525878906,4.674693991546519e-05,0.0,"{'prefill': 'c4166cfe326127daf30bc629493d8b251d8be85f97cda2efa510eab6bc6d3a54', 'decode': 'c47f9bdcfb879eb73723521240a48a9bae99349d094a1fb82563535aabde82ec'}",True,1,6146ca39720729ca417353fb999323d14d97f4a7,"[64, 1]",64,native_NHD_then_page_head_token_dim_permute,0.9999974966049194,0.23906538262963295,0.0009765625,32.400001525878906,4.674693991546519e-05,0.0,"{'prefill': 'c4166cfe326127daf30bc629493d8b251d8be85f97cda2efa510eab6bc6d3a54', 'decode': 'c47f9bdcfb879eb73723521240a48a9bae99349d094a1fb82563535aabde82ec'}",True,True,9.1.0,full_prefill_dense_m3_b1_kv4096_uniform_tp4_dp4,True,npu:5,5,Ascend950PR_957b,4,,bfloat16,prefill,False,256,"[32768, 256, 512, 1]",4096,tp4_dp4,uniform,3,,3,4096,28,2,24,56,64,0.9999998807907104,0.0,0.0,0.0,0.0,65,3.11.10,4.0,"[6144, 256, 1]",correctness,3,[4096],[3],1,20260829,float32,0.09119556747428784,PASS,,prefill_dense,2.10.0.post4.dev20260715,2.10.0+cpu,3.2.0,full_prefill_dense_m3_b1_kv4096_uniform,6146ca39720729ca417353fb999323d14d97f4a7
full,0.9999974966049194,0.2529448829591274,0.0009765625,23.615385055541992,4.842734051635489e-05,0.0,"{'prefill': 'c4166cfe326127daf30bc629493d8b251d8be85f97cda2efa510eab6bc6d3a54', 'decode': 'c47f9bdcfb879eb73723521240a48a9bae99349d094a1fb82563535aabde82ec'}",True,1,6146ca39720729ca417353fb999323d14d97f4a7,"[64, 1]",64,native_NHD_then_page_head_token_dim_permute,0.9999974966049194,0.22992491722106934,0.0009765625,23.615385055541992,4.842734051635489e-05,0.0,"{'prefill': 'c4166cfe326127daf30bc629493d8b251d8be85f97cda2efa510eab6bc6d3a54', 'decode': 'c47f9bdcfb879eb73723521240a48a9bae99349d094a1fb82563535aabde82ec'}",True,True,9.1.0,full_prefill_dense_m4_b1_kv4096_uniform_tp4_dp4,True,npu:5,5,Ascend950PR_957b,4,,bfloat16,prefill,False,256,"[32768, 256, 512, 1]",4096,tp4_dp4,uniform,4,,4,4096,28,2,24,56,64,1.0000001192092896,0.0,0.0,0.0,0.0,65,3.11.10,4.0,"[6144, 256, 1]",correctness,4,[4096],[4],1,20260829,float32,0.09119556747428784,PASS,,prefill_dense,2.10.0.post4.dev20260715,2.10.0+cpu,3.2.0,full_prefill_dense_m4_b1_kv4096_uniform,6146ca39720729ca417353fb999323d14d97f4a7
full,0.9999974966049194,0.2551041543483734,0.001953125,100.7355728149414,4.788683872902766e-05,0.0,"{'prefill': 'c4166cfe326127daf30bc629493d8b251d8be85f97cda2efa510eab6bc6d3a54', 'decode': 'c47f9bdcfb879eb73723521240a48a9bae99349d094a1fb82563535aabde82ec'}",True,1,6146ca39720729ca417353fb999323d14d97f4a7,"[64, 1]",64,native_NHD_then_page_head_token_dim_permute,0.9999974966049194,0.23837480694055557,0.001953125,100.7355728149414,4.788683872902766e-05,0.0,"{'prefill': 'c4166cfe326127daf30bc629493d8b251d8be85f97cda2efa510eab6bc6d3a54', 'decode': 'c47f9bdcfb879eb73723521240a48a9bae99349d094a1fb82563535aabde82ec'}",True,True,9.1.0,full_prefill_dense_m5_b1_kv4096_uniform_tp4_dp4,True,npu:5,5,Ascend950PR_957b,4,,bfloat16,prefill,False,256,"[32768, 256, 512, 1]",4096,tp4_dp4,uniform,5,,5,4096,28,2,24,56,64,0.9999998807907104,0.0,0.0,0.0,0.0,65,3.11.10,4.0,"[6144, 256, 1]",correctness,5,[4096],[5],1,20260829,float32,0.09119556747428784,PASS,,prefill_dense,2.10.0.post4.dev20260715,2.10.0+cpu,3.2.0,full_prefill_dense_m5_b1_kv4096_uniform,6146ca39720729ca417353fb999323d14d97f4a7
full,0.9999973773956299,0.24255504831671715,0.0009765625,32.68421173095703,4.732922388939187e-05,0.0,"{'prefill': 'c4166cfe326127daf30bc629493d8b251d8be85f97cda2efa510eab6bc6d3a54', 'decode': 'c47f9bdcfb879eb73723521240a48a9bae99349d094a1fb82563535aabde82ec'}",True,1,6146ca39720729ca417353fb999323d14d97f4a7,"[64, 1]",64,native_NHD_then_page_head_token_dim_permute,0.9999973773956299,0.23799482733011246,0.0009765625,32.68421173095703,4.732922388939187e-05,0.0,"{'prefill': 'c4166cfe326127daf30bc629493d8b251d8be85f97cda2efa510eab6bc6d3a54', 'decode': 'c47f9bdcfb879eb73723521240a48a9bae99349d094a1fb82563535aabde82ec'}",True,True,9.1.0,full_prefill_dense_m8_b1_kv4096_uniform_tp4_dp4,True,npu:5,5,Ascend950PR_957b,4,,bfloat16,prefill,False,256,"[32768, 256, 512, 1]",4096,tp4_dp4,uniform,8,,8,4096,28,2,24,56,64,1.0,0.0,0.0,0.0,0.0,65,3.11.10,4.0,"[6144, 256, 1]",correctness,8,[4096],[8],1,20260829,float32,0.09119556747428784,PASS,,prefill_dense,2.10.0.post4.dev20260715,2.10.0+cpu,3.2.0,full_prefill_dense_m8_b1_kv4096_uniform,6146ca39720729ca417353fb999323d14d97f4a7
full,0.9999974966049194,0.2771439030766487,0.001953125,74.16778564453125,4.702969454228878e-05,0.0,"{'prefill': 'c4166cfe326127daf30bc629493d8b251d8be85f97cda2efa510eab6bc6d3a54', 'decode': 'c47f9bdcfb879eb73723521240a48a9bae99349d094a1fb82563535aabde82ec'}",True,1,6146ca39720729ca417353fb999323d14d97f4a7,"[64, 1]",64,native_NHD_then_page_head_token_dim_permute,0.9999974966049194,0.2370048314332962,0.001953125,74.16778564453125,4.702969454228878e-05,0.0,"{'prefill': 'c4166cfe326127daf30bc629493d8b251d8be85f97cda2efa510eab6bc6d3a54', 'decode': 'c47f9bdcfb879eb73723521240a48a9bae99349d094a1fb82563535aabde82ec'}",True,True,9.1.0,full_prefill_dense_m32_b1_kv4096_uniform_tp4_dp4,True,npu:5,5,Ascend950PR_957b,4,,bfloat16,prefill,False,256,"[32768, 256, 512, 1]",4096,tp4_dp4,uniform,32,,32,4096,28,2,24,56,64,0.9999998807907104,0.0,0.0,0.0,0.0,65,3.11.10,4.0,"[6144, 256, 1]",correctness,32,[4096],[32],1,20260829,float32,0.09119556747428784,PASS,,prefill_dense,2.10.0.post4.dev20260715,2.10.0+cpu,3.2.0,full_prefill_dense_m32_b1_kv4096_uniform,6146ca39720729ca417353fb999323d14d97f4a7
full,0.9999974966049194,0.3205440007150173,0.001953125,43.79999923706055,4.7755162086104974e-05,0.0,"{'prefill': 'c4166cfe326127daf30bc629493d8b251d8be85f97cda2efa510eab6bc6d3a54', 'decode': 'c47f9bdcfb879eb73723521240a48a9bae99349d094a1fb82563535aabde82ec'}",True,1,6146ca39720729ca417353fb999323d14d97f4a7,"[64, 1]",64,native_NHD_then_page_head_token_dim_permute,0.9999974966049194,0.2344953827559948,0.001953125,43.79999923706055,4.7755162086104974e-05,0.0,"{'prefill': 'c4166cfe326127daf30bc629493d8b251d8be85f97cda2efa510eab6bc6d3a54', 'decode': 'c47f9bdcfb879eb73723521240a48a9bae99349d094a1fb82563535aabde82ec'}",True,True,9.1.0,full_prefill_dense_m64_b1_kv4096_uniform_tp4_dp4,True,npu:5,5,Ascend950PR_957b,4,,bfloat16,prefill,False,256,"[32768, 256, 512, 1]",4096,tp4_dp4,uniform,64,,64,4096,28,2,24,56,64,1.0,0.0,0.0,0.0,0.0,65,3.11.10,4.0,"[6144, 256, 1]",correctness,32,[4096],[64],1,20260829,float32,0.09119556747428784,PASS,,prefill_dense,2.10.0.post4.dev20260715,2.10.0+cpu,3.2.0,full_prefill_dense_m64_b1_kv4096_uniform,6146ca39720729ca417353fb999323d14d97f4a7
full,0.9999975562095642,0.3091343678534031,0.0009765625,43.59016418457031,4.7958630602806807e-05,0.0,"{'prefill': 'c4166cfe326127daf30bc629493d8b251d8be85f97cda2efa510eab6bc6d3a54', 'decode': 'c47f9bdcfb879eb73723521240a48a9bae99349d094a1fb82563535aabde82ec'}",True,1,6146ca39720729ca417353fb999323d14d97f4a7,"[64, 1]",64,native_NHD_then_page_head_token_dim_permute,0.9999975562095642,0.24037528783082962,0.0009765625,43.59016418457031,4.7958630602806807e-05,0.0,"{'prefill': 'c4166cfe326127daf30bc629493d8b251d8be85f97cda2efa510eab6bc6d3a54', 'decode': 'c47f9bdcfb879eb73723521240a48a9bae99349d094a1fb82563535aabde82ec'}",True,True,9.1.0,full_prefill_dense_m128_b1_kv4096_uniform_tp4_dp4,True,npu:5,5,Ascend950PR_957b,4,,bfloat16,prefill,False,256,"[32768, 256, 512, 1]",4096,tp4_dp4,uniform,128,,128,4096,28,2,24,56,64,1.0,0.0,0.0,0.0,0.0,65,3.11.10,4.0,"[6144, 256, 1]",correctness,32,[4096],[128],1,20260829,float32,0.09119556747428784,PASS,,prefill_dense,2.10.0.post4.dev20260715,2.10.0+cpu,3.2.0,full_prefill_dense_m128_b1_kv4096_uniform,6146ca39720729ca417353fb999323d14d97f4a7
full,0.9999975562095642,0.3298027440905571,0.00390625,141.21458435058594,4.859695036429912e-05,0.0,"{'prefill': 'c4166cfe326127daf30bc629493d8b251d8be85f97cda2efa510eab6bc6d3a54', 'decode': 'c47f9bdcfb879eb73723521240a48a9bae99349d094a1fb82563535aabde82ec'}",True,1,6146ca39720729ca417353fb999323d14d97f4a7,"[64, 1]",64,native_NHD_then_page_head_token_dim_permute,0.9999975562095642,0.4245308227837086,0.00390625,141.21458435058594,4.859695036429912e-05,0.0,"{'prefill': 'c4166cfe326127daf30bc629493d8b251d8be85f97cda2efa510eab6bc6d3a54', 'decode': 'c47f9bdcfb879eb73723521240a48a9bae99349d094a1fb82563535aabde82ec'}",True,True,9.1.0,full_prefill_dense_m257_b1_kv4096_uniform_tp4_dp4,True,npu:5,5,Ascend950PR_957b,4,,bfloat16,prefill,False,256,"[32768, 256, 512, 1]",4096,tp4_dp4,uniform,257,,257,4096,28,2,24,56,64,1.0,0.0,0.0,0.0,0.0,65,3.11.10,4.0,"[6144, 256, 1]",correctness,32,[4096],[257],1,20260829,float32,0.09119556747428784,PASS,,prefill_dense,2.10.0.post4.dev20260715,2.10.0+cpu,3.2.0,full_prefill_dense_m257_b1_kv4096_uniform,6146ca39720729ca417353fb999323d14d97f4a7
full,0.9999975562095642,0.4102010279893875,0.001953125,94.69129180908203,5.081071503809653e-05,0.0,"{'prefill': 'c4166cfe326127daf30bc629493d8b251d8be85f97cda2efa510eab6bc6d3a54', 'decode': 'c47f9bdcfb879eb73723521240a48a9bae99349d094a1fb82563535aabde82ec'}",True,1,6146ca39720729ca417353fb999323d14d97f4a7,"[64, 1]",64,native_NHD_then_page_head_token_dim_permute,0.9999975562095642,0.7548639550805092,0.001953125,94.69129180908203,5.081071503809653e-05,0.0,"{'prefill': 'c4166cfe326127daf30bc629493d8b251d8be85f97cda2efa510eab6bc6d3a54', 'decode': 'c47f9bdcfb879eb73723521240a48a9bae99349d094a1fb82563535aabde82ec'}",True,True,9.1.0,full_prefill_dense_m1024_b1_kv4096_uniform_tp4_dp4,True,npu:5,5,Ascend950PR_957b,4,,bfloat16,prefill,False,256,"[32768, 256, 512, 1]",4096,tp4_dp4,uniform,1024,,1024,4096,28,2,24,56,64,1.0,0.0,0.0,0.0,0.0,65,3.11.10,4.0,"[6144, 256, 1]",correctness,32,[4096],[1024],1,20260829,float32,0.09119556747428784,PASS,,prefill_dense,2.10.0.post4.dev20260715,2.10.0+cpu,3.2.0,full_prefill_dense_m1024_b1_kv4096_uniform,6146ca39720729ca417353fb999323d14d97f4a7
swa,0.9999977946281433,0.0,0.001953125,2.4833333492279053,0.00011765615636250004,0.0,"{'prefill': 'c4166cfe326127daf30bc629493d8b251d8be85f97cda2efa510eab6bc6d3a54', 'decode': 'c47f9bdcfb879eb73723521240a48a9bae99349d094a1fb82563535aabde82ec'}",True,1,6146ca39720729ca417353fb999323d14d97f4a7,"[64, 1]",64,native_NHD_then_page_head_token_dim_permute,0.9999977946281433,0.0,0.001953125,2.4833333492279053,0.00011765615636250004,0.0,"{'prefill': 'c4166cfe326127daf30bc629493d8b251d8be85f97cda2efa510eab6bc6d3a54', 'decode': 'c47f9bdcfb879eb73723521240a48a9bae99349d094a1fb82563535aabde82ec'}",True,True,9.1.0,swa_prefill_dense_m1_b1_kv4096_uniform_tp4,True,npu:5,5,Ascend950PR_957b,1,,bfloat16,prefill,False,256,"[16384, 256, 256, 1]",4096,tp4,uniform,1,,1,4096,28,1,6,56,64,1.0,0.0,0.0,0.0,0.0,9,3.11.10,1.0,"[1536, 256, 1]",correctness,1,[4096],[1],1,20260829,float32,0.09119556747428784,PASS,511,prefill_dense,2.10.0.post4.dev20260715,2.10.0+cpu,3.2.0,swa_prefill_dense_m1_b1_kv4096_uniform,6146ca39720729ca417353fb999323d14d97f4a7
swa,0.9999973773956299,0.0,0.001953125,6.320388317108154,0.0001165444846265018,0.0,"{'prefill': 'c4166cfe326127daf30bc629493d8b251d8be85f97cda2efa510eab6bc6d3a54', 'decode': 'c47f9bdcfb879eb73723521240a48a9bae99349d094a1fb82563535aabde82ec'}",True,1,6146ca39720729ca417353fb999323d14d97f4a7,"[64, 1]",64,native_NHD_then_page_head_token_dim_permute,0.9999973773956299,0.0,0.001953125,6.320388317108154,0.0001165444846265018,0.0,"{'prefill': 'c4166cfe326127daf30bc629493d8b251d8be85f97cda2efa510eab6bc6d3a54', 'decode': 'c47f9bdcfb879eb73723521240a48a9bae99349d094a1fb82563535aabde82ec'}",True,True,9.1.0,swa_prefill_dense_m2_b1_kv4096_uniform_tp4,True,npu:5,5,Ascend950PR_957b,1,,bfloat16,prefill,False,256,"[16384, 256, 256, 1]",4096,tp4,uniform,2,,2,4096,28,1,6,56,64,0.9999999403953552,0.0,0.0,0.0,0.0,10,3.11.10,1.0,"[1536, 256, 1]",correctness,2,[4096],[2],1,20260829,float32,0.09119556747428784,PASS,511,prefill_dense,2.10.0.post4.dev20260715,2.10.0+cpu,3.2.0,swa_prefill_dense_m2_b1_kv4096_uniform,6146ca39720729ca417353fb999323d14d97f4a7
swa,0.9999976754188538,0.0,0.001953125,3.314136028289795,0.00011128577898489311,0.0,"{'prefill': 'c4166cfe326127daf30bc629493d8b251d8be85f97cda2efa510eab6bc6d3a54', 'decode': 'c47f9bdcfb879eb73723521240a48a9bae99349d094a1fb82563535aabde82ec'}",True,1,6146ca39720729ca417353fb999323d14d97f4a7,"[64, 1]",64,native_NHD_then_page_head_token_dim_permute,0.9999976754188538,0.0,0.001953125,3.314136028289795,0.00011128577898489311,0.0,"{'prefill': 'c4166cfe326127daf30bc629493d8b251d8be85f97cda2efa510eab6bc6d3a54', 'decode': 'c47f9bdcfb879eb73723521240a48a9bae99349d094a1fb82563535aabde82ec'}",True,True,9.1.0,swa_prefill_dense_m3_b1_kv4096_uniform_tp4,True,npu:5,5,Ascend950PR_957b,1,,bfloat16,prefill,False,256,"[16384, 256, 256, 1]",4096,tp4,uniform,3,,3,4096,28,1,6,56,64,1.0,0.0,0.0,0.0,0.0,10,3.11.10,1.0,"[1536, 256, 1]",correctness,3,[4096],[3],1,20260829,float32,0.09119556747428784,PASS,511,prefill_dense,2.10.0.post4.dev20260715,2.10.0+cpu,3.2.0,swa_prefill_dense_m3_b1_kv4096_uniform,6146ca39720729ca417353fb999323d14d97f4a7
swa,0.9999977350234985,0.0,0.001953125,9.66341495513916,0.00010910821583820507,0.0,"{'prefill': 'c4166cfe326127daf30bc629493d8b251d8be85f97cda2efa510eab6bc6d3a54', 'decode': 'c47f9bdcfb879eb73723521240a48a9bae99349d094a1fb82563535aabde82ec'}",True,1,6146ca39720729ca417353fb999323d14d97f4a7,"[64, 1]",64,native_NHD_then_page_head_token_dim_permute,0.9999977350234985,0.0,0.001953125,9.66341495513916,0.00010910821583820507,0.0,"{'prefill': 'c4166cfe326127daf30bc629493d8b251d8be85f97cda2efa510eab6bc6d3a54', 'decode': 'c47f9bdcfb879eb73723521240a48a9bae99349d094a1fb82563535aabde82ec'}",True,True,9.1.0,swa_prefill_dense_m4_b1_kv4096_uniform_tp4,True,npu:5,5,Ascend950PR_957b,1,,bfloat16,prefill,False,256,"[16384, 256, 256, 1]",4096,tp4,uniform,4,,4,4096,28,1,6,56,64,1.0,0.0,0.0,0.0,0.0,10,3.11.10,1.0,"[1536, 256, 1]",correctness,4,[4096],[4],1,20260829,float32,0.09119556747428784,PASS,511,prefill_dense,2.10.0.post4.dev20260715,2.10.0+cpu,3.2.0,swa_prefill_dense_m4_b1_kv4096_uniform,6146ca39720729ca417353fb999323d14d97f4a7
swa,0.9999977350234985,0.0,0.00390625,2.6410255432128906,0.00010586866119410843,0.0,"{'prefill': 'c4166cfe326127daf30bc629493d8b251d8be85f97cda2efa510eab6bc6d3a54', 'decode': 'c47f9bdcfb879eb73723521240a48a9bae99349d094a1fb82563535aabde82ec'}",True,1,6146ca39720729ca417353fb999323d14d97f4a7,"[64, 1]",64,native_NHD_then_page_head_token_dim_permute,0.9999977350234985,0.0,0.00390625,2.6410255432128906,0.00010586866119410843,0.0,"{'prefill': 'c4166cfe326127daf30bc629493d8b251d8be85f97cda2efa510eab6bc6d3a54', 'decode': 'c47f9bdcfb879eb73723521240a48a9bae99349d094a1fb82563535aabde82ec'}",True,True,9.1.0,swa_prefill_dense_m5_b1_kv4096_uniform_tp4,True,npu:5,5,Ascend950PR_957b,1,,bfloat16,prefill,False,256,"[16384, 256, 256, 1]",4096,tp4,uniform,5,,5,4096,28,1,6,56,64,0.9999999403953552,0.0,0.0,0.0,0.0,10,3.11.10,1.0,"[1536, 256, 1]",correctness,5,[4096],[5],1,20260829,float32,0.09119556747428784,PASS,511,prefill_dense,2.10.0.post4.dev20260715,2.10.0+cpu,3.2.0,swa_prefill_dense_m5_b1_kv4096_uniform,6146ca39720729ca417353fb999323d14d97f4a7
swa,0.9999978542327881,0.0,0.001953125,20.489051818847656,0.00011478785745566711,0.0,"{'prefill': 'c4166cfe326127daf30bc629493d8b251d8be85f97cda2efa510eab6bc6d3a54', 'decode': 'c47f9bdcfb879eb73723521240a48a9bae99349d094a1fb82563535aabde82ec'}",True,1,6146ca39720729ca417353fb999323d14d97f4a7,"[64, 1]",64,native_NHD_then_page_head_token_dim_permute,0.9999978542327881,0.0,0.001953125,20.489051818847656,0.00011478785745566711,0.0,"{'prefill': 'c4166cfe326127daf30bc629493d8b251d8be85f97cda2efa510eab6bc6d3a54', 'decode': 'c47f9bdcfb879eb73723521240a48a9bae99349d094a1fb82563535aabde82ec'}",True,True,9.1.0,swa_prefill_dense_m8_b1_kv4096_uniform_tp4,True,npu:5,5,Ascend950PR_957b,1,,bfloat16,prefill,False,256,"[16384, 256, 256, 1]",4096,tp4,uniform,8,,8,4096,28,1,6,56,64,0.9999999403953552,0.0,0.0,0.0,0.0,10,3.11.10,1.0,"[1536, 256, 1]",correctness,8,[4096],[8],1,20260829,float32,0.09119556747428784,PASS,511,prefill_dense,2.10.0.post4.dev20260715,2.10.0+cpu,3.2.0,swa_prefill_dense_m8_b1_kv4096_uniform,6146ca39720729ca417353fb999323d14d97f4a7
swa,0.9999978542327881,0.0,0.00390625,82.27999877929688,0.00011354035086696967,0.0,"{'prefill': 'c4166cfe326127daf30bc629493d8b251d8be85f97cda2efa510eab6bc6d3a54', 'decode': 'c47f9bdcfb879eb73723521240a48a9bae99349d094a1fb82563535aabde82ec'}",True,1,6146ca39720729ca417353fb999323d14d97f4a7,"[64, 1]",64,native_NHD_then_page_head_token_dim_permute,0.9999978542327881,0.0,0.00390625,82.27999877929688,0.00011354035086696967,0.0,"{'prefill': 'c4166cfe326127daf30bc629493d8b251d8be85f97cda2efa510eab6bc6d3a54', 'decode': 'c47f9bdcfb879eb73723521240a48a9bae99349d094a1fb82563535aabde82ec'}",True,True,9.1.0,swa_prefill_dense_m32_b1_kv4096_uniform_tp4,True,npu:5,5,Ascend950PR_957b,1,,bfloat16,prefill,False,256,"[16384, 256, 256, 1]",4096,tp4,uniform,32,,32,4096,28,1,6,56,64,1.0000001192092896,0.0,0.0,0.0,0.0,10,3.11.10,1.0,"[1536, 256, 1]",correctness,32,[4096],[32],1,20260829,float32,0.09119556747428784,PASS,511,prefill_dense,2.10.0.post4.dev20260715,2.10.0+cpu,3.2.0,swa_prefill_dense_m32_b1_kv4096_uniform,6146ca39720729ca417353fb999323d14d97f4a7
swa,0.9999980926513672,0.0,0.00390625,120.0954360961914,0.00011029931192751974,0.0,"{'prefill': 'c4166cfe326127daf30bc629493d8b251d8be85f97cda2efa510eab6bc6d3a54', 'decode': 'c47f9bdcfb879eb73723521240a48a9bae99349d094a1fb82563535aabde82ec'}",True,1,6146ca39720729ca417353fb999323d14d97f4a7,"[64, 1]",64,native_NHD_then_page_head_token_dim_permute,0.9999980926513672,0.0,0.00390625,120.0954360961914,0.00011029931192751974,0.0,"{'prefill': 'c4166cfe326127daf30bc629493d8b251d8be85f97cda2efa510eab6bc6d3a54', 'decode': 'c47f9bdcfb879eb73723521240a48a9bae99349d094a1fb82563535aabde82ec'}",True,True,9.1.0,swa_prefill_dense_m64_b1_kv4096_uniform_tp4,True,npu:5,5,Ascend950PR_957b,1,,bfloat16,prefill,False,256,"[16384, 256, 256, 1]",4096,tp4,uniform,64,,64,4096,28,1,6,56,64,0.9999999403953552,0.0,0.0,0.0,0.0,10,3.11.10,1.0,"[1536, 256, 1]",correctness,32,[4096],[64],1,20260829,float32,0.09119556747428784,PASS,511,prefill_dense,2.10.0.post4.dev20260715,2.10.0+cpu,3.2.0,swa_prefill_dense_m64_b1_kv4096_uniform,6146ca39720729ca417353fb999323d14d97f4a7
swa,0.9999978542327881,0.0,0.00390625,40.27536392211914,0.00011118470865767449,0.0,"{'prefill': 'c4166cfe326127daf30bc629493d8b251d8be85f97cda2efa510eab6bc6d3a54', 'decode': 'c47f9bdcfb879eb73723521240a48a9bae99349d094a1fb82563535aabde82ec'}",True,1,6146ca39720729ca417353fb999323d14d97f4a7,"[64, 1]",64,native_NHD_then_page_head_token_dim_permute,0.9999978542327881,0.0,0.00390625,40.27536392211914,0.00011118470865767449,0.0,"{'prefill': 'c4166cfe326127daf30bc629493d8b251d8be85f97cda2efa510eab6bc6d3a54', 'decode': 'c47f9bdcfb879eb73723521240a48a9bae99349d094a1fb82563535aabde82ec'}",True,True,9.1.0,swa_prefill_dense_m128_b1_kv4096_uniform_tp4,True,npu:5,5,Ascend950PR_957b,1,,bfloat16,prefill,False,256,"[16384, 256, 256, 1]",4096,tp4,uniform,128,,128,4096,28,1,6,56,64,0.9999999403953552,0.0,0.0,0.0,0.0,11,3.11.10,1.0,"[1536, 256, 1]",correctness,32,[4096],[128],1,20260829,float32,0.09119556747428784,PASS,511,prefill_dense,2.10.0.post4.dev20260715,2.10.0+cpu,3.2.0,swa_prefill_dense_m128_b1_kv4096_uniform,6146ca39720729ca417353fb999323d14d97f4a7
swa,0.9999978542327881,0.0,0.001953125,276.7937316894531,0.00011223502224311233,0.0,"{'prefill': 'c4166cfe326127daf30bc629493d8b251d8be85f97cda2efa510eab6bc6d3a54', 'decode': 'c47f9bdcfb879eb73723521240a48a9bae99349d094a1fb82563535aabde82ec'}",True,1,6146ca39720729ca417353fb999323d14d97f4a7,"[64, 1]",64,native_NHD_then_page_head_token_dim_permute,0.9999978542327881,0.0,0.001953125,276.7937316894531,0.00011223502224311233,0.0,"{'prefill': 'c4166cfe326127daf30bc629493d8b251d8be85f97cda2efa510eab6bc6d3a54', 'decode': 'c47f9bdcfb879eb73723521240a48a9bae99349d094a1fb82563535aabde82ec'}",True,True,9.1.0,swa_prefill_dense_m257_b1_kv4096_uniform_tp4,True,npu:5,5,Ascend950PR_957b,1,,bfloat16,prefill,False,256,"[16384, 256, 256, 1]",4096,tp4,uniform,257,,257,4096,28,1,6,56,64,0.9999998807907104,0.0,0.0,0.0,0.0,13,3.11.10,1.0,"[1536, 256, 1]",correctness,32,[4096],[257],1,20260829,float32,0.09119556747428784,PASS,511,prefill_dense,2.10.0.post4.dev20260715,2.10.0+cpu,3.2.0,swa_prefill_dense_m257_b1_kv4096_uniform,6146ca39720729ca417353fb999323d14d97f4a7
swa,0.9999979734420776,0.0,0.00390625,141.94845581054688,0.00010973825555993244,0.0,"{'prefill': 'c4166cfe326127daf30bc629493d8b251d8be85f97cda2efa510eab6bc6d3a54', 'decode': 'c47f9bdcfb879eb73723521240a48a9bae99349d094a1fb82563535aabde82ec'}",True,1,6146ca39720729ca417353fb999323d14d97f4a7,"[64, 1]",64,native_NHD_then_page_head_token_dim_permute,0.9999979734420776,0.0,0.00390625,141.94845581054688,0.00010973825555993244,0.0,"{'prefill': 'c4166cfe326127daf30bc629493d8b251d8be85f97cda2efa510eab6bc6d3a54', 'decode': 'c47f9bdcfb879eb73723521240a48a9bae99349d094a1fb82563535aabde82ec'}",True,True,9.1.0,swa_prefill_dense_m1024_b1_kv4096_uniform_tp4,True,npu:5,5,Ascend950PR_957b,1,,bfloat16,prefill,False,256,"[16384, 256, 256, 1]",4096,tp4,uniform,1024,,1024,4096,28,1,6,56,64,1.0,0.0,0.0,0.0,0.0,25,3.11.10,1.0,"[1536, 256, 1]",correctness,32,[4096],[1024],1,20260829,float32,0.09119556747428784,PASS,511,prefill_dense,2.10.0.post4.dev20260715,2.10.0+cpu,3.2.0,swa_prefill_dense_m1024_b1_kv4096_uniform,6146ca39720729ca417353fb999323d14d97f4a7
swa,0.9999976754188538,0.0,0.001953125,4.234568119049072,0.00011014178016921505,0.0,"{'prefill': 'c4166cfe326127daf30bc629493d8b251d8be85f97cda2efa510eab6bc6d3a54', 'decode': 'c47f9bdcfb879eb73723521240a48a9bae99349d094a1fb82563535aabde82ec'}",True,1,6146ca39720729ca417353fb999323d14d97f4a7,"[64, 1]",64,native_NHD_then_page_head_token_dim_permute,0.9999976754188538,0.0,0.001953125,4.234568119049072,0.00011014178016921505,0.0,"{'prefill': 'c4166cfe326127daf30bc629493d8b251d8be85f97cda2efa510eab6bc6d3a54', 'decode': 'c47f9bdcfb879eb73723521240a48a9bae99349d094a1fb82563535aabde82ec'}",True,True,9.1.0,swa_prefill_dense_m1_b1_kv4096_uniform_tp4_dp2,True,npu:5,5,Ascend950PR_957b,2,,bfloat16,prefill,False,256,"[16384, 256, 256, 1]",4096,tp4_dp2,uniform,1,,1,4096,28,1,12,56,64,1.0000001192092896,0.0,0.0,0.0,0.0,9,3.11.10,2.0,"[3072, 256, 1]",correctness,1,[4096],[1],1,20260829,float32,0.09119556747428784,PASS,511,prefill_dense,2.10.0.post4.dev20260715,2.10.0+cpu,3.2.0,swa_prefill_dense_m1_b1_kv4096_uniform,6146ca39720729ca417353fb999323d14d97f4a7
swa,0.9999979734420776,0.0,0.00390625,2.1518986225128174,0.00011466121941339225,0.0,"{'prefill': 'c4166cfe326127daf30bc629493d8b251d8be85f97cda2efa510eab6bc6d3a54', 'decode': 'c47f9bdcfb879eb73723521240a48a9bae99349d094a1fb82563535aabde82ec'}",True,1,6146ca39720729ca417353fb999323d14d97f4a7,"[64, 1]",64,native_NHD_then_page_head_token_dim_permute,0.9999979734420776,0.0,0.00390625,2.1518986225128174,0.00011466121941339225,0.0,"{'prefill': 'c4166cfe326127daf30bc629493d8b251d8be85f97cda2efa510eab6bc6d3a54', 'decode': 'c47f9bdcfb879eb73723521240a48a9bae99349d094a1fb82563535aabde82ec'}",True,True,9.1.0,swa_prefill_dense_m2_b1_kv4096_uniform_tp4_dp2,True,npu:5,5,Ascend950PR_957b,2,,bfloat16,prefill,False,256,"[16384, 256, 256, 1]",4096,tp4_dp2,uniform,2,,2,4096,28,1,12,56,64,1.0000001192092896,0.0,0.0,0.0,0.0,10,3.11.10,2.0,"[3072, 256, 1]",correctness,2,[4096],[2],1,20260829,float32,0.09119556747428784,PASS,511,prefill_dense,2.10.0.post4.dev20260715,2.10.0+cpu,3.2.0,swa_prefill_dense_m2_b1_kv4096_uniform,6146ca39720729ca417353fb999323d14d97f4a7
swa,0.9999977946281433,0.0,0.001953125,23.30769157409668,0.00010451264824951068,0.0,"{'prefill': 'c4166cfe326127daf30bc629493d8b251d8be85f97cda2efa510eab6bc6d3a54', 'decode': 'c47f9bdcfb879eb73723521240a48a9bae99349d094a1fb82563535aabde82ec'}",True,1,6146ca39720729ca417353fb999323d14d97f4a7,"[64, 1]",64,native_NHD_then_page_head_token_dim_permute,0.9999977946281433,0.0,0.001953125,23.30769157409668,0.00010451264824951068,0.0,"{'prefill': 'c4166cfe326127daf30bc629493d8b251d8be85f97cda2efa510eab6bc6d3a54', 'decode': 'c47f9bdcfb879eb73723521240a48a9bae99349d094a1fb82563535aabde82ec'}",True,True,9.1.0,swa_prefill_dense_m3_b1_kv4096_uniform_tp4_dp2,True,npu:5,5,Ascend950PR_957b,2,,bfloat16,prefill,False,256,"[16384, 256, 256, 1]",4096,tp4_dp2,uniform,3,,3,4096,28,1,12,56,64,1.0000001192092896,0.0,0.0,0.0,0.0,10,3.11.10,2.0,"[3072, 256, 1]",correctness,3,[4096],[3],1,20260829,float32,0.09119556747428784,PASS,511,prefill_dense,2.10.0.post4.dev20260715,2.10.0+cpu,3.2.0,swa_prefill_dense_m3_b1_kv4096_uniform,6146ca39720729ca417353fb999323d14d97f4a7
swa,0.9999977350234985,0.0,0.00390625,63.33333206176758,0.00011060214455937967,0.0,"{'prefill': 'c4166cfe326127daf30bc629493d8b251d8be85f97cda2efa510eab6bc6d3a54', 'decode': 'c47f9bdcfb879eb73723521240a48a9bae99349d094a1fb82563535aabde82ec'}",True,1,6146ca39720729ca417353fb999323d14d97f4a7,"[64, 1]",64,native_NHD_then_page_head_token_dim_permute,0.9999977350234985,0.0,0.00390625,63.33333206176758,0.00011060214455937967,0.0,"{'prefill': 'c4166cfe326127daf30bc629493d8b251d8be85f97cda2efa510eab6bc6d3a54', 'decode': 'c47f9bdcfb879eb73723521240a48a9bae99349d094a1fb82563535aabde82ec'}",True,True,9.1.0,swa_prefill_dense_m4_b1_kv4096_uniform_tp4_dp2,True,npu:5,5,Ascend950PR_957b,2,,bfloat16,prefill,False,256,"[16384, 256, 256, 1]",4096,tp4_dp2,uniform,4,,4,4096,28,1,12,56,64,1.0,0.0,0.0,0.0,0.0,10,3.11.10,2.0,"[3072, 256, 1]",correctness,4,[4096],[4],1,20260829,float32,0.09119556747428784,PASS,511,prefill_dense,2.10.0.post4.dev20260715,2.10.0+cpu,3.2.0,swa_prefill_dense_m4_b1_kv4096_uniform,6146ca39720729ca417353fb999323d14d97f4a7
swa,0.9999979734420776,0.0,0.001953125,10.560209274291992,0.00011508406896609813,0.0,"{'prefill': 'c4166cfe326127daf30bc629493d8b251d8be85f97cda2efa510eab6bc6d3a54', 'decode': 'c47f9bdcfb879eb73723521240a48a9bae99349d094a1fb82563535aabde82ec'}",True,1,6146ca39720729ca417353fb999323d14d97f4a7,"[64, 1]",64,native_NHD_then_page_head_token_dim_permute,0.9999979734420776,0.0,0.001953125,10.560209274291992,0.00011508406896609813,0.0,"{'prefill': 'c4166cfe326127daf30bc629493d8b251d8be85f97cda2efa510eab6bc6d3a54', 'decode': 'c47f9bdcfb879eb73723521240a48a9bae99349d094a1fb82563535aabde82ec'}",True,True,9.1.0,swa_prefill_dense_m5_b1_kv4096_uniform_tp4_dp2,True,npu:5,5,Ascend950PR_957b,2,,bfloat16,prefill,False,256,"[16384, 256, 256, 1]",4096,tp4_dp2,uniform,5,,5,4096,28,1,12,56,64,1.0000001192092896,0.0,0.0,0.0,0.0,10,3.11.10,2.0,"[3072, 256, 1]",correctness,5,[4096],[5],1,20260829,float32,0.09119556747428784,PASS,511,prefill_dense,2.10.0.post4.dev20260715,2.10.0+cpu,3.2.0,swa_prefill_dense_m5_b1_kv4096_uniform,6146ca39720729ca417353fb999323d14d97f4a7
swa,0.9999978542327881,0.0,0.00390625,191.2415008544922,0.00011064161662943661,0.0,"{'prefill': 'c4166cfe326127daf30bc629493d8b251d8be85f97cda2efa510eab6bc6d3a54', 'decode': 'c47f9bdcfb879eb73723521240a48a9bae99349d094a1fb82563535aabde82ec'}",True,1,6146ca39720729ca417353fb999323d14d97f4a7,"[64, 1]",64,native_NHD_then_page_head_token_dim_permute,0.9999978542327881,0.0,0.00390625,191.2415008544922,0.00011064161662943661,0.0,"{'prefill': 'c4166cfe326127daf30bc629493d8b251d8be85f97cda2efa510eab6bc6d3a54', 'decode': 'c47f9bdcfb879eb73723521240a48a9bae99349d094a1fb82563535aabde82ec'}",True,True,9.1.0,swa_prefill_dense_m8_b1_kv4096_uniform_tp4_dp2,True,npu:5,5,Ascend950PR_957b,2,,bfloat16,prefill,False,256,"[16384, 256, 256, 1]",4096,tp4_dp2,uniform,8,,8,4096,28,1,12,56,64,0.9999999403953552,0.0,0.0,0.0,0.0,10,3.11.10,2.0,"[3072, 256, 1]",correctness,8,[4096],[8],1,20260829,float32,0.09119556747428784,PASS,511,prefill_dense,2.10.0.post4.dev20260715,2.10.0+cpu,3.2.0,swa_prefill_dense_m8_b1_kv4096_uniform,6146ca39720729ca417353fb999323d14d97f4a7
swa,0.999997615814209,0.0,0.00390625,102.228759765625,0.00011126891331514344,0.0,"{'prefill': 'c4166cfe326127daf30bc629493d8b251d8be85f97cda2efa510eab6bc6d3a54', 'decode': 'c47f9bdcfb879eb73723521240a48a9bae99349d094a1fb82563535aabde82ec'}",True,1,6146ca39720729ca417353fb999323d14d97f4a7,"[64, 1]",64,native_NHD_then_page_head_token_dim_permute,0.999997615814209,0.0,0.00390625,102.228759765625,0.00011126891331514344,0.0,"{'prefill': 'c4166cfe326127daf30bc629493d8b251d8be85f97cda2efa510eab6bc6d3a54', 'decode': 'c47f9bdcfb879eb73723521240a48a9bae99349d094a1fb82563535aabde82ec'}",True,True,9.1.0,swa_prefill_dense_m32_b1_kv4096_uniform_tp4_dp2,True,npu:5,5,Ascend950PR_957b,2,,bfloat16,prefill,False,256,"[16384, 256, 256, 1]",4096,tp4_dp2,uniform,32,,32,4096,28,1,12,56,64,0.9999999403953552,0.0,0.0,0.0,0.0,10,3.11.10,2.0,"[3072, 256, 1]",correctness,32,[4096],[32],1,20260829,float32,0.09119556747428784,PASS,511,prefill_dense,2.10.0.post4.dev20260715,2.10.0+cpu,3.2.0,swa_prefill_dense_m32_b1_kv4096_uniform,6146ca39720729ca417353fb999323d14d97f4a7
swa,0.9999980926513672,0.0,0.00390625,90.3289794921875,0.00010883036156883463,0.0,"{'prefill': 'c4166cfe326127daf30bc629493d8b251d8be85f97cda2efa510eab6bc6d3a54', 'decode': 'c47f9bdcfb879eb73723521240a48a9bae99349d094a1fb82563535aabde82ec'}",True,1,6146ca39720729ca417353fb999323d14d97f4a7,"[64, 1]",64,native_NHD_then_page_head_token_dim_permute,0.9999980926513672,0.0,0.00390625,90.3289794921875,0.00010883036156883463,0.0,"{'prefill': 'c4166cfe326127daf30bc629493d8b251d8be85f97cda2efa510eab6bc6d3a54', 'decode': 'c47f9bdcfb879eb73723521240a48a9bae99349d094a1fb82563535aabde82ec'}",True,True,9.1.0,swa_prefill_dense_m64_b1_kv4096_uniform_tp4_dp2,True,npu:5,5,Ascend950PR_957b,2,,bfloat16,prefill,False,256,"[16384, 256, 256, 1]",4096,tp4_dp2,uniform,64,,64,4096,28,1,12,56,64,1.0,0.0,0.0,0.0,0.0,10,3.11.10,2.0,"[3072, 256, 1]",correctness,32,[4096],[64],1,20260829,float32,0.09119556747428784,PASS,511,prefill_dense,2.10.0.post4.dev20260715,2.10.0+cpu,3.2.0,swa_prefill_dense_m64_b1_kv4096_uniform,6146ca39720729ca417353fb999323d14d97f4a7
swa,0.9999979734420776,0.0,0.00390625,80.12727355957031,0.00010864806245081127,0.0,"{'prefill': 'c4166cfe326127daf30bc629493d8b251d8be85f97cda2efa510eab6bc6d3a54', 'decode': 'c47f9bdcfb879eb73723521240a48a9bae99349d094a1fb82563535aabde82ec'}",True,1,6146ca39720729ca417353fb999323d14d97f4a7,"[64, 1]",64,native_NHD_then_page_head_token_dim_permute,0.9999979734420776,0.0,0.00390625,80.12727355957031,0.00010864806245081127,0.0,"{'prefill': 'c4166cfe326127daf30bc629493d8b251d8be85f97cda2efa510eab6bc6d3a54', 'decode': 'c47f9bdcfb879eb73723521240a48a9bae99349d094a1fb82563535aabde82ec'}",True,True,9.1.0,swa_prefill_dense_m128_b1_kv4096_uniform_tp4_dp2,True,npu:5,5,Ascend950PR_957b,2,,bfloat16,prefill,False,256,"[16384, 256, 256, 1]",4096,tp4_dp2,uniform,128,,128,4096,28,1,12,56,64,0.9999998211860657,0.0,0.0,0.0,0.0,11,3.11.10,2.0,"[3072, 256, 1]",correctness,32,[4096],[128],1,20260829,float32,0.09119556747428784,PASS,511,prefill_dense,2.10.0.post4.dev20260715,2.10.0+cpu,3.2.0,swa_prefill_dense_m128_b1_kv4096_uniform,6146ca39720729ca417353fb999323d14d97f4a7
swa,0.9999978542327881,0.0,0.00390625,243.72592163085938,0.00011080554395448416,0.0,"{'prefill': 'c4166cfe326127daf30bc629493d8b251d8be85f97cda2efa510eab6bc6d3a54', 'decode': 'c47f9bdcfb879eb73723521240a48a9bae99349d094a1fb82563535aabde82ec'}",True,1,6146ca39720729ca417353fb999323d14d97f4a7,"[64, 1]",64,native_NHD_then_page_head_token_dim_permute,0.9999978542327881,0.0,0.00390625,243.72592163085938,0.00011080554395448416,0.0,"{'prefill': 'c4166cfe326127daf30bc629493d8b251d8be85f97cda2efa510eab6bc6d3a54', 'decode': 'c47f9bdcfb879eb73723521240a48a9bae99349d094a1fb82563535aabde82ec'}",True,True,9.1.0,swa_prefill_dense_m257_b1_kv4096_uniform_tp4_dp2,True,npu:5,5,Ascend950PR_957b,2,,bfloat16,prefill,False,256,"[16384, 256, 256, 1]",4096,tp4_dp2,uniform,257,,257,4096,28,1,12,56,64,1.0000001192092896,0.0,0.0,0.0,0.0,13,3.11.10,2.0,"[3072, 256, 1]",correctness,32,[4096],[257],1,20260829,float32,0.09119556747428784,PASS,511,prefill_dense,2.10.0.post4.dev20260715,2.10.0+cpu,3.2.0,swa_prefill_dense_m257_b1_kv4096_uniform,6146ca39720729ca417353fb999323d14d97f4a7
swa,0.9999978542327881,0.0,0.00390625,73.43113708496094,0.00010949109855573624,0.0,"{'prefill': 'c4166cfe326127daf30bc629493d8b251d8be85f97cda2efa510eab6bc6d3a54', 'decode': 'c47f9bdcfb879eb73723521240a48a9bae99349d094a1fb82563535aabde82ec'}",True,1,6146ca39720729ca417353fb999323d14d97f4a7,"[64, 1]",64,native_NHD_then_page_head_token_dim_permute,0.9999978542327881,0.0,0.00390625,73.43113708496094,0.00010949109855573624,0.0,"{'prefill': 'c4166cfe326127daf30bc629493d8b251d8be85f97cda2efa510eab6bc6d3a54', 'decode': 'c47f9bdcfb879eb73723521240a48a9bae99349d094a1fb82563535aabde82ec'}",True,True,9.1.0,swa_prefill_dense_m1024_b1_kv4096_uniform_tp4_dp2,True,npu:5,5,Ascend950PR_957b,2,,bfloat16,prefill,False,256,"[16384, 256, 256, 1]",4096,tp4_dp2,uniform,1024,,1024,4096,28,1,12,56,64,1.0000001192092896,0.0,0.0,0.0,0.0,25,3.11.10,2.0,"[3072, 256, 1]",correctness,32,[4096],[1024],1,20260829,float32,0.09119556747428784,PASS,511,prefill_dense,2.10.0.post4.dev20260715,2.10.0+cpu,3.2.0,swa_prefill_dense_m1024_b1_kv4096_uniform,6146ca39720729ca417353fb999323d14d97f4a7
swa,0.9999977350234985,0.0,0.001953125,9.778243064880371,0.00011242165055591613,0.0,"{'prefill': 'c4166cfe326127daf30bc629493d8b251d8be85f97cda2efa510eab6bc6d3a54', 'decode': 'c47f9bdcfb879eb73723521240a48a9bae99349d094a1fb82563535aabde82ec'}",True,1,6146ca39720729ca417353fb999323d14d97f4a7,"[64, 1]",64,native_NHD_then_page_head_token_dim_permute,0.9999977350234985,0.0,0.001953125,9.778243064880371,0.00011242165055591613,0.0,"{'prefill': 'c4166cfe326127daf30bc629493d8b251d8be85f97cda2efa510eab6bc6d3a54', 'decode': 'c47f9bdcfb879eb73723521240a48a9bae99349d094a1fb82563535aabde82ec'}",True,True,9.1.0,swa_prefill_dense_m1_b1_kv4096_uniform_tp4_dp4,True,npu:5,5,Ascend950PR_957b,4,,bfloat16,prefill,False,256,"[32768, 256, 512, 1]",4096,tp4_dp4,uniform,1,,1,4096,28,2,24,56,64,1.0000001192092896,0.0,0.0,0.0,0.0,9,3.11.10,4.0,"[6144, 256, 1]",correctness,1,[4096],[1],1,20260829,float32,0.09119556747428784,PASS,511,prefill_dense,2.10.0.post4.dev20260715,2.10.0+cpu,3.2.0,swa_prefill_dense_m1_b1_kv4096_uniform,6146ca39720729ca417353fb999323d14d97f4a7
swa,0.9999978542327881,0.0,0.001953125,10.692307472229004,0.00011192462989129126,0.0,"{'prefill': 'c4166cfe326127daf30bc629493d8b251d8be85f97cda2efa510eab6bc6d3a54', 'decode': 'c47f9bdcfb879eb73723521240a48a9bae99349d094a1fb82563535aabde82ec'}",True,1,6146ca39720729ca417353fb999323d14d97f4a7,"[64, 1]",64,native_NHD_then_page_head_token_dim_permute,0.9999978542327881,0.0,0.001953125,10.692307472229004,0.00011192462989129126,0.0,"{'prefill': 'c4166cfe326127daf30bc629493d8b251d8be85f97cda2efa510eab6bc6d3a54', 'decode': 'c47f9bdcfb879eb73723521240a48a9bae99349d094a1fb82563535aabde82ec'}",True,True,9.1.0,swa_prefill_dense_m2_b1_kv4096_uniform_tp4_dp4,True,npu:5,5,Ascend950PR_957b,4,,bfloat16,prefill,False,256,"[32768, 256, 512, 1]",4096,tp4_dp4,uniform,2,,2,4096,28,2,24,56,64,1.0,0.0,0.0,0.0,0.0,10,3.11.10,4.0,"[6144, 256, 1]",correctness,2,[4096],[2],1,20260829,float32,0.09119556747428784,PASS,511,prefill_dense,2.10.0.post4.dev20260715,2.10.0+cpu,3.2.0,swa_prefill_dense_m2_b1_kv4096_uniform,6146ca39720729ca417353fb999323d14d97f4a7
swa,0.9999978542327881,0.0,0.00390625,44.94029998779297,0.00010773484973469749,0.0,"{'prefill': 'c4166cfe326127daf30bc629493d8b251d8be85f97cda2efa510eab6bc6d3a54', 'decode': 'c47f9bdcfb879eb73723521240a48a9bae99349d094a1fb82563535aabde82ec'}",True,1,6146ca39720729ca417353fb999323d14d97f4a7,"[64, 1]",64,native_NHD_then_page_head_token_dim_permute,0.9999978542327881,0.0,0.00390625,44.94029998779297,0.00010773484973469749,0.0,"{'prefill': 'c4166cfe326127daf30bc629493d8b251d8be85f97cda2efa510eab6bc6d3a54', 'decode': 'c47f9bdcfb879eb73723521240a48a9bae99349d094a1fb82563535aabde82ec'}",True,True,9.1.0,swa_prefill_dense_m3_b1_kv4096_uniform_tp4_dp4,True,npu:5,5,Ascend950PR_957b,4,,bfloat16,prefill,False,256,"[32768, 256, 512, 1]",4096,tp4_dp4,uniform,3,,3,4096,28,2,24,56,64,1.0,0.0,0.0,0.0,0.0,10,3.11.10,4.0,"[6144, 256, 1]",correctness,3,[4096],[3],1,20260829,float32,0.09119556747428784,PASS,511,prefill_dense,2.10.0.post4.dev20260715,2.10.0+cpu,3.2.0,swa_prefill_dense_m3_b1_kv4096_uniform,6146ca39720729ca417353fb999323d14d97f4a7
swa,0.9999978542327881,0.0,0.00390625,29.53333282470703,0.00011200393782928586,0.0,"{'prefill': 'c4166cfe326127daf30bc629493d8b251d8be85f97cda2efa510eab6bc6d3a54', 'decode': 'c47f9bdcfb879eb73723521240a48a9bae99349d094a1fb82563535aabde82ec'}",True,1,6146ca39720729ca417353fb999323d14d97f4a7,"[64, 1]",64,native_NHD_then_page_head_token_dim_permute,0.9999978542327881,0.0,0.00390625,29.53333282470703,0.00011200393782928586,0.0,"{'prefill': 'c4166cfe326127daf30bc629493d8b251d8be85f97cda2efa510eab6bc6d3a54', 'decode': 'c47f9bdcfb879eb73723521240a48a9bae99349d094a1fb82563535aabde82ec'}",True,True,9.1.0,swa_prefill_dense_m4_b1_kv4096_uniform_tp4_dp4,True,npu:5,5,Ascend950PR_957b,4,,bfloat16,prefill,False,256,"[32768, 256, 512, 1]",4096,tp4_dp4,uniform,4,,4,4096,28,2,24,56,64,1.0,0.0,0.0,0.0,0.0,10,3.11.10,4.0,"[6144, 256, 1]",correctness,4,[4096],[4],1,20260829,float32,0.09119556747428784,PASS,511,prefill_dense,2.10.0.post4.dev20260715,2.10.0+cpu,3.2.0,swa_prefill_dense_m4_b1_kv4096_uniform,6146ca39720729ca417353fb999323d14d97f4a7
swa,0.9999979734420776,0.0,0.001953125,85.43978881835938,0.00011118442489532754,0.0,"{'prefill': 'c4166cfe326127daf30bc629493d8b251d8be85f97cda2efa510eab6bc6d3a54', 'decode': 'c47f9bdcfb879eb73723521240a48a9bae99349d094a1fb82563535aabde82ec'}",True,1,6146ca39720729ca417353fb999323d14d97f4a7,"[64, 1]",64,native_NHD_then_page_head_token_dim_permute,0.9999979734420776,0.0,0.001953125,85.43978881835938,0.00011118442489532754,0.0,"{'prefill': 'c4166cfe326127daf30bc629493d8b251d8be85f97cda2efa510eab6bc6d3a54', 'decode': 'c47f9bdcfb879eb73723521240a48a9bae99349d094a1fb82563535aabde82ec'}",True,True,9.1.0,swa_prefill_dense_m5_b1_kv4096_uniform_tp4_dp4,True,npu:5,5,Ascend950PR_957b,4,,bfloat16,prefill,False,256,"[32768, 256, 512, 1]",4096,tp4_dp4,uniform,5,,5,4096,28,2,24,56,64,1.0,0.0,0.0,0.0,0.0,10,3.11.10,4.0,"[6144, 256, 1]",correctness,5,[4096],[5],1,20260829,float32,0.09119556747428784,PASS,511,prefill_dense,2.10.0.post4.dev20260715,2.10.0+cpu,3.2.0,swa_prefill_dense_m5_b1_kv4096_uniform,6146ca39720729ca417353fb999323d14d97f4a7
swa,0.9999979734420776,0.0,0.00390625,164.00718688964844,0.00010796312562888488,0.0,"{'prefill': 'c4166cfe326127daf30bc629493d8b251d8be85f97cda2efa510eab6bc6d3a54', 'decode': 'c47f9bdcfb879eb73723521240a48a9bae99349d094a1fb82563535aabde82ec'}",True,1,6146ca39720729ca417353fb999323d14d97f4a7,"[64, 1]",64,native_NHD_then_page_head_token_dim_permute,0.9999979734420776,0.0,0.00390625,164.00718688964844,0.00010796312562888488,0.0,"{'prefill': 'c4166cfe326127daf30bc629493d8b251d8be85f97cda2efa510eab6bc6d3a54', 'decode': 'c47f9bdcfb879eb73723521240a48a9bae99349d094a1fb82563535aabde82ec'}",True,True,9.1.0,swa_prefill_dense_m8_b1_kv4096_uniform_tp4_dp4,True,npu:5,5,Ascend950PR_957b,4,,bfloat16,prefill,False,256,"[32768, 256, 512, 1]",4096,tp4_dp4,uniform,8,,8,4096,28,2,24,56,64,1.0,0.0,0.0,0.0,0.0,10,3.11.10,4.0,"[6144, 256, 1]",correctness,8,[4096],[8],1,20260829,float32,0.09119556747428784,PASS,511,prefill_dense,2.10.0.post4.dev20260715,2.10.0+cpu,3.2.0,swa_prefill_dense_m8_b1_kv4096_uniform,6146ca39720729ca417353fb999323d14d97f4a7
swa,0.9999977946281433,0.0,0.00390625,119.4914321899414,0.00010994150943588465,0.0,"{'prefill': 'c4166cfe326127daf30bc629493d8b251d8be85f97cda2efa510eab6bc6d3a54', 'decode': 'c47f9bdcfb879eb73723521240a48a9bae99349d094a1fb82563535aabde82ec'}",True,1,6146ca39720729ca417353fb999323d14d97f4a7,"[64, 1]",64,native_NHD_then_page_head_token_dim_permute,0.9999977946281433,0.0,0.00390625,119.4914321899414,0.00010994150943588465,0.0,"{'prefill': 'c4166cfe326127daf30bc629493d8b251d8be85f97cda2efa510eab6bc6d3a54', 'decode': 'c47f9bdcfb879eb73723521240a48a9bae99349d094a1fb82563535aabde82ec'}",True,True,9.1.0,swa_prefill_dense_m32_b1_kv4096_uniform_tp4_dp4,True,npu:5,5,Ascend950PR_957b,4,,bfloat16,prefill,False,256,"[32768, 256, 512, 1]",4096,tp4_dp4,uniform,32,,32,4096,28,2,24,56,64,1.0,0.0,0.0,0.0,0.0,10,3.11.10,4.0,"[6144, 256, 1]",correctness,32,[4096],[32],1,20260829,float32,0.09119556747428784,PASS,511,prefill_dense,2.10.0.post4.dev20260715,2.10.0+cpu,3.2.0,swa_prefill_dense_m32_b1_kv4096_uniform,6146ca39720729ca417353fb999323d14d97f4a7
swa,0.9999977946281433,0.0,0.00390625,51.980133056640625,0.00011097316019004211,0.0,"{'prefill': 'c4166cfe326127daf30bc629493d8b251d8be85f97cda2efa510eab6bc6d3a54', 'decode': 'c47f9bdcfb879eb73723521240a48a9bae99349d094a1fb82563535aabde82ec'}",True,1,6146ca39720729ca417353fb999323d14d97f4a7,"[64, 1]",64,native_NHD_then_page_head_token_dim_permute,0.9999977946281433,0.0,0.00390625,51.980133056640625,0.00011097316019004211,0.0,"{'prefill': 'c4166cfe326127daf30bc629493d8b251d8be85f97cda2efa510eab6bc6d3a54', 'decode': 'c47f9bdcfb879eb73723521240a48a9bae99349d094a1fb82563535aabde82ec'}",True,True,9.1.0,swa_prefill_dense_m64_b1_kv4096_uniform_tp4_dp4,True,npu:5,5,Ascend950PR_957b,4,,bfloat16,prefill,False,256,"[32768, 256, 512, 1]",4096,tp4_dp4,uniform,64,,64,4096,28,2,24,56,64,0.9999998807907104,0.0,0.0,0.0,0.0,10,3.11.10,4.0,"[6144, 256, 1]",correctness,32,[4096],[64],1,20260829,float32,0.09119556747428784,PASS,511,prefill_dense,2.10.0.post4.dev20260715,2.10.0+cpu,3.2.0,swa_prefill_dense_m64_b1_kv4096_uniform,6146ca39720729ca417353fb999323d14d97f4a7
swa,0.9999978542327881,0.0,0.00390625,185.88888549804688,0.0001110191733459942,0.0,"{'prefill': 'c4166cfe326127daf30bc629493d8b251d8be85f97cda2efa510eab6bc6d3a54', 'decode': 'c47f9bdcfb879eb73723521240a48a9bae99349d094a1fb82563535aabde82ec'}",True,1,6146ca39720729ca417353fb999323d14d97f4a7,"[64, 1]",64,native_NHD_then_page_head_token_dim_permute,0.9999978542327881,0.0,0.00390625,185.88888549804688,0.0001110191733459942,0.0,"{'prefill': 'c4166cfe326127daf30bc629493d8b251d8be85f97cda2efa510eab6bc6d3a54', 'decode': 'c47f9bdcfb879eb73723521240a48a9bae99349d094a1fb82563535aabde82ec'}",True,True,9.1.0,swa_prefill_dense_m128_b1_kv4096_uniform_tp4_dp4,True,npu:5,5,Ascend950PR_957b,4,,bfloat16,prefill,False,256,"[32768, 256, 512, 1]",4096,tp4_dp4,uniform,128,,128,4096,28,2,24,56,64,1.0,0.0,0.0,0.0,0.0,11,3.11.10,4.0,"[6144, 256, 1]",correctness,32,[4096],[128],1,20260829,float32,0.09119556747428784,PASS,511,prefill_dense,2.10.0.post4.dev20260715,2.10.0+cpu,3.2.0,swa_prefill_dense_m128_b1_kv4096_uniform,6146ca39720729ca417353fb999323d14d97f4a7
swa,0.9999978542327881,0.0,0.00390625,106.78172302246094,0.00010907061368925497,0.0,"{'prefill': 'c4166cfe326127daf30bc629493d8b251d8be85f97cda2efa510eab6bc6d3a54', 'decode': 'c47f9bdcfb879eb73723521240a48a9bae99349d094a1fb82563535aabde82ec'}",True,1,6146ca39720729ca417353fb999323d14d97f4a7,"[64, 1]",64,native_NHD_then_page_head_token_dim_permute,0.9999978542327881,0.0,0.00390625,106.78172302246094,0.00010907061368925497,0.0,"{'prefill': 'c4166cfe326127daf30bc629493d8b251d8be85f97cda2efa510eab6bc6d3a54', 'decode': 'c47f9bdcfb879eb73723521240a48a9bae99349d094a1fb82563535aabde82ec'}",True,True,9.1.0,swa_prefill_dense_m257_b1_kv4096_uniform_tp4_dp4,True,npu:5,5,Ascend950PR_957b,4,,bfloat16,prefill,False,256,"[32768, 256, 512, 1]",4096,tp4_dp4,uniform,257,,257,4096,28,2,24,56,64,1.0,0.0,0.0,0.0,0.0,13,3.11.10,4.0,"[6144, 256, 1]",correctness,32,[4096],[257],1,20260829,float32,0.09119556747428784,PASS,511,prefill_dense,2.10.0.post4.dev20260715,2.10.0+cpu,3.2.0,swa_prefill_dense_m257_b1_kv4096_uniform,6146ca39720729ca417353fb999323d14d97f4a7
swa,0.9999978542327881,0.0,0.00390625,66.47692108154297,0.00010893831495195627,0.0,"{'prefill': 'c4166cfe326127daf30bc629493d8b251d8be85f97cda2efa510eab6bc6d3a54', 'decode': 'c47f9bdcfb879eb73723521240a48a9bae99349d094a1fb82563535aabde82ec'}",True,1,6146ca39720729ca417353fb999323d14d97f4a7,"[64, 1]",64,native_NHD_then_page_head_token_dim_permute,0.9999978542327881,0.0,0.00390625,66.47692108154297,0.00010893831495195627,0.0,"{'prefill': 'c4166cfe326127daf30bc629493d8b251d8be85f97cda2efa510eab6bc6d3a54', 'decode': 'c47f9bdcfb879eb73723521240a48a9bae99349d094a1fb82563535aabde82ec'}",True,True,9.1.0,swa_prefill_dense_m1024_b1_kv4096_uniform_tp4_dp4,True,npu:5,5,Ascend950PR_957b,4,,bfloat16,prefill,False,256,"[32768, 256, 512, 1]",4096,tp4_dp4,uniform,1024,,1024,4096,28,2,24,56,64,1.0,0.0,0.0,0.0,0.0,25,3.11.10,4.0,"[6144, 256, 1]",correctness,32,[4096],[1024],1,20260829,float32,0.09119556747428784,PASS,511,prefill_dense,2.10.0.post4.dev20260715,2.10.0+cpu,3.2.0,swa_prefill_dense_m1024_b1_kv4096_uniform,6146ca39720729ca417353fb999323d14d97f4a7
full,0.9999974966049194,0.3574923612177372,0.0009765625,75.86792755126953,4.8663903726264834e-05,0.0,"{'prefill': 'c4166cfe326127daf30bc629493d8b251d8be85f97cda2efa510eab6bc6d3a54', 'decode': 'c47f9bdcfb879eb73723521240a48a9bae99349d094a1fb82563535aabde82ec'}",True,16,6146ca39720729ca417353fb999323d14d97f4a7,"[64, 1]",64,native_NHD_then_page_head_token_dim_permute,0.9999974966049194,0.275694765150547,0.0009765625,75.86792755126953,4.8663903726264834e-05,0.0,"{'prefill': 'c4166cfe326127daf30bc629493d8b251d8be85f97cda2efa510eab6bc6d3a54', 'decode': 'c47f9bdcfb879eb73723521240a48a9bae99349d094a1fb82563535aabde82ec'}",True,True,9.1.0,full_prefill_ragged_m64_b16_kv4096_ragged_tp4,True,npu:5,5,Ascend950PR_957b,1,,bfloat16,prefill,False,256,"[16384, 256, 256, 1]",4096,tp4,ragged,64,,4,3855,28,1,6,56,64,1.0,0.0,0.0,0.0,0.0,1003,3.11.10,1.0,"[1536, 256, 1]",correctness,32,"[4079, 4042, 4005, 3968, 3931, 3894, 3857, 4077, 4040, 4003, 3966, 3929, 3892, 3855, 4075, 4038]","[4, 4, 4, 4, 4, 4, 4, 4, 4, 4, 4, 4, 4, 4, 4, 4]",1,20260829,float32,0.09119556747428784,PASS,,prefill_ragged,2.10.0.post4.dev20260715,2.10.0+cpu,3.2.0,full_prefill_ragged_m64_b16_kv4096_ragged,6146ca39720729ca417353fb999323d14d97f4a7
full,0.999997615814209,0.3485530614852905,0.001953125,61.921775817871094,4.807942241313867e-05,0.0,"{'prefill': 'c4166cfe326127daf30bc629493d8b251d8be85f97cda2efa510eab6bc6d3a54', 'decode': 'c47f9bdcfb879eb73723521240a48a9bae99349d094a1fb82563535aabde82ec'}",True,16,6146ca39720729ca417353fb999323d14d97f4a7,"[64, 1]",64,native_NHD_then_page_head_token_dim_permute,0.999997615814209,0.3258129581809044,0.001953125,61.921775817871094,4.807942241313867e-05,0.0,"{'prefill': 'c4166cfe326127daf30bc629493d8b251d8be85f97cda2efa510eab6bc6d3a54', 'decode': 'c47f9bdcfb879eb73723521240a48a9bae99349d094a1fb82563535aabde82ec'}",True,True,9.1.0,full_prefill_ragged_m257_b16_kv4096_ragged_tp4,True,npu:5,5,Ascend950PR_957b,1,,bfloat16,prefill,False,256,"[16384, 256, 256, 1]",4096,tp4,ragged,257,,17,3855,28,1,6,56,64,1.0000001192092896,0.0,0.0,0.0,0.0,1003,3.11.10,1.0,"[1536, 256, 1]",correctness,32,"[4079, 4042, 4005, 3968, 3931, 3894, 3857, 4077, 4040, 4003, 3966, 3929, 3892, 3855, 4075, 4038]","[16, 17, 16, 16, 16, 16, 16, 16, 16, 16, 16, 16, 16, 16, 16, 16]",1,20260829,float32,0.09119556747428784,PASS,,prefill_ragged,2.10.0.post4.dev20260715,2.10.0+cpu,3.2.0,full_prefill_ragged_m257_b16_kv4096_ragged,6146ca39720729ca417353fb999323d14d97f4a7
full,0.999997615814209,0.3456226550042629,0.0009765625,40.43661880493164,4.839224857278168e-05,0.0,"{'prefill': 'c4166cfe326127daf30bc629493d8b251d8be85f97cda2efa510eab6bc6d3a54', 'decode': 'c47f9bdcfb879eb73723521240a48a9bae99349d094a1fb82563535aabde82ec'}",True,16,6146ca39720729ca417353fb999323d14d97f4a7,"[64, 1]",64,native_NHD_then_page_head_token_dim_permute,0.999997615814209,0.4637311212718487,0.0009765625,40.43661880493164,4.839224857278168e-05,0.0,"{'prefill': 'c4166cfe326127daf30bc629493d8b251d8be85f97cda2efa510eab6bc6d3a54', 'decode': 'c47f9bdcfb879eb73723521240a48a9bae99349d094a1fb82563535aabde82ec'}",True,True,9.1.0,full_prefill_ragged_m1024_b16_kv4096_ragged_tp4,True,npu:5,5,Ascend950PR_957b,1,,bfloat16,prefill,False,256,"[16384, 256, 256, 1]",4096,tp4,ragged,1024,,64,3855,28,1,6,56,64,1.0000001192092896,0.0,0.0,0.0,0.0,1003,3.11.10,1.0,"[1536, 256, 1]",correctness,32,"[4079, 4042, 4005, 3968, 3931, 3894, 3857, 4077, 4040, 4003, 3966, 3929, 3892, 3855, 4075, 4038]","[64, 64, 64, 64, 64, 64, 64, 64, 64, 64, 64, 64, 64, 64, 64, 64]",1,20260829,float32,0.09119556747428784,PASS,,prefill_ragged,2.10.0.post4.dev20260715,2.10.0+cpu,3.2.0,full_prefill_ragged_m1024_b16_kv4096_ragged,6146ca39720729ca417353fb999323d14d97f4a7
full,0.9999974370002747,0.4552602767944336,0.0009765625,53.035926818847656,4.803253250429407e-05,0.0,"{'prefill': 'c4166cfe326127daf30bc629493d8b251d8be85f97cda2efa510eab6bc6d3a54', 'decode': 'c47f9bdcfb879eb73723521240a48a9bae99349d094a1fb82563535aabde82ec'}",True,16,6146ca39720729ca417353fb999323d14d97f4a7,"[64, 1]",64,native_NHD_then_page_head_token_dim_permute,0.9999974370002747,0.805622898042202,0.0009765625,53.035926818847656,4.803253250429407e-05,0.0,"{'prefill': 'c4166cfe326127daf30bc629493d8b251d8be85f97cda2efa510eab6bc6d3a54', 'decode': 'c47f9bdcfb879eb73723521240a48a9bae99349d094a1fb82563535aabde82ec'}",True,True,9.1.0,full_prefill_ragged_m64_b16_kv4096_ragged_tp4_dp2,True,npu:5,5,Ascend950PR_957b,2,,bfloat16,prefill,False,256,"[16384, 256, 256, 1]",4096,tp4_dp2,ragged,64,,4,3855,28,1,12,56,64,1.0,0.0,0.0,0.0,0.0,1003,3.11.10,2.0,"[3072, 256, 1]",correctness,32,"[4079, 4042, 4005, 3968, 3931, 3894, 3857, 4077, 4040, 4003, 3966, 3929, 3892, 3855, 4075, 4038]","[4, 4, 4, 4, 4, 4, 4, 4, 4, 4, 4, 4, 4, 4, 4, 4]",1,20260829,float32,0.09119556747428784,PASS,,prefill_ragged,2.10.0.post4.dev20260715,2.10.0+cpu,3.2.0,full_prefill_ragged_m64_b16_kv4096_ragged,6146ca39720729ca417353fb999323d14d97f4a7
full,0.9999974966049194,0.43718982487916946,0.0009765625,116.35572052001953,4.7916953917592764e-05,0.0,"{'prefill': 'c4166cfe326127daf30bc629493d8b251d8be85f97cda2efa510eab6bc6d3a54', 'decode': 'c47f9bdcfb879eb73723521240a48a9bae99349d094a1fb82563535aabde82ec'}",True,16,6146ca39720729ca417353fb999323d14d97f4a7,"[64, 1]",64,native_NHD_then_page_head_token_dim_permute,0.9999974966049194,0.8084839209914207,0.0009765625,116.35572052001953,4.7916953917592764e-05,0.0,"{'prefill': 'c4166cfe326127daf30bc629493d8b251d8be85f97cda2efa510eab6bc6d3a54', 'decode': 'c47f9bdcfb879eb73723521240a48a9bae99349d094a1fb82563535aabde82ec'}",True,True,9.1.0,full_prefill_ragged_m257_b16_kv4096_ragged_tp4_dp2,True,npu:5,5,Ascend950PR_957b,2,,bfloat16,prefill,False,256,"[16384, 256, 256, 1]",4096,tp4_dp2,ragged,257,,17,3855,28,1,12,56,64,1.0,0.0,0.0,0.0,0.0,1003,3.11.10,2.0,"[3072, 256, 1]",correctness,32,"[4079, 4042, 4005, 3968, 3931, 3894, 3857, 4077, 4040, 4003, 3966, 3929, 3892, 3855, 4075, 4038]","[16, 17, 16, 16, 16, 16, 16, 16, 16, 16, 16, 16, 16, 16, 16, 16]",1,20260829,float32,0.09119556747428784,PASS,,prefill_ragged,2.10.0.post4.dev20260715,2.10.0+cpu,3.2.0,full_prefill_ragged_m257_b16_kv4096_ragged,6146ca39720729ca417353fb999323d14d97f4a7
full,0.9999975562095642,0.42710080742836,0.001953125,15.98245620727539,4.864668153459206e-05,0.0,"{'prefill': 'c4166cfe326127daf30bc629493d8b251d8be85f97cda2efa510eab6bc6d3a54', 'decode': 'c47f9bdcfb879eb73723521240a48a9bae99349d094a1fb82563535aabde82ec'}",True,16,6146ca39720729ca417353fb999323d14d97f4a7,"[64, 1]",64,native_NHD_then_page_head_token_dim_permute,0.9999975562095642,0.8134930394589901,0.001953125,15.98245620727539,4.864668153459206e-05,0.0,"{'prefill': 'c4166cfe326127daf30bc629493d8b251d8be85f97cda2efa510eab6bc6d3a54', 'decode': 'c47f9bdcfb879eb73723521240a48a9bae99349d094a1fb82563535aabde82ec'}",True,True,9.1.0,full_prefill_ragged_m1024_b16_kv4096_ragged_tp4_dp2,True,npu:5,5,Ascend950PR_957b,2,,bfloat16,prefill,False,256,"[16384, 256, 256, 1]",4096,tp4_dp2,ragged,1024,,64,3855,28,1,12,56,64,1.0,0.0,0.0,0.0,0.0,1003,3.11.10,2.0,"[3072, 256, 1]",correctness,32,"[4079, 4042, 4005, 3968, 3931, 3894, 3857, 4077, 4040, 4003, 3966, 3929, 3892, 3855, 4075, 4038]","[64, 64, 64, 64, 64, 64, 64, 64, 64, 64, 64, 64, 64, 64, 64, 64]",1,20260829,float32,0.09119556747428784,PASS,,prefill_ragged,2.10.0.post4.dev20260715,2.10.0+cpu,3.2.0,full_prefill_ragged_m1024_b16_kv4096_ragged,6146ca39720729ca417353fb999323d14d97f4a7
full,0.9999974966049194,0.6634867750108242,0.0009765625,111.34532165527344,4.817420267499983e-05,0.0,"{'prefill': 'c4166cfe326127daf30bc629493d8b251d8be85f97cda2efa510eab6bc6d3a54', 'decode': 'c47f9bdcfb879eb73723521240a48a9bae99349d094a1fb82563535aabde82ec'}",True,16,6146ca39720729ca417353fb999323d14d97f4a7,"[64, 1]",64,native_NHD_then_page_head_token_dim_permute,0.9999974966049194,1.4698999002575874,0.0009765625,111.34532165527344,4.817420267499983e-05,0.0,"{'prefill': 'c4166cfe326127daf30bc629493d8b251d8be85f97cda2efa510eab6bc6d3a54', 'decode': 'c47f9bdcfb879eb73723521240a48a9bae99349d094a1fb82563535aabde82ec'}",True,True,9.1.0,full_prefill_ragged_m64_b16_kv4096_ragged_tp4_dp4,True,npu:5,5,Ascend950PR_957b,4,,bfloat16,prefill,False,256,"[32768, 256, 512, 1]",4096,tp4_dp4,ragged,64,,4,3855,28,2,24,56,64,1.0,0.0,0.0,0.0,0.0,1003,3.11.10,4.0,"[6144, 256, 1]",correctness,32,"[4079, 4042, 4005, 3968, 3931, 3894, 3857, 4077, 4040, 4003, 3966, 3929, 3892, 3855, 4075, 4038]","[4, 4, 4, 4, 4, 4, 4, 4, 4, 4, 4, 4, 4, 4, 4, 4]",1,20260829,float32,0.09119556747428784,PASS,,prefill_ragged,2.10.0.post4.dev20260715,2.10.0+cpu,3.2.0,full_prefill_ragged_m64_b16_kv4096_ragged,6146ca39720729ca417353fb999323d14d97f4a7
full,0.9999974966049194,0.650766771286726,0.001953125,93.23656463623047,4.823055860470049e-05,0.0,"{'prefill': 'c4166cfe326127daf30bc629493d8b251d8be85f97cda2efa510eab6bc6d3a54', 'decode': 'c47f9bdcfb879eb73723521240a48a9bae99349d094a1fb82563535aabde82ec'}",True,16,6146ca39720729ca417353fb999323d14d97f4a7,"[64, 1]",64,native_NHD_then_page_head_token_dim_permute,0.9999974966049194,1.4836802147328854,0.001953125,93.23656463623047,4.823055860470049e-05,0.0,"{'prefill': 'c4166cfe326127daf30bc629493d8b251d8be85f97cda2efa510eab6bc6d3a54', 'decode': 'c47f9bdcfb879eb73723521240a48a9bae99349d094a1fb82563535aabde82ec'}",True,True,9.1.0,full_prefill_ragged_m257_b16_kv4096_ragged_tp4_dp4,True,npu:5,5,Ascend950PR_957b,4,,bfloat16,prefill,False,256,"[32768, 256, 512, 1]",4096,tp4_dp4,ragged,257,,17,3855,28,2,24,56,64,1.0,0.0,0.0,0.0,0.0,1003,3.11.10,4.0,"[6144, 256, 1]",correctness,32,"[4079, 4042, 4005, 3968, 3931, 3894, 3857, 4077, 4040, 4003, 3966, 3929, 3892, 3855, 4075, 4038]","[16, 17, 16, 16, 16, 16, 16, 16, 16, 16, 16, 16, 16, 16, 16, 16]",1,20260829,float32,0.09119556747428784,PASS,,prefill_ragged,2.10.0.post4.dev20260715,2.10.0+cpu,3.2.0,full_prefill_ragged_m257_b16_kv4096_ragged,6146ca39720729ca417353fb999323d14d97f4a7
full,0.9999974966049194,0.6485572084784508,0.001953125,99.35907745361328,4.866422023042105e-05,0.0,"{'prefill': 'c4166cfe326127daf30bc629493d8b251d8be85f97cda2efa510eab6bc6d3a54', 'decode': 'c47f9bdcfb879eb73723521240a48a9bae99349d094a1fb82563535aabde82ec'}",True,16,6146ca39720729ca417353fb999323d14d97f4a7,"[64, 1]",64,native_NHD_then_page_head_token_dim_permute,0.9999974966049194,1.475408673286438,0.001953125,99.35907745361328,4.866422023042105e-05,0.0,"{'prefill': 'c4166cfe326127daf30bc629493d8b251d8be85f97cda2efa510eab6bc6d3a54', 'decode': 'c47f9bdcfb879eb73723521240a48a9bae99349d094a1fb82563535aabde82ec'}",True,True,9.1.0,full_prefill_ragged_m1024_b16_kv4096_ragged_tp4_dp4,True,npu:5,5,Ascend950PR_957b,4,,bfloat16,prefill,False,256,"[32768, 256, 512, 1]",4096,tp4_dp4,ragged,1024,,64,3855,28,2,24,56,64,0.9999999403953552,0.0,0.0,0.0,0.0,1003,3.11.10,4.0,"[6144, 256, 1]",correctness,32,"[4079, 4042, 4005, 3968, 3931, 3894, 3857, 4077, 4040, 4003, 3966, 3929, 3892, 3855, 4075, 4038]","[64, 64, 64, 64, 64, 64, 64, 64, 64, 64, 64, 64, 64, 64, 64, 64]",1,20260829,float32,0.09119556747428784,PASS,,prefill_ragged,2.10.0.post4.dev20260715,2.10.0+cpu,3.2.0,full_prefill_ragged_m1024_b16_kv4096_ragged,6146ca39720729ca417353fb999323d14d97f4a7
swa,0.9999980926513672,0.0,0.00390625,64.63842010498047,0.0001053625310305506,0.0,"{'prefill': 'c4166cfe326127daf30bc629493d8b251d8be85f97cda2efa510eab6bc6d3a54', 'decode': 'c47f9bdcfb879eb73723521240a48a9bae99349d094a1fb82563535aabde82ec'}",True,16,6146ca39720729ca417353fb999323d14d97f4a7,"[64, 1]",64,native_NHD_then_page_head_token_dim_permute,0.9999980926513672,0.0,0.00390625,64.63842010498047,0.0001053625310305506,0.0,"{'prefill': 'c4166cfe326127daf30bc629493d8b251d8be85f97cda2efa510eab6bc6d3a54', 'decode': 'c47f9bdcfb879eb73723521240a48a9bae99349d094a1fb82563535aabde82ec'}",True,True,9.1.0,swa_prefill_ragged_m64_b16_kv4096_ragged_tp4,True,npu:5,5,Ascend950PR_957b,1,,bfloat16,prefill,False,256,"[16384, 256, 256, 1]",4096,tp4,ragged,64,,4,3855,28,1,6,56,64,0.9999999403953552,0.0,0.0,0.0,0.0,145,3.11.10,1.0,"[1536, 256, 1]",correctness,32,"[4079, 4042, 4005, 3968, 3931, 3894, 3857, 4077, 4040, 4003, 3966, 3929, 3892, 3855, 4075, 4038]","[4, 4, 4, 4, 4, 4, 4, 4, 4, 4, 4, 4, 4, 4, 4, 4]",1,20260829,float32,0.09119556747428784,PASS,511,prefill_ragged,2.10.0.post4.dev20260715,2.10.0+cpu,3.2.0,swa_prefill_ragged_m64_b16_kv4096_ragged,6146ca39720729ca417353fb999323d14d97f4a7
swa,0.9999979734420776,0.0,0.00390625,65.0,0.00011124770389869809,0.0,"{'prefill': 'c4166cfe326127daf30bc629493d8b251d8be85f97cda2efa510eab6bc6d3a54', 'decode': 'c47f9bdcfb879eb73723521240a48a9bae99349d094a1fb82563535aabde82ec'}",True,16,6146ca39720729ca417353fb999323d14d97f4a7,"[64, 1]",64,native_NHD_then_page_head_token_dim_permute,0.9999979734420776,0.0,0.00390625,65.0,0.00011124770389869809,0.0,"{'prefill': 'c4166cfe326127daf30bc629493d8b251d8be85f97cda2efa510eab6bc6d3a54', 'decode': 'c47f9bdcfb879eb73723521240a48a9bae99349d094a1fb82563535aabde82ec'}",True,True,9.1.0,swa_prefill_ragged_m257_b16_kv4096_ragged_tp4,True,npu:5,5,Ascend950PR_957b,1,,bfloat16,prefill,False,256,"[16384, 256, 256, 1]",4096,tp4,ragged,257,,17,3855,28,1,6,56,64,0.9999999403953552,0.0,0.0,0.0,0.0,148,3.11.10,1.0,"[1536, 256, 1]",correctness,32,"[4079, 4042, 4005, 3968, 3931, 3894, 3857, 4077, 4040, 4003, 3966, 3929, 3892, 3855, 4075, 4038]","[16, 17, 16, 16, 16, 16, 16, 16, 16, 16, 16, 16, 16, 16, 16, 16]",1,20260829,float32,0.09119556747428784,PASS,511,prefill_ragged,2.10.0.post4.dev20260715,2.10.0+cpu,3.2.0,swa_prefill_ragged_m257_b16_kv4096_ragged,6146ca39720729ca417353fb999323d14d97f4a7
swa,0.9999977350234985,0.0,0.001953125,36.093875885009766,0.00010831650433829054,0.0,"{'prefill': 'c4166cfe326127daf30bc629493d8b251d8be85f97cda2efa510eab6bc6d3a54', 'decode': 'c47f9bdcfb879eb73723521240a48a9bae99349d094a1fb82563535aabde82ec'}",True,16,6146ca39720729ca417353fb999323d14d97f4a7,"[64, 1]",64,native_NHD_then_page_head_token_dim_permute,0.9999977350234985,0.0,0.001953125,36.093875885009766,0.00010831650433829054,0.0,"{'prefill': 'c4166cfe326127daf30bc629493d8b251d8be85f97cda2efa510eab6bc6d3a54', 'decode': 'c47f9bdcfb879eb73723521240a48a9bae99349d094a1fb82563535aabde82ec'}",True,True,9.1.0,swa_prefill_ragged_m1024_b16_kv4096_ragged_tp4,True,npu:5,5,Ascend950PR_957b,1,,bfloat16,prefill,False,256,"[16384, 256, 256, 1]",4096,tp4,ragged,1024,,64,3855,28,1,6,56,64,1.0000001192092896,0.0,0.0,0.0,0.0,160,3.11.10,1.0,"[1536, 256, 1]",correctness,32,"[4079, 4042, 4005, 3968, 3931, 3894, 3857, 4077, 4040, 4003, 3966, 3929, 3892, 3855, 4075, 4038]","[64, 64, 64, 64, 64, 64, 64, 64, 64, 64, 64, 64, 64, 64, 64, 64]",1,20260829,float32,0.09119556747428784,PASS,511,prefill_ragged,2.10.0.post4.dev20260715,2.10.0+cpu,3.2.0,swa_prefill_ragged_m1024_b16_kv4096_ragged,6146ca39720729ca417353fb999323d14d97f4a7
swa,0.9999979138374329,0.0,0.00390625,24.878787994384766,0.00011001156963175163,0.0,"{'prefill': 'c4166cfe326127daf30bc629493d8b251d8be85f97cda2efa510eab6bc6d3a54', 'decode': 'c47f9bdcfb879eb73723521240a48a9bae99349d094a1fb82563535aabde82ec'}",True,16,6146ca39720729ca417353fb999323d14d97f4a7,"[64, 1]",64,native_NHD_then_page_head_token_dim_permute,0.9999979138374329,0.0,0.00390625,24.878787994384766,0.00011001156963175163,0.0,"{'prefill': 'c4166cfe326127daf30bc629493d8b251d8be85f97cda2efa510eab6bc6d3a54', 'decode': 'c47f9bdcfb879eb73723521240a48a9bae99349d094a1fb82563535aabde82ec'}",True,True,9.1.0,swa_prefill_ragged_m64_b16_kv4096_ragged_tp4_dp2,True,npu:5,5,Ascend950PR_957b,2,,bfloat16,prefill,False,256,"[16384, 256, 256, 1]",4096,tp4_dp2,ragged,64,,4,3855,28,1,12,56,64,1.0,0.0,0.0,0.0,0.0,145,3.11.10,2.0,"[3072, 256, 1]",correctness,32,"[4079, 4042, 4005, 3968, 3931, 3894, 3857, 4077, 4040, 4003, 3966, 3929, 3892, 3855, 4075, 4038]","[4, 4, 4, 4, 4, 4, 4, 4, 4, 4, 4, 4, 4, 4, 4, 4]",1,20260829,float32,0.09119556747428784,PASS,511,prefill_ragged,2.10.0.post4.dev20260715,2.10.0+cpu,3.2.0,swa_prefill_ragged_m64_b16_kv4096_ragged,6146ca39720729ca417353fb999323d14d97f4a7
swa,0.9999978542327881,0.0,0.00390625,67.27555847167969,0.0001090752484742552,0.0,"{'prefill': 'c4166cfe326127daf30bc629493d8b251d8be85f97cda2efa510eab6bc6d3a54', 'decode': 'c47f9bdcfb879eb73723521240a48a9bae99349d094a1fb82563535aabde82ec'}",True,16,6146ca39720729ca417353fb999323d14d97f4a7,"[64, 1]",64,native_NHD_then_page_head_token_dim_permute,0.9999978542327881,0.0,0.00390625,67.27555847167969,0.0001090752484742552,0.0,"{'prefill': 'c4166cfe326127daf30bc629493d8b251d8be85f97cda2efa510eab6bc6d3a54', 'decode': 'c47f9bdcfb879eb73723521240a48a9bae99349d094a1fb82563535aabde82ec'}",True,True,9.1.0,swa_prefill_ragged_m257_b16_kv4096_ragged_tp4_dp2,True,npu:5,5,Ascend950PR_957b,2,,bfloat16,prefill,False,256,"[16384, 256, 256, 1]",4096,tp4_dp2,ragged,257,,17,3855,28,1,12,56,64,1.0,0.0,0.0,0.0,0.0,148,3.11.10,2.0,"[3072, 256, 1]",correctness,32,"[4079, 4042, 4005, 3968, 3931, 3894, 3857, 4077, 4040, 4003, 3966, 3929, 3892, 3855, 4075, 4038]","[16, 17, 16, 16, 16, 16, 16, 16, 16, 16, 16, 16, 16, 16, 16, 16]",1,20260829,float32,0.09119556747428784,PASS,511,prefill_ragged,2.10.0.post4.dev20260715,2.10.0+cpu,3.2.0,swa_prefill_ragged_m257_b16_kv4096_ragged,6146ca39720729ca417353fb999323d14d97f4a7
swa,0.9999977946281433,0.0,0.00390625,94.42857360839844,0.00011046126019209623,0.0,"{'prefill': 'c4166cfe326127daf30bc629493d8b251d8be85f97cda2efa510eab6bc6d3a54', 'decode': 'c47f9bdcfb879eb73723521240a48a9bae99349d094a1fb82563535aabde82ec'}",True,16,6146ca39720729ca417353fb999323d14d97f4a7,"[64, 1]",64,native_NHD_then_page_head_token_dim_permute,0.9999977946281433,0.0,0.00390625,94.42857360839844,0.00011046126019209623,0.0,"{'prefill': 'c4166cfe326127daf30bc629493d8b251d8be85f97cda2efa510eab6bc6d3a54', 'decode': 'c47f9bdcfb879eb73723521240a48a9bae99349d094a1fb82563535aabde82ec'}",True,True,9.1.0,swa_prefill_ragged_m1024_b16_kv4096_ragged_tp4_dp2,True,npu:5,5,Ascend950PR_957b,2,,bfloat16,prefill,False,256,"[16384, 256, 256, 1]",4096,tp4_dp2,ragged,1024,,64,3855,28,1,12,56,64,0.9999998807907104,0.0,0.0,0.0,0.0,160,3.11.10,2.0,"[3072, 256, 1]",correctness,32,"[4079, 4042, 4005, 3968, 3931, 3894, 3857, 4077, 4040, 4003, 3966, 3929, 3892, 3855, 4075, 4038]","[64, 64, 64, 64, 64, 64, 64, 64, 64, 64, 64, 64, 64, 64, 64, 64]",1,20260829,float32,0.09119556747428784,PASS,511,prefill_ragged,2.10.0.post4.dev20260715,2.10.0+cpu,3.2.0,swa_prefill_ragged_m1024_b16_kv4096_ragged,6146ca39720729ca417353fb999323d14d97f4a7
swa,0.9999978542327881,0.0,0.00390625,136.57823181152344,0.00010921121429419145,0.0,"{'prefill': 'c4166cfe326127daf30bc629493d8b251d8be85f97cda2efa510eab6bc6d3a54', 'decode': 'c47f9bdcfb879eb73723521240a48a9bae99349d094a1fb82563535aabde82ec'}",True,16,6146ca39720729ca417353fb999323d14d97f4a7,"[64, 1]",64,native_NHD_then_page_head_token_dim_permute,0.9999978542327881,0.0,0.00390625,136.57823181152344,0.00010921121429419145,0.0,"{'prefill': 'c4166cfe326127daf30bc629493d8b251d8be85f97cda2efa510eab6bc6d3a54', 'decode': 'c47f9bdcfb879eb73723521240a48a9bae99349d094a1fb82563535aabde82ec'}",True,True,9.1.0,swa_prefill_ragged_m64_b16_kv4096_ragged_tp4_dp4,True,npu:5,5,Ascend950PR_957b,4,,bfloat16,prefill,False,256,"[32768, 256, 512, 1]",4096,tp4_dp4,ragged,64,,4,3855,28,2,24,56,64,0.9999999403953552,0.0,0.0,0.0,0.0,145,3.11.10,4.0,"[6144, 256, 1]",correctness,32,"[4079, 4042, 4005, 3968, 3931, 3894, 3857, 4077, 4040, 4003, 3966, 3929, 3892, 3855, 4075, 4038]","[4, 4, 4, 4, 4, 4, 4, 4, 4, 4, 4, 4, 4, 4, 4, 4]",1,20260829,float32,0.09119556747428784,PASS,511,prefill_ragged,2.10.0.post4.dev20260715,2.10.0+cpu,3.2.0,swa_prefill_ragged_m64_b16_kv4096_ragged,6146ca39720729ca417353fb999323d14d97f4a7
swa,0.9999978542327881,0.0,0.0078125,311.85150146484375,0.00011161313159391284,0.0,"{'prefill': 'c4166cfe326127daf30bc629493d8b251d8be85f97cda2efa510eab6bc6d3a54', 'decode': 'c47f9bdcfb879eb73723521240a48a9bae99349d094a1fb82563535aabde82ec'}",True,16,6146ca39720729ca417353fb999323d14d97f4a7,"[64, 1]",64,native_NHD_then_page_head_token_dim_permute,0.9999978542327881,0.0,0.0078125,311.85150146484375,0.00011161313159391284,0.0,"{'prefill': 'c4166cfe326127daf30bc629493d8b251d8be85f97cda2efa510eab6bc6d3a54', 'decode': 'c47f9bdcfb879eb73723521240a48a9bae99349d094a1fb82563535aabde82ec'}",True,True,9.1.0,swa_prefill_ragged_m257_b16_kv4096_ragged_tp4_dp4,True,npu:5,5,Ascend950PR_957b,4,,bfloat16,prefill,False,256,"[32768, 256, 512, 1]",4096,tp4_dp4,ragged,257,,17,3855,28,2,24,56,64,1.0000001192092896,0.0,0.0,0.0,0.0,148,3.11.10,4.0,"[6144, 256, 1]",correctness,32,"[4079, 4042, 4005, 3968, 3931, 3894, 3857, 4077, 4040, 4003, 3966, 3929, 3892, 3855, 4075, 4038]","[16, 17, 16, 16, 16, 16, 16, 16, 16, 16, 16, 16, 16, 16, 16, 16]",1,20260829,float32,0.09119556747428784,PASS,511,prefill_ragged,2.10.0.post4.dev20260715,2.10.0+cpu,3.2.0,swa_prefill_ragged_m257_b16_kv4096_ragged,6146ca39720729ca417353fb999323d14d97f4a7
swa,0.9999978542327881,0.0,0.00390625,147.8372039794922,0.0001097142812795937,0.0,"{'prefill': 'c4166cfe326127daf30bc629493d8b251d8be85f97cda2efa510eab6bc6d3a54', 'decode': 'c47f9bdcfb879eb73723521240a48a9bae99349d094a1fb82563535aabde82ec'}",True,16,6146ca39720729ca417353fb999323d14d97f4a7,"[64, 1]",64,native_NHD_then_page_head_token_dim_permute,0.9999978542327881,0.0,0.00390625,147.8372039794922,0.0001097142812795937,0.0,"{'prefill': 'c4166cfe326127daf30bc629493d8b251d8be85f97cda2efa510eab6bc6d3a54', 'decode': 'c47f9bdcfb879eb73723521240a48a9bae99349d094a1fb82563535aabde82ec'}",True,True,9.1.0,swa_prefill_ragged_m1024_b16_kv4096_ragged_tp4_dp4,True,npu:5,5,Ascend950PR_957b,4,,bfloat16,prefill,False,256,"[32768, 256, 512, 1]",4096,tp4_dp4,ragged,1024,,64,3855,28,2,24,56,64,1.0,0.0,0.0,0.0,0.0,160,3.11.10,4.0,"[6144, 256, 1]",correctness,32,"[4079, 4042, 4005, 3968, 3931, 3894, 3857, 4077, 4040, 4003, 3966, 3929, 3892, 3855, 4075, 4038]","[64, 64, 64, 64, 64, 64, 64, 64, 64, 64, 64, 64, 64, 64, 64, 64]",1,20260829,float32,0.09119556747428784,PASS,511,prefill_ragged,2.10.0.post4.dev20260715,2.10.0+cpu,3.2.0,swa_prefill_ragged_m1024_b16_kv4096_ragged,6146ca39720729ca417353fb999323d14d97f4a7
full,0.999998927116394,0.4293513484299183,0.00390625,52.11688232421875,7.693983206991106e-05,0.0,"{'prefill': 'c4166cfe326127daf30bc629493d8b251d8be85f97cda2efa510eab6bc6d3a54', 'decode': 'c47f9bdcfb879eb73723521240a48a9bae99349d094a1fb82563535aabde82ec'}",True,1,6146ca39720729ca417353fb999323d14d97f4a7,"[64, 1]",64,native_NHD_then_page_head_token_dim_permute,0.999998927116394,0.5127890035510063,0.00390625,52.11688232421875,7.693983206991106e-05,0.0,"{'prefill': 'c4166cfe326127daf30bc629493d8b251d8be85f97cda2efa510eab6bc6d3a54', 'decode': 'c47f9bdcfb879eb73723521240a48a9bae99349d094a1fb82563535aabde82ec'}",True,True,9.1.0,full_prefill_dense_m4096_b1_kv4096_uniform_tp4,True,npu:5,5,Ascend950PR_957b,1,,bfloat16,prefill,False,256,"[16384, 256, 256, 1]",4096,tp4,uniform,4096,,4096,4096,28,1,6,56,64,0.9999998807907104,0.0,0.0,0.0,0.0,65,3.11.10,1.0,"[1536, 256, 1]",correctness,32,[4096],[4096],1,20260829,float32,0.09119556747428784,PASS,,prefill_dense,2.10.0.post4.dev20260715,2.10.0+cpu,3.2.0,full_prefill_dense_m4096_b1_kv4096_uniform,6146ca39720729ca417353fb999323d14d97f4a7
full,0.9999986886978149,0.8027926087379456,0.0078125,39.141414642333984,5.5526281357742846e-05,0.0,"{'prefill': 'c4166cfe326127daf30bc629493d8b251d8be85f97cda2efa510eab6bc6d3a54', 'decode': 'c47f9bdcfb879eb73723521240a48a9bae99349d094a1fb82563535aabde82ec'}",True,1,6146ca39720729ca417353fb999323d14d97f4a7,"[176, 1]",176,native_NHD_then_page_head_token_dim_permute,0.9999986886978149,2.668475266546011,0.0078125,39.141414642333984,5.5526281357742846e-05,0.0,"{'prefill': 'c4166cfe326127daf30bc629493d8b251d8be85f97cda2efa510eab6bc6d3a54', 'decode': 'c47f9bdcfb879eb73723521240a48a9bae99349d094a1fb82563535aabde82ec'}",True,True,9.1.0,full_prefill_dense_m11264_b1_kv11264_uniform_tp4,True,npu:5,5,Ascend950PR_957b,1,,bfloat16,prefill,False,256,"[16384, 256, 256, 1]",11264,tp4,uniform,11264,,11264,11264,28,1,6,56,64,0.9999998807907104,0.0,0.0,0.0,0.0,177,3.11.10,1.0,"[1536, 256, 1]",correctness,32,[11264],[11264],1,20260829,float32,0.09119556747428784,PASS,,prefill_dense,2.10.0.post4.dev20260715,2.10.0+cpu,3.2.0,full_prefill_dense_m11264_b1_kv11264_uniform,6146ca39720729ca417353fb999323d14d97f4a7
full,0.999999463558197,1.0787281207740307,0.00390625,63.484535217285156,4.25271391577553e-05,0.0,"{'prefill': 'c4166cfe326127daf30bc629493d8b251d8be85f97cda2efa510eab6bc6d3a54', 'decode': 'c47f9bdcfb879eb73723521240a48a9bae99349d094a1fb82563535aabde82ec'}",True,1,6146ca39720729ca417353fb999323d14d97f4a7,"[264, 1]",264,native_NHD_then_page_head_token_dim_permute,0.999999463558197,5.7390909641981125,0.00390625,63.484535217285156,4.25271391577553e-05,0.0,"{'prefill': 'c4166cfe326127daf30bc629493d8b251d8be85f97cda2efa510eab6bc6d3a54', 'decode': 'c47f9bdcfb879eb73723521240a48a9bae99349d094a1fb82563535aabde82ec'}",True,True,9.1.0,full_prefill_dense_m16896_b1_kv16896_uniform_tp4,True,npu:5,5,Ascend950PR_957b,1,,bfloat16,prefill,False,256,"[16384, 256, 256, 1]",16896,tp4,uniform,16896,,16896,16896,28,1,6,56,64,1.0000001192092896,0.0,0.0,0.0,0.0,265,3.11.10,1.0,"[1536, 256, 1]",correctness,32,[16896],[16896],1,20260829,float32,0.09119556747428784,PASS,,prefill_dense,2.10.0.post4.dev20260715,2.10.0+cpu,3.2.0,full_prefill_dense_m16896_b1_kv16896_uniform,6146ca39720729ca417353fb999323d14d97f4a7
full,0.9999977350234985,0.6069480441510677,0.0078125,196.55250549316406,8.119261474348605e-05,0.0,"{'prefill': 'c4166cfe326127daf30bc629493d8b251d8be85f97cda2efa510eab6bc6d3a54', 'decode': 'c47f9bdcfb879eb73723521240a48a9bae99349d094a1fb82563535aabde82ec'}",True,1,6146ca39720729ca417353fb999323d14d97f4a7,"[64, 1]",64,native_NHD_then_page_head_token_dim_permute,0.9999977350234985,0.8901809342205524,0.0078125,196.55250549316406,8.119261474348605e-05,0.0,"{'prefill': 'c4166cfe326127daf30bc629493d8b251d8be85f97cda2efa510eab6bc6d3a54', 'decode': 'c47f9bdcfb879eb73723521240a48a9bae99349d094a1fb82563535aabde82ec'}",True,True,9.1.0,full_prefill_dense_m4096_b1_kv4096_uniform_tp4_dp2,True,npu:5,5,Ascend950PR_957b,2,,bfloat16,prefill,False,256,"[16384, 256, 256, 1]",4096,tp4_dp2,uniform,4096,,4096,4096,28,1,12,56,64,0.9999998807907104,0.0,0.0,0.0,0.0,65,3.11.10,2.0,"[3072, 256, 1]",correctness,32,[4096],[4096],1,20260829,float32,0.09119556747428784,PASS,,prefill_dense,2.10.0.post4.dev20260715,2.10.0+cpu,3.2.0,full_prefill_dense_m4096_b1_kv4096_uniform,6146ca39720729ca417353fb999323d14d97f4a7
full,0.9999994039535522,1.2884633615612984,0.00390625,83.57142639160156,4.9311580369248986e-05,0.0,"{'prefill': 'c4166cfe326127daf30bc629493d8b251d8be85f97cda2efa510eab6bc6d3a54', 'decode': 'c47f9bdcfb879eb73723521240a48a9bae99349d094a1fb82563535aabde82ec'}",True,1,6146ca39720729ca417353fb999323d14d97f4a7,"[176, 1]",176,native_NHD_then_page_head_token_dim_permute,0.9999994039535522,5.196662154048681,0.00390625,83.57142639160156,4.9311580369248986e-05,0.0,"{'prefill': 'c4166cfe326127daf30bc629493d8b251d8be85f97cda2efa510eab6bc6d3a54', 'decode': 'c47f9bdcfb879eb73723521240a48a9bae99349d094a1fb82563535aabde82ec'}",True,True,9.1.0,full_prefill_dense_m11264_b1_kv11264_uniform_tp4_dp2,True,npu:5,5,Ascend950PR_957b,2,,bfloat16,prefill,False,256,"[16384, 256, 256, 1]",11264,tp4_dp2,uniform,11264,,11264,11264,28,1,12,56,64,0.9999999403953552,0.0,0.0,0.0,0.0,177,3.11.10,2.0,"[3072, 256, 1]",correctness,32,[11264],[11264],1,20260829,float32,0.09119556747428784,PASS,,prefill_dense,2.10.0.post4.dev20260715,2.10.0+cpu,3.2.0,full_prefill_dense_m11264_b1_kv11264_uniform,6146ca39720729ca417353fb999323d14d97f4a7
full,0.9999990463256836,1.7640730366110802,0.00390625,104.0743637084961,4.536451888270676e-05,0.0,"{'prefill': 'c4166cfe326127daf30bc629493d8b251d8be85f97cda2efa510eab6bc6d3a54', 'decode': 'c47f9bdcfb879eb73723521240a48a9bae99349d094a1fb82563535aabde82ec'}",True,1,6146ca39720729ca417353fb999323d14d97f4a7,"[264, 1]",264,native_NHD_then_page_head_token_dim_permute,0.9999990463256836,11.266956105828285,0.00390625,104.0743637084961,4.536451888270676e-05,0.0,"{'prefill': 'c4166cfe326127daf30bc629493d8b251d8be85f97cda2efa510eab6bc6d3a54', 'decode': 'c47f9bdcfb879eb73723521240a48a9bae99349d094a1fb82563535aabde82ec'}",True,True,9.1.0,full_prefill_dense_m16896_b1_kv16896_uniform_tp4_dp2,True,npu:5,5,Ascend950PR_957b,2,,bfloat16,prefill,False,256,"[16384, 256, 256, 1]",16896,tp4_dp2,uniform,16896,,16896,16896,28,1,12,56,64,1.0000001192092896,0.0,0.0,0.0,0.0,265,3.11.10,2.0,"[3072, 256, 1]",correctness,32,[16896],[16896],1,20260829,float32,0.09119556747428784,PASS,,prefill_dense,2.10.0.post4.dev20260715,2.10.0+cpu,3.2.0,full_prefill_dense_m16896_b1_kv16896_uniform,6146ca39720729ca417353fb999323d14d97f4a7
full,0.9999988079071045,0.9495001286268234,0.0078125,88.64531707763672,7.357136928476393e-05,0.0,"{'prefill': 'c4166cfe326127daf30bc629493d8b251d8be85f97cda2efa510eab6bc6d3a54', 'decode': 'c47f9bdcfb879eb73723521240a48a9bae99349d094a1fb82563535aabde82ec'}",True,1,6146ca39720729ca417353fb999323d14d97f4a7,"[64, 1]",64,native_NHD_then_page_head_token_dim_permute,0.9999988079071045,1.626345794647932,0.0078125,88.64531707763672,7.357136928476393e-05,0.0,"{'prefill': 'c4166cfe326127daf30bc629493d8b251d8be85f97cda2efa510eab6bc6d3a54', 'decode': 'c47f9bdcfb879eb73723521240a48a9bae99349d094a1fb82563535aabde82ec'}",True,True,9.1.0,full_prefill_dense_m4096_b1_kv4096_uniform_tp4_dp4,True,npu:5,5,Ascend950PR_957b,4,,bfloat16,prefill,False,256,"[32768, 256, 512, 1]",4096,tp4_dp4,uniform,4096,,4096,4096,28,2,24,56,64,1.0,0.0,0.0,0.0,0.0,65,3.11.10,4.0,"[6144, 256, 1]",correctness,32,[4096],[4096],1,20260829,float32,0.09119556747428784,PASS,,prefill_dense,2.10.0.post4.dev20260715,2.10.0+cpu,3.2.0,full_prefill_dense_m4096_b1_kv4096_uniform,6146ca39720729ca417353fb999323d14d97f4a7
full,0.9999992847442627,2.366241067647934,0.00390625,75.84690856933594,5.09542842337396e-05,0.0,"{'prefill': 'c4166cfe326127daf30bc629493d8b251d8be85f97cda2efa510eab6bc6d3a54', 'decode': 'c47f9bdcfb879eb73723521240a48a9bae99349d094a1fb82563535aabde82ec'}",True,1,6146ca39720729ca417353fb999323d14d97f4a7,"[176, 1]",176,native_NHD_then_page_head_token_dim_permute,0.9999992847442627,10.237286798655987,0.00390625,75.84690856933594,5.09542842337396e-05,0.0,"{'prefill': 'c4166cfe326127daf30bc629493d8b251d8be85f97cda2efa510eab6bc6d3a54', 'decode': 'c47f9bdcfb879eb73723521240a48a9bae99349d094a1fb82563535aabde82ec'}",True,True,9.1.0,full_prefill_dense_m11264_b1_kv11264_uniform_tp4_dp4,True,npu:5,5,Ascend950PR_957b,4,,bfloat16,prefill,False,256,"[32768, 256, 512, 1]",11264,tp4_dp4,uniform,11264,,11264,11264,28,2,24,56,64,0.9999998807907104,0.0,0.0,0.0,0.0,177,3.11.10,4.0,"[6144, 256, 1]",correctness,32,[11264],[11264],1,20260829,float32,0.09119556747428784,PASS,,prefill_dense,2.10.0.post4.dev20260715,2.10.0+cpu,3.2.0,full_prefill_dense_m11264_b1_kv11264_uniform,6146ca39720729ca417353fb999323d14d97f4a7
full,0.9999991655349731,3.397498745471239,0.0078125,56.16434097290039,4.421234916662797e-05,0.0,"{'prefill': 'c4166cfe326127daf30bc629493d8b251d8be85f97cda2efa510eab6bc6d3a54', 'decode': 'c47f9bdcfb879eb73723521240a48a9bae99349d094a1fb82563535aabde82ec'}",True,1,6146ca39720729ca417353fb999323d14d97f4a7,"[264, 1]",264,native_NHD_then_page_head_token_dim_permute,0.9999991655349731,22.43620390072465,0.0078125,56.16434097290039,4.421234916662797e-05,0.0,"{'prefill': 'c4166cfe326127daf30bc629493d8b251d8be85f97cda2efa510eab6bc6d3a54', 'decode': 'c47f9bdcfb879eb73723521240a48a9bae99349d094a1fb82563535aabde82ec'}",True,True,9.1.0,full_prefill_dense_m16896_b1_kv16896_uniform_tp4_dp4,True,npu:5,5,Ascend950PR_957b,4,,bfloat16,prefill,False,256,"[32768, 256, 512, 1]",16896,tp4_dp4,uniform,16896,,16896,16896,28,2,24,56,64,1.0,0.0,0.0,0.0,0.0,265,3.11.10,4.0,"[6144, 256, 1]",correctness,32,[16896],[16896],1,20260829,float32,0.09119556747428784,PASS,,prefill_dense,2.10.0.post4.dev20260715,2.10.0+cpu,3.2.0,full_prefill_dense_m16896_b1_kv16896_uniform,6146ca39720729ca417353fb999323d14d97f4a7
swa,0.9999983310699463,0.0,0.0078125,116.76922607421875,0.00011480457033030689,0.0,"{'prefill': 'c4166cfe326127daf30bc629493d8b251d8be85f97cda2efa510eab6bc6d3a54', 'decode': 'c47f9bdcfb879eb73723521240a48a9bae99349d094a1fb82563535aabde82ec'}",True,1,6146ca39720729ca417353fb999323d14d97f4a7,"[64, 1]",64,native_NHD_then_page_head_token_dim_permute,0.9999983310699463,0.0,0.0078125,116.76922607421875,0.00011480457033030689,0.0,"{'prefill': 'c4166cfe326127daf30bc629493d8b251d8be85f97cda2efa510eab6bc6d3a54', 'decode': 'c47f9bdcfb879eb73723521240a48a9bae99349d094a1fb82563535aabde82ec'}",True,True,9.1.0,swa_prefill_dense_m4096_b1_kv4096_uniform_tp4,True,npu:5,5,Ascend950PR_957b,1,,bfloat16,prefill,False,256,"[16384, 256, 256, 1]",4096,tp4,uniform,4096,,4096,4096,28,1,6,56,64,1.0000001192092896,0.0,0.0,0.0,0.0,65,3.11.10,1.0,"[1536, 256, 1]",correctness,32,[4096],[4096],1,20260829,float32,0.09119556747428784,PASS,511,prefill_dense,2.10.0.post4.dev20260715,2.10.0+cpu,3.2.0,swa_prefill_dense_m4096_b1_kv4096_uniform,6146ca39720729ca417353fb999323d14d97f4a7
swa,0.9999986290931702,0.0,0.00390625,21.59918975830078,0.00010898975597228855,0.0,"{'prefill': 'c4166cfe326127daf30bc629493d8b251d8be85f97cda2efa510eab6bc6d3a54', 'decode': 'c47f9bdcfb879eb73723521240a48a9bae99349d094a1fb82563535aabde82ec'}",True,1,6146ca39720729ca417353fb999323d14d97f4a7,"[176, 1]",176,native_NHD_then_page_head_token_dim_permute,0.9999986290931702,0.0,0.00390625,21.59918975830078,0.00010898975597228855,0.0,"{'prefill': 'c4166cfe326127daf30bc629493d8b251d8be85f97cda2efa510eab6bc6d3a54', 'decode': 'c47f9bdcfb879eb73723521240a48a9bae99349d094a1fb82563535aabde82ec'}",True,True,9.1.0,swa_prefill_dense_m11264_b1_kv11264_uniform_tp4,True,npu:5,5,Ascend950PR_957b,1,,bfloat16,prefill,False,256,"[16384, 256, 256, 1]",11264,tp4,uniform,11264,,11264,11264,28,1,6,56,64,1.0000001192092896,0.0,0.0,0.0,0.0,177,3.11.10,1.0,"[1536, 256, 1]",correctness,32,[11264],[11264],1,20260829,float32,0.09119556747428784,PASS,511,prefill_dense,2.10.0.post4.dev20260715,2.10.0+cpu,3.2.0,swa_prefill_dense_m11264_b1_kv11264_uniform,6146ca39720729ca417353fb999323d14d97f4a7
swa,0.9999977350234985,0.0,0.0078125,31.623376846313477,0.00012063539179507643,0.0,"{'prefill': 'c4166cfe326127daf30bc629493d8b251d8be85f97cda2efa510eab6bc6d3a54', 'decode': 'c47f9bdcfb879eb73723521240a48a9bae99349d094a1fb82563535aabde82ec'}",True,1,6146ca39720729ca417353fb999323d14d97f4a7,"[264, 1]",264,native_NHD_then_page_head_token_dim_permute,0.9999977350234985,0.0,0.0078125,31.623376846313477,0.00012063539179507643,0.0,"{'prefill': 'c4166cfe326127daf30bc629493d8b251d8be85f97cda2efa510eab6bc6d3a54', 'decode': 'c47f9bdcfb879eb73723521240a48a9bae99349d094a1fb82563535aabde82ec'}",True,True,9.1.0,swa_prefill_dense_m16896_b1_kv16896_uniform_tp4,True,npu:5,5,Ascend950PR_957b,1,,bfloat16,prefill,False,256,"[16384, 256, 256, 1]",16896,tp4,uniform,16896,,16896,16896,28,1,6,56,64,1.000000238418579,0.0,0.0,0.0,0.0,265,3.11.10,1.0,"[1536, 256, 1]",correctness,32,[16896],[16896],1,20260829,float32,0.09119556747428784,PASS,511,prefill_dense,2.10.0.post4.dev20260715,2.10.0+cpu,3.2.0,swa_prefill_dense_m16896_b1_kv16896_uniform,6146ca39720729ca417353fb999323d14d97f4a7
swa,0.999998927116394,0.0,0.0078125,395.0176696777344,0.0001123555630329065,0.0,"{'prefill': 'c4166cfe326127daf30bc629493d8b251d8be85f97cda2efa510eab6bc6d3a54', 'decode': 'c47f9bdcfb879eb73723521240a48a9bae99349d094a1fb82563535aabde82ec'}",True,1,6146ca39720729ca417353fb999323d14d97f4a7,"[64, 1]",64,native_NHD_then_page_head_token_dim_permute,0.999998927116394,0.0,0.0078125,395.0176696777344,0.0001123555630329065,0.0,"{'prefill': 'c4166cfe326127daf30bc629493d8b251d8be85f97cda2efa510eab6bc6d3a54', 'decode': 'c47f9bdcfb879eb73723521240a48a9bae99349d094a1fb82563535aabde82ec'}",True,True,9.1.0,swa_prefill_dense_m4096_b1_kv4096_uniform_tp4_dp2,True,npu:5,5,Ascend950PR_957b,2,,bfloat16,prefill,False,256,"[16384, 256, 256, 1]",4096,tp4_dp2,uniform,4096,,4096,4096,28,1,12,56,64,1.0000001192092896,0.0,0.0,0.0,0.0,65,3.11.10,2.0,"[3072, 256, 1]",correctness,32,[4096],[4096],1,20260829,float32,0.09119556747428784,PASS,511,prefill_dense,2.10.0.post4.dev20260715,2.10.0+cpu,3.2.0,swa_prefill_dense_m4096_b1_kv4096_uniform,6146ca39720729ca417353fb999323d14d97f4a7
swa,0.9999985098838806,0.0,0.0078125,96.92460632324219,0.00011124425509478897,0.0,"{'prefill': 'c4166cfe326127daf30bc629493d8b251d8be85f97cda2efa510eab6bc6d3a54', 'decode': 'c47f9bdcfb879eb73723521240a48a9bae99349d094a1fb82563535aabde82ec'}",True,1,6146ca39720729ca417353fb999323d14d97f4a7,"[176, 1]",176,native_NHD_then_page_head_token_dim_permute,0.9999985098838806,0.0,0.0078125,96.92460632324219,0.00011124425509478897,0.0,"{'prefill': 'c4166cfe326127daf30bc629493d8b251d8be85f97cda2efa510eab6bc6d3a54', 'decode': 'c47f9bdcfb879eb73723521240a48a9bae99349d094a1fb82563535aabde82ec'}",True,True,9.1.0,swa_prefill_dense_m11264_b1_kv11264_uniform_tp4_dp2,True,npu:5,5,Ascend950PR_957b,2,,bfloat16,prefill,False,256,"[16384, 256, 256, 1]",11264,tp4_dp2,uniform,11264,,11264,11264,28,1,12,56,64,1.0,0.0,0.0,0.0,0.0,177,3.11.10,2.0,"[3072, 256, 1]",correctness,32,[11264],[11264],1,20260829,float32,0.09119556747428784,PASS,511,prefill_dense,2.10.0.post4.dev20260715,2.10.0+cpu,3.2.0,swa_prefill_dense_m11264_b1_kv11264_uniform,6146ca39720729ca417353fb999323d14d97f4a7
swa,0.9999987483024597,0.0,0.0078125,123.49462127685547,0.00010840716277016327,0.0,"{'prefill': 'c4166cfe326127daf30bc629493d8b251d8be85f97cda2efa510eab6bc6d3a54', 'decode': 'c47f9bdcfb879eb73723521240a48a9bae99349d094a1fb82563535aabde82ec'}",True,1,6146ca39720729ca417353fb999323d14d97f4a7,"[264, 1]",264,native_NHD_then_page_head_token_dim_permute,0.9999987483024597,0.0,0.0078125,123.49462127685547,0.00010840716277016327,0.0,"{'prefill': 'c4166cfe326127daf30bc629493d8b251d8be85f97cda2efa510eab6bc6d3a54', 'decode': 'c47f9bdcfb879eb73723521240a48a9bae99349d094a1fb82563535aabde82ec'}",True,True,9.1.0,swa_prefill_dense_m16896_b1_kv16896_uniform_tp4_dp2,True,npu:5,5,Ascend950PR_957b,2,,bfloat16,prefill,False,256,"[16384, 256, 256, 1]",16896,tp4_dp2,uniform,16896,,16896,16896,28,1,12,56,64,1.0,0.0,0.0,0.0,0.0,265,3.11.10,2.0,"[3072, 256, 1]",correctness,32,[16896],[16896],1,20260829,float32,0.09119556747428784,PASS,511,prefill_dense,2.10.0.post4.dev20260715,2.10.0+cpu,3.2.0,swa_prefill_dense_m16896_b1_kv16896_uniform,6146ca39720729ca417353fb999323d14d97f4a7
swa,0.9999984502792358,0.0,0.0078125,74.07462310791016,0.00011433885083533823,0.0,"{'prefill': 'c4166cfe326127daf30bc629493d8b251d8be85f97cda2efa510eab6bc6d3a54', 'decode': 'c47f9bdcfb879eb73723521240a48a9bae99349d094a1fb82563535aabde82ec'}",True,1,6146ca39720729ca417353fb999323d14d97f4a7,"[64, 1]",64,native_NHD_then_page_head_token_dim_permute,0.9999984502792358,0.0,0.0078125,74.07462310791016,0.00011433885083533823,0.0,"{'prefill': 'c4166cfe326127daf30bc629493d8b251d8be85f97cda2efa510eab6bc6d3a54', 'decode': 'c47f9bdcfb879eb73723521240a48a9bae99349d094a1fb82563535aabde82ec'}",True,True,9.1.0,swa_prefill_dense_m4096_b1_kv4096_uniform_tp4_dp4,True,npu:5,5,Ascend950PR_957b,4,,bfloat16,prefill,False,256,"[32768, 256, 512, 1]",4096,tp4_dp4,uniform,4096,,4096,4096,28,2,24,56,64,0.9999999403953552,0.0,0.0,0.0,0.0,65,3.11.10,4.0,"[6144, 256, 1]",correctness,32,[4096],[4096],1,20260829,float32,0.09119556747428784,PASS,511,prefill_dense,2.10.0.post4.dev20260715,2.10.0+cpu,3.2.0,swa_prefill_dense_m4096_b1_kv4096_uniform,6146ca39720729ca417353fb999323d14d97f4a7
swa,0.9999984502792358,0.0,0.0078125,167.66693115234375,0.00011200748849660158,0.0,"{'prefill': 'c4166cfe326127daf30bc629493d8b251d8be85f97cda2efa510eab6bc6d3a54', 'decode': 'c47f9bdcfb879eb73723521240a48a9bae99349d094a1fb82563535aabde82ec'}",True,1,6146ca39720729ca417353fb999323d14d97f4a7,"[176, 1]",176,native_NHD_then_page_head_token_dim_permute,0.9999984502792358,0.0,0.0078125,167.66693115234375,0.00011200748849660158,0.0,"{'prefill': 'c4166cfe326127daf30bc629493d8b251d8be85f97cda2efa510eab6bc6d3a54', 'decode': 'c47f9bdcfb879eb73723521240a48a9bae99349d094a1fb82563535aabde82ec'}",True,True,9.1.0,swa_prefill_dense_m11264_b1_kv11264_uniform_tp4_dp4,True,npu:5,5,Ascend950PR_957b,4,,bfloat16,prefill,False,256,"[32768, 256, 512, 1]",11264,tp4_dp4,uniform,11264,,11264,11264,28,2,24,56,64,1.0,0.0,0.0,0.0,0.0,177,3.11.10,4.0,"[6144, 256, 1]",correctness,32,[11264],[11264],1,20260829,float32,0.09119556747428784,PASS,511,prefill_dense,2.10.0.post4.dev20260715,2.10.0+cpu,3.2.0,swa_prefill_dense_m11264_b1_kv11264_uniform,6146ca39720729ca417353fb999323d14d97f4a7
swa,0.9999983310699463,0.0,0.0078125,102.19589233398438,0.00011132531653856859,0.0,"{'prefill': 'c4166cfe326127daf30bc629493d8b251d8be85f97cda2efa510eab6bc6d3a54', 'decode': 'c47f9bdcfb879eb73723521240a48a9bae99349d094a1fb82563535aabde82ec'}",True,1,6146ca39720729ca417353fb999323d14d97f4a7,"[264, 1]",264,native_NHD_then_page_head_token_dim_permute,0.9999983310699463,0.0,0.0078125,102.19589233398438,0.00011132531653856859,0.0,"{'prefill': 'c4166cfe326127daf30bc629493d8b251d8be85f97cda2efa510eab6bc6d3a54', 'decode': 'c47f9bdcfb879eb73723521240a48a9bae99349d094a1fb82563535aabde82ec'}",True,True,9.1.0,swa_prefill_dense_m16896_b1_kv16896_uniform_tp4_dp4,True,npu:5,5,Ascend950PR_957b,4,,bfloat16,prefill,False,256,"[32768, 256, 512, 1]",16896,tp4_dp4,uniform,16896,,16896,16896,28,2,24,56,64,0.9999998807907104,0.0,0.0,0.0,0.0,265,3.11.10,4.0,"[6144, 256, 1]",correctness,32,[16896],[16896],1,20260829,float32,0.09119556747428784,PASS,511,prefill_dense,2.10.0.post4.dev20260715,2.10.0+cpu,3.2.0,swa_prefill_dense_m16896_b1_kv16896_uniform,6146ca39720729ca417353fb999323d14d97f4a7
