cann_version,case,device_index,device_name,ids_equal_legacy,ids_equal_oracle,inner_repeat,k,m,mean_us,n,p20_us,p50_us,p80_us,physical_aiv,record_type,rounds,scope,seed,speedup_vs_previous_selected,speedup_vs_r0,status,torch_npu_version,torch_version,triton_version,variant,weights_bitwise_equal_legacy,weights_bitwise_equal_oracle
9.1.0,random_bias,5,Ascend950PR_957b,True,True,,10,1,,512,,,,56,correctness,,wrapper,20260811,,,PASS,2.10.0.post4.dev20260715,2.10.0+cpu,3.2.0,r0_legacy,True,True
9.1.0,random_bias,5,Ascend950PR_957b,True,True,,10,1,,512,,,,56,correctness,,wrapper,20260811,,,PASS,2.10.0.post4.dev20260715,2.10.0+cpu,3.2.0,r1_constexpr,True,True
9.1.0,random_bias,5,Ascend950PR_957b,True,True,,10,1,,512,,,,56,correctness,,wrapper,20260811,,,PASS,2.10.0.post4.dev20260715,2.10.0+cpu,3.2.0,r2_core_partition,True,True
9.1.0,random_bias,5,Ascend950PR_957b,True,True,,10,1,,512,,,,56,correctness,,wrapper,20260811,,,PASS,2.10.0.post4.dev20260715,2.10.0+cpu,3.2.0,r3_sort_tie,True,True
9.1.0,random_bias,5,Ascend950PR_957b,True,True,,10,1,,512,,,,56,correctness,,wrapper,20260811,,,PASS,2.10.0.post4.dev20260715,2.10.0+cpu,3.2.0,r4_bias_hoist,True,True
9.1.0,random_bias,5,Ascend950PR_957b,True,True,,10,1,,512,,,,56,correctness,,wrapper,20260811,,,PASS,2.10.0.post4.dev20260715,2.10.0+cpu,3.2.0,r5_dispatch,True,True
9.1.0,random_bias,5,Ascend950PR_957b,True,True,,10,1,,512,,,,56,correctness,,wrapper,20260811,,,PASS,2.10.0.post4.dev20260715,2.10.0+cpu,3.2.0,r6_empirical_dispatch,True,True
9.1.0,random_bias,5,Ascend950PR_957b,True,True,,10,1,,512,,,,56,correctness,,wrapper,20260811,,,PASS,2.10.0.post4.dev20260715,2.10.0+cpu,3.2.0,r7_vector_tie_recovery,True,True
9.1.0,random_bias,5,Ascend950PR_957b,True,True,,10,1,,512,,,,56,correctness,,wrapper,20260811,,,PASS,2.10.0.post4.dev20260715,2.10.0+cpu,3.2.0,r8_safe_vector_dispatch,True,True
9.1.0,random_bias,5,Ascend950PR_957b,True,True,,10,1,,512,,,,56,correctness,,wrapper,20260811,,,PASS,2.10.0.post4.dev20260715,2.10.0+cpu,3.2.0,r9_pair_tie_recovery,True,True
9.1.0,random_bias,5,Ascend950PR_957b,True,True,,10,1,,512,,,,56,correctness,,wrapper,20260811,,,PASS,2.10.0.post4.dev20260715,2.10.0+cpu,3.2.0,r10_group_rank_threshold,True,True
9.1.0,random_bias,5,Ascend950PR_957b,True,True,,10,1,,512,,,,56,correctness,,wrapper,20260811,,,PASS,2.10.0.post4.dev20260715,2.10.0+cpu,3.2.0,r11_packed_exact_sort,True,True
9.1.0,random_bias,5,Ascend950PR_957b,True,True,,10,1,,512,,,,56,correctness,,wrapper,20260811,,,PASS,2.10.0.post4.dev20260715,2.10.0+cpu,3.2.0,r12_two_row_tile,True,True
9.1.0,random_bias,5,Ascend950PR_957b,True,True,,10,1,,512,,,,56,correctness,,wrapper,20260811,,,PASS,2.10.0.post4.dev20260715,2.10.0+cpu,3.2.0,r13_fp32_rank_reduce,True,True
9.1.0,random_bias,5,Ascend950PR_957b,True,True,,10,1,,512,,,,56,correctness,,wrapper,20260811,,,PASS,2.10.0.post4.dev20260715,2.10.0+cpu,3.2.0,r14_priority_argmax,True,True
9.1.0,random_bias,5,Ascend950PR_957b,True,True,,10,1,,512,,,,56,correctness,,wrapper,20260811,,,PASS,2.10.0.post4.dev20260715,2.10.0+cpu,3.2.0,r15_unique_top10_fastpath,True,True
9.1.0,random_bias,5,Ascend950PR_957b,True,True,,10,1,,512,,,,56,correctness,,wrapper,20260811,,,PASS,2.10.0.post4.dev20260715,2.10.0+cpu,3.2.0,r16_split_unique_recovery,True,True
9.1.0,random_bias,5,Ascend950PR_957b,True,True,,10,1,,512,,,,56,correctness,,wrapper,20260811,,,PASS,2.10.0.post4.dev20260715,2.10.0+cpu,3.2.0,r17_parallel_priority_argmax,True,True
9.1.0,random_bias,5,Ascend950PR_957b,True,True,,10,1,,512,,,,56,correctness,,wrapper,20260811,,,PASS,2.10.0.post4.dev20260715,2.10.0+cpu,3.2.0,r18_hierarchical_partial_sort,True,True
9.1.0,random_bias,5,Ascend950PR_957b,True,True,,10,1,,512,,,,56,correctness,,wrapper,20260811,,,PASS,2.10.0.post4.dev20260715,2.10.0+cpu,3.2.0,r19_unique_id_sum,True,True
9.1.0,random_bias,5,Ascend950PR_957b,True,True,,10,1,,512,,,,56,correctness,,wrapper,20260811,,,PASS,2.10.0.post4.dev20260715,2.10.0+cpu,3.2.0,r20_iterative_rank1_maxarg,True,True
9.1.0,random_bias,5,Ascend950PR_957b,True,True,,10,2,,512,,,,56,correctness,,wrapper,20260811,,,PASS,2.10.0.post4.dev20260715,2.10.0+cpu,3.2.0,r0_legacy,True,True
9.1.0,random_bias,5,Ascend950PR_957b,True,True,,10,2,,512,,,,56,correctness,,wrapper,20260811,,,PASS,2.10.0.post4.dev20260715,2.10.0+cpu,3.2.0,r1_constexpr,True,True
9.1.0,random_bias,5,Ascend950PR_957b,True,True,,10,2,,512,,,,56,correctness,,wrapper,20260811,,,PASS,2.10.0.post4.dev20260715,2.10.0+cpu,3.2.0,r2_core_partition,True,True
9.1.0,random_bias,5,Ascend950PR_957b,True,True,,10,2,,512,,,,56,correctness,,wrapper,20260811,,,PASS,2.10.0.post4.dev20260715,2.10.0+cpu,3.2.0,r3_sort_tie,True,True
9.1.0,random_bias,5,Ascend950PR_957b,True,True,,10,2,,512,,,,56,correctness,,wrapper,20260811,,,PASS,2.10.0.post4.dev20260715,2.10.0+cpu,3.2.0,r4_bias_hoist,True,True
9.1.0,random_bias,5,Ascend950PR_957b,True,True,,10,2,,512,,,,56,correctness,,wrapper,20260811,,,PASS,2.10.0.post4.dev20260715,2.10.0+cpu,3.2.0,r5_dispatch,True,True
9.1.0,random_bias,5,Ascend950PR_957b,True,True,,10,2,,512,,,,56,correctness,,wrapper,20260811,,,PASS,2.10.0.post4.dev20260715,2.10.0+cpu,3.2.0,r6_empirical_dispatch,True,True
9.1.0,random_bias,5,Ascend950PR_957b,True,True,,10,2,,512,,,,56,correctness,,wrapper,20260811,,,PASS,2.10.0.post4.dev20260715,2.10.0+cpu,3.2.0,r7_vector_tie_recovery,True,True
9.1.0,random_bias,5,Ascend950PR_957b,True,True,,10,2,,512,,,,56,correctness,,wrapper,20260811,,,PASS,2.10.0.post4.dev20260715,2.10.0+cpu,3.2.0,r8_safe_vector_dispatch,True,True
9.1.0,random_bias,5,Ascend950PR_957b,True,True,,10,2,,512,,,,56,correctness,,wrapper,20260811,,,PASS,2.10.0.post4.dev20260715,2.10.0+cpu,3.2.0,r9_pair_tie_recovery,True,True
9.1.0,random_bias,5,Ascend950PR_957b,True,True,,10,2,,512,,,,56,correctness,,wrapper,20260811,,,PASS,2.10.0.post4.dev20260715,2.10.0+cpu,3.2.0,r10_group_rank_threshold,True,True
9.1.0,random_bias,5,Ascend950PR_957b,True,True,,10,2,,512,,,,56,correctness,,wrapper,20260811,,,PASS,2.10.0.post4.dev20260715,2.10.0+cpu,3.2.0,r11_packed_exact_sort,True,True
9.1.0,random_bias,5,Ascend950PR_957b,True,True,,10,2,,512,,,,56,correctness,,wrapper,20260811,,,PASS,2.10.0.post4.dev20260715,2.10.0+cpu,3.2.0,r12_two_row_tile,True,True
9.1.0,random_bias,5,Ascend950PR_957b,True,True,,10,2,,512,,,,56,correctness,,wrapper,20260811,,,PASS,2.10.0.post4.dev20260715,2.10.0+cpu,3.2.0,r13_fp32_rank_reduce,True,True
9.1.0,random_bias,5,Ascend950PR_957b,True,True,,10,2,,512,,,,56,correctness,,wrapper,20260811,,,PASS,2.10.0.post4.dev20260715,2.10.0+cpu,3.2.0,r14_priority_argmax,True,True
9.1.0,random_bias,5,Ascend950PR_957b,True,True,,10,2,,512,,,,56,correctness,,wrapper,20260811,,,PASS,2.10.0.post4.dev20260715,2.10.0+cpu,3.2.0,r15_unique_top10_fastpath,True,True
9.1.0,random_bias,5,Ascend950PR_957b,True,True,,10,2,,512,,,,56,correctness,,wrapper,20260811,,,PASS,2.10.0.post4.dev20260715,2.10.0+cpu,3.2.0,r16_split_unique_recovery,True,True
9.1.0,random_bias,5,Ascend950PR_957b,True,True,,10,2,,512,,,,56,correctness,,wrapper,20260811,,,PASS,2.10.0.post4.dev20260715,2.10.0+cpu,3.2.0,r17_parallel_priority_argmax,True,True
9.1.0,random_bias,5,Ascend950PR_957b,True,True,,10,2,,512,,,,56,correctness,,wrapper,20260811,,,PASS,2.10.0.post4.dev20260715,2.10.0+cpu,3.2.0,r18_hierarchical_partial_sort,True,True
9.1.0,random_bias,5,Ascend950PR_957b,True,True,,10,2,,512,,,,56,correctness,,wrapper,20260811,,,PASS,2.10.0.post4.dev20260715,2.10.0+cpu,3.2.0,r19_unique_id_sum,True,True
9.1.0,random_bias,5,Ascend950PR_957b,True,True,,10,2,,512,,,,56,correctness,,wrapper,20260811,,,PASS,2.10.0.post4.dev20260715,2.10.0+cpu,3.2.0,r20_iterative_rank1_maxarg,True,True
9.1.0,random_bias,5,Ascend950PR_957b,True,True,,10,3,,512,,,,56,correctness,,wrapper,20260811,,,PASS,2.10.0.post4.dev20260715,2.10.0+cpu,3.2.0,r0_legacy,True,True
9.1.0,random_bias,5,Ascend950PR_957b,True,True,,10,3,,512,,,,56,correctness,,wrapper,20260811,,,PASS,2.10.0.post4.dev20260715,2.10.0+cpu,3.2.0,r1_constexpr,True,True
9.1.0,random_bias,5,Ascend950PR_957b,True,True,,10,3,,512,,,,56,correctness,,wrapper,20260811,,,PASS,2.10.0.post4.dev20260715,2.10.0+cpu,3.2.0,r2_core_partition,True,True
9.1.0,random_bias,5,Ascend950PR_957b,True,True,,10,3,,512,,,,56,correctness,,wrapper,20260811,,,PASS,2.10.0.post4.dev20260715,2.10.0+cpu,3.2.0,r3_sort_tie,True,True
9.1.0,random_bias,5,Ascend950PR_957b,True,True,,10,3,,512,,,,56,correctness,,wrapper,20260811,,,PASS,2.10.0.post4.dev20260715,2.10.0+cpu,3.2.0,r4_bias_hoist,True,True
9.1.0,random_bias,5,Ascend950PR_957b,True,True,,10,3,,512,,,,56,correctness,,wrapper,20260811,,,PASS,2.10.0.post4.dev20260715,2.10.0+cpu,3.2.0,r5_dispatch,True,True
9.1.0,random_bias,5,Ascend950PR_957b,True,True,,10,3,,512,,,,56,correctness,,wrapper,20260811,,,PASS,2.10.0.post4.dev20260715,2.10.0+cpu,3.2.0,r6_empirical_dispatch,True,True
9.1.0,random_bias,5,Ascend950PR_957b,True,True,,10,3,,512,,,,56,correctness,,wrapper,20260811,,,PASS,2.10.0.post4.dev20260715,2.10.0+cpu,3.2.0,r7_vector_tie_recovery,True,True
9.1.0,random_bias,5,Ascend950PR_957b,True,True,,10,3,,512,,,,56,correctness,,wrapper,20260811,,,PASS,2.10.0.post4.dev20260715,2.10.0+cpu,3.2.0,r8_safe_vector_dispatch,True,True
9.1.0,random_bias,5,Ascend950PR_957b,True,True,,10,3,,512,,,,56,correctness,,wrapper,20260811,,,PASS,2.10.0.post4.dev20260715,2.10.0+cpu,3.2.0,r9_pair_tie_recovery,True,True
9.1.0,random_bias,5,Ascend950PR_957b,True,True,,10,3,,512,,,,56,correctness,,wrapper,20260811,,,PASS,2.10.0.post4.dev20260715,2.10.0+cpu,3.2.0,r10_group_rank_threshold,True,True
9.1.0,random_bias,5,Ascend950PR_957b,True,True,,10,3,,512,,,,56,correctness,,wrapper,20260811,,,PASS,2.10.0.post4.dev20260715,2.10.0+cpu,3.2.0,r11_packed_exact_sort,True,True
9.1.0,random_bias,5,Ascend950PR_957b,True,True,,10,3,,512,,,,56,correctness,,wrapper,20260811,,,PASS,2.10.0.post4.dev20260715,2.10.0+cpu,3.2.0,r12_two_row_tile,True,True
9.1.0,random_bias,5,Ascend950PR_957b,True,True,,10,3,,512,,,,56,correctness,,wrapper,20260811,,,PASS,2.10.0.post4.dev20260715,2.10.0+cpu,3.2.0,r13_fp32_rank_reduce,True,True
9.1.0,random_bias,5,Ascend950PR_957b,True,True,,10,3,,512,,,,56,correctness,,wrapper,20260811,,,PASS,2.10.0.post4.dev20260715,2.10.0+cpu,3.2.0,r14_priority_argmax,True,True
9.1.0,random_bias,5,Ascend950PR_957b,True,True,,10,3,,512,,,,56,correctness,,wrapper,20260811,,,PASS,2.10.0.post4.dev20260715,2.10.0+cpu,3.2.0,r15_unique_top10_fastpath,True,True
9.1.0,random_bias,5,Ascend950PR_957b,True,True,,10,3,,512,,,,56,correctness,,wrapper,20260811,,,PASS,2.10.0.post4.dev20260715,2.10.0+cpu,3.2.0,r16_split_unique_recovery,True,True
9.1.0,random_bias,5,Ascend950PR_957b,True,True,,10,3,,512,,,,56,correctness,,wrapper,20260811,,,PASS,2.10.0.post4.dev20260715,2.10.0+cpu,3.2.0,r17_parallel_priority_argmax,True,True
9.1.0,random_bias,5,Ascend950PR_957b,True,True,,10,3,,512,,,,56,correctness,,wrapper,20260811,,,PASS,2.10.0.post4.dev20260715,2.10.0+cpu,3.2.0,r18_hierarchical_partial_sort,True,True
9.1.0,random_bias,5,Ascend950PR_957b,True,True,,10,3,,512,,,,56,correctness,,wrapper,20260811,,,PASS,2.10.0.post4.dev20260715,2.10.0+cpu,3.2.0,r19_unique_id_sum,True,True
9.1.0,random_bias,5,Ascend950PR_957b,True,True,,10,3,,512,,,,56,correctness,,wrapper,20260811,,,PASS,2.10.0.post4.dev20260715,2.10.0+cpu,3.2.0,r20_iterative_rank1_maxarg,True,True
9.1.0,random_bias,5,Ascend950PR_957b,True,True,,10,4,,512,,,,56,correctness,,wrapper,20260811,,,PASS,2.10.0.post4.dev20260715,2.10.0+cpu,3.2.0,r0_legacy,True,True
9.1.0,random_bias,5,Ascend950PR_957b,True,True,,10,4,,512,,,,56,correctness,,wrapper,20260811,,,PASS,2.10.0.post4.dev20260715,2.10.0+cpu,3.2.0,r1_constexpr,True,True
9.1.0,random_bias,5,Ascend950PR_957b,True,True,,10,4,,512,,,,56,correctness,,wrapper,20260811,,,PASS,2.10.0.post4.dev20260715,2.10.0+cpu,3.2.0,r2_core_partition,True,True
9.1.0,random_bias,5,Ascend950PR_957b,True,True,,10,4,,512,,,,56,correctness,,wrapper,20260811,,,PASS,2.10.0.post4.dev20260715,2.10.0+cpu,3.2.0,r3_sort_tie,True,True
9.1.0,random_bias,5,Ascend950PR_957b,True,True,,10,4,,512,,,,56,correctness,,wrapper,20260811,,,PASS,2.10.0.post4.dev20260715,2.10.0+cpu,3.2.0,r4_bias_hoist,True,True
9.1.0,random_bias,5,Ascend950PR_957b,True,True,,10,4,,512,,,,56,correctness,,wrapper,20260811,,,PASS,2.10.0.post4.dev20260715,2.10.0+cpu,3.2.0,r5_dispatch,True,True
9.1.0,random_bias,5,Ascend950PR_957b,True,True,,10,4,,512,,,,56,correctness,,wrapper,20260811,,,PASS,2.10.0.post4.dev20260715,2.10.0+cpu,3.2.0,r6_empirical_dispatch,True,True
9.1.0,random_bias,5,Ascend950PR_957b,True,True,,10,4,,512,,,,56,correctness,,wrapper,20260811,,,PASS,2.10.0.post4.dev20260715,2.10.0+cpu,3.2.0,r7_vector_tie_recovery,True,True
9.1.0,random_bias,5,Ascend950PR_957b,True,True,,10,4,,512,,,,56,correctness,,wrapper,20260811,,,PASS,2.10.0.post4.dev20260715,2.10.0+cpu,3.2.0,r8_safe_vector_dispatch,True,True
9.1.0,random_bias,5,Ascend950PR_957b,True,True,,10,4,,512,,,,56,correctness,,wrapper,20260811,,,PASS,2.10.0.post4.dev20260715,2.10.0+cpu,3.2.0,r9_pair_tie_recovery,True,True
9.1.0,random_bias,5,Ascend950PR_957b,True,True,,10,4,,512,,,,56,correctness,,wrapper,20260811,,,PASS,2.10.0.post4.dev20260715,2.10.0+cpu,3.2.0,r10_group_rank_threshold,True,True
9.1.0,random_bias,5,Ascend950PR_957b,True,True,,10,4,,512,,,,56,correctness,,wrapper,20260811,,,PASS,2.10.0.post4.dev20260715,2.10.0+cpu,3.2.0,r11_packed_exact_sort,True,True
9.1.0,random_bias,5,Ascend950PR_957b,True,True,,10,4,,512,,,,56,correctness,,wrapper,20260811,,,PASS,2.10.0.post4.dev20260715,2.10.0+cpu,3.2.0,r12_two_row_tile,True,True
9.1.0,random_bias,5,Ascend950PR_957b,True,True,,10,4,,512,,,,56,correctness,,wrapper,20260811,,,PASS,2.10.0.post4.dev20260715,2.10.0+cpu,3.2.0,r13_fp32_rank_reduce,True,True
9.1.0,random_bias,5,Ascend950PR_957b,True,True,,10,4,,512,,,,56,correctness,,wrapper,20260811,,,PASS,2.10.0.post4.dev20260715,2.10.0+cpu,3.2.0,r14_priority_argmax,True,True
9.1.0,random_bias,5,Ascend950PR_957b,True,True,,10,4,,512,,,,56,correctness,,wrapper,20260811,,,PASS,2.10.0.post4.dev20260715,2.10.0+cpu,3.2.0,r15_unique_top10_fastpath,True,True
9.1.0,random_bias,5,Ascend950PR_957b,True,True,,10,4,,512,,,,56,correctness,,wrapper,20260811,,,PASS,2.10.0.post4.dev20260715,2.10.0+cpu,3.2.0,r16_split_unique_recovery,True,True
9.1.0,random_bias,5,Ascend950PR_957b,True,True,,10,4,,512,,,,56,correctness,,wrapper,20260811,,,PASS,2.10.0.post4.dev20260715,2.10.0+cpu,3.2.0,r17_parallel_priority_argmax,True,True
9.1.0,random_bias,5,Ascend950PR_957b,True,True,,10,4,,512,,,,56,correctness,,wrapper,20260811,,,PASS,2.10.0.post4.dev20260715,2.10.0+cpu,3.2.0,r18_hierarchical_partial_sort,True,True
9.1.0,random_bias,5,Ascend950PR_957b,True,True,,10,4,,512,,,,56,correctness,,wrapper,20260811,,,PASS,2.10.0.post4.dev20260715,2.10.0+cpu,3.2.0,r19_unique_id_sum,True,True
9.1.0,random_bias,5,Ascend950PR_957b,True,True,,10,4,,512,,,,56,correctness,,wrapper,20260811,,,PASS,2.10.0.post4.dev20260715,2.10.0+cpu,3.2.0,r20_iterative_rank1_maxarg,True,True
9.1.0,random_bias,5,Ascend950PR_957b,True,True,,10,5,,512,,,,56,correctness,,wrapper,20260811,,,PASS,2.10.0.post4.dev20260715,2.10.0+cpu,3.2.0,r0_legacy,True,True
9.1.0,random_bias,5,Ascend950PR_957b,True,True,,10,5,,512,,,,56,correctness,,wrapper,20260811,,,PASS,2.10.0.post4.dev20260715,2.10.0+cpu,3.2.0,r1_constexpr,True,True
9.1.0,random_bias,5,Ascend950PR_957b,True,True,,10,5,,512,,,,56,correctness,,wrapper,20260811,,,PASS,2.10.0.post4.dev20260715,2.10.0+cpu,3.2.0,r2_core_partition,True,True
9.1.0,random_bias,5,Ascend950PR_957b,True,True,,10,5,,512,,,,56,correctness,,wrapper,20260811,,,PASS,2.10.0.post4.dev20260715,2.10.0+cpu,3.2.0,r3_sort_tie,True,True
9.1.0,random_bias,5,Ascend950PR_957b,True,True,,10,5,,512,,,,56,correctness,,wrapper,20260811,,,PASS,2.10.0.post4.dev20260715,2.10.0+cpu,3.2.0,r4_bias_hoist,True,True
9.1.0,random_bias,5,Ascend950PR_957b,True,True,,10,5,,512,,,,56,correctness,,wrapper,20260811,,,PASS,2.10.0.post4.dev20260715,2.10.0+cpu,3.2.0,r5_dispatch,True,True
9.1.0,random_bias,5,Ascend950PR_957b,True,True,,10,5,,512,,,,56,correctness,,wrapper,20260811,,,PASS,2.10.0.post4.dev20260715,2.10.0+cpu,3.2.0,r6_empirical_dispatch,True,True
9.1.0,random_bias,5,Ascend950PR_957b,True,True,,10,5,,512,,,,56,correctness,,wrapper,20260811,,,PASS,2.10.0.post4.dev20260715,2.10.0+cpu,3.2.0,r7_vector_tie_recovery,True,True
9.1.0,random_bias,5,Ascend950PR_957b,True,True,,10,5,,512,,,,56,correctness,,wrapper,20260811,,,PASS,2.10.0.post4.dev20260715,2.10.0+cpu,3.2.0,r8_safe_vector_dispatch,True,True
9.1.0,random_bias,5,Ascend950PR_957b,True,True,,10,5,,512,,,,56,correctness,,wrapper,20260811,,,PASS,2.10.0.post4.dev20260715,2.10.0+cpu,3.2.0,r9_pair_tie_recovery,True,True
9.1.0,random_bias,5,Ascend950PR_957b,True,True,,10,5,,512,,,,56,correctness,,wrapper,20260811,,,PASS,2.10.0.post4.dev20260715,2.10.0+cpu,3.2.0,r10_group_rank_threshold,True,True
9.1.0,random_bias,5,Ascend950PR_957b,True,True,,10,5,,512,,,,56,correctness,,wrapper,20260811,,,PASS,2.10.0.post4.dev20260715,2.10.0+cpu,3.2.0,r11_packed_exact_sort,True,True
9.1.0,random_bias,5,Ascend950PR_957b,True,True,,10,5,,512,,,,56,correctness,,wrapper,20260811,,,PASS,2.10.0.post4.dev20260715,2.10.0+cpu,3.2.0,r12_two_row_tile,True,True
9.1.0,random_bias,5,Ascend950PR_957b,True,True,,10,5,,512,,,,56,correctness,,wrapper,20260811,,,PASS,2.10.0.post4.dev20260715,2.10.0+cpu,3.2.0,r13_fp32_rank_reduce,True,True
9.1.0,random_bias,5,Ascend950PR_957b,True,True,,10,5,,512,,,,56,correctness,,wrapper,20260811,,,PASS,2.10.0.post4.dev20260715,2.10.0+cpu,3.2.0,r14_priority_argmax,True,True
9.1.0,random_bias,5,Ascend950PR_957b,True,True,,10,5,,512,,,,56,correctness,,wrapper,20260811,,,PASS,2.10.0.post4.dev20260715,2.10.0+cpu,3.2.0,r15_unique_top10_fastpath,True,True
9.1.0,random_bias,5,Ascend950PR_957b,True,True,,10,5,,512,,,,56,correctness,,wrapper,20260811,,,PASS,2.10.0.post4.dev20260715,2.10.0+cpu,3.2.0,r16_split_unique_recovery,True,True
9.1.0,random_bias,5,Ascend950PR_957b,True,True,,10,5,,512,,,,56,correctness,,wrapper,20260811,,,PASS,2.10.0.post4.dev20260715,2.10.0+cpu,3.2.0,r17_parallel_priority_argmax,True,True
9.1.0,random_bias,5,Ascend950PR_957b,True,True,,10,5,,512,,,,56,correctness,,wrapper,20260811,,,PASS,2.10.0.post4.dev20260715,2.10.0+cpu,3.2.0,r18_hierarchical_partial_sort,True,True
9.1.0,random_bias,5,Ascend950PR_957b,True,True,,10,5,,512,,,,56,correctness,,wrapper,20260811,,,PASS,2.10.0.post4.dev20260715,2.10.0+cpu,3.2.0,r19_unique_id_sum,True,True
9.1.0,random_bias,5,Ascend950PR_957b,True,True,,10,5,,512,,,,56,correctness,,wrapper,20260811,,,PASS,2.10.0.post4.dev20260715,2.10.0+cpu,3.2.0,r20_iterative_rank1_maxarg,True,True
9.1.0,random_bias,5,Ascend950PR_957b,True,True,,10,6,,512,,,,56,correctness,,wrapper,20260811,,,PASS,2.10.0.post4.dev20260715,2.10.0+cpu,3.2.0,r0_legacy,True,True
9.1.0,random_bias,5,Ascend950PR_957b,True,True,,10,6,,512,,,,56,correctness,,wrapper,20260811,,,PASS,2.10.0.post4.dev20260715,2.10.0+cpu,3.2.0,r1_constexpr,True,True
9.1.0,random_bias,5,Ascend950PR_957b,True,True,,10,6,,512,,,,56,correctness,,wrapper,20260811,,,PASS,2.10.0.post4.dev20260715,2.10.0+cpu,3.2.0,r2_core_partition,True,True
9.1.0,random_bias,5,Ascend950PR_957b,True,True,,10,6,,512,,,,56,correctness,,wrapper,20260811,,,PASS,2.10.0.post4.dev20260715,2.10.0+cpu,3.2.0,r3_sort_tie,True,True
9.1.0,random_bias,5,Ascend950PR_957b,True,True,,10,6,,512,,,,56,correctness,,wrapper,20260811,,,PASS,2.10.0.post4.dev20260715,2.10.0+cpu,3.2.0,r4_bias_hoist,True,True
9.1.0,random_bias,5,Ascend950PR_957b,True,True,,10,6,,512,,,,56,correctness,,wrapper,20260811,,,PASS,2.10.0.post4.dev20260715,2.10.0+cpu,3.2.0,r5_dispatch,True,True
9.1.0,random_bias,5,Ascend950PR_957b,True,True,,10,6,,512,,,,56,correctness,,wrapper,20260811,,,PASS,2.10.0.post4.dev20260715,2.10.0+cpu,3.2.0,r6_empirical_dispatch,True,True
9.1.0,random_bias,5,Ascend950PR_957b,True,True,,10,6,,512,,,,56,correctness,,wrapper,20260811,,,PASS,2.10.0.post4.dev20260715,2.10.0+cpu,3.2.0,r7_vector_tie_recovery,True,True
9.1.0,random_bias,5,Ascend950PR_957b,True,True,,10,6,,512,,,,56,correctness,,wrapper,20260811,,,PASS,2.10.0.post4.dev20260715,2.10.0+cpu,3.2.0,r8_safe_vector_dispatch,True,True
9.1.0,random_bias,5,Ascend950PR_957b,True,True,,10,6,,512,,,,56,correctness,,wrapper,20260811,,,PASS,2.10.0.post4.dev20260715,2.10.0+cpu,3.2.0,r9_pair_tie_recovery,True,True
9.1.0,random_bias,5,Ascend950PR_957b,True,True,,10,6,,512,,,,56,correctness,,wrapper,20260811,,,PASS,2.10.0.post4.dev20260715,2.10.0+cpu,3.2.0,r10_group_rank_threshold,True,True
9.1.0,random_bias,5,Ascend950PR_957b,True,True,,10,6,,512,,,,56,correctness,,wrapper,20260811,,,PASS,2.10.0.post4.dev20260715,2.10.0+cpu,3.2.0,r11_packed_exact_sort,True,True
9.1.0,random_bias,5,Ascend950PR_957b,True,True,,10,6,,512,,,,56,correctness,,wrapper,20260811,,,PASS,2.10.0.post4.dev20260715,2.10.0+cpu,3.2.0,r12_two_row_tile,True,True
9.1.0,random_bias,5,Ascend950PR_957b,True,True,,10,6,,512,,,,56,correctness,,wrapper,20260811,,,PASS,2.10.0.post4.dev20260715,2.10.0+cpu,3.2.0,r13_fp32_rank_reduce,True,True
9.1.0,random_bias,5,Ascend950PR_957b,True,True,,10,6,,512,,,,56,correctness,,wrapper,20260811,,,PASS,2.10.0.post4.dev20260715,2.10.0+cpu,3.2.0,r14_priority_argmax,True,True
9.1.0,random_bias,5,Ascend950PR_957b,True,True,,10,6,,512,,,,56,correctness,,wrapper,20260811,,,PASS,2.10.0.post4.dev20260715,2.10.0+cpu,3.2.0,r15_unique_top10_fastpath,True,True
9.1.0,random_bias,5,Ascend950PR_957b,True,True,,10,6,,512,,,,56,correctness,,wrapper,20260811,,,PASS,2.10.0.post4.dev20260715,2.10.0+cpu,3.2.0,r16_split_unique_recovery,True,True
9.1.0,random_bias,5,Ascend950PR_957b,True,True,,10,6,,512,,,,56,correctness,,wrapper,20260811,,,PASS,2.10.0.post4.dev20260715,2.10.0+cpu,3.2.0,r17_parallel_priority_argmax,True,True
9.1.0,random_bias,5,Ascend950PR_957b,True,True,,10,6,,512,,,,56,correctness,,wrapper,20260811,,,PASS,2.10.0.post4.dev20260715,2.10.0+cpu,3.2.0,r18_hierarchical_partial_sort,True,True
9.1.0,random_bias,5,Ascend950PR_957b,True,True,,10,6,,512,,,,56,correctness,,wrapper,20260811,,,PASS,2.10.0.post4.dev20260715,2.10.0+cpu,3.2.0,r19_unique_id_sum,True,True
9.1.0,random_bias,5,Ascend950PR_957b,True,True,,10,6,,512,,,,56,correctness,,wrapper,20260811,,,PASS,2.10.0.post4.dev20260715,2.10.0+cpu,3.2.0,r20_iterative_rank1_maxarg,True,True
9.1.0,random_bias,5,Ascend950PR_957b,True,True,,10,7,,512,,,,56,correctness,,wrapper,20260811,,,PASS,2.10.0.post4.dev20260715,2.10.0+cpu,3.2.0,r0_legacy,True,True
9.1.0,random_bias,5,Ascend950PR_957b,True,True,,10,7,,512,,,,56,correctness,,wrapper,20260811,,,PASS,2.10.0.post4.dev20260715,2.10.0+cpu,3.2.0,r1_constexpr,True,True
9.1.0,random_bias,5,Ascend950PR_957b,True,True,,10,7,,512,,,,56,correctness,,wrapper,20260811,,,PASS,2.10.0.post4.dev20260715,2.10.0+cpu,3.2.0,r2_core_partition,True,True
9.1.0,random_bias,5,Ascend950PR_957b,True,True,,10,7,,512,,,,56,correctness,,wrapper,20260811,,,PASS,2.10.0.post4.dev20260715,2.10.0+cpu,3.2.0,r3_sort_tie,True,True
9.1.0,random_bias,5,Ascend950PR_957b,True,True,,10,7,,512,,,,56,correctness,,wrapper,20260811,,,PASS,2.10.0.post4.dev20260715,2.10.0+cpu,3.2.0,r4_bias_hoist,True,True
9.1.0,random_bias,5,Ascend950PR_957b,True,True,,10,7,,512,,,,56,correctness,,wrapper,20260811,,,PASS,2.10.0.post4.dev20260715,2.10.0+cpu,3.2.0,r5_dispatch,True,True
9.1.0,random_bias,5,Ascend950PR_957b,True,True,,10,7,,512,,,,56,correctness,,wrapper,20260811,,,PASS,2.10.0.post4.dev20260715,2.10.0+cpu,3.2.0,r6_empirical_dispatch,True,True
9.1.0,random_bias,5,Ascend950PR_957b,True,True,,10,7,,512,,,,56,correctness,,wrapper,20260811,,,PASS,2.10.0.post4.dev20260715,2.10.0+cpu,3.2.0,r7_vector_tie_recovery,True,True
9.1.0,random_bias,5,Ascend950PR_957b,True,True,,10,7,,512,,,,56,correctness,,wrapper,20260811,,,PASS,2.10.0.post4.dev20260715,2.10.0+cpu,3.2.0,r8_safe_vector_dispatch,True,True
9.1.0,random_bias,5,Ascend950PR_957b,True,True,,10,7,,512,,,,56,correctness,,wrapper,20260811,,,PASS,2.10.0.post4.dev20260715,2.10.0+cpu,3.2.0,r9_pair_tie_recovery,True,True
9.1.0,random_bias,5,Ascend950PR_957b,True,True,,10,7,,512,,,,56,correctness,,wrapper,20260811,,,PASS,2.10.0.post4.dev20260715,2.10.0+cpu,3.2.0,r10_group_rank_threshold,True,True
9.1.0,random_bias,5,Ascend950PR_957b,True,True,,10,7,,512,,,,56,correctness,,wrapper,20260811,,,PASS,2.10.0.post4.dev20260715,2.10.0+cpu,3.2.0,r11_packed_exact_sort,True,True
9.1.0,random_bias,5,Ascend950PR_957b,True,True,,10,7,,512,,,,56,correctness,,wrapper,20260811,,,PASS,2.10.0.post4.dev20260715,2.10.0+cpu,3.2.0,r12_two_row_tile,True,True
9.1.0,random_bias,5,Ascend950PR_957b,True,True,,10,7,,512,,,,56,correctness,,wrapper,20260811,,,PASS,2.10.0.post4.dev20260715,2.10.0+cpu,3.2.0,r13_fp32_rank_reduce,True,True
9.1.0,random_bias,5,Ascend950PR_957b,True,True,,10,7,,512,,,,56,correctness,,wrapper,20260811,,,PASS,2.10.0.post4.dev20260715,2.10.0+cpu,3.2.0,r14_priority_argmax,True,True
9.1.0,random_bias,5,Ascend950PR_957b,True,True,,10,7,,512,,,,56,correctness,,wrapper,20260811,,,PASS,2.10.0.post4.dev20260715,2.10.0+cpu,3.2.0,r15_unique_top10_fastpath,True,True
9.1.0,random_bias,5,Ascend950PR_957b,True,True,,10,7,,512,,,,56,correctness,,wrapper,20260811,,,PASS,2.10.0.post4.dev20260715,2.10.0+cpu,3.2.0,r16_split_unique_recovery,True,True
9.1.0,random_bias,5,Ascend950PR_957b,True,True,,10,7,,512,,,,56,correctness,,wrapper,20260811,,,PASS,2.10.0.post4.dev20260715,2.10.0+cpu,3.2.0,r17_parallel_priority_argmax,True,True
9.1.0,random_bias,5,Ascend950PR_957b,True,True,,10,7,,512,,,,56,correctness,,wrapper,20260811,,,PASS,2.10.0.post4.dev20260715,2.10.0+cpu,3.2.0,r18_hierarchical_partial_sort,True,True
9.1.0,random_bias,5,Ascend950PR_957b,True,True,,10,7,,512,,,,56,correctness,,wrapper,20260811,,,PASS,2.10.0.post4.dev20260715,2.10.0+cpu,3.2.0,r19_unique_id_sum,True,True
9.1.0,random_bias,5,Ascend950PR_957b,True,True,,10,7,,512,,,,56,correctness,,wrapper,20260811,,,PASS,2.10.0.post4.dev20260715,2.10.0+cpu,3.2.0,r20_iterative_rank1_maxarg,True,True
9.1.0,random_bias,5,Ascend950PR_957b,True,True,,10,8,,512,,,,56,correctness,,wrapper,20260811,,,PASS,2.10.0.post4.dev20260715,2.10.0+cpu,3.2.0,r0_legacy,True,True
9.1.0,random_bias,5,Ascend950PR_957b,True,True,,10,8,,512,,,,56,correctness,,wrapper,20260811,,,PASS,2.10.0.post4.dev20260715,2.10.0+cpu,3.2.0,r1_constexpr,True,True
9.1.0,random_bias,5,Ascend950PR_957b,True,True,,10,8,,512,,,,56,correctness,,wrapper,20260811,,,PASS,2.10.0.post4.dev20260715,2.10.0+cpu,3.2.0,r2_core_partition,True,True
9.1.0,random_bias,5,Ascend950PR_957b,True,True,,10,8,,512,,,,56,correctness,,wrapper,20260811,,,PASS,2.10.0.post4.dev20260715,2.10.0+cpu,3.2.0,r3_sort_tie,True,True
9.1.0,random_bias,5,Ascend950PR_957b,True,True,,10,8,,512,,,,56,correctness,,wrapper,20260811,,,PASS,2.10.0.post4.dev20260715,2.10.0+cpu,3.2.0,r4_bias_hoist,True,True
9.1.0,random_bias,5,Ascend950PR_957b,True,True,,10,8,,512,,,,56,correctness,,wrapper,20260811,,,PASS,2.10.0.post4.dev20260715,2.10.0+cpu,3.2.0,r5_dispatch,True,True
9.1.0,random_bias,5,Ascend950PR_957b,True,True,,10,8,,512,,,,56,correctness,,wrapper,20260811,,,PASS,2.10.0.post4.dev20260715,2.10.0+cpu,3.2.0,r6_empirical_dispatch,True,True
9.1.0,random_bias,5,Ascend950PR_957b,True,True,,10,8,,512,,,,56,correctness,,wrapper,20260811,,,PASS,2.10.0.post4.dev20260715,2.10.0+cpu,3.2.0,r7_vector_tie_recovery,True,True
9.1.0,random_bias,5,Ascend950PR_957b,True,True,,10,8,,512,,,,56,correctness,,wrapper,20260811,,,PASS,2.10.0.post4.dev20260715,2.10.0+cpu,3.2.0,r8_safe_vector_dispatch,True,True
9.1.0,random_bias,5,Ascend950PR_957b,True,True,,10,8,,512,,,,56,correctness,,wrapper,20260811,,,PASS,2.10.0.post4.dev20260715,2.10.0+cpu,3.2.0,r9_pair_tie_recovery,True,True
9.1.0,random_bias,5,Ascend950PR_957b,True,True,,10,8,,512,,,,56,correctness,,wrapper,20260811,,,PASS,2.10.0.post4.dev20260715,2.10.0+cpu,3.2.0,r10_group_rank_threshold,True,True
9.1.0,random_bias,5,Ascend950PR_957b,True,True,,10,8,,512,,,,56,correctness,,wrapper,20260811,,,PASS,2.10.0.post4.dev20260715,2.10.0+cpu,3.2.0,r11_packed_exact_sort,True,True
9.1.0,random_bias,5,Ascend950PR_957b,True,True,,10,8,,512,,,,56,correctness,,wrapper,20260811,,,PASS,2.10.0.post4.dev20260715,2.10.0+cpu,3.2.0,r12_two_row_tile,True,True
9.1.0,random_bias,5,Ascend950PR_957b,True,True,,10,8,,512,,,,56,correctness,,wrapper,20260811,,,PASS,2.10.0.post4.dev20260715,2.10.0+cpu,3.2.0,r13_fp32_rank_reduce,True,True
9.1.0,random_bias,5,Ascend950PR_957b,True,True,,10,8,,512,,,,56,correctness,,wrapper,20260811,,,PASS,2.10.0.post4.dev20260715,2.10.0+cpu,3.2.0,r14_priority_argmax,True,True
9.1.0,random_bias,5,Ascend950PR_957b,True,True,,10,8,,512,,,,56,correctness,,wrapper,20260811,,,PASS,2.10.0.post4.dev20260715,2.10.0+cpu,3.2.0,r15_unique_top10_fastpath,True,True
9.1.0,random_bias,5,Ascend950PR_957b,True,True,,10,8,,512,,,,56,correctness,,wrapper,20260811,,,PASS,2.10.0.post4.dev20260715,2.10.0+cpu,3.2.0,r16_split_unique_recovery,True,True
9.1.0,random_bias,5,Ascend950PR_957b,True,True,,10,8,,512,,,,56,correctness,,wrapper,20260811,,,PASS,2.10.0.post4.dev20260715,2.10.0+cpu,3.2.0,r17_parallel_priority_argmax,True,True
9.1.0,random_bias,5,Ascend950PR_957b,True,True,,10,8,,512,,,,56,correctness,,wrapper,20260811,,,PASS,2.10.0.post4.dev20260715,2.10.0+cpu,3.2.0,r18_hierarchical_partial_sort,True,True
9.1.0,random_bias,5,Ascend950PR_957b,True,True,,10,8,,512,,,,56,correctness,,wrapper,20260811,,,PASS,2.10.0.post4.dev20260715,2.10.0+cpu,3.2.0,r19_unique_id_sum,True,True
9.1.0,random_bias,5,Ascend950PR_957b,True,True,,10,8,,512,,,,56,correctness,,wrapper,20260811,,,PASS,2.10.0.post4.dev20260715,2.10.0+cpu,3.2.0,r20_iterative_rank1_maxarg,True,True
9.1.0,random_bias,5,Ascend950PR_957b,True,True,,10,9,,512,,,,56,correctness,,wrapper,20260811,,,PASS,2.10.0.post4.dev20260715,2.10.0+cpu,3.2.0,r0_legacy,True,True
9.1.0,random_bias,5,Ascend950PR_957b,True,True,,10,9,,512,,,,56,correctness,,wrapper,20260811,,,PASS,2.10.0.post4.dev20260715,2.10.0+cpu,3.2.0,r1_constexpr,True,True
9.1.0,random_bias,5,Ascend950PR_957b,True,True,,10,9,,512,,,,56,correctness,,wrapper,20260811,,,PASS,2.10.0.post4.dev20260715,2.10.0+cpu,3.2.0,r2_core_partition,True,True
9.1.0,random_bias,5,Ascend950PR_957b,True,True,,10,9,,512,,,,56,correctness,,wrapper,20260811,,,PASS,2.10.0.post4.dev20260715,2.10.0+cpu,3.2.0,r3_sort_tie,True,True
9.1.0,random_bias,5,Ascend950PR_957b,True,True,,10,9,,512,,,,56,correctness,,wrapper,20260811,,,PASS,2.10.0.post4.dev20260715,2.10.0+cpu,3.2.0,r4_bias_hoist,True,True
9.1.0,random_bias,5,Ascend950PR_957b,True,True,,10,9,,512,,,,56,correctness,,wrapper,20260811,,,PASS,2.10.0.post4.dev20260715,2.10.0+cpu,3.2.0,r5_dispatch,True,True
9.1.0,random_bias,5,Ascend950PR_957b,True,True,,10,9,,512,,,,56,correctness,,wrapper,20260811,,,PASS,2.10.0.post4.dev20260715,2.10.0+cpu,3.2.0,r6_empirical_dispatch,True,True
9.1.0,random_bias,5,Ascend950PR_957b,True,True,,10,9,,512,,,,56,correctness,,wrapper,20260811,,,PASS,2.10.0.post4.dev20260715,2.10.0+cpu,3.2.0,r7_vector_tie_recovery,True,True
9.1.0,random_bias,5,Ascend950PR_957b,True,True,,10,9,,512,,,,56,correctness,,wrapper,20260811,,,PASS,2.10.0.post4.dev20260715,2.10.0+cpu,3.2.0,r8_safe_vector_dispatch,True,True
9.1.0,random_bias,5,Ascend950PR_957b,True,True,,10,9,,512,,,,56,correctness,,wrapper,20260811,,,PASS,2.10.0.post4.dev20260715,2.10.0+cpu,3.2.0,r9_pair_tie_recovery,True,True
9.1.0,random_bias,5,Ascend950PR_957b,True,True,,10,9,,512,,,,56,correctness,,wrapper,20260811,,,PASS,2.10.0.post4.dev20260715,2.10.0+cpu,3.2.0,r10_group_rank_threshold,True,True
9.1.0,random_bias,5,Ascend950PR_957b,True,True,,10,9,,512,,,,56,correctness,,wrapper,20260811,,,PASS,2.10.0.post4.dev20260715,2.10.0+cpu,3.2.0,r11_packed_exact_sort,True,True
9.1.0,random_bias,5,Ascend950PR_957b,True,True,,10,9,,512,,,,56,correctness,,wrapper,20260811,,,PASS,2.10.0.post4.dev20260715,2.10.0+cpu,3.2.0,r12_two_row_tile,True,True
9.1.0,random_bias,5,Ascend950PR_957b,True,True,,10,9,,512,,,,56,correctness,,wrapper,20260811,,,PASS,2.10.0.post4.dev20260715,2.10.0+cpu,3.2.0,r13_fp32_rank_reduce,True,True
9.1.0,random_bias,5,Ascend950PR_957b,True,True,,10,9,,512,,,,56,correctness,,wrapper,20260811,,,PASS,2.10.0.post4.dev20260715,2.10.0+cpu,3.2.0,r14_priority_argmax,True,True
9.1.0,random_bias,5,Ascend950PR_957b,True,True,,10,9,,512,,,,56,correctness,,wrapper,20260811,,,PASS,2.10.0.post4.dev20260715,2.10.0+cpu,3.2.0,r15_unique_top10_fastpath,True,True
9.1.0,random_bias,5,Ascend950PR_957b,True,True,,10,9,,512,,,,56,correctness,,wrapper,20260811,,,PASS,2.10.0.post4.dev20260715,2.10.0+cpu,3.2.0,r16_split_unique_recovery,True,True
9.1.0,random_bias,5,Ascend950PR_957b,True,True,,10,9,,512,,,,56,correctness,,wrapper,20260811,,,PASS,2.10.0.post4.dev20260715,2.10.0+cpu,3.2.0,r17_parallel_priority_argmax,True,True
9.1.0,random_bias,5,Ascend950PR_957b,True,True,,10,9,,512,,,,56,correctness,,wrapper,20260811,,,PASS,2.10.0.post4.dev20260715,2.10.0+cpu,3.2.0,r18_hierarchical_partial_sort,True,True
9.1.0,random_bias,5,Ascend950PR_957b,True,True,,10,9,,512,,,,56,correctness,,wrapper,20260811,,,PASS,2.10.0.post4.dev20260715,2.10.0+cpu,3.2.0,r19_unique_id_sum,True,True
9.1.0,random_bias,5,Ascend950PR_957b,True,True,,10,9,,512,,,,56,correctness,,wrapper,20260811,,,PASS,2.10.0.post4.dev20260715,2.10.0+cpu,3.2.0,r20_iterative_rank1_maxarg,True,True
9.1.0,random_bias,5,Ascend950PR_957b,True,True,,10,10,,512,,,,56,correctness,,wrapper,20260811,,,PASS,2.10.0.post4.dev20260715,2.10.0+cpu,3.2.0,r0_legacy,True,True
9.1.0,random_bias,5,Ascend950PR_957b,True,True,,10,10,,512,,,,56,correctness,,wrapper,20260811,,,PASS,2.10.0.post4.dev20260715,2.10.0+cpu,3.2.0,r1_constexpr,True,True
9.1.0,random_bias,5,Ascend950PR_957b,True,True,,10,10,,512,,,,56,correctness,,wrapper,20260811,,,PASS,2.10.0.post4.dev20260715,2.10.0+cpu,3.2.0,r2_core_partition,True,True
9.1.0,random_bias,5,Ascend950PR_957b,True,True,,10,10,,512,,,,56,correctness,,wrapper,20260811,,,PASS,2.10.0.post4.dev20260715,2.10.0+cpu,3.2.0,r3_sort_tie,True,True
9.1.0,random_bias,5,Ascend950PR_957b,True,True,,10,10,,512,,,,56,correctness,,wrapper,20260811,,,PASS,2.10.0.post4.dev20260715,2.10.0+cpu,3.2.0,r4_bias_hoist,True,True
9.1.0,random_bias,5,Ascend950PR_957b,True,True,,10,10,,512,,,,56,correctness,,wrapper,20260811,,,PASS,2.10.0.post4.dev20260715,2.10.0+cpu,3.2.0,r5_dispatch,True,True
9.1.0,random_bias,5,Ascend950PR_957b,True,True,,10,10,,512,,,,56,correctness,,wrapper,20260811,,,PASS,2.10.0.post4.dev20260715,2.10.0+cpu,3.2.0,r6_empirical_dispatch,True,True
9.1.0,random_bias,5,Ascend950PR_957b,True,True,,10,10,,512,,,,56,correctness,,wrapper,20260811,,,PASS,2.10.0.post4.dev20260715,2.10.0+cpu,3.2.0,r7_vector_tie_recovery,True,True
9.1.0,random_bias,5,Ascend950PR_957b,True,True,,10,10,,512,,,,56,correctness,,wrapper,20260811,,,PASS,2.10.0.post4.dev20260715,2.10.0+cpu,3.2.0,r8_safe_vector_dispatch,True,True
9.1.0,random_bias,5,Ascend950PR_957b,True,True,,10,10,,512,,,,56,correctness,,wrapper,20260811,,,PASS,2.10.0.post4.dev20260715,2.10.0+cpu,3.2.0,r9_pair_tie_recovery,True,True
9.1.0,random_bias,5,Ascend950PR_957b,True,True,,10,10,,512,,,,56,correctness,,wrapper,20260811,,,PASS,2.10.0.post4.dev20260715,2.10.0+cpu,3.2.0,r10_group_rank_threshold,True,True
9.1.0,random_bias,5,Ascend950PR_957b,True,True,,10,10,,512,,,,56,correctness,,wrapper,20260811,,,PASS,2.10.0.post4.dev20260715,2.10.0+cpu,3.2.0,r11_packed_exact_sort,True,True
9.1.0,random_bias,5,Ascend950PR_957b,True,True,,10,10,,512,,,,56,correctness,,wrapper,20260811,,,PASS,2.10.0.post4.dev20260715,2.10.0+cpu,3.2.0,r12_two_row_tile,True,True
9.1.0,random_bias,5,Ascend950PR_957b,True,True,,10,10,,512,,,,56,correctness,,wrapper,20260811,,,PASS,2.10.0.post4.dev20260715,2.10.0+cpu,3.2.0,r13_fp32_rank_reduce,True,True
9.1.0,random_bias,5,Ascend950PR_957b,True,True,,10,10,,512,,,,56,correctness,,wrapper,20260811,,,PASS,2.10.0.post4.dev20260715,2.10.0+cpu,3.2.0,r14_priority_argmax,True,True
9.1.0,random_bias,5,Ascend950PR_957b,True,True,,10,10,,512,,,,56,correctness,,wrapper,20260811,,,PASS,2.10.0.post4.dev20260715,2.10.0+cpu,3.2.0,r15_unique_top10_fastpath,True,True
9.1.0,random_bias,5,Ascend950PR_957b,True,True,,10,10,,512,,,,56,correctness,,wrapper,20260811,,,PASS,2.10.0.post4.dev20260715,2.10.0+cpu,3.2.0,r16_split_unique_recovery,True,True
9.1.0,random_bias,5,Ascend950PR_957b,True,True,,10,10,,512,,,,56,correctness,,wrapper,20260811,,,PASS,2.10.0.post4.dev20260715,2.10.0+cpu,3.2.0,r17_parallel_priority_argmax,True,True
9.1.0,random_bias,5,Ascend950PR_957b,True,True,,10,10,,512,,,,56,correctness,,wrapper,20260811,,,PASS,2.10.0.post4.dev20260715,2.10.0+cpu,3.2.0,r18_hierarchical_partial_sort,True,True
9.1.0,random_bias,5,Ascend950PR_957b,True,True,,10,10,,512,,,,56,correctness,,wrapper,20260811,,,PASS,2.10.0.post4.dev20260715,2.10.0+cpu,3.2.0,r19_unique_id_sum,True,True
9.1.0,random_bias,5,Ascend950PR_957b,True,True,,10,10,,512,,,,56,correctness,,wrapper,20260811,,,PASS,2.10.0.post4.dev20260715,2.10.0+cpu,3.2.0,r20_iterative_rank1_maxarg,True,True
9.1.0,random_bias,5,Ascend950PR_957b,True,True,,10,11,,512,,,,56,correctness,,wrapper,20260811,,,PASS,2.10.0.post4.dev20260715,2.10.0+cpu,3.2.0,r0_legacy,True,True
9.1.0,random_bias,5,Ascend950PR_957b,True,True,,10,11,,512,,,,56,correctness,,wrapper,20260811,,,PASS,2.10.0.post4.dev20260715,2.10.0+cpu,3.2.0,r1_constexpr,True,True
9.1.0,random_bias,5,Ascend950PR_957b,True,True,,10,11,,512,,,,56,correctness,,wrapper,20260811,,,PASS,2.10.0.post4.dev20260715,2.10.0+cpu,3.2.0,r2_core_partition,True,True
9.1.0,random_bias,5,Ascend950PR_957b,True,True,,10,11,,512,,,,56,correctness,,wrapper,20260811,,,PASS,2.10.0.post4.dev20260715,2.10.0+cpu,3.2.0,r3_sort_tie,True,True
9.1.0,random_bias,5,Ascend950PR_957b,True,True,,10,11,,512,,,,56,correctness,,wrapper,20260811,,,PASS,2.10.0.post4.dev20260715,2.10.0+cpu,3.2.0,r4_bias_hoist,True,True
9.1.0,random_bias,5,Ascend950PR_957b,True,True,,10,11,,512,,,,56,correctness,,wrapper,20260811,,,PASS,2.10.0.post4.dev20260715,2.10.0+cpu,3.2.0,r5_dispatch,True,True
9.1.0,random_bias,5,Ascend950PR_957b,True,True,,10,11,,512,,,,56,correctness,,wrapper,20260811,,,PASS,2.10.0.post4.dev20260715,2.10.0+cpu,3.2.0,r6_empirical_dispatch,True,True
9.1.0,random_bias,5,Ascend950PR_957b,True,True,,10,11,,512,,,,56,correctness,,wrapper,20260811,,,PASS,2.10.0.post4.dev20260715,2.10.0+cpu,3.2.0,r7_vector_tie_recovery,True,True
9.1.0,random_bias,5,Ascend950PR_957b,True,True,,10,11,,512,,,,56,correctness,,wrapper,20260811,,,PASS,2.10.0.post4.dev20260715,2.10.0+cpu,3.2.0,r8_safe_vector_dispatch,True,True
9.1.0,random_bias,5,Ascend950PR_957b,True,True,,10,11,,512,,,,56,correctness,,wrapper,20260811,,,PASS,2.10.0.post4.dev20260715,2.10.0+cpu,3.2.0,r9_pair_tie_recovery,True,True
9.1.0,random_bias,5,Ascend950PR_957b,True,True,,10,11,,512,,,,56,correctness,,wrapper,20260811,,,PASS,2.10.0.post4.dev20260715,2.10.0+cpu,3.2.0,r10_group_rank_threshold,True,True
9.1.0,random_bias,5,Ascend950PR_957b,True,True,,10,11,,512,,,,56,correctness,,wrapper,20260811,,,PASS,2.10.0.post4.dev20260715,2.10.0+cpu,3.2.0,r11_packed_exact_sort,True,True
9.1.0,random_bias,5,Ascend950PR_957b,True,True,,10,11,,512,,,,56,correctness,,wrapper,20260811,,,PASS,2.10.0.post4.dev20260715,2.10.0+cpu,3.2.0,r12_two_row_tile,True,True
9.1.0,random_bias,5,Ascend950PR_957b,True,True,,10,11,,512,,,,56,correctness,,wrapper,20260811,,,PASS,2.10.0.post4.dev20260715,2.10.0+cpu,3.2.0,r13_fp32_rank_reduce,True,True
9.1.0,random_bias,5,Ascend950PR_957b,True,True,,10,11,,512,,,,56,correctness,,wrapper,20260811,,,PASS,2.10.0.post4.dev20260715,2.10.0+cpu,3.2.0,r14_priority_argmax,True,True
9.1.0,random_bias,5,Ascend950PR_957b,True,True,,10,11,,512,,,,56,correctness,,wrapper,20260811,,,PASS,2.10.0.post4.dev20260715,2.10.0+cpu,3.2.0,r15_unique_top10_fastpath,True,True
9.1.0,random_bias,5,Ascend950PR_957b,True,True,,10,11,,512,,,,56,correctness,,wrapper,20260811,,,PASS,2.10.0.post4.dev20260715,2.10.0+cpu,3.2.0,r16_split_unique_recovery,True,True
9.1.0,random_bias,5,Ascend950PR_957b,True,True,,10,11,,512,,,,56,correctness,,wrapper,20260811,,,PASS,2.10.0.post4.dev20260715,2.10.0+cpu,3.2.0,r17_parallel_priority_argmax,True,True
9.1.0,random_bias,5,Ascend950PR_957b,True,True,,10,11,,512,,,,56,correctness,,wrapper,20260811,,,PASS,2.10.0.post4.dev20260715,2.10.0+cpu,3.2.0,r18_hierarchical_partial_sort,True,True
9.1.0,random_bias,5,Ascend950PR_957b,True,True,,10,11,,512,,,,56,correctness,,wrapper,20260811,,,PASS,2.10.0.post4.dev20260715,2.10.0+cpu,3.2.0,r19_unique_id_sum,True,True
9.1.0,random_bias,5,Ascend950PR_957b,True,True,,10,11,,512,,,,56,correctness,,wrapper,20260811,,,PASS,2.10.0.post4.dev20260715,2.10.0+cpu,3.2.0,r20_iterative_rank1_maxarg,True,True
9.1.0,random_bias,5,Ascend950PR_957b,True,True,,10,12,,512,,,,56,correctness,,wrapper,20260811,,,PASS,2.10.0.post4.dev20260715,2.10.0+cpu,3.2.0,r0_legacy,True,True
9.1.0,random_bias,5,Ascend950PR_957b,True,True,,10,12,,512,,,,56,correctness,,wrapper,20260811,,,PASS,2.10.0.post4.dev20260715,2.10.0+cpu,3.2.0,r1_constexpr,True,True
9.1.0,random_bias,5,Ascend950PR_957b,True,True,,10,12,,512,,,,56,correctness,,wrapper,20260811,,,PASS,2.10.0.post4.dev20260715,2.10.0+cpu,3.2.0,r2_core_partition,True,True
9.1.0,random_bias,5,Ascend950PR_957b,True,True,,10,12,,512,,,,56,correctness,,wrapper,20260811,,,PASS,2.10.0.post4.dev20260715,2.10.0+cpu,3.2.0,r3_sort_tie,True,True
9.1.0,random_bias,5,Ascend950PR_957b,True,True,,10,12,,512,,,,56,correctness,,wrapper,20260811,,,PASS,2.10.0.post4.dev20260715,2.10.0+cpu,3.2.0,r4_bias_hoist,True,True
9.1.0,random_bias,5,Ascend950PR_957b,True,True,,10,12,,512,,,,56,correctness,,wrapper,20260811,,,PASS,2.10.0.post4.dev20260715,2.10.0+cpu,3.2.0,r5_dispatch,True,True
9.1.0,random_bias,5,Ascend950PR_957b,True,True,,10,12,,512,,,,56,correctness,,wrapper,20260811,,,PASS,2.10.0.post4.dev20260715,2.10.0+cpu,3.2.0,r6_empirical_dispatch,True,True
9.1.0,random_bias,5,Ascend950PR_957b,True,True,,10,12,,512,,,,56,correctness,,wrapper,20260811,,,PASS,2.10.0.post4.dev20260715,2.10.0+cpu,3.2.0,r7_vector_tie_recovery,True,True
9.1.0,random_bias,5,Ascend950PR_957b,True,True,,10,12,,512,,,,56,correctness,,wrapper,20260811,,,PASS,2.10.0.post4.dev20260715,2.10.0+cpu,3.2.0,r8_safe_vector_dispatch,True,True
9.1.0,random_bias,5,Ascend950PR_957b,True,True,,10,12,,512,,,,56,correctness,,wrapper,20260811,,,PASS,2.10.0.post4.dev20260715,2.10.0+cpu,3.2.0,r9_pair_tie_recovery,True,True
9.1.0,random_bias,5,Ascend950PR_957b,True,True,,10,12,,512,,,,56,correctness,,wrapper,20260811,,,PASS,2.10.0.post4.dev20260715,2.10.0+cpu,3.2.0,r10_group_rank_threshold,True,True
9.1.0,random_bias,5,Ascend950PR_957b,True,True,,10,12,,512,,,,56,correctness,,wrapper,20260811,,,PASS,2.10.0.post4.dev20260715,2.10.0+cpu,3.2.0,r11_packed_exact_sort,True,True
9.1.0,random_bias,5,Ascend950PR_957b,True,True,,10,12,,512,,,,56,correctness,,wrapper,20260811,,,PASS,2.10.0.post4.dev20260715,2.10.0+cpu,3.2.0,r12_two_row_tile,True,True
9.1.0,random_bias,5,Ascend950PR_957b,True,True,,10,12,,512,,,,56,correctness,,wrapper,20260811,,,PASS,2.10.0.post4.dev20260715,2.10.0+cpu,3.2.0,r13_fp32_rank_reduce,True,True
9.1.0,random_bias,5,Ascend950PR_957b,True,True,,10,12,,512,,,,56,correctness,,wrapper,20260811,,,PASS,2.10.0.post4.dev20260715,2.10.0+cpu,3.2.0,r14_priority_argmax,True,True
9.1.0,random_bias,5,Ascend950PR_957b,True,True,,10,12,,512,,,,56,correctness,,wrapper,20260811,,,PASS,2.10.0.post4.dev20260715,2.10.0+cpu,3.2.0,r15_unique_top10_fastpath,True,True
9.1.0,random_bias,5,Ascend950PR_957b,True,True,,10,12,,512,,,,56,correctness,,wrapper,20260811,,,PASS,2.10.0.post4.dev20260715,2.10.0+cpu,3.2.0,r16_split_unique_recovery,True,True
9.1.0,random_bias,5,Ascend950PR_957b,True,True,,10,12,,512,,,,56,correctness,,wrapper,20260811,,,PASS,2.10.0.post4.dev20260715,2.10.0+cpu,3.2.0,r17_parallel_priority_argmax,True,True
9.1.0,random_bias,5,Ascend950PR_957b,True,True,,10,12,,512,,,,56,correctness,,wrapper,20260811,,,PASS,2.10.0.post4.dev20260715,2.10.0+cpu,3.2.0,r18_hierarchical_partial_sort,True,True
9.1.0,random_bias,5,Ascend950PR_957b,True,True,,10,12,,512,,,,56,correctness,,wrapper,20260811,,,PASS,2.10.0.post4.dev20260715,2.10.0+cpu,3.2.0,r19_unique_id_sum,True,True
9.1.0,random_bias,5,Ascend950PR_957b,True,True,,10,12,,512,,,,56,correctness,,wrapper,20260811,,,PASS,2.10.0.post4.dev20260715,2.10.0+cpu,3.2.0,r20_iterative_rank1_maxarg,True,True
9.1.0,random_bias,5,Ascend950PR_957b,True,True,,10,13,,512,,,,56,correctness,,wrapper,20260811,,,PASS,2.10.0.post4.dev20260715,2.10.0+cpu,3.2.0,r0_legacy,True,True
9.1.0,random_bias,5,Ascend950PR_957b,True,True,,10,13,,512,,,,56,correctness,,wrapper,20260811,,,PASS,2.10.0.post4.dev20260715,2.10.0+cpu,3.2.0,r1_constexpr,True,True
9.1.0,random_bias,5,Ascend950PR_957b,True,True,,10,13,,512,,,,56,correctness,,wrapper,20260811,,,PASS,2.10.0.post4.dev20260715,2.10.0+cpu,3.2.0,r2_core_partition,True,True
9.1.0,random_bias,5,Ascend950PR_957b,True,True,,10,13,,512,,,,56,correctness,,wrapper,20260811,,,PASS,2.10.0.post4.dev20260715,2.10.0+cpu,3.2.0,r3_sort_tie,True,True
9.1.0,random_bias,5,Ascend950PR_957b,True,True,,10,13,,512,,,,56,correctness,,wrapper,20260811,,,PASS,2.10.0.post4.dev20260715,2.10.0+cpu,3.2.0,r4_bias_hoist,True,True
9.1.0,random_bias,5,Ascend950PR_957b,True,True,,10,13,,512,,,,56,correctness,,wrapper,20260811,,,PASS,2.10.0.post4.dev20260715,2.10.0+cpu,3.2.0,r5_dispatch,True,True
9.1.0,random_bias,5,Ascend950PR_957b,True,True,,10,13,,512,,,,56,correctness,,wrapper,20260811,,,PASS,2.10.0.post4.dev20260715,2.10.0+cpu,3.2.0,r6_empirical_dispatch,True,True
9.1.0,random_bias,5,Ascend950PR_957b,True,True,,10,13,,512,,,,56,correctness,,wrapper,20260811,,,PASS,2.10.0.post4.dev20260715,2.10.0+cpu,3.2.0,r7_vector_tie_recovery,True,True
9.1.0,random_bias,5,Ascend950PR_957b,True,True,,10,13,,512,,,,56,correctness,,wrapper,20260811,,,PASS,2.10.0.post4.dev20260715,2.10.0+cpu,3.2.0,r8_safe_vector_dispatch,True,True
9.1.0,random_bias,5,Ascend950PR_957b,True,True,,10,13,,512,,,,56,correctness,,wrapper,20260811,,,PASS,2.10.0.post4.dev20260715,2.10.0+cpu,3.2.0,r9_pair_tie_recovery,True,True
9.1.0,random_bias,5,Ascend950PR_957b,True,True,,10,13,,512,,,,56,correctness,,wrapper,20260811,,,PASS,2.10.0.post4.dev20260715,2.10.0+cpu,3.2.0,r10_group_rank_threshold,True,True
9.1.0,random_bias,5,Ascend950PR_957b,True,True,,10,13,,512,,,,56,correctness,,wrapper,20260811,,,PASS,2.10.0.post4.dev20260715,2.10.0+cpu,3.2.0,r11_packed_exact_sort,True,True
9.1.0,random_bias,5,Ascend950PR_957b,True,True,,10,13,,512,,,,56,correctness,,wrapper,20260811,,,PASS,2.10.0.post4.dev20260715,2.10.0+cpu,3.2.0,r12_two_row_tile,True,True
9.1.0,random_bias,5,Ascend950PR_957b,True,True,,10,13,,512,,,,56,correctness,,wrapper,20260811,,,PASS,2.10.0.post4.dev20260715,2.10.0+cpu,3.2.0,r13_fp32_rank_reduce,True,True
9.1.0,random_bias,5,Ascend950PR_957b,True,True,,10,13,,512,,,,56,correctness,,wrapper,20260811,,,PASS,2.10.0.post4.dev20260715,2.10.0+cpu,3.2.0,r14_priority_argmax,True,True
9.1.0,random_bias,5,Ascend950PR_957b,True,True,,10,13,,512,,,,56,correctness,,wrapper,20260811,,,PASS,2.10.0.post4.dev20260715,2.10.0+cpu,3.2.0,r15_unique_top10_fastpath,True,True
9.1.0,random_bias,5,Ascend950PR_957b,True,True,,10,13,,512,,,,56,correctness,,wrapper,20260811,,,PASS,2.10.0.post4.dev20260715,2.10.0+cpu,3.2.0,r16_split_unique_recovery,True,True
9.1.0,random_bias,5,Ascend950PR_957b,True,True,,10,13,,512,,,,56,correctness,,wrapper,20260811,,,PASS,2.10.0.post4.dev20260715,2.10.0+cpu,3.2.0,r17_parallel_priority_argmax,True,True
9.1.0,random_bias,5,Ascend950PR_957b,True,True,,10,13,,512,,,,56,correctness,,wrapper,20260811,,,PASS,2.10.0.post4.dev20260715,2.10.0+cpu,3.2.0,r18_hierarchical_partial_sort,True,True
9.1.0,random_bias,5,Ascend950PR_957b,True,True,,10,13,,512,,,,56,correctness,,wrapper,20260811,,,PASS,2.10.0.post4.dev20260715,2.10.0+cpu,3.2.0,r19_unique_id_sum,True,True
9.1.0,random_bias,5,Ascend950PR_957b,True,True,,10,13,,512,,,,56,correctness,,wrapper,20260811,,,PASS,2.10.0.post4.dev20260715,2.10.0+cpu,3.2.0,r20_iterative_rank1_maxarg,True,True
9.1.0,random_bias,5,Ascend950PR_957b,True,True,,10,14,,512,,,,56,correctness,,wrapper,20260811,,,PASS,2.10.0.post4.dev20260715,2.10.0+cpu,3.2.0,r0_legacy,True,True
9.1.0,random_bias,5,Ascend950PR_957b,True,True,,10,14,,512,,,,56,correctness,,wrapper,20260811,,,PASS,2.10.0.post4.dev20260715,2.10.0+cpu,3.2.0,r1_constexpr,True,True
9.1.0,random_bias,5,Ascend950PR_957b,True,True,,10,14,,512,,,,56,correctness,,wrapper,20260811,,,PASS,2.10.0.post4.dev20260715,2.10.0+cpu,3.2.0,r2_core_partition,True,True
9.1.0,random_bias,5,Ascend950PR_957b,True,True,,10,14,,512,,,,56,correctness,,wrapper,20260811,,,PASS,2.10.0.post4.dev20260715,2.10.0+cpu,3.2.0,r3_sort_tie,True,True
9.1.0,random_bias,5,Ascend950PR_957b,True,True,,10,14,,512,,,,56,correctness,,wrapper,20260811,,,PASS,2.10.0.post4.dev20260715,2.10.0+cpu,3.2.0,r4_bias_hoist,True,True
9.1.0,random_bias,5,Ascend950PR_957b,True,True,,10,14,,512,,,,56,correctness,,wrapper,20260811,,,PASS,2.10.0.post4.dev20260715,2.10.0+cpu,3.2.0,r5_dispatch,True,True
9.1.0,random_bias,5,Ascend950PR_957b,True,True,,10,14,,512,,,,56,correctness,,wrapper,20260811,,,PASS,2.10.0.post4.dev20260715,2.10.0+cpu,3.2.0,r6_empirical_dispatch,True,True
9.1.0,random_bias,5,Ascend950PR_957b,True,True,,10,14,,512,,,,56,correctness,,wrapper,20260811,,,PASS,2.10.0.post4.dev20260715,2.10.0+cpu,3.2.0,r7_vector_tie_recovery,True,True
9.1.0,random_bias,5,Ascend950PR_957b,True,True,,10,14,,512,,,,56,correctness,,wrapper,20260811,,,PASS,2.10.0.post4.dev20260715,2.10.0+cpu,3.2.0,r8_safe_vector_dispatch,True,True
9.1.0,random_bias,5,Ascend950PR_957b,True,True,,10,14,,512,,,,56,correctness,,wrapper,20260811,,,PASS,2.10.0.post4.dev20260715,2.10.0+cpu,3.2.0,r9_pair_tie_recovery,True,True
9.1.0,random_bias,5,Ascend950PR_957b,True,True,,10,14,,512,,,,56,correctness,,wrapper,20260811,,,PASS,2.10.0.post4.dev20260715,2.10.0+cpu,3.2.0,r10_group_rank_threshold,True,True
9.1.0,random_bias,5,Ascend950PR_957b,True,True,,10,14,,512,,,,56,correctness,,wrapper,20260811,,,PASS,2.10.0.post4.dev20260715,2.10.0+cpu,3.2.0,r11_packed_exact_sort,True,True
9.1.0,random_bias,5,Ascend950PR_957b,True,True,,10,14,,512,,,,56,correctness,,wrapper,20260811,,,PASS,2.10.0.post4.dev20260715,2.10.0+cpu,3.2.0,r12_two_row_tile,True,True
9.1.0,random_bias,5,Ascend950PR_957b,True,True,,10,14,,512,,,,56,correctness,,wrapper,20260811,,,PASS,2.10.0.post4.dev20260715,2.10.0+cpu,3.2.0,r13_fp32_rank_reduce,True,True
9.1.0,random_bias,5,Ascend950PR_957b,True,True,,10,14,,512,,,,56,correctness,,wrapper,20260811,,,PASS,2.10.0.post4.dev20260715,2.10.0+cpu,3.2.0,r14_priority_argmax,True,True
9.1.0,random_bias,5,Ascend950PR_957b,True,True,,10,14,,512,,,,56,correctness,,wrapper,20260811,,,PASS,2.10.0.post4.dev20260715,2.10.0+cpu,3.2.0,r15_unique_top10_fastpath,True,True
9.1.0,random_bias,5,Ascend950PR_957b,True,True,,10,14,,512,,,,56,correctness,,wrapper,20260811,,,PASS,2.10.0.post4.dev20260715,2.10.0+cpu,3.2.0,r16_split_unique_recovery,True,True
9.1.0,random_bias,5,Ascend950PR_957b,True,True,,10,14,,512,,,,56,correctness,,wrapper,20260811,,,PASS,2.10.0.post4.dev20260715,2.10.0+cpu,3.2.0,r17_parallel_priority_argmax,True,True
9.1.0,random_bias,5,Ascend950PR_957b,True,True,,10,14,,512,,,,56,correctness,,wrapper,20260811,,,PASS,2.10.0.post4.dev20260715,2.10.0+cpu,3.2.0,r18_hierarchical_partial_sort,True,True
9.1.0,random_bias,5,Ascend950PR_957b,True,True,,10,14,,512,,,,56,correctness,,wrapper,20260811,,,PASS,2.10.0.post4.dev20260715,2.10.0+cpu,3.2.0,r19_unique_id_sum,True,True
9.1.0,random_bias,5,Ascend950PR_957b,True,True,,10,14,,512,,,,56,correctness,,wrapper,20260811,,,PASS,2.10.0.post4.dev20260715,2.10.0+cpu,3.2.0,r20_iterative_rank1_maxarg,True,True
9.1.0,random_bias,5,Ascend950PR_957b,True,True,,10,15,,512,,,,56,correctness,,wrapper,20260811,,,PASS,2.10.0.post4.dev20260715,2.10.0+cpu,3.2.0,r0_legacy,True,True
9.1.0,random_bias,5,Ascend950PR_957b,True,True,,10,15,,512,,,,56,correctness,,wrapper,20260811,,,PASS,2.10.0.post4.dev20260715,2.10.0+cpu,3.2.0,r1_constexpr,True,True
9.1.0,random_bias,5,Ascend950PR_957b,True,True,,10,15,,512,,,,56,correctness,,wrapper,20260811,,,PASS,2.10.0.post4.dev20260715,2.10.0+cpu,3.2.0,r2_core_partition,True,True
9.1.0,random_bias,5,Ascend950PR_957b,True,True,,10,15,,512,,,,56,correctness,,wrapper,20260811,,,PASS,2.10.0.post4.dev20260715,2.10.0+cpu,3.2.0,r3_sort_tie,True,True
9.1.0,random_bias,5,Ascend950PR_957b,True,True,,10,15,,512,,,,56,correctness,,wrapper,20260811,,,PASS,2.10.0.post4.dev20260715,2.10.0+cpu,3.2.0,r4_bias_hoist,True,True
9.1.0,random_bias,5,Ascend950PR_957b,True,True,,10,15,,512,,,,56,correctness,,wrapper,20260811,,,PASS,2.10.0.post4.dev20260715,2.10.0+cpu,3.2.0,r5_dispatch,True,True
9.1.0,random_bias,5,Ascend950PR_957b,True,True,,10,15,,512,,,,56,correctness,,wrapper,20260811,,,PASS,2.10.0.post4.dev20260715,2.10.0+cpu,3.2.0,r6_empirical_dispatch,True,True
9.1.0,random_bias,5,Ascend950PR_957b,True,True,,10,15,,512,,,,56,correctness,,wrapper,20260811,,,PASS,2.10.0.post4.dev20260715,2.10.0+cpu,3.2.0,r7_vector_tie_recovery,True,True
9.1.0,random_bias,5,Ascend950PR_957b,True,True,,10,15,,512,,,,56,correctness,,wrapper,20260811,,,PASS,2.10.0.post4.dev20260715,2.10.0+cpu,3.2.0,r8_safe_vector_dispatch,True,True
9.1.0,random_bias,5,Ascend950PR_957b,True,True,,10,15,,512,,,,56,correctness,,wrapper,20260811,,,PASS,2.10.0.post4.dev20260715,2.10.0+cpu,3.2.0,r9_pair_tie_recovery,True,True
9.1.0,random_bias,5,Ascend950PR_957b,True,True,,10,15,,512,,,,56,correctness,,wrapper,20260811,,,PASS,2.10.0.post4.dev20260715,2.10.0+cpu,3.2.0,r10_group_rank_threshold,True,True
9.1.0,random_bias,5,Ascend950PR_957b,True,True,,10,15,,512,,,,56,correctness,,wrapper,20260811,,,PASS,2.10.0.post4.dev20260715,2.10.0+cpu,3.2.0,r11_packed_exact_sort,True,True
9.1.0,random_bias,5,Ascend950PR_957b,True,True,,10,15,,512,,,,56,correctness,,wrapper,20260811,,,PASS,2.10.0.post4.dev20260715,2.10.0+cpu,3.2.0,r12_two_row_tile,True,True
9.1.0,random_bias,5,Ascend950PR_957b,True,True,,10,15,,512,,,,56,correctness,,wrapper,20260811,,,PASS,2.10.0.post4.dev20260715,2.10.0+cpu,3.2.0,r13_fp32_rank_reduce,True,True
9.1.0,random_bias,5,Ascend950PR_957b,True,True,,10,15,,512,,,,56,correctness,,wrapper,20260811,,,PASS,2.10.0.post4.dev20260715,2.10.0+cpu,3.2.0,r14_priority_argmax,True,True
9.1.0,random_bias,5,Ascend950PR_957b,True,True,,10,15,,512,,,,56,correctness,,wrapper,20260811,,,PASS,2.10.0.post4.dev20260715,2.10.0+cpu,3.2.0,r15_unique_top10_fastpath,True,True
9.1.0,random_bias,5,Ascend950PR_957b,True,True,,10,15,,512,,,,56,correctness,,wrapper,20260811,,,PASS,2.10.0.post4.dev20260715,2.10.0+cpu,3.2.0,r16_split_unique_recovery,True,True
9.1.0,random_bias,5,Ascend950PR_957b,True,True,,10,15,,512,,,,56,correctness,,wrapper,20260811,,,PASS,2.10.0.post4.dev20260715,2.10.0+cpu,3.2.0,r17_parallel_priority_argmax,True,True
9.1.0,random_bias,5,Ascend950PR_957b,True,True,,10,15,,512,,,,56,correctness,,wrapper,20260811,,,PASS,2.10.0.post4.dev20260715,2.10.0+cpu,3.2.0,r18_hierarchical_partial_sort,True,True
9.1.0,random_bias,5,Ascend950PR_957b,True,True,,10,15,,512,,,,56,correctness,,wrapper,20260811,,,PASS,2.10.0.post4.dev20260715,2.10.0+cpu,3.2.0,r19_unique_id_sum,True,True
9.1.0,random_bias,5,Ascend950PR_957b,True,True,,10,15,,512,,,,56,correctness,,wrapper,20260811,,,PASS,2.10.0.post4.dev20260715,2.10.0+cpu,3.2.0,r20_iterative_rank1_maxarg,True,True
9.1.0,random_bias,5,Ascend950PR_957b,True,True,,10,16,,512,,,,56,correctness,,wrapper,20260811,,,PASS,2.10.0.post4.dev20260715,2.10.0+cpu,3.2.0,r0_legacy,True,True
9.1.0,random_bias,5,Ascend950PR_957b,True,True,,10,16,,512,,,,56,correctness,,wrapper,20260811,,,PASS,2.10.0.post4.dev20260715,2.10.0+cpu,3.2.0,r1_constexpr,True,True
9.1.0,random_bias,5,Ascend950PR_957b,True,True,,10,16,,512,,,,56,correctness,,wrapper,20260811,,,PASS,2.10.0.post4.dev20260715,2.10.0+cpu,3.2.0,r2_core_partition,True,True
9.1.0,random_bias,5,Ascend950PR_957b,True,True,,10,16,,512,,,,56,correctness,,wrapper,20260811,,,PASS,2.10.0.post4.dev20260715,2.10.0+cpu,3.2.0,r3_sort_tie,True,True
9.1.0,random_bias,5,Ascend950PR_957b,True,True,,10,16,,512,,,,56,correctness,,wrapper,20260811,,,PASS,2.10.0.post4.dev20260715,2.10.0+cpu,3.2.0,r4_bias_hoist,True,True
9.1.0,random_bias,5,Ascend950PR_957b,True,True,,10,16,,512,,,,56,correctness,,wrapper,20260811,,,PASS,2.10.0.post4.dev20260715,2.10.0+cpu,3.2.0,r5_dispatch,True,True
9.1.0,random_bias,5,Ascend950PR_957b,True,True,,10,16,,512,,,,56,correctness,,wrapper,20260811,,,PASS,2.10.0.post4.dev20260715,2.10.0+cpu,3.2.0,r6_empirical_dispatch,True,True
9.1.0,random_bias,5,Ascend950PR_957b,True,True,,10,16,,512,,,,56,correctness,,wrapper,20260811,,,PASS,2.10.0.post4.dev20260715,2.10.0+cpu,3.2.0,r7_vector_tie_recovery,True,True
9.1.0,random_bias,5,Ascend950PR_957b,True,True,,10,16,,512,,,,56,correctness,,wrapper,20260811,,,PASS,2.10.0.post4.dev20260715,2.10.0+cpu,3.2.0,r8_safe_vector_dispatch,True,True
9.1.0,random_bias,5,Ascend950PR_957b,True,True,,10,16,,512,,,,56,correctness,,wrapper,20260811,,,PASS,2.10.0.post4.dev20260715,2.10.0+cpu,3.2.0,r9_pair_tie_recovery,True,True
9.1.0,random_bias,5,Ascend950PR_957b,True,True,,10,16,,512,,,,56,correctness,,wrapper,20260811,,,PASS,2.10.0.post4.dev20260715,2.10.0+cpu,3.2.0,r10_group_rank_threshold,True,True
9.1.0,random_bias,5,Ascend950PR_957b,True,True,,10,16,,512,,,,56,correctness,,wrapper,20260811,,,PASS,2.10.0.post4.dev20260715,2.10.0+cpu,3.2.0,r11_packed_exact_sort,True,True
9.1.0,random_bias,5,Ascend950PR_957b,True,True,,10,16,,512,,,,56,correctness,,wrapper,20260811,,,PASS,2.10.0.post4.dev20260715,2.10.0+cpu,3.2.0,r12_two_row_tile,True,True
9.1.0,random_bias,5,Ascend950PR_957b,True,True,,10,16,,512,,,,56,correctness,,wrapper,20260811,,,PASS,2.10.0.post4.dev20260715,2.10.0+cpu,3.2.0,r13_fp32_rank_reduce,True,True
9.1.0,random_bias,5,Ascend950PR_957b,True,True,,10,16,,512,,,,56,correctness,,wrapper,20260811,,,PASS,2.10.0.post4.dev20260715,2.10.0+cpu,3.2.0,r14_priority_argmax,True,True
9.1.0,random_bias,5,Ascend950PR_957b,True,True,,10,16,,512,,,,56,correctness,,wrapper,20260811,,,PASS,2.10.0.post4.dev20260715,2.10.0+cpu,3.2.0,r15_unique_top10_fastpath,True,True
9.1.0,random_bias,5,Ascend950PR_957b,True,True,,10,16,,512,,,,56,correctness,,wrapper,20260811,,,PASS,2.10.0.post4.dev20260715,2.10.0+cpu,3.2.0,r16_split_unique_recovery,True,True
9.1.0,random_bias,5,Ascend950PR_957b,True,True,,10,16,,512,,,,56,correctness,,wrapper,20260811,,,PASS,2.10.0.post4.dev20260715,2.10.0+cpu,3.2.0,r17_parallel_priority_argmax,True,True
9.1.0,random_bias,5,Ascend950PR_957b,True,True,,10,16,,512,,,,56,correctness,,wrapper,20260811,,,PASS,2.10.0.post4.dev20260715,2.10.0+cpu,3.2.0,r18_hierarchical_partial_sort,True,True
9.1.0,random_bias,5,Ascend950PR_957b,True,True,,10,16,,512,,,,56,correctness,,wrapper,20260811,,,PASS,2.10.0.post4.dev20260715,2.10.0+cpu,3.2.0,r19_unique_id_sum,True,True
9.1.0,random_bias,5,Ascend950PR_957b,True,True,,10,16,,512,,,,56,correctness,,wrapper,20260811,,,PASS,2.10.0.post4.dev20260715,2.10.0+cpu,3.2.0,r20_iterative_rank1_maxarg,True,True
9.1.0,random_bias,5,Ascend950PR_957b,True,True,,10,17,,512,,,,56,correctness,,wrapper,20260811,,,PASS,2.10.0.post4.dev20260715,2.10.0+cpu,3.2.0,r0_legacy,True,True
9.1.0,random_bias,5,Ascend950PR_957b,True,True,,10,17,,512,,,,56,correctness,,wrapper,20260811,,,PASS,2.10.0.post4.dev20260715,2.10.0+cpu,3.2.0,r1_constexpr,True,True
9.1.0,random_bias,5,Ascend950PR_957b,True,True,,10,17,,512,,,,56,correctness,,wrapper,20260811,,,PASS,2.10.0.post4.dev20260715,2.10.0+cpu,3.2.0,r2_core_partition,True,True
9.1.0,random_bias,5,Ascend950PR_957b,True,True,,10,17,,512,,,,56,correctness,,wrapper,20260811,,,PASS,2.10.0.post4.dev20260715,2.10.0+cpu,3.2.0,r3_sort_tie,True,True
9.1.0,random_bias,5,Ascend950PR_957b,True,True,,10,17,,512,,,,56,correctness,,wrapper,20260811,,,PASS,2.10.0.post4.dev20260715,2.10.0+cpu,3.2.0,r4_bias_hoist,True,True
9.1.0,random_bias,5,Ascend950PR_957b,True,True,,10,17,,512,,,,56,correctness,,wrapper,20260811,,,PASS,2.10.0.post4.dev20260715,2.10.0+cpu,3.2.0,r5_dispatch,True,True
9.1.0,random_bias,5,Ascend950PR_957b,True,True,,10,17,,512,,,,56,correctness,,wrapper,20260811,,,PASS,2.10.0.post4.dev20260715,2.10.0+cpu,3.2.0,r6_empirical_dispatch,True,True
9.1.0,random_bias,5,Ascend950PR_957b,True,True,,10,17,,512,,,,56,correctness,,wrapper,20260811,,,PASS,2.10.0.post4.dev20260715,2.10.0+cpu,3.2.0,r7_vector_tie_recovery,True,True
9.1.0,random_bias,5,Ascend950PR_957b,True,True,,10,17,,512,,,,56,correctness,,wrapper,20260811,,,PASS,2.10.0.post4.dev20260715,2.10.0+cpu,3.2.0,r8_safe_vector_dispatch,True,True
9.1.0,random_bias,5,Ascend950PR_957b,True,True,,10,17,,512,,,,56,correctness,,wrapper,20260811,,,PASS,2.10.0.post4.dev20260715,2.10.0+cpu,3.2.0,r9_pair_tie_recovery,True,True
9.1.0,random_bias,5,Ascend950PR_957b,True,True,,10,17,,512,,,,56,correctness,,wrapper,20260811,,,PASS,2.10.0.post4.dev20260715,2.10.0+cpu,3.2.0,r10_group_rank_threshold,True,True
9.1.0,random_bias,5,Ascend950PR_957b,True,True,,10,17,,512,,,,56,correctness,,wrapper,20260811,,,PASS,2.10.0.post4.dev20260715,2.10.0+cpu,3.2.0,r11_packed_exact_sort,True,True
9.1.0,random_bias,5,Ascend950PR_957b,True,True,,10,17,,512,,,,56,correctness,,wrapper,20260811,,,PASS,2.10.0.post4.dev20260715,2.10.0+cpu,3.2.0,r12_two_row_tile,True,True
9.1.0,random_bias,5,Ascend950PR_957b,True,True,,10,17,,512,,,,56,correctness,,wrapper,20260811,,,PASS,2.10.0.post4.dev20260715,2.10.0+cpu,3.2.0,r13_fp32_rank_reduce,True,True
9.1.0,random_bias,5,Ascend950PR_957b,True,True,,10,17,,512,,,,56,correctness,,wrapper,20260811,,,PASS,2.10.0.post4.dev20260715,2.10.0+cpu,3.2.0,r14_priority_argmax,True,True
9.1.0,random_bias,5,Ascend950PR_957b,True,True,,10,17,,512,,,,56,correctness,,wrapper,20260811,,,PASS,2.10.0.post4.dev20260715,2.10.0+cpu,3.2.0,r15_unique_top10_fastpath,True,True
9.1.0,random_bias,5,Ascend950PR_957b,True,True,,10,17,,512,,,,56,correctness,,wrapper,20260811,,,PASS,2.10.0.post4.dev20260715,2.10.0+cpu,3.2.0,r16_split_unique_recovery,True,True
9.1.0,random_bias,5,Ascend950PR_957b,True,True,,10,17,,512,,,,56,correctness,,wrapper,20260811,,,PASS,2.10.0.post4.dev20260715,2.10.0+cpu,3.2.0,r17_parallel_priority_argmax,True,True
9.1.0,random_bias,5,Ascend950PR_957b,True,True,,10,17,,512,,,,56,correctness,,wrapper,20260811,,,PASS,2.10.0.post4.dev20260715,2.10.0+cpu,3.2.0,r18_hierarchical_partial_sort,True,True
9.1.0,random_bias,5,Ascend950PR_957b,True,True,,10,17,,512,,,,56,correctness,,wrapper,20260811,,,PASS,2.10.0.post4.dev20260715,2.10.0+cpu,3.2.0,r19_unique_id_sum,True,True
9.1.0,random_bias,5,Ascend950PR_957b,True,True,,10,17,,512,,,,56,correctness,,wrapper,20260811,,,PASS,2.10.0.post4.dev20260715,2.10.0+cpu,3.2.0,r20_iterative_rank1_maxarg,True,True
9.1.0,random_bias,5,Ascend950PR_957b,True,True,,10,18,,512,,,,56,correctness,,wrapper,20260811,,,PASS,2.10.0.post4.dev20260715,2.10.0+cpu,3.2.0,r0_legacy,True,True
9.1.0,random_bias,5,Ascend950PR_957b,True,True,,10,18,,512,,,,56,correctness,,wrapper,20260811,,,PASS,2.10.0.post4.dev20260715,2.10.0+cpu,3.2.0,r1_constexpr,True,True
9.1.0,random_bias,5,Ascend950PR_957b,True,True,,10,18,,512,,,,56,correctness,,wrapper,20260811,,,PASS,2.10.0.post4.dev20260715,2.10.0+cpu,3.2.0,r2_core_partition,True,True
9.1.0,random_bias,5,Ascend950PR_957b,True,True,,10,18,,512,,,,56,correctness,,wrapper,20260811,,,PASS,2.10.0.post4.dev20260715,2.10.0+cpu,3.2.0,r3_sort_tie,True,True
9.1.0,random_bias,5,Ascend950PR_957b,True,True,,10,18,,512,,,,56,correctness,,wrapper,20260811,,,PASS,2.10.0.post4.dev20260715,2.10.0+cpu,3.2.0,r4_bias_hoist,True,True
9.1.0,random_bias,5,Ascend950PR_957b,True,True,,10,18,,512,,,,56,correctness,,wrapper,20260811,,,PASS,2.10.0.post4.dev20260715,2.10.0+cpu,3.2.0,r5_dispatch,True,True
9.1.0,random_bias,5,Ascend950PR_957b,True,True,,10,18,,512,,,,56,correctness,,wrapper,20260811,,,PASS,2.10.0.post4.dev20260715,2.10.0+cpu,3.2.0,r6_empirical_dispatch,True,True
9.1.0,random_bias,5,Ascend950PR_957b,True,True,,10,18,,512,,,,56,correctness,,wrapper,20260811,,,PASS,2.10.0.post4.dev20260715,2.10.0+cpu,3.2.0,r7_vector_tie_recovery,True,True
9.1.0,random_bias,5,Ascend950PR_957b,True,True,,10,18,,512,,,,56,correctness,,wrapper,20260811,,,PASS,2.10.0.post4.dev20260715,2.10.0+cpu,3.2.0,r8_safe_vector_dispatch,True,True
9.1.0,random_bias,5,Ascend950PR_957b,True,True,,10,18,,512,,,,56,correctness,,wrapper,20260811,,,PASS,2.10.0.post4.dev20260715,2.10.0+cpu,3.2.0,r9_pair_tie_recovery,True,True
9.1.0,random_bias,5,Ascend950PR_957b,True,True,,10,18,,512,,,,56,correctness,,wrapper,20260811,,,PASS,2.10.0.post4.dev20260715,2.10.0+cpu,3.2.0,r10_group_rank_threshold,True,True
9.1.0,random_bias,5,Ascend950PR_957b,True,True,,10,18,,512,,,,56,correctness,,wrapper,20260811,,,PASS,2.10.0.post4.dev20260715,2.10.0+cpu,3.2.0,r11_packed_exact_sort,True,True
9.1.0,random_bias,5,Ascend950PR_957b,True,True,,10,18,,512,,,,56,correctness,,wrapper,20260811,,,PASS,2.10.0.post4.dev20260715,2.10.0+cpu,3.2.0,r12_two_row_tile,True,True
9.1.0,random_bias,5,Ascend950PR_957b,True,True,,10,18,,512,,,,56,correctness,,wrapper,20260811,,,PASS,2.10.0.post4.dev20260715,2.10.0+cpu,3.2.0,r13_fp32_rank_reduce,True,True
9.1.0,random_bias,5,Ascend950PR_957b,True,True,,10,18,,512,,,,56,correctness,,wrapper,20260811,,,PASS,2.10.0.post4.dev20260715,2.10.0+cpu,3.2.0,r14_priority_argmax,True,True
9.1.0,random_bias,5,Ascend950PR_957b,True,True,,10,18,,512,,,,56,correctness,,wrapper,20260811,,,PASS,2.10.0.post4.dev20260715,2.10.0+cpu,3.2.0,r15_unique_top10_fastpath,True,True
9.1.0,random_bias,5,Ascend950PR_957b,True,True,,10,18,,512,,,,56,correctness,,wrapper,20260811,,,PASS,2.10.0.post4.dev20260715,2.10.0+cpu,3.2.0,r16_split_unique_recovery,True,True
9.1.0,random_bias,5,Ascend950PR_957b,True,True,,10,18,,512,,,,56,correctness,,wrapper,20260811,,,PASS,2.10.0.post4.dev20260715,2.10.0+cpu,3.2.0,r17_parallel_priority_argmax,True,True
9.1.0,random_bias,5,Ascend950PR_957b,True,True,,10,18,,512,,,,56,correctness,,wrapper,20260811,,,PASS,2.10.0.post4.dev20260715,2.10.0+cpu,3.2.0,r18_hierarchical_partial_sort,True,True
9.1.0,random_bias,5,Ascend950PR_957b,True,True,,10,18,,512,,,,56,correctness,,wrapper,20260811,,,PASS,2.10.0.post4.dev20260715,2.10.0+cpu,3.2.0,r19_unique_id_sum,True,True
9.1.0,random_bias,5,Ascend950PR_957b,True,True,,10,18,,512,,,,56,correctness,,wrapper,20260811,,,PASS,2.10.0.post4.dev20260715,2.10.0+cpu,3.2.0,r20_iterative_rank1_maxarg,True,True
9.1.0,random_bias,5,Ascend950PR_957b,True,True,,10,19,,512,,,,56,correctness,,wrapper,20260811,,,PASS,2.10.0.post4.dev20260715,2.10.0+cpu,3.2.0,r0_legacy,True,True
9.1.0,random_bias,5,Ascend950PR_957b,True,True,,10,19,,512,,,,56,correctness,,wrapper,20260811,,,PASS,2.10.0.post4.dev20260715,2.10.0+cpu,3.2.0,r1_constexpr,True,True
9.1.0,random_bias,5,Ascend950PR_957b,True,True,,10,19,,512,,,,56,correctness,,wrapper,20260811,,,PASS,2.10.0.post4.dev20260715,2.10.0+cpu,3.2.0,r2_core_partition,True,True
9.1.0,random_bias,5,Ascend950PR_957b,True,True,,10,19,,512,,,,56,correctness,,wrapper,20260811,,,PASS,2.10.0.post4.dev20260715,2.10.0+cpu,3.2.0,r3_sort_tie,True,True
9.1.0,random_bias,5,Ascend950PR_957b,True,True,,10,19,,512,,,,56,correctness,,wrapper,20260811,,,PASS,2.10.0.post4.dev20260715,2.10.0+cpu,3.2.0,r4_bias_hoist,True,True
9.1.0,random_bias,5,Ascend950PR_957b,True,True,,10,19,,512,,,,56,correctness,,wrapper,20260811,,,PASS,2.10.0.post4.dev20260715,2.10.0+cpu,3.2.0,r5_dispatch,True,True
9.1.0,random_bias,5,Ascend950PR_957b,True,True,,10,19,,512,,,,56,correctness,,wrapper,20260811,,,PASS,2.10.0.post4.dev20260715,2.10.0+cpu,3.2.0,r6_empirical_dispatch,True,True
9.1.0,random_bias,5,Ascend950PR_957b,True,True,,10,19,,512,,,,56,correctness,,wrapper,20260811,,,PASS,2.10.0.post4.dev20260715,2.10.0+cpu,3.2.0,r7_vector_tie_recovery,True,True
9.1.0,random_bias,5,Ascend950PR_957b,True,True,,10,19,,512,,,,56,correctness,,wrapper,20260811,,,PASS,2.10.0.post4.dev20260715,2.10.0+cpu,3.2.0,r8_safe_vector_dispatch,True,True
9.1.0,random_bias,5,Ascend950PR_957b,True,True,,10,19,,512,,,,56,correctness,,wrapper,20260811,,,PASS,2.10.0.post4.dev20260715,2.10.0+cpu,3.2.0,r9_pair_tie_recovery,True,True
9.1.0,random_bias,5,Ascend950PR_957b,True,True,,10,19,,512,,,,56,correctness,,wrapper,20260811,,,PASS,2.10.0.post4.dev20260715,2.10.0+cpu,3.2.0,r10_group_rank_threshold,True,True
9.1.0,random_bias,5,Ascend950PR_957b,True,True,,10,19,,512,,,,56,correctness,,wrapper,20260811,,,PASS,2.10.0.post4.dev20260715,2.10.0+cpu,3.2.0,r11_packed_exact_sort,True,True
9.1.0,random_bias,5,Ascend950PR_957b,True,True,,10,19,,512,,,,56,correctness,,wrapper,20260811,,,PASS,2.10.0.post4.dev20260715,2.10.0+cpu,3.2.0,r12_two_row_tile,True,True
9.1.0,random_bias,5,Ascend950PR_957b,True,True,,10,19,,512,,,,56,correctness,,wrapper,20260811,,,PASS,2.10.0.post4.dev20260715,2.10.0+cpu,3.2.0,r13_fp32_rank_reduce,True,True
9.1.0,random_bias,5,Ascend950PR_957b,True,True,,10,19,,512,,,,56,correctness,,wrapper,20260811,,,PASS,2.10.0.post4.dev20260715,2.10.0+cpu,3.2.0,r14_priority_argmax,True,True
9.1.0,random_bias,5,Ascend950PR_957b,True,True,,10,19,,512,,,,56,correctness,,wrapper,20260811,,,PASS,2.10.0.post4.dev20260715,2.10.0+cpu,3.2.0,r15_unique_top10_fastpath,True,True
9.1.0,random_bias,5,Ascend950PR_957b,True,True,,10,19,,512,,,,56,correctness,,wrapper,20260811,,,PASS,2.10.0.post4.dev20260715,2.10.0+cpu,3.2.0,r16_split_unique_recovery,True,True
9.1.0,random_bias,5,Ascend950PR_957b,True,True,,10,19,,512,,,,56,correctness,,wrapper,20260811,,,PASS,2.10.0.post4.dev20260715,2.10.0+cpu,3.2.0,r17_parallel_priority_argmax,True,True
9.1.0,random_bias,5,Ascend950PR_957b,True,True,,10,19,,512,,,,56,correctness,,wrapper,20260811,,,PASS,2.10.0.post4.dev20260715,2.10.0+cpu,3.2.0,r18_hierarchical_partial_sort,True,True
9.1.0,random_bias,5,Ascend950PR_957b,True,True,,10,19,,512,,,,56,correctness,,wrapper,20260811,,,PASS,2.10.0.post4.dev20260715,2.10.0+cpu,3.2.0,r19_unique_id_sum,True,True
9.1.0,random_bias,5,Ascend950PR_957b,True,True,,10,19,,512,,,,56,correctness,,wrapper,20260811,,,PASS,2.10.0.post4.dev20260715,2.10.0+cpu,3.2.0,r20_iterative_rank1_maxarg,True,True
9.1.0,random_bias,5,Ascend950PR_957b,True,True,,10,20,,512,,,,56,correctness,,wrapper,20260811,,,PASS,2.10.0.post4.dev20260715,2.10.0+cpu,3.2.0,r0_legacy,True,True
9.1.0,random_bias,5,Ascend950PR_957b,True,True,,10,20,,512,,,,56,correctness,,wrapper,20260811,,,PASS,2.10.0.post4.dev20260715,2.10.0+cpu,3.2.0,r1_constexpr,True,True
9.1.0,random_bias,5,Ascend950PR_957b,True,True,,10,20,,512,,,,56,correctness,,wrapper,20260811,,,PASS,2.10.0.post4.dev20260715,2.10.0+cpu,3.2.0,r2_core_partition,True,True
9.1.0,random_bias,5,Ascend950PR_957b,True,True,,10,20,,512,,,,56,correctness,,wrapper,20260811,,,PASS,2.10.0.post4.dev20260715,2.10.0+cpu,3.2.0,r3_sort_tie,True,True
9.1.0,random_bias,5,Ascend950PR_957b,True,True,,10,20,,512,,,,56,correctness,,wrapper,20260811,,,PASS,2.10.0.post4.dev20260715,2.10.0+cpu,3.2.0,r4_bias_hoist,True,True
9.1.0,random_bias,5,Ascend950PR_957b,True,True,,10,20,,512,,,,56,correctness,,wrapper,20260811,,,PASS,2.10.0.post4.dev20260715,2.10.0+cpu,3.2.0,r5_dispatch,True,True
9.1.0,random_bias,5,Ascend950PR_957b,True,True,,10,20,,512,,,,56,correctness,,wrapper,20260811,,,PASS,2.10.0.post4.dev20260715,2.10.0+cpu,3.2.0,r6_empirical_dispatch,True,True
9.1.0,random_bias,5,Ascend950PR_957b,True,True,,10,20,,512,,,,56,correctness,,wrapper,20260811,,,PASS,2.10.0.post4.dev20260715,2.10.0+cpu,3.2.0,r7_vector_tie_recovery,True,True
9.1.0,random_bias,5,Ascend950PR_957b,True,True,,10,20,,512,,,,56,correctness,,wrapper,20260811,,,PASS,2.10.0.post4.dev20260715,2.10.0+cpu,3.2.0,r8_safe_vector_dispatch,True,True
9.1.0,random_bias,5,Ascend950PR_957b,True,True,,10,20,,512,,,,56,correctness,,wrapper,20260811,,,PASS,2.10.0.post4.dev20260715,2.10.0+cpu,3.2.0,r9_pair_tie_recovery,True,True
9.1.0,random_bias,5,Ascend950PR_957b,True,True,,10,20,,512,,,,56,correctness,,wrapper,20260811,,,PASS,2.10.0.post4.dev20260715,2.10.0+cpu,3.2.0,r10_group_rank_threshold,True,True
9.1.0,random_bias,5,Ascend950PR_957b,True,True,,10,20,,512,,,,56,correctness,,wrapper,20260811,,,PASS,2.10.0.post4.dev20260715,2.10.0+cpu,3.2.0,r11_packed_exact_sort,True,True
9.1.0,random_bias,5,Ascend950PR_957b,True,True,,10,20,,512,,,,56,correctness,,wrapper,20260811,,,PASS,2.10.0.post4.dev20260715,2.10.0+cpu,3.2.0,r12_two_row_tile,True,True
9.1.0,random_bias,5,Ascend950PR_957b,True,True,,10,20,,512,,,,56,correctness,,wrapper,20260811,,,PASS,2.10.0.post4.dev20260715,2.10.0+cpu,3.2.0,r13_fp32_rank_reduce,True,True
9.1.0,random_bias,5,Ascend950PR_957b,True,True,,10,20,,512,,,,56,correctness,,wrapper,20260811,,,PASS,2.10.0.post4.dev20260715,2.10.0+cpu,3.2.0,r14_priority_argmax,True,True
9.1.0,random_bias,5,Ascend950PR_957b,True,True,,10,20,,512,,,,56,correctness,,wrapper,20260811,,,PASS,2.10.0.post4.dev20260715,2.10.0+cpu,3.2.0,r15_unique_top10_fastpath,True,True
9.1.0,random_bias,5,Ascend950PR_957b,True,True,,10,20,,512,,,,56,correctness,,wrapper,20260811,,,PASS,2.10.0.post4.dev20260715,2.10.0+cpu,3.2.0,r16_split_unique_recovery,True,True
9.1.0,random_bias,5,Ascend950PR_957b,True,True,,10,20,,512,,,,56,correctness,,wrapper,20260811,,,PASS,2.10.0.post4.dev20260715,2.10.0+cpu,3.2.0,r17_parallel_priority_argmax,True,True
9.1.0,random_bias,5,Ascend950PR_957b,True,True,,10,20,,512,,,,56,correctness,,wrapper,20260811,,,PASS,2.10.0.post4.dev20260715,2.10.0+cpu,3.2.0,r18_hierarchical_partial_sort,True,True
9.1.0,random_bias,5,Ascend950PR_957b,True,True,,10,20,,512,,,,56,correctness,,wrapper,20260811,,,PASS,2.10.0.post4.dev20260715,2.10.0+cpu,3.2.0,r19_unique_id_sum,True,True
9.1.0,random_bias,5,Ascend950PR_957b,True,True,,10,20,,512,,,,56,correctness,,wrapper,20260811,,,PASS,2.10.0.post4.dev20260715,2.10.0+cpu,3.2.0,r20_iterative_rank1_maxarg,True,True
9.1.0,random_bias,5,Ascend950PR_957b,True,True,,10,21,,512,,,,56,correctness,,wrapper,20260811,,,PASS,2.10.0.post4.dev20260715,2.10.0+cpu,3.2.0,r0_legacy,True,True
9.1.0,random_bias,5,Ascend950PR_957b,True,True,,10,21,,512,,,,56,correctness,,wrapper,20260811,,,PASS,2.10.0.post4.dev20260715,2.10.0+cpu,3.2.0,r1_constexpr,True,True
9.1.0,random_bias,5,Ascend950PR_957b,True,True,,10,21,,512,,,,56,correctness,,wrapper,20260811,,,PASS,2.10.0.post4.dev20260715,2.10.0+cpu,3.2.0,r2_core_partition,True,True
9.1.0,random_bias,5,Ascend950PR_957b,True,True,,10,21,,512,,,,56,correctness,,wrapper,20260811,,,PASS,2.10.0.post4.dev20260715,2.10.0+cpu,3.2.0,r3_sort_tie,True,True
9.1.0,random_bias,5,Ascend950PR_957b,True,True,,10,21,,512,,,,56,correctness,,wrapper,20260811,,,PASS,2.10.0.post4.dev20260715,2.10.0+cpu,3.2.0,r4_bias_hoist,True,True
9.1.0,random_bias,5,Ascend950PR_957b,True,True,,10,21,,512,,,,56,correctness,,wrapper,20260811,,,PASS,2.10.0.post4.dev20260715,2.10.0+cpu,3.2.0,r5_dispatch,True,True
9.1.0,random_bias,5,Ascend950PR_957b,True,True,,10,21,,512,,,,56,correctness,,wrapper,20260811,,,PASS,2.10.0.post4.dev20260715,2.10.0+cpu,3.2.0,r6_empirical_dispatch,True,True
9.1.0,random_bias,5,Ascend950PR_957b,True,True,,10,21,,512,,,,56,correctness,,wrapper,20260811,,,PASS,2.10.0.post4.dev20260715,2.10.0+cpu,3.2.0,r7_vector_tie_recovery,True,True
9.1.0,random_bias,5,Ascend950PR_957b,True,True,,10,21,,512,,,,56,correctness,,wrapper,20260811,,,PASS,2.10.0.post4.dev20260715,2.10.0+cpu,3.2.0,r8_safe_vector_dispatch,True,True
9.1.0,random_bias,5,Ascend950PR_957b,True,True,,10,21,,512,,,,56,correctness,,wrapper,20260811,,,PASS,2.10.0.post4.dev20260715,2.10.0+cpu,3.2.0,r9_pair_tie_recovery,True,True
9.1.0,random_bias,5,Ascend950PR_957b,True,True,,10,21,,512,,,,56,correctness,,wrapper,20260811,,,PASS,2.10.0.post4.dev20260715,2.10.0+cpu,3.2.0,r10_group_rank_threshold,True,True
9.1.0,random_bias,5,Ascend950PR_957b,True,True,,10,21,,512,,,,56,correctness,,wrapper,20260811,,,PASS,2.10.0.post4.dev20260715,2.10.0+cpu,3.2.0,r11_packed_exact_sort,True,True
9.1.0,random_bias,5,Ascend950PR_957b,True,True,,10,21,,512,,,,56,correctness,,wrapper,20260811,,,PASS,2.10.0.post4.dev20260715,2.10.0+cpu,3.2.0,r12_two_row_tile,True,True
9.1.0,random_bias,5,Ascend950PR_957b,True,True,,10,21,,512,,,,56,correctness,,wrapper,20260811,,,PASS,2.10.0.post4.dev20260715,2.10.0+cpu,3.2.0,r13_fp32_rank_reduce,True,True
9.1.0,random_bias,5,Ascend950PR_957b,True,True,,10,21,,512,,,,56,correctness,,wrapper,20260811,,,PASS,2.10.0.post4.dev20260715,2.10.0+cpu,3.2.0,r14_priority_argmax,True,True
9.1.0,random_bias,5,Ascend950PR_957b,True,True,,10,21,,512,,,,56,correctness,,wrapper,20260811,,,PASS,2.10.0.post4.dev20260715,2.10.0+cpu,3.2.0,r15_unique_top10_fastpath,True,True
9.1.0,random_bias,5,Ascend950PR_957b,True,True,,10,21,,512,,,,56,correctness,,wrapper,20260811,,,PASS,2.10.0.post4.dev20260715,2.10.0+cpu,3.2.0,r16_split_unique_recovery,True,True
9.1.0,random_bias,5,Ascend950PR_957b,True,True,,10,21,,512,,,,56,correctness,,wrapper,20260811,,,PASS,2.10.0.post4.dev20260715,2.10.0+cpu,3.2.0,r17_parallel_priority_argmax,True,True
9.1.0,random_bias,5,Ascend950PR_957b,True,True,,10,21,,512,,,,56,correctness,,wrapper,20260811,,,PASS,2.10.0.post4.dev20260715,2.10.0+cpu,3.2.0,r18_hierarchical_partial_sort,True,True
9.1.0,random_bias,5,Ascend950PR_957b,True,True,,10,21,,512,,,,56,correctness,,wrapper,20260811,,,PASS,2.10.0.post4.dev20260715,2.10.0+cpu,3.2.0,r19_unique_id_sum,True,True
9.1.0,random_bias,5,Ascend950PR_957b,True,True,,10,21,,512,,,,56,correctness,,wrapper,20260811,,,PASS,2.10.0.post4.dev20260715,2.10.0+cpu,3.2.0,r20_iterative_rank1_maxarg,True,True
9.1.0,random_bias,5,Ascend950PR_957b,True,True,,10,22,,512,,,,56,correctness,,wrapper,20260811,,,PASS,2.10.0.post4.dev20260715,2.10.0+cpu,3.2.0,r0_legacy,True,True
9.1.0,random_bias,5,Ascend950PR_957b,True,True,,10,22,,512,,,,56,correctness,,wrapper,20260811,,,PASS,2.10.0.post4.dev20260715,2.10.0+cpu,3.2.0,r1_constexpr,True,True
9.1.0,random_bias,5,Ascend950PR_957b,True,True,,10,22,,512,,,,56,correctness,,wrapper,20260811,,,PASS,2.10.0.post4.dev20260715,2.10.0+cpu,3.2.0,r2_core_partition,True,True
9.1.0,random_bias,5,Ascend950PR_957b,True,True,,10,22,,512,,,,56,correctness,,wrapper,20260811,,,PASS,2.10.0.post4.dev20260715,2.10.0+cpu,3.2.0,r3_sort_tie,True,True
9.1.0,random_bias,5,Ascend950PR_957b,True,True,,10,22,,512,,,,56,correctness,,wrapper,20260811,,,PASS,2.10.0.post4.dev20260715,2.10.0+cpu,3.2.0,r4_bias_hoist,True,True
9.1.0,random_bias,5,Ascend950PR_957b,True,True,,10,22,,512,,,,56,correctness,,wrapper,20260811,,,PASS,2.10.0.post4.dev20260715,2.10.0+cpu,3.2.0,r5_dispatch,True,True
9.1.0,random_bias,5,Ascend950PR_957b,True,True,,10,22,,512,,,,56,correctness,,wrapper,20260811,,,PASS,2.10.0.post4.dev20260715,2.10.0+cpu,3.2.0,r6_empirical_dispatch,True,True
9.1.0,random_bias,5,Ascend950PR_957b,True,True,,10,22,,512,,,,56,correctness,,wrapper,20260811,,,PASS,2.10.0.post4.dev20260715,2.10.0+cpu,3.2.0,r7_vector_tie_recovery,True,True
9.1.0,random_bias,5,Ascend950PR_957b,True,True,,10,22,,512,,,,56,correctness,,wrapper,20260811,,,PASS,2.10.0.post4.dev20260715,2.10.0+cpu,3.2.0,r8_safe_vector_dispatch,True,True
9.1.0,random_bias,5,Ascend950PR_957b,True,True,,10,22,,512,,,,56,correctness,,wrapper,20260811,,,PASS,2.10.0.post4.dev20260715,2.10.0+cpu,3.2.0,r9_pair_tie_recovery,True,True
9.1.0,random_bias,5,Ascend950PR_957b,True,True,,10,22,,512,,,,56,correctness,,wrapper,20260811,,,PASS,2.10.0.post4.dev20260715,2.10.0+cpu,3.2.0,r10_group_rank_threshold,True,True
9.1.0,random_bias,5,Ascend950PR_957b,True,True,,10,22,,512,,,,56,correctness,,wrapper,20260811,,,PASS,2.10.0.post4.dev20260715,2.10.0+cpu,3.2.0,r11_packed_exact_sort,True,True
9.1.0,random_bias,5,Ascend950PR_957b,True,True,,10,22,,512,,,,56,correctness,,wrapper,20260811,,,PASS,2.10.0.post4.dev20260715,2.10.0+cpu,3.2.0,r12_two_row_tile,True,True
9.1.0,random_bias,5,Ascend950PR_957b,True,True,,10,22,,512,,,,56,correctness,,wrapper,20260811,,,PASS,2.10.0.post4.dev20260715,2.10.0+cpu,3.2.0,r13_fp32_rank_reduce,True,True
9.1.0,random_bias,5,Ascend950PR_957b,True,True,,10,22,,512,,,,56,correctness,,wrapper,20260811,,,PASS,2.10.0.post4.dev20260715,2.10.0+cpu,3.2.0,r14_priority_argmax,True,True
9.1.0,random_bias,5,Ascend950PR_957b,True,True,,10,22,,512,,,,56,correctness,,wrapper,20260811,,,PASS,2.10.0.post4.dev20260715,2.10.0+cpu,3.2.0,r15_unique_top10_fastpath,True,True
9.1.0,random_bias,5,Ascend950PR_957b,True,True,,10,22,,512,,,,56,correctness,,wrapper,20260811,,,PASS,2.10.0.post4.dev20260715,2.10.0+cpu,3.2.0,r16_split_unique_recovery,True,True
9.1.0,random_bias,5,Ascend950PR_957b,True,True,,10,22,,512,,,,56,correctness,,wrapper,20260811,,,PASS,2.10.0.post4.dev20260715,2.10.0+cpu,3.2.0,r17_parallel_priority_argmax,True,True
9.1.0,random_bias,5,Ascend950PR_957b,True,True,,10,22,,512,,,,56,correctness,,wrapper,20260811,,,PASS,2.10.0.post4.dev20260715,2.10.0+cpu,3.2.0,r18_hierarchical_partial_sort,True,True
9.1.0,random_bias,5,Ascend950PR_957b,True,True,,10,22,,512,,,,56,correctness,,wrapper,20260811,,,PASS,2.10.0.post4.dev20260715,2.10.0+cpu,3.2.0,r19_unique_id_sum,True,True
9.1.0,random_bias,5,Ascend950PR_957b,True,True,,10,22,,512,,,,56,correctness,,wrapper,20260811,,,PASS,2.10.0.post4.dev20260715,2.10.0+cpu,3.2.0,r20_iterative_rank1_maxarg,True,True
9.1.0,random_bias,5,Ascend950PR_957b,True,True,,10,23,,512,,,,56,correctness,,wrapper,20260811,,,PASS,2.10.0.post4.dev20260715,2.10.0+cpu,3.2.0,r0_legacy,True,True
9.1.0,random_bias,5,Ascend950PR_957b,True,True,,10,23,,512,,,,56,correctness,,wrapper,20260811,,,PASS,2.10.0.post4.dev20260715,2.10.0+cpu,3.2.0,r1_constexpr,True,True
9.1.0,random_bias,5,Ascend950PR_957b,True,True,,10,23,,512,,,,56,correctness,,wrapper,20260811,,,PASS,2.10.0.post4.dev20260715,2.10.0+cpu,3.2.0,r2_core_partition,True,True
9.1.0,random_bias,5,Ascend950PR_957b,True,True,,10,23,,512,,,,56,correctness,,wrapper,20260811,,,PASS,2.10.0.post4.dev20260715,2.10.0+cpu,3.2.0,r3_sort_tie,True,True
9.1.0,random_bias,5,Ascend950PR_957b,True,True,,10,23,,512,,,,56,correctness,,wrapper,20260811,,,PASS,2.10.0.post4.dev20260715,2.10.0+cpu,3.2.0,r4_bias_hoist,True,True
9.1.0,random_bias,5,Ascend950PR_957b,True,True,,10,23,,512,,,,56,correctness,,wrapper,20260811,,,PASS,2.10.0.post4.dev20260715,2.10.0+cpu,3.2.0,r5_dispatch,True,True
9.1.0,random_bias,5,Ascend950PR_957b,True,True,,10,23,,512,,,,56,correctness,,wrapper,20260811,,,PASS,2.10.0.post4.dev20260715,2.10.0+cpu,3.2.0,r6_empirical_dispatch,True,True
9.1.0,random_bias,5,Ascend950PR_957b,True,True,,10,23,,512,,,,56,correctness,,wrapper,20260811,,,PASS,2.10.0.post4.dev20260715,2.10.0+cpu,3.2.0,r7_vector_tie_recovery,True,True
9.1.0,random_bias,5,Ascend950PR_957b,True,True,,10,23,,512,,,,56,correctness,,wrapper,20260811,,,PASS,2.10.0.post4.dev20260715,2.10.0+cpu,3.2.0,r8_safe_vector_dispatch,True,True
9.1.0,random_bias,5,Ascend950PR_957b,True,True,,10,23,,512,,,,56,correctness,,wrapper,20260811,,,PASS,2.10.0.post4.dev20260715,2.10.0+cpu,3.2.0,r9_pair_tie_recovery,True,True
9.1.0,random_bias,5,Ascend950PR_957b,True,True,,10,23,,512,,,,56,correctness,,wrapper,20260811,,,PASS,2.10.0.post4.dev20260715,2.10.0+cpu,3.2.0,r10_group_rank_threshold,True,True
9.1.0,random_bias,5,Ascend950PR_957b,True,True,,10,23,,512,,,,56,correctness,,wrapper,20260811,,,PASS,2.10.0.post4.dev20260715,2.10.0+cpu,3.2.0,r11_packed_exact_sort,True,True
9.1.0,random_bias,5,Ascend950PR_957b,True,True,,10,23,,512,,,,56,correctness,,wrapper,20260811,,,PASS,2.10.0.post4.dev20260715,2.10.0+cpu,3.2.0,r12_two_row_tile,True,True
9.1.0,random_bias,5,Ascend950PR_957b,True,True,,10,23,,512,,,,56,correctness,,wrapper,20260811,,,PASS,2.10.0.post4.dev20260715,2.10.0+cpu,3.2.0,r13_fp32_rank_reduce,True,True
9.1.0,random_bias,5,Ascend950PR_957b,True,True,,10,23,,512,,,,56,correctness,,wrapper,20260811,,,PASS,2.10.0.post4.dev20260715,2.10.0+cpu,3.2.0,r14_priority_argmax,True,True
9.1.0,random_bias,5,Ascend950PR_957b,True,True,,10,23,,512,,,,56,correctness,,wrapper,20260811,,,PASS,2.10.0.post4.dev20260715,2.10.0+cpu,3.2.0,r15_unique_top10_fastpath,True,True
9.1.0,random_bias,5,Ascend950PR_957b,True,True,,10,23,,512,,,,56,correctness,,wrapper,20260811,,,PASS,2.10.0.post4.dev20260715,2.10.0+cpu,3.2.0,r16_split_unique_recovery,True,True
9.1.0,random_bias,5,Ascend950PR_957b,True,True,,10,23,,512,,,,56,correctness,,wrapper,20260811,,,PASS,2.10.0.post4.dev20260715,2.10.0+cpu,3.2.0,r17_parallel_priority_argmax,True,True
9.1.0,random_bias,5,Ascend950PR_957b,True,True,,10,23,,512,,,,56,correctness,,wrapper,20260811,,,PASS,2.10.0.post4.dev20260715,2.10.0+cpu,3.2.0,r18_hierarchical_partial_sort,True,True
9.1.0,random_bias,5,Ascend950PR_957b,True,True,,10,23,,512,,,,56,correctness,,wrapper,20260811,,,PASS,2.10.0.post4.dev20260715,2.10.0+cpu,3.2.0,r19_unique_id_sum,True,True
9.1.0,random_bias,5,Ascend950PR_957b,True,True,,10,23,,512,,,,56,correctness,,wrapper,20260811,,,PASS,2.10.0.post4.dev20260715,2.10.0+cpu,3.2.0,r20_iterative_rank1_maxarg,True,True
9.1.0,random_bias,5,Ascend950PR_957b,True,True,,10,24,,512,,,,56,correctness,,wrapper,20260811,,,PASS,2.10.0.post4.dev20260715,2.10.0+cpu,3.2.0,r0_legacy,True,True
9.1.0,random_bias,5,Ascend950PR_957b,True,True,,10,24,,512,,,,56,correctness,,wrapper,20260811,,,PASS,2.10.0.post4.dev20260715,2.10.0+cpu,3.2.0,r1_constexpr,True,True
9.1.0,random_bias,5,Ascend950PR_957b,True,True,,10,24,,512,,,,56,correctness,,wrapper,20260811,,,PASS,2.10.0.post4.dev20260715,2.10.0+cpu,3.2.0,r2_core_partition,True,True
9.1.0,random_bias,5,Ascend950PR_957b,True,True,,10,24,,512,,,,56,correctness,,wrapper,20260811,,,PASS,2.10.0.post4.dev20260715,2.10.0+cpu,3.2.0,r3_sort_tie,True,True
9.1.0,random_bias,5,Ascend950PR_957b,True,True,,10,24,,512,,,,56,correctness,,wrapper,20260811,,,PASS,2.10.0.post4.dev20260715,2.10.0+cpu,3.2.0,r4_bias_hoist,True,True
9.1.0,random_bias,5,Ascend950PR_957b,True,True,,10,24,,512,,,,56,correctness,,wrapper,20260811,,,PASS,2.10.0.post4.dev20260715,2.10.0+cpu,3.2.0,r5_dispatch,True,True
9.1.0,random_bias,5,Ascend950PR_957b,True,True,,10,24,,512,,,,56,correctness,,wrapper,20260811,,,PASS,2.10.0.post4.dev20260715,2.10.0+cpu,3.2.0,r6_empirical_dispatch,True,True
9.1.0,random_bias,5,Ascend950PR_957b,True,True,,10,24,,512,,,,56,correctness,,wrapper,20260811,,,PASS,2.10.0.post4.dev20260715,2.10.0+cpu,3.2.0,r7_vector_tie_recovery,True,True
9.1.0,random_bias,5,Ascend950PR_957b,True,True,,10,24,,512,,,,56,correctness,,wrapper,20260811,,,PASS,2.10.0.post4.dev20260715,2.10.0+cpu,3.2.0,r8_safe_vector_dispatch,True,True
9.1.0,random_bias,5,Ascend950PR_957b,True,True,,10,24,,512,,,,56,correctness,,wrapper,20260811,,,PASS,2.10.0.post4.dev20260715,2.10.0+cpu,3.2.0,r9_pair_tie_recovery,True,True
9.1.0,random_bias,5,Ascend950PR_957b,True,True,,10,24,,512,,,,56,correctness,,wrapper,20260811,,,PASS,2.10.0.post4.dev20260715,2.10.0+cpu,3.2.0,r10_group_rank_threshold,True,True
9.1.0,random_bias,5,Ascend950PR_957b,True,True,,10,24,,512,,,,56,correctness,,wrapper,20260811,,,PASS,2.10.0.post4.dev20260715,2.10.0+cpu,3.2.0,r11_packed_exact_sort,True,True
9.1.0,random_bias,5,Ascend950PR_957b,True,True,,10,24,,512,,,,56,correctness,,wrapper,20260811,,,PASS,2.10.0.post4.dev20260715,2.10.0+cpu,3.2.0,r12_two_row_tile,True,True
9.1.0,random_bias,5,Ascend950PR_957b,True,True,,10,24,,512,,,,56,correctness,,wrapper,20260811,,,PASS,2.10.0.post4.dev20260715,2.10.0+cpu,3.2.0,r13_fp32_rank_reduce,True,True
9.1.0,random_bias,5,Ascend950PR_957b,True,True,,10,24,,512,,,,56,correctness,,wrapper,20260811,,,PASS,2.10.0.post4.dev20260715,2.10.0+cpu,3.2.0,r14_priority_argmax,True,True
9.1.0,random_bias,5,Ascend950PR_957b,True,True,,10,24,,512,,,,56,correctness,,wrapper,20260811,,,PASS,2.10.0.post4.dev20260715,2.10.0+cpu,3.2.0,r15_unique_top10_fastpath,True,True
9.1.0,random_bias,5,Ascend950PR_957b,True,True,,10,24,,512,,,,56,correctness,,wrapper,20260811,,,PASS,2.10.0.post4.dev20260715,2.10.0+cpu,3.2.0,r16_split_unique_recovery,True,True
9.1.0,random_bias,5,Ascend950PR_957b,True,True,,10,24,,512,,,,56,correctness,,wrapper,20260811,,,PASS,2.10.0.post4.dev20260715,2.10.0+cpu,3.2.0,r17_parallel_priority_argmax,True,True
9.1.0,random_bias,5,Ascend950PR_957b,True,True,,10,24,,512,,,,56,correctness,,wrapper,20260811,,,PASS,2.10.0.post4.dev20260715,2.10.0+cpu,3.2.0,r18_hierarchical_partial_sort,True,True
9.1.0,random_bias,5,Ascend950PR_957b,True,True,,10,24,,512,,,,56,correctness,,wrapper,20260811,,,PASS,2.10.0.post4.dev20260715,2.10.0+cpu,3.2.0,r19_unique_id_sum,True,True
9.1.0,random_bias,5,Ascend950PR_957b,True,True,,10,24,,512,,,,56,correctness,,wrapper,20260811,,,PASS,2.10.0.post4.dev20260715,2.10.0+cpu,3.2.0,r20_iterative_rank1_maxarg,True,True
9.1.0,random_bias,5,Ascend950PR_957b,True,True,,10,25,,512,,,,56,correctness,,wrapper,20260811,,,PASS,2.10.0.post4.dev20260715,2.10.0+cpu,3.2.0,r0_legacy,True,True
9.1.0,random_bias,5,Ascend950PR_957b,True,True,,10,25,,512,,,,56,correctness,,wrapper,20260811,,,PASS,2.10.0.post4.dev20260715,2.10.0+cpu,3.2.0,r1_constexpr,True,True
9.1.0,random_bias,5,Ascend950PR_957b,True,True,,10,25,,512,,,,56,correctness,,wrapper,20260811,,,PASS,2.10.0.post4.dev20260715,2.10.0+cpu,3.2.0,r2_core_partition,True,True
9.1.0,random_bias,5,Ascend950PR_957b,True,True,,10,25,,512,,,,56,correctness,,wrapper,20260811,,,PASS,2.10.0.post4.dev20260715,2.10.0+cpu,3.2.0,r3_sort_tie,True,True
9.1.0,random_bias,5,Ascend950PR_957b,True,True,,10,25,,512,,,,56,correctness,,wrapper,20260811,,,PASS,2.10.0.post4.dev20260715,2.10.0+cpu,3.2.0,r4_bias_hoist,True,True
9.1.0,random_bias,5,Ascend950PR_957b,True,True,,10,25,,512,,,,56,correctness,,wrapper,20260811,,,PASS,2.10.0.post4.dev20260715,2.10.0+cpu,3.2.0,r5_dispatch,True,True
9.1.0,random_bias,5,Ascend950PR_957b,True,True,,10,25,,512,,,,56,correctness,,wrapper,20260811,,,PASS,2.10.0.post4.dev20260715,2.10.0+cpu,3.2.0,r6_empirical_dispatch,True,True
9.1.0,random_bias,5,Ascend950PR_957b,True,True,,10,25,,512,,,,56,correctness,,wrapper,20260811,,,PASS,2.10.0.post4.dev20260715,2.10.0+cpu,3.2.0,r7_vector_tie_recovery,True,True
9.1.0,random_bias,5,Ascend950PR_957b,True,True,,10,25,,512,,,,56,correctness,,wrapper,20260811,,,PASS,2.10.0.post4.dev20260715,2.10.0+cpu,3.2.0,r8_safe_vector_dispatch,True,True
9.1.0,random_bias,5,Ascend950PR_957b,True,True,,10,25,,512,,,,56,correctness,,wrapper,20260811,,,PASS,2.10.0.post4.dev20260715,2.10.0+cpu,3.2.0,r9_pair_tie_recovery,True,True
9.1.0,random_bias,5,Ascend950PR_957b,True,True,,10,25,,512,,,,56,correctness,,wrapper,20260811,,,PASS,2.10.0.post4.dev20260715,2.10.0+cpu,3.2.0,r10_group_rank_threshold,True,True
9.1.0,random_bias,5,Ascend950PR_957b,True,True,,10,25,,512,,,,56,correctness,,wrapper,20260811,,,PASS,2.10.0.post4.dev20260715,2.10.0+cpu,3.2.0,r11_packed_exact_sort,True,True
9.1.0,random_bias,5,Ascend950PR_957b,True,True,,10,25,,512,,,,56,correctness,,wrapper,20260811,,,PASS,2.10.0.post4.dev20260715,2.10.0+cpu,3.2.0,r12_two_row_tile,True,True
9.1.0,random_bias,5,Ascend950PR_957b,True,True,,10,25,,512,,,,56,correctness,,wrapper,20260811,,,PASS,2.10.0.post4.dev20260715,2.10.0+cpu,3.2.0,r13_fp32_rank_reduce,True,True
9.1.0,random_bias,5,Ascend950PR_957b,True,True,,10,25,,512,,,,56,correctness,,wrapper,20260811,,,PASS,2.10.0.post4.dev20260715,2.10.0+cpu,3.2.0,r14_priority_argmax,True,True
9.1.0,random_bias,5,Ascend950PR_957b,True,True,,10,25,,512,,,,56,correctness,,wrapper,20260811,,,PASS,2.10.0.post4.dev20260715,2.10.0+cpu,3.2.0,r15_unique_top10_fastpath,True,True
9.1.0,random_bias,5,Ascend950PR_957b,True,True,,10,25,,512,,,,56,correctness,,wrapper,20260811,,,PASS,2.10.0.post4.dev20260715,2.10.0+cpu,3.2.0,r16_split_unique_recovery,True,True
9.1.0,random_bias,5,Ascend950PR_957b,True,True,,10,25,,512,,,,56,correctness,,wrapper,20260811,,,PASS,2.10.0.post4.dev20260715,2.10.0+cpu,3.2.0,r17_parallel_priority_argmax,True,True
9.1.0,random_bias,5,Ascend950PR_957b,True,True,,10,25,,512,,,,56,correctness,,wrapper,20260811,,,PASS,2.10.0.post4.dev20260715,2.10.0+cpu,3.2.0,r18_hierarchical_partial_sort,True,True
9.1.0,random_bias,5,Ascend950PR_957b,True,True,,10,25,,512,,,,56,correctness,,wrapper,20260811,,,PASS,2.10.0.post4.dev20260715,2.10.0+cpu,3.2.0,r19_unique_id_sum,True,True
9.1.0,random_bias,5,Ascend950PR_957b,True,True,,10,25,,512,,,,56,correctness,,wrapper,20260811,,,PASS,2.10.0.post4.dev20260715,2.10.0+cpu,3.2.0,r20_iterative_rank1_maxarg,True,True
9.1.0,random_bias,5,Ascend950PR_957b,True,True,,10,26,,512,,,,56,correctness,,wrapper,20260811,,,PASS,2.10.0.post4.dev20260715,2.10.0+cpu,3.2.0,r0_legacy,True,True
9.1.0,random_bias,5,Ascend950PR_957b,True,True,,10,26,,512,,,,56,correctness,,wrapper,20260811,,,PASS,2.10.0.post4.dev20260715,2.10.0+cpu,3.2.0,r1_constexpr,True,True
9.1.0,random_bias,5,Ascend950PR_957b,True,True,,10,26,,512,,,,56,correctness,,wrapper,20260811,,,PASS,2.10.0.post4.dev20260715,2.10.0+cpu,3.2.0,r2_core_partition,True,True
9.1.0,random_bias,5,Ascend950PR_957b,True,True,,10,26,,512,,,,56,correctness,,wrapper,20260811,,,PASS,2.10.0.post4.dev20260715,2.10.0+cpu,3.2.0,r3_sort_tie,True,True
9.1.0,random_bias,5,Ascend950PR_957b,True,True,,10,26,,512,,,,56,correctness,,wrapper,20260811,,,PASS,2.10.0.post4.dev20260715,2.10.0+cpu,3.2.0,r4_bias_hoist,True,True
9.1.0,random_bias,5,Ascend950PR_957b,True,True,,10,26,,512,,,,56,correctness,,wrapper,20260811,,,PASS,2.10.0.post4.dev20260715,2.10.0+cpu,3.2.0,r5_dispatch,True,True
9.1.0,random_bias,5,Ascend950PR_957b,True,True,,10,26,,512,,,,56,correctness,,wrapper,20260811,,,PASS,2.10.0.post4.dev20260715,2.10.0+cpu,3.2.0,r6_empirical_dispatch,True,True
9.1.0,random_bias,5,Ascend950PR_957b,True,True,,10,26,,512,,,,56,correctness,,wrapper,20260811,,,PASS,2.10.0.post4.dev20260715,2.10.0+cpu,3.2.0,r7_vector_tie_recovery,True,True
9.1.0,random_bias,5,Ascend950PR_957b,True,True,,10,26,,512,,,,56,correctness,,wrapper,20260811,,,PASS,2.10.0.post4.dev20260715,2.10.0+cpu,3.2.0,r8_safe_vector_dispatch,True,True
9.1.0,random_bias,5,Ascend950PR_957b,True,True,,10,26,,512,,,,56,correctness,,wrapper,20260811,,,PASS,2.10.0.post4.dev20260715,2.10.0+cpu,3.2.0,r9_pair_tie_recovery,True,True
9.1.0,random_bias,5,Ascend950PR_957b,True,True,,10,26,,512,,,,56,correctness,,wrapper,20260811,,,PASS,2.10.0.post4.dev20260715,2.10.0+cpu,3.2.0,r10_group_rank_threshold,True,True
9.1.0,random_bias,5,Ascend950PR_957b,True,True,,10,26,,512,,,,56,correctness,,wrapper,20260811,,,PASS,2.10.0.post4.dev20260715,2.10.0+cpu,3.2.0,r11_packed_exact_sort,True,True
9.1.0,random_bias,5,Ascend950PR_957b,True,True,,10,26,,512,,,,56,correctness,,wrapper,20260811,,,PASS,2.10.0.post4.dev20260715,2.10.0+cpu,3.2.0,r12_two_row_tile,True,True
9.1.0,random_bias,5,Ascend950PR_957b,True,True,,10,26,,512,,,,56,correctness,,wrapper,20260811,,,PASS,2.10.0.post4.dev20260715,2.10.0+cpu,3.2.0,r13_fp32_rank_reduce,True,True
9.1.0,random_bias,5,Ascend950PR_957b,True,True,,10,26,,512,,,,56,correctness,,wrapper,20260811,,,PASS,2.10.0.post4.dev20260715,2.10.0+cpu,3.2.0,r14_priority_argmax,True,True
9.1.0,random_bias,5,Ascend950PR_957b,True,True,,10,26,,512,,,,56,correctness,,wrapper,20260811,,,PASS,2.10.0.post4.dev20260715,2.10.0+cpu,3.2.0,r15_unique_top10_fastpath,True,True
9.1.0,random_bias,5,Ascend950PR_957b,True,True,,10,26,,512,,,,56,correctness,,wrapper,20260811,,,PASS,2.10.0.post4.dev20260715,2.10.0+cpu,3.2.0,r16_split_unique_recovery,True,True
9.1.0,random_bias,5,Ascend950PR_957b,True,True,,10,26,,512,,,,56,correctness,,wrapper,20260811,,,PASS,2.10.0.post4.dev20260715,2.10.0+cpu,3.2.0,r17_parallel_priority_argmax,True,True
9.1.0,random_bias,5,Ascend950PR_957b,True,True,,10,26,,512,,,,56,correctness,,wrapper,20260811,,,PASS,2.10.0.post4.dev20260715,2.10.0+cpu,3.2.0,r18_hierarchical_partial_sort,True,True
9.1.0,random_bias,5,Ascend950PR_957b,True,True,,10,26,,512,,,,56,correctness,,wrapper,20260811,,,PASS,2.10.0.post4.dev20260715,2.10.0+cpu,3.2.0,r19_unique_id_sum,True,True
9.1.0,random_bias,5,Ascend950PR_957b,True,True,,10,26,,512,,,,56,correctness,,wrapper,20260811,,,PASS,2.10.0.post4.dev20260715,2.10.0+cpu,3.2.0,r20_iterative_rank1_maxarg,True,True
9.1.0,random_bias,5,Ascend950PR_957b,True,True,,10,27,,512,,,,56,correctness,,wrapper,20260811,,,PASS,2.10.0.post4.dev20260715,2.10.0+cpu,3.2.0,r0_legacy,True,True
9.1.0,random_bias,5,Ascend950PR_957b,True,True,,10,27,,512,,,,56,correctness,,wrapper,20260811,,,PASS,2.10.0.post4.dev20260715,2.10.0+cpu,3.2.0,r1_constexpr,True,True
9.1.0,random_bias,5,Ascend950PR_957b,True,True,,10,27,,512,,,,56,correctness,,wrapper,20260811,,,PASS,2.10.0.post4.dev20260715,2.10.0+cpu,3.2.0,r2_core_partition,True,True
9.1.0,random_bias,5,Ascend950PR_957b,True,True,,10,27,,512,,,,56,correctness,,wrapper,20260811,,,PASS,2.10.0.post4.dev20260715,2.10.0+cpu,3.2.0,r3_sort_tie,True,True
9.1.0,random_bias,5,Ascend950PR_957b,True,True,,10,27,,512,,,,56,correctness,,wrapper,20260811,,,PASS,2.10.0.post4.dev20260715,2.10.0+cpu,3.2.0,r4_bias_hoist,True,True
9.1.0,random_bias,5,Ascend950PR_957b,True,True,,10,27,,512,,,,56,correctness,,wrapper,20260811,,,PASS,2.10.0.post4.dev20260715,2.10.0+cpu,3.2.0,r5_dispatch,True,True
9.1.0,random_bias,5,Ascend950PR_957b,True,True,,10,27,,512,,,,56,correctness,,wrapper,20260811,,,PASS,2.10.0.post4.dev20260715,2.10.0+cpu,3.2.0,r6_empirical_dispatch,True,True
9.1.0,random_bias,5,Ascend950PR_957b,True,True,,10,27,,512,,,,56,correctness,,wrapper,20260811,,,PASS,2.10.0.post4.dev20260715,2.10.0+cpu,3.2.0,r7_vector_tie_recovery,True,True
9.1.0,random_bias,5,Ascend950PR_957b,True,True,,10,27,,512,,,,56,correctness,,wrapper,20260811,,,PASS,2.10.0.post4.dev20260715,2.10.0+cpu,3.2.0,r8_safe_vector_dispatch,True,True
9.1.0,random_bias,5,Ascend950PR_957b,True,True,,10,27,,512,,,,56,correctness,,wrapper,20260811,,,PASS,2.10.0.post4.dev20260715,2.10.0+cpu,3.2.0,r9_pair_tie_recovery,True,True
9.1.0,random_bias,5,Ascend950PR_957b,True,True,,10,27,,512,,,,56,correctness,,wrapper,20260811,,,PASS,2.10.0.post4.dev20260715,2.10.0+cpu,3.2.0,r10_group_rank_threshold,True,True
9.1.0,random_bias,5,Ascend950PR_957b,True,True,,10,27,,512,,,,56,correctness,,wrapper,20260811,,,PASS,2.10.0.post4.dev20260715,2.10.0+cpu,3.2.0,r11_packed_exact_sort,True,True
9.1.0,random_bias,5,Ascend950PR_957b,True,True,,10,27,,512,,,,56,correctness,,wrapper,20260811,,,PASS,2.10.0.post4.dev20260715,2.10.0+cpu,3.2.0,r12_two_row_tile,True,True
9.1.0,random_bias,5,Ascend950PR_957b,True,True,,10,27,,512,,,,56,correctness,,wrapper,20260811,,,PASS,2.10.0.post4.dev20260715,2.10.0+cpu,3.2.0,r13_fp32_rank_reduce,True,True
9.1.0,random_bias,5,Ascend950PR_957b,True,True,,10,27,,512,,,,56,correctness,,wrapper,20260811,,,PASS,2.10.0.post4.dev20260715,2.10.0+cpu,3.2.0,r14_priority_argmax,True,True
9.1.0,random_bias,5,Ascend950PR_957b,True,True,,10,27,,512,,,,56,correctness,,wrapper,20260811,,,PASS,2.10.0.post4.dev20260715,2.10.0+cpu,3.2.0,r15_unique_top10_fastpath,True,True
9.1.0,random_bias,5,Ascend950PR_957b,True,True,,10,27,,512,,,,56,correctness,,wrapper,20260811,,,PASS,2.10.0.post4.dev20260715,2.10.0+cpu,3.2.0,r16_split_unique_recovery,True,True
9.1.0,random_bias,5,Ascend950PR_957b,True,True,,10,27,,512,,,,56,correctness,,wrapper,20260811,,,PASS,2.10.0.post4.dev20260715,2.10.0+cpu,3.2.0,r17_parallel_priority_argmax,True,True
9.1.0,random_bias,5,Ascend950PR_957b,True,True,,10,27,,512,,,,56,correctness,,wrapper,20260811,,,PASS,2.10.0.post4.dev20260715,2.10.0+cpu,3.2.0,r18_hierarchical_partial_sort,True,True
9.1.0,random_bias,5,Ascend950PR_957b,True,True,,10,27,,512,,,,56,correctness,,wrapper,20260811,,,PASS,2.10.0.post4.dev20260715,2.10.0+cpu,3.2.0,r19_unique_id_sum,True,True
9.1.0,random_bias,5,Ascend950PR_957b,True,True,,10,27,,512,,,,56,correctness,,wrapper,20260811,,,PASS,2.10.0.post4.dev20260715,2.10.0+cpu,3.2.0,r20_iterative_rank1_maxarg,True,True
9.1.0,random_bias,5,Ascend950PR_957b,True,True,,10,28,,512,,,,56,correctness,,wrapper,20260811,,,PASS,2.10.0.post4.dev20260715,2.10.0+cpu,3.2.0,r0_legacy,True,True
9.1.0,random_bias,5,Ascend950PR_957b,True,True,,10,28,,512,,,,56,correctness,,wrapper,20260811,,,PASS,2.10.0.post4.dev20260715,2.10.0+cpu,3.2.0,r1_constexpr,True,True
9.1.0,random_bias,5,Ascend950PR_957b,True,True,,10,28,,512,,,,56,correctness,,wrapper,20260811,,,PASS,2.10.0.post4.dev20260715,2.10.0+cpu,3.2.0,r2_core_partition,True,True
9.1.0,random_bias,5,Ascend950PR_957b,True,True,,10,28,,512,,,,56,correctness,,wrapper,20260811,,,PASS,2.10.0.post4.dev20260715,2.10.0+cpu,3.2.0,r3_sort_tie,True,True
9.1.0,random_bias,5,Ascend950PR_957b,True,True,,10,28,,512,,,,56,correctness,,wrapper,20260811,,,PASS,2.10.0.post4.dev20260715,2.10.0+cpu,3.2.0,r4_bias_hoist,True,True
9.1.0,random_bias,5,Ascend950PR_957b,True,True,,10,28,,512,,,,56,correctness,,wrapper,20260811,,,PASS,2.10.0.post4.dev20260715,2.10.0+cpu,3.2.0,r5_dispatch,True,True
9.1.0,random_bias,5,Ascend950PR_957b,True,True,,10,28,,512,,,,56,correctness,,wrapper,20260811,,,PASS,2.10.0.post4.dev20260715,2.10.0+cpu,3.2.0,r6_empirical_dispatch,True,True
9.1.0,random_bias,5,Ascend950PR_957b,True,True,,10,28,,512,,,,56,correctness,,wrapper,20260811,,,PASS,2.10.0.post4.dev20260715,2.10.0+cpu,3.2.0,r7_vector_tie_recovery,True,True
9.1.0,random_bias,5,Ascend950PR_957b,True,True,,10,28,,512,,,,56,correctness,,wrapper,20260811,,,PASS,2.10.0.post4.dev20260715,2.10.0+cpu,3.2.0,r8_safe_vector_dispatch,True,True
9.1.0,random_bias,5,Ascend950PR_957b,True,True,,10,28,,512,,,,56,correctness,,wrapper,20260811,,,PASS,2.10.0.post4.dev20260715,2.10.0+cpu,3.2.0,r9_pair_tie_recovery,True,True
9.1.0,random_bias,5,Ascend950PR_957b,True,True,,10,28,,512,,,,56,correctness,,wrapper,20260811,,,PASS,2.10.0.post4.dev20260715,2.10.0+cpu,3.2.0,r10_group_rank_threshold,True,True
9.1.0,random_bias,5,Ascend950PR_957b,True,True,,10,28,,512,,,,56,correctness,,wrapper,20260811,,,PASS,2.10.0.post4.dev20260715,2.10.0+cpu,3.2.0,r11_packed_exact_sort,True,True
9.1.0,random_bias,5,Ascend950PR_957b,True,True,,10,28,,512,,,,56,correctness,,wrapper,20260811,,,PASS,2.10.0.post4.dev20260715,2.10.0+cpu,3.2.0,r12_two_row_tile,True,True
9.1.0,random_bias,5,Ascend950PR_957b,True,True,,10,28,,512,,,,56,correctness,,wrapper,20260811,,,PASS,2.10.0.post4.dev20260715,2.10.0+cpu,3.2.0,r13_fp32_rank_reduce,True,True
9.1.0,random_bias,5,Ascend950PR_957b,True,True,,10,28,,512,,,,56,correctness,,wrapper,20260811,,,PASS,2.10.0.post4.dev20260715,2.10.0+cpu,3.2.0,r14_priority_argmax,True,True
9.1.0,random_bias,5,Ascend950PR_957b,True,True,,10,28,,512,,,,56,correctness,,wrapper,20260811,,,PASS,2.10.0.post4.dev20260715,2.10.0+cpu,3.2.0,r15_unique_top10_fastpath,True,True
9.1.0,random_bias,5,Ascend950PR_957b,True,True,,10,28,,512,,,,56,correctness,,wrapper,20260811,,,PASS,2.10.0.post4.dev20260715,2.10.0+cpu,3.2.0,r16_split_unique_recovery,True,True
9.1.0,random_bias,5,Ascend950PR_957b,True,True,,10,28,,512,,,,56,correctness,,wrapper,20260811,,,PASS,2.10.0.post4.dev20260715,2.10.0+cpu,3.2.0,r17_parallel_priority_argmax,True,True
9.1.0,random_bias,5,Ascend950PR_957b,True,True,,10,28,,512,,,,56,correctness,,wrapper,20260811,,,PASS,2.10.0.post4.dev20260715,2.10.0+cpu,3.2.0,r18_hierarchical_partial_sort,True,True
9.1.0,random_bias,5,Ascend950PR_957b,True,True,,10,28,,512,,,,56,correctness,,wrapper,20260811,,,PASS,2.10.0.post4.dev20260715,2.10.0+cpu,3.2.0,r19_unique_id_sum,True,True
9.1.0,random_bias,5,Ascend950PR_957b,True,True,,10,28,,512,,,,56,correctness,,wrapper,20260811,,,PASS,2.10.0.post4.dev20260715,2.10.0+cpu,3.2.0,r20_iterative_rank1_maxarg,True,True
9.1.0,random_bias,5,Ascend950PR_957b,True,True,,10,29,,512,,,,56,correctness,,wrapper,20260811,,,PASS,2.10.0.post4.dev20260715,2.10.0+cpu,3.2.0,r0_legacy,True,True
9.1.0,random_bias,5,Ascend950PR_957b,True,True,,10,29,,512,,,,56,correctness,,wrapper,20260811,,,PASS,2.10.0.post4.dev20260715,2.10.0+cpu,3.2.0,r1_constexpr,True,True
9.1.0,random_bias,5,Ascend950PR_957b,True,True,,10,29,,512,,,,56,correctness,,wrapper,20260811,,,PASS,2.10.0.post4.dev20260715,2.10.0+cpu,3.2.0,r2_core_partition,True,True
9.1.0,random_bias,5,Ascend950PR_957b,True,True,,10,29,,512,,,,56,correctness,,wrapper,20260811,,,PASS,2.10.0.post4.dev20260715,2.10.0+cpu,3.2.0,r3_sort_tie,True,True
9.1.0,random_bias,5,Ascend950PR_957b,True,True,,10,29,,512,,,,56,correctness,,wrapper,20260811,,,PASS,2.10.0.post4.dev20260715,2.10.0+cpu,3.2.0,r4_bias_hoist,True,True
9.1.0,random_bias,5,Ascend950PR_957b,True,True,,10,29,,512,,,,56,correctness,,wrapper,20260811,,,PASS,2.10.0.post4.dev20260715,2.10.0+cpu,3.2.0,r5_dispatch,True,True
9.1.0,random_bias,5,Ascend950PR_957b,True,True,,10,29,,512,,,,56,correctness,,wrapper,20260811,,,PASS,2.10.0.post4.dev20260715,2.10.0+cpu,3.2.0,r6_empirical_dispatch,True,True
9.1.0,random_bias,5,Ascend950PR_957b,True,True,,10,29,,512,,,,56,correctness,,wrapper,20260811,,,PASS,2.10.0.post4.dev20260715,2.10.0+cpu,3.2.0,r7_vector_tie_recovery,True,True
9.1.0,random_bias,5,Ascend950PR_957b,True,True,,10,29,,512,,,,56,correctness,,wrapper,20260811,,,PASS,2.10.0.post4.dev20260715,2.10.0+cpu,3.2.0,r8_safe_vector_dispatch,True,True
9.1.0,random_bias,5,Ascend950PR_957b,True,True,,10,29,,512,,,,56,correctness,,wrapper,20260811,,,PASS,2.10.0.post4.dev20260715,2.10.0+cpu,3.2.0,r9_pair_tie_recovery,True,True
9.1.0,random_bias,5,Ascend950PR_957b,True,True,,10,29,,512,,,,56,correctness,,wrapper,20260811,,,PASS,2.10.0.post4.dev20260715,2.10.0+cpu,3.2.0,r10_group_rank_threshold,True,True
9.1.0,random_bias,5,Ascend950PR_957b,True,True,,10,29,,512,,,,56,correctness,,wrapper,20260811,,,PASS,2.10.0.post4.dev20260715,2.10.0+cpu,3.2.0,r11_packed_exact_sort,True,True
9.1.0,random_bias,5,Ascend950PR_957b,True,True,,10,29,,512,,,,56,correctness,,wrapper,20260811,,,PASS,2.10.0.post4.dev20260715,2.10.0+cpu,3.2.0,r12_two_row_tile,True,True
9.1.0,random_bias,5,Ascend950PR_957b,True,True,,10,29,,512,,,,56,correctness,,wrapper,20260811,,,PASS,2.10.0.post4.dev20260715,2.10.0+cpu,3.2.0,r13_fp32_rank_reduce,True,True
9.1.0,random_bias,5,Ascend950PR_957b,True,True,,10,29,,512,,,,56,correctness,,wrapper,20260811,,,PASS,2.10.0.post4.dev20260715,2.10.0+cpu,3.2.0,r14_priority_argmax,True,True
9.1.0,random_bias,5,Ascend950PR_957b,True,True,,10,29,,512,,,,56,correctness,,wrapper,20260811,,,PASS,2.10.0.post4.dev20260715,2.10.0+cpu,3.2.0,r15_unique_top10_fastpath,True,True
9.1.0,random_bias,5,Ascend950PR_957b,True,True,,10,29,,512,,,,56,correctness,,wrapper,20260811,,,PASS,2.10.0.post4.dev20260715,2.10.0+cpu,3.2.0,r16_split_unique_recovery,True,True
9.1.0,random_bias,5,Ascend950PR_957b,True,True,,10,29,,512,,,,56,correctness,,wrapper,20260811,,,PASS,2.10.0.post4.dev20260715,2.10.0+cpu,3.2.0,r17_parallel_priority_argmax,True,True
9.1.0,random_bias,5,Ascend950PR_957b,True,True,,10,29,,512,,,,56,correctness,,wrapper,20260811,,,PASS,2.10.0.post4.dev20260715,2.10.0+cpu,3.2.0,r18_hierarchical_partial_sort,True,True
9.1.0,random_bias,5,Ascend950PR_957b,True,True,,10,29,,512,,,,56,correctness,,wrapper,20260811,,,PASS,2.10.0.post4.dev20260715,2.10.0+cpu,3.2.0,r19_unique_id_sum,True,True
9.1.0,random_bias,5,Ascend950PR_957b,True,True,,10,29,,512,,,,56,correctness,,wrapper,20260811,,,PASS,2.10.0.post4.dev20260715,2.10.0+cpu,3.2.0,r20_iterative_rank1_maxarg,True,True
9.1.0,random_bias,5,Ascend950PR_957b,True,True,,10,30,,512,,,,56,correctness,,wrapper,20260811,,,PASS,2.10.0.post4.dev20260715,2.10.0+cpu,3.2.0,r0_legacy,True,True
9.1.0,random_bias,5,Ascend950PR_957b,True,True,,10,30,,512,,,,56,correctness,,wrapper,20260811,,,PASS,2.10.0.post4.dev20260715,2.10.0+cpu,3.2.0,r1_constexpr,True,True
9.1.0,random_bias,5,Ascend950PR_957b,True,True,,10,30,,512,,,,56,correctness,,wrapper,20260811,,,PASS,2.10.0.post4.dev20260715,2.10.0+cpu,3.2.0,r2_core_partition,True,True
9.1.0,random_bias,5,Ascend950PR_957b,True,True,,10,30,,512,,,,56,correctness,,wrapper,20260811,,,PASS,2.10.0.post4.dev20260715,2.10.0+cpu,3.2.0,r3_sort_tie,True,True
9.1.0,random_bias,5,Ascend950PR_957b,True,True,,10,30,,512,,,,56,correctness,,wrapper,20260811,,,PASS,2.10.0.post4.dev20260715,2.10.0+cpu,3.2.0,r4_bias_hoist,True,True
9.1.0,random_bias,5,Ascend950PR_957b,True,True,,10,30,,512,,,,56,correctness,,wrapper,20260811,,,PASS,2.10.0.post4.dev20260715,2.10.0+cpu,3.2.0,r5_dispatch,True,True
9.1.0,random_bias,5,Ascend950PR_957b,True,True,,10,30,,512,,,,56,correctness,,wrapper,20260811,,,PASS,2.10.0.post4.dev20260715,2.10.0+cpu,3.2.0,r6_empirical_dispatch,True,True
9.1.0,random_bias,5,Ascend950PR_957b,True,True,,10,30,,512,,,,56,correctness,,wrapper,20260811,,,PASS,2.10.0.post4.dev20260715,2.10.0+cpu,3.2.0,r7_vector_tie_recovery,True,True
9.1.0,random_bias,5,Ascend950PR_957b,True,True,,10,30,,512,,,,56,correctness,,wrapper,20260811,,,PASS,2.10.0.post4.dev20260715,2.10.0+cpu,3.2.0,r8_safe_vector_dispatch,True,True
9.1.0,random_bias,5,Ascend950PR_957b,True,True,,10,30,,512,,,,56,correctness,,wrapper,20260811,,,PASS,2.10.0.post4.dev20260715,2.10.0+cpu,3.2.0,r9_pair_tie_recovery,True,True
9.1.0,random_bias,5,Ascend950PR_957b,True,True,,10,30,,512,,,,56,correctness,,wrapper,20260811,,,PASS,2.10.0.post4.dev20260715,2.10.0+cpu,3.2.0,r10_group_rank_threshold,True,True
9.1.0,random_bias,5,Ascend950PR_957b,True,True,,10,30,,512,,,,56,correctness,,wrapper,20260811,,,PASS,2.10.0.post4.dev20260715,2.10.0+cpu,3.2.0,r11_packed_exact_sort,True,True
9.1.0,random_bias,5,Ascend950PR_957b,True,True,,10,30,,512,,,,56,correctness,,wrapper,20260811,,,PASS,2.10.0.post4.dev20260715,2.10.0+cpu,3.2.0,r12_two_row_tile,True,True
9.1.0,random_bias,5,Ascend950PR_957b,True,True,,10,30,,512,,,,56,correctness,,wrapper,20260811,,,PASS,2.10.0.post4.dev20260715,2.10.0+cpu,3.2.0,r13_fp32_rank_reduce,True,True
9.1.0,random_bias,5,Ascend950PR_957b,True,True,,10,30,,512,,,,56,correctness,,wrapper,20260811,,,PASS,2.10.0.post4.dev20260715,2.10.0+cpu,3.2.0,r14_priority_argmax,True,True
9.1.0,random_bias,5,Ascend950PR_957b,True,True,,10,30,,512,,,,56,correctness,,wrapper,20260811,,,PASS,2.10.0.post4.dev20260715,2.10.0+cpu,3.2.0,r15_unique_top10_fastpath,True,True
9.1.0,random_bias,5,Ascend950PR_957b,True,True,,10,30,,512,,,,56,correctness,,wrapper,20260811,,,PASS,2.10.0.post4.dev20260715,2.10.0+cpu,3.2.0,r16_split_unique_recovery,True,True
9.1.0,random_bias,5,Ascend950PR_957b,True,True,,10,30,,512,,,,56,correctness,,wrapper,20260811,,,PASS,2.10.0.post4.dev20260715,2.10.0+cpu,3.2.0,r17_parallel_priority_argmax,True,True
9.1.0,random_bias,5,Ascend950PR_957b,True,True,,10,30,,512,,,,56,correctness,,wrapper,20260811,,,PASS,2.10.0.post4.dev20260715,2.10.0+cpu,3.2.0,r18_hierarchical_partial_sort,True,True
9.1.0,random_bias,5,Ascend950PR_957b,True,True,,10,30,,512,,,,56,correctness,,wrapper,20260811,,,PASS,2.10.0.post4.dev20260715,2.10.0+cpu,3.2.0,r19_unique_id_sum,True,True
9.1.0,random_bias,5,Ascend950PR_957b,True,True,,10,30,,512,,,,56,correctness,,wrapper,20260811,,,PASS,2.10.0.post4.dev20260715,2.10.0+cpu,3.2.0,r20_iterative_rank1_maxarg,True,True
9.1.0,random_bias,5,Ascend950PR_957b,True,True,,10,31,,512,,,,56,correctness,,wrapper,20260811,,,PASS,2.10.0.post4.dev20260715,2.10.0+cpu,3.2.0,r0_legacy,True,True
9.1.0,random_bias,5,Ascend950PR_957b,True,True,,10,31,,512,,,,56,correctness,,wrapper,20260811,,,PASS,2.10.0.post4.dev20260715,2.10.0+cpu,3.2.0,r1_constexpr,True,True
9.1.0,random_bias,5,Ascend950PR_957b,True,True,,10,31,,512,,,,56,correctness,,wrapper,20260811,,,PASS,2.10.0.post4.dev20260715,2.10.0+cpu,3.2.0,r2_core_partition,True,True
9.1.0,random_bias,5,Ascend950PR_957b,True,True,,10,31,,512,,,,56,correctness,,wrapper,20260811,,,PASS,2.10.0.post4.dev20260715,2.10.0+cpu,3.2.0,r3_sort_tie,True,True
9.1.0,random_bias,5,Ascend950PR_957b,True,True,,10,31,,512,,,,56,correctness,,wrapper,20260811,,,PASS,2.10.0.post4.dev20260715,2.10.0+cpu,3.2.0,r4_bias_hoist,True,True
9.1.0,random_bias,5,Ascend950PR_957b,True,True,,10,31,,512,,,,56,correctness,,wrapper,20260811,,,PASS,2.10.0.post4.dev20260715,2.10.0+cpu,3.2.0,r5_dispatch,True,True
9.1.0,random_bias,5,Ascend950PR_957b,True,True,,10,31,,512,,,,56,correctness,,wrapper,20260811,,,PASS,2.10.0.post4.dev20260715,2.10.0+cpu,3.2.0,r6_empirical_dispatch,True,True
9.1.0,random_bias,5,Ascend950PR_957b,True,True,,10,31,,512,,,,56,correctness,,wrapper,20260811,,,PASS,2.10.0.post4.dev20260715,2.10.0+cpu,3.2.0,r7_vector_tie_recovery,True,True
9.1.0,random_bias,5,Ascend950PR_957b,True,True,,10,31,,512,,,,56,correctness,,wrapper,20260811,,,PASS,2.10.0.post4.dev20260715,2.10.0+cpu,3.2.0,r8_safe_vector_dispatch,True,True
9.1.0,random_bias,5,Ascend950PR_957b,True,True,,10,31,,512,,,,56,correctness,,wrapper,20260811,,,PASS,2.10.0.post4.dev20260715,2.10.0+cpu,3.2.0,r9_pair_tie_recovery,True,True
9.1.0,random_bias,5,Ascend950PR_957b,True,True,,10,31,,512,,,,56,correctness,,wrapper,20260811,,,PASS,2.10.0.post4.dev20260715,2.10.0+cpu,3.2.0,r10_group_rank_threshold,True,True
9.1.0,random_bias,5,Ascend950PR_957b,True,True,,10,31,,512,,,,56,correctness,,wrapper,20260811,,,PASS,2.10.0.post4.dev20260715,2.10.0+cpu,3.2.0,r11_packed_exact_sort,True,True
9.1.0,random_bias,5,Ascend950PR_957b,True,True,,10,31,,512,,,,56,correctness,,wrapper,20260811,,,PASS,2.10.0.post4.dev20260715,2.10.0+cpu,3.2.0,r12_two_row_tile,True,True
9.1.0,random_bias,5,Ascend950PR_957b,True,True,,10,31,,512,,,,56,correctness,,wrapper,20260811,,,PASS,2.10.0.post4.dev20260715,2.10.0+cpu,3.2.0,r13_fp32_rank_reduce,True,True
9.1.0,random_bias,5,Ascend950PR_957b,True,True,,10,31,,512,,,,56,correctness,,wrapper,20260811,,,PASS,2.10.0.post4.dev20260715,2.10.0+cpu,3.2.0,r14_priority_argmax,True,True
9.1.0,random_bias,5,Ascend950PR_957b,True,True,,10,31,,512,,,,56,correctness,,wrapper,20260811,,,PASS,2.10.0.post4.dev20260715,2.10.0+cpu,3.2.0,r15_unique_top10_fastpath,True,True
9.1.0,random_bias,5,Ascend950PR_957b,True,True,,10,31,,512,,,,56,correctness,,wrapper,20260811,,,PASS,2.10.0.post4.dev20260715,2.10.0+cpu,3.2.0,r16_split_unique_recovery,True,True
9.1.0,random_bias,5,Ascend950PR_957b,True,True,,10,31,,512,,,,56,correctness,,wrapper,20260811,,,PASS,2.10.0.post4.dev20260715,2.10.0+cpu,3.2.0,r17_parallel_priority_argmax,True,True
9.1.0,random_bias,5,Ascend950PR_957b,True,True,,10,31,,512,,,,56,correctness,,wrapper,20260811,,,PASS,2.10.0.post4.dev20260715,2.10.0+cpu,3.2.0,r18_hierarchical_partial_sort,True,True
9.1.0,random_bias,5,Ascend950PR_957b,True,True,,10,31,,512,,,,56,correctness,,wrapper,20260811,,,PASS,2.10.0.post4.dev20260715,2.10.0+cpu,3.2.0,r19_unique_id_sum,True,True
9.1.0,random_bias,5,Ascend950PR_957b,True,True,,10,31,,512,,,,56,correctness,,wrapper,20260811,,,PASS,2.10.0.post4.dev20260715,2.10.0+cpu,3.2.0,r20_iterative_rank1_maxarg,True,True
9.1.0,random_bias,5,Ascend950PR_957b,True,True,,10,32,,512,,,,56,correctness,,wrapper,20260811,,,PASS,2.10.0.post4.dev20260715,2.10.0+cpu,3.2.0,r0_legacy,True,True
9.1.0,random_bias,5,Ascend950PR_957b,True,True,,10,32,,512,,,,56,correctness,,wrapper,20260811,,,PASS,2.10.0.post4.dev20260715,2.10.0+cpu,3.2.0,r1_constexpr,True,True
9.1.0,random_bias,5,Ascend950PR_957b,True,True,,10,32,,512,,,,56,correctness,,wrapper,20260811,,,PASS,2.10.0.post4.dev20260715,2.10.0+cpu,3.2.0,r2_core_partition,True,True
9.1.0,random_bias,5,Ascend950PR_957b,True,True,,10,32,,512,,,,56,correctness,,wrapper,20260811,,,PASS,2.10.0.post4.dev20260715,2.10.0+cpu,3.2.0,r3_sort_tie,True,True
9.1.0,random_bias,5,Ascend950PR_957b,True,True,,10,32,,512,,,,56,correctness,,wrapper,20260811,,,PASS,2.10.0.post4.dev20260715,2.10.0+cpu,3.2.0,r4_bias_hoist,True,True
9.1.0,random_bias,5,Ascend950PR_957b,True,True,,10,32,,512,,,,56,correctness,,wrapper,20260811,,,PASS,2.10.0.post4.dev20260715,2.10.0+cpu,3.2.0,r5_dispatch,True,True
9.1.0,random_bias,5,Ascend950PR_957b,True,True,,10,32,,512,,,,56,correctness,,wrapper,20260811,,,PASS,2.10.0.post4.dev20260715,2.10.0+cpu,3.2.0,r6_empirical_dispatch,True,True
9.1.0,random_bias,5,Ascend950PR_957b,True,True,,10,32,,512,,,,56,correctness,,wrapper,20260811,,,PASS,2.10.0.post4.dev20260715,2.10.0+cpu,3.2.0,r7_vector_tie_recovery,True,True
9.1.0,random_bias,5,Ascend950PR_957b,True,True,,10,32,,512,,,,56,correctness,,wrapper,20260811,,,PASS,2.10.0.post4.dev20260715,2.10.0+cpu,3.2.0,r8_safe_vector_dispatch,True,True
9.1.0,random_bias,5,Ascend950PR_957b,True,True,,10,32,,512,,,,56,correctness,,wrapper,20260811,,,PASS,2.10.0.post4.dev20260715,2.10.0+cpu,3.2.0,r9_pair_tie_recovery,True,True
9.1.0,random_bias,5,Ascend950PR_957b,True,True,,10,32,,512,,,,56,correctness,,wrapper,20260811,,,PASS,2.10.0.post4.dev20260715,2.10.0+cpu,3.2.0,r10_group_rank_threshold,True,True
9.1.0,random_bias,5,Ascend950PR_957b,True,True,,10,32,,512,,,,56,correctness,,wrapper,20260811,,,PASS,2.10.0.post4.dev20260715,2.10.0+cpu,3.2.0,r11_packed_exact_sort,True,True
9.1.0,random_bias,5,Ascend950PR_957b,True,True,,10,32,,512,,,,56,correctness,,wrapper,20260811,,,PASS,2.10.0.post4.dev20260715,2.10.0+cpu,3.2.0,r12_two_row_tile,True,True
9.1.0,random_bias,5,Ascend950PR_957b,True,True,,10,32,,512,,,,56,correctness,,wrapper,20260811,,,PASS,2.10.0.post4.dev20260715,2.10.0+cpu,3.2.0,r13_fp32_rank_reduce,True,True
9.1.0,random_bias,5,Ascend950PR_957b,True,True,,10,32,,512,,,,56,correctness,,wrapper,20260811,,,PASS,2.10.0.post4.dev20260715,2.10.0+cpu,3.2.0,r14_priority_argmax,True,True
9.1.0,random_bias,5,Ascend950PR_957b,True,True,,10,32,,512,,,,56,correctness,,wrapper,20260811,,,PASS,2.10.0.post4.dev20260715,2.10.0+cpu,3.2.0,r15_unique_top10_fastpath,True,True
9.1.0,random_bias,5,Ascend950PR_957b,True,True,,10,32,,512,,,,56,correctness,,wrapper,20260811,,,PASS,2.10.0.post4.dev20260715,2.10.0+cpu,3.2.0,r16_split_unique_recovery,True,True
9.1.0,random_bias,5,Ascend950PR_957b,True,True,,10,32,,512,,,,56,correctness,,wrapper,20260811,,,PASS,2.10.0.post4.dev20260715,2.10.0+cpu,3.2.0,r17_parallel_priority_argmax,True,True
9.1.0,random_bias,5,Ascend950PR_957b,True,True,,10,32,,512,,,,56,correctness,,wrapper,20260811,,,PASS,2.10.0.post4.dev20260715,2.10.0+cpu,3.2.0,r18_hierarchical_partial_sort,True,True
9.1.0,random_bias,5,Ascend950PR_957b,True,True,,10,32,,512,,,,56,correctness,,wrapper,20260811,,,PASS,2.10.0.post4.dev20260715,2.10.0+cpu,3.2.0,r19_unique_id_sum,True,True
9.1.0,random_bias,5,Ascend950PR_957b,True,True,,10,32,,512,,,,56,correctness,,wrapper,20260811,,,PASS,2.10.0.post4.dev20260715,2.10.0+cpu,3.2.0,r20_iterative_rank1_maxarg,True,True
9.1.0,random_bias,5,Ascend950PR_957b,True,True,,10,33,,512,,,,56,correctness,,wrapper,20260811,,,PASS,2.10.0.post4.dev20260715,2.10.0+cpu,3.2.0,r0_legacy,True,True
9.1.0,random_bias,5,Ascend950PR_957b,True,True,,10,33,,512,,,,56,correctness,,wrapper,20260811,,,PASS,2.10.0.post4.dev20260715,2.10.0+cpu,3.2.0,r1_constexpr,True,True
9.1.0,random_bias,5,Ascend950PR_957b,True,True,,10,33,,512,,,,56,correctness,,wrapper,20260811,,,PASS,2.10.0.post4.dev20260715,2.10.0+cpu,3.2.0,r2_core_partition,True,True
9.1.0,random_bias,5,Ascend950PR_957b,True,True,,10,33,,512,,,,56,correctness,,wrapper,20260811,,,PASS,2.10.0.post4.dev20260715,2.10.0+cpu,3.2.0,r3_sort_tie,True,True
9.1.0,random_bias,5,Ascend950PR_957b,True,True,,10,33,,512,,,,56,correctness,,wrapper,20260811,,,PASS,2.10.0.post4.dev20260715,2.10.0+cpu,3.2.0,r4_bias_hoist,True,True
9.1.0,random_bias,5,Ascend950PR_957b,True,True,,10,33,,512,,,,56,correctness,,wrapper,20260811,,,PASS,2.10.0.post4.dev20260715,2.10.0+cpu,3.2.0,r5_dispatch,True,True
9.1.0,random_bias,5,Ascend950PR_957b,True,True,,10,33,,512,,,,56,correctness,,wrapper,20260811,,,PASS,2.10.0.post4.dev20260715,2.10.0+cpu,3.2.0,r6_empirical_dispatch,True,True
9.1.0,random_bias,5,Ascend950PR_957b,True,True,,10,33,,512,,,,56,correctness,,wrapper,20260811,,,PASS,2.10.0.post4.dev20260715,2.10.0+cpu,3.2.0,r7_vector_tie_recovery,True,True
9.1.0,random_bias,5,Ascend950PR_957b,True,True,,10,33,,512,,,,56,correctness,,wrapper,20260811,,,PASS,2.10.0.post4.dev20260715,2.10.0+cpu,3.2.0,r8_safe_vector_dispatch,True,True
9.1.0,random_bias,5,Ascend950PR_957b,True,True,,10,33,,512,,,,56,correctness,,wrapper,20260811,,,PASS,2.10.0.post4.dev20260715,2.10.0+cpu,3.2.0,r9_pair_tie_recovery,True,True
9.1.0,random_bias,5,Ascend950PR_957b,True,True,,10,33,,512,,,,56,correctness,,wrapper,20260811,,,PASS,2.10.0.post4.dev20260715,2.10.0+cpu,3.2.0,r10_group_rank_threshold,True,True
9.1.0,random_bias,5,Ascend950PR_957b,True,True,,10,33,,512,,,,56,correctness,,wrapper,20260811,,,PASS,2.10.0.post4.dev20260715,2.10.0+cpu,3.2.0,r11_packed_exact_sort,True,True
9.1.0,random_bias,5,Ascend950PR_957b,True,True,,10,33,,512,,,,56,correctness,,wrapper,20260811,,,PASS,2.10.0.post4.dev20260715,2.10.0+cpu,3.2.0,r12_two_row_tile,True,True
9.1.0,random_bias,5,Ascend950PR_957b,True,True,,10,33,,512,,,,56,correctness,,wrapper,20260811,,,PASS,2.10.0.post4.dev20260715,2.10.0+cpu,3.2.0,r13_fp32_rank_reduce,True,True
9.1.0,random_bias,5,Ascend950PR_957b,True,True,,10,33,,512,,,,56,correctness,,wrapper,20260811,,,PASS,2.10.0.post4.dev20260715,2.10.0+cpu,3.2.0,r14_priority_argmax,True,True
9.1.0,random_bias,5,Ascend950PR_957b,True,True,,10,33,,512,,,,56,correctness,,wrapper,20260811,,,PASS,2.10.0.post4.dev20260715,2.10.0+cpu,3.2.0,r15_unique_top10_fastpath,True,True
9.1.0,random_bias,5,Ascend950PR_957b,True,True,,10,33,,512,,,,56,correctness,,wrapper,20260811,,,PASS,2.10.0.post4.dev20260715,2.10.0+cpu,3.2.0,r16_split_unique_recovery,True,True
9.1.0,random_bias,5,Ascend950PR_957b,True,True,,10,33,,512,,,,56,correctness,,wrapper,20260811,,,PASS,2.10.0.post4.dev20260715,2.10.0+cpu,3.2.0,r17_parallel_priority_argmax,True,True
9.1.0,random_bias,5,Ascend950PR_957b,True,True,,10,33,,512,,,,56,correctness,,wrapper,20260811,,,PASS,2.10.0.post4.dev20260715,2.10.0+cpu,3.2.0,r18_hierarchical_partial_sort,True,True
9.1.0,random_bias,5,Ascend950PR_957b,True,True,,10,33,,512,,,,56,correctness,,wrapper,20260811,,,PASS,2.10.0.post4.dev20260715,2.10.0+cpu,3.2.0,r19_unique_id_sum,True,True
9.1.0,random_bias,5,Ascend950PR_957b,True,True,,10,33,,512,,,,56,correctness,,wrapper,20260811,,,PASS,2.10.0.post4.dev20260715,2.10.0+cpu,3.2.0,r20_iterative_rank1_maxarg,True,True
9.1.0,random_bias,5,Ascend950PR_957b,True,True,,10,34,,512,,,,56,correctness,,wrapper,20260811,,,PASS,2.10.0.post4.dev20260715,2.10.0+cpu,3.2.0,r0_legacy,True,True
9.1.0,random_bias,5,Ascend950PR_957b,True,True,,10,34,,512,,,,56,correctness,,wrapper,20260811,,,PASS,2.10.0.post4.dev20260715,2.10.0+cpu,3.2.0,r1_constexpr,True,True
9.1.0,random_bias,5,Ascend950PR_957b,True,True,,10,34,,512,,,,56,correctness,,wrapper,20260811,,,PASS,2.10.0.post4.dev20260715,2.10.0+cpu,3.2.0,r2_core_partition,True,True
9.1.0,random_bias,5,Ascend950PR_957b,True,True,,10,34,,512,,,,56,correctness,,wrapper,20260811,,,PASS,2.10.0.post4.dev20260715,2.10.0+cpu,3.2.0,r3_sort_tie,True,True
9.1.0,random_bias,5,Ascend950PR_957b,True,True,,10,34,,512,,,,56,correctness,,wrapper,20260811,,,PASS,2.10.0.post4.dev20260715,2.10.0+cpu,3.2.0,r4_bias_hoist,True,True
9.1.0,random_bias,5,Ascend950PR_957b,True,True,,10,34,,512,,,,56,correctness,,wrapper,20260811,,,PASS,2.10.0.post4.dev20260715,2.10.0+cpu,3.2.0,r5_dispatch,True,True
9.1.0,random_bias,5,Ascend950PR_957b,True,True,,10,34,,512,,,,56,correctness,,wrapper,20260811,,,PASS,2.10.0.post4.dev20260715,2.10.0+cpu,3.2.0,r6_empirical_dispatch,True,True
9.1.0,random_bias,5,Ascend950PR_957b,True,True,,10,34,,512,,,,56,correctness,,wrapper,20260811,,,PASS,2.10.0.post4.dev20260715,2.10.0+cpu,3.2.0,r7_vector_tie_recovery,True,True
9.1.0,random_bias,5,Ascend950PR_957b,True,True,,10,34,,512,,,,56,correctness,,wrapper,20260811,,,PASS,2.10.0.post4.dev20260715,2.10.0+cpu,3.2.0,r8_safe_vector_dispatch,True,True
9.1.0,random_bias,5,Ascend950PR_957b,True,True,,10,34,,512,,,,56,correctness,,wrapper,20260811,,,PASS,2.10.0.post4.dev20260715,2.10.0+cpu,3.2.0,r9_pair_tie_recovery,True,True
9.1.0,random_bias,5,Ascend950PR_957b,True,True,,10,34,,512,,,,56,correctness,,wrapper,20260811,,,PASS,2.10.0.post4.dev20260715,2.10.0+cpu,3.2.0,r10_group_rank_threshold,True,True
9.1.0,random_bias,5,Ascend950PR_957b,True,True,,10,34,,512,,,,56,correctness,,wrapper,20260811,,,PASS,2.10.0.post4.dev20260715,2.10.0+cpu,3.2.0,r11_packed_exact_sort,True,True
9.1.0,random_bias,5,Ascend950PR_957b,True,True,,10,34,,512,,,,56,correctness,,wrapper,20260811,,,PASS,2.10.0.post4.dev20260715,2.10.0+cpu,3.2.0,r12_two_row_tile,True,True
9.1.0,random_bias,5,Ascend950PR_957b,True,True,,10,34,,512,,,,56,correctness,,wrapper,20260811,,,PASS,2.10.0.post4.dev20260715,2.10.0+cpu,3.2.0,r13_fp32_rank_reduce,True,True
9.1.0,random_bias,5,Ascend950PR_957b,True,True,,10,34,,512,,,,56,correctness,,wrapper,20260811,,,PASS,2.10.0.post4.dev20260715,2.10.0+cpu,3.2.0,r14_priority_argmax,True,True
9.1.0,random_bias,5,Ascend950PR_957b,True,True,,10,34,,512,,,,56,correctness,,wrapper,20260811,,,PASS,2.10.0.post4.dev20260715,2.10.0+cpu,3.2.0,r15_unique_top10_fastpath,True,True
9.1.0,random_bias,5,Ascend950PR_957b,True,True,,10,34,,512,,,,56,correctness,,wrapper,20260811,,,PASS,2.10.0.post4.dev20260715,2.10.0+cpu,3.2.0,r16_split_unique_recovery,True,True
9.1.0,random_bias,5,Ascend950PR_957b,True,True,,10,34,,512,,,,56,correctness,,wrapper,20260811,,,PASS,2.10.0.post4.dev20260715,2.10.0+cpu,3.2.0,r17_parallel_priority_argmax,True,True
9.1.0,random_bias,5,Ascend950PR_957b,True,True,,10,34,,512,,,,56,correctness,,wrapper,20260811,,,PASS,2.10.0.post4.dev20260715,2.10.0+cpu,3.2.0,r18_hierarchical_partial_sort,True,True
9.1.0,random_bias,5,Ascend950PR_957b,True,True,,10,34,,512,,,,56,correctness,,wrapper,20260811,,,PASS,2.10.0.post4.dev20260715,2.10.0+cpu,3.2.0,r19_unique_id_sum,True,True
9.1.0,random_bias,5,Ascend950PR_957b,True,True,,10,34,,512,,,,56,correctness,,wrapper,20260811,,,PASS,2.10.0.post4.dev20260715,2.10.0+cpu,3.2.0,r20_iterative_rank1_maxarg,True,True
9.1.0,random_bias,5,Ascend950PR_957b,True,True,,10,35,,512,,,,56,correctness,,wrapper,20260811,,,PASS,2.10.0.post4.dev20260715,2.10.0+cpu,3.2.0,r0_legacy,True,True
9.1.0,random_bias,5,Ascend950PR_957b,True,True,,10,35,,512,,,,56,correctness,,wrapper,20260811,,,PASS,2.10.0.post4.dev20260715,2.10.0+cpu,3.2.0,r1_constexpr,True,True
9.1.0,random_bias,5,Ascend950PR_957b,True,True,,10,35,,512,,,,56,correctness,,wrapper,20260811,,,PASS,2.10.0.post4.dev20260715,2.10.0+cpu,3.2.0,r2_core_partition,True,True
9.1.0,random_bias,5,Ascend950PR_957b,True,True,,10,35,,512,,,,56,correctness,,wrapper,20260811,,,PASS,2.10.0.post4.dev20260715,2.10.0+cpu,3.2.0,r3_sort_tie,True,True
9.1.0,random_bias,5,Ascend950PR_957b,True,True,,10,35,,512,,,,56,correctness,,wrapper,20260811,,,PASS,2.10.0.post4.dev20260715,2.10.0+cpu,3.2.0,r4_bias_hoist,True,True
9.1.0,random_bias,5,Ascend950PR_957b,True,True,,10,35,,512,,,,56,correctness,,wrapper,20260811,,,PASS,2.10.0.post4.dev20260715,2.10.0+cpu,3.2.0,r5_dispatch,True,True
9.1.0,random_bias,5,Ascend950PR_957b,True,True,,10,35,,512,,,,56,correctness,,wrapper,20260811,,,PASS,2.10.0.post4.dev20260715,2.10.0+cpu,3.2.0,r6_empirical_dispatch,True,True
9.1.0,random_bias,5,Ascend950PR_957b,True,True,,10,35,,512,,,,56,correctness,,wrapper,20260811,,,PASS,2.10.0.post4.dev20260715,2.10.0+cpu,3.2.0,r7_vector_tie_recovery,True,True
9.1.0,random_bias,5,Ascend950PR_957b,True,True,,10,35,,512,,,,56,correctness,,wrapper,20260811,,,PASS,2.10.0.post4.dev20260715,2.10.0+cpu,3.2.0,r8_safe_vector_dispatch,True,True
9.1.0,random_bias,5,Ascend950PR_957b,True,True,,10,35,,512,,,,56,correctness,,wrapper,20260811,,,PASS,2.10.0.post4.dev20260715,2.10.0+cpu,3.2.0,r9_pair_tie_recovery,True,True
9.1.0,random_bias,5,Ascend950PR_957b,True,True,,10,35,,512,,,,56,correctness,,wrapper,20260811,,,PASS,2.10.0.post4.dev20260715,2.10.0+cpu,3.2.0,r10_group_rank_threshold,True,True
9.1.0,random_bias,5,Ascend950PR_957b,True,True,,10,35,,512,,,,56,correctness,,wrapper,20260811,,,PASS,2.10.0.post4.dev20260715,2.10.0+cpu,3.2.0,r11_packed_exact_sort,True,True
9.1.0,random_bias,5,Ascend950PR_957b,True,True,,10,35,,512,,,,56,correctness,,wrapper,20260811,,,PASS,2.10.0.post4.dev20260715,2.10.0+cpu,3.2.0,r12_two_row_tile,True,True
9.1.0,random_bias,5,Ascend950PR_957b,True,True,,10,35,,512,,,,56,correctness,,wrapper,20260811,,,PASS,2.10.0.post4.dev20260715,2.10.0+cpu,3.2.0,r13_fp32_rank_reduce,True,True
9.1.0,random_bias,5,Ascend950PR_957b,True,True,,10,35,,512,,,,56,correctness,,wrapper,20260811,,,PASS,2.10.0.post4.dev20260715,2.10.0+cpu,3.2.0,r14_priority_argmax,True,True
9.1.0,random_bias,5,Ascend950PR_957b,True,True,,10,35,,512,,,,56,correctness,,wrapper,20260811,,,PASS,2.10.0.post4.dev20260715,2.10.0+cpu,3.2.0,r15_unique_top10_fastpath,True,True
9.1.0,random_bias,5,Ascend950PR_957b,True,True,,10,35,,512,,,,56,correctness,,wrapper,20260811,,,PASS,2.10.0.post4.dev20260715,2.10.0+cpu,3.2.0,r16_split_unique_recovery,True,True
9.1.0,random_bias,5,Ascend950PR_957b,True,True,,10,35,,512,,,,56,correctness,,wrapper,20260811,,,PASS,2.10.0.post4.dev20260715,2.10.0+cpu,3.2.0,r17_parallel_priority_argmax,True,True
9.1.0,random_bias,5,Ascend950PR_957b,True,True,,10,35,,512,,,,56,correctness,,wrapper,20260811,,,PASS,2.10.0.post4.dev20260715,2.10.0+cpu,3.2.0,r18_hierarchical_partial_sort,True,True
9.1.0,random_bias,5,Ascend950PR_957b,True,True,,10,35,,512,,,,56,correctness,,wrapper,20260811,,,PASS,2.10.0.post4.dev20260715,2.10.0+cpu,3.2.0,r19_unique_id_sum,True,True
9.1.0,random_bias,5,Ascend950PR_957b,True,True,,10,35,,512,,,,56,correctness,,wrapper,20260811,,,PASS,2.10.0.post4.dev20260715,2.10.0+cpu,3.2.0,r20_iterative_rank1_maxarg,True,True
9.1.0,random_bias,5,Ascend950PR_957b,True,True,,10,36,,512,,,,56,correctness,,wrapper,20260811,,,PASS,2.10.0.post4.dev20260715,2.10.0+cpu,3.2.0,r0_legacy,True,True
9.1.0,random_bias,5,Ascend950PR_957b,True,True,,10,36,,512,,,,56,correctness,,wrapper,20260811,,,PASS,2.10.0.post4.dev20260715,2.10.0+cpu,3.2.0,r1_constexpr,True,True
9.1.0,random_bias,5,Ascend950PR_957b,True,True,,10,36,,512,,,,56,correctness,,wrapper,20260811,,,PASS,2.10.0.post4.dev20260715,2.10.0+cpu,3.2.0,r2_core_partition,True,True
9.1.0,random_bias,5,Ascend950PR_957b,True,True,,10,36,,512,,,,56,correctness,,wrapper,20260811,,,PASS,2.10.0.post4.dev20260715,2.10.0+cpu,3.2.0,r3_sort_tie,True,True
9.1.0,random_bias,5,Ascend950PR_957b,True,True,,10,36,,512,,,,56,correctness,,wrapper,20260811,,,PASS,2.10.0.post4.dev20260715,2.10.0+cpu,3.2.0,r4_bias_hoist,True,True
9.1.0,random_bias,5,Ascend950PR_957b,True,True,,10,36,,512,,,,56,correctness,,wrapper,20260811,,,PASS,2.10.0.post4.dev20260715,2.10.0+cpu,3.2.0,r5_dispatch,True,True
9.1.0,random_bias,5,Ascend950PR_957b,True,True,,10,36,,512,,,,56,correctness,,wrapper,20260811,,,PASS,2.10.0.post4.dev20260715,2.10.0+cpu,3.2.0,r6_empirical_dispatch,True,True
9.1.0,random_bias,5,Ascend950PR_957b,True,True,,10,36,,512,,,,56,correctness,,wrapper,20260811,,,PASS,2.10.0.post4.dev20260715,2.10.0+cpu,3.2.0,r7_vector_tie_recovery,True,True
9.1.0,random_bias,5,Ascend950PR_957b,True,True,,10,36,,512,,,,56,correctness,,wrapper,20260811,,,PASS,2.10.0.post4.dev20260715,2.10.0+cpu,3.2.0,r8_safe_vector_dispatch,True,True
9.1.0,random_bias,5,Ascend950PR_957b,True,True,,10,36,,512,,,,56,correctness,,wrapper,20260811,,,PASS,2.10.0.post4.dev20260715,2.10.0+cpu,3.2.0,r9_pair_tie_recovery,True,True
9.1.0,random_bias,5,Ascend950PR_957b,True,True,,10,36,,512,,,,56,correctness,,wrapper,20260811,,,PASS,2.10.0.post4.dev20260715,2.10.0+cpu,3.2.0,r10_group_rank_threshold,True,True
9.1.0,random_bias,5,Ascend950PR_957b,True,True,,10,36,,512,,,,56,correctness,,wrapper,20260811,,,PASS,2.10.0.post4.dev20260715,2.10.0+cpu,3.2.0,r11_packed_exact_sort,True,True
9.1.0,random_bias,5,Ascend950PR_957b,True,True,,10,36,,512,,,,56,correctness,,wrapper,20260811,,,PASS,2.10.0.post4.dev20260715,2.10.0+cpu,3.2.0,r12_two_row_tile,True,True
9.1.0,random_bias,5,Ascend950PR_957b,True,True,,10,36,,512,,,,56,correctness,,wrapper,20260811,,,PASS,2.10.0.post4.dev20260715,2.10.0+cpu,3.2.0,r13_fp32_rank_reduce,True,True
9.1.0,random_bias,5,Ascend950PR_957b,True,True,,10,36,,512,,,,56,correctness,,wrapper,20260811,,,PASS,2.10.0.post4.dev20260715,2.10.0+cpu,3.2.0,r14_priority_argmax,True,True
9.1.0,random_bias,5,Ascend950PR_957b,True,True,,10,36,,512,,,,56,correctness,,wrapper,20260811,,,PASS,2.10.0.post4.dev20260715,2.10.0+cpu,3.2.0,r15_unique_top10_fastpath,True,True
9.1.0,random_bias,5,Ascend950PR_957b,True,True,,10,36,,512,,,,56,correctness,,wrapper,20260811,,,PASS,2.10.0.post4.dev20260715,2.10.0+cpu,3.2.0,r16_split_unique_recovery,True,True
9.1.0,random_bias,5,Ascend950PR_957b,True,True,,10,36,,512,,,,56,correctness,,wrapper,20260811,,,PASS,2.10.0.post4.dev20260715,2.10.0+cpu,3.2.0,r17_parallel_priority_argmax,True,True
9.1.0,random_bias,5,Ascend950PR_957b,True,True,,10,36,,512,,,,56,correctness,,wrapper,20260811,,,PASS,2.10.0.post4.dev20260715,2.10.0+cpu,3.2.0,r18_hierarchical_partial_sort,True,True
9.1.0,random_bias,5,Ascend950PR_957b,True,True,,10,36,,512,,,,56,correctness,,wrapper,20260811,,,PASS,2.10.0.post4.dev20260715,2.10.0+cpu,3.2.0,r19_unique_id_sum,True,True
9.1.0,random_bias,5,Ascend950PR_957b,True,True,,10,36,,512,,,,56,correctness,,wrapper,20260811,,,PASS,2.10.0.post4.dev20260715,2.10.0+cpu,3.2.0,r20_iterative_rank1_maxarg,True,True
9.1.0,random_bias,5,Ascend950PR_957b,True,True,,10,37,,512,,,,56,correctness,,wrapper,20260811,,,PASS,2.10.0.post4.dev20260715,2.10.0+cpu,3.2.0,r0_legacy,True,True
9.1.0,random_bias,5,Ascend950PR_957b,True,True,,10,37,,512,,,,56,correctness,,wrapper,20260811,,,PASS,2.10.0.post4.dev20260715,2.10.0+cpu,3.2.0,r1_constexpr,True,True
9.1.0,random_bias,5,Ascend950PR_957b,True,True,,10,37,,512,,,,56,correctness,,wrapper,20260811,,,PASS,2.10.0.post4.dev20260715,2.10.0+cpu,3.2.0,r2_core_partition,True,True
9.1.0,random_bias,5,Ascend950PR_957b,True,True,,10,37,,512,,,,56,correctness,,wrapper,20260811,,,PASS,2.10.0.post4.dev20260715,2.10.0+cpu,3.2.0,r3_sort_tie,True,True
9.1.0,random_bias,5,Ascend950PR_957b,True,True,,10,37,,512,,,,56,correctness,,wrapper,20260811,,,PASS,2.10.0.post4.dev20260715,2.10.0+cpu,3.2.0,r4_bias_hoist,True,True
9.1.0,random_bias,5,Ascend950PR_957b,True,True,,10,37,,512,,,,56,correctness,,wrapper,20260811,,,PASS,2.10.0.post4.dev20260715,2.10.0+cpu,3.2.0,r5_dispatch,True,True
9.1.0,random_bias,5,Ascend950PR_957b,True,True,,10,37,,512,,,,56,correctness,,wrapper,20260811,,,PASS,2.10.0.post4.dev20260715,2.10.0+cpu,3.2.0,r6_empirical_dispatch,True,True
9.1.0,random_bias,5,Ascend950PR_957b,True,True,,10,37,,512,,,,56,correctness,,wrapper,20260811,,,PASS,2.10.0.post4.dev20260715,2.10.0+cpu,3.2.0,r7_vector_tie_recovery,True,True
9.1.0,random_bias,5,Ascend950PR_957b,True,True,,10,37,,512,,,,56,correctness,,wrapper,20260811,,,PASS,2.10.0.post4.dev20260715,2.10.0+cpu,3.2.0,r8_safe_vector_dispatch,True,True
9.1.0,random_bias,5,Ascend950PR_957b,True,True,,10,37,,512,,,,56,correctness,,wrapper,20260811,,,PASS,2.10.0.post4.dev20260715,2.10.0+cpu,3.2.0,r9_pair_tie_recovery,True,True
9.1.0,random_bias,5,Ascend950PR_957b,True,True,,10,37,,512,,,,56,correctness,,wrapper,20260811,,,PASS,2.10.0.post4.dev20260715,2.10.0+cpu,3.2.0,r10_group_rank_threshold,True,True
9.1.0,random_bias,5,Ascend950PR_957b,True,True,,10,37,,512,,,,56,correctness,,wrapper,20260811,,,PASS,2.10.0.post4.dev20260715,2.10.0+cpu,3.2.0,r11_packed_exact_sort,True,True
9.1.0,random_bias,5,Ascend950PR_957b,True,True,,10,37,,512,,,,56,correctness,,wrapper,20260811,,,PASS,2.10.0.post4.dev20260715,2.10.0+cpu,3.2.0,r12_two_row_tile,True,True
9.1.0,random_bias,5,Ascend950PR_957b,True,True,,10,37,,512,,,,56,correctness,,wrapper,20260811,,,PASS,2.10.0.post4.dev20260715,2.10.0+cpu,3.2.0,r13_fp32_rank_reduce,True,True
9.1.0,random_bias,5,Ascend950PR_957b,True,True,,10,37,,512,,,,56,correctness,,wrapper,20260811,,,PASS,2.10.0.post4.dev20260715,2.10.0+cpu,3.2.0,r14_priority_argmax,True,True
9.1.0,random_bias,5,Ascend950PR_957b,True,True,,10,37,,512,,,,56,correctness,,wrapper,20260811,,,PASS,2.10.0.post4.dev20260715,2.10.0+cpu,3.2.0,r15_unique_top10_fastpath,True,True
9.1.0,random_bias,5,Ascend950PR_957b,True,True,,10,37,,512,,,,56,correctness,,wrapper,20260811,,,PASS,2.10.0.post4.dev20260715,2.10.0+cpu,3.2.0,r16_split_unique_recovery,True,True
9.1.0,random_bias,5,Ascend950PR_957b,True,True,,10,37,,512,,,,56,correctness,,wrapper,20260811,,,PASS,2.10.0.post4.dev20260715,2.10.0+cpu,3.2.0,r17_parallel_priority_argmax,True,True
9.1.0,random_bias,5,Ascend950PR_957b,True,True,,10,37,,512,,,,56,correctness,,wrapper,20260811,,,PASS,2.10.0.post4.dev20260715,2.10.0+cpu,3.2.0,r18_hierarchical_partial_sort,True,True
9.1.0,random_bias,5,Ascend950PR_957b,True,True,,10,37,,512,,,,56,correctness,,wrapper,20260811,,,PASS,2.10.0.post4.dev20260715,2.10.0+cpu,3.2.0,r19_unique_id_sum,True,True
9.1.0,random_bias,5,Ascend950PR_957b,True,True,,10,37,,512,,,,56,correctness,,wrapper,20260811,,,PASS,2.10.0.post4.dev20260715,2.10.0+cpu,3.2.0,r20_iterative_rank1_maxarg,True,True
9.1.0,random_bias,5,Ascend950PR_957b,True,True,,10,38,,512,,,,56,correctness,,wrapper,20260811,,,PASS,2.10.0.post4.dev20260715,2.10.0+cpu,3.2.0,r0_legacy,True,True
9.1.0,random_bias,5,Ascend950PR_957b,True,True,,10,38,,512,,,,56,correctness,,wrapper,20260811,,,PASS,2.10.0.post4.dev20260715,2.10.0+cpu,3.2.0,r1_constexpr,True,True
9.1.0,random_bias,5,Ascend950PR_957b,True,True,,10,38,,512,,,,56,correctness,,wrapper,20260811,,,PASS,2.10.0.post4.dev20260715,2.10.0+cpu,3.2.0,r2_core_partition,True,True
9.1.0,random_bias,5,Ascend950PR_957b,True,True,,10,38,,512,,,,56,correctness,,wrapper,20260811,,,PASS,2.10.0.post4.dev20260715,2.10.0+cpu,3.2.0,r3_sort_tie,True,True
9.1.0,random_bias,5,Ascend950PR_957b,True,True,,10,38,,512,,,,56,correctness,,wrapper,20260811,,,PASS,2.10.0.post4.dev20260715,2.10.0+cpu,3.2.0,r4_bias_hoist,True,True
9.1.0,random_bias,5,Ascend950PR_957b,True,True,,10,38,,512,,,,56,correctness,,wrapper,20260811,,,PASS,2.10.0.post4.dev20260715,2.10.0+cpu,3.2.0,r5_dispatch,True,True
9.1.0,random_bias,5,Ascend950PR_957b,True,True,,10,38,,512,,,,56,correctness,,wrapper,20260811,,,PASS,2.10.0.post4.dev20260715,2.10.0+cpu,3.2.0,r6_empirical_dispatch,True,True
9.1.0,random_bias,5,Ascend950PR_957b,True,True,,10,38,,512,,,,56,correctness,,wrapper,20260811,,,PASS,2.10.0.post4.dev20260715,2.10.0+cpu,3.2.0,r7_vector_tie_recovery,True,True
9.1.0,random_bias,5,Ascend950PR_957b,True,True,,10,38,,512,,,,56,correctness,,wrapper,20260811,,,PASS,2.10.0.post4.dev20260715,2.10.0+cpu,3.2.0,r8_safe_vector_dispatch,True,True
9.1.0,random_bias,5,Ascend950PR_957b,True,True,,10,38,,512,,,,56,correctness,,wrapper,20260811,,,PASS,2.10.0.post4.dev20260715,2.10.0+cpu,3.2.0,r9_pair_tie_recovery,True,True
9.1.0,random_bias,5,Ascend950PR_957b,True,True,,10,38,,512,,,,56,correctness,,wrapper,20260811,,,PASS,2.10.0.post4.dev20260715,2.10.0+cpu,3.2.0,r10_group_rank_threshold,True,True
9.1.0,random_bias,5,Ascend950PR_957b,True,True,,10,38,,512,,,,56,correctness,,wrapper,20260811,,,PASS,2.10.0.post4.dev20260715,2.10.0+cpu,3.2.0,r11_packed_exact_sort,True,True
9.1.0,random_bias,5,Ascend950PR_957b,True,True,,10,38,,512,,,,56,correctness,,wrapper,20260811,,,PASS,2.10.0.post4.dev20260715,2.10.0+cpu,3.2.0,r12_two_row_tile,True,True
9.1.0,random_bias,5,Ascend950PR_957b,True,True,,10,38,,512,,,,56,correctness,,wrapper,20260811,,,PASS,2.10.0.post4.dev20260715,2.10.0+cpu,3.2.0,r13_fp32_rank_reduce,True,True
9.1.0,random_bias,5,Ascend950PR_957b,True,True,,10,38,,512,,,,56,correctness,,wrapper,20260811,,,PASS,2.10.0.post4.dev20260715,2.10.0+cpu,3.2.0,r14_priority_argmax,True,True
9.1.0,random_bias,5,Ascend950PR_957b,True,True,,10,38,,512,,,,56,correctness,,wrapper,20260811,,,PASS,2.10.0.post4.dev20260715,2.10.0+cpu,3.2.0,r15_unique_top10_fastpath,True,True
9.1.0,random_bias,5,Ascend950PR_957b,True,True,,10,38,,512,,,,56,correctness,,wrapper,20260811,,,PASS,2.10.0.post4.dev20260715,2.10.0+cpu,3.2.0,r16_split_unique_recovery,True,True
9.1.0,random_bias,5,Ascend950PR_957b,True,True,,10,38,,512,,,,56,correctness,,wrapper,20260811,,,PASS,2.10.0.post4.dev20260715,2.10.0+cpu,3.2.0,r17_parallel_priority_argmax,True,True
9.1.0,random_bias,5,Ascend950PR_957b,True,True,,10,38,,512,,,,56,correctness,,wrapper,20260811,,,PASS,2.10.0.post4.dev20260715,2.10.0+cpu,3.2.0,r18_hierarchical_partial_sort,True,True
9.1.0,random_bias,5,Ascend950PR_957b,True,True,,10,38,,512,,,,56,correctness,,wrapper,20260811,,,PASS,2.10.0.post4.dev20260715,2.10.0+cpu,3.2.0,r19_unique_id_sum,True,True
9.1.0,random_bias,5,Ascend950PR_957b,True,True,,10,38,,512,,,,56,correctness,,wrapper,20260811,,,PASS,2.10.0.post4.dev20260715,2.10.0+cpu,3.2.0,r20_iterative_rank1_maxarg,True,True
9.1.0,random_bias,5,Ascend950PR_957b,True,True,,10,39,,512,,,,56,correctness,,wrapper,20260811,,,PASS,2.10.0.post4.dev20260715,2.10.0+cpu,3.2.0,r0_legacy,True,True
9.1.0,random_bias,5,Ascend950PR_957b,True,True,,10,39,,512,,,,56,correctness,,wrapper,20260811,,,PASS,2.10.0.post4.dev20260715,2.10.0+cpu,3.2.0,r1_constexpr,True,True
9.1.0,random_bias,5,Ascend950PR_957b,True,True,,10,39,,512,,,,56,correctness,,wrapper,20260811,,,PASS,2.10.0.post4.dev20260715,2.10.0+cpu,3.2.0,r2_core_partition,True,True
9.1.0,random_bias,5,Ascend950PR_957b,True,True,,10,39,,512,,,,56,correctness,,wrapper,20260811,,,PASS,2.10.0.post4.dev20260715,2.10.0+cpu,3.2.0,r3_sort_tie,True,True
9.1.0,random_bias,5,Ascend950PR_957b,True,True,,10,39,,512,,,,56,correctness,,wrapper,20260811,,,PASS,2.10.0.post4.dev20260715,2.10.0+cpu,3.2.0,r4_bias_hoist,True,True
9.1.0,random_bias,5,Ascend950PR_957b,True,True,,10,39,,512,,,,56,correctness,,wrapper,20260811,,,PASS,2.10.0.post4.dev20260715,2.10.0+cpu,3.2.0,r5_dispatch,True,True
9.1.0,random_bias,5,Ascend950PR_957b,True,True,,10,39,,512,,,,56,correctness,,wrapper,20260811,,,PASS,2.10.0.post4.dev20260715,2.10.0+cpu,3.2.0,r6_empirical_dispatch,True,True
9.1.0,random_bias,5,Ascend950PR_957b,True,True,,10,39,,512,,,,56,correctness,,wrapper,20260811,,,PASS,2.10.0.post4.dev20260715,2.10.0+cpu,3.2.0,r7_vector_tie_recovery,True,True
9.1.0,random_bias,5,Ascend950PR_957b,True,True,,10,39,,512,,,,56,correctness,,wrapper,20260811,,,PASS,2.10.0.post4.dev20260715,2.10.0+cpu,3.2.0,r8_safe_vector_dispatch,True,True
9.1.0,random_bias,5,Ascend950PR_957b,True,True,,10,39,,512,,,,56,correctness,,wrapper,20260811,,,PASS,2.10.0.post4.dev20260715,2.10.0+cpu,3.2.0,r9_pair_tie_recovery,True,True
9.1.0,random_bias,5,Ascend950PR_957b,True,True,,10,39,,512,,,,56,correctness,,wrapper,20260811,,,PASS,2.10.0.post4.dev20260715,2.10.0+cpu,3.2.0,r10_group_rank_threshold,True,True
9.1.0,random_bias,5,Ascend950PR_957b,True,True,,10,39,,512,,,,56,correctness,,wrapper,20260811,,,PASS,2.10.0.post4.dev20260715,2.10.0+cpu,3.2.0,r11_packed_exact_sort,True,True
9.1.0,random_bias,5,Ascend950PR_957b,True,True,,10,39,,512,,,,56,correctness,,wrapper,20260811,,,PASS,2.10.0.post4.dev20260715,2.10.0+cpu,3.2.0,r12_two_row_tile,True,True
9.1.0,random_bias,5,Ascend950PR_957b,True,True,,10,39,,512,,,,56,correctness,,wrapper,20260811,,,PASS,2.10.0.post4.dev20260715,2.10.0+cpu,3.2.0,r13_fp32_rank_reduce,True,True
9.1.0,random_bias,5,Ascend950PR_957b,True,True,,10,39,,512,,,,56,correctness,,wrapper,20260811,,,PASS,2.10.0.post4.dev20260715,2.10.0+cpu,3.2.0,r14_priority_argmax,True,True
9.1.0,random_bias,5,Ascend950PR_957b,True,True,,10,39,,512,,,,56,correctness,,wrapper,20260811,,,PASS,2.10.0.post4.dev20260715,2.10.0+cpu,3.2.0,r15_unique_top10_fastpath,True,True
9.1.0,random_bias,5,Ascend950PR_957b,True,True,,10,39,,512,,,,56,correctness,,wrapper,20260811,,,PASS,2.10.0.post4.dev20260715,2.10.0+cpu,3.2.0,r16_split_unique_recovery,True,True
9.1.0,random_bias,5,Ascend950PR_957b,True,True,,10,39,,512,,,,56,correctness,,wrapper,20260811,,,PASS,2.10.0.post4.dev20260715,2.10.0+cpu,3.2.0,r17_parallel_priority_argmax,True,True
9.1.0,random_bias,5,Ascend950PR_957b,True,True,,10,39,,512,,,,56,correctness,,wrapper,20260811,,,PASS,2.10.0.post4.dev20260715,2.10.0+cpu,3.2.0,r18_hierarchical_partial_sort,True,True
9.1.0,random_bias,5,Ascend950PR_957b,True,True,,10,39,,512,,,,56,correctness,,wrapper,20260811,,,PASS,2.10.0.post4.dev20260715,2.10.0+cpu,3.2.0,r19_unique_id_sum,True,True
9.1.0,random_bias,5,Ascend950PR_957b,True,True,,10,39,,512,,,,56,correctness,,wrapper,20260811,,,PASS,2.10.0.post4.dev20260715,2.10.0+cpu,3.2.0,r20_iterative_rank1_maxarg,True,True
9.1.0,random_bias,5,Ascend950PR_957b,True,True,,10,40,,512,,,,56,correctness,,wrapper,20260811,,,PASS,2.10.0.post4.dev20260715,2.10.0+cpu,3.2.0,r0_legacy,True,True
9.1.0,random_bias,5,Ascend950PR_957b,True,True,,10,40,,512,,,,56,correctness,,wrapper,20260811,,,PASS,2.10.0.post4.dev20260715,2.10.0+cpu,3.2.0,r1_constexpr,True,True
9.1.0,random_bias,5,Ascend950PR_957b,True,True,,10,40,,512,,,,56,correctness,,wrapper,20260811,,,PASS,2.10.0.post4.dev20260715,2.10.0+cpu,3.2.0,r2_core_partition,True,True
9.1.0,random_bias,5,Ascend950PR_957b,True,True,,10,40,,512,,,,56,correctness,,wrapper,20260811,,,PASS,2.10.0.post4.dev20260715,2.10.0+cpu,3.2.0,r3_sort_tie,True,True
9.1.0,random_bias,5,Ascend950PR_957b,True,True,,10,40,,512,,,,56,correctness,,wrapper,20260811,,,PASS,2.10.0.post4.dev20260715,2.10.0+cpu,3.2.0,r4_bias_hoist,True,True
9.1.0,random_bias,5,Ascend950PR_957b,True,True,,10,40,,512,,,,56,correctness,,wrapper,20260811,,,PASS,2.10.0.post4.dev20260715,2.10.0+cpu,3.2.0,r5_dispatch,True,True
9.1.0,random_bias,5,Ascend950PR_957b,True,True,,10,40,,512,,,,56,correctness,,wrapper,20260811,,,PASS,2.10.0.post4.dev20260715,2.10.0+cpu,3.2.0,r6_empirical_dispatch,True,True
9.1.0,random_bias,5,Ascend950PR_957b,True,True,,10,40,,512,,,,56,correctness,,wrapper,20260811,,,PASS,2.10.0.post4.dev20260715,2.10.0+cpu,3.2.0,r7_vector_tie_recovery,True,True
9.1.0,random_bias,5,Ascend950PR_957b,True,True,,10,40,,512,,,,56,correctness,,wrapper,20260811,,,PASS,2.10.0.post4.dev20260715,2.10.0+cpu,3.2.0,r8_safe_vector_dispatch,True,True
9.1.0,random_bias,5,Ascend950PR_957b,True,True,,10,40,,512,,,,56,correctness,,wrapper,20260811,,,PASS,2.10.0.post4.dev20260715,2.10.0+cpu,3.2.0,r9_pair_tie_recovery,True,True
9.1.0,random_bias,5,Ascend950PR_957b,True,True,,10,40,,512,,,,56,correctness,,wrapper,20260811,,,PASS,2.10.0.post4.dev20260715,2.10.0+cpu,3.2.0,r10_group_rank_threshold,True,True
9.1.0,random_bias,5,Ascend950PR_957b,True,True,,10,40,,512,,,,56,correctness,,wrapper,20260811,,,PASS,2.10.0.post4.dev20260715,2.10.0+cpu,3.2.0,r11_packed_exact_sort,True,True
9.1.0,random_bias,5,Ascend950PR_957b,True,True,,10,40,,512,,,,56,correctness,,wrapper,20260811,,,PASS,2.10.0.post4.dev20260715,2.10.0+cpu,3.2.0,r12_two_row_tile,True,True
9.1.0,random_bias,5,Ascend950PR_957b,True,True,,10,40,,512,,,,56,correctness,,wrapper,20260811,,,PASS,2.10.0.post4.dev20260715,2.10.0+cpu,3.2.0,r13_fp32_rank_reduce,True,True
9.1.0,random_bias,5,Ascend950PR_957b,True,True,,10,40,,512,,,,56,correctness,,wrapper,20260811,,,PASS,2.10.0.post4.dev20260715,2.10.0+cpu,3.2.0,r14_priority_argmax,True,True
9.1.0,random_bias,5,Ascend950PR_957b,True,True,,10,40,,512,,,,56,correctness,,wrapper,20260811,,,PASS,2.10.0.post4.dev20260715,2.10.0+cpu,3.2.0,r15_unique_top10_fastpath,True,True
9.1.0,random_bias,5,Ascend950PR_957b,True,True,,10,40,,512,,,,56,correctness,,wrapper,20260811,,,PASS,2.10.0.post4.dev20260715,2.10.0+cpu,3.2.0,r16_split_unique_recovery,True,True
9.1.0,random_bias,5,Ascend950PR_957b,True,True,,10,40,,512,,,,56,correctness,,wrapper,20260811,,,PASS,2.10.0.post4.dev20260715,2.10.0+cpu,3.2.0,r17_parallel_priority_argmax,True,True
9.1.0,random_bias,5,Ascend950PR_957b,True,True,,10,40,,512,,,,56,correctness,,wrapper,20260811,,,PASS,2.10.0.post4.dev20260715,2.10.0+cpu,3.2.0,r18_hierarchical_partial_sort,True,True
9.1.0,random_bias,5,Ascend950PR_957b,True,True,,10,40,,512,,,,56,correctness,,wrapper,20260811,,,PASS,2.10.0.post4.dev20260715,2.10.0+cpu,3.2.0,r19_unique_id_sum,True,True
9.1.0,random_bias,5,Ascend950PR_957b,True,True,,10,40,,512,,,,56,correctness,,wrapper,20260811,,,PASS,2.10.0.post4.dev20260715,2.10.0+cpu,3.2.0,r20_iterative_rank1_maxarg,True,True
9.1.0,random_bias,5,Ascend950PR_957b,True,True,,10,41,,512,,,,56,correctness,,wrapper,20260811,,,PASS,2.10.0.post4.dev20260715,2.10.0+cpu,3.2.0,r0_legacy,True,True
9.1.0,random_bias,5,Ascend950PR_957b,True,True,,10,41,,512,,,,56,correctness,,wrapper,20260811,,,PASS,2.10.0.post4.dev20260715,2.10.0+cpu,3.2.0,r1_constexpr,True,True
9.1.0,random_bias,5,Ascend950PR_957b,True,True,,10,41,,512,,,,56,correctness,,wrapper,20260811,,,PASS,2.10.0.post4.dev20260715,2.10.0+cpu,3.2.0,r2_core_partition,True,True
9.1.0,random_bias,5,Ascend950PR_957b,True,True,,10,41,,512,,,,56,correctness,,wrapper,20260811,,,PASS,2.10.0.post4.dev20260715,2.10.0+cpu,3.2.0,r3_sort_tie,True,True
9.1.0,random_bias,5,Ascend950PR_957b,True,True,,10,41,,512,,,,56,correctness,,wrapper,20260811,,,PASS,2.10.0.post4.dev20260715,2.10.0+cpu,3.2.0,r4_bias_hoist,True,True
9.1.0,random_bias,5,Ascend950PR_957b,True,True,,10,41,,512,,,,56,correctness,,wrapper,20260811,,,PASS,2.10.0.post4.dev20260715,2.10.0+cpu,3.2.0,r5_dispatch,True,True
9.1.0,random_bias,5,Ascend950PR_957b,True,True,,10,41,,512,,,,56,correctness,,wrapper,20260811,,,PASS,2.10.0.post4.dev20260715,2.10.0+cpu,3.2.0,r6_empirical_dispatch,True,True
9.1.0,random_bias,5,Ascend950PR_957b,True,True,,10,41,,512,,,,56,correctness,,wrapper,20260811,,,PASS,2.10.0.post4.dev20260715,2.10.0+cpu,3.2.0,r7_vector_tie_recovery,True,True
9.1.0,random_bias,5,Ascend950PR_957b,True,True,,10,41,,512,,,,56,correctness,,wrapper,20260811,,,PASS,2.10.0.post4.dev20260715,2.10.0+cpu,3.2.0,r8_safe_vector_dispatch,True,True
9.1.0,random_bias,5,Ascend950PR_957b,True,True,,10,41,,512,,,,56,correctness,,wrapper,20260811,,,PASS,2.10.0.post4.dev20260715,2.10.0+cpu,3.2.0,r9_pair_tie_recovery,True,True
9.1.0,random_bias,5,Ascend950PR_957b,True,True,,10,41,,512,,,,56,correctness,,wrapper,20260811,,,PASS,2.10.0.post4.dev20260715,2.10.0+cpu,3.2.0,r10_group_rank_threshold,True,True
9.1.0,random_bias,5,Ascend950PR_957b,True,True,,10,41,,512,,,,56,correctness,,wrapper,20260811,,,PASS,2.10.0.post4.dev20260715,2.10.0+cpu,3.2.0,r11_packed_exact_sort,True,True
9.1.0,random_bias,5,Ascend950PR_957b,True,True,,10,41,,512,,,,56,correctness,,wrapper,20260811,,,PASS,2.10.0.post4.dev20260715,2.10.0+cpu,3.2.0,r12_two_row_tile,True,True
9.1.0,random_bias,5,Ascend950PR_957b,True,True,,10,41,,512,,,,56,correctness,,wrapper,20260811,,,PASS,2.10.0.post4.dev20260715,2.10.0+cpu,3.2.0,r13_fp32_rank_reduce,True,True
9.1.0,random_bias,5,Ascend950PR_957b,True,True,,10,41,,512,,,,56,correctness,,wrapper,20260811,,,PASS,2.10.0.post4.dev20260715,2.10.0+cpu,3.2.0,r14_priority_argmax,True,True
9.1.0,random_bias,5,Ascend950PR_957b,True,True,,10,41,,512,,,,56,correctness,,wrapper,20260811,,,PASS,2.10.0.post4.dev20260715,2.10.0+cpu,3.2.0,r15_unique_top10_fastpath,True,True
9.1.0,random_bias,5,Ascend950PR_957b,True,True,,10,41,,512,,,,56,correctness,,wrapper,20260811,,,PASS,2.10.0.post4.dev20260715,2.10.0+cpu,3.2.0,r16_split_unique_recovery,True,True
9.1.0,random_bias,5,Ascend950PR_957b,True,True,,10,41,,512,,,,56,correctness,,wrapper,20260811,,,PASS,2.10.0.post4.dev20260715,2.10.0+cpu,3.2.0,r17_parallel_priority_argmax,True,True
9.1.0,random_bias,5,Ascend950PR_957b,True,True,,10,41,,512,,,,56,correctness,,wrapper,20260811,,,PASS,2.10.0.post4.dev20260715,2.10.0+cpu,3.2.0,r18_hierarchical_partial_sort,True,True
9.1.0,random_bias,5,Ascend950PR_957b,True,True,,10,41,,512,,,,56,correctness,,wrapper,20260811,,,PASS,2.10.0.post4.dev20260715,2.10.0+cpu,3.2.0,r19_unique_id_sum,True,True
9.1.0,random_bias,5,Ascend950PR_957b,True,True,,10,41,,512,,,,56,correctness,,wrapper,20260811,,,PASS,2.10.0.post4.dev20260715,2.10.0+cpu,3.2.0,r20_iterative_rank1_maxarg,True,True
9.1.0,random_bias,5,Ascend950PR_957b,True,True,,10,42,,512,,,,56,correctness,,wrapper,20260811,,,PASS,2.10.0.post4.dev20260715,2.10.0+cpu,3.2.0,r0_legacy,True,True
9.1.0,random_bias,5,Ascend950PR_957b,True,True,,10,42,,512,,,,56,correctness,,wrapper,20260811,,,PASS,2.10.0.post4.dev20260715,2.10.0+cpu,3.2.0,r1_constexpr,True,True
9.1.0,random_bias,5,Ascend950PR_957b,True,True,,10,42,,512,,,,56,correctness,,wrapper,20260811,,,PASS,2.10.0.post4.dev20260715,2.10.0+cpu,3.2.0,r2_core_partition,True,True
9.1.0,random_bias,5,Ascend950PR_957b,True,True,,10,42,,512,,,,56,correctness,,wrapper,20260811,,,PASS,2.10.0.post4.dev20260715,2.10.0+cpu,3.2.0,r3_sort_tie,True,True
9.1.0,random_bias,5,Ascend950PR_957b,True,True,,10,42,,512,,,,56,correctness,,wrapper,20260811,,,PASS,2.10.0.post4.dev20260715,2.10.0+cpu,3.2.0,r4_bias_hoist,True,True
9.1.0,random_bias,5,Ascend950PR_957b,True,True,,10,42,,512,,,,56,correctness,,wrapper,20260811,,,PASS,2.10.0.post4.dev20260715,2.10.0+cpu,3.2.0,r5_dispatch,True,True
9.1.0,random_bias,5,Ascend950PR_957b,True,True,,10,42,,512,,,,56,correctness,,wrapper,20260811,,,PASS,2.10.0.post4.dev20260715,2.10.0+cpu,3.2.0,r6_empirical_dispatch,True,True
9.1.0,random_bias,5,Ascend950PR_957b,True,True,,10,42,,512,,,,56,correctness,,wrapper,20260811,,,PASS,2.10.0.post4.dev20260715,2.10.0+cpu,3.2.0,r7_vector_tie_recovery,True,True
9.1.0,random_bias,5,Ascend950PR_957b,True,True,,10,42,,512,,,,56,correctness,,wrapper,20260811,,,PASS,2.10.0.post4.dev20260715,2.10.0+cpu,3.2.0,r8_safe_vector_dispatch,True,True
9.1.0,random_bias,5,Ascend950PR_957b,True,True,,10,42,,512,,,,56,correctness,,wrapper,20260811,,,PASS,2.10.0.post4.dev20260715,2.10.0+cpu,3.2.0,r9_pair_tie_recovery,True,True
9.1.0,random_bias,5,Ascend950PR_957b,True,True,,10,42,,512,,,,56,correctness,,wrapper,20260811,,,PASS,2.10.0.post4.dev20260715,2.10.0+cpu,3.2.0,r10_group_rank_threshold,True,True
9.1.0,random_bias,5,Ascend950PR_957b,True,True,,10,42,,512,,,,56,correctness,,wrapper,20260811,,,PASS,2.10.0.post4.dev20260715,2.10.0+cpu,3.2.0,r11_packed_exact_sort,True,True
9.1.0,random_bias,5,Ascend950PR_957b,True,True,,10,42,,512,,,,56,correctness,,wrapper,20260811,,,PASS,2.10.0.post4.dev20260715,2.10.0+cpu,3.2.0,r12_two_row_tile,True,True
9.1.0,random_bias,5,Ascend950PR_957b,True,True,,10,42,,512,,,,56,correctness,,wrapper,20260811,,,PASS,2.10.0.post4.dev20260715,2.10.0+cpu,3.2.0,r13_fp32_rank_reduce,True,True
9.1.0,random_bias,5,Ascend950PR_957b,True,True,,10,42,,512,,,,56,correctness,,wrapper,20260811,,,PASS,2.10.0.post4.dev20260715,2.10.0+cpu,3.2.0,r14_priority_argmax,True,True
9.1.0,random_bias,5,Ascend950PR_957b,True,True,,10,42,,512,,,,56,correctness,,wrapper,20260811,,,PASS,2.10.0.post4.dev20260715,2.10.0+cpu,3.2.0,r15_unique_top10_fastpath,True,True
9.1.0,random_bias,5,Ascend950PR_957b,True,True,,10,42,,512,,,,56,correctness,,wrapper,20260811,,,PASS,2.10.0.post4.dev20260715,2.10.0+cpu,3.2.0,r16_split_unique_recovery,True,True
9.1.0,random_bias,5,Ascend950PR_957b,True,True,,10,42,,512,,,,56,correctness,,wrapper,20260811,,,PASS,2.10.0.post4.dev20260715,2.10.0+cpu,3.2.0,r17_parallel_priority_argmax,True,True
9.1.0,random_bias,5,Ascend950PR_957b,True,True,,10,42,,512,,,,56,correctness,,wrapper,20260811,,,PASS,2.10.0.post4.dev20260715,2.10.0+cpu,3.2.0,r18_hierarchical_partial_sort,True,True
9.1.0,random_bias,5,Ascend950PR_957b,True,True,,10,42,,512,,,,56,correctness,,wrapper,20260811,,,PASS,2.10.0.post4.dev20260715,2.10.0+cpu,3.2.0,r19_unique_id_sum,True,True
9.1.0,random_bias,5,Ascend950PR_957b,True,True,,10,42,,512,,,,56,correctness,,wrapper,20260811,,,PASS,2.10.0.post4.dev20260715,2.10.0+cpu,3.2.0,r20_iterative_rank1_maxarg,True,True
9.1.0,random_bias,5,Ascend950PR_957b,True,True,,10,43,,512,,,,56,correctness,,wrapper,20260811,,,PASS,2.10.0.post4.dev20260715,2.10.0+cpu,3.2.0,r0_legacy,True,True
9.1.0,random_bias,5,Ascend950PR_957b,True,True,,10,43,,512,,,,56,correctness,,wrapper,20260811,,,PASS,2.10.0.post4.dev20260715,2.10.0+cpu,3.2.0,r1_constexpr,True,True
9.1.0,random_bias,5,Ascend950PR_957b,True,True,,10,43,,512,,,,56,correctness,,wrapper,20260811,,,PASS,2.10.0.post4.dev20260715,2.10.0+cpu,3.2.0,r2_core_partition,True,True
9.1.0,random_bias,5,Ascend950PR_957b,True,True,,10,43,,512,,,,56,correctness,,wrapper,20260811,,,PASS,2.10.0.post4.dev20260715,2.10.0+cpu,3.2.0,r3_sort_tie,True,True
9.1.0,random_bias,5,Ascend950PR_957b,True,True,,10,43,,512,,,,56,correctness,,wrapper,20260811,,,PASS,2.10.0.post4.dev20260715,2.10.0+cpu,3.2.0,r4_bias_hoist,True,True
9.1.0,random_bias,5,Ascend950PR_957b,True,True,,10,43,,512,,,,56,correctness,,wrapper,20260811,,,PASS,2.10.0.post4.dev20260715,2.10.0+cpu,3.2.0,r5_dispatch,True,True
9.1.0,random_bias,5,Ascend950PR_957b,True,True,,10,43,,512,,,,56,correctness,,wrapper,20260811,,,PASS,2.10.0.post4.dev20260715,2.10.0+cpu,3.2.0,r6_empirical_dispatch,True,True
9.1.0,random_bias,5,Ascend950PR_957b,True,True,,10,43,,512,,,,56,correctness,,wrapper,20260811,,,PASS,2.10.0.post4.dev20260715,2.10.0+cpu,3.2.0,r7_vector_tie_recovery,True,True
9.1.0,random_bias,5,Ascend950PR_957b,True,True,,10,43,,512,,,,56,correctness,,wrapper,20260811,,,PASS,2.10.0.post4.dev20260715,2.10.0+cpu,3.2.0,r8_safe_vector_dispatch,True,True
9.1.0,random_bias,5,Ascend950PR_957b,True,True,,10,43,,512,,,,56,correctness,,wrapper,20260811,,,PASS,2.10.0.post4.dev20260715,2.10.0+cpu,3.2.0,r9_pair_tie_recovery,True,True
9.1.0,random_bias,5,Ascend950PR_957b,True,True,,10,43,,512,,,,56,correctness,,wrapper,20260811,,,PASS,2.10.0.post4.dev20260715,2.10.0+cpu,3.2.0,r10_group_rank_threshold,True,True
9.1.0,random_bias,5,Ascend950PR_957b,True,True,,10,43,,512,,,,56,correctness,,wrapper,20260811,,,PASS,2.10.0.post4.dev20260715,2.10.0+cpu,3.2.0,r11_packed_exact_sort,True,True
9.1.0,random_bias,5,Ascend950PR_957b,True,True,,10,43,,512,,,,56,correctness,,wrapper,20260811,,,PASS,2.10.0.post4.dev20260715,2.10.0+cpu,3.2.0,r12_two_row_tile,True,True
9.1.0,random_bias,5,Ascend950PR_957b,True,True,,10,43,,512,,,,56,correctness,,wrapper,20260811,,,PASS,2.10.0.post4.dev20260715,2.10.0+cpu,3.2.0,r13_fp32_rank_reduce,True,True
9.1.0,random_bias,5,Ascend950PR_957b,True,True,,10,43,,512,,,,56,correctness,,wrapper,20260811,,,PASS,2.10.0.post4.dev20260715,2.10.0+cpu,3.2.0,r14_priority_argmax,True,True
9.1.0,random_bias,5,Ascend950PR_957b,True,True,,10,43,,512,,,,56,correctness,,wrapper,20260811,,,PASS,2.10.0.post4.dev20260715,2.10.0+cpu,3.2.0,r15_unique_top10_fastpath,True,True
9.1.0,random_bias,5,Ascend950PR_957b,True,True,,10,43,,512,,,,56,correctness,,wrapper,20260811,,,PASS,2.10.0.post4.dev20260715,2.10.0+cpu,3.2.0,r16_split_unique_recovery,True,True
9.1.0,random_bias,5,Ascend950PR_957b,True,True,,10,43,,512,,,,56,correctness,,wrapper,20260811,,,PASS,2.10.0.post4.dev20260715,2.10.0+cpu,3.2.0,r17_parallel_priority_argmax,True,True
9.1.0,random_bias,5,Ascend950PR_957b,True,True,,10,43,,512,,,,56,correctness,,wrapper,20260811,,,PASS,2.10.0.post4.dev20260715,2.10.0+cpu,3.2.0,r18_hierarchical_partial_sort,True,True
9.1.0,random_bias,5,Ascend950PR_957b,True,True,,10,43,,512,,,,56,correctness,,wrapper,20260811,,,PASS,2.10.0.post4.dev20260715,2.10.0+cpu,3.2.0,r19_unique_id_sum,True,True
9.1.0,random_bias,5,Ascend950PR_957b,True,True,,10,43,,512,,,,56,correctness,,wrapper,20260811,,,PASS,2.10.0.post4.dev20260715,2.10.0+cpu,3.2.0,r20_iterative_rank1_maxarg,True,True
9.1.0,random_bias,5,Ascend950PR_957b,True,True,,10,44,,512,,,,56,correctness,,wrapper,20260811,,,PASS,2.10.0.post4.dev20260715,2.10.0+cpu,3.2.0,r0_legacy,True,True
9.1.0,random_bias,5,Ascend950PR_957b,True,True,,10,44,,512,,,,56,correctness,,wrapper,20260811,,,PASS,2.10.0.post4.dev20260715,2.10.0+cpu,3.2.0,r1_constexpr,True,True
9.1.0,random_bias,5,Ascend950PR_957b,True,True,,10,44,,512,,,,56,correctness,,wrapper,20260811,,,PASS,2.10.0.post4.dev20260715,2.10.0+cpu,3.2.0,r2_core_partition,True,True
9.1.0,random_bias,5,Ascend950PR_957b,True,True,,10,44,,512,,,,56,correctness,,wrapper,20260811,,,PASS,2.10.0.post4.dev20260715,2.10.0+cpu,3.2.0,r3_sort_tie,True,True
9.1.0,random_bias,5,Ascend950PR_957b,True,True,,10,44,,512,,,,56,correctness,,wrapper,20260811,,,PASS,2.10.0.post4.dev20260715,2.10.0+cpu,3.2.0,r4_bias_hoist,True,True
9.1.0,random_bias,5,Ascend950PR_957b,True,True,,10,44,,512,,,,56,correctness,,wrapper,20260811,,,PASS,2.10.0.post4.dev20260715,2.10.0+cpu,3.2.0,r5_dispatch,True,True
9.1.0,random_bias,5,Ascend950PR_957b,True,True,,10,44,,512,,,,56,correctness,,wrapper,20260811,,,PASS,2.10.0.post4.dev20260715,2.10.0+cpu,3.2.0,r6_empirical_dispatch,True,True
9.1.0,random_bias,5,Ascend950PR_957b,True,True,,10,44,,512,,,,56,correctness,,wrapper,20260811,,,PASS,2.10.0.post4.dev20260715,2.10.0+cpu,3.2.0,r7_vector_tie_recovery,True,True
9.1.0,random_bias,5,Ascend950PR_957b,True,True,,10,44,,512,,,,56,correctness,,wrapper,20260811,,,PASS,2.10.0.post4.dev20260715,2.10.0+cpu,3.2.0,r8_safe_vector_dispatch,True,True
9.1.0,random_bias,5,Ascend950PR_957b,True,True,,10,44,,512,,,,56,correctness,,wrapper,20260811,,,PASS,2.10.0.post4.dev20260715,2.10.0+cpu,3.2.0,r9_pair_tie_recovery,True,True
9.1.0,random_bias,5,Ascend950PR_957b,True,True,,10,44,,512,,,,56,correctness,,wrapper,20260811,,,PASS,2.10.0.post4.dev20260715,2.10.0+cpu,3.2.0,r10_group_rank_threshold,True,True
9.1.0,random_bias,5,Ascend950PR_957b,True,True,,10,44,,512,,,,56,correctness,,wrapper,20260811,,,PASS,2.10.0.post4.dev20260715,2.10.0+cpu,3.2.0,r11_packed_exact_sort,True,True
9.1.0,random_bias,5,Ascend950PR_957b,True,True,,10,44,,512,,,,56,correctness,,wrapper,20260811,,,PASS,2.10.0.post4.dev20260715,2.10.0+cpu,3.2.0,r12_two_row_tile,True,True
9.1.0,random_bias,5,Ascend950PR_957b,True,True,,10,44,,512,,,,56,correctness,,wrapper,20260811,,,PASS,2.10.0.post4.dev20260715,2.10.0+cpu,3.2.0,r13_fp32_rank_reduce,True,True
9.1.0,random_bias,5,Ascend950PR_957b,True,True,,10,44,,512,,,,56,correctness,,wrapper,20260811,,,PASS,2.10.0.post4.dev20260715,2.10.0+cpu,3.2.0,r14_priority_argmax,True,True
9.1.0,random_bias,5,Ascend950PR_957b,True,True,,10,44,,512,,,,56,correctness,,wrapper,20260811,,,PASS,2.10.0.post4.dev20260715,2.10.0+cpu,3.2.0,r15_unique_top10_fastpath,True,True
9.1.0,random_bias,5,Ascend950PR_957b,True,True,,10,44,,512,,,,56,correctness,,wrapper,20260811,,,PASS,2.10.0.post4.dev20260715,2.10.0+cpu,3.2.0,r16_split_unique_recovery,True,True
9.1.0,random_bias,5,Ascend950PR_957b,True,True,,10,44,,512,,,,56,correctness,,wrapper,20260811,,,PASS,2.10.0.post4.dev20260715,2.10.0+cpu,3.2.0,r17_parallel_priority_argmax,True,True
9.1.0,random_bias,5,Ascend950PR_957b,True,True,,10,44,,512,,,,56,correctness,,wrapper,20260811,,,PASS,2.10.0.post4.dev20260715,2.10.0+cpu,3.2.0,r18_hierarchical_partial_sort,True,True
9.1.0,random_bias,5,Ascend950PR_957b,True,True,,10,44,,512,,,,56,correctness,,wrapper,20260811,,,PASS,2.10.0.post4.dev20260715,2.10.0+cpu,3.2.0,r19_unique_id_sum,True,True
9.1.0,random_bias,5,Ascend950PR_957b,True,True,,10,44,,512,,,,56,correctness,,wrapper,20260811,,,PASS,2.10.0.post4.dev20260715,2.10.0+cpu,3.2.0,r20_iterative_rank1_maxarg,True,True
9.1.0,random_bias,5,Ascend950PR_957b,True,True,,10,45,,512,,,,56,correctness,,wrapper,20260811,,,PASS,2.10.0.post4.dev20260715,2.10.0+cpu,3.2.0,r0_legacy,True,True
9.1.0,random_bias,5,Ascend950PR_957b,True,True,,10,45,,512,,,,56,correctness,,wrapper,20260811,,,PASS,2.10.0.post4.dev20260715,2.10.0+cpu,3.2.0,r1_constexpr,True,True
9.1.0,random_bias,5,Ascend950PR_957b,True,True,,10,45,,512,,,,56,correctness,,wrapper,20260811,,,PASS,2.10.0.post4.dev20260715,2.10.0+cpu,3.2.0,r2_core_partition,True,True
9.1.0,random_bias,5,Ascend950PR_957b,True,True,,10,45,,512,,,,56,correctness,,wrapper,20260811,,,PASS,2.10.0.post4.dev20260715,2.10.0+cpu,3.2.0,r3_sort_tie,True,True
9.1.0,random_bias,5,Ascend950PR_957b,True,True,,10,45,,512,,,,56,correctness,,wrapper,20260811,,,PASS,2.10.0.post4.dev20260715,2.10.0+cpu,3.2.0,r4_bias_hoist,True,True
9.1.0,random_bias,5,Ascend950PR_957b,True,True,,10,45,,512,,,,56,correctness,,wrapper,20260811,,,PASS,2.10.0.post4.dev20260715,2.10.0+cpu,3.2.0,r5_dispatch,True,True
9.1.0,random_bias,5,Ascend950PR_957b,True,True,,10,45,,512,,,,56,correctness,,wrapper,20260811,,,PASS,2.10.0.post4.dev20260715,2.10.0+cpu,3.2.0,r6_empirical_dispatch,True,True
9.1.0,random_bias,5,Ascend950PR_957b,True,True,,10,45,,512,,,,56,correctness,,wrapper,20260811,,,PASS,2.10.0.post4.dev20260715,2.10.0+cpu,3.2.0,r7_vector_tie_recovery,True,True
9.1.0,random_bias,5,Ascend950PR_957b,True,True,,10,45,,512,,,,56,correctness,,wrapper,20260811,,,PASS,2.10.0.post4.dev20260715,2.10.0+cpu,3.2.0,r8_safe_vector_dispatch,True,True
9.1.0,random_bias,5,Ascend950PR_957b,True,True,,10,45,,512,,,,56,correctness,,wrapper,20260811,,,PASS,2.10.0.post4.dev20260715,2.10.0+cpu,3.2.0,r9_pair_tie_recovery,True,True
9.1.0,random_bias,5,Ascend950PR_957b,True,True,,10,45,,512,,,,56,correctness,,wrapper,20260811,,,PASS,2.10.0.post4.dev20260715,2.10.0+cpu,3.2.0,r10_group_rank_threshold,True,True
9.1.0,random_bias,5,Ascend950PR_957b,True,True,,10,45,,512,,,,56,correctness,,wrapper,20260811,,,PASS,2.10.0.post4.dev20260715,2.10.0+cpu,3.2.0,r11_packed_exact_sort,True,True
9.1.0,random_bias,5,Ascend950PR_957b,True,True,,10,45,,512,,,,56,correctness,,wrapper,20260811,,,PASS,2.10.0.post4.dev20260715,2.10.0+cpu,3.2.0,r12_two_row_tile,True,True
9.1.0,random_bias,5,Ascend950PR_957b,True,True,,10,45,,512,,,,56,correctness,,wrapper,20260811,,,PASS,2.10.0.post4.dev20260715,2.10.0+cpu,3.2.0,r13_fp32_rank_reduce,True,True
9.1.0,random_bias,5,Ascend950PR_957b,True,True,,10,45,,512,,,,56,correctness,,wrapper,20260811,,,PASS,2.10.0.post4.dev20260715,2.10.0+cpu,3.2.0,r14_priority_argmax,True,True
9.1.0,random_bias,5,Ascend950PR_957b,True,True,,10,45,,512,,,,56,correctness,,wrapper,20260811,,,PASS,2.10.0.post4.dev20260715,2.10.0+cpu,3.2.0,r15_unique_top10_fastpath,True,True
9.1.0,random_bias,5,Ascend950PR_957b,True,True,,10,45,,512,,,,56,correctness,,wrapper,20260811,,,PASS,2.10.0.post4.dev20260715,2.10.0+cpu,3.2.0,r16_split_unique_recovery,True,True
9.1.0,random_bias,5,Ascend950PR_957b,True,True,,10,45,,512,,,,56,correctness,,wrapper,20260811,,,PASS,2.10.0.post4.dev20260715,2.10.0+cpu,3.2.0,r17_parallel_priority_argmax,True,True
9.1.0,random_bias,5,Ascend950PR_957b,True,True,,10,45,,512,,,,56,correctness,,wrapper,20260811,,,PASS,2.10.0.post4.dev20260715,2.10.0+cpu,3.2.0,r18_hierarchical_partial_sort,True,True
9.1.0,random_bias,5,Ascend950PR_957b,True,True,,10,45,,512,,,,56,correctness,,wrapper,20260811,,,PASS,2.10.0.post4.dev20260715,2.10.0+cpu,3.2.0,r19_unique_id_sum,True,True
9.1.0,random_bias,5,Ascend950PR_957b,True,True,,10,45,,512,,,,56,correctness,,wrapper,20260811,,,PASS,2.10.0.post4.dev20260715,2.10.0+cpu,3.2.0,r20_iterative_rank1_maxarg,True,True
9.1.0,random_bias,5,Ascend950PR_957b,True,True,,10,46,,512,,,,56,correctness,,wrapper,20260811,,,PASS,2.10.0.post4.dev20260715,2.10.0+cpu,3.2.0,r0_legacy,True,True
9.1.0,random_bias,5,Ascend950PR_957b,True,True,,10,46,,512,,,,56,correctness,,wrapper,20260811,,,PASS,2.10.0.post4.dev20260715,2.10.0+cpu,3.2.0,r1_constexpr,True,True
9.1.0,random_bias,5,Ascend950PR_957b,True,True,,10,46,,512,,,,56,correctness,,wrapper,20260811,,,PASS,2.10.0.post4.dev20260715,2.10.0+cpu,3.2.0,r2_core_partition,True,True
9.1.0,random_bias,5,Ascend950PR_957b,True,True,,10,46,,512,,,,56,correctness,,wrapper,20260811,,,PASS,2.10.0.post4.dev20260715,2.10.0+cpu,3.2.0,r3_sort_tie,True,True
9.1.0,random_bias,5,Ascend950PR_957b,True,True,,10,46,,512,,,,56,correctness,,wrapper,20260811,,,PASS,2.10.0.post4.dev20260715,2.10.0+cpu,3.2.0,r4_bias_hoist,True,True
9.1.0,random_bias,5,Ascend950PR_957b,True,True,,10,46,,512,,,,56,correctness,,wrapper,20260811,,,PASS,2.10.0.post4.dev20260715,2.10.0+cpu,3.2.0,r5_dispatch,True,True
9.1.0,random_bias,5,Ascend950PR_957b,True,True,,10,46,,512,,,,56,correctness,,wrapper,20260811,,,PASS,2.10.0.post4.dev20260715,2.10.0+cpu,3.2.0,r6_empirical_dispatch,True,True
9.1.0,random_bias,5,Ascend950PR_957b,True,True,,10,46,,512,,,,56,correctness,,wrapper,20260811,,,PASS,2.10.0.post4.dev20260715,2.10.0+cpu,3.2.0,r7_vector_tie_recovery,True,True
9.1.0,random_bias,5,Ascend950PR_957b,True,True,,10,46,,512,,,,56,correctness,,wrapper,20260811,,,PASS,2.10.0.post4.dev20260715,2.10.0+cpu,3.2.0,r8_safe_vector_dispatch,True,True
9.1.0,random_bias,5,Ascend950PR_957b,True,True,,10,46,,512,,,,56,correctness,,wrapper,20260811,,,PASS,2.10.0.post4.dev20260715,2.10.0+cpu,3.2.0,r9_pair_tie_recovery,True,True
9.1.0,random_bias,5,Ascend950PR_957b,True,True,,10,46,,512,,,,56,correctness,,wrapper,20260811,,,PASS,2.10.0.post4.dev20260715,2.10.0+cpu,3.2.0,r10_group_rank_threshold,True,True
9.1.0,random_bias,5,Ascend950PR_957b,True,True,,10,46,,512,,,,56,correctness,,wrapper,20260811,,,PASS,2.10.0.post4.dev20260715,2.10.0+cpu,3.2.0,r11_packed_exact_sort,True,True
9.1.0,random_bias,5,Ascend950PR_957b,True,True,,10,46,,512,,,,56,correctness,,wrapper,20260811,,,PASS,2.10.0.post4.dev20260715,2.10.0+cpu,3.2.0,r12_two_row_tile,True,True
9.1.0,random_bias,5,Ascend950PR_957b,True,True,,10,46,,512,,,,56,correctness,,wrapper,20260811,,,PASS,2.10.0.post4.dev20260715,2.10.0+cpu,3.2.0,r13_fp32_rank_reduce,True,True
9.1.0,random_bias,5,Ascend950PR_957b,True,True,,10,46,,512,,,,56,correctness,,wrapper,20260811,,,PASS,2.10.0.post4.dev20260715,2.10.0+cpu,3.2.0,r14_priority_argmax,True,True
9.1.0,random_bias,5,Ascend950PR_957b,True,True,,10,46,,512,,,,56,correctness,,wrapper,20260811,,,PASS,2.10.0.post4.dev20260715,2.10.0+cpu,3.2.0,r15_unique_top10_fastpath,True,True
9.1.0,random_bias,5,Ascend950PR_957b,True,True,,10,46,,512,,,,56,correctness,,wrapper,20260811,,,PASS,2.10.0.post4.dev20260715,2.10.0+cpu,3.2.0,r16_split_unique_recovery,True,True
9.1.0,random_bias,5,Ascend950PR_957b,True,True,,10,46,,512,,,,56,correctness,,wrapper,20260811,,,PASS,2.10.0.post4.dev20260715,2.10.0+cpu,3.2.0,r17_parallel_priority_argmax,True,True
9.1.0,random_bias,5,Ascend950PR_957b,True,True,,10,46,,512,,,,56,correctness,,wrapper,20260811,,,PASS,2.10.0.post4.dev20260715,2.10.0+cpu,3.2.0,r18_hierarchical_partial_sort,True,True
9.1.0,random_bias,5,Ascend950PR_957b,True,True,,10,46,,512,,,,56,correctness,,wrapper,20260811,,,PASS,2.10.0.post4.dev20260715,2.10.0+cpu,3.2.0,r19_unique_id_sum,True,True
9.1.0,random_bias,5,Ascend950PR_957b,True,True,,10,46,,512,,,,56,correctness,,wrapper,20260811,,,PASS,2.10.0.post4.dev20260715,2.10.0+cpu,3.2.0,r20_iterative_rank1_maxarg,True,True
9.1.0,random_bias,5,Ascend950PR_957b,True,True,,10,47,,512,,,,56,correctness,,wrapper,20260811,,,PASS,2.10.0.post4.dev20260715,2.10.0+cpu,3.2.0,r0_legacy,True,True
9.1.0,random_bias,5,Ascend950PR_957b,True,True,,10,47,,512,,,,56,correctness,,wrapper,20260811,,,PASS,2.10.0.post4.dev20260715,2.10.0+cpu,3.2.0,r1_constexpr,True,True
9.1.0,random_bias,5,Ascend950PR_957b,True,True,,10,47,,512,,,,56,correctness,,wrapper,20260811,,,PASS,2.10.0.post4.dev20260715,2.10.0+cpu,3.2.0,r2_core_partition,True,True
9.1.0,random_bias,5,Ascend950PR_957b,True,True,,10,47,,512,,,,56,correctness,,wrapper,20260811,,,PASS,2.10.0.post4.dev20260715,2.10.0+cpu,3.2.0,r3_sort_tie,True,True
9.1.0,random_bias,5,Ascend950PR_957b,True,True,,10,47,,512,,,,56,correctness,,wrapper,20260811,,,PASS,2.10.0.post4.dev20260715,2.10.0+cpu,3.2.0,r4_bias_hoist,True,True
9.1.0,random_bias,5,Ascend950PR_957b,True,True,,10,47,,512,,,,56,correctness,,wrapper,20260811,,,PASS,2.10.0.post4.dev20260715,2.10.0+cpu,3.2.0,r5_dispatch,True,True
9.1.0,random_bias,5,Ascend950PR_957b,True,True,,10,47,,512,,,,56,correctness,,wrapper,20260811,,,PASS,2.10.0.post4.dev20260715,2.10.0+cpu,3.2.0,r6_empirical_dispatch,True,True
9.1.0,random_bias,5,Ascend950PR_957b,True,True,,10,47,,512,,,,56,correctness,,wrapper,20260811,,,PASS,2.10.0.post4.dev20260715,2.10.0+cpu,3.2.0,r7_vector_tie_recovery,True,True
9.1.0,random_bias,5,Ascend950PR_957b,True,True,,10,47,,512,,,,56,correctness,,wrapper,20260811,,,PASS,2.10.0.post4.dev20260715,2.10.0+cpu,3.2.0,r8_safe_vector_dispatch,True,True
9.1.0,random_bias,5,Ascend950PR_957b,True,True,,10,47,,512,,,,56,correctness,,wrapper,20260811,,,PASS,2.10.0.post4.dev20260715,2.10.0+cpu,3.2.0,r9_pair_tie_recovery,True,True
9.1.0,random_bias,5,Ascend950PR_957b,True,True,,10,47,,512,,,,56,correctness,,wrapper,20260811,,,PASS,2.10.0.post4.dev20260715,2.10.0+cpu,3.2.0,r10_group_rank_threshold,True,True
9.1.0,random_bias,5,Ascend950PR_957b,True,True,,10,47,,512,,,,56,correctness,,wrapper,20260811,,,PASS,2.10.0.post4.dev20260715,2.10.0+cpu,3.2.0,r11_packed_exact_sort,True,True
9.1.0,random_bias,5,Ascend950PR_957b,True,True,,10,47,,512,,,,56,correctness,,wrapper,20260811,,,PASS,2.10.0.post4.dev20260715,2.10.0+cpu,3.2.0,r12_two_row_tile,True,True
9.1.0,random_bias,5,Ascend950PR_957b,True,True,,10,47,,512,,,,56,correctness,,wrapper,20260811,,,PASS,2.10.0.post4.dev20260715,2.10.0+cpu,3.2.0,r13_fp32_rank_reduce,True,True
9.1.0,random_bias,5,Ascend950PR_957b,True,True,,10,47,,512,,,,56,correctness,,wrapper,20260811,,,PASS,2.10.0.post4.dev20260715,2.10.0+cpu,3.2.0,r14_priority_argmax,True,True
9.1.0,random_bias,5,Ascend950PR_957b,True,True,,10,47,,512,,,,56,correctness,,wrapper,20260811,,,PASS,2.10.0.post4.dev20260715,2.10.0+cpu,3.2.0,r15_unique_top10_fastpath,True,True
9.1.0,random_bias,5,Ascend950PR_957b,True,True,,10,47,,512,,,,56,correctness,,wrapper,20260811,,,PASS,2.10.0.post4.dev20260715,2.10.0+cpu,3.2.0,r16_split_unique_recovery,True,True
9.1.0,random_bias,5,Ascend950PR_957b,True,True,,10,47,,512,,,,56,correctness,,wrapper,20260811,,,PASS,2.10.0.post4.dev20260715,2.10.0+cpu,3.2.0,r17_parallel_priority_argmax,True,True
9.1.0,random_bias,5,Ascend950PR_957b,True,True,,10,47,,512,,,,56,correctness,,wrapper,20260811,,,PASS,2.10.0.post4.dev20260715,2.10.0+cpu,3.2.0,r18_hierarchical_partial_sort,True,True
9.1.0,random_bias,5,Ascend950PR_957b,True,True,,10,47,,512,,,,56,correctness,,wrapper,20260811,,,PASS,2.10.0.post4.dev20260715,2.10.0+cpu,3.2.0,r19_unique_id_sum,True,True
9.1.0,random_bias,5,Ascend950PR_957b,True,True,,10,47,,512,,,,56,correctness,,wrapper,20260811,,,PASS,2.10.0.post4.dev20260715,2.10.0+cpu,3.2.0,r20_iterative_rank1_maxarg,True,True
9.1.0,random_bias,5,Ascend950PR_957b,True,True,,10,48,,512,,,,56,correctness,,wrapper,20260811,,,PASS,2.10.0.post4.dev20260715,2.10.0+cpu,3.2.0,r0_legacy,True,True
9.1.0,random_bias,5,Ascend950PR_957b,True,True,,10,48,,512,,,,56,correctness,,wrapper,20260811,,,PASS,2.10.0.post4.dev20260715,2.10.0+cpu,3.2.0,r1_constexpr,True,True
9.1.0,random_bias,5,Ascend950PR_957b,True,True,,10,48,,512,,,,56,correctness,,wrapper,20260811,,,PASS,2.10.0.post4.dev20260715,2.10.0+cpu,3.2.0,r2_core_partition,True,True
9.1.0,random_bias,5,Ascend950PR_957b,True,True,,10,48,,512,,,,56,correctness,,wrapper,20260811,,,PASS,2.10.0.post4.dev20260715,2.10.0+cpu,3.2.0,r3_sort_tie,True,True
9.1.0,random_bias,5,Ascend950PR_957b,True,True,,10,48,,512,,,,56,correctness,,wrapper,20260811,,,PASS,2.10.0.post4.dev20260715,2.10.0+cpu,3.2.0,r4_bias_hoist,True,True
9.1.0,random_bias,5,Ascend950PR_957b,True,True,,10,48,,512,,,,56,correctness,,wrapper,20260811,,,PASS,2.10.0.post4.dev20260715,2.10.0+cpu,3.2.0,r5_dispatch,True,True
9.1.0,random_bias,5,Ascend950PR_957b,True,True,,10,48,,512,,,,56,correctness,,wrapper,20260811,,,PASS,2.10.0.post4.dev20260715,2.10.0+cpu,3.2.0,r6_empirical_dispatch,True,True
9.1.0,random_bias,5,Ascend950PR_957b,True,True,,10,48,,512,,,,56,correctness,,wrapper,20260811,,,PASS,2.10.0.post4.dev20260715,2.10.0+cpu,3.2.0,r7_vector_tie_recovery,True,True
9.1.0,random_bias,5,Ascend950PR_957b,True,True,,10,48,,512,,,,56,correctness,,wrapper,20260811,,,PASS,2.10.0.post4.dev20260715,2.10.0+cpu,3.2.0,r8_safe_vector_dispatch,True,True
9.1.0,random_bias,5,Ascend950PR_957b,True,True,,10,48,,512,,,,56,correctness,,wrapper,20260811,,,PASS,2.10.0.post4.dev20260715,2.10.0+cpu,3.2.0,r9_pair_tie_recovery,True,True
9.1.0,random_bias,5,Ascend950PR_957b,True,True,,10,48,,512,,,,56,correctness,,wrapper,20260811,,,PASS,2.10.0.post4.dev20260715,2.10.0+cpu,3.2.0,r10_group_rank_threshold,True,True
9.1.0,random_bias,5,Ascend950PR_957b,True,True,,10,48,,512,,,,56,correctness,,wrapper,20260811,,,PASS,2.10.0.post4.dev20260715,2.10.0+cpu,3.2.0,r11_packed_exact_sort,True,True
9.1.0,random_bias,5,Ascend950PR_957b,True,True,,10,48,,512,,,,56,correctness,,wrapper,20260811,,,PASS,2.10.0.post4.dev20260715,2.10.0+cpu,3.2.0,r12_two_row_tile,True,True
9.1.0,random_bias,5,Ascend950PR_957b,True,True,,10,48,,512,,,,56,correctness,,wrapper,20260811,,,PASS,2.10.0.post4.dev20260715,2.10.0+cpu,3.2.0,r13_fp32_rank_reduce,True,True
9.1.0,random_bias,5,Ascend950PR_957b,True,True,,10,48,,512,,,,56,correctness,,wrapper,20260811,,,PASS,2.10.0.post4.dev20260715,2.10.0+cpu,3.2.0,r14_priority_argmax,True,True
9.1.0,random_bias,5,Ascend950PR_957b,True,True,,10,48,,512,,,,56,correctness,,wrapper,20260811,,,PASS,2.10.0.post4.dev20260715,2.10.0+cpu,3.2.0,r15_unique_top10_fastpath,True,True
9.1.0,random_bias,5,Ascend950PR_957b,True,True,,10,48,,512,,,,56,correctness,,wrapper,20260811,,,PASS,2.10.0.post4.dev20260715,2.10.0+cpu,3.2.0,r16_split_unique_recovery,True,True
9.1.0,random_bias,5,Ascend950PR_957b,True,True,,10,48,,512,,,,56,correctness,,wrapper,20260811,,,PASS,2.10.0.post4.dev20260715,2.10.0+cpu,3.2.0,r17_parallel_priority_argmax,True,True
9.1.0,random_bias,5,Ascend950PR_957b,True,True,,10,48,,512,,,,56,correctness,,wrapper,20260811,,,PASS,2.10.0.post4.dev20260715,2.10.0+cpu,3.2.0,r18_hierarchical_partial_sort,True,True
9.1.0,random_bias,5,Ascend950PR_957b,True,True,,10,48,,512,,,,56,correctness,,wrapper,20260811,,,PASS,2.10.0.post4.dev20260715,2.10.0+cpu,3.2.0,r19_unique_id_sum,True,True
9.1.0,random_bias,5,Ascend950PR_957b,True,True,,10,48,,512,,,,56,correctness,,wrapper,20260811,,,PASS,2.10.0.post4.dev20260715,2.10.0+cpu,3.2.0,r20_iterative_rank1_maxarg,True,True
9.1.0,random_bias,5,Ascend950PR_957b,True,True,,10,49,,512,,,,56,correctness,,wrapper,20260811,,,PASS,2.10.0.post4.dev20260715,2.10.0+cpu,3.2.0,r0_legacy,True,True
9.1.0,random_bias,5,Ascend950PR_957b,True,True,,10,49,,512,,,,56,correctness,,wrapper,20260811,,,PASS,2.10.0.post4.dev20260715,2.10.0+cpu,3.2.0,r1_constexpr,True,True
9.1.0,random_bias,5,Ascend950PR_957b,True,True,,10,49,,512,,,,56,correctness,,wrapper,20260811,,,PASS,2.10.0.post4.dev20260715,2.10.0+cpu,3.2.0,r2_core_partition,True,True
9.1.0,random_bias,5,Ascend950PR_957b,True,True,,10,49,,512,,,,56,correctness,,wrapper,20260811,,,PASS,2.10.0.post4.dev20260715,2.10.0+cpu,3.2.0,r3_sort_tie,True,True
9.1.0,random_bias,5,Ascend950PR_957b,True,True,,10,49,,512,,,,56,correctness,,wrapper,20260811,,,PASS,2.10.0.post4.dev20260715,2.10.0+cpu,3.2.0,r4_bias_hoist,True,True
9.1.0,random_bias,5,Ascend950PR_957b,True,True,,10,49,,512,,,,56,correctness,,wrapper,20260811,,,PASS,2.10.0.post4.dev20260715,2.10.0+cpu,3.2.0,r5_dispatch,True,True
9.1.0,random_bias,5,Ascend950PR_957b,True,True,,10,49,,512,,,,56,correctness,,wrapper,20260811,,,PASS,2.10.0.post4.dev20260715,2.10.0+cpu,3.2.0,r6_empirical_dispatch,True,True
9.1.0,random_bias,5,Ascend950PR_957b,True,True,,10,49,,512,,,,56,correctness,,wrapper,20260811,,,PASS,2.10.0.post4.dev20260715,2.10.0+cpu,3.2.0,r7_vector_tie_recovery,True,True
9.1.0,random_bias,5,Ascend950PR_957b,True,True,,10,49,,512,,,,56,correctness,,wrapper,20260811,,,PASS,2.10.0.post4.dev20260715,2.10.0+cpu,3.2.0,r8_safe_vector_dispatch,True,True
9.1.0,random_bias,5,Ascend950PR_957b,True,True,,10,49,,512,,,,56,correctness,,wrapper,20260811,,,PASS,2.10.0.post4.dev20260715,2.10.0+cpu,3.2.0,r9_pair_tie_recovery,True,True
9.1.0,random_bias,5,Ascend950PR_957b,True,True,,10,49,,512,,,,56,correctness,,wrapper,20260811,,,PASS,2.10.0.post4.dev20260715,2.10.0+cpu,3.2.0,r10_group_rank_threshold,True,True
9.1.0,random_bias,5,Ascend950PR_957b,True,True,,10,49,,512,,,,56,correctness,,wrapper,20260811,,,PASS,2.10.0.post4.dev20260715,2.10.0+cpu,3.2.0,r11_packed_exact_sort,True,True
9.1.0,random_bias,5,Ascend950PR_957b,True,True,,10,49,,512,,,,56,correctness,,wrapper,20260811,,,PASS,2.10.0.post4.dev20260715,2.10.0+cpu,3.2.0,r12_two_row_tile,True,True
9.1.0,random_bias,5,Ascend950PR_957b,True,True,,10,49,,512,,,,56,correctness,,wrapper,20260811,,,PASS,2.10.0.post4.dev20260715,2.10.0+cpu,3.2.0,r13_fp32_rank_reduce,True,True
9.1.0,random_bias,5,Ascend950PR_957b,True,True,,10,49,,512,,,,56,correctness,,wrapper,20260811,,,PASS,2.10.0.post4.dev20260715,2.10.0+cpu,3.2.0,r14_priority_argmax,True,True
9.1.0,random_bias,5,Ascend950PR_957b,True,True,,10,49,,512,,,,56,correctness,,wrapper,20260811,,,PASS,2.10.0.post4.dev20260715,2.10.0+cpu,3.2.0,r15_unique_top10_fastpath,True,True
9.1.0,random_bias,5,Ascend950PR_957b,True,True,,10,49,,512,,,,56,correctness,,wrapper,20260811,,,PASS,2.10.0.post4.dev20260715,2.10.0+cpu,3.2.0,r16_split_unique_recovery,True,True
9.1.0,random_bias,5,Ascend950PR_957b,True,True,,10,49,,512,,,,56,correctness,,wrapper,20260811,,,PASS,2.10.0.post4.dev20260715,2.10.0+cpu,3.2.0,r17_parallel_priority_argmax,True,True
9.1.0,random_bias,5,Ascend950PR_957b,True,True,,10,49,,512,,,,56,correctness,,wrapper,20260811,,,PASS,2.10.0.post4.dev20260715,2.10.0+cpu,3.2.0,r18_hierarchical_partial_sort,True,True
9.1.0,random_bias,5,Ascend950PR_957b,True,True,,10,49,,512,,,,56,correctness,,wrapper,20260811,,,PASS,2.10.0.post4.dev20260715,2.10.0+cpu,3.2.0,r19_unique_id_sum,True,True
9.1.0,random_bias,5,Ascend950PR_957b,True,True,,10,49,,512,,,,56,correctness,,wrapper,20260811,,,PASS,2.10.0.post4.dev20260715,2.10.0+cpu,3.2.0,r20_iterative_rank1_maxarg,True,True
9.1.0,random_bias,5,Ascend950PR_957b,True,True,,10,50,,512,,,,56,correctness,,wrapper,20260811,,,PASS,2.10.0.post4.dev20260715,2.10.0+cpu,3.2.0,r0_legacy,True,True
9.1.0,random_bias,5,Ascend950PR_957b,True,True,,10,50,,512,,,,56,correctness,,wrapper,20260811,,,PASS,2.10.0.post4.dev20260715,2.10.0+cpu,3.2.0,r1_constexpr,True,True
9.1.0,random_bias,5,Ascend950PR_957b,True,True,,10,50,,512,,,,56,correctness,,wrapper,20260811,,,PASS,2.10.0.post4.dev20260715,2.10.0+cpu,3.2.0,r2_core_partition,True,True
9.1.0,random_bias,5,Ascend950PR_957b,True,True,,10,50,,512,,,,56,correctness,,wrapper,20260811,,,PASS,2.10.0.post4.dev20260715,2.10.0+cpu,3.2.0,r3_sort_tie,True,True
9.1.0,random_bias,5,Ascend950PR_957b,True,True,,10,50,,512,,,,56,correctness,,wrapper,20260811,,,PASS,2.10.0.post4.dev20260715,2.10.0+cpu,3.2.0,r4_bias_hoist,True,True
9.1.0,random_bias,5,Ascend950PR_957b,True,True,,10,50,,512,,,,56,correctness,,wrapper,20260811,,,PASS,2.10.0.post4.dev20260715,2.10.0+cpu,3.2.0,r5_dispatch,True,True
9.1.0,random_bias,5,Ascend950PR_957b,True,True,,10,50,,512,,,,56,correctness,,wrapper,20260811,,,PASS,2.10.0.post4.dev20260715,2.10.0+cpu,3.2.0,r6_empirical_dispatch,True,True
9.1.0,random_bias,5,Ascend950PR_957b,True,True,,10,50,,512,,,,56,correctness,,wrapper,20260811,,,PASS,2.10.0.post4.dev20260715,2.10.0+cpu,3.2.0,r7_vector_tie_recovery,True,True
9.1.0,random_bias,5,Ascend950PR_957b,True,True,,10,50,,512,,,,56,correctness,,wrapper,20260811,,,PASS,2.10.0.post4.dev20260715,2.10.0+cpu,3.2.0,r8_safe_vector_dispatch,True,True
9.1.0,random_bias,5,Ascend950PR_957b,True,True,,10,50,,512,,,,56,correctness,,wrapper,20260811,,,PASS,2.10.0.post4.dev20260715,2.10.0+cpu,3.2.0,r9_pair_tie_recovery,True,True
9.1.0,random_bias,5,Ascend950PR_957b,True,True,,10,50,,512,,,,56,correctness,,wrapper,20260811,,,PASS,2.10.0.post4.dev20260715,2.10.0+cpu,3.2.0,r10_group_rank_threshold,True,True
9.1.0,random_bias,5,Ascend950PR_957b,True,True,,10,50,,512,,,,56,correctness,,wrapper,20260811,,,PASS,2.10.0.post4.dev20260715,2.10.0+cpu,3.2.0,r11_packed_exact_sort,True,True
9.1.0,random_bias,5,Ascend950PR_957b,True,True,,10,50,,512,,,,56,correctness,,wrapper,20260811,,,PASS,2.10.0.post4.dev20260715,2.10.0+cpu,3.2.0,r12_two_row_tile,True,True
9.1.0,random_bias,5,Ascend950PR_957b,True,True,,10,50,,512,,,,56,correctness,,wrapper,20260811,,,PASS,2.10.0.post4.dev20260715,2.10.0+cpu,3.2.0,r13_fp32_rank_reduce,True,True
9.1.0,random_bias,5,Ascend950PR_957b,True,True,,10,50,,512,,,,56,correctness,,wrapper,20260811,,,PASS,2.10.0.post4.dev20260715,2.10.0+cpu,3.2.0,r14_priority_argmax,True,True
9.1.0,random_bias,5,Ascend950PR_957b,True,True,,10,50,,512,,,,56,correctness,,wrapper,20260811,,,PASS,2.10.0.post4.dev20260715,2.10.0+cpu,3.2.0,r15_unique_top10_fastpath,True,True
9.1.0,random_bias,5,Ascend950PR_957b,True,True,,10,50,,512,,,,56,correctness,,wrapper,20260811,,,PASS,2.10.0.post4.dev20260715,2.10.0+cpu,3.2.0,r16_split_unique_recovery,True,True
9.1.0,random_bias,5,Ascend950PR_957b,True,True,,10,50,,512,,,,56,correctness,,wrapper,20260811,,,PASS,2.10.0.post4.dev20260715,2.10.0+cpu,3.2.0,r17_parallel_priority_argmax,True,True
9.1.0,random_bias,5,Ascend950PR_957b,True,True,,10,50,,512,,,,56,correctness,,wrapper,20260811,,,PASS,2.10.0.post4.dev20260715,2.10.0+cpu,3.2.0,r18_hierarchical_partial_sort,True,True
9.1.0,random_bias,5,Ascend950PR_957b,True,True,,10,50,,512,,,,56,correctness,,wrapper,20260811,,,PASS,2.10.0.post4.dev20260715,2.10.0+cpu,3.2.0,r19_unique_id_sum,True,True
9.1.0,random_bias,5,Ascend950PR_957b,True,True,,10,50,,512,,,,56,correctness,,wrapper,20260811,,,PASS,2.10.0.post4.dev20260715,2.10.0+cpu,3.2.0,r20_iterative_rank1_maxarg,True,True
9.1.0,random_bias,5,Ascend950PR_957b,True,True,,10,51,,512,,,,56,correctness,,wrapper,20260811,,,PASS,2.10.0.post4.dev20260715,2.10.0+cpu,3.2.0,r0_legacy,True,True
9.1.0,random_bias,5,Ascend950PR_957b,True,True,,10,51,,512,,,,56,correctness,,wrapper,20260811,,,PASS,2.10.0.post4.dev20260715,2.10.0+cpu,3.2.0,r1_constexpr,True,True
9.1.0,random_bias,5,Ascend950PR_957b,True,True,,10,51,,512,,,,56,correctness,,wrapper,20260811,,,PASS,2.10.0.post4.dev20260715,2.10.0+cpu,3.2.0,r2_core_partition,True,True
9.1.0,random_bias,5,Ascend950PR_957b,True,True,,10,51,,512,,,,56,correctness,,wrapper,20260811,,,PASS,2.10.0.post4.dev20260715,2.10.0+cpu,3.2.0,r3_sort_tie,True,True
9.1.0,random_bias,5,Ascend950PR_957b,True,True,,10,51,,512,,,,56,correctness,,wrapper,20260811,,,PASS,2.10.0.post4.dev20260715,2.10.0+cpu,3.2.0,r4_bias_hoist,True,True
9.1.0,random_bias,5,Ascend950PR_957b,True,True,,10,51,,512,,,,56,correctness,,wrapper,20260811,,,PASS,2.10.0.post4.dev20260715,2.10.0+cpu,3.2.0,r5_dispatch,True,True
9.1.0,random_bias,5,Ascend950PR_957b,True,True,,10,51,,512,,,,56,correctness,,wrapper,20260811,,,PASS,2.10.0.post4.dev20260715,2.10.0+cpu,3.2.0,r6_empirical_dispatch,True,True
9.1.0,random_bias,5,Ascend950PR_957b,True,True,,10,51,,512,,,,56,correctness,,wrapper,20260811,,,PASS,2.10.0.post4.dev20260715,2.10.0+cpu,3.2.0,r7_vector_tie_recovery,True,True
9.1.0,random_bias,5,Ascend950PR_957b,True,True,,10,51,,512,,,,56,correctness,,wrapper,20260811,,,PASS,2.10.0.post4.dev20260715,2.10.0+cpu,3.2.0,r8_safe_vector_dispatch,True,True
9.1.0,random_bias,5,Ascend950PR_957b,True,True,,10,51,,512,,,,56,correctness,,wrapper,20260811,,,PASS,2.10.0.post4.dev20260715,2.10.0+cpu,3.2.0,r9_pair_tie_recovery,True,True
9.1.0,random_bias,5,Ascend950PR_957b,True,True,,10,51,,512,,,,56,correctness,,wrapper,20260811,,,PASS,2.10.0.post4.dev20260715,2.10.0+cpu,3.2.0,r10_group_rank_threshold,True,True
9.1.0,random_bias,5,Ascend950PR_957b,True,True,,10,51,,512,,,,56,correctness,,wrapper,20260811,,,PASS,2.10.0.post4.dev20260715,2.10.0+cpu,3.2.0,r11_packed_exact_sort,True,True
9.1.0,random_bias,5,Ascend950PR_957b,True,True,,10,51,,512,,,,56,correctness,,wrapper,20260811,,,PASS,2.10.0.post4.dev20260715,2.10.0+cpu,3.2.0,r12_two_row_tile,True,True
9.1.0,random_bias,5,Ascend950PR_957b,True,True,,10,51,,512,,,,56,correctness,,wrapper,20260811,,,PASS,2.10.0.post4.dev20260715,2.10.0+cpu,3.2.0,r13_fp32_rank_reduce,True,True
9.1.0,random_bias,5,Ascend950PR_957b,True,True,,10,51,,512,,,,56,correctness,,wrapper,20260811,,,PASS,2.10.0.post4.dev20260715,2.10.0+cpu,3.2.0,r14_priority_argmax,True,True
9.1.0,random_bias,5,Ascend950PR_957b,True,True,,10,51,,512,,,,56,correctness,,wrapper,20260811,,,PASS,2.10.0.post4.dev20260715,2.10.0+cpu,3.2.0,r15_unique_top10_fastpath,True,True
9.1.0,random_bias,5,Ascend950PR_957b,True,True,,10,51,,512,,,,56,correctness,,wrapper,20260811,,,PASS,2.10.0.post4.dev20260715,2.10.0+cpu,3.2.0,r16_split_unique_recovery,True,True
9.1.0,random_bias,5,Ascend950PR_957b,True,True,,10,51,,512,,,,56,correctness,,wrapper,20260811,,,PASS,2.10.0.post4.dev20260715,2.10.0+cpu,3.2.0,r17_parallel_priority_argmax,True,True
9.1.0,random_bias,5,Ascend950PR_957b,True,True,,10,51,,512,,,,56,correctness,,wrapper,20260811,,,PASS,2.10.0.post4.dev20260715,2.10.0+cpu,3.2.0,r18_hierarchical_partial_sort,True,True
9.1.0,random_bias,5,Ascend950PR_957b,True,True,,10,51,,512,,,,56,correctness,,wrapper,20260811,,,PASS,2.10.0.post4.dev20260715,2.10.0+cpu,3.2.0,r19_unique_id_sum,True,True
9.1.0,random_bias,5,Ascend950PR_957b,True,True,,10,51,,512,,,,56,correctness,,wrapper,20260811,,,PASS,2.10.0.post4.dev20260715,2.10.0+cpu,3.2.0,r20_iterative_rank1_maxarg,True,True
9.1.0,random_bias,5,Ascend950PR_957b,True,True,,10,52,,512,,,,56,correctness,,wrapper,20260811,,,PASS,2.10.0.post4.dev20260715,2.10.0+cpu,3.2.0,r0_legacy,True,True
9.1.0,random_bias,5,Ascend950PR_957b,True,True,,10,52,,512,,,,56,correctness,,wrapper,20260811,,,PASS,2.10.0.post4.dev20260715,2.10.0+cpu,3.2.0,r1_constexpr,True,True
9.1.0,random_bias,5,Ascend950PR_957b,True,True,,10,52,,512,,,,56,correctness,,wrapper,20260811,,,PASS,2.10.0.post4.dev20260715,2.10.0+cpu,3.2.0,r2_core_partition,True,True
9.1.0,random_bias,5,Ascend950PR_957b,True,True,,10,52,,512,,,,56,correctness,,wrapper,20260811,,,PASS,2.10.0.post4.dev20260715,2.10.0+cpu,3.2.0,r3_sort_tie,True,True
9.1.0,random_bias,5,Ascend950PR_957b,True,True,,10,52,,512,,,,56,correctness,,wrapper,20260811,,,PASS,2.10.0.post4.dev20260715,2.10.0+cpu,3.2.0,r4_bias_hoist,True,True
9.1.0,random_bias,5,Ascend950PR_957b,True,True,,10,52,,512,,,,56,correctness,,wrapper,20260811,,,PASS,2.10.0.post4.dev20260715,2.10.0+cpu,3.2.0,r5_dispatch,True,True
9.1.0,random_bias,5,Ascend950PR_957b,True,True,,10,52,,512,,,,56,correctness,,wrapper,20260811,,,PASS,2.10.0.post4.dev20260715,2.10.0+cpu,3.2.0,r6_empirical_dispatch,True,True
9.1.0,random_bias,5,Ascend950PR_957b,True,True,,10,52,,512,,,,56,correctness,,wrapper,20260811,,,PASS,2.10.0.post4.dev20260715,2.10.0+cpu,3.2.0,r7_vector_tie_recovery,True,True
9.1.0,random_bias,5,Ascend950PR_957b,True,True,,10,52,,512,,,,56,correctness,,wrapper,20260811,,,PASS,2.10.0.post4.dev20260715,2.10.0+cpu,3.2.0,r8_safe_vector_dispatch,True,True
9.1.0,random_bias,5,Ascend950PR_957b,True,True,,10,52,,512,,,,56,correctness,,wrapper,20260811,,,PASS,2.10.0.post4.dev20260715,2.10.0+cpu,3.2.0,r9_pair_tie_recovery,True,True
9.1.0,random_bias,5,Ascend950PR_957b,True,True,,10,52,,512,,,,56,correctness,,wrapper,20260811,,,PASS,2.10.0.post4.dev20260715,2.10.0+cpu,3.2.0,r10_group_rank_threshold,True,True
9.1.0,random_bias,5,Ascend950PR_957b,True,True,,10,52,,512,,,,56,correctness,,wrapper,20260811,,,PASS,2.10.0.post4.dev20260715,2.10.0+cpu,3.2.0,r11_packed_exact_sort,True,True
9.1.0,random_bias,5,Ascend950PR_957b,True,True,,10,52,,512,,,,56,correctness,,wrapper,20260811,,,PASS,2.10.0.post4.dev20260715,2.10.0+cpu,3.2.0,r12_two_row_tile,True,True
9.1.0,random_bias,5,Ascend950PR_957b,True,True,,10,52,,512,,,,56,correctness,,wrapper,20260811,,,PASS,2.10.0.post4.dev20260715,2.10.0+cpu,3.2.0,r13_fp32_rank_reduce,True,True
9.1.0,random_bias,5,Ascend950PR_957b,True,True,,10,52,,512,,,,56,correctness,,wrapper,20260811,,,PASS,2.10.0.post4.dev20260715,2.10.0+cpu,3.2.0,r14_priority_argmax,True,True
9.1.0,random_bias,5,Ascend950PR_957b,True,True,,10,52,,512,,,,56,correctness,,wrapper,20260811,,,PASS,2.10.0.post4.dev20260715,2.10.0+cpu,3.2.0,r15_unique_top10_fastpath,True,True
9.1.0,random_bias,5,Ascend950PR_957b,True,True,,10,52,,512,,,,56,correctness,,wrapper,20260811,,,PASS,2.10.0.post4.dev20260715,2.10.0+cpu,3.2.0,r16_split_unique_recovery,True,True
9.1.0,random_bias,5,Ascend950PR_957b,True,True,,10,52,,512,,,,56,correctness,,wrapper,20260811,,,PASS,2.10.0.post4.dev20260715,2.10.0+cpu,3.2.0,r17_parallel_priority_argmax,True,True
9.1.0,random_bias,5,Ascend950PR_957b,True,True,,10,52,,512,,,,56,correctness,,wrapper,20260811,,,PASS,2.10.0.post4.dev20260715,2.10.0+cpu,3.2.0,r18_hierarchical_partial_sort,True,True
9.1.0,random_bias,5,Ascend950PR_957b,True,True,,10,52,,512,,,,56,correctness,,wrapper,20260811,,,PASS,2.10.0.post4.dev20260715,2.10.0+cpu,3.2.0,r19_unique_id_sum,True,True
9.1.0,random_bias,5,Ascend950PR_957b,True,True,,10,52,,512,,,,56,correctness,,wrapper,20260811,,,PASS,2.10.0.post4.dev20260715,2.10.0+cpu,3.2.0,r20_iterative_rank1_maxarg,True,True
9.1.0,random_bias,5,Ascend950PR_957b,True,True,,10,53,,512,,,,56,correctness,,wrapper,20260811,,,PASS,2.10.0.post4.dev20260715,2.10.0+cpu,3.2.0,r0_legacy,True,True
9.1.0,random_bias,5,Ascend950PR_957b,True,True,,10,53,,512,,,,56,correctness,,wrapper,20260811,,,PASS,2.10.0.post4.dev20260715,2.10.0+cpu,3.2.0,r1_constexpr,True,True
9.1.0,random_bias,5,Ascend950PR_957b,True,True,,10,53,,512,,,,56,correctness,,wrapper,20260811,,,PASS,2.10.0.post4.dev20260715,2.10.0+cpu,3.2.0,r2_core_partition,True,True
9.1.0,random_bias,5,Ascend950PR_957b,True,True,,10,53,,512,,,,56,correctness,,wrapper,20260811,,,PASS,2.10.0.post4.dev20260715,2.10.0+cpu,3.2.0,r3_sort_tie,True,True
9.1.0,random_bias,5,Ascend950PR_957b,True,True,,10,53,,512,,,,56,correctness,,wrapper,20260811,,,PASS,2.10.0.post4.dev20260715,2.10.0+cpu,3.2.0,r4_bias_hoist,True,True
9.1.0,random_bias,5,Ascend950PR_957b,True,True,,10,53,,512,,,,56,correctness,,wrapper,20260811,,,PASS,2.10.0.post4.dev20260715,2.10.0+cpu,3.2.0,r5_dispatch,True,True
9.1.0,random_bias,5,Ascend950PR_957b,True,True,,10,53,,512,,,,56,correctness,,wrapper,20260811,,,PASS,2.10.0.post4.dev20260715,2.10.0+cpu,3.2.0,r6_empirical_dispatch,True,True
9.1.0,random_bias,5,Ascend950PR_957b,True,True,,10,53,,512,,,,56,correctness,,wrapper,20260811,,,PASS,2.10.0.post4.dev20260715,2.10.0+cpu,3.2.0,r7_vector_tie_recovery,True,True
9.1.0,random_bias,5,Ascend950PR_957b,True,True,,10,53,,512,,,,56,correctness,,wrapper,20260811,,,PASS,2.10.0.post4.dev20260715,2.10.0+cpu,3.2.0,r8_safe_vector_dispatch,True,True
9.1.0,random_bias,5,Ascend950PR_957b,True,True,,10,53,,512,,,,56,correctness,,wrapper,20260811,,,PASS,2.10.0.post4.dev20260715,2.10.0+cpu,3.2.0,r9_pair_tie_recovery,True,True
9.1.0,random_bias,5,Ascend950PR_957b,True,True,,10,53,,512,,,,56,correctness,,wrapper,20260811,,,PASS,2.10.0.post4.dev20260715,2.10.0+cpu,3.2.0,r10_group_rank_threshold,True,True
9.1.0,random_bias,5,Ascend950PR_957b,True,True,,10,53,,512,,,,56,correctness,,wrapper,20260811,,,PASS,2.10.0.post4.dev20260715,2.10.0+cpu,3.2.0,r11_packed_exact_sort,True,True
9.1.0,random_bias,5,Ascend950PR_957b,True,True,,10,53,,512,,,,56,correctness,,wrapper,20260811,,,PASS,2.10.0.post4.dev20260715,2.10.0+cpu,3.2.0,r12_two_row_tile,True,True
9.1.0,random_bias,5,Ascend950PR_957b,True,True,,10,53,,512,,,,56,correctness,,wrapper,20260811,,,PASS,2.10.0.post4.dev20260715,2.10.0+cpu,3.2.0,r13_fp32_rank_reduce,True,True
9.1.0,random_bias,5,Ascend950PR_957b,True,True,,10,53,,512,,,,56,correctness,,wrapper,20260811,,,PASS,2.10.0.post4.dev20260715,2.10.0+cpu,3.2.0,r14_priority_argmax,True,True
9.1.0,random_bias,5,Ascend950PR_957b,True,True,,10,53,,512,,,,56,correctness,,wrapper,20260811,,,PASS,2.10.0.post4.dev20260715,2.10.0+cpu,3.2.0,r15_unique_top10_fastpath,True,True
9.1.0,random_bias,5,Ascend950PR_957b,True,True,,10,53,,512,,,,56,correctness,,wrapper,20260811,,,PASS,2.10.0.post4.dev20260715,2.10.0+cpu,3.2.0,r16_split_unique_recovery,True,True
9.1.0,random_bias,5,Ascend950PR_957b,True,True,,10,53,,512,,,,56,correctness,,wrapper,20260811,,,PASS,2.10.0.post4.dev20260715,2.10.0+cpu,3.2.0,r17_parallel_priority_argmax,True,True
9.1.0,random_bias,5,Ascend950PR_957b,True,True,,10,53,,512,,,,56,correctness,,wrapper,20260811,,,PASS,2.10.0.post4.dev20260715,2.10.0+cpu,3.2.0,r18_hierarchical_partial_sort,True,True
9.1.0,random_bias,5,Ascend950PR_957b,True,True,,10,53,,512,,,,56,correctness,,wrapper,20260811,,,PASS,2.10.0.post4.dev20260715,2.10.0+cpu,3.2.0,r19_unique_id_sum,True,True
9.1.0,random_bias,5,Ascend950PR_957b,True,True,,10,53,,512,,,,56,correctness,,wrapper,20260811,,,PASS,2.10.0.post4.dev20260715,2.10.0+cpu,3.2.0,r20_iterative_rank1_maxarg,True,True
9.1.0,random_bias,5,Ascend950PR_957b,True,True,,10,54,,512,,,,56,correctness,,wrapper,20260811,,,PASS,2.10.0.post4.dev20260715,2.10.0+cpu,3.2.0,r0_legacy,True,True
9.1.0,random_bias,5,Ascend950PR_957b,True,True,,10,54,,512,,,,56,correctness,,wrapper,20260811,,,PASS,2.10.0.post4.dev20260715,2.10.0+cpu,3.2.0,r1_constexpr,True,True
9.1.0,random_bias,5,Ascend950PR_957b,True,True,,10,54,,512,,,,56,correctness,,wrapper,20260811,,,PASS,2.10.0.post4.dev20260715,2.10.0+cpu,3.2.0,r2_core_partition,True,True
9.1.0,random_bias,5,Ascend950PR_957b,True,True,,10,54,,512,,,,56,correctness,,wrapper,20260811,,,PASS,2.10.0.post4.dev20260715,2.10.0+cpu,3.2.0,r3_sort_tie,True,True
9.1.0,random_bias,5,Ascend950PR_957b,True,True,,10,54,,512,,,,56,correctness,,wrapper,20260811,,,PASS,2.10.0.post4.dev20260715,2.10.0+cpu,3.2.0,r4_bias_hoist,True,True
9.1.0,random_bias,5,Ascend950PR_957b,True,True,,10,54,,512,,,,56,correctness,,wrapper,20260811,,,PASS,2.10.0.post4.dev20260715,2.10.0+cpu,3.2.0,r5_dispatch,True,True
9.1.0,random_bias,5,Ascend950PR_957b,True,True,,10,54,,512,,,,56,correctness,,wrapper,20260811,,,PASS,2.10.0.post4.dev20260715,2.10.0+cpu,3.2.0,r6_empirical_dispatch,True,True
9.1.0,random_bias,5,Ascend950PR_957b,True,True,,10,54,,512,,,,56,correctness,,wrapper,20260811,,,PASS,2.10.0.post4.dev20260715,2.10.0+cpu,3.2.0,r7_vector_tie_recovery,True,True
9.1.0,random_bias,5,Ascend950PR_957b,True,True,,10,54,,512,,,,56,correctness,,wrapper,20260811,,,PASS,2.10.0.post4.dev20260715,2.10.0+cpu,3.2.0,r8_safe_vector_dispatch,True,True
9.1.0,random_bias,5,Ascend950PR_957b,True,True,,10,54,,512,,,,56,correctness,,wrapper,20260811,,,PASS,2.10.0.post4.dev20260715,2.10.0+cpu,3.2.0,r9_pair_tie_recovery,True,True
9.1.0,random_bias,5,Ascend950PR_957b,True,True,,10,54,,512,,,,56,correctness,,wrapper,20260811,,,PASS,2.10.0.post4.dev20260715,2.10.0+cpu,3.2.0,r10_group_rank_threshold,True,True
9.1.0,random_bias,5,Ascend950PR_957b,True,True,,10,54,,512,,,,56,correctness,,wrapper,20260811,,,PASS,2.10.0.post4.dev20260715,2.10.0+cpu,3.2.0,r11_packed_exact_sort,True,True
9.1.0,random_bias,5,Ascend950PR_957b,True,True,,10,54,,512,,,,56,correctness,,wrapper,20260811,,,PASS,2.10.0.post4.dev20260715,2.10.0+cpu,3.2.0,r12_two_row_tile,True,True
9.1.0,random_bias,5,Ascend950PR_957b,True,True,,10,54,,512,,,,56,correctness,,wrapper,20260811,,,PASS,2.10.0.post4.dev20260715,2.10.0+cpu,3.2.0,r13_fp32_rank_reduce,True,True
9.1.0,random_bias,5,Ascend950PR_957b,True,True,,10,54,,512,,,,56,correctness,,wrapper,20260811,,,PASS,2.10.0.post4.dev20260715,2.10.0+cpu,3.2.0,r14_priority_argmax,True,True
9.1.0,random_bias,5,Ascend950PR_957b,True,True,,10,54,,512,,,,56,correctness,,wrapper,20260811,,,PASS,2.10.0.post4.dev20260715,2.10.0+cpu,3.2.0,r15_unique_top10_fastpath,True,True
9.1.0,random_bias,5,Ascend950PR_957b,True,True,,10,54,,512,,,,56,correctness,,wrapper,20260811,,,PASS,2.10.0.post4.dev20260715,2.10.0+cpu,3.2.0,r16_split_unique_recovery,True,True
9.1.0,random_bias,5,Ascend950PR_957b,True,True,,10,54,,512,,,,56,correctness,,wrapper,20260811,,,PASS,2.10.0.post4.dev20260715,2.10.0+cpu,3.2.0,r17_parallel_priority_argmax,True,True
9.1.0,random_bias,5,Ascend950PR_957b,True,True,,10,54,,512,,,,56,correctness,,wrapper,20260811,,,PASS,2.10.0.post4.dev20260715,2.10.0+cpu,3.2.0,r18_hierarchical_partial_sort,True,True
9.1.0,random_bias,5,Ascend950PR_957b,True,True,,10,54,,512,,,,56,correctness,,wrapper,20260811,,,PASS,2.10.0.post4.dev20260715,2.10.0+cpu,3.2.0,r19_unique_id_sum,True,True
9.1.0,random_bias,5,Ascend950PR_957b,True,True,,10,54,,512,,,,56,correctness,,wrapper,20260811,,,PASS,2.10.0.post4.dev20260715,2.10.0+cpu,3.2.0,r20_iterative_rank1_maxarg,True,True
9.1.0,random_bias,5,Ascend950PR_957b,True,True,,10,55,,512,,,,56,correctness,,wrapper,20260811,,,PASS,2.10.0.post4.dev20260715,2.10.0+cpu,3.2.0,r0_legacy,True,True
9.1.0,random_bias,5,Ascend950PR_957b,True,True,,10,55,,512,,,,56,correctness,,wrapper,20260811,,,PASS,2.10.0.post4.dev20260715,2.10.0+cpu,3.2.0,r1_constexpr,True,True
9.1.0,random_bias,5,Ascend950PR_957b,True,True,,10,55,,512,,,,56,correctness,,wrapper,20260811,,,PASS,2.10.0.post4.dev20260715,2.10.0+cpu,3.2.0,r2_core_partition,True,True
9.1.0,random_bias,5,Ascend950PR_957b,True,True,,10,55,,512,,,,56,correctness,,wrapper,20260811,,,PASS,2.10.0.post4.dev20260715,2.10.0+cpu,3.2.0,r3_sort_tie,True,True
9.1.0,random_bias,5,Ascend950PR_957b,True,True,,10,55,,512,,,,56,correctness,,wrapper,20260811,,,PASS,2.10.0.post4.dev20260715,2.10.0+cpu,3.2.0,r4_bias_hoist,True,True
9.1.0,random_bias,5,Ascend950PR_957b,True,True,,10,55,,512,,,,56,correctness,,wrapper,20260811,,,PASS,2.10.0.post4.dev20260715,2.10.0+cpu,3.2.0,r5_dispatch,True,True
9.1.0,random_bias,5,Ascend950PR_957b,True,True,,10,55,,512,,,,56,correctness,,wrapper,20260811,,,PASS,2.10.0.post4.dev20260715,2.10.0+cpu,3.2.0,r6_empirical_dispatch,True,True
9.1.0,random_bias,5,Ascend950PR_957b,True,True,,10,55,,512,,,,56,correctness,,wrapper,20260811,,,PASS,2.10.0.post4.dev20260715,2.10.0+cpu,3.2.0,r7_vector_tie_recovery,True,True
9.1.0,random_bias,5,Ascend950PR_957b,True,True,,10,55,,512,,,,56,correctness,,wrapper,20260811,,,PASS,2.10.0.post4.dev20260715,2.10.0+cpu,3.2.0,r8_safe_vector_dispatch,True,True
9.1.0,random_bias,5,Ascend950PR_957b,True,True,,10,55,,512,,,,56,correctness,,wrapper,20260811,,,PASS,2.10.0.post4.dev20260715,2.10.0+cpu,3.2.0,r9_pair_tie_recovery,True,True
9.1.0,random_bias,5,Ascend950PR_957b,True,True,,10,55,,512,,,,56,correctness,,wrapper,20260811,,,PASS,2.10.0.post4.dev20260715,2.10.0+cpu,3.2.0,r10_group_rank_threshold,True,True
9.1.0,random_bias,5,Ascend950PR_957b,True,True,,10,55,,512,,,,56,correctness,,wrapper,20260811,,,PASS,2.10.0.post4.dev20260715,2.10.0+cpu,3.2.0,r11_packed_exact_sort,True,True
9.1.0,random_bias,5,Ascend950PR_957b,True,True,,10,55,,512,,,,56,correctness,,wrapper,20260811,,,PASS,2.10.0.post4.dev20260715,2.10.0+cpu,3.2.0,r12_two_row_tile,True,True
9.1.0,random_bias,5,Ascend950PR_957b,True,True,,10,55,,512,,,,56,correctness,,wrapper,20260811,,,PASS,2.10.0.post4.dev20260715,2.10.0+cpu,3.2.0,r13_fp32_rank_reduce,True,True
9.1.0,random_bias,5,Ascend950PR_957b,True,True,,10,55,,512,,,,56,correctness,,wrapper,20260811,,,PASS,2.10.0.post4.dev20260715,2.10.0+cpu,3.2.0,r14_priority_argmax,True,True
9.1.0,random_bias,5,Ascend950PR_957b,True,True,,10,55,,512,,,,56,correctness,,wrapper,20260811,,,PASS,2.10.0.post4.dev20260715,2.10.0+cpu,3.2.0,r15_unique_top10_fastpath,True,True
9.1.0,random_bias,5,Ascend950PR_957b,True,True,,10,55,,512,,,,56,correctness,,wrapper,20260811,,,PASS,2.10.0.post4.dev20260715,2.10.0+cpu,3.2.0,r16_split_unique_recovery,True,True
9.1.0,random_bias,5,Ascend950PR_957b,True,True,,10,55,,512,,,,56,correctness,,wrapper,20260811,,,PASS,2.10.0.post4.dev20260715,2.10.0+cpu,3.2.0,r17_parallel_priority_argmax,True,True
9.1.0,random_bias,5,Ascend950PR_957b,True,True,,10,55,,512,,,,56,correctness,,wrapper,20260811,,,PASS,2.10.0.post4.dev20260715,2.10.0+cpu,3.2.0,r18_hierarchical_partial_sort,True,True
9.1.0,random_bias,5,Ascend950PR_957b,True,True,,10,55,,512,,,,56,correctness,,wrapper,20260811,,,PASS,2.10.0.post4.dev20260715,2.10.0+cpu,3.2.0,r19_unique_id_sum,True,True
9.1.0,random_bias,5,Ascend950PR_957b,True,True,,10,55,,512,,,,56,correctness,,wrapper,20260811,,,PASS,2.10.0.post4.dev20260715,2.10.0+cpu,3.2.0,r20_iterative_rank1_maxarg,True,True
9.1.0,random_bias,5,Ascend950PR_957b,True,True,,10,56,,512,,,,56,correctness,,wrapper,20260811,,,PASS,2.10.0.post4.dev20260715,2.10.0+cpu,3.2.0,r0_legacy,True,True
9.1.0,random_bias,5,Ascend950PR_957b,True,True,,10,56,,512,,,,56,correctness,,wrapper,20260811,,,PASS,2.10.0.post4.dev20260715,2.10.0+cpu,3.2.0,r1_constexpr,True,True
9.1.0,random_bias,5,Ascend950PR_957b,True,True,,10,56,,512,,,,56,correctness,,wrapper,20260811,,,PASS,2.10.0.post4.dev20260715,2.10.0+cpu,3.2.0,r2_core_partition,True,True
9.1.0,random_bias,5,Ascend950PR_957b,True,True,,10,56,,512,,,,56,correctness,,wrapper,20260811,,,PASS,2.10.0.post4.dev20260715,2.10.0+cpu,3.2.0,r3_sort_tie,True,True
9.1.0,random_bias,5,Ascend950PR_957b,True,True,,10,56,,512,,,,56,correctness,,wrapper,20260811,,,PASS,2.10.0.post4.dev20260715,2.10.0+cpu,3.2.0,r4_bias_hoist,True,True
9.1.0,random_bias,5,Ascend950PR_957b,True,True,,10,56,,512,,,,56,correctness,,wrapper,20260811,,,PASS,2.10.0.post4.dev20260715,2.10.0+cpu,3.2.0,r5_dispatch,True,True
9.1.0,random_bias,5,Ascend950PR_957b,True,True,,10,56,,512,,,,56,correctness,,wrapper,20260811,,,PASS,2.10.0.post4.dev20260715,2.10.0+cpu,3.2.0,r6_empirical_dispatch,True,True
9.1.0,random_bias,5,Ascend950PR_957b,True,True,,10,56,,512,,,,56,correctness,,wrapper,20260811,,,PASS,2.10.0.post4.dev20260715,2.10.0+cpu,3.2.0,r7_vector_tie_recovery,True,True
9.1.0,random_bias,5,Ascend950PR_957b,True,True,,10,56,,512,,,,56,correctness,,wrapper,20260811,,,PASS,2.10.0.post4.dev20260715,2.10.0+cpu,3.2.0,r8_safe_vector_dispatch,True,True
9.1.0,random_bias,5,Ascend950PR_957b,True,True,,10,56,,512,,,,56,correctness,,wrapper,20260811,,,PASS,2.10.0.post4.dev20260715,2.10.0+cpu,3.2.0,r9_pair_tie_recovery,True,True
9.1.0,random_bias,5,Ascend950PR_957b,True,True,,10,56,,512,,,,56,correctness,,wrapper,20260811,,,PASS,2.10.0.post4.dev20260715,2.10.0+cpu,3.2.0,r10_group_rank_threshold,True,True
9.1.0,random_bias,5,Ascend950PR_957b,True,True,,10,56,,512,,,,56,correctness,,wrapper,20260811,,,PASS,2.10.0.post4.dev20260715,2.10.0+cpu,3.2.0,r11_packed_exact_sort,True,True
9.1.0,random_bias,5,Ascend950PR_957b,True,True,,10,56,,512,,,,56,correctness,,wrapper,20260811,,,PASS,2.10.0.post4.dev20260715,2.10.0+cpu,3.2.0,r12_two_row_tile,True,True
9.1.0,random_bias,5,Ascend950PR_957b,True,True,,10,56,,512,,,,56,correctness,,wrapper,20260811,,,PASS,2.10.0.post4.dev20260715,2.10.0+cpu,3.2.0,r13_fp32_rank_reduce,True,True
9.1.0,random_bias,5,Ascend950PR_957b,True,True,,10,56,,512,,,,56,correctness,,wrapper,20260811,,,PASS,2.10.0.post4.dev20260715,2.10.0+cpu,3.2.0,r14_priority_argmax,True,True
9.1.0,random_bias,5,Ascend950PR_957b,True,True,,10,56,,512,,,,56,correctness,,wrapper,20260811,,,PASS,2.10.0.post4.dev20260715,2.10.0+cpu,3.2.0,r15_unique_top10_fastpath,True,True
9.1.0,random_bias,5,Ascend950PR_957b,True,True,,10,56,,512,,,,56,correctness,,wrapper,20260811,,,PASS,2.10.0.post4.dev20260715,2.10.0+cpu,3.2.0,r16_split_unique_recovery,True,True
9.1.0,random_bias,5,Ascend950PR_957b,True,True,,10,56,,512,,,,56,correctness,,wrapper,20260811,,,PASS,2.10.0.post4.dev20260715,2.10.0+cpu,3.2.0,r17_parallel_priority_argmax,True,True
9.1.0,random_bias,5,Ascend950PR_957b,True,True,,10,56,,512,,,,56,correctness,,wrapper,20260811,,,PASS,2.10.0.post4.dev20260715,2.10.0+cpu,3.2.0,r18_hierarchical_partial_sort,True,True
9.1.0,random_bias,5,Ascend950PR_957b,True,True,,10,56,,512,,,,56,correctness,,wrapper,20260811,,,PASS,2.10.0.post4.dev20260715,2.10.0+cpu,3.2.0,r19_unique_id_sum,True,True
9.1.0,random_bias,5,Ascend950PR_957b,True,True,,10,56,,512,,,,56,correctness,,wrapper,20260811,,,PASS,2.10.0.post4.dev20260715,2.10.0+cpu,3.2.0,r20_iterative_rank1_maxarg,True,True
9.1.0,random_bias,5,Ascend950PR_957b,True,True,,10,57,,512,,,,56,correctness,,wrapper,20260811,,,PASS,2.10.0.post4.dev20260715,2.10.0+cpu,3.2.0,r0_legacy,True,True
9.1.0,random_bias,5,Ascend950PR_957b,True,True,,10,57,,512,,,,56,correctness,,wrapper,20260811,,,PASS,2.10.0.post4.dev20260715,2.10.0+cpu,3.2.0,r1_constexpr,True,True
9.1.0,random_bias,5,Ascend950PR_957b,True,True,,10,57,,512,,,,56,correctness,,wrapper,20260811,,,PASS,2.10.0.post4.dev20260715,2.10.0+cpu,3.2.0,r2_core_partition,True,True
9.1.0,random_bias,5,Ascend950PR_957b,True,True,,10,57,,512,,,,56,correctness,,wrapper,20260811,,,PASS,2.10.0.post4.dev20260715,2.10.0+cpu,3.2.0,r3_sort_tie,True,True
9.1.0,random_bias,5,Ascend950PR_957b,True,True,,10,57,,512,,,,56,correctness,,wrapper,20260811,,,PASS,2.10.0.post4.dev20260715,2.10.0+cpu,3.2.0,r4_bias_hoist,True,True
9.1.0,random_bias,5,Ascend950PR_957b,True,True,,10,57,,512,,,,56,correctness,,wrapper,20260811,,,PASS,2.10.0.post4.dev20260715,2.10.0+cpu,3.2.0,r5_dispatch,True,True
9.1.0,random_bias,5,Ascend950PR_957b,True,True,,10,57,,512,,,,56,correctness,,wrapper,20260811,,,PASS,2.10.0.post4.dev20260715,2.10.0+cpu,3.2.0,r6_empirical_dispatch,True,True
9.1.0,random_bias,5,Ascend950PR_957b,True,True,,10,57,,512,,,,56,correctness,,wrapper,20260811,,,PASS,2.10.0.post4.dev20260715,2.10.0+cpu,3.2.0,r7_vector_tie_recovery,True,True
9.1.0,random_bias,5,Ascend950PR_957b,True,True,,10,57,,512,,,,56,correctness,,wrapper,20260811,,,PASS,2.10.0.post4.dev20260715,2.10.0+cpu,3.2.0,r8_safe_vector_dispatch,True,True
9.1.0,random_bias,5,Ascend950PR_957b,True,True,,10,57,,512,,,,56,correctness,,wrapper,20260811,,,PASS,2.10.0.post4.dev20260715,2.10.0+cpu,3.2.0,r9_pair_tie_recovery,True,True
9.1.0,random_bias,5,Ascend950PR_957b,True,True,,10,57,,512,,,,56,correctness,,wrapper,20260811,,,PASS,2.10.0.post4.dev20260715,2.10.0+cpu,3.2.0,r10_group_rank_threshold,True,True
9.1.0,random_bias,5,Ascend950PR_957b,True,True,,10,57,,512,,,,56,correctness,,wrapper,20260811,,,PASS,2.10.0.post4.dev20260715,2.10.0+cpu,3.2.0,r11_packed_exact_sort,True,True
9.1.0,random_bias,5,Ascend950PR_957b,True,True,,10,57,,512,,,,56,correctness,,wrapper,20260811,,,PASS,2.10.0.post4.dev20260715,2.10.0+cpu,3.2.0,r12_two_row_tile,True,True
9.1.0,random_bias,5,Ascend950PR_957b,True,True,,10,57,,512,,,,56,correctness,,wrapper,20260811,,,PASS,2.10.0.post4.dev20260715,2.10.0+cpu,3.2.0,r13_fp32_rank_reduce,True,True
9.1.0,random_bias,5,Ascend950PR_957b,True,True,,10,57,,512,,,,56,correctness,,wrapper,20260811,,,PASS,2.10.0.post4.dev20260715,2.10.0+cpu,3.2.0,r14_priority_argmax,True,True
9.1.0,random_bias,5,Ascend950PR_957b,True,True,,10,57,,512,,,,56,correctness,,wrapper,20260811,,,PASS,2.10.0.post4.dev20260715,2.10.0+cpu,3.2.0,r15_unique_top10_fastpath,True,True
9.1.0,random_bias,5,Ascend950PR_957b,True,True,,10,57,,512,,,,56,correctness,,wrapper,20260811,,,PASS,2.10.0.post4.dev20260715,2.10.0+cpu,3.2.0,r16_split_unique_recovery,True,True
9.1.0,random_bias,5,Ascend950PR_957b,True,True,,10,57,,512,,,,56,correctness,,wrapper,20260811,,,PASS,2.10.0.post4.dev20260715,2.10.0+cpu,3.2.0,r17_parallel_priority_argmax,True,True
9.1.0,random_bias,5,Ascend950PR_957b,True,True,,10,57,,512,,,,56,correctness,,wrapper,20260811,,,PASS,2.10.0.post4.dev20260715,2.10.0+cpu,3.2.0,r18_hierarchical_partial_sort,True,True
9.1.0,random_bias,5,Ascend950PR_957b,True,True,,10,57,,512,,,,56,correctness,,wrapper,20260811,,,PASS,2.10.0.post4.dev20260715,2.10.0+cpu,3.2.0,r19_unique_id_sum,True,True
9.1.0,random_bias,5,Ascend950PR_957b,True,True,,10,57,,512,,,,56,correctness,,wrapper,20260811,,,PASS,2.10.0.post4.dev20260715,2.10.0+cpu,3.2.0,r20_iterative_rank1_maxarg,True,True
9.1.0,random_bias,5,Ascend950PR_957b,True,True,,10,58,,512,,,,56,correctness,,wrapper,20260811,,,PASS,2.10.0.post4.dev20260715,2.10.0+cpu,3.2.0,r0_legacy,True,True
9.1.0,random_bias,5,Ascend950PR_957b,True,True,,10,58,,512,,,,56,correctness,,wrapper,20260811,,,PASS,2.10.0.post4.dev20260715,2.10.0+cpu,3.2.0,r1_constexpr,True,True
9.1.0,random_bias,5,Ascend950PR_957b,True,True,,10,58,,512,,,,56,correctness,,wrapper,20260811,,,PASS,2.10.0.post4.dev20260715,2.10.0+cpu,3.2.0,r2_core_partition,True,True
9.1.0,random_bias,5,Ascend950PR_957b,True,True,,10,58,,512,,,,56,correctness,,wrapper,20260811,,,PASS,2.10.0.post4.dev20260715,2.10.0+cpu,3.2.0,r3_sort_tie,True,True
9.1.0,random_bias,5,Ascend950PR_957b,True,True,,10,58,,512,,,,56,correctness,,wrapper,20260811,,,PASS,2.10.0.post4.dev20260715,2.10.0+cpu,3.2.0,r4_bias_hoist,True,True
9.1.0,random_bias,5,Ascend950PR_957b,True,True,,10,58,,512,,,,56,correctness,,wrapper,20260811,,,PASS,2.10.0.post4.dev20260715,2.10.0+cpu,3.2.0,r5_dispatch,True,True
9.1.0,random_bias,5,Ascend950PR_957b,True,True,,10,58,,512,,,,56,correctness,,wrapper,20260811,,,PASS,2.10.0.post4.dev20260715,2.10.0+cpu,3.2.0,r6_empirical_dispatch,True,True
9.1.0,random_bias,5,Ascend950PR_957b,True,True,,10,58,,512,,,,56,correctness,,wrapper,20260811,,,PASS,2.10.0.post4.dev20260715,2.10.0+cpu,3.2.0,r7_vector_tie_recovery,True,True
9.1.0,random_bias,5,Ascend950PR_957b,True,True,,10,58,,512,,,,56,correctness,,wrapper,20260811,,,PASS,2.10.0.post4.dev20260715,2.10.0+cpu,3.2.0,r8_safe_vector_dispatch,True,True
9.1.0,random_bias,5,Ascend950PR_957b,True,True,,10,58,,512,,,,56,correctness,,wrapper,20260811,,,PASS,2.10.0.post4.dev20260715,2.10.0+cpu,3.2.0,r9_pair_tie_recovery,True,True
9.1.0,random_bias,5,Ascend950PR_957b,True,True,,10,58,,512,,,,56,correctness,,wrapper,20260811,,,PASS,2.10.0.post4.dev20260715,2.10.0+cpu,3.2.0,r10_group_rank_threshold,True,True
9.1.0,random_bias,5,Ascend950PR_957b,True,True,,10,58,,512,,,,56,correctness,,wrapper,20260811,,,PASS,2.10.0.post4.dev20260715,2.10.0+cpu,3.2.0,r11_packed_exact_sort,True,True
9.1.0,random_bias,5,Ascend950PR_957b,True,True,,10,58,,512,,,,56,correctness,,wrapper,20260811,,,PASS,2.10.0.post4.dev20260715,2.10.0+cpu,3.2.0,r12_two_row_tile,True,True
9.1.0,random_bias,5,Ascend950PR_957b,True,True,,10,58,,512,,,,56,correctness,,wrapper,20260811,,,PASS,2.10.0.post4.dev20260715,2.10.0+cpu,3.2.0,r13_fp32_rank_reduce,True,True
9.1.0,random_bias,5,Ascend950PR_957b,True,True,,10,58,,512,,,,56,correctness,,wrapper,20260811,,,PASS,2.10.0.post4.dev20260715,2.10.0+cpu,3.2.0,r14_priority_argmax,True,True
9.1.0,random_bias,5,Ascend950PR_957b,True,True,,10,58,,512,,,,56,correctness,,wrapper,20260811,,,PASS,2.10.0.post4.dev20260715,2.10.0+cpu,3.2.0,r15_unique_top10_fastpath,True,True
9.1.0,random_bias,5,Ascend950PR_957b,True,True,,10,58,,512,,,,56,correctness,,wrapper,20260811,,,PASS,2.10.0.post4.dev20260715,2.10.0+cpu,3.2.0,r16_split_unique_recovery,True,True
9.1.0,random_bias,5,Ascend950PR_957b,True,True,,10,58,,512,,,,56,correctness,,wrapper,20260811,,,PASS,2.10.0.post4.dev20260715,2.10.0+cpu,3.2.0,r17_parallel_priority_argmax,True,True
9.1.0,random_bias,5,Ascend950PR_957b,True,True,,10,58,,512,,,,56,correctness,,wrapper,20260811,,,PASS,2.10.0.post4.dev20260715,2.10.0+cpu,3.2.0,r18_hierarchical_partial_sort,True,True
9.1.0,random_bias,5,Ascend950PR_957b,True,True,,10,58,,512,,,,56,correctness,,wrapper,20260811,,,PASS,2.10.0.post4.dev20260715,2.10.0+cpu,3.2.0,r19_unique_id_sum,True,True
9.1.0,random_bias,5,Ascend950PR_957b,True,True,,10,58,,512,,,,56,correctness,,wrapper,20260811,,,PASS,2.10.0.post4.dev20260715,2.10.0+cpu,3.2.0,r20_iterative_rank1_maxarg,True,True
9.1.0,random_bias,5,Ascend950PR_957b,True,True,,10,59,,512,,,,56,correctness,,wrapper,20260811,,,PASS,2.10.0.post4.dev20260715,2.10.0+cpu,3.2.0,r0_legacy,True,True
9.1.0,random_bias,5,Ascend950PR_957b,True,True,,10,59,,512,,,,56,correctness,,wrapper,20260811,,,PASS,2.10.0.post4.dev20260715,2.10.0+cpu,3.2.0,r1_constexpr,True,True
9.1.0,random_bias,5,Ascend950PR_957b,True,True,,10,59,,512,,,,56,correctness,,wrapper,20260811,,,PASS,2.10.0.post4.dev20260715,2.10.0+cpu,3.2.0,r2_core_partition,True,True
9.1.0,random_bias,5,Ascend950PR_957b,True,True,,10,59,,512,,,,56,correctness,,wrapper,20260811,,,PASS,2.10.0.post4.dev20260715,2.10.0+cpu,3.2.0,r3_sort_tie,True,True
9.1.0,random_bias,5,Ascend950PR_957b,True,True,,10,59,,512,,,,56,correctness,,wrapper,20260811,,,PASS,2.10.0.post4.dev20260715,2.10.0+cpu,3.2.0,r4_bias_hoist,True,True
9.1.0,random_bias,5,Ascend950PR_957b,True,True,,10,59,,512,,,,56,correctness,,wrapper,20260811,,,PASS,2.10.0.post4.dev20260715,2.10.0+cpu,3.2.0,r5_dispatch,True,True
9.1.0,random_bias,5,Ascend950PR_957b,True,True,,10,59,,512,,,,56,correctness,,wrapper,20260811,,,PASS,2.10.0.post4.dev20260715,2.10.0+cpu,3.2.0,r6_empirical_dispatch,True,True
9.1.0,random_bias,5,Ascend950PR_957b,True,True,,10,59,,512,,,,56,correctness,,wrapper,20260811,,,PASS,2.10.0.post4.dev20260715,2.10.0+cpu,3.2.0,r7_vector_tie_recovery,True,True
9.1.0,random_bias,5,Ascend950PR_957b,True,True,,10,59,,512,,,,56,correctness,,wrapper,20260811,,,PASS,2.10.0.post4.dev20260715,2.10.0+cpu,3.2.0,r8_safe_vector_dispatch,True,True
9.1.0,random_bias,5,Ascend950PR_957b,True,True,,10,59,,512,,,,56,correctness,,wrapper,20260811,,,PASS,2.10.0.post4.dev20260715,2.10.0+cpu,3.2.0,r9_pair_tie_recovery,True,True
9.1.0,random_bias,5,Ascend950PR_957b,True,True,,10,59,,512,,,,56,correctness,,wrapper,20260811,,,PASS,2.10.0.post4.dev20260715,2.10.0+cpu,3.2.0,r10_group_rank_threshold,True,True
9.1.0,random_bias,5,Ascend950PR_957b,True,True,,10,59,,512,,,,56,correctness,,wrapper,20260811,,,PASS,2.10.0.post4.dev20260715,2.10.0+cpu,3.2.0,r11_packed_exact_sort,True,True
9.1.0,random_bias,5,Ascend950PR_957b,True,True,,10,59,,512,,,,56,correctness,,wrapper,20260811,,,PASS,2.10.0.post4.dev20260715,2.10.0+cpu,3.2.0,r12_two_row_tile,True,True
9.1.0,random_bias,5,Ascend950PR_957b,True,True,,10,59,,512,,,,56,correctness,,wrapper,20260811,,,PASS,2.10.0.post4.dev20260715,2.10.0+cpu,3.2.0,r13_fp32_rank_reduce,True,True
9.1.0,random_bias,5,Ascend950PR_957b,True,True,,10,59,,512,,,,56,correctness,,wrapper,20260811,,,PASS,2.10.0.post4.dev20260715,2.10.0+cpu,3.2.0,r14_priority_argmax,True,True
9.1.0,random_bias,5,Ascend950PR_957b,True,True,,10,59,,512,,,,56,correctness,,wrapper,20260811,,,PASS,2.10.0.post4.dev20260715,2.10.0+cpu,3.2.0,r15_unique_top10_fastpath,True,True
9.1.0,random_bias,5,Ascend950PR_957b,True,True,,10,59,,512,,,,56,correctness,,wrapper,20260811,,,PASS,2.10.0.post4.dev20260715,2.10.0+cpu,3.2.0,r16_split_unique_recovery,True,True
9.1.0,random_bias,5,Ascend950PR_957b,True,True,,10,59,,512,,,,56,correctness,,wrapper,20260811,,,PASS,2.10.0.post4.dev20260715,2.10.0+cpu,3.2.0,r17_parallel_priority_argmax,True,True
9.1.0,random_bias,5,Ascend950PR_957b,True,True,,10,59,,512,,,,56,correctness,,wrapper,20260811,,,PASS,2.10.0.post4.dev20260715,2.10.0+cpu,3.2.0,r18_hierarchical_partial_sort,True,True
9.1.0,random_bias,5,Ascend950PR_957b,True,True,,10,59,,512,,,,56,correctness,,wrapper,20260811,,,PASS,2.10.0.post4.dev20260715,2.10.0+cpu,3.2.0,r19_unique_id_sum,True,True
9.1.0,random_bias,5,Ascend950PR_957b,True,True,,10,59,,512,,,,56,correctness,,wrapper,20260811,,,PASS,2.10.0.post4.dev20260715,2.10.0+cpu,3.2.0,r20_iterative_rank1_maxarg,True,True
9.1.0,random_bias,5,Ascend950PR_957b,True,True,,10,60,,512,,,,56,correctness,,wrapper,20260811,,,PASS,2.10.0.post4.dev20260715,2.10.0+cpu,3.2.0,r0_legacy,True,True
9.1.0,random_bias,5,Ascend950PR_957b,True,True,,10,60,,512,,,,56,correctness,,wrapper,20260811,,,PASS,2.10.0.post4.dev20260715,2.10.0+cpu,3.2.0,r1_constexpr,True,True
9.1.0,random_bias,5,Ascend950PR_957b,True,True,,10,60,,512,,,,56,correctness,,wrapper,20260811,,,PASS,2.10.0.post4.dev20260715,2.10.0+cpu,3.2.0,r2_core_partition,True,True
9.1.0,random_bias,5,Ascend950PR_957b,True,True,,10,60,,512,,,,56,correctness,,wrapper,20260811,,,PASS,2.10.0.post4.dev20260715,2.10.0+cpu,3.2.0,r3_sort_tie,True,True
9.1.0,random_bias,5,Ascend950PR_957b,True,True,,10,60,,512,,,,56,correctness,,wrapper,20260811,,,PASS,2.10.0.post4.dev20260715,2.10.0+cpu,3.2.0,r4_bias_hoist,True,True
9.1.0,random_bias,5,Ascend950PR_957b,True,True,,10,60,,512,,,,56,correctness,,wrapper,20260811,,,PASS,2.10.0.post4.dev20260715,2.10.0+cpu,3.2.0,r5_dispatch,True,True
9.1.0,random_bias,5,Ascend950PR_957b,True,True,,10,60,,512,,,,56,correctness,,wrapper,20260811,,,PASS,2.10.0.post4.dev20260715,2.10.0+cpu,3.2.0,r6_empirical_dispatch,True,True
9.1.0,random_bias,5,Ascend950PR_957b,True,True,,10,60,,512,,,,56,correctness,,wrapper,20260811,,,PASS,2.10.0.post4.dev20260715,2.10.0+cpu,3.2.0,r7_vector_tie_recovery,True,True
9.1.0,random_bias,5,Ascend950PR_957b,True,True,,10,60,,512,,,,56,correctness,,wrapper,20260811,,,PASS,2.10.0.post4.dev20260715,2.10.0+cpu,3.2.0,r8_safe_vector_dispatch,True,True
9.1.0,random_bias,5,Ascend950PR_957b,True,True,,10,60,,512,,,,56,correctness,,wrapper,20260811,,,PASS,2.10.0.post4.dev20260715,2.10.0+cpu,3.2.0,r9_pair_tie_recovery,True,True
9.1.0,random_bias,5,Ascend950PR_957b,True,True,,10,60,,512,,,,56,correctness,,wrapper,20260811,,,PASS,2.10.0.post4.dev20260715,2.10.0+cpu,3.2.0,r10_group_rank_threshold,True,True
9.1.0,random_bias,5,Ascend950PR_957b,True,True,,10,60,,512,,,,56,correctness,,wrapper,20260811,,,PASS,2.10.0.post4.dev20260715,2.10.0+cpu,3.2.0,r11_packed_exact_sort,True,True
9.1.0,random_bias,5,Ascend950PR_957b,True,True,,10,60,,512,,,,56,correctness,,wrapper,20260811,,,PASS,2.10.0.post4.dev20260715,2.10.0+cpu,3.2.0,r12_two_row_tile,True,True
9.1.0,random_bias,5,Ascend950PR_957b,True,True,,10,60,,512,,,,56,correctness,,wrapper,20260811,,,PASS,2.10.0.post4.dev20260715,2.10.0+cpu,3.2.0,r13_fp32_rank_reduce,True,True
9.1.0,random_bias,5,Ascend950PR_957b,True,True,,10,60,,512,,,,56,correctness,,wrapper,20260811,,,PASS,2.10.0.post4.dev20260715,2.10.0+cpu,3.2.0,r14_priority_argmax,True,True
9.1.0,random_bias,5,Ascend950PR_957b,True,True,,10,60,,512,,,,56,correctness,,wrapper,20260811,,,PASS,2.10.0.post4.dev20260715,2.10.0+cpu,3.2.0,r15_unique_top10_fastpath,True,True
9.1.0,random_bias,5,Ascend950PR_957b,True,True,,10,60,,512,,,,56,correctness,,wrapper,20260811,,,PASS,2.10.0.post4.dev20260715,2.10.0+cpu,3.2.0,r16_split_unique_recovery,True,True
9.1.0,random_bias,5,Ascend950PR_957b,True,True,,10,60,,512,,,,56,correctness,,wrapper,20260811,,,PASS,2.10.0.post4.dev20260715,2.10.0+cpu,3.2.0,r17_parallel_priority_argmax,True,True
9.1.0,random_bias,5,Ascend950PR_957b,True,True,,10,60,,512,,,,56,correctness,,wrapper,20260811,,,PASS,2.10.0.post4.dev20260715,2.10.0+cpu,3.2.0,r18_hierarchical_partial_sort,True,True
9.1.0,random_bias,5,Ascend950PR_957b,True,True,,10,60,,512,,,,56,correctness,,wrapper,20260811,,,PASS,2.10.0.post4.dev20260715,2.10.0+cpu,3.2.0,r19_unique_id_sum,True,True
9.1.0,random_bias,5,Ascend950PR_957b,True,True,,10,60,,512,,,,56,correctness,,wrapper,20260811,,,PASS,2.10.0.post4.dev20260715,2.10.0+cpu,3.2.0,r20_iterative_rank1_maxarg,True,True
9.1.0,random_bias,5,Ascend950PR_957b,True,True,,10,61,,512,,,,56,correctness,,wrapper,20260811,,,PASS,2.10.0.post4.dev20260715,2.10.0+cpu,3.2.0,r0_legacy,True,True
9.1.0,random_bias,5,Ascend950PR_957b,True,True,,10,61,,512,,,,56,correctness,,wrapper,20260811,,,PASS,2.10.0.post4.dev20260715,2.10.0+cpu,3.2.0,r1_constexpr,True,True
9.1.0,random_bias,5,Ascend950PR_957b,True,True,,10,61,,512,,,,56,correctness,,wrapper,20260811,,,PASS,2.10.0.post4.dev20260715,2.10.0+cpu,3.2.0,r2_core_partition,True,True
9.1.0,random_bias,5,Ascend950PR_957b,True,True,,10,61,,512,,,,56,correctness,,wrapper,20260811,,,PASS,2.10.0.post4.dev20260715,2.10.0+cpu,3.2.0,r3_sort_tie,True,True
9.1.0,random_bias,5,Ascend950PR_957b,True,True,,10,61,,512,,,,56,correctness,,wrapper,20260811,,,PASS,2.10.0.post4.dev20260715,2.10.0+cpu,3.2.0,r4_bias_hoist,True,True
9.1.0,random_bias,5,Ascend950PR_957b,True,True,,10,61,,512,,,,56,correctness,,wrapper,20260811,,,PASS,2.10.0.post4.dev20260715,2.10.0+cpu,3.2.0,r5_dispatch,True,True
9.1.0,random_bias,5,Ascend950PR_957b,True,True,,10,61,,512,,,,56,correctness,,wrapper,20260811,,,PASS,2.10.0.post4.dev20260715,2.10.0+cpu,3.2.0,r6_empirical_dispatch,True,True
9.1.0,random_bias,5,Ascend950PR_957b,True,True,,10,61,,512,,,,56,correctness,,wrapper,20260811,,,PASS,2.10.0.post4.dev20260715,2.10.0+cpu,3.2.0,r7_vector_tie_recovery,True,True
9.1.0,random_bias,5,Ascend950PR_957b,True,True,,10,61,,512,,,,56,correctness,,wrapper,20260811,,,PASS,2.10.0.post4.dev20260715,2.10.0+cpu,3.2.0,r8_safe_vector_dispatch,True,True
9.1.0,random_bias,5,Ascend950PR_957b,True,True,,10,61,,512,,,,56,correctness,,wrapper,20260811,,,PASS,2.10.0.post4.dev20260715,2.10.0+cpu,3.2.0,r9_pair_tie_recovery,True,True
9.1.0,random_bias,5,Ascend950PR_957b,True,True,,10,61,,512,,,,56,correctness,,wrapper,20260811,,,PASS,2.10.0.post4.dev20260715,2.10.0+cpu,3.2.0,r10_group_rank_threshold,True,True
9.1.0,random_bias,5,Ascend950PR_957b,True,True,,10,61,,512,,,,56,correctness,,wrapper,20260811,,,PASS,2.10.0.post4.dev20260715,2.10.0+cpu,3.2.0,r11_packed_exact_sort,True,True
9.1.0,random_bias,5,Ascend950PR_957b,True,True,,10,61,,512,,,,56,correctness,,wrapper,20260811,,,PASS,2.10.0.post4.dev20260715,2.10.0+cpu,3.2.0,r12_two_row_tile,True,True
9.1.0,random_bias,5,Ascend950PR_957b,True,True,,10,61,,512,,,,56,correctness,,wrapper,20260811,,,PASS,2.10.0.post4.dev20260715,2.10.0+cpu,3.2.0,r13_fp32_rank_reduce,True,True
9.1.0,random_bias,5,Ascend950PR_957b,True,True,,10,61,,512,,,,56,correctness,,wrapper,20260811,,,PASS,2.10.0.post4.dev20260715,2.10.0+cpu,3.2.0,r14_priority_argmax,True,True
9.1.0,random_bias,5,Ascend950PR_957b,True,True,,10,61,,512,,,,56,correctness,,wrapper,20260811,,,PASS,2.10.0.post4.dev20260715,2.10.0+cpu,3.2.0,r15_unique_top10_fastpath,True,True
9.1.0,random_bias,5,Ascend950PR_957b,True,True,,10,61,,512,,,,56,correctness,,wrapper,20260811,,,PASS,2.10.0.post4.dev20260715,2.10.0+cpu,3.2.0,r16_split_unique_recovery,True,True
9.1.0,random_bias,5,Ascend950PR_957b,True,True,,10,61,,512,,,,56,correctness,,wrapper,20260811,,,PASS,2.10.0.post4.dev20260715,2.10.0+cpu,3.2.0,r17_parallel_priority_argmax,True,True
9.1.0,random_bias,5,Ascend950PR_957b,True,True,,10,61,,512,,,,56,correctness,,wrapper,20260811,,,PASS,2.10.0.post4.dev20260715,2.10.0+cpu,3.2.0,r18_hierarchical_partial_sort,True,True
9.1.0,random_bias,5,Ascend950PR_957b,True,True,,10,61,,512,,,,56,correctness,,wrapper,20260811,,,PASS,2.10.0.post4.dev20260715,2.10.0+cpu,3.2.0,r19_unique_id_sum,True,True
9.1.0,random_bias,5,Ascend950PR_957b,True,True,,10,61,,512,,,,56,correctness,,wrapper,20260811,,,PASS,2.10.0.post4.dev20260715,2.10.0+cpu,3.2.0,r20_iterative_rank1_maxarg,True,True
9.1.0,random_bias,5,Ascend950PR_957b,True,True,,10,62,,512,,,,56,correctness,,wrapper,20260811,,,PASS,2.10.0.post4.dev20260715,2.10.0+cpu,3.2.0,r0_legacy,True,True
9.1.0,random_bias,5,Ascend950PR_957b,True,True,,10,62,,512,,,,56,correctness,,wrapper,20260811,,,PASS,2.10.0.post4.dev20260715,2.10.0+cpu,3.2.0,r1_constexpr,True,True
9.1.0,random_bias,5,Ascend950PR_957b,True,True,,10,62,,512,,,,56,correctness,,wrapper,20260811,,,PASS,2.10.0.post4.dev20260715,2.10.0+cpu,3.2.0,r2_core_partition,True,True
9.1.0,random_bias,5,Ascend950PR_957b,True,True,,10,62,,512,,,,56,correctness,,wrapper,20260811,,,PASS,2.10.0.post4.dev20260715,2.10.0+cpu,3.2.0,r3_sort_tie,True,True
9.1.0,random_bias,5,Ascend950PR_957b,True,True,,10,62,,512,,,,56,correctness,,wrapper,20260811,,,PASS,2.10.0.post4.dev20260715,2.10.0+cpu,3.2.0,r4_bias_hoist,True,True
9.1.0,random_bias,5,Ascend950PR_957b,True,True,,10,62,,512,,,,56,correctness,,wrapper,20260811,,,PASS,2.10.0.post4.dev20260715,2.10.0+cpu,3.2.0,r5_dispatch,True,True
9.1.0,random_bias,5,Ascend950PR_957b,True,True,,10,62,,512,,,,56,correctness,,wrapper,20260811,,,PASS,2.10.0.post4.dev20260715,2.10.0+cpu,3.2.0,r6_empirical_dispatch,True,True
9.1.0,random_bias,5,Ascend950PR_957b,True,True,,10,62,,512,,,,56,correctness,,wrapper,20260811,,,PASS,2.10.0.post4.dev20260715,2.10.0+cpu,3.2.0,r7_vector_tie_recovery,True,True
9.1.0,random_bias,5,Ascend950PR_957b,True,True,,10,62,,512,,,,56,correctness,,wrapper,20260811,,,PASS,2.10.0.post4.dev20260715,2.10.0+cpu,3.2.0,r8_safe_vector_dispatch,True,True
9.1.0,random_bias,5,Ascend950PR_957b,True,True,,10,62,,512,,,,56,correctness,,wrapper,20260811,,,PASS,2.10.0.post4.dev20260715,2.10.0+cpu,3.2.0,r9_pair_tie_recovery,True,True
9.1.0,random_bias,5,Ascend950PR_957b,True,True,,10,62,,512,,,,56,correctness,,wrapper,20260811,,,PASS,2.10.0.post4.dev20260715,2.10.0+cpu,3.2.0,r10_group_rank_threshold,True,True
9.1.0,random_bias,5,Ascend950PR_957b,True,True,,10,62,,512,,,,56,correctness,,wrapper,20260811,,,PASS,2.10.0.post4.dev20260715,2.10.0+cpu,3.2.0,r11_packed_exact_sort,True,True
9.1.0,random_bias,5,Ascend950PR_957b,True,True,,10,62,,512,,,,56,correctness,,wrapper,20260811,,,PASS,2.10.0.post4.dev20260715,2.10.0+cpu,3.2.0,r12_two_row_tile,True,True
9.1.0,random_bias,5,Ascend950PR_957b,True,True,,10,62,,512,,,,56,correctness,,wrapper,20260811,,,PASS,2.10.0.post4.dev20260715,2.10.0+cpu,3.2.0,r13_fp32_rank_reduce,True,True
9.1.0,random_bias,5,Ascend950PR_957b,True,True,,10,62,,512,,,,56,correctness,,wrapper,20260811,,,PASS,2.10.0.post4.dev20260715,2.10.0+cpu,3.2.0,r14_priority_argmax,True,True
9.1.0,random_bias,5,Ascend950PR_957b,True,True,,10,62,,512,,,,56,correctness,,wrapper,20260811,,,PASS,2.10.0.post4.dev20260715,2.10.0+cpu,3.2.0,r15_unique_top10_fastpath,True,True
9.1.0,random_bias,5,Ascend950PR_957b,True,True,,10,62,,512,,,,56,correctness,,wrapper,20260811,,,PASS,2.10.0.post4.dev20260715,2.10.0+cpu,3.2.0,r16_split_unique_recovery,True,True
9.1.0,random_bias,5,Ascend950PR_957b,True,True,,10,62,,512,,,,56,correctness,,wrapper,20260811,,,PASS,2.10.0.post4.dev20260715,2.10.0+cpu,3.2.0,r17_parallel_priority_argmax,True,True
9.1.0,random_bias,5,Ascend950PR_957b,True,True,,10,62,,512,,,,56,correctness,,wrapper,20260811,,,PASS,2.10.0.post4.dev20260715,2.10.0+cpu,3.2.0,r18_hierarchical_partial_sort,True,True
9.1.0,random_bias,5,Ascend950PR_957b,True,True,,10,62,,512,,,,56,correctness,,wrapper,20260811,,,PASS,2.10.0.post4.dev20260715,2.10.0+cpu,3.2.0,r19_unique_id_sum,True,True
9.1.0,random_bias,5,Ascend950PR_957b,True,True,,10,62,,512,,,,56,correctness,,wrapper,20260811,,,PASS,2.10.0.post4.dev20260715,2.10.0+cpu,3.2.0,r20_iterative_rank1_maxarg,True,True
9.1.0,random_bias,5,Ascend950PR_957b,True,True,,10,63,,512,,,,56,correctness,,wrapper,20260811,,,PASS,2.10.0.post4.dev20260715,2.10.0+cpu,3.2.0,r0_legacy,True,True
9.1.0,random_bias,5,Ascend950PR_957b,True,True,,10,63,,512,,,,56,correctness,,wrapper,20260811,,,PASS,2.10.0.post4.dev20260715,2.10.0+cpu,3.2.0,r1_constexpr,True,True
9.1.0,random_bias,5,Ascend950PR_957b,True,True,,10,63,,512,,,,56,correctness,,wrapper,20260811,,,PASS,2.10.0.post4.dev20260715,2.10.0+cpu,3.2.0,r2_core_partition,True,True
9.1.0,random_bias,5,Ascend950PR_957b,True,True,,10,63,,512,,,,56,correctness,,wrapper,20260811,,,PASS,2.10.0.post4.dev20260715,2.10.0+cpu,3.2.0,r3_sort_tie,True,True
9.1.0,random_bias,5,Ascend950PR_957b,True,True,,10,63,,512,,,,56,correctness,,wrapper,20260811,,,PASS,2.10.0.post4.dev20260715,2.10.0+cpu,3.2.0,r4_bias_hoist,True,True
9.1.0,random_bias,5,Ascend950PR_957b,True,True,,10,63,,512,,,,56,correctness,,wrapper,20260811,,,PASS,2.10.0.post4.dev20260715,2.10.0+cpu,3.2.0,r5_dispatch,True,True
9.1.0,random_bias,5,Ascend950PR_957b,True,True,,10,63,,512,,,,56,correctness,,wrapper,20260811,,,PASS,2.10.0.post4.dev20260715,2.10.0+cpu,3.2.0,r6_empirical_dispatch,True,True
9.1.0,random_bias,5,Ascend950PR_957b,True,True,,10,63,,512,,,,56,correctness,,wrapper,20260811,,,PASS,2.10.0.post4.dev20260715,2.10.0+cpu,3.2.0,r7_vector_tie_recovery,True,True
9.1.0,random_bias,5,Ascend950PR_957b,True,True,,10,63,,512,,,,56,correctness,,wrapper,20260811,,,PASS,2.10.0.post4.dev20260715,2.10.0+cpu,3.2.0,r8_safe_vector_dispatch,True,True
9.1.0,random_bias,5,Ascend950PR_957b,True,True,,10,63,,512,,,,56,correctness,,wrapper,20260811,,,PASS,2.10.0.post4.dev20260715,2.10.0+cpu,3.2.0,r9_pair_tie_recovery,True,True
9.1.0,random_bias,5,Ascend950PR_957b,True,True,,10,63,,512,,,,56,correctness,,wrapper,20260811,,,PASS,2.10.0.post4.dev20260715,2.10.0+cpu,3.2.0,r10_group_rank_threshold,True,True
9.1.0,random_bias,5,Ascend950PR_957b,True,True,,10,63,,512,,,,56,correctness,,wrapper,20260811,,,PASS,2.10.0.post4.dev20260715,2.10.0+cpu,3.2.0,r11_packed_exact_sort,True,True
9.1.0,random_bias,5,Ascend950PR_957b,True,True,,10,63,,512,,,,56,correctness,,wrapper,20260811,,,PASS,2.10.0.post4.dev20260715,2.10.0+cpu,3.2.0,r12_two_row_tile,True,True
9.1.0,random_bias,5,Ascend950PR_957b,True,True,,10,63,,512,,,,56,correctness,,wrapper,20260811,,,PASS,2.10.0.post4.dev20260715,2.10.0+cpu,3.2.0,r13_fp32_rank_reduce,True,True
9.1.0,random_bias,5,Ascend950PR_957b,True,True,,10,63,,512,,,,56,correctness,,wrapper,20260811,,,PASS,2.10.0.post4.dev20260715,2.10.0+cpu,3.2.0,r14_priority_argmax,True,True
9.1.0,random_bias,5,Ascend950PR_957b,True,True,,10,63,,512,,,,56,correctness,,wrapper,20260811,,,PASS,2.10.0.post4.dev20260715,2.10.0+cpu,3.2.0,r15_unique_top10_fastpath,True,True
9.1.0,random_bias,5,Ascend950PR_957b,True,True,,10,63,,512,,,,56,correctness,,wrapper,20260811,,,PASS,2.10.0.post4.dev20260715,2.10.0+cpu,3.2.0,r16_split_unique_recovery,True,True
9.1.0,random_bias,5,Ascend950PR_957b,True,True,,10,63,,512,,,,56,correctness,,wrapper,20260811,,,PASS,2.10.0.post4.dev20260715,2.10.0+cpu,3.2.0,r17_parallel_priority_argmax,True,True
9.1.0,random_bias,5,Ascend950PR_957b,True,True,,10,63,,512,,,,56,correctness,,wrapper,20260811,,,PASS,2.10.0.post4.dev20260715,2.10.0+cpu,3.2.0,r18_hierarchical_partial_sort,True,True
9.1.0,random_bias,5,Ascend950PR_957b,True,True,,10,63,,512,,,,56,correctness,,wrapper,20260811,,,PASS,2.10.0.post4.dev20260715,2.10.0+cpu,3.2.0,r19_unique_id_sum,True,True
9.1.0,random_bias,5,Ascend950PR_957b,True,True,,10,63,,512,,,,56,correctness,,wrapper,20260811,,,PASS,2.10.0.post4.dev20260715,2.10.0+cpu,3.2.0,r20_iterative_rank1_maxarg,True,True
9.1.0,random_bias,5,Ascend950PR_957b,True,True,,10,64,,512,,,,56,correctness,,wrapper,20260811,,,PASS,2.10.0.post4.dev20260715,2.10.0+cpu,3.2.0,r0_legacy,True,True
9.1.0,random_bias,5,Ascend950PR_957b,True,True,,10,64,,512,,,,56,correctness,,wrapper,20260811,,,PASS,2.10.0.post4.dev20260715,2.10.0+cpu,3.2.0,r1_constexpr,True,True
9.1.0,random_bias,5,Ascend950PR_957b,True,True,,10,64,,512,,,,56,correctness,,wrapper,20260811,,,PASS,2.10.0.post4.dev20260715,2.10.0+cpu,3.2.0,r2_core_partition,True,True
9.1.0,random_bias,5,Ascend950PR_957b,True,True,,10,64,,512,,,,56,correctness,,wrapper,20260811,,,PASS,2.10.0.post4.dev20260715,2.10.0+cpu,3.2.0,r3_sort_tie,True,True
9.1.0,random_bias,5,Ascend950PR_957b,True,True,,10,64,,512,,,,56,correctness,,wrapper,20260811,,,PASS,2.10.0.post4.dev20260715,2.10.0+cpu,3.2.0,r4_bias_hoist,True,True
9.1.0,random_bias,5,Ascend950PR_957b,True,True,,10,64,,512,,,,56,correctness,,wrapper,20260811,,,PASS,2.10.0.post4.dev20260715,2.10.0+cpu,3.2.0,r5_dispatch,True,True
9.1.0,random_bias,5,Ascend950PR_957b,True,True,,10,64,,512,,,,56,correctness,,wrapper,20260811,,,PASS,2.10.0.post4.dev20260715,2.10.0+cpu,3.2.0,r6_empirical_dispatch,True,True
9.1.0,random_bias,5,Ascend950PR_957b,True,True,,10,64,,512,,,,56,correctness,,wrapper,20260811,,,PASS,2.10.0.post4.dev20260715,2.10.0+cpu,3.2.0,r7_vector_tie_recovery,True,True
9.1.0,random_bias,5,Ascend950PR_957b,True,True,,10,64,,512,,,,56,correctness,,wrapper,20260811,,,PASS,2.10.0.post4.dev20260715,2.10.0+cpu,3.2.0,r8_safe_vector_dispatch,True,True
9.1.0,random_bias,5,Ascend950PR_957b,True,True,,10,64,,512,,,,56,correctness,,wrapper,20260811,,,PASS,2.10.0.post4.dev20260715,2.10.0+cpu,3.2.0,r9_pair_tie_recovery,True,True
9.1.0,random_bias,5,Ascend950PR_957b,True,True,,10,64,,512,,,,56,correctness,,wrapper,20260811,,,PASS,2.10.0.post4.dev20260715,2.10.0+cpu,3.2.0,r10_group_rank_threshold,True,True
9.1.0,random_bias,5,Ascend950PR_957b,True,True,,10,64,,512,,,,56,correctness,,wrapper,20260811,,,PASS,2.10.0.post4.dev20260715,2.10.0+cpu,3.2.0,r11_packed_exact_sort,True,True
9.1.0,random_bias,5,Ascend950PR_957b,True,True,,10,64,,512,,,,56,correctness,,wrapper,20260811,,,PASS,2.10.0.post4.dev20260715,2.10.0+cpu,3.2.0,r12_two_row_tile,True,True
9.1.0,random_bias,5,Ascend950PR_957b,True,True,,10,64,,512,,,,56,correctness,,wrapper,20260811,,,PASS,2.10.0.post4.dev20260715,2.10.0+cpu,3.2.0,r13_fp32_rank_reduce,True,True
9.1.0,random_bias,5,Ascend950PR_957b,True,True,,10,64,,512,,,,56,correctness,,wrapper,20260811,,,PASS,2.10.0.post4.dev20260715,2.10.0+cpu,3.2.0,r14_priority_argmax,True,True
9.1.0,random_bias,5,Ascend950PR_957b,True,True,,10,64,,512,,,,56,correctness,,wrapper,20260811,,,PASS,2.10.0.post4.dev20260715,2.10.0+cpu,3.2.0,r15_unique_top10_fastpath,True,True
9.1.0,random_bias,5,Ascend950PR_957b,True,True,,10,64,,512,,,,56,correctness,,wrapper,20260811,,,PASS,2.10.0.post4.dev20260715,2.10.0+cpu,3.2.0,r16_split_unique_recovery,True,True
9.1.0,random_bias,5,Ascend950PR_957b,True,True,,10,64,,512,,,,56,correctness,,wrapper,20260811,,,PASS,2.10.0.post4.dev20260715,2.10.0+cpu,3.2.0,r17_parallel_priority_argmax,True,True
9.1.0,random_bias,5,Ascend950PR_957b,True,True,,10,64,,512,,,,56,correctness,,wrapper,20260811,,,PASS,2.10.0.post4.dev20260715,2.10.0+cpu,3.2.0,r18_hierarchical_partial_sort,True,True
9.1.0,random_bias,5,Ascend950PR_957b,True,True,,10,64,,512,,,,56,correctness,,wrapper,20260811,,,PASS,2.10.0.post4.dev20260715,2.10.0+cpu,3.2.0,r19_unique_id_sum,True,True
9.1.0,random_bias,5,Ascend950PR_957b,True,True,,10,64,,512,,,,56,correctness,,wrapper,20260811,,,PASS,2.10.0.post4.dev20260715,2.10.0+cpu,3.2.0,r20_iterative_rank1_maxarg,True,True
9.1.0,random_bias,5,Ascend950PR_957b,True,True,,10,65,,512,,,,56,correctness,,wrapper,20260811,,,PASS,2.10.0.post4.dev20260715,2.10.0+cpu,3.2.0,r0_legacy,True,True
9.1.0,random_bias,5,Ascend950PR_957b,True,True,,10,65,,512,,,,56,correctness,,wrapper,20260811,,,PASS,2.10.0.post4.dev20260715,2.10.0+cpu,3.2.0,r1_constexpr,True,True
9.1.0,random_bias,5,Ascend950PR_957b,True,True,,10,65,,512,,,,56,correctness,,wrapper,20260811,,,PASS,2.10.0.post4.dev20260715,2.10.0+cpu,3.2.0,r2_core_partition,True,True
9.1.0,random_bias,5,Ascend950PR_957b,True,True,,10,65,,512,,,,56,correctness,,wrapper,20260811,,,PASS,2.10.0.post4.dev20260715,2.10.0+cpu,3.2.0,r3_sort_tie,True,True
9.1.0,random_bias,5,Ascend950PR_957b,True,True,,10,65,,512,,,,56,correctness,,wrapper,20260811,,,PASS,2.10.0.post4.dev20260715,2.10.0+cpu,3.2.0,r4_bias_hoist,True,True
9.1.0,random_bias,5,Ascend950PR_957b,True,True,,10,65,,512,,,,56,correctness,,wrapper,20260811,,,PASS,2.10.0.post4.dev20260715,2.10.0+cpu,3.2.0,r5_dispatch,True,True
9.1.0,random_bias,5,Ascend950PR_957b,True,True,,10,65,,512,,,,56,correctness,,wrapper,20260811,,,PASS,2.10.0.post4.dev20260715,2.10.0+cpu,3.2.0,r6_empirical_dispatch,True,True
9.1.0,random_bias,5,Ascend950PR_957b,True,True,,10,65,,512,,,,56,correctness,,wrapper,20260811,,,PASS,2.10.0.post4.dev20260715,2.10.0+cpu,3.2.0,r7_vector_tie_recovery,True,True
9.1.0,random_bias,5,Ascend950PR_957b,True,True,,10,65,,512,,,,56,correctness,,wrapper,20260811,,,PASS,2.10.0.post4.dev20260715,2.10.0+cpu,3.2.0,r8_safe_vector_dispatch,True,True
9.1.0,random_bias,5,Ascend950PR_957b,True,True,,10,65,,512,,,,56,correctness,,wrapper,20260811,,,PASS,2.10.0.post4.dev20260715,2.10.0+cpu,3.2.0,r9_pair_tie_recovery,True,True
9.1.0,random_bias,5,Ascend950PR_957b,True,True,,10,65,,512,,,,56,correctness,,wrapper,20260811,,,PASS,2.10.0.post4.dev20260715,2.10.0+cpu,3.2.0,r10_group_rank_threshold,True,True
9.1.0,random_bias,5,Ascend950PR_957b,True,True,,10,65,,512,,,,56,correctness,,wrapper,20260811,,,PASS,2.10.0.post4.dev20260715,2.10.0+cpu,3.2.0,r11_packed_exact_sort,True,True
9.1.0,random_bias,5,Ascend950PR_957b,True,True,,10,65,,512,,,,56,correctness,,wrapper,20260811,,,PASS,2.10.0.post4.dev20260715,2.10.0+cpu,3.2.0,r12_two_row_tile,True,True
9.1.0,random_bias,5,Ascend950PR_957b,True,True,,10,65,,512,,,,56,correctness,,wrapper,20260811,,,PASS,2.10.0.post4.dev20260715,2.10.0+cpu,3.2.0,r13_fp32_rank_reduce,True,True
9.1.0,random_bias,5,Ascend950PR_957b,True,True,,10,65,,512,,,,56,correctness,,wrapper,20260811,,,PASS,2.10.0.post4.dev20260715,2.10.0+cpu,3.2.0,r14_priority_argmax,True,True
9.1.0,random_bias,5,Ascend950PR_957b,True,True,,10,65,,512,,,,56,correctness,,wrapper,20260811,,,PASS,2.10.0.post4.dev20260715,2.10.0+cpu,3.2.0,r15_unique_top10_fastpath,True,True
9.1.0,random_bias,5,Ascend950PR_957b,True,True,,10,65,,512,,,,56,correctness,,wrapper,20260811,,,PASS,2.10.0.post4.dev20260715,2.10.0+cpu,3.2.0,r16_split_unique_recovery,True,True
9.1.0,random_bias,5,Ascend950PR_957b,True,True,,10,65,,512,,,,56,correctness,,wrapper,20260811,,,PASS,2.10.0.post4.dev20260715,2.10.0+cpu,3.2.0,r17_parallel_priority_argmax,True,True
9.1.0,random_bias,5,Ascend950PR_957b,True,True,,10,65,,512,,,,56,correctness,,wrapper,20260811,,,PASS,2.10.0.post4.dev20260715,2.10.0+cpu,3.2.0,r18_hierarchical_partial_sort,True,True
9.1.0,random_bias,5,Ascend950PR_957b,True,True,,10,65,,512,,,,56,correctness,,wrapper,20260811,,,PASS,2.10.0.post4.dev20260715,2.10.0+cpu,3.2.0,r19_unique_id_sum,True,True
9.1.0,random_bias,5,Ascend950PR_957b,True,True,,10,65,,512,,,,56,correctness,,wrapper,20260811,,,PASS,2.10.0.post4.dev20260715,2.10.0+cpu,3.2.0,r20_iterative_rank1_maxarg,True,True
9.1.0,random_bias,5,Ascend950PR_957b,True,True,,10,127,,512,,,,56,correctness,,wrapper,20260811,,,PASS,2.10.0.post4.dev20260715,2.10.0+cpu,3.2.0,r0_legacy,True,True
9.1.0,random_bias,5,Ascend950PR_957b,True,True,,10,127,,512,,,,56,correctness,,wrapper,20260811,,,PASS,2.10.0.post4.dev20260715,2.10.0+cpu,3.2.0,r1_constexpr,True,True
9.1.0,random_bias,5,Ascend950PR_957b,True,True,,10,127,,512,,,,56,correctness,,wrapper,20260811,,,PASS,2.10.0.post4.dev20260715,2.10.0+cpu,3.2.0,r2_core_partition,True,True
9.1.0,random_bias,5,Ascend950PR_957b,True,True,,10,127,,512,,,,56,correctness,,wrapper,20260811,,,PASS,2.10.0.post4.dev20260715,2.10.0+cpu,3.2.0,r3_sort_tie,True,True
9.1.0,random_bias,5,Ascend950PR_957b,True,True,,10,127,,512,,,,56,correctness,,wrapper,20260811,,,PASS,2.10.0.post4.dev20260715,2.10.0+cpu,3.2.0,r4_bias_hoist,True,True
9.1.0,random_bias,5,Ascend950PR_957b,True,True,,10,127,,512,,,,56,correctness,,wrapper,20260811,,,PASS,2.10.0.post4.dev20260715,2.10.0+cpu,3.2.0,r5_dispatch,True,True
9.1.0,random_bias,5,Ascend950PR_957b,True,True,,10,127,,512,,,,56,correctness,,wrapper,20260811,,,PASS,2.10.0.post4.dev20260715,2.10.0+cpu,3.2.0,r6_empirical_dispatch,True,True
9.1.0,random_bias,5,Ascend950PR_957b,True,True,,10,127,,512,,,,56,correctness,,wrapper,20260811,,,PASS,2.10.0.post4.dev20260715,2.10.0+cpu,3.2.0,r7_vector_tie_recovery,True,True
9.1.0,random_bias,5,Ascend950PR_957b,True,True,,10,127,,512,,,,56,correctness,,wrapper,20260811,,,PASS,2.10.0.post4.dev20260715,2.10.0+cpu,3.2.0,r8_safe_vector_dispatch,True,True
9.1.0,random_bias,5,Ascend950PR_957b,True,True,,10,127,,512,,,,56,correctness,,wrapper,20260811,,,PASS,2.10.0.post4.dev20260715,2.10.0+cpu,3.2.0,r9_pair_tie_recovery,True,True
9.1.0,random_bias,5,Ascend950PR_957b,True,True,,10,127,,512,,,,56,correctness,,wrapper,20260811,,,PASS,2.10.0.post4.dev20260715,2.10.0+cpu,3.2.0,r10_group_rank_threshold,True,True
9.1.0,random_bias,5,Ascend950PR_957b,True,True,,10,127,,512,,,,56,correctness,,wrapper,20260811,,,PASS,2.10.0.post4.dev20260715,2.10.0+cpu,3.2.0,r11_packed_exact_sort,True,True
9.1.0,random_bias,5,Ascend950PR_957b,True,True,,10,127,,512,,,,56,correctness,,wrapper,20260811,,,PASS,2.10.0.post4.dev20260715,2.10.0+cpu,3.2.0,r12_two_row_tile,True,True
9.1.0,random_bias,5,Ascend950PR_957b,True,True,,10,127,,512,,,,56,correctness,,wrapper,20260811,,,PASS,2.10.0.post4.dev20260715,2.10.0+cpu,3.2.0,r13_fp32_rank_reduce,True,True
9.1.0,random_bias,5,Ascend950PR_957b,True,True,,10,127,,512,,,,56,correctness,,wrapper,20260811,,,PASS,2.10.0.post4.dev20260715,2.10.0+cpu,3.2.0,r14_priority_argmax,True,True
9.1.0,random_bias,5,Ascend950PR_957b,True,True,,10,127,,512,,,,56,correctness,,wrapper,20260811,,,PASS,2.10.0.post4.dev20260715,2.10.0+cpu,3.2.0,r15_unique_top10_fastpath,True,True
9.1.0,random_bias,5,Ascend950PR_957b,True,True,,10,127,,512,,,,56,correctness,,wrapper,20260811,,,PASS,2.10.0.post4.dev20260715,2.10.0+cpu,3.2.0,r16_split_unique_recovery,True,True
9.1.0,random_bias,5,Ascend950PR_957b,True,True,,10,127,,512,,,,56,correctness,,wrapper,20260811,,,PASS,2.10.0.post4.dev20260715,2.10.0+cpu,3.2.0,r17_parallel_priority_argmax,True,True
9.1.0,random_bias,5,Ascend950PR_957b,True,True,,10,127,,512,,,,56,correctness,,wrapper,20260811,,,PASS,2.10.0.post4.dev20260715,2.10.0+cpu,3.2.0,r18_hierarchical_partial_sort,True,True
9.1.0,random_bias,5,Ascend950PR_957b,True,True,,10,127,,512,,,,56,correctness,,wrapper,20260811,,,PASS,2.10.0.post4.dev20260715,2.10.0+cpu,3.2.0,r19_unique_id_sum,True,True
9.1.0,random_bias,5,Ascend950PR_957b,True,True,,10,127,,512,,,,56,correctness,,wrapper,20260811,,,PASS,2.10.0.post4.dev20260715,2.10.0+cpu,3.2.0,r20_iterative_rank1_maxarg,True,True
9.1.0,random_bias,5,Ascend950PR_957b,True,True,,10,128,,512,,,,56,correctness,,wrapper,20260811,,,PASS,2.10.0.post4.dev20260715,2.10.0+cpu,3.2.0,r0_legacy,True,True
9.1.0,random_bias,5,Ascend950PR_957b,True,True,,10,128,,512,,,,56,correctness,,wrapper,20260811,,,PASS,2.10.0.post4.dev20260715,2.10.0+cpu,3.2.0,r1_constexpr,True,True
9.1.0,random_bias,5,Ascend950PR_957b,True,True,,10,128,,512,,,,56,correctness,,wrapper,20260811,,,PASS,2.10.0.post4.dev20260715,2.10.0+cpu,3.2.0,r2_core_partition,True,True
9.1.0,random_bias,5,Ascend950PR_957b,True,True,,10,128,,512,,,,56,correctness,,wrapper,20260811,,,PASS,2.10.0.post4.dev20260715,2.10.0+cpu,3.2.0,r3_sort_tie,True,True
9.1.0,random_bias,5,Ascend950PR_957b,True,True,,10,128,,512,,,,56,correctness,,wrapper,20260811,,,PASS,2.10.0.post4.dev20260715,2.10.0+cpu,3.2.0,r4_bias_hoist,True,True
9.1.0,random_bias,5,Ascend950PR_957b,True,True,,10,128,,512,,,,56,correctness,,wrapper,20260811,,,PASS,2.10.0.post4.dev20260715,2.10.0+cpu,3.2.0,r5_dispatch,True,True
9.1.0,random_bias,5,Ascend950PR_957b,True,True,,10,128,,512,,,,56,correctness,,wrapper,20260811,,,PASS,2.10.0.post4.dev20260715,2.10.0+cpu,3.2.0,r6_empirical_dispatch,True,True
9.1.0,random_bias,5,Ascend950PR_957b,True,True,,10,128,,512,,,,56,correctness,,wrapper,20260811,,,PASS,2.10.0.post4.dev20260715,2.10.0+cpu,3.2.0,r7_vector_tie_recovery,True,True
9.1.0,random_bias,5,Ascend950PR_957b,True,True,,10,128,,512,,,,56,correctness,,wrapper,20260811,,,PASS,2.10.0.post4.dev20260715,2.10.0+cpu,3.2.0,r8_safe_vector_dispatch,True,True
9.1.0,random_bias,5,Ascend950PR_957b,True,True,,10,128,,512,,,,56,correctness,,wrapper,20260811,,,PASS,2.10.0.post4.dev20260715,2.10.0+cpu,3.2.0,r9_pair_tie_recovery,True,True
9.1.0,random_bias,5,Ascend950PR_957b,True,True,,10,128,,512,,,,56,correctness,,wrapper,20260811,,,PASS,2.10.0.post4.dev20260715,2.10.0+cpu,3.2.0,r10_group_rank_threshold,True,True
9.1.0,random_bias,5,Ascend950PR_957b,True,True,,10,128,,512,,,,56,correctness,,wrapper,20260811,,,PASS,2.10.0.post4.dev20260715,2.10.0+cpu,3.2.0,r11_packed_exact_sort,True,True
9.1.0,random_bias,5,Ascend950PR_957b,True,True,,10,128,,512,,,,56,correctness,,wrapper,20260811,,,PASS,2.10.0.post4.dev20260715,2.10.0+cpu,3.2.0,r12_two_row_tile,True,True
9.1.0,random_bias,5,Ascend950PR_957b,True,True,,10,128,,512,,,,56,correctness,,wrapper,20260811,,,PASS,2.10.0.post4.dev20260715,2.10.0+cpu,3.2.0,r13_fp32_rank_reduce,True,True
9.1.0,random_bias,5,Ascend950PR_957b,True,True,,10,128,,512,,,,56,correctness,,wrapper,20260811,,,PASS,2.10.0.post4.dev20260715,2.10.0+cpu,3.2.0,r14_priority_argmax,True,True
9.1.0,random_bias,5,Ascend950PR_957b,True,True,,10,128,,512,,,,56,correctness,,wrapper,20260811,,,PASS,2.10.0.post4.dev20260715,2.10.0+cpu,3.2.0,r15_unique_top10_fastpath,True,True
9.1.0,random_bias,5,Ascend950PR_957b,True,True,,10,128,,512,,,,56,correctness,,wrapper,20260811,,,PASS,2.10.0.post4.dev20260715,2.10.0+cpu,3.2.0,r16_split_unique_recovery,True,True
9.1.0,random_bias,5,Ascend950PR_957b,True,True,,10,128,,512,,,,56,correctness,,wrapper,20260811,,,PASS,2.10.0.post4.dev20260715,2.10.0+cpu,3.2.0,r17_parallel_priority_argmax,True,True
9.1.0,random_bias,5,Ascend950PR_957b,True,True,,10,128,,512,,,,56,correctness,,wrapper,20260811,,,PASS,2.10.0.post4.dev20260715,2.10.0+cpu,3.2.0,r18_hierarchical_partial_sort,True,True
9.1.0,random_bias,5,Ascend950PR_957b,True,True,,10,128,,512,,,,56,correctness,,wrapper,20260811,,,PASS,2.10.0.post4.dev20260715,2.10.0+cpu,3.2.0,r19_unique_id_sum,True,True
9.1.0,random_bias,5,Ascend950PR_957b,True,True,,10,128,,512,,,,56,correctness,,wrapper,20260811,,,PASS,2.10.0.post4.dev20260715,2.10.0+cpu,3.2.0,r20_iterative_rank1_maxarg,True,True
9.1.0,random_bias,5,Ascend950PR_957b,True,True,,10,129,,512,,,,56,correctness,,wrapper,20260811,,,PASS,2.10.0.post4.dev20260715,2.10.0+cpu,3.2.0,r0_legacy,True,True
9.1.0,random_bias,5,Ascend950PR_957b,True,True,,10,129,,512,,,,56,correctness,,wrapper,20260811,,,PASS,2.10.0.post4.dev20260715,2.10.0+cpu,3.2.0,r1_constexpr,True,True
9.1.0,random_bias,5,Ascend950PR_957b,True,True,,10,129,,512,,,,56,correctness,,wrapper,20260811,,,PASS,2.10.0.post4.dev20260715,2.10.0+cpu,3.2.0,r2_core_partition,True,True
9.1.0,random_bias,5,Ascend950PR_957b,True,True,,10,129,,512,,,,56,correctness,,wrapper,20260811,,,PASS,2.10.0.post4.dev20260715,2.10.0+cpu,3.2.0,r3_sort_tie,True,True
9.1.0,random_bias,5,Ascend950PR_957b,True,True,,10,129,,512,,,,56,correctness,,wrapper,20260811,,,PASS,2.10.0.post4.dev20260715,2.10.0+cpu,3.2.0,r4_bias_hoist,True,True
9.1.0,random_bias,5,Ascend950PR_957b,True,True,,10,129,,512,,,,56,correctness,,wrapper,20260811,,,PASS,2.10.0.post4.dev20260715,2.10.0+cpu,3.2.0,r5_dispatch,True,True
9.1.0,random_bias,5,Ascend950PR_957b,True,True,,10,129,,512,,,,56,correctness,,wrapper,20260811,,,PASS,2.10.0.post4.dev20260715,2.10.0+cpu,3.2.0,r6_empirical_dispatch,True,True
9.1.0,random_bias,5,Ascend950PR_957b,True,True,,10,129,,512,,,,56,correctness,,wrapper,20260811,,,PASS,2.10.0.post4.dev20260715,2.10.0+cpu,3.2.0,r7_vector_tie_recovery,True,True
9.1.0,random_bias,5,Ascend950PR_957b,True,True,,10,129,,512,,,,56,correctness,,wrapper,20260811,,,PASS,2.10.0.post4.dev20260715,2.10.0+cpu,3.2.0,r8_safe_vector_dispatch,True,True
9.1.0,random_bias,5,Ascend950PR_957b,True,True,,10,129,,512,,,,56,correctness,,wrapper,20260811,,,PASS,2.10.0.post4.dev20260715,2.10.0+cpu,3.2.0,r9_pair_tie_recovery,True,True
9.1.0,random_bias,5,Ascend950PR_957b,True,True,,10,129,,512,,,,56,correctness,,wrapper,20260811,,,PASS,2.10.0.post4.dev20260715,2.10.0+cpu,3.2.0,r10_group_rank_threshold,True,True
9.1.0,random_bias,5,Ascend950PR_957b,True,True,,10,129,,512,,,,56,correctness,,wrapper,20260811,,,PASS,2.10.0.post4.dev20260715,2.10.0+cpu,3.2.0,r11_packed_exact_sort,True,True
9.1.0,random_bias,5,Ascend950PR_957b,True,True,,10,129,,512,,,,56,correctness,,wrapper,20260811,,,PASS,2.10.0.post4.dev20260715,2.10.0+cpu,3.2.0,r12_two_row_tile,True,True
9.1.0,random_bias,5,Ascend950PR_957b,True,True,,10,129,,512,,,,56,correctness,,wrapper,20260811,,,PASS,2.10.0.post4.dev20260715,2.10.0+cpu,3.2.0,r13_fp32_rank_reduce,True,True
9.1.0,random_bias,5,Ascend950PR_957b,True,True,,10,129,,512,,,,56,correctness,,wrapper,20260811,,,PASS,2.10.0.post4.dev20260715,2.10.0+cpu,3.2.0,r14_priority_argmax,True,True
9.1.0,random_bias,5,Ascend950PR_957b,True,True,,10,129,,512,,,,56,correctness,,wrapper,20260811,,,PASS,2.10.0.post4.dev20260715,2.10.0+cpu,3.2.0,r15_unique_top10_fastpath,True,True
9.1.0,random_bias,5,Ascend950PR_957b,True,True,,10,129,,512,,,,56,correctness,,wrapper,20260811,,,PASS,2.10.0.post4.dev20260715,2.10.0+cpu,3.2.0,r16_split_unique_recovery,True,True
9.1.0,random_bias,5,Ascend950PR_957b,True,True,,10,129,,512,,,,56,correctness,,wrapper,20260811,,,PASS,2.10.0.post4.dev20260715,2.10.0+cpu,3.2.0,r17_parallel_priority_argmax,True,True
9.1.0,random_bias,5,Ascend950PR_957b,True,True,,10,129,,512,,,,56,correctness,,wrapper,20260811,,,PASS,2.10.0.post4.dev20260715,2.10.0+cpu,3.2.0,r18_hierarchical_partial_sort,True,True
9.1.0,random_bias,5,Ascend950PR_957b,True,True,,10,129,,512,,,,56,correctness,,wrapper,20260811,,,PASS,2.10.0.post4.dev20260715,2.10.0+cpu,3.2.0,r19_unique_id_sum,True,True
9.1.0,random_bias,5,Ascend950PR_957b,True,True,,10,129,,512,,,,56,correctness,,wrapper,20260811,,,PASS,2.10.0.post4.dev20260715,2.10.0+cpu,3.2.0,r20_iterative_rank1_maxarg,True,True
9.1.0,random_bias,5,Ascend950PR_957b,True,True,,10,256,,512,,,,56,correctness,,wrapper,20260811,,,PASS,2.10.0.post4.dev20260715,2.10.0+cpu,3.2.0,r0_legacy,True,True
9.1.0,random_bias,5,Ascend950PR_957b,True,True,,10,256,,512,,,,56,correctness,,wrapper,20260811,,,PASS,2.10.0.post4.dev20260715,2.10.0+cpu,3.2.0,r1_constexpr,True,True
9.1.0,random_bias,5,Ascend950PR_957b,True,True,,10,256,,512,,,,56,correctness,,wrapper,20260811,,,PASS,2.10.0.post4.dev20260715,2.10.0+cpu,3.2.0,r2_core_partition,True,True
9.1.0,random_bias,5,Ascend950PR_957b,True,True,,10,256,,512,,,,56,correctness,,wrapper,20260811,,,PASS,2.10.0.post4.dev20260715,2.10.0+cpu,3.2.0,r3_sort_tie,True,True
9.1.0,random_bias,5,Ascend950PR_957b,True,True,,10,256,,512,,,,56,correctness,,wrapper,20260811,,,PASS,2.10.0.post4.dev20260715,2.10.0+cpu,3.2.0,r4_bias_hoist,True,True
9.1.0,random_bias,5,Ascend950PR_957b,True,True,,10,256,,512,,,,56,correctness,,wrapper,20260811,,,PASS,2.10.0.post4.dev20260715,2.10.0+cpu,3.2.0,r5_dispatch,True,True
9.1.0,random_bias,5,Ascend950PR_957b,True,True,,10,256,,512,,,,56,correctness,,wrapper,20260811,,,PASS,2.10.0.post4.dev20260715,2.10.0+cpu,3.2.0,r6_empirical_dispatch,True,True
9.1.0,random_bias,5,Ascend950PR_957b,True,True,,10,256,,512,,,,56,correctness,,wrapper,20260811,,,PASS,2.10.0.post4.dev20260715,2.10.0+cpu,3.2.0,r7_vector_tie_recovery,True,True
9.1.0,random_bias,5,Ascend950PR_957b,True,True,,10,256,,512,,,,56,correctness,,wrapper,20260811,,,PASS,2.10.0.post4.dev20260715,2.10.0+cpu,3.2.0,r8_safe_vector_dispatch,True,True
9.1.0,random_bias,5,Ascend950PR_957b,True,True,,10,256,,512,,,,56,correctness,,wrapper,20260811,,,PASS,2.10.0.post4.dev20260715,2.10.0+cpu,3.2.0,r9_pair_tie_recovery,True,True
9.1.0,random_bias,5,Ascend950PR_957b,True,True,,10,256,,512,,,,56,correctness,,wrapper,20260811,,,PASS,2.10.0.post4.dev20260715,2.10.0+cpu,3.2.0,r10_group_rank_threshold,True,True
9.1.0,random_bias,5,Ascend950PR_957b,True,True,,10,256,,512,,,,56,correctness,,wrapper,20260811,,,PASS,2.10.0.post4.dev20260715,2.10.0+cpu,3.2.0,r11_packed_exact_sort,True,True
9.1.0,random_bias,5,Ascend950PR_957b,True,True,,10,256,,512,,,,56,correctness,,wrapper,20260811,,,PASS,2.10.0.post4.dev20260715,2.10.0+cpu,3.2.0,r12_two_row_tile,True,True
9.1.0,random_bias,5,Ascend950PR_957b,True,True,,10,256,,512,,,,56,correctness,,wrapper,20260811,,,PASS,2.10.0.post4.dev20260715,2.10.0+cpu,3.2.0,r13_fp32_rank_reduce,True,True
9.1.0,random_bias,5,Ascend950PR_957b,True,True,,10,256,,512,,,,56,correctness,,wrapper,20260811,,,PASS,2.10.0.post4.dev20260715,2.10.0+cpu,3.2.0,r14_priority_argmax,True,True
9.1.0,random_bias,5,Ascend950PR_957b,True,True,,10,256,,512,,,,56,correctness,,wrapper,20260811,,,PASS,2.10.0.post4.dev20260715,2.10.0+cpu,3.2.0,r15_unique_top10_fastpath,True,True
9.1.0,random_bias,5,Ascend950PR_957b,True,True,,10,256,,512,,,,56,correctness,,wrapper,20260811,,,PASS,2.10.0.post4.dev20260715,2.10.0+cpu,3.2.0,r16_split_unique_recovery,True,True
9.1.0,random_bias,5,Ascend950PR_957b,True,True,,10,256,,512,,,,56,correctness,,wrapper,20260811,,,PASS,2.10.0.post4.dev20260715,2.10.0+cpu,3.2.0,r17_parallel_priority_argmax,True,True
9.1.0,random_bias,5,Ascend950PR_957b,True,True,,10,256,,512,,,,56,correctness,,wrapper,20260811,,,PASS,2.10.0.post4.dev20260715,2.10.0+cpu,3.2.0,r18_hierarchical_partial_sort,True,True
9.1.0,random_bias,5,Ascend950PR_957b,True,True,,10,256,,512,,,,56,correctness,,wrapper,20260811,,,PASS,2.10.0.post4.dev20260715,2.10.0+cpu,3.2.0,r19_unique_id_sum,True,True
9.1.0,random_bias,5,Ascend950PR_957b,True,True,,10,256,,512,,,,56,correctness,,wrapper,20260811,,,PASS,2.10.0.post4.dev20260715,2.10.0+cpu,3.2.0,r20_iterative_rank1_maxarg,True,True
9.1.0,random_bias,5,Ascend950PR_957b,True,True,,10,257,,512,,,,56,correctness,,wrapper,20260811,,,PASS,2.10.0.post4.dev20260715,2.10.0+cpu,3.2.0,r0_legacy,True,True
9.1.0,random_bias,5,Ascend950PR_957b,True,True,,10,257,,512,,,,56,correctness,,wrapper,20260811,,,PASS,2.10.0.post4.dev20260715,2.10.0+cpu,3.2.0,r1_constexpr,True,True
9.1.0,random_bias,5,Ascend950PR_957b,True,True,,10,257,,512,,,,56,correctness,,wrapper,20260811,,,PASS,2.10.0.post4.dev20260715,2.10.0+cpu,3.2.0,r2_core_partition,True,True
9.1.0,random_bias,5,Ascend950PR_957b,True,True,,10,257,,512,,,,56,correctness,,wrapper,20260811,,,PASS,2.10.0.post4.dev20260715,2.10.0+cpu,3.2.0,r3_sort_tie,True,True
9.1.0,random_bias,5,Ascend950PR_957b,True,True,,10,257,,512,,,,56,correctness,,wrapper,20260811,,,PASS,2.10.0.post4.dev20260715,2.10.0+cpu,3.2.0,r4_bias_hoist,True,True
9.1.0,random_bias,5,Ascend950PR_957b,True,True,,10,257,,512,,,,56,correctness,,wrapper,20260811,,,PASS,2.10.0.post4.dev20260715,2.10.0+cpu,3.2.0,r5_dispatch,True,True
9.1.0,random_bias,5,Ascend950PR_957b,True,True,,10,257,,512,,,,56,correctness,,wrapper,20260811,,,PASS,2.10.0.post4.dev20260715,2.10.0+cpu,3.2.0,r6_empirical_dispatch,True,True
9.1.0,random_bias,5,Ascend950PR_957b,True,True,,10,257,,512,,,,56,correctness,,wrapper,20260811,,,PASS,2.10.0.post4.dev20260715,2.10.0+cpu,3.2.0,r7_vector_tie_recovery,True,True
9.1.0,random_bias,5,Ascend950PR_957b,True,True,,10,257,,512,,,,56,correctness,,wrapper,20260811,,,PASS,2.10.0.post4.dev20260715,2.10.0+cpu,3.2.0,r8_safe_vector_dispatch,True,True
9.1.0,random_bias,5,Ascend950PR_957b,True,True,,10,257,,512,,,,56,correctness,,wrapper,20260811,,,PASS,2.10.0.post4.dev20260715,2.10.0+cpu,3.2.0,r9_pair_tie_recovery,True,True
9.1.0,random_bias,5,Ascend950PR_957b,True,True,,10,257,,512,,,,56,correctness,,wrapper,20260811,,,PASS,2.10.0.post4.dev20260715,2.10.0+cpu,3.2.0,r10_group_rank_threshold,True,True
9.1.0,random_bias,5,Ascend950PR_957b,True,True,,10,257,,512,,,,56,correctness,,wrapper,20260811,,,PASS,2.10.0.post4.dev20260715,2.10.0+cpu,3.2.0,r11_packed_exact_sort,True,True
9.1.0,random_bias,5,Ascend950PR_957b,True,True,,10,257,,512,,,,56,correctness,,wrapper,20260811,,,PASS,2.10.0.post4.dev20260715,2.10.0+cpu,3.2.0,r12_two_row_tile,True,True
9.1.0,random_bias,5,Ascend950PR_957b,True,True,,10,257,,512,,,,56,correctness,,wrapper,20260811,,,PASS,2.10.0.post4.dev20260715,2.10.0+cpu,3.2.0,r13_fp32_rank_reduce,True,True
9.1.0,random_bias,5,Ascend950PR_957b,True,True,,10,257,,512,,,,56,correctness,,wrapper,20260811,,,PASS,2.10.0.post4.dev20260715,2.10.0+cpu,3.2.0,r14_priority_argmax,True,True
9.1.0,random_bias,5,Ascend950PR_957b,True,True,,10,257,,512,,,,56,correctness,,wrapper,20260811,,,PASS,2.10.0.post4.dev20260715,2.10.0+cpu,3.2.0,r15_unique_top10_fastpath,True,True
9.1.0,random_bias,5,Ascend950PR_957b,True,True,,10,257,,512,,,,56,correctness,,wrapper,20260811,,,PASS,2.10.0.post4.dev20260715,2.10.0+cpu,3.2.0,r16_split_unique_recovery,True,True
9.1.0,random_bias,5,Ascend950PR_957b,True,True,,10,257,,512,,,,56,correctness,,wrapper,20260811,,,PASS,2.10.0.post4.dev20260715,2.10.0+cpu,3.2.0,r17_parallel_priority_argmax,True,True
9.1.0,random_bias,5,Ascend950PR_957b,True,True,,10,257,,512,,,,56,correctness,,wrapper,20260811,,,PASS,2.10.0.post4.dev20260715,2.10.0+cpu,3.2.0,r18_hierarchical_partial_sort,True,True
9.1.0,random_bias,5,Ascend950PR_957b,True,True,,10,257,,512,,,,56,correctness,,wrapper,20260811,,,PASS,2.10.0.post4.dev20260715,2.10.0+cpu,3.2.0,r19_unique_id_sum,True,True
9.1.0,random_bias,5,Ascend950PR_957b,True,True,,10,257,,512,,,,56,correctness,,wrapper,20260811,,,PASS,2.10.0.post4.dev20260715,2.10.0+cpu,3.2.0,r20_iterative_rank1_maxarg,True,True
9.1.0,random_bias,5,Ascend950PR_957b,True,True,,10,384,,512,,,,56,correctness,,wrapper,20260811,,,PASS,2.10.0.post4.dev20260715,2.10.0+cpu,3.2.0,r0_legacy,True,True
9.1.0,random_bias,5,Ascend950PR_957b,True,True,,10,384,,512,,,,56,correctness,,wrapper,20260811,,,PASS,2.10.0.post4.dev20260715,2.10.0+cpu,3.2.0,r1_constexpr,True,True
9.1.0,random_bias,5,Ascend950PR_957b,True,True,,10,384,,512,,,,56,correctness,,wrapper,20260811,,,PASS,2.10.0.post4.dev20260715,2.10.0+cpu,3.2.0,r2_core_partition,True,True
9.1.0,random_bias,5,Ascend950PR_957b,True,True,,10,384,,512,,,,56,correctness,,wrapper,20260811,,,PASS,2.10.0.post4.dev20260715,2.10.0+cpu,3.2.0,r3_sort_tie,True,True
9.1.0,random_bias,5,Ascend950PR_957b,True,True,,10,384,,512,,,,56,correctness,,wrapper,20260811,,,PASS,2.10.0.post4.dev20260715,2.10.0+cpu,3.2.0,r4_bias_hoist,True,True
9.1.0,random_bias,5,Ascend950PR_957b,True,True,,10,384,,512,,,,56,correctness,,wrapper,20260811,,,PASS,2.10.0.post4.dev20260715,2.10.0+cpu,3.2.0,r5_dispatch,True,True
9.1.0,random_bias,5,Ascend950PR_957b,True,True,,10,384,,512,,,,56,correctness,,wrapper,20260811,,,PASS,2.10.0.post4.dev20260715,2.10.0+cpu,3.2.0,r6_empirical_dispatch,True,True
9.1.0,random_bias,5,Ascend950PR_957b,True,True,,10,384,,512,,,,56,correctness,,wrapper,20260811,,,PASS,2.10.0.post4.dev20260715,2.10.0+cpu,3.2.0,r7_vector_tie_recovery,True,True
9.1.0,random_bias,5,Ascend950PR_957b,True,True,,10,384,,512,,,,56,correctness,,wrapper,20260811,,,PASS,2.10.0.post4.dev20260715,2.10.0+cpu,3.2.0,r8_safe_vector_dispatch,True,True
9.1.0,random_bias,5,Ascend950PR_957b,True,True,,10,384,,512,,,,56,correctness,,wrapper,20260811,,,PASS,2.10.0.post4.dev20260715,2.10.0+cpu,3.2.0,r9_pair_tie_recovery,True,True
9.1.0,random_bias,5,Ascend950PR_957b,True,True,,10,384,,512,,,,56,correctness,,wrapper,20260811,,,PASS,2.10.0.post4.dev20260715,2.10.0+cpu,3.2.0,r10_group_rank_threshold,True,True
9.1.0,random_bias,5,Ascend950PR_957b,True,True,,10,384,,512,,,,56,correctness,,wrapper,20260811,,,PASS,2.10.0.post4.dev20260715,2.10.0+cpu,3.2.0,r11_packed_exact_sort,True,True
9.1.0,random_bias,5,Ascend950PR_957b,True,True,,10,384,,512,,,,56,correctness,,wrapper,20260811,,,PASS,2.10.0.post4.dev20260715,2.10.0+cpu,3.2.0,r12_two_row_tile,True,True
9.1.0,random_bias,5,Ascend950PR_957b,True,True,,10,384,,512,,,,56,correctness,,wrapper,20260811,,,PASS,2.10.0.post4.dev20260715,2.10.0+cpu,3.2.0,r13_fp32_rank_reduce,True,True
9.1.0,random_bias,5,Ascend950PR_957b,True,True,,10,384,,512,,,,56,correctness,,wrapper,20260811,,,PASS,2.10.0.post4.dev20260715,2.10.0+cpu,3.2.0,r14_priority_argmax,True,True
9.1.0,random_bias,5,Ascend950PR_957b,True,True,,10,384,,512,,,,56,correctness,,wrapper,20260811,,,PASS,2.10.0.post4.dev20260715,2.10.0+cpu,3.2.0,r15_unique_top10_fastpath,True,True
9.1.0,random_bias,5,Ascend950PR_957b,True,True,,10,384,,512,,,,56,correctness,,wrapper,20260811,,,PASS,2.10.0.post4.dev20260715,2.10.0+cpu,3.2.0,r16_split_unique_recovery,True,True
9.1.0,random_bias,5,Ascend950PR_957b,True,True,,10,384,,512,,,,56,correctness,,wrapper,20260811,,,PASS,2.10.0.post4.dev20260715,2.10.0+cpu,3.2.0,r17_parallel_priority_argmax,True,True
9.1.0,random_bias,5,Ascend950PR_957b,True,True,,10,384,,512,,,,56,correctness,,wrapper,20260811,,,PASS,2.10.0.post4.dev20260715,2.10.0+cpu,3.2.0,r18_hierarchical_partial_sort,True,True
9.1.0,random_bias,5,Ascend950PR_957b,True,True,,10,384,,512,,,,56,correctness,,wrapper,20260811,,,PASS,2.10.0.post4.dev20260715,2.10.0+cpu,3.2.0,r19_unique_id_sum,True,True
9.1.0,random_bias,5,Ascend950PR_957b,True,True,,10,384,,512,,,,56,correctness,,wrapper,20260811,,,PASS,2.10.0.post4.dev20260715,2.10.0+cpu,3.2.0,r20_iterative_rank1_maxarg,True,True
9.1.0,random_bias,5,Ascend950PR_957b,True,True,,10,511,,512,,,,56,correctness,,wrapper,20260811,,,PASS,2.10.0.post4.dev20260715,2.10.0+cpu,3.2.0,r0_legacy,True,True
9.1.0,random_bias,5,Ascend950PR_957b,True,True,,10,511,,512,,,,56,correctness,,wrapper,20260811,,,PASS,2.10.0.post4.dev20260715,2.10.0+cpu,3.2.0,r1_constexpr,True,True
9.1.0,random_bias,5,Ascend950PR_957b,True,True,,10,511,,512,,,,56,correctness,,wrapper,20260811,,,PASS,2.10.0.post4.dev20260715,2.10.0+cpu,3.2.0,r2_core_partition,True,True
9.1.0,random_bias,5,Ascend950PR_957b,True,True,,10,511,,512,,,,56,correctness,,wrapper,20260811,,,PASS,2.10.0.post4.dev20260715,2.10.0+cpu,3.2.0,r3_sort_tie,True,True
9.1.0,random_bias,5,Ascend950PR_957b,True,True,,10,511,,512,,,,56,correctness,,wrapper,20260811,,,PASS,2.10.0.post4.dev20260715,2.10.0+cpu,3.2.0,r4_bias_hoist,True,True
9.1.0,random_bias,5,Ascend950PR_957b,True,True,,10,511,,512,,,,56,correctness,,wrapper,20260811,,,PASS,2.10.0.post4.dev20260715,2.10.0+cpu,3.2.0,r5_dispatch,True,True
9.1.0,random_bias,5,Ascend950PR_957b,True,True,,10,511,,512,,,,56,correctness,,wrapper,20260811,,,PASS,2.10.0.post4.dev20260715,2.10.0+cpu,3.2.0,r6_empirical_dispatch,True,True
9.1.0,random_bias,5,Ascend950PR_957b,True,True,,10,511,,512,,,,56,correctness,,wrapper,20260811,,,PASS,2.10.0.post4.dev20260715,2.10.0+cpu,3.2.0,r7_vector_tie_recovery,True,True
9.1.0,random_bias,5,Ascend950PR_957b,True,True,,10,511,,512,,,,56,correctness,,wrapper,20260811,,,PASS,2.10.0.post4.dev20260715,2.10.0+cpu,3.2.0,r8_safe_vector_dispatch,True,True
9.1.0,random_bias,5,Ascend950PR_957b,True,True,,10,511,,512,,,,56,correctness,,wrapper,20260811,,,PASS,2.10.0.post4.dev20260715,2.10.0+cpu,3.2.0,r9_pair_tie_recovery,True,True
9.1.0,random_bias,5,Ascend950PR_957b,True,True,,10,511,,512,,,,56,correctness,,wrapper,20260811,,,PASS,2.10.0.post4.dev20260715,2.10.0+cpu,3.2.0,r10_group_rank_threshold,True,True
9.1.0,random_bias,5,Ascend950PR_957b,True,True,,10,511,,512,,,,56,correctness,,wrapper,20260811,,,PASS,2.10.0.post4.dev20260715,2.10.0+cpu,3.2.0,r11_packed_exact_sort,True,True
9.1.0,random_bias,5,Ascend950PR_957b,True,True,,10,511,,512,,,,56,correctness,,wrapper,20260811,,,PASS,2.10.0.post4.dev20260715,2.10.0+cpu,3.2.0,r12_two_row_tile,True,True
9.1.0,random_bias,5,Ascend950PR_957b,True,True,,10,511,,512,,,,56,correctness,,wrapper,20260811,,,PASS,2.10.0.post4.dev20260715,2.10.0+cpu,3.2.0,r13_fp32_rank_reduce,True,True
9.1.0,random_bias,5,Ascend950PR_957b,True,True,,10,511,,512,,,,56,correctness,,wrapper,20260811,,,PASS,2.10.0.post4.dev20260715,2.10.0+cpu,3.2.0,r14_priority_argmax,True,True
9.1.0,random_bias,5,Ascend950PR_957b,True,True,,10,511,,512,,,,56,correctness,,wrapper,20260811,,,PASS,2.10.0.post4.dev20260715,2.10.0+cpu,3.2.0,r15_unique_top10_fastpath,True,True
9.1.0,random_bias,5,Ascend950PR_957b,True,True,,10,511,,512,,,,56,correctness,,wrapper,20260811,,,PASS,2.10.0.post4.dev20260715,2.10.0+cpu,3.2.0,r16_split_unique_recovery,True,True
9.1.0,random_bias,5,Ascend950PR_957b,True,True,,10,511,,512,,,,56,correctness,,wrapper,20260811,,,PASS,2.10.0.post4.dev20260715,2.10.0+cpu,3.2.0,r17_parallel_priority_argmax,True,True
9.1.0,random_bias,5,Ascend950PR_957b,True,True,,10,511,,512,,,,56,correctness,,wrapper,20260811,,,PASS,2.10.0.post4.dev20260715,2.10.0+cpu,3.2.0,r18_hierarchical_partial_sort,True,True
9.1.0,random_bias,5,Ascend950PR_957b,True,True,,10,511,,512,,,,56,correctness,,wrapper,20260811,,,PASS,2.10.0.post4.dev20260715,2.10.0+cpu,3.2.0,r19_unique_id_sum,True,True
9.1.0,random_bias,5,Ascend950PR_957b,True,True,,10,511,,512,,,,56,correctness,,wrapper,20260811,,,PASS,2.10.0.post4.dev20260715,2.10.0+cpu,3.2.0,r20_iterative_rank1_maxarg,True,True
9.1.0,random_bias,5,Ascend950PR_957b,True,True,,10,512,,512,,,,56,correctness,,wrapper,20260811,,,PASS,2.10.0.post4.dev20260715,2.10.0+cpu,3.2.0,r0_legacy,True,True
9.1.0,random_bias,5,Ascend950PR_957b,True,True,,10,512,,512,,,,56,correctness,,wrapper,20260811,,,PASS,2.10.0.post4.dev20260715,2.10.0+cpu,3.2.0,r1_constexpr,True,True
9.1.0,random_bias,5,Ascend950PR_957b,True,True,,10,512,,512,,,,56,correctness,,wrapper,20260811,,,PASS,2.10.0.post4.dev20260715,2.10.0+cpu,3.2.0,r2_core_partition,True,True
9.1.0,random_bias,5,Ascend950PR_957b,True,True,,10,512,,512,,,,56,correctness,,wrapper,20260811,,,PASS,2.10.0.post4.dev20260715,2.10.0+cpu,3.2.0,r3_sort_tie,True,True
9.1.0,random_bias,5,Ascend950PR_957b,True,True,,10,512,,512,,,,56,correctness,,wrapper,20260811,,,PASS,2.10.0.post4.dev20260715,2.10.0+cpu,3.2.0,r4_bias_hoist,True,True
9.1.0,random_bias,5,Ascend950PR_957b,True,True,,10,512,,512,,,,56,correctness,,wrapper,20260811,,,PASS,2.10.0.post4.dev20260715,2.10.0+cpu,3.2.0,r5_dispatch,True,True
9.1.0,random_bias,5,Ascend950PR_957b,True,True,,10,512,,512,,,,56,correctness,,wrapper,20260811,,,PASS,2.10.0.post4.dev20260715,2.10.0+cpu,3.2.0,r6_empirical_dispatch,True,True
9.1.0,random_bias,5,Ascend950PR_957b,True,True,,10,512,,512,,,,56,correctness,,wrapper,20260811,,,PASS,2.10.0.post4.dev20260715,2.10.0+cpu,3.2.0,r7_vector_tie_recovery,True,True
9.1.0,random_bias,5,Ascend950PR_957b,True,True,,10,512,,512,,,,56,correctness,,wrapper,20260811,,,PASS,2.10.0.post4.dev20260715,2.10.0+cpu,3.2.0,r8_safe_vector_dispatch,True,True
9.1.0,random_bias,5,Ascend950PR_957b,True,True,,10,512,,512,,,,56,correctness,,wrapper,20260811,,,PASS,2.10.0.post4.dev20260715,2.10.0+cpu,3.2.0,r9_pair_tie_recovery,True,True
9.1.0,random_bias,5,Ascend950PR_957b,True,True,,10,512,,512,,,,56,correctness,,wrapper,20260811,,,PASS,2.10.0.post4.dev20260715,2.10.0+cpu,3.2.0,r10_group_rank_threshold,True,True
9.1.0,random_bias,5,Ascend950PR_957b,True,True,,10,512,,512,,,,56,correctness,,wrapper,20260811,,,PASS,2.10.0.post4.dev20260715,2.10.0+cpu,3.2.0,r11_packed_exact_sort,True,True
9.1.0,random_bias,5,Ascend950PR_957b,True,True,,10,512,,512,,,,56,correctness,,wrapper,20260811,,,PASS,2.10.0.post4.dev20260715,2.10.0+cpu,3.2.0,r12_two_row_tile,True,True
9.1.0,random_bias,5,Ascend950PR_957b,True,True,,10,512,,512,,,,56,correctness,,wrapper,20260811,,,PASS,2.10.0.post4.dev20260715,2.10.0+cpu,3.2.0,r13_fp32_rank_reduce,True,True
9.1.0,random_bias,5,Ascend950PR_957b,True,True,,10,512,,512,,,,56,correctness,,wrapper,20260811,,,PASS,2.10.0.post4.dev20260715,2.10.0+cpu,3.2.0,r14_priority_argmax,True,True
9.1.0,random_bias,5,Ascend950PR_957b,True,True,,10,512,,512,,,,56,correctness,,wrapper,20260811,,,PASS,2.10.0.post4.dev20260715,2.10.0+cpu,3.2.0,r15_unique_top10_fastpath,True,True
9.1.0,random_bias,5,Ascend950PR_957b,True,True,,10,512,,512,,,,56,correctness,,wrapper,20260811,,,PASS,2.10.0.post4.dev20260715,2.10.0+cpu,3.2.0,r16_split_unique_recovery,True,True
9.1.0,random_bias,5,Ascend950PR_957b,True,True,,10,512,,512,,,,56,correctness,,wrapper,20260811,,,PASS,2.10.0.post4.dev20260715,2.10.0+cpu,3.2.0,r17_parallel_priority_argmax,True,True
9.1.0,random_bias,5,Ascend950PR_957b,True,True,,10,512,,512,,,,56,correctness,,wrapper,20260811,,,PASS,2.10.0.post4.dev20260715,2.10.0+cpu,3.2.0,r18_hierarchical_partial_sort,True,True
9.1.0,random_bias,5,Ascend950PR_957b,True,True,,10,512,,512,,,,56,correctness,,wrapper,20260811,,,PASS,2.10.0.post4.dev20260715,2.10.0+cpu,3.2.0,r19_unique_id_sum,True,True
9.1.0,random_bias,5,Ascend950PR_957b,True,True,,10,512,,512,,,,56,correctness,,wrapper,20260811,,,PASS,2.10.0.post4.dev20260715,2.10.0+cpu,3.2.0,r20_iterative_rank1_maxarg,True,True
9.1.0,random_bias,5,Ascend950PR_957b,True,True,,10,513,,512,,,,56,correctness,,wrapper,20260811,,,PASS,2.10.0.post4.dev20260715,2.10.0+cpu,3.2.0,r0_legacy,True,True
9.1.0,random_bias,5,Ascend950PR_957b,True,True,,10,513,,512,,,,56,correctness,,wrapper,20260811,,,PASS,2.10.0.post4.dev20260715,2.10.0+cpu,3.2.0,r1_constexpr,True,True
9.1.0,random_bias,5,Ascend950PR_957b,True,True,,10,513,,512,,,,56,correctness,,wrapper,20260811,,,PASS,2.10.0.post4.dev20260715,2.10.0+cpu,3.2.0,r2_core_partition,True,True
9.1.0,random_bias,5,Ascend950PR_957b,True,True,,10,513,,512,,,,56,correctness,,wrapper,20260811,,,PASS,2.10.0.post4.dev20260715,2.10.0+cpu,3.2.0,r3_sort_tie,True,True
9.1.0,random_bias,5,Ascend950PR_957b,True,True,,10,513,,512,,,,56,correctness,,wrapper,20260811,,,PASS,2.10.0.post4.dev20260715,2.10.0+cpu,3.2.0,r4_bias_hoist,True,True
9.1.0,random_bias,5,Ascend950PR_957b,True,True,,10,513,,512,,,,56,correctness,,wrapper,20260811,,,PASS,2.10.0.post4.dev20260715,2.10.0+cpu,3.2.0,r5_dispatch,True,True
9.1.0,random_bias,5,Ascend950PR_957b,True,True,,10,513,,512,,,,56,correctness,,wrapper,20260811,,,PASS,2.10.0.post4.dev20260715,2.10.0+cpu,3.2.0,r6_empirical_dispatch,True,True
9.1.0,random_bias,5,Ascend950PR_957b,True,True,,10,513,,512,,,,56,correctness,,wrapper,20260811,,,PASS,2.10.0.post4.dev20260715,2.10.0+cpu,3.2.0,r7_vector_tie_recovery,True,True
9.1.0,random_bias,5,Ascend950PR_957b,True,True,,10,513,,512,,,,56,correctness,,wrapper,20260811,,,PASS,2.10.0.post4.dev20260715,2.10.0+cpu,3.2.0,r8_safe_vector_dispatch,True,True
9.1.0,random_bias,5,Ascend950PR_957b,True,True,,10,513,,512,,,,56,correctness,,wrapper,20260811,,,PASS,2.10.0.post4.dev20260715,2.10.0+cpu,3.2.0,r9_pair_tie_recovery,True,True
9.1.0,random_bias,5,Ascend950PR_957b,True,True,,10,513,,512,,,,56,correctness,,wrapper,20260811,,,PASS,2.10.0.post4.dev20260715,2.10.0+cpu,3.2.0,r10_group_rank_threshold,True,True
9.1.0,random_bias,5,Ascend950PR_957b,True,True,,10,513,,512,,,,56,correctness,,wrapper,20260811,,,PASS,2.10.0.post4.dev20260715,2.10.0+cpu,3.2.0,r11_packed_exact_sort,True,True
9.1.0,random_bias,5,Ascend950PR_957b,True,True,,10,513,,512,,,,56,correctness,,wrapper,20260811,,,PASS,2.10.0.post4.dev20260715,2.10.0+cpu,3.2.0,r12_two_row_tile,True,True
9.1.0,random_bias,5,Ascend950PR_957b,True,True,,10,513,,512,,,,56,correctness,,wrapper,20260811,,,PASS,2.10.0.post4.dev20260715,2.10.0+cpu,3.2.0,r13_fp32_rank_reduce,True,True
9.1.0,random_bias,5,Ascend950PR_957b,True,True,,10,513,,512,,,,56,correctness,,wrapper,20260811,,,PASS,2.10.0.post4.dev20260715,2.10.0+cpu,3.2.0,r14_priority_argmax,True,True
9.1.0,random_bias,5,Ascend950PR_957b,True,True,,10,513,,512,,,,56,correctness,,wrapper,20260811,,,PASS,2.10.0.post4.dev20260715,2.10.0+cpu,3.2.0,r15_unique_top10_fastpath,True,True
9.1.0,random_bias,5,Ascend950PR_957b,True,True,,10,513,,512,,,,56,correctness,,wrapper,20260811,,,PASS,2.10.0.post4.dev20260715,2.10.0+cpu,3.2.0,r16_split_unique_recovery,True,True
9.1.0,random_bias,5,Ascend950PR_957b,True,True,,10,513,,512,,,,56,correctness,,wrapper,20260811,,,PASS,2.10.0.post4.dev20260715,2.10.0+cpu,3.2.0,r17_parallel_priority_argmax,True,True
9.1.0,random_bias,5,Ascend950PR_957b,True,True,,10,513,,512,,,,56,correctness,,wrapper,20260811,,,PASS,2.10.0.post4.dev20260715,2.10.0+cpu,3.2.0,r18_hierarchical_partial_sort,True,True
9.1.0,random_bias,5,Ascend950PR_957b,True,True,,10,513,,512,,,,56,correctness,,wrapper,20260811,,,PASS,2.10.0.post4.dev20260715,2.10.0+cpu,3.2.0,r19_unique_id_sum,True,True
9.1.0,random_bias,5,Ascend950PR_957b,True,True,,10,513,,512,,,,56,correctness,,wrapper,20260811,,,PASS,2.10.0.post4.dev20260715,2.10.0+cpu,3.2.0,r20_iterative_rank1_maxarg,True,True
9.1.0,random_bias,5,Ascend950PR_957b,True,True,,10,1024,,512,,,,56,correctness,,wrapper,20260811,,,PASS,2.10.0.post4.dev20260715,2.10.0+cpu,3.2.0,r0_legacy,True,True
9.1.0,random_bias,5,Ascend950PR_957b,True,True,,10,1024,,512,,,,56,correctness,,wrapper,20260811,,,PASS,2.10.0.post4.dev20260715,2.10.0+cpu,3.2.0,r1_constexpr,True,True
9.1.0,random_bias,5,Ascend950PR_957b,True,True,,10,1024,,512,,,,56,correctness,,wrapper,20260811,,,PASS,2.10.0.post4.dev20260715,2.10.0+cpu,3.2.0,r2_core_partition,True,True
9.1.0,random_bias,5,Ascend950PR_957b,True,True,,10,1024,,512,,,,56,correctness,,wrapper,20260811,,,PASS,2.10.0.post4.dev20260715,2.10.0+cpu,3.2.0,r3_sort_tie,True,True
9.1.0,random_bias,5,Ascend950PR_957b,True,True,,10,1024,,512,,,,56,correctness,,wrapper,20260811,,,PASS,2.10.0.post4.dev20260715,2.10.0+cpu,3.2.0,r4_bias_hoist,True,True
9.1.0,random_bias,5,Ascend950PR_957b,True,True,,10,1024,,512,,,,56,correctness,,wrapper,20260811,,,PASS,2.10.0.post4.dev20260715,2.10.0+cpu,3.2.0,r5_dispatch,True,True
9.1.0,random_bias,5,Ascend950PR_957b,True,True,,10,1024,,512,,,,56,correctness,,wrapper,20260811,,,PASS,2.10.0.post4.dev20260715,2.10.0+cpu,3.2.0,r6_empirical_dispatch,True,True
9.1.0,random_bias,5,Ascend950PR_957b,True,True,,10,1024,,512,,,,56,correctness,,wrapper,20260811,,,PASS,2.10.0.post4.dev20260715,2.10.0+cpu,3.2.0,r7_vector_tie_recovery,True,True
9.1.0,random_bias,5,Ascend950PR_957b,True,True,,10,1024,,512,,,,56,correctness,,wrapper,20260811,,,PASS,2.10.0.post4.dev20260715,2.10.0+cpu,3.2.0,r8_safe_vector_dispatch,True,True
9.1.0,random_bias,5,Ascend950PR_957b,True,True,,10,1024,,512,,,,56,correctness,,wrapper,20260811,,,PASS,2.10.0.post4.dev20260715,2.10.0+cpu,3.2.0,r9_pair_tie_recovery,True,True
9.1.0,random_bias,5,Ascend950PR_957b,True,True,,10,1024,,512,,,,56,correctness,,wrapper,20260811,,,PASS,2.10.0.post4.dev20260715,2.10.0+cpu,3.2.0,r10_group_rank_threshold,True,True
9.1.0,random_bias,5,Ascend950PR_957b,True,True,,10,1024,,512,,,,56,correctness,,wrapper,20260811,,,PASS,2.10.0.post4.dev20260715,2.10.0+cpu,3.2.0,r11_packed_exact_sort,True,True
9.1.0,random_bias,5,Ascend950PR_957b,True,True,,10,1024,,512,,,,56,correctness,,wrapper,20260811,,,PASS,2.10.0.post4.dev20260715,2.10.0+cpu,3.2.0,r12_two_row_tile,True,True
9.1.0,random_bias,5,Ascend950PR_957b,True,True,,10,1024,,512,,,,56,correctness,,wrapper,20260811,,,PASS,2.10.0.post4.dev20260715,2.10.0+cpu,3.2.0,r13_fp32_rank_reduce,True,True
9.1.0,random_bias,5,Ascend950PR_957b,True,True,,10,1024,,512,,,,56,correctness,,wrapper,20260811,,,PASS,2.10.0.post4.dev20260715,2.10.0+cpu,3.2.0,r14_priority_argmax,True,True
9.1.0,random_bias,5,Ascend950PR_957b,True,True,,10,1024,,512,,,,56,correctness,,wrapper,20260811,,,PASS,2.10.0.post4.dev20260715,2.10.0+cpu,3.2.0,r15_unique_top10_fastpath,True,True
9.1.0,random_bias,5,Ascend950PR_957b,True,True,,10,1024,,512,,,,56,correctness,,wrapper,20260811,,,PASS,2.10.0.post4.dev20260715,2.10.0+cpu,3.2.0,r16_split_unique_recovery,True,True
9.1.0,random_bias,5,Ascend950PR_957b,True,True,,10,1024,,512,,,,56,correctness,,wrapper,20260811,,,PASS,2.10.0.post4.dev20260715,2.10.0+cpu,3.2.0,r17_parallel_priority_argmax,True,True
9.1.0,random_bias,5,Ascend950PR_957b,True,True,,10,1024,,512,,,,56,correctness,,wrapper,20260811,,,PASS,2.10.0.post4.dev20260715,2.10.0+cpu,3.2.0,r18_hierarchical_partial_sort,True,True
9.1.0,random_bias,5,Ascend950PR_957b,True,True,,10,1024,,512,,,,56,correctness,,wrapper,20260811,,,PASS,2.10.0.post4.dev20260715,2.10.0+cpu,3.2.0,r19_unique_id_sum,True,True
9.1.0,random_bias,5,Ascend950PR_957b,True,True,,10,1024,,512,,,,56,correctness,,wrapper,20260811,,,PASS,2.10.0.post4.dev20260715,2.10.0+cpu,3.2.0,r20_iterative_rank1_maxarg,True,True
9.1.0,random_bias,5,Ascend950PR_957b,True,True,,10,9616,,512,,,,56,correctness,,wrapper,20260811,,,PASS,2.10.0.post4.dev20260715,2.10.0+cpu,3.2.0,r0_legacy,True,True
9.1.0,random_bias,5,Ascend950PR_957b,True,True,,10,9616,,512,,,,56,correctness,,wrapper,20260811,,,PASS,2.10.0.post4.dev20260715,2.10.0+cpu,3.2.0,r1_constexpr,True,True
9.1.0,random_bias,5,Ascend950PR_957b,True,True,,10,9616,,512,,,,56,correctness,,wrapper,20260811,,,PASS,2.10.0.post4.dev20260715,2.10.0+cpu,3.2.0,r2_core_partition,True,True
9.1.0,random_bias,5,Ascend950PR_957b,True,True,,10,9616,,512,,,,56,correctness,,wrapper,20260811,,,PASS,2.10.0.post4.dev20260715,2.10.0+cpu,3.2.0,r3_sort_tie,True,True
9.1.0,random_bias,5,Ascend950PR_957b,True,True,,10,9616,,512,,,,56,correctness,,wrapper,20260811,,,PASS,2.10.0.post4.dev20260715,2.10.0+cpu,3.2.0,r4_bias_hoist,True,True
9.1.0,random_bias,5,Ascend950PR_957b,True,True,,10,9616,,512,,,,56,correctness,,wrapper,20260811,,,PASS,2.10.0.post4.dev20260715,2.10.0+cpu,3.2.0,r5_dispatch,True,True
9.1.0,random_bias,5,Ascend950PR_957b,True,True,,10,9616,,512,,,,56,correctness,,wrapper,20260811,,,PASS,2.10.0.post4.dev20260715,2.10.0+cpu,3.2.0,r6_empirical_dispatch,True,True
9.1.0,random_bias,5,Ascend950PR_957b,True,True,,10,9616,,512,,,,56,correctness,,wrapper,20260811,,,PASS,2.10.0.post4.dev20260715,2.10.0+cpu,3.2.0,r7_vector_tie_recovery,True,True
9.1.0,random_bias,5,Ascend950PR_957b,True,True,,10,9616,,512,,,,56,correctness,,wrapper,20260811,,,PASS,2.10.0.post4.dev20260715,2.10.0+cpu,3.2.0,r8_safe_vector_dispatch,True,True
9.1.0,random_bias,5,Ascend950PR_957b,True,True,,10,9616,,512,,,,56,correctness,,wrapper,20260811,,,PASS,2.10.0.post4.dev20260715,2.10.0+cpu,3.2.0,r9_pair_tie_recovery,True,True
9.1.0,random_bias,5,Ascend950PR_957b,True,True,,10,9616,,512,,,,56,correctness,,wrapper,20260811,,,PASS,2.10.0.post4.dev20260715,2.10.0+cpu,3.2.0,r10_group_rank_threshold,True,True
9.1.0,random_bias,5,Ascend950PR_957b,True,True,,10,9616,,512,,,,56,correctness,,wrapper,20260811,,,PASS,2.10.0.post4.dev20260715,2.10.0+cpu,3.2.0,r11_packed_exact_sort,True,True
9.1.0,random_bias,5,Ascend950PR_957b,True,True,,10,9616,,512,,,,56,correctness,,wrapper,20260811,,,PASS,2.10.0.post4.dev20260715,2.10.0+cpu,3.2.0,r12_two_row_tile,True,True
9.1.0,random_bias,5,Ascend950PR_957b,True,True,,10,9616,,512,,,,56,correctness,,wrapper,20260811,,,PASS,2.10.0.post4.dev20260715,2.10.0+cpu,3.2.0,r13_fp32_rank_reduce,True,True
9.1.0,random_bias,5,Ascend950PR_957b,True,True,,10,9616,,512,,,,56,correctness,,wrapper,20260811,,,PASS,2.10.0.post4.dev20260715,2.10.0+cpu,3.2.0,r14_priority_argmax,True,True
9.1.0,random_bias,5,Ascend950PR_957b,True,True,,10,9616,,512,,,,56,correctness,,wrapper,20260811,,,PASS,2.10.0.post4.dev20260715,2.10.0+cpu,3.2.0,r15_unique_top10_fastpath,True,True
9.1.0,random_bias,5,Ascend950PR_957b,True,True,,10,9616,,512,,,,56,correctness,,wrapper,20260811,,,PASS,2.10.0.post4.dev20260715,2.10.0+cpu,3.2.0,r16_split_unique_recovery,True,True
9.1.0,random_bias,5,Ascend950PR_957b,True,True,,10,9616,,512,,,,56,correctness,,wrapper,20260811,,,PASS,2.10.0.post4.dev20260715,2.10.0+cpu,3.2.0,r17_parallel_priority_argmax,True,True
9.1.0,random_bias,5,Ascend950PR_957b,True,True,,10,9616,,512,,,,56,correctness,,wrapper,20260811,,,PASS,2.10.0.post4.dev20260715,2.10.0+cpu,3.2.0,r18_hierarchical_partial_sort,True,True
9.1.0,random_bias,5,Ascend950PR_957b,True,True,,10,9616,,512,,,,56,correctness,,wrapper,20260811,,,PASS,2.10.0.post4.dev20260715,2.10.0+cpu,3.2.0,r19_unique_id_sum,True,True
9.1.0,random_bias,5,Ascend950PR_957b,True,True,,10,9616,,512,,,,56,correctness,,wrapper,20260811,,,PASS,2.10.0.post4.dev20260715,2.10.0+cpu,3.2.0,r20_iterative_rank1_maxarg,True,True
9.1.0,random_bias,5,Ascend950PR_957b,True,True,,10,16384,,512,,,,56,correctness,,wrapper,20260811,,,PASS,2.10.0.post4.dev20260715,2.10.0+cpu,3.2.0,r0_legacy,True,True
9.1.0,random_bias,5,Ascend950PR_957b,True,True,,10,16384,,512,,,,56,correctness,,wrapper,20260811,,,PASS,2.10.0.post4.dev20260715,2.10.0+cpu,3.2.0,r1_constexpr,True,True
9.1.0,random_bias,5,Ascend950PR_957b,True,True,,10,16384,,512,,,,56,correctness,,wrapper,20260811,,,PASS,2.10.0.post4.dev20260715,2.10.0+cpu,3.2.0,r2_core_partition,True,True
9.1.0,random_bias,5,Ascend950PR_957b,True,True,,10,16384,,512,,,,56,correctness,,wrapper,20260811,,,PASS,2.10.0.post4.dev20260715,2.10.0+cpu,3.2.0,r3_sort_tie,True,True
9.1.0,random_bias,5,Ascend950PR_957b,True,True,,10,16384,,512,,,,56,correctness,,wrapper,20260811,,,PASS,2.10.0.post4.dev20260715,2.10.0+cpu,3.2.0,r4_bias_hoist,True,True
9.1.0,random_bias,5,Ascend950PR_957b,True,True,,10,16384,,512,,,,56,correctness,,wrapper,20260811,,,PASS,2.10.0.post4.dev20260715,2.10.0+cpu,3.2.0,r5_dispatch,True,True
9.1.0,random_bias,5,Ascend950PR_957b,True,True,,10,16384,,512,,,,56,correctness,,wrapper,20260811,,,PASS,2.10.0.post4.dev20260715,2.10.0+cpu,3.2.0,r6_empirical_dispatch,True,True
9.1.0,random_bias,5,Ascend950PR_957b,True,True,,10,16384,,512,,,,56,correctness,,wrapper,20260811,,,PASS,2.10.0.post4.dev20260715,2.10.0+cpu,3.2.0,r7_vector_tie_recovery,True,True
9.1.0,random_bias,5,Ascend950PR_957b,True,True,,10,16384,,512,,,,56,correctness,,wrapper,20260811,,,PASS,2.10.0.post4.dev20260715,2.10.0+cpu,3.2.0,r8_safe_vector_dispatch,True,True
9.1.0,random_bias,5,Ascend950PR_957b,True,True,,10,16384,,512,,,,56,correctness,,wrapper,20260811,,,PASS,2.10.0.post4.dev20260715,2.10.0+cpu,3.2.0,r9_pair_tie_recovery,True,True
9.1.0,random_bias,5,Ascend950PR_957b,True,True,,10,16384,,512,,,,56,correctness,,wrapper,20260811,,,PASS,2.10.0.post4.dev20260715,2.10.0+cpu,3.2.0,r10_group_rank_threshold,True,True
9.1.0,random_bias,5,Ascend950PR_957b,True,True,,10,16384,,512,,,,56,correctness,,wrapper,20260811,,,PASS,2.10.0.post4.dev20260715,2.10.0+cpu,3.2.0,r11_packed_exact_sort,True,True
9.1.0,random_bias,5,Ascend950PR_957b,True,True,,10,16384,,512,,,,56,correctness,,wrapper,20260811,,,PASS,2.10.0.post4.dev20260715,2.10.0+cpu,3.2.0,r12_two_row_tile,True,True
9.1.0,random_bias,5,Ascend950PR_957b,True,True,,10,16384,,512,,,,56,correctness,,wrapper,20260811,,,PASS,2.10.0.post4.dev20260715,2.10.0+cpu,3.2.0,r13_fp32_rank_reduce,True,True
9.1.0,random_bias,5,Ascend950PR_957b,True,True,,10,16384,,512,,,,56,correctness,,wrapper,20260811,,,PASS,2.10.0.post4.dev20260715,2.10.0+cpu,3.2.0,r14_priority_argmax,True,True
9.1.0,random_bias,5,Ascend950PR_957b,True,True,,10,16384,,512,,,,56,correctness,,wrapper,20260811,,,PASS,2.10.0.post4.dev20260715,2.10.0+cpu,3.2.0,r15_unique_top10_fastpath,True,True
9.1.0,random_bias,5,Ascend950PR_957b,True,True,,10,16384,,512,,,,56,correctness,,wrapper,20260811,,,PASS,2.10.0.post4.dev20260715,2.10.0+cpu,3.2.0,r16_split_unique_recovery,True,True
9.1.0,random_bias,5,Ascend950PR_957b,True,True,,10,16384,,512,,,,56,correctness,,wrapper,20260811,,,PASS,2.10.0.post4.dev20260715,2.10.0+cpu,3.2.0,r17_parallel_priority_argmax,True,True
9.1.0,random_bias,5,Ascend950PR_957b,True,True,,10,16384,,512,,,,56,correctness,,wrapper,20260811,,,PASS,2.10.0.post4.dev20260715,2.10.0+cpu,3.2.0,r18_hierarchical_partial_sort,True,True
9.1.0,random_bias,5,Ascend950PR_957b,True,True,,10,16384,,512,,,,56,correctness,,wrapper,20260811,,,PASS,2.10.0.post4.dev20260715,2.10.0+cpu,3.2.0,r19_unique_id_sum,True,True
9.1.0,random_bias,5,Ascend950PR_957b,True,True,,10,16384,,512,,,,56,correctness,,wrapper,20260811,,,PASS,2.10.0.post4.dev20260715,2.10.0+cpu,3.2.0,r20_iterative_rank1_maxarg,True,True
9.1.0,random_zero_bias,5,Ascend950PR_957b,True,True,,10,1,,512,,,,56,correctness,,wrapper,20260811,,,PASS,2.10.0.post4.dev20260715,2.10.0+cpu,3.2.0,r0_legacy,True,True
9.1.0,random_zero_bias,5,Ascend950PR_957b,True,True,,10,1,,512,,,,56,correctness,,wrapper,20260811,,,PASS,2.10.0.post4.dev20260715,2.10.0+cpu,3.2.0,r1_constexpr,True,True
9.1.0,random_zero_bias,5,Ascend950PR_957b,True,True,,10,1,,512,,,,56,correctness,,wrapper,20260811,,,PASS,2.10.0.post4.dev20260715,2.10.0+cpu,3.2.0,r2_core_partition,True,True
9.1.0,random_zero_bias,5,Ascend950PR_957b,True,True,,10,1,,512,,,,56,correctness,,wrapper,20260811,,,PASS,2.10.0.post4.dev20260715,2.10.0+cpu,3.2.0,r3_sort_tie,True,True
9.1.0,random_zero_bias,5,Ascend950PR_957b,True,True,,10,1,,512,,,,56,correctness,,wrapper,20260811,,,PASS,2.10.0.post4.dev20260715,2.10.0+cpu,3.2.0,r4_bias_hoist,True,True
9.1.0,random_zero_bias,5,Ascend950PR_957b,True,True,,10,1,,512,,,,56,correctness,,wrapper,20260811,,,PASS,2.10.0.post4.dev20260715,2.10.0+cpu,3.2.0,r5_dispatch,True,True
9.1.0,random_zero_bias,5,Ascend950PR_957b,True,True,,10,1,,512,,,,56,correctness,,wrapper,20260811,,,PASS,2.10.0.post4.dev20260715,2.10.0+cpu,3.2.0,r6_empirical_dispatch,True,True
9.1.0,random_zero_bias,5,Ascend950PR_957b,True,True,,10,1,,512,,,,56,correctness,,wrapper,20260811,,,PASS,2.10.0.post4.dev20260715,2.10.0+cpu,3.2.0,r7_vector_tie_recovery,True,True
9.1.0,random_zero_bias,5,Ascend950PR_957b,True,True,,10,1,,512,,,,56,correctness,,wrapper,20260811,,,PASS,2.10.0.post4.dev20260715,2.10.0+cpu,3.2.0,r8_safe_vector_dispatch,True,True
9.1.0,random_zero_bias,5,Ascend950PR_957b,True,True,,10,1,,512,,,,56,correctness,,wrapper,20260811,,,PASS,2.10.0.post4.dev20260715,2.10.0+cpu,3.2.0,r9_pair_tie_recovery,True,True
9.1.0,random_zero_bias,5,Ascend950PR_957b,True,True,,10,1,,512,,,,56,correctness,,wrapper,20260811,,,PASS,2.10.0.post4.dev20260715,2.10.0+cpu,3.2.0,r10_group_rank_threshold,True,True
9.1.0,random_zero_bias,5,Ascend950PR_957b,True,True,,10,1,,512,,,,56,correctness,,wrapper,20260811,,,PASS,2.10.0.post4.dev20260715,2.10.0+cpu,3.2.0,r11_packed_exact_sort,True,True
9.1.0,random_zero_bias,5,Ascend950PR_957b,True,True,,10,1,,512,,,,56,correctness,,wrapper,20260811,,,PASS,2.10.0.post4.dev20260715,2.10.0+cpu,3.2.0,r12_two_row_tile,True,True
9.1.0,random_zero_bias,5,Ascend950PR_957b,True,True,,10,1,,512,,,,56,correctness,,wrapper,20260811,,,PASS,2.10.0.post4.dev20260715,2.10.0+cpu,3.2.0,r13_fp32_rank_reduce,True,True
9.1.0,random_zero_bias,5,Ascend950PR_957b,True,True,,10,1,,512,,,,56,correctness,,wrapper,20260811,,,PASS,2.10.0.post4.dev20260715,2.10.0+cpu,3.2.0,r14_priority_argmax,True,True
9.1.0,random_zero_bias,5,Ascend950PR_957b,True,True,,10,1,,512,,,,56,correctness,,wrapper,20260811,,,PASS,2.10.0.post4.dev20260715,2.10.0+cpu,3.2.0,r15_unique_top10_fastpath,True,True
9.1.0,random_zero_bias,5,Ascend950PR_957b,True,True,,10,1,,512,,,,56,correctness,,wrapper,20260811,,,PASS,2.10.0.post4.dev20260715,2.10.0+cpu,3.2.0,r16_split_unique_recovery,True,True
9.1.0,random_zero_bias,5,Ascend950PR_957b,True,True,,10,1,,512,,,,56,correctness,,wrapper,20260811,,,PASS,2.10.0.post4.dev20260715,2.10.0+cpu,3.2.0,r17_parallel_priority_argmax,True,True
9.1.0,random_zero_bias,5,Ascend950PR_957b,True,True,,10,1,,512,,,,56,correctness,,wrapper,20260811,,,PASS,2.10.0.post4.dev20260715,2.10.0+cpu,3.2.0,r18_hierarchical_partial_sort,True,True
9.1.0,random_zero_bias,5,Ascend950PR_957b,True,True,,10,1,,512,,,,56,correctness,,wrapper,20260811,,,PASS,2.10.0.post4.dev20260715,2.10.0+cpu,3.2.0,r19_unique_id_sum,True,True
9.1.0,random_zero_bias,5,Ascend950PR_957b,True,True,,10,1,,512,,,,56,correctness,,wrapper,20260811,,,PASS,2.10.0.post4.dev20260715,2.10.0+cpu,3.2.0,r20_iterative_rank1_maxarg,True,True
9.1.0,all_tie,5,Ascend950PR_957b,True,True,,10,1,,512,,,,56,correctness,,wrapper,20260811,,,PASS,2.10.0.post4.dev20260715,2.10.0+cpu,3.2.0,r0_legacy,True,True
9.1.0,all_tie,5,Ascend950PR_957b,True,True,,10,1,,512,,,,56,correctness,,wrapper,20260811,,,PASS,2.10.0.post4.dev20260715,2.10.0+cpu,3.2.0,r1_constexpr,True,True
9.1.0,all_tie,5,Ascend950PR_957b,True,True,,10,1,,512,,,,56,correctness,,wrapper,20260811,,,PASS,2.10.0.post4.dev20260715,2.10.0+cpu,3.2.0,r2_core_partition,True,True
9.1.0,all_tie,5,Ascend950PR_957b,True,True,,10,1,,512,,,,56,correctness,,wrapper,20260811,,,PASS,2.10.0.post4.dev20260715,2.10.0+cpu,3.2.0,r3_sort_tie,True,True
9.1.0,all_tie,5,Ascend950PR_957b,True,True,,10,1,,512,,,,56,correctness,,wrapper,20260811,,,PASS,2.10.0.post4.dev20260715,2.10.0+cpu,3.2.0,r4_bias_hoist,True,True
9.1.0,all_tie,5,Ascend950PR_957b,True,True,,10,1,,512,,,,56,correctness,,wrapper,20260811,,,PASS,2.10.0.post4.dev20260715,2.10.0+cpu,3.2.0,r5_dispatch,True,True
9.1.0,all_tie,5,Ascend950PR_957b,True,True,,10,1,,512,,,,56,correctness,,wrapper,20260811,,,PASS,2.10.0.post4.dev20260715,2.10.0+cpu,3.2.0,r6_empirical_dispatch,True,True
9.1.0,all_tie,5,Ascend950PR_957b,True,True,,10,1,,512,,,,56,correctness,,wrapper,20260811,,,PASS,2.10.0.post4.dev20260715,2.10.0+cpu,3.2.0,r7_vector_tie_recovery,True,True
9.1.0,all_tie,5,Ascend950PR_957b,True,True,,10,1,,512,,,,56,correctness,,wrapper,20260811,,,PASS,2.10.0.post4.dev20260715,2.10.0+cpu,3.2.0,r8_safe_vector_dispatch,True,True
9.1.0,all_tie,5,Ascend950PR_957b,True,True,,10,1,,512,,,,56,correctness,,wrapper,20260811,,,PASS,2.10.0.post4.dev20260715,2.10.0+cpu,3.2.0,r9_pair_tie_recovery,True,True
9.1.0,all_tie,5,Ascend950PR_957b,True,True,,10,1,,512,,,,56,correctness,,wrapper,20260811,,,PASS,2.10.0.post4.dev20260715,2.10.0+cpu,3.2.0,r10_group_rank_threshold,True,True
9.1.0,all_tie,5,Ascend950PR_957b,True,True,,10,1,,512,,,,56,correctness,,wrapper,20260811,,,PASS,2.10.0.post4.dev20260715,2.10.0+cpu,3.2.0,r11_packed_exact_sort,True,True
9.1.0,all_tie,5,Ascend950PR_957b,True,True,,10,1,,512,,,,56,correctness,,wrapper,20260811,,,PASS,2.10.0.post4.dev20260715,2.10.0+cpu,3.2.0,r12_two_row_tile,True,True
9.1.0,all_tie,5,Ascend950PR_957b,True,True,,10,1,,512,,,,56,correctness,,wrapper,20260811,,,PASS,2.10.0.post4.dev20260715,2.10.0+cpu,3.2.0,r13_fp32_rank_reduce,True,True
9.1.0,all_tie,5,Ascend950PR_957b,True,True,,10,1,,512,,,,56,correctness,,wrapper,20260811,,,PASS,2.10.0.post4.dev20260715,2.10.0+cpu,3.2.0,r14_priority_argmax,True,True
9.1.0,all_tie,5,Ascend950PR_957b,True,True,,10,1,,512,,,,56,correctness,,wrapper,20260811,,,PASS,2.10.0.post4.dev20260715,2.10.0+cpu,3.2.0,r15_unique_top10_fastpath,True,True
9.1.0,all_tie,5,Ascend950PR_957b,True,True,,10,1,,512,,,,56,correctness,,wrapper,20260811,,,PASS,2.10.0.post4.dev20260715,2.10.0+cpu,3.2.0,r16_split_unique_recovery,True,True
9.1.0,all_tie,5,Ascend950PR_957b,True,True,,10,1,,512,,,,56,correctness,,wrapper,20260811,,,PASS,2.10.0.post4.dev20260715,2.10.0+cpu,3.2.0,r17_parallel_priority_argmax,True,True
9.1.0,all_tie,5,Ascend950PR_957b,True,True,,10,1,,512,,,,56,correctness,,wrapper,20260811,,,PASS,2.10.0.post4.dev20260715,2.10.0+cpu,3.2.0,r18_hierarchical_partial_sort,True,True
9.1.0,all_tie,5,Ascend950PR_957b,True,True,,10,1,,512,,,,56,correctness,,wrapper,20260811,,,PASS,2.10.0.post4.dev20260715,2.10.0+cpu,3.2.0,r19_unique_id_sum,True,True
9.1.0,all_tie,5,Ascend950PR_957b,True,True,,10,1,,512,,,,56,correctness,,wrapper,20260811,,,PASS,2.10.0.post4.dev20260715,2.10.0+cpu,3.2.0,r20_iterative_rank1_maxarg,True,True
9.1.0,discrete_ties,5,Ascend950PR_957b,True,True,,10,1,,512,,,,56,correctness,,wrapper,20260811,,,PASS,2.10.0.post4.dev20260715,2.10.0+cpu,3.2.0,r0_legacy,True,True
9.1.0,discrete_ties,5,Ascend950PR_957b,True,True,,10,1,,512,,,,56,correctness,,wrapper,20260811,,,PASS,2.10.0.post4.dev20260715,2.10.0+cpu,3.2.0,r1_constexpr,True,True
9.1.0,discrete_ties,5,Ascend950PR_957b,True,True,,10,1,,512,,,,56,correctness,,wrapper,20260811,,,PASS,2.10.0.post4.dev20260715,2.10.0+cpu,3.2.0,r2_core_partition,True,True
9.1.0,discrete_ties,5,Ascend950PR_957b,True,True,,10,1,,512,,,,56,correctness,,wrapper,20260811,,,PASS,2.10.0.post4.dev20260715,2.10.0+cpu,3.2.0,r3_sort_tie,True,True
9.1.0,discrete_ties,5,Ascend950PR_957b,True,True,,10,1,,512,,,,56,correctness,,wrapper,20260811,,,PASS,2.10.0.post4.dev20260715,2.10.0+cpu,3.2.0,r4_bias_hoist,True,True
9.1.0,discrete_ties,5,Ascend950PR_957b,True,True,,10,1,,512,,,,56,correctness,,wrapper,20260811,,,PASS,2.10.0.post4.dev20260715,2.10.0+cpu,3.2.0,r5_dispatch,True,True
9.1.0,discrete_ties,5,Ascend950PR_957b,True,True,,10,1,,512,,,,56,correctness,,wrapper,20260811,,,PASS,2.10.0.post4.dev20260715,2.10.0+cpu,3.2.0,r6_empirical_dispatch,True,True
9.1.0,discrete_ties,5,Ascend950PR_957b,True,True,,10,1,,512,,,,56,correctness,,wrapper,20260811,,,PASS,2.10.0.post4.dev20260715,2.10.0+cpu,3.2.0,r7_vector_tie_recovery,True,True
9.1.0,discrete_ties,5,Ascend950PR_957b,True,True,,10,1,,512,,,,56,correctness,,wrapper,20260811,,,PASS,2.10.0.post4.dev20260715,2.10.0+cpu,3.2.0,r8_safe_vector_dispatch,True,True
9.1.0,discrete_ties,5,Ascend950PR_957b,True,True,,10,1,,512,,,,56,correctness,,wrapper,20260811,,,PASS,2.10.0.post4.dev20260715,2.10.0+cpu,3.2.0,r9_pair_tie_recovery,True,True
9.1.0,discrete_ties,5,Ascend950PR_957b,True,True,,10,1,,512,,,,56,correctness,,wrapper,20260811,,,PASS,2.10.0.post4.dev20260715,2.10.0+cpu,3.2.0,r10_group_rank_threshold,True,True
9.1.0,discrete_ties,5,Ascend950PR_957b,True,True,,10,1,,512,,,,56,correctness,,wrapper,20260811,,,PASS,2.10.0.post4.dev20260715,2.10.0+cpu,3.2.0,r11_packed_exact_sort,True,True
9.1.0,discrete_ties,5,Ascend950PR_957b,True,True,,10,1,,512,,,,56,correctness,,wrapper,20260811,,,PASS,2.10.0.post4.dev20260715,2.10.0+cpu,3.2.0,r12_two_row_tile,True,True
9.1.0,discrete_ties,5,Ascend950PR_957b,True,True,,10,1,,512,,,,56,correctness,,wrapper,20260811,,,PASS,2.10.0.post4.dev20260715,2.10.0+cpu,3.2.0,r13_fp32_rank_reduce,True,True
9.1.0,discrete_ties,5,Ascend950PR_957b,True,True,,10,1,,512,,,,56,correctness,,wrapper,20260811,,,PASS,2.10.0.post4.dev20260715,2.10.0+cpu,3.2.0,r14_priority_argmax,True,True
9.1.0,discrete_ties,5,Ascend950PR_957b,True,True,,10,1,,512,,,,56,correctness,,wrapper,20260811,,,PASS,2.10.0.post4.dev20260715,2.10.0+cpu,3.2.0,r15_unique_top10_fastpath,True,True
9.1.0,discrete_ties,5,Ascend950PR_957b,True,True,,10,1,,512,,,,56,correctness,,wrapper,20260811,,,PASS,2.10.0.post4.dev20260715,2.10.0+cpu,3.2.0,r16_split_unique_recovery,True,True
9.1.0,discrete_ties,5,Ascend950PR_957b,True,True,,10,1,,512,,,,56,correctness,,wrapper,20260811,,,PASS,2.10.0.post4.dev20260715,2.10.0+cpu,3.2.0,r17_parallel_priority_argmax,True,True
9.1.0,discrete_ties,5,Ascend950PR_957b,True,True,,10,1,,512,,,,56,correctness,,wrapper,20260811,,,PASS,2.10.0.post4.dev20260715,2.10.0+cpu,3.2.0,r18_hierarchical_partial_sort,True,True
9.1.0,discrete_ties,5,Ascend950PR_957b,True,True,,10,1,,512,,,,56,correctness,,wrapper,20260811,,,PASS,2.10.0.post4.dev20260715,2.10.0+cpu,3.2.0,r19_unique_id_sum,True,True
9.1.0,discrete_ties,5,Ascend950PR_957b,True,True,,10,1,,512,,,,56,correctness,,wrapper,20260811,,,PASS,2.10.0.post4.dev20260715,2.10.0+cpu,3.2.0,r20_iterative_rank1_maxarg,True,True
9.1.0,bias_induced_tie,5,Ascend950PR_957b,True,True,,10,1,,512,,,,56,correctness,,wrapper,20260811,,,PASS,2.10.0.post4.dev20260715,2.10.0+cpu,3.2.0,r0_legacy,True,True
9.1.0,bias_induced_tie,5,Ascend950PR_957b,True,True,,10,1,,512,,,,56,correctness,,wrapper,20260811,,,PASS,2.10.0.post4.dev20260715,2.10.0+cpu,3.2.0,r1_constexpr,True,True
9.1.0,bias_induced_tie,5,Ascend950PR_957b,True,True,,10,1,,512,,,,56,correctness,,wrapper,20260811,,,PASS,2.10.0.post4.dev20260715,2.10.0+cpu,3.2.0,r2_core_partition,True,True
9.1.0,bias_induced_tie,5,Ascend950PR_957b,True,True,,10,1,,512,,,,56,correctness,,wrapper,20260811,,,PASS,2.10.0.post4.dev20260715,2.10.0+cpu,3.2.0,r3_sort_tie,True,True
9.1.0,bias_induced_tie,5,Ascend950PR_957b,True,True,,10,1,,512,,,,56,correctness,,wrapper,20260811,,,PASS,2.10.0.post4.dev20260715,2.10.0+cpu,3.2.0,r4_bias_hoist,True,True
9.1.0,bias_induced_tie,5,Ascend950PR_957b,True,True,,10,1,,512,,,,56,correctness,,wrapper,20260811,,,PASS,2.10.0.post4.dev20260715,2.10.0+cpu,3.2.0,r5_dispatch,True,True
9.1.0,bias_induced_tie,5,Ascend950PR_957b,True,True,,10,1,,512,,,,56,correctness,,wrapper,20260811,,,PASS,2.10.0.post4.dev20260715,2.10.0+cpu,3.2.0,r6_empirical_dispatch,True,True
9.1.0,bias_induced_tie,5,Ascend950PR_957b,True,True,,10,1,,512,,,,56,correctness,,wrapper,20260811,,,PASS,2.10.0.post4.dev20260715,2.10.0+cpu,3.2.0,r7_vector_tie_recovery,True,True
9.1.0,bias_induced_tie,5,Ascend950PR_957b,True,True,,10,1,,512,,,,56,correctness,,wrapper,20260811,,,PASS,2.10.0.post4.dev20260715,2.10.0+cpu,3.2.0,r8_safe_vector_dispatch,True,True
9.1.0,bias_induced_tie,5,Ascend950PR_957b,True,True,,10,1,,512,,,,56,correctness,,wrapper,20260811,,,PASS,2.10.0.post4.dev20260715,2.10.0+cpu,3.2.0,r9_pair_tie_recovery,True,True
9.1.0,bias_induced_tie,5,Ascend950PR_957b,True,True,,10,1,,512,,,,56,correctness,,wrapper,20260811,,,PASS,2.10.0.post4.dev20260715,2.10.0+cpu,3.2.0,r10_group_rank_threshold,True,True
9.1.0,bias_induced_tie,5,Ascend950PR_957b,True,True,,10,1,,512,,,,56,correctness,,wrapper,20260811,,,PASS,2.10.0.post4.dev20260715,2.10.0+cpu,3.2.0,r11_packed_exact_sort,True,True
9.1.0,bias_induced_tie,5,Ascend950PR_957b,True,True,,10,1,,512,,,,56,correctness,,wrapper,20260811,,,PASS,2.10.0.post4.dev20260715,2.10.0+cpu,3.2.0,r12_two_row_tile,True,True
9.1.0,bias_induced_tie,5,Ascend950PR_957b,True,True,,10,1,,512,,,,56,correctness,,wrapper,20260811,,,PASS,2.10.0.post4.dev20260715,2.10.0+cpu,3.2.0,r13_fp32_rank_reduce,True,True
9.1.0,bias_induced_tie,5,Ascend950PR_957b,True,True,,10,1,,512,,,,56,correctness,,wrapper,20260811,,,PASS,2.10.0.post4.dev20260715,2.10.0+cpu,3.2.0,r14_priority_argmax,True,True
9.1.0,bias_induced_tie,5,Ascend950PR_957b,True,True,,10,1,,512,,,,56,correctness,,wrapper,20260811,,,PASS,2.10.0.post4.dev20260715,2.10.0+cpu,3.2.0,r15_unique_top10_fastpath,True,True
9.1.0,bias_induced_tie,5,Ascend950PR_957b,True,True,,10,1,,512,,,,56,correctness,,wrapper,20260811,,,PASS,2.10.0.post4.dev20260715,2.10.0+cpu,3.2.0,r16_split_unique_recovery,True,True
9.1.0,bias_induced_tie,5,Ascend950PR_957b,True,True,,10,1,,512,,,,56,correctness,,wrapper,20260811,,,PASS,2.10.0.post4.dev20260715,2.10.0+cpu,3.2.0,r17_parallel_priority_argmax,True,True
9.1.0,bias_induced_tie,5,Ascend950PR_957b,True,True,,10,1,,512,,,,56,correctness,,wrapper,20260811,,,PASS,2.10.0.post4.dev20260715,2.10.0+cpu,3.2.0,r18_hierarchical_partial_sort,True,True
9.1.0,bias_induced_tie,5,Ascend950PR_957b,True,True,,10,1,,512,,,,56,correctness,,wrapper,20260811,,,PASS,2.10.0.post4.dev20260715,2.10.0+cpu,3.2.0,r19_unique_id_sum,True,True
9.1.0,bias_induced_tie,5,Ascend950PR_957b,True,True,,10,1,,512,,,,56,correctness,,wrapper,20260811,,,PASS,2.10.0.post4.dev20260715,2.10.0+cpu,3.2.0,r20_iterative_rank1_maxarg,True,True
9.1.0,nan_at_least_k_finite,5,Ascend950PR_957b,True,True,,10,1,,512,,,,56,correctness,,wrapper,20260811,,,PASS,2.10.0.post4.dev20260715,2.10.0+cpu,3.2.0,r0_legacy,True,True
9.1.0,nan_at_least_k_finite,5,Ascend950PR_957b,True,True,,10,1,,512,,,,56,correctness,,wrapper,20260811,,,PASS,2.10.0.post4.dev20260715,2.10.0+cpu,3.2.0,r1_constexpr,True,True
9.1.0,nan_at_least_k_finite,5,Ascend950PR_957b,True,True,,10,1,,512,,,,56,correctness,,wrapper,20260811,,,PASS,2.10.0.post4.dev20260715,2.10.0+cpu,3.2.0,r2_core_partition,True,True
9.1.0,nan_at_least_k_finite,5,Ascend950PR_957b,True,True,,10,1,,512,,,,56,correctness,,wrapper,20260811,,,PASS,2.10.0.post4.dev20260715,2.10.0+cpu,3.2.0,r3_sort_tie,True,True
9.1.0,nan_at_least_k_finite,5,Ascend950PR_957b,True,True,,10,1,,512,,,,56,correctness,,wrapper,20260811,,,PASS,2.10.0.post4.dev20260715,2.10.0+cpu,3.2.0,r4_bias_hoist,True,True
9.1.0,nan_at_least_k_finite,5,Ascend950PR_957b,True,True,,10,1,,512,,,,56,correctness,,wrapper,20260811,,,PASS,2.10.0.post4.dev20260715,2.10.0+cpu,3.2.0,r5_dispatch,True,True
9.1.0,nan_at_least_k_finite,5,Ascend950PR_957b,True,True,,10,1,,512,,,,56,correctness,,wrapper,20260811,,,PASS,2.10.0.post4.dev20260715,2.10.0+cpu,3.2.0,r6_empirical_dispatch,True,True
9.1.0,nan_at_least_k_finite,5,Ascend950PR_957b,True,True,,10,1,,512,,,,56,correctness,,wrapper,20260811,,,PASS,2.10.0.post4.dev20260715,2.10.0+cpu,3.2.0,r7_vector_tie_recovery,True,True
9.1.0,nan_at_least_k_finite,5,Ascend950PR_957b,True,True,,10,1,,512,,,,56,correctness,,wrapper,20260811,,,PASS,2.10.0.post4.dev20260715,2.10.0+cpu,3.2.0,r8_safe_vector_dispatch,True,True
9.1.0,nan_at_least_k_finite,5,Ascend950PR_957b,True,True,,10,1,,512,,,,56,correctness,,wrapper,20260811,,,PASS,2.10.0.post4.dev20260715,2.10.0+cpu,3.2.0,r9_pair_tie_recovery,True,True
9.1.0,nan_at_least_k_finite,5,Ascend950PR_957b,True,True,,10,1,,512,,,,56,correctness,,wrapper,20260811,,,PASS,2.10.0.post4.dev20260715,2.10.0+cpu,3.2.0,r10_group_rank_threshold,True,True
9.1.0,nan_at_least_k_finite,5,Ascend950PR_957b,True,True,,10,1,,512,,,,56,correctness,,wrapper,20260811,,,PASS,2.10.0.post4.dev20260715,2.10.0+cpu,3.2.0,r11_packed_exact_sort,True,True
9.1.0,nan_at_least_k_finite,5,Ascend950PR_957b,True,True,,10,1,,512,,,,56,correctness,,wrapper,20260811,,,PASS,2.10.0.post4.dev20260715,2.10.0+cpu,3.2.0,r12_two_row_tile,True,True
9.1.0,nan_at_least_k_finite,5,Ascend950PR_957b,True,True,,10,1,,512,,,,56,correctness,,wrapper,20260811,,,PASS,2.10.0.post4.dev20260715,2.10.0+cpu,3.2.0,r13_fp32_rank_reduce,True,True
9.1.0,nan_at_least_k_finite,5,Ascend950PR_957b,True,True,,10,1,,512,,,,56,correctness,,wrapper,20260811,,,PASS,2.10.0.post4.dev20260715,2.10.0+cpu,3.2.0,r14_priority_argmax,True,True
9.1.0,nan_at_least_k_finite,5,Ascend950PR_957b,True,True,,10,1,,512,,,,56,correctness,,wrapper,20260811,,,PASS,2.10.0.post4.dev20260715,2.10.0+cpu,3.2.0,r15_unique_top10_fastpath,True,True
9.1.0,nan_at_least_k_finite,5,Ascend950PR_957b,True,True,,10,1,,512,,,,56,correctness,,wrapper,20260811,,,PASS,2.10.0.post4.dev20260715,2.10.0+cpu,3.2.0,r16_split_unique_recovery,True,True
9.1.0,nan_at_least_k_finite,5,Ascend950PR_957b,True,True,,10,1,,512,,,,56,correctness,,wrapper,20260811,,,PASS,2.10.0.post4.dev20260715,2.10.0+cpu,3.2.0,r17_parallel_priority_argmax,True,True
9.1.0,nan_at_least_k_finite,5,Ascend950PR_957b,True,True,,10,1,,512,,,,56,correctness,,wrapper,20260811,,,PASS,2.10.0.post4.dev20260715,2.10.0+cpu,3.2.0,r18_hierarchical_partial_sort,True,True
9.1.0,nan_at_least_k_finite,5,Ascend950PR_957b,True,True,,10,1,,512,,,,56,correctness,,wrapper,20260811,,,PASS,2.10.0.post4.dev20260715,2.10.0+cpu,3.2.0,r19_unique_id_sum,True,True
9.1.0,nan_at_least_k_finite,5,Ascend950PR_957b,True,True,,10,1,,512,,,,56,correctness,,wrapper,20260811,,,PASS,2.10.0.post4.dev20260715,2.10.0+cpu,3.2.0,r20_iterative_rank1_maxarg,True,True
9.1.0,nan_less_than_k_finite,5,Ascend950PR_957b,True,True,,10,1,,512,,,,56,correctness,,wrapper,20260811,,,PASS,2.10.0.post4.dev20260715,2.10.0+cpu,3.2.0,r0_legacy,True,True
9.1.0,nan_less_than_k_finite,5,Ascend950PR_957b,True,True,,10,1,,512,,,,56,correctness,,wrapper,20260811,,,PASS,2.10.0.post4.dev20260715,2.10.0+cpu,3.2.0,r1_constexpr,True,True
9.1.0,nan_less_than_k_finite,5,Ascend950PR_957b,True,True,,10,1,,512,,,,56,correctness,,wrapper,20260811,,,PASS,2.10.0.post4.dev20260715,2.10.0+cpu,3.2.0,r2_core_partition,True,True
9.1.0,nan_less_than_k_finite,5,Ascend950PR_957b,True,True,,10,1,,512,,,,56,correctness,,wrapper,20260811,,,PASS,2.10.0.post4.dev20260715,2.10.0+cpu,3.2.0,r3_sort_tie,True,True
9.1.0,nan_less_than_k_finite,5,Ascend950PR_957b,True,True,,10,1,,512,,,,56,correctness,,wrapper,20260811,,,PASS,2.10.0.post4.dev20260715,2.10.0+cpu,3.2.0,r4_bias_hoist,True,True
9.1.0,nan_less_than_k_finite,5,Ascend950PR_957b,True,True,,10,1,,512,,,,56,correctness,,wrapper,20260811,,,PASS,2.10.0.post4.dev20260715,2.10.0+cpu,3.2.0,r5_dispatch,True,True
9.1.0,nan_less_than_k_finite,5,Ascend950PR_957b,True,True,,10,1,,512,,,,56,correctness,,wrapper,20260811,,,PASS,2.10.0.post4.dev20260715,2.10.0+cpu,3.2.0,r6_empirical_dispatch,True,True
9.1.0,nan_less_than_k_finite,5,Ascend950PR_957b,True,True,,10,1,,512,,,,56,correctness,,wrapper,20260811,,,PASS,2.10.0.post4.dev20260715,2.10.0+cpu,3.2.0,r7_vector_tie_recovery,True,True
9.1.0,nan_less_than_k_finite,5,Ascend950PR_957b,True,True,,10,1,,512,,,,56,correctness,,wrapper,20260811,,,PASS,2.10.0.post4.dev20260715,2.10.0+cpu,3.2.0,r8_safe_vector_dispatch,True,True
9.1.0,nan_less_than_k_finite,5,Ascend950PR_957b,True,True,,10,1,,512,,,,56,correctness,,wrapper,20260811,,,PASS,2.10.0.post4.dev20260715,2.10.0+cpu,3.2.0,r9_pair_tie_recovery,True,True
9.1.0,nan_less_than_k_finite,5,Ascend950PR_957b,True,True,,10,1,,512,,,,56,correctness,,wrapper,20260811,,,PASS,2.10.0.post4.dev20260715,2.10.0+cpu,3.2.0,r10_group_rank_threshold,True,True
9.1.0,nan_less_than_k_finite,5,Ascend950PR_957b,True,True,,10,1,,512,,,,56,correctness,,wrapper,20260811,,,PASS,2.10.0.post4.dev20260715,2.10.0+cpu,3.2.0,r11_packed_exact_sort,True,True
9.1.0,nan_less_than_k_finite,5,Ascend950PR_957b,True,True,,10,1,,512,,,,56,correctness,,wrapper,20260811,,,PASS,2.10.0.post4.dev20260715,2.10.0+cpu,3.2.0,r12_two_row_tile,True,True
9.1.0,nan_less_than_k_finite,5,Ascend950PR_957b,True,True,,10,1,,512,,,,56,correctness,,wrapper,20260811,,,PASS,2.10.0.post4.dev20260715,2.10.0+cpu,3.2.0,r13_fp32_rank_reduce,True,True
9.1.0,nan_less_than_k_finite,5,Ascend950PR_957b,True,True,,10,1,,512,,,,56,correctness,,wrapper,20260811,,,PASS,2.10.0.post4.dev20260715,2.10.0+cpu,3.2.0,r14_priority_argmax,True,True
9.1.0,nan_less_than_k_finite,5,Ascend950PR_957b,True,True,,10,1,,512,,,,56,correctness,,wrapper,20260811,,,PASS,2.10.0.post4.dev20260715,2.10.0+cpu,3.2.0,r15_unique_top10_fastpath,True,True
9.1.0,nan_less_than_k_finite,5,Ascend950PR_957b,True,True,,10,1,,512,,,,56,correctness,,wrapper,20260811,,,PASS,2.10.0.post4.dev20260715,2.10.0+cpu,3.2.0,r16_split_unique_recovery,True,True
9.1.0,nan_less_than_k_finite,5,Ascend950PR_957b,True,True,,10,1,,512,,,,56,correctness,,wrapper,20260811,,,PASS,2.10.0.post4.dev20260715,2.10.0+cpu,3.2.0,r17_parallel_priority_argmax,True,True
9.1.0,nan_less_than_k_finite,5,Ascend950PR_957b,True,True,,10,1,,512,,,,56,correctness,,wrapper,20260811,,,PASS,2.10.0.post4.dev20260715,2.10.0+cpu,3.2.0,r18_hierarchical_partial_sort,True,True
9.1.0,nan_less_than_k_finite,5,Ascend950PR_957b,True,True,,10,1,,512,,,,56,correctness,,wrapper,20260811,,,PASS,2.10.0.post4.dev20260715,2.10.0+cpu,3.2.0,r19_unique_id_sum,True,True
9.1.0,nan_less_than_k_finite,5,Ascend950PR_957b,True,True,,10,1,,512,,,,56,correctness,,wrapper,20260811,,,PASS,2.10.0.post4.dev20260715,2.10.0+cpu,3.2.0,r20_iterative_rank1_maxarg,True,True
9.1.0,all_nan,5,Ascend950PR_957b,True,True,,10,1,,512,,,,56,correctness,,wrapper,20260811,,,PASS,2.10.0.post4.dev20260715,2.10.0+cpu,3.2.0,r0_legacy,True,True
9.1.0,all_nan,5,Ascend950PR_957b,True,True,,10,1,,512,,,,56,correctness,,wrapper,20260811,,,PASS,2.10.0.post4.dev20260715,2.10.0+cpu,3.2.0,r1_constexpr,True,True
9.1.0,all_nan,5,Ascend950PR_957b,True,True,,10,1,,512,,,,56,correctness,,wrapper,20260811,,,PASS,2.10.0.post4.dev20260715,2.10.0+cpu,3.2.0,r2_core_partition,True,True
9.1.0,all_nan,5,Ascend950PR_957b,True,True,,10,1,,512,,,,56,correctness,,wrapper,20260811,,,PASS,2.10.0.post4.dev20260715,2.10.0+cpu,3.2.0,r3_sort_tie,True,True
9.1.0,all_nan,5,Ascend950PR_957b,True,True,,10,1,,512,,,,56,correctness,,wrapper,20260811,,,PASS,2.10.0.post4.dev20260715,2.10.0+cpu,3.2.0,r4_bias_hoist,True,True
9.1.0,all_nan,5,Ascend950PR_957b,True,True,,10,1,,512,,,,56,correctness,,wrapper,20260811,,,PASS,2.10.0.post4.dev20260715,2.10.0+cpu,3.2.0,r5_dispatch,True,True
9.1.0,all_nan,5,Ascend950PR_957b,True,True,,10,1,,512,,,,56,correctness,,wrapper,20260811,,,PASS,2.10.0.post4.dev20260715,2.10.0+cpu,3.2.0,r6_empirical_dispatch,True,True
9.1.0,all_nan,5,Ascend950PR_957b,True,True,,10,1,,512,,,,56,correctness,,wrapper,20260811,,,PASS,2.10.0.post4.dev20260715,2.10.0+cpu,3.2.0,r7_vector_tie_recovery,True,True
9.1.0,all_nan,5,Ascend950PR_957b,True,True,,10,1,,512,,,,56,correctness,,wrapper,20260811,,,PASS,2.10.0.post4.dev20260715,2.10.0+cpu,3.2.0,r8_safe_vector_dispatch,True,True
9.1.0,all_nan,5,Ascend950PR_957b,True,True,,10,1,,512,,,,56,correctness,,wrapper,20260811,,,PASS,2.10.0.post4.dev20260715,2.10.0+cpu,3.2.0,r9_pair_tie_recovery,True,True
9.1.0,all_nan,5,Ascend950PR_957b,True,True,,10,1,,512,,,,56,correctness,,wrapper,20260811,,,PASS,2.10.0.post4.dev20260715,2.10.0+cpu,3.2.0,r10_group_rank_threshold,True,True
9.1.0,all_nan,5,Ascend950PR_957b,True,True,,10,1,,512,,,,56,correctness,,wrapper,20260811,,,PASS,2.10.0.post4.dev20260715,2.10.0+cpu,3.2.0,r11_packed_exact_sort,True,True
9.1.0,all_nan,5,Ascend950PR_957b,True,True,,10,1,,512,,,,56,correctness,,wrapper,20260811,,,PASS,2.10.0.post4.dev20260715,2.10.0+cpu,3.2.0,r12_two_row_tile,True,True
9.1.0,all_nan,5,Ascend950PR_957b,True,True,,10,1,,512,,,,56,correctness,,wrapper,20260811,,,PASS,2.10.0.post4.dev20260715,2.10.0+cpu,3.2.0,r13_fp32_rank_reduce,True,True
9.1.0,all_nan,5,Ascend950PR_957b,True,True,,10,1,,512,,,,56,correctness,,wrapper,20260811,,,PASS,2.10.0.post4.dev20260715,2.10.0+cpu,3.2.0,r14_priority_argmax,True,True
9.1.0,all_nan,5,Ascend950PR_957b,True,True,,10,1,,512,,,,56,correctness,,wrapper,20260811,,,PASS,2.10.0.post4.dev20260715,2.10.0+cpu,3.2.0,r15_unique_top10_fastpath,True,True
9.1.0,all_nan,5,Ascend950PR_957b,True,True,,10,1,,512,,,,56,correctness,,wrapper,20260811,,,PASS,2.10.0.post4.dev20260715,2.10.0+cpu,3.2.0,r16_split_unique_recovery,True,True
9.1.0,all_nan,5,Ascend950PR_957b,True,True,,10,1,,512,,,,56,correctness,,wrapper,20260811,,,PASS,2.10.0.post4.dev20260715,2.10.0+cpu,3.2.0,r17_parallel_priority_argmax,True,True
9.1.0,all_nan,5,Ascend950PR_957b,True,True,,10,1,,512,,,,56,correctness,,wrapper,20260811,,,PASS,2.10.0.post4.dev20260715,2.10.0+cpu,3.2.0,r18_hierarchical_partial_sort,True,True
9.1.0,all_nan,5,Ascend950PR_957b,True,True,,10,1,,512,,,,56,correctness,,wrapper,20260811,,,PASS,2.10.0.post4.dev20260715,2.10.0+cpu,3.2.0,r19_unique_id_sum,True,True
9.1.0,all_nan,5,Ascend950PR_957b,True,True,,10,1,,512,,,,56,correctness,,wrapper,20260811,,,PASS,2.10.0.post4.dev20260715,2.10.0+cpu,3.2.0,r20_iterative_rank1_maxarg,True,True
9.1.0,score_infinities,5,Ascend950PR_957b,True,True,,10,1,,512,,,,56,correctness,,wrapper,20260811,,,PASS,2.10.0.post4.dev20260715,2.10.0+cpu,3.2.0,r0_legacy,True,True
9.1.0,score_infinities,5,Ascend950PR_957b,True,True,,10,1,,512,,,,56,correctness,,wrapper,20260811,,,PASS,2.10.0.post4.dev20260715,2.10.0+cpu,3.2.0,r1_constexpr,True,True
9.1.0,score_infinities,5,Ascend950PR_957b,True,True,,10,1,,512,,,,56,correctness,,wrapper,20260811,,,PASS,2.10.0.post4.dev20260715,2.10.0+cpu,3.2.0,r2_core_partition,True,True
9.1.0,score_infinities,5,Ascend950PR_957b,True,True,,10,1,,512,,,,56,correctness,,wrapper,20260811,,,PASS,2.10.0.post4.dev20260715,2.10.0+cpu,3.2.0,r3_sort_tie,True,True
9.1.0,score_infinities,5,Ascend950PR_957b,True,True,,10,1,,512,,,,56,correctness,,wrapper,20260811,,,PASS,2.10.0.post4.dev20260715,2.10.0+cpu,3.2.0,r4_bias_hoist,True,True
9.1.0,score_infinities,5,Ascend950PR_957b,True,True,,10,1,,512,,,,56,correctness,,wrapper,20260811,,,PASS,2.10.0.post4.dev20260715,2.10.0+cpu,3.2.0,r5_dispatch,True,True
9.1.0,score_infinities,5,Ascend950PR_957b,True,True,,10,1,,512,,,,56,correctness,,wrapper,20260811,,,PASS,2.10.0.post4.dev20260715,2.10.0+cpu,3.2.0,r6_empirical_dispatch,True,True
9.1.0,score_infinities,5,Ascend950PR_957b,True,True,,10,1,,512,,,,56,correctness,,wrapper,20260811,,,PASS,2.10.0.post4.dev20260715,2.10.0+cpu,3.2.0,r7_vector_tie_recovery,True,True
9.1.0,score_infinities,5,Ascend950PR_957b,True,True,,10,1,,512,,,,56,correctness,,wrapper,20260811,,,PASS,2.10.0.post4.dev20260715,2.10.0+cpu,3.2.0,r8_safe_vector_dispatch,True,True
9.1.0,score_infinities,5,Ascend950PR_957b,True,True,,10,1,,512,,,,56,correctness,,wrapper,20260811,,,PASS,2.10.0.post4.dev20260715,2.10.0+cpu,3.2.0,r9_pair_tie_recovery,True,True
9.1.0,score_infinities,5,Ascend950PR_957b,True,True,,10,1,,512,,,,56,correctness,,wrapper,20260811,,,PASS,2.10.0.post4.dev20260715,2.10.0+cpu,3.2.0,r10_group_rank_threshold,True,True
9.1.0,score_infinities,5,Ascend950PR_957b,True,True,,10,1,,512,,,,56,correctness,,wrapper,20260811,,,PASS,2.10.0.post4.dev20260715,2.10.0+cpu,3.2.0,r11_packed_exact_sort,True,True
9.1.0,score_infinities,5,Ascend950PR_957b,True,True,,10,1,,512,,,,56,correctness,,wrapper,20260811,,,PASS,2.10.0.post4.dev20260715,2.10.0+cpu,3.2.0,r12_two_row_tile,True,True
9.1.0,score_infinities,5,Ascend950PR_957b,True,True,,10,1,,512,,,,56,correctness,,wrapper,20260811,,,PASS,2.10.0.post4.dev20260715,2.10.0+cpu,3.2.0,r13_fp32_rank_reduce,True,True
9.1.0,score_infinities,5,Ascend950PR_957b,True,True,,10,1,,512,,,,56,correctness,,wrapper,20260811,,,PASS,2.10.0.post4.dev20260715,2.10.0+cpu,3.2.0,r14_priority_argmax,True,True
9.1.0,score_infinities,5,Ascend950PR_957b,True,True,,10,1,,512,,,,56,correctness,,wrapper,20260811,,,PASS,2.10.0.post4.dev20260715,2.10.0+cpu,3.2.0,r15_unique_top10_fastpath,True,True
9.1.0,score_infinities,5,Ascend950PR_957b,True,True,,10,1,,512,,,,56,correctness,,wrapper,20260811,,,PASS,2.10.0.post4.dev20260715,2.10.0+cpu,3.2.0,r16_split_unique_recovery,True,True
9.1.0,score_infinities,5,Ascend950PR_957b,True,True,,10,1,,512,,,,56,correctness,,wrapper,20260811,,,PASS,2.10.0.post4.dev20260715,2.10.0+cpu,3.2.0,r17_parallel_priority_argmax,True,True
9.1.0,score_infinities,5,Ascend950PR_957b,True,True,,10,1,,512,,,,56,correctness,,wrapper,20260811,,,PASS,2.10.0.post4.dev20260715,2.10.0+cpu,3.2.0,r18_hierarchical_partial_sort,True,True
9.1.0,score_infinities,5,Ascend950PR_957b,True,True,,10,1,,512,,,,56,correctness,,wrapper,20260811,,,PASS,2.10.0.post4.dev20260715,2.10.0+cpu,3.2.0,r19_unique_id_sum,True,True
9.1.0,score_infinities,5,Ascend950PR_957b,True,True,,10,1,,512,,,,56,correctness,,wrapper,20260811,,,PASS,2.10.0.post4.dev20260715,2.10.0+cpu,3.2.0,r20_iterative_rank1_maxarg,True,True
9.1.0,one_ulp,5,Ascend950PR_957b,True,True,,10,1,,512,,,,56,correctness,,wrapper,20260811,,,PASS,2.10.0.post4.dev20260715,2.10.0+cpu,3.2.0,r0_legacy,True,True
9.1.0,one_ulp,5,Ascend950PR_957b,True,True,,10,1,,512,,,,56,correctness,,wrapper,20260811,,,PASS,2.10.0.post4.dev20260715,2.10.0+cpu,3.2.0,r1_constexpr,True,True
9.1.0,one_ulp,5,Ascend950PR_957b,True,True,,10,1,,512,,,,56,correctness,,wrapper,20260811,,,PASS,2.10.0.post4.dev20260715,2.10.0+cpu,3.2.0,r2_core_partition,True,True
9.1.0,one_ulp,5,Ascend950PR_957b,True,True,,10,1,,512,,,,56,correctness,,wrapper,20260811,,,PASS,2.10.0.post4.dev20260715,2.10.0+cpu,3.2.0,r3_sort_tie,True,True
9.1.0,one_ulp,5,Ascend950PR_957b,True,True,,10,1,,512,,,,56,correctness,,wrapper,20260811,,,PASS,2.10.0.post4.dev20260715,2.10.0+cpu,3.2.0,r4_bias_hoist,True,True
9.1.0,one_ulp,5,Ascend950PR_957b,True,True,,10,1,,512,,,,56,correctness,,wrapper,20260811,,,PASS,2.10.0.post4.dev20260715,2.10.0+cpu,3.2.0,r5_dispatch,True,True
9.1.0,one_ulp,5,Ascend950PR_957b,True,True,,10,1,,512,,,,56,correctness,,wrapper,20260811,,,PASS,2.10.0.post4.dev20260715,2.10.0+cpu,3.2.0,r6_empirical_dispatch,True,True
9.1.0,one_ulp,5,Ascend950PR_957b,True,True,,10,1,,512,,,,56,correctness,,wrapper,20260811,,,PASS,2.10.0.post4.dev20260715,2.10.0+cpu,3.2.0,r7_vector_tie_recovery,True,True
9.1.0,one_ulp,5,Ascend950PR_957b,True,True,,10,1,,512,,,,56,correctness,,wrapper,20260811,,,PASS,2.10.0.post4.dev20260715,2.10.0+cpu,3.2.0,r8_safe_vector_dispatch,True,True
9.1.0,one_ulp,5,Ascend950PR_957b,True,True,,10,1,,512,,,,56,correctness,,wrapper,20260811,,,PASS,2.10.0.post4.dev20260715,2.10.0+cpu,3.2.0,r9_pair_tie_recovery,True,True
9.1.0,one_ulp,5,Ascend950PR_957b,True,True,,10,1,,512,,,,56,correctness,,wrapper,20260811,,,PASS,2.10.0.post4.dev20260715,2.10.0+cpu,3.2.0,r10_group_rank_threshold,True,True
9.1.0,one_ulp,5,Ascend950PR_957b,True,True,,10,1,,512,,,,56,correctness,,wrapper,20260811,,,PASS,2.10.0.post4.dev20260715,2.10.0+cpu,3.2.0,r11_packed_exact_sort,True,True
9.1.0,one_ulp,5,Ascend950PR_957b,True,True,,10,1,,512,,,,56,correctness,,wrapper,20260811,,,PASS,2.10.0.post4.dev20260715,2.10.0+cpu,3.2.0,r12_two_row_tile,True,True
9.1.0,one_ulp,5,Ascend950PR_957b,True,True,,10,1,,512,,,,56,correctness,,wrapper,20260811,,,PASS,2.10.0.post4.dev20260715,2.10.0+cpu,3.2.0,r13_fp32_rank_reduce,True,True
9.1.0,one_ulp,5,Ascend950PR_957b,True,True,,10,1,,512,,,,56,correctness,,wrapper,20260811,,,PASS,2.10.0.post4.dev20260715,2.10.0+cpu,3.2.0,r14_priority_argmax,True,True
9.1.0,one_ulp,5,Ascend950PR_957b,True,True,,10,1,,512,,,,56,correctness,,wrapper,20260811,,,PASS,2.10.0.post4.dev20260715,2.10.0+cpu,3.2.0,r15_unique_top10_fastpath,True,True
9.1.0,one_ulp,5,Ascend950PR_957b,True,True,,10,1,,512,,,,56,correctness,,wrapper,20260811,,,PASS,2.10.0.post4.dev20260715,2.10.0+cpu,3.2.0,r16_split_unique_recovery,True,True
9.1.0,one_ulp,5,Ascend950PR_957b,True,True,,10,1,,512,,,,56,correctness,,wrapper,20260811,,,PASS,2.10.0.post4.dev20260715,2.10.0+cpu,3.2.0,r17_parallel_priority_argmax,True,True
9.1.0,one_ulp,5,Ascend950PR_957b,True,True,,10,1,,512,,,,56,correctness,,wrapper,20260811,,,PASS,2.10.0.post4.dev20260715,2.10.0+cpu,3.2.0,r18_hierarchical_partial_sort,True,True
9.1.0,one_ulp,5,Ascend950PR_957b,True,True,,10,1,,512,,,,56,correctness,,wrapper,20260811,,,PASS,2.10.0.post4.dev20260715,2.10.0+cpu,3.2.0,r19_unique_id_sum,True,True
9.1.0,one_ulp,5,Ascend950PR_957b,True,True,,10,1,,512,,,,56,correctness,,wrapper,20260811,,,PASS,2.10.0.post4.dev20260715,2.10.0+cpu,3.2.0,r20_iterative_rank1_maxarg,True,True
9.1.0,signed_zero,5,Ascend950PR_957b,True,True,,10,1,,512,,,,56,correctness,,wrapper,20260811,,,PASS,2.10.0.post4.dev20260715,2.10.0+cpu,3.2.0,r0_legacy,True,True
9.1.0,signed_zero,5,Ascend950PR_957b,True,True,,10,1,,512,,,,56,correctness,,wrapper,20260811,,,PASS,2.10.0.post4.dev20260715,2.10.0+cpu,3.2.0,r1_constexpr,True,True
9.1.0,signed_zero,5,Ascend950PR_957b,True,True,,10,1,,512,,,,56,correctness,,wrapper,20260811,,,PASS,2.10.0.post4.dev20260715,2.10.0+cpu,3.2.0,r2_core_partition,True,True
9.1.0,signed_zero,5,Ascend950PR_957b,True,True,,10,1,,512,,,,56,correctness,,wrapper,20260811,,,PASS,2.10.0.post4.dev20260715,2.10.0+cpu,3.2.0,r3_sort_tie,True,True
9.1.0,signed_zero,5,Ascend950PR_957b,True,True,,10,1,,512,,,,56,correctness,,wrapper,20260811,,,PASS,2.10.0.post4.dev20260715,2.10.0+cpu,3.2.0,r4_bias_hoist,True,True
9.1.0,signed_zero,5,Ascend950PR_957b,True,True,,10,1,,512,,,,56,correctness,,wrapper,20260811,,,PASS,2.10.0.post4.dev20260715,2.10.0+cpu,3.2.0,r5_dispatch,True,True
9.1.0,signed_zero,5,Ascend950PR_957b,True,True,,10,1,,512,,,,56,correctness,,wrapper,20260811,,,PASS,2.10.0.post4.dev20260715,2.10.0+cpu,3.2.0,r6_empirical_dispatch,True,True
9.1.0,signed_zero,5,Ascend950PR_957b,True,True,,10,1,,512,,,,56,correctness,,wrapper,20260811,,,PASS,2.10.0.post4.dev20260715,2.10.0+cpu,3.2.0,r7_vector_tie_recovery,True,True
9.1.0,signed_zero,5,Ascend950PR_957b,True,True,,10,1,,512,,,,56,correctness,,wrapper,20260811,,,PASS,2.10.0.post4.dev20260715,2.10.0+cpu,3.2.0,r8_safe_vector_dispatch,True,True
9.1.0,signed_zero,5,Ascend950PR_957b,True,True,,10,1,,512,,,,56,correctness,,wrapper,20260811,,,PASS,2.10.0.post4.dev20260715,2.10.0+cpu,3.2.0,r9_pair_tie_recovery,True,True
9.1.0,signed_zero,5,Ascend950PR_957b,True,True,,10,1,,512,,,,56,correctness,,wrapper,20260811,,,PASS,2.10.0.post4.dev20260715,2.10.0+cpu,3.2.0,r10_group_rank_threshold,True,True
9.1.0,signed_zero,5,Ascend950PR_957b,True,True,,10,1,,512,,,,56,correctness,,wrapper,20260811,,,PASS,2.10.0.post4.dev20260715,2.10.0+cpu,3.2.0,r11_packed_exact_sort,True,True
9.1.0,signed_zero,5,Ascend950PR_957b,True,True,,10,1,,512,,,,56,correctness,,wrapper,20260811,,,PASS,2.10.0.post4.dev20260715,2.10.0+cpu,3.2.0,r12_two_row_tile,True,True
9.1.0,signed_zero,5,Ascend950PR_957b,True,True,,10,1,,512,,,,56,correctness,,wrapper,20260811,,,PASS,2.10.0.post4.dev20260715,2.10.0+cpu,3.2.0,r13_fp32_rank_reduce,True,True
9.1.0,signed_zero,5,Ascend950PR_957b,True,True,,10,1,,512,,,,56,correctness,,wrapper,20260811,,,PASS,2.10.0.post4.dev20260715,2.10.0+cpu,3.2.0,r14_priority_argmax,True,True
9.1.0,signed_zero,5,Ascend950PR_957b,True,True,,10,1,,512,,,,56,correctness,,wrapper,20260811,,,PASS,2.10.0.post4.dev20260715,2.10.0+cpu,3.2.0,r15_unique_top10_fastpath,True,True
9.1.0,signed_zero,5,Ascend950PR_957b,True,True,,10,1,,512,,,,56,correctness,,wrapper,20260811,,,PASS,2.10.0.post4.dev20260715,2.10.0+cpu,3.2.0,r16_split_unique_recovery,True,True
9.1.0,signed_zero,5,Ascend950PR_957b,True,True,,10,1,,512,,,,56,correctness,,wrapper,20260811,,,PASS,2.10.0.post4.dev20260715,2.10.0+cpu,3.2.0,r17_parallel_priority_argmax,True,True
9.1.0,signed_zero,5,Ascend950PR_957b,True,True,,10,1,,512,,,,56,correctness,,wrapper,20260811,,,PASS,2.10.0.post4.dev20260715,2.10.0+cpu,3.2.0,r18_hierarchical_partial_sort,True,True
9.1.0,signed_zero,5,Ascend950PR_957b,True,True,,10,1,,512,,,,56,correctness,,wrapper,20260811,,,PASS,2.10.0.post4.dev20260715,2.10.0+cpu,3.2.0,r19_unique_id_sum,True,True
9.1.0,signed_zero,5,Ascend950PR_957b,True,True,,10,1,,512,,,,56,correctness,,wrapper,20260811,,,PASS,2.10.0.post4.dev20260715,2.10.0+cpu,3.2.0,r20_iterative_rank1_maxarg,True,True
9.1.0,random_zero_bias,5,Ascend950PR_957b,True,True,,10,7,,512,,,,56,correctness,,wrapper,20260811,,,PASS,2.10.0.post4.dev20260715,2.10.0+cpu,3.2.0,r0_legacy,True,True
9.1.0,random_zero_bias,5,Ascend950PR_957b,True,True,,10,7,,512,,,,56,correctness,,wrapper,20260811,,,PASS,2.10.0.post4.dev20260715,2.10.0+cpu,3.2.0,r1_constexpr,True,True
9.1.0,random_zero_bias,5,Ascend950PR_957b,True,True,,10,7,,512,,,,56,correctness,,wrapper,20260811,,,PASS,2.10.0.post4.dev20260715,2.10.0+cpu,3.2.0,r2_core_partition,True,True
9.1.0,random_zero_bias,5,Ascend950PR_957b,True,True,,10,7,,512,,,,56,correctness,,wrapper,20260811,,,PASS,2.10.0.post4.dev20260715,2.10.0+cpu,3.2.0,r3_sort_tie,True,True
9.1.0,random_zero_bias,5,Ascend950PR_957b,True,True,,10,7,,512,,,,56,correctness,,wrapper,20260811,,,PASS,2.10.0.post4.dev20260715,2.10.0+cpu,3.2.0,r4_bias_hoist,True,True
9.1.0,random_zero_bias,5,Ascend950PR_957b,True,True,,10,7,,512,,,,56,correctness,,wrapper,20260811,,,PASS,2.10.0.post4.dev20260715,2.10.0+cpu,3.2.0,r5_dispatch,True,True
9.1.0,random_zero_bias,5,Ascend950PR_957b,True,True,,10,7,,512,,,,56,correctness,,wrapper,20260811,,,PASS,2.10.0.post4.dev20260715,2.10.0+cpu,3.2.0,r6_empirical_dispatch,True,True
9.1.0,random_zero_bias,5,Ascend950PR_957b,True,True,,10,7,,512,,,,56,correctness,,wrapper,20260811,,,PASS,2.10.0.post4.dev20260715,2.10.0+cpu,3.2.0,r7_vector_tie_recovery,True,True
9.1.0,random_zero_bias,5,Ascend950PR_957b,True,True,,10,7,,512,,,,56,correctness,,wrapper,20260811,,,PASS,2.10.0.post4.dev20260715,2.10.0+cpu,3.2.0,r8_safe_vector_dispatch,True,True
9.1.0,random_zero_bias,5,Ascend950PR_957b,True,True,,10,7,,512,,,,56,correctness,,wrapper,20260811,,,PASS,2.10.0.post4.dev20260715,2.10.0+cpu,3.2.0,r9_pair_tie_recovery,True,True
9.1.0,random_zero_bias,5,Ascend950PR_957b,True,True,,10,7,,512,,,,56,correctness,,wrapper,20260811,,,PASS,2.10.0.post4.dev20260715,2.10.0+cpu,3.2.0,r10_group_rank_threshold,True,True
9.1.0,random_zero_bias,5,Ascend950PR_957b,True,True,,10,7,,512,,,,56,correctness,,wrapper,20260811,,,PASS,2.10.0.post4.dev20260715,2.10.0+cpu,3.2.0,r11_packed_exact_sort,True,True
9.1.0,random_zero_bias,5,Ascend950PR_957b,True,True,,10,7,,512,,,,56,correctness,,wrapper,20260811,,,PASS,2.10.0.post4.dev20260715,2.10.0+cpu,3.2.0,r12_two_row_tile,True,True
9.1.0,random_zero_bias,5,Ascend950PR_957b,True,True,,10,7,,512,,,,56,correctness,,wrapper,20260811,,,PASS,2.10.0.post4.dev20260715,2.10.0+cpu,3.2.0,r13_fp32_rank_reduce,True,True
9.1.0,random_zero_bias,5,Ascend950PR_957b,True,True,,10,7,,512,,,,56,correctness,,wrapper,20260811,,,PASS,2.10.0.post4.dev20260715,2.10.0+cpu,3.2.0,r14_priority_argmax,True,True
9.1.0,random_zero_bias,5,Ascend950PR_957b,True,True,,10,7,,512,,,,56,correctness,,wrapper,20260811,,,PASS,2.10.0.post4.dev20260715,2.10.0+cpu,3.2.0,r15_unique_top10_fastpath,True,True
9.1.0,random_zero_bias,5,Ascend950PR_957b,True,True,,10,7,,512,,,,56,correctness,,wrapper,20260811,,,PASS,2.10.0.post4.dev20260715,2.10.0+cpu,3.2.0,r16_split_unique_recovery,True,True
9.1.0,random_zero_bias,5,Ascend950PR_957b,True,True,,10,7,,512,,,,56,correctness,,wrapper,20260811,,,PASS,2.10.0.post4.dev20260715,2.10.0+cpu,3.2.0,r17_parallel_priority_argmax,True,True
9.1.0,random_zero_bias,5,Ascend950PR_957b,True,True,,10,7,,512,,,,56,correctness,,wrapper,20260811,,,PASS,2.10.0.post4.dev20260715,2.10.0+cpu,3.2.0,r18_hierarchical_partial_sort,True,True
9.1.0,random_zero_bias,5,Ascend950PR_957b,True,True,,10,7,,512,,,,56,correctness,,wrapper,20260811,,,PASS,2.10.0.post4.dev20260715,2.10.0+cpu,3.2.0,r19_unique_id_sum,True,True
9.1.0,random_zero_bias,5,Ascend950PR_957b,True,True,,10,7,,512,,,,56,correctness,,wrapper,20260811,,,PASS,2.10.0.post4.dev20260715,2.10.0+cpu,3.2.0,r20_iterative_rank1_maxarg,True,True
9.1.0,all_tie,5,Ascend950PR_957b,True,True,,10,7,,512,,,,56,correctness,,wrapper,20260811,,,PASS,2.10.0.post4.dev20260715,2.10.0+cpu,3.2.0,r0_legacy,True,True
9.1.0,all_tie,5,Ascend950PR_957b,True,True,,10,7,,512,,,,56,correctness,,wrapper,20260811,,,PASS,2.10.0.post4.dev20260715,2.10.0+cpu,3.2.0,r1_constexpr,True,True
9.1.0,all_tie,5,Ascend950PR_957b,True,True,,10,7,,512,,,,56,correctness,,wrapper,20260811,,,PASS,2.10.0.post4.dev20260715,2.10.0+cpu,3.2.0,r2_core_partition,True,True
9.1.0,all_tie,5,Ascend950PR_957b,True,True,,10,7,,512,,,,56,correctness,,wrapper,20260811,,,PASS,2.10.0.post4.dev20260715,2.10.0+cpu,3.2.0,r3_sort_tie,True,True
9.1.0,all_tie,5,Ascend950PR_957b,True,True,,10,7,,512,,,,56,correctness,,wrapper,20260811,,,PASS,2.10.0.post4.dev20260715,2.10.0+cpu,3.2.0,r4_bias_hoist,True,True
9.1.0,all_tie,5,Ascend950PR_957b,True,True,,10,7,,512,,,,56,correctness,,wrapper,20260811,,,PASS,2.10.0.post4.dev20260715,2.10.0+cpu,3.2.0,r5_dispatch,True,True
9.1.0,all_tie,5,Ascend950PR_957b,True,True,,10,7,,512,,,,56,correctness,,wrapper,20260811,,,PASS,2.10.0.post4.dev20260715,2.10.0+cpu,3.2.0,r6_empirical_dispatch,True,True
9.1.0,all_tie,5,Ascend950PR_957b,True,True,,10,7,,512,,,,56,correctness,,wrapper,20260811,,,PASS,2.10.0.post4.dev20260715,2.10.0+cpu,3.2.0,r7_vector_tie_recovery,True,True
9.1.0,all_tie,5,Ascend950PR_957b,True,True,,10,7,,512,,,,56,correctness,,wrapper,20260811,,,PASS,2.10.0.post4.dev20260715,2.10.0+cpu,3.2.0,r8_safe_vector_dispatch,True,True
9.1.0,all_tie,5,Ascend950PR_957b,True,True,,10,7,,512,,,,56,correctness,,wrapper,20260811,,,PASS,2.10.0.post4.dev20260715,2.10.0+cpu,3.2.0,r9_pair_tie_recovery,True,True
9.1.0,all_tie,5,Ascend950PR_957b,True,True,,10,7,,512,,,,56,correctness,,wrapper,20260811,,,PASS,2.10.0.post4.dev20260715,2.10.0+cpu,3.2.0,r10_group_rank_threshold,True,True
9.1.0,all_tie,5,Ascend950PR_957b,True,True,,10,7,,512,,,,56,correctness,,wrapper,20260811,,,PASS,2.10.0.post4.dev20260715,2.10.0+cpu,3.2.0,r11_packed_exact_sort,True,True
9.1.0,all_tie,5,Ascend950PR_957b,True,True,,10,7,,512,,,,56,correctness,,wrapper,20260811,,,PASS,2.10.0.post4.dev20260715,2.10.0+cpu,3.2.0,r12_two_row_tile,True,True
9.1.0,all_tie,5,Ascend950PR_957b,True,True,,10,7,,512,,,,56,correctness,,wrapper,20260811,,,PASS,2.10.0.post4.dev20260715,2.10.0+cpu,3.2.0,r13_fp32_rank_reduce,True,True
9.1.0,all_tie,5,Ascend950PR_957b,True,True,,10,7,,512,,,,56,correctness,,wrapper,20260811,,,PASS,2.10.0.post4.dev20260715,2.10.0+cpu,3.2.0,r14_priority_argmax,True,True
9.1.0,all_tie,5,Ascend950PR_957b,True,True,,10,7,,512,,,,56,correctness,,wrapper,20260811,,,PASS,2.10.0.post4.dev20260715,2.10.0+cpu,3.2.0,r15_unique_top10_fastpath,True,True
9.1.0,all_tie,5,Ascend950PR_957b,True,True,,10,7,,512,,,,56,correctness,,wrapper,20260811,,,PASS,2.10.0.post4.dev20260715,2.10.0+cpu,3.2.0,r16_split_unique_recovery,True,True
9.1.0,all_tie,5,Ascend950PR_957b,True,True,,10,7,,512,,,,56,correctness,,wrapper,20260811,,,PASS,2.10.0.post4.dev20260715,2.10.0+cpu,3.2.0,r17_parallel_priority_argmax,True,True
9.1.0,all_tie,5,Ascend950PR_957b,True,True,,10,7,,512,,,,56,correctness,,wrapper,20260811,,,PASS,2.10.0.post4.dev20260715,2.10.0+cpu,3.2.0,r18_hierarchical_partial_sort,True,True
9.1.0,all_tie,5,Ascend950PR_957b,True,True,,10,7,,512,,,,56,correctness,,wrapper,20260811,,,PASS,2.10.0.post4.dev20260715,2.10.0+cpu,3.2.0,r19_unique_id_sum,True,True
9.1.0,all_tie,5,Ascend950PR_957b,True,True,,10,7,,512,,,,56,correctness,,wrapper,20260811,,,PASS,2.10.0.post4.dev20260715,2.10.0+cpu,3.2.0,r20_iterative_rank1_maxarg,True,True
9.1.0,discrete_ties,5,Ascend950PR_957b,True,True,,10,7,,512,,,,56,correctness,,wrapper,20260811,,,PASS,2.10.0.post4.dev20260715,2.10.0+cpu,3.2.0,r0_legacy,True,True
9.1.0,discrete_ties,5,Ascend950PR_957b,True,True,,10,7,,512,,,,56,correctness,,wrapper,20260811,,,PASS,2.10.0.post4.dev20260715,2.10.0+cpu,3.2.0,r1_constexpr,True,True
9.1.0,discrete_ties,5,Ascend950PR_957b,True,True,,10,7,,512,,,,56,correctness,,wrapper,20260811,,,PASS,2.10.0.post4.dev20260715,2.10.0+cpu,3.2.0,r2_core_partition,True,True
9.1.0,discrete_ties,5,Ascend950PR_957b,True,True,,10,7,,512,,,,56,correctness,,wrapper,20260811,,,PASS,2.10.0.post4.dev20260715,2.10.0+cpu,3.2.0,r3_sort_tie,True,True
9.1.0,discrete_ties,5,Ascend950PR_957b,True,True,,10,7,,512,,,,56,correctness,,wrapper,20260811,,,PASS,2.10.0.post4.dev20260715,2.10.0+cpu,3.2.0,r4_bias_hoist,True,True
9.1.0,discrete_ties,5,Ascend950PR_957b,True,True,,10,7,,512,,,,56,correctness,,wrapper,20260811,,,PASS,2.10.0.post4.dev20260715,2.10.0+cpu,3.2.0,r5_dispatch,True,True
9.1.0,discrete_ties,5,Ascend950PR_957b,True,True,,10,7,,512,,,,56,correctness,,wrapper,20260811,,,PASS,2.10.0.post4.dev20260715,2.10.0+cpu,3.2.0,r6_empirical_dispatch,True,True
9.1.0,discrete_ties,5,Ascend950PR_957b,True,True,,10,7,,512,,,,56,correctness,,wrapper,20260811,,,PASS,2.10.0.post4.dev20260715,2.10.0+cpu,3.2.0,r7_vector_tie_recovery,True,True
9.1.0,discrete_ties,5,Ascend950PR_957b,True,True,,10,7,,512,,,,56,correctness,,wrapper,20260811,,,PASS,2.10.0.post4.dev20260715,2.10.0+cpu,3.2.0,r8_safe_vector_dispatch,True,True
9.1.0,discrete_ties,5,Ascend950PR_957b,True,True,,10,7,,512,,,,56,correctness,,wrapper,20260811,,,PASS,2.10.0.post4.dev20260715,2.10.0+cpu,3.2.0,r9_pair_tie_recovery,True,True
9.1.0,discrete_ties,5,Ascend950PR_957b,True,True,,10,7,,512,,,,56,correctness,,wrapper,20260811,,,PASS,2.10.0.post4.dev20260715,2.10.0+cpu,3.2.0,r10_group_rank_threshold,True,True
9.1.0,discrete_ties,5,Ascend950PR_957b,True,True,,10,7,,512,,,,56,correctness,,wrapper,20260811,,,PASS,2.10.0.post4.dev20260715,2.10.0+cpu,3.2.0,r11_packed_exact_sort,True,True
9.1.0,discrete_ties,5,Ascend950PR_957b,True,True,,10,7,,512,,,,56,correctness,,wrapper,20260811,,,PASS,2.10.0.post4.dev20260715,2.10.0+cpu,3.2.0,r12_two_row_tile,True,True
9.1.0,discrete_ties,5,Ascend950PR_957b,True,True,,10,7,,512,,,,56,correctness,,wrapper,20260811,,,PASS,2.10.0.post4.dev20260715,2.10.0+cpu,3.2.0,r13_fp32_rank_reduce,True,True
9.1.0,discrete_ties,5,Ascend950PR_957b,True,True,,10,7,,512,,,,56,correctness,,wrapper,20260811,,,PASS,2.10.0.post4.dev20260715,2.10.0+cpu,3.2.0,r14_priority_argmax,True,True
9.1.0,discrete_ties,5,Ascend950PR_957b,True,True,,10,7,,512,,,,56,correctness,,wrapper,20260811,,,PASS,2.10.0.post4.dev20260715,2.10.0+cpu,3.2.0,r15_unique_top10_fastpath,True,True
9.1.0,discrete_ties,5,Ascend950PR_957b,True,True,,10,7,,512,,,,56,correctness,,wrapper,20260811,,,PASS,2.10.0.post4.dev20260715,2.10.0+cpu,3.2.0,r16_split_unique_recovery,True,True
9.1.0,discrete_ties,5,Ascend950PR_957b,True,True,,10,7,,512,,,,56,correctness,,wrapper,20260811,,,PASS,2.10.0.post4.dev20260715,2.10.0+cpu,3.2.0,r17_parallel_priority_argmax,True,True
9.1.0,discrete_ties,5,Ascend950PR_957b,True,True,,10,7,,512,,,,56,correctness,,wrapper,20260811,,,PASS,2.10.0.post4.dev20260715,2.10.0+cpu,3.2.0,r18_hierarchical_partial_sort,True,True
9.1.0,discrete_ties,5,Ascend950PR_957b,True,True,,10,7,,512,,,,56,correctness,,wrapper,20260811,,,PASS,2.10.0.post4.dev20260715,2.10.0+cpu,3.2.0,r19_unique_id_sum,True,True
9.1.0,discrete_ties,5,Ascend950PR_957b,True,True,,10,7,,512,,,,56,correctness,,wrapper,20260811,,,PASS,2.10.0.post4.dev20260715,2.10.0+cpu,3.2.0,r20_iterative_rank1_maxarg,True,True
9.1.0,bias_induced_tie,5,Ascend950PR_957b,True,True,,10,7,,512,,,,56,correctness,,wrapper,20260811,,,PASS,2.10.0.post4.dev20260715,2.10.0+cpu,3.2.0,r0_legacy,True,True
9.1.0,bias_induced_tie,5,Ascend950PR_957b,True,True,,10,7,,512,,,,56,correctness,,wrapper,20260811,,,PASS,2.10.0.post4.dev20260715,2.10.0+cpu,3.2.0,r1_constexpr,True,True
9.1.0,bias_induced_tie,5,Ascend950PR_957b,True,True,,10,7,,512,,,,56,correctness,,wrapper,20260811,,,PASS,2.10.0.post4.dev20260715,2.10.0+cpu,3.2.0,r2_core_partition,True,True
9.1.0,bias_induced_tie,5,Ascend950PR_957b,True,True,,10,7,,512,,,,56,correctness,,wrapper,20260811,,,PASS,2.10.0.post4.dev20260715,2.10.0+cpu,3.2.0,r3_sort_tie,True,True
9.1.0,bias_induced_tie,5,Ascend950PR_957b,True,True,,10,7,,512,,,,56,correctness,,wrapper,20260811,,,PASS,2.10.0.post4.dev20260715,2.10.0+cpu,3.2.0,r4_bias_hoist,True,True
9.1.0,bias_induced_tie,5,Ascend950PR_957b,True,True,,10,7,,512,,,,56,correctness,,wrapper,20260811,,,PASS,2.10.0.post4.dev20260715,2.10.0+cpu,3.2.0,r5_dispatch,True,True
9.1.0,bias_induced_tie,5,Ascend950PR_957b,True,True,,10,7,,512,,,,56,correctness,,wrapper,20260811,,,PASS,2.10.0.post4.dev20260715,2.10.0+cpu,3.2.0,r6_empirical_dispatch,True,True
9.1.0,bias_induced_tie,5,Ascend950PR_957b,True,True,,10,7,,512,,,,56,correctness,,wrapper,20260811,,,PASS,2.10.0.post4.dev20260715,2.10.0+cpu,3.2.0,r7_vector_tie_recovery,True,True
9.1.0,bias_induced_tie,5,Ascend950PR_957b,True,True,,10,7,,512,,,,56,correctness,,wrapper,20260811,,,PASS,2.10.0.post4.dev20260715,2.10.0+cpu,3.2.0,r8_safe_vector_dispatch,True,True
9.1.0,bias_induced_tie,5,Ascend950PR_957b,True,True,,10,7,,512,,,,56,correctness,,wrapper,20260811,,,PASS,2.10.0.post4.dev20260715,2.10.0+cpu,3.2.0,r9_pair_tie_recovery,True,True
9.1.0,bias_induced_tie,5,Ascend950PR_957b,True,True,,10,7,,512,,,,56,correctness,,wrapper,20260811,,,PASS,2.10.0.post4.dev20260715,2.10.0+cpu,3.2.0,r10_group_rank_threshold,True,True
9.1.0,bias_induced_tie,5,Ascend950PR_957b,True,True,,10,7,,512,,,,56,correctness,,wrapper,20260811,,,PASS,2.10.0.post4.dev20260715,2.10.0+cpu,3.2.0,r11_packed_exact_sort,True,True
9.1.0,bias_induced_tie,5,Ascend950PR_957b,True,True,,10,7,,512,,,,56,correctness,,wrapper,20260811,,,PASS,2.10.0.post4.dev20260715,2.10.0+cpu,3.2.0,r12_two_row_tile,True,True
9.1.0,bias_induced_tie,5,Ascend950PR_957b,True,True,,10,7,,512,,,,56,correctness,,wrapper,20260811,,,PASS,2.10.0.post4.dev20260715,2.10.0+cpu,3.2.0,r13_fp32_rank_reduce,True,True
9.1.0,bias_induced_tie,5,Ascend950PR_957b,True,True,,10,7,,512,,,,56,correctness,,wrapper,20260811,,,PASS,2.10.0.post4.dev20260715,2.10.0+cpu,3.2.0,r14_priority_argmax,True,True
9.1.0,bias_induced_tie,5,Ascend950PR_957b,True,True,,10,7,,512,,,,56,correctness,,wrapper,20260811,,,PASS,2.10.0.post4.dev20260715,2.10.0+cpu,3.2.0,r15_unique_top10_fastpath,True,True
9.1.0,bias_induced_tie,5,Ascend950PR_957b,True,True,,10,7,,512,,,,56,correctness,,wrapper,20260811,,,PASS,2.10.0.post4.dev20260715,2.10.0+cpu,3.2.0,r16_split_unique_recovery,True,True
9.1.0,bias_induced_tie,5,Ascend950PR_957b,True,True,,10,7,,512,,,,56,correctness,,wrapper,20260811,,,PASS,2.10.0.post4.dev20260715,2.10.0+cpu,3.2.0,r17_parallel_priority_argmax,True,True
9.1.0,bias_induced_tie,5,Ascend950PR_957b,True,True,,10,7,,512,,,,56,correctness,,wrapper,20260811,,,PASS,2.10.0.post4.dev20260715,2.10.0+cpu,3.2.0,r18_hierarchical_partial_sort,True,True
9.1.0,bias_induced_tie,5,Ascend950PR_957b,True,True,,10,7,,512,,,,56,correctness,,wrapper,20260811,,,PASS,2.10.0.post4.dev20260715,2.10.0+cpu,3.2.0,r19_unique_id_sum,True,True
9.1.0,bias_induced_tie,5,Ascend950PR_957b,True,True,,10,7,,512,,,,56,correctness,,wrapper,20260811,,,PASS,2.10.0.post4.dev20260715,2.10.0+cpu,3.2.0,r20_iterative_rank1_maxarg,True,True
9.1.0,nan_at_least_k_finite,5,Ascend950PR_957b,True,True,,10,7,,512,,,,56,correctness,,wrapper,20260811,,,PASS,2.10.0.post4.dev20260715,2.10.0+cpu,3.2.0,r0_legacy,True,True
9.1.0,nan_at_least_k_finite,5,Ascend950PR_957b,True,True,,10,7,,512,,,,56,correctness,,wrapper,20260811,,,PASS,2.10.0.post4.dev20260715,2.10.0+cpu,3.2.0,r1_constexpr,True,True
9.1.0,nan_at_least_k_finite,5,Ascend950PR_957b,True,True,,10,7,,512,,,,56,correctness,,wrapper,20260811,,,PASS,2.10.0.post4.dev20260715,2.10.0+cpu,3.2.0,r2_core_partition,True,True
9.1.0,nan_at_least_k_finite,5,Ascend950PR_957b,True,True,,10,7,,512,,,,56,correctness,,wrapper,20260811,,,PASS,2.10.0.post4.dev20260715,2.10.0+cpu,3.2.0,r3_sort_tie,True,True
9.1.0,nan_at_least_k_finite,5,Ascend950PR_957b,True,True,,10,7,,512,,,,56,correctness,,wrapper,20260811,,,PASS,2.10.0.post4.dev20260715,2.10.0+cpu,3.2.0,r4_bias_hoist,True,True
9.1.0,nan_at_least_k_finite,5,Ascend950PR_957b,True,True,,10,7,,512,,,,56,correctness,,wrapper,20260811,,,PASS,2.10.0.post4.dev20260715,2.10.0+cpu,3.2.0,r5_dispatch,True,True
9.1.0,nan_at_least_k_finite,5,Ascend950PR_957b,True,True,,10,7,,512,,,,56,correctness,,wrapper,20260811,,,PASS,2.10.0.post4.dev20260715,2.10.0+cpu,3.2.0,r6_empirical_dispatch,True,True
9.1.0,nan_at_least_k_finite,5,Ascend950PR_957b,True,True,,10,7,,512,,,,56,correctness,,wrapper,20260811,,,PASS,2.10.0.post4.dev20260715,2.10.0+cpu,3.2.0,r7_vector_tie_recovery,True,True
9.1.0,nan_at_least_k_finite,5,Ascend950PR_957b,True,True,,10,7,,512,,,,56,correctness,,wrapper,20260811,,,PASS,2.10.0.post4.dev20260715,2.10.0+cpu,3.2.0,r8_safe_vector_dispatch,True,True
9.1.0,nan_at_least_k_finite,5,Ascend950PR_957b,True,True,,10,7,,512,,,,56,correctness,,wrapper,20260811,,,PASS,2.10.0.post4.dev20260715,2.10.0+cpu,3.2.0,r9_pair_tie_recovery,True,True
9.1.0,nan_at_least_k_finite,5,Ascend950PR_957b,True,True,,10,7,,512,,,,56,correctness,,wrapper,20260811,,,PASS,2.10.0.post4.dev20260715,2.10.0+cpu,3.2.0,r10_group_rank_threshold,True,True
9.1.0,nan_at_least_k_finite,5,Ascend950PR_957b,True,True,,10,7,,512,,,,56,correctness,,wrapper,20260811,,,PASS,2.10.0.post4.dev20260715,2.10.0+cpu,3.2.0,r11_packed_exact_sort,True,True
9.1.0,nan_at_least_k_finite,5,Ascend950PR_957b,True,True,,10,7,,512,,,,56,correctness,,wrapper,20260811,,,PASS,2.10.0.post4.dev20260715,2.10.0+cpu,3.2.0,r12_two_row_tile,True,True
9.1.0,nan_at_least_k_finite,5,Ascend950PR_957b,True,True,,10,7,,512,,,,56,correctness,,wrapper,20260811,,,PASS,2.10.0.post4.dev20260715,2.10.0+cpu,3.2.0,r13_fp32_rank_reduce,True,True
9.1.0,nan_at_least_k_finite,5,Ascend950PR_957b,True,True,,10,7,,512,,,,56,correctness,,wrapper,20260811,,,PASS,2.10.0.post4.dev20260715,2.10.0+cpu,3.2.0,r14_priority_argmax,True,True
9.1.0,nan_at_least_k_finite,5,Ascend950PR_957b,True,True,,10,7,,512,,,,56,correctness,,wrapper,20260811,,,PASS,2.10.0.post4.dev20260715,2.10.0+cpu,3.2.0,r15_unique_top10_fastpath,True,True
9.1.0,nan_at_least_k_finite,5,Ascend950PR_957b,True,True,,10,7,,512,,,,56,correctness,,wrapper,20260811,,,PASS,2.10.0.post4.dev20260715,2.10.0+cpu,3.2.0,r16_split_unique_recovery,True,True
9.1.0,nan_at_least_k_finite,5,Ascend950PR_957b,True,True,,10,7,,512,,,,56,correctness,,wrapper,20260811,,,PASS,2.10.0.post4.dev20260715,2.10.0+cpu,3.2.0,r17_parallel_priority_argmax,True,True
9.1.0,nan_at_least_k_finite,5,Ascend950PR_957b,True,True,,10,7,,512,,,,56,correctness,,wrapper,20260811,,,PASS,2.10.0.post4.dev20260715,2.10.0+cpu,3.2.0,r18_hierarchical_partial_sort,True,True
9.1.0,nan_at_least_k_finite,5,Ascend950PR_957b,True,True,,10,7,,512,,,,56,correctness,,wrapper,20260811,,,PASS,2.10.0.post4.dev20260715,2.10.0+cpu,3.2.0,r19_unique_id_sum,True,True
9.1.0,nan_at_least_k_finite,5,Ascend950PR_957b,True,True,,10,7,,512,,,,56,correctness,,wrapper,20260811,,,PASS,2.10.0.post4.dev20260715,2.10.0+cpu,3.2.0,r20_iterative_rank1_maxarg,True,True
9.1.0,nan_less_than_k_finite,5,Ascend950PR_957b,True,True,,10,7,,512,,,,56,correctness,,wrapper,20260811,,,PASS,2.10.0.post4.dev20260715,2.10.0+cpu,3.2.0,r0_legacy,True,True
9.1.0,nan_less_than_k_finite,5,Ascend950PR_957b,True,True,,10,7,,512,,,,56,correctness,,wrapper,20260811,,,PASS,2.10.0.post4.dev20260715,2.10.0+cpu,3.2.0,r1_constexpr,True,True
9.1.0,nan_less_than_k_finite,5,Ascend950PR_957b,True,True,,10,7,,512,,,,56,correctness,,wrapper,20260811,,,PASS,2.10.0.post4.dev20260715,2.10.0+cpu,3.2.0,r2_core_partition,True,True
9.1.0,nan_less_than_k_finite,5,Ascend950PR_957b,True,True,,10,7,,512,,,,56,correctness,,wrapper,20260811,,,PASS,2.10.0.post4.dev20260715,2.10.0+cpu,3.2.0,r3_sort_tie,True,True
9.1.0,nan_less_than_k_finite,5,Ascend950PR_957b,True,True,,10,7,,512,,,,56,correctness,,wrapper,20260811,,,PASS,2.10.0.post4.dev20260715,2.10.0+cpu,3.2.0,r4_bias_hoist,True,True
9.1.0,nan_less_than_k_finite,5,Ascend950PR_957b,True,True,,10,7,,512,,,,56,correctness,,wrapper,20260811,,,PASS,2.10.0.post4.dev20260715,2.10.0+cpu,3.2.0,r5_dispatch,True,True
9.1.0,nan_less_than_k_finite,5,Ascend950PR_957b,True,True,,10,7,,512,,,,56,correctness,,wrapper,20260811,,,PASS,2.10.0.post4.dev20260715,2.10.0+cpu,3.2.0,r6_empirical_dispatch,True,True
9.1.0,nan_less_than_k_finite,5,Ascend950PR_957b,True,True,,10,7,,512,,,,56,correctness,,wrapper,20260811,,,PASS,2.10.0.post4.dev20260715,2.10.0+cpu,3.2.0,r7_vector_tie_recovery,True,True
9.1.0,nan_less_than_k_finite,5,Ascend950PR_957b,True,True,,10,7,,512,,,,56,correctness,,wrapper,20260811,,,PASS,2.10.0.post4.dev20260715,2.10.0+cpu,3.2.0,r8_safe_vector_dispatch,True,True
9.1.0,nan_less_than_k_finite,5,Ascend950PR_957b,True,True,,10,7,,512,,,,56,correctness,,wrapper,20260811,,,PASS,2.10.0.post4.dev20260715,2.10.0+cpu,3.2.0,r9_pair_tie_recovery,True,True
9.1.0,nan_less_than_k_finite,5,Ascend950PR_957b,True,True,,10,7,,512,,,,56,correctness,,wrapper,20260811,,,PASS,2.10.0.post4.dev20260715,2.10.0+cpu,3.2.0,r10_group_rank_threshold,True,True
9.1.0,nan_less_than_k_finite,5,Ascend950PR_957b,True,True,,10,7,,512,,,,56,correctness,,wrapper,20260811,,,PASS,2.10.0.post4.dev20260715,2.10.0+cpu,3.2.0,r11_packed_exact_sort,True,True
9.1.0,nan_less_than_k_finite,5,Ascend950PR_957b,True,True,,10,7,,512,,,,56,correctness,,wrapper,20260811,,,PASS,2.10.0.post4.dev20260715,2.10.0+cpu,3.2.0,r12_two_row_tile,True,True
9.1.0,nan_less_than_k_finite,5,Ascend950PR_957b,True,True,,10,7,,512,,,,56,correctness,,wrapper,20260811,,,PASS,2.10.0.post4.dev20260715,2.10.0+cpu,3.2.0,r13_fp32_rank_reduce,True,True
9.1.0,nan_less_than_k_finite,5,Ascend950PR_957b,True,True,,10,7,,512,,,,56,correctness,,wrapper,20260811,,,PASS,2.10.0.post4.dev20260715,2.10.0+cpu,3.2.0,r14_priority_argmax,True,True
9.1.0,nan_less_than_k_finite,5,Ascend950PR_957b,True,True,,10,7,,512,,,,56,correctness,,wrapper,20260811,,,PASS,2.10.0.post4.dev20260715,2.10.0+cpu,3.2.0,r15_unique_top10_fastpath,True,True
9.1.0,nan_less_than_k_finite,5,Ascend950PR_957b,True,True,,10,7,,512,,,,56,correctness,,wrapper,20260811,,,PASS,2.10.0.post4.dev20260715,2.10.0+cpu,3.2.0,r16_split_unique_recovery,True,True
9.1.0,nan_less_than_k_finite,5,Ascend950PR_957b,True,True,,10,7,,512,,,,56,correctness,,wrapper,20260811,,,PASS,2.10.0.post4.dev20260715,2.10.0+cpu,3.2.0,r17_parallel_priority_argmax,True,True
9.1.0,nan_less_than_k_finite,5,Ascend950PR_957b,True,True,,10,7,,512,,,,56,correctness,,wrapper,20260811,,,PASS,2.10.0.post4.dev20260715,2.10.0+cpu,3.2.0,r18_hierarchical_partial_sort,True,True
9.1.0,nan_less_than_k_finite,5,Ascend950PR_957b,True,True,,10,7,,512,,,,56,correctness,,wrapper,20260811,,,PASS,2.10.0.post4.dev20260715,2.10.0+cpu,3.2.0,r19_unique_id_sum,True,True
9.1.0,nan_less_than_k_finite,5,Ascend950PR_957b,True,True,,10,7,,512,,,,56,correctness,,wrapper,20260811,,,PASS,2.10.0.post4.dev20260715,2.10.0+cpu,3.2.0,r20_iterative_rank1_maxarg,True,True
9.1.0,all_nan,5,Ascend950PR_957b,True,True,,10,7,,512,,,,56,correctness,,wrapper,20260811,,,PASS,2.10.0.post4.dev20260715,2.10.0+cpu,3.2.0,r0_legacy,True,True
9.1.0,all_nan,5,Ascend950PR_957b,True,True,,10,7,,512,,,,56,correctness,,wrapper,20260811,,,PASS,2.10.0.post4.dev20260715,2.10.0+cpu,3.2.0,r1_constexpr,True,True
9.1.0,all_nan,5,Ascend950PR_957b,True,True,,10,7,,512,,,,56,correctness,,wrapper,20260811,,,PASS,2.10.0.post4.dev20260715,2.10.0+cpu,3.2.0,r2_core_partition,True,True
9.1.0,all_nan,5,Ascend950PR_957b,True,True,,10,7,,512,,,,56,correctness,,wrapper,20260811,,,PASS,2.10.0.post4.dev20260715,2.10.0+cpu,3.2.0,r3_sort_tie,True,True
9.1.0,all_nan,5,Ascend950PR_957b,True,True,,10,7,,512,,,,56,correctness,,wrapper,20260811,,,PASS,2.10.0.post4.dev20260715,2.10.0+cpu,3.2.0,r4_bias_hoist,True,True
9.1.0,all_nan,5,Ascend950PR_957b,True,True,,10,7,,512,,,,56,correctness,,wrapper,20260811,,,PASS,2.10.0.post4.dev20260715,2.10.0+cpu,3.2.0,r5_dispatch,True,True
9.1.0,all_nan,5,Ascend950PR_957b,True,True,,10,7,,512,,,,56,correctness,,wrapper,20260811,,,PASS,2.10.0.post4.dev20260715,2.10.0+cpu,3.2.0,r6_empirical_dispatch,True,True
9.1.0,all_nan,5,Ascend950PR_957b,True,True,,10,7,,512,,,,56,correctness,,wrapper,20260811,,,PASS,2.10.0.post4.dev20260715,2.10.0+cpu,3.2.0,r7_vector_tie_recovery,True,True
9.1.0,all_nan,5,Ascend950PR_957b,True,True,,10,7,,512,,,,56,correctness,,wrapper,20260811,,,PASS,2.10.0.post4.dev20260715,2.10.0+cpu,3.2.0,r8_safe_vector_dispatch,True,True
9.1.0,all_nan,5,Ascend950PR_957b,True,True,,10,7,,512,,,,56,correctness,,wrapper,20260811,,,PASS,2.10.0.post4.dev20260715,2.10.0+cpu,3.2.0,r9_pair_tie_recovery,True,True
9.1.0,all_nan,5,Ascend950PR_957b,True,True,,10,7,,512,,,,56,correctness,,wrapper,20260811,,,PASS,2.10.0.post4.dev20260715,2.10.0+cpu,3.2.0,r10_group_rank_threshold,True,True
9.1.0,all_nan,5,Ascend950PR_957b,True,True,,10,7,,512,,,,56,correctness,,wrapper,20260811,,,PASS,2.10.0.post4.dev20260715,2.10.0+cpu,3.2.0,r11_packed_exact_sort,True,True
9.1.0,all_nan,5,Ascend950PR_957b,True,True,,10,7,,512,,,,56,correctness,,wrapper,20260811,,,PASS,2.10.0.post4.dev20260715,2.10.0+cpu,3.2.0,r12_two_row_tile,True,True
9.1.0,all_nan,5,Ascend950PR_957b,True,True,,10,7,,512,,,,56,correctness,,wrapper,20260811,,,PASS,2.10.0.post4.dev20260715,2.10.0+cpu,3.2.0,r13_fp32_rank_reduce,True,True
9.1.0,all_nan,5,Ascend950PR_957b,True,True,,10,7,,512,,,,56,correctness,,wrapper,20260811,,,PASS,2.10.0.post4.dev20260715,2.10.0+cpu,3.2.0,r14_priority_argmax,True,True
9.1.0,all_nan,5,Ascend950PR_957b,True,True,,10,7,,512,,,,56,correctness,,wrapper,20260811,,,PASS,2.10.0.post4.dev20260715,2.10.0+cpu,3.2.0,r15_unique_top10_fastpath,True,True
9.1.0,all_nan,5,Ascend950PR_957b,True,True,,10,7,,512,,,,56,correctness,,wrapper,20260811,,,PASS,2.10.0.post4.dev20260715,2.10.0+cpu,3.2.0,r16_split_unique_recovery,True,True
9.1.0,all_nan,5,Ascend950PR_957b,True,True,,10,7,,512,,,,56,correctness,,wrapper,20260811,,,PASS,2.10.0.post4.dev20260715,2.10.0+cpu,3.2.0,r17_parallel_priority_argmax,True,True
9.1.0,all_nan,5,Ascend950PR_957b,True,True,,10,7,,512,,,,56,correctness,,wrapper,20260811,,,PASS,2.10.0.post4.dev20260715,2.10.0+cpu,3.2.0,r18_hierarchical_partial_sort,True,True
9.1.0,all_nan,5,Ascend950PR_957b,True,True,,10,7,,512,,,,56,correctness,,wrapper,20260811,,,PASS,2.10.0.post4.dev20260715,2.10.0+cpu,3.2.0,r19_unique_id_sum,True,True
9.1.0,all_nan,5,Ascend950PR_957b,True,True,,10,7,,512,,,,56,correctness,,wrapper,20260811,,,PASS,2.10.0.post4.dev20260715,2.10.0+cpu,3.2.0,r20_iterative_rank1_maxarg,True,True
9.1.0,score_infinities,5,Ascend950PR_957b,True,True,,10,7,,512,,,,56,correctness,,wrapper,20260811,,,PASS,2.10.0.post4.dev20260715,2.10.0+cpu,3.2.0,r0_legacy,True,True
9.1.0,score_infinities,5,Ascend950PR_957b,True,True,,10,7,,512,,,,56,correctness,,wrapper,20260811,,,PASS,2.10.0.post4.dev20260715,2.10.0+cpu,3.2.0,r1_constexpr,True,True
9.1.0,score_infinities,5,Ascend950PR_957b,True,True,,10,7,,512,,,,56,correctness,,wrapper,20260811,,,PASS,2.10.0.post4.dev20260715,2.10.0+cpu,3.2.0,r2_core_partition,True,True
9.1.0,score_infinities,5,Ascend950PR_957b,True,True,,10,7,,512,,,,56,correctness,,wrapper,20260811,,,PASS,2.10.0.post4.dev20260715,2.10.0+cpu,3.2.0,r3_sort_tie,True,True
9.1.0,score_infinities,5,Ascend950PR_957b,True,True,,10,7,,512,,,,56,correctness,,wrapper,20260811,,,PASS,2.10.0.post4.dev20260715,2.10.0+cpu,3.2.0,r4_bias_hoist,True,True
9.1.0,score_infinities,5,Ascend950PR_957b,True,True,,10,7,,512,,,,56,correctness,,wrapper,20260811,,,PASS,2.10.0.post4.dev20260715,2.10.0+cpu,3.2.0,r5_dispatch,True,True
9.1.0,score_infinities,5,Ascend950PR_957b,True,True,,10,7,,512,,,,56,correctness,,wrapper,20260811,,,PASS,2.10.0.post4.dev20260715,2.10.0+cpu,3.2.0,r6_empirical_dispatch,True,True
9.1.0,score_infinities,5,Ascend950PR_957b,True,True,,10,7,,512,,,,56,correctness,,wrapper,20260811,,,PASS,2.10.0.post4.dev20260715,2.10.0+cpu,3.2.0,r7_vector_tie_recovery,True,True
9.1.0,score_infinities,5,Ascend950PR_957b,True,True,,10,7,,512,,,,56,correctness,,wrapper,20260811,,,PASS,2.10.0.post4.dev20260715,2.10.0+cpu,3.2.0,r8_safe_vector_dispatch,True,True
9.1.0,score_infinities,5,Ascend950PR_957b,True,True,,10,7,,512,,,,56,correctness,,wrapper,20260811,,,PASS,2.10.0.post4.dev20260715,2.10.0+cpu,3.2.0,r9_pair_tie_recovery,True,True
9.1.0,score_infinities,5,Ascend950PR_957b,True,True,,10,7,,512,,,,56,correctness,,wrapper,20260811,,,PASS,2.10.0.post4.dev20260715,2.10.0+cpu,3.2.0,r10_group_rank_threshold,True,True
9.1.0,score_infinities,5,Ascend950PR_957b,True,True,,10,7,,512,,,,56,correctness,,wrapper,20260811,,,PASS,2.10.0.post4.dev20260715,2.10.0+cpu,3.2.0,r11_packed_exact_sort,True,True
9.1.0,score_infinities,5,Ascend950PR_957b,True,True,,10,7,,512,,,,56,correctness,,wrapper,20260811,,,PASS,2.10.0.post4.dev20260715,2.10.0+cpu,3.2.0,r12_two_row_tile,True,True
9.1.0,score_infinities,5,Ascend950PR_957b,True,True,,10,7,,512,,,,56,correctness,,wrapper,20260811,,,PASS,2.10.0.post4.dev20260715,2.10.0+cpu,3.2.0,r13_fp32_rank_reduce,True,True
9.1.0,score_infinities,5,Ascend950PR_957b,True,True,,10,7,,512,,,,56,correctness,,wrapper,20260811,,,PASS,2.10.0.post4.dev20260715,2.10.0+cpu,3.2.0,r14_priority_argmax,True,True
9.1.0,score_infinities,5,Ascend950PR_957b,True,True,,10,7,,512,,,,56,correctness,,wrapper,20260811,,,PASS,2.10.0.post4.dev20260715,2.10.0+cpu,3.2.0,r15_unique_top10_fastpath,True,True
9.1.0,score_infinities,5,Ascend950PR_957b,True,True,,10,7,,512,,,,56,correctness,,wrapper,20260811,,,PASS,2.10.0.post4.dev20260715,2.10.0+cpu,3.2.0,r16_split_unique_recovery,True,True
9.1.0,score_infinities,5,Ascend950PR_957b,True,True,,10,7,,512,,,,56,correctness,,wrapper,20260811,,,PASS,2.10.0.post4.dev20260715,2.10.0+cpu,3.2.0,r17_parallel_priority_argmax,True,True
9.1.0,score_infinities,5,Ascend950PR_957b,True,True,,10,7,,512,,,,56,correctness,,wrapper,20260811,,,PASS,2.10.0.post4.dev20260715,2.10.0+cpu,3.2.0,r18_hierarchical_partial_sort,True,True
9.1.0,score_infinities,5,Ascend950PR_957b,True,True,,10,7,,512,,,,56,correctness,,wrapper,20260811,,,PASS,2.10.0.post4.dev20260715,2.10.0+cpu,3.2.0,r19_unique_id_sum,True,True
9.1.0,score_infinities,5,Ascend950PR_957b,True,True,,10,7,,512,,,,56,correctness,,wrapper,20260811,,,PASS,2.10.0.post4.dev20260715,2.10.0+cpu,3.2.0,r20_iterative_rank1_maxarg,True,True
9.1.0,one_ulp,5,Ascend950PR_957b,True,True,,10,7,,512,,,,56,correctness,,wrapper,20260811,,,PASS,2.10.0.post4.dev20260715,2.10.0+cpu,3.2.0,r0_legacy,True,True
9.1.0,one_ulp,5,Ascend950PR_957b,True,True,,10,7,,512,,,,56,correctness,,wrapper,20260811,,,PASS,2.10.0.post4.dev20260715,2.10.0+cpu,3.2.0,r1_constexpr,True,True
9.1.0,one_ulp,5,Ascend950PR_957b,True,True,,10,7,,512,,,,56,correctness,,wrapper,20260811,,,PASS,2.10.0.post4.dev20260715,2.10.0+cpu,3.2.0,r2_core_partition,True,True
9.1.0,one_ulp,5,Ascend950PR_957b,True,True,,10,7,,512,,,,56,correctness,,wrapper,20260811,,,PASS,2.10.0.post4.dev20260715,2.10.0+cpu,3.2.0,r3_sort_tie,True,True
9.1.0,one_ulp,5,Ascend950PR_957b,True,True,,10,7,,512,,,,56,correctness,,wrapper,20260811,,,PASS,2.10.0.post4.dev20260715,2.10.0+cpu,3.2.0,r4_bias_hoist,True,True
9.1.0,one_ulp,5,Ascend950PR_957b,True,True,,10,7,,512,,,,56,correctness,,wrapper,20260811,,,PASS,2.10.0.post4.dev20260715,2.10.0+cpu,3.2.0,r5_dispatch,True,True
9.1.0,one_ulp,5,Ascend950PR_957b,True,True,,10,7,,512,,,,56,correctness,,wrapper,20260811,,,PASS,2.10.0.post4.dev20260715,2.10.0+cpu,3.2.0,r6_empirical_dispatch,True,True
9.1.0,one_ulp,5,Ascend950PR_957b,True,True,,10,7,,512,,,,56,correctness,,wrapper,20260811,,,PASS,2.10.0.post4.dev20260715,2.10.0+cpu,3.2.0,r7_vector_tie_recovery,True,True
9.1.0,one_ulp,5,Ascend950PR_957b,True,True,,10,7,,512,,,,56,correctness,,wrapper,20260811,,,PASS,2.10.0.post4.dev20260715,2.10.0+cpu,3.2.0,r8_safe_vector_dispatch,True,True
9.1.0,one_ulp,5,Ascend950PR_957b,True,True,,10,7,,512,,,,56,correctness,,wrapper,20260811,,,PASS,2.10.0.post4.dev20260715,2.10.0+cpu,3.2.0,r9_pair_tie_recovery,True,True
9.1.0,one_ulp,5,Ascend950PR_957b,True,True,,10,7,,512,,,,56,correctness,,wrapper,20260811,,,PASS,2.10.0.post4.dev20260715,2.10.0+cpu,3.2.0,r10_group_rank_threshold,True,True
9.1.0,one_ulp,5,Ascend950PR_957b,True,True,,10,7,,512,,,,56,correctness,,wrapper,20260811,,,PASS,2.10.0.post4.dev20260715,2.10.0+cpu,3.2.0,r11_packed_exact_sort,True,True
9.1.0,one_ulp,5,Ascend950PR_957b,True,True,,10,7,,512,,,,56,correctness,,wrapper,20260811,,,PASS,2.10.0.post4.dev20260715,2.10.0+cpu,3.2.0,r12_two_row_tile,True,True
9.1.0,one_ulp,5,Ascend950PR_957b,True,True,,10,7,,512,,,,56,correctness,,wrapper,20260811,,,PASS,2.10.0.post4.dev20260715,2.10.0+cpu,3.2.0,r13_fp32_rank_reduce,True,True
9.1.0,one_ulp,5,Ascend950PR_957b,True,True,,10,7,,512,,,,56,correctness,,wrapper,20260811,,,PASS,2.10.0.post4.dev20260715,2.10.0+cpu,3.2.0,r14_priority_argmax,True,True
9.1.0,one_ulp,5,Ascend950PR_957b,True,True,,10,7,,512,,,,56,correctness,,wrapper,20260811,,,PASS,2.10.0.post4.dev20260715,2.10.0+cpu,3.2.0,r15_unique_top10_fastpath,True,True
9.1.0,one_ulp,5,Ascend950PR_957b,True,True,,10,7,,512,,,,56,correctness,,wrapper,20260811,,,PASS,2.10.0.post4.dev20260715,2.10.0+cpu,3.2.0,r16_split_unique_recovery,True,True
9.1.0,one_ulp,5,Ascend950PR_957b,True,True,,10,7,,512,,,,56,correctness,,wrapper,20260811,,,PASS,2.10.0.post4.dev20260715,2.10.0+cpu,3.2.0,r17_parallel_priority_argmax,True,True
9.1.0,one_ulp,5,Ascend950PR_957b,True,True,,10,7,,512,,,,56,correctness,,wrapper,20260811,,,PASS,2.10.0.post4.dev20260715,2.10.0+cpu,3.2.0,r18_hierarchical_partial_sort,True,True
9.1.0,one_ulp,5,Ascend950PR_957b,True,True,,10,7,,512,,,,56,correctness,,wrapper,20260811,,,PASS,2.10.0.post4.dev20260715,2.10.0+cpu,3.2.0,r19_unique_id_sum,True,True
9.1.0,one_ulp,5,Ascend950PR_957b,True,True,,10,7,,512,,,,56,correctness,,wrapper,20260811,,,PASS,2.10.0.post4.dev20260715,2.10.0+cpu,3.2.0,r20_iterative_rank1_maxarg,True,True
9.1.0,signed_zero,5,Ascend950PR_957b,True,True,,10,7,,512,,,,56,correctness,,wrapper,20260811,,,PASS,2.10.0.post4.dev20260715,2.10.0+cpu,3.2.0,r0_legacy,True,True
9.1.0,signed_zero,5,Ascend950PR_957b,True,True,,10,7,,512,,,,56,correctness,,wrapper,20260811,,,PASS,2.10.0.post4.dev20260715,2.10.0+cpu,3.2.0,r1_constexpr,True,True
9.1.0,signed_zero,5,Ascend950PR_957b,True,True,,10,7,,512,,,,56,correctness,,wrapper,20260811,,,PASS,2.10.0.post4.dev20260715,2.10.0+cpu,3.2.0,r2_core_partition,True,True
9.1.0,signed_zero,5,Ascend950PR_957b,True,True,,10,7,,512,,,,56,correctness,,wrapper,20260811,,,PASS,2.10.0.post4.dev20260715,2.10.0+cpu,3.2.0,r3_sort_tie,True,True
9.1.0,signed_zero,5,Ascend950PR_957b,True,True,,10,7,,512,,,,56,correctness,,wrapper,20260811,,,PASS,2.10.0.post4.dev20260715,2.10.0+cpu,3.2.0,r4_bias_hoist,True,True
9.1.0,signed_zero,5,Ascend950PR_957b,True,True,,10,7,,512,,,,56,correctness,,wrapper,20260811,,,PASS,2.10.0.post4.dev20260715,2.10.0+cpu,3.2.0,r5_dispatch,True,True
9.1.0,signed_zero,5,Ascend950PR_957b,True,True,,10,7,,512,,,,56,correctness,,wrapper,20260811,,,PASS,2.10.0.post4.dev20260715,2.10.0+cpu,3.2.0,r6_empirical_dispatch,True,True
9.1.0,signed_zero,5,Ascend950PR_957b,True,True,,10,7,,512,,,,56,correctness,,wrapper,20260811,,,PASS,2.10.0.post4.dev20260715,2.10.0+cpu,3.2.0,r7_vector_tie_recovery,True,True
9.1.0,signed_zero,5,Ascend950PR_957b,True,True,,10,7,,512,,,,56,correctness,,wrapper,20260811,,,PASS,2.10.0.post4.dev20260715,2.10.0+cpu,3.2.0,r8_safe_vector_dispatch,True,True
9.1.0,signed_zero,5,Ascend950PR_957b,True,True,,10,7,,512,,,,56,correctness,,wrapper,20260811,,,PASS,2.10.0.post4.dev20260715,2.10.0+cpu,3.2.0,r9_pair_tie_recovery,True,True
9.1.0,signed_zero,5,Ascend950PR_957b,True,True,,10,7,,512,,,,56,correctness,,wrapper,20260811,,,PASS,2.10.0.post4.dev20260715,2.10.0+cpu,3.2.0,r10_group_rank_threshold,True,True
9.1.0,signed_zero,5,Ascend950PR_957b,True,True,,10,7,,512,,,,56,correctness,,wrapper,20260811,,,PASS,2.10.0.post4.dev20260715,2.10.0+cpu,3.2.0,r11_packed_exact_sort,True,True
9.1.0,signed_zero,5,Ascend950PR_957b,True,True,,10,7,,512,,,,56,correctness,,wrapper,20260811,,,PASS,2.10.0.post4.dev20260715,2.10.0+cpu,3.2.0,r12_two_row_tile,True,True
9.1.0,signed_zero,5,Ascend950PR_957b,True,True,,10,7,,512,,,,56,correctness,,wrapper,20260811,,,PASS,2.10.0.post4.dev20260715,2.10.0+cpu,3.2.0,r13_fp32_rank_reduce,True,True
9.1.0,signed_zero,5,Ascend950PR_957b,True,True,,10,7,,512,,,,56,correctness,,wrapper,20260811,,,PASS,2.10.0.post4.dev20260715,2.10.0+cpu,3.2.0,r14_priority_argmax,True,True
9.1.0,signed_zero,5,Ascend950PR_957b,True,True,,10,7,,512,,,,56,correctness,,wrapper,20260811,,,PASS,2.10.0.post4.dev20260715,2.10.0+cpu,3.2.0,r15_unique_top10_fastpath,True,True
9.1.0,signed_zero,5,Ascend950PR_957b,True,True,,10,7,,512,,,,56,correctness,,wrapper,20260811,,,PASS,2.10.0.post4.dev20260715,2.10.0+cpu,3.2.0,r16_split_unique_recovery,True,True
9.1.0,signed_zero,5,Ascend950PR_957b,True,True,,10,7,,512,,,,56,correctness,,wrapper,20260811,,,PASS,2.10.0.post4.dev20260715,2.10.0+cpu,3.2.0,r17_parallel_priority_argmax,True,True
9.1.0,signed_zero,5,Ascend950PR_957b,True,True,,10,7,,512,,,,56,correctness,,wrapper,20260811,,,PASS,2.10.0.post4.dev20260715,2.10.0+cpu,3.2.0,r18_hierarchical_partial_sort,True,True
9.1.0,signed_zero,5,Ascend950PR_957b,True,True,,10,7,,512,,,,56,correctness,,wrapper,20260811,,,PASS,2.10.0.post4.dev20260715,2.10.0+cpu,3.2.0,r19_unique_id_sum,True,True
9.1.0,signed_zero,5,Ascend950PR_957b,True,True,,10,7,,512,,,,56,correctness,,wrapper,20260811,,,PASS,2.10.0.post4.dev20260715,2.10.0+cpu,3.2.0,r20_iterative_rank1_maxarg,True,True
9.1.0,random_zero_bias,5,Ascend950PR_957b,True,True,,10,64,,512,,,,56,correctness,,wrapper,20260811,,,PASS,2.10.0.post4.dev20260715,2.10.0+cpu,3.2.0,r0_legacy,True,True
9.1.0,random_zero_bias,5,Ascend950PR_957b,True,True,,10,64,,512,,,,56,correctness,,wrapper,20260811,,,PASS,2.10.0.post4.dev20260715,2.10.0+cpu,3.2.0,r1_constexpr,True,True
9.1.0,random_zero_bias,5,Ascend950PR_957b,True,True,,10,64,,512,,,,56,correctness,,wrapper,20260811,,,PASS,2.10.0.post4.dev20260715,2.10.0+cpu,3.2.0,r2_core_partition,True,True
9.1.0,random_zero_bias,5,Ascend950PR_957b,True,True,,10,64,,512,,,,56,correctness,,wrapper,20260811,,,PASS,2.10.0.post4.dev20260715,2.10.0+cpu,3.2.0,r3_sort_tie,True,True
9.1.0,random_zero_bias,5,Ascend950PR_957b,True,True,,10,64,,512,,,,56,correctness,,wrapper,20260811,,,PASS,2.10.0.post4.dev20260715,2.10.0+cpu,3.2.0,r4_bias_hoist,True,True
9.1.0,random_zero_bias,5,Ascend950PR_957b,True,True,,10,64,,512,,,,56,correctness,,wrapper,20260811,,,PASS,2.10.0.post4.dev20260715,2.10.0+cpu,3.2.0,r5_dispatch,True,True
9.1.0,random_zero_bias,5,Ascend950PR_957b,True,True,,10,64,,512,,,,56,correctness,,wrapper,20260811,,,PASS,2.10.0.post4.dev20260715,2.10.0+cpu,3.2.0,r6_empirical_dispatch,True,True
9.1.0,random_zero_bias,5,Ascend950PR_957b,True,True,,10,64,,512,,,,56,correctness,,wrapper,20260811,,,PASS,2.10.0.post4.dev20260715,2.10.0+cpu,3.2.0,r7_vector_tie_recovery,True,True
9.1.0,random_zero_bias,5,Ascend950PR_957b,True,True,,10,64,,512,,,,56,correctness,,wrapper,20260811,,,PASS,2.10.0.post4.dev20260715,2.10.0+cpu,3.2.0,r8_safe_vector_dispatch,True,True
9.1.0,random_zero_bias,5,Ascend950PR_957b,True,True,,10,64,,512,,,,56,correctness,,wrapper,20260811,,,PASS,2.10.0.post4.dev20260715,2.10.0+cpu,3.2.0,r9_pair_tie_recovery,True,True
9.1.0,random_zero_bias,5,Ascend950PR_957b,True,True,,10,64,,512,,,,56,correctness,,wrapper,20260811,,,PASS,2.10.0.post4.dev20260715,2.10.0+cpu,3.2.0,r10_group_rank_threshold,True,True
9.1.0,random_zero_bias,5,Ascend950PR_957b,True,True,,10,64,,512,,,,56,correctness,,wrapper,20260811,,,PASS,2.10.0.post4.dev20260715,2.10.0+cpu,3.2.0,r11_packed_exact_sort,True,True
9.1.0,random_zero_bias,5,Ascend950PR_957b,True,True,,10,64,,512,,,,56,correctness,,wrapper,20260811,,,PASS,2.10.0.post4.dev20260715,2.10.0+cpu,3.2.0,r12_two_row_tile,True,True
9.1.0,random_zero_bias,5,Ascend950PR_957b,True,True,,10,64,,512,,,,56,correctness,,wrapper,20260811,,,PASS,2.10.0.post4.dev20260715,2.10.0+cpu,3.2.0,r13_fp32_rank_reduce,True,True
9.1.0,random_zero_bias,5,Ascend950PR_957b,True,True,,10,64,,512,,,,56,correctness,,wrapper,20260811,,,PASS,2.10.0.post4.dev20260715,2.10.0+cpu,3.2.0,r14_priority_argmax,True,True
9.1.0,random_zero_bias,5,Ascend950PR_957b,True,True,,10,64,,512,,,,56,correctness,,wrapper,20260811,,,PASS,2.10.0.post4.dev20260715,2.10.0+cpu,3.2.0,r15_unique_top10_fastpath,True,True
9.1.0,random_zero_bias,5,Ascend950PR_957b,True,True,,10,64,,512,,,,56,correctness,,wrapper,20260811,,,PASS,2.10.0.post4.dev20260715,2.10.0+cpu,3.2.0,r16_split_unique_recovery,True,True
9.1.0,random_zero_bias,5,Ascend950PR_957b,True,True,,10,64,,512,,,,56,correctness,,wrapper,20260811,,,PASS,2.10.0.post4.dev20260715,2.10.0+cpu,3.2.0,r17_parallel_priority_argmax,True,True
9.1.0,random_zero_bias,5,Ascend950PR_957b,True,True,,10,64,,512,,,,56,correctness,,wrapper,20260811,,,PASS,2.10.0.post4.dev20260715,2.10.0+cpu,3.2.0,r18_hierarchical_partial_sort,True,True
9.1.0,random_zero_bias,5,Ascend950PR_957b,True,True,,10,64,,512,,,,56,correctness,,wrapper,20260811,,,PASS,2.10.0.post4.dev20260715,2.10.0+cpu,3.2.0,r19_unique_id_sum,True,True
9.1.0,random_zero_bias,5,Ascend950PR_957b,True,True,,10,64,,512,,,,56,correctness,,wrapper,20260811,,,PASS,2.10.0.post4.dev20260715,2.10.0+cpu,3.2.0,r20_iterative_rank1_maxarg,True,True
9.1.0,all_tie,5,Ascend950PR_957b,True,True,,10,64,,512,,,,56,correctness,,wrapper,20260811,,,PASS,2.10.0.post4.dev20260715,2.10.0+cpu,3.2.0,r0_legacy,True,True
9.1.0,all_tie,5,Ascend950PR_957b,True,True,,10,64,,512,,,,56,correctness,,wrapper,20260811,,,PASS,2.10.0.post4.dev20260715,2.10.0+cpu,3.2.0,r1_constexpr,True,True
9.1.0,all_tie,5,Ascend950PR_957b,True,True,,10,64,,512,,,,56,correctness,,wrapper,20260811,,,PASS,2.10.0.post4.dev20260715,2.10.0+cpu,3.2.0,r2_core_partition,True,True
9.1.0,all_tie,5,Ascend950PR_957b,True,True,,10,64,,512,,,,56,correctness,,wrapper,20260811,,,PASS,2.10.0.post4.dev20260715,2.10.0+cpu,3.2.0,r3_sort_tie,True,True
9.1.0,all_tie,5,Ascend950PR_957b,True,True,,10,64,,512,,,,56,correctness,,wrapper,20260811,,,PASS,2.10.0.post4.dev20260715,2.10.0+cpu,3.2.0,r4_bias_hoist,True,True
9.1.0,all_tie,5,Ascend950PR_957b,True,True,,10,64,,512,,,,56,correctness,,wrapper,20260811,,,PASS,2.10.0.post4.dev20260715,2.10.0+cpu,3.2.0,r5_dispatch,True,True
9.1.0,all_tie,5,Ascend950PR_957b,True,True,,10,64,,512,,,,56,correctness,,wrapper,20260811,,,PASS,2.10.0.post4.dev20260715,2.10.0+cpu,3.2.0,r6_empirical_dispatch,True,True
9.1.0,all_tie,5,Ascend950PR_957b,True,True,,10,64,,512,,,,56,correctness,,wrapper,20260811,,,PASS,2.10.0.post4.dev20260715,2.10.0+cpu,3.2.0,r7_vector_tie_recovery,True,True
9.1.0,all_tie,5,Ascend950PR_957b,True,True,,10,64,,512,,,,56,correctness,,wrapper,20260811,,,PASS,2.10.0.post4.dev20260715,2.10.0+cpu,3.2.0,r8_safe_vector_dispatch,True,True
9.1.0,all_tie,5,Ascend950PR_957b,True,True,,10,64,,512,,,,56,correctness,,wrapper,20260811,,,PASS,2.10.0.post4.dev20260715,2.10.0+cpu,3.2.0,r9_pair_tie_recovery,True,True
9.1.0,all_tie,5,Ascend950PR_957b,True,True,,10,64,,512,,,,56,correctness,,wrapper,20260811,,,PASS,2.10.0.post4.dev20260715,2.10.0+cpu,3.2.0,r10_group_rank_threshold,True,True
9.1.0,all_tie,5,Ascend950PR_957b,True,True,,10,64,,512,,,,56,correctness,,wrapper,20260811,,,PASS,2.10.0.post4.dev20260715,2.10.0+cpu,3.2.0,r11_packed_exact_sort,True,True
9.1.0,all_tie,5,Ascend950PR_957b,True,True,,10,64,,512,,,,56,correctness,,wrapper,20260811,,,PASS,2.10.0.post4.dev20260715,2.10.0+cpu,3.2.0,r12_two_row_tile,True,True
9.1.0,all_tie,5,Ascend950PR_957b,True,True,,10,64,,512,,,,56,correctness,,wrapper,20260811,,,PASS,2.10.0.post4.dev20260715,2.10.0+cpu,3.2.0,r13_fp32_rank_reduce,True,True
9.1.0,all_tie,5,Ascend950PR_957b,True,True,,10,64,,512,,,,56,correctness,,wrapper,20260811,,,PASS,2.10.0.post4.dev20260715,2.10.0+cpu,3.2.0,r14_priority_argmax,True,True
9.1.0,all_tie,5,Ascend950PR_957b,True,True,,10,64,,512,,,,56,correctness,,wrapper,20260811,,,PASS,2.10.0.post4.dev20260715,2.10.0+cpu,3.2.0,r15_unique_top10_fastpath,True,True
9.1.0,all_tie,5,Ascend950PR_957b,True,True,,10,64,,512,,,,56,correctness,,wrapper,20260811,,,PASS,2.10.0.post4.dev20260715,2.10.0+cpu,3.2.0,r16_split_unique_recovery,True,True
9.1.0,all_tie,5,Ascend950PR_957b,True,True,,10,64,,512,,,,56,correctness,,wrapper,20260811,,,PASS,2.10.0.post4.dev20260715,2.10.0+cpu,3.2.0,r17_parallel_priority_argmax,True,True
9.1.0,all_tie,5,Ascend950PR_957b,True,True,,10,64,,512,,,,56,correctness,,wrapper,20260811,,,PASS,2.10.0.post4.dev20260715,2.10.0+cpu,3.2.0,r18_hierarchical_partial_sort,True,True
9.1.0,all_tie,5,Ascend950PR_957b,True,True,,10,64,,512,,,,56,correctness,,wrapper,20260811,,,PASS,2.10.0.post4.dev20260715,2.10.0+cpu,3.2.0,r19_unique_id_sum,True,True
9.1.0,all_tie,5,Ascend950PR_957b,True,True,,10,64,,512,,,,56,correctness,,wrapper,20260811,,,PASS,2.10.0.post4.dev20260715,2.10.0+cpu,3.2.0,r20_iterative_rank1_maxarg,True,True
9.1.0,discrete_ties,5,Ascend950PR_957b,True,True,,10,64,,512,,,,56,correctness,,wrapper,20260811,,,PASS,2.10.0.post4.dev20260715,2.10.0+cpu,3.2.0,r0_legacy,True,True
9.1.0,discrete_ties,5,Ascend950PR_957b,True,True,,10,64,,512,,,,56,correctness,,wrapper,20260811,,,PASS,2.10.0.post4.dev20260715,2.10.0+cpu,3.2.0,r1_constexpr,True,True
9.1.0,discrete_ties,5,Ascend950PR_957b,True,True,,10,64,,512,,,,56,correctness,,wrapper,20260811,,,PASS,2.10.0.post4.dev20260715,2.10.0+cpu,3.2.0,r2_core_partition,True,True
9.1.0,discrete_ties,5,Ascend950PR_957b,True,True,,10,64,,512,,,,56,correctness,,wrapper,20260811,,,PASS,2.10.0.post4.dev20260715,2.10.0+cpu,3.2.0,r3_sort_tie,True,True
9.1.0,discrete_ties,5,Ascend950PR_957b,True,True,,10,64,,512,,,,56,correctness,,wrapper,20260811,,,PASS,2.10.0.post4.dev20260715,2.10.0+cpu,3.2.0,r4_bias_hoist,True,True
9.1.0,discrete_ties,5,Ascend950PR_957b,True,True,,10,64,,512,,,,56,correctness,,wrapper,20260811,,,PASS,2.10.0.post4.dev20260715,2.10.0+cpu,3.2.0,r5_dispatch,True,True
9.1.0,discrete_ties,5,Ascend950PR_957b,True,True,,10,64,,512,,,,56,correctness,,wrapper,20260811,,,PASS,2.10.0.post4.dev20260715,2.10.0+cpu,3.2.0,r6_empirical_dispatch,True,True
9.1.0,discrete_ties,5,Ascend950PR_957b,True,True,,10,64,,512,,,,56,correctness,,wrapper,20260811,,,PASS,2.10.0.post4.dev20260715,2.10.0+cpu,3.2.0,r7_vector_tie_recovery,True,True
9.1.0,discrete_ties,5,Ascend950PR_957b,True,True,,10,64,,512,,,,56,correctness,,wrapper,20260811,,,PASS,2.10.0.post4.dev20260715,2.10.0+cpu,3.2.0,r8_safe_vector_dispatch,True,True
9.1.0,discrete_ties,5,Ascend950PR_957b,True,True,,10,64,,512,,,,56,correctness,,wrapper,20260811,,,PASS,2.10.0.post4.dev20260715,2.10.0+cpu,3.2.0,r9_pair_tie_recovery,True,True
9.1.0,discrete_ties,5,Ascend950PR_957b,True,True,,10,64,,512,,,,56,correctness,,wrapper,20260811,,,PASS,2.10.0.post4.dev20260715,2.10.0+cpu,3.2.0,r10_group_rank_threshold,True,True
9.1.0,discrete_ties,5,Ascend950PR_957b,True,True,,10,64,,512,,,,56,correctness,,wrapper,20260811,,,PASS,2.10.0.post4.dev20260715,2.10.0+cpu,3.2.0,r11_packed_exact_sort,True,True
9.1.0,discrete_ties,5,Ascend950PR_957b,True,True,,10,64,,512,,,,56,correctness,,wrapper,20260811,,,PASS,2.10.0.post4.dev20260715,2.10.0+cpu,3.2.0,r12_two_row_tile,True,True
9.1.0,discrete_ties,5,Ascend950PR_957b,True,True,,10,64,,512,,,,56,correctness,,wrapper,20260811,,,PASS,2.10.0.post4.dev20260715,2.10.0+cpu,3.2.0,r13_fp32_rank_reduce,True,True
9.1.0,discrete_ties,5,Ascend950PR_957b,True,True,,10,64,,512,,,,56,correctness,,wrapper,20260811,,,PASS,2.10.0.post4.dev20260715,2.10.0+cpu,3.2.0,r14_priority_argmax,True,True
9.1.0,discrete_ties,5,Ascend950PR_957b,True,True,,10,64,,512,,,,56,correctness,,wrapper,20260811,,,PASS,2.10.0.post4.dev20260715,2.10.0+cpu,3.2.0,r15_unique_top10_fastpath,True,True
9.1.0,discrete_ties,5,Ascend950PR_957b,True,True,,10,64,,512,,,,56,correctness,,wrapper,20260811,,,PASS,2.10.0.post4.dev20260715,2.10.0+cpu,3.2.0,r16_split_unique_recovery,True,True
9.1.0,discrete_ties,5,Ascend950PR_957b,True,True,,10,64,,512,,,,56,correctness,,wrapper,20260811,,,PASS,2.10.0.post4.dev20260715,2.10.0+cpu,3.2.0,r17_parallel_priority_argmax,True,True
9.1.0,discrete_ties,5,Ascend950PR_957b,True,True,,10,64,,512,,,,56,correctness,,wrapper,20260811,,,PASS,2.10.0.post4.dev20260715,2.10.0+cpu,3.2.0,r18_hierarchical_partial_sort,True,True
9.1.0,discrete_ties,5,Ascend950PR_957b,True,True,,10,64,,512,,,,56,correctness,,wrapper,20260811,,,PASS,2.10.0.post4.dev20260715,2.10.0+cpu,3.2.0,r19_unique_id_sum,True,True
9.1.0,discrete_ties,5,Ascend950PR_957b,True,True,,10,64,,512,,,,56,correctness,,wrapper,20260811,,,PASS,2.10.0.post4.dev20260715,2.10.0+cpu,3.2.0,r20_iterative_rank1_maxarg,True,True
9.1.0,bias_induced_tie,5,Ascend950PR_957b,True,True,,10,64,,512,,,,56,correctness,,wrapper,20260811,,,PASS,2.10.0.post4.dev20260715,2.10.0+cpu,3.2.0,r0_legacy,True,True
9.1.0,bias_induced_tie,5,Ascend950PR_957b,True,True,,10,64,,512,,,,56,correctness,,wrapper,20260811,,,PASS,2.10.0.post4.dev20260715,2.10.0+cpu,3.2.0,r1_constexpr,True,True
9.1.0,bias_induced_tie,5,Ascend950PR_957b,True,True,,10,64,,512,,,,56,correctness,,wrapper,20260811,,,PASS,2.10.0.post4.dev20260715,2.10.0+cpu,3.2.0,r2_core_partition,True,True
9.1.0,bias_induced_tie,5,Ascend950PR_957b,True,True,,10,64,,512,,,,56,correctness,,wrapper,20260811,,,PASS,2.10.0.post4.dev20260715,2.10.0+cpu,3.2.0,r3_sort_tie,True,True
9.1.0,bias_induced_tie,5,Ascend950PR_957b,True,True,,10,64,,512,,,,56,correctness,,wrapper,20260811,,,PASS,2.10.0.post4.dev20260715,2.10.0+cpu,3.2.0,r4_bias_hoist,True,True
9.1.0,bias_induced_tie,5,Ascend950PR_957b,True,True,,10,64,,512,,,,56,correctness,,wrapper,20260811,,,PASS,2.10.0.post4.dev20260715,2.10.0+cpu,3.2.0,r5_dispatch,True,True
9.1.0,bias_induced_tie,5,Ascend950PR_957b,True,True,,10,64,,512,,,,56,correctness,,wrapper,20260811,,,PASS,2.10.0.post4.dev20260715,2.10.0+cpu,3.2.0,r6_empirical_dispatch,True,True
9.1.0,bias_induced_tie,5,Ascend950PR_957b,True,True,,10,64,,512,,,,56,correctness,,wrapper,20260811,,,PASS,2.10.0.post4.dev20260715,2.10.0+cpu,3.2.0,r7_vector_tie_recovery,True,True
9.1.0,bias_induced_tie,5,Ascend950PR_957b,True,True,,10,64,,512,,,,56,correctness,,wrapper,20260811,,,PASS,2.10.0.post4.dev20260715,2.10.0+cpu,3.2.0,r8_safe_vector_dispatch,True,True
9.1.0,bias_induced_tie,5,Ascend950PR_957b,True,True,,10,64,,512,,,,56,correctness,,wrapper,20260811,,,PASS,2.10.0.post4.dev20260715,2.10.0+cpu,3.2.0,r9_pair_tie_recovery,True,True
9.1.0,bias_induced_tie,5,Ascend950PR_957b,True,True,,10,64,,512,,,,56,correctness,,wrapper,20260811,,,PASS,2.10.0.post4.dev20260715,2.10.0+cpu,3.2.0,r10_group_rank_threshold,True,True
9.1.0,bias_induced_tie,5,Ascend950PR_957b,True,True,,10,64,,512,,,,56,correctness,,wrapper,20260811,,,PASS,2.10.0.post4.dev20260715,2.10.0+cpu,3.2.0,r11_packed_exact_sort,True,True
9.1.0,bias_induced_tie,5,Ascend950PR_957b,True,True,,10,64,,512,,,,56,correctness,,wrapper,20260811,,,PASS,2.10.0.post4.dev20260715,2.10.0+cpu,3.2.0,r12_two_row_tile,True,True
9.1.0,bias_induced_tie,5,Ascend950PR_957b,True,True,,10,64,,512,,,,56,correctness,,wrapper,20260811,,,PASS,2.10.0.post4.dev20260715,2.10.0+cpu,3.2.0,r13_fp32_rank_reduce,True,True
9.1.0,bias_induced_tie,5,Ascend950PR_957b,True,True,,10,64,,512,,,,56,correctness,,wrapper,20260811,,,PASS,2.10.0.post4.dev20260715,2.10.0+cpu,3.2.0,r14_priority_argmax,True,True
9.1.0,bias_induced_tie,5,Ascend950PR_957b,True,True,,10,64,,512,,,,56,correctness,,wrapper,20260811,,,PASS,2.10.0.post4.dev20260715,2.10.0+cpu,3.2.0,r15_unique_top10_fastpath,True,True
9.1.0,bias_induced_tie,5,Ascend950PR_957b,True,True,,10,64,,512,,,,56,correctness,,wrapper,20260811,,,PASS,2.10.0.post4.dev20260715,2.10.0+cpu,3.2.0,r16_split_unique_recovery,True,True
9.1.0,bias_induced_tie,5,Ascend950PR_957b,True,True,,10,64,,512,,,,56,correctness,,wrapper,20260811,,,PASS,2.10.0.post4.dev20260715,2.10.0+cpu,3.2.0,r17_parallel_priority_argmax,True,True
9.1.0,bias_induced_tie,5,Ascend950PR_957b,True,True,,10,64,,512,,,,56,correctness,,wrapper,20260811,,,PASS,2.10.0.post4.dev20260715,2.10.0+cpu,3.2.0,r18_hierarchical_partial_sort,True,True
9.1.0,bias_induced_tie,5,Ascend950PR_957b,True,True,,10,64,,512,,,,56,correctness,,wrapper,20260811,,,PASS,2.10.0.post4.dev20260715,2.10.0+cpu,3.2.0,r19_unique_id_sum,True,True
9.1.0,bias_induced_tie,5,Ascend950PR_957b,True,True,,10,64,,512,,,,56,correctness,,wrapper,20260811,,,PASS,2.10.0.post4.dev20260715,2.10.0+cpu,3.2.0,r20_iterative_rank1_maxarg,True,True
9.1.0,nan_at_least_k_finite,5,Ascend950PR_957b,True,True,,10,64,,512,,,,56,correctness,,wrapper,20260811,,,PASS,2.10.0.post4.dev20260715,2.10.0+cpu,3.2.0,r0_legacy,True,True
9.1.0,nan_at_least_k_finite,5,Ascend950PR_957b,True,True,,10,64,,512,,,,56,correctness,,wrapper,20260811,,,PASS,2.10.0.post4.dev20260715,2.10.0+cpu,3.2.0,r1_constexpr,True,True
9.1.0,nan_at_least_k_finite,5,Ascend950PR_957b,True,True,,10,64,,512,,,,56,correctness,,wrapper,20260811,,,PASS,2.10.0.post4.dev20260715,2.10.0+cpu,3.2.0,r2_core_partition,True,True
9.1.0,nan_at_least_k_finite,5,Ascend950PR_957b,True,True,,10,64,,512,,,,56,correctness,,wrapper,20260811,,,PASS,2.10.0.post4.dev20260715,2.10.0+cpu,3.2.0,r3_sort_tie,True,True
9.1.0,nan_at_least_k_finite,5,Ascend950PR_957b,True,True,,10,64,,512,,,,56,correctness,,wrapper,20260811,,,PASS,2.10.0.post4.dev20260715,2.10.0+cpu,3.2.0,r4_bias_hoist,True,True
9.1.0,nan_at_least_k_finite,5,Ascend950PR_957b,True,True,,10,64,,512,,,,56,correctness,,wrapper,20260811,,,PASS,2.10.0.post4.dev20260715,2.10.0+cpu,3.2.0,r5_dispatch,True,True
9.1.0,nan_at_least_k_finite,5,Ascend950PR_957b,True,True,,10,64,,512,,,,56,correctness,,wrapper,20260811,,,PASS,2.10.0.post4.dev20260715,2.10.0+cpu,3.2.0,r6_empirical_dispatch,True,True
9.1.0,nan_at_least_k_finite,5,Ascend950PR_957b,True,True,,10,64,,512,,,,56,correctness,,wrapper,20260811,,,PASS,2.10.0.post4.dev20260715,2.10.0+cpu,3.2.0,r7_vector_tie_recovery,True,True
9.1.0,nan_at_least_k_finite,5,Ascend950PR_957b,True,True,,10,64,,512,,,,56,correctness,,wrapper,20260811,,,PASS,2.10.0.post4.dev20260715,2.10.0+cpu,3.2.0,r8_safe_vector_dispatch,True,True
9.1.0,nan_at_least_k_finite,5,Ascend950PR_957b,True,True,,10,64,,512,,,,56,correctness,,wrapper,20260811,,,PASS,2.10.0.post4.dev20260715,2.10.0+cpu,3.2.0,r9_pair_tie_recovery,True,True
9.1.0,nan_at_least_k_finite,5,Ascend950PR_957b,True,True,,10,64,,512,,,,56,correctness,,wrapper,20260811,,,PASS,2.10.0.post4.dev20260715,2.10.0+cpu,3.2.0,r10_group_rank_threshold,True,True
9.1.0,nan_at_least_k_finite,5,Ascend950PR_957b,True,True,,10,64,,512,,,,56,correctness,,wrapper,20260811,,,PASS,2.10.0.post4.dev20260715,2.10.0+cpu,3.2.0,r11_packed_exact_sort,True,True
9.1.0,nan_at_least_k_finite,5,Ascend950PR_957b,True,True,,10,64,,512,,,,56,correctness,,wrapper,20260811,,,PASS,2.10.0.post4.dev20260715,2.10.0+cpu,3.2.0,r12_two_row_tile,True,True
9.1.0,nan_at_least_k_finite,5,Ascend950PR_957b,True,True,,10,64,,512,,,,56,correctness,,wrapper,20260811,,,PASS,2.10.0.post4.dev20260715,2.10.0+cpu,3.2.0,r13_fp32_rank_reduce,True,True
9.1.0,nan_at_least_k_finite,5,Ascend950PR_957b,True,True,,10,64,,512,,,,56,correctness,,wrapper,20260811,,,PASS,2.10.0.post4.dev20260715,2.10.0+cpu,3.2.0,r14_priority_argmax,True,True
9.1.0,nan_at_least_k_finite,5,Ascend950PR_957b,True,True,,10,64,,512,,,,56,correctness,,wrapper,20260811,,,PASS,2.10.0.post4.dev20260715,2.10.0+cpu,3.2.0,r15_unique_top10_fastpath,True,True
9.1.0,nan_at_least_k_finite,5,Ascend950PR_957b,True,True,,10,64,,512,,,,56,correctness,,wrapper,20260811,,,PASS,2.10.0.post4.dev20260715,2.10.0+cpu,3.2.0,r16_split_unique_recovery,True,True
9.1.0,nan_at_least_k_finite,5,Ascend950PR_957b,True,True,,10,64,,512,,,,56,correctness,,wrapper,20260811,,,PASS,2.10.0.post4.dev20260715,2.10.0+cpu,3.2.0,r17_parallel_priority_argmax,True,True
9.1.0,nan_at_least_k_finite,5,Ascend950PR_957b,True,True,,10,64,,512,,,,56,correctness,,wrapper,20260811,,,PASS,2.10.0.post4.dev20260715,2.10.0+cpu,3.2.0,r18_hierarchical_partial_sort,True,True
9.1.0,nan_at_least_k_finite,5,Ascend950PR_957b,True,True,,10,64,,512,,,,56,correctness,,wrapper,20260811,,,PASS,2.10.0.post4.dev20260715,2.10.0+cpu,3.2.0,r19_unique_id_sum,True,True
9.1.0,nan_at_least_k_finite,5,Ascend950PR_957b,True,True,,10,64,,512,,,,56,correctness,,wrapper,20260811,,,PASS,2.10.0.post4.dev20260715,2.10.0+cpu,3.2.0,r20_iterative_rank1_maxarg,True,True
9.1.0,nan_less_than_k_finite,5,Ascend950PR_957b,True,True,,10,64,,512,,,,56,correctness,,wrapper,20260811,,,PASS,2.10.0.post4.dev20260715,2.10.0+cpu,3.2.0,r0_legacy,True,True
9.1.0,nan_less_than_k_finite,5,Ascend950PR_957b,True,True,,10,64,,512,,,,56,correctness,,wrapper,20260811,,,PASS,2.10.0.post4.dev20260715,2.10.0+cpu,3.2.0,r1_constexpr,True,True
9.1.0,nan_less_than_k_finite,5,Ascend950PR_957b,True,True,,10,64,,512,,,,56,correctness,,wrapper,20260811,,,PASS,2.10.0.post4.dev20260715,2.10.0+cpu,3.2.0,r2_core_partition,True,True
9.1.0,nan_less_than_k_finite,5,Ascend950PR_957b,True,True,,10,64,,512,,,,56,correctness,,wrapper,20260811,,,PASS,2.10.0.post4.dev20260715,2.10.0+cpu,3.2.0,r3_sort_tie,True,True
9.1.0,nan_less_than_k_finite,5,Ascend950PR_957b,True,True,,10,64,,512,,,,56,correctness,,wrapper,20260811,,,PASS,2.10.0.post4.dev20260715,2.10.0+cpu,3.2.0,r4_bias_hoist,True,True
9.1.0,nan_less_than_k_finite,5,Ascend950PR_957b,True,True,,10,64,,512,,,,56,correctness,,wrapper,20260811,,,PASS,2.10.0.post4.dev20260715,2.10.0+cpu,3.2.0,r5_dispatch,True,True
9.1.0,nan_less_than_k_finite,5,Ascend950PR_957b,True,True,,10,64,,512,,,,56,correctness,,wrapper,20260811,,,PASS,2.10.0.post4.dev20260715,2.10.0+cpu,3.2.0,r6_empirical_dispatch,True,True
9.1.0,nan_less_than_k_finite,5,Ascend950PR_957b,True,True,,10,64,,512,,,,56,correctness,,wrapper,20260811,,,PASS,2.10.0.post4.dev20260715,2.10.0+cpu,3.2.0,r7_vector_tie_recovery,True,True
9.1.0,nan_less_than_k_finite,5,Ascend950PR_957b,True,True,,10,64,,512,,,,56,correctness,,wrapper,20260811,,,PASS,2.10.0.post4.dev20260715,2.10.0+cpu,3.2.0,r8_safe_vector_dispatch,True,True
9.1.0,nan_less_than_k_finite,5,Ascend950PR_957b,True,True,,10,64,,512,,,,56,correctness,,wrapper,20260811,,,PASS,2.10.0.post4.dev20260715,2.10.0+cpu,3.2.0,r9_pair_tie_recovery,True,True
9.1.0,nan_less_than_k_finite,5,Ascend950PR_957b,True,True,,10,64,,512,,,,56,correctness,,wrapper,20260811,,,PASS,2.10.0.post4.dev20260715,2.10.0+cpu,3.2.0,r10_group_rank_threshold,True,True
9.1.0,nan_less_than_k_finite,5,Ascend950PR_957b,True,True,,10,64,,512,,,,56,correctness,,wrapper,20260811,,,PASS,2.10.0.post4.dev20260715,2.10.0+cpu,3.2.0,r11_packed_exact_sort,True,True
9.1.0,nan_less_than_k_finite,5,Ascend950PR_957b,True,True,,10,64,,512,,,,56,correctness,,wrapper,20260811,,,PASS,2.10.0.post4.dev20260715,2.10.0+cpu,3.2.0,r12_two_row_tile,True,True
9.1.0,nan_less_than_k_finite,5,Ascend950PR_957b,True,True,,10,64,,512,,,,56,correctness,,wrapper,20260811,,,PASS,2.10.0.post4.dev20260715,2.10.0+cpu,3.2.0,r13_fp32_rank_reduce,True,True
9.1.0,nan_less_than_k_finite,5,Ascend950PR_957b,True,True,,10,64,,512,,,,56,correctness,,wrapper,20260811,,,PASS,2.10.0.post4.dev20260715,2.10.0+cpu,3.2.0,r14_priority_argmax,True,True
9.1.0,nan_less_than_k_finite,5,Ascend950PR_957b,True,True,,10,64,,512,,,,56,correctness,,wrapper,20260811,,,PASS,2.10.0.post4.dev20260715,2.10.0+cpu,3.2.0,r15_unique_top10_fastpath,True,True
9.1.0,nan_less_than_k_finite,5,Ascend950PR_957b,True,True,,10,64,,512,,,,56,correctness,,wrapper,20260811,,,PASS,2.10.0.post4.dev20260715,2.10.0+cpu,3.2.0,r16_split_unique_recovery,True,True
9.1.0,nan_less_than_k_finite,5,Ascend950PR_957b,True,True,,10,64,,512,,,,56,correctness,,wrapper,20260811,,,PASS,2.10.0.post4.dev20260715,2.10.0+cpu,3.2.0,r17_parallel_priority_argmax,True,True
9.1.0,nan_less_than_k_finite,5,Ascend950PR_957b,True,True,,10,64,,512,,,,56,correctness,,wrapper,20260811,,,PASS,2.10.0.post4.dev20260715,2.10.0+cpu,3.2.0,r18_hierarchical_partial_sort,True,True
9.1.0,nan_less_than_k_finite,5,Ascend950PR_957b,True,True,,10,64,,512,,,,56,correctness,,wrapper,20260811,,,PASS,2.10.0.post4.dev20260715,2.10.0+cpu,3.2.0,r19_unique_id_sum,True,True
9.1.0,nan_less_than_k_finite,5,Ascend950PR_957b,True,True,,10,64,,512,,,,56,correctness,,wrapper,20260811,,,PASS,2.10.0.post4.dev20260715,2.10.0+cpu,3.2.0,r20_iterative_rank1_maxarg,True,True
9.1.0,all_nan,5,Ascend950PR_957b,True,True,,10,64,,512,,,,56,correctness,,wrapper,20260811,,,PASS,2.10.0.post4.dev20260715,2.10.0+cpu,3.2.0,r0_legacy,True,True
9.1.0,all_nan,5,Ascend950PR_957b,True,True,,10,64,,512,,,,56,correctness,,wrapper,20260811,,,PASS,2.10.0.post4.dev20260715,2.10.0+cpu,3.2.0,r1_constexpr,True,True
9.1.0,all_nan,5,Ascend950PR_957b,True,True,,10,64,,512,,,,56,correctness,,wrapper,20260811,,,PASS,2.10.0.post4.dev20260715,2.10.0+cpu,3.2.0,r2_core_partition,True,True
9.1.0,all_nan,5,Ascend950PR_957b,True,True,,10,64,,512,,,,56,correctness,,wrapper,20260811,,,PASS,2.10.0.post4.dev20260715,2.10.0+cpu,3.2.0,r3_sort_tie,True,True
9.1.0,all_nan,5,Ascend950PR_957b,True,True,,10,64,,512,,,,56,correctness,,wrapper,20260811,,,PASS,2.10.0.post4.dev20260715,2.10.0+cpu,3.2.0,r4_bias_hoist,True,True
9.1.0,all_nan,5,Ascend950PR_957b,True,True,,10,64,,512,,,,56,correctness,,wrapper,20260811,,,PASS,2.10.0.post4.dev20260715,2.10.0+cpu,3.2.0,r5_dispatch,True,True
9.1.0,all_nan,5,Ascend950PR_957b,True,True,,10,64,,512,,,,56,correctness,,wrapper,20260811,,,PASS,2.10.0.post4.dev20260715,2.10.0+cpu,3.2.0,r6_empirical_dispatch,True,True
9.1.0,all_nan,5,Ascend950PR_957b,True,True,,10,64,,512,,,,56,correctness,,wrapper,20260811,,,PASS,2.10.0.post4.dev20260715,2.10.0+cpu,3.2.0,r7_vector_tie_recovery,True,True
9.1.0,all_nan,5,Ascend950PR_957b,True,True,,10,64,,512,,,,56,correctness,,wrapper,20260811,,,PASS,2.10.0.post4.dev20260715,2.10.0+cpu,3.2.0,r8_safe_vector_dispatch,True,True
9.1.0,all_nan,5,Ascend950PR_957b,True,True,,10,64,,512,,,,56,correctness,,wrapper,20260811,,,PASS,2.10.0.post4.dev20260715,2.10.0+cpu,3.2.0,r9_pair_tie_recovery,True,True
9.1.0,all_nan,5,Ascend950PR_957b,True,True,,10,64,,512,,,,56,correctness,,wrapper,20260811,,,PASS,2.10.0.post4.dev20260715,2.10.0+cpu,3.2.0,r10_group_rank_threshold,True,True
9.1.0,all_nan,5,Ascend950PR_957b,True,True,,10,64,,512,,,,56,correctness,,wrapper,20260811,,,PASS,2.10.0.post4.dev20260715,2.10.0+cpu,3.2.0,r11_packed_exact_sort,True,True
9.1.0,all_nan,5,Ascend950PR_957b,True,True,,10,64,,512,,,,56,correctness,,wrapper,20260811,,,PASS,2.10.0.post4.dev20260715,2.10.0+cpu,3.2.0,r12_two_row_tile,True,True
9.1.0,all_nan,5,Ascend950PR_957b,True,True,,10,64,,512,,,,56,correctness,,wrapper,20260811,,,PASS,2.10.0.post4.dev20260715,2.10.0+cpu,3.2.0,r13_fp32_rank_reduce,True,True
9.1.0,all_nan,5,Ascend950PR_957b,True,True,,10,64,,512,,,,56,correctness,,wrapper,20260811,,,PASS,2.10.0.post4.dev20260715,2.10.0+cpu,3.2.0,r14_priority_argmax,True,True
9.1.0,all_nan,5,Ascend950PR_957b,True,True,,10,64,,512,,,,56,correctness,,wrapper,20260811,,,PASS,2.10.0.post4.dev20260715,2.10.0+cpu,3.2.0,r15_unique_top10_fastpath,True,True
9.1.0,all_nan,5,Ascend950PR_957b,True,True,,10,64,,512,,,,56,correctness,,wrapper,20260811,,,PASS,2.10.0.post4.dev20260715,2.10.0+cpu,3.2.0,r16_split_unique_recovery,True,True
9.1.0,all_nan,5,Ascend950PR_957b,True,True,,10,64,,512,,,,56,correctness,,wrapper,20260811,,,PASS,2.10.0.post4.dev20260715,2.10.0+cpu,3.2.0,r17_parallel_priority_argmax,True,True
9.1.0,all_nan,5,Ascend950PR_957b,True,True,,10,64,,512,,,,56,correctness,,wrapper,20260811,,,PASS,2.10.0.post4.dev20260715,2.10.0+cpu,3.2.0,r18_hierarchical_partial_sort,True,True
9.1.0,all_nan,5,Ascend950PR_957b,True,True,,10,64,,512,,,,56,correctness,,wrapper,20260811,,,PASS,2.10.0.post4.dev20260715,2.10.0+cpu,3.2.0,r19_unique_id_sum,True,True
9.1.0,all_nan,5,Ascend950PR_957b,True,True,,10,64,,512,,,,56,correctness,,wrapper,20260811,,,PASS,2.10.0.post4.dev20260715,2.10.0+cpu,3.2.0,r20_iterative_rank1_maxarg,True,True
9.1.0,score_infinities,5,Ascend950PR_957b,True,True,,10,64,,512,,,,56,correctness,,wrapper,20260811,,,PASS,2.10.0.post4.dev20260715,2.10.0+cpu,3.2.0,r0_legacy,True,True
9.1.0,score_infinities,5,Ascend950PR_957b,True,True,,10,64,,512,,,,56,correctness,,wrapper,20260811,,,PASS,2.10.0.post4.dev20260715,2.10.0+cpu,3.2.0,r1_constexpr,True,True
9.1.0,score_infinities,5,Ascend950PR_957b,True,True,,10,64,,512,,,,56,correctness,,wrapper,20260811,,,PASS,2.10.0.post4.dev20260715,2.10.0+cpu,3.2.0,r2_core_partition,True,True
9.1.0,score_infinities,5,Ascend950PR_957b,True,True,,10,64,,512,,,,56,correctness,,wrapper,20260811,,,PASS,2.10.0.post4.dev20260715,2.10.0+cpu,3.2.0,r3_sort_tie,True,True
9.1.0,score_infinities,5,Ascend950PR_957b,True,True,,10,64,,512,,,,56,correctness,,wrapper,20260811,,,PASS,2.10.0.post4.dev20260715,2.10.0+cpu,3.2.0,r4_bias_hoist,True,True
9.1.0,score_infinities,5,Ascend950PR_957b,True,True,,10,64,,512,,,,56,correctness,,wrapper,20260811,,,PASS,2.10.0.post4.dev20260715,2.10.0+cpu,3.2.0,r5_dispatch,True,True
9.1.0,score_infinities,5,Ascend950PR_957b,True,True,,10,64,,512,,,,56,correctness,,wrapper,20260811,,,PASS,2.10.0.post4.dev20260715,2.10.0+cpu,3.2.0,r6_empirical_dispatch,True,True
9.1.0,score_infinities,5,Ascend950PR_957b,True,True,,10,64,,512,,,,56,correctness,,wrapper,20260811,,,PASS,2.10.0.post4.dev20260715,2.10.0+cpu,3.2.0,r7_vector_tie_recovery,True,True
9.1.0,score_infinities,5,Ascend950PR_957b,True,True,,10,64,,512,,,,56,correctness,,wrapper,20260811,,,PASS,2.10.0.post4.dev20260715,2.10.0+cpu,3.2.0,r8_safe_vector_dispatch,True,True
9.1.0,score_infinities,5,Ascend950PR_957b,True,True,,10,64,,512,,,,56,correctness,,wrapper,20260811,,,PASS,2.10.0.post4.dev20260715,2.10.0+cpu,3.2.0,r9_pair_tie_recovery,True,True
9.1.0,score_infinities,5,Ascend950PR_957b,True,True,,10,64,,512,,,,56,correctness,,wrapper,20260811,,,PASS,2.10.0.post4.dev20260715,2.10.0+cpu,3.2.0,r10_group_rank_threshold,True,True
9.1.0,score_infinities,5,Ascend950PR_957b,True,True,,10,64,,512,,,,56,correctness,,wrapper,20260811,,,PASS,2.10.0.post4.dev20260715,2.10.0+cpu,3.2.0,r11_packed_exact_sort,True,True
9.1.0,score_infinities,5,Ascend950PR_957b,True,True,,10,64,,512,,,,56,correctness,,wrapper,20260811,,,PASS,2.10.0.post4.dev20260715,2.10.0+cpu,3.2.0,r12_two_row_tile,True,True
9.1.0,score_infinities,5,Ascend950PR_957b,True,True,,10,64,,512,,,,56,correctness,,wrapper,20260811,,,PASS,2.10.0.post4.dev20260715,2.10.0+cpu,3.2.0,r13_fp32_rank_reduce,True,True
9.1.0,score_infinities,5,Ascend950PR_957b,True,True,,10,64,,512,,,,56,correctness,,wrapper,20260811,,,PASS,2.10.0.post4.dev20260715,2.10.0+cpu,3.2.0,r14_priority_argmax,True,True
9.1.0,score_infinities,5,Ascend950PR_957b,True,True,,10,64,,512,,,,56,correctness,,wrapper,20260811,,,PASS,2.10.0.post4.dev20260715,2.10.0+cpu,3.2.0,r15_unique_top10_fastpath,True,True
9.1.0,score_infinities,5,Ascend950PR_957b,True,True,,10,64,,512,,,,56,correctness,,wrapper,20260811,,,PASS,2.10.0.post4.dev20260715,2.10.0+cpu,3.2.0,r16_split_unique_recovery,True,True
9.1.0,score_infinities,5,Ascend950PR_957b,True,True,,10,64,,512,,,,56,correctness,,wrapper,20260811,,,PASS,2.10.0.post4.dev20260715,2.10.0+cpu,3.2.0,r17_parallel_priority_argmax,True,True
9.1.0,score_infinities,5,Ascend950PR_957b,True,True,,10,64,,512,,,,56,correctness,,wrapper,20260811,,,PASS,2.10.0.post4.dev20260715,2.10.0+cpu,3.2.0,r18_hierarchical_partial_sort,True,True
9.1.0,score_infinities,5,Ascend950PR_957b,True,True,,10,64,,512,,,,56,correctness,,wrapper,20260811,,,PASS,2.10.0.post4.dev20260715,2.10.0+cpu,3.2.0,r19_unique_id_sum,True,True
9.1.0,score_infinities,5,Ascend950PR_957b,True,True,,10,64,,512,,,,56,correctness,,wrapper,20260811,,,PASS,2.10.0.post4.dev20260715,2.10.0+cpu,3.2.0,r20_iterative_rank1_maxarg,True,True
9.1.0,one_ulp,5,Ascend950PR_957b,True,True,,10,64,,512,,,,56,correctness,,wrapper,20260811,,,PASS,2.10.0.post4.dev20260715,2.10.0+cpu,3.2.0,r0_legacy,True,True
9.1.0,one_ulp,5,Ascend950PR_957b,True,True,,10,64,,512,,,,56,correctness,,wrapper,20260811,,,PASS,2.10.0.post4.dev20260715,2.10.0+cpu,3.2.0,r1_constexpr,True,True
9.1.0,one_ulp,5,Ascend950PR_957b,True,True,,10,64,,512,,,,56,correctness,,wrapper,20260811,,,PASS,2.10.0.post4.dev20260715,2.10.0+cpu,3.2.0,r2_core_partition,True,True
9.1.0,one_ulp,5,Ascend950PR_957b,True,True,,10,64,,512,,,,56,correctness,,wrapper,20260811,,,PASS,2.10.0.post4.dev20260715,2.10.0+cpu,3.2.0,r3_sort_tie,True,True
9.1.0,one_ulp,5,Ascend950PR_957b,True,True,,10,64,,512,,,,56,correctness,,wrapper,20260811,,,PASS,2.10.0.post4.dev20260715,2.10.0+cpu,3.2.0,r4_bias_hoist,True,True
9.1.0,one_ulp,5,Ascend950PR_957b,True,True,,10,64,,512,,,,56,correctness,,wrapper,20260811,,,PASS,2.10.0.post4.dev20260715,2.10.0+cpu,3.2.0,r5_dispatch,True,True
9.1.0,one_ulp,5,Ascend950PR_957b,True,True,,10,64,,512,,,,56,correctness,,wrapper,20260811,,,PASS,2.10.0.post4.dev20260715,2.10.0+cpu,3.2.0,r6_empirical_dispatch,True,True
9.1.0,one_ulp,5,Ascend950PR_957b,True,True,,10,64,,512,,,,56,correctness,,wrapper,20260811,,,PASS,2.10.0.post4.dev20260715,2.10.0+cpu,3.2.0,r7_vector_tie_recovery,True,True
9.1.0,one_ulp,5,Ascend950PR_957b,True,True,,10,64,,512,,,,56,correctness,,wrapper,20260811,,,PASS,2.10.0.post4.dev20260715,2.10.0+cpu,3.2.0,r8_safe_vector_dispatch,True,True
9.1.0,one_ulp,5,Ascend950PR_957b,True,True,,10,64,,512,,,,56,correctness,,wrapper,20260811,,,PASS,2.10.0.post4.dev20260715,2.10.0+cpu,3.2.0,r9_pair_tie_recovery,True,True
9.1.0,one_ulp,5,Ascend950PR_957b,True,True,,10,64,,512,,,,56,correctness,,wrapper,20260811,,,PASS,2.10.0.post4.dev20260715,2.10.0+cpu,3.2.0,r10_group_rank_threshold,True,True
9.1.0,one_ulp,5,Ascend950PR_957b,True,True,,10,64,,512,,,,56,correctness,,wrapper,20260811,,,PASS,2.10.0.post4.dev20260715,2.10.0+cpu,3.2.0,r11_packed_exact_sort,True,True
9.1.0,one_ulp,5,Ascend950PR_957b,True,True,,10,64,,512,,,,56,correctness,,wrapper,20260811,,,PASS,2.10.0.post4.dev20260715,2.10.0+cpu,3.2.0,r12_two_row_tile,True,True
9.1.0,one_ulp,5,Ascend950PR_957b,True,True,,10,64,,512,,,,56,correctness,,wrapper,20260811,,,PASS,2.10.0.post4.dev20260715,2.10.0+cpu,3.2.0,r13_fp32_rank_reduce,True,True
9.1.0,one_ulp,5,Ascend950PR_957b,True,True,,10,64,,512,,,,56,correctness,,wrapper,20260811,,,PASS,2.10.0.post4.dev20260715,2.10.0+cpu,3.2.0,r14_priority_argmax,True,True
9.1.0,one_ulp,5,Ascend950PR_957b,True,True,,10,64,,512,,,,56,correctness,,wrapper,20260811,,,PASS,2.10.0.post4.dev20260715,2.10.0+cpu,3.2.0,r15_unique_top10_fastpath,True,True
9.1.0,one_ulp,5,Ascend950PR_957b,True,True,,10,64,,512,,,,56,correctness,,wrapper,20260811,,,PASS,2.10.0.post4.dev20260715,2.10.0+cpu,3.2.0,r16_split_unique_recovery,True,True
9.1.0,one_ulp,5,Ascend950PR_957b,True,True,,10,64,,512,,,,56,correctness,,wrapper,20260811,,,PASS,2.10.0.post4.dev20260715,2.10.0+cpu,3.2.0,r17_parallel_priority_argmax,True,True
9.1.0,one_ulp,5,Ascend950PR_957b,True,True,,10,64,,512,,,,56,correctness,,wrapper,20260811,,,PASS,2.10.0.post4.dev20260715,2.10.0+cpu,3.2.0,r18_hierarchical_partial_sort,True,True
9.1.0,one_ulp,5,Ascend950PR_957b,True,True,,10,64,,512,,,,56,correctness,,wrapper,20260811,,,PASS,2.10.0.post4.dev20260715,2.10.0+cpu,3.2.0,r19_unique_id_sum,True,True
9.1.0,one_ulp,5,Ascend950PR_957b,True,True,,10,64,,512,,,,56,correctness,,wrapper,20260811,,,PASS,2.10.0.post4.dev20260715,2.10.0+cpu,3.2.0,r20_iterative_rank1_maxarg,True,True
9.1.0,signed_zero,5,Ascend950PR_957b,True,True,,10,64,,512,,,,56,correctness,,wrapper,20260811,,,PASS,2.10.0.post4.dev20260715,2.10.0+cpu,3.2.0,r0_legacy,True,True
9.1.0,signed_zero,5,Ascend950PR_957b,True,True,,10,64,,512,,,,56,correctness,,wrapper,20260811,,,PASS,2.10.0.post4.dev20260715,2.10.0+cpu,3.2.0,r1_constexpr,True,True
9.1.0,signed_zero,5,Ascend950PR_957b,True,True,,10,64,,512,,,,56,correctness,,wrapper,20260811,,,PASS,2.10.0.post4.dev20260715,2.10.0+cpu,3.2.0,r2_core_partition,True,True
9.1.0,signed_zero,5,Ascend950PR_957b,True,True,,10,64,,512,,,,56,correctness,,wrapper,20260811,,,PASS,2.10.0.post4.dev20260715,2.10.0+cpu,3.2.0,r3_sort_tie,True,True
9.1.0,signed_zero,5,Ascend950PR_957b,True,True,,10,64,,512,,,,56,correctness,,wrapper,20260811,,,PASS,2.10.0.post4.dev20260715,2.10.0+cpu,3.2.0,r4_bias_hoist,True,True
9.1.0,signed_zero,5,Ascend950PR_957b,True,True,,10,64,,512,,,,56,correctness,,wrapper,20260811,,,PASS,2.10.0.post4.dev20260715,2.10.0+cpu,3.2.0,r5_dispatch,True,True
9.1.0,signed_zero,5,Ascend950PR_957b,True,True,,10,64,,512,,,,56,correctness,,wrapper,20260811,,,PASS,2.10.0.post4.dev20260715,2.10.0+cpu,3.2.0,r6_empirical_dispatch,True,True
9.1.0,signed_zero,5,Ascend950PR_957b,True,True,,10,64,,512,,,,56,correctness,,wrapper,20260811,,,PASS,2.10.0.post4.dev20260715,2.10.0+cpu,3.2.0,r7_vector_tie_recovery,True,True
9.1.0,signed_zero,5,Ascend950PR_957b,True,True,,10,64,,512,,,,56,correctness,,wrapper,20260811,,,PASS,2.10.0.post4.dev20260715,2.10.0+cpu,3.2.0,r8_safe_vector_dispatch,True,True
9.1.0,signed_zero,5,Ascend950PR_957b,True,True,,10,64,,512,,,,56,correctness,,wrapper,20260811,,,PASS,2.10.0.post4.dev20260715,2.10.0+cpu,3.2.0,r9_pair_tie_recovery,True,True
9.1.0,signed_zero,5,Ascend950PR_957b,True,True,,10,64,,512,,,,56,correctness,,wrapper,20260811,,,PASS,2.10.0.post4.dev20260715,2.10.0+cpu,3.2.0,r10_group_rank_threshold,True,True
9.1.0,signed_zero,5,Ascend950PR_957b,True,True,,10,64,,512,,,,56,correctness,,wrapper,20260811,,,PASS,2.10.0.post4.dev20260715,2.10.0+cpu,3.2.0,r11_packed_exact_sort,True,True
9.1.0,signed_zero,5,Ascend950PR_957b,True,True,,10,64,,512,,,,56,correctness,,wrapper,20260811,,,PASS,2.10.0.post4.dev20260715,2.10.0+cpu,3.2.0,r12_two_row_tile,True,True
9.1.0,signed_zero,5,Ascend950PR_957b,True,True,,10,64,,512,,,,56,correctness,,wrapper,20260811,,,PASS,2.10.0.post4.dev20260715,2.10.0+cpu,3.2.0,r13_fp32_rank_reduce,True,True
9.1.0,signed_zero,5,Ascend950PR_957b,True,True,,10,64,,512,,,,56,correctness,,wrapper,20260811,,,PASS,2.10.0.post4.dev20260715,2.10.0+cpu,3.2.0,r14_priority_argmax,True,True
9.1.0,signed_zero,5,Ascend950PR_957b,True,True,,10,64,,512,,,,56,correctness,,wrapper,20260811,,,PASS,2.10.0.post4.dev20260715,2.10.0+cpu,3.2.0,r15_unique_top10_fastpath,True,True
9.1.0,signed_zero,5,Ascend950PR_957b,True,True,,10,64,,512,,,,56,correctness,,wrapper,20260811,,,PASS,2.10.0.post4.dev20260715,2.10.0+cpu,3.2.0,r16_split_unique_recovery,True,True
9.1.0,signed_zero,5,Ascend950PR_957b,True,True,,10,64,,512,,,,56,correctness,,wrapper,20260811,,,PASS,2.10.0.post4.dev20260715,2.10.0+cpu,3.2.0,r17_parallel_priority_argmax,True,True
9.1.0,signed_zero,5,Ascend950PR_957b,True,True,,10,64,,512,,,,56,correctness,,wrapper,20260811,,,PASS,2.10.0.post4.dev20260715,2.10.0+cpu,3.2.0,r18_hierarchical_partial_sort,True,True
9.1.0,signed_zero,5,Ascend950PR_957b,True,True,,10,64,,512,,,,56,correctness,,wrapper,20260811,,,PASS,2.10.0.post4.dev20260715,2.10.0+cpu,3.2.0,r19_unique_id_sum,True,True
9.1.0,signed_zero,5,Ascend950PR_957b,True,True,,10,64,,512,,,,56,correctness,,wrapper,20260811,,,PASS,2.10.0.post4.dev20260715,2.10.0+cpu,3.2.0,r20_iterative_rank1_maxarg,True,True
9.1.0,random_zero_bias,5,Ascend950PR_957b,True,True,,10,384,,512,,,,56,correctness,,wrapper,20260811,,,PASS,2.10.0.post4.dev20260715,2.10.0+cpu,3.2.0,r0_legacy,True,True
9.1.0,random_zero_bias,5,Ascend950PR_957b,True,True,,10,384,,512,,,,56,correctness,,wrapper,20260811,,,PASS,2.10.0.post4.dev20260715,2.10.0+cpu,3.2.0,r1_constexpr,True,True
9.1.0,random_zero_bias,5,Ascend950PR_957b,True,True,,10,384,,512,,,,56,correctness,,wrapper,20260811,,,PASS,2.10.0.post4.dev20260715,2.10.0+cpu,3.2.0,r2_core_partition,True,True
9.1.0,random_zero_bias,5,Ascend950PR_957b,True,True,,10,384,,512,,,,56,correctness,,wrapper,20260811,,,PASS,2.10.0.post4.dev20260715,2.10.0+cpu,3.2.0,r3_sort_tie,True,True
9.1.0,random_zero_bias,5,Ascend950PR_957b,True,True,,10,384,,512,,,,56,correctness,,wrapper,20260811,,,PASS,2.10.0.post4.dev20260715,2.10.0+cpu,3.2.0,r4_bias_hoist,True,True
9.1.0,random_zero_bias,5,Ascend950PR_957b,True,True,,10,384,,512,,,,56,correctness,,wrapper,20260811,,,PASS,2.10.0.post4.dev20260715,2.10.0+cpu,3.2.0,r5_dispatch,True,True
9.1.0,random_zero_bias,5,Ascend950PR_957b,True,True,,10,384,,512,,,,56,correctness,,wrapper,20260811,,,PASS,2.10.0.post4.dev20260715,2.10.0+cpu,3.2.0,r6_empirical_dispatch,True,True
9.1.0,random_zero_bias,5,Ascend950PR_957b,True,True,,10,384,,512,,,,56,correctness,,wrapper,20260811,,,PASS,2.10.0.post4.dev20260715,2.10.0+cpu,3.2.0,r7_vector_tie_recovery,True,True
9.1.0,random_zero_bias,5,Ascend950PR_957b,True,True,,10,384,,512,,,,56,correctness,,wrapper,20260811,,,PASS,2.10.0.post4.dev20260715,2.10.0+cpu,3.2.0,r8_safe_vector_dispatch,True,True
9.1.0,random_zero_bias,5,Ascend950PR_957b,True,True,,10,384,,512,,,,56,correctness,,wrapper,20260811,,,PASS,2.10.0.post4.dev20260715,2.10.0+cpu,3.2.0,r9_pair_tie_recovery,True,True
9.1.0,random_zero_bias,5,Ascend950PR_957b,True,True,,10,384,,512,,,,56,correctness,,wrapper,20260811,,,PASS,2.10.0.post4.dev20260715,2.10.0+cpu,3.2.0,r10_group_rank_threshold,True,True
9.1.0,random_zero_bias,5,Ascend950PR_957b,True,True,,10,384,,512,,,,56,correctness,,wrapper,20260811,,,PASS,2.10.0.post4.dev20260715,2.10.0+cpu,3.2.0,r11_packed_exact_sort,True,True
9.1.0,random_zero_bias,5,Ascend950PR_957b,True,True,,10,384,,512,,,,56,correctness,,wrapper,20260811,,,PASS,2.10.0.post4.dev20260715,2.10.0+cpu,3.2.0,r12_two_row_tile,True,True
9.1.0,random_zero_bias,5,Ascend950PR_957b,True,True,,10,384,,512,,,,56,correctness,,wrapper,20260811,,,PASS,2.10.0.post4.dev20260715,2.10.0+cpu,3.2.0,r13_fp32_rank_reduce,True,True
9.1.0,random_zero_bias,5,Ascend950PR_957b,True,True,,10,384,,512,,,,56,correctness,,wrapper,20260811,,,PASS,2.10.0.post4.dev20260715,2.10.0+cpu,3.2.0,r14_priority_argmax,True,True
9.1.0,random_zero_bias,5,Ascend950PR_957b,True,True,,10,384,,512,,,,56,correctness,,wrapper,20260811,,,PASS,2.10.0.post4.dev20260715,2.10.0+cpu,3.2.0,r15_unique_top10_fastpath,True,True
9.1.0,random_zero_bias,5,Ascend950PR_957b,True,True,,10,384,,512,,,,56,correctness,,wrapper,20260811,,,PASS,2.10.0.post4.dev20260715,2.10.0+cpu,3.2.0,r16_split_unique_recovery,True,True
9.1.0,random_zero_bias,5,Ascend950PR_957b,True,True,,10,384,,512,,,,56,correctness,,wrapper,20260811,,,PASS,2.10.0.post4.dev20260715,2.10.0+cpu,3.2.0,r17_parallel_priority_argmax,True,True
9.1.0,random_zero_bias,5,Ascend950PR_957b,True,True,,10,384,,512,,,,56,correctness,,wrapper,20260811,,,PASS,2.10.0.post4.dev20260715,2.10.0+cpu,3.2.0,r18_hierarchical_partial_sort,True,True
9.1.0,random_zero_bias,5,Ascend950PR_957b,True,True,,10,384,,512,,,,56,correctness,,wrapper,20260811,,,PASS,2.10.0.post4.dev20260715,2.10.0+cpu,3.2.0,r19_unique_id_sum,True,True
9.1.0,random_zero_bias,5,Ascend950PR_957b,True,True,,10,384,,512,,,,56,correctness,,wrapper,20260811,,,PASS,2.10.0.post4.dev20260715,2.10.0+cpu,3.2.0,r20_iterative_rank1_maxarg,True,True
9.1.0,all_tie,5,Ascend950PR_957b,True,True,,10,384,,512,,,,56,correctness,,wrapper,20260811,,,PASS,2.10.0.post4.dev20260715,2.10.0+cpu,3.2.0,r0_legacy,True,True
9.1.0,all_tie,5,Ascend950PR_957b,True,True,,10,384,,512,,,,56,correctness,,wrapper,20260811,,,PASS,2.10.0.post4.dev20260715,2.10.0+cpu,3.2.0,r1_constexpr,True,True
9.1.0,all_tie,5,Ascend950PR_957b,True,True,,10,384,,512,,,,56,correctness,,wrapper,20260811,,,PASS,2.10.0.post4.dev20260715,2.10.0+cpu,3.2.0,r2_core_partition,True,True
9.1.0,all_tie,5,Ascend950PR_957b,True,True,,10,384,,512,,,,56,correctness,,wrapper,20260811,,,PASS,2.10.0.post4.dev20260715,2.10.0+cpu,3.2.0,r3_sort_tie,True,True
9.1.0,all_tie,5,Ascend950PR_957b,True,True,,10,384,,512,,,,56,correctness,,wrapper,20260811,,,PASS,2.10.0.post4.dev20260715,2.10.0+cpu,3.2.0,r4_bias_hoist,True,True
9.1.0,all_tie,5,Ascend950PR_957b,True,True,,10,384,,512,,,,56,correctness,,wrapper,20260811,,,PASS,2.10.0.post4.dev20260715,2.10.0+cpu,3.2.0,r5_dispatch,True,True
9.1.0,all_tie,5,Ascend950PR_957b,True,True,,10,384,,512,,,,56,correctness,,wrapper,20260811,,,PASS,2.10.0.post4.dev20260715,2.10.0+cpu,3.2.0,r6_empirical_dispatch,True,True
9.1.0,all_tie,5,Ascend950PR_957b,True,True,,10,384,,512,,,,56,correctness,,wrapper,20260811,,,PASS,2.10.0.post4.dev20260715,2.10.0+cpu,3.2.0,r7_vector_tie_recovery,True,True
9.1.0,all_tie,5,Ascend950PR_957b,True,True,,10,384,,512,,,,56,correctness,,wrapper,20260811,,,PASS,2.10.0.post4.dev20260715,2.10.0+cpu,3.2.0,r8_safe_vector_dispatch,True,True
9.1.0,all_tie,5,Ascend950PR_957b,True,True,,10,384,,512,,,,56,correctness,,wrapper,20260811,,,PASS,2.10.0.post4.dev20260715,2.10.0+cpu,3.2.0,r9_pair_tie_recovery,True,True
9.1.0,all_tie,5,Ascend950PR_957b,True,True,,10,384,,512,,,,56,correctness,,wrapper,20260811,,,PASS,2.10.0.post4.dev20260715,2.10.0+cpu,3.2.0,r10_group_rank_threshold,True,True
9.1.0,all_tie,5,Ascend950PR_957b,True,True,,10,384,,512,,,,56,correctness,,wrapper,20260811,,,PASS,2.10.0.post4.dev20260715,2.10.0+cpu,3.2.0,r11_packed_exact_sort,True,True
9.1.0,all_tie,5,Ascend950PR_957b,True,True,,10,384,,512,,,,56,correctness,,wrapper,20260811,,,PASS,2.10.0.post4.dev20260715,2.10.0+cpu,3.2.0,r12_two_row_tile,True,True
9.1.0,all_tie,5,Ascend950PR_957b,True,True,,10,384,,512,,,,56,correctness,,wrapper,20260811,,,PASS,2.10.0.post4.dev20260715,2.10.0+cpu,3.2.0,r13_fp32_rank_reduce,True,True
9.1.0,all_tie,5,Ascend950PR_957b,True,True,,10,384,,512,,,,56,correctness,,wrapper,20260811,,,PASS,2.10.0.post4.dev20260715,2.10.0+cpu,3.2.0,r14_priority_argmax,True,True
9.1.0,all_tie,5,Ascend950PR_957b,True,True,,10,384,,512,,,,56,correctness,,wrapper,20260811,,,PASS,2.10.0.post4.dev20260715,2.10.0+cpu,3.2.0,r15_unique_top10_fastpath,True,True
9.1.0,all_tie,5,Ascend950PR_957b,True,True,,10,384,,512,,,,56,correctness,,wrapper,20260811,,,PASS,2.10.0.post4.dev20260715,2.10.0+cpu,3.2.0,r16_split_unique_recovery,True,True
9.1.0,all_tie,5,Ascend950PR_957b,True,True,,10,384,,512,,,,56,correctness,,wrapper,20260811,,,PASS,2.10.0.post4.dev20260715,2.10.0+cpu,3.2.0,r17_parallel_priority_argmax,True,True
9.1.0,all_tie,5,Ascend950PR_957b,True,True,,10,384,,512,,,,56,correctness,,wrapper,20260811,,,PASS,2.10.0.post4.dev20260715,2.10.0+cpu,3.2.0,r18_hierarchical_partial_sort,True,True
9.1.0,all_tie,5,Ascend950PR_957b,True,True,,10,384,,512,,,,56,correctness,,wrapper,20260811,,,PASS,2.10.0.post4.dev20260715,2.10.0+cpu,3.2.0,r19_unique_id_sum,True,True
9.1.0,all_tie,5,Ascend950PR_957b,True,True,,10,384,,512,,,,56,correctness,,wrapper,20260811,,,PASS,2.10.0.post4.dev20260715,2.10.0+cpu,3.2.0,r20_iterative_rank1_maxarg,True,True
9.1.0,discrete_ties,5,Ascend950PR_957b,True,True,,10,384,,512,,,,56,correctness,,wrapper,20260811,,,PASS,2.10.0.post4.dev20260715,2.10.0+cpu,3.2.0,r0_legacy,True,True
9.1.0,discrete_ties,5,Ascend950PR_957b,True,True,,10,384,,512,,,,56,correctness,,wrapper,20260811,,,PASS,2.10.0.post4.dev20260715,2.10.0+cpu,3.2.0,r1_constexpr,True,True
9.1.0,discrete_ties,5,Ascend950PR_957b,True,True,,10,384,,512,,,,56,correctness,,wrapper,20260811,,,PASS,2.10.0.post4.dev20260715,2.10.0+cpu,3.2.0,r2_core_partition,True,True
9.1.0,discrete_ties,5,Ascend950PR_957b,True,True,,10,384,,512,,,,56,correctness,,wrapper,20260811,,,PASS,2.10.0.post4.dev20260715,2.10.0+cpu,3.2.0,r3_sort_tie,True,True
9.1.0,discrete_ties,5,Ascend950PR_957b,True,True,,10,384,,512,,,,56,correctness,,wrapper,20260811,,,PASS,2.10.0.post4.dev20260715,2.10.0+cpu,3.2.0,r4_bias_hoist,True,True
9.1.0,discrete_ties,5,Ascend950PR_957b,True,True,,10,384,,512,,,,56,correctness,,wrapper,20260811,,,PASS,2.10.0.post4.dev20260715,2.10.0+cpu,3.2.0,r5_dispatch,True,True
9.1.0,discrete_ties,5,Ascend950PR_957b,True,True,,10,384,,512,,,,56,correctness,,wrapper,20260811,,,PASS,2.10.0.post4.dev20260715,2.10.0+cpu,3.2.0,r6_empirical_dispatch,True,True
9.1.0,discrete_ties,5,Ascend950PR_957b,True,True,,10,384,,512,,,,56,correctness,,wrapper,20260811,,,PASS,2.10.0.post4.dev20260715,2.10.0+cpu,3.2.0,r7_vector_tie_recovery,True,True
9.1.0,discrete_ties,5,Ascend950PR_957b,True,True,,10,384,,512,,,,56,correctness,,wrapper,20260811,,,PASS,2.10.0.post4.dev20260715,2.10.0+cpu,3.2.0,r8_safe_vector_dispatch,True,True
9.1.0,discrete_ties,5,Ascend950PR_957b,True,True,,10,384,,512,,,,56,correctness,,wrapper,20260811,,,PASS,2.10.0.post4.dev20260715,2.10.0+cpu,3.2.0,r9_pair_tie_recovery,True,True
9.1.0,discrete_ties,5,Ascend950PR_957b,True,True,,10,384,,512,,,,56,correctness,,wrapper,20260811,,,PASS,2.10.0.post4.dev20260715,2.10.0+cpu,3.2.0,r10_group_rank_threshold,True,True
9.1.0,discrete_ties,5,Ascend950PR_957b,True,True,,10,384,,512,,,,56,correctness,,wrapper,20260811,,,PASS,2.10.0.post4.dev20260715,2.10.0+cpu,3.2.0,r11_packed_exact_sort,True,True
9.1.0,discrete_ties,5,Ascend950PR_957b,True,True,,10,384,,512,,,,56,correctness,,wrapper,20260811,,,PASS,2.10.0.post4.dev20260715,2.10.0+cpu,3.2.0,r12_two_row_tile,True,True
9.1.0,discrete_ties,5,Ascend950PR_957b,True,True,,10,384,,512,,,,56,correctness,,wrapper,20260811,,,PASS,2.10.0.post4.dev20260715,2.10.0+cpu,3.2.0,r13_fp32_rank_reduce,True,True
9.1.0,discrete_ties,5,Ascend950PR_957b,True,True,,10,384,,512,,,,56,correctness,,wrapper,20260811,,,PASS,2.10.0.post4.dev20260715,2.10.0+cpu,3.2.0,r14_priority_argmax,True,True
9.1.0,discrete_ties,5,Ascend950PR_957b,True,True,,10,384,,512,,,,56,correctness,,wrapper,20260811,,,PASS,2.10.0.post4.dev20260715,2.10.0+cpu,3.2.0,r15_unique_top10_fastpath,True,True
9.1.0,discrete_ties,5,Ascend950PR_957b,True,True,,10,384,,512,,,,56,correctness,,wrapper,20260811,,,PASS,2.10.0.post4.dev20260715,2.10.0+cpu,3.2.0,r16_split_unique_recovery,True,True
9.1.0,discrete_ties,5,Ascend950PR_957b,True,True,,10,384,,512,,,,56,correctness,,wrapper,20260811,,,PASS,2.10.0.post4.dev20260715,2.10.0+cpu,3.2.0,r17_parallel_priority_argmax,True,True
9.1.0,discrete_ties,5,Ascend950PR_957b,True,True,,10,384,,512,,,,56,correctness,,wrapper,20260811,,,PASS,2.10.0.post4.dev20260715,2.10.0+cpu,3.2.0,r18_hierarchical_partial_sort,True,True
9.1.0,discrete_ties,5,Ascend950PR_957b,True,True,,10,384,,512,,,,56,correctness,,wrapper,20260811,,,PASS,2.10.0.post4.dev20260715,2.10.0+cpu,3.2.0,r19_unique_id_sum,True,True
9.1.0,discrete_ties,5,Ascend950PR_957b,True,True,,10,384,,512,,,,56,correctness,,wrapper,20260811,,,PASS,2.10.0.post4.dev20260715,2.10.0+cpu,3.2.0,r20_iterative_rank1_maxarg,True,True
9.1.0,bias_induced_tie,5,Ascend950PR_957b,True,True,,10,384,,512,,,,56,correctness,,wrapper,20260811,,,PASS,2.10.0.post4.dev20260715,2.10.0+cpu,3.2.0,r0_legacy,True,True
9.1.0,bias_induced_tie,5,Ascend950PR_957b,True,True,,10,384,,512,,,,56,correctness,,wrapper,20260811,,,PASS,2.10.0.post4.dev20260715,2.10.0+cpu,3.2.0,r1_constexpr,True,True
9.1.0,bias_induced_tie,5,Ascend950PR_957b,True,True,,10,384,,512,,,,56,correctness,,wrapper,20260811,,,PASS,2.10.0.post4.dev20260715,2.10.0+cpu,3.2.0,r2_core_partition,True,True
9.1.0,bias_induced_tie,5,Ascend950PR_957b,True,True,,10,384,,512,,,,56,correctness,,wrapper,20260811,,,PASS,2.10.0.post4.dev20260715,2.10.0+cpu,3.2.0,r3_sort_tie,True,True
9.1.0,bias_induced_tie,5,Ascend950PR_957b,True,True,,10,384,,512,,,,56,correctness,,wrapper,20260811,,,PASS,2.10.0.post4.dev20260715,2.10.0+cpu,3.2.0,r4_bias_hoist,True,True
9.1.0,bias_induced_tie,5,Ascend950PR_957b,True,True,,10,384,,512,,,,56,correctness,,wrapper,20260811,,,PASS,2.10.0.post4.dev20260715,2.10.0+cpu,3.2.0,r5_dispatch,True,True
9.1.0,bias_induced_tie,5,Ascend950PR_957b,True,True,,10,384,,512,,,,56,correctness,,wrapper,20260811,,,PASS,2.10.0.post4.dev20260715,2.10.0+cpu,3.2.0,r6_empirical_dispatch,True,True
9.1.0,bias_induced_tie,5,Ascend950PR_957b,True,True,,10,384,,512,,,,56,correctness,,wrapper,20260811,,,PASS,2.10.0.post4.dev20260715,2.10.0+cpu,3.2.0,r7_vector_tie_recovery,True,True
9.1.0,bias_induced_tie,5,Ascend950PR_957b,True,True,,10,384,,512,,,,56,correctness,,wrapper,20260811,,,PASS,2.10.0.post4.dev20260715,2.10.0+cpu,3.2.0,r8_safe_vector_dispatch,True,True
9.1.0,bias_induced_tie,5,Ascend950PR_957b,True,True,,10,384,,512,,,,56,correctness,,wrapper,20260811,,,PASS,2.10.0.post4.dev20260715,2.10.0+cpu,3.2.0,r9_pair_tie_recovery,True,True
9.1.0,bias_induced_tie,5,Ascend950PR_957b,True,True,,10,384,,512,,,,56,correctness,,wrapper,20260811,,,PASS,2.10.0.post4.dev20260715,2.10.0+cpu,3.2.0,r10_group_rank_threshold,True,True
9.1.0,bias_induced_tie,5,Ascend950PR_957b,True,True,,10,384,,512,,,,56,correctness,,wrapper,20260811,,,PASS,2.10.0.post4.dev20260715,2.10.0+cpu,3.2.0,r11_packed_exact_sort,True,True
9.1.0,bias_induced_tie,5,Ascend950PR_957b,True,True,,10,384,,512,,,,56,correctness,,wrapper,20260811,,,PASS,2.10.0.post4.dev20260715,2.10.0+cpu,3.2.0,r12_two_row_tile,True,True
9.1.0,bias_induced_tie,5,Ascend950PR_957b,True,True,,10,384,,512,,,,56,correctness,,wrapper,20260811,,,PASS,2.10.0.post4.dev20260715,2.10.0+cpu,3.2.0,r13_fp32_rank_reduce,True,True
9.1.0,bias_induced_tie,5,Ascend950PR_957b,True,True,,10,384,,512,,,,56,correctness,,wrapper,20260811,,,PASS,2.10.0.post4.dev20260715,2.10.0+cpu,3.2.0,r14_priority_argmax,True,True
9.1.0,bias_induced_tie,5,Ascend950PR_957b,True,True,,10,384,,512,,,,56,correctness,,wrapper,20260811,,,PASS,2.10.0.post4.dev20260715,2.10.0+cpu,3.2.0,r15_unique_top10_fastpath,True,True
9.1.0,bias_induced_tie,5,Ascend950PR_957b,True,True,,10,384,,512,,,,56,correctness,,wrapper,20260811,,,PASS,2.10.0.post4.dev20260715,2.10.0+cpu,3.2.0,r16_split_unique_recovery,True,True
9.1.0,bias_induced_tie,5,Ascend950PR_957b,True,True,,10,384,,512,,,,56,correctness,,wrapper,20260811,,,PASS,2.10.0.post4.dev20260715,2.10.0+cpu,3.2.0,r17_parallel_priority_argmax,True,True
9.1.0,bias_induced_tie,5,Ascend950PR_957b,True,True,,10,384,,512,,,,56,correctness,,wrapper,20260811,,,PASS,2.10.0.post4.dev20260715,2.10.0+cpu,3.2.0,r18_hierarchical_partial_sort,True,True
9.1.0,bias_induced_tie,5,Ascend950PR_957b,True,True,,10,384,,512,,,,56,correctness,,wrapper,20260811,,,PASS,2.10.0.post4.dev20260715,2.10.0+cpu,3.2.0,r19_unique_id_sum,True,True
9.1.0,bias_induced_tie,5,Ascend950PR_957b,True,True,,10,384,,512,,,,56,correctness,,wrapper,20260811,,,PASS,2.10.0.post4.dev20260715,2.10.0+cpu,3.2.0,r20_iterative_rank1_maxarg,True,True
9.1.0,nan_at_least_k_finite,5,Ascend950PR_957b,True,True,,10,384,,512,,,,56,correctness,,wrapper,20260811,,,PASS,2.10.0.post4.dev20260715,2.10.0+cpu,3.2.0,r0_legacy,True,True
9.1.0,nan_at_least_k_finite,5,Ascend950PR_957b,True,True,,10,384,,512,,,,56,correctness,,wrapper,20260811,,,PASS,2.10.0.post4.dev20260715,2.10.0+cpu,3.2.0,r1_constexpr,True,True
9.1.0,nan_at_least_k_finite,5,Ascend950PR_957b,True,True,,10,384,,512,,,,56,correctness,,wrapper,20260811,,,PASS,2.10.0.post4.dev20260715,2.10.0+cpu,3.2.0,r2_core_partition,True,True
9.1.0,nan_at_least_k_finite,5,Ascend950PR_957b,True,True,,10,384,,512,,,,56,correctness,,wrapper,20260811,,,PASS,2.10.0.post4.dev20260715,2.10.0+cpu,3.2.0,r3_sort_tie,True,True
9.1.0,nan_at_least_k_finite,5,Ascend950PR_957b,True,True,,10,384,,512,,,,56,correctness,,wrapper,20260811,,,PASS,2.10.0.post4.dev20260715,2.10.0+cpu,3.2.0,r4_bias_hoist,True,True
9.1.0,nan_at_least_k_finite,5,Ascend950PR_957b,True,True,,10,384,,512,,,,56,correctness,,wrapper,20260811,,,PASS,2.10.0.post4.dev20260715,2.10.0+cpu,3.2.0,r5_dispatch,True,True
9.1.0,nan_at_least_k_finite,5,Ascend950PR_957b,True,True,,10,384,,512,,,,56,correctness,,wrapper,20260811,,,PASS,2.10.0.post4.dev20260715,2.10.0+cpu,3.2.0,r6_empirical_dispatch,True,True
9.1.0,nan_at_least_k_finite,5,Ascend950PR_957b,True,True,,10,384,,512,,,,56,correctness,,wrapper,20260811,,,PASS,2.10.0.post4.dev20260715,2.10.0+cpu,3.2.0,r7_vector_tie_recovery,True,True
9.1.0,nan_at_least_k_finite,5,Ascend950PR_957b,True,True,,10,384,,512,,,,56,correctness,,wrapper,20260811,,,PASS,2.10.0.post4.dev20260715,2.10.0+cpu,3.2.0,r8_safe_vector_dispatch,True,True
9.1.0,nan_at_least_k_finite,5,Ascend950PR_957b,True,True,,10,384,,512,,,,56,correctness,,wrapper,20260811,,,PASS,2.10.0.post4.dev20260715,2.10.0+cpu,3.2.0,r9_pair_tie_recovery,True,True
9.1.0,nan_at_least_k_finite,5,Ascend950PR_957b,True,True,,10,384,,512,,,,56,correctness,,wrapper,20260811,,,PASS,2.10.0.post4.dev20260715,2.10.0+cpu,3.2.0,r10_group_rank_threshold,True,True
9.1.0,nan_at_least_k_finite,5,Ascend950PR_957b,True,True,,10,384,,512,,,,56,correctness,,wrapper,20260811,,,PASS,2.10.0.post4.dev20260715,2.10.0+cpu,3.2.0,r11_packed_exact_sort,True,True
9.1.0,nan_at_least_k_finite,5,Ascend950PR_957b,True,True,,10,384,,512,,,,56,correctness,,wrapper,20260811,,,PASS,2.10.0.post4.dev20260715,2.10.0+cpu,3.2.0,r12_two_row_tile,True,True
9.1.0,nan_at_least_k_finite,5,Ascend950PR_957b,True,True,,10,384,,512,,,,56,correctness,,wrapper,20260811,,,PASS,2.10.0.post4.dev20260715,2.10.0+cpu,3.2.0,r13_fp32_rank_reduce,True,True
9.1.0,nan_at_least_k_finite,5,Ascend950PR_957b,True,True,,10,384,,512,,,,56,correctness,,wrapper,20260811,,,PASS,2.10.0.post4.dev20260715,2.10.0+cpu,3.2.0,r14_priority_argmax,True,True
9.1.0,nan_at_least_k_finite,5,Ascend950PR_957b,True,True,,10,384,,512,,,,56,correctness,,wrapper,20260811,,,PASS,2.10.0.post4.dev20260715,2.10.0+cpu,3.2.0,r15_unique_top10_fastpath,True,True
9.1.0,nan_at_least_k_finite,5,Ascend950PR_957b,True,True,,10,384,,512,,,,56,correctness,,wrapper,20260811,,,PASS,2.10.0.post4.dev20260715,2.10.0+cpu,3.2.0,r16_split_unique_recovery,True,True
9.1.0,nan_at_least_k_finite,5,Ascend950PR_957b,True,True,,10,384,,512,,,,56,correctness,,wrapper,20260811,,,PASS,2.10.0.post4.dev20260715,2.10.0+cpu,3.2.0,r17_parallel_priority_argmax,True,True
9.1.0,nan_at_least_k_finite,5,Ascend950PR_957b,True,True,,10,384,,512,,,,56,correctness,,wrapper,20260811,,,PASS,2.10.0.post4.dev20260715,2.10.0+cpu,3.2.0,r18_hierarchical_partial_sort,True,True
9.1.0,nan_at_least_k_finite,5,Ascend950PR_957b,True,True,,10,384,,512,,,,56,correctness,,wrapper,20260811,,,PASS,2.10.0.post4.dev20260715,2.10.0+cpu,3.2.0,r19_unique_id_sum,True,True
9.1.0,nan_at_least_k_finite,5,Ascend950PR_957b,True,True,,10,384,,512,,,,56,correctness,,wrapper,20260811,,,PASS,2.10.0.post4.dev20260715,2.10.0+cpu,3.2.0,r20_iterative_rank1_maxarg,True,True
9.1.0,nan_less_than_k_finite,5,Ascend950PR_957b,True,True,,10,384,,512,,,,56,correctness,,wrapper,20260811,,,PASS,2.10.0.post4.dev20260715,2.10.0+cpu,3.2.0,r0_legacy,True,True
9.1.0,nan_less_than_k_finite,5,Ascend950PR_957b,True,True,,10,384,,512,,,,56,correctness,,wrapper,20260811,,,PASS,2.10.0.post4.dev20260715,2.10.0+cpu,3.2.0,r1_constexpr,True,True
9.1.0,nan_less_than_k_finite,5,Ascend950PR_957b,True,True,,10,384,,512,,,,56,correctness,,wrapper,20260811,,,PASS,2.10.0.post4.dev20260715,2.10.0+cpu,3.2.0,r2_core_partition,True,True
9.1.0,nan_less_than_k_finite,5,Ascend950PR_957b,True,True,,10,384,,512,,,,56,correctness,,wrapper,20260811,,,PASS,2.10.0.post4.dev20260715,2.10.0+cpu,3.2.0,r3_sort_tie,True,True
9.1.0,nan_less_than_k_finite,5,Ascend950PR_957b,True,True,,10,384,,512,,,,56,correctness,,wrapper,20260811,,,PASS,2.10.0.post4.dev20260715,2.10.0+cpu,3.2.0,r4_bias_hoist,True,True
9.1.0,nan_less_than_k_finite,5,Ascend950PR_957b,True,True,,10,384,,512,,,,56,correctness,,wrapper,20260811,,,PASS,2.10.0.post4.dev20260715,2.10.0+cpu,3.2.0,r5_dispatch,True,True
9.1.0,nan_less_than_k_finite,5,Ascend950PR_957b,True,True,,10,384,,512,,,,56,correctness,,wrapper,20260811,,,PASS,2.10.0.post4.dev20260715,2.10.0+cpu,3.2.0,r6_empirical_dispatch,True,True
9.1.0,nan_less_than_k_finite,5,Ascend950PR_957b,True,True,,10,384,,512,,,,56,correctness,,wrapper,20260811,,,PASS,2.10.0.post4.dev20260715,2.10.0+cpu,3.2.0,r7_vector_tie_recovery,True,True
9.1.0,nan_less_than_k_finite,5,Ascend950PR_957b,True,True,,10,384,,512,,,,56,correctness,,wrapper,20260811,,,PASS,2.10.0.post4.dev20260715,2.10.0+cpu,3.2.0,r8_safe_vector_dispatch,True,True
9.1.0,nan_less_than_k_finite,5,Ascend950PR_957b,True,True,,10,384,,512,,,,56,correctness,,wrapper,20260811,,,PASS,2.10.0.post4.dev20260715,2.10.0+cpu,3.2.0,r9_pair_tie_recovery,True,True
9.1.0,nan_less_than_k_finite,5,Ascend950PR_957b,True,True,,10,384,,512,,,,56,correctness,,wrapper,20260811,,,PASS,2.10.0.post4.dev20260715,2.10.0+cpu,3.2.0,r10_group_rank_threshold,True,True
9.1.0,nan_less_than_k_finite,5,Ascend950PR_957b,True,True,,10,384,,512,,,,56,correctness,,wrapper,20260811,,,PASS,2.10.0.post4.dev20260715,2.10.0+cpu,3.2.0,r11_packed_exact_sort,True,True
9.1.0,nan_less_than_k_finite,5,Ascend950PR_957b,True,True,,10,384,,512,,,,56,correctness,,wrapper,20260811,,,PASS,2.10.0.post4.dev20260715,2.10.0+cpu,3.2.0,r12_two_row_tile,True,True
9.1.0,nan_less_than_k_finite,5,Ascend950PR_957b,True,True,,10,384,,512,,,,56,correctness,,wrapper,20260811,,,PASS,2.10.0.post4.dev20260715,2.10.0+cpu,3.2.0,r13_fp32_rank_reduce,True,True
9.1.0,nan_less_than_k_finite,5,Ascend950PR_957b,True,True,,10,384,,512,,,,56,correctness,,wrapper,20260811,,,PASS,2.10.0.post4.dev20260715,2.10.0+cpu,3.2.0,r14_priority_argmax,True,True
9.1.0,nan_less_than_k_finite,5,Ascend950PR_957b,True,True,,10,384,,512,,,,56,correctness,,wrapper,20260811,,,PASS,2.10.0.post4.dev20260715,2.10.0+cpu,3.2.0,r15_unique_top10_fastpath,True,True
9.1.0,nan_less_than_k_finite,5,Ascend950PR_957b,True,True,,10,384,,512,,,,56,correctness,,wrapper,20260811,,,PASS,2.10.0.post4.dev20260715,2.10.0+cpu,3.2.0,r16_split_unique_recovery,True,True
9.1.0,nan_less_than_k_finite,5,Ascend950PR_957b,True,True,,10,384,,512,,,,56,correctness,,wrapper,20260811,,,PASS,2.10.0.post4.dev20260715,2.10.0+cpu,3.2.0,r17_parallel_priority_argmax,True,True
9.1.0,nan_less_than_k_finite,5,Ascend950PR_957b,True,True,,10,384,,512,,,,56,correctness,,wrapper,20260811,,,PASS,2.10.0.post4.dev20260715,2.10.0+cpu,3.2.0,r18_hierarchical_partial_sort,True,True
9.1.0,nan_less_than_k_finite,5,Ascend950PR_957b,True,True,,10,384,,512,,,,56,correctness,,wrapper,20260811,,,PASS,2.10.0.post4.dev20260715,2.10.0+cpu,3.2.0,r19_unique_id_sum,True,True
9.1.0,nan_less_than_k_finite,5,Ascend950PR_957b,True,True,,10,384,,512,,,,56,correctness,,wrapper,20260811,,,PASS,2.10.0.post4.dev20260715,2.10.0+cpu,3.2.0,r20_iterative_rank1_maxarg,True,True
9.1.0,all_nan,5,Ascend950PR_957b,True,True,,10,384,,512,,,,56,correctness,,wrapper,20260811,,,PASS,2.10.0.post4.dev20260715,2.10.0+cpu,3.2.0,r0_legacy,True,True
9.1.0,all_nan,5,Ascend950PR_957b,True,True,,10,384,,512,,,,56,correctness,,wrapper,20260811,,,PASS,2.10.0.post4.dev20260715,2.10.0+cpu,3.2.0,r1_constexpr,True,True
9.1.0,all_nan,5,Ascend950PR_957b,True,True,,10,384,,512,,,,56,correctness,,wrapper,20260811,,,PASS,2.10.0.post4.dev20260715,2.10.0+cpu,3.2.0,r2_core_partition,True,True
9.1.0,all_nan,5,Ascend950PR_957b,True,True,,10,384,,512,,,,56,correctness,,wrapper,20260811,,,PASS,2.10.0.post4.dev20260715,2.10.0+cpu,3.2.0,r3_sort_tie,True,True
9.1.0,all_nan,5,Ascend950PR_957b,True,True,,10,384,,512,,,,56,correctness,,wrapper,20260811,,,PASS,2.10.0.post4.dev20260715,2.10.0+cpu,3.2.0,r4_bias_hoist,True,True
9.1.0,all_nan,5,Ascend950PR_957b,True,True,,10,384,,512,,,,56,correctness,,wrapper,20260811,,,PASS,2.10.0.post4.dev20260715,2.10.0+cpu,3.2.0,r5_dispatch,True,True
9.1.0,all_nan,5,Ascend950PR_957b,True,True,,10,384,,512,,,,56,correctness,,wrapper,20260811,,,PASS,2.10.0.post4.dev20260715,2.10.0+cpu,3.2.0,r6_empirical_dispatch,True,True
9.1.0,all_nan,5,Ascend950PR_957b,True,True,,10,384,,512,,,,56,correctness,,wrapper,20260811,,,PASS,2.10.0.post4.dev20260715,2.10.0+cpu,3.2.0,r7_vector_tie_recovery,True,True
9.1.0,all_nan,5,Ascend950PR_957b,True,True,,10,384,,512,,,,56,correctness,,wrapper,20260811,,,PASS,2.10.0.post4.dev20260715,2.10.0+cpu,3.2.0,r8_safe_vector_dispatch,True,True
9.1.0,all_nan,5,Ascend950PR_957b,True,True,,10,384,,512,,,,56,correctness,,wrapper,20260811,,,PASS,2.10.0.post4.dev20260715,2.10.0+cpu,3.2.0,r9_pair_tie_recovery,True,True
9.1.0,all_nan,5,Ascend950PR_957b,True,True,,10,384,,512,,,,56,correctness,,wrapper,20260811,,,PASS,2.10.0.post4.dev20260715,2.10.0+cpu,3.2.0,r10_group_rank_threshold,True,True
9.1.0,all_nan,5,Ascend950PR_957b,True,True,,10,384,,512,,,,56,correctness,,wrapper,20260811,,,PASS,2.10.0.post4.dev20260715,2.10.0+cpu,3.2.0,r11_packed_exact_sort,True,True
9.1.0,all_nan,5,Ascend950PR_957b,True,True,,10,384,,512,,,,56,correctness,,wrapper,20260811,,,PASS,2.10.0.post4.dev20260715,2.10.0+cpu,3.2.0,r12_two_row_tile,True,True
9.1.0,all_nan,5,Ascend950PR_957b,True,True,,10,384,,512,,,,56,correctness,,wrapper,20260811,,,PASS,2.10.0.post4.dev20260715,2.10.0+cpu,3.2.0,r13_fp32_rank_reduce,True,True
9.1.0,all_nan,5,Ascend950PR_957b,True,True,,10,384,,512,,,,56,correctness,,wrapper,20260811,,,PASS,2.10.0.post4.dev20260715,2.10.0+cpu,3.2.0,r14_priority_argmax,True,True
9.1.0,all_nan,5,Ascend950PR_957b,True,True,,10,384,,512,,,,56,correctness,,wrapper,20260811,,,PASS,2.10.0.post4.dev20260715,2.10.0+cpu,3.2.0,r15_unique_top10_fastpath,True,True
9.1.0,all_nan,5,Ascend950PR_957b,True,True,,10,384,,512,,,,56,correctness,,wrapper,20260811,,,PASS,2.10.0.post4.dev20260715,2.10.0+cpu,3.2.0,r16_split_unique_recovery,True,True
9.1.0,all_nan,5,Ascend950PR_957b,True,True,,10,384,,512,,,,56,correctness,,wrapper,20260811,,,PASS,2.10.0.post4.dev20260715,2.10.0+cpu,3.2.0,r17_parallel_priority_argmax,True,True
9.1.0,all_nan,5,Ascend950PR_957b,True,True,,10,384,,512,,,,56,correctness,,wrapper,20260811,,,PASS,2.10.0.post4.dev20260715,2.10.0+cpu,3.2.0,r18_hierarchical_partial_sort,True,True
9.1.0,all_nan,5,Ascend950PR_957b,True,True,,10,384,,512,,,,56,correctness,,wrapper,20260811,,,PASS,2.10.0.post4.dev20260715,2.10.0+cpu,3.2.0,r19_unique_id_sum,True,True
9.1.0,all_nan,5,Ascend950PR_957b,True,True,,10,384,,512,,,,56,correctness,,wrapper,20260811,,,PASS,2.10.0.post4.dev20260715,2.10.0+cpu,3.2.0,r20_iterative_rank1_maxarg,True,True
9.1.0,score_infinities,5,Ascend950PR_957b,True,True,,10,384,,512,,,,56,correctness,,wrapper,20260811,,,PASS,2.10.0.post4.dev20260715,2.10.0+cpu,3.2.0,r0_legacy,True,True
9.1.0,score_infinities,5,Ascend950PR_957b,True,True,,10,384,,512,,,,56,correctness,,wrapper,20260811,,,PASS,2.10.0.post4.dev20260715,2.10.0+cpu,3.2.0,r1_constexpr,True,True
9.1.0,score_infinities,5,Ascend950PR_957b,True,True,,10,384,,512,,,,56,correctness,,wrapper,20260811,,,PASS,2.10.0.post4.dev20260715,2.10.0+cpu,3.2.0,r2_core_partition,True,True
9.1.0,score_infinities,5,Ascend950PR_957b,True,True,,10,384,,512,,,,56,correctness,,wrapper,20260811,,,PASS,2.10.0.post4.dev20260715,2.10.0+cpu,3.2.0,r3_sort_tie,True,True
9.1.0,score_infinities,5,Ascend950PR_957b,True,True,,10,384,,512,,,,56,correctness,,wrapper,20260811,,,PASS,2.10.0.post4.dev20260715,2.10.0+cpu,3.2.0,r4_bias_hoist,True,True
9.1.0,score_infinities,5,Ascend950PR_957b,True,True,,10,384,,512,,,,56,correctness,,wrapper,20260811,,,PASS,2.10.0.post4.dev20260715,2.10.0+cpu,3.2.0,r5_dispatch,True,True
9.1.0,score_infinities,5,Ascend950PR_957b,True,True,,10,384,,512,,,,56,correctness,,wrapper,20260811,,,PASS,2.10.0.post4.dev20260715,2.10.0+cpu,3.2.0,r6_empirical_dispatch,True,True
9.1.0,score_infinities,5,Ascend950PR_957b,True,True,,10,384,,512,,,,56,correctness,,wrapper,20260811,,,PASS,2.10.0.post4.dev20260715,2.10.0+cpu,3.2.0,r7_vector_tie_recovery,True,True
9.1.0,score_infinities,5,Ascend950PR_957b,True,True,,10,384,,512,,,,56,correctness,,wrapper,20260811,,,PASS,2.10.0.post4.dev20260715,2.10.0+cpu,3.2.0,r8_safe_vector_dispatch,True,True
9.1.0,score_infinities,5,Ascend950PR_957b,True,True,,10,384,,512,,,,56,correctness,,wrapper,20260811,,,PASS,2.10.0.post4.dev20260715,2.10.0+cpu,3.2.0,r9_pair_tie_recovery,True,True
9.1.0,score_infinities,5,Ascend950PR_957b,True,True,,10,384,,512,,,,56,correctness,,wrapper,20260811,,,PASS,2.10.0.post4.dev20260715,2.10.0+cpu,3.2.0,r10_group_rank_threshold,True,True
9.1.0,score_infinities,5,Ascend950PR_957b,True,True,,10,384,,512,,,,56,correctness,,wrapper,20260811,,,PASS,2.10.0.post4.dev20260715,2.10.0+cpu,3.2.0,r11_packed_exact_sort,True,True
9.1.0,score_infinities,5,Ascend950PR_957b,True,True,,10,384,,512,,,,56,correctness,,wrapper,20260811,,,PASS,2.10.0.post4.dev20260715,2.10.0+cpu,3.2.0,r12_two_row_tile,True,True
9.1.0,score_infinities,5,Ascend950PR_957b,True,True,,10,384,,512,,,,56,correctness,,wrapper,20260811,,,PASS,2.10.0.post4.dev20260715,2.10.0+cpu,3.2.0,r13_fp32_rank_reduce,True,True
9.1.0,score_infinities,5,Ascend950PR_957b,True,True,,10,384,,512,,,,56,correctness,,wrapper,20260811,,,PASS,2.10.0.post4.dev20260715,2.10.0+cpu,3.2.0,r14_priority_argmax,True,True
9.1.0,score_infinities,5,Ascend950PR_957b,True,True,,10,384,,512,,,,56,correctness,,wrapper,20260811,,,PASS,2.10.0.post4.dev20260715,2.10.0+cpu,3.2.0,r15_unique_top10_fastpath,True,True
9.1.0,score_infinities,5,Ascend950PR_957b,True,True,,10,384,,512,,,,56,correctness,,wrapper,20260811,,,PASS,2.10.0.post4.dev20260715,2.10.0+cpu,3.2.0,r16_split_unique_recovery,True,True
9.1.0,score_infinities,5,Ascend950PR_957b,True,True,,10,384,,512,,,,56,correctness,,wrapper,20260811,,,PASS,2.10.0.post4.dev20260715,2.10.0+cpu,3.2.0,r17_parallel_priority_argmax,True,True
9.1.0,score_infinities,5,Ascend950PR_957b,True,True,,10,384,,512,,,,56,correctness,,wrapper,20260811,,,PASS,2.10.0.post4.dev20260715,2.10.0+cpu,3.2.0,r18_hierarchical_partial_sort,True,True
9.1.0,score_infinities,5,Ascend950PR_957b,True,True,,10,384,,512,,,,56,correctness,,wrapper,20260811,,,PASS,2.10.0.post4.dev20260715,2.10.0+cpu,3.2.0,r19_unique_id_sum,True,True
9.1.0,score_infinities,5,Ascend950PR_957b,True,True,,10,384,,512,,,,56,correctness,,wrapper,20260811,,,PASS,2.10.0.post4.dev20260715,2.10.0+cpu,3.2.0,r20_iterative_rank1_maxarg,True,True
9.1.0,one_ulp,5,Ascend950PR_957b,True,True,,10,384,,512,,,,56,correctness,,wrapper,20260811,,,PASS,2.10.0.post4.dev20260715,2.10.0+cpu,3.2.0,r0_legacy,True,True
9.1.0,one_ulp,5,Ascend950PR_957b,True,True,,10,384,,512,,,,56,correctness,,wrapper,20260811,,,PASS,2.10.0.post4.dev20260715,2.10.0+cpu,3.2.0,r1_constexpr,True,True
9.1.0,one_ulp,5,Ascend950PR_957b,True,True,,10,384,,512,,,,56,correctness,,wrapper,20260811,,,PASS,2.10.0.post4.dev20260715,2.10.0+cpu,3.2.0,r2_core_partition,True,True
9.1.0,one_ulp,5,Ascend950PR_957b,True,True,,10,384,,512,,,,56,correctness,,wrapper,20260811,,,PASS,2.10.0.post4.dev20260715,2.10.0+cpu,3.2.0,r3_sort_tie,True,True
9.1.0,one_ulp,5,Ascend950PR_957b,True,True,,10,384,,512,,,,56,correctness,,wrapper,20260811,,,PASS,2.10.0.post4.dev20260715,2.10.0+cpu,3.2.0,r4_bias_hoist,True,True
9.1.0,one_ulp,5,Ascend950PR_957b,True,True,,10,384,,512,,,,56,correctness,,wrapper,20260811,,,PASS,2.10.0.post4.dev20260715,2.10.0+cpu,3.2.0,r5_dispatch,True,True
9.1.0,one_ulp,5,Ascend950PR_957b,True,True,,10,384,,512,,,,56,correctness,,wrapper,20260811,,,PASS,2.10.0.post4.dev20260715,2.10.0+cpu,3.2.0,r6_empirical_dispatch,True,True
9.1.0,one_ulp,5,Ascend950PR_957b,True,True,,10,384,,512,,,,56,correctness,,wrapper,20260811,,,PASS,2.10.0.post4.dev20260715,2.10.0+cpu,3.2.0,r7_vector_tie_recovery,True,True
9.1.0,one_ulp,5,Ascend950PR_957b,True,True,,10,384,,512,,,,56,correctness,,wrapper,20260811,,,PASS,2.10.0.post4.dev20260715,2.10.0+cpu,3.2.0,r8_safe_vector_dispatch,True,True
9.1.0,one_ulp,5,Ascend950PR_957b,True,True,,10,384,,512,,,,56,correctness,,wrapper,20260811,,,PASS,2.10.0.post4.dev20260715,2.10.0+cpu,3.2.0,r9_pair_tie_recovery,True,True
9.1.0,one_ulp,5,Ascend950PR_957b,True,True,,10,384,,512,,,,56,correctness,,wrapper,20260811,,,PASS,2.10.0.post4.dev20260715,2.10.0+cpu,3.2.0,r10_group_rank_threshold,True,True
9.1.0,one_ulp,5,Ascend950PR_957b,True,True,,10,384,,512,,,,56,correctness,,wrapper,20260811,,,PASS,2.10.0.post4.dev20260715,2.10.0+cpu,3.2.0,r11_packed_exact_sort,True,True
9.1.0,one_ulp,5,Ascend950PR_957b,True,True,,10,384,,512,,,,56,correctness,,wrapper,20260811,,,PASS,2.10.0.post4.dev20260715,2.10.0+cpu,3.2.0,r12_two_row_tile,True,True
9.1.0,one_ulp,5,Ascend950PR_957b,True,True,,10,384,,512,,,,56,correctness,,wrapper,20260811,,,PASS,2.10.0.post4.dev20260715,2.10.0+cpu,3.2.0,r13_fp32_rank_reduce,True,True
9.1.0,one_ulp,5,Ascend950PR_957b,True,True,,10,384,,512,,,,56,correctness,,wrapper,20260811,,,PASS,2.10.0.post4.dev20260715,2.10.0+cpu,3.2.0,r14_priority_argmax,True,True
9.1.0,one_ulp,5,Ascend950PR_957b,True,True,,10,384,,512,,,,56,correctness,,wrapper,20260811,,,PASS,2.10.0.post4.dev20260715,2.10.0+cpu,3.2.0,r15_unique_top10_fastpath,True,True
9.1.0,one_ulp,5,Ascend950PR_957b,True,True,,10,384,,512,,,,56,correctness,,wrapper,20260811,,,PASS,2.10.0.post4.dev20260715,2.10.0+cpu,3.2.0,r16_split_unique_recovery,True,True
9.1.0,one_ulp,5,Ascend950PR_957b,True,True,,10,384,,512,,,,56,correctness,,wrapper,20260811,,,PASS,2.10.0.post4.dev20260715,2.10.0+cpu,3.2.0,r17_parallel_priority_argmax,True,True
9.1.0,one_ulp,5,Ascend950PR_957b,True,True,,10,384,,512,,,,56,correctness,,wrapper,20260811,,,PASS,2.10.0.post4.dev20260715,2.10.0+cpu,3.2.0,r18_hierarchical_partial_sort,True,True
9.1.0,one_ulp,5,Ascend950PR_957b,True,True,,10,384,,512,,,,56,correctness,,wrapper,20260811,,,PASS,2.10.0.post4.dev20260715,2.10.0+cpu,3.2.0,r19_unique_id_sum,True,True
9.1.0,one_ulp,5,Ascend950PR_957b,True,True,,10,384,,512,,,,56,correctness,,wrapper,20260811,,,PASS,2.10.0.post4.dev20260715,2.10.0+cpu,3.2.0,r20_iterative_rank1_maxarg,True,True
9.1.0,signed_zero,5,Ascend950PR_957b,True,True,,10,384,,512,,,,56,correctness,,wrapper,20260811,,,PASS,2.10.0.post4.dev20260715,2.10.0+cpu,3.2.0,r0_legacy,True,True
9.1.0,signed_zero,5,Ascend950PR_957b,True,True,,10,384,,512,,,,56,correctness,,wrapper,20260811,,,PASS,2.10.0.post4.dev20260715,2.10.0+cpu,3.2.0,r1_constexpr,True,True
9.1.0,signed_zero,5,Ascend950PR_957b,True,True,,10,384,,512,,,,56,correctness,,wrapper,20260811,,,PASS,2.10.0.post4.dev20260715,2.10.0+cpu,3.2.0,r2_core_partition,True,True
9.1.0,signed_zero,5,Ascend950PR_957b,True,True,,10,384,,512,,,,56,correctness,,wrapper,20260811,,,PASS,2.10.0.post4.dev20260715,2.10.0+cpu,3.2.0,r3_sort_tie,True,True
9.1.0,signed_zero,5,Ascend950PR_957b,True,True,,10,384,,512,,,,56,correctness,,wrapper,20260811,,,PASS,2.10.0.post4.dev20260715,2.10.0+cpu,3.2.0,r4_bias_hoist,True,True
9.1.0,signed_zero,5,Ascend950PR_957b,True,True,,10,384,,512,,,,56,correctness,,wrapper,20260811,,,PASS,2.10.0.post4.dev20260715,2.10.0+cpu,3.2.0,r5_dispatch,True,True
9.1.0,signed_zero,5,Ascend950PR_957b,True,True,,10,384,,512,,,,56,correctness,,wrapper,20260811,,,PASS,2.10.0.post4.dev20260715,2.10.0+cpu,3.2.0,r6_empirical_dispatch,True,True
9.1.0,signed_zero,5,Ascend950PR_957b,True,True,,10,384,,512,,,,56,correctness,,wrapper,20260811,,,PASS,2.10.0.post4.dev20260715,2.10.0+cpu,3.2.0,r7_vector_tie_recovery,True,True
9.1.0,signed_zero,5,Ascend950PR_957b,True,True,,10,384,,512,,,,56,correctness,,wrapper,20260811,,,PASS,2.10.0.post4.dev20260715,2.10.0+cpu,3.2.0,r8_safe_vector_dispatch,True,True
9.1.0,signed_zero,5,Ascend950PR_957b,True,True,,10,384,,512,,,,56,correctness,,wrapper,20260811,,,PASS,2.10.0.post4.dev20260715,2.10.0+cpu,3.2.0,r9_pair_tie_recovery,True,True
9.1.0,signed_zero,5,Ascend950PR_957b,True,True,,10,384,,512,,,,56,correctness,,wrapper,20260811,,,PASS,2.10.0.post4.dev20260715,2.10.0+cpu,3.2.0,r10_group_rank_threshold,True,True
9.1.0,signed_zero,5,Ascend950PR_957b,True,True,,10,384,,512,,,,56,correctness,,wrapper,20260811,,,PASS,2.10.0.post4.dev20260715,2.10.0+cpu,3.2.0,r11_packed_exact_sort,True,True
9.1.0,signed_zero,5,Ascend950PR_957b,True,True,,10,384,,512,,,,56,correctness,,wrapper,20260811,,,PASS,2.10.0.post4.dev20260715,2.10.0+cpu,3.2.0,r12_two_row_tile,True,True
9.1.0,signed_zero,5,Ascend950PR_957b,True,True,,10,384,,512,,,,56,correctness,,wrapper,20260811,,,PASS,2.10.0.post4.dev20260715,2.10.0+cpu,3.2.0,r13_fp32_rank_reduce,True,True
9.1.0,signed_zero,5,Ascend950PR_957b,True,True,,10,384,,512,,,,56,correctness,,wrapper,20260811,,,PASS,2.10.0.post4.dev20260715,2.10.0+cpu,3.2.0,r14_priority_argmax,True,True
9.1.0,signed_zero,5,Ascend950PR_957b,True,True,,10,384,,512,,,,56,correctness,,wrapper,20260811,,,PASS,2.10.0.post4.dev20260715,2.10.0+cpu,3.2.0,r15_unique_top10_fastpath,True,True
9.1.0,signed_zero,5,Ascend950PR_957b,True,True,,10,384,,512,,,,56,correctness,,wrapper,20260811,,,PASS,2.10.0.post4.dev20260715,2.10.0+cpu,3.2.0,r16_split_unique_recovery,True,True
9.1.0,signed_zero,5,Ascend950PR_957b,True,True,,10,384,,512,,,,56,correctness,,wrapper,20260811,,,PASS,2.10.0.post4.dev20260715,2.10.0+cpu,3.2.0,r17_parallel_priority_argmax,True,True
9.1.0,signed_zero,5,Ascend950PR_957b,True,True,,10,384,,512,,,,56,correctness,,wrapper,20260811,,,PASS,2.10.0.post4.dev20260715,2.10.0+cpu,3.2.0,r18_hierarchical_partial_sort,True,True
9.1.0,signed_zero,5,Ascend950PR_957b,True,True,,10,384,,512,,,,56,correctness,,wrapper,20260811,,,PASS,2.10.0.post4.dev20260715,2.10.0+cpu,3.2.0,r19_unique_id_sum,True,True
9.1.0,signed_zero,5,Ascend950PR_957b,True,True,,10,384,,512,,,,56,correctness,,wrapper,20260811,,,PASS,2.10.0.post4.dev20260715,2.10.0+cpu,3.2.0,r20_iterative_rank1_maxarg,True,True
9.1.0,random_bias,5,Ascend950PR_957b,,,200,10,1,30.44443675449916,512,30.267048358917236,30.59494972229004,30.625150203704834,56,performance,7,kernel,20260811,nan,1.0,MEASURED,2.10.0.post4.dev20260715,2.10.0+cpu,3.2.0,r0_legacy,,
9.1.0,random_bias,5,Ascend950PR_957b,,,200,10,1,29.587579114096506,512,29.439674377441406,29.536983966827393,29.774383068084717,56,performance,7,kernel,20260811,1.0358183407165347,1.0358183407165347,MEASURED,2.10.0.post4.dev20260715,2.10.0+cpu,3.2.0,r1_constexpr,,
9.1.0,random_bias,5,Ascend950PR_957b,,,200,10,1,29.344528402600968,512,29.19411325454712,29.285104274749756,29.45439386367798,56,performance,7,kernel,20260811,1.0086009491280798,1.0447273615709698,MEASURED,2.10.0.post4.dev20260715,2.10.0+cpu,3.2.0,r2_core_partition,,
9.1.0,random_bias,5,Ascend950PR_957b,,,200,10,1,28.909309250967844,512,28.841729640960693,28.870270252227783,28.965118885040283,56,performance,7,kernel,20260811,1.0143688998716582,1.0597389444225647,MEASURED,2.10.0.post4.dev20260715,2.10.0+cpu,3.2.0,r3_sort_tie,,
9.1.0,random_bias,5,Ascend950PR_957b,,,200,10,1,30.20524331501552,512,30.116398334503174,30.18465518951416,30.28819227218628,56,performance,7,kernel,20260811,0.9564551945671064,1.013592818278024,MEASURED,2.10.0.post4.dev20260715,2.10.0+cpu,3.2.0,r4_bias_hoist,,
9.1.0,random_bias,5,Ascend950PR_957b,,,200,10,1,29.910943167550222,512,29.800600051879883,29.940659999847412,29.958425045013428,56,performance,7,kernel,20260811,1.008149292289081,1.0218528824162847,MEASURED,2.10.0.post4.dev20260715,2.10.0+cpu,3.2.0,r5_dispatch,,
9.1.0,random_bias,5,Ascend950PR_957b,,,200,10,1,28.98005928312029,512,28.907103061676025,28.946750164031982,28.99208164215088,56,performance,7,kernel,20260811,1.0343358003984302,1.0569390190234909,MEASURED,2.10.0.post4.dev20260715,2.10.0+cpu,3.2.0,r6_empirical_dispatch,,
9.1.0,random_bias,5,Ascend950PR_957b,,,200,10,1,29.748645850590297,512,29.731382846832275,29.743335247039795,29.771902561187744,56,performance,7,kernel,20260811,0.9732180309843668,1.02863211096459,MEASURED,2.10.0.post4.dev20260715,2.10.0+cpu,3.2.0,r7_vector_tie_recovery,,
9.1.0,random_bias,5,Ascend950PR_957b,,,200,10,1,29.688055515289307,512,29.68360996246338,29.686989784240723,29.696730613708496,56,performance,7,kernel,20260811,1.0018979850503058,1.0305844393334653,MEASURED,2.10.0.post4.dev20260715,2.10.0+cpu,3.2.0,r8_safe_vector_dispatch,,
9.1.0,random_bias,5,Ascend950PR_957b,,,200,10,1,29.736105033329554,512,29.723665714263916,29.734299182891846,29.748461723327637,56,performance,7,kernel,20260811,0.9984089284109193,1.0289447057118932,MEASURED,2.10.0.post4.dev20260715,2.10.0+cpu,3.2.0,r9_pair_tie_recovery,,
9.1.0,random_bias,5,Ascend950PR_957b,,,200,10,1,29.6840466771807,512,29.66424798965454,29.681930541992188,29.70639991760254,56,performance,7,kernel,20260811,1.001764327317779,1.030760100964665,MEASURED,2.10.0.post4.dev20260715,2.10.0+cpu,3.2.0,r10_group_rank_threshold,,
9.1.0,random_bias,5,Ascend950PR_957b,,,200,10,1,29.717934131622314,512,29.706852436065674,29.71982479095459,29.7290620803833,56,performance,7,kernel,20260811,0.9987249504588622,1.029445830770907,MEASURED,2.10.0.post4.dev20260715,2.10.0+cpu,3.2.0,r11_packed_exact_sort,,
9.1.0,random_bias,5,Ascend950PR_957b,,,200,10,1,29.69928639275687,512,29.690833568572998,29.703478813171387,29.70836591720581,56,performance,7,kernel,20260811,1.0005503051641196,1.0300123401277614,MEASURED,2.10.0.post4.dev20260715,2.10.0+cpu,3.2.0,r12_two_row_tile,,
9.1.0,random_bias,5,Ascend950PR_957b,,,200,10,1,29.72538369042533,512,29.712016582489014,29.723188877105713,29.734041213989258,56,performance,7,kernel,20260811,0.9993368792286783,1.0293293175503049,MEASURED,2.10.0.post4.dev20260715,2.10.0+cpu,3.2.0,r13_fp32_rank_reduce,,
9.1.0,random_bias,5,Ascend950PR_957b,,,200,10,1,29.687627043042863,512,29.670551300048828,29.695289134979248,29.701817512512207,56,performance,7,kernel,20260811,1.0009395342809981,1.0302964077305798,MEASURED,2.10.0.post4.dev20260715,2.10.0+cpu,3.2.0,r14_priority_argmax,,
9.1.0,random_bias,5,Ascend950PR_957b,,,200,10,1,29.731048856462753,512,29.722768783569336,29.732420444488525,29.74180507659912,56,performance,7,kernel,20260811,0.9987511507992226,1.0290097228852217,MEASURED,2.10.0.post4.dev20260715,2.10.0+cpu,3.2.0,r15_unique_top10_fastpath,,
9.1.0,random_bias,5,Ascend950PR_957b,,,200,10,1,29.68581165586199,512,29.672249794006348,29.67911958694458,29.687721729278564,56,performance,7,kernel,20260811,1.001795904268245,1.030857725838617,MEASURED,2.10.0.post4.dev20260715,2.10.0+cpu,3.2.0,r16_split_unique_recovery,,
9.1.0,random_bias,5,Ascend950PR_957b,,,200,10,1,29.721165043967112,512,29.699726104736328,29.70302104949951,29.730365753173828,56,performance,7,kernel,20260811,0.9991953188022491,1.0300282140090782,MEASURED,2.10.0.post4.dev20260715,2.10.0+cpu,3.2.0,r17_parallel_priority_argmax,,
9.1.0,random_bias,5,Ascend950PR_957b,,,200,10,1,29.67012848172869,512,29.65902853012085,29.66414451599121,29.683125019073486,56,performance,7,kernel,20260811,1.0013105563683908,1.03137812404457,MEASURED,2.10.0.post4.dev20260715,2.10.0+cpu,3.2.0,r18_hierarchical_partial_sort,,
9.1.0,random_bias,5,Ascend950PR_957b,,,200,10,1,29.71022129058838,512,29.697900772094727,29.70635414123535,29.725539684295654,56,performance,7,kernel,20260811,0.9985791044891117,1.0299126434980868,MEASURED,2.10.0.post4.dev20260715,2.10.0+cpu,3.2.0,r19_unique_id_sum,,
9.1.0,random_bias,5,Ascend950PR_957b,,,200,10,1,29.67174870627267,512,29.652050018310547,29.66031551361084,29.69154930114746,56,performance,7,kernel,20260811,1.0015521961525793,1.031511269940817,MEASURED,2.10.0.post4.dev20260715,2.10.0+cpu,3.2.0,r20_iterative_rank1_maxarg,,
9.1.0,random_bias,5,Ascend950PR_957b,,,200,10,2,30.524769169943674,512,30.476747512817383,30.523486137390137,30.56729221343994,56,performance,7,kernel,20260811,nan,1.0,MEASURED,2.10.0.post4.dev20260715,2.10.0+cpu,3.2.0,r0_legacy,,
9.1.0,random_bias,5,Ascend950PR_957b,,,200,10,2,29.57007510321481,512,29.519837856292725,29.567205905914307,29.612634658813477,56,performance,7,kernel,20260811,1.032342597217972,1.032342597217972,MEASURED,2.10.0.post4.dev20260715,2.10.0+cpu,3.2.0,r1_constexpr,,
9.1.0,random_bias,5,Ascend950PR_957b,,,200,10,2,29.445962565285818,512,29.41822052001953,29.45751428604126,29.461522579193115,56,performance,7,kernel,20260811,1.0037237228779017,1.036186754965065,MEASURED,2.10.0.post4.dev20260715,2.10.0+cpu,3.2.0,r2_core_partition,,
9.1.0,random_bias,5,Ascend950PR_957b,,,200,10,2,29.05785288129534,512,28.98967170715332,29.02841567993164,29.132080078125,56,performance,7,kernel,20260811,1.0147820194819062,1.0515036877638517,MEASURED,2.10.0.post4.dev20260715,2.10.0+cpu,3.2.0,r3_sort_tie,,
9.1.0,random_bias,5,Ascend950PR_957b,,,200,10,2,30.27473211288452,512,30.20748233795166,30.31290054321289,30.334868907928467,56,performance,7,kernel,20260811,0.9576258015477556,1.0069470618252794,MEASURED,2.10.0.post4.dev20260715,2.10.0+cpu,3.2.0,r4_bias_hoist,,
9.1.0,random_bias,5,Ascend950PR_957b,,,200,10,2,29.975688116891043,512,29.91006088256836,29.967188835144043,30.01566791534424,56,performance,7,kernel,20260811,1.0115363409617992,1.018563546460978,MEASURED,2.10.0.post4.dev20260715,2.10.0+cpu,3.2.0,r5_dispatch,,
9.1.0,random_bias,5,Ascend950PR_957b,,,200,10,2,29.1129766191755,512,28.999844074249268,29.1017746925354,29.180707931518555,56,performance,7,kernel,20260811,1.0297375040440617,1.048853084042995,MEASURED,2.10.0.post4.dev20260715,2.10.0+cpu,3.2.0,r6_empirical_dispatch,,
9.1.0,random_bias,5,Ascend950PR_957b,,,200,10,2,30.156895433153426,512,30.145066738128662,30.164530277252197,30.16848659515381,56,performance,7,kernel,20260811,0.9647680379920172,1.0118999320340365,MEASURED,2.10.0.post4.dev20260715,2.10.0+cpu,3.2.0,r7_vector_tie_recovery,,
9.1.0,random_bias,5,Ascend950PR_957b,,,200,10,2,30.151729924338206,512,30.145018100738525,30.15552520751953,30.159449577331543,56,performance,7,kernel,20260811,1.0002986208885667,1.0122021064908813,MEASURED,2.10.0.post4.dev20260715,2.10.0+cpu,3.2.0,r8_safe_vector_dispatch,,
9.1.0,random_bias,5,Ascend950PR_957b,,,200,10,2,30.199835641043528,512,30.19478750228882,30.200440883636475,30.20146131515503,56,performance,7,kernel,20260811,0.9985127476684859,1.010696706548039,MEASURED,2.10.0.post4.dev20260715,2.10.0+cpu,3.2.0,r9_pair_tie_recovery,,
9.1.0,random_bias,5,Ascend950PR_957b,,,200,10,2,30.20857913153512,512,30.204033851623535,30.20514488220215,30.217689037322998,56,performance,7,kernel,20260811,0.9998442649891593,1.010539305685488,MEASURED,2.10.0.post4.dev20260715,2.10.0+cpu,3.2.0,r10_group_rank_threshold,,
9.1.0,random_bias,5,Ascend950PR_957b,,,200,10,2,30.201107093266078,512,30.19076919555664,30.19956111907959,30.209018230438232,56,performance,7,kernel,20260811,1.000184895505618,1.01072614986136,MEASURED,2.10.0.post4.dev20260715,2.10.0+cpu,3.2.0,r11_packed_exact_sort,,
9.1.0,random_bias,5,Ascend950PR_957b,,,200,10,2,30.214371340615408,512,30.207646369934082,30.21676540374756,30.219385147094727,56,performance,7,kernel,20260811,0.999430637778793,1.0101506805756428,MEASURED,2.10.0.post4.dev20260715,2.10.0+cpu,3.2.0,r12_two_row_tile,,
9.1.0,random_bias,5,Ascend950PR_957b,,,200,10,2,30.193564891815186,512,30.187464714050293,30.195505619049072,30.198081970214844,56,performance,7,kernel,20260811,1.00070407116101,1.0108618985381108,MEASURED,2.10.0.post4.dev20260715,2.10.0+cpu,3.2.0,r13_fp32_rank_reduce,,
9.1.0,random_bias,5,Ascend950PR_957b,,,200,10,2,30.218914917537145,512,30.209696292877197,30.22547483444214,30.22895336151123,56,performance,7,kernel,20260811,0.9990084782602351,1.0098596069898103,MEASURED,2.10.0.post4.dev20260715,2.10.0+cpu,3.2.0,r14_priority_argmax,,
9.1.0,random_bias,5,Ascend950PR_957b,,,200,10,2,30.203207901545934,512,30.19597339630127,30.202345848083496,30.20940065383911,56,performance,7,kernel,20260811,1.0007658009902602,1.0106329584768667,MEASURED,2.10.0.post4.dev20260715,2.10.0+cpu,3.2.0,r15_unique_top10_fastpath,,
9.1.0,random_bias,5,Ascend950PR_957b,,,200,10,2,30.260617392403738,512,30.213340759277344,30.227770805358887,30.337971687316895,56,performance,7,kernel,20260811,0.999158887453557,1.009782902415643,MEASURED,2.10.0.post4.dev20260715,2.10.0+cpu,3.2.0,r16_split_unique_recovery,,
9.1.0,random_bias,5,Ascend950PR_957b,,,200,10,2,30.13876301901681,512,30.130048751831055,30.137319564819336,30.145559310913086,56,performance,7,kernel,20260811,1.003001303428628,1.0128135673028331,MEASURED,2.10.0.post4.dev20260715,2.10.0+cpu,3.2.0,r17_parallel_priority_argmax,,
9.1.0,random_bias,5,Ascend950PR_957b,,,200,10,2,30.146993228367396,512,30.14214849472046,30.14570951461792,30.157140254974365,56,performance,7,kernel,20260811,0.9997216867695711,1.012531687887095,MEASURED,2.10.0.post4.dev20260715,2.10.0+cpu,3.2.0,r18_hierarchical_partial_sort,,
9.1.0,random_bias,5,Ascend950PR_957b,,,200,10,2,30.13012068612235,512,30.120941638946533,30.127503871917725,30.139041900634766,56,performance,7,kernel,20260811,1.0006042864612215,1.0131435470776426,MEASURED,2.10.0.post4.dev20260715,2.10.0+cpu,3.2.0,r19_unique_id_sum,,
9.1.0,random_bias,5,Ascend950PR_957b,,,200,10,2,30.141517775399343,512,30.127342224121094,30.14491081237793,30.152082920074463,56,performance,7,kernel,20260811,0.9994225579047639,1.0125585153450432,MEASURED,2.10.0.post4.dev20260715,2.10.0+cpu,3.2.0,r20_iterative_rank1_maxarg,,
9.1.0,random_bias,5,Ascend950PR_957b,,,200,10,3,30.625528608049667,512,30.53360080718994,30.620734691619873,30.71424436569214,56,performance,7,kernel,20260811,nan,1.0,MEASURED,2.10.0.post4.dev20260715,2.10.0+cpu,3.2.0,r0_legacy,,
9.1.0,random_bias,5,Ascend950PR_957b,,,200,10,3,29.755377769470215,512,29.67673397064209,29.773120880126953,29.813623905181885,56,performance,7,kernel,20260811,1.0284690951581998,1.0284690951581998,MEASURED,2.10.0.post4.dev20260715,2.10.0+cpu,3.2.0,r1_constexpr,,
9.1.0,random_bias,5,Ascend950PR_957b,,,200,10,3,29.62571723120553,512,29.523781299591064,29.61331605911255,29.718600273132324,56,performance,7,kernel,20260811,1.0053963838664812,1.034019109190486,MEASURED,2.10.0.post4.dev20260715,2.10.0+cpu,3.2.0,r2_core_partition,,
9.1.0,random_bias,5,Ascend950PR_957b,,,200,10,3,29.128718035561697,512,29.056971549987793,29.1235089302063,29.18552875518799,56,performance,7,kernel,20260811,1.0168182731716862,1.0514095250335953,MEASURED,2.10.0.post4.dev20260715,2.10.0+cpu,3.2.0,r3_sort_tie,,
9.1.0,random_bias,5,Ascend950PR_957b,,,200,10,3,30.297886644090926,512,30.26568841934204,30.297610759735107,30.317553997039795,56,performance,7,kernel,20260811,0.9612477089748224,1.0106649971328494,MEASURED,2.10.0.post4.dev20260715,2.10.0+cpu,3.2.0,r4_bias_hoist,,
9.1.0,random_bias,5,Ascend950PR_957b,,,200,10,3,30.120278426579066,512,30.02396869659424,30.110619068145752,30.23853349685669,56,performance,7,kernel,20260811,1.0062101576578735,1.0169413861043388,MEASURED,2.10.0.post4.dev20260715,2.10.0+cpu,3.2.0,r5_dispatch,,
9.1.0,random_bias,5,Ascend950PR_957b,,,200,10,3,29.144041878836497,512,29.08913516998291,29.16879415512085,29.1833176612854,56,performance,7,kernel,20260811,1.032288784651715,1.0497771875236783,MEASURED,2.10.0.post4.dev20260715,2.10.0+cpu,3.2.0,r6_empirical_dispatch,,
9.1.0,random_bias,5,Ascend950PR_957b,,,200,10,3,30.115125519888743,512,30.093328952789307,30.1169753074646,30.12590503692627,56,performance,7,kernel,20260811,0.9685167204653271,1.0167267588797477,MEASURED,2.10.0.post4.dev20260715,2.10.0+cpu,3.2.0,r7_vector_tie_recovery,,
9.1.0,random_bias,5,Ascend950PR_957b,,,200,10,3,30.092243467058456,512,30.081207752227783,30.095975399017334,30.10431146621704,56,performance,7,kernel,20260811,1.000697764673477,1.0174361948946726,MEASURED,2.10.0.post4.dev20260715,2.10.0+cpu,3.2.0,r8_safe_vector_dispatch,,
9.1.0,random_bias,5,Ascend950PR_957b,,,200,10,3,30.13314758028303,512,30.11467981338501,30.12756109237671,30.153271675109863,56,performance,7,kernel,20260811,0.9989516013837786,1.0163695161958515,MEASURED,2.10.0.post4.dev20260715,2.10.0+cpu,3.2.0,r9_pair_tie_recovery,,
9.1.0,random_bias,5,Ascend950PR_957b,,,200,10,3,30.07342951638358,512,30.061062335968018,30.072789192199707,30.084200382232666,56,performance,7,kernel,20260811,1.0018213109474796,1.0182206411223835,MEASURED,2.10.0.post4.dev20260715,2.10.0+cpu,3.2.0,r10_group_rank_threshold,,
9.1.0,random_bias,5,Ascend950PR_957b,,,200,10,3,30.1023462840489,512,30.093848705291748,30.10488510131836,30.10773515701294,56,performance,7,kernel,20260811,0.9989338637563095,1.0171350791928093,MEASURED,2.10.0.post4.dev20260715,2.10.0+cpu,3.2.0,r11_packed_exact_sort,,
9.1.0,random_bias,5,Ascend950PR_957b,,,200,10,3,30.076170989445277,512,30.070006847381592,30.077104568481445,30.081732273101807,56,performance,7,kernel,20260811,1.000923643855866,1.0180745497592913,MEASURED,2.10.0.post4.dev20260715,2.10.0+cpu,3.2.0,r12_two_row_tile,,
9.1.0,random_bias,5,Ascend950PR_957b,,,200,10,3,30.105322088514054,512,30.099178314208984,30.10366439819336,30.113708019256592,56,performance,7,kernel,20260811,0.9991177210401831,1.0171763240045137,MEASURED,2.10.0.post4.dev20260715,2.10.0+cpu,3.2.0,r13_fp32_rank_reduce,,
9.1.0,random_bias,5,Ascend950PR_957b,,,200,10,3,30.101649080004012,512,30.093257427215576,30.103254318237305,30.112226963043213,56,performance,7,kernel,20260811,1.0000136224459895,1.017190180434049,MEASURED,2.10.0.post4.dev20260715,2.10.0+cpu,3.2.0,r14_priority_argmax,,
9.1.0,random_bias,5,Ascend950PR_957b,,,200,10,3,30.128729684012278,512,30.114333152770996,30.12904405593872,30.136141300201416,56,performance,7,kernel,20260811,0.9991440240303165,1.0163194900829997,MEASURED,2.10.0.post4.dev20260715,2.10.0+cpu,3.2.0,r15_unique_top10_fastpath,,
9.1.0,random_bias,5,Ascend950PR_957b,,,200,10,3,30.097524097987584,512,30.08687448501587,30.095150470733643,30.110283374786377,56,performance,7,kernel,20260811,1.0011262141798574,1.0174640835039965,MEASURED,2.10.0.post4.dev20260715,2.10.0+cpu,3.2.0,r16_split_unique_recovery,,
9.1.0,random_bias,5,Ascend950PR_957b,,,200,10,3,30.09634358542306,512,30.080705642700195,30.093610286712646,30.116968154907227,56,performance,7,kernel,20260811,1.0000511797689384,1.0175161570806932,MEASURED,2.10.0.post4.dev20260715,2.10.0+cpu,3.2.0,r17_parallel_priority_argmax,,
9.1.0,random_bias,5,Ascend950PR_957b,,,200,10,3,30.113586698259628,512,30.10353708267212,30.120129585266113,30.126973628997803,56,performance,7,kernel,20260811,0.9991195489887122,1.01662028395119,MEASURED,2.10.0.post4.dev20260715,2.10.0+cpu,3.2.0,r18_hierarchical_partial_sort,,
9.1.0,random_bias,5,Ascend950PR_957b,,,200,10,3,30.086789471762522,512,30.078349590301514,30.084285736083984,30.10126781463623,56,performance,7,kernel,20260811,1.0011914475715518,1.017831533719694,MEASURED,2.10.0.post4.dev20260715,2.10.0+cpu,3.2.0,r19_unique_id_sum,,
9.1.0,random_bias,5,Ascend950PR_957b,,,200,10,3,30.10631697518485,512,30.10060691833496,30.10219097137451,30.108362197875977,56,performance,7,kernel,20260811,0.9994051849811346,1.0172261122367627,MEASURED,2.10.0.post4.dev20260715,2.10.0+cpu,3.2.0,r20_iterative_rank1_maxarg,,
9.1.0,random_bias,5,Ascend950PR_957b,,,200,10,4,30.53088562829154,512,30.44957208633423,30.48208475112915,30.625951766967773,56,performance,7,kernel,20260811,nan,1.0,MEASURED,2.10.0.post4.dev20260715,2.10.0+cpu,3.2.0,r0_legacy,,
9.1.0,random_bias,5,Ascend950PR_957b,,,200,10,4,29.56622975213187,512,29.466252326965332,29.574785232543945,29.644426822662354,56,performance,7,kernel,20260811,1.030678143947663,1.030678143947663,MEASURED,2.10.0.post4.dev20260715,2.10.0+cpu,3.2.0,r1_constexpr,,
9.1.0,random_bias,5,Ascend950PR_957b,,,200,10,4,29.41317422049386,512,29.32038402557373,29.324851036071777,29.539169311523438,56,performance,7,kernel,20260811,1.0085229485450662,1.0394625607350534,MEASURED,2.10.0.post4.dev20260715,2.10.0+cpu,3.2.0,r2_core_partition,,
9.1.0,random_bias,5,Ascend950PR_957b,,,200,10,4,28.97610902786255,512,28.87528944015503,28.902835845947266,29.01966428756714,56,performance,7,kernel,20260811,1.0146011689778076,1.0546399292304505,MEASURED,2.10.0.post4.dev20260715,2.10.0+cpu,3.2.0,r3_sort_tie,,
9.1.0,random_bias,5,Ascend950PR_957b,,,200,10,4,30.159480912344797,512,30.029061317443848,30.145254135131836,30.245851039886475,56,performance,7,kernel,20260811,0.9587856090509241,1.011173586876641,MEASURED,2.10.0.post4.dev20260715,2.10.0+cpu,3.2.0,r4_bias_hoist,,
9.1.0,random_bias,5,Ascend950PR_957b,,,200,10,4,30.08201973778861,512,29.97952651977539,30.1066255569458,30.1292085647583,56,performance,7,kernel,20260811,1.0012830590433648,1.0124709822916946,MEASURED,2.10.0.post4.dev20260715,2.10.0+cpu,3.2.0,r5_dispatch,,
9.1.0,random_bias,5,Ascend950PR_957b,,,200,10,4,29.045180252620153,512,29.020124435424805,29.045350551605225,29.06424379348755,56,performance,7,kernel,20260811,1.0365385504111921,1.0494652043180288,MEASURED,2.10.0.post4.dev20260715,2.10.0+cpu,3.2.0,r6_empirical_dispatch,,
9.1.0,random_bias,5,Ascend950PR_957b,,,200,10,4,30.34721612930298,512,30.339452266693115,30.34658908843994,30.356821537017822,56,performance,7,kernel,20260811,0.9571207646090808,1.004464938787497,MEASURED,2.10.0.post4.dev20260715,2.10.0+cpu,3.2.0,r7_vector_tie_recovery,,
9.1.0,random_bias,5,Ascend950PR_957b,,,200,10,4,30.354055677141464,512,30.350424766540527,30.355374813079834,30.356124877929688,56,performance,7,kernel,20260811,0.9997105710374524,1.0041742175423483,MEASURED,2.10.0.post4.dev20260715,2.10.0+cpu,3.2.0,r8_safe_vector_dispatch,,
9.1.0,random_bias,5,Ascend950PR_957b,,,200,10,4,30.317689691271102,512,30.310534477233887,30.312116146087646,30.324700355529785,56,performance,7,kernel,20260811,1.0014271081168897,1.0056072827189744,MEASURED,2.10.0.post4.dev20260715,2.10.0+cpu,3.2.0,r9_pair_tie_recovery,,
9.1.0,random_bias,5,Ascend950PR_957b,,,200,10,4,30.353681359972274,512,30.3472957611084,30.358834266662598,30.35932731628418,56,performance,7,kernel,20260811,0.9984611358866881,1.0040597897595132,MEASURED,2.10.0.post4.dev20260715,2.10.0+cpu,3.2.0,r10_group_rank_threshold,,
9.1.0,random_bias,5,Ascend950PR_957b,,,200,10,4,30.323146411350795,512,30.310821056365967,30.316784381866455,30.325815200805664,56,performance,7,kernel,20260811,1.0013870166527719,1.0054524374082883,MEASURED,2.10.0.post4.dev20260715,2.10.0+cpu,3.2.0,r11_packed_exact_sort,,
9.1.0,random_bias,5,Ascend950PR_957b,,,200,10,4,30.34689732960292,512,30.34565782546997,30.347740650177002,30.352027416229248,56,performance,7,kernel,20260811,0.9989799481725053,1.0044268238120508,MEASURED,2.10.0.post4.dev20260715,2.10.0+cpu,3.2.0,r12_two_row_tile,,
9.1.0,random_bias,5,Ascend950PR_957b,,,200,10,4,30.290676525660924,512,30.271336555480957,30.286545753479004,30.31147575378418,56,performance,7,kernel,20260811,1.0020205307398242,1.006456299085467,MEASURED,2.10.0.post4.dev20260715,2.10.0+cpu,3.2.0,r13_fp32_rank_reduce,,
9.1.0,random_bias,5,Ascend950PR_957b,,,200,10,4,30.311197893960134,512,30.30955171585083,30.310814380645752,30.31481170654297,56,performance,7,kernel,20260811,0.9991993409724338,1.0056504707637535,MEASURED,2.10.0.post4.dev20260715,2.10.0+cpu,3.2.0,r14_priority_argmax,,
9.1.0,random_bias,5,Ascend950PR_957b,,,200,10,4,30.2872439793178,512,30.277029991149902,30.289130210876465,30.29711627960205,56,performance,7,kernel,20260811,1.0007159059906414,1.0063704219602647,MEASURED,2.10.0.post4.dev20260715,2.10.0+cpu,3.2.0,r15_unique_top10_fastpath,,
9.1.0,random_bias,5,Ascend950PR_957b,,,200,10,4,30.30691180910383,512,30.30292558670044,30.306830406188965,30.31515073776245,56,performance,7,kernel,20260811,0.9994159667944397,1.0057826682167461,MEASURED,2.10.0.post4.dev20260715,2.10.0+cpu,3.2.0,r16_split_unique_recovery,,
9.1.0,random_bias,5,Ascend950PR_957b,,,200,10,4,30.310474123273575,512,30.29778289794922,30.31144618988037,30.322267532348633,56,performance,7,kernel,20260811,0.9998477214296377,1.005629509069935,MEASURED,2.10.0.post4.dev20260715,2.10.0+cpu,3.2.0,r17_parallel_priority_argmax,,
9.1.0,random_bias,5,Ascend950PR_957b,,,200,10,4,30.31925371715001,512,30.309327602386475,30.320374965667725,30.329076290130615,56,performance,7,kernel,20260811,0.9997055189522734,1.0053333702384792,MEASURED,2.10.0.post4.dev20260715,2.10.0+cpu,3.2.0,r18_hierarchical_partial_sort,,
9.1.0,random_bias,5,Ascend950PR_957b,,,200,10,4,30.305142062050955,512,30.27608871459961,30.294344425201416,30.30373477935791,56,performance,7,kernel,20260811,1.0008592541268084,1.0061972070856748,MEASURED,2.10.0.post4.dev20260715,2.10.0+cpu,3.2.0,r19_unique_id_sum,,
9.1.0,random_bias,5,Ascend950PR_957b,,,200,10,4,30.293386663709367,512,30.283366203308105,30.294945240020752,30.30515480041504,56,performance,7,kernel,20260811,0.9999801678195958,1.0061772520011418,MEASURED,2.10.0.post4.dev20260715,2.10.0+cpu,3.2.0,r20_iterative_rank1_maxarg,,
9.1.0,random_bias,5,Ascend950PR_957b,,,200,10,5,30.56067943572998,512,30.456414222717285,30.555319786071777,30.672703742980957,56,performance,7,kernel,20260811,nan,1.0,MEASURED,2.10.0.post4.dev20260715,2.10.0+cpu,3.2.0,r0_legacy,,
9.1.0,random_bias,5,Ascend950PR_957b,,,200,10,5,29.570985862186976,512,29.449584007263184,29.536166191101074,29.72685718536377,56,performance,7,kernel,20260811,1.0345052769671157,1.0345052769671157,MEASURED,2.10.0.post4.dev20260715,2.10.0+cpu,3.2.0,r1_constexpr,,
9.1.0,random_bias,5,Ascend950PR_957b,,,200,10,5,29.465977123805455,512,29.404837608337402,29.44894552230835,29.511366367340088,56,performance,7,kernel,20260811,1.0029617586384088,1.0375692319076526,MEASURED,2.10.0.post4.dev20260715,2.10.0+cpu,3.2.0,r2_core_partition,,
9.1.0,random_bias,5,Ascend950PR_957b,,,200,10,5,29.085219928196498,512,28.964399814605713,29.127418994903564,29.19619655609131,56,performance,7,kernel,20260811,1.0110386206021564,1.0490225650071519,MEASURED,2.10.0.post4.dev20260715,2.10.0+cpu,3.2.0,r3_sort_tie,,
9.1.0,random_bias,5,Ascend950PR_957b,,,200,10,5,30.215822628566197,512,30.118420600891113,30.259389877319336,30.283782958984375,56,performance,7,kernel,20260811,0.9625910870309969,1.009779771170279,MEASURED,2.10.0.post4.dev20260715,2.10.0+cpu,3.2.0,r4_bias_hoist,,
9.1.0,random_bias,5,Ascend950PR_957b,,,200,10,5,29.961421830313547,512,29.94936180114746,29.972844123840332,30.010876655578613,56,performance,7,kernel,20260811,1.0095601789504882,1.01943344648325,MEASURED,2.10.0.post4.dev20260715,2.10.0+cpu,3.2.0,r5_dispatch,,
9.1.0,random_bias,5,Ascend950PR_957b,,,200,10,5,29.077255725860596,512,29.030930519104004,29.054250717163086,29.115741729736328,56,performance,7,kernel,20260811,1.0316164892916895,1.0516643531275778,MEASURED,2.10.0.post4.dev20260715,2.10.0+cpu,3.2.0,r6_empirical_dispatch,,
9.1.0,random_bias,5,Ascend950PR_957b,,,200,10,5,30.28124741145543,512,30.26314401626587,30.28804063796997,30.294272899627686,56,performance,7,kernel,20260811,0.9592647825736152,1.0088245770433475,MEASURED,2.10.0.post4.dev20260715,2.10.0+cpu,3.2.0,r7_vector_tie_recovery,,
9.1.0,random_bias,5,Ascend950PR_957b,,,200,10,5,30.25873695101057,512,30.24784517288208,30.258889198303223,30.26798152923584,56,performance,7,kernel,20260811,1.000963400853075,1.0097964795014742,MEASURED,2.10.0.post4.dev20260715,2.10.0+cpu,3.2.0,r8_safe_vector_dispatch,,
9.1.0,random_bias,5,Ascend950PR_957b,,,200,10,5,30.269196374075754,512,30.261877059936523,30.268309116363525,30.273324489593506,56,performance,7,kernel,20260811,0.9996887861154025,1.0094822168164355,MEASURED,2.10.0.post4.dev20260715,2.10.0+cpu,3.2.0,r9_pair_tie_recovery,,
9.1.0,random_bias,5,Ascend950PR_957b,,,200,10,5,30.23461171558925,512,30.223814964294434,30.232970714569092,30.24038076400757,56,performance,7,kernel,20260811,1.0011688696465877,1.0106621699384424,MEASURED,2.10.0.post4.dev20260715,2.10.0+cpu,3.2.0,r10_group_rank_threshold,,
9.1.0,random_bias,5,Ascend950PR_957b,,,200,10,5,30.27106761932373,512,30.263408184051514,30.27144432067871,30.277291297912598,56,performance,7,kernel,20260811,0.998729046235718,1.0093776650491417,MEASURED,2.10.0.post4.dev20260715,2.10.0+cpu,3.2.0,r11_packed_exact_sort,,
9.1.0,random_bias,5,Ascend950PR_957b,,,200,10,5,30.22548300879342,512,30.221340656280518,30.226399898529053,30.23335361480713,56,performance,7,kernel,20260811,1.0014902344407828,1.0108818744093546,MEASURED,2.10.0.post4.dev20260715,2.10.0+cpu,3.2.0,r12_two_row_tile,,
9.1.0,random_bias,5,Ascend950PR_957b,,,200,10,5,30.258566992623464,512,30.248631477355957,30.260400772094727,30.261940479278564,56,performance,7,kernel,20260811,0.9988763905071267,1.0097460379390948,MEASURED,2.10.0.post4.dev20260715,2.10.0+cpu,3.2.0,r13_fp32_rank_reduce,,
9.1.0,random_bias,5,Ascend950PR_957b,,,200,10,5,30.23195402962821,512,30.227003574371338,30.236785411834717,30.23825693130493,56,performance,7,kernel,20260811,1.0007810142493112,1.010534663982911,MEASURED,2.10.0.post4.dev20260715,2.10.0+cpu,3.2.0,r14_priority_argmax,,
9.1.0,random_bias,5,Ascend950PR_957b,,,200,10,5,30.24453333445958,512,30.234281539916992,30.247504711151123,30.25407886505127,56,performance,7,kernel,20260811,0.9996456137648785,1.010176544407882,MEASURED,2.10.0.post4.dev20260715,2.10.0+cpu,3.2.0,r15_unique_top10_fastpath,,
9.1.0,random_bias,5,Ascend950PR_957b,,,200,10,5,30.2389018876212,512,30.229222297668457,30.233769416809082,30.254202365875244,56,performance,7,kernel,20260811,1.0004543030725903,1.0106354707158653,MEASURED,2.10.0.post4.dev20260715,2.10.0+cpu,3.2.0,r16_split_unique_recovery,,
9.1.0,random_bias,5,Ascend950PR_957b,,,200,10,5,30.259006023406982,512,30.255359172821045,30.258140563964844,30.261396884918213,56,performance,7,kernel,20260811,0.9991945589946533,1.0098214634662928,MEASURED,2.10.0.post4.dev20260715,2.10.0+cpu,3.2.0,r17_parallel_priority_argmax,,
9.1.0,random_bias,5,Ascend950PR_957b,,,200,10,5,30.285425867353165,512,30.27122926712036,30.27402400970459,30.303924083709717,56,performance,7,kernel,20260811,0.9994753440859182,1.0092916546633184,MEASURED,2.10.0.post4.dev20260715,2.10.0+cpu,3.2.0,r18_hierarchical_partial_sort,,
9.1.0,random_bias,5,Ascend950PR_957b,,,200,10,5,30.2504597391401,512,30.241604328155518,30.24772882461548,30.258906364440918,56,performance,7,kernel,20260811,1.0008693275862652,1.0101690597413047,MEASURED,2.10.0.post4.dev20260715,2.10.0+cpu,3.2.0,r19_unique_id_sum,,
9.1.0,random_bias,5,Ascend950PR_957b,,,200,10,5,30.273819310324534,512,30.266062259674072,30.271949768066406,30.283668041229248,56,performance,7,kernel,20260811,0.9991998882253538,1.0093608115822224,MEASURED,2.10.0.post4.dev20260715,2.10.0+cpu,3.2.0,r20_iterative_rank1_maxarg,,
9.1.0,random_bias,5,Ascend950PR_957b,,,200,10,6,30.724946090153285,512,30.60459804534912,30.75798988342285,30.865758895874023,56,performance,7,kernel,20260811,nan,1.0,MEASURED,2.10.0.post4.dev20260715,2.10.0+cpu,3.2.0,r0_legacy,,
9.1.0,random_bias,5,Ascend950PR_957b,,,200,10,6,29.801690919058665,512,29.729193687438965,29.84260082244873,29.880207061767578,56,performance,7,kernel,20260811,1.0306739036057986,1.0306739036057986,MEASURED,2.10.0.post4.dev20260715,2.10.0+cpu,3.2.0,r1_constexpr,,
9.1.0,random_bias,5,Ascend950PR_957b,,,200,10,6,29.690891674586705,512,29.61404800415039,29.694321155548096,29.77331256866455,56,performance,7,kernel,20260811,1.0049935361756175,1.0358206110287191,MEASURED,2.10.0.post4.dev20260715,2.10.0+cpu,3.2.0,r2_core_partition,,
9.1.0,random_bias,5,Ascend950PR_957b,,,200,10,6,29.38742160797119,512,29.289096355438232,29.432508945465088,29.522313594818115,56,performance,7,kernel,20260811,1.00889534122178,1.0450345888083725,MEASURED,2.10.0.post4.dev20260715,2.10.0+cpu,3.2.0,r3_sort_tie,,
9.1.0,random_bias,5,Ascend950PR_957b,,,200,10,6,30.49497093473162,512,30.39371967315674,30.520739555358887,30.59197187423706,56,performance,7,kernel,20260811,0.9643445530564568,1.0077734134729481,MEASURED,2.10.0.post4.dev20260715,2.10.0+cpu,3.2.0,r4_bias_hoist,,
9.1.0,random_bias,5,Ascend950PR_957b,,,200,10,6,30.21716492516654,512,30.087838649749756,30.15385389328003,30.421186923980713,56,performance,7,kernel,20260811,1.01216712342566,1.0200351169797721,MEASURED,2.10.0.post4.dev20260715,2.10.0+cpu,3.2.0,r5_dispatch,,
9.1.0,random_bias,5,Ascend950PR_957b,,,200,10,6,29.414245741707937,512,29.200162887573242,29.264240264892578,29.57249927520752,56,performance,7,kernel,20260811,1.0303993413235708,1.0510435126628686,MEASURED,2.10.0.post4.dev20260715,2.10.0+cpu,3.2.0,r6_empirical_dispatch,,
9.1.0,random_bias,5,Ascend950PR_957b,,,200,10,6,30.35891056060791,512,30.345174312591553,30.35980463027954,30.36746835708618,56,performance,7,kernel,20260811,0.9639139849966526,1.0131155406957453,MEASURED,2.10.0.post4.dev20260715,2.10.0+cpu,3.2.0,r7_vector_tie_recovery,,
9.1.0,random_bias,5,Ascend950PR_957b,,,200,10,6,30.36851099559239,512,30.357842445373535,30.368316173553467,30.3708176612854,56,performance,7,kernel,20260811,0.9997197229103754,1.0128315876205456,MEASURED,2.10.0.post4.dev20260715,2.10.0+cpu,3.2.0,r8_safe_vector_dispatch,,
9.1.0,random_bias,5,Ascend950PR_957b,,,200,10,6,30.337917464120046,512,30.327726364135742,30.34317970275879,30.344848155975342,56,performance,7,kernel,20260811,1.0008284059561625,1.01367062334032,MEASURED,2.10.0.post4.dev20260715,2.10.0+cpu,3.2.0,r9_pair_tie_recovery,,
9.1.0,random_bias,5,Ascend950PR_957b,,,200,10,6,30.35545860018049,512,30.353195190429688,30.356199741363525,30.35780096054077,56,performance,7,kernel,20260811,0.9995710912856133,1.0132358511764517,MEASURED,2.10.0.post4.dev20260715,2.10.0+cpu,3.2.0,r10_group_rank_threshold,,
9.1.0,random_bias,5,Ascend950PR_957b,,,200,10,6,30.341570717947825,512,30.334274768829346,30.34291982650757,30.352014541625977,56,performance,7,kernel,20260811,1.000437661073222,1.0136793050665045,MEASURED,2.10.0.post4.dev20260715,2.10.0+cpu,3.2.0,r11_packed_exact_sort,,
9.1.0,random_bias,5,Ascend950PR_957b,,,200,10,6,30.365277358463832,512,30.35847520828247,30.363855361938477,30.36935806274414,56,performance,7,kernel,20260811,0.9993105112910942,1.0129803846312095,MEASURED,2.10.0.post4.dev20260715,2.10.0+cpu,3.2.0,r12_two_row_tile,,
9.1.0,random_bias,5,Ascend950PR_957b,,,200,10,6,30.300193854740687,512,30.288827419281006,30.305979251861572,30.31089973449707,56,performance,7,kernel,20260811,1.0019097257869782,1.0149148993934427,MEASURED,2.10.0.post4.dev20260715,2.10.0+cpu,3.2.0,r13_fp32_rank_reduce,,
9.1.0,random_bias,5,Ascend950PR_957b,,,200,10,6,30.30339785984584,512,30.295650005340576,30.300400257110596,30.310030460357666,56,performance,7,kernel,20260811,1.0001841228070796,1.015101768373666,MEASURED,2.10.0.post4.dev20260715,2.10.0+cpu,3.2.0,r14_priority_argmax,,
9.1.0,random_bias,5,Ascend950PR_957b,,,200,10,6,30.288897582462855,512,30.287596225738525,30.29066562652588,30.29639720916748,56,performance,7,kernel,20260811,1.0003213739408945,1.0154279956293775,MEASURED,2.10.0.post4.dev20260715,2.10.0+cpu,3.2.0,r15_unique_top10_fastpath,,
9.1.0,random_bias,5,Ascend950PR_957b,,,200,10,6,30.316545282091415,512,30.307419300079346,30.309624671936035,30.33121156692505,56,performance,7,kernel,20260811,0.9993744876218242,1.014792832848965,MEASURED,2.10.0.post4.dev20260715,2.10.0+cpu,3.2.0,r16_split_unique_recovery,,
9.1.0,random_bias,5,Ascend950PR_957b,,,200,10,6,30.3279972076416,512,30.31613826751709,30.318989753723145,30.33344841003418,56,performance,7,kernel,20260811,0.9996911149789891,1.0144793785434687,MEASURED,2.10.0.post4.dev20260715,2.10.0+cpu,3.2.0,r17_parallel_priority_argmax,,
9.1.0,random_bias,5,Ascend950PR_957b,,,200,10,6,30.34769194466727,512,30.330806255340576,30.34240961074829,30.361608028411865,56,performance,7,kernel,20260811,0.9992281477534055,1.0136963503560161,MEASURED,2.10.0.post4.dev20260715,2.10.0+cpu,3.2.0,r18_hierarchical_partial_sort,,
9.1.0,random_bias,5,Ascend950PR_957b,,,200,10,6,30.31350953238351,512,30.31009864807129,30.316059589385986,30.32228183746338,56,performance,7,kernel,20260811,1.0008691769880123,1.0145774318965777,MEASURED,2.10.0.post4.dev20260715,2.10.0+cpu,3.2.0,r19_unique_id_sum,,
9.1.0,random_bias,5,Ascend950PR_957b,,,200,10,6,30.344409942626953,512,30.33069133758545,30.3357195854187,30.361342430114746,56,performance,7,kernel,20260811,0.9993519192456485,1.0139199037891662,MEASURED,2.10.0.post4.dev20260715,2.10.0+cpu,3.2.0,r20_iterative_rank1_maxarg,,
9.1.0,random_bias,5,Ascend950PR_957b,,,200,10,7,30.609678881508962,512,30.563101768493652,30.575239658355713,30.775978565216064,56,performance,7,kernel,20260811,nan,1.0,MEASURED,2.10.0.post4.dev20260715,2.10.0+cpu,3.2.0,r0_legacy,,
9.1.0,random_bias,5,Ascend950PR_957b,,,200,10,7,29.758168288639613,512,29.635318756103516,29.776225090026855,29.847710132598877,56,performance,7,kernel,20260811,1.0268339779778357,1.0268339779778357,MEASURED,2.10.0.post4.dev20260715,2.10.0+cpu,3.2.0,r1_constexpr,,
9.1.0,random_bias,5,Ascend950PR_957b,,,200,10,7,29.608264650617325,512,29.55830955505371,29.58892583847046,29.660903930664062,56,performance,7,kernel,20260811,1.0063300456589364,1.0333338839425825,MEASURED,2.10.0.post4.dev20260715,2.10.0+cpu,3.2.0,r2_core_partition,,
9.1.0,random_bias,5,Ascend950PR_957b,,,200,10,7,29.16776180267334,512,29.088300704956055,29.172029495239258,29.248956203460693,56,performance,7,kernel,20260811,1.0142909612544866,1.048101218440954,MEASURED,2.10.0.post4.dev20260715,2.10.0+cpu,3.2.0,r3_sort_tie,,
9.1.0,random_bias,5,Ascend950PR_957b,,,200,10,7,30.31670570373535,512,30.224856853485107,30.287625789642334,30.438152313232422,56,performance,7,kernel,20260811,0.9631665980638012,1.0094960849922987,MEASURED,2.10.0.post4.dev20260715,2.10.0+cpu,3.2.0,r4_bias_hoist,,
9.1.0,random_bias,5,Ascend950PR_957b,,,200,10,7,30.09554488318307,512,29.97120237350464,30.07349967956543,30.20366907119751,56,performance,7,kernel,20260811,1.007120092851129,1.016683790850295,MEASURED,2.10.0.post4.dev20260715,2.10.0+cpu,3.2.0,r5_dispatch,,
9.1.0,random_bias,5,Ascend950PR_957b,,,200,10,7,29.217180183955602,512,29.162877082824707,29.200515747070312,29.273574829101562,56,performance,7,kernel,20260811,1.0298961819735224,1.0470787544710858,MEASURED,2.10.0.post4.dev20260715,2.10.0+cpu,3.2.0,r6_empirical_dispatch,,
9.1.0,random_bias,5,Ascend950PR_957b,,,200,10,7,30.26829413005284,512,30.258387088775635,30.272185802459717,30.27487802505493,56,performance,7,kernel,20260811,0.9645988544605746,1.0100109670928148,MEASURED,2.10.0.post4.dev20260715,2.10.0+cpu,3.2.0,r7_vector_tie_recovery,,
9.1.0,random_bias,5,Ascend950PR_957b,,,200,10,7,30.284297466278076,512,30.274998664855957,30.28510093688965,30.291093826293945,56,performance,7,kernel,20260811,0.9995735482454938,1.0095802461438275,MEASURED,2.10.0.post4.dev20260715,2.10.0+cpu,3.2.0,r8_safe_vector_dispatch,,
9.1.0,random_bias,5,Ascend950PR_957b,,,200,10,7,30.256490026201522,512,30.250991344451904,30.25273084640503,30.25985097885132,56,performance,7,kernel,20260811,1.0010699890416161,1.0106604859438337,MEASURED,2.10.0.post4.dev20260715,2.10.0+cpu,3.2.0,r9_pair_tie_recovery,,
9.1.0,random_bias,5,Ascend950PR_957b,,,200,10,7,30.257203919546946,512,30.2453932762146,30.25437593460083,30.27161455154419,56,performance,7,kernel,20260811,0.999945624785011,1.0106055310626296,MEASURED,2.10.0.post4.dev20260715,2.10.0+cpu,3.2.0,r10_group_rank_threshold,,
9.1.0,random_bias,5,Ascend950PR_957b,,,200,10,7,30.251343250274658,512,30.248173713684082,30.250155925750732,30.25274133682251,56,performance,7,kernel,20260811,1.000139503705715,1.010746514279229,MEASURED,2.10.0.post4.dev20260715,2.10.0+cpu,3.2.0,r11_packed_exact_sort,,
9.1.0,random_bias,5,Ascend950PR_957b,,,200,10,7,30.238072872161865,512,30.231869220733643,30.235235691070557,30.25143003463745,56,performance,7,kernel,20260811,1.0004934717503982,1.0112452891308392,MEASURED,2.10.0.post4.dev20260715,2.10.0+cpu,3.2.0,r12_two_row_tile,,
9.1.0,random_bias,5,Ascend950PR_957b,,,200,10,7,30.255496501922607,512,30.245458602905273,30.255255699157715,30.267367839813232,56,performance,7,kernel,20260811,0.9993382965166043,1.010576144600454,MEASURED,2.10.0.post4.dev20260715,2.10.0+cpu,3.2.0,r13_fp32_rank_reduce,,
9.1.0,random_bias,5,Ascend950PR_957b,,,200,10,7,30.268855776105607,512,30.262810707092285,30.266919136047363,30.273941040039062,56,performance,7,kernel,20260811,0.9996146473700471,1.0101867164253644,MEASURED,2.10.0.post4.dev20260715,2.10.0+cpu,3.2.0,r14_priority_argmax,,
9.1.0,random_bias,5,Ascend950PR_957b,,,200,10,7,30.234192780085973,512,30.220909595489502,30.2341890335083,30.241602897644043,56,performance,7,kernel,20260811,1.001082552685729,1.0112802967683183,MEASURED,2.10.0.post4.dev20260715,2.10.0+cpu,3.2.0,r15_unique_top10_fastpath,,
9.1.0,random_bias,5,Ascend950PR_957b,,,200,10,7,30.243802070617676,512,30.223973751068115,30.250864028930664,30.254812717437744,56,performance,7,kernel,20260811,0.9994487762264769,1.0107228550270442,MEASURED,2.10.0.post4.dev20260715,2.10.0+cpu,3.2.0,r16_split_unique_recovery,,
9.1.0,random_bias,5,Ascend950PR_957b,,,200,10,7,30.27876547404698,512,30.27241802215576,30.278770923614502,30.284003734588623,56,performance,7,kernel,20260811,0.9990783346274444,1.0097913067703153,MEASURED,2.10.0.post4.dev20260715,2.10.0+cpu,3.2.0,r17_parallel_priority_argmax,,
9.1.0,random_bias,5,Ascend950PR_957b,,,200,10,7,30.272604397365026,512,30.26798677444458,30.271365642547607,30.276622772216797,56,performance,7,kernel,20260811,1.0002446298972547,1.0100383319139392,MEASURED,2.10.0.post4.dev20260715,2.10.0+cpu,3.2.0,r18_hierarchical_partial_sort,,
9.1.0,random_bias,5,Ascend950PR_957b,,,200,10,7,30.246778556278773,512,30.2373366355896,30.242745876312256,30.253370761871338,56,performance,7,kernel,20260811,1.0009463349112677,1.010994166449148,MEASURED,2.10.0.post4.dev20260715,2.10.0+cpu,3.2.0,r19_unique_id_sum,,
9.1.0,random_bias,5,Ascend950PR_957b,,,200,10,7,30.24799040385655,512,30.23728036880493,30.24390935897827,30.257526874542236,56,performance,7,kernel,20260811,0.9999615300174258,1.010955273521182,MEASURED,2.10.0.post4.dev20260715,2.10.0+cpu,3.2.0,r20_iterative_rank1_maxarg,,
9.1.0,random_bias,5,Ascend950PR_957b,,,200,10,8,30.57936089379447,512,30.541565895080566,30.61077117919922,30.622527599334717,56,performance,7,kernel,20260811,nan,1.0,MEASURED,2.10.0.post4.dev20260715,2.10.0+cpu,3.2.0,r0_legacy,,
9.1.0,random_bias,5,Ascend950PR_957b,,,200,10,8,29.689367839268275,512,29.567917346954346,29.639530181884766,29.858400344848633,56,performance,7,kernel,20260811,1.0327684342954957,1.0327684342954957,MEASURED,2.10.0.post4.dev20260715,2.10.0+cpu,3.2.0,r1_constexpr,,
9.1.0,random_bias,5,Ascend950PR_957b,,,200,10,8,29.628566673823766,512,29.525683403015137,29.60951566696167,29.63376760482788,56,performance,7,kernel,20260811,1.0010136780101604,1.0338153289469287,MEASURED,2.10.0.post4.dev20260715,2.10.0+cpu,3.2.0,r2_core_partition,,
9.1.0,random_bias,5,Ascend950PR_957b,,,200,10,8,29.13261345454625,512,28.996992111206055,29.115300178527832,29.1725811958313,56,performance,7,kernel,20260811,1.0169744253160171,1.0513637500386919,MEASURED,2.10.0.post4.dev20260715,2.10.0+cpu,3.2.0,r3_sort_tie,,
9.1.0,random_bias,5,Ascend950PR_957b,,,200,10,8,30.282130241394043,512,30.22214126586914,30.289969444274902,30.359615325927734,56,performance,7,kernel,20260811,0.9612191993818899,1.010591022071333,MEASURED,2.10.0.post4.dev20260715,2.10.0+cpu,3.2.0,r4_bias_hoist,,
9.1.0,random_bias,5,Ascend950PR_957b,,,200,10,8,30.122977324894496,512,30.071541786193848,30.149970054626465,30.213133811950684,56,performance,7,kernel,20260811,1.0046434337876549,1.0152836345687197,MEASURED,2.10.0.post4.dev20260715,2.10.0+cpu,3.2.0,r5_dispatch,,
9.1.0,random_bias,5,Ascend950PR_957b,,,200,10,8,29.1025515965053,512,29.059046745300293,29.09963607788086,29.145750999450684,56,performance,7,kernel,20260811,1.0360944024844345,1.0519296907107027,MEASURED,2.10.0.post4.dev20260715,2.10.0+cpu,3.2.0,r6_empirical_dispatch,,
9.1.0,random_bias,5,Ascend950PR_957b,,,200,10,8,30.39526735033308,512,30.382375717163086,30.395495891571045,30.398868560791016,56,performance,7,kernel,20260811,0.9573667158347122,1.00708247328473,MEASURED,2.10.0.post4.dev20260715,2.10.0+cpu,3.2.0,r7_vector_tie_recovery,,
9.1.0,random_bias,5,Ascend950PR_957b,,,200,10,8,30.38574661527361,512,30.375450611114502,30.38700580596924,30.395164966583252,56,performance,7,kernel,20260811,1.0002793985579237,1.007363850675476,MEASURED,2.10.0.post4.dev20260715,2.10.0+cpu,3.2.0,r8_safe_vector_dispatch,,
9.1.0,random_bias,5,Ascend950PR_957b,,,200,10,8,30.366121700831822,512,30.35457706451416,30.363035202026367,30.37294626235962,56,performance,7,kernel,20260811,1.0007894666585002,1.008159130848563,MEASURED,2.10.0.post4.dev20260715,2.10.0+cpu,3.2.0,r9_pair_tie_recovery,,
9.1.0,random_bias,5,Ascend950PR_957b,,,200,10,8,30.37621361868722,512,30.365656852722168,30.381765365600586,30.385215759277344,56,performance,7,kernel,20260811,0.9993835064108741,1.007537607207576,MEASURED,2.10.0.post4.dev20260715,2.10.0+cpu,3.2.0,r10_group_rank_threshold,,
9.1.0,random_bias,5,Ascend950PR_957b,,,200,10,8,30.345814568655832,512,30.334775924682617,30.342154502868652,30.357938289642334,56,performance,7,kernel,20260811,1.0013054729758293,1.0088529203259171,MEASURED,2.10.0.post4.dev20260715,2.10.0+cpu,3.2.0,r11_packed_exact_sort,,
9.1.0,random_bias,5,Ascend950PR_957b,,,200,10,8,30.35158736365182,512,30.345937252044678,30.35616397857666,30.358129501342773,56,performance,7,kernel,20260811,0.999538496507072,1.008387331179336,MEASURED,2.10.0.post4.dev20260715,2.10.0+cpu,3.2.0,r12_two_row_tile,,
9.1.0,random_bias,5,Ascend950PR_957b,,,200,10,8,30.324952942984446,512,30.31096601486206,30.323374271392822,30.334506034851074,56,performance,7,kernel,20260811,1.0010813343821954,1.0094777350711108,MEASURED,2.10.0.post4.dev20260715,2.10.0+cpu,3.2.0,r13_fp32_rank_reduce,,
9.1.0,random_bias,5,Ascend950PR_957b,,,200,10,8,30.34641913005284,512,30.338261127471924,30.344855785369873,30.35573673248291,56,performance,7,kernel,20260811,0.9992920871290676,1.0087631127895342,MEASURED,2.10.0.post4.dev20260715,2.10.0+cpu,3.2.0,r14_priority_argmax,,
9.1.0,random_bias,5,Ascend950PR_957b,,,200,10,8,30.35003696169172,512,30.335068702697754,30.337095260620117,30.37268304824829,56,performance,7,kernel,20260811,1.0002558097498486,1.0090211642290734,MEASURED,2.10.0.post4.dev20260715,2.10.0+cpu,3.2.0,r15_unique_top10_fastpath,,
9.1.0,random_bias,5,Ascend950PR_957b,,,200,10,8,30.327677726745605,512,30.31676483154297,30.33013105392456,30.335426330566406,56,performance,7,kernel,20260811,1.0002296134719357,1.0092528490818486,MEASURED,2.10.0.post4.dev20260715,2.10.0+cpu,3.2.0,r16_split_unique_recovery,,
9.1.0,random_bias,5,Ascend950PR_957b,,,200,10,8,30.334858213152206,512,30.32886505126953,30.335614681243896,30.34452199935913,56,performance,7,kernel,20260811,0.9998192346726131,1.0090704111601683,MEASURED,2.10.0.post4.dev20260715,2.10.0+cpu,3.2.0,r17_parallel_priority_argmax,,
9.1.0,random_bias,5,Ascend950PR_957b,,,200,10,8,30.36691325051444,512,30.359474182128906,30.363519191741943,30.367682456970215,56,performance,7,kernel,20260811,0.9990809856287793,1.0081430609507387,MEASURED,2.10.0.post4.dev20260715,2.10.0+cpu,3.2.0,r18_hierarchical_partial_sort,,
9.1.0,random_bias,5,Ascend950PR_957b,,,200,10,8,30.369108745029994,512,30.361001014709473,30.36875009536743,30.375730514526367,56,performance,7,kernel,20260811,0.9998277537399773,1.007969412078922,MEASURED,2.10.0.post4.dev20260715,2.10.0+cpu,3.2.0,r19_unique_id_sum,,
9.1.0,random_bias,5,Ascend950PR_957b,,,200,10,8,30.389349801199778,512,30.385234832763672,30.39013385772705,30.397201538085938,56,performance,7,kernel,20260811,0.9992963584017192,1.0072601628707887,MEASURED,2.10.0.post4.dev20260715,2.10.0+cpu,3.2.0,r20_iterative_rank1_maxarg,,
9.1.0,random_bias,5,Ascend950PR_957b,,,200,10,9,30.75716529573713,512,30.638575077056885,30.71202516555786,30.880920886993408,56,performance,7,kernel,20260811,nan,1.0,MEASURED,2.10.0.post4.dev20260715,2.10.0+cpu,3.2.0,r0_legacy,,
9.1.0,random_bias,5,Ascend950PR_957b,,,200,10,9,29.810874121529714,512,29.683136463165283,29.823551177978516,29.929515838623047,56,performance,7,kernel,20260811,1.02979101926116,1.02979101926116,MEASURED,2.10.0.post4.dev20260715,2.10.0+cpu,3.2.0,r1_constexpr,,
9.1.0,random_bias,5,Ascend950PR_957b,,,200,10,9,29.585456166948592,512,29.527732849121094,29.572534561157227,29.658112049102783,56,performance,7,kernel,20260811,1.0084881671641022,1.0385320575767396,MEASURED,2.10.0.post4.dev20260715,2.10.0+cpu,3.2.0,r2_core_partition,,
9.1.0,random_bias,5,Ascend950PR_957b,,,200,10,9,29.20126335961478,512,29.095138549804688,29.20414447784424,29.299489498138428,56,performance,7,kernel,20260811,1.0126143083421761,1.0516324211742474,MEASURED,2.10.0.post4.dev20260715,2.10.0+cpu,3.2.0,r3_sort_tie,,
9.1.0,random_bias,5,Ascend950PR_957b,,,200,10,9,30.317605904170446,512,30.190524101257324,30.351200103759766,30.407884120941162,56,performance,7,kernel,20260811,0.962207239845734,1.0118883293103589,MEASURED,2.10.0.post4.dev20260715,2.10.0+cpu,3.2.0,r4_bias_hoist,,
9.1.0,random_bias,5,Ascend950PR_957b,,,200,10,9,30.263113975524902,512,30.176308155059814,30.322844982147217,30.371254920959473,56,performance,7,kernel,20260811,1.0009351075609576,1.0128345537379417,MEASURED,2.10.0.post4.dev20260715,2.10.0+cpu,3.2.0,r5_dispatch,,
9.1.0,random_bias,5,Ascend950PR_957b,,,200,10,9,29.2256566456386,512,29.187045574188232,29.235045909881592,29.27514362335205,56,performance,7,kernel,20260811,1.0372087348731662,1.0505208461183584,MEASURED,2.10.0.post4.dev20260715,2.10.0+cpu,3.2.0,r6_empirical_dispatch,,
9.1.0,random_bias,5,Ascend950PR_957b,,,200,10,9,30.35630226135254,512,30.340445518493652,30.362584590911865,30.369232177734375,56,performance,7,kernel,20260811,0.9628642061859329,1.0115089205795278,MEASURED,2.10.0.post4.dev20260715,2.10.0+cpu,3.2.0,r7_vector_tie_recovery,,
9.1.0,random_bias,5,Ascend950PR_957b,,,200,10,9,30.35654510770525,512,30.34427833557129,30.35011053085327,30.36460828781128,56,performance,7,kernel,20260811,1.000411005424376,1.0119246562326907,MEASURED,2.10.0.post4.dev20260715,2.10.0+cpu,3.2.0,r8_safe_vector_dispatch,,
9.1.0,random_bias,5,Ascend950PR_957b,,,200,10,9,30.324582712990896,512,30.310040950775146,30.319085121154785,30.33249855041504,56,performance,7,kernel,20260811,1.0010232963684262,1.0129601550585345,MEASURED,2.10.0.post4.dev20260715,2.10.0+cpu,3.2.0,r9_pair_tie_recovery,,
9.1.0,random_bias,5,Ascend950PR_957b,,,200,10,9,30.342326164245605,512,30.337016105651855,30.33977508544922,30.35100793838501,56,performance,7,kernel,20260811,0.9993180580859231,1.0122693750715104,MEASURED,2.10.0.post4.dev20260715,2.10.0+cpu,3.2.0,r10_group_rank_threshold,,
9.1.0,random_bias,5,Ascend950PR_957b,,,200,10,9,30.31794445855277,512,30.31181287765503,30.314810276031494,30.328510284423828,56,performance,7,kernel,20260811,1.000823518576907,1.0131029977067159,MEASURED,2.10.0.post4.dev20260715,2.10.0+cpu,3.2.0,r11_packed_exact_sort,,
9.1.0,random_bias,5,Ascend950PR_957b,,,200,10,9,30.318906988416398,512,30.310245990753174,30.32083034515381,30.325475692749023,56,performance,7,kernel,20260811,0.9998014543449574,1.0129018505084106,MEASURED,2.10.0.post4.dev20260715,2.10.0+cpu,3.2.0,r12_two_row_tile,,
9.1.0,random_bias,5,Ascend950PR_957b,,,200,10,9,30.323359285082137,512,30.3143572807312,30.32078504562378,30.332743167877197,56,performance,7,kernel,20260811,1.0000014940091413,1.0129033637930345,MEASURED,2.10.0.post4.dev20260715,2.10.0+cpu,3.2.0,r13_fp32_rank_reduce,,
9.1.0,random_bias,5,Ascend950PR_957b,,,200,10,9,30.363498755863734,512,30.359071731567383,30.36360502243042,30.364807605743408,56,performance,7,kernel,20260811,0.9985897597872516,1.0114749267377854,MEASURED,2.10.0.post4.dev20260715,2.10.0+cpu,3.2.0,r14_priority_argmax,,
9.1.0,random_bias,5,Ascend950PR_957b,,,200,10,9,30.327603135790145,512,30.31946086883545,30.325140953063965,30.33749532699585,56,performance,7,kernel,20260811,1.0012683888073592,1.012757870213784,MEASURED,2.10.0.post4.dev20260715,2.10.0+cpu,3.2.0,r15_unique_top10_fastpath,,
9.1.0,random_bias,5,Ascend950PR_957b,,,200,10,9,30.322596345629012,512,30.312507152557373,30.319299697875977,30.326762676239014,56,performance,7,kernel,20260811,1.0001926579850522,1.0129529861044053,MEASURED,2.10.0.post4.dev20260715,2.10.0+cpu,3.2.0,r16_split_unique_recovery,,
9.1.0,random_bias,5,Ascend950PR_957b,,,200,10,9,30.33182382583618,512,30.32467031478882,30.331320762634277,30.345266342163086,56,performance,7,kernel,20260811,0.9996036748662422,1.012551527376697,MEASURED,2.10.0.post4.dev20260715,2.10.0+cpu,3.2.0,r17_parallel_priority_argmax,,
9.1.0,random_bias,5,Ascend950PR_957b,,,200,10,9,30.358718122754777,512,30.352274417877197,30.355899333953857,30.366337299346924,56,performance,7,kernel,20260811,0.9991903197777412,1.0117316844309623,MEASURED,2.10.0.post4.dev20260715,2.10.0+cpu,3.2.0,r18_hierarchical_partial_sort,,
9.1.0,random_bias,5,Ascend950PR_957b,,,200,10,9,30.411716869899205,512,30.402489185333252,30.41163921356201,30.427156448364258,56,performance,7,kernel,20260811,0.9981671530687074,1.0098773351178616,MEASURED,2.10.0.post4.dev20260715,2.10.0+cpu,3.2.0,r19_unique_id_sum,,
9.1.0,random_bias,5,Ascend950PR_957b,,,200,10,9,30.375826358795166,512,30.36078643798828,30.372354984283447,30.387042999267578,56,performance,7,kernel,20260811,1.0012934205891804,1.0111835312556494,MEASURED,2.10.0.post4.dev20260715,2.10.0+cpu,3.2.0,r20_iterative_rank1_maxarg,,
9.1.0,random_bias,5,Ascend950PR_957b,,,200,10,10,30.45558180127825,512,30.322497367858887,30.441009998321533,30.5277042388916,56,performance,7,kernel,20260811,nan,1.0,MEASURED,2.10.0.post4.dev20260715,2.10.0+cpu,3.2.0,r0_legacy,,
9.1.0,random_bias,5,Ascend950PR_957b,,,200,10,10,29.55904245376587,512,29.430660724639893,29.51901912689209,29.69894313812256,56,performance,7,kernel,20260811,1.0312337909151426,1.0312337909151426,MEASURED,2.10.0.post4.dev20260715,2.10.0+cpu,3.2.0,r1_constexpr,,
9.1.0,random_bias,5,Ascend950PR_957b,,,200,10,10,29.453934601375035,512,29.382058143615723,29.43650484085083,29.56879997253418,56,performance,7,kernel,20260811,1.002803127833531,1.0341244710573345,MEASURED,2.10.0.post4.dev20260715,2.10.0+cpu,3.2.0,r2_core_partition,,
9.1.0,random_bias,5,Ascend950PR_957b,,,200,10,10,29.074548653193883,512,28.961108207702637,29.09480571746826,29.12246799468994,56,performance,7,kernel,20260811,1.0117443342533619,1.0462695745050128,MEASURED,2.10.0.post4.dev20260715,2.10.0+cpu,3.2.0,r3_sort_tie,,
9.1.0,random_bias,5,Ascend950PR_957b,,,200,10,10,30.217002119336808,512,30.14384698867798,30.261685848236084,30.311652183532715,56,performance,7,kernel,20260811,0.9614403461651216,1.005925781894134,MEASURED,2.10.0.post4.dev20260715,2.10.0+cpu,3.2.0,r4_bias_hoist,,
9.1.0,random_bias,5,Ascend950PR_957b,,,200,10,10,30.0241984639849,512,29.917372226715088,30.02476453781128,30.134023666381836,56,performance,7,kernel,20260811,1.0078908632281343,1.0138634046567148,MEASURED,2.10.0.post4.dev20260715,2.10.0+cpu,3.2.0,r5_dispatch,,
9.1.0,random_bias,5,Ascend950PR_957b,,,200,10,10,29.08498661858695,512,28.95903968811035,29.11090612411499,29.20290517807007,56,performance,7,kernel,20260811,1.0313923039633337,1.0456909128329985,MEASURED,2.10.0.post4.dev20260715,2.10.0+cpu,3.2.0,r6_empirical_dispatch,,
9.1.0,random_bias,5,Ascend950PR_957b,,,200,10,10,30.384000369480678,512,30.37510871887207,30.381596088409424,30.392088890075684,56,performance,7,kernel,20260811,0.9581756679077436,1.0019555888288165,MEASURED,2.10.0.post4.dev20260715,2.10.0+cpu,3.2.0,r7_vector_tie_recovery,,
9.1.0,random_bias,5,Ascend950PR_957b,,,200,10,10,30.35930565425328,512,30.345205307006836,30.366625785827637,30.372470378875732,56,performance,7,kernel,20260811,1.0004929853809696,1.00244953828649,MEASURED,2.10.0.post4.dev20260715,2.10.0+cpu,3.2.0,r8_safe_vector_dispatch,,
9.1.0,random_bias,5,Ascend950PR_957b,,,200,10,10,30.34867286682129,512,30.341625690460205,30.34470558166504,30.359050750732422,56,performance,7,kernel,20260811,1.0007223732688262,1.0031736810362952,MEASURED,2.10.0.post4.dev20260715,2.10.0+cpu,3.2.0,r9_pair_tie_recovery,,
9.1.0,random_bias,5,Ascend950PR_957b,,,200,10,10,30.357457910265243,512,30.33799695968628,30.35750389099121,30.37738037109375,56,performance,7,kernel,20260811,0.9995784136478372,1.0027507567035214,MEASURED,2.10.0.post4.dev20260715,2.10.0+cpu,3.2.0,r10_group_rank_threshold,,
9.1.0,random_bias,5,Ascend950PR_957b,,,200,10,10,30.391783033098495,512,30.379701137542725,30.397005081176758,30.39956283569336,56,performance,7,kernel,20260811,0.9987004907200543,1.0014476727897126,MEASURED,2.10.0.post4.dev20260715,2.10.0+cpu,3.2.0,r11_packed_exact_sort,,
9.1.0,random_bias,5,Ascend950PR_957b,,,200,10,10,30.331992081233434,512,30.32517719268799,30.330345630645752,30.33751678466797,56,performance,7,kernel,20260811,1.0021977807751605,1.003648635232299,MEASURED,2.10.0.post4.dev20260715,2.10.0+cpu,3.2.0,r12_two_row_tile,,
9.1.0,random_bias,5,Ascend950PR_957b,,,200,10,10,30.359394550323486,512,30.343202590942383,30.35649061203003,30.362720012664795,56,performance,7,kernel,20260811,0.9991387350495016,1.0027842278401577,MEASURED,2.10.0.post4.dev20260715,2.10.0+cpu,3.2.0,r13_fp32_rank_reduce,,
9.1.0,random_bias,5,Ascend950PR_957b,,,200,10,10,30.3716322353908,512,30.344120025634766,30.369625091552734,30.37525224685669,56,performance,7,kernel,20260811,0.9995675126221312,1.002350536318891,MEASURED,2.10.0.post4.dev20260715,2.10.0+cpu,3.2.0,r14_priority_argmax,,
9.1.0,random_bias,5,Ascend950PR_957b,,,200,10,10,30.389748641422816,512,30.3809757232666,30.390889644622803,30.398006916046143,56,performance,7,kernel,20260811,0.9993002984342109,1.001649190079159,MEASURED,2.10.0.post4.dev20260715,2.10.0+cpu,3.2.0,r15_unique_top10_fastpath,,
9.1.0,random_bias,5,Ascend950PR_957b,,,200,10,10,30.340313570840017,512,30.33386754989624,30.341930389404297,30.345664978027344,56,performance,7,kernel,20260811,1.001613584059754,1.0032654352457362,MEASURED,2.10.0.post4.dev20260715,2.10.0+cpu,3.2.0,r16_split_unique_recovery,,
9.1.0,random_bias,5,Ascend950PR_957b,,,200,10,10,30.358592442103795,512,30.34805917739868,30.357179641723633,30.36614990234375,56,performance,7,kernel,20260811,0.9994976722969885,1.0027614672241383,MEASURED,2.10.0.post4.dev20260715,2.10.0+cpu,3.2.0,r17_parallel_priority_argmax,,
9.1.0,random_bias,5,Ascend950PR_957b,,,200,10,10,30.385471752711705,512,30.36847496032715,30.380630493164062,30.40746784210205,56,performance,7,kernel,20260811,0.9992280985924336,1.0019874342361346,MEASURED,2.10.0.post4.dev20260715,2.10.0+cpu,3.2.0,r18_hierarchical_partial_sort,,
9.1.0,random_bias,5,Ascend950PR_957b,,,200,10,10,30.43396030153547,512,30.42155170440674,30.435945987701416,30.439594745635986,56,performance,7,kernel,20260811,0.9981825603659664,1.0001663825603504,MEASURED,2.10.0.post4.dev20260715,2.10.0+cpu,3.2.0,r19_unique_id_sum,,
9.1.0,random_bias,5,Ascend950PR_957b,,,200,10,10,30.386218002864293,512,30.377578735351562,30.387699604034424,30.394309520721436,56,performance,7,kernel,20260811,1.0015876945045419,1.0017543412295689,MEASURED,2.10.0.post4.dev20260715,2.10.0+cpu,3.2.0,r20_iterative_rank1_maxarg,,
9.1.0,random_bias,5,Ascend950PR_957b,,,200,10,11,31.08940669468471,512,30.650472164154053,30.724964141845703,31.787238121032715,56,performance,7,kernel,20260811,nan,1.0,MEASURED,2.10.0.post4.dev20260715,2.10.0+cpu,3.2.0,r0_legacy,,
9.1.0,random_bias,5,Ascend950PR_957b,,,200,10,11,30.10856764657157,512,29.644134044647217,29.695146083831787,30.862698554992676,56,performance,7,kernel,20260811,1.0346796764395991,1.0346796764395991,MEASURED,2.10.0.post4.dev20260715,2.10.0+cpu,3.2.0,r1_constexpr,,
9.1.0,random_bias,5,Ascend950PR_957b,,,200,10,11,30.021486282348633,512,29.601171016693115,29.685699939727783,30.60905647277832,56,performance,7,kernel,20260811,1.000318205200591,1.035008916893588,MEASURED,2.10.0.post4.dev20260715,2.10.0+cpu,3.2.0,r2_core_partition,,
9.1.0,random_bias,5,Ascend950PR_957b,,,200,10,11,30.2091806275504,512,29.173296451568604,29.226415157318115,30.32677173614502,56,performance,7,kernel,20260811,1.0157147149226977,1.0512737869650208,MEASURED,2.10.0.post4.dev20260715,2.10.0+cpu,3.2.0,r3_sort_tie,,
9.1.0,random_bias,5,Ascend950PR_957b,,,200,10,11,31.41660520008632,512,30.402461528778076,30.49893617630005,32.327720165252686,56,performance,7,kernel,20260811,0.9582765440857974,1.007411011460829,MEASURED,2.10.0.post4.dev20260715,2.10.0+cpu,3.2.0,r4_bias_hoist,,
9.1.0,random_bias,5,Ascend950PR_957b,,,200,10,11,30.75174399784633,512,30.237351417541504,30.291714668273926,31.283454418182373,56,performance,7,kernel,20260811,1.006840864252665,1.0143025734368725,MEASURED,2.10.0.post4.dev20260715,2.10.0+cpu,3.2.0,r5_dispatch,,
9.1.0,random_bias,5,Ascend950PR_957b,,,200,10,11,29.74510703768049,512,29.100666522979736,29.2303204536438,30.29562473297119,56,performance,7,kernel,20260811,1.0363114121965713,1.051133332272982,MEASURED,2.10.0.post4.dev20260715,2.10.0+cpu,3.2.0,r6_empirical_dispatch,,
9.1.0,random_bias,5,Ascend950PR_957b,,,200,10,11,30.539234365735734,512,30.40858554840088,30.413661003112793,30.495717525482178,56,performance,7,kernel,20260811,0.961091808403208,1.0102356351871302,MEASURED,2.10.0.post4.dev20260715,2.10.0+cpu,3.2.0,r7_vector_tie_recovery,,
9.1.0,random_bias,5,Ascend950PR_957b,,,200,10,11,30.531203406197683,512,30.372012615203857,30.379009246826172,30.481204509735107,56,performance,7,kernel,20260811,1.001140648004847,1.0113879584488317,MEASURED,2.10.0.post4.dev20260715,2.10.0+cpu,3.2.0,r8_safe_vector_dispatch,,
9.1.0,random_bias,5,Ascend950PR_957b,,,200,10,11,30.493072782244003,512,30.318233966827393,30.327816009521484,30.443408489227295,56,performance,7,kernel,20260811,1.001687996171192,1.013095177450283,MEASURED,2.10.0.post4.dev20260715,2.10.0+cpu,3.2.0,r9_pair_tie_recovery,,
9.1.0,random_bias,5,Ascend950PR_957b,,,200,10,11,30.677131584712438,512,30.341125965118408,30.348124504089355,30.478618144989014,56,performance,7,kernel,20260811,0.9993308154984953,1.0124172298589842,MEASURED,2.10.0.post4.dev20260715,2.10.0+cpu,3.2.0,r10_group_rank_threshold,,
9.1.0,random_bias,5,Ascend950PR_957b,,,200,10,11,30.358295100075857,512,30.33134651184082,30.336930751800537,30.353302478790283,56,performance,7,kernel,20260811,1.0003689810409762,1.0127907926223596,MEASURED,2.10.0.post4.dev20260715,2.10.0+cpu,3.2.0,r11_packed_exact_sort,,
9.1.0,random_bias,5,Ascend950PR_957b,,,200,10,11,30.8217910357884,512,30.311734199523926,30.321435928344727,30.333609580993652,56,performance,7,kernel,20260811,1.0005110187885702,1.0133083477462805,MEASURED,2.10.0.post4.dev20260715,2.10.0+cpu,3.2.0,r12_two_row_tile,,
9.1.0,random_bias,5,Ascend950PR_957b,,,200,10,11,30.39306674684797,512,30.35518789291382,30.36545991897583,30.391961097717285,56,performance,7,kernel,20260811,0.9985501951642237,1.0118392484035854,MEASURED,2.10.0.post4.dev20260715,2.10.0+cpu,3.2.0,r13_fp32_rank_reduce,,
9.1.0,random_bias,5,Ascend950PR_957b,,,200,10,11,30.394014290400914,512,30.347620010375977,30.372979640960693,30.39210557937622,56,performance,7,kernel,20260811,0.9997524206688394,1.0115887379192237,MEASURED,2.10.0.post4.dev20260715,2.10.0+cpu,3.2.0,r14_priority_argmax,,
9.1.0,random_bias,5,Ascend950PR_957b,,,200,10,11,30.354319981166295,512,30.313600540161133,30.336039066314697,30.344289302825928,56,performance,7,kernel,20260811,1.0012177125222328,1.0128205621927375,MEASURED,2.10.0.post4.dev20260715,2.10.0+cpu,3.2.0,r15_unique_top10_fastpath,,
9.1.0,random_bias,5,Ascend950PR_957b,,,200,10,11,30.332425662449428,512,30.283870220184326,30.290210247039795,30.304449558258057,56,performance,7,kernel,20260811,1.0015129911248926,1.014352950714444,MEASURED,2.10.0.post4.dev20260715,2.10.0+cpu,3.2.0,r16_split_unique_recovery,,
9.1.0,random_bias,5,Ascend950PR_957b,,,200,10,11,30.36052874156407,512,30.32667350769043,30.332510471343994,30.350170612335205,56,performance,7,kernel,20260811,0.9986054492804293,1.0129383840771264,MEASURED,2.10.0.post4.dev20260715,2.10.0+cpu,3.2.0,r17_parallel_priority_argmax,,
9.1.0,random_bias,5,Ascend950PR_957b,,,200,10,11,30.359437806265696,512,30.323802947998047,30.32902956008911,30.33542490005493,56,performance,7,kernel,20260811,1.0001147716001921,1.013054640636363,MEASURED,2.10.0.post4.dev20260715,2.10.0+cpu,3.2.0,r18_hierarchical_partial_sort,,
9.1.0,random_bias,5,Ascend950PR_957b,,,200,10,11,30.405092239379883,512,30.35999345779419,30.366649627685547,30.376609802246094,56,performance,7,kernel,20260811,0.9987611386814916,1.0117996064285433,MEASURED,2.10.0.post4.dev20260715,2.10.0+cpu,3.2.0,r19_unique_id_sum,,
9.1.0,random_bias,5,Ascend950PR_957b,,,200,10,11,30.852650233677455,512,30.33005380630493,30.34433603286743,30.35951566696167,56,performance,7,kernel,20260811,1.0007353462865012,1.0125436295118138,MEASURED,2.10.0.post4.dev20260715,2.10.0+cpu,3.2.0,r20_iterative_rank1_maxarg,,
9.1.0,random_bias,5,Ascend950PR_957b,,,200,10,12,32.3518317086356,512,31.727450370788574,31.847350597381592,31.92704200744629,56,performance,7,kernel,20260811,nan,1.0,MEASURED,2.10.0.post4.dev20260715,2.10.0+cpu,3.2.0,r0_legacy,,
9.1.0,random_bias,5,Ascend950PR_957b,,,200,10,12,31.41796895435878,512,30.870863437652588,30.955533981323242,31.091026306152344,56,performance,7,kernel,20260811,1.0288096020762045,1.0288096020762045,MEASURED,2.10.0.post4.dev20260715,2.10.0+cpu,3.2.0,r1_constexpr,,
9.1.0,random_bias,5,Ascend950PR_957b,,,200,10,12,30.92726400920323,512,30.79463768005371,30.94956398010254,31.065834045410156,56,performance,7,kernel,20260811,1.0001928945178207,1.0290080538083264,MEASURED,2.10.0.post4.dev20260715,2.10.0+cpu,3.2.0,r2_core_partition,,
9.1.0,random_bias,5,Ascend950PR_957b,,,200,10,12,30.99354096821376,512,30.45899772644043,30.606350898742676,30.705644130706787,56,performance,7,kernel,20260811,1.0112137863966646,1.0405471303241804,MEASURED,2.10.0.post4.dev20260715,2.10.0+cpu,3.2.0,r3_sort_tie,,
9.1.0,random_bias,5,Ascend950PR_957b,,,200,10,12,32.255855969020296,512,31.62619924545288,31.73870086669922,32.17280340194702,56,performance,7,kernel,20260811,0.9643227373195787,1.003423257024246,MEASURED,2.10.0.post4.dev20260715,2.10.0+cpu,3.2.0,r4_bias_hoist,,
9.1.0,random_bias,5,Ascend950PR_957b,,,200,10,12,31.934916973114014,512,31.337876796722412,31.425645351409912,31.820880889892578,56,performance,7,kernel,20260811,1.0099617847712796,1.013419143545218,MEASURED,2.10.0.post4.dev20260715,2.10.0+cpu,3.2.0,r5_dispatch,,
9.1.0,random_bias,5,Ascend950PR_957b,,,200,10,12,31.165716307503835,512,30.504506587982178,30.655179023742676,31.112740993499756,56,performance,7,kernel,20260811,1.0251333168555468,1.0388897279874167,MEASURED,2.10.0.post4.dev20260715,2.10.0+cpu,3.2.0,r6_empirical_dispatch,,
9.1.0,random_bias,5,Ascend950PR_957b,,,200,10,12,31.090079035077775,512,30.568513870239258,30.616495609283447,30.65977191925049,56,performance,7,kernel,20260811,1.0012634827627855,1.040202347251164,MEASURED,2.10.0.post4.dev20260715,2.10.0+cpu,3.2.0,r7_vector_tie_recovery,,
9.1.0,random_bias,5,Ascend950PR_957b,,,200,10,12,31.043507031032018,512,30.564013957977295,30.586249828338623,30.61665630340576,56,performance,7,kernel,20260811,1.000988868563965,1.0412309706525231,MEASURED,2.10.0.post4.dev20260715,2.10.0+cpu,3.2.0,r8_safe_vector_dispatch,,
9.1.0,random_bias,5,Ascend950PR_957b,,,200,10,12,31.023552077157156,512,30.512636184692383,30.522770881652832,30.701881885528564,56,performance,7,kernel,20260811,1.002079724246921,1.0433964439488344,MEASURED,2.10.0.post4.dev20260715,2.10.0+cpu,3.2.0,r9_pair_tie_recovery,,
9.1.0,random_bias,5,Ascend950PR_957b,,,200,10,12,30.578323772975377,512,30.54286003112793,30.553295612335205,30.58135414123535,56,performance,7,kernel,20260811,0.9990009349214017,1.0423540229985515,MEASURED,2.10.0.post4.dev20260715,2.10.0+cpu,3.2.0,r10_group_rank_threshold,,
9.1.0,random_bias,5,Ascend950PR_957b,,,200,10,12,31.090048721858434,512,30.589319705963135,30.612986087799072,30.7316632270813,56,performance,7,kernel,20260811,0.9980501583448059,1.0403215977050497,MEASURED,2.10.0.post4.dev20260715,2.10.0+cpu,3.2.0,r11_packed_exact_sort,,
9.1.0,random_bias,5,Ascend950PR_957b,,,200,10,12,31.009035451071604,512,30.52628183364868,30.54229497909546,30.55374813079834,56,performance,7,kernel,20260811,1.002314531660178,1.042729454979705,MEASURED,2.10.0.post4.dev20260715,2.10.0+cpu,3.2.0,r12_two_row_tile,,
9.1.0,random_bias,5,Ascend950PR_957b,,,200,10,12,30.97871576036726,512,30.47791290283203,30.50657033920288,30.570136547088623,56,performance,7,kernel,20260811,1.001171047400457,1.0439505405973388,MEASURED,2.10.0.post4.dev20260715,2.10.0+cpu,3.2.0,r13_fp32_rank_reduce,,
9.1.0,random_bias,5,Ascend950PR_957b,,,200,10,12,31.02825607572283,512,30.495441436767578,30.537075996398926,30.580957889556885,56,performance,7,kernel,20260811,0.9990010288738961,1.0429076641502015,MEASURED,2.10.0.post4.dev20260715,2.10.0+cpu,3.2.0,r14_priority_argmax,,
9.1.0,random_bias,5,Ascend950PR_957b,,,200,10,12,30.68481002535139,512,30.504910469055176,30.60208559036255,30.64708375930786,56,performance,7,kernel,20260811,0.9978756482537224,1.0406921614326579,MEASURED,2.10.0.post4.dev20260715,2.10.0+cpu,3.2.0,r15_unique_top10_fastpath,,
9.1.0,random_bias,5,Ascend950PR_957b,,,200,10,12,31.012692792075022,512,30.492900371551514,30.531234741210938,31.02246618270874,56,performance,7,kernel,20260811,1.0023206021555353,1.0431071939057273,MEASURED,2.10.0.post4.dev20260715,2.10.0+cpu,3.2.0,r16_split_unique_recovery,,
9.1.0,random_bias,5,Ascend950PR_957b,,,200,10,12,31.078650951385498,512,30.462693214416504,30.499296188354492,31.015289783477783,56,performance,7,kernel,20260811,1.001047189832159,1.044199525153037,MEASURED,2.10.0.post4.dev20260715,2.10.0+cpu,3.2.0,r17_parallel_priority_argmax,,
9.1.0,random_bias,5,Ascend950PR_957b,,,200,10,12,30.65426758357457,512,30.530951499938965,30.54054021835327,30.583548545837402,56,performance,7,kernel,20260811,0.9986495317468551,1.0427893668443688,MEASURED,2.10.0.post4.dev20260715,2.10.0+cpu,3.2.0,r18_hierarchical_partial_sort,,
9.1.0,random_bias,5,Ascend950PR_957b,,,200,10,12,31.131324768066406,512,30.502301692962646,30.557715892791748,31.183138847351074,56,performance,7,kernel,20260811,0.9994379267580491,1.0422032428442747,MEASURED,2.10.0.post4.dev20260715,2.10.0+cpu,3.2.0,r19_unique_id_sum,,
9.1.0,random_bias,5,Ascend950PR_957b,,,200,10,12,31.113169533865793,512,30.495015621185303,30.538134574890137,31.154728412628174,56,performance,7,kernel,20260811,1.0006412087108199,1.0428715126420314,MEASURED,2.10.0.post4.dev20260715,2.10.0+cpu,3.2.0,r20_iterative_rank1_maxarg,,
9.1.0,random_bias,5,Ascend950PR_957b,,,200,10,13,33.19905417306082,512,33.019790172576904,33.23647499084473,33.38873481750488,56,performance,7,kernel,20260811,nan,1.0,MEASURED,2.10.0.post4.dev20260715,2.10.0+cpu,3.2.0,r0_legacy,,
9.1.0,random_bias,5,Ascend950PR_957b,,,200,10,13,32.214010102408274,512,31.907719135284424,32.2344446182251,32.46432447433472,56,performance,7,kernel,20260811,1.0310857030262928,1.0310857030262928,MEASURED,2.10.0.post4.dev20260715,2.10.0+cpu,3.2.0,r1_constexpr,,
9.1.0,random_bias,5,Ascend950PR_957b,,,200,10,13,31.90983840397426,512,31.83042860031128,31.901085376739502,31.94666624069214,56,performance,7,kernel,20260811,1.0104497774150552,1.0418603191187632,MEASURED,2.10.0.post4.dev20260715,2.10.0+cpu,3.2.0,r2_core_partition,,
9.1.0,random_bias,5,Ascend950PR_957b,,,200,10,13,31.555815083639963,512,31.41468620300293,31.578490734100342,31.773133754730225,56,performance,7,kernel,20260811,1.0102156447360167,1.0525035940034333,MEASURED,2.10.0.post4.dev20260715,2.10.0+cpu,3.2.0,r3_sort_tie,,
9.1.0,random_bias,5,Ascend950PR_957b,,,200,10,13,32.88821799414499,512,32.80406379699707,32.82113552093506,32.938392639160156,56,performance,7,kernel,20260811,0.9621388849864109,1.0126546343786533,MEASURED,2.10.0.post4.dev20260715,2.10.0+cpu,3.2.0,r4_bias_hoist,,
9.1.0,random_bias,5,Ascend950PR_957b,,,200,10,13,32.530244077954976,512,32.479562759399414,32.55127429962158,32.56216907501221,56,performance,7,kernel,20260811,1.0082903427629133,1.0210498883981052,MEASURED,2.10.0.post4.dev20260715,2.10.0+cpu,3.2.0,r5_dispatch,,
9.1.0,random_bias,5,Ascend950PR_957b,,,200,10,13,31.57627855028425,512,31.47679328918457,31.60053014755249,31.68405055999756,56,performance,7,kernel,20260811,1.0300863355022774,1.0517695379050134,MEASURED,2.10.0.post4.dev20260715,2.10.0+cpu,3.2.0,r6_empirical_dispatch,,
9.1.0,random_bias,5,Ascend950PR_957b,,,200,10,13,31.190555776868546,512,31.15300750732422,31.18907928466797,31.208829879760742,56,performance,7,kernel,20260811,1.013192145209839,1.0656446343763415,MEASURED,2.10.0.post4.dev20260715,2.10.0+cpu,3.2.0,r7_vector_tie_recovery,,
9.1.0,random_bias,5,Ascend950PR_957b,,,200,10,13,31.208019256591797,512,31.14128017425537,31.21288537979126,31.286333084106445,56,performance,7,kernel,20260811,0.9992372991207438,1.064831866276728,MEASURED,2.10.0.post4.dev20260715,2.10.0+cpu,3.2.0,r8_safe_vector_dispatch,,
9.1.0,random_bias,5,Ascend950PR_957b,,,200,10,13,31.188174997057235,512,31.11439609527588,31.16529941558838,31.208858489990234,56,performance,7,kernel,20260811,1.001526889363979,1.0664577467277718,MEASURED,2.10.0.post4.dev20260715,2.10.0+cpu,3.2.0,r9_pair_tie_recovery,,
9.1.0,random_bias,5,Ascend950PR_957b,,,200,10,13,31.265763555254257,512,31.19350242614746,31.293320655822754,31.33198833465576,56,performance,7,kernel,20260811,0.9959089915179534,1.0620948590401642,MEASURED,2.10.0.post4.dev20260715,2.10.0+cpu,3.2.0,r10_group_rank_threshold,,
9.1.0,random_bias,5,Ascend950PR_957b,,,200,10,13,31.21474266052246,512,31.013975143432617,31.224989891052246,31.434889793395996,56,performance,7,kernel,20260811,1.0021883358492323,1.0644190792954873,MEASURED,2.10.0.post4.dev20260715,2.10.0+cpu,3.2.0,r11_packed_exact_sort,,
9.1.0,random_bias,5,Ascend950PR_957b,,,200,10,13,31.235550812312535,512,31.11404275894165,31.24169111251831,31.38855791091919,56,performance,7,kernel,20260811,0.9994654187762784,1.0638500608415247,MEASURED,2.10.0.post4.dev20260715,2.10.0+cpu,3.2.0,r12_two_row_tile,,
9.1.0,random_bias,5,Ascend950PR_957b,,,200,10,13,31.281263487679617,512,31.215042114257812,31.277649402618408,31.320502758026123,56,performance,7,kernel,20260811,0.9988503519034558,1.0626270076440698,MEASURED,2.10.0.post4.dev20260715,2.10.0+cpu,3.2.0,r13_fp32_rank_reduce,,
9.1.0,random_bias,5,Ascend950PR_957b,,,200,10,13,31.27718448638916,512,31.087137699127197,31.281015872955322,31.45555067062378,56,performance,7,kernel,20260811,0.9998923797631577,1.0625126474738322,MEASURED,2.10.0.post4.dev20260715,2.10.0+cpu,3.2.0,r14_priority_argmax,,
9.1.0,random_bias,5,Ascend950PR_957b,,,200,10,13,31.342578274863108,512,31.22031831741333,31.301274299621582,31.481403350830078,56,performance,7,kernel,20260811,0.9993527922706168,1.0618249810758196,MEASURED,2.10.0.post4.dev20260715,2.10.0+cpu,3.2.0,r15_unique_top10_fastpath,,
9.1.0,random_bias,5,Ascend950PR_957b,,,200,10,13,31.335079669952393,512,31.20813226699829,31.385390758514404,31.43561601638794,56,performance,7,kernel,20260811,0.9973198849254409,1.058979167937495,MEASURED,2.10.0.post4.dev20260715,2.10.0+cpu,3.2.0,r16_split_unique_recovery,,
9.1.0,random_bias,5,Ascend950PR_957b,,,200,10,13,31.3102354322161,512,31.206013202667236,31.262824535369873,31.417969703674316,56,performance,7,kernel,20260811,1.003920510221521,1.0631309065897716,MEASURED,2.10.0.post4.dev20260715,2.10.0+cpu,3.2.0,r17_parallel_priority_argmax,,
9.1.0,random_bias,5,Ascend950PR_957b,,,200,10,13,31.375757966722762,512,31.181613445281982,31.29373550415039,31.56748867034912,56,performance,7,kernel,20260811,0.9990122314168464,1.0620807792804625,MEASURED,2.10.0.post4.dev20260715,2.10.0+cpu,3.2.0,r18_hierarchical_partial_sort,,
9.1.0,random_bias,5,Ascend950PR_957b,,,200,10,13,31.506693363189697,512,31.346224308013916,31.53425931930542,31.65269374847412,56,performance,7,kernel,20260811,0.9923726188486127,1.0539798843633281,MEASURED,2.10.0.post4.dev20260715,2.10.0+cpu,3.2.0,r19_unique_id_sum,,
9.1.0,random_bias,5,Ascend950PR_957b,,,200,10,13,31.615379878452845,512,31.410513401031494,31.628665924072266,31.7319073677063,56,performance,7,kernel,20260811,0.997015156915139,1.0508339197939036,MEASURED,2.10.0.post4.dev20260715,2.10.0+cpu,3.2.0,r20_iterative_rank1_maxarg,,
9.1.0,random_bias,5,Ascend950PR_957b,,,200,10,14,32.61564697538103,512,32.310110569000244,32.70709037780762,32.98106288909912,56,performance,7,kernel,20260811,nan,1.0,MEASURED,2.10.0.post4.dev20260715,2.10.0+cpu,3.2.0,r0_legacy,,
9.1.0,random_bias,5,Ascend950PR_957b,,,200,10,14,31.523861203874862,512,31.147948741912842,31.727094650268555,31.8121657371521,56,performance,7,kernel,20260811,1.0308882908549197,1.0308882908549197,MEASURED,2.10.0.post4.dev20260715,2.10.0+cpu,3.2.0,r1_constexpr,,
9.1.0,random_bias,5,Ascend950PR_957b,,,200,10,14,31.328319822038925,512,30.871211051940918,31.550068855285645,31.631557941436768,56,performance,7,kernel,20260811,1.005610947975895,1.036672551423866,MEASURED,2.10.0.post4.dev20260715,2.10.0+cpu,3.2.0,r2_core_partition,,
9.1.0,random_bias,5,Ascend950PR_957b,,,200,10,14,30.991952078683035,512,30.622989654541016,31.092000007629395,31.19382619857788,56,performance,7,kernel,20260811,1.0147326916101842,1.0519455284247365,MEASURED,2.10.0.post4.dev20260715,2.10.0+cpu,3.2.0,r3_sort_tie,,
9.1.0,random_bias,5,Ascend950PR_957b,,,200,10,14,32.204675333840505,512,31.873206615447998,32.39691495895386,32.44934606552124,56,performance,7,kernel,20260811,0.9597210119241983,1.0095742270289236,MEASURED,2.10.0.post4.dev20260715,2.10.0+cpu,3.2.0,r4_bias_hoist,,
9.1.0,random_bias,5,Ascend950PR_957b,,,200,10,14,31.98100975581578,512,31.59351634979248,32.21301078796387,32.31941843032837,56,performance,7,kernel,20260811,1.005709002868453,1.015337889186948,MEASURED,2.10.0.post4.dev20260715,2.10.0+cpu,3.2.0,r5_dispatch,,
9.1.0,random_bias,5,Ascend950PR_957b,,,200,10,14,30.991499423980713,512,30.49726390838623,31.232059001922607,31.315587520599365,56,performance,7,kernel,20260811,1.0314084891419062,1.0472281182548422,MEASURED,2.10.0.post4.dev20260715,2.10.0+cpu,3.2.0,r6_empirical_dispatch,,
9.1.0,random_bias,5,Ascend950PR_957b,,,200,10,14,30.841620649610245,512,30.56008243560791,30.901803970336914,31.072378158569336,56,performance,7,kernel,20260811,1.0106872411689205,1.0584200977135063,MEASURED,2.10.0.post4.dev20260715,2.10.0+cpu,3.2.0,r7_vector_tie_recovery,,
9.1.0,random_bias,5,Ascend950PR_957b,,,200,10,14,30.817979063306534,512,30.54237461090088,30.930559635162354,30.977607250213623,56,performance,7,kernel,20260811,0.9990703154044213,1.0574361008530113,MEASURED,2.10.0.post4.dev20260715,2.10.0+cpu,3.2.0,r8_safe_vector_dispatch,,
9.1.0,random_bias,5,Ascend950PR_957b,,,200,10,14,30.850511278424943,512,30.55783700942993,30.958290100097656,31.07111358642578,56,performance,7,kernel,20260811,0.9991042636771721,1.0564889169284077,MEASURED,2.10.0.post4.dev20260715,2.10.0+cpu,3.2.0,r9_pair_tie_recovery,,
9.1.0,random_bias,5,Ascend950PR_957b,,,200,10,14,30.824568612234934,512,30.5528507232666,30.883195400238037,31.0512056350708,56,performance,7,kernel,20260811,1.0024315715678513,1.0590578453405608,MEASURED,2.10.0.post4.dev20260715,2.10.0+cpu,3.2.0,r10_group_rank_threshold,,
9.1.0,random_bias,5,Ascend950PR_957b,,,200,10,14,30.82130193710327,512,30.529274940490723,30.903325080871582,31.04777240753174,56,performance,7,kernel,20260811,0.9993486241179269,1.0583680006023857,MEASURED,2.10.0.post4.dev20260715,2.10.0+cpu,3.2.0,r11_packed_exact_sort,,
9.1.0,random_bias,5,Ascend950PR_957b,,,200,10,14,30.83066327231271,512,30.554584503173828,30.86862087249756,31.04457139968872,56,performance,7,kernel,20260811,1.001124255227254,1.0595578763594211,MEASURED,2.10.0.post4.dev20260715,2.10.0+cpu,3.2.0,r12_two_row_tile,,
9.1.0,random_bias,5,Ascend950PR_957b,,,200,10,14,30.789507116590226,512,30.558048725128174,30.76143503189087,31.03861665725708,56,performance,7,kernel,20260811,1.0034844226381365,1.063249823810224,MEASURED,2.10.0.post4.dev20260715,2.10.0+cpu,3.2.0,r13_fp32_rank_reduce,,
9.1.0,random_bias,5,Ascend950PR_957b,,,200,10,14,30.810910974230087,512,30.522453784942627,30.803275108337402,31.072866916656494,56,performance,7,kernel,20260811,0.9986417003938907,1.0618056119933466,MEASURED,2.10.0.post4.dev20260715,2.10.0+cpu,3.2.0,r14_priority_argmax,,
9.1.0,random_bias,5,Ascend950PR_957b,,,200,10,14,30.83604029246739,512,30.573933124542236,30.903055667877197,31.010599613189697,56,performance,7,kernel,20260811,0.9967711749733695,1.058377227459926,MEASURED,2.10.0.post4.dev20260715,2.10.0+cpu,3.2.0,r15_unique_top10_fastpath,,
9.1.0,random_bias,5,Ascend950PR_957b,,,200,10,14,30.8830383845738,512,30.662124156951904,31.00531578063965,31.058833122253418,56,performance,7,kernel,20260811,0.9967018522408888,1.0548865429788847,MEASURED,2.10.0.post4.dev20260715,2.10.0+cpu,3.2.0,r16_split_unique_recovery,,
9.1.0,random_bias,5,Ascend950PR_957b,,,200,10,14,30.86165155683245,512,30.613323211669922,30.955195426940918,31.042951107025146,56,performance,7,kernel,20260811,1.0016191257398785,1.0565945369332732,MEASURED,2.10.0.post4.dev20260715,2.10.0+cpu,3.2.0,r17_parallel_priority_argmax,,
9.1.0,random_bias,5,Ascend950PR_957b,,,200,10,14,30.90783323560442,512,30.65050172805786,31.03865385055542,31.10170841217041,56,performance,7,kernel,20260811,0.9973111455149977,1.0537535079738112,MEASURED,2.10.0.post4.dev20260715,2.10.0+cpu,3.2.0,r18_hierarchical_partial_sort,,
9.1.0,random_bias,5,Ascend950PR_957b,,,200,10,14,30.993678910391672,512,30.722644805908203,31.050875186920166,31.23799419403076,56,performance,7,kernel,20260811,0.9996064092786057,1.053338760370436,MEASURED,2.10.0.post4.dev20260715,2.10.0+cpu,3.2.0,r19_unique_id_sum,,
9.1.0,random_bias,5,Ascend950PR_957b,,,200,10,14,31.345417499542236,512,30.901479244232178,31.145920753479004,31.195274829864502,56,performance,7,kernel,20260811,0.9969483783346421,1.0501243689883284,MEASURED,2.10.0.post4.dev20260715,2.10.0+cpu,3.2.0,r20_iterative_rank1_maxarg,,
9.1.0,random_bias,5,Ascend950PR_957b,,,200,10,15,32.05924408776419,512,31.87791681289673,31.963229179382324,32.271714210510254,56,performance,7,kernel,20260811,nan,1.0,MEASURED,2.10.0.post4.dev20260715,2.10.0+cpu,3.2.0,r0_legacy,,
9.1.0,random_bias,5,Ascend950PR_957b,,,200,10,15,31.182065350668772,512,31.11298704147339,31.219065189361572,31.295214653015137,56,performance,7,kernel,20260811,1.0238368441049395,1.0238368441049395,MEASURED,2.10.0.post4.dev20260715,2.10.0+cpu,3.2.0,r1_constexpr,,
9.1.0,random_bias,5,Ascend950PR_957b,,,200,10,15,30.98874637058803,512,30.90733766555786,30.93705415725708,31.073259353637695,56,performance,7,kernel,20260811,1.0091156394746246,1.0331697716566375,MEASURED,2.10.0.post4.dev20260715,2.10.0+cpu,3.2.0,r2_core_partition,,
9.1.0,random_bias,5,Ascend950PR_957b,,,200,10,15,30.632919243403844,512,30.472135066986084,30.650405883789062,30.784130096435547,56,performance,7,kernel,20260811,1.0093521852387484,1.0428321667442457,MEASURED,2.10.0.post4.dev20260715,2.10.0+cpu,3.2.0,r3_sort_tie,,
9.1.0,random_bias,5,Ascend950PR_957b,,,200,10,15,31.820271696363175,512,31.707077026367188,31.766695976257324,31.965232372283936,56,performance,7,kernel,20260811,0.9648597357023663,1.0061867687867787,MEASURED,2.10.0.post4.dev20260715,2.10.0+cpu,3.2.0,r4_bias_hoist,,
9.1.0,random_bias,5,Ascend950PR_957b,,,200,10,15,31.628708498818533,512,31.52358865737915,31.596953868865967,31.786266803741455,56,performance,7,kernel,20260811,1.0053721035292142,1.011592108278427,MEASURED,2.10.0.post4.dev20260715,2.10.0+cpu,3.2.0,r5_dispatch,,
9.1.0,random_bias,5,Ascend950PR_957b,,,200,10,15,30.703402587345668,512,30.557119369506836,30.676956176757812,30.829476833343506,56,performance,7,kernel,20260811,1.0299898623190389,1.0419296163287233,MEASURED,2.10.0.post4.dev20260715,2.10.0+cpu,3.2.0,r6_empirical_dispatch,,
9.1.0,random_bias,5,Ascend950PR_957b,,,200,10,15,30.498976026262557,512,30.435407161712646,30.479910373687744,30.548545837402344,56,performance,7,kernel,20260811,1.0064647763282195,1.048665458248036,MEASURED,2.10.0.post4.dev20260715,2.10.0+cpu,3.2.0,r7_vector_tie_recovery,,
9.1.0,random_bias,5,Ascend950PR_957b,,,200,10,15,30.517121723720006,512,30.48131227493286,30.510685443878174,30.547175884246826,56,performance,7,kernel,20260811,0.998991334683482,1.0476077057716708,MEASURED,2.10.0.post4.dev20260715,2.10.0+cpu,3.2.0,r8_safe_vector_dispatch,,
9.1.0,random_bias,5,Ascend950PR_957b,,,200,10,15,30.551133496420725,512,30.4876070022583,30.50971031188965,30.603307247161865,56,performance,7,kernel,20260811,1.0000319613650395,1.0476411887439732,MEASURED,2.10.0.post4.dev20260715,2.10.0+cpu,3.2.0,r9_pair_tie_recovery,,
9.1.0,random_bias,5,Ascend950PR_957b,,,200,10,15,30.477679456983292,512,30.446056842803955,30.469305515289307,30.51372480392456,56,performance,7,kernel,20260811,1.001326081967312,1.0490304468325797,MEASURED,2.10.0.post4.dev20260715,2.10.0+cpu,3.2.0,r10_group_rank_threshold,,
9.1.0,random_bias,5,Ascend950PR_957b,,,200,10,15,30.47917263848441,512,30.43873357772827,30.473439693450928,30.51912498474121,56,performance,7,kernel,20260811,0.999864335033944,1.0488881301526185,MEASURED,2.10.0.post4.dev20260715,2.10.0+cpu,3.2.0,r11_packed_exact_sort,,
9.1.0,random_bias,5,Ascend950PR_957b,,,200,10,15,30.52375861576625,512,30.474146366119385,30.491385459899902,30.51879358291626,56,performance,7,kernel,20260811,0.9994114479818381,1.048270804926791,MEASURED,2.10.0.post4.dev20260715,2.10.0+cpu,3.2.0,r12_two_row_tile,,
9.1.0,random_bias,5,Ascend950PR_957b,,,200,10,15,30.559075219290598,512,30.476072788238525,30.493099689483643,30.651089191436768,56,performance,7,kernel,20260811,0.9999437830328436,1.0482118743213795,MEASURED,2.10.0.post4.dev20260715,2.10.0+cpu,3.2.0,r13_fp32_rank_reduce,,
9.1.0,random_bias,5,Ascend950PR_957b,,,200,10,15,30.56347165788923,512,30.493610382080078,30.509190559387207,30.58551788330078,56,performance,7,kernel,20260811,0.9994725894194982,1.0476590362882547,MEASURED,2.10.0.post4.dev20260715,2.10.0+cpu,3.2.0,r14_priority_argmax,,
9.1.0,random_bias,5,Ascend950PR_957b,,,200,10,15,30.56436164038522,512,30.464375495910645,30.50029993057251,30.58258628845215,56,performance,7,kernel,20260811,1.0002914931602291,1.047964421731585,MEASURED,2.10.0.post4.dev20260715,2.10.0+cpu,3.2.0,r15_unique_top10_fastpath,,
9.1.0,random_bias,5,Ascend950PR_957b,,,200,10,15,30.56213515145438,512,30.4918155670166,30.527338981628418,30.6269474029541,56,performance,7,kernel,20260811,0.9991142676709496,1.0470362057635627,MEASURED,2.10.0.post4.dev20260715,2.10.0+cpu,3.2.0,r16_split_unique_recovery,,
9.1.0,random_bias,5,Ascend950PR_957b,,,200,10,15,30.535713945116317,512,30.471317291259766,30.513315200805664,30.54285430908203,56,performance,7,kernel,20260811,1.0004595954497393,1.047517418839444,MEASURED,2.10.0.post4.dev20260715,2.10.0+cpu,3.2.0,r17_parallel_priority_argmax,,
9.1.0,random_bias,5,Ascend950PR_957b,,,200,10,15,30.528240544455393,512,30.45879364013672,30.49783945083618,30.53155517578125,56,performance,7,kernel,20260811,1.0005074375840437,1.0480489685477037,MEASURED,2.10.0.post4.dev20260715,2.10.0+cpu,3.2.0,r18_hierarchical_partial_sort,,
9.1.0,random_bias,5,Ascend950PR_957b,,,200,10,15,30.547469684055873,512,30.464608192443848,30.493569374084473,30.589289665222168,56,performance,7,kernel,20260811,1.000140032040832,1.0481957289836614,MEASURED,2.10.0.post4.dev20260715,2.10.0+cpu,3.2.0,r19_unique_id_sum,,
9.1.0,random_bias,5,Ascend950PR_957b,,,200,10,15,30.565943377358572,512,30.472661018371582,30.565059185028076,30.636330127716064,56,performance,7,kernel,20260811,0.9976610609352714,1.0457440630456598,MEASURED,2.10.0.post4.dev20260715,2.10.0+cpu,3.2.0,r20_iterative_rank1_maxarg,,
9.1.0,random_bias,5,Ascend950PR_957b,,,200,10,16,32.02782188143049,512,31.972120761871338,32.05902576446533,32.14956712722778,56,performance,7,kernel,20260811,nan,1.0,MEASURED,2.10.0.post4.dev20260715,2.10.0+cpu,3.2.0,r0_legacy,,
9.1.0,random_bias,5,Ascend950PR_957b,,,200,10,16,31.191837787628174,512,31.185119152069092,31.199054718017578,31.2394700050354,56,performance,7,kernel,20260811,1.027564009686201,1.027564009686201,MEASURED,2.10.0.post4.dev20260715,2.10.0+cpu,3.2.0,r1_constexpr,,
9.1.0,random_bias,5,Ascend950PR_957b,,,200,10,16,31.120504311152867,512,31.062044620513916,31.09602928161621,31.22138786315918,56,performance,7,kernel,20260811,1.0033131380044806,1.030968471058729,MEASURED,2.10.0.post4.dev20260715,2.10.0+cpu,3.2.0,r2_core_partition,,
9.1.0,random_bias,5,Ascend950PR_957b,,,200,10,16,30.764899935041154,512,30.688470363616943,30.748000144958496,30.83818531036377,56,performance,7,kernel,20260811,1.0113187568302642,1.042637752482312,MEASURED,2.10.0.post4.dev20260715,2.10.0+cpu,3.2.0,r3_sort_tie,,
9.1.0,random_bias,5,Ascend950PR_957b,,,200,10,16,31.86513798577445,512,31.76991367340088,31.846466064453125,31.98925495147705,56,performance,7,kernel,20260811,0.9655074469716207,1.0066745145154259,MEASURED,2.10.0.post4.dev20260715,2.10.0+cpu,3.2.0,r4_bias_hoist,,
9.1.0,random_bias,5,Ascend950PR_957b,,,200,10,16,31.64290428161621,512,31.51010799407959,31.55566930770874,31.78700065612793,56,performance,7,kernel,20260811,1.0092153569588,1.0159513795080122,MEASURED,2.10.0.post4.dev20260715,2.10.0+cpu,3.2.0,r5_dispatch,,
9.1.0,random_bias,5,Ascend950PR_957b,,,200,10,16,30.782412801470077,512,30.64387083053589,30.743606090545654,30.859567165374756,56,performance,7,kernel,20260811,1.0264140522348422,1.0427867723143966,MEASURED,2.10.0.post4.dev20260715,2.10.0+cpu,3.2.0,r6_empirical_dispatch,,
9.1.0,random_bias,5,Ascend950PR_957b,,,200,10,16,30.532475199018204,512,30.463706493377686,30.510830879211426,30.615505695343018,56,performance,7,kernel,20260811,1.0076292649077883,1.0507424688427207,MEASURED,2.10.0.post4.dev20260715,2.10.0+cpu,3.2.0,r7_vector_tie_recovery,,
9.1.0,random_bias,5,Ascend950PR_957b,,,200,10,16,30.534894125802175,512,30.493080139160156,30.50595998764038,30.576429843902588,56,performance,7,kernel,20260811,1.0001596701619295,1.0509102410628672,MEASURED,2.10.0.post4.dev20260715,2.10.0+cpu,3.2.0,r8_safe_vector_dispatch,,
9.1.0,random_bias,5,Ascend950PR_957b,,,200,10,16,30.55321148463658,512,30.492700576782227,30.512900352478027,30.587506771087646,56,performance,7,kernel,20260811,0.9997725432601466,1.0506712044455564,MEASURED,2.10.0.post4.dev20260715,2.10.0+cpu,3.2.0,r9_pair_tie_recovery,,
9.1.0,random_bias,5,Ascend950PR_957b,,,200,10,16,30.562515599387034,512,30.521621704101562,30.531654357910156,30.56488847732544,56,performance,7,kernel,20260811,0.9993857520718569,1.0500258318350661,MEASURED,2.10.0.post4.dev20260715,2.10.0+cpu,3.2.0,r10_group_rank_threshold,,
9.1.0,random_bias,5,Ascend950PR_957b,,,200,10,16,30.490798268999374,512,30.479310512542725,30.491139888763428,30.500319004058838,56,performance,7,kernel,20260811,1.0013287292405115,1.051421031861118,MEASURED,2.10.0.post4.dev20260715,2.10.0+cpu,3.2.0,r11_packed_exact_sort,,
9.1.0,random_bias,5,Ascend950PR_957b,,,200,10,16,30.498362609318324,512,30.466508388519287,30.496039390563965,30.5118670463562,56,performance,7,kernel,20260811,0.9998393397339966,1.0512521102784576,MEASURED,2.10.0.post4.dev20260715,2.10.0+cpu,3.2.0,r12_two_row_tile,,
9.1.0,random_bias,5,Ascend950PR_957b,,,200,10,16,30.512541702815465,512,30.4790620803833,30.492959022521973,30.52077054977417,56,performance,7,kernel,20260811,1.0001010189939166,1.0513583067089904,MEASURED,2.10.0.post4.dev20260715,2.10.0+cpu,3.2.0,r13_fp32_rank_reduce,,
9.1.0,random_bias,5,Ascend950PR_957b,,,200,10,16,30.5124602999006,512,30.476033210754395,30.507326126098633,30.537880897521973,56,performance,7,kernel,20260811,0.9995290605437764,1.0508631805997328,MEASURED,2.10.0.post4.dev20260715,2.10.0+cpu,3.2.0,r14_priority_argmax,,
9.1.0,random_bias,5,Ascend950PR_957b,,,200,10,16,30.496321746281215,512,30.469861030578613,30.484695434570312,30.529831409454346,56,performance,7,kernel,20260811,1.0007423623954812,1.0516433019078057,MEASURED,2.10.0.post4.dev20260715,2.10.0+cpu,3.2.0,r15_unique_top10_fastpath,,
9.1.0,random_bias,5,Ascend950PR_957b,,,200,10,16,30.525973524366105,512,30.4856858253479,30.523855686187744,30.557365894317627,56,performance,7,kernel,20260811,0.9987170607796069,1.0502941074699244,MEASURED,2.10.0.post4.dev20260715,2.10.0+cpu,3.2.0,r16_split_unique_recovery,,
9.1.0,random_bias,5,Ascend950PR_957b,,,200,10,16,30.509433065141952,512,30.48542070388794,30.50098419189453,30.529849529266357,56,performance,7,kernel,20260811,1.0007498608618437,1.051081681914541,MEASURED,2.10.0.post4.dev20260715,2.10.0+cpu,3.2.0,r17_parallel_priority_argmax,,
9.1.0,random_bias,5,Ascend950PR_957b,,,200,10,16,30.57770115988595,512,30.53550100326538,30.580244064331055,30.620983123779297,56,performance,7,kernel,20260811,0.9974081347333336,1.0483574198107573,MEASURED,2.10.0.post4.dev20260715,2.10.0+cpu,3.2.0,r18_hierarchical_partial_sort,,
9.1.0,random_bias,5,Ascend950PR_957b,,,200,10,16,30.59110403060913,512,30.546522617340088,30.5825138092041,30.62062692642212,56,performance,7,kernel,20260811,0.9999257829200304,1.0482796137842947,MEASURED,2.10.0.post4.dev20260715,2.10.0+cpu,3.2.0,r19_unique_id_sum,,
9.1.0,random_bias,5,Ascend950PR_957b,,,200,10,16,30.60955490384783,512,30.56377410888672,30.601658821105957,30.633270263671875,56,performance,7,kernel,20260811,0.9993743799310432,1.0476237890200328,MEASURED,2.10.0.post4.dev20260715,2.10.0+cpu,3.2.0,r20_iterative_rank1_maxarg,,
9.1.0,random_bias,5,Ascend950PR_957b,,,200,10,17,32.37104075295584,512,32.11188220977783,32.359089851379395,32.659446239471436,56,performance,7,kernel,20260811,nan,1.0,MEASURED,2.10.0.post4.dev20260715,2.10.0+cpu,3.2.0,r0_legacy,,
9.1.0,random_bias,5,Ascend950PR_957b,,,200,10,17,31.470423766544886,512,31.394498348236084,31.418240070343018,31.564047813415527,56,performance,7,kernel,20260811,1.0299459733877483,1.0299459733877483,MEASURED,2.10.0.post4.dev20260715,2.10.0+cpu,3.2.0,r1_constexpr,,
9.1.0,random_bias,5,Ascend950PR_957b,,,200,10,17,31.189872877938406,512,31.07674741744995,31.18204116821289,31.27904987335205,56,performance,7,kernel,20260811,1.007574837736117,1.0377476470131273,MEASURED,2.10.0.post4.dev20260715,2.10.0+cpu,3.2.0,r2_core_partition,,
9.1.0,random_bias,5,Ascend950PR_957b,,,200,10,17,30.689835207802908,512,30.592345714569092,30.703444480895996,30.734743118286133,56,performance,7,kernel,20260811,1.0155877197301,1.0539237664853387,MEASURED,2.10.0.post4.dev20260715,2.10.0+cpu,3.2.0,r3_sort_tie,,
9.1.0,random_bias,5,Ascend950PR_957b,,,200,10,17,31.86539581843785,512,31.819040775299072,31.876699924468994,31.90924835205078,56,performance,7,kernel,20260811,0.9631939489861562,1.015132994571377,MEASURED,2.10.0.post4.dev20260715,2.10.0+cpu,3.2.0,r4_bias_hoist,,
9.1.0,random_bias,5,Ascend950PR_957b,,,200,10,17,31.835660934448242,512,31.76173162460327,31.860549449920654,31.95290470123291,56,performance,7,kernel,20260811,1.0005069113630236,1.0156475770213054,MEASURED,2.10.0.post4.dev20260715,2.10.0+cpu,3.2.0,r5_dispatch,,
9.1.0,random_bias,5,Ascend950PR_957b,,,200,10,17,30.76711961201259,512,30.663196086883545,30.77308416366577,30.867557525634766,56,performance,7,kernel,20260811,1.0353381962130033,1.0515387303813455,MEASURED,2.10.0.post4.dev20260715,2.10.0+cpu,3.2.0,r6_empirical_dispatch,,
9.1.0,random_bias,5,Ascend950PR_957b,,,200,10,17,30.543269429888046,512,30.498554229736328,30.507569313049316,30.542409420013428,56,performance,7,kernel,20260811,1.0087032450173894,1.0606905295971287,MEASURED,2.10.0.post4.dev20260715,2.10.0+cpu,3.2.0,r7_vector_tie_recovery,,
9.1.0,random_bias,5,Ascend950PR_957b,,,200,10,17,30.570395674024308,512,30.54308843612671,30.561749935150146,30.56693410873413,56,performance,7,kernel,20260811,0.9982271754001064,1.0588101113333848,MEASURED,2.10.0.post4.dev20260715,2.10.0+cpu,3.2.0,r8_safe_vector_dispatch,,
9.1.0,random_bias,5,Ascend950PR_957b,,,200,10,17,30.56132963725499,512,30.526557445526123,30.559279918670654,30.597895622253418,56,performance,7,kernel,20260811,1.0000808270510977,1.0588956918323562,MEASURED,2.10.0.post4.dev20260715,2.10.0+cpu,3.2.0,r9_pair_tie_recovery,,
9.1.0,random_bias,5,Ascend950PR_957b,,,200,10,17,30.558577605656215,512,30.526365280151367,30.535619258880615,30.580140590667725,56,performance,7,kernel,20260811,1.000774854427855,1.0597161818478091,MEASURED,2.10.0.post4.dev20260715,2.10.0+cpu,3.2.0,r10_group_rank_threshold,,
9.1.0,random_bias,5,Ascend950PR_957b,,,200,10,17,30.531447955540248,512,30.501134872436523,30.521905422210693,30.540374279022217,56,performance,7,kernel,20260811,1.0004493112890633,1.0601923242915166,MEASURED,2.10.0.post4.dev20260715,2.10.0+cpu,3.2.0,r11_packed_exact_sort,,
9.1.0,random_bias,5,Ascend950PR_957b,,,200,10,17,30.54405927658081,512,30.509907245635986,30.520875453948975,30.55116033554077,56,performance,7,kernel,20260811,1.000033746353812,1.0602281019168007,MEASURED,2.10.0.post4.dev20260715,2.10.0+cpu,3.2.0,r12_two_row_tile,,
9.1.0,random_bias,5,Ascend950PR_957b,,,200,10,17,30.568734577723912,512,30.539002895355225,30.5861759185791,30.592889308929443,56,performance,7,kernel,20260811,0.9978650333796563,1.057964550309258,MEASURED,2.10.0.post4.dev20260715,2.10.0+cpu,3.2.0,r13_fp32_rank_reduce,,
9.1.0,random_bias,5,Ascend950PR_957b,,,200,10,17,30.58476890836443,512,30.52877902984619,30.59345006942749,30.635584831237793,56,performance,7,kernel,20260811,0.9997622317577167,1.0577129999377328,MEASURED,2.10.0.post4.dev20260715,2.10.0+cpu,3.2.0,r14_priority_argmax,,
9.1.0,random_bias,5,Ascend950PR_957b,,,200,10,17,30.58002267565046,512,30.531755447387695,30.560925006866455,30.635173797607422,56,performance,7,kernel,20260811,1.0010642695714782,1.0588386916989236,MEASURED,2.10.0.post4.dev20260715,2.10.0+cpu,3.2.0,r15_unique_top10_fastpath,,
9.1.0,random_bias,5,Ascend950PR_957b,,,200,10,17,30.586967127663748,512,30.549150466918945,30.589230060577393,30.614695072174072,56,performance,7,kernel,20260811,0.9990746725676036,1.057858919211012,MEASURED,2.10.0.post4.dev20260715,2.10.0+cpu,3.2.0,r16_split_unique_recovery,,
9.1.0,random_bias,5,Ascend950PR_957b,,,200,10,17,30.585915361131942,512,30.54676628112793,30.566575527191162,30.601741313934326,56,performance,7,kernel,20260811,1.000741153792844,1.0586429553612788,MEASURED,2.10.0.post4.dev20260715,2.10.0+cpu,3.2.0,r17_parallel_priority_argmax,,
9.1.0,random_bias,5,Ascend950PR_957b,,,200,10,17,30.532361439296178,512,30.493902683258057,30.512189865112305,30.556294441223145,56,performance,7,kernel,20260811,1.0017824240842523,1.060529906061539,MEASURED,2.10.0.post4.dev20260715,2.10.0+cpu,3.2.0,r18_hierarchical_partial_sort,,
9.1.0,random_bias,5,Ascend950PR_957b,,,200,10,17,30.601841722215926,512,30.5744686126709,30.596120357513428,30.638055324554443,56,performance,7,kernel,20260811,0.9972568256556582,1.0576206876318237,MEASURED,2.10.0.post4.dev20260715,2.10.0+cpu,3.2.0,r19_unique_id_sum,,
9.1.0,random_bias,5,Ascend950PR_957b,,,200,10,17,30.603463309151785,512,30.572038650512695,30.58109998703003,30.65471124649048,56,performance,7,kernel,20260811,1.0004911651474202,1.058140154052779,MEASURED,2.10.0.post4.dev20260715,2.10.0+cpu,3.2.0,r20_iterative_rank1_maxarg,,
9.1.0,random_bias,5,Ascend950PR_957b,,,200,10,18,32.09747076034546,512,31.929845809936523,32.10721969604492,32.270474910736084,56,performance,7,kernel,20260811,nan,1.0,MEASURED,2.10.0.post4.dev20260715,2.10.0+cpu,3.2.0,r0_legacy,,
9.1.0,random_bias,5,Ascend950PR_957b,,,200,10,18,31.125590801239014,512,31.051178455352783,31.14438533782959,31.209840774536133,56,performance,7,kernel,20260811,1.0309151825528509,1.0309151825528509,MEASURED,2.10.0.post4.dev20260715,2.10.0+cpu,3.2.0,r1_constexpr,,
9.1.0,random_bias,5,Ascend950PR_957b,,,200,10,18,31.022331714630127,512,30.94365167617798,31.051785945892334,31.087563037872314,56,performance,7,kernel,20260811,1.002982095525797,1.033989470106218,MEASURED,2.10.0.post4.dev20260715,2.10.0+cpu,3.2.0,r2_core_partition,,
9.1.0,random_bias,5,Ascend950PR_957b,,,200,10,18,30.573985236031668,512,30.528600692749023,30.550720691680908,30.6711688041687,56,performance,7,kernel,20260811,1.0164010944052089,1.050948029019422,MEASURED,2.10.0.post4.dev20260715,2.10.0+cpu,3.2.0,r3_sort_tie,,
9.1.0,random_bias,5,Ascend950PR_957b,,,200,10,18,31.76745789391654,512,31.70999002456665,31.781864166259766,31.8740496635437,56,performance,7,kernel,20260811,0.9612627041592525,1.010237144306046,MEASURED,2.10.0.post4.dev20260715,2.10.0+cpu,3.2.0,r4_bias_hoist,,
9.1.0,random_bias,5,Ascend950PR_957b,,,200,10,18,31.575965881347656,512,31.494516849517822,31.553475856781006,31.688368320465088,56,performance,7,kernel,20260811,1.0072381347308739,1.0175493768666666,MEASURED,2.10.0.post4.dev20260715,2.10.0+cpu,3.2.0,r5_dispatch,,
9.1.0,random_bias,5,Ascend950PR_957b,,,200,10,18,30.622439043862478,512,30.545586585998535,30.650765895843506,30.69899606704712,56,performance,7,kernel,20260811,1.029451465063061,1.0475176967893949,MEASURED,2.10.0.post4.dev20260715,2.10.0+cpu,3.2.0,r6_empirical_dispatch,,
9.1.0,random_bias,5,Ascend950PR_957b,,,200,10,18,30.568508080073766,512,30.543134689331055,30.5580997467041,30.5773663520813,56,performance,7,kernel,20260811,1.0030324578395748,1.0506942500411174,MEASURED,2.10.0.post4.dev20260715,2.10.0+cpu,3.2.0,r7_vector_tie_recovery,,
9.1.0,random_bias,5,Ascend950PR_957b,,,200,10,18,30.552866799490793,512,30.52534246444702,30.547664165496826,30.588661193847656,56,performance,7,kernel,20260811,1.0003416163393293,1.0510531843645705,MEASURED,2.10.0.post4.dev20260715,2.10.0+cpu,3.2.0,r8_safe_vector_dispatch,,
9.1.0,random_bias,5,Ascend950PR_957b,,,200,10,18,30.538622992379324,512,30.51295757293701,30.522220134735107,30.54699993133545,56,performance,7,kernel,20260811,1.0008336231980963,1.05192936668149,MEASURED,2.10.0.post4.dev20260715,2.10.0+cpu,3.2.0,r9_pair_tie_recovery,,
9.1.0,random_bias,5,Ascend950PR_957b,,,200,10,18,30.61824423926217,512,30.596067905426025,30.6015944480896,30.63994264602661,56,performance,7,kernel,20260811,0.9974062033437788,1.0492008758076106,MEASURED,2.10.0.post4.dev20260715,2.10.0+cpu,3.2.0,r10_group_rank_threshold,,
9.1.0,random_bias,5,Ascend950PR_957b,,,200,10,18,30.54593120302473,512,30.527228355407715,30.532410144805908,30.567974090576172,56,performance,7,kernel,20260811,1.0022659299726282,1.0515782915194107,MEASURED,2.10.0.post4.dev20260715,2.10.0+cpu,3.2.0,r11_packed_exact_sort,,
9.1.0,random_bias,5,Ascend950PR_957b,,,200,10,18,30.574468203953334,512,30.559200763702393,30.565121173858643,30.574275016784668,56,performance,7,kernel,20260811,0.9989297922665947,1.0504528842995455,MEASURED,2.10.0.post4.dev20260715,2.10.0+cpu,3.2.0,r12_two_row_tile,,
9.1.0,random_bias,5,Ascend950PR_957b,,,200,10,18,30.567315987178258,512,30.537424564361572,30.550429821014404,30.59975528717041,56,performance,7,kernel,20260811,1.0004808885809564,1.050958035096438,MEASURED,2.10.0.post4.dev20260715,2.10.0+cpu,3.2.0,r13_fp32_rank_reduce,,
9.1.0,random_bias,5,Ascend950PR_957b,,,200,10,18,30.55396352495466,512,30.54666233062744,30.55417537689209,30.568177223205566,56,performance,7,kernel,20260811,0.9998774126340677,1.0508292009192102,MEASURED,2.10.0.post4.dev20260715,2.10.0+cpu,3.2.0,r14_priority_argmax,,
9.1.0,random_bias,5,Ascend950PR_957b,,,200,10,18,30.54844856262207,512,30.52788782119751,30.549581050872803,30.571373462677002,56,performance,7,kernel,20260811,1.0001503891661112,1.0509872342464617,MEASURED,2.10.0.post4.dev20260715,2.10.0+cpu,3.2.0,r15_unique_top10_fastpath,,
9.1.0,random_bias,5,Ascend950PR_957b,,,200,10,18,30.615337576184952,512,30.574038982391357,30.596845149993896,30.66249704360962,56,performance,7,kernel,20260811,0.9984552623354012,1.0493637346807085,MEASURED,2.10.0.post4.dev20260715,2.10.0+cpu,3.2.0,r16_split_unique_recovery,,
9.1.0,random_bias,5,Ascend950PR_957b,,,200,10,18,30.57588713509696,512,30.56297206878662,30.574195384979248,30.596674919128418,56,performance,7,kernel,20260811,1.000740813118038,1.0501411171009534,MEASURED,2.10.0.post4.dev20260715,2.10.0+cpu,3.2.0,r17_parallel_priority_argmax,,
9.1.0,random_bias,5,Ascend950PR_957b,,,200,10,18,30.66906997135707,512,30.613707065582275,30.633134841918945,30.655381679534912,56,performance,7,kernel,20260811,0.9980759573826233,1.0481206008373916,MEASURED,2.10.0.post4.dev20260715,2.10.0+cpu,3.2.0,r18_hierarchical_partial_sort,,
9.1.0,random_bias,5,Ascend950PR_957b,,,200,10,18,30.64687865121024,512,30.589581966400146,30.594205856323242,30.719161987304688,56,performance,7,kernel,20260811,1.0012724300077773,1.0494542609416668,MEASURED,2.10.0.post4.dev20260715,2.10.0+cpu,3.2.0,r19_unique_id_sum,,
9.1.0,random_bias,5,Ascend950PR_957b,,,200,10,18,30.640684536525182,512,30.625630378723145,30.63727617263794,30.662526607513428,56,performance,7,kernel,20260811,0.9985941858515097,1.0479789232934416,MEASURED,2.10.0.post4.dev20260715,2.10.0+cpu,3.2.0,r20_iterative_rank1_maxarg,,
9.1.0,random_bias,5,Ascend950PR_957b,,,200,10,19,32.261711188725066,512,32.14278984069824,32.23706007003784,32.386510372161865,56,performance,7,kernel,20260811,nan,1.0,MEASURED,2.10.0.post4.dev20260715,2.10.0+cpu,3.2.0,r0_legacy,,
9.1.0,random_bias,5,Ascend950PR_957b,,,200,10,19,31.255194119044713,512,31.207790851593018,31.286466121673584,31.344857215881348,56,performance,7,kernel,20260811,1.0303835512987431,1.0303835512987431,MEASURED,2.10.0.post4.dev20260715,2.10.0+cpu,3.2.0,r1_constexpr,,
9.1.0,random_bias,5,Ascend950PR_957b,,,200,10,19,31.222007955823624,512,31.167339324951172,31.196119785308838,31.27723455429077,56,performance,7,kernel,20260811,1.002896076082106,1.0333676204570548,MEASURED,2.10.0.post4.dev20260715,2.10.0+cpu,3.2.0,r2_core_partition,,
9.1.0,random_bias,5,Ascend950PR_957b,,,200,10,19,30.723027842385427,512,30.64460277557373,30.705056190490723,30.775702476501465,56,performance,7,kernel,20260811,1.0159929228519111,1.0498941890886875,MEASURED,2.10.0.post4.dev20260715,2.10.0+cpu,3.2.0,r3_sort_tie,,
9.1.0,random_bias,5,Ascend950PR_957b,,,200,10,19,31.93213905606951,512,31.850096225738525,31.92882537841797,32.07902765274048,56,performance,7,kernel,20260811,0.9616719633928518,1.0096538061756641,MEASURED,2.10.0.post4.dev20260715,2.10.0+cpu,3.2.0,r4_bias_hoist,,
9.1.0,random_bias,5,Ascend950PR_957b,,,200,10,19,31.62623337336949,512,31.48925256729126,31.5902042388916,31.767751693725586,56,performance,7,kernel,20260811,1.0107191817110661,1.0204764687893304,MEASURED,2.10.0.post4.dev20260715,2.10.0+cpu,3.2.0,r5_dispatch,,
9.1.0,random_bias,5,Ascend950PR_957b,,,200,10,19,30.763489859444753,512,30.666502952575684,30.78352451324463,30.843074321746826,56,performance,7,kernel,20260811,1.0262049176760089,1.047217970644259,MEASURED,2.10.0.post4.dev20260715,2.10.0+cpu,3.2.0,r6_empirical_dispatch,,
9.1.0,random_bias,5,Ascend950PR_957b,,,200,10,19,30.586821351732528,512,30.55409336090088,30.56328058242798,30.617075443267822,56,performance,7,kernel,20260811,1.0072061613354188,1.0547643922940715,MEASURED,2.10.0.post4.dev20260715,2.10.0+cpu,3.2.0,r7_vector_tie_recovery,,
9.1.0,random_bias,5,Ascend950PR_957b,,,200,10,19,30.608843054090226,512,30.57132577896118,30.59260606765747,30.648431301116943,56,performance,7,kernel,20260811,0.9990414191859093,1.0537533153842322,MEASURED,2.10.0.post4.dev20260715,2.10.0+cpu,3.2.0,r8_safe_vector_dispatch,,
9.1.0,random_bias,5,Ascend950PR_957b,,,200,10,19,30.657922880990164,512,30.626868724822998,30.6606388092041,30.683310985565186,56,performance,7,kernel,20260811,0.9977811048892364,1.0514151473047753,MEASURED,2.10.0.post4.dev20260715,2.10.0+cpu,3.2.0,r9_pair_tie_recovery,,
9.1.0,random_bias,5,Ascend950PR_957b,,,200,10,19,30.648098673139298,512,30.60164165496826,30.61929941177368,30.710140705108643,56,performance,7,kernel,20260811,1.0013501091868393,1.0528346725543336,MEASURED,2.10.0.post4.dev20260715,2.10.0+cpu,3.2.0,r10_group_rank_threshold,,
9.1.0,random_bias,5,Ascend950PR_957b,,,200,10,19,30.626956394740514,512,30.570072174072266,30.59048891067505,30.62553882598877,56,performance,7,kernel,20260811,1.0009418123777871,1.0538262452807086,MEASURED,2.10.0.post4.dev20260715,2.10.0+cpu,3.2.0,r11_packed_exact_sort,,
9.1.0,random_bias,5,Ascend950PR_957b,,,200,10,19,30.660920483725413,512,30.60655403137207,30.632424354553223,30.715923309326172,56,performance,7,kernel,20260811,0.9986310112646393,1.052383569021892,MEASURED,2.10.0.post4.dev20260715,2.10.0+cpu,3.2.0,r12_two_row_tile,,
9.1.0,random_bias,5,Ascend950PR_957b,,,200,10,19,30.65349578857422,512,30.589879512786865,30.618610382080078,30.69953966140747,56,performance,7,kernel,20260811,1.000451162619752,1.0528583651498757,MEASURED,2.10.0.post4.dev20260715,2.10.0+cpu,3.2.0,r13_fp32_rank_reduce,,
9.1.0,random_bias,5,Ascend950PR_957b,,,200,10,19,30.639492443629674,512,30.5854434967041,30.627634525299072,30.697102069854736,56,performance,7,kernel,20260811,0.9997053594455184,1.0525481503773773,MEASURED,2.10.0.post4.dev20260715,2.10.0+cpu,3.2.0,r14_priority_argmax,,
9.1.0,random_bias,5,Ascend950PR_957b,,,200,10,19,30.604259967803955,512,30.564594745635986,30.59175968170166,30.632585525512695,56,performance,7,kernel,20260811,1.0011726963068055,1.0537824697060598,MEASURED,2.10.0.post4.dev20260715,2.10.0+cpu,3.2.0,r15_unique_top10_fastpath,,
9.1.0,random_bias,5,Ascend950PR_957b,,,200,10,19,30.66067627498082,512,30.579566955566406,30.647521018981934,30.72377872467041,56,performance,7,kernel,20260811,0.9981805596202793,1.0518651753292347,MEASURED,2.10.0.post4.dev20260715,2.10.0+cpu,3.2.0,r16_split_unique_recovery,,
9.1.0,random_bias,5,Ascend950PR_957b,,,200,10,19,30.702130794525146,512,30.6131854057312,30.653045177459717,30.80165719985962,56,performance,7,kernel,20260811,0.9998197843494568,1.0516756127623792,MEASURED,2.10.0.post4.dev20260715,2.10.0+cpu,3.2.0,r17_parallel_priority_argmax,,
9.1.0,random_bias,5,Ascend950PR_957b,,,200,10,19,30.726902144295828,512,30.60044240951538,30.624330043792725,30.77507257461548,56,performance,7,kernel,20260811,1.0009376575300073,1.0526617243198109,MEASURED,2.10.0.post4.dev20260715,2.10.0+cpu,3.2.0,r18_hierarchical_partial_sort,,
9.1.0,random_bias,5,Ascend950PR_957b,,,200,10,19,30.713199547358922,512,30.61567497253418,30.702695846557617,30.793467044830322,56,performance,7,kernel,20260811,0.9974475921216645,1.0499749022414349,MEASURED,2.10.0.post4.dev20260715,2.10.0+cpu,3.2.0,r19_unique_id_sum,,
9.1.0,random_bias,5,Ascend950PR_957b,,,200,10,19,30.72979211807251,512,30.634416580200195,30.681869983673096,30.82580280303955,56,performance,7,kernel,20260811,1.0006787677183824,1.050687591310188,MEASURED,2.10.0.post4.dev20260715,2.10.0+cpu,3.2.0,r20_iterative_rank1_maxarg,,
9.1.0,random_bias,5,Ascend950PR_957b,,,200,10,20,32.44689668927874,512,32.336222648620605,32.42263078689575,32.48859262466431,56,performance,7,kernel,20260811,nan,1.0,MEASURED,2.10.0.post4.dev20260715,2.10.0+cpu,3.2.0,r0_legacy,,
9.1.0,random_bias,5,Ascend950PR_957b,,,200,10,20,31.554306234632218,512,31.35576057434082,31.621503829956055,31.68953037261963,56,performance,7,kernel,20260811,1.0253348784816732,1.0253348784816732,MEASURED,2.10.0.post4.dev20260715,2.10.0+cpu,3.2.0,r1_constexpr,,
9.1.0,random_bias,5,Ascend950PR_957b,,,200,10,20,31.313251427241735,512,31.209110736846924,31.29012107849121,31.417163848876953,56,performance,7,kernel,20260811,1.0105906509800193,1.036193842317313,MEASURED,2.10.0.post4.dev20260715,2.10.0+cpu,3.2.0,r2_core_partition,,
9.1.0,random_bias,5,Ascend950PR_957b,,,200,10,20,30.91644423348563,512,30.8052978515625,30.882420539855957,31.066394805908203,56,performance,7,kernel,20260811,1.0132017028299025,1.049873365497761,MEASURED,2.10.0.post4.dev20260715,2.10.0+cpu,3.2.0,r3_sort_tie,,
9.1.0,random_bias,5,Ascend950PR_957b,,,200,10,20,32.05399377005441,512,31.941699504852295,32.02120065689087,32.14067554473877,56,performance,7,kernel,20260811,0.9644366827703617,1.0125363859496161,MEASURED,2.10.0.post4.dev20260715,2.10.0+cpu,3.2.0,r4_bias_hoist,,
9.1.0,random_bias,5,Ascend950PR_957b,,,200,10,20,31.811401844024658,512,31.673131465911865,31.76244020462036,32.00458478927612,56,performance,7,kernel,20260811,1.008146743468182,1.0207852601381475,MEASURED,2.10.0.post4.dev20260715,2.10.0+cpu,3.2.0,r5_dispatch,,
9.1.0,random_bias,5,Ascend950PR_957b,,,200,10,20,30.813687869480678,512,30.71769094467163,30.82047462463379,30.938066959381104,56,performance,7,kernel,20260811,1.0305629809877648,1.0519835006363403,MEASURED,2.10.0.post4.dev20260715,2.10.0+cpu,3.2.0,r6_empirical_dispatch,,
9.1.0,random_bias,5,Ascend950PR_957b,,,200,10,20,30.63086986541748,512,30.61033821105957,30.630645751953125,30.656009197235107,56,performance,7,kernel,20260811,1.006197351313384,1.058503011965667,MEASURED,2.10.0.post4.dev20260715,2.10.0+cpu,3.2.0,r7_vector_tie_recovery,,
9.1.0,random_bias,5,Ascend950PR_957b,,,200,10,20,30.622706072671072,512,30.603944778442383,30.63081979751587,30.63460350036621,56,performance,7,kernel,20260811,0.9999943179593659,1.0584969975085419,MEASURED,2.10.0.post4.dev20260715,2.10.0+cpu,3.2.0,r8_safe_vector_dispatch,,
9.1.0,random_bias,5,Ascend950PR_957b,,,200,10,20,30.678771563938685,512,30.648083209991455,30.670061111450195,30.677120208740234,56,performance,7,kernel,20260811,0.9987205335590389,1.0571426861223716,MEASURED,2.10.0.post4.dev20260715,2.10.0+cpu,3.2.0,r9_pair_tie_recovery,,
9.1.0,random_bias,5,Ascend950PR_957b,,,200,10,20,30.650322777884348,512,30.603900909423828,30.639569759368896,30.700284481048584,56,performance,7,kernel,20260811,1.0009951625404914,1.058194714923555,MEASURED,2.10.0.post4.dev20260715,2.10.0+cpu,3.2.0,r10_group_rank_threshold,,
9.1.0,random_bias,5,Ascend950PR_957b,,,200,10,20,30.63115324292864,512,30.605300903320312,30.62058925628662,30.62952947616577,56,performance,7,kernel,20260811,1.000619860804226,1.0588506483505753,MEASURED,2.10.0.post4.dev20260715,2.10.0+cpu,3.2.0,r11_packed_exact_sort,,
9.1.0,random_bias,5,Ascend950PR_957b,,,200,10,20,30.65607922417777,512,30.61261558532715,30.61889410018921,30.68268585205078,56,performance,7,kernel,20260811,1.0000553630739197,1.0589092695772901,MEASURED,2.10.0.post4.dev20260715,2.10.0+cpu,3.2.0,r12_two_row_tile,,
9.1.0,random_bias,5,Ascend950PR_957b,,,200,10,20,30.63300507409232,512,30.603425979614258,30.63436508178711,30.664954662322998,56,performance,7,kernel,20260811,0.9994949795252294,1.0583744987152293,MEASURED,2.10.0.post4.dev20260715,2.10.0+cpu,3.2.0,r13_fp32_rank_reduce,,
9.1.0,random_bias,5,Ascend950PR_957b,,,200,10,20,30.688394818987167,512,30.60973072052002,30.661470890045166,30.7659330368042,56,performance,7,kernel,20260811,0.9991159651682967,1.0574388587933783,MEASURED,2.10.0.post4.dev20260715,2.10.0+cpu,3.2.0,r14_priority_argmax,,
9.1.0,random_bias,5,Ascend950PR_957b,,,200,10,20,30.775888647351945,512,30.713361740112305,30.735714435577393,30.782987594604492,56,performance,7,kernel,20260811,0.9975844535617403,1.0548845661243427,MEASURED,2.10.0.post4.dev20260715,2.10.0+cpu,3.2.0,r15_unique_top10_fastpath,,
9.1.0,random_bias,5,Ascend950PR_957b,,,200,10,20,30.762584890638077,512,30.698630332946777,30.75744390487671,30.811567783355713,56,performance,7,kernel,20260811,0.9992935216149131,1.0541393129796142,MEASURED,2.10.0.post4.dev20260715,2.10.0+cpu,3.2.0,r16_split_unique_recovery,,
9.1.0,random_bias,5,Ascend950PR_957b,,,200,10,20,30.68913391658238,512,30.66138505935669,30.68673610687256,30.726122856140137,56,performance,7,kernel,20260811,1.0023041811210516,1.05656824088354,MEASURED,2.10.0.post4.dev20260715,2.10.0+cpu,3.2.0,r17_parallel_priority_argmax,,
9.1.0,random_bias,5,Ascend950PR_957b,,,200,10,20,30.704881804330007,512,30.641433238983154,30.67225933074951,30.711033821105957,56,performance,7,kernel,20260811,1.000471982711379,1.0570669228266292,MEASURED,2.10.0.post4.dev20260715,2.10.0+cpu,3.2.0,r18_hierarchical_partial_sort,,
9.1.0,random_bias,5,Ascend950PR_957b,,,200,10,20,30.773307936532156,512,30.6644606590271,30.71420431137085,30.917922496795654,56,performance,7,kernel,20260811,0.9986343458487118,1.0556233349952815,MEASURED,2.10.0.post4.dev20260715,2.10.0+cpu,3.2.0,r19_unique_id_sum,,
9.1.0,random_bias,5,Ascend950PR_957b,,,200,10,20,30.785630089896067,512,30.63024663925171,30.77781915664673,30.91296148300171,56,performance,7,kernel,20260811,0.9979330944485668,1.0534414612639575,MEASURED,2.10.0.post4.dev20260715,2.10.0+cpu,3.2.0,r20_iterative_rank1_maxarg,,
9.1.0,random_bias,5,Ascend950PR_957b,,,200,10,21,32.111916882651194,512,31.995088577270508,32.102060317993164,32.24128770828247,56,performance,7,kernel,20260811,nan,1.0,MEASURED,2.10.0.post4.dev20260715,2.10.0+cpu,3.2.0,r0_legacy,,
9.1.0,random_bias,5,Ascend950PR_957b,,,200,10,21,31.518086705889022,512,31.402475357055664,31.52573585510254,31.58354949951172,56,performance,7,kernel,20260811,1.0182810788474377,1.0182810788474377,MEASURED,2.10.0.post4.dev20260715,2.10.0+cpu,3.2.0,r1_constexpr,,
9.1.0,random_bias,5,Ascend950PR_957b,,,200,10,21,31.131065913609095,512,31.04003143310547,31.130645275115967,31.211632251739502,56,performance,7,kernel,20260811,1.0126913713639718,1.0312044621719965,MEASURED,2.10.0.post4.dev20260715,2.10.0+cpu,3.2.0,r2_core_partition,,
9.1.0,random_bias,5,Ascend950PR_957b,,,200,10,21,30.742803982325963,512,30.72823667526245,30.7435941696167,30.808802127838135,56,performance,7,kernel,20260811,1.012589650493168,1.044186965937737,MEASURED,2.10.0.post4.dev20260715,2.10.0+cpu,3.2.0,r3_sort_tie,,
9.1.0,random_bias,5,Ascend950PR_957b,,,200,10,21,32.00882741383144,512,31.90132713317871,32.04951047897339,32.152438163757324,56,performance,7,kernel,20260811,0.9592531589456427,1.0016396456056404,MEASURED,2.10.0.post4.dev20260715,2.10.0+cpu,3.2.0,r4_bias_hoist,,
9.1.0,random_bias,5,Ascend950PR_957b,,,200,10,21,32.035371576036724,512,31.9991192817688,32.057321071624756,32.06789255142212,56,performance,7,kernel,20260811,0.9997563554161648,1.001395601531034,MEASURED,2.10.0.post4.dev20260715,2.10.0+cpu,3.2.0,r5_dispatch,,
9.1.0,random_bias,5,Ascend950PR_957b,,,200,10,21,30.91416358947754,512,30.747259616851807,30.851569175720215,31.142369747161865,56,performance,7,kernel,20260811,1.0390823523120325,1.0405324972337897,MEASURED,2.10.0.post4.dev20260715,2.10.0+cpu,3.2.0,r6_empirical_dispatch,,
9.1.0,random_bias,5,Ascend950PR_957b,,,200,10,21,30.657941273280553,512,30.590837001800537,30.6238055229187,30.74085807800293,56,performance,7,kernel,20260811,1.0074374705857851,1.0482714270755196,MEASURED,2.10.0.post4.dev20260715,2.10.0+cpu,3.2.0,r7_vector_tie_recovery,,
9.1.0,random_bias,5,Ascend950PR_957b,,,200,10,21,30.719080652509415,512,30.6310396194458,30.655300617218018,30.69591236114502,56,performance,7,kernel,20260811,0.9989726052700449,1.0471944385357796,MEASURED,2.10.0.post4.dev20260715,2.10.0+cpu,3.2.0,r8_safe_vector_dispatch,,
9.1.0,random_bias,5,Ascend950PR_957b,,,200,10,21,30.635624272482737,512,30.583439826965332,30.614089965820312,30.652857780456543,56,performance,7,kernel,20260811,1.0013461334778762,1.0486041020273384,MEASURED,2.10.0.post4.dev20260715,2.10.0+cpu,3.2.0,r9_pair_tie_recovery,,
9.1.0,random_bias,5,Ascend950PR_957b,,,200,10,21,30.683926514216832,512,30.644221782684326,30.667860507965088,30.70099449157715,56,performance,7,kernel,20260811,0.9982466810121687,1.0467655645445362,MEASURED,2.10.0.post4.dev20260715,2.10.0+cpu,3.2.0,r10_group_rank_threshold,,
9.1.0,random_bias,5,Ascend950PR_957b,,,200,10,21,30.63185214996338,512,30.59079599380493,30.641469955444336,30.66560459136963,56,performance,7,kernel,20260811,1.0008612691414325,1.0476671114235925,MEASURED,2.10.0.post4.dev20260715,2.10.0+cpu,3.2.0,r11_packed_exact_sort,,
9.1.0,random_bias,5,Ascend950PR_957b,,,200,10,21,30.649544170924596,512,30.584450721740723,30.619449615478516,30.65427541732788,56,performance,7,kernel,20260811,1.0007191618478566,1.0484205536393825,MEASURED,2.10.0.post4.dev20260715,2.10.0+cpu,3.2.0,r12_two_row_tile,,
9.1.0,random_bias,5,Ascend950PR_957b,,,200,10,21,30.619283063071116,512,30.596649169921875,30.608339309692383,30.64448070526123,56,performance,7,kernel,20260811,1.0003629829659728,1.0488011124415293,MEASURED,2.10.0.post4.dev20260715,2.10.0+cpu,3.2.0,r13_fp32_rank_reduce,,
9.1.0,random_bias,5,Ascend950PR_957b,,,200,10,21,30.645693710872106,512,30.577832221984863,30.627601146697998,30.699385166168213,56,performance,7,kernel,20260811,0.9993710954732186,1.0481415166742214,MEASURED,2.10.0.post4.dev20260715,2.10.0+cpu,3.2.0,r14_priority_argmax,,
9.1.0,random_bias,5,Ascend950PR_957b,,,200,10,21,30.613788536616735,512,30.59904432296753,30.615570545196533,30.634605407714844,56,performance,7,kernel,20260811,1.0003929569590644,1.048553391177283,MEASURED,2.10.0.post4.dev20260715,2.10.0+cpu,3.2.0,r15_unique_top10_fastpath,,
9.1.0,random_bias,5,Ascend950PR_957b,,,200,10,21,30.61971698488508,512,30.596426963806152,30.604424476623535,30.647804737091064,56,performance,7,kernel,20260811,1.0003641979473104,1.048935272169995,MEASURED,2.10.0.post4.dev20260715,2.10.0+cpu,3.2.0,r16_split_unique_recovery,,
9.1.0,random_bias,5,Ascend950PR_957b,,,200,10,21,30.639004707336426,512,30.613227367401123,30.63894510269165,30.658255100250244,56,performance,7,kernel,20260811,0.9988733089226012,1.0477534461580722,MEASURED,2.10.0.post4.dev20260715,2.10.0+cpu,3.2.0,r17_parallel_priority_argmax,,
9.1.0,random_bias,5,Ascend950PR_957b,,,200,10,21,30.63152006694249,512,30.613619804382324,30.62643527984619,30.643106937408447,56,performance,7,kernel,20260811,1.0004084648680511,1.0481814166312071,MEASURED,2.10.0.post4.dev20260715,2.10.0+cpu,3.2.0,r18_hierarchical_partial_sort,,
9.1.0,random_bias,5,Ascend950PR_957b,,,200,10,21,30.635786737714493,512,30.598531246185303,30.626749992370605,30.67691707611084,56,performance,7,kernel,20260811,0.9999897242598548,1.048170645791345,MEASURED,2.10.0.post4.dev20260715,2.10.0+cpu,3.2.0,r19_unique_id_sum,,
9.1.0,random_bias,5,Ascend950PR_957b,,,200,10,21,30.695181233542307,512,30.64287567138672,30.6665301322937,30.767385959625244,56,performance,7,kernel,20260811,0.9987028157489131,1.0468109753371726,MEASURED,2.10.0.post4.dev20260715,2.10.0+cpu,3.2.0,r20_iterative_rank1_maxarg,,
9.1.0,random_bias,5,Ascend950PR_957b,,,200,10,22,32.32296330588205,512,32.15493392944336,32.19896078109741,32.53043985366821,56,performance,7,kernel,20260811,nan,1.0,MEASURED,2.10.0.post4.dev20260715,2.10.0+cpu,3.2.0,r0_legacy,,
9.1.0,random_bias,5,Ascend950PR_957b,,,200,10,22,31.444291727883474,512,31.28929901123047,31.46798610687256,31.47698163986206,56,performance,7,kernel,20260811,1.0232291533287925,1.0232291533287925,MEASURED,2.10.0.post4.dev20260715,2.10.0+cpu,3.2.0,r1_constexpr,,
9.1.0,random_bias,5,Ascend950PR_957b,,,200,10,22,31.174096720559255,512,31.039517879486084,31.232130527496338,31.255338191986084,56,performance,7,kernel,20260811,1.007551696774851,1.0309562696259191,MEASURED,2.10.0.post4.dev20260715,2.10.0+cpu,3.2.0,r2_core_partition,,
9.1.0,random_bias,5,Ascend950PR_957b,,,200,10,22,30.825394221714564,512,30.74168872833252,30.837035179138184,30.935692310333252,56,performance,7,kernel,20260811,1.012812364939203,1.0441652575887255,MEASURED,2.10.0.post4.dev20260715,2.10.0+cpu,3.2.0,r3_sort_tie,,
9.1.0,random_bias,5,Ascend950PR_957b,,,200,10,22,31.9142256464277,512,31.82120943069458,31.89826488494873,32.01669216156006,56,performance,7,kernel,20260811,0.9667308015141823,1.0094267163820112,MEASURED,2.10.0.post4.dev20260715,2.10.0+cpu,3.2.0,r4_bias_hoist,,
9.1.0,random_bias,5,Ascend950PR_957b,,,200,10,22,31.73590694155012,512,31.688040256500244,31.762349605560303,31.788978099822998,56,performance,7,kernel,20260811,1.0042791317731934,1.0137461863167918,MEASURED,2.10.0.post4.dev20260715,2.10.0+cpu,3.2.0,r5_dispatch,,
9.1.0,random_bias,5,Ascend950PR_957b,,,200,10,22,30.773614134107316,512,30.71366024017334,30.733399391174316,30.890031814575195,56,performance,7,kernel,20260811,1.0334798699385486,1.0476862767853776,MEASURED,2.10.0.post4.dev20260715,2.10.0+cpu,3.2.0,r6_empirical_dispatch,,
9.1.0,random_bias,5,Ascend950PR_957b,,,200,10,22,30.676090717315674,512,30.626161575317383,30.660440921783447,30.724885940551758,56,performance,7,kernel,20260811,1.0023795636069615,1.0501793129211292,MEASURED,2.10.0.post4.dev20260715,2.10.0+cpu,3.2.0,r7_vector_tie_recovery,,
9.1.0,random_bias,5,Ascend950PR_957b,,,200,10,22,30.59534958430699,512,30.571943283081055,30.593624114990234,30.611819744110107,56,performance,7,kernel,20260811,1.0021840108429807,1.052472915927623,MEASURED,2.10.0.post4.dev20260715,2.10.0+cpu,3.2.0,r8_safe_vector_dispatch,,
9.1.0,random_bias,5,Ascend950PR_957b,,,200,10,22,30.629052434648788,512,30.617152214050293,30.63852548599243,30.642334461212158,56,performance,7,kernel,20260811,0.9985344800283315,1.0509304958496908,MEASURED,2.10.0.post4.dev20260715,2.10.0+cpu,3.2.0,r9_pair_tie_recovery,,
9.1.0,random_bias,5,Ascend950PR_957b,,,200,10,22,30.649713448115758,512,30.618123054504395,30.662994384765625,30.677119255065918,56,performance,7,kernel,20260811,0.9992020055684663,1.0500918591660737,MEASURED,2.10.0.post4.dev20260715,2.10.0+cpu,3.2.0,r10_group_rank_threshold,,
9.1.0,random_bias,5,Ascend950PR_957b,,,200,10,22,30.610474518367223,512,30.58595561981201,30.611045360565186,30.628860473632812,56,performance,7,kernel,20260811,1.0016970679566326,1.051873936411785,MEASURED,2.10.0.post4.dev20260715,2.10.0+cpu,3.2.0,r11_packed_exact_sort,,
9.1.0,random_bias,5,Ascend950PR_957b,,,200,10,22,30.615253107888357,512,30.59923553466797,30.612170696258545,30.63160276412964,56,performance,7,kernel,20260811,0.999963238944911,1.051835268416062,MEASURED,2.10.0.post4.dev20260715,2.10.0+cpu,3.2.0,r12_two_row_tile,,
9.1.0,random_bias,5,Ascend950PR_957b,,,200,10,22,30.606661524091447,512,30.581509113311768,30.601634979248047,30.62102460861206,56,performance,7,kernel,20260811,1.0003442860820229,1.0521974006595582,MEASURED,2.10.0.post4.dev20260715,2.10.0+cpu,3.2.0,r13_fp32_rank_reduce,,
9.1.0,random_bias,5,Ascend950PR_957b,,,200,10,22,30.624029295785085,512,30.5998215675354,30.624074935913086,30.64855146408081,56,performance,7,kernel,20260811,0.9992672445874039,1.0514263973191056,MEASURED,2.10.0.post4.dev20260715,2.10.0+cpu,3.2.0,r14_priority_argmax,,
9.1.0,random_bias,5,Ascend950PR_957b,,,200,10,22,30.688919680459158,512,30.661563873291016,30.673000812530518,30.71959400177002,56,performance,7,kernel,20260811,0.9984049204407335,1.0497492885646686,MEASURED,2.10.0.post4.dev20260715,2.10.0+cpu,3.2.0,r15_unique_top10_fastpath,,
9.1.0,random_bias,5,Ascend950PR_957b,,,200,10,22,30.715795585087367,512,30.692183017730713,30.722506046295166,30.745066165924072,56,performance,7,kernel,20260811,0.9983886329555912,1.048057757156184,MEASURED,2.10.0.post4.dev20260715,2.10.0+cpu,3.2.0,r16_split_unique_recovery,,
9.1.0,random_bias,5,Ascend950PR_957b,,,200,10,22,30.67171607698713,512,30.630916118621826,30.674893856048584,30.723793983459473,56,performance,7,kernel,20260811,1.0015521550121744,1.049684505257002,MEASURED,2.10.0.post4.dev20260715,2.10.0+cpu,3.2.0,r17_parallel_priority_argmax,,
9.1.0,random_bias,5,Ascend950PR_957b,,,200,10,22,30.671745709010533,512,30.649657249450684,30.651350021362305,30.66129493713379,56,performance,7,kernel,20260811,1.0007681173804701,1.0504907861695,MEASURED,2.10.0.post4.dev20260715,2.10.0+cpu,3.2.0,r18_hierarchical_partial_sort,,
9.1.0,random_bias,5,Ascend950PR_957b,,,200,10,22,30.65518617630005,512,30.630269050598145,30.6559157371521,30.665844440460205,56,performance,7,kernel,20260811,0.9998510657509323,1.0503343321131096,MEASURED,2.10.0.post4.dev20260715,2.10.0+cpu,3.2.0,r19_unique_id_sum,,
9.1.0,random_bias,5,Ascend950PR_957b,,,200,10,22,30.71331466947283,512,30.670464515686035,30.70439100265503,30.74538564682007,56,performance,7,kernel,20260811,0.9984212269346512,1.048676092559958,MEASURED,2.10.0.post4.dev20260715,2.10.0+cpu,3.2.0,r20_iterative_rank1_maxarg,,
9.1.0,random_bias,5,Ascend950PR_957b,,,200,10,23,32.01571158000401,512,31.916882038116455,32.00824499130249,32.13140535354614,56,performance,7,kernel,20260811,nan,1.0,MEASURED,2.10.0.post4.dev20260715,2.10.0+cpu,3.2.0,r0_legacy,,
9.1.0,random_bias,5,Ascend950PR_957b,,,200,10,23,31.043387140546525,512,30.89852285385132,31.05246067047119,31.110637664794922,56,performance,7,kernel,20260811,1.0307796644837293,1.0307796644837293,MEASURED,2.10.0.post4.dev20260715,2.10.0+cpu,3.2.0,r1_constexpr,,
9.1.0,random_bias,5,Ascend950PR_957b,,,200,10,23,30.937374319349015,512,30.908053874969482,30.930354595184326,30.972134590148926,56,performance,7,kernel,20260811,1.0039477748278345,1.0348489504962217,MEASURED,2.10.0.post4.dev20260715,2.10.0+cpu,3.2.0,r2_core_partition,,
9.1.0,random_bias,5,Ascend950PR_957b,,,200,10,23,30.498242037636892,512,30.43074607849121,30.474140644073486,30.49403476715088,56,performance,7,kernel,20260811,1.014970527190225,1.0503411848474011,MEASURED,2.10.0.post4.dev20260715,2.10.0+cpu,3.2.0,r3_sort_tie,,
9.1.0,random_bias,5,Ascend950PR_957b,,,200,10,23,31.767495700291224,512,31.591167449951172,31.78014039993286,31.969884395599365,56,performance,7,kernel,20260811,0.9589051609142,1.0071775828709086,MEASURED,2.10.0.post4.dev20260715,2.10.0+cpu,3.2.0,r4_bias_hoist,,
9.1.0,random_bias,5,Ascend950PR_957b,,,200,10,23,31.44430296761649,512,31.28607940673828,31.491754055023193,31.537470817565918,56,performance,7,kernel,20260811,1.0091575192796753,1.0164008310041057,MEASURED,2.10.0.post4.dev20260715,2.10.0+cpu,3.2.0,r5_dispatch,,
9.1.0,random_bias,5,Ascend950PR_957b,,,200,10,23,30.45086145401001,512,30.328031539916992,30.42752981185913,30.52925443649292,56,performance,7,kernel,20260811,1.034975702915893,1.051950164512772,MEASURED,2.10.0.post4.dev20260715,2.10.0+cpu,3.2.0,r6_empirical_dispatch,,
9.1.0,random_bias,5,Ascend950PR_957b,,,200,10,23,30.568761484963552,512,30.527188301086426,30.5525803565979,30.615566730499268,56,performance,7,kernel,20260811,0.9959070381853439,1.0476445726585,MEASURED,2.10.0.post4.dev20260715,2.10.0+cpu,3.2.0,r7_vector_tie_recovery,,
9.1.0,random_bias,5,Ascend950PR_957b,,,200,10,23,30.586402075631277,512,30.568669319152832,30.583794116973877,30.586478233337402,56,performance,7,kernel,20260811,0.9989794019585473,1.0465753486595062,MEASURED,2.10.0.post4.dev20260715,2.10.0+cpu,3.2.0,r8_safe_vector_dispatch,,
9.1.0,random_bias,5,Ascend950PR_957b,,,200,10,23,30.57203871863229,512,30.550175189971924,30.568065643310547,30.598655700683594,56,performance,7,kernel,20260811,1.0005145393839068,1.0471138528946176,MEASURED,2.10.0.post4.dev20260715,2.10.0+cpu,3.2.0,r9_pair_tie_recovery,,
9.1.0,random_bias,5,Ascend950PR_957b,,,200,10,23,30.566537380218506,512,30.5291485786438,30.56140422821045,30.590261936187744,56,performance,7,kernel,20260811,1.0002179682271912,1.0473420904448003,MEASURED,2.10.0.post4.dev20260715,2.10.0+cpu,3.2.0,r10_group_rank_threshold,,
9.1.0,random_bias,5,Ascend950PR_957b,,,200,10,23,30.573840481894358,512,30.53575038909912,30.548195838928223,30.567585468292236,56,performance,7,kernel,20260811,1.0004323787025549,1.0477949388589978,MEASURED,2.10.0.post4.dev20260715,2.10.0+cpu,3.2.0,r11_packed_exact_sort,,
9.1.0,random_bias,5,Ascend950PR_957b,,,200,10,23,30.59507199696132,512,30.553813934326172,30.56668996810913,30.599148750305176,56,performance,7,kernel,20260811,0.9993949580670919,1.0471609789838994,MEASURED,2.10.0.post4.dev20260715,2.10.0+cpu,3.2.0,r12_two_row_tile,,
9.1.0,random_bias,5,Ascend950PR_957b,,,200,10,23,30.594182355063303,512,30.554277896881104,30.56691884994507,30.600731372833252,56,performance,7,kernel,20260811,0.9999925121064029,1.0471531379539096,MEASURED,2.10.0.post4.dev20260715,2.10.0+cpu,3.2.0,r13_fp32_rank_reduce,,
9.1.0,random_bias,5,Ascend950PR_957b,,,200,10,23,30.624356269836426,512,30.55731773376465,30.637094974517822,30.645291328430176,56,performance,7,kernel,20260811,0.997709439337146,1.0447545701681282,MEASURED,2.10.0.post4.dev20260715,2.10.0+cpu,3.2.0,r14_priority_argmax,,
9.1.0,random_bias,5,Ascend950PR_957b,,,200,10,23,30.622095039912633,512,30.57358741760254,30.610315799713135,30.63138246536255,56,performance,7,kernel,20260811,1.0008748415070234,1.045668564830764,MEASURED,2.10.0.post4.dev20260715,2.10.0+cpu,3.2.0,r15_unique_top10_fastpath,,
9.1.0,random_bias,5,Ascend950PR_957b,,,200,10,23,30.583884034837997,512,30.57684326171875,30.577313899993896,30.582300186157227,56,performance,7,kernel,20260811,1.0010792936170645,1.0467971482383507,MEASURED,2.10.0.post4.dev20260715,2.10.0+cpu,3.2.0,r16_split_unique_recovery,,
9.1.0,random_bias,5,Ascend950PR_957b,,,200,10,23,30.590983118329728,512,30.543017864227295,30.575931072235107,30.60255765914917,56,performance,7,kernel,20260811,1.0000452260228976,1.046844490710146,MEASURED,2.10.0.post4.dev20260715,2.10.0+cpu,3.2.0,r17_parallel_priority_argmax,,
9.1.0,random_bias,5,Ascend950PR_957b,,,200,10,23,30.552917548588344,512,30.517578601837158,30.5611252784729,30.5784969329834,56,performance,7,kernel,20260811,1.000484464941238,1.0473516501648235,MEASURED,2.10.0.post4.dev20260715,2.10.0+cpu,3.2.0,r18_hierarchical_partial_sort,,
9.1.0,random_bias,5,Ascend950PR_957b,,,200,10,23,30.561257089887345,512,30.53171730041504,30.547521114349365,30.591657161712646,56,performance,7,kernel,20260811,1.0004453442907073,1.047818082242587,MEASURED,2.10.0.post4.dev20260715,2.10.0+cpu,3.2.0,r19_unique_id_sum,,
9.1.0,random_bias,5,Ascend950PR_957b,,,200,10,23,30.60448033469064,512,30.57695436477661,30.589599609375,30.64884376525879,56,performance,7,kernel,20260811,0.9986244182479349,1.0463767228091703,MEASURED,2.10.0.post4.dev20260715,2.10.0+cpu,3.2.0,r20_iterative_rank1_maxarg,,
9.1.0,random_bias,5,Ascend950PR_957b,,,200,10,24,32.15767077037266,512,32.06236934661865,32.12566614151001,32.28761386871338,56,performance,7,kernel,20260811,nan,1.0,MEASURED,2.10.0.post4.dev20260715,2.10.0+cpu,3.2.0,r0_legacy,,
9.1.0,random_bias,5,Ascend950PR_957b,,,200,10,24,31.40585320336478,512,31.327067852020264,31.371965408325195,31.455513954162598,56,performance,7,kernel,20260811,1.0240246577915963,1.0240246577915963,MEASURED,2.10.0.post4.dev20260715,2.10.0+cpu,3.2.0,r1_constexpr,,
9.1.0,random_bias,5,Ascend950PR_957b,,,200,10,24,31.25530515398298,512,31.204529285430908,31.23891592025757,31.3110294342041,56,performance,7,kernel,20260811,1.0042590942786638,1.0283860753528073,MEASURED,2.10.0.post4.dev20260715,2.10.0+cpu,3.2.0,r2_core_partition,,
9.1.0,random_bias,5,Ascend950PR_957b,,,200,10,24,30.770057950701034,512,30.7474045753479,30.756030082702637,30.7717022895813,56,performance,7,kernel,20260811,1.0157005255963287,1.0445322772517922,MEASURED,2.10.0.post4.dev20260715,2.10.0+cpu,3.2.0,r3_sort_tie,,
9.1.0,random_bias,5,Ascend950PR_957b,,,200,10,24,32.00803211757115,512,31.948710918426514,31.977100372314453,32.09663438796997,56,performance,7,kernel,20260811,0.9618142272002558,1.0046460050306558,MEASURED,2.10.0.post4.dev20260715,2.10.0+cpu,3.2.0,r4_bias_hoist,,
9.1.0,random_bias,5,Ascend950PR_957b,,,200,10,24,31.77276951926095,512,31.715694904327393,31.782701015472412,31.82746458053589,56,performance,7,kernel,20260811,1.0061165146646096,1.0107909370531674,MEASURED,2.10.0.post4.dev20260715,2.10.0+cpu,3.2.0,r5_dispatch,,
9.1.0,random_bias,5,Ascend950PR_957b,,,200,10,24,30.860232966286794,512,30.73446226119995,30.860295295715332,30.968198776245117,56,performance,7,kernel,20260811,1.029889724350277,1.0410031995374445,MEASURED,2.10.0.post4.dev20260715,2.10.0+cpu,3.2.0,r6_empirical_dispatch,,
9.1.0,random_bias,5,Ascend950PR_957b,,,200,10,24,30.725935867854528,512,30.66118288040161,30.688846111297607,30.74892282485962,56,performance,7,kernel,20260811,1.005586693738694,1.0468189655942606,MEASURED,2.10.0.post4.dev20260715,2.10.0+cpu,3.2.0,r7_vector_tie_recovery,,
9.1.0,random_bias,5,Ascend950PR_957b,,,200,10,24,30.713698182787216,512,30.662827491760254,30.69101095199585,30.741291522979736,56,performance,7,kernel,20260811,0.9999294633630144,1.0467451265048948,MEASURED,2.10.0.post4.dev20260715,2.10.0+cpu,3.2.0,r8_safe_vector_dispatch,,
9.1.0,random_bias,5,Ascend950PR_957b,,,200,10,24,30.70838553564889,512,30.65635061264038,30.671916007995605,30.762906551361084,56,performance,7,kernel,20260811,1.000622554652121,1.0473967825529855,MEASURED,2.10.0.post4.dev20260715,2.10.0+cpu,3.2.0,r9_pair_tie_recovery,,
9.1.0,random_bias,5,Ascend950PR_957b,,,200,10,24,30.712670258113317,512,30.65678596496582,30.69746494293213,30.747060775756836,56,performance,7,kernel,20260811,0.999167718409842,1.046525053493276,MEASURED,2.10.0.post4.dev20260715,2.10.0+cpu,3.2.0,r10_group_rank_threshold,,
9.1.0,random_bias,5,Ascend950PR_957b,,,200,10,24,30.699081080300466,512,30.65289068222046,30.71787118911743,30.748241901397705,56,performance,7,kernel,20260811,0.9993356881386841,1.0458298344870762,MEASURED,2.10.0.post4.dev20260715,2.10.0+cpu,3.2.0,r11_packed_exact_sort,,
9.1.0,random_bias,5,Ascend950PR_957b,,,200,10,24,30.693232331957137,512,30.628755569458008,30.673189163208008,30.757123470306396,56,performance,7,kernel,20260811,1.0014567127556147,1.0473533081471758,MEASURED,2.10.0.post4.dev20260715,2.10.0+cpu,3.2.0,r12_two_row_tile,,
9.1.0,random_bias,5,Ascend950PR_957b,,,200,10,24,30.694429193224227,512,30.650088787078857,30.703325271606445,30.713610649108887,56,performance,7,kernel,20260811,0.9990184741186223,1.046325303768283,MEASURED,2.10.0.post4.dev20260715,2.10.0+cpu,3.2.0,r13_fp32_rank_reduce,,
9.1.0,random_bias,5,Ascend950PR_957b,,,200,10,24,30.7074202810015,512,30.670711994171143,30.701429843902588,30.72181272506714,56,performance,7,kernel,20260811,1.0000617374406826,1.046389901214659,MEASURED,2.10.0.post4.dev20260715,2.10.0+cpu,3.2.0,r14_priority_argmax,,
9.1.0,random_bias,5,Ascend950PR_957b,,,200,10,24,30.66751275743757,512,30.636927604675293,30.681324005126953,30.692951679229736,56,performance,7,kernel,20260811,1.0006553119667285,1.0470756130387888,MEASURED,2.10.0.post4.dev20260715,2.10.0+cpu,3.2.0,r15_unique_top10_fastpath,,
9.1.0,random_bias,5,Ascend950PR_957b,,,200,10,24,30.665386404309952,512,30.622971534729004,30.632410049438477,30.72938060760498,56,performance,7,kernel,20260811,1.0015968040258514,1.04874758759306,MEASURED,2.10.0.post4.dev20260715,2.10.0+cpu,3.2.0,r16_split_unique_recovery,,
9.1.0,random_bias,5,Ascend950PR_957b,,,200,10,24,30.6807507787432,512,30.65793752670288,30.6662654876709,30.678687572479248,56,performance,7,kernel,20260811,0.9988960038761149,1.0475897743214233,MEASURED,2.10.0.post4.dev20260715,2.10.0+cpu,3.2.0,r17_parallel_priority_argmax,,
9.1.0,random_bias,5,Ascend950PR_957b,,,200,10,24,30.704622949872697,512,30.673097610473633,30.690929889678955,30.717238903045654,56,performance,7,kernel,20260811,0.9991963618535927,1.0467478912169925,MEASURED,2.10.0.post4.dev20260715,2.10.0+cpu,3.2.0,r18_hierarchical_partial_sort,,
9.1.0,random_bias,5,Ascend950PR_957b,,,200,10,24,30.67791257585798,512,30.65485191345215,30.678393840789795,30.708934783935547,56,performance,7,kernel,20260811,1.0004086279403746,1.047175621651872,MEASURED,2.10.0.post4.dev20260715,2.10.0+cpu,3.2.0,r19_unique_id_sum,,
9.1.0,random_bias,5,Ascend950PR_957b,,,200,10,24,30.680435385022843,512,30.66628932952881,30.67575454711914,30.71085214614868,56,performance,7,kernel,20260811,1.0000860384270776,1.0472657189952328,MEASURED,2.10.0.post4.dev20260715,2.10.0+cpu,3.2.0,r20_iterative_rank1_maxarg,,
9.1.0,random_bias,5,Ascend950PR_957b,,,200,10,25,32.357633454459055,512,32.19115447998047,32.41907596588135,32.49653911590576,56,performance,7,kernel,20260811,nan,1.0,MEASURED,2.10.0.post4.dev20260715,2.10.0+cpu,3.2.0,r0_legacy,,
9.1.0,random_bias,5,Ascend950PR_957b,,,200,10,25,31.507589476449148,512,31.445648193359375,31.46568536758423,31.55036449432373,56,performance,7,kernel,20260811,1.0302993749273073,1.0302993749273073,MEASURED,2.10.0.post4.dev20260715,2.10.0+cpu,3.2.0,r1_constexpr,,
9.1.0,random_bias,5,Ascend950PR_957b,,,200,10,25,31.263339519500732,512,31.198028564453125,31.292436122894287,31.313838005065918,56,performance,7,kernel,20260811,1.0055364575646826,1.036003583695511,MEASURED,2.10.0.post4.dev20260715,2.10.0+cpu,3.2.0,r2_core_partition,,
9.1.0,random_bias,5,Ascend950PR_957b,,,200,10,25,30.825894900730678,512,30.743709564208984,30.81049919128418,30.942192554473877,56,performance,7,kernel,20260811,1.0156419708949875,1.0522087215987792,MEASURED,2.10.0.post4.dev20260715,2.10.0+cpu,3.2.0,r3_sort_tie,,
9.1.0,random_bias,5,Ascend950PR_957b,,,200,10,25,32.07480737141201,512,32.02249813079834,32.09610462188721,32.155081272125244,56,performance,7,kernel,20260811,0.9599451258728033,1.0100626336996017,MEASURED,2.10.0.post4.dev20260715,2.10.0+cpu,3.2.0,r4_bias_hoist,,
9.1.0,random_bias,5,Ascend950PR_957b,,,200,10,25,31.890956333705358,512,31.82185983657837,31.871180534362793,31.963472843170166,56,performance,7,kernel,20260811,1.0070572876107273,1.0171909362104685,MEASURED,2.10.0.post4.dev20260715,2.10.0+cpu,3.2.0,r5_dispatch,,
9.1.0,random_bias,5,Ascend950PR_957b,,,200,10,25,30.913055283682688,512,30.800355434417725,30.9165096282959,31.03299045562744,56,performance,7,kernel,20260811,1.0308790001699657,1.048600775302599,MEASURED,2.10.0.post4.dev20260715,2.10.0+cpu,3.2.0,r6_empirical_dispatch,,
9.1.0,random_bias,5,Ascend950PR_957b,,,200,10,25,30.715845312391007,512,30.678271770477295,30.7102108001709,30.723464012145996,56,performance,7,kernel,20260811,1.0067175972665043,1.0556448530044262,MEASURED,2.10.0.post4.dev20260715,2.10.0+cpu,3.2.0,r7_vector_tie_recovery,,
9.1.0,random_bias,5,Ascend950PR_957b,,,200,10,25,30.693272522517614,512,30.65782928466797,30.664989948272705,30.740912437438965,56,performance,7,kernel,20260811,1.0014746736253453,1.0572015846268832,MEASURED,2.10.0.post4.dev20260715,2.10.0+cpu,3.2.0,r8_safe_vector_dispatch,,
9.1.0,random_bias,5,Ascend950PR_957b,,,200,10,25,30.689281736101425,512,30.68236207962036,30.687084197998047,30.6978120803833,56,performance,7,kernel,20260811,0.9992800146933875,1.0564404150198243,MEASURED,2.10.0.post4.dev20260715,2.10.0+cpu,3.2.0,r9_pair_tie_recovery,,
9.1.0,random_bias,5,Ascend950PR_957b,,,200,10,25,30.65469264984131,512,30.637046337127686,30.650324821472168,30.677305698394775,56,performance,7,kernel,20260811,1.0011993144196674,1.0577074192430769,MEASURED,2.10.0.post4.dev20260715,2.10.0+cpu,3.2.0,r10_group_rank_threshold,,
9.1.0,random_bias,5,Ascend950PR_957b,,,200,10,25,30.690785135541642,512,30.66600513458252,30.673305988311768,30.71123170852661,56,performance,7,kernel,20260811,0.9992507763314343,1.0569149598101624,MEASURED,2.10.0.post4.dev20260715,2.10.0+cpu,3.2.0,r11_packed_exact_sort,,
9.1.0,random_bias,5,Ascend950PR_957b,,,200,10,25,30.72199514933995,512,30.67194366455078,30.699265003204346,30.767438411712646,56,performance,7,kernel,20260811,0.9991544092378151,1.0560212422837318,MEASURED,2.10.0.post4.dev20260715,2.10.0+cpu,3.2.0,r12_two_row_tile,,
9.1.0,random_bias,5,Ascend950PR_957b,,,200,10,25,30.78133753367833,512,30.68725061416626,30.748236179351807,30.894505977630615,56,performance,7,kernel,20260811,0.9984073500716654,1.054339370127889,MEASURED,2.10.0.post4.dev20260715,2.10.0+cpu,3.2.0,r13_fp32_rank_reduce,,
9.1.0,random_bias,5,Ascend950PR_957b,,,200,10,25,30.733644281114852,512,30.67767572402954,30.73072910308838,30.760857582092285,56,performance,7,kernel,20260811,1.0005696928375731,1.054940019715422,MEASURED,2.10.0.post4.dev20260715,2.10.0+cpu,3.2.0,r14_priority_argmax,,
9.1.0,random_bias,5,Ascend950PR_957b,,,200,10,25,30.718678746904647,512,30.689107418060303,30.695724487304688,30.743135929107666,56,performance,7,kernel,20260811,1.0011403743149365,1.0561430462177042,MEASURED,2.10.0.post4.dev20260715,2.10.0+cpu,3.2.0,r15_unique_top10_fastpath,,
9.1.0,random_bias,5,Ascend950PR_957b,,,200,10,25,30.717128004346574,512,30.668075561523438,30.68039894104004,30.793100357055664,56,performance,7,kernel,20260811,1.0004995223919382,1.0566706133183799,MEASURED,2.10.0.post4.dev20260715,2.10.0+cpu,3.2.0,r16_split_unique_recovery,,
9.1.0,random_bias,5,Ascend950PR_957b,,,200,10,25,30.715905938829696,512,30.69384002685547,30.69575071334839,30.73904514312744,56,performance,7,kernel,20260811,0.9994998730458912,1.0561421438630445,MEASURED,2.10.0.post4.dev20260715,2.10.0+cpu,3.2.0,r17_parallel_priority_argmax,,
9.1.0,random_bias,5,Ascend950PR_957b,,,200,10,25,30.74380431856428,512,30.685991764068604,30.73347568511963,30.789429664611816,56,performance,7,kernel,20260811,0.9987725120270238,1.0548457420836994,MEASURED,2.10.0.post4.dev20260715,2.10.0+cpu,3.2.0,r18_hierarchical_partial_sort,,
9.1.0,random_bias,5,Ascend950PR_957b,,,200,10,25,30.765978949410574,512,30.72730779647827,30.751750469207764,30.786895275115967,56,performance,7,kernel,20260811,0.9994057319076378,1.054218880916815,MEASURED,2.10.0.post4.dev20260715,2.10.0+cpu,3.2.0,r19_unique_id_sum,,
9.1.0,random_bias,5,Ascend950PR_957b,,,200,10,25,30.726727417537145,512,30.68506956100464,30.717880725860596,30.773125171661377,56,performance,7,kernel,20260811,1.0011026067732158,1.0553812697953657,MEASURED,2.10.0.post4.dev20260715,2.10.0+cpu,3.2.0,r20_iterative_rank1_maxarg,,
9.1.0,random_bias,5,Ascend950PR_957b,,,200,10,26,32.23356655665806,512,32.04853105545044,32.22961902618408,32.37118482589722,56,performance,7,kernel,20260811,nan,1.0,MEASURED,2.10.0.post4.dev20260715,2.10.0+cpu,3.2.0,r0_legacy,,
9.1.0,random_bias,5,Ascend950PR_957b,,,200,10,26,31.39392614364624,512,31.3157901763916,31.432723999023438,31.460614681243896,56,performance,7,kernel,20260811,1.0253524011213728,1.0253524011213728,MEASURED,2.10.0.post4.dev20260715,2.10.0+cpu,3.2.0,r1_constexpr,,
9.1.0,random_bias,5,Ascend950PR_957b,,,200,10,26,31.1346207346235,512,31.093458652496338,31.1257004737854,31.2150297164917,56,performance,7,kernel,20260811,1.009863987655366,1.035466464548434,MEASURED,2.10.0.post4.dev20260715,2.10.0+cpu,3.2.0,r2_core_partition,,
9.1.0,random_bias,5,Ascend950PR_957b,,,200,10,26,30.688695907592773,512,30.646111965179443,30.70549488067627,30.764556407928467,56,performance,7,kernel,20260811,1.0136850291696025,1.0496368533199243,MEASURED,2.10.0.post4.dev20260715,2.10.0+cpu,3.2.0,r3_sort_tie,,
9.1.0,random_bias,5,Ascend950PR_957b,,,200,10,26,31.828906195504324,512,31.755048751831055,31.878809928894043,31.912334442138672,56,performance,7,kernel,20260811,0.9631945153901648,1.011004460269142,MEASURED,2.10.0.post4.dev20260715,2.10.0+cpu,3.2.0,r4_bias_hoist,,
9.1.0,random_bias,5,Ascend950PR_957b,,,200,10,26,31.754779815673828,512,31.655237674713135,31.78525447845459,31.83160924911499,56,performance,7,kernel,20260811,1.0029433601201108,1.013980210478752,MEASURED,2.10.0.post4.dev20260715,2.10.0+cpu,3.2.0,r5_dispatch,,
9.1.0,random_bias,5,Ascend950PR_957b,,,200,10,26,30.728467191968644,512,30.61768865585327,30.730504989624023,30.82548427581787,56,performance,7,kernel,20260811,1.0343225563389438,1.0487826033794831,MEASURED,2.10.0.post4.dev20260715,2.10.0+cpu,3.2.0,r6_empirical_dispatch,,
9.1.0,random_bias,5,Ascend950PR_957b,,,200,10,26,30.690208162580216,512,30.665249347686768,30.692849159240723,30.713708877563477,56,performance,7,kernel,20260811,1.0012268600476917,1.0500693128542835,MEASURED,2.10.0.post4.dev20260715,2.10.0+cpu,3.2.0,r7_vector_tie_recovery,,
9.1.0,random_bias,5,Ascend950PR_957b,,,200,10,26,30.65537588936942,512,30.63279914855957,30.657544136047363,30.667008876800537,56,performance,7,kernel,20260811,1.001151593325176,1.0512785656659387,MEASURED,2.10.0.post4.dev20260715,2.10.0+cpu,3.2.0,r8_safe_vector_dispatch,,
9.1.0,random_bias,5,Ascend950PR_957b,,,200,10,26,30.65845387322562,512,30.636603355407715,30.65354585647583,30.67487907409668,56,performance,7,kernel,20260811,1.0001304344884032,1.0514156886478205,MEASURED,2.10.0.post4.dev20260715,2.10.0+cpu,3.2.0,r9_pair_tie_recovery,,
9.1.0,random_bias,5,Ascend950PR_957b,,,200,10,26,30.664186818259104,512,30.627559185028076,30.655601024627686,30.67754316329956,56,performance,7,kernel,20260811,0.9999329594565702,1.051345201168683,MEASURED,2.10.0.post4.dev20260715,2.10.0+cpu,3.2.0,r10_group_rank_threshold,,
9.1.0,random_bias,5,Ascend950PR_957b,,,200,10,26,30.67409038543701,512,30.671265125274658,30.67936897277832,30.68611717224121,56,performance,7,kernel,20260811,0.9992252791062384,1.0505307020747816,MEASURED,2.10.0.post4.dev20260715,2.10.0+cpu,3.2.0,r11_packed_exact_sort,,
9.1.0,random_bias,5,Ascend950PR_957b,,,200,10,26,30.697827679770334,512,30.667478561401367,30.69756031036377,30.72689962387085,56,performance,7,kernel,20260811,0.9994074011940517,1.04990815883512,MEASURED,2.10.0.post4.dev20260715,2.10.0+cpu,3.2.0,r12_two_row_tile,,
9.1.0,random_bias,5,Ascend950PR_957b,,,200,10,26,30.69199766431536,512,30.632641315460205,30.67117929458618,30.68591547012329,56,performance,7,kernel,20260811,1.0008601239464647,1.050811209984123,MEASURED,2.10.0.post4.dev20260715,2.10.0+cpu,3.2.0,r13_fp32_rank_reduce,,
9.1.0,random_bias,5,Ascend950PR_957b,,,200,10,26,30.690468038831437,512,30.640376567840576,30.696609020233154,30.736022472381592,56,performance,7,kernel,20260811,0.9991715786707838,1.0499406955647925,MEASURED,2.10.0.post4.dev20260715,2.10.0+cpu,3.2.0,r14_priority_argmax,,
9.1.0,random_bias,5,Ascend950PR_957b,,,200,10,26,30.682240213666642,512,30.646260261535645,30.671160221099854,30.72161626815796,56,performance,7,kernel,20260811,1.0008297305661034,1.0508118634524986,MEASURED,2.10.0.post4.dev20260715,2.10.0+cpu,3.2.0,r15_unique_top10_fastpath,,
9.1.0,random_bias,5,Ascend950PR_957b,,,200,10,26,30.6982912336077,512,30.662987232208252,30.687344074249268,30.727023601531982,56,performance,7,kernel,20260811,0.9994726212503026,1.0502576876057836,MEASURED,2.10.0.post4.dev20260715,2.10.0+cpu,3.2.0,r16_split_unique_recovery,,
9.1.0,random_bias,5,Ascend950PR_957b,,,200,10,26,30.68502187728882,512,30.65251922607422,30.7049298286438,30.709331512451172,56,performance,7,kernel,20260811,0.9994272660939897,1.0496561694180437,MEASURED,2.10.0.post4.dev20260715,2.10.0+cpu,3.2.0,r17_parallel_priority_argmax,,
9.1.0,random_bias,5,Ascend950PR_957b,,,200,10,26,30.714141300746373,512,30.70063304901123,30.722675323486328,30.736955642700195,56,performance,7,kernel,20260811,0.9994223974749697,1.0490498853641743,MEASURED,2.10.0.post4.dev20260715,2.10.0+cpu,3.2.0,r18_hierarchical_partial_sort,,
9.1.0,random_bias,5,Ascend950PR_957b,,,200,10,26,30.70500135421753,512,30.68241596221924,30.70732593536377,30.714407920837402,56,performance,7,kernel,20260811,1.0004998607874507,1.0495742642659476,MEASURED,2.10.0.post4.dev20260715,2.10.0+cpu,3.2.0,r19_unique_id_sum,,
9.1.0,random_bias,5,Ascend950PR_957b,,,200,10,26,30.695155007498606,512,30.693507194519043,30.698349475860596,30.704400062561035,56,performance,7,kernel,20260811,1.0002924085384537,1.0498811687425602,MEASURED,2.10.0.post4.dev20260715,2.10.0+cpu,3.2.0,r20_iterative_rank1_maxarg,,
9.1.0,random_bias,5,Ascend950PR_957b,,,200,10,27,32.073737553187776,512,31.88705825805664,32.04751491546631,32.245248794555664,56,performance,7,kernel,20260811,nan,1.0,MEASURED,2.10.0.post4.dev20260715,2.10.0+cpu,3.2.0,r0_legacy,,
9.1.0,random_bias,5,Ascend950PR_957b,,,200,10,27,31.351287705557688,512,31.27561092376709,31.38643503189087,31.4444899559021,56,performance,7,kernel,20260811,1.0210625986322988,1.0210625986322988,MEASURED,2.10.0.post4.dev20260715,2.10.0+cpu,3.2.0,r1_constexpr,,
9.1.0,random_bias,5,Ascend950PR_957b,,,200,10,27,30.98477533885411,512,30.89818525314331,30.992300510406494,31.11092758178711,56,performance,7,kernel,20260811,1.0127171753949673,1.0340476307883468,MEASURED,2.10.0.post4.dev20260715,2.10.0+cpu,3.2.0,r2_core_partition,,
9.1.0,random_bias,5,Ascend950PR_957b,,,200,10,27,30.62432289123535,512,30.59828281402588,30.619850158691406,30.70693016052246,56,performance,7,kernel,20260811,1.0121636895603607,1.046625465159883,MEASURED,2.10.0.post4.dev20260715,2.10.0+cpu,3.2.0,r3_sort_tie,,
9.1.0,random_bias,5,Ascend950PR_957b,,,200,10,27,31.887803758893693,512,31.834327220916748,31.91246509552002,31.94073247909546,56,performance,7,kernel,20260811,0.9594949831371669,1.0042318830445112,MEASURED,2.10.0.post4.dev20260715,2.10.0+cpu,3.2.0,r4_bias_hoist,,
9.1.0,random_bias,5,Ascend950PR_957b,,,200,10,27,31.745802334376744,512,31.708271980285645,31.75555944442749,31.851547241210938,56,performance,7,kernel,20260811,1.004941045090612,1.0091938380600645,MEASURED,2.10.0.post4.dev20260715,2.10.0+cpu,3.2.0,r5_dispatch,,
9.1.0,random_bias,5,Ascend950PR_957b,,,200,10,27,30.723766258784703,512,30.629701137542725,30.734128952026367,30.83383274078369,56,performance,7,kernel,20260811,1.0332344051134652,1.0427337949121656,MEASURED,2.10.0.post4.dev20260715,2.10.0+cpu,3.2.0,r6_empirical_dispatch,,
9.1.0,random_bias,5,Ascend950PR_957b,,,200,10,27,30.680905750819615,512,30.634140968322754,30.67533016204834,30.724854946136475,56,performance,7,kernel,20260811,1.0019168103380602,1.044732517830098,MEASURED,2.10.0.post4.dev20260715,2.10.0+cpu,3.2.0,r7_vector_tie_recovery,,
9.1.0,random_bias,5,Ascend950PR_957b,,,200,10,27,30.68626335689,512,30.679635047912598,30.70338487625122,30.70673179626465,56,performance,7,kernel,20260811,0.9990862664062625,1.0437779106320866,MEASURED,2.10.0.post4.dev20260715,2.10.0+cpu,3.2.0,r8_safe_vector_dispatch,,
9.1.0,random_bias,5,Ascend950PR_957b,,,200,10,27,30.73310613632202,512,30.704176902770996,30.72597026824951,30.761000156402588,56,performance,7,kernel,20260811,0.9992649412922973,1.0430106725899688,MEASURED,2.10.0.post4.dev20260715,2.10.0+cpu,3.2.0,r9_pair_tie_recovery,,
9.1.0,random_bias,5,Ascend950PR_957b,,,200,10,27,30.733547891889298,512,30.67456293106079,30.750465393066406,30.780898571014404,56,performance,7,kernel,20260811,0.9992034226310468,1.042179833892607,MEASURED,2.10.0.post4.dev20260715,2.10.0+cpu,3.2.0,r10_group_rank_threshold,,
9.1.0,random_bias,5,Ascend950PR_957b,,,200,10,27,30.73340926851545,512,30.683862686157227,30.696005821228027,30.78663396835327,56,performance,7,kernel,20260811,1.0017741582457194,1.04402882583843,MEASURED,2.10.0.post4.dev20260715,2.10.0+cpu,3.2.0,r11_packed_exact_sort,,
9.1.0,random_bias,5,Ascend950PR_957b,,,200,10,27,30.706919261387416,512,30.676839351654053,30.699620246887207,30.742635250091553,56,performance,7,kernel,20260811,0.9998822648088116,1.0439059069050136,MEASURED,2.10.0.post4.dev20260715,2.10.0+cpu,3.2.0,r12_two_row_tile,,
9.1.0,random_bias,5,Ascend950PR_957b,,,200,10,27,30.68378414426531,512,30.644266605377197,30.69091558456421,30.73319101333618,56,performance,7,kernel,20260811,1.0002836234161543,1.0442019830644738,MEASURED,2.10.0.post4.dev20260715,2.10.0+cpu,3.2.0,r13_fp32_rank_reduce,,
9.1.0,random_bias,5,Ascend950PR_957b,,,200,10,27,30.720383099147252,512,30.67966365814209,30.73601484298706,30.750370979309082,56,performance,7,kernel,20260811,0.9985326901144069,1.0426698151721674,MEASURED,2.10.0.post4.dev20260715,2.10.0+cpu,3.2.0,r14_priority_argmax,,
9.1.0,random_bias,5,Ascend950PR_957b,,,200,10,27,30.72089638028826,512,30.65386199951172,30.715534687042236,30.790739059448242,56,performance,7,kernel,20260811,1.000666768661314,1.0433650347290222,MEASURED,2.10.0.post4.dev20260715,2.10.0+cpu,3.2.0,r15_unique_top10_fastpath,,
9.1.0,random_bias,5,Ascend950PR_957b,,,200,10,27,30.729404176984513,512,30.67263126373291,30.740244388580322,30.77239227294922,56,performance,7,kernel,20260811,0.9991961774530568,1.0425263543894148,MEASURED,2.10.0.post4.dev20260715,2.10.0+cpu,3.2.0,r16_split_unique_recovery,,
9.1.0,random_bias,5,Ascend950PR_957b,,,200,10,27,30.77120099748884,512,30.6868953704834,30.7620906829834,30.840874195098877,56,performance,7,kernel,20260811,0.9992898306351082,1.041785984110435,MEASURED,2.10.0.post4.dev20260715,2.10.0+cpu,3.2.0,r17_parallel_priority_argmax,,
9.1.0,random_bias,5,Ascend950PR_957b,,,200,10,27,30.75550181525094,512,30.721619129180908,30.738890171051025,30.802861213684082,56,performance,7,kernel,20260811,1.0007547608844454,1.0425722834212052,MEASURED,2.10.0.post4.dev20260715,2.10.0+cpu,3.2.0,r18_hierarchical_partial_sort,,
9.1.0,random_bias,5,Ascend950PR_957b,,,200,10,27,30.672596863337926,512,30.620984077453613,30.663704872131348,30.703552722930908,56,performance,7,kernel,20260811,1.0024519313381473,1.0451285990752095,MEASURED,2.10.0.post4.dev20260715,2.10.0+cpu,3.2.0,r19_unique_id_sum,,
9.1.0,random_bias,5,Ascend950PR_957b,,,200,10,27,30.72115319115775,512,30.70696449279785,30.720314979553223,30.744565963745117,56,performance,7,kernel,20260811,0.9981572419599358,1.0432026799463625,MEASURED,2.10.0.post4.dev20260715,2.10.0+cpu,3.2.0,r20_iterative_rank1_maxarg,,
9.1.0,random_bias,5,Ascend950PR_957b,,,200,10,28,32.526945046016145,512,32.36870718002319,32.535905838012695,32.638840198516846,56,performance,7,kernel,20260811,nan,1.0,MEASURED,2.10.0.post4.dev20260715,2.10.0+cpu,3.2.0,r0_legacy,,
9.1.0,random_bias,5,Ascend950PR_957b,,,200,10,28,31.650197165352957,512,31.56362295150757,31.670639514923096,31.76885414123535,56,performance,7,kernel,20260811,1.0273207720570938,1.0273207720570938,MEASURED,2.10.0.post4.dev20260715,2.10.0+cpu,3.2.0,r1_constexpr,,
9.1.0,random_bias,5,Ascend950PR_957b,,,200,10,28,31.45582948412214,512,31.386929988861084,31.464269161224365,31.498760223388672,56,performance,7,kernel,20260811,1.0065588796180607,1.0340588453301494,MEASURED,2.10.0.post4.dev20260715,2.10.0+cpu,3.2.0,r2_core_partition,,
9.1.0,random_bias,5,Ascend950PR_957b,,,200,10,28,31.028633458273752,512,30.94242811203003,31.01288080215454,31.106772422790527,56,performance,7,kernel,20260811,1.0145548671195508,1.0491094344177256,MEASURED,2.10.0.post4.dev20260715,2.10.0+cpu,3.2.0,r3_sort_tie,,
9.1.0,random_bias,5,Ascend950PR_957b,,,200,10,28,32.28442430496216,512,32.189236640930176,32.225074768066406,32.43481969833374,56,performance,7,kernel,20260811,0.9623835173498777,1.0096456275798718,MEASURED,2.10.0.post4.dev20260715,2.10.0+cpu,3.2.0,r4_bias_hoist,,
9.1.0,random_bias,5,Ascend950PR_957b,,,200,10,28,31.912683418818883,512,31.86340618133545,31.924920082092285,31.962218284606934,56,performance,7,kernel,20260811,1.0094018931042676,1.019138207843569,MEASURED,2.10.0.post4.dev20260715,2.10.0+cpu,3.2.0,r5_dispatch,,
9.1.0,random_bias,5,Ascend950PR_957b,,,200,10,28,30.99796772003174,512,30.883819103240967,31.07034921646118,31.081732749938965,56,performance,7,kernel,20260811,1.027504385601767,1.047168978093592,MEASURED,2.10.0.post4.dev20260715,2.10.0+cpu,3.2.0,r6_empirical_dispatch,,
9.1.0,random_bias,5,Ascend950PR_957b,,,200,10,28,30.75831174850464,512,30.7138614654541,30.76364517211914,30.774314403533936,56,performance,7,kernel,20260811,1.009969691258174,1.0576089295003228,MEASURED,2.10.0.post4.dev20260715,2.10.0+cpu,3.2.0,r7_vector_tie_recovery,,
9.1.0,random_bias,5,Ascend950PR_957b,,,200,10,28,30.80063819885254,512,30.754061698913574,30.77117919921875,30.835012912750244,56,performance,7,kernel,20260811,0.9997551596235285,1.0573499841318643,MEASURED,2.10.0.post4.dev20260715,2.10.0+cpu,3.2.0,r8_safe_vector_dispatch,,
9.1.0,random_bias,5,Ascend950PR_957b,,,200,10,28,30.745463030678884,512,30.716404914855957,30.729150772094727,30.762352466583252,56,performance,7,kernel,20260811,1.0013677054545285,1.058796127472507,MEASURED,2.10.0.post4.dev20260715,2.10.0+cpu,3.2.0,r9_pair_tie_recovery,,
9.1.0,random_bias,5,Ascend950PR_957b,,,200,10,28,30.722127982548304,512,30.68786096572876,30.70690393447876,30.737946033477783,56,performance,7,kernel,20260811,1.0007244897650196,1.059563214430103,MEASURED,2.10.0.post4.dev20260715,2.10.0+cpu,3.2.0,r10_group_rank_threshold,,
9.1.0,random_bias,5,Ascend950PR_957b,,,200,10,28,30.790565013885498,512,30.73122215270996,30.79664945602417,30.822647094726562,56,performance,7,kernel,20260811,0.9970858673547082,1.056475506677182,MEASURED,2.10.0.post4.dev20260715,2.10.0+cpu,3.2.0,r11_packed_exact_sort,,
9.1.0,random_bias,5,Ascend950PR_957b,,,200,10,28,30.86360761097499,512,30.78701162338257,30.826025009155273,30.919014930725098,56,performance,7,kernel,20260811,0.9990470534841135,1.0554687420239746,MEASURED,2.10.0.post4.dev20260715,2.10.0+cpu,3.2.0,r12_two_row_tile,,
9.1.0,random_bias,5,Ascend950PR_957b,,,200,10,28,30.773065771375382,512,30.692100524902344,30.721020698547363,30.865708351135254,56,performance,7,kernel,20260811,1.0034179955034135,1.0590763294382062,MEASURED,2.10.0.post4.dev20260715,2.10.0+cpu,3.2.0,r13_fp32_rank_reduce,,
9.1.0,random_bias,5,Ascend950PR_957b,,,200,10,28,30.877275466918945,512,30.778433799743652,30.86287021636963,30.95939540863037,56,performance,7,kernel,20260811,0.9954038779663782,1.054208685385188,MEASURED,2.10.0.post4.dev20260715,2.10.0+cpu,3.2.0,r14_priority_argmax,,
9.1.0,random_bias,5,Ascend950PR_957b,,,200,10,28,30.829382964542933,512,30.72995138168335,30.76420545578003,30.896052837371826,56,performance,7,kernel,20260811,1.0032071285160093,1.0575896681219112,MEASURED,2.10.0.post4.dev20260715,2.10.0+cpu,3.2.0,r15_unique_top10_fastpath,,
9.1.0,random_bias,5,Ascend950PR_957b,,,200,10,28,30.89285067149571,512,30.82308530807495,30.897865295410156,30.990517139434814,56,performance,7,kernel,20260811,0.9956741399979505,1.053014683278002,MEASURED,2.10.0.post4.dev20260715,2.10.0+cpu,3.2.0,r16_split_unique_recovery,,
9.1.0,random_bias,5,Ascend950PR_957b,,,200,10,28,30.898124149867467,512,30.75958251953125,30.83204984664917,31.09204339981079,56,performance,7,kernel,20260811,1.0021346439529106,1.0552624947039875,MEASURED,2.10.0.post4.dev20260715,2.10.0+cpu,3.2.0,r17_parallel_priority_argmax,,
9.1.0,random_bias,5,Ascend950PR_957b,,,200,10,28,30.933819157736643,512,30.77223300933838,30.967319011688232,31.09975004196167,56,performance,7,kernel,20260811,0.9956318735571521,1.0506529746967253,MEASURED,2.10.0.post4.dev20260715,2.10.0+cpu,3.2.0,r18_hierarchical_partial_sort,,
9.1.0,random_bias,5,Ascend950PR_957b,,,200,10,28,30.963338443211146,512,30.821771144866943,30.87625026702881,31.113906383514404,56,performance,7,kernel,20260811,1.0029494755312522,1.0537518499374308,MEASURED,2.10.0.post4.dev20260715,2.10.0+cpu,3.2.0,r19_unique_id_sum,,
9.1.0,random_bias,5,Ascend950PR_957b,,,200,10,28,31.016451290675572,512,30.892712116241455,30.91912031173706,31.220224380493164,56,performance,7,kernel,20260811,0.9986134778649579,1.052290799672651,MEASURED,2.10.0.post4.dev20260715,2.10.0+cpu,3.2.0,r20_iterative_rank1_maxarg,,
9.1.0,random_bias,5,Ascend950PR_957b,,,200,10,29,32.21403530665806,512,32.04736948013306,32.26022958755493,32.35783815383911,56,performance,7,kernel,20260811,nan,1.0,MEASURED,2.10.0.post4.dev20260715,2.10.0+cpu,3.2.0,r0_legacy,,
9.1.0,random_bias,5,Ascend950PR_957b,,,200,10,29,31.360560825892858,512,31.26495933532715,31.378169059753418,31.417421340942383,56,performance,7,kernel,20260811,1.0281106436172807,1.0281106436172807,MEASURED,2.10.0.post4.dev20260715,2.10.0+cpu,3.2.0,r1_constexpr,,
9.1.0,random_bias,5,Ascend950PR_957b,,,200,10,29,31.33819580078125,512,31.220234870910645,31.32232427597046,31.453973293304443,56,performance,7,kernel,20260811,1.0017829067629507,1.0299436690368475,MEASURED,2.10.0.post4.dev20260715,2.10.0+cpu,3.2.0,r2_core_partition,,
9.1.0,random_bias,5,Ascend950PR_957b,,,200,10,29,30.856311321258545,512,30.7194766998291,30.90636968612671,30.970224857330322,56,performance,7,kernel,20260811,1.0134585392612598,1.043805206343466,MEASURED,2.10.0.post4.dev20260715,2.10.0+cpu,3.2.0,r3_sort_tie,,
9.1.0,random_bias,5,Ascend950PR_957b,,,200,10,29,31.95786646434239,512,31.89067792892456,31.98863983154297,31.996341705322266,56,performance,7,kernel,20260811,0.9661670470793489,1.008490193938917,MEASURED,2.10.0.post4.dev20260715,2.10.0+cpu,3.2.0,r4_bias_hoist,,
9.1.0,random_bias,5,Ascend950PR_957b,,,200,10,29,31.801478181566512,512,31.76998996734619,31.85814619064331,31.897958278656006,56,performance,7,kernel,20260811,1.0040960839378026,1.0126210544237415,MEASURED,2.10.0.post4.dev20260715,2.10.0+cpu,3.2.0,r5_dispatch,,
9.1.0,random_bias,5,Ascend950PR_957b,,,200,10,29,30.886519977024623,512,30.839845180511475,30.86440086364746,30.9380841255188,56,performance,7,kernel,20260811,1.0321971364805043,1.0452245527160549,MEASURED,2.10.0.post4.dev20260715,2.10.0+cpu,3.2.0,r6_empirical_dispatch,,
9.1.0,random_bias,5,Ascend950PR_957b,,,200,10,29,30.741101673671178,512,30.699013710021973,30.733718872070312,30.749364376068115,56,performance,7,kernel,20260811,1.004252072198653,1.0496689229780083,MEASURED,2.10.0.post4.dev20260715,2.10.0+cpu,3.2.0,r7_vector_tie_recovery,,
9.1.0,random_bias,5,Ascend950PR_957b,,,200,10,29,30.734307084764755,512,30.702805519104004,30.74117422103882,30.756964683532715,56,performance,7,kernel,20260811,0.9997574800196343,1.0494143572914172,MEASURED,2.10.0.post4.dev20260715,2.10.0+cpu,3.2.0,r8_safe_vector_dispatch,,
9.1.0,random_bias,5,Ascend950PR_957b,,,200,10,29,30.735933099474227,512,30.710901737213135,30.73591947555542,30.750635147094727,56,performance,7,kernel,20260811,1.0001709643170942,1.0495937697003601,MEASURED,2.10.0.post4.dev20260715,2.10.0+cpu,3.2.0,r9_pair_tie_recovery,,
9.1.0,random_bias,5,Ascend950PR_957b,,,200,10,29,30.747386387416295,512,30.726290225982666,30.742125511169434,30.75344228744507,56,performance,7,kernel,20260811,0.999798126007528,1.049381884015597,MEASURED,2.10.0.post4.dev20260715,2.10.0+cpu,3.2.0,r10_group_rank_threshold,,
9.1.0,random_bias,5,Ascend950PR_957b,,,200,10,29,30.78212567738124,512,30.770796298980713,30.772700309753418,30.80113697052002,56,performance,7,kernel,20260811,0.9990064310809184,1.048339250791392,MEASURED,2.10.0.post4.dev20260715,2.10.0+cpu,3.2.0,r11_packed_exact_sort,,
9.1.0,random_bias,5,Ascend950PR_957b,,,200,10,29,30.782932213374547,512,30.715063095092773,30.738708972930908,30.83722496032715,56,performance,7,kernel,20260811,1.0011058153695538,1.0494985204474236,MEASURED,2.10.0.post4.dev20260715,2.10.0+cpu,3.2.0,r12_two_row_tile,,
9.1.0,random_bias,5,Ascend950PR_957b,,,200,10,29,30.747787271227157,512,30.696328163146973,30.702850818634033,30.757648468017578,56,performance,7,kernel,20260811,1.0011679096025543,1.0507242398473207,MEASURED,2.10.0.post4.dev20260715,2.10.0+cpu,3.2.0,r13_fp32_rank_reduce,,
9.1.0,random_bias,5,Ascend950PR_957b,,,200,10,29,30.744280133928573,512,30.72131586074829,30.733513832092285,30.7715163230896,56,performance,7,kernel,20260811,0.9990022939249389,1.049675925890011,MEASURED,2.10.0.post4.dev20260715,2.10.0+cpu,3.2.0,r14_priority_argmax,,
9.1.0,random_bias,5,Ascend950PR_957b,,,200,10,29,30.726939269474574,512,30.697146892547607,30.7106351852417,30.726989269256592,56,performance,7,kernel,20260811,1.0007449747200794,1.050457907919075,MEASURED,2.10.0.post4.dev20260715,2.10.0+cpu,3.2.0,r15_unique_top10_fastpath,,
9.1.0,random_bias,5,Ascend950PR_957b,,,200,10,29,30.737646647862025,512,30.725432872772217,30.731616020202637,30.762685298919678,56,performance,7,kernel,20260811,0.9993172882627732,1.049740747975876,MEASURED,2.10.0.post4.dev20260715,2.10.0+cpu,3.2.0,r16_split_unique_recovery,,
9.1.0,random_bias,5,Ascend950PR_957b,,,200,10,29,30.721541813441686,512,30.69684410095215,30.721559524536133,30.74536371231079,56,performance,7,kernel,20260811,1.0003273432671436,1.050084373541972,MEASURED,2.10.0.post4.dev20260715,2.10.0+cpu,3.2.0,r17_parallel_priority_argmax,,
9.1.0,random_bias,5,Ascend950PR_957b,,,200,10,29,30.764554228101456,512,30.705392837524414,30.727789402008057,30.79962682723999,56,performance,7,kernel,20260811,0.9997972559174232,1.0498714751490301,MEASURED,2.10.0.post4.dev20260715,2.10.0+cpu,3.2.0,r18_hierarchical_partial_sort,,
9.1.0,random_bias,5,Ascend950PR_957b,,,200,10,29,30.724926676068986,512,30.71534776687622,30.720059871673584,30.727750301361084,56,performance,7,kernel,20260811,1.000251611825197,1.0501356352271145,MEASURED,2.10.0.post4.dev20260715,2.10.0+cpu,3.2.0,r19_unique_id_sum,,
9.1.0,random_bias,5,Ascend950PR_957b,,,200,10,29,30.801111970629012,512,30.743226528167725,30.7700252532959,30.839773654937744,56,performance,7,kernel,20260811,0.998376167025831,1.048430390355283,MEASURED,2.10.0.post4.dev20260715,2.10.0+cpu,3.2.0,r20_iterative_rank1_maxarg,,
9.1.0,random_bias,5,Ascend950PR_957b,,,200,10,30,32.275262219565256,512,32.16333293914795,32.2810959815979,32.35446500778198,56,performance,7,kernel,20260811,nan,1.0,MEASURED,2.10.0.post4.dev20260715,2.10.0+cpu,3.2.0,r0_legacy,,
9.1.0,random_bias,5,Ascend950PR_957b,,,200,10,30,31.50639840534755,512,31.445154190063477,31.499264240264893,31.543230056762695,56,performance,7,kernel,20260811,1.024820635027202,1.024820635027202,MEASURED,2.10.0.post4.dev20260715,2.10.0+cpu,3.2.0,r1_constexpr,,
9.1.0,random_bias,5,Ascend950PR_957b,,,200,10,30,31.245278971535818,512,31.16574239730835,31.242265701293945,31.349844932556152,56,performance,7,kernel,20260811,1.0082259891593042,1.033250798461167,MEASURED,2.10.0.post4.dev20260715,2.10.0+cpu,3.2.0,r2_core_partition,,
9.1.0,random_bias,5,Ascend950PR_957b,,,200,10,30,30.756937435695104,512,30.630350589752197,30.81044912338257,30.853275299072266,56,performance,7,kernel,20260811,1.0140152639834017,1.047732081162661,MEASURED,2.10.0.post4.dev20260715,2.10.0+cpu,3.2.0,r3_sort_tie,,
9.1.0,random_bias,5,Ascend950PR_957b,,,200,10,30,31.97525773729597,512,31.870697498321533,31.911144256591797,32.0485725402832,56,performance,7,kernel,20260811,0.96550750031529,1.0115931826834972,MEASURED,2.10.0.post4.dev20260715,2.10.0+cpu,3.2.0,r4_bias_hoist,,
9.1.0,random_bias,5,Ascend950PR_957b,,,200,10,30,31.89982005528041,512,31.857221603393555,31.90490961074829,31.957095623016357,56,performance,7,kernel,20260811,1.000195413368023,1.0117908615143945,MEASURED,2.10.0.post4.dev20260715,2.10.0+cpu,3.2.0,r5_dispatch,,
9.1.0,random_bias,5,Ascend950PR_957b,,,200,10,30,30.833708558763778,512,30.705203533172607,30.77301025390625,30.914194107055664,56,performance,7,kernel,20260811,1.0367822110187728,1.049006766489483,MEASURED,2.10.0.post4.dev20260715,2.10.0+cpu,3.2.0,r6_empirical_dispatch,,
9.1.0,random_bias,5,Ascend950PR_957b,,,200,10,30,30.756679943629674,512,30.704464435577393,30.71657419204712,30.760353565216064,56,performance,7,kernel,20260811,1.001837316280985,1.0509341237004175,MEASURED,2.10.0.post4.dev20260715,2.10.0+cpu,3.2.0,r7_vector_tie_recovery,,
9.1.0,random_bias,5,Ascend950PR_957b,,,200,10,30,30.746891839163645,512,30.694159507751465,30.716044902801514,30.749408721923828,56,performance,7,kernel,20260811,1.0000172316861524,1.050952233067404,MEASURED,2.10.0.post4.dev20260715,2.10.0+cpu,3.2.0,r8_safe_vector_dispatch,,
9.1.0,random_bias,5,Ascend950PR_957b,,,200,10,30,30.716886860983713,512,30.650821208953857,30.71342945098877,30.75618839263916,56,performance,7,kernel,20260811,1.0000851566190914,1.0510417286063984,MEASURED,2.10.0.post4.dev20260715,2.10.0+cpu,3.2.0,r9_pair_tie_recovery,,
9.1.0,random_bias,5,Ascend950PR_957b,,,200,10,30,30.732803344726562,512,30.6714448928833,30.702199935913086,30.759896278381348,56,performance,7,kernel,20260811,1.0003657560402552,1.0514261534671965,MEASURED,2.10.0.post4.dev20260715,2.10.0+cpu,3.2.0,r10_group_rank_threshold,,
9.1.0,random_bias,5,Ascend950PR_957b,,,200,10,30,30.687015737806046,512,30.675963401794434,30.681424140930176,30.7078275680542,56,performance,7,kernel,20260811,1.0006771457181218,1.052138122184938,MEASURED,2.10.0.post4.dev20260715,2.10.0+cpu,3.2.0,r11_packed_exact_sort,,
9.1.0,random_bias,5,Ascend950PR_957b,,,200,10,30,30.71833542415074,512,30.69422435760498,30.707805156707764,30.755194664001465,56,performance,7,kernel,20260811,0.9991409019419343,1.051234232367352,MEASURED,2.10.0.post4.dev20260715,2.10.0+cpu,3.2.0,r12_two_row_tile,,
9.1.0,random_bias,5,Ascend950PR_957b,,,200,10,30,30.7511602129255,512,30.70365858078003,30.741500854492188,30.771163940429688,56,performance,7,kernel,20260811,0.9989039019941182,1.0500819766215395,MEASURED,2.10.0.post4.dev20260715,2.10.0+cpu,3.2.0,r13_fp32_rank_reduce,,
9.1.0,random_bias,5,Ascend950PR_957b,,,200,10,30,30.7169086592538,512,30.684661388397217,30.702850818634033,30.755004405975342,56,performance,7,kernel,20260811,1.0012588419259978,1.0514038638394454,MEASURED,2.10.0.post4.dev20260715,2.10.0+cpu,3.2.0,r14_priority_argmax,,
9.1.0,random_bias,5,Ascend950PR_957b,,,200,10,30,30.720690999712264,512,30.693090438842773,30.718939304351807,30.7392635345459,56,performance,7,kernel,20260811,0.9994762681888728,1.0508532101896106,MEASURED,2.10.0.post4.dev20260715,2.10.0+cpu,3.2.0,r15_unique_top10_fastpath,,
9.1.0,random_bias,5,Ascend950PR_957b,,,200,10,30,30.74026278087071,512,30.71219778060913,30.74791431427002,30.75839614868164,56,performance,7,kernel,20260811,0.9990576593383843,1.0498629484802595,MEASURED,2.10.0.post4.dev20260715,2.10.0+cpu,3.2.0,r16_split_unique_recovery,,
9.1.0,random_bias,5,Ascend950PR_957b,,,200,10,30,30.778348445892334,512,30.71614408493042,30.750958919525146,30.7942795753479,56,performance,7,kernel,20260811,0.9999009915345048,1.0497590031607502,MEASURED,2.10.0.post4.dev20260715,2.10.0+cpu,3.2.0,r17_parallel_priority_argmax,,
9.1.0,random_bias,5,Ascend950PR_957b,,,200,10,30,30.736113956996373,512,30.69032859802246,30.751760005950928,30.777344703674316,56,performance,7,kernel,20260811,0.9999739498999203,1.0497316568336583,MEASURED,2.10.0.post4.dev20260715,2.10.0+cpu,3.2.0,r18_hierarchical_partial_sort,,
9.1.0,random_bias,5,Ascend950PR_957b,,,200,10,30,30.766596453530447,512,30.725116729736328,30.760784149169922,30.78200674057007,56,performance,7,kernel,20260811,0.9997066348121936,1.0494237021090052,MEASURED,2.10.0.post4.dev20260715,2.10.0+cpu,3.2.0,r19_unique_id_sum,,
9.1.0,random_bias,5,Ascend950PR_957b,,,200,10,30,30.770462240491593,512,30.703052043914795,30.7287859916687,30.83330202102661,56,performance,7,kernel,20260811,1.001041308872726,1.05051647632126,MEASURED,2.10.0.post4.dev20260715,2.10.0+cpu,3.2.0,r20_iterative_rank1_maxarg,,
9.1.0,random_bias,5,Ascend950PR_957b,,,200,10,31,32.16942276273455,512,32.0910382270813,32.142019271850586,32.25888156890869,56,performance,7,kernel,20260811,nan,1.0,MEASURED,2.10.0.post4.dev20260715,2.10.0+cpu,3.2.0,r0_legacy,,
9.1.0,random_bias,5,Ascend950PR_957b,,,200,10,31,31.261378696986608,512,31.206417560577393,31.28349542617798,31.311427116394043,56,performance,7,kernel,20260811,1.0274433478093434,1.0274433478093434,MEASURED,2.10.0.post4.dev20260715,2.10.0+cpu,3.2.0,r1_constexpr,,
9.1.0,random_bias,5,Ascend950PR_957b,,,200,10,31,31.195153168269567,512,31.15207862854004,31.22990608215332,31.263172149658203,56,performance,7,kernel,20260811,1.0017159623818173,1.0292064019436327,MEASURED,2.10.0.post4.dev20260715,2.10.0+cpu,3.2.0,r2_core_partition,,
9.1.0,random_bias,5,Ascend950PR_957b,,,200,10,31,30.608388696398055,512,30.565654754638672,30.614910125732422,30.64662218093872,56,performance,7,kernel,20260811,1.020088118955606,1.0498812225757475,MEASURED,2.10.0.post4.dev20260715,2.10.0+cpu,3.2.0,r3_sort_tie,,
9.1.0,random_bias,5,Ascend950PR_957b,,,200,10,31,31.866749014173234,512,31.721498012542725,31.897923946380615,31.99864673614502,56,performance,7,kernel,20260811,0.959777513332689,1.0076523890984344,MEASURED,2.10.0.post4.dev20260715,2.10.0+cpu,3.2.0,r4_bias_hoist,,
9.1.0,random_bias,5,Ascend950PR_957b,,,200,10,31,31.734093597957067,512,31.568663597106934,31.67685031890869,31.781553268432617,56,performance,7,kernel,20260811,1.0069790280676978,1.014684823404435,MEASURED,2.10.0.post4.dev20260715,2.10.0+cpu,3.2.0,r5_dispatch,,
9.1.0,random_bias,5,Ascend950PR_957b,,,200,10,31,30.59483221599034,512,30.50171661376953,30.62711000442505,30.661614894866943,56,performance,7,kernel,20260811,1.0342748732848766,1.0494630171507093,MEASURED,2.10.0.post4.dev20260715,2.10.0+cpu,3.2.0,r6_empirical_dispatch,,
9.1.0,random_bias,5,Ascend950PR_957b,,,200,10,31,30.660948412758962,512,30.60629415512085,30.636165142059326,30.72908353805542,56,performance,7,kernel,20260811,0.999704429794255,1.0491528271508084,MEASURED,2.10.0.post4.dev20260715,2.10.0+cpu,3.2.0,r7_vector_tie_recovery,,
9.1.0,random_bias,5,Ascend950PR_957b,,,200,10,31,30.597330502101354,512,30.572744846343994,30.60133934020996,30.622169494628906,56,performance,7,kernel,20260811,1.0011380482880894,1.0503468137296912,MEASURED,2.10.0.post4.dev20260715,2.10.0+cpu,3.2.0,r8_safe_vector_dispatch,,
9.1.0,random_bias,5,Ascend950PR_957b,,,200,10,31,30.624399866376603,512,30.57967710494995,30.621485710144043,30.664923667907715,56,performance,7,kernel,20260811,0.9993420838516857,1.049655773599608,MEASURED,2.10.0.post4.dev20260715,2.10.0+cpu,3.2.0,r9_pair_tie_recovery,,
9.1.0,random_bias,5,Ascend950PR_957b,,,200,10,31,30.64075674329485,512,30.605862140655518,30.62077522277832,30.67512607574463,56,performance,7,kernel,20260811,1.0000232027883211,1.0496801285403328,MEASURED,2.10.0.post4.dev20260715,2.10.0+cpu,3.2.0,r10_group_rank_threshold,,
9.1.0,random_bias,5,Ascend950PR_957b,,,200,10,31,30.624167919158936,512,30.58602523803711,30.61816930770874,30.65574550628662,56,performance,7,kernel,20260811,1.0000851100875232,1.0497694669079443,MEASURED,2.10.0.post4.dev20260715,2.10.0+cpu,3.2.0,r11_packed_exact_sort,,
9.1.0,random_bias,5,Ascend950PR_957b,,,200,10,31,30.627545969826834,512,30.57423210144043,30.639729499816895,30.673187732696533,56,performance,7,kernel,20260811,0.9992963321654559,1.0490307779003947,MEASURED,2.10.0.post4.dev20260715,2.10.0+cpu,3.2.0,r12_two_row_tile,,
9.1.0,random_bias,5,Ascend950PR_957b,,,200,10,31,30.638110978262766,512,30.608485221862793,30.646049976348877,30.68126678466797,56,performance,7,kernel,20260811,0.9997937588518957,1.0488144245883637,MEASURED,2.10.0.post4.dev20260715,2.10.0+cpu,3.2.0,r13_fp32_rank_reduce,,
9.1.0,random_bias,5,Ascend950PR_957b,,,200,10,31,30.675407818385533,512,30.658549308776855,30.66523551940918,30.70360279083252,56,performance,7,kernel,20260811,0.9993743552679333,1.0481582393687046,MEASURED,2.10.0.post4.dev20260715,2.10.0+cpu,3.2.0,r14_priority_argmax,,
9.1.0,random_bias,5,Ascend950PR_957b,,,200,10,31,30.68363564355033,512,30.619484901428223,30.69230556488037,30.734610557556152,56,performance,7,kernel,20260811,0.9991180185074735,1.0472337832003422,MEASURED,2.10.0.post4.dev20260715,2.10.0+cpu,3.2.0,r15_unique_top10_fastpath,,
9.1.0,random_bias,5,Ascend950PR_957b,,,200,10,31,30.70840154375349,512,30.649025917053223,30.693564414978027,30.75543785095215,56,performance,7,kernel,20260811,0.9999589865132431,1.0471908324914434,MEASURED,2.10.0.post4.dev20260715,2.10.0+cpu,3.2.0,r16_split_unique_recovery,,
9.1.0,random_bias,5,Ascend950PR_957b,,,200,10,31,30.68495852606637,512,30.663737297058105,30.69481611251831,30.720091342926025,56,performance,7,kernel,20260811,0.9999592212073956,1.047148129313668,MEASURED,2.10.0.post4.dev20260715,2.10.0+cpu,3.2.0,r17_parallel_priority_argmax,,
9.1.0,random_bias,5,Ascend950PR_957b,,,200,10,31,30.686866555895126,512,30.668221473693848,30.67892551422119,30.69277858734131,56,performance,7,kernel,20260811,1.0005179646298157,1.0476905150068303,MEASURED,2.10.0.post4.dev20260715,2.10.0+cpu,3.2.0,r18_hierarchical_partial_sort,,
9.1.0,random_bias,5,Ascend950PR_957b,,,200,10,31,30.69997651236398,512,30.667956829071045,30.683045387268066,30.71908950805664,56,performance,7,kernel,20260811,0.9998657280268345,1.0475498395341136,MEASURED,2.10.0.post4.dev20260715,2.10.0+cpu,3.2.0,r19_unique_id_sum,,
9.1.0,random_bias,5,Ascend950PR_957b,,,200,10,31,30.729542119162424,512,30.67957830429077,30.72084903717041,30.773221492767334,56,performance,7,kernel,20260811,0.9987694464480261,1.0462607733582052,MEASURED,2.10.0.post4.dev20260715,2.10.0+cpu,3.2.0,r20_iterative_rank1_maxarg,,
9.1.0,random_bias,5,Ascend950PR_957b,,,200,10,32,32.167388030460906,512,32.018513679504395,32.1850848197937,32.21201944351196,56,performance,7,kernel,20260811,nan,1.0,MEASURED,2.10.0.post4.dev20260715,2.10.0+cpu,3.2.0,r0_legacy,,
9.1.0,random_bias,5,Ascend950PR_957b,,,200,10,32,31.362198420933314,512,31.24397850036621,31.401865482330322,31.443044185638428,56,performance,7,kernel,20260811,1.0249418092025167,1.0249418092025167,MEASURED,2.10.0.post4.dev20260715,2.10.0+cpu,3.2.0,r1_constexpr,,
9.1.0,random_bias,5,Ascend950PR_957b,,,200,10,32,31.26781565802438,512,31.21657419204712,31.267340183258057,31.308818340301514,56,performance,7,kernel,20260811,1.0043024222170422,1.029351541613605,MEASURED,2.10.0.post4.dev20260715,2.10.0+cpu,3.2.0,r2_core_partition,,
9.1.0,random_bias,5,Ascend950PR_957b,,,200,10,32,30.85726124899728,512,30.715057849884033,30.863869190216064,30.963256359100342,56,performance,7,kernel,20260811,1.0130725992439695,1.042807841798282,MEASURED,2.10.0.post4.dev20260715,2.10.0+cpu,3.2.0,r3_sort_tie,,
9.1.0,random_bias,5,Ascend950PR_957b,,,200,10,32,32.05092464174543,512,31.92792797088623,32.019004821777344,32.13714790344238,56,performance,7,kernel,20260811,0.9639234374087846,1.0051869194230358,MEASURED,2.10.0.post4.dev20260715,2.10.0+cpu,3.2.0,r4_bias_hoist,,
9.1.0,random_bias,5,Ascend950PR_957b,,,200,10,32,31.860724176679337,512,31.696824550628662,31.778929233551025,32.04436635971069,56,performance,7,kernel,20260811,1.0075545524665712,1.0127806567445283,MEASURED,2.10.0.post4.dev20260715,2.10.0+cpu,3.2.0,r5_dispatch,,
9.1.0,random_bias,5,Ascend950PR_957b,,,200,10,32,30.855534076690674,512,30.707807064056396,30.7607102394104,31.022112369537354,56,performance,7,kernel,20260811,1.0331012836249824,1.046304996513325,MEASURED,2.10.0.post4.dev20260715,2.10.0+cpu,3.2.0,r6_empirical_dispatch,,
9.1.0,random_bias,5,Ascend950PR_957b,,,200,10,32,30.740165369851248,512,30.67442274093628,30.73026418685913,30.793765544891357,56,performance,7,kernel,20260811,1.0009907514092993,1.0473416246631775,MEASURED,2.10.0.post4.dev20260715,2.10.0+cpu,3.2.0,r7_vector_tie_recovery,,
9.1.0,random_bias,5,Ascend950PR_957b,,,200,10,32,30.717074871063232,512,30.67400884628296,30.695021152496338,30.743977069854736,56,performance,7,kernel,20260811,1.0011481677822505,1.0485441485736255,MEASURED,2.10.0.post4.dev20260715,2.10.0+cpu,3.2.0,r8_safe_vector_dispatch,,
9.1.0,random_bias,5,Ascend950PR_957b,,,200,10,32,30.73261329105922,512,30.678856372833252,30.692944526672363,30.735429763793945,56,performance,7,kernel,20260811,1.0000676580841623,1.0486150910618777,MEASURED,2.10.0.post4.dev20260715,2.10.0+cpu,3.2.0,r9_pair_tie_recovery,,
9.1.0,random_bias,5,Ascend950PR_957b,,,200,10,32,30.733095237186976,512,30.70338535308838,30.704355239868164,30.724108695983887,56,performance,7,kernel,20260811,0.9996283682524301,1.0482253924030582,MEASURED,2.10.0.post4.dev20260715,2.10.0+cpu,3.2.0,r10_group_rank_threshold,,
9.1.0,random_bias,5,Ascend950PR_957b,,,200,10,32,30.715535027640207,512,30.68114995956421,30.707058906555176,30.75378179550171,56,performance,7,kernel,20260811,0.9999119529260279,1.0481330992243938,MEASURED,2.10.0.post4.dev20260715,2.10.0+cpu,3.2.0,r11_packed_exact_sort,,
9.1.0,random_bias,5,Ascend950PR_957b,,,200,10,32,30.707833766937256,512,30.679692268371582,30.704729557037354,30.728784561157227,56,performance,7,kernel,20260811,1.000075862889901,1.0482126136303018,MEASURED,2.10.0.post4.dev20260715,2.10.0+cpu,3.2.0,r12_two_row_tile,,
9.1.0,random_bias,5,Ascend950PR_957b,,,200,10,32,30.699737753186906,512,30.668082237243652,30.687754154205322,30.712260723114014,56,performance,7,kernel,20260811,1.0005531653683983,1.0487924485468805,MEASURED,2.10.0.post4.dev20260715,2.10.0+cpu,3.2.0,r13_fp32_rank_reduce,,
9.1.0,random_bias,5,Ascend950PR_957b,,,200,10,32,30.741422857557023,512,30.67977476119995,30.724709033966064,30.810826301574707,56,performance,7,kernel,20260811,0.9987972260463105,1.047530988306942,MEASURED,2.10.0.post4.dev20260715,2.10.0+cpu,3.2.0,r14_priority_argmax,,
9.1.0,random_bias,5,Ascend950PR_957b,,,200,10,32,30.735887799944198,512,30.699707508087158,30.7096004486084,30.776836395263672,56,performance,7,kernel,20260811,1.0004919824789955,1.0480463551993937,MEASURED,2.10.0.post4.dev20260715,2.10.0+cpu,3.2.0,r15_unique_top10_fastpath,,
9.1.0,random_bias,5,Ascend950PR_957b,,,200,10,32,30.72859219142369,512,30.717422008514404,30.731310844421387,30.74657964706421,56,performance,7,kernel,20260811,0.9992935414983468,1.0473059539416365,MEASURED,2.10.0.post4.dev20260715,2.10.0+cpu,3.2.0,r16_split_unique_recovery,,
9.1.0,random_bias,5,Ascend950PR_957b,,,200,10,32,30.6921809060233,512,30.659396171569824,30.693390369415283,30.721691131591797,56,performance,7,kernel,20260811,1.001235460617081,1.0485998592017658,MEASURED,2.10.0.post4.dev20260715,2.10.0+cpu,3.2.0,r17_parallel_priority_argmax,,
9.1.0,random_bias,5,Ascend950PR_957b,,,200,10,32,30.708839893341064,512,30.63562536239624,30.69417953491211,30.77649688720703,56,performance,7,kernel,20260811,0.9999742894089765,1.0485728990796386,MEASURED,2.10.0.post4.dev20260715,2.10.0+cpu,3.2.0,r18_hierarchical_partial_sort,,
9.1.0,random_bias,5,Ascend950PR_957b,,,200,10,32,30.733712400708878,512,30.70188283920288,30.725035667419434,30.769752979278564,56,performance,7,kernel,20260811,0.9989957332241588,1.0475198521550453,MEASURED,2.10.0.post4.dev20260715,2.10.0+cpu,3.2.0,r19_unique_id_sum,,
9.1.0,random_bias,5,Ascend950PR_957b,,,200,10,32,30.745119707924978,512,30.71892261505127,30.73474407196045,30.762425899505615,56,performance,7,kernel,20260811,0.9996841228116855,1.047188964529443,MEASURED,2.10.0.post4.dev20260715,2.10.0+cpu,3.2.0,r20_iterative_rank1_maxarg,,
9.1.0,random_bias,5,Ascend950PR_957b,,,200,10,33,32.19051769801548,512,32.048091888427734,32.21088409423828,32.308141231536865,56,performance,7,kernel,20260811,nan,1.0,MEASURED,2.10.0.post4.dev20260715,2.10.0+cpu,3.2.0,r0_legacy,,
9.1.0,random_bias,5,Ascend950PR_957b,,,200,10,33,31.366426604134695,512,31.31492567062378,31.340854167938232,31.350243091583252,56,performance,7,kernel,20260811,1.0277602493422178,1.0277602493422178,MEASURED,2.10.0.post4.dev20260715,2.10.0+cpu,3.2.0,r1_constexpr,,
9.1.0,random_bias,5,Ascend950PR_957b,,,200,10,33,31.281159945896693,512,31.237619400024414,31.258070468902588,31.36592674255371,56,performance,7,kernel,20260811,1.0026483944080298,1.030482163839371,MEASURED,2.10.0.post4.dev20260715,2.10.0+cpu,3.2.0,r2_core_partition,,
9.1.0,random_bias,5,Ascend950PR_957b,,,200,10,33,30.78951052256993,512,30.73171329498291,30.774199962615967,30.895264148712158,56,performance,7,kernel,20260811,1.0157232521681934,1.0466846947562432,MEASURED,2.10.0.post4.dev20260715,2.10.0+cpu,3.2.0,r3_sort_tie,,
9.1.0,random_bias,5,Ascend950PR_957b,,,200,10,33,31.940550463540212,512,31.76082944869995,31.95901393890381,32.11115503311157,56,performance,7,kernel,20260811,0.962927079710505,1.0078810364993105,MEASURED,2.10.0.post4.dev20260715,2.10.0+cpu,3.2.0,r4_bias_hoist,,
9.1.0,random_bias,5,Ascend950PR_957b,,,200,10,33,31.819240706307546,512,31.63540267944336,31.85965061187744,31.941463470458984,56,performance,7,kernel,20260811,1.0031187826959196,1.01102439843549,MEASURED,2.10.0.post4.dev20260715,2.10.0+cpu,3.2.0,r5_dispatch,,
9.1.0,random_bias,5,Ascend950PR_957b,,,200,10,33,30.80680983407157,512,30.704211235046387,30.792360305786133,30.90607452392578,56,performance,7,kernel,20260811,1.034660880019995,1.04606739380695,MEASURED,2.10.0.post4.dev20260715,2.10.0+cpu,3.2.0,r6_empirical_dispatch,,
9.1.0,random_bias,5,Ascend950PR_957b,,,200,10,33,30.741254602159774,512,30.689897060394287,30.741333961486816,30.79655361175537,56,performance,7,kernel,20260811,1.0016598610965692,1.04780372037832,MEASURED,2.10.0.post4.dev20260715,2.10.0+cpu,3.2.0,r7_vector_tie_recovery,,
9.1.0,random_bias,5,Ascend950PR_957b,,,200,10,33,30.75706652232579,512,30.728766918182373,30.777764320373535,30.791059494018555,56,performance,7,kernel,20260811,0.9988163416124867,1.0465634787162263,MEASURED,2.10.0.post4.dev20260715,2.10.0+cpu,3.2.0,r8_safe_vector_dispatch,,
9.1.0,random_bias,5,Ascend950PR_957b,,,200,10,33,30.754837649209158,512,30.732845306396484,30.76261043548584,30.793869495391846,56,performance,7,kernel,20260811,1.0004926072486429,1.0470790234720069,MEASURED,2.10.0.post4.dev20260715,2.10.0+cpu,3.2.0,r9_pair_tie_recovery,,
9.1.0,random_bias,5,Ascend950PR_957b,,,200,10,33,30.750885350363596,512,30.720935344696045,30.765650272369385,30.77213954925537,56,performance,7,kernel,20260811,0.9999011938035883,1.046975565576355,MEASURED,2.10.0.post4.dev20260715,2.10.0+cpu,3.2.0,r10_group_rank_threshold,,
9.1.0,random_bias,5,Ascend950PR_957b,,,200,10,33,30.727713448660715,512,30.70523166656494,30.737099647521973,30.769981384277344,56,performance,7,kernel,20260811,1.0009288652857562,1.047948064834254,MEASURED,2.10.0.post4.dev20260715,2.10.0+cpu,3.2.0,r11_packed_exact_sort,,
9.1.0,random_bias,5,Ascend950PR_957b,,,200,10,33,30.74397018977574,512,30.720155715942383,30.736889839172363,30.776791095733643,56,performance,7,kernel,20260811,1.0000068259459791,1.0479552180711336,MEASURED,2.10.0.post4.dev20260715,2.10.0+cpu,3.2.0,r12_two_row_tile,,
9.1.0,random_bias,5,Ascend950PR_957b,,,200,10,33,30.765945230211532,512,30.751493453979492,30.77272891998291,30.777326107025146,56,performance,7,kernel,20260811,0.9988353622812024,1.046734729896557,MEASURED,2.10.0.post4.dev20260715,2.10.0+cpu,3.2.0,r13_fp32_rank_reduce,,
9.1.0,random_bias,5,Ascend950PR_957b,,,200,10,33,30.76368502208165,512,30.758259296417236,30.760109424591064,30.764224529266357,56,performance,7,kernel,20260811,1.00041025521781,1.0471641582811602,MEASURED,2.10.0.post4.dev20260715,2.10.0+cpu,3.2.0,r14_priority_argmax,,
9.1.0,random_bias,5,Ascend950PR_957b,,,200,10,33,30.78656026295253,512,30.783433437347412,30.788540840148926,30.80192279815674,56,performance,7,kernel,20260811,0.9990765585252814,1.0461971634665646,MEASURED,2.10.0.post4.dev20260715,2.10.0+cpu,3.2.0,r15_unique_top10_fastpath,,
9.1.0,random_bias,5,Ascend950PR_957b,,,200,10,33,30.760391780308314,512,30.737582683563232,30.753540992736816,30.772982120513916,56,performance,7,kernel,20260811,1.0011380753657075,1.0473878146859787,MEASURED,2.10.0.post4.dev20260715,2.10.0+cpu,3.2.0,r16_split_unique_recovery,,
9.1.0,random_bias,5,Ascend950PR_957b,,,200,10,33,30.75404507773263,512,30.72431516647339,30.744729042053223,30.78216314315796,56,performance,7,kernel,20260811,1.0002866166317985,1.047688013453611,MEASURED,2.10.0.post4.dev20260715,2.10.0+cpu,3.2.0,r17_parallel_priority_argmax,,
9.1.0,random_bias,5,Ascend950PR_957b,,,200,10,33,30.815263475690568,512,30.772289752960205,30.796124935150146,30.811447620391846,56,performance,7,kernel,20260811,0.998331092200556,1.0459395187565743,MEASURED,2.10.0.post4.dev20260715,2.10.0+cpu,3.2.0,r18_hierarchical_partial_sort,,
9.1.0,random_bias,5,Ascend950PR_957b,,,200,10,33,30.79293932233538,512,30.771929264068604,30.77831506729126,30.823058605194092,56,performance,7,kernel,20260811,1.0005786498650089,1.04654475151791,MEASURED,2.10.0.post4.dev20260715,2.10.0+cpu,3.2.0,r19_unique_id_sum,,
9.1.0,random_bias,5,Ascend950PR_957b,,,200,10,33,30.76547043664115,512,30.75593662261963,30.76653480529785,30.779773235321045,56,performance,7,kernel,20260811,1.0003828920633395,1.046945465197196,MEASURED,2.10.0.post4.dev20260715,2.10.0+cpu,3.2.0,r20_iterative_rank1_maxarg,,
9.1.0,random_bias,5,Ascend950PR_957b,,,200,10,34,32.26551294326782,512,32.154436111450195,32.216010093688965,32.402671337127686,56,performance,7,kernel,20260811,nan,1.0,MEASURED,2.10.0.post4.dev20260715,2.10.0+cpu,3.2.0,r0_legacy,,
9.1.0,random_bias,5,Ascend950PR_957b,,,200,10,34,31.473830768040248,512,31.276975631713867,31.50139570236206,31.59512948989868,56,performance,7,kernel,20260811,1.0226851660186385,1.0226851660186385,MEASURED,2.10.0.post4.dev20260715,2.10.0+cpu,3.2.0,r1_constexpr,,
9.1.0,random_bias,5,Ascend950PR_957b,,,200,10,34,31.222637721470424,512,31.193626403808594,31.25441074371338,31.28944158554077,56,performance,7,kernel,20260811,1.007902403301536,1.0307668366510159,MEASURED,2.10.0.post4.dev20260715,2.10.0+cpu,3.2.0,r2_core_partition,,
9.1.0,random_bias,5,Ascend950PR_957b,,,200,10,34,30.768394810812815,512,30.689531326293945,30.802760124206543,30.86115312576294,56,performance,7,kernel,20260811,1.014662667166372,1.045880627702964,MEASURED,2.10.0.post4.dev20260715,2.10.0+cpu,3.2.0,r3_sort_tie,,
9.1.0,random_bias,5,Ascend950PR_957b,,,200,10,34,32.01595715114048,512,31.893133640289307,31.922109127044678,32.12104511260986,56,performance,7,kernel,20260811,0.9649349922843973,1.00920681542296,MEASURED,2.10.0.post4.dev20260715,2.10.0+cpu,3.2.0,r4_bias_hoist,,
9.1.0,random_bias,5,Ascend950PR_957b,,,200,10,34,31.921817575182235,512,31.720682621002197,31.936988830566406,32.12918519973755,56,performance,7,kernel,20260811,0.9995340918456442,1.008736617738223,MEASURED,2.10.0.post4.dev20260715,2.10.0+cpu,3.2.0,r5_dispatch,,
9.1.0,random_bias,5,Ascend950PR_957b,,,200,10,34,30.81058774675642,512,30.66550350189209,30.80629587173462,30.884727001190186,56,performance,7,kernel,20260811,1.0367033077764218,1.0457605882844159,MEASURED,2.10.0.post4.dev20260715,2.10.0+cpu,3.2.0,r6_empirical_dispatch,,
9.1.0,random_bias,5,Ascend950PR_957b,,,200,10,34,30.755276339394705,512,30.71940803527832,30.7291841506958,30.79571771621704,56,performance,7,kernel,20260811,1.0025093969517922,1.0483848167169612,MEASURED,2.10.0.post4.dev20260715,2.10.0+cpu,3.2.0,r7_vector_tie_recovery,,
9.1.0,random_bias,5,Ascend950PR_957b,,,200,10,34,30.774005821772985,512,30.72000026702881,30.758326053619385,30.829203128814697,56,performance,7,kernel,20260811,0.9990525523764595,1.0473915270138068,MEASURED,2.10.0.post4.dev20260715,2.10.0+cpu,3.2.0,r8_safe_vector_dispatch,,
9.1.0,random_bias,5,Ascend950PR_957b,,,200,10,34,30.76312473842076,512,30.76080846786499,30.76625108718872,30.791266441345215,56,performance,7,kernel,20260811,0.9997424114642087,1.047121730963963,MEASURED,2.10.0.post4.dev20260715,2.10.0+cpu,3.2.0,r9_pair_tie_recovery,,
9.1.0,random_bias,5,Ascend950PR_957b,,,200,10,34,30.76460702078683,512,30.728909969329834,30.73359966278076,30.81191110610962,56,performance,7,kernel,20260811,1.0010624015659155,1.0482341947306433,MEASURED,2.10.0.post4.dev20260715,2.10.0+cpu,3.2.0,r10_group_rank_threshold,,
9.1.0,random_bias,5,Ascend950PR_957b,,,200,10,34,30.759169714791433,512,30.71461009979248,30.77342987060547,30.814812660217285,56,performance,7,kernel,20260811,0.9987056948805453,1.046877459846016,MEASURED,2.10.0.post4.dev20260715,2.10.0+cpu,3.2.0,r11_packed_exact_sort,,
9.1.0,random_bias,5,Ascend950PR_957b,,,200,10,34,30.752813816070557,512,30.725876808166504,30.739974975585938,30.791038513183594,56,performance,7,kernel,20260811,1.0010883188761899,1.048016796346624,MEASURED,2.10.0.post4.dev20260715,2.10.0+cpu,3.2.0,r12_two_row_tile,,
9.1.0,random_bias,5,Ascend950PR_957b,,,200,10,34,30.77847957611084,512,30.75990104675293,30.78674554824829,30.80358648300171,56,performance,7,kernel,20260811,0.9984808211511329,1.0464246713963568,MEASURED,2.10.0.post4.dev20260715,2.10.0+cpu,3.2.0,r13_fp32_rank_reduce,,
9.1.0,random_bias,5,Ascend950PR_957b,,,200,10,34,30.75878177370344,512,30.70935583114624,30.74899435043335,30.791969299316406,56,performance,7,kernel,20260811,1.0012277213812169,1.0477093893392628,MEASURED,2.10.0.post4.dev20260715,2.10.0+cpu,3.2.0,r14_priority_argmax,,
9.1.0,random_bias,5,Ascend950PR_957b,,,200,10,34,30.765159470694407,512,30.748265743255615,30.7623291015625,30.800914764404297,56,performance,7,kernel,20260811,0.9995665233576715,1.047255231791036,MEASURED,2.10.0.post4.dev20260715,2.10.0+cpu,3.2.0,r15_unique_top10_fastpath,,
9.1.0,random_bias,5,Ascend950PR_957b,,,200,10,34,30.796578611646378,512,30.781975746154785,30.81261396408081,30.827805519104004,56,performance,7,kernel,20260811,0.998368042952249,1.0455461562347206,MEASURED,2.10.0.post4.dev20260715,2.10.0+cpu,3.2.0,r16_split_unique_recovery,,
9.1.0,random_bias,5,Ascend950PR_957b,,,200,10,34,30.826587336403982,512,30.78231382369995,30.841829776763916,30.857765674591064,56,performance,7,kernel,20260811,0.9990527211616634,1.0445557324864152,MEASURED,2.10.0.post4.dev20260715,2.10.0+cpu,3.2.0,r17_parallel_priority_argmax,,
9.1.0,random_bias,5,Ascend950PR_957b,,,200,10,34,30.816059112548828,512,30.782694816589355,30.817875862121582,30.85457706451416,56,performance,7,kernel,20260811,1.000777273383458,1.0453676378548151,MEASURED,2.10.0.post4.dev20260715,2.10.0+cpu,3.2.0,r18_hierarchical_partial_sort,,
9.1.0,random_bias,5,Ascend950PR_957b,,,200,10,34,30.865356581551687,512,30.830976486206055,30.874500274658203,30.895278930664062,56,performance,7,kernel,20260811,0.9981659812455945,1.0434504140017409,MEASURED,2.10.0.post4.dev20260715,2.10.0+cpu,3.2.0,r19_unique_id_sum,,
9.1.0,random_bias,5,Ascend950PR_957b,,,200,10,34,30.827038628714426,512,30.802472591400146,30.830044746398926,30.850234031677246,56,performance,7,kernel,20260811,1.0014419547108984,1.0449550222417996,MEASURED,2.10.0.post4.dev20260715,2.10.0+cpu,3.2.0,r20_iterative_rank1_maxarg,,
9.1.0,random_bias,5,Ascend950PR_957b,,,200,10,35,32.307757650102886,512,32.14703559875488,32.284181118011475,32.49092245101929,56,performance,7,kernel,20260811,nan,1.0,MEASURED,2.10.0.post4.dev20260715,2.10.0+cpu,3.2.0,r0_legacy,,
9.1.0,random_bias,5,Ascend950PR_957b,,,200,10,35,31.38822419302804,512,31.22065544128418,31.38350486755371,31.53469753265381,56,performance,7,kernel,20260811,1.02869903327429,1.02869903327429,MEASURED,2.10.0.post4.dev20260715,2.10.0+cpu,3.2.0,r1_constexpr,,
9.1.0,random_bias,5,Ascend950PR_957b,,,200,10,35,31.19457449231829,512,30.959837436676025,31.309359073638916,31.343250274658203,56,performance,7,kernel,20260811,1.0023681670947147,1.0311351644752549,MEASURED,2.10.0.post4.dev20260715,2.10.0+cpu,3.2.0,r2_core_partition,,
9.1.0,random_bias,5,Ascend950PR_957b,,,200,10,35,30.73643480028425,512,30.618544101715088,30.72068452835083,30.874451637268066,56,performance,7,kernel,20260811,1.0191621558674848,1.0508939372173742,MEASURED,2.10.0.post4.dev20260715,2.10.0+cpu,3.2.0,r3_sort_tie,,
9.1.0,random_bias,5,Ascend950PR_957b,,,200,10,35,31.97409152984619,512,31.80908441543579,31.950650215148926,32.10159730911255,56,performance,7,kernel,20260811,0.9615042048122412,1.0104389394461966,MEASURED,2.10.0.post4.dev20260715,2.10.0+cpu,3.2.0,r4_bias_hoist,,
9.1.0,random_bias,5,Ascend950PR_957b,,,200,10,35,31.876236370631627,512,31.846811771392822,31.935279369354248,31.978264331817627,56,performance,7,kernel,20260811,1.000481312394888,1.0109252762320295,MEASURED,2.10.0.post4.dev20260715,2.10.0+cpu,3.2.0,r5_dispatch,,
9.1.0,random_bias,5,Ascend950PR_957b,,,200,10,35,30.800396714891708,512,30.73909568786621,30.802135467529297,30.881805896759033,56,performance,7,kernel,20260811,1.0367878357985756,1.0481150292986832,MEASURED,2.10.0.post4.dev20260715,2.10.0+cpu,3.2.0,r6_empirical_dispatch,,
9.1.0,random_bias,5,Ascend950PR_957b,,,200,10,35,30.787930488586426,512,30.778360843658447,30.79214572906494,30.840452671051025,56,performance,7,kernel,20260811,1.000324424889134,1.0484550639008632,MEASURED,2.10.0.post4.dev20260715,2.10.0+cpu,3.2.0,r7_vector_tie_recovery,,
9.1.0,random_bias,5,Ascend950PR_957b,,,200,10,35,30.77432836805071,512,30.734073638916016,30.79373598098755,30.811903476715088,56,performance,7,kernel,20260811,0.9999483579412518,1.0484009195228583,MEASURED,2.10.0.post4.dev20260715,2.10.0+cpu,3.2.0,r8_safe_vector_dispatch,,
9.1.0,random_bias,5,Ascend950PR_957b,,,200,10,35,30.776796340942383,512,30.76228666305542,30.773324966430664,30.809377193450928,56,performance,7,kernel,20260811,1.0006632697174955,1.0490962921045723,MEASURED,2.10.0.post4.dev20260715,2.10.0+cpu,3.2.0,r9_pair_tie_recovery,,
9.1.0,random_bias,5,Ascend950PR_957b,,,200,10,35,30.774601527622767,512,30.74011754989624,30.768566131591797,30.805614471435547,56,performance,7,kernel,20260811,1.0001546654731492,1.0492585510789698,MEASURED,2.10.0.post4.dev20260715,2.10.0+cpu,3.2.0,r10_group_rank_threshold,,
9.1.0,random_bias,5,Ascend950PR_957b,,,200,10,35,30.799651827130997,512,30.77817153930664,30.80833911895752,30.813743114471436,56,performance,7,kernel,20260811,0.9987090187753338,1.0479039779897066,MEASURED,2.10.0.post4.dev20260715,2.10.0+cpu,3.2.0,r11_packed_exact_sort,,
9.1.0,random_bias,5,Ascend950PR_957b,,,200,10,35,30.7753586769104,512,30.762961387634277,30.770390033721924,30.789257526397705,56,performance,7,kernel,20260811,1.0012332988042727,1.0491963567127538,MEASURED,2.10.0.post4.dev20260715,2.10.0+cpu,3.2.0,r12_two_row_tile,,
9.1.0,random_bias,5,Ascend950PR_957b,,,200,10,35,30.782504762922013,512,30.75923204421997,30.785250663757324,30.8049635887146,56,performance,7,kernel,20260811,0.9995172808499203,1.0486898895391747,MEASURED,2.10.0.post4.dev20260715,2.10.0+cpu,3.2.0,r13_fp32_rank_reduce,,
9.1.0,random_bias,5,Ascend950PR_957b,,,200,10,35,30.778831413814,512,30.744640827178955,30.789566040039062,30.825952529907227,56,performance,7,kernel,20260811,0.9998598429001524,1.0485429082056175,MEASURED,2.10.0.post4.dev20260715,2.10.0+cpu,3.2.0,r14_priority_argmax,,
9.1.0,random_bias,5,Ascend950PR_957b,,,200,10,35,30.828422818865096,512,30.799554347991943,30.81045389175415,30.871243953704834,56,performance,7,kernel,20260811,0.9993220530996242,1.0478320517910884,MEASURED,2.10.0.post4.dev20260715,2.10.0+cpu,3.2.0,r15_unique_top10_fastpath,,
9.1.0,random_bias,5,Ascend950PR_957b,,,200,10,35,30.83669355937413,512,30.778345584869385,30.797600746154785,30.875725746154785,56,performance,7,kernel,20260811,1.0004173424321363,1.0482693565680532,MEASURED,2.10.0.post4.dev20260715,2.10.0+cpu,3.2.0,r16_split_unique_recovery,,
9.1.0,random_bias,5,Ascend950PR_957b,,,200,10,35,30.773954391479492,512,30.746520042419434,30.77540397644043,30.794435024261475,56,performance,7,kernel,20260811,1.0007212503118188,1.049025421168348,MEASURED,2.10.0.post4.dev20260715,2.10.0+cpu,3.2.0,r17_parallel_priority_argmax,,
9.1.0,random_bias,5,Ascend950PR_957b,,,200,10,35,30.791546957833425,512,30.767886638641357,30.791614055633545,30.833996772766113,56,performance,7,kernel,20260811,0.9994735553919379,1.0484731673916539,MEASURED,2.10.0.post4.dev20260715,2.10.0+cpu,3.2.0,r18_hierarchical_partial_sort,,
9.1.0,random_bias,5,Ascend950PR_957b,,,200,10,35,30.783515998295375,512,30.75542640686035,30.767669677734375,30.811283111572266,56,performance,7,kernel,20260811,1.0007782317656801,1.0492891225159815,MEASURED,2.10.0.post4.dev20260715,2.10.0+cpu,3.2.0,r19_unique_id_sum,,
9.1.0,random_bias,5,Ascend950PR_957b,,,200,10,35,30.83230938230242,512,30.809245109558105,30.833230018615723,30.848962783813477,56,performance,7,kernel,20260811,0.9978737115494626,1.0470580311735012,MEASURED,2.10.0.post4.dev20260715,2.10.0+cpu,3.2.0,r20_iterative_rank1_maxarg,,
9.1.0,random_bias,5,Ascend950PR_957b,,,200,10,36,32.23454918180193,512,32.14353609085083,32.21570014953613,32.321277141571045,56,performance,7,kernel,20260811,nan,1.0,MEASURED,2.10.0.post4.dev20260715,2.10.0+cpu,3.2.0,r0_legacy,,
9.1.0,random_bias,5,Ascend950PR_957b,,,200,10,36,31.416081019810267,512,31.257766723632812,31.465508937835693,31.548391342163086,56,performance,7,kernel,20260811,1.0238416995950246,1.0238416995950246,MEASURED,2.10.0.post4.dev20260715,2.10.0+cpu,3.2.0,r1_constexpr,,
9.1.0,random_bias,5,Ascend950PR_957b,,,200,10,36,31.25464984348842,512,31.2096529006958,31.219704151153564,31.280797481536865,56,performance,7,kernel,20260811,1.0078733861631757,1.0319028006658983,MEASURED,2.10.0.post4.dev20260715,2.10.0+cpu,3.2.0,r2_core_partition,,
9.1.0,random_bias,5,Ascend950PR_957b,,,200,10,36,30.882211753300258,512,30.84328842163086,30.86935043334961,30.911946773529053,56,performance,7,kernel,20260811,1.0113495656010127,1.0436144491959247,MEASURED,2.10.0.post4.dev20260715,2.10.0+cpu,3.2.0,r3_sort_tie,,
9.1.0,random_bias,5,Ascend950PR_957b,,,200,10,36,32.010442529405864,512,31.899006366729736,32.06834554672241,32.098679542541504,56,performance,7,kernel,20260811,0.962611257521037,1.0045950173076135,MEASURED,2.10.0.post4.dev20260715,2.10.0+cpu,3.2.0,r4_bias_hoist,,
9.1.0,random_bias,5,Ascend950PR_957b,,,200,10,36,31.87539611543928,512,31.74429750442505,31.777729988098145,31.976906299591064,56,performance,7,kernel,20260811,1.0091452586051022,1.0137822985342888,MEASURED,2.10.0.post4.dev20260715,2.10.0+cpu,3.2.0,r5_dispatch,,
9.1.0,random_bias,5,Ascend950PR_957b,,,200,10,36,30.895563534327916,512,30.853147506713867,30.88115930557251,31.002713680267334,56,performance,7,kernel,20260811,1.0290329347306546,1.0432153738387278,MEASURED,2.10.0.post4.dev20260715,2.10.0+cpu,3.2.0,r6_empirical_dispatch,,
9.1.0,random_bias,5,Ascend950PR_957b,,,200,10,36,30.8243761743818,512,30.803236961364746,30.82165002822876,30.837480545043945,56,performance,7,kernel,20260811,1.0019307622171183,1.0452295746668527,MEASURED,2.10.0.post4.dev20260715,2.10.0+cpu,3.2.0,r7_vector_tie_recovery,,
9.1.0,random_bias,5,Ascend950PR_957b,,,200,10,36,30.811197417122976,512,30.780120372772217,30.799009799957275,30.814863681793213,56,performance,7,kernel,20260811,1.0007350959793362,1.0459979187246735,MEASURED,2.10.0.post4.dev20260715,2.10.0+cpu,3.2.0,r8_safe_vector_dispatch,,
9.1.0,random_bias,5,Ascend950PR_957b,,,200,10,36,30.814117704119003,512,30.775827884674072,30.795395374298096,30.854194164276123,56,performance,7,kernel,20260811,1.0001173690292087,1.0461206864849486,MEASURED,2.10.0.post4.dev20260715,2.10.0+cpu,3.2.0,r9_pair_tie_recovery,,
9.1.0,random_bias,5,Ascend950PR_957b,,,200,10,36,30.8270982333592,512,30.77302885055542,30.79516887664795,30.8716402053833,56,performance,7,kernel,20260811,1.0000073549734718,1.0461283806748458,MEASURED,2.10.0.post4.dev20260715,2.10.0+cpu,3.2.0,r10_group_rank_threshold,,
9.1.0,random_bias,5,Ascend950PR_957b,,,200,10,36,30.8240008354187,512,30.80255126953125,30.80540895462036,30.822926998138428,56,performance,7,kernel,20260811,0.9996675883125753,1.045780635374563,MEASURED,2.10.0.post4.dev20260715,2.10.0+cpu,3.2.0,r11_packed_exact_sort,,
9.1.0,random_bias,5,Ascend950PR_957b,,,200,10,36,30.838307993752615,512,30.798758029937744,30.828170776367188,30.855945587158203,56,performance,7,kernel,20260811,0.9992616551299153,1.0450084886072002,MEASURED,2.10.0.post4.dev20260715,2.10.0+cpu,3.2.0,r12_two_row_tile,,
9.1.0,random_bias,5,Ascend950PR_957b,,,200,10,36,30.879315308162145,512,30.85952377319336,30.880205631256104,30.89590835571289,56,performance,7,kernel,20260811,0.9983149446765262,1.0432475914903974,MEASURED,2.10.0.post4.dev20260715,2.10.0+cpu,3.2.0,r13_fp32_rank_reduce,,
9.1.0,random_bias,5,Ascend950PR_957b,,,200,10,36,30.813232149396622,512,30.7914137840271,30.81763982772827,30.83457040786743,56,performance,7,kernel,20260811,1.0020301945209813,1.045365587034668,MEASURED,2.10.0.post4.dev20260715,2.10.0+cpu,3.2.0,r14_priority_argmax,,
9.1.0,random_bias,5,Ascend950PR_957b,,,200,10,36,30.85634572165353,512,30.834977626800537,30.860373973846436,30.886623859405518,56,performance,7,kernel,20260811,0.9986152421174682,1.0439180087978943,MEASURED,2.10.0.post4.dev20260715,2.10.0+cpu,3.2.0,r15_unique_top10_fastpath,,
9.1.0,random_bias,5,Ascend950PR_957b,,,200,10,36,30.856074265071324,512,30.836220741271973,30.85932970046997,30.89682674407959,56,performance,7,kernel,20260811,1.000033839794532,1.0439533347688206,MEASURED,2.10.0.post4.dev20260715,2.10.0+cpu,3.2.0,r16_split_unique_recovery,,
9.1.0,random_bias,5,Ascend950PR_957b,,,200,10,36,30.83174501146589,512,30.817725658416748,30.826985836029053,30.841384410858154,56,performance,7,kernel,20260811,1.0010492061926832,1.0450486570725321,MEASURED,2.10.0.post4.dev20260715,2.10.0+cpu,3.2.0,r17_parallel_priority_argmax,,
9.1.0,random_bias,5,Ascend950PR_957b,,,200,10,36,30.877160004207067,512,30.84803295135498,30.861449241638184,30.894415378570557,56,performance,7,kernel,20260811,0.9988832862209649,1.043881636837417,MEASURED,2.10.0.post4.dev20260715,2.10.0+cpu,3.2.0,r18_hierarchical_partial_sort,,
9.1.0,random_bias,5,Ascend950PR_957b,,,200,10,36,30.88843550000872,512,30.85649061203003,30.869286060333252,30.931193828582764,56,performance,7,kernel,20260811,0.9997461289295855,1.0436166254888872,MEASURED,2.10.0.post4.dev20260715,2.10.0+cpu,3.2.0,r19_unique_id_sum,,
9.1.0,random_bias,5,Ascend950PR_957b,,,200,10,36,30.906614916665212,512,30.804585933685303,30.862884521484375,30.9598970413208,56,performance,7,kernel,20260811,1.0002074186826062,1.0438330910744922,MEASURED,2.10.0.post4.dev20260715,2.10.0+cpu,3.2.0,r20_iterative_rank1_maxarg,,
9.1.0,random_bias,5,Ascend950PR_957b,,,200,10,37,32.400338309151785,512,32.249401569366455,32.447330951690674,32.49359703063965,56,performance,7,kernel,20260811,nan,1.0,MEASURED,2.10.0.post4.dev20260715,2.10.0+cpu,3.2.0,r0_legacy,,
9.1.0,random_bias,5,Ascend950PR_957b,,,200,10,37,31.693530082702637,512,31.509512901306152,31.67912483215332,31.899075031280518,56,performance,7,kernel,20260811,1.0242496004421704,1.0242496004421704,MEASURED,2.10.0.post4.dev20260715,2.10.0+cpu,3.2.0,r1_constexpr,,
9.1.0,random_bias,5,Ascend950PR_957b,,,200,10,37,31.56235728945051,512,31.41096591949463,31.50465965270996,31.75279474258423,56,performance,7,kernel,20260811,1.0055377579496674,1.0299216468094625,MEASURED,2.10.0.post4.dev20260715,2.10.0+cpu,3.2.0,r2_core_partition,,
9.1.0,random_bias,5,Ascend950PR_957b,,,200,10,37,31.09894343784877,512,30.94408416748047,31.1639142036438,31.17392349243164,56,performance,7,kernel,20260811,1.0109339746875032,1.0411827840257888,MEASURED,2.10.0.post4.dev20260715,2.10.0+cpu,3.2.0,r3_sort_tie,,
9.1.0,random_bias,5,Ascend950PR_957b,,,200,10,37,32.27961608341762,512,32.16560649871826,32.27135419845581,32.42769908905029,56,performance,7,kernel,20260811,0.9656834978785922,1.0054530328089946,MEASURED,2.10.0.post4.dev20260715,2.10.0+cpu,3.2.0,r4_bias_hoist,,
9.1.0,random_bias,5,Ascend950PR_957b,,,200,10,37,32.01886313302176,512,31.890646934509277,32.02620983123779,32.09654521942139,56,performance,7,kernel,20260811,1.0076544920085706,1.0131492650136242,MEASURED,2.10.0.post4.dev20260715,2.10.0+cpu,3.2.0,r5_dispatch,,
9.1.0,random_bias,5,Ascend950PR_957b,,,200,10,37,31.16541998726981,512,31.050776481628418,31.23185396194458,31.24337673187256,56,performance,7,kernel,20260811,1.0254341567510248,1.0389178622321662,MEASURED,2.10.0.post4.dev20260715,2.10.0+cpu,3.2.0,r6_empirical_dispatch,,
9.1.0,random_bias,5,Ascend950PR_957b,,,200,10,37,30.905208928244456,512,30.874446868896484,30.906620025634766,30.920335292816162,56,performance,7,kernel,20260811,1.0105231156315397,1.0498505150281072,MEASURED,2.10.0.post4.dev20260715,2.10.0+cpu,3.2.0,r7_vector_tie_recovery,,
9.1.0,random_bias,5,Ascend950PR_957b,,,200,10,37,30.94216857637678,512,30.881807804107666,30.905044078826904,31.000061511993408,56,performance,7,kernel,20260811,1.0000509931907504,1.0499040502556796,MEASURED,2.10.0.post4.dev20260715,2.10.0+cpu,3.2.0,r8_safe_vector_dispatch,,
9.1.0,random_bias,5,Ascend950PR_957b,,,200,10,37,30.87815182549613,512,30.862160205841064,30.878446102142334,30.893124103546143,56,performance,7,kernel,20260811,1.0008613767867913,1.0508084132329278,MEASURED,2.10.0.post4.dev20260715,2.10.0+cpu,3.2.0,r9_pair_tie_recovery,,
9.1.0,random_bias,5,Ascend950PR_957b,,,200,10,37,30.875773089272634,512,30.842494010925293,30.883030891418457,30.896018028259277,56,performance,7,kernel,20260811,0.9998515434157922,1.0506524138052427,MEASURED,2.10.0.post4.dev20260715,2.10.0+cpu,3.2.0,r10_group_rank_threshold,,
9.1.0,random_bias,5,Ascend950PR_957b,,,200,10,37,30.903376511165074,512,30.85868215560913,30.867919921875,30.922772884368896,56,performance,7,kernel,20260811,1.0004895363724444,1.0511667463765966,MEASURED,2.10.0.post4.dev20260715,2.10.0+cpu,3.2.0,r11_packed_exact_sort,,
9.1.0,random_bias,5,Ascend950PR_957b,,,200,10,37,30.918340342385427,512,30.903038501739502,30.908820629119873,30.925065517425537,56,performance,7,kernel,20260811,0.9986767302532941,1.0497757692223733,MEASURED,2.10.0.post4.dev20260715,2.10.0+cpu,3.2.0,r12_two_row_tile,,
9.1.0,random_bias,5,Ascend950PR_957b,,,200,10,37,30.91266529900687,512,30.867191314697266,30.883054733276367,30.991948127746582,56,performance,7,kernel,20260811,1.0008343052870265,1.050651602696828,MEASURED,2.10.0.post4.dev20260715,2.10.0+cpu,3.2.0,r13_fp32_rank_reduce,,
9.1.0,random_bias,5,Ascend950PR_957b,,,200,10,37,30.91306209564209,512,30.873092651367188,30.91275930404663,30.969006538391113,56,performance,7,kernel,20260811,0.999039083813965,1.0496420145659129,MEASURED,2.10.0.post4.dev20260715,2.10.0+cpu,3.2.0,r14_priority_argmax,,
9.1.0,random_bias,5,Ascend950PR_957b,,,200,10,37,30.90014934539795,512,30.866475582122803,30.910260677337646,30.930875778198242,56,performance,7,kernel,20260811,1.0000808348637065,1.049726862235101,MEASURED,2.10.0.post4.dev20260715,2.10.0+cpu,3.2.0,r15_unique_top10_fastpath,,
9.1.0,random_bias,5,Ascend950PR_957b,,,200,10,37,30.92879022870745,512,30.90180778503418,30.94454526901245,30.948142051696777,56,performance,7,kernel,20260811,0.9988920634839918,1.048563831512596,MEASURED,2.10.0.post4.dev20260715,2.10.0+cpu,3.2.0,r16_split_unique_recovery,,
9.1.0,random_bias,5,Ascend950PR_957b,,,200,10,37,30.942064693995885,512,30.89326524734497,30.931854248046875,30.997960090637207,56,performance,7,kernel,20260811,1.0004102896924254,1.0489940464445158,MEASURED,2.10.0.post4.dev20260715,2.10.0+cpu,3.2.0,r17_parallel_priority_argmax,,
9.1.0,random_bias,5,Ascend950PR_957b,,,200,10,37,30.91881717954363,512,30.861246585845947,30.934510231018066,30.974485397338867,56,performance,7,kernel,20260811,0.9999141417481202,1.0489039816494556,MEASURED,2.10.0.post4.dev20260715,2.10.0+cpu,3.2.0,r18_hierarchical_partial_sort,,
9.1.0,random_bias,5,Ascend950PR_957b,,,200,10,37,30.943340914590017,512,30.90956687927246,30.9220552444458,30.98613214492798,56,performance,7,kernel,20260811,1.0004027865054184,1.0493264660187438,MEASURED,2.10.0.post4.dev20260715,2.10.0+cpu,3.2.0,r19_unique_id_sum,,
9.1.0,random_bias,5,Ascend950PR_957b,,,200,10,37,30.9928982598441,512,30.889551162719727,31.02421522140503,31.059278964996338,56,performance,7,kernel,20260811,0.9967070890841183,1.045871127444467,MEASURED,2.10.0.post4.dev20260715,2.10.0+cpu,3.2.0,r20_iterative_rank1_maxarg,,
9.1.0,random_bias,5,Ascend950PR_957b,,,200,10,38,32.19972167696272,512,32.025238037109375,32.14463949203491,32.34384250640869,56,performance,7,kernel,20260811,nan,1.0,MEASURED,2.10.0.post4.dev20260715,2.10.0+cpu,3.2.0,r0_legacy,,
9.1.0,random_bias,5,Ascend950PR_957b,,,200,10,38,31.497058527810232,512,31.448168754577637,31.467349529266357,31.57002305984497,56,performance,7,kernel,20260811,1.0215235783407381,1.0215235783407381,MEASURED,2.10.0.post4.dev20260715,2.10.0+cpu,3.2.0,r1_constexpr,,
9.1.0,random_bias,5,Ascend950PR_957b,,,200,10,38,31.203606469290598,512,31.053576469421387,31.16053581237793,31.300757884979248,56,performance,7,kernel,20260811,1.00984622725154,1.0315817316358875,MEASURED,2.10.0.post4.dev20260715,2.10.0+cpu,3.2.0,r2_core_partition,,
9.1.0,random_bias,5,Ascend950PR_957b,,,200,10,38,30.732696396963938,512,30.638067722320557,30.769929885864258,30.789965629577637,56,performance,7,kernel,20260811,1.0126944041784482,1.044677047080377,MEASURED,2.10.0.post4.dev20260715,2.10.0+cpu,3.2.0,r3_sort_tie,,
9.1.0,random_bias,5,Ascend950PR_957b,,,200,10,38,31.964025156838552,512,31.906355381011963,31.935861110687256,31.984996795654297,56,performance,7,kernel,20260811,0.9634914737140806,1.0065374276467463,MEASURED,2.10.0.post4.dev20260715,2.10.0+cpu,3.2.0,r4_bias_hoist,,
9.1.0,random_bias,5,Ascend950PR_957b,,,200,10,38,31.849427223205566,512,31.799028396606445,31.823670864105225,31.943307399749756,56,performance,7,kernel,20260811,1.0035253710064156,1.0100858455110444,MEASURED,2.10.0.post4.dev20260715,2.10.0+cpu,3.2.0,r5_dispatch,,
9.1.0,random_bias,5,Ascend950PR_957b,,,200,10,38,30.806967190333776,512,30.75413465499878,30.792455673217773,30.85502862930298,56,performance,7,kernel,20260811,1.0334892157296947,1.0439128282968748,MEASURED,2.10.0.post4.dev20260715,2.10.0+cpu,3.2.0,r6_empirical_dispatch,,
9.1.0,random_bias,5,Ascend950PR_957b,,,200,10,38,30.84144217627389,512,30.814372539520264,30.838816165924072,30.86818552017212,56,performance,7,kernel,20260811,0.9984966837748614,1.0423434972044658,MEASURED,2.10.0.post4.dev20260715,2.10.0+cpu,3.2.0,r7_vector_tie_recovery,,
9.1.0,random_bias,5,Ascend950PR_957b,,,200,10,38,30.812163012368337,512,30.7761173248291,30.821995735168457,30.83861207962036,56,performance,7,kernel,20260811,1.0005457281514196,1.0429123333943393,MEASURED,2.10.0.post4.dev20260715,2.10.0+cpu,3.2.0,r8_safe_vector_dispatch,,
9.1.0,random_bias,5,Ascend950PR_957b,,,200,10,38,30.87132249559675,512,30.860134601593018,30.86726427078247,30.89694595336914,56,performance,7,kernel,20260811,0.9985334451664749,1.041382845270857,MEASURED,2.10.0.post4.dev20260715,2.10.0+cpu,3.2.0,r9_pair_tie_recovery,,
9.1.0,random_bias,5,Ascend950PR_957b,,,200,10,38,30.875309535435267,512,30.865388870239258,30.88407039642334,30.90003252029419,56,performance,7,kernel,20260811,0.9994558319086458,1.040816157955577,MEASURED,2.10.0.post4.dev20260715,2.10.0+cpu,3.2.0,r10_group_rank_threshold,,
9.1.0,random_bias,5,Ascend950PR_957b,,,200,10,38,30.846053872789657,512,30.808112144470215,30.825419425964355,30.899492740631104,56,performance,7,kernel,20260811,1.0019026819926928,1.0427965001170227,MEASURED,2.10.0.post4.dev20260715,2.10.0+cpu,3.2.0,r11_packed_exact_sort,,
9.1.0,random_bias,5,Ascend950PR_957b,,,200,10,38,30.845944540841238,512,30.7858567237854,30.849769115447998,30.883055686950684,56,performance,7,kernel,20260811,0.9992107010787498,1.0419734219643968,MEASURED,2.10.0.post4.dev20260715,2.10.0+cpu,3.2.0,r12_two_row_tile,,
9.1.0,random_bias,5,Ascend950PR_957b,,,200,10,38,30.88892936706543,512,30.821972846984863,30.850319862365723,30.985881805419922,56,performance,7,kernel,20260811,0.9999821477728535,1.0419548204181872,MEASURED,2.10.0.post4.dev20260715,2.10.0+cpu,3.2.0,r13_fp32_rank_reduce,,
9.1.0,random_bias,5,Ascend950PR_957b,,,200,10,38,30.82994290760585,512,30.778098106384277,30.81075429916382,30.897393703460693,56,performance,7,kernel,20260811,1.0012841478276622,1.0432928444373495,MEASURED,2.10.0.post4.dev20260715,2.10.0+cpu,3.2.0,r14_priority_argmax,,
9.1.0,random_bias,5,Ascend950PR_957b,,,200,10,38,30.867325237819127,512,30.83559513092041,30.86029052734375,30.884050846099854,56,performance,7,kernel,20260811,0.9983948230125689,1.041618174772307,MEASURED,2.10.0.post4.dev20260715,2.10.0+cpu,3.2.0,r15_unique_top10_fastpath,,
9.1.0,random_bias,5,Ascend950PR_957b,,,200,10,38,30.854196207863943,512,30.835458755493164,30.84089994430542,30.881983757019043,56,performance,7,kernel,20260811,1.0006287294817384,1.042273070827501,MEASURED,2.10.0.post4.dev20260715,2.10.0+cpu,3.2.0,r16_split_unique_recovery,,
9.1.0,random_bias,5,Ascend950PR_957b,,,200,10,38,30.806785651615687,512,30.77267026901245,30.827350616455078,30.837042331695557,56,performance,7,kernel,20260811,1.0004395229424325,1.0427311737544092,MEASURED,2.10.0.post4.dev20260715,2.10.0+cpu,3.2.0,r17_parallel_priority_argmax,,
9.1.0,random_bias,5,Ascend950PR_957b,,,200,10,38,30.8396121433803,512,30.79026985168457,30.842669010162354,30.887920379638672,56,performance,7,kernel,20260811,0.9995033376099122,1.042213288397433,MEASURED,2.10.0.post4.dev20260715,2.10.0+cpu,3.2.0,r18_hierarchical_partial_sort,,
9.1.0,random_bias,5,Ascend950PR_957b,,,200,10,38,30.886454582214355,512,30.857206344604492,30.876760482788086,30.912055015563965,56,performance,7,kernel,20260811,0.9988958857052139,1.0410625658074977,MEASURED,2.10.0.post4.dev20260715,2.10.0+cpu,3.2.0,r19_unique_id_sum,,
9.1.0,random_bias,5,Ascend950PR_957b,,,200,10,38,30.886047908238,512,30.87022829055786,30.898663997650146,30.907968997955322,56,performance,7,kernel,20260811,0.9992911177368793,1.0403245750197978,MEASURED,2.10.0.post4.dev20260715,2.10.0+cpu,3.2.0,r20_iterative_rank1_maxarg,,
9.1.0,random_bias,5,Ascend950PR_957b,,,200,10,39,32.31585366385324,512,32.18005561828613,32.36157417297363,32.473544120788574,56,performance,7,kernel,20260811,nan,1.0,MEASURED,2.10.0.post4.dev20260715,2.10.0+cpu,3.2.0,r0_legacy,,
9.1.0,random_bias,5,Ascend950PR_957b,,,200,10,39,31.428331307002477,512,31.369845390319824,31.50383949279785,31.537260055541992,56,performance,7,kernel,20260811,1.0272263538027442,1.0272263538027442,MEASURED,2.10.0.post4.dev20260715,2.10.0+cpu,3.2.0,r1_constexpr,,
9.1.0,random_bias,5,Ascend950PR_957b,,,200,10,39,31.21570110321045,512,31.058269023895264,31.238269805908203,31.413723945617676,56,performance,7,kernel,20260811,1.0085014211267047,1.0359592376288707,MEASURED,2.10.0.post4.dev20260715,2.10.0+cpu,3.2.0,r2_core_partition,,
9.1.0,random_bias,5,Ascend950PR_957b,,,200,10,39,30.683741569519043,512,30.554166316986084,30.63512086868286,30.80587863922119,56,performance,7,kernel,20260811,1.0196881526862822,1.0563553612760725,MEASURED,2.10.0.post4.dev20260715,2.10.0+cpu,3.2.0,r3_sort_tie,,
9.1.0,random_bias,5,Ascend950PR_957b,,,200,10,39,31.913077150072372,512,31.817527294158936,31.934399604797363,32.01774311065674,56,performance,7,kernel,20260811,0.9593141329665293,1.0133766275071003,MEASURED,2.10.0.post4.dev20260715,2.10.0+cpu,3.2.0,r4_bias_hoist,,
9.1.0,random_bias,5,Ascend950PR_957b,,,200,10,39,31.647355215890066,512,31.50322723388672,31.65245532989502,31.75210475921631,56,performance,7,kernel,20260811,1.0089075009178214,1.0224032807467187,MEASURED,2.10.0.post4.dev20260715,2.10.0+cpu,3.2.0,r5_dispatch,,
9.1.0,random_bias,5,Ascend950PR_957b,,,200,10,39,30.76656069074358,512,30.60549545288086,30.728464126586914,30.877644538879395,56,performance,7,kernel,20260811,1.0300695537369422,1.0531464911379582,MEASURED,2.10.0.post4.dev20260715,2.10.0+cpu,3.2.0,r6_empirical_dispatch,,
9.1.0,random_bias,5,Ascend950PR_957b,,,200,10,39,30.819268226623535,512,30.742522716522217,30.809664726257324,30.89118480682373,56,performance,7,kernel,20260811,0.9973644439044737,1.0503708644837575,MEASURED,2.10.0.post4.dev20260715,2.10.0+cpu,3.2.0,r7_vector_tie_recovery,,
9.1.0,random_bias,5,Ascend950PR_957b,,,200,10,39,30.81076111112322,512,30.74486780166626,30.802719593048096,30.877413749694824,56,performance,7,kernel,20260811,1.0002254714291785,1.05060769310374,MEASURED,2.10.0.post4.dev20260715,2.10.0+cpu,3.2.0,r8_safe_vector_dispatch,,
9.1.0,random_bias,5,Ascend950PR_957b,,,200,10,39,30.799054077693395,512,30.72900676727295,30.821049213409424,30.845579147338867,56,performance,7,kernel,20260811,0.9994052888909002,1.0499828850373454,MEASURED,2.10.0.post4.dev20260715,2.10.0+cpu,3.2.0,r9_pair_tie_recovery,,
9.1.0,random_bias,5,Ascend950PR_957b,,,200,10,39,30.827104704720632,512,30.763022422790527,30.835580825805664,30.871569633483887,56,performance,7,kernel,20260811,0.999528738813829,1.0494880688574835,MEASURED,2.10.0.post4.dev20260715,2.10.0+cpu,3.2.0,r10_group_rank_threshold,,
9.1.0,random_bias,5,Ascend950PR_957b,,,200,10,39,30.824695314679825,512,30.8080735206604,30.824265480041504,30.852452278137207,56,performance,7,kernel,20260811,1.000367092146007,1.0498733276848893,MEASURED,2.10.0.post4.dev20260715,2.10.0+cpu,3.2.0,r11_packed_exact_sort,,
9.1.0,random_bias,5,Ascend950PR_957b,,,200,10,39,30.861176082066127,512,30.78270721435547,30.87373971939087,30.935551643371582,56,performance,7,kernel,20260811,0.9983975300757526,1.0481909372530047,MEASURED,2.10.0.post4.dev20260715,2.10.0+cpu,3.2.0,r12_two_row_tile,,
9.1.0,random_bias,5,Ascend950PR_957b,,,200,10,39,30.89431353977748,512,30.79245948791504,30.83872079849243,30.927388668060303,56,performance,7,kernel,20260811,1.0011355503727686,1.049381210862535,MEASURED,2.10.0.post4.dev20260715,2.10.0+cpu,3.2.0,r13_fp32_rank_reduce,,
9.1.0,random_bias,5,Ascend950PR_957b,,,200,10,39,30.83078588758196,512,30.797221183776855,30.842649936676025,30.867541790008545,56,performance,7,kernel,20260811,0.9998726069844303,1.0492475270256012,MEASURED,2.10.0.post4.dev20260715,2.10.0+cpu,3.2.0,r14_priority_argmax,,
9.1.0,random_bias,5,Ascend950PR_957b,,,200,10,39,30.842674800327845,512,30.789705753326416,30.86777925491333,30.889634609222412,56,performance,7,kernel,20260811,0.9991859045631439,1.048393339401717,MEASURED,2.10.0.post4.dev20260715,2.10.0+cpu,3.2.0,r15_unique_top10_fastpath,,
9.1.0,random_bias,5,Ascend950PR_957b,,,200,10,39,30.86411510195051,512,30.790722370147705,30.864944458007812,30.91048240661621,56,performance,7,kernel,20260811,1.0000918451970446,1.0484896292945547,MEASURED,2.10.0.post4.dev20260715,2.10.0+cpu,3.2.0,r16_split_unique_recovery,,
9.1.0,random_bias,5,Ascend950PR_957b,,,200,10,39,30.87966169629778,512,30.81329584121704,30.872280597686768,30.913857460021973,56,performance,7,kernel,20260811,0.9997623713073046,1.0482404780746408,MEASURED,2.10.0.post4.dev20260715,2.10.0+cpu,3.2.0,r17_parallel_priority_argmax,,
9.1.0,random_bias,5,Ascend950PR_957b,,,200,10,39,30.945260865347727,512,30.8920636177063,30.911214351654053,30.990499019622803,56,performance,7,kernel,20260811,0.9987404650776781,1.0469201825855143,MEASURED,2.10.0.post4.dev20260715,2.10.0+cpu,3.2.0,r18_hierarchical_partial_sort,,
9.1.0,random_bias,5,Ascend950PR_957b,,,200,10,39,30.901298182351248,512,30.85292148590088,30.9192156791687,30.9392991065979,56,performance,7,kernel,20260811,0.9997412182896981,1.0466492587901153,MEASURED,2.10.0.post4.dev20260715,2.10.0+cpu,3.2.0,r19_unique_id_sum,,
9.1.0,random_bias,5,Ascend950PR_957b,,,200,10,39,30.890841143471853,512,30.86968231201172,30.90231418609619,30.914424896240234,56,performance,7,kernel,20260811,1.000546932924529,1.0472217057301814,MEASURED,2.10.0.post4.dev20260715,2.10.0+cpu,3.2.0,r20_iterative_rank1_maxarg,,
9.1.0,random_bias,5,Ascend950PR_957b,,,200,10,40,32.14395454951695,512,31.959131240844727,32.16405391693115,32.28275108337402,56,performance,7,kernel,20260811,nan,1.0,MEASURED,2.10.0.post4.dev20260715,2.10.0+cpu,3.2.0,r0_legacy,,
9.1.0,random_bias,5,Ascend950PR_957b,,,200,10,40,31.308793340410507,512,31.232491970062256,31.26965045928955,31.412467002868652,56,performance,7,kernel,20260811,1.0286029247050918,1.0286029247050918,MEASURED,2.10.0.post4.dev20260715,2.10.0+cpu,3.2.0,r1_constexpr,,
9.1.0,random_bias,5,Ascend950PR_957b,,,200,10,40,31.049648353031703,512,30.95869731903076,31.006433963775635,31.117965698242188,56,performance,7,kernel,20260811,1.0084890928063972,1.037334830393845,MEASURED,2.10.0.post4.dev20260715,2.10.0+cpu,3.2.0,r2_core_partition,,
9.1.0,random_bias,5,Ascend950PR_957b,,,200,10,40,30.687335899897985,512,30.633469581604004,30.704150199890137,30.74777889251709,56,performance,7,kernel,20260811,1.009845045764744,1.0475474392724355,MEASURED,2.10.0.post4.dev20260715,2.10.0+cpu,3.2.0,r3_sort_tie,,
9.1.0,random_bias,5,Ascend950PR_957b,,,200,10,40,31.863370963505336,512,31.801391124725342,31.87002420425415,31.90342140197754,56,performance,7,kernel,20260811,0.9634178500495651,1.0092259017687772,MEASURED,2.10.0.post4.dev20260715,2.10.0+cpu,3.2.0,r4_bias_hoist,,
9.1.0,random_bias,5,Ascend950PR_957b,,,200,10,40,31.64792537689209,512,31.551085948944092,31.714725494384766,31.718238830566406,56,performance,7,kernel,20260811,1.0048967382642766,1.0141678168592676,MEASURED,2.10.0.post4.dev20260715,2.10.0+cpu,3.2.0,r5_dispatch,,
9.1.0,random_bias,5,Ascend950PR_957b,,,200,10,40,30.75047186442784,512,30.644878387451172,30.66922903060913,30.92461347579956,56,performance,7,kernel,20260811,1.0340894276387642,1.048740217265655,MEASURED,2.10.0.post4.dev20260715,2.10.0+cpu,3.2.0,r6_empirical_dispatch,,
9.1.0,random_bias,5,Ascend950PR_957b,,,200,10,40,30.814080919538224,512,30.772889614105225,30.81211566925049,30.84769344329834,56,performance,7,kernel,20260811,0.9953626475969661,1.0438768392989597,MEASURED,2.10.0.post4.dev20260715,2.10.0+cpu,3.2.0,r7_vector_tie_recovery,,
9.1.0,random_bias,5,Ascend950PR_957b,,,200,10,40,30.76143775667463,512,30.716307163238525,30.77259063720703,30.78287935256958,56,performance,7,kernel,20260811,1.0012844232879006,1.0452176190210554,MEASURED,2.10.0.post4.dev20260715,2.10.0+cpu,3.2.0,r8_safe_vector_dispatch,,
9.1.0,random_bias,5,Ascend950PR_957b,,,200,10,40,30.774860382080078,512,30.751442909240723,30.76927900314331,30.80570411682129,56,performance,7,kernel,20260811,1.0001076279383532,1.045330113638521,MEASURED,2.10.0.post4.dev20260715,2.10.0+cpu,3.2.0,r9_pair_tie_recovery,,
9.1.0,random_bias,5,Ascend950PR_957b,,,200,10,40,30.81253460475377,512,30.79188299179077,30.80073118209839,30.814019203186035,56,performance,7,kernel,20260811,0.9989788496003835,1.044262674375248,MEASURED,2.10.0.post4.dev20260715,2.10.0+cpu,3.2.0,r10_group_rank_threshold,,
9.1.0,random_bias,5,Ascend950PR_957b,,,200,10,40,30.809715134756907,512,30.761531352996826,30.79843044281006,30.846155166625977,56,performance,7,kernel,20260811,1.0000747031343886,1.0443406840701488,MEASURED,2.10.0.post4.dev20260715,2.10.0+cpu,3.2.0,r11_packed_exact_sort,,
9.1.0,random_bias,5,Ascend950PR_957b,,,200,10,40,30.800174985613143,512,30.76607656478882,30.789310932159424,30.837626934051514,56,performance,7,kernel,20260811,1.0002961908004608,1.0446500081733174,MEASURED,2.10.0.post4.dev20260715,2.10.0+cpu,3.2.0,r12_two_row_tile,,
9.1.0,random_bias,5,Ascend950PR_957b,,,200,10,40,30.778966971806117,512,30.75761318206787,30.78831434249878,30.800403118133545,56,performance,7,kernel,20260811,1.0000323690881403,1.0446838225415078,MEASURED,2.10.0.post4.dev20260715,2.10.0+cpu,3.2.0,r13_fp32_rank_reduce,,
9.1.0,random_bias,5,Ascend950PR_957b,,,200,10,40,30.79292058944702,512,30.766430854797363,30.80112934112549,30.818267345428467,56,performance,7,kernel,20260811,0.9995839438715126,1.0442491754348078,MEASURED,2.10.0.post4.dev20260715,2.10.0+cpu,3.2.0,r14_priority_argmax,,
9.1.0,random_bias,5,Ascend950PR_957b,,,200,10,40,30.83298887525286,512,30.80533504486084,30.818839073181152,30.87146806716919,56,performance,7,kernel,20260811,0.9994253601826594,1.0436491082793777,MEASURED,2.10.0.post4.dev20260715,2.10.0+cpu,3.2.0,r15_unique_top10_fastpath,,
9.1.0,random_bias,5,Ascend950PR_957b,,,200,10,40,30.83324466432844,512,30.81591033935547,30.818893909454346,30.873934268951416,56,performance,7,kernel,20260811,0.9999982206930154,1.0436472513072297,MEASURED,2.10.0.post4.dev20260715,2.10.0+cpu,3.2.0,r16_split_unique_recovery,,
9.1.0,random_bias,5,Ascend950PR_957b,,,200,10,40,30.830295426504954,512,30.799443244934082,30.806593894958496,30.82063865661621,56,performance,7,kernel,20260811,1.0003992656422125,1.0440639437972663,MEASURED,2.10.0.post4.dev20260715,2.10.0+cpu,3.2.0,r17_parallel_priority_argmax,,
9.1.0,random_bias,5,Ascend950PR_957b,,,200,10,40,30.846648897443497,512,30.801486492156982,30.859129428863525,30.87978744506836,56,performance,7,kernel,20260811,0.9982975691512577,1.0422864971312862,MEASURED,2.10.0.post4.dev20260715,2.10.0+cpu,3.2.0,r18_hierarchical_partial_sort,,
9.1.0,random_bias,5,Ascend950PR_957b,,,200,10,40,30.822054658617294,512,30.797234535217285,30.8034348487854,30.835710048675537,56,performance,7,kernel,20260811,1.0018080639497358,1.0441710177720458,MEASURED,2.10.0.post4.dev20260715,2.10.0+cpu,3.2.0,r19_unique_id_sum,,
9.1.0,random_bias,5,Ascend950PR_957b,,,200,10,40,30.854195526668004,512,30.832047939300537,30.861659049987793,30.891035079956055,56,performance,7,kernel,20260811,0.9981133807126803,1.0422010645906568,MEASURED,2.10.0.post4.dev20260715,2.10.0+cpu,3.2.0,r20_iterative_rank1_maxarg,,
9.1.0,random_bias,5,Ascend950PR_957b,,,200,10,41,32.286453928266255,512,32.208892822265625,32.28087902069092,32.44567155838013,56,performance,7,kernel,20260811,nan,1.0,MEASURED,2.10.0.post4.dev20260715,2.10.0+cpu,3.2.0,r0_legacy,,
9.1.0,random_bias,5,Ascend950PR_957b,,,200,10,41,31.370220184326172,512,31.30251169204712,31.382884979248047,31.434253692626953,56,performance,7,kernel,20260811,1.028614132895579,1.028614132895579,MEASURED,2.10.0.post4.dev20260715,2.10.0+cpu,3.2.0,r1_constexpr,,
9.1.0,random_bias,5,Ascend950PR_957b,,,200,10,41,31.268296922956193,512,31.1512393951416,31.25943422317505,31.381064414978027,56,performance,7,kernel,20260811,1.0039492319404,1.0326763686835572,MEASURED,2.10.0.post4.dev20260715,2.10.0+cpu,3.2.0,r2_core_partition,,
9.1.0,random_bias,5,Ascend950PR_957b,,,200,10,41,30.77307735170637,512,30.687089920043945,30.761361122131348,30.87866449356079,56,performance,7,kernel,20260811,1.0161915169834719,1.0493969656455269,MEASURED,2.10.0.post4.dev20260715,2.10.0+cpu,3.2.0,r3_sort_tie,,
9.1.0,random_bias,5,Ascend950PR_957b,,,200,10,41,31.915005615779332,512,31.84584903717041,31.90542459487915,31.959163188934326,56,performance,7,kernel,20260811,0.9641420389393148,1.0117677301142085,MEASURED,2.10.0.post4.dev20260715,2.10.0+cpu,3.2.0,r4_bias_hoist,,
9.1.0,random_bias,5,Ascend950PR_957b,,,200,10,41,31.79044212613787,512,31.73056697845459,31.768004894256592,31.90571928024292,56,performance,7,kernel,20260811,1.0043257264999794,1.0161443605961875,MEASURED,2.10.0.post4.dev20260715,2.10.0+cpu,3.2.0,r5_dispatch,,
9.1.0,random_bias,5,Ascend950PR_957b,,,200,10,41,30.856709139687673,512,30.754817962646484,30.84625482559204,30.941567420959473,56,performance,7,kernel,20260811,1.0298820739787122,1.046508861552574,MEASURED,2.10.0.post4.dev20260715,2.10.0+cpu,3.2.0,r6_empirical_dispatch,,
9.1.0,random_bias,5,Ascend950PR_957b,,,200,10,41,30.906264441353933,512,30.8814697265625,30.91679573059082,30.951735019683838,56,performance,7,kernel,20260811,0.9977183630019918,1.0441211082153121,MEASURED,2.10.0.post4.dev20260715,2.10.0+cpu,3.2.0,r7_vector_tie_recovery,,
9.1.0,random_bias,5,Ascend950PR_957b,,,200,10,41,30.877764906202042,512,30.85400152206421,30.888733863830566,30.92064619064331,56,performance,7,kernel,20260811,1.0009084822603593,1.0450696737197926,MEASURED,2.10.0.post4.dev20260715,2.10.0+cpu,3.2.0,r8_safe_vector_dispatch,,
9.1.0,random_bias,5,Ascend950PR_957b,,,200,10,41,30.877344948904856,512,30.876980304718018,30.894994735717773,30.904783725738525,56,performance,7,kernel,20260811,0.9997973499610289,1.0448578903096857,MEASURED,2.10.0.post4.dev20260715,2.10.0+cpu,3.2.0,r9_pair_tie_recovery,,
9.1.0,random_bias,5,Ascend950PR_957b,,,200,10,41,30.89063814708165,512,30.83737564086914,30.9051251411438,30.921977519989014,56,performance,7,kernel,20260811,0.9996722095322456,1.0445153958530842,MEASURED,2.10.0.post4.dev20260715,2.10.0+cpu,3.2.0,r10_group_rank_threshold,,
9.1.0,random_bias,5,Ascend950PR_957b,,,200,10,41,30.867092609405518,512,30.821909427642822,30.87423086166382,30.895723819732666,56,performance,7,kernel,20260811,1.0010006493641381,1.045560589519777,MEASURED,2.10.0.post4.dev20260715,2.10.0+cpu,3.2.0,r11_packed_exact_sort,,
9.1.0,random_bias,5,Ascend950PR_957b,,,200,10,41,30.88170085634504,512,30.848036766052246,30.88003396987915,30.90922498703003,56,performance,7,kernel,20260811,0.9998120757178897,1.0453641032965888,MEASURED,2.10.0.post4.dev20260715,2.10.0+cpu,3.2.0,r12_two_row_tile,,
9.1.0,random_bias,5,Ascend950PR_957b,,,200,10,41,30.83507912499564,512,30.790160179138184,30.827770233154297,30.87502670288086,56,performance,7,kernel,20260811,1.0016953459925768,1.0471363571398962,MEASURED,2.10.0.post4.dev20260715,2.10.0+cpu,3.2.0,r13_fp32_rank_reduce,,
9.1.0,random_bias,5,Ascend950PR_957b,,,200,10,41,30.859982626778738,512,30.826707363128662,30.84810972213745,30.888389587402344,56,performance,7,kernel,20260811,0.9993406568776382,1.046445934984641,MEASURED,2.10.0.post4.dev20260715,2.10.0+cpu,3.2.0,r14_priority_argmax,,
9.1.0,random_bias,5,Ascend950PR_957b,,,200,10,41,30.86208173206874,512,30.832797050476074,30.837724208831787,30.909610748291016,56,performance,7,kernel,20260811,1.0003367794988804,1.0467983565222305,MEASURED,2.10.0.post4.dev20260715,2.10.0+cpu,3.2.0,r15_unique_top10_fastpath,,
9.1.0,random_bias,5,Ascend950PR_957b,,,200,10,41,30.891683101654053,512,30.839142322540283,30.86237907409668,30.96183681488037,56,performance,7,kernel,20260811,0.9992011352979076,1.0459621062649966,MEASURED,2.10.0.post4.dev20260715,2.10.0+cpu,3.2.0,r16_split_unique_recovery,,
9.1.0,random_bias,5,Ascend950PR_957b,,,200,10,41,30.908018520900182,512,30.86813497543335,30.880064964294434,30.96923303604126,56,performance,7,kernel,20260811,0.999427271600037,1.0453630540614536,MEASURED,2.10.0.post4.dev20260715,2.10.0+cpu,3.2.0,r17_parallel_priority_argmax,,
9.1.0,random_bias,5,Ascend950PR_957b,,,200,10,41,30.91113124574934,512,30.87809944152832,30.887794494628906,30.960384845733643,56,performance,7,kernel,20260811,0.9997497545402337,1.0451014567033672,MEASURED,2.10.0.post4.dev20260715,2.10.0+cpu,3.2.0,r18_hierarchical_partial_sort,,
9.1.0,random_bias,5,Ascend950PR_957b,,,200,10,41,30.899221897125244,512,30.857091903686523,30.88153600692749,30.908867835998535,56,performance,7,kernel,20260811,1.000202661153254,1.04531325816985,MEASURED,2.10.0.post4.dev20260715,2.10.0+cpu,3.2.0,r19_unique_id_sum,,
9.1.0,random_bias,5,Ascend950PR_957b,,,200,10,41,30.89559657233102,512,30.822913646697998,30.919859409332275,30.946548461914062,56,performance,7,kernel,20260811,0.9987605570291429,1.0440176519996678,MEASURED,2.10.0.post4.dev20260715,2.10.0+cpu,3.2.0,r20_iterative_rank1_maxarg,,
9.1.0,random_bias,5,Ascend950PR_957b,,,200,10,42,32.27206570761545,512,32.18793964385986,32.27938413619995,32.38815498352051,56,performance,7,kernel,20260811,nan,1.0,MEASURED,2.10.0.post4.dev20260715,2.10.0+cpu,3.2.0,r0_legacy,,
9.1.0,random_bias,5,Ascend950PR_957b,,,200,10,42,31.439339433397567,512,31.349863529205322,31.479525566101074,31.57219123840332,56,performance,7,kernel,20260811,1.025408850855116,1.025408850855116,MEASURED,2.10.0.post4.dev20260715,2.10.0+cpu,3.2.0,r1_constexpr,,
9.1.0,random_bias,5,Ascend950PR_957b,,,200,10,42,31.30789348057338,512,31.21653175354004,31.2715744972229,31.390017986297607,56,performance,7,kernel,20260811,1.0066498432593038,1.0322276589900055,MEASURED,2.10.0.post4.dev20260715,2.10.0+cpu,3.2.0,r2_core_partition,,
9.1.0,random_bias,5,Ascend950PR_957b,,,200,10,42,30.854107992989675,512,30.72637939453125,30.84131956100464,30.93671464920044,56,performance,7,kernel,20260811,1.0139506007636025,1.046627854957723,MEASURED,2.10.0.post4.dev20260715,2.10.0+cpu,3.2.0,r3_sort_tie,,
9.1.0,random_bias,5,Ascend950PR_957b,,,200,10,42,32.00448070253645,512,31.85276174545288,31.972780227661133,32.09957504272461,56,performance,7,kernel,20260811,0.9646117522905432,1.0095895291668617,MEASURED,2.10.0.post4.dev20260715,2.10.0+cpu,3.2.0,r4_bias_hoist,,
9.1.0,random_bias,5,Ascend950PR_957b,,,200,10,42,31.839829172406876,512,31.738303661346436,31.80145025253296,32.00663757324219,56,performance,7,kernel,20260811,1.0053874893681782,1.0150286820214725,MEASURED,2.10.0.post4.dev20260715,2.10.0+cpu,3.2.0,r5_dispatch,,
9.1.0,random_bias,5,Ascend950PR_957b,,,200,10,42,30.842346804482595,512,30.74232006072998,30.784049034118652,30.862143516540527,56,performance,7,kernel,20260811,1.0330496231111994,1.0485749974093397,MEASURED,2.10.0.post4.dev20260715,2.10.0+cpu,3.2.0,r6_empirical_dispatch,,
9.1.0,random_bias,5,Ascend950PR_957b,,,200,10,42,30.901570320129395,512,30.820969104766846,30.87949514389038,30.968719005584717,56,performance,7,kernel,20260811,0.9969090780361863,1.0453339339191412,MEASURED,2.10.0.post4.dev20260715,2.10.0+cpu,3.2.0,r7_vector_tie_recovery,,
9.1.0,random_bias,5,Ascend950PR_957b,,,200,10,42,30.892838750566757,512,30.85971164703369,30.879271030426025,30.935050010681152,56,performance,7,kernel,20260811,1.000007257731704,1.0453415206723748,MEASURED,2.10.0.post4.dev20260715,2.10.0+cpu,3.2.0,r8_safe_vector_dispatch,,
9.1.0,random_bias,5,Ascend950PR_957b,,,200,10,42,30.879478454589844,512,30.83253526687622,30.843560695648193,30.912882328033447,56,performance,7,kernel,20260811,1.0011577889832568,1.0465518055687502,MEASURED,2.10.0.post4.dev20260715,2.10.0+cpu,3.2.0,r9_pair_tie_recovery,,
9.1.0,random_bias,5,Ascend950PR_957b,,,200,10,42,30.920021533966064,512,30.850327491760254,30.918591022491455,30.98985195159912,56,performance,7,kernel,20260811,0.9975732941132834,1.0440121321414226,MEASURED,2.10.0.post4.dev20260715,2.10.0+cpu,3.2.0,r10_group_rank_threshold,,
9.1.0,random_bias,5,Ascend950PR_957b,,,200,10,42,30.85049561091832,512,30.82639455795288,30.836920738220215,30.87913465499878,56,performance,7,kernel,20260811,1.0026484578328865,1.0467771542504212,MEASURED,2.10.0.post4.dev20260715,2.10.0+cpu,3.2.0,r11_packed_exact_sort,,
9.1.0,random_bias,5,Ascend950PR_957b,,,200,10,42,30.865327971322195,512,30.816667079925537,30.862739086151123,30.892044067382812,56,performance,7,kernel,20260811,0.999163445996843,1.0459014686316197,MEASURED,2.10.0.post4.dev20260715,2.10.0+cpu,3.2.0,r12_two_row_tile,,
9.1.0,random_bias,5,Ascend950PR_957b,,,200,10,42,30.910203456878662,512,30.887844562530518,30.916054248809814,30.94039535522461,56,performance,7,kernel,20260811,0.998275486184957,1.0440977970997907,MEASURED,2.10.0.post4.dev20260715,2.10.0+cpu,3.2.0,r13_fp32_rank_reduce,,
9.1.0,random_bias,5,Ascend950PR_957b,,,200,10,42,30.887581961495535,512,30.850265502929688,30.90235471725464,30.906874656677246,56,performance,7,kernel,20260811,1.0004433167530604,1.0445606631450786,MEASURED,2.10.0.post4.dev20260715,2.10.0+cpu,3.2.0,r14_priority_argmax,,
9.1.0,random_bias,5,Ascend950PR_957b,,,200,10,42,30.894543443407333,512,30.851787567138672,30.911130905151367,30.925528049468994,56,performance,7,kernel,20260811,0.9997160832476929,1.0442640948740107,MEASURED,2.10.0.post4.dev20260715,2.10.0+cpu,3.2.0,r15_unique_top10_fastpath,,
9.1.0,random_bias,5,Ascend950PR_957b,,,200,10,42,30.912465027400426,512,30.891202449798584,30.906925201416016,30.948360443115234,56,performance,7,kernel,20260811,1.0001360764200238,1.0444061945936005,MEASURED,2.10.0.post4.dev20260715,2.10.0+cpu,3.2.0,r16_split_unique_recovery,,
9.1.0,random_bias,5,Ascend950PR_957b,,,200,10,42,30.88174683707101,512,30.82820701599121,30.85472583770752,30.938087463378906,56,performance,7,kernel,20260811,1.0016917785619959,1.0461730986036297,MEASURED,2.10.0.post4.dev20260715,2.10.0+cpu,3.2.0,r17_parallel_priority_argmax,,
9.1.0,random_bias,5,Ascend950PR_957b,,,200,10,42,30.92419692448207,512,30.860651969909668,30.92926025390625,30.978371620178223,56,performance,7,kernel,20260811,0.9975901649251596,1.0436519939762603,MEASURED,2.10.0.post4.dev20260715,2.10.0+cpu,3.2.0,r18_hierarchical_partial_sort,,
9.1.0,random_bias,5,Ascend950PR_957b,,,200,10,42,30.92733689716884,512,30.91532278060913,30.933799743652344,30.9442400932312,56,performance,7,kernel,20260811,0.9998532514665605,1.043498839576723,MEASURED,2.10.0.post4.dev20260715,2.10.0+cpu,3.2.0,r19_unique_id_sum,,
9.1.0,random_bias,5,Ascend950PR_957b,,,200,10,42,30.94238587788173,512,30.880357265472412,30.957469940185547,30.968993186950684,56,performance,7,kernel,20260811,0.9992353962846791,1.0427009764870494,MEASURED,2.10.0.post4.dev20260715,2.10.0+cpu,3.2.0,r20_iterative_rank1_maxarg,,
9.1.0,random_bias,5,Ascend950PR_957b,,,200,10,43,32.42667198181152,512,32.284685134887695,32.334444522857666,32.64233112335205,56,performance,7,kernel,20260811,nan,1.0,MEASURED,2.10.0.post4.dev20260715,2.10.0+cpu,3.2.0,r0_legacy,,
9.1.0,random_bias,5,Ascend950PR_957b,,,200,10,43,31.65123837334769,512,31.4906268119812,31.562445163726807,31.792048454284668,56,performance,7,kernel,20260811,1.0244594281313186,1.0244594281313186,MEASURED,2.10.0.post4.dev20260715,2.10.0+cpu,3.2.0,r1_constexpr,,
9.1.0,random_bias,5,Ascend950PR_957b,,,200,10,43,31.316853250776017,512,31.120782375335693,31.34171962738037,31.464510917663574,56,performance,7,kernel,20260811,1.00704254708965,1.0316742318953693,MEASURED,2.10.0.post4.dev20260715,2.10.0+cpu,3.2.0,r2_core_partition,,
9.1.0,random_bias,5,Ascend950PR_957b,,,200,10,43,30.84354775292533,512,30.681142807006836,30.749354362487793,31.070302486419678,56,performance,7,kernel,20260811,1.0192643155335719,1.0515487298264572,MEASURED,2.10.0.post4.dev20260715,2.10.0+cpu,3.2.0,r3_sort_tie,,
9.1.0,random_bias,5,Ascend950PR_957b,,,200,10,43,32.087562084198,512,31.924580574035645,32.01709032058716,32.237170696258545,56,performance,7,kernel,20260811,0.9604043982321465,1.0099120250807565,MEASURED,2.10.0.post4.dev20260715,2.10.0+cpu,3.2.0,r4_bias_hoist,,
9.1.0,random_bias,5,Ascend950PR_957b,,,200,10,43,31.897755009787424,512,31.785181045532227,31.922709941864014,31.956019401550293,56,performance,7,kernel,20260811,1.0029565277789707,1.0128978580372243,MEASURED,2.10.0.post4.dev20260715,2.10.0+cpu,3.2.0,r5_dispatch,,
9.1.0,random_bias,5,Ascend950PR_957b,,,200,10,43,30.852299417768204,512,30.633946418762207,30.79601526260376,31.025041103363037,56,performance,7,kernel,20260811,1.036585729343641,1.0499554649241278,MEASURED,2.10.0.post4.dev20260715,2.10.0+cpu,3.2.0,r6_empirical_dispatch,,
9.1.0,random_bias,5,Ascend950PR_957b,,,200,10,43,30.871389933994838,512,30.837035179138184,30.858349800109863,30.886409759521484,56,performance,7,kernel,20260811,0.9979799782584006,1.04783453205727,MEASURED,2.10.0.post4.dev20260715,2.10.0+cpu,3.2.0,r7_vector_tie_recovery,,
9.1.0,random_bias,5,Ascend950PR_957b,,,200,10,43,30.876015254429408,512,30.8235764503479,30.8540940284729,30.91612720489502,56,performance,7,kernel,20260811,1.0001379321536077,1.047979062130901,MEASURED,2.10.0.post4.dev20260715,2.10.0+cpu,3.2.0,r8_safe_vector_dispatch,,
9.1.0,random_bias,5,Ascend950PR_957b,,,200,10,43,30.86705105645316,512,30.819506645202637,30.86599111557007,30.901232719421387,56,performance,7,kernel,20260811,0.999614556776984,1.0475751257035402,MEASURED,2.10.0.post4.dev20260715,2.10.0+cpu,3.2.0,r9_pair_tie_recovery,,
9.1.0,random_bias,5,Ascend950PR_957b,,,200,10,43,30.930042948041642,512,30.86925220489502,30.94222068786621,30.995602130889893,56,performance,7,kernel,20260811,0.9975363897418638,1.0449943088776885,MEASURED,2.10.0.post4.dev20260715,2.10.0+cpu,3.2.0,r10_group_rank_threshold,,
9.1.0,random_bias,5,Ascend950PR_957b,,,200,10,43,30.904692581721715,512,30.857605457305908,30.880844593048096,30.958475589752197,56,performance,7,kernel,20260811,1.0019875134772684,1.0470712491502516,MEASURED,2.10.0.post4.dev20260715,2.10.0+cpu,3.2.0,r11_packed_exact_sort,,
9.1.0,random_bias,5,Ascend950PR_957b,,,200,10,43,30.90339626584734,512,30.848001956939697,30.88115930557251,30.9677677154541,56,performance,7,kernel,20260811,0.999989808914837,1.0470605783579798,MEASURED,2.10.0.post4.dev20260715,2.10.0+cpu,3.2.0,r12_two_row_tile,,
9.1.0,random_bias,5,Ascend950PR_957b,,,200,10,43,30.916832174573624,512,30.824889183044434,30.898799896240234,30.998647212982178,56,performance,7,kernel,20260811,0.9994290849247556,1.0464627956891013,MEASURED,2.10.0.post4.dev20260715,2.10.0+cpu,3.2.0,r13_fp32_rank_reduce,,
9.1.0,random_bias,5,Ascend950PR_957b,,,200,10,43,30.95954281943185,512,30.853864669799805,30.925915241241455,31.088143348693848,56,performance,7,kernel,20260811,0.9991232160862595,1.0455452739435132,MEASURED,2.10.0.post4.dev20260715,2.10.0+cpu,3.2.0,r14_priority_argmax,,
9.1.0,random_bias,5,Ascend950PR_957b,,,200,10,43,30.960242748260498,512,30.898655891418457,30.9360408782959,31.0457820892334,56,performance,7,kernel,20260811,0.9996726912440322,1.0452030578205906,MEASURED,2.10.0.post4.dev20260715,2.10.0+cpu,3.2.0,r15_unique_top10_fastpath,,
9.1.0,random_bias,5,Ascend950PR_957b,,,200,10,43,30.96834625516619,512,30.943301677703857,30.97327470779419,31.009052276611328,56,performance,7,kernel,20260811,0.9987978723641733,1.043946590339734,MEASURED,2.10.0.post4.dev20260715,2.10.0+cpu,3.2.0,r16_split_unique_recovery,,
9.1.0,random_bias,5,Ascend950PR_957b,,,200,10,43,31.032919883728027,512,30.94742202758789,31.045033931732178,31.10390329360962,56,performance,7,kernel,20260811,0.9976885441937094,1.041533553932036,MEASURED,2.10.0.post4.dev20260715,2.10.0+cpu,3.2.0,r17_parallel_priority_argmax,,
9.1.0,random_bias,5,Ascend950PR_957b,,,200,10,43,31.042801993233816,512,30.927839279174805,31.018364429473877,31.06964921951294,56,performance,7,kernel,20260811,1.0008597971797946,1.0424290615443683,MEASURED,2.10.0.post4.dev20260715,2.10.0+cpu,3.2.0,r18_hierarchical_partial_sort,,
9.1.0,random_bias,5,Ascend950PR_957b,,,200,10,43,31.01839440209525,512,30.92412233352661,31.08119487762451,31.093770503997803,56,performance,7,kernel,20260811,0.9979785060259744,1.0403217974781072,MEASURED,2.10.0.post4.dev20260715,2.10.0+cpu,3.2.0,r19_unique_id_sum,,
9.1.0,random_bias,5,Ascend950PR_957b,,,200,10,43,31.057612214769637,512,31.043245315551758,31.04959011077881,31.08298349380493,56,performance,7,kernel,20260811,1.0010178803241183,1.0413807205665115,MEASURED,2.10.0.post4.dev20260715,2.10.0+cpu,3.2.0,r20_iterative_rank1_maxarg,,
9.1.0,random_bias,5,Ascend950PR_957b,,,200,10,44,32.30999503816877,512,32.081788063049316,32.25472450256348,32.5422797203064,56,performance,7,kernel,20260811,nan,1.0,MEASURED,2.10.0.post4.dev20260715,2.10.0+cpu,3.2.0,r0_legacy,,
9.1.0,random_bias,5,Ascend950PR_957b,,,200,10,44,31.495888233184814,512,31.325345039367676,31.53353452682495,31.693410873413086,56,performance,7,kernel,20260811,1.022870572124575,1.022870572124575,MEASURED,2.10.0.post4.dev20260715,2.10.0+cpu,3.2.0,r1_constexpr,,
9.1.0,random_bias,5,Ascend950PR_957b,,,200,10,44,31.2752332006182,512,31.13813066482544,31.37444019317627,31.389873504638672,56,performance,7,kernel,20260811,1.0050708262097783,1.0280573710309153,MEASURED,2.10.0.post4.dev20260715,2.10.0+cpu,3.2.0,r2_core_partition,,
9.1.0,random_bias,5,Ascend950PR_957b,,,200,10,44,30.85451943533761,512,30.6931414604187,30.82655906677246,30.99869203567505,56,performance,7,kernel,20260811,1.0177730224517456,1.0463290577679303,MEASURED,2.10.0.post4.dev20260715,2.10.0+cpu,3.2.0,r3_sort_tie,,
9.1.0,random_bias,5,Ascend950PR_957b,,,200,10,44,32.08899293627058,512,31.91489839553833,32.057600021362305,32.21978807449341,56,performance,7,kernel,20260811,0.9615990918294098,1.0061490717043637,MEASURED,2.10.0.post4.dev20260715,2.10.0+cpu,3.2.0,r4_bias_hoist,,
9.1.0,random_bias,5,Ascend950PR_957b,,,200,10,44,31.887287752968923,512,31.704026222229004,31.826629638671875,32.08528995513916,56,performance,7,kernel,20260811,1.0072571423777081,1.0134508387709213,MEASURED,2.10.0.post4.dev20260715,2.10.0+cpu,3.2.0,r5_dispatch,,
9.1.0,random_bias,5,Ascend950PR_957b,,,200,10,44,30.887210028512136,512,30.655866622924805,30.873820781707764,31.088123321533203,56,performance,7,kernel,20260811,1.0308613845918493,1.044727334871163,MEASURED,2.10.0.post4.dev20260715,2.10.0+cpu,3.2.0,r6_empirical_dispatch,,
9.1.0,random_bias,5,Ascend950PR_957b,,,200,10,44,30.939675739833287,512,30.873170852661133,30.950698852539062,30.981515884399414,56,performance,7,kernel,20260811,0.9975161119560636,1.0421323491349028,MEASURED,2.10.0.post4.dev20260715,2.10.0+cpu,3.2.0,r7_vector_tie_recovery,,
9.1.0,random_bias,5,Ascend950PR_957b,,,200,10,44,30.940613065447128,512,30.890000820159912,30.91094970703125,30.980698108673096,56,performance,7,kernel,20260811,1.001285924434045,1.0434724525861643,MEASURED,2.10.0.post4.dev20260715,2.10.0+cpu,3.2.0,r8_safe_vector_dispatch,,
9.1.0,random_bias,5,Ascend950PR_957b,,,200,10,44,30.904403073447092,512,30.86521005630493,30.89491605758667,30.951758861541748,56,performance,7,kernel,20260811,1.0005189737177047,1.0440139873642054,MEASURED,2.10.0.post4.dev20260715,2.10.0+cpu,3.2.0,r9_pair_tie_recovery,,
9.1.0,random_bias,5,Ascend950PR_957b,,,200,10,44,30.92327492577689,512,30.86008358001709,30.896739959716797,30.995152950286865,56,performance,7,kernel,20260811,0.999940967813028,1.043952356935302,MEASURED,2.10.0.post4.dev20260715,2.10.0+cpu,3.2.0,r10_group_rank_threshold,,
9.1.0,random_bias,5,Ascend950PR_957b,,,200,10,44,30.937444823128835,512,30.90583324432373,30.971505641937256,30.97794818878174,56,performance,7,kernel,20260811,0.997585984902225,1.0414322401843024,MEASURED,2.10.0.post4.dev20260715,2.10.0+cpu,3.2.0,r11_packed_exact_sort,,
9.1.0,random_bias,5,Ascend950PR_957b,,,200,10,44,30.9262592451913,512,30.883840560913086,30.917019844055176,30.950769424438477,56,performance,7,kernel,20260811,1.0017623237348523,1.0432675809394196,MEASURED,2.10.0.post4.dev20260715,2.10.0+cpu,3.2.0,r12_two_row_tile,,
9.1.0,random_bias,5,Ascend950PR_957b,,,200,10,44,30.933729239872523,512,30.893473148345947,30.905826091766357,30.97884750366211,56,performance,7,kernel,20260811,1.0003621890660868,1.0436454410502387,MEASURED,2.10.0.post4.dev20260715,2.10.0+cpu,3.2.0,r13_fp32_rank_reduce,,
9.1.0,random_bias,5,Ascend950PR_957b,,,200,10,44,30.944150515965053,512,30.92481803894043,30.93125581741333,30.970634937286377,56,performance,7,kernel,20260811,0.9991778631363342,1.0427874216605546,MEASURED,2.10.0.post4.dev20260715,2.10.0+cpu,3.2.0,r14_priority_argmax,,
9.1.0,random_bias,5,Ascend950PR_957b,,,200,10,44,30.91872760227748,512,30.87565803527832,30.918290615081787,30.954148769378662,56,performance,7,kernel,20260811,1.0004193376177537,1.0432247016537772,MEASURED,2.10.0.post4.dev20260715,2.10.0+cpu,3.2.0,r15_unique_top10_fastpath,,
9.1.0,random_bias,5,Ascend950PR_957b,,,200,10,44,30.918054240090505,512,30.881857872009277,30.92176914215088,30.953636169433594,56,performance,7,kernel,20260811,0.9998875055611113,1.04310734467633,MEASURED,2.10.0.post4.dev20260715,2.10.0+cpu,3.2.0,r16_split_unique_recovery,,
9.1.0,random_bias,5,Ascend950PR_957b,,,200,10,44,30.868271078382218,512,30.848878383636475,30.871589183807373,30.882097244262695,56,performance,7,kernel,20260811,1.0016254413740977,1.0448028545119918,MEASURED,2.10.0.post4.dev20260715,2.10.0+cpu,3.2.0,r17_parallel_priority_argmax,,
9.1.0,random_bias,5,Ascend950PR_957b,,,200,10,44,30.892510073525564,512,30.85213327407837,30.88167905807495,30.937358856201172,56,performance,7,kernel,20260811,0.9996732731323125,1.0444614893479862,MEASURED,2.10.0.post4.dev20260715,2.10.0+cpu,3.2.0,r18_hierarchical_partial_sort,,
9.1.0,random_bias,5,Ascend950PR_957b,,,200,10,44,30.89747633252825,512,30.861210823059082,30.89609384536743,30.94945526123047,56,performance,7,kernel,20260811,0.9995334430506126,1.0439741885817633,MEASURED,2.10.0.post4.dev20260715,2.10.0+cpu,3.2.0,r19_unique_id_sum,,
9.1.0,random_bias,5,Ascend950PR_957b,,,200,10,44,30.91411828994751,512,30.871817111968994,30.914859771728516,30.956212520599365,56,performance,7,kernel,20260811,0.9993929803822612,1.0433404757688813,MEASURED,2.10.0.post4.dev20260715,2.10.0+cpu,3.2.0,r20_iterative_rank1_maxarg,,
9.1.0,random_bias,5,Ascend950PR_957b,,,200,10,45,32.348194803510395,512,32.20431470870972,32.41154432296753,32.55048608779907,56,performance,7,kernel,20260811,nan,1.0,MEASURED,2.10.0.post4.dev20260715,2.10.0+cpu,3.2.0,r0_legacy,,
9.1.0,random_bias,5,Ascend950PR_957b,,,200,10,45,31.598776408604213,512,31.50946569442749,31.662349700927734,31.69622230529785,56,performance,7,kernel,20260811,1.0236620032662276,1.0236620032662276,MEASURED,2.10.0.post4.dev20260715,2.10.0+cpu,3.2.0,r1_constexpr,,
9.1.0,random_bias,5,Ascend950PR_957b,,,200,10,45,31.497714860098704,512,31.3660569190979,31.5297794342041,31.54596996307373,56,performance,7,kernel,20260811,1.0042046049513376,1.0279660975936569,MEASURED,2.10.0.post4.dev20260715,2.10.0+cpu,3.2.0,r2_core_partition,,
9.1.0,random_bias,5,Ascend950PR_957b,,,200,10,45,31.11597572054182,512,30.858036994934082,31.185483932495117,31.322551250457764,56,performance,7,kernel,20260811,1.0110402488046764,1.039315099073863,MEASURED,2.10.0.post4.dev20260715,2.10.0+cpu,3.2.0,r3_sort_tie,,
9.1.0,random_bias,5,Ascend950PR_957b,,,200,10,45,32.29502371379307,512,32.03473377227783,32.41295576095581,32.49371862411499,56,performance,7,kernel,20260811,0.9621302099841419,0.9999564545116252,MEASURED,2.10.0.post4.dev20260715,2.10.0+cpu,3.2.0,r4_bias_hoist,,
9.1.0,random_bias,5,Ascend950PR_957b,,,200,10,45,31.93720885685512,512,31.772478103637695,31.906585693359375,32.11483335494995,56,performance,7,kernel,20260811,1.0158703934185545,1.0158261568461475,MEASURED,2.10.0.post4.dev20260715,2.10.0+cpu,3.2.0,r5_dispatch,,
9.1.0,random_bias,5,Ascend950PR_957b,,,200,10,45,31.04046038218907,512,30.931045532226562,31.02915048599243,31.1044659614563,56,performance,7,kernel,20260811,1.028277770858182,1.0445514561411906,MEASURED,2.10.0.post4.dev20260715,2.10.0+cpu,3.2.0,r6_empirical_dispatch,,
9.1.0,random_bias,5,Ascend950PR_957b,,,200,10,45,30.99224090576172,512,30.937729835510254,30.969905853271484,31.070505619049072,56,performance,7,kernel,20260811,1.0019129742596453,1.046549656189664,MEASURED,2.10.0.post4.dev20260715,2.10.0+cpu,3.2.0,r7_vector_tie_recovery,,
9.1.0,random_bias,5,Ascend950PR_957b,,,200,10,45,30.95869847706386,512,30.89499044418335,30.923354625701904,31.01699686050415,56,performance,7,kernel,20260811,1.0015053744373157,1.0481251052894733,MEASURED,2.10.0.post4.dev20260715,2.10.0+cpu,3.2.0,r8_safe_vector_dispatch,,
9.1.0,random_bias,5,Ascend950PR_957b,,,200,10,45,30.941171646118164,512,30.889113903045654,30.95536470413208,30.970921516418457,56,performance,7,kernel,20260811,0.9989659279179514,1.047041268379599,MEASURED,2.10.0.post4.dev20260715,2.10.0+cpu,3.2.0,r9_pair_tie_recovery,,
9.1.0,random_bias,5,Ascend950PR_957b,,,200,10,45,30.92244761330741,512,30.88118028640747,30.908260345458984,30.97647523880005,56,performance,7,kernel,20260811,1.0015240054971264,1.048636965028328,MEASURED,2.10.0.post4.dev20260715,2.10.0+cpu,3.2.0,r10_group_rank_threshold,,
9.1.0,random_bias,5,Ascend950PR_957b,,,200,10,45,30.95393214906965,512,30.89955472946167,30.972869396209717,30.99724054336548,56,performance,7,kernel,20260811,0.9979140114555018,1.0464495203319415,MEASURED,2.10.0.post4.dev20260715,2.10.0+cpu,3.2.0,r11_packed_exact_sort,,
9.1.0,random_bias,5,Ascend950PR_957b,,,200,10,45,30.970910617283412,512,30.876823902130127,30.93308925628662,31.085576057434082,56,performance,7,kernel,20260811,1.0012860060498163,1.0477952607459158,MEASURED,2.10.0.post4.dev20260715,2.10.0+cpu,3.2.0,r12_two_row_tile,,
9.1.0,random_bias,5,Ascend950PR_957b,,,200,10,45,30.961604118347168,512,30.895445823669434,30.97722053527832,31.012852668762207,56,performance,7,kernel,20260811,0.9985753635016595,1.0463025333746692,MEASURED,2.10.0.post4.dev20260715,2.10.0+cpu,3.2.0,r13_fp32_rank_reduce,,
9.1.0,random_bias,5,Ascend950PR_957b,,,200,10,45,31.001011984688894,512,30.95139169692993,30.997273921966553,31.062740802764893,56,performance,7,kernel,20260811,0.9993530596678045,1.0456256380661506,MEASURED,2.10.0.post4.dev20260715,2.10.0+cpu,3.2.0,r14_priority_argmax,,
9.1.0,random_bias,5,Ascend950PR_957b,,,200,10,45,30.971088409423828,512,30.927457809448242,30.98273515701294,31.005409240722656,56,performance,7,kernel,20260811,1.0004692537595514,1.0461163018278965,MEASURED,2.10.0.post4.dev20260715,2.10.0+cpu,3.2.0,r15_unique_top10_fastpath,,
9.1.0,random_bias,5,Ascend950PR_957b,,,200,10,45,30.992535523005895,512,30.976245880126953,30.980660915374756,31.039852619171143,56,performance,7,kernel,20260811,1.0000669527885104,1.0461863422314102,MEASURED,2.10.0.post4.dev20260715,2.10.0+cpu,3.2.0,r16_split_unique_recovery,,
9.1.0,random_bias,5,Ascend950PR_957b,,,200,10,45,30.952627999441965,512,30.882009506225586,30.967884063720703,31.013870239257812,56,performance,7,kernel,20260811,1.0004125839410842,1.0466179819155967,MEASURED,2.10.0.post4.dev20260715,2.10.0+cpu,3.2.0,r17_parallel_priority_argmax,,
9.1.0,random_bias,5,Ascend950PR_957b,,,200,10,45,30.990877151489258,512,30.94479751586914,30.988714694976807,31.010103225708008,56,performance,7,kernel,20260811,0.9993277994437284,1.0459144447259492,MEASURED,2.10.0.post4.dev20260715,2.10.0+cpu,3.2.0,r18_hierarchical_partial_sort,,
9.1.0,random_bias,5,Ascend950PR_957b,,,200,10,45,31.037117753710067,512,30.965437412261963,31.02504014968872,31.12005376815796,56,performance,7,kernel,20260811,0.9988291568830644,1.0446898429974383,MEASURED,2.10.0.post4.dev20260715,2.10.0+cpu,3.2.0,r19_unique_id_sum,,
9.1.0,random_bias,5,Ascend950PR_957b,,,200,10,45,30.997675486973353,512,30.95438241958618,31.00245475769043,31.036095142364502,56,performance,7,kernel,20260811,1.0007285033451323,1.0454509030426877,MEASURED,2.10.0.post4.dev20260715,2.10.0+cpu,3.2.0,r20_iterative_rank1_maxarg,,
9.1.0,random_bias,5,Ascend950PR_957b,,,200,10,46,32.50891753605434,512,32.36760950088501,32.5167441368103,32.72569227218628,56,performance,7,kernel,20260811,nan,1.0,MEASURED,2.10.0.post4.dev20260715,2.10.0+cpu,3.2.0,r0_legacy,,
9.1.0,random_bias,5,Ascend950PR_957b,,,200,10,46,31.685396603175572,512,31.385159015655518,31.706008911132812,31.97716760635376,56,performance,7,kernel,20260811,1.0255703967014536,1.0255703967014536,MEASURED,2.10.0.post4.dev20260715,2.10.0+cpu,3.2.0,r1_constexpr,,
9.1.0,random_bias,5,Ascend950PR_957b,,,200,10,46,31.52393647602626,512,31.313717365264893,31.540815830230713,31.752376556396484,56,performance,7,kernel,20260811,1.0052374384287095,1.0309417585084848,MEASURED,2.10.0.post4.dev20260715,2.10.0+cpu,3.2.0,r2_core_partition,,
9.1.0,random_bias,5,Ascend950PR_957b,,,200,10,46,31.10687596457345,512,30.944175720214844,31.020395755767822,31.329874992370605,56,performance,7,kernel,20260811,1.016776706479192,1.0482375657881235,MEASURED,2.10.0.post4.dev20260715,2.10.0+cpu,3.2.0,r3_sort_tie,,
9.1.0,random_bias,5,Ascend950PR_957b,,,200,10,46,32.26472207478115,512,32.13737630844116,32.242980003356934,32.477384090423584,56,performance,7,kernel,20260811,0.9620821571870273,1.0084906585379163,MEASURED,2.10.0.post4.dev20260715,2.10.0+cpu,3.2.0,r4_bias_hoist,,
9.1.0,random_bias,5,Ascend950PR_957b,,,200,10,46,32.029158047267366,512,31.889341354370117,31.98662519454956,32.31431531906128,56,performance,7,kernel,20260811,1.0080144375109337,1.0165731439011287,MEASURED,2.10.0.post4.dev20260715,2.10.0+cpu,3.2.0,r5_dispatch,,
9.1.0,random_bias,5,Ascend950PR_957b,,,200,10,46,31.063509668622697,512,30.91838026046753,31.067674160003662,31.229196071624756,56,performance,7,kernel,20260811,1.0295790096745945,1.0466423707595132,MEASURED,2.10.0.post4.dev20260715,2.10.0+cpu,3.2.0,r6_empirical_dispatch,,
9.1.0,random_bias,5,Ascend950PR_957b,,,200,10,46,31.015515327453613,512,30.965479373931885,30.993731021881104,31.083268642425537,56,performance,7,kernel,20260811,1.0023857449776006,1.0491393925388968,MEASURED,2.10.0.post4.dev20260715,2.10.0+cpu,3.2.0,r7_vector_tie_recovery,,
9.1.0,random_bias,5,Ascend950PR_957b,,,200,10,46,30.94489540372576,512,30.869050979614258,30.93343496322632,31.01871156692505,56,performance,7,kernel,20260811,1.0019492196300368,1.0511843956374785,MEASURED,2.10.0.post4.dev20260715,2.10.0+cpu,3.2.0,r8_safe_vector_dispatch,,
9.1.0,random_bias,5,Ascend950PR_957b,,,200,10,46,30.975468839917863,512,30.904505252838135,31.01792573928833,31.039770126342773,56,performance,7,kernel,20260811,0.9972760662085475,1.048321038941154,MEASURED,2.10.0.post4.dev20260715,2.10.0+cpu,3.2.0,r9_pair_tie_recovery,,
9.1.0,random_bias,5,Ascend950PR_957b,,,200,10,46,30.976665701184952,512,30.91488265991211,30.970466136932373,31.042597770690918,56,performance,7,kernel,20260811,1.001532414854401,1.0499275016734084,MEASURED,2.10.0.post4.dev20260715,2.10.0+cpu,3.2.0,r10_group_rank_threshold,,
9.1.0,random_bias,5,Ascend950PR_957b,,,200,10,46,30.96756832940238,512,30.8972749710083,30.99283456802368,31.01848077774048,56,performance,7,kernel,20260811,0.9992782708841228,1.0491697384258905,MEASURED,2.10.0.post4.dev20260715,2.10.0+cpu,3.2.0,r11_packed_exact_sort,,
9.1.0,random_bias,5,Ascend950PR_957b,,,200,10,46,30.97875084195818,512,30.939847469329834,30.97137451171875,31.020044803619385,56,performance,7,kernel,20260811,1.0006928997063664,1.0498967078295742,MEASURED,2.10.0.post4.dev20260715,2.10.0+cpu,3.2.0,r12_two_row_tile,,
9.1.0,random_bias,5,Ascend950PR_957b,,,200,10,46,31.00442716053554,512,30.976807594299316,30.99292516708374,31.025681495666504,56,performance,7,kernel,20260811,0.9993046588778307,1.0491666714745902,MEASURED,2.10.0.post4.dev20260715,2.10.0+cpu,3.2.0,r13_fp32_rank_reduce,,
9.1.0,random_bias,5,Ascend950PR_957b,,,200,10,46,31.0444518498012,512,30.984870433807373,31.052703857421875,31.08711338043213,56,performance,7,kernel,20260811,0.9980749280123042,1.0471469501049104,MEASURED,2.10.0.post4.dev20260715,2.10.0+cpu,3.2.0,r14_priority_argmax,,
9.1.0,random_bias,5,Ascend950PR_957b,,,200,10,46,30.992222172873362,512,30.95062494277954,31.000165939331055,31.02449607849121,56,performance,7,kernel,20260811,1.0016947624794539,1.0489216154664227,MEASURED,2.10.0.post4.dev20260715,2.10.0+cpu,3.2.0,r15_unique_top10_fastpath,,
9.1.0,random_bias,5,Ascend950PR_957b,,,200,10,46,31.01013319832938,512,30.92643451690674,31.023874282836914,31.047829151153564,56,performance,7,kernel,20260811,0.9992358032626836,1.0481200329901825,MEASURED,2.10.0.post4.dev20260715,2.10.0+cpu,3.2.0,r16_split_unique_recovery,,
9.1.0,random_bias,5,Ascend950PR_957b,,,200,10,46,31.039560522351945,512,30.98042345046997,30.996510982513428,31.05255651473999,56,performance,7,kernel,20260811,1.0008827864638998,1.0490452991678485,MEASURED,2.10.0.post4.dev20260715,2.10.0+cpu,3.2.0,r17_parallel_priority_argmax,,
9.1.0,random_bias,5,Ascend950PR_957b,,,200,10,46,31.053321361541748,512,30.9829158782959,31.01893424987793,31.07106065750122,56,performance,7,kernel,20260811,0.9992771103228799,1.048286955150249,MEASURED,2.10.0.post4.dev20260715,2.10.0+cpu,3.2.0,r18_hierarchical_partial_sort,,
9.1.0,random_bias,5,Ascend950PR_957b,,,200,10,46,31.0418895312718,512,31.001458644866943,31.022965908050537,31.03247308731079,56,performance,7,kernel,20260811,0.9998700427875092,1.0481507226996671,MEASURED,2.10.0.post4.dev20260715,2.10.0+cpu,3.2.0,r19_unique_id_sum,,
9.1.0,random_bias,5,Ascend950PR_957b,,,200,10,46,31.048129967280797,512,31.022598266601562,31.036174297332764,31.059965133666992,56,performance,7,kernel,20260811,0.9995744195416714,1.047704650234703,MEASURED,2.10.0.post4.dev20260715,2.10.0+cpu,3.2.0,r20_iterative_rank1_maxarg,,
9.1.0,random_bias,5,Ascend950PR_957b,,,200,10,47,31.374613557543075,512,30.607210159301758,30.888385772705078,32.308090686798096,56,performance,7,kernel,20260811,nan,1.0,MEASURED,2.10.0.post4.dev20260715,2.10.0+cpu,3.2.0,r0_legacy,,
9.1.0,random_bias,5,Ascend950PR_957b,,,200,10,47,30.51757846559797,512,29.807153701782227,30.124669075012207,31.460389137268066,56,performance,7,kernel,20260811,1.0253518701165205,1.0253518701165205,MEASURED,2.10.0.post4.dev20260715,2.10.0+cpu,3.2.0,r1_constexpr,,
9.1.0,random_bias,5,Ascend950PR_957b,,,200,10,47,30.179458005087717,512,29.634398937225342,29.71726417541504,31.03855562210083,56,performance,7,kernel,20260811,1.013709367631971,1.039408795856077,MEASURED,2.10.0.post4.dev20260715,2.10.0+cpu,3.2.0,r2_core_partition,,
9.1.0,random_bias,5,Ascend950PR_957b,,,200,10,47,29.79961667742048,512,29.212573528289795,29.405465126037598,30.617080688476562,56,performance,7,kernel,20260811,1.0106034387839475,1.0504301033944334,MEASURED,2.10.0.post4.dev20260715,2.10.0+cpu,3.2.0,r3_sort_tie,,
9.1.0,random_bias,5,Ascend950PR_957b,,,200,10,47,30.932465621403285,512,30.411640644073486,30.517454147338867,31.517240047454834,56,performance,7,kernel,20260811,0.9635621957214201,1.0121547368786186,MEASURED,2.10.0.post4.dev20260715,2.10.0+cpu,3.2.0,r4_bias_hoist,,
9.1.0,random_bias,5,Ascend950PR_957b,,,200,10,47,30.742410251072474,512,30.238457679748535,30.35372018814087,31.51674461364746,56,performance,7,kernel,20260811,1.005394197422363,1.0176144993513216,MEASURED,2.10.0.post4.dev20260715,2.10.0+cpu,3.2.0,r5_dispatch,,
9.1.0,random_bias,5,Ascend950PR_957b,,,200,10,47,29.79672840663365,512,29.27190113067627,29.36558485031128,30.66298484802246,56,performance,7,kernel,20260811,1.0336494349718057,1.0518566522736106,MEASURED,2.10.0.post4.dev20260715,2.10.0+cpu,3.2.0,r6_empirical_dispatch,,
9.1.0,random_bias,5,Ascend950PR_957b,,,200,10,47,30.762356689998082,512,30.68964433670044,30.718185901641846,30.86510944366455,56,performance,7,kernel,20260811,0.9559674176182953,1.0055406875786286,MEASURED,2.10.0.post4.dev20260715,2.10.0+cpu,3.2.0,r7_vector_tie_recovery,,
9.1.0,random_bias,5,Ascend950PR_957b,,,200,10,47,30.75239930834089,512,30.666388988494873,30.68314552307129,30.865644454956055,56,performance,7,kernel,20260811,1.0011420073780966,1.0066890224628198,MEASURED,2.10.0.post4.dev20260715,2.10.0+cpu,3.2.0,r8_safe_vector_dispatch,,
9.1.0,random_bias,5,Ascend950PR_957b,,,200,10,47,30.736819335392543,512,30.678176403045654,30.685744285583496,30.81266450881958,56,performance,7,kernel,20260811,0.9999153104292332,1.0066037664016116,MEASURED,2.10.0.post4.dev20260715,2.10.0+cpu,3.2.0,r9_pair_tie_recovery,,
9.1.0,random_bias,5,Ascend950PR_957b,,,200,10,47,30.738697392599924,512,30.656956672668457,30.666775703430176,30.872504711151123,56,performance,7,kernel,20260811,1.0006185385231483,1.0072263896086773,MEASURED,2.10.0.post4.dev20260715,2.10.0+cpu,3.2.0,r10_group_rank_threshold,,
9.1.0,random_bias,5,Ascend950PR_957b,,,200,10,47,30.752921445029124,512,30.65064573287964,30.67500114440918,30.86665630340576,56,performance,7,kernel,20260811,0.9997318519748286,1.006956303841403,MEASURED,2.10.0.post4.dev20260715,2.10.0+cpu,3.2.0,r11_packed_exact_sort,,
9.1.0,random_bias,5,Ascend950PR_957b,,,200,10,47,30.735916750771658,512,30.647284507751465,30.65363883972168,30.815698623657227,56,performance,7,kernel,20260811,1.0006968929463544,1.0076580445868373,MEASURED,2.10.0.post4.dev20260715,2.10.0+cpu,3.2.0,r12_two_row_tile,,
9.1.0,random_bias,5,Ascend950PR_957b,,,200,10,47,30.73400088718959,512,30.656033992767334,30.661375522613525,30.82885217666626,56,performance,7,kernel,20260811,0.9997476733264579,1.007403785584379,MEASURED,2.10.0.post4.dev20260715,2.10.0+cpu,3.2.0,r13_fp32_rank_reduce,,
9.1.0,random_bias,5,Ascend950PR_957b,,,200,10,47,30.779951299939835,512,30.70018434524536,30.70621967315674,30.90399694442749,56,performance,7,kernel,20260811,0.9985395743591838,1.005932547265256,MEASURED,2.10.0.post4.dev20260715,2.10.0+cpu,3.2.0,r14_priority_argmax,,
9.1.0,random_bias,5,Ascend950PR_957b,,,200,10,47,30.85092374256679,512,30.696273803710938,30.70746421813965,30.98936367034912,56,performance,7,kernel,20260811,0.999959470929476,1.0058917777541057,MEASURED,2.10.0.post4.dev20260715,2.10.0+cpu,3.2.0,r15_unique_top10_fastpath,,
9.1.0,random_bias,5,Ascend950PR_957b,,,200,10,47,30.74049506868635,512,30.650050163269043,30.658655166625977,30.852468013763428,56,performance,7,kernel,20260811,1.0015920154112568,1.0074931729663466,MEASURED,2.10.0.post4.dev20260715,2.10.0+cpu,3.2.0,r16_split_unique_recovery,,
9.1.0,random_bias,5,Ascend950PR_957b,,,200,10,47,30.735301971435547,512,30.649303436279297,30.66567897796631,30.831718921661377,56,performance,7,kernel,20260811,0.9997709552967871,1.0072624119915554,MEASURED,2.10.0.post4.dev20260715,2.10.0+cpu,3.2.0,r17_parallel_priority_argmax,,
9.1.0,random_bias,5,Ascend950PR_957b,,,200,10,47,30.744298185620988,512,30.688331604003906,30.69460391998291,30.809959888458252,56,performance,7,kernel,20260811,0.9990576538439132,1.0063132221294444,MEASURED,2.10.0.post4.dev20260715,2.10.0+cpu,3.2.0,r18_hierarchical_partial_sort,,
9.1.0,random_bias,5,Ascend950PR_957b,,,200,10,47,30.75545515332903,512,30.660173416137695,30.66500425338745,30.8587589263916,56,performance,7,kernel,20260811,1.000965258845258,1.007284574868205,MEASURED,2.10.0.post4.dev20260715,2.10.0+cpu,3.2.0,r19_unique_id_sum,,
9.1.0,random_bias,5,Ascend950PR_957b,,,200,10,47,30.74460472379412,512,30.65537977218628,30.662710666656494,30.860219478607178,56,performance,7,kernel,20260811,1.0000748005209288,1.0073599202791288,MEASURED,2.10.0.post4.dev20260715,2.10.0+cpu,3.2.0,r20_iterative_rank1_maxarg,,
9.1.0,random_bias,5,Ascend950PR_957b,,,200,10,48,30.680547101157053,512,30.558671951293945,30.601844787597656,30.786762237548828,56,performance,7,kernel,20260811,nan,1.0,MEASURED,2.10.0.post4.dev20260715,2.10.0+cpu,3.2.0,r0_legacy,,
9.1.0,random_bias,5,Ascend950PR_957b,,,200,10,48,29.858743803841726,512,29.753047943115234,29.877984523773193,29.98740243911743,56,performance,7,kernel,20260811,1.0242272119542903,1.0242272119542903,MEASURED,2.10.0.post4.dev20260715,2.10.0+cpu,3.2.0,r1_constexpr,,
9.1.0,random_bias,5,Ascend950PR_957b,,,200,10,48,29.658291339874268,512,29.385498046875,29.78304386138916,29.839547634124756,56,performance,7,kernel,20260811,1.0031877420866009,1.0274921841440792,MEASURED,2.10.0.post4.dev20260715,2.10.0+cpu,3.2.0,r2_core_partition,,
9.1.0,random_bias,5,Ascend950PR_957b,,,200,10,48,29.275904382978165,512,29.263152599334717,29.297974109649658,29.329794883728027,56,performance,7,kernel,20260811,1.0165564263905789,1.0445037828577557,MEASURED,2.10.0.post4.dev20260715,2.10.0+cpu,3.2.0,r3_sort_tie,,
9.1.0,random_bias,5,Ascend950PR_957b,,,200,10,48,30.4418226650783,512,30.33630084991455,30.478625297546387,30.544562339782715,56,performance,7,kernel,20260811,0.9612629776976268,1.0040428165262818,MEASURED,2.10.0.post4.dev20260715,2.10.0+cpu,3.2.0,r4_bias_hoist,,
9.1.0,random_bias,5,Ascend950PR_957b,,,200,10,48,30.291530745370046,512,30.130937576293945,30.32057523727417,30.410898685455322,56,performance,7,kernel,20260811,1.005212633963419,1.0092765242124335,MEASURED,2.10.0.post4.dev20260715,2.10.0+cpu,3.2.0,r5_dispatch,,
9.1.0,random_bias,5,Ascend950PR_957b,,,200,10,48,29.302560601915633,512,29.116596221923828,29.35142993927002,29.48904514312744,56,performance,7,kernel,20260811,1.033018674047887,1.0426014967895882,MEASURED,2.10.0.post4.dev20260715,2.10.0+cpu,3.2.0,r6_empirical_dispatch,,
9.1.0,random_bias,5,Ascend950PR_957b,,,200,10,48,30.68465028490339,512,30.676490783691406,30.68237066268921,30.69334363937378,56,performance,7,kernel,20260811,0.95662197233548,0.9973755002187795,MEASURED,2.10.0.post4.dev20260715,2.10.0+cpu,3.2.0,r7_vector_tie_recovery,,
9.1.0,random_bias,5,Ascend950PR_957b,,,200,10,48,30.704055854252406,512,30.696861267089844,30.706543922424316,30.714128971099854,56,performance,7,kernel,20260811,0.9992127652074366,0.9965903315237571,MEASURED,2.10.0.post4.dev20260715,2.10.0+cpu,3.2.0,r8_safe_vector_dispatch,,
9.1.0,random_bias,5,Ascend950PR_957b,,,200,10,48,30.68393979753767,512,30.668506622314453,30.684285163879395,30.69645118713379,56,performance,7,kernel,20260811,1.0007254123218463,0.9973132704300772,MEASURED,2.10.0.post4.dev20260715,2.10.0+cpu,3.2.0,r9_pair_tie_recovery,,
9.1.0,random_bias,5,Ascend950PR_957b,,,200,10,48,30.671372413635254,512,30.658996105194092,30.67537546157837,30.684048175811768,56,performance,7,kernel,20260811,1.0002904512876194,0.9976029413536336,MEASURED,2.10.0.post4.dev20260715,2.10.0+cpu,3.2.0,r10_group_rank_threshold,,
9.1.0,random_bias,5,Ascend950PR_957b,,,200,10,48,30.68127121244158,512,30.668680667877197,30.682361125946045,30.691023349761963,56,performance,7,kernel,20260811,0.9997723231162361,0.9973758102247124,MEASURED,2.10.0.post4.dev20260715,2.10.0+cpu,3.2.0,r11_packed_exact_sort,,
9.1.0,random_bias,5,Ascend950PR_957b,,,200,10,48,30.67985875265939,512,30.673466682434082,30.67755937576294,30.68972396850586,56,performance,7,kernel,20260811,1.000156523213737,0.9975319226918324,MEASURED,2.10.0.post4.dev20260715,2.10.0+cpu,3.2.0,r12_two_row_tile,,
9.1.0,random_bias,5,Ascend950PR_957b,,,200,10,48,30.671041011810303,512,30.667485237121582,30.669989585876465,30.6764235496521,56,performance,7,kernel,20260811,1.000246814230741,0.9977781277659713,MEASURED,2.10.0.post4.dev20260715,2.10.0+cpu,3.2.0,r13_fp32_rank_reduce,,
9.1.0,random_bias,5,Ascend950PR_957b,,,200,10,48,30.68121841975621,512,30.668297290802002,30.67760467529297,30.69354772567749,56,performance,7,kernel,20260811,0.9997517704039444,0.9975304497043628,MEASURED,2.10.0.post4.dev20260715,2.10.0+cpu,3.2.0,r14_priority_argmax,,
9.1.0,random_bias,5,Ascend950PR_957b,,,200,10,48,30.7161123411996,512,30.700968265533447,30.708351135253906,30.729482650756836,56,performance,7,kernel,20260811,0.9989987590077528,0.9965316813271039,MEASURED,2.10.0.post4.dev20260715,2.10.0+cpu,3.2.0,r15_unique_top10_fastpath,,
9.1.0,random_bias,5,Ascend950PR_957b,,,200,10,48,30.70091281618391,512,30.694859504699707,30.702104568481445,30.70725917816162,56,performance,7,kernel,20260811,1.0002034572828233,0.9967344329552341,MEASURED,2.10.0.post4.dev20260715,2.10.0+cpu,3.2.0,r16_split_unique_recovery,,
9.1.0,random_bias,5,Ascend950PR_957b,,,200,10,48,30.68983725139073,512,30.673405170440674,30.691170692443848,30.705201148986816,56,performance,7,kernel,20260811,1.0003562547726566,0.9970895243540455,MEASURED,2.10.0.post4.dev20260715,2.10.0+cpu,3.2.0,r17_parallel_priority_argmax,,
9.1.0,random_bias,5,Ascend950PR_957b,,,200,10,48,30.685139383588517,512,30.67008113861084,30.680859088897705,30.69110679626465,56,performance,7,kernel,20260811,1.0003360923993772,0.9974246385646796,MEASURED,2.10.0.post4.dev20260715,2.10.0+cpu,3.2.0,r18_hierarchical_partial_sort,,
9.1.0,random_bias,5,Ascend950PR_957b,,,200,10,48,30.671347549983434,512,30.66196918487549,30.66580057144165,30.680898189544678,56,performance,7,kernel,20260811,1.0004910524811172,0.9979144264081742,MEASURED,2.10.0.post4.dev20260715,2.10.0+cpu,3.2.0,r19_unique_id_sum,,
9.1.0,random_bias,5,Ascend950PR_957b,,,200,10,48,30.681619303567068,512,30.666204929351807,30.688230991363525,30.699246883392334,56,performance,7,kernel,20260811,0.9992690872299486,0.997185038010494,MEASURED,2.10.0.post4.dev20260715,2.10.0+cpu,3.2.0,r20_iterative_rank1_maxarg,,
9.1.0,random_bias,5,Ascend950PR_957b,,,200,10,49,30.750932012285507,512,30.655831813812256,30.7625150680542,30.860862255096436,56,performance,7,kernel,20260811,nan,1.0,MEASURED,2.10.0.post4.dev20260715,2.10.0+cpu,3.2.0,r0_legacy,,
9.1.0,random_bias,5,Ascend950PR_957b,,,200,10,49,29.806981086730957,512,29.761444091796875,29.81492519378662,29.848325729370117,56,performance,7,kernel,20260811,1.0317823998587476,1.0317823998587476,MEASURED,2.10.0.post4.dev20260715,2.10.0+cpu,3.2.0,r1_constexpr,,
9.1.0,random_bias,5,Ascend950PR_957b,,,200,10,49,29.680925096784318,512,29.635342121124268,29.68172550201416,29.740917682647705,56,performance,7,kernel,20260811,1.004487599339985,1.0364126258753623,MEASURED,2.10.0.post4.dev20260715,2.10.0+cpu,3.2.0,r2_core_partition,,
9.1.0,random_bias,5,Ascend950PR_957b,,,200,10,49,29.281200000217982,512,29.22882318496704,29.286348819732666,29.313942432403564,56,performance,7,kernel,20260811,1.0135003746870315,1.0504045846550498,MEASURED,2.10.0.post4.dev20260715,2.10.0+cpu,3.2.0,r3_sort_tie,,
9.1.0,random_bias,5,Ascend950PR_957b,,,200,10,49,30.428003243037633,512,30.36422061920166,30.45994520187378,30.498743534088135,56,performance,7,kernel,20260811,0.9614708308119702,1.0099333686969931,MEASURED,2.10.0.post4.dev20260715,2.10.0+cpu,3.2.0,r4_bias_hoist,,
9.1.0,random_bias,5,Ascend950PR_957b,,,200,10,49,30.171258108956472,512,30.073017597198486,30.22313117980957,30.256630420684814,56,performance,7,kernel,20260811,1.007835522423382,1.01784672425354,MEASURED,2.10.0.post4.dev20260715,2.10.0+cpu,3.2.0,r5_dispatch,,
9.1.0,random_bias,5,Ascend950PR_957b,,,200,10,49,29.264179979051864,512,29.169005393981934,29.278016090393066,29.340291023254395,56,performance,7,kernel,20260811,1.0322807080404133,1.0507035371890596,MEASURED,2.10.0.post4.dev20260715,2.10.0+cpu,3.2.0,r6_empirical_dispatch,,
9.1.0,random_bias,5,Ascend950PR_957b,,,200,10,49,30.707806178501674,512,30.69107675552368,30.705513954162598,30.720075607299805,56,performance,7,kernel,20260811,0.9535100481984926,1.001856380387467,MEASURED,2.10.0.post4.dev20260715,2.10.0+cpu,3.2.0,r7_vector_tie_recovery,,
9.1.0,random_bias,5,Ascend950PR_957b,,,200,10,49,30.72011947631836,512,30.70690155029297,30.714995861053467,30.73743724822998,56,performance,7,kernel,20260811,0.999691293890002,1.001547101201501,MEASURED,2.10.0.post4.dev20260715,2.10.0+cpu,3.2.0,r8_safe_vector_dispatch,,
9.1.0,random_bias,5,Ascend950PR_957b,,,200,10,49,30.74615274156843,512,30.724576950073242,30.729033946990967,30.743168354034424,56,performance,7,kernel,20260811,0.9995431653998067,1.0010895598319487,MEASURED,2.10.0.post4.dev20260715,2.10.0+cpu,3.2.0,r9_pair_tie_recovery,,
9.1.0,random_bias,5,Ascend950PR_957b,,,200,10,49,30.69952760423933,512,30.68978452682495,30.694146156311035,30.703025341033936,56,performance,7,kernel,20260811,1.0011366268506792,1.0022274251055883,MEASURED,2.10.0.post4.dev20260715,2.10.0+cpu,3.2.0,r10_group_rank_threshold,,
9.1.0,random_bias,5,Ascend950PR_957b,,,200,10,49,30.70049626486642,512,30.69692087173462,30.701849460601807,30.706960678100586,56,performance,7,kernel,20260811,0.9997490931515166,1.0019759593808915,MEASURED,2.10.0.post4.dev20260715,2.10.0+cpu,3.2.0,r11_packed_exact_sort,,
9.1.0,random_bias,5,Ascend950PR_957b,,,200,10,49,30.708588532039098,512,30.696663856506348,30.708110332489014,30.724436283111572,56,performance,7,kernel,20260811,0.999796116666919,1.0017716731826258,MEASURED,2.10.0.post4.dev20260715,2.10.0+cpu,3.2.0,r12_two_row_tile,,
9.1.0,random_bias,5,Ascend950PR_957b,,,200,10,49,30.707174369267054,512,30.69984245300293,30.70683002471924,30.711596965789795,56,performance,7,kernel,20260811,1.0000416945600945,1.0018134416118543,MEASURED,2.10.0.post4.dev20260715,2.10.0+cpu,3.2.0,r13_fp32_rank_reduce,,
9.1.0,random_bias,5,Ascend950PR_957b,,,200,10,49,30.744091783251083,512,30.73096799850464,30.74666976928711,30.752907752990723,56,performance,7,kernel,20260811,0.9987042582215631,1.000515350081358,MEASURED,2.10.0.post4.dev20260715,2.10.0+cpu,3.2.0,r14_priority_argmax,,
9.1.0,random_bias,5,Ascend950PR_957b,,,200,10,49,30.742201464516775,512,30.732056617736816,30.746924877166748,30.75017547607422,56,performance,7,kernel,20260811,0.999991702979057,1.0005070487845447,MEASURED,2.10.0.post4.dev20260715,2.10.0+cpu,3.2.0,r15_unique_top10_fastpath,,
9.1.0,random_bias,5,Ascend950PR_957b,,,200,10,49,30.715516294751847,512,30.70291519165039,30.71971893310547,30.72375249862671,56,performance,7,kernel,20260811,1.0008856182610435,1.001393116097251,MEASURED,2.10.0.post4.dev20260715,2.10.0+cpu,3.2.0,r16_split_unique_recovery,,
9.1.0,random_bias,5,Ascend950PR_957b,,,200,10,49,30.72317327771868,512,30.707528591156006,30.715174674987793,30.743785858154297,56,performance,7,kernel,20260811,1.0001479483078237,1.0015412705142437,MEASURED,2.10.0.post4.dev20260715,2.10.0+cpu,3.2.0,r17_parallel_priority_argmax,,
9.1.0,random_bias,5,Ascend950PR_957b,,,200,10,49,30.73878628867013,512,30.719151496887207,30.746824741363525,30.75325632095337,56,performance,7,kernel,20260811,0.9989706232548575,1.000510307221076,MEASURED,2.10.0.post4.dev20260715,2.10.0+cpu,3.2.0,r18_hierarchical_partial_sort,,
9.1.0,random_bias,5,Ascend950PR_957b,,,200,10,49,30.717454297201975,512,30.698058605194092,30.7173752784729,30.73447561264038,56,performance,7,kernel,20260811,1.0009587232836024,1.001469519748093,MEASURED,2.10.0.post4.dev20260715,2.10.0+cpu,3.2.0,r19_unique_id_sum,,
9.1.0,random_bias,5,Ascend950PR_957b,,,200,10,49,30.706424372536794,512,30.694142818450928,30.70765972137451,30.721257209777832,56,performance,7,kernel,20260811,1.0003163887182072,1.0017863734057697,MEASURED,2.10.0.post4.dev20260715,2.10.0+cpu,3.2.0,r20_iterative_rank1_maxarg,,
9.1.0,random_bias,5,Ascend950PR_957b,,,200,10,50,30.594493661608016,512,30.545721530914307,30.596389770507812,30.687445163726807,56,performance,7,kernel,20260811,nan,1.0,MEASURED,2.10.0.post4.dev20260715,2.10.0+cpu,3.2.0,r0_legacy,,
9.1.0,random_bias,5,Ascend950PR_957b,,,200,10,50,29.742851938520158,512,29.587388515472412,29.7981858253479,29.843116760253906,56,performance,7,kernel,20260811,1.0267869980353272,1.0267869980353272,MEASURED,2.10.0.post4.dev20260715,2.10.0+cpu,3.2.0,r1_constexpr,,
9.1.0,random_bias,5,Ascend950PR_957b,,,200,10,50,29.650389126368932,512,29.579471111297607,29.67968463897705,29.746731281280518,56,performance,7,kernel,20260811,1.0039926699967434,1.0308866196754292,MEASURED,2.10.0.post4.dev20260715,2.10.0+cpu,3.2.0,r2_core_partition,,
9.1.0,random_bias,5,Ascend950PR_957b,,,200,10,50,29.209957463400706,512,29.115228176116943,29.145801067352295,29.342159271240234,56,performance,7,kernel,20260811,1.0183176839226693,1.0497700749347527,MEASURED,2.10.0.post4.dev20260715,2.10.0+cpu,3.2.0,r3_sort_tie,,
9.1.0,random_bias,5,Ascend950PR_957b,,,200,10,50,30.402493817465647,512,30.299984455108643,30.398740768432617,30.50235605239868,56,performance,7,kernel,20260811,0.9587831709666925,1.0065018812318844,MEASURED,2.10.0.post4.dev20260715,2.10.0+cpu,3.2.0,r4_bias_hoist,,
9.1.0,random_bias,5,Ascend950PR_957b,,,200,10,50,30.16862085887364,512,30.08678674697876,30.143918991088867,30.27861452102661,56,performance,7,kernel,20260811,1.0084535052465833,1.0150103501655743,MEASURED,2.10.0.post4.dev20260715,2.10.0+cpu,3.2.0,r5_dispatch,,
9.1.0,random_bias,5,Ascend950PR_957b,,,200,10,50,29.281808648790633,512,29.243277549743652,29.283945560455322,29.36557388305664,56,performance,7,kernel,20260811,1.0293667200295182,1.0448178749459498,MEASURED,2.10.0.post4.dev20260715,2.10.0+cpu,3.2.0,r6_empirical_dispatch,,
9.1.0,random_bias,5,Ascend950PR_957b,,,200,10,50,30.758094106401717,512,30.741363525390625,30.76613426208496,30.775443077087402,56,performance,7,kernel,20260811,0.9518240189357741,0.994482748786989,MEASURED,2.10.0.post4.dev20260715,2.10.0+cpu,3.2.0,r7_vector_tie_recovery,,
9.1.0,random_bias,5,Ascend950PR_957b,,,200,10,50,30.775880813598633,512,30.76673412322998,30.772414207458496,30.787407398223877,56,performance,7,kernel,20260811,0.9997959228895336,0.9942797976212078,MEASURED,2.10.0.post4.dev20260715,2.10.0+cpu,3.2.0,r8_safe_vector_dispatch,,
9.1.0,random_bias,5,Ascend950PR_957b,,,200,10,50,30.75460297720773,512,30.732943534851074,30.759270191192627,30.767277717590332,56,performance,7,kernel,20260811,1.0004273188597834,0.994704672130633,MEASURED,2.10.0.post4.dev20260715,2.10.0+cpu,3.2.0,r9_pair_tie_recovery,,
9.1.0,random_bias,5,Ascend950PR_957b,,,200,10,50,30.75040885380336,512,30.738248348236084,30.75007915496826,30.75532054901123,56,performance,7,kernel,20260811,1.0002988947175728,0.9950019841026777,MEASURED,2.10.0.post4.dev20260715,2.10.0+cpu,3.2.0,r10_group_rank_threshold,,
9.1.0,random_bias,5,Ascend950PR_957b,,,200,10,50,30.74106080191476,512,30.723114013671875,30.744104385375977,30.747743129730225,56,performance,7,kernel,20260811,1.0001943387101928,0.9951953515049075,MEASURED,2.10.0.post4.dev20260715,2.10.0+cpu,3.2.0,r11_packed_exact_sort,,
9.1.0,random_bias,5,Ascend950PR_957b,,,200,10,50,30.739645617348806,512,30.732422828674316,30.739591121673584,30.745017528533936,56,performance,7,kernel,20260811,1.000146822502763,0.9953414685771534,MEASURED,2.10.0.post4.dev20260715,2.10.0+cpu,3.2.0,r12_two_row_tile,,
9.1.0,random_bias,5,Ascend950PR_957b,,,200,10,50,30.750819614955358,512,30.743568420410156,30.747458934783936,30.753639698028564,56,performance,7,kernel,20260811,0.9997441150136328,0.9950867756390359,MEASURED,2.10.0.post4.dev20260715,2.10.0+cpu,3.2.0,r13_fp32_rank_reduce,,
9.1.0,random_bias,5,Ascend950PR_957b,,,200,10,50,30.74761288506644,512,30.73513412475586,30.75279951095581,30.7601637840271,56,performance,7,kernel,20260811,0.9998263385364323,0.9949139674132016,MEASURED,2.10.0.post4.dev20260715,2.10.0+cpu,3.2.0,r14_priority_argmax,,
9.1.0,random_bias,5,Ascend950PR_957b,,,200,10,50,30.832845824105398,512,30.816612243652344,30.832231044769287,30.83747625350952,56,performance,7,kernel,20260811,0.9974237500459133,0.9923508203503332,MEASURED,2.10.0.post4.dev20260715,2.10.0+cpu,3.2.0,r15_unique_top10_fastpath,,
9.1.0,random_bias,5,Ascend950PR_957b,,,200,10,50,30.80389669963292,512,30.797219276428223,30.79984426498413,30.80491065979004,56,performance,7,kernel,20260811,1.0010515241410483,0.9933943011943206,MEASURED,2.10.0.post4.dev20260715,2.10.0+cpu,3.2.0,r16_split_unique_recovery,,
9.1.0,random_bias,5,Ascend950PR_957b,,,200,10,50,30.767944199698313,512,30.75518560409546,30.767195224761963,30.780155658721924,56,performance,7,kernel,20260811,1.0010611640087326,0.9944484554732281,MEASURED,2.10.0.post4.dev20260715,2.10.0+cpu,3.2.0,r17_parallel_priority_argmax,,
9.1.0,random_bias,5,Ascend950PR_957b,,,200,10,50,30.749246052333287,512,30.730223655700684,30.744545459747314,30.76187801361084,56,performance,7,kernel,20260811,1.000736708403912,0.9951810740076324,MEASURED,2.10.0.post4.dev20260715,2.10.0+cpu,3.2.0,r18_hierarchical_partial_sort,,
9.1.0,random_bias,5,Ascend950PR_957b,,,200,10,50,30.725413731166295,512,30.70782232284546,30.71613073348999,30.74539279937744,56,performance,7,kernel,20260811,1.00092507505271,0.9961016911921259,MEASURED,2.10.0.post4.dev20260715,2.10.0+cpu,3.2.0,r19_unique_id_sum,,
9.1.0,random_bias,5,Ascend950PR_957b,,,200,10,50,30.73761224746704,512,30.724863052368164,30.738184452056885,30.748961448669434,56,performance,7,kernel,20260811,0.9992825302157552,0.9953870183266603,MEASURED,2.10.0.post4.dev20260715,2.10.0+cpu,3.2.0,r20_iterative_rank1_maxarg,,
9.1.0,random_bias,5,Ascend950PR_957b,,,200,10,51,30.596181324550084,512,30.46660566329956,30.633139610290527,30.70398712158203,56,performance,7,kernel,20260811,nan,1.0,MEASURED,2.10.0.post4.dev20260715,2.10.0+cpu,3.2.0,r0_legacy,,
9.1.0,random_bias,5,Ascend950PR_957b,,,200,10,51,29.738120010920934,512,29.645482540130615,29.752845764160156,29.80539894104004,56,performance,7,kernel,20260811,1.0295868789529625,1.0295868789529625,MEASURED,2.10.0.post4.dev20260715,2.10.0+cpu,3.2.0,r1_constexpr,,
9.1.0,random_bias,5,Ascend950PR_957b,,,200,10,51,29.4703585760934,512,29.34907627105713,29.4273042678833,29.60811948776245,56,performance,7,kernel,20260811,1.0110625660207737,1.040976751775502,MEASURED,2.10.0.post4.dev20260715,2.10.0+cpu,3.2.0,r2_core_partition,,
9.1.0,random_bias,5,Ascend950PR_957b,,,200,10,51,29.03116362435477,512,29.011905670166016,29.046950340270996,29.103922843933105,56,performance,7,kernel,20260811,1.0130944530546802,1.0546077729826397,MEASURED,2.10.0.post4.dev20260715,2.10.0+cpu,3.2.0,r3_sort_tie,,
9.1.0,random_bias,5,Ascend950PR_957b,,,200,10,51,30.340963772365026,512,30.291096210479736,30.33609390258789,30.361145973205566,56,performance,7,kernel,20260811,0.9575046290911263,1.0097918245063613,MEASURED,2.10.0.post4.dev20260715,2.10.0+cpu,3.2.0,r4_bias_hoist,,
9.1.0,random_bias,5,Ascend950PR_957b,,,200,10,51,30.079320158277238,512,29.998867511749268,30.076050758361816,30.132648468017578,56,performance,7,kernel,20260811,1.008646186506178,1.018522672953457,MEASURED,2.10.0.post4.dev20260715,2.10.0+cpu,3.2.0,r5_dispatch,,
9.1.0,random_bias,5,Ascend950PR_957b,,,200,10,51,29.114398615700857,512,29.011040210723877,29.091064929962158,29.219223022460938,56,performance,7,kernel,20260811,1.0338587064712499,1.053008533171301,MEASURED,2.10.0.post4.dev20260715,2.10.0+cpu,3.2.0,r6_empirical_dispatch,,
9.1.0,random_bias,5,Ascend950PR_957b,,,200,10,51,30.767007214682444,512,30.7429780960083,30.75882911682129,30.77552604675293,56,performance,7,kernel,20260811,0.9457793344302866,0.9959137096521654,MEASURED,2.10.0.post4.dev20260715,2.10.0+cpu,3.2.0,r7_vector_tie_recovery,,
9.1.0,random_bias,5,Ascend950PR_957b,,,200,10,51,30.7616697038923,512,30.741098403930664,30.75143575668335,30.786673545837402,56,performance,7,kernel,20260811,1.0002404232503626,0.9961531504633206,MEASURED,2.10.0.post4.dev20260715,2.10.0+cpu,3.2.0,r8_safe_vector_dispatch,,
9.1.0,random_bias,5,Ascend950PR_957b,,,200,10,51,30.764335223606654,512,30.750227451324463,30.760340690612793,30.7800030708313,56,performance,7,kernel,20260811,0.9997105060045007,0.9958647701076638,MEASURED,2.10.0.post4.dev20260715,2.10.0+cpu,3.2.0,r9_pair_tie_recovery,,
9.1.0,random_bias,5,Ascend950PR_957b,,,200,10,51,30.742928300585067,512,30.73295021057129,30.737574100494385,30.750187397003174,56,performance,7,kernel,20260811,1.0007406762174522,0.996602383458681,MEASURED,2.10.0.post4.dev20260715,2.10.0+cpu,3.2.0,r10_group_rank_threshold,,
9.1.0,random_bias,5,Ascend950PR_957b,,,200,10,51,30.81568275179182,512,30.809089183807373,30.811541080474854,30.825002670288086,56,performance,7,kernel,20260811,0.9975993742154189,0.994209914079975,MEASURED,2.10.0.post4.dev20260715,2.10.0+cpu,3.2.0,r11_packed_exact_sort,,
9.1.0,random_bias,5,Ascend950PR_957b,,,200,10,51,30.75082506452288,512,30.744216442108154,30.750861167907715,30.758787631988525,56,performance,7,kernel,20260811,1.001973275227507,0.996171763874371,MEASURED,2.10.0.post4.dev20260715,2.10.0+cpu,3.2.0,r12_two_row_tile,,
9.1.0,random_bias,5,Ascend950PR_957b,,,200,10,51,30.759661878858292,512,30.745899200439453,30.76122522354126,30.770591259002686,56,performance,7,kernel,20260811,0.9996630805321235,0.9958361342137728,MEASURED,2.10.0.post4.dev20260715,2.10.0+cpu,3.2.0,r13_fp32_rank_reduce,,
9.1.0,random_bias,5,Ascend950PR_957b,,,200,10,51,30.739149025508336,512,30.73152732849121,30.733840465545654,30.750948429107666,56,performance,7,kernel,20260811,1.0008910294834876,0.9967234535700796,MEASURED,2.10.0.post4.dev20260715,2.10.0+cpu,3.2.0,r14_priority_argmax,,
9.1.0,random_bias,5,Ascend950PR_957b,,,200,10,51,30.760363851274764,512,30.73724937438965,30.756723880767822,30.7870831489563,56,performance,7,kernel,20260811,0.999255986583263,0.995981877947847,MEASURED,2.10.0.post4.dev20260715,2.10.0+cpu,3.2.0,r15_unique_top10_fastpath,,
9.1.0,random_bias,5,Ascend950PR_957b,,,200,10,51,30.76293638774327,512,30.756144046783447,30.763704776763916,30.76899766921997,56,performance,7,kernel,20260811,0.9997730801265078,0.9957558698661025,MEASURED,2.10.0.post4.dev20260715,2.10.0+cpu,3.2.0,r16_split_unique_recovery,,
9.1.0,random_bias,5,Ascend950PR_957b,,,200,10,51,30.74953317642212,512,30.737387657165527,30.749990940093994,30.759620189666748,56,performance,7,kernel,20260811,1.0004459785596893,0.9961999556347476,MEASURED,2.10.0.post4.dev20260715,2.10.0+cpu,3.2.0,r17_parallel_priority_argmax,,
9.1.0,random_bias,5,Ascend950PR_957b,,,200,10,51,30.77444076538086,512,30.756027698516846,30.779235363006592,30.79380178451538,56,performance,7,kernel,20260811,0.9990498651910065,0.9952534313801812,MEASURED,2.10.0.post4.dev20260715,2.10.0+cpu,3.2.0,r18_hierarchical_partial_sort,,
9.1.0,random_bias,5,Ascend950PR_957b,,,200,10,51,30.75270857129778,512,30.748469352722168,30.75021982192993,30.756851196289062,56,performance,7,kernel,20260811,1.0009435880863513,0.9961925406609319,MEASURED,2.10.0.post4.dev20260715,2.10.0+cpu,3.2.0,r19_unique_id_sum,,
9.1.0,random_bias,5,Ascend950PR_957b,,,200,10,51,30.75796604156494,512,30.74991226196289,30.751984119415283,30.758354663848877,56,performance,7,kernel,20260811,0.9999426281738928,0.9961353872757198,MEASURED,2.10.0.post4.dev20260715,2.10.0+cpu,3.2.0,r20_iterative_rank1_maxarg,,
9.1.0,random_bias,5,Ascend950PR_957b,,,200,10,52,30.77945981706892,512,30.632137775421143,30.762505531311035,30.957173347473145,56,performance,7,kernel,20260811,nan,1.0,MEASURED,2.10.0.post4.dev20260715,2.10.0+cpu,3.2.0,r0_legacy,,
9.1.0,random_bias,5,Ascend950PR_957b,,,200,10,52,29.84431845801217,512,29.64848518371582,29.808285236358643,30.034146785736084,56,performance,7,kernel,20260811,1.0320119150560356,1.0320119150560356,MEASURED,2.10.0.post4.dev20260715,2.10.0+cpu,3.2.0,r1_constexpr,,
9.1.0,random_bias,5,Ascend950PR_957b,,,200,10,52,29.737256254468644,512,29.637905597686768,29.735300540924072,29.85227346420288,56,performance,7,kernel,20260811,1.0024544798306014,1.034544967486481,MEASURED,2.10.0.post4.dev20260715,2.10.0+cpu,3.2.0,r2_core_partition,,
9.1.0,random_bias,5,Ascend950PR_957b,,,200,10,52,29.281882217952184,512,29.199371814727783,29.294824600219727,29.350505828857422,56,performance,7,kernel,20260811,1.0150359644311044,1.0501003488199858,MEASURED,2.10.0.post4.dev20260715,2.10.0+cpu,3.2.0,r3_sort_tie,,
9.1.0,random_bias,5,Ascend950PR_957b,,,200,10,52,30.39682149887085,512,30.310428142547607,30.378475189208984,30.51196813583374,56,performance,7,kernel,20260811,0.9643283416221565,1.012641527914425,MEASURED,2.10.0.post4.dev20260715,2.10.0+cpu,3.2.0,r4_bias_hoist,,
9.1.0,random_bias,5,Ascend950PR_957b,,,200,10,52,30.228142057146346,512,30.174700260162354,30.26279926300049,30.31098699569702,56,performance,7,kernel,20260811,1.003822380249864,1.0165122288909172,MEASURED,2.10.0.post4.dev20260715,2.10.0+cpu,3.2.0,r5_dispatch,,
9.1.0,random_bias,5,Ascend950PR_957b,,,200,10,52,29.271880558558873,512,29.13480520248413,29.28508996963501,29.396981239318848,56,performance,7,kernel,20260811,1.0333859071076525,1.0504494117384622,MEASURED,2.10.0.post4.dev20260715,2.10.0+cpu,3.2.0,r6_empirical_dispatch,,
9.1.0,random_bias,5,Ascend950PR_957b,,,200,10,52,30.821658543178014,512,30.802223205566406,30.822560787200928,30.842280387878418,56,performance,7,kernel,20260811,0.950118654054067,0.9980515812328341,MEASURED,2.10.0.post4.dev20260715,2.10.0+cpu,3.2.0,r7_vector_tie_recovery,,
9.1.0,random_bias,5,Ascend950PR_957b,,,200,10,52,30.770365851266043,512,30.754095554351807,30.759694576263428,30.783664226531982,56,performance,7,kernel,20260811,1.0020437852782196,1.0000913843614616,MEASURED,2.10.0.post4.dev20260715,2.10.0+cpu,3.2.0,r8_safe_vector_dispatch,,
9.1.0,random_bias,5,Ascend950PR_957b,,,200,10,52,30.77624252864293,512,30.756290435791016,30.7732892036438,30.79204750061035,56,performance,7,kernel,20260811,0.9995582328788317,0.9996495768696871,MEASURED,2.10.0.post4.dev20260715,2.10.0+cpu,3.2.0,r9_pair_tie_recovery,,
9.1.0,random_bias,5,Ascend950PR_957b,,,200,10,52,30.7830125944955,512,30.756757736206055,30.784718990325928,30.796854972839355,56,performance,7,kernel,20260811,0.9996287188235916,0.9992784257987909,MEASURED,2.10.0.post4.dev20260715,2.10.0+cpu,3.2.0,r10_group_rank_threshold,,
9.1.0,random_bias,5,Ascend950PR_957b,,,200,10,52,30.784787791115896,512,30.76963186264038,30.781819820404053,30.80067491531372,56,performance,7,kernel,20260811,1.0000941844874276,0.9993725423251222,MEASURED,2.10.0.post4.dev20260715,2.10.0+cpu,3.2.0,r11_packed_exact_sort,,
9.1.0,random_bias,5,Ascend950PR_957b,,,200,10,52,30.76814821788243,512,30.753014087677002,30.766615867614746,30.783114433288574,56,performance,7,kernel,20260811,1.0004941704623846,0.9998664027164574,MEASURED,2.10.0.post4.dev20260715,2.10.0+cpu,3.2.0,r12_two_row_tile,,
9.1.0,random_bias,5,Ascend950PR_957b,,,200,10,52,30.86341483252389,512,30.825778484344482,30.827269554138184,30.920934200286865,56,performance,7,kernel,20260811,0.9980324664687893,0.9978991320423818,MEASURED,2.10.0.post4.dev20260715,2.10.0+cpu,3.2.0,r13_fp32_rank_reduce,,
9.1.0,random_bias,5,Ascend950PR_957b,,,200,10,52,30.81468071256365,512,30.80443286895752,30.814335346221924,30.825940132141113,56,performance,7,kernel,20260811,1.000419746451479,0.9983179966619905,MEASURED,2.10.0.post4.dev20260715,2.10.0+cpu,3.2.0,r14_priority_argmax,,
9.1.0,random_bias,5,Ascend950PR_957b,,,200,10,52,30.796026161738805,512,30.775139808654785,30.794188976287842,30.81340217590332,56,performance,7,kernel,20260811,1.0006542263525626,0.9989711226036444,MEASURED,2.10.0.post4.dev20260715,2.10.0+cpu,3.2.0,r15_unique_top10_fastpath,,
9.1.0,random_bias,5,Ascend950PR_957b,,,200,10,52,30.7675416128976,512,30.76614236831665,30.76864004135132,30.77219820022583,56,performance,7,kernel,20260811,1.0008303563271626,0.999800624595951,MEASURED,2.10.0.post4.dev20260715,2.10.0+cpu,3.2.0,r16_split_unique_recovery,,
9.1.0,random_bias,5,Ascend950PR_957b,,,200,10,52,30.75934614453997,512,30.74619436264038,30.76090097427368,30.768709182739258,56,performance,7,kernel,20260811,1.000251587789451,1.0000521622249847,MEASURED,2.10.0.post4.dev20260715,2.10.0+cpu,3.2.0,r17_parallel_priority_argmax,,
9.1.0,random_bias,5,Ascend950PR_957b,,,200,10,52,30.770454747336252,512,30.75744104385376,30.772089958190918,30.788203716278076,56,performance,7,kernel,20260811,0.9996363918104868,0.9996885350688594,MEASURED,2.10.0.post4.dev20260715,2.10.0+cpu,3.2.0,r18_hierarchical_partial_sort,,
9.1.0,random_bias,5,Ascend950PR_957b,,,200,10,52,30.80601453781128,512,30.79393243789673,30.804924964904785,30.813936710357666,56,performance,7,kernel,20260811,0.998934098792603,0.9986229658523085,MEASURED,2.10.0.post4.dev20260715,2.10.0+cpu,3.2.0,r19_unique_id_sum,,
9.1.0,random_bias,5,Ascend950PR_957b,,,200,10,52,30.78362328665597,512,30.77683973312378,30.781290531158447,30.785760402679443,56,performance,7,kernel,20260811,1.0007678181563704,0.9993897266968583,MEASURED,2.10.0.post4.dev20260715,2.10.0+cpu,3.2.0,r20_iterative_rank1_maxarg,,
9.1.0,random_bias,5,Ascend950PR_957b,,,200,10,53,30.49152476446969,512,30.4451003074646,30.523054599761963,30.57170581817627,56,performance,7,kernel,20260811,nan,1.0,MEASURED,2.10.0.post4.dev20260715,2.10.0+cpu,3.2.0,r0_legacy,,
9.1.0,random_bias,5,Ascend950PR_957b,,,200,10,53,29.656487192426408,512,29.587172985076904,29.622600078582764,29.743367195129395,56,performance,7,kernel,20260811,1.03039755182835,1.03039755182835,MEASURED,2.10.0.post4.dev20260715,2.10.0+cpu,3.2.0,r1_constexpr,,
9.1.0,random_bias,5,Ascend950PR_957b,,,200,10,53,29.482405526297434,512,29.432551860809326,29.481945037841797,29.524367332458496,56,performance,7,kernel,20260811,1.0047708874214516,1.0353134625474623,MEASURED,2.10.0.post4.dev20260715,2.10.0+cpu,3.2.0,r2_core_partition,,
9.1.0,random_bias,5,Ascend950PR_957b,,,200,10,53,29.058288506099156,512,28.962244987487793,28.985071182250977,29.1198673248291,56,performance,7,kernel,20260811,1.0171424059118779,1.0530612261684826,MEASURED,2.10.0.post4.dev20260715,2.10.0+cpu,3.2.0,r3_sort_tie,,
9.1.0,random_bias,5,Ascend950PR_957b,,,200,10,53,30.26604413986206,512,30.195120334625244,30.26081085205078,30.35262441635132,56,performance,7,kernel,20260811,0.9578418544024788,1.0086661176725675,MEASURED,2.10.0.post4.dev20260715,2.10.0+cpu,3.2.0,r4_bias_hoist,,
9.1.0,random_bias,5,Ascend950PR_957b,,,200,10,53,29.98946292059762,512,29.891536712646484,29.912583827972412,30.104942321777344,56,performance,7,kernel,20260811,1.011641489283608,1.0204084934721913,MEASURED,2.10.0.post4.dev20260715,2.10.0+cpu,3.2.0,r5_dispatch,,
9.1.0,random_bias,5,Ascend950PR_957b,,,200,10,53,29.143883841378347,512,29.077852725982666,29.123175144195557,29.18610906600952,56,performance,7,kernel,20260811,1.0271058591609024,1.048067542382837,MEASURED,2.10.0.post4.dev20260715,2.10.0+cpu,3.2.0,r6_empirical_dispatch,,
9.1.0,random_bias,5,Ascend950PR_957b,,,200,10,53,30.858897481645858,512,30.83524990081787,30.855286121368408,30.88882064819336,56,performance,7,kernel,20260811,0.9438633960365935,0.9892325898291909,MEASURED,2.10.0.post4.dev20260715,2.10.0+cpu,3.2.0,r7_vector_tie_recovery,,
9.1.0,random_bias,5,Ascend950PR_957b,,,200,10,53,30.81188883100237,512,30.802578449249268,30.815556049346924,30.821259021759033,56,performance,7,kernel,20260811,1.0012892862279643,0.9905079937835112,MEASURED,2.10.0.post4.dev20260715,2.10.0+cpu,3.2.0,r8_safe_vector_dispatch,,
9.1.0,random_bias,5,Ascend950PR_957b,,,200,10,53,30.7981276512146,512,30.780385494232178,30.799810886383057,30.8042631149292,56,performance,7,kernel,20260811,1.0005112097285904,0.99101435110618,MEASURED,2.10.0.post4.dev20260715,2.10.0+cpu,3.2.0,r9_pair_tie_recovery,,
9.1.0,random_bias,5,Ascend950PR_957b,,,200,10,53,30.798702239990234,512,30.78050422668457,30.79885959625244,30.803688526153564,56,performance,7,kernel,20260811,1.0000308871868338,0.9910449607515975,MEASURED,2.10.0.post4.dev20260715,2.10.0+cpu,3.2.0,r10_group_rank_threshold,,
9.1.0,random_bias,5,Ascend950PR_957b,,,200,10,53,30.791643687656947,512,30.779656410217285,30.796890258789062,30.803205013275146,56,performance,7,kernel,20260811,1.000063945984378,0.9911083340971756,MEASURED,2.10.0.post4.dev20260715,2.10.0+cpu,3.2.0,r11_packed_exact_sort,,
9.1.0,random_bias,5,Ascend950PR_957b,,,200,10,53,30.774931567055837,512,30.762563228607178,30.775134563446045,30.7832293510437,56,performance,7,kernel,20260811,1.0007069244587108,0.9918089728197811,MEASURED,2.10.0.post4.dev20260715,2.10.0+cpu,3.2.0,r12_two_row_tile,,
9.1.0,random_bias,5,Ascend950PR_957b,,,200,10,53,30.782623291015625,512,30.76995325088501,30.780014991760254,30.79573917388916,56,performance,7,kernel,20260811,0.9998414416524646,0.99165171322798,MEASURED,2.10.0.post4.dev20260715,2.10.0+cpu,3.2.0,r13_fp32_rank_reduce,,
9.1.0,random_bias,5,Ascend950PR_957b,,,200,10,53,30.796260493142263,512,30.788159370422363,30.79251527786255,30.804194927215576,56,performance,7,kernel,20260811,0.9995940479045152,0.991249150137004,MEASURED,2.10.0.post4.dev20260715,2.10.0+cpu,3.2.0,r14_priority_argmax,,
9.1.0,random_bias,5,Ascend950PR_957b,,,200,10,53,30.830959251948766,512,30.815719604492188,30.81869602203369,30.853513717651367,56,performance,7,kernel,20260811,0.9991504915018979,0.9904070755602261,MEASURED,2.10.0.post4.dev20260715,2.10.0+cpu,3.2.0,r15_unique_top10_fastpath,,
9.1.0,random_bias,5,Ascend950PR_957b,,,200,10,53,30.796921593802317,512,30.775214195251465,30.80383539199829,30.816017627716064,56,performance,7,kernel,20260811,1.0004824279134819,0.9908848755791864,MEASURED,2.10.0.post4.dev20260715,2.10.0+cpu,3.2.0,r16_split_unique_recovery,,
9.1.0,random_bias,5,Ascend950PR_957b,,,200,10,53,30.78540870121547,512,30.77146291732788,30.783040523529053,30.802762508392334,56,performance,7,kernel,20260811,1.0006755300358763,0.9915542480747356,MEASURED,2.10.0.post4.dev20260715,2.10.0+cpu,3.2.0,r17_parallel_priority_argmax,,
9.1.0,random_bias,5,Ascend950PR_957b,,,200,10,53,30.820163658687047,512,30.812384128570557,30.825214385986328,30.827208042144775,56,performance,7,kernel,20260811,0.9986318387950467,0.990197642019913,MEASURED,2.10.0.post4.dev20260715,2.10.0+cpu,3.2.0,r18_hierarchical_partial_sort,,
9.1.0,random_bias,5,Ascend950PR_957b,,,200,10,53,30.8224994795663,512,30.80427122116089,30.813615322113037,30.847718238830566,56,performance,7,kernel,20260811,1.000376426581303,0.9905703787331129,MEASURED,2.10.0.post4.dev20260715,2.10.0+cpu,3.2.0,r19_unique_id_sum,,
9.1.0,random_bias,5,Ascend950PR_957b,,,200,10,53,30.797030244554794,512,30.779147148132324,30.802490711212158,30.80955457687378,56,performance,7,kernel,20260811,1.0003611594596418,0.9909281325958332,MEASURED,2.10.0.post4.dev20260715,2.10.0+cpu,3.2.0,r20_iterative_rank1_maxarg,,
9.1.0,random_bias,5,Ascend950PR_957b,,,200,10,54,30.593012741633824,512,30.47573709487915,30.534443855285645,30.729355335235596,56,performance,7,kernel,20260811,nan,1.0,MEASURED,2.10.0.post4.dev20260715,2.10.0+cpu,3.2.0,r0_legacy,,
9.1.0,random_bias,5,Ascend950PR_957b,,,200,10,54,29.640235900878906,512,29.555915355682373,29.647879600524902,29.736433506011963,56,performance,7,kernel,20260811,1.0299031251713882,1.0299031251713882,MEASURED,2.10.0.post4.dev20260715,2.10.0+cpu,3.2.0,r1_constexpr,,
9.1.0,random_bias,5,Ascend950PR_957b,,,200,10,54,29.578752517700195,512,29.53138494491577,29.558730125427246,29.59374475479126,56,performance,7,kernel,20260811,1.0030160116730105,1.0330093250189751,MEASURED,2.10.0.post4.dev20260715,2.10.0+cpu,3.2.0,r2_core_partition,,
9.1.0,random_bias,5,Ascend950PR_957b,,,200,10,54,29.168775422232493,512,29.117348194122314,29.14877414703369,29.260458946228027,56,performance,7,kernel,20260811,1.0140642613759892,1.0475378381698761,MEASURED,2.10.0.post4.dev20260715,2.10.0+cpu,3.2.0,r3_sort_tie,,
9.1.0,random_bias,5,Ascend950PR_957b,,,200,10,54,30.401171275547572,512,30.31861162185669,30.349159240722656,30.499233722686768,56,performance,7,kernel,20260811,0.9604475008955674,1.0061050987638027,MEASURED,2.10.0.post4.dev20260715,2.10.0+cpu,3.2.0,r4_bias_hoist,,
9.1.0,random_bias,5,Ascend950PR_957b,,,200,10,54,30.05187749862671,512,29.967782974243164,30.007359981536865,30.11025333404541,56,performance,7,kernel,20260811,1.0113905141737258,1.0175651531515297,MEASURED,2.10.0.post4.dev20260715,2.10.0+cpu,3.2.0,r5_dispatch,,
9.1.0,random_bias,5,Ascend950PR_957b,,,200,10,54,29.158796582903182,512,29.04948663711548,29.19842004776001,29.23686933517456,56,performance,7,kernel,20260811,1.0277049214462175,1.0457567157860013,MEASURED,2.10.0.post4.dev20260715,2.10.0+cpu,3.2.0,r6_empirical_dispatch,,
9.1.0,random_bias,5,Ascend950PR_957b,,,200,10,54,30.865028926304408,512,30.84424114227295,30.86277961730957,30.88138246536255,56,performance,7,kernel,20260811,0.9460722724852659,0.9893614325703904,MEASURED,2.10.0.post4.dev20260715,2.10.0+cpu,3.2.0,r7_vector_tie_recovery,,
9.1.0,random_bias,5,Ascend950PR_957b,,,200,10,54,30.79455750329154,512,30.781423091888428,30.794498920440674,30.805715084075928,56,performance,7,kernel,20260811,1.0022173017669587,0.9915551454229895,MEASURED,2.10.0.post4.dev20260715,2.10.0+cpu,3.2.0,r8_safe_vector_dispatch,,
9.1.0,random_bias,5,Ascend950PR_957b,,,200,10,54,30.783630439213344,512,30.775367736816406,30.781733989715576,30.787739276885986,56,performance,7,kernel,20260811,1.0004146917366437,0.9919663351482229,MEASURED,2.10.0.post4.dev20260715,2.10.0+cpu,3.2.0,r9_pair_tie_recovery,,
9.1.0,random_bias,5,Ascend950PR_957b,,,200,10,54,30.790346009390696,512,30.773240089416504,30.78965425491333,30.80069065093994,56,performance,7,kernel,20260811,0.9997427621261291,0.9917111638372178,MEASURED,2.10.0.post4.dev20260715,2.10.0+cpu,3.2.0,r10_group_rank_threshold,,
9.1.0,random_bias,5,Ascend950PR_957b,,,200,10,54,30.82027265003749,512,30.804912567138672,30.829780101776123,30.83170509338379,56,performance,7,kernel,20260811,0.9986984711947238,0.9904204231909697,MEASURED,2.10.0.post4.dev20260715,2.10.0+cpu,3.2.0,r11_packed_exact_sort,,
9.1.0,random_bias,5,Ascend950PR_957b,,,200,10,54,30.819620064326696,512,30.801259517669678,30.820720195770264,30.826414585113525,56,performance,7,kernel,20260811,1.000293955038958,0.9907115622650535,MEASURED,2.10.0.post4.dev20260715,2.10.0+cpu,3.2.0,r12_two_row_tile,,
9.1.0,random_bias,5,Ascend950PR_957b,,,200,10,54,30.816813196454728,512,30.806182384490967,30.814764499664307,30.82324457168579,56,performance,7,kernel,20260811,1.0001932741074826,0.990903041158023,MEASURED,2.10.0.post4.dev20260715,2.10.0+cpu,3.2.0,r13_fp32_rank_reduce,,
9.1.0,random_bias,5,Ascend950PR_957b,,,200,10,54,30.980938502720424,512,30.799562454223633,30.8205246925354,30.83750820159912,56,performance,7,kernel,20260811,0.9998131052949761,0.9907178466264384,MEASURED,2.10.0.post4.dev20260715,2.10.0+cpu,3.2.0,r14_priority_argmax,,
9.1.0,random_bias,5,Ascend950PR_957b,,,200,10,54,30.799134799412318,512,30.789043426513672,30.796713829040527,30.79977035522461,56,performance,7,kernel,20260811,1.0007731624752905,0.9914838324890506,MEASURED,2.10.0.post4.dev20260715,2.10.0+cpu,3.2.0,r15_unique_top10_fastpath,,
9.1.0,random_bias,5,Ascend950PR_957b,,,200,10,54,30.807315622057235,512,30.801724433898926,30.804924964904785,30.814640045166016,56,performance,7,kernel,20260811,0.999733447301897,0.991219549798375,MEASURED,2.10.0.post4.dev20260715,2.10.0+cpu,3.2.0,r16_split_unique_recovery,,
9.1.0,random_bias,5,Ascend950PR_957b,,,200,10,54,31.22298002243042,512,30.788963317871094,30.79885959625244,30.816407203674316,56,performance,7,kernel,20260811,1.0001969348453759,0.9914147554671482,MEASURED,2.10.0.post4.dev20260715,2.10.0+cpu,3.2.0,r17_parallel_priority_argmax,,
9.1.0,random_bias,5,Ascend950PR_957b,,,200,10,54,31.36495760508946,512,30.793444633483887,30.804390907287598,30.91175603866577,56,performance,7,kernel,20260811,0.9998204375781425,0.9912367346325913,MEASURED,2.10.0.post4.dev20260715,2.10.0+cpu,3.2.0,r18_hierarchical_partial_sort,,
9.1.0,random_bias,5,Ascend950PR_957b,,,200,10,54,30.81930705479213,512,30.809865474700928,30.824365615844727,30.82676649093628,56,performance,7,kernel,20260811,0.9993519831419706,0.9905943965182513,MEASURED,2.10.0.post4.dev20260715,2.10.0+cpu,3.2.0,r19_unique_id_sum,,
9.1.0,random_bias,5,Ascend950PR_957b,,,200,10,54,30.83994456699916,512,30.82731533050537,30.835731029510498,30.852113246917725,56,performance,7,kernel,20260811,0.9996314206510981,0.9902292838805568,MEASURED,2.10.0.post4.dev20260715,2.10.0+cpu,3.2.0,r20_iterative_rank1_maxarg,,
9.1.0,random_bias,5,Ascend950PR_957b,,,200,10,55,30.494438239506312,512,30.350097179412842,30.51729440689087,30.60150146484375,56,performance,7,kernel,20260811,nan,1.0,MEASURED,2.10.0.post4.dev20260715,2.10.0+cpu,3.2.0,r0_legacy,,
9.1.0,random_bias,5,Ascend950PR_957b,,,200,10,55,29.660600934709823,512,29.60046911239624,29.673874378204346,29.76183271408081,56,performance,7,kernel,20260811,1.0284229830569755,1.0284229830569755,MEASURED,2.10.0.post4.dev20260715,2.10.0+cpu,3.2.0,r1_constexpr,,
9.1.0,random_bias,5,Ascend950PR_957b,,,200,10,55,29.61066348212106,512,29.581514358520508,29.611849784851074,29.67050790786743,56,performance,7,kernel,20260811,1.0020945869239484,1.0305771043895746,MEASURED,2.10.0.post4.dev20260715,2.10.0+cpu,3.2.0,r2_core_partition,,
9.1.0,random_bias,5,Ascend950PR_957b,,,200,10,55,29.170774732317245,512,29.132136344909668,29.181599617004395,29.208110809326172,56,performance,7,kernel,20260811,1.014743885650325,1.0457718153705375,MEASURED,2.10.0.post4.dev20260715,2.10.0+cpu,3.2.0,r3_sort_tie,,
9.1.0,random_bias,5,Ascend950PR_957b,,,200,10,55,30.386136259351456,512,30.295856952667236,30.427110195159912,30.475189208984375,56,performance,7,kernel,20260811,0.959065761744484,1.0029639427192565,MEASURED,2.10.0.post4.dev20260715,2.10.0+cpu,3.2.0,r4_bias_hoist,,
9.1.0,random_bias,5,Ascend950PR_957b,,,200,10,55,30.165577616010392,512,30.017099380493164,30.08087396621704,30.362083435058594,56,performance,7,kernel,20260811,1.0115101785051763,1.0145082367342106,MEASURED,2.10.0.post4.dev20260715,2.10.0+cpu,3.2.0,r5_dispatch,,
9.1.0,random_bias,5,Ascend950PR_957b,,,200,10,55,29.23631157193865,512,29.19586706161499,29.25905466079712,29.302526473999023,56,performance,7,kernel,20260811,1.0280876916546808,1.043003431268735,MEASURED,2.10.0.post4.dev20260715,2.10.0+cpu,3.2.0,r6_empirical_dispatch,,
9.1.0,random_bias,5,Ascend950PR_957b,,,200,10,55,30.811915738242014,512,30.805397510528564,30.80946922302246,30.82562828063965,56,performance,7,kernel,20260811,0.949677336178619,0.9905167202324516,MEASURED,2.10.0.post4.dev20260715,2.10.0+cpu,3.2.0,r7_vector_tie_recovery,,
9.1.0,random_bias,5,Ascend950PR_957b,,,200,10,55,30.836292334965297,512,30.81712770462036,30.82834482192993,30.85665798187256,56,performance,7,kernel,20260811,0.9993877193531959,0.9899102460143174,MEASURED,2.10.0.post4.dev20260715,2.10.0+cpu,3.2.0,r8_safe_vector_dispatch,,
9.1.0,random_bias,5,Ascend950PR_957b,,,200,10,55,30.850418295179093,512,30.84414577484131,30.853495597839355,30.863789081573486,56,performance,7,kernel,20260811,0.9991848322071103,0.989103303063915,MEASURED,2.10.0.post4.dev20260715,2.10.0+cpu,3.2.0,r9_pair_tie_recovery,,
9.1.0,random_bias,5,Ascend950PR_957b,,,200,10,55,30.805326870509557,512,30.79209804534912,30.806515216827393,30.818079948425293,56,performance,7,kernel,20260811,1.001525014454939,0.9906116998985155,MEASURED,2.10.0.post4.dev20260715,2.10.0+cpu,3.2.0,r10_group_rank_threshold,,
9.1.0,random_bias,5,Ascend950PR_957b,,,200,10,55,30.808606828962052,512,30.802537441253662,30.80808401107788,30.817067623138428,56,performance,7,kernel,20260811,0.9999490784869995,0.9905612564519608,MEASURED,2.10.0.post4.dev20260715,2.10.0+cpu,3.2.0,r11_packed_exact_sort,,
9.1.0,random_bias,5,Ascend950PR_957b,,,200,10,55,30.81190688269479,512,30.801509380340576,30.816469192504883,30.82064199447632,56,performance,7,kernel,20260811,0.9997278993458134,0.9902917240860682,MEASURED,2.10.0.post4.dev20260715,2.10.0+cpu,3.2.0,r12_two_row_tile,,
9.1.0,random_bias,5,Ascend950PR_957b,,,200,10,55,30.816901411328995,512,30.810548305511475,30.818569660186768,30.82939624786377,56,performance,7,kernel,20260811,0.9999318440892927,0.9902242298517474,MEASURED,2.10.0.post4.dev20260715,2.10.0+cpu,3.2.0,r13_fp32_rank_reduce,,
9.1.0,random_bias,5,Ascend950PR_957b,,,200,10,55,30.845314775194442,512,30.83553457260132,30.844814777374268,30.846903800964355,56,performance,7,kernel,20260811,0.9991491238518718,0.9893816716732678,MEASURED,2.10.0.post4.dev20260715,2.10.0+cpu,3.2.0,r14_priority_argmax,,
9.1.0,random_bias,5,Ascend950PR_957b,,,200,10,55,30.826336996895925,512,30.816431522369385,30.8237361907959,30.835564136505127,56,performance,7,kernel,20260811,1.000683842686944,0.9900582530940382,MEASURED,2.10.0.post4.dev20260715,2.10.0+cpu,3.2.0,r15_unique_top10_fastpath,,
9.1.0,random_bias,5,Ascend950PR_957b,,,200,10,55,30.821205888475692,512,30.809310913085938,30.819084644317627,30.832585334777832,56,performance,7,kernel,20260811,1.000150930714911,0.9902076832939812,MEASURED,2.10.0.post4.dev20260715,2.10.0+cpu,3.2.0,r16_split_unique_recovery,,
9.1.0,random_bias,5,Ascend950PR_957b,,,200,10,55,30.842910834721156,512,30.84082317352295,30.843915939331055,30.845454216003418,56,performance,7,kernel,20260811,0.9991949370157062,0.9894105037413978,MEASURED,2.10.0.post4.dev20260715,2.10.0+cpu,3.2.0,r17_parallel_priority_argmax,,
9.1.0,random_bias,5,Ascend950PR_957b,,,200,10,55,30.856433255331858,512,30.833662033081055,30.83977460861206,30.868723392486572,56,performance,7,kernel,20260811,1.0001342853756732,0.9895433671025877,MEASURED,2.10.0.post4.dev20260715,2.10.0+cpu,3.2.0,r18_hierarchical_partial_sort,,
9.1.0,random_bias,5,Ascend950PR_957b,,,200,10,55,30.832222189222062,512,30.821094512939453,30.838160514831543,30.844162940979004,56,performance,7,kernel,20260811,1.0000523407931463,0.9895951605872745,MEASURED,2.10.0.post4.dev20260715,2.10.0+cpu,3.2.0,r19_unique_id_sum,,
9.1.0,random_bias,5,Ascend950PR_957b,,,200,10,55,30.81126962389265,512,30.80403995513916,30.810608863830566,30.816330432891846,56,performance,7,kernel,20260811,1.0008942261129192,0.9904800824210901,MEASURED,2.10.0.post4.dev20260715,2.10.0+cpu,3.2.0,r20_iterative_rank1_maxarg,,
9.1.0,random_bias,5,Ascend950PR_957b,,,200,10,56,30.52358627319336,512,30.372151374816895,30.498790740966797,30.676498889923096,56,performance,7,kernel,20260811,nan,1.0,MEASURED,2.10.0.post4.dev20260715,2.10.0+cpu,3.2.0,r0_legacy,,
9.1.0,random_bias,5,Ascend950PR_957b,,,200,10,56,29.742767129625594,512,29.61778497695923,29.79161500930786,29.829665184020996,56,performance,7,kernel,20260811,1.0237374083760813,1.0237374083760813,MEASURED,2.10.0.post4.dev20260715,2.10.0+cpu,3.2.0,r1_constexpr,,
9.1.0,random_bias,5,Ascend950PR_957b,,,200,10,56,29.543935571398055,512,29.456772327423096,29.565470218658447,29.621928691864014,56,performance,7,kernel,20260811,1.0076489495677527,1.031567924183372,MEASURED,2.10.0.post4.dev20260715,2.10.0+cpu,3.2.0,r2_core_partition,,
9.1.0,random_bias,5,Ascend950PR_957b,,,200,10,56,29.121066161564418,512,29.078808307647705,29.176225662231445,29.201961994171143,56,performance,7,kernel,20260811,1.0133411552588476,1.0453302320199493,MEASURED,2.10.0.post4.dev20260715,2.10.0+cpu,3.2.0,r3_sort_tie,,
9.1.0,random_bias,5,Ascend950PR_957b,,,200,10,56,30.295521872384207,512,30.229247093200684,30.29327392578125,30.34696912765503,56,performance,7,kernel,20260811,0.9631255351835994,1.00678423915781,MEASURED,2.10.0.post4.dev20260715,2.10.0+cpu,3.2.0,r4_bias_hoist,,
9.1.0,random_bias,5,Ascend950PR_957b,,,200,10,56,30.123324734824045,512,30.112089157104492,30.171403884887695,30.18899154663086,56,performance,7,kernel,20260811,1.0040392565542697,1.0108508989945637,MEASURED,2.10.0.post4.dev20260715,2.10.0+cpu,3.2.0,r5_dispatch,,
9.1.0,random_bias,5,Ascend950PR_957b,,,200,10,56,29.164601734706334,512,29.055004119873047,29.14909601211548,29.23798418045044,56,performance,7,kernel,20260811,1.0350716836071796,1.0463031418981341,MEASURED,2.10.0.post4.dev20260715,2.10.0+cpu,3.2.0,r6_empirical_dispatch,,
9.1.0,random_bias,5,Ascend950PR_957b,,,200,10,56,30.867769377572195,512,30.852152347564697,30.870814323425293,30.882448196411133,56,performance,7,kernel,20260811,0.9442282832816837,0.9879490194667071,MEASURED,2.10.0.post4.dev20260715,2.10.0+cpu,3.2.0,r7_vector_tie_recovery,,
9.1.0,random_bias,5,Ascend950PR_957b,,,200,10,56,30.831424849373953,512,30.81078290939331,30.837864875793457,30.855525016784668,56,performance,7,kernel,20260811,1.0010684737015532,0.9890046170124825,MEASURED,2.10.0.post4.dev20260715,2.10.0+cpu,3.2.0,r8_safe_vector_dispatch,,
9.1.0,random_bias,5,Ascend950PR_957b,,,200,10,56,30.84310293197632,512,30.821204662322998,30.847740173339844,30.85020351409912,56,performance,7,kernel,20260811,0.9996798696601147,0.9886880066282902,MEASURED,2.10.0.post4.dev20260715,2.10.0+cpu,3.2.0,r9_pair_tie_recovery,,
9.1.0,random_bias,5,Ascend950PR_957b,,,200,10,56,30.836391108376638,512,30.825246334075928,30.836904048919678,30.845308780670166,56,performance,7,kernel,20260811,1.000351401178373,0.9890354327588626,MEASURED,2.10.0.post4.dev20260715,2.10.0+cpu,3.2.0,r10_group_rank_threshold,,
9.1.0,random_bias,5,Ascend950PR_957b,,,200,10,56,30.79502480370658,512,30.786913871765137,30.79493999481201,30.803436756134033,56,performance,7,kernel,20260811,1.0013626931604587,0.9903831845785345,MEASURED,2.10.0.post4.dev20260715,2.10.0+cpu,3.2.0,r11_packed_exact_sort,,
9.1.0,random_bias,5,Ascend950PR_957b,,,200,10,56,30.83979674748012,512,30.827580451965332,30.845096111297607,30.849468231201172,56,performance,7,kernel,20260811,0.9983739354773083,0.9887727576182209,MEASURED,2.10.0.post4.dev20260715,2.10.0+cpu,3.2.0,r12_two_row_tile,,
9.1.0,random_bias,5,Ascend950PR_957b,,,200,10,56,30.812548909868514,512,30.802075386047363,30.807714462280273,30.825048446655273,56,performance,7,kernel,20260811,1.0012133859869126,0.9899725206265557,MEASURED,2.10.0.post4.dev20260715,2.10.0+cpu,3.2.0,r13_fp32_rank_reduce,,
9.1.0,random_bias,5,Ascend950PR_957b,,,200,10,56,30.829643862588064,512,30.811973094940186,30.822865962982178,30.85187578201294,56,performance,7,kernel,20260811,0.9995084330989824,0.9894858829024987,MEASURED,2.10.0.post4.dev20260715,2.10.0+cpu,3.2.0,r14_priority_argmax,,
9.1.0,random_bias,5,Ascend950PR_957b,,,200,10,56,30.833534853799,512,30.826807498931885,30.837879180908203,30.844709396362305,56,performance,7,kernel,20260811,0.9995131566007522,0.9890041582317588,MEASURED,2.10.0.post4.dev20260715,2.10.0+cpu,3.2.0,r15_unique_top10_fastpath,,
9.1.0,random_bias,5,Ascend950PR_957b,,,200,10,56,30.864805494035995,512,30.852802753448486,30.869646072387695,30.871477603912354,56,performance,7,kernel,20260811,0.9989709343798435,0.9879864080543307,MEASURED,2.10.0.post4.dev20260715,2.10.0+cpu,3.2.0,r16_split_unique_recovery,,
9.1.0,random_bias,5,Ascend950PR_957b,,,200,10,56,30.823269571576798,512,30.81454849243164,30.82313060760498,30.834072589874268,56,performance,7,kernel,20260811,1.0015091090316193,0.9894773872658426,MEASURED,2.10.0.post4.dev20260715,2.10.0+cpu,3.2.0,r17_parallel_priority_argmax,,
9.1.0,random_bias,5,Ascend950PR_957b,,,200,10,56,30.82740443093436,512,30.817734241485596,30.833799839019775,30.83745765686035,56,performance,7,kernel,20260811,0.9996539761083455,0.9891350044495966,MEASURED,2.10.0.post4.dev20260715,2.10.0+cpu,3.2.0,r18_hierarchical_partial_sort,,
9.1.0,random_bias,5,Ascend950PR_957b,,,200,10,56,30.813503946576798,512,30.804564476013184,30.813345909118652,30.82381248474121,56,performance,7,kernel,20260811,1.000663801002379,0.9897915932570384,MEASURED,2.10.0.post4.dev20260715,2.10.0+cpu,3.2.0,r19_unique_id_sum,,
9.1.0,random_bias,5,Ascend950PR_957b,,,200,10,56,30.828439508165633,512,30.80970525741577,30.82184076309204,30.8445987701416,56,performance,7,kernel,20260811,0.9997243884932544,0.9895187953046567,MEASURED,2.10.0.post4.dev20260715,2.10.0+cpu,3.2.0,r20_iterative_rank1_maxarg,,
9.1.0,random_bias,5,Ascend950PR_957b,,,200,10,57,30.66089425768171,512,30.478590965270996,30.70523500442505,30.807290077209473,56,performance,7,kernel,20260811,nan,1.0,MEASURED,2.10.0.post4.dev20260715,2.10.0+cpu,3.2.0,r0_legacy,,
9.1.0,random_bias,5,Ascend950PR_957b,,,200,10,57,29.669669015066965,512,29.603517532348633,29.655790328979492,29.76085662841797,56,performance,7,kernel,20260811,1.0353875133255188,1.0353875133255188,MEASURED,2.10.0.post4.dev20260715,2.10.0+cpu,3.2.0,r1_constexpr,,
9.1.0,random_bias,5,Ascend950PR_957b,,,200,10,57,29.580356734139578,512,29.502155303955078,29.56033945083618,29.642227172851562,56,performance,7,kernel,20260811,1.0032290183372914,1.0387307985922496,MEASURED,2.10.0.post4.dev20260715,2.10.0+cpu,3.2.0,r2_core_partition,,
9.1.0,random_bias,5,Ascend950PR_957b,,,200,10,57,29.172226360866002,512,29.095277786254883,29.167494773864746,29.22670602798462,56,performance,7,kernel,20260811,1.0134685779501174,1.052721025322277,MEASURED,2.10.0.post4.dev20260715,2.10.0+cpu,3.2.0,r3_sort_tie,,
9.1.0,random_bias,5,Ascend950PR_957b,,,200,10,57,30.26299578802926,512,30.172327041625977,30.26439905166626,30.306941986083984,56,performance,7,kernel,20260811,0.9637559537881814,1.014566155832343,MEASURED,2.10.0.post4.dev20260715,2.10.0+cpu,3.2.0,r4_bias_hoist,,
9.1.0,random_bias,5,Ascend950PR_957b,,,200,10,57,29.986460549490793,512,29.91948890686035,29.995689392089844,30.038617610931396,56,performance,7,kernel,20260811,1.0089582758397038,1.023654919313917,MEASURED,2.10.0.post4.dev20260715,2.10.0+cpu,3.2.0,r5_dispatch,,
9.1.0,random_bias,5,Ascend950PR_957b,,,200,10,57,29.1678626196725,512,29.049333572387695,29.15107488632202,29.26849889755249,56,performance,7,kernel,20260811,1.0289737002515857,1.0533139901071797,MEASURED,2.10.0.post4.dev20260715,2.10.0+cpu,3.2.0,r6_empirical_dispatch,,
9.1.0,random_bias,5,Ascend950PR_957b,,,200,10,57,59.15618760245187,512,59.12819766998291,59.170546531677246,59.18135738372803,56,performance,7,kernel,20260811,0.49266191703529133,0.5189276896062951,MEASURED,2.10.0.post4.dev20260715,2.10.0+cpu,3.2.0,r7_vector_tie_recovery,,
9.1.0,random_bias,5,Ascend950PR_957b,,,200,10,57,29.280990532466344,512,29.036187648773193,29.34650421142578,29.484671592712402,56,performance,7,kernel,20260811,2.016272401829713,1.0462995790984284,MEASURED,2.10.0.post4.dev20260715,2.10.0+cpu,3.2.0,r8_safe_vector_dispatch,,
9.1.0,random_bias,5,Ascend950PR_957b,,,200,10,57,182.08089011056083,512,182.03750610351562,182.08730697631836,182.1220474243164,56,performance,7,kernel,20260811,0.1611672153251324,0.1686291895591518,MEASURED,2.10.0.post4.dev20260715,2.10.0+cpu,3.2.0,r9_pair_tie_recovery,,
9.1.0,random_bias,5,Ascend950PR_957b,,,200,10,57,29.012679713112966,512,28.754960536956787,29.1054105758667,29.201782703399658,56,performance,7,kernel,20260811,6.256132566887735,1.0549665645288946,MEASURED,2.10.0.post4.dev20260715,2.10.0+cpu,3.2.0,r10_group_rank_threshold,,
9.1.0,random_bias,5,Ascend950PR_957b,,,200,10,57,28.693224021366664,512,28.66935682296753,28.689720630645752,28.725449085235596,56,performance,7,kernel,20260811,1.0144891597437486,1.0702521436066674,MEASURED,2.10.0.post4.dev20260715,2.10.0+cpu,3.2.0,r11_packed_exact_sort,,
9.1.0,random_bias,5,Ascend950PR_957b,,,200,10,57,28.747895785740443,512,28.687100410461426,28.706769943237305,28.819618225097656,56,performance,7,kernel,20260811,0.9994060873924421,1.0696165073653137,MEASURED,2.10.0.post4.dev20260715,2.10.0+cpu,3.2.0,r12_two_row_tile,,
9.1.0,random_bias,5,Ascend950PR_957b,,,200,10,57,28.773463112967356,512,28.72606897354126,28.755435943603516,28.811641693115234,56,performance,7,kernel,20260811,0.9983075895471849,1.067806277207745,MEASURED,2.10.0.post4.dev20260715,2.10.0+cpu,3.2.0,r13_fp32_rank_reduce,,
9.1.0,random_bias,5,Ascend950PR_957b,,,200,10,57,28.768185206821986,512,28.74925136566162,28.757460117340088,28.79634952545166,56,performance,7,kernel,20260811,0.9999296122213744,1.0677311166958898,MEASURED,2.10.0.post4.dev20260715,2.10.0+cpu,3.2.0,r14_priority_argmax,,
9.1.0,random_bias,5,Ascend950PR_957b,,,200,10,57,28.794827801840647,512,28.708115577697754,28.823530673980713,28.88456153869629,56,performance,7,kernel,20260811,0.9977077562985625,1.065283616768815,MEASURED,2.10.0.post4.dev20260715,2.10.0+cpu,3.2.0,r15_unique_top10_fastpath,,
9.1.0,random_bias,5,Ascend950PR_957b,,,200,10,57,28.730688435690745,512,28.71741819381714,28.738839626312256,28.77558469772339,56,performance,7,kernel,20260811,1.0029469195266645,1.0684229218605066,MEASURED,2.10.0.post4.dev20260715,2.10.0+cpu,3.2.0,r16_split_unique_recovery,,
9.1.0,random_bias,5,Ascend950PR_957b,,,200,10,57,28.69901725224086,512,28.6657133102417,28.693110942840576,28.772302627563477,56,performance,7,kernel,20260811,1.0015937164695308,1.0701256850674998,MEASURED,2.10.0.post4.dev20260715,2.10.0+cpu,3.2.0,r17_parallel_priority_argmax,,
9.1.0,random_bias,5,Ascend950PR_957b,,,200,10,57,28.700087751661027,512,28.59080219268799,28.657734394073486,28.828016757965088,56,performance,7,kernel,20260811,1.0012344502981507,1.0714467020384904,MEASURED,2.10.0.post4.dev20260715,2.10.0+cpu,3.2.0,r18_hierarchical_partial_sort,,
9.1.0,random_bias,5,Ascend950PR_957b,,,200,10,57,28.85063409805298,512,28.787171363830566,28.828964233398438,28.896087646484375,56,performance,7,kernel,20260811,0.9940604928453662,1.065082836685924,MEASURED,2.10.0.post4.dev20260715,2.10.0+cpu,3.2.0,r19_unique_id_sum,,
9.1.0,random_bias,5,Ascend950PR_957b,,,200,10,57,28.91864436013358,512,28.863999366760254,28.922851085662842,28.933434009552002,56,performance,7,kernel,20260811,0.9967538866764437,1.0616254570990666,MEASURED,2.10.0.post4.dev20260715,2.10.0+cpu,3.2.0,r20_iterative_rank1_maxarg,,
9.1.0,random_bias,5,Ascend950PR_957b,,,200,10,58,30.64049243927002,512,30.584670543670654,30.655839443206787,30.718457221984863,56,performance,7,kernel,20260811,nan,1.0,MEASURED,2.10.0.post4.dev20260715,2.10.0+cpu,3.2.0,r0_legacy,,
9.1.0,random_bias,5,Ascend950PR_957b,,,200,10,58,29.783731528690883,512,29.70431089401245,29.789555072784424,29.878559589385986,56,performance,7,kernel,20260811,1.0290801379310897,1.0290801379310897,MEASURED,2.10.0.post4.dev20260715,2.10.0+cpu,3.2.0,r1_constexpr,,
9.1.0,random_bias,5,Ascend950PR_957b,,,200,10,58,29.59827286856515,512,29.500407695770264,29.573938846588135,29.707188606262207,56,performance,7,kernel,20260811,1.0072907510668354,1.0365829050445698,MEASURED,2.10.0.post4.dev20260715,2.10.0+cpu,3.2.0,r2_core_partition,,
9.1.0,random_bias,5,Ascend950PR_957b,,,200,10,58,29.224921975817,512,29.166274070739746,29.22182559967041,29.290770053863525,56,performance,7,kernel,20260811,1.0120496662919547,1.049073383134302,MEASURED,2.10.0.post4.dev20260715,2.10.0+cpu,3.2.0,r3_sort_tie,,
9.1.0,random_bias,5,Ascend950PR_957b,,,200,10,58,30.352319308689662,512,30.31092882156372,30.338609218597412,30.39194965362549,56,performance,7,kernel,20260811,0.9631893601028217,1.0104563206020305,MEASURED,2.10.0.post4.dev20260715,2.10.0+cpu,3.2.0,r4_bias_hoist,,
9.1.0,random_bias,5,Ascend950PR_957b,,,200,10,58,30.06962639944894,512,30.009944915771484,30.08859395980835,30.116183757781982,56,performance,7,kernel,20260811,1.0083093034896555,1.0188525088329534,MEASURED,2.10.0.post4.dev20260715,2.10.0+cpu,3.2.0,r5_dispatch,,
9.1.0,random_bias,5,Ascend950PR_957b,,,200,10,58,29.224354199000768,512,29.137720108032227,29.179155826568604,29.318540573120117,56,performance,7,kernel,20260811,1.0311673901275675,1.050607482458201,MEASURED,2.10.0.post4.dev20260715,2.10.0+cpu,3.2.0,r6_empirical_dispatch,,
9.1.0,random_bias,5,Ascend950PR_957b,,,200,10,58,59.21194553375244,512,59.202548027038574,59.209184646606445,59.223267555236816,56,performance,7,kernel,20260811,0.4928146874632059,0.5177547981141438,MEASURED,2.10.0.post4.dev20260715,2.10.0+cpu,3.2.0,r7_vector_tie_recovery,,
9.1.0,random_bias,5,Ascend950PR_957b,,,200,10,58,29.421825749533518,512,29.24248695373535,29.314584732055664,29.600674629211426,56,performance,7,kernel,20260811,2.0197858911458795,1.045753836304031,MEASURED,2.10.0.post4.dev20260715,2.10.0+cpu,3.2.0,r8_safe_vector_dispatch,,
9.1.0,random_bias,5,Ascend950PR_957b,,,200,10,58,182.3902211870466,512,182.36066436767578,182.38189697265625,182.41617584228516,56,performance,7,kernel,20260811,0.16073187755279614,0.16808597756718632,MEASURED,2.10.0.post4.dev20260715,2.10.0+cpu,3.2.0,r9_pair_tie_recovery,,
9.1.0,random_bias,5,Ascend950PR_957b,,,200,10,58,29.103984832763672,512,28.835060596466064,29.205069541931152,29.32681369781494,56,performance,7,kernel,20260811,6.244871175903266,1.049675276382845,MEASURED,2.10.0.post4.dev20260715,2.10.0+cpu,3.2.0,r10_group_rank_threshold,,
9.1.0,random_bias,5,Ascend950PR_957b,,,200,10,58,28.869747434343612,512,28.847160816192627,28.855199813842773,28.913636207580566,56,performance,7,kernel,20260811,1.0121250149139682,1.0624026047638107,MEASURED,2.10.0.post4.dev20260715,2.10.0+cpu,3.2.0,r11_packed_exact_sort,,
9.1.0,random_bias,5,Ascend950PR_957b,,,200,10,58,28.82195472717285,512,28.778149604797363,28.832030296325684,28.8515043258667,56,performance,7,kernel,20260811,1.0008036033979903,1.0632563551070326,MEASURED,2.10.0.post4.dev20260715,2.10.0+cpu,3.2.0,r12_two_row_tile,,
9.1.0,random_bias,5,Ascend950PR_957b,,,200,10,58,28.931219237191335,512,28.85554599761963,28.907830715179443,29.001628398895264,56,performance,7,kernel,20260811,0.997377858629359,1.0604683466307097,MEASURED,2.10.0.post4.dev20260715,2.10.0+cpu,3.2.0,r13_fp32_rank_reduce,,
9.1.0,random_bias,5,Ascend950PR_957b,,,200,10,58,28.882425171988352,512,28.77259063720703,28.847315311431885,28.998294830322266,56,performance,7,kernel,20260811,1.0020977828645141,1.062692978956631,MEASURED,2.10.0.post4.dev20260715,2.10.0+cpu,3.2.0,r14_priority_argmax,,
9.1.0,random_bias,5,Ascend950PR_957b,,,200,10,58,28.842942033495223,512,28.749083995819092,28.80389928817749,28.956763744354248,56,performance,7,kernel,20260811,1.0015072967315997,1.0642947726105063,MEASURED,2.10.0.post4.dev20260715,2.10.0+cpu,3.2.0,r15_unique_top10_fastpath,,
9.1.0,random_bias,5,Ascend950PR_957b,,,200,10,58,28.83435215268816,512,28.750312328338623,28.84608030319214,28.897751331329346,56,performance,7,kernel,20260811,0.998537721084761,1.0627384768049188,MEASURED,2.10.0.post4.dev20260715,2.10.0+cpu,3.2.0,r16_split_unique_recovery,,
9.1.0,random_bias,5,Ascend950PR_957b,,,200,10,58,28.757113729204452,512,28.71498680114746,28.749184608459473,28.795069217681885,56,performance,7,kernel,20260811,1.003370380623044,1.0663203099745056,MEASURED,2.10.0.post4.dev20260715,2.10.0+cpu,3.2.0,r17_parallel_priority_argmax,,
9.1.0,random_bias,5,Ascend950PR_957b,,,200,10,58,28.81298201424735,512,28.74834442138672,28.779070377349854,28.890735149383545,56,performance,7,kernel,20260811,0.9989615450221804,1.0652129843406624,MEASURED,2.10.0.post4.dev20260715,2.10.0+cpu,3.2.0,r18_hierarchical_partial_sort,,
9.1.0,random_bias,5,Ascend950PR_957b,,,200,10,58,28.78523656300136,512,28.71583080291748,28.79012107849121,28.820293426513672,56,performance,7,kernel,20260811,0.9996161634363666,1.0648041166492153,MEASURED,2.10.0.post4.dev20260715,2.10.0+cpu,3.2.0,r19_unique_id_sum,,
9.1.0,random_bias,5,Ascend950PR_957b,,,200,10,58,28.8594388961792,512,28.803800106048584,28.859364986419678,28.914076328277588,56,performance,7,kernel,20260811,0.9976006433973496,1.0622492718614036,MEASURED,2.10.0.post4.dev20260715,2.10.0+cpu,3.2.0,r20_iterative_rank1_maxarg,,
9.1.0,random_bias,5,Ascend950PR_957b,,,200,10,59,30.624633857182094,512,30.511720657348633,30.598340034484863,30.751591682434082,56,performance,7,kernel,20260811,nan,1.0,MEASURED,2.10.0.post4.dev20260715,2.10.0+cpu,3.2.0,r0_legacy,,
9.1.0,random_bias,5,Ascend950PR_957b,,,200,10,59,29.631845269884383,512,29.585792541503906,29.618980884552002,29.71006155014038,56,performance,7,kernel,20260811,1.0330652548023236,1.0330652548023236,MEASURED,2.10.0.post4.dev20260715,2.10.0+cpu,3.2.0,r1_constexpr,,
9.1.0,random_bias,5,Ascend950PR_957b,,,200,10,59,29.46026529584612,512,29.40337038040161,29.454989433288574,29.51527166366577,56,performance,7,kernel,20260811,1.0055675270783866,1.038816873582176,MEASURED,2.10.0.post4.dev20260715,2.10.0+cpu,3.2.0,r2_core_partition,,
9.1.0,random_bias,5,Ascend950PR_957b,,,200,10,59,29.091978073120117,512,29.02542543411255,29.034850597381592,29.17648458480835,56,performance,7,kernel,20260811,1.0144701566311787,1.0538487164540213,MEASURED,2.10.0.post4.dev20260715,2.10.0+cpu,3.2.0,r3_sort_tie,,
9.1.0,random_bias,5,Ascend950PR_957b,,,200,10,59,30.20475149154663,512,30.142032146453857,30.21116018295288,30.232407569885254,56,performance,7,kernel,20260811,0.961063740073278,1.012815788906725,MEASURED,2.10.0.post4.dev20260715,2.10.0+cpu,3.2.0,r4_bias_hoist,,
9.1.0,random_bias,5,Ascend950PR_957b,,,200,10,59,29.987328393118723,512,29.879565715789795,30.03720998764038,30.083807945251465,56,performance,7,kernel,20260811,1.0057911568812175,1.018681164032058,MEASURED,2.10.0.post4.dev20260715,2.10.0+cpu,3.2.0,r5_dispatch,,
9.1.0,random_bias,5,Ascend950PR_957b,,,200,10,59,29.150536400931223,512,29.03016996383667,29.12972927093506,29.275511264801025,56,performance,7,kernel,20260811,1.0311530776089561,1.0504162173939307,MEASURED,2.10.0.post4.dev20260715,2.10.0+cpu,3.2.0,r6_empirical_dispatch,,
9.1.0,random_bias,5,Ascend950PR_957b,,,200,10,59,59.26702158791678,512,59.238728523254395,59.25011157989502,59.28278064727783,56,performance,7,kernel,20260811,0.49164007449429803,0.5164267073695707,MEASURED,2.10.0.post4.dev20260715,2.10.0+cpu,3.2.0,r7_vector_tie_recovery,,
9.1.0,random_bias,5,Ascend950PR_957b,,,200,10,59,29.394030911581858,512,29.202205657958984,29.37166452407837,29.50171422958374,56,performance,7,kernel,20260811,2.0172541304672342,1.0417639085248602,MEASURED,2.10.0.post4.dev20260715,2.10.0+cpu,3.2.0,r8_safe_vector_dispatch,,
9.1.0,random_bias,5,Ascend950PR_957b,,,200,10,59,182.3830931527274,512,182.3526153564453,182.39620208740234,182.4044303894043,56,performance,7,kernel,20260811,0.1610322155173153,0.16775755023573605,MEASURED,2.10.0.post4.dev20260715,2.10.0+cpu,3.2.0,r9_pair_tie_recovery,,
9.1.0,random_bias,5,Ascend950PR_957b,,,200,10,59,29.089250223977224,512,28.846442699432373,29.10309076309204,29.342113971710205,56,performance,7,kernel,20260811,6.267245069335164,1.051377679558663,MEASURED,2.10.0.post4.dev20260715,2.10.0+cpu,3.2.0,r10_group_rank_threshold,,
9.1.0,random_bias,5,Ascend950PR_957b,,,200,10,59,28.847344943455287,512,28.748717784881592,28.845086097717285,28.958574295043945,56,performance,7,kernel,20260811,1.00894449281589,1.0607817196602622,MEASURED,2.10.0.post4.dev20260715,2.10.0+cpu,3.2.0,r11_packed_exact_sort,,
9.1.0,random_bias,5,Ascend950PR_957b,,,200,10,59,28.83620023727417,512,28.773518085479736,28.842575550079346,28.93837261199951,56,performance,7,kernel,20260811,1.0000870431156046,1.0608740534061178,MEASURED,2.10.0.post4.dev20260715,2.10.0+cpu,3.2.0,r12_two_row_tile,,
9.1.0,random_bias,5,Ascend950PR_957b,,,200,10,59,28.893135956355504,512,28.797532081604004,28.842504024505615,29.005844116210938,56,performance,7,kernel,20260811,1.000002479866993,1.0608766842326667,MEASURED,2.10.0.post4.dev20260715,2.10.0+cpu,3.2.0,r13_fp32_rank_reduce,,
9.1.0,random_bias,5,Ascend950PR_957b,,,200,10,59,28.81950412477766,512,28.757119178771973,28.841075897216797,28.90561294555664,56,performance,7,kernel,20260811,1.0000495171294548,1.0609292158007755,MEASURED,2.10.0.post4.dev20260715,2.10.0+cpu,3.2.0,r14_priority_argmax,,
9.1.0,random_bias,5,Ascend950PR_957b,,,200,10,59,28.749331406184606,512,28.657530307769775,28.73927116394043,28.851244926452637,56,performance,7,kernel,20260811,1.0035423561264178,1.064687404908063,MEASURED,2.10.0.post4.dev20260715,2.10.0+cpu,3.2.0,r15_unique_top10_fastpath,,
9.1.0,random_bias,5,Ascend950PR_957b,,,200,10,59,28.79390103476388,512,28.722095489501953,28.772544860839844,28.881773948669434,56,performance,7,kernel,20260811,0.9988435608646943,1.0634561587261602,MEASURED,2.10.0.post4.dev20260715,2.10.0+cpu,3.2.0,r16_split_unique_recovery,,
9.1.0,random_bias,5,Ascend950PR_957b,,,200,10,59,28.787343502044678,512,28.734022617340088,28.767919540405273,28.844860076904297,56,performance,7,kernel,20260811,1.0001607804981543,1.0636271417371255,MEASURED,2.10.0.post4.dev20260715,2.10.0+cpu,3.2.0,r17_parallel_priority_argmax,,
9.1.0,random_bias,5,Ascend950PR_957b,,,200,10,59,28.82448468889509,512,28.723183155059814,28.83455991744995,28.86510705947876,56,performance,7,kernel,20260811,0.9976888713670171,1.0611689625950391,MEASURED,2.10.0.post4.dev20260715,2.10.0+cpu,3.2.0,r18_hierarchical_partial_sort,,
9.1.0,random_bias,5,Ascend950PR_957b,,,200,10,59,28.81774697984968,512,28.73725700378418,28.821089267730713,28.909042358398438,56,performance,7,kernel,20260811,1.0004673886401068,1.0616649409133898,MEASURED,2.10.0.post4.dev20260715,2.10.0+cpu,3.2.0,r19_unique_id_sum,,
9.1.0,random_bias,5,Ascend950PR_957b,,,200,10,59,28.89934233256749,512,28.83492136001587,28.879470825195312,28.964462757110596,56,performance,7,kernel,20260811,0.9979784408856389,1.0595187224756888,MEASURED,2.10.0.post4.dev20260715,2.10.0+cpu,3.2.0,r20_iterative_rank1_maxarg,,
9.1.0,random_bias,5,Ascend950PR_957b,,,200,10,60,30.87002890450614,512,30.76179552078247,30.845460891723633,30.9075026512146,56,performance,7,kernel,20260811,nan,1.0,MEASURED,2.10.0.post4.dev20260715,2.10.0+cpu,3.2.0,r0_legacy,,
9.1.0,random_bias,5,Ascend950PR_957b,,,200,10,60,29.98763050351824,512,29.93384885787964,29.98647928237915,30.042902946472168,56,performance,7,kernel,20260811,1.0286456306275755,1.0286456306275755,MEASURED,2.10.0.post4.dev20260715,2.10.0+cpu,3.2.0,r1_constexpr,,
9.1.0,random_bias,5,Ascend950PR_957b,,,200,10,60,29.735656465802872,512,29.695675373077393,29.70280885696411,29.774909496307373,56,performance,7,kernel,20260811,1.0095502895628852,1.0384694942576655,MEASURED,2.10.0.post4.dev20260715,2.10.0+cpu,3.2.0,r2_core_partition,,
9.1.0,random_bias,5,Ascend950PR_957b,,,200,10,60,29.34485878263201,512,29.240899085998535,29.350464344024658,29.461509227752686,56,performance,7,kernel,20260811,1.012004733853936,1.0509360441516604,MEASURED,2.10.0.post4.dev20260715,2.10.0+cpu,3.2.0,r3_sort_tie,,
9.1.0,random_bias,5,Ascend950PR_957b,,,200,10,60,30.55701664515904,512,30.48829746246338,30.513944625854492,30.700023651123047,56,performance,7,kernel,20260811,0.9618705383359706,1.010864418544833,MEASURED,2.10.0.post4.dev20260715,2.10.0+cpu,3.2.0,r4_bias_hoist,,
9.1.0,random_bias,5,Ascend950PR_957b,,,200,10,60,30.229793616703578,512,30.101126194000244,30.162711143493652,30.35885190963745,56,performance,7,kernel,20260811,1.0116446257330751,1.0226355563656702,MEASURED,2.10.0.post4.dev20260715,2.10.0+cpu,3.2.0,r5_dispatch,,
9.1.0,random_bias,5,Ascend950PR_957b,,,200,10,60,29.37343222754342,512,29.220136642456055,29.40587043762207,29.55084753036499,56,performance,7,kernel,20260811,1.0257377419749247,1.0489558864497934,MEASURED,2.10.0.post4.dev20260715,2.10.0+cpu,3.2.0,r6_empirical_dispatch,,
9.1.0,random_bias,5,Ascend950PR_957b,,,200,10,60,59.27519457680838,512,59.247334480285645,59.26098823547363,59.30636024475098,56,performance,7,kernel,20260811,0.4962095859889781,0.5205019661359535,MEASURED,2.10.0.post4.dev20260715,2.10.0+cpu,3.2.0,r7_vector_tie_recovery,,
9.1.0,random_bias,5,Ascend950PR_957b,,,200,10,60,29.563382693699428,512,29.33159303665161,29.54176425933838,29.760831356048584,56,performance,7,kernel,20260811,2.0060070791723543,1.0441306287918517,MEASURED,2.10.0.post4.dev20260715,2.10.0+cpu,3.2.0,r8_safe_vector_dispatch,,
9.1.0,random_bias,5,Ascend950PR_957b,,,200,10,60,182.47580119541712,512,182.44119262695312,182.4862289428711,182.51196670532227,56,performance,7,kernel,20260811,0.16188489635887365,0.1690289786270945,MEASURED,2.10.0.post4.dev20260715,2.10.0+cpu,3.2.0,r9_pair_tie_recovery,,
9.1.0,random_bias,5,Ascend950PR_957b,,,200,10,60,29.24631220953805,512,29.004850387573242,29.32781457901001,29.42115592956543,56,performance,7,kernel,20260811,6.222292099237321,1.051747678253524,MEASURED,2.10.0.post4.dev20260715,2.10.0+cpu,3.2.0,r10_group_rank_threshold,,
9.1.0,random_bias,5,Ascend950PR_957b,,,200,10,60,29.022318635668075,512,28.89533281326294,28.996429443359375,29.14040994644165,56,performance,7,kernel,20260811,1.011428480747878,1.0637675563460698,MEASURED,2.10.0.post4.dev20260715,2.10.0+cpu,3.2.0,r11_packed_exact_sort,,
9.1.0,random_bias,5,Ascend950PR_957b,,,200,10,60,28.978129114423478,512,28.890767574310303,28.927149772644043,29.085691452026367,56,performance,7,kernel,20260811,1.0023949705124715,1.0663152482756426,MEASURED,2.10.0.post4.dev20260715,2.10.0+cpu,3.2.0,r12_two_row_tile,,
9.1.0,random_bias,5,Ascend950PR_957b,,,200,10,60,29.02048076902117,512,28.972504138946533,29.04961585998535,29.080399990081787,56,performance,7,kernel,20260811,0.995784244172743,1.0618199235540318,MEASURED,2.10.0.post4.dev20260715,2.10.0+cpu,3.2.0,r13_fp32_rank_reduce,,
9.1.0,random_bias,5,Ascend950PR_957b,,,200,10,60,29.03922966548375,512,28.964097023010254,29.06632900238037,29.105207443237305,56,performance,7,kernel,20260811,0.9994249998892654,1.0612093769804078,MEASURED,2.10.0.post4.dev20260715,2.10.0+cpu,3.2.0,r14_priority_argmax,,
9.1.0,random_bias,5,Ascend950PR_957b,,,200,10,60,29.045004504067556,512,28.9287052154541,28.968958854675293,29.20362901687622,56,performance,7,kernel,20260811,1.0033611890642513,1.0647763023331953,MEASURED,2.10.0.post4.dev20260715,2.10.0+cpu,3.2.0,r15_unique_top10_fastpath,,
9.1.0,random_bias,5,Ascend950PR_957b,,,200,10,60,29.04362337929862,512,28.933666706085205,29.041969776153564,29.09773588180542,56,performance,7,kernel,20260811,0.997486020333985,1.062099476360275,MEASURED,2.10.0.post4.dev20260715,2.10.0+cpu,3.2.0,r16_split_unique_recovery,,
9.1.0,random_bias,5,Ascend950PR_957b,,,200,10,60,28.98836510522025,512,28.89748477935791,28.942039012908936,29.086190700531006,56,performance,7,kernel,20260811,1.0034527893214453,1.0657666820905645,MEASURED,2.10.0.post4.dev20260715,2.10.0+cpu,3.2.0,r17_parallel_priority_argmax,,
9.1.0,random_bias,5,Ascend950PR_957b,,,200,10,60,29.04005970273699,512,28.96230173110962,28.99186611175537,29.132887363433838,56,performance,7,kernel,20260811,0.9982813421304318,1.063934993795266,MEASURED,2.10.0.post4.dev20260715,2.10.0+cpu,3.2.0,r18_hierarchical_partial_sort,,
9.1.0,random_bias,5,Ascend950PR_957b,,,200,10,60,29.108991622924805,512,28.99640417098999,29.041285514831543,29.248188972473145,56,performance,7,kernel,20260811,0.9982983052506084,1.0621245012026306,MEASURED,2.10.0.post4.dev20260715,2.10.0+cpu,3.2.0,r19_unique_id_sum,,
9.1.0,random_bias,5,Ascend950PR_957b,,,200,10,60,29.20394488743373,512,29.114797115325928,29.235525131225586,29.315743923187256,56,performance,7,kernel,20260811,0.9933560414761772,1.0550677900695042,MEASURED,2.10.0.post4.dev20260715,2.10.0+cpu,3.2.0,r20_iterative_rank1_maxarg,,
9.1.0,random_bias,5,Ascend950PR_957b,,,200,10,61,31.229221480233328,512,30.57716417312622,31.543095111846924,31.707109451293945,56,performance,7,kernel,20260811,nan,1.0,MEASURED,2.10.0.post4.dev20260715,2.10.0+cpu,3.2.0,r0_legacy,,
9.1.0,random_bias,5,Ascend950PR_957b,,,200,10,61,30.461360386439733,512,29.84700584411621,30.89656114578247,30.988682746887207,56,performance,7,kernel,20260811,1.0209257581455051,1.0209257581455051,MEASURED,2.10.0.post4.dev20260715,2.10.0+cpu,3.2.0,r1_constexpr,,
9.1.0,random_bias,5,Ascend950PR_957b,,,200,10,61,30.25630031313215,512,29.555911540985107,30.695509910583496,30.793443202972412,56,performance,7,kernel,20260811,1.0065498581318453,1.0276126770245049,MEASURED,2.10.0.post4.dev20260715,2.10.0+cpu,3.2.0,r2_core_partition,,
9.1.0,random_bias,5,Ascend950PR_957b,,,200,10,61,29.864230496542795,512,29.12171459197998,30.21030902862549,30.451392650604248,56,performance,7,kernel,20260811,1.0160607718874461,1.0441169298188433,MEASURED,2.10.0.post4.dev20260715,2.10.0+cpu,3.2.0,r3_sort_tie,,
9.1.0,random_bias,5,Ascend950PR_957b,,,200,10,61,31.05029957635062,512,30.370996952056885,31.464734077453613,31.6166353225708,56,performance,7,kernel,20260811,0.9601323486243287,1.0024904400653893,MEASURED,2.10.0.post4.dev20260715,2.10.0+cpu,3.2.0,r4_bias_hoist,,
9.1.0,random_bias,5,Ascend950PR_957b,,,200,10,61,30.758708545139857,512,29.99101734161377,31.05978012084961,31.41495704650879,56,performance,7,kernel,20260811,1.0130378887110076,1.015560798856811,MEASURED,2.10.0.post4.dev20260715,2.10.0+cpu,3.2.0,r5_dispatch,,
9.1.0,random_bias,5,Ascend950PR_957b,,,200,10,61,29.98128686632429,512,29.173264026641846,30.265355110168457,30.666357040405273,56,performance,7,kernel,20260811,1.0262486598220764,1.0422179087946395,MEASURED,2.10.0.post4.dev20260715,2.10.0+cpu,3.2.0,r6_empirical_dispatch,,
9.1.0,random_bias,5,Ascend950PR_957b,,,200,10,61,59.24761431557791,512,59.22476863861084,59.231133460998535,59.27571773529053,56,performance,7,kernel,20260811,0.5109703857025976,0.5325424868429516,MEASURED,2.10.0.post4.dev20260715,2.10.0+cpu,3.2.0,r7_vector_tie_recovery,,
9.1.0,random_bias,5,Ascend950PR_957b,,,200,10,61,30.499346937452042,512,29.774370670318604,30.522644519805908,30.911208152770996,56,performance,7,kernel,20260811,1.9405636173682104,1.0334325746702209,MEASURED,2.10.0.post4.dev20260715,2.10.0+cpu,3.2.0,r8_safe_vector_dispatch,,
9.1.0,random_bias,5,Ascend950PR_957b,,,200,10,61,182.58265631539481,512,182.52304458618164,182.56898880004883,182.63776779174805,56,performance,7,kernel,20260811,0.16718416813511838,0.17277356531997448,MEASURED,2.10.0.post4.dev20260715,2.10.0+cpu,3.2.0,r9_pair_tie_recovery,,
9.1.0,random_bias,5,Ascend950PR_957b,,,200,10,61,30.023671218327113,512,29.378591060638428,30.175399780273438,30.562736988067627,56,performance,7,kernel,20260811,6.0502591557842305,1.0453248454546604,MEASURED,2.10.0.post4.dev20260715,2.10.0+cpu,3.2.0,r10_group_rank_threshold,,
9.1.0,random_bias,5,Ascend950PR_957b,,,200,10,61,29.830355644226074,512,29.1049485206604,30.103535652160645,30.204331398010254,56,performance,7,kernel,20260811,1.002387232149179,1.0478202785320654,MEASURED,2.10.0.post4.dev20260715,2.10.0+cpu,3.2.0,r11_packed_exact_sort,,
9.1.0,random_bias,5,Ascend950PR_957b,,,200,10,61,29.778079305376327,512,29.041019439697266,30.10181427001953,30.171689987182617,56,performance,7,kernel,20260811,1.0000571853286209,1.0478801984790287,MEASURED,2.10.0.post4.dev20260715,2.10.0+cpu,3.2.0,r12_two_row_tile,,
9.1.0,random_bias,5,Ascend950PR_957b,,,200,10,61,29.853413445608957,512,29.188173294067383,30.120503902435303,30.26118516921997,56,performance,7,kernel,20260811,0.9993795046564855,1.0472299936953113,MEASURED,2.10.0.post4.dev20260715,2.10.0+cpu,3.2.0,r13_fp32_rank_reduce,,
9.1.0,random_bias,5,Ascend950PR_957b,,,200,10,61,29.77999005998884,512,29.0805721282959,30.15821933746338,30.198750972747803,56,performance,7,kernel,20260811,0.9987494143932687,1.0459203429382586,MEASURED,2.10.0.post4.dev20260715,2.10.0+cpu,3.2.0,r14_priority_argmax,,
9.1.0,random_bias,5,Ascend950PR_957b,,,200,10,61,29.820045743669784,512,29.133266925811768,30.103836059570312,30.250060558319092,56,performance,7,kernel,20260811,1.001806523188123,1.0478098222907062,MEASURED,2.10.0.post4.dev20260715,2.10.0+cpu,3.2.0,r15_unique_top10_fastpath,,
9.1.0,random_bias,5,Ascend950PR_957b,,,200,10,61,29.697839873177664,512,29.08610439300537,29.894909858703613,30.091745376586914,56,performance,7,kernel,20260811,1.0069886881028969,1.0551326383298478,MEASURED,2.10.0.post4.dev20260715,2.10.0+cpu,3.2.0,r16_split_unique_recovery,,
9.1.0,random_bias,5,Ascend950PR_957b,,,200,10,61,29.739189829145158,512,29.133790493011475,30.02981424331665,30.071632862091064,56,performance,7,kernel,20260811,0.9955076517117297,1.0503926150281486,MEASURED,2.10.0.post4.dev20260715,2.10.0+cpu,3.2.0,r17_parallel_priority_argmax,,
9.1.0,random_bias,5,Ascend950PR_957b,,,200,10,61,29.721488612038748,512,29.027696132659912,29.97241497039795,30.119596004486084,56,performance,7,kernel,20260811,1.0019150700060502,1.0524041904197659,MEASURED,2.10.0.post4.dev20260715,2.10.0+cpu,3.2.0,r18_hierarchical_partial_sort,,
9.1.0,random_bias,5,Ascend950PR_957b,,,200,10,61,29.77952241897583,512,29.104352951049805,30.040414333343506,30.206349849700928,56,performance,7,kernel,20260811,0.9977364039593128,1.050021972461129,MEASURED,2.10.0.post4.dev20260715,2.10.0+cpu,3.2.0,r19_unique_id_sum,,
9.1.0,random_bias,5,Ascend950PR_957b,,,200,10,61,29.894721508026123,512,29.144554615020752,30.171189308166504,30.375914573669434,56,performance,7,kernel,20260811,0.9956655677876244,1.0454707233999916,MEASURED,2.10.0.post4.dev20260715,2.10.0+cpu,3.2.0,r20_iterative_rank1_maxarg,,
9.1.0,random_bias,5,Ascend950PR_957b,,,200,10,62,32.14308568409511,512,32.05902814865112,32.08307504653931,32.29719257354736,56,performance,7,kernel,20260811,nan,1.0,MEASURED,2.10.0.post4.dev20260715,2.10.0+cpu,3.2.0,r0_legacy,,
9.1.0,random_bias,5,Ascend950PR_957b,,,200,10,62,31.27538272312709,512,31.0756893157959,31.318719387054443,31.38329553604126,56,performance,7,kernel,20260811,1.024405712444322,1.024405712444322,MEASURED,2.10.0.post4.dev20260715,2.10.0+cpu,3.2.0,r1_constexpr,,
9.1.0,random_bias,5,Ascend950PR_957b,,,200,10,62,31.07952696936471,512,30.94239044189453,31.069259643554688,31.23962640762329,56,performance,7,kernel,20260811,1.0080291499173688,1.0326308194857463,MEASURED,2.10.0.post4.dev20260715,2.10.0+cpu,3.2.0,r2_core_partition,,
9.1.0,random_bias,5,Ascend950PR_957b,,,200,10,62,30.743446350097656,512,30.626720905303955,30.750720500946045,30.916501998901367,56,performance,7,kernel,20260811,1.0103587537924141,1.0433275879032582,MEASURED,2.10.0.post4.dev20260715,2.10.0+cpu,3.2.0,r3_sort_tie,,
9.1.0,random_bias,5,Ascend950PR_957b,,,200,10,62,31.843138762882777,512,31.634294986724854,31.962904930114746,32.01286029815674,56,performance,7,kernel,20260811,0.9620752734515502,1.0037596744315733,MEASURED,2.10.0.post4.dev20260715,2.10.0+cpu,3.2.0,r4_bias_hoist,,
9.1.0,random_bias,5,Ascend950PR_957b,,,200,10,62,31.5342082296099,512,31.39380693435669,31.630535125732422,31.67506504058838,56,performance,7,kernel,20260811,1.0105078780065258,1.0143070586383702,MEASURED,2.10.0.post4.dev20260715,2.10.0+cpu,3.2.0,r5_dispatch,,
9.1.0,random_bias,5,Ascend950PR_957b,,,200,10,62,30.82174233027867,512,30.585521697998047,30.80714464187622,31.047780513763428,56,performance,7,kernel,20260811,1.0267272573757766,1.041416704452665,MEASURED,2.10.0.post4.dev20260715,2.10.0+cpu,3.2.0,r6_empirical_dispatch,,
9.1.0,random_bias,5,Ascend950PR_957b,,,200,10,62,59.26724433898926,512,59.24967670440674,59.26111698150635,59.28409290313721,56,performance,7,kernel,20260811,0.5198542688874769,0.5413849195004456,MEASURED,2.10.0.post4.dev20260715,2.10.0+cpu,3.2.0,r7_vector_tie_recovery,,
9.1.0,random_bias,5,Ascend950PR_957b,,,200,10,62,30.954577241625106,512,30.736507415771484,30.950205326080322,31.209067821502686,56,performance,7,kernel,20260811,1.9147245182108603,1.036602979157116,MEASURED,2.10.0.post4.dev20260715,2.10.0+cpu,3.2.0,r8_safe_vector_dispatch,,
9.1.0,random_bias,5,Ascend950PR_957b,,,200,10,62,182.647282736642,512,182.62525177001953,182.6418113708496,182.6781463623047,56,performance,7,kernel,20260811,0.16945848868765712,0.17566117421708782,MEASURED,2.10.0.post4.dev20260715,2.10.0+cpu,3.2.0,r9_pair_tie_recovery,,
9.1.0,random_bias,5,Ascend950PR_957b,,,200,10,62,30.598408154078893,512,30.53751564025879,30.68342924118042,30.76168441772461,56,performance,7,kernel,20260811,5.952457593159923,1.0456156902918925,MEASURED,2.10.0.post4.dev20260715,2.10.0+cpu,3.2.0,r10_group_rank_threshold,,
9.1.0,random_bias,5,Ascend950PR_957b,,,200,10,62,30.31653608594622,512,30.205719470977783,30.319950580596924,30.42685317993164,56,performance,7,kernel,20260811,1.011988102012808,1.0581506378533045,MEASURED,2.10.0.post4.dev20260715,2.10.0+cpu,3.2.0,r11_packed_exact_sort,,
9.1.0,random_bias,5,Ascend950PR_957b,,,200,10,62,30.305286134992325,512,30.2258882522583,30.312750339508057,30.424927234649658,56,performance,7,kernel,20260811,1.0002375317649577,1.058401982241905,MEASURED,2.10.0.post4.dev20260715,2.10.0+cpu,3.2.0,r12_two_row_tile,,
9.1.0,random_bias,5,Ascend950PR_957b,,,200,10,62,30.36914655140468,512,30.281070232391357,30.365779399871826,30.474253177642822,56,performance,7,kernel,20260811,0.99825365719531,1.0565536495557473,MEASURED,2.10.0.post4.dev20260715,2.10.0+cpu,3.2.0,r13_fp32_rank_reduce,,
9.1.0,random_bias,5,Ascend950PR_957b,,,200,10,62,30.357566561017716,512,30.29700756072998,30.36128044128418,30.402093410491943,56,performance,7,kernel,20260811,1.0001481807921886,1.0567102105125281,MEASURED,2.10.0.post4.dev20260715,2.10.0+cpu,3.2.0,r14_priority_argmax,,
9.1.0,random_bias,5,Ascend950PR_957b,,,200,10,62,30.288306985582626,512,30.172107219696045,30.269465446472168,30.416385650634766,56,performance,7,kernel,20260811,1.0030332545837115,1.05991548160222,MEASURED,2.10.0.post4.dev20260715,2.10.0+cpu,3.2.0,r15_unique_top10_fastpath,,
9.1.0,random_bias,5,Ascend950PR_957b,,,200,10,62,30.265395981924875,512,30.204333305358887,30.280559062957764,30.3623309135437,56,performance,7,kernel,20260811,0.9996336389806235,1.0595271698859272,MEASURED,2.10.0.post4.dev20260715,2.10.0+cpu,3.2.0,r16_split_unique_recovery,,
9.1.0,random_bias,5,Ascend950PR_957b,,,200,10,62,30.358895233699254,512,30.203712463378906,30.35963535308838,30.51353168487549,56,performance,7,kernel,20260811,0.9973953478290848,1.0567674701427403,MEASURED,2.10.0.post4.dev20260715,2.10.0+cpu,3.2.0,r17_parallel_priority_argmax,,
9.1.0,random_bias,5,Ascend950PR_957b,,,200,10,62,30.331400803157262,512,30.210735321044922,30.315876007080078,30.468698501586914,56,performance,7,kernel,20260811,1.0014434465294053,1.0582928574799062,MEASURED,2.10.0.post4.dev20260715,2.10.0+cpu,3.2.0,r18_hierarchical_partial_sort,,
9.1.0,random_bias,5,Ascend950PR_957b,,,200,10,62,30.284359795706614,512,30.214247703552246,30.23658037185669,30.37313413619995,56,performance,7,kernel,20260811,1.002622506720277,1.0610682376106684,MEASURED,2.10.0.post4.dev20260715,2.10.0+cpu,3.2.0,r19_unique_id_sum,,
9.1.0,random_bias,5,Ascend950PR_957b,,,200,10,62,30.382913180759974,512,30.318024158477783,30.36202907562256,30.47992753982544,56,performance,7,kernel,20260811,0.9958682371506392,1.056684155285872,MEASURED,2.10.0.post4.dev20260715,2.10.0+cpu,3.2.0,r20_iterative_rank1_maxarg,,
9.1.0,random_bias,5,Ascend950PR_957b,,,200,10,63,32.16655152184622,512,31.99681854248047,32.233264446258545,32.24416446685791,56,performance,7,kernel,20260811,nan,1.0,MEASURED,2.10.0.post4.dev20260715,2.10.0+cpu,3.2.0,r0_legacy,,
9.1.0,random_bias,5,Ascend950PR_957b,,,200,10,63,31.272997515542166,512,31.16941738128662,31.301639080047607,31.37822389602661,56,performance,7,kernel,20260811,1.0297628301134165,1.0297628301134165,MEASURED,2.10.0.post4.dev20260715,2.10.0+cpu,3.2.0,r1_constexpr,,
9.1.0,random_bias,5,Ascend950PR_957b,,,200,10,63,31.136227335248673,512,31.060076236724854,31.113770008087158,31.137417793273926,56,performance,7,kernel,20260811,1.0060381326953185,1.035980674726348,MEASURED,2.10.0.post4.dev20260715,2.10.0+cpu,3.2.0,r2_core_partition,,
9.1.0,random_bias,5,Ascend950PR_957b,,,200,10,63,30.702264308929443,512,30.602198600769043,30.730364322662354,30.78631353378296,56,performance,7,kernel,20260811,1.0124764445158907,1.0489060301341064,MEASURED,2.10.0.post4.dev20260715,2.10.0+cpu,3.2.0,r3_sort_tie,,
9.1.0,random_bias,5,Ascend950PR_957b,,,200,10,63,31.918022973196848,512,31.85152578353882,31.943058967590332,31.998473644256592,56,performance,7,kernel,20260811,0.9620357384632954,1.0090850872786685,MEASURED,2.10.0.post4.dev20260715,2.10.0+cpu,3.2.0,r4_bias_hoist,,
9.1.0,random_bias,5,Ascend950PR_957b,,,200,10,63,31.574782303401403,512,31.453789710998535,31.633269786834717,31.640910625457764,56,performance,7,kernel,20260811,1.0097931444597152,1.0189672033105328,MEASURED,2.10.0.post4.dev20260715,2.10.0+cpu,3.2.0,r5_dispatch,,
9.1.0,random_bias,5,Ascend950PR_957b,,,200,10,63,30.756493295942033,512,30.57358169555664,30.76153039932251,30.936343669891357,56,performance,7,kernel,20260811,1.0283386221750335,1.0478433298939005,MEASURED,2.10.0.post4.dev20260715,2.10.0+cpu,3.2.0,r6_empirical_dispatch,,
9.1.0,random_bias,5,Ascend950PR_957b,,,200,10,63,59.36484949929373,512,59.34489727020264,59.36631202697754,59.37942600250244,56,performance,7,kernel,20260811,0.5181647528541726,0.5429554800643662,MEASURED,2.10.0.post4.dev20260715,2.10.0+cpu,3.2.0,r7_vector_tie_recovery,,
9.1.0,random_bias,5,Ascend950PR_957b,,,200,10,63,30.886715820857457,512,30.706992626190186,30.75824499130249,31.120758056640625,56,performance,7,kernel,20260811,1.9300942574507927,1.0479552541236714,MEASURED,2.10.0.post4.dev20260715,2.10.0+cpu,3.2.0,r8_safe_vector_dispatch,,
9.1.0,random_bias,5,Ascend950PR_957b,,,200,10,63,182.61839730398995,512,182.60090255737305,182.6253318786621,182.6296730041504,56,performance,7,kernel,20260811,0.16842266445127416,0.17649941612522085,MEASURED,2.10.0.post4.dev20260715,2.10.0+cpu,3.2.0,r9_pair_tie_recovery,,
9.1.0,random_bias,5,Ascend950PR_957b,,,200,10,63,30.587467125483922,512,30.42444086074829,30.556728839874268,30.763474464416504,56,performance,7,kernel,20260811,5.976599551466045,1.0548663312480138,MEASURED,2.10.0.post4.dev20260715,2.10.0+cpu,3.2.0,r10_group_rank_threshold,,
9.1.0,random_bias,5,Ascend950PR_957b,,,200,10,63,30.343452521732875,512,30.23890209197998,30.252768993377686,30.436155319213867,56,performance,7,kernel,20260811,1.0100473396852738,1.065464931600621,MEASURED,2.10.0.post4.dev20260715,2.10.0+cpu,3.2.0,r11_packed_exact_sort,,
9.1.0,random_bias,5,Ascend950PR_957b,,,200,10,63,30.348286969321116,512,30.265799045562744,30.31270980834961,30.443862438201904,56,performance,7,kernel,20260811,0.9980225847391772,1.0633580649850025,MEASURED,2.10.0.post4.dev20260715,2.10.0+cpu,3.2.0,r12_two_row_tile,,
9.1.0,random_bias,5,Ascend950PR_957b,,,200,10,63,30.42968647820609,512,30.359036922454834,30.48008441925049,30.49811029434204,56,performance,7,kernel,20260811,0.9945087222004159,1.0575188704497416,MEASURED,2.10.0.post4.dev20260715,2.10.0+cpu,3.2.0,r13_fp32_rank_reduce,,
9.1.0,random_bias,5,Ascend950PR_957b,,,200,10,63,30.407123225075857,512,30.321598052978516,30.399134159088135,30.44298553466797,56,performance,7,kernel,20260811,1.0026629133493972,1.0603349515671017,MEASURED,2.10.0.post4.dev20260715,2.10.0+cpu,3.2.0,r14_priority_argmax,,
9.1.0,random_bias,5,Ascend950PR_957b,,,200,10,63,30.36099365779332,512,30.234607696533203,30.384650230407715,30.466731548309326,56,performance,7,kernel,20260811,1.0004766857136937,1.060840398090244,MEASURED,2.10.0.post4.dev20260715,2.10.0+cpu,3.2.0,r15_unique_top10_fastpath,,
9.1.0,random_bias,5,Ascend950PR_957b,,,200,10,63,30.35424062183925,512,30.23164129257202,30.385963916778564,30.422937393188477,56,performance,7,kernel,20260811,0.9999567666711364,1.0607945344284417,MEASURED,2.10.0.post4.dev20260715,2.10.0+cpu,3.2.0,r16_split_unique_recovery,,
9.1.0,random_bias,5,Ascend950PR_957b,,,200,10,63,30.390309265681676,512,30.324115753173828,30.392169952392578,30.445902347564697,56,performance,7,kernel,20260811,0.9997958014967758,1.060577921772283,MEASURED,2.10.0.post4.dev20260715,2.10.0+cpu,3.2.0,r17_parallel_priority_argmax,,
9.1.0,random_bias,5,Ascend950PR_957b,,,200,10,63,30.446227959224156,512,30.35041570663452,30.478625297546387,30.534759044647217,56,performance,7,kernel,20260811,0.9971634106095734,1.057569497691663,MEASURED,2.10.0.post4.dev20260715,2.10.0+cpu,3.2.0,r18_hierarchical_partial_sort,,
9.1.0,random_bias,5,Ascend950PR_957b,,,200,10,63,30.442022255488805,512,30.41805601119995,30.44177532196045,30.510998249053955,56,performance,7,kernel,20260811,1.0012105067853698,1.058849692744619,MEASURED,2.10.0.post4.dev20260715,2.10.0+cpu,3.2.0,r19_unique_id_sum,,
9.1.0,random_bias,5,Ascend950PR_957b,,,200,10,63,30.55374894823347,512,30.517179489135742,30.546023845672607,30.624367237091064,56,performance,7,kernel,20260811,0.9965871655100235,1.055236013993519,MEASURED,2.10.0.post4.dev20260715,2.10.0+cpu,3.2.0,r20_iterative_rank1_maxarg,,
9.1.0,random_bias,5,Ascend950PR_957b,,,200,10,64,32.03356981277466,512,31.93273639678955,32.05938100814819,32.09391689300537,56,performance,7,kernel,20260811,nan,1.0,MEASURED,2.10.0.post4.dev20260715,2.10.0+cpu,3.2.0,r0_legacy,,
9.1.0,random_bias,5,Ascend950PR_957b,,,200,10,64,31.202975341251918,512,31.11014223098755,31.139419078826904,31.36237668991089,56,performance,7,kernel,20260811,1.0295433234317082,1.0295433234317082,MEASURED,2.10.0.post4.dev20260715,2.10.0+cpu,3.2.0,r1_constexpr,,
9.1.0,random_bias,5,Ascend950PR_957b,,,200,10,64,31.13966499056135,512,30.99004364013672,31.027729511260986,31.223734855651855,56,performance,7,kernel,20260811,1.0035996693707603,1.033249338998936,MEASURED,2.10.0.post4.dev20260715,2.10.0+cpu,3.2.0,r2_core_partition,,
9.1.0,random_bias,5,Ascend950PR_957b,,,200,10,64,30.6389696257455,512,30.499268531799316,30.678105354309082,30.70859432220459,56,performance,7,kernel,20260811,1.011396536810667,1.0450248031254348,MEASURED,2.10.0.post4.dev20260715,2.10.0+cpu,3.2.0,r3_sort_tie,,
9.1.0,random_bias,5,Ascend950PR_957b,,,200,10,64,31.787642070225306,512,31.72382640838623,31.782419681549072,31.907169818878174,56,performance,7,kernel,20260811,0.9652539253365569,1.0087142932908884,MEASURED,2.10.0.post4.dev20260715,2.10.0+cpu,3.2.0,r4_bias_hoist,,
9.1.0,random_bias,5,Ascend950PR_957b,,,200,10,64,31.488798686436244,512,31.37693166732788,31.47888422012329,31.575178146362305,56,performance,7,kernel,20260811,1.0096425101761308,1.0184408311287543,MEASURED,2.10.0.post4.dev20260715,2.10.0+cpu,3.2.0,r5_dispatch,,
9.1.0,random_bias,5,Ascend950PR_957b,,,200,10,64,30.65667152404785,512,30.559174060821533,30.67899465560913,30.750394821166992,56,performance,7,kernel,20260811,1.0260728740786138,1.044994510675293,MEASURED,2.10.0.post4.dev20260715,2.10.0+cpu,3.2.0,r6_empirical_dispatch,,
9.1.0,random_bias,5,Ascend950PR_957b,,,200,10,64,59.31858948298863,512,59.29844093322754,59.31101322174072,59.33992099761963,56,performance,7,kernel,20260811,0.5172562900065852,0.540529983669149,MEASURED,2.10.0.post4.dev20260715,2.10.0+cpu,3.2.0,r7_vector_tie_recovery,,
9.1.0,random_bias,5,Ascend950PR_957b,,,200,10,64,30.932940074375697,512,30.66942071914673,30.805680751800537,31.170600414276123,56,performance,7,kernel,20260811,1.9253271401338565,1.040697047614323,MEASURED,2.10.0.post4.dev20260715,2.10.0+cpu,3.2.0,r8_safe_vector_dispatch,,
9.1.0,random_bias,5,Ascend950PR_957b,,,200,10,64,182.63819558279855,512,182.61563110351562,182.64997482299805,182.65903091430664,56,performance,7,kernel,20260811,0.1686596495929092,0.17552359938300682,MEASURED,2.10.0.post4.dev20260715,2.10.0+cpu,3.2.0,r9_pair_tie_recovery,,
9.1.0,random_bias,5,Ascend950PR_957b,,,200,10,64,30.556625979287283,512,30.30285120010376,30.65770387649536,30.7461576461792,56,performance,7,kernel,20260811,5.95771867191372,1.0457202254056432,MEASURED,2.10.0.post4.dev20260715,2.10.0+cpu,3.2.0,r10_group_rank_threshold,,
9.1.0,random_bias,5,Ascend950PR_957b,,,200,10,64,30.320276192256383,512,30.26000738143921,30.282769203186035,30.402873992919922,56,performance,7,kernel,20260811,1.0123811224394195,1.0586674155537679,MEASURED,2.10.0.post4.dev20260715,2.10.0+cpu,3.2.0,r11_packed_exact_sort,,
9.1.0,random_bias,5,Ascend950PR_957b,,,200,10,64,30.323383126940048,512,30.271072387695312,30.353705883026123,30.396547317504883,56,performance,7,kernel,20260811,0.9976629977204939,1.05619330739038,MEASURED,2.10.0.post4.dev20260715,2.10.0+cpu,3.2.0,r12_two_row_tile,,
9.1.0,random_bias,5,Ascend950PR_957b,,,200,10,64,30.405141285487584,512,30.37813138961792,30.407280921936035,30.444684505462646,56,performance,7,kernel,20260811,0.9982380851794196,1.054332384748691,MEASURED,2.10.0.post4.dev20260715,2.10.0+cpu,3.2.0,r13_fp32_rank_reduce,,
9.1.0,random_bias,5,Ascend950PR_957b,,,200,10,64,30.336034979139054,512,30.29206943511963,30.32052516937256,30.378532886505127,56,performance,7,kernel,20260811,1.0028612879255505,1.0573491332706892,MEASURED,2.10.0.post4.dev20260715,2.10.0+cpu,3.2.0,r14_priority_argmax,,
9.1.0,random_bias,5,Ascend950PR_957b,,,200,10,64,30.37167821611677,512,30.238275051116943,30.406794548034668,30.511876583099365,56,performance,7,kernel,20260811,0.9971628256136691,1.0543492493923645,MEASURED,2.10.0.post4.dev20260715,2.10.0+cpu,3.2.0,r15_unique_top10_fastpath,,
9.1.0,random_bias,5,Ascend950PR_957b,,,200,10,64,30.30254943030221,512,30.14256000518799,30.296175479888916,30.377649784088135,56,performance,7,kernel,20260811,1.003651255196194,1.0581989475678117,MEASURED,2.10.0.post4.dev20260715,2.10.0+cpu,3.2.0,r16_split_unique_recovery,,
9.1.0,random_bias,5,Ascend950PR_957b,,,200,10,64,30.288334914616176,512,30.179043292999268,30.3245210647583,30.351430892944336,56,performance,7,kernel,20260811,0.999065258613356,1.057209805216217,MEASURED,2.10.0.post4.dev20260715,2.10.0+cpu,3.2.0,r17_parallel_priority_argmax,,
9.1.0,random_bias,5,Ascend950PR_957b,,,200,10,64,30.383291244506836,512,30.283719539642334,30.417873859405518,30.487021446228027,56,performance,7,kernel,20260811,0.996930988829834,1.0539652165147995,MEASURED,2.10.0.post4.dev20260715,2.10.0+cpu,3.2.0,r18_hierarchical_partial_sort,,
9.1.0,random_bias,5,Ascend950PR_957b,,,200,10,64,30.321547644478933,512,30.239285469055176,30.288560390472412,30.432893753051758,56,performance,7,kernel,20260811,1.004269383135614,1.0584649978357112,MEASURED,2.10.0.post4.dev20260715,2.10.0+cpu,3.2.0,r19_unique_id_sum,,
9.1.0,random_bias,5,Ascend950PR_957b,,,200,10,64,30.43831995555333,512,30.359865188598633,30.435619354248047,30.51026153564453,56,performance,7,kernel,20260811,0.9951681954599321,1.0533507018536659,MEASURED,2.10.0.post4.dev20260715,2.10.0+cpu,3.2.0,r20_iterative_rank1_maxarg,,
9.1.0,random_bias,5,Ascend950PR_957b,,,100,10,65,32.42138181413923,512,32.18297624588013,32.416911125183105,32.67519187927246,56,performance,7,kernel,20260811,nan,1.0,MEASURED,2.10.0.post4.dev20260715,2.10.0+cpu,3.2.0,r0_legacy,,
9.1.0,random_bias,5,Ascend950PR_957b,,,100,10,65,31.471272536686488,512,31.31770133972168,31.45822048187256,31.632585048675537,56,performance,7,kernel,20260811,1.0304750436809667,1.0304750436809667,MEASURED,2.10.0.post4.dev20260715,2.10.0+cpu,3.2.0,r1_constexpr,,
9.1.0,random_bias,5,Ascend950PR_957b,,,100,10,65,31.435864312308176,512,31.304646492004395,31.46320104598999,31.543331623077393,56,performance,7,kernel,20260811,0.9998417019263186,1.0303119214665752,MEASURED,2.10.0.post4.dev20260715,2.10.0+cpu,3.2.0,r2_core_partition,,
9.1.0,random_bias,5,Ascend950PR_957b,,,100,10,65,30.827057361602783,512,30.7063045501709,30.894289016723633,30.899903774261475,56,performance,7,kernel,20260811,1.0184147959824676,1.0492849052986863,MEASURED,2.10.0.post4.dev20260715,2.10.0+cpu,3.2.0,r3_sort_tie,,
9.1.0,random_bias,5,Ascend950PR_957b,,,100,10,65,32.36060994012015,512,31.954593181610107,32.212679386138916,32.38453483581543,56,performance,7,kernel,20260811,0.9590723157918187,1.0063401040502105,MEASURED,2.10.0.post4.dev20260715,2.10.0+cpu,3.2.0,r4_bias_hoist,,
9.1.0,random_bias,5,Ascend950PR_957b,,,100,10,65,31.84803009033203,512,31.727675914764404,31.8666410446167,31.946486473083496,56,performance,7,kernel,20260811,1.0108589525026415,1.017267903441595,MEASURED,2.10.0.post4.dev20260715,2.10.0+cpu,3.2.0,r5_dispatch,,
9.1.0,random_bias,5,Ascend950PR_957b,,,100,10,65,30.92461449759347,512,30.82224464416504,30.879440307617188,31.121766567230225,56,performance,7,kernel,20260811,1.0319695152232404,1.049789465166785,MEASURED,2.10.0.post4.dev20260715,2.10.0+cpu,3.2.0,r6_empirical_dispatch,,
9.1.0,random_bias,5,Ascend950PR_957b,,,100,10,65,59.574569293430876,512,59.562771797180176,59.5747184753418,59.592482566833496,56,performance,7,kernel,20260811,0.5183312837709557,0.5441387211691245,MEASURED,2.10.0.post4.dev20260715,2.10.0+cpu,3.2.0,r7_vector_tie_recovery,,
9.1.0,random_bias,5,Ascend950PR_957b,,,100,10,65,31.220355374472483,512,31.106510162353516,31.267869472503662,31.376819133758545,56,performance,7,kernel,20260811,1.9053014957648653,1.036748319347114,MEASURED,2.10.0.post4.dev20260715,2.10.0+cpu,3.2.0,r8_safe_vector_dispatch,,
9.1.0,random_bias,5,Ascend950PR_957b,,,100,10,65,182.89875302995955,512,182.8670654296875,182.91606903076172,182.9262237548828,56,performance,7,kernel,20260811,0.1709410749869396,0.17722287220009864,MEASURED,2.10.0.post4.dev20260715,2.10.0+cpu,3.2.0,r9_pair_tie_recovery,,
9.1.0,random_bias,5,Ascend950PR_957b,,,100,10,65,30.873848029545375,512,30.562865257263184,30.848429203033447,31.203429698944092,56,performance,7,kernel,20260811,5.929509986614646,1.0508447905670162,MEASURED,2.10.0.post4.dev20260715,2.10.0+cpu,3.2.0,r10_group_rank_threshold,,
9.1.0,random_bias,5,Ascend950PR_957b,,,100,10,65,30.609042985098704,512,30.453675270080566,30.583040714263916,30.837166786193848,56,performance,7,kernel,20260811,1.0086776357932832,1.0599636389348255,MEASURED,2.10.0.post4.dev20260715,2.10.0+cpu,3.2.0,r11_packed_exact_sort,,
9.1.0,random_bias,5,Ascend950PR_957b,,,100,10,65,30.56048972266061,512,30.402466297149658,30.620338916778564,30.686577320098877,56,performance,7,kernel,20260811,0.9987819141187163,1.058672512191565,MEASURED,2.10.0.post4.dev20260715,2.10.0+cpu,3.2.0,r12_two_row_tile,,
9.1.0,random_bias,5,Ascend950PR_957b,,,100,10,65,30.685879502977645,512,30.556569576263428,30.629189014434814,30.843124389648438,56,performance,7,kernel,20260811,0.9997110567422441,1.0583666159069958,MEASURED,2.10.0.post4.dev20260715,2.10.0+cpu,3.2.0,r13_fp32_rank_reduce,,
9.1.0,random_bias,5,Ascend950PR_957b,,,100,10,65,30.68396602358137,512,30.48227882385254,30.619521141052246,30.888439655303955,56,performance,7,kernel,20260811,1.0003157421482207,1.0587007868559075,MEASURED,2.10.0.post4.dev20260715,2.10.0+cpu,3.2.0,r14_priority_argmax,,
9.1.0,random_bias,5,Ascend950PR_957b,,,100,10,65,30.75136968067714,512,30.451777458190918,30.798840522766113,31.042075157165527,56,performance,7,kernel,20260811,0.9941777229704047,1.0525367375833818,MEASURED,2.10.0.post4.dev20260715,2.10.0+cpu,3.2.0,r15_unique_top10_fastpath,,
9.1.0,random_bias,5,Ascend950PR_957b,,,100,10,65,30.720138549804688,512,30.527220249176025,30.618650913238525,30.900545120239258,56,performance,7,kernel,20260811,1.005884962405371,1.058730876714332,MEASURED,2.10.0.post4.dev20260715,2.10.0+cpu,3.2.0,r16_split_unique_recovery,,
9.1.0,random_bias,5,Ascend950PR_957b,,,100,10,65,30.65927130835397,512,30.495440006256104,30.598649978637695,30.86611557006836,56,performance,7,kernel,20260811,1.0006536541518922,1.0594229205476327,MEASURED,2.10.0.post4.dev20260715,2.10.0+cpu,3.2.0,r17_parallel_priority_argmax,,
9.1.0,random_bias,5,Ascend950PR_957b,,,100,10,65,30.6585659299578,512,30.422344207763672,30.607519149780273,30.89864158630371,56,performance,7,kernel,20260811,0.9997102290094413,1.059115930518525,MEASURED,2.10.0.post4.dev20260715,2.10.0+cpu,3.2.0,r18_hierarchical_partial_sort,,
9.1.0,random_bias,5,Ascend950PR_957b,,,100,10,65,30.634464195796422,512,30.36935806274414,30.6597900390625,30.83721113204956,56,performance,7,kernel,20260811,0.9982951321840224,1.0573102778551948,MEASURED,2.10.0.post4.dev20260715,2.10.0+cpu,3.2.0,r19_unique_id_sum,,
9.1.0,random_bias,5,Ascend950PR_957b,,,100,10,65,30.716523102351598,512,30.495575428009033,30.722370147705078,30.850492000579834,56,performance,7,kernel,20260811,0.9979630442462053,1.0551565836011714,MEASURED,2.10.0.post4.dev20260715,2.10.0+cpu,3.2.0,r20_iterative_rank1_maxarg,,
9.1.0,random_bias,5,Ascend950PR_957b,,,100,10,128,32.35510996409825,512,32.12960243225098,32.465980052948,32.623369216918945,56,performance,7,kernel,20260811,nan,1.0,MEASURED,2.10.0.post4.dev20260715,2.10.0+cpu,3.2.0,r0_legacy,,
9.1.0,random_bias,5,Ascend950PR_957b,,,100,10,128,31.299423149653844,512,31.156046390533447,31.266469955444336,31.396483898162842,56,performance,7,kernel,20260811,1.0383641037575717,1.0383641037575717,MEASURED,2.10.0.post4.dev20260715,2.10.0+cpu,3.2.0,r1_constexpr,,
9.1.0,random_bias,5,Ascend950PR_957b,,,100,10,128,31.302942548479354,512,31.230515480041504,31.31730079650879,31.37000799179077,56,performance,7,kernel,20260811,0.99837690861691,1.0366787439282528,MEASURED,2.10.0.post4.dev20260715,2.10.0+cpu,3.2.0,r2_core_partition,,
9.1.0,random_bias,5,Ascend950PR_957b,,,100,10,128,30.720924309321813,512,30.668928146362305,30.705950260162354,30.732521533966064,56,performance,7,kernel,20260811,1.019909839336241,1.0573188511631602,MEASURED,2.10.0.post4.dev20260715,2.10.0+cpu,3.2.0,r3_sort_tie,,
9.1.0,random_bias,5,Ascend950PR_957b,,,100,10,128,31.93589585168021,512,31.833550930023193,31.990199089050293,32.029869556427,56,performance,7,kernel,20260811,0.9598549285262962,1.0148727103127206,MEASURED,2.10.0.post4.dev20260715,2.10.0+cpu,3.2.0,r4_bias_hoist,,
9.1.0,random_bias,5,Ascend950PR_957b,,,100,10,128,31.70027732849121,512,31.462704181671143,31.67402982711792,31.92674446105957,56,performance,7,kernel,20260811,1.0099819714655216,1.0250031407481988,MEASURED,2.10.0.post4.dev20260715,2.10.0+cpu,3.2.0,r5_dispatch,,
9.1.0,random_bias,5,Ascend950PR_957b,,,100,10,128,30.936291217803955,512,30.75568389892578,31.02721929550171,31.098246097564697,56,performance,7,kernel,20260811,1.0208465517149965,1.04637092172984,MEASURED,2.10.0.post4.dev20260715,2.10.0+cpu,3.2.0,r6_empirical_dispatch,,
9.1.0,random_bias,5,Ascend950PR_957b,,,100,10,128,88.50727217538017,512,88.49156188964844,88.51723670959473,88.52018165588379,56,performance,7,kernel,20260811,0.3505217791343293,0.3667757971191715,MEASURED,2.10.0.post4.dev20260715,2.10.0+cpu,3.2.0,r7_vector_tie_recovery,,
9.1.0,random_bias,5,Ascend950PR_957b,,,100,10,128,31.29528250013079,512,31.105581283569336,31.177639961242676,31.5074520111084,56,performance,7,kernel,20260811,2.8391256304079344,1.0413225662143406,MEASURED,2.10.0.post4.dev20260715,2.10.0+cpu,3.2.0,r8_safe_vector_dispatch,,
9.1.0,random_bias,5,Ascend950PR_957b,,,100,10,128,272.02125821794783,512,272.01928329467773,272.02924728393555,272.0430221557617,56,performance,7,kernel,20260811,0.11461135253850274,0.11934738774269016,MEASURED,2.10.0.post4.dev20260715,2.10.0+cpu,3.2.0,r9_pair_tie_recovery,,
9.1.0,random_bias,5,Ascend950PR_957b,,,100,10,128,30.84409134728568,512,30.462010860443115,31.097769737243652,31.132102012634277,56,performance,7,kernel,20260811,8.747548444226368,1.0439970559710503,MEASURED,2.10.0.post4.dev20260715,2.10.0+cpu,3.2.0,r10_group_rank_threshold,,
9.1.0,random_bias,5,Ascend950PR_957b,,,100,10,128,30.525174140930176,512,30.397085666656494,30.517570972442627,30.650582313537598,56,performance,7,kernel,20260811,1.0190119575809276,1.0638454837137852,MEASURED,2.10.0.post4.dev20260715,2.10.0+cpu,3.2.0,r11_packed_exact_sort,,
9.1.0,random_bias,5,Ascend950PR_957b,,,100,10,128,31.738443034035818,512,31.626741886138916,31.705610752105713,31.780814170837402,56,performance,7,kernel,20260811,0.9625290366127331,1.0239821685438368,MEASURED,2.10.0.post4.dev20260715,2.10.0+cpu,3.2.0,r12_two_row_tile,,
9.1.0,random_bias,5,Ascend950PR_957b,,,100,10,128,30.540157045636857,512,30.47850465774536,30.496270656585693,30.62248945236206,56,performance,7,kernel,20260811,1.0396553437349187,1.0645885334158702,MEASURED,2.10.0.post4.dev20260715,2.10.0+cpu,3.2.0,r13_fp32_rank_reduce,,
9.1.0,random_bias,5,Ascend950PR_957b,,,100,10,128,30.55788380759103,512,30.504581451416016,30.568149089813232,30.615360260009766,56,performance,7,kernel,20260811,0.9976485840534096,1.0620852429618388,MEASURED,2.10.0.post4.dev20260715,2.10.0+cpu,3.2.0,r14_priority_argmax,,
9.1.0,random_bias,5,Ascend950PR_957b,,,100,10,128,30.480457033429825,512,30.373342514038086,30.422699451446533,30.661388397216797,56,performance,7,kernel,20260811,1.004780957672702,1.0671630275532407,MEASURED,2.10.0.post4.dev20260715,2.10.0+cpu,3.2.0,r15_unique_top10_fastpath,,
9.1.0,random_bias,5,Ascend950PR_957b,,,100,10,128,30.451321261269705,512,30.38749647140503,30.441908836364746,30.474156379699707,56,performance,7,kernel,20260811,0.9993689822467615,1.066489628737255,MEASURED,2.10.0.post4.dev20260715,2.10.0+cpu,3.2.0,r16_split_unique_recovery,,
9.1.0,random_bias,5,Ascend950PR_957b,,,100,10,128,30.478216920580184,512,30.38949966430664,30.48664093017578,30.576217651367188,56,performance,7,kernel,20260811,0.9985327313063618,1.064924801892919,MEASURED,2.10.0.post4.dev20260715,2.10.0+cpu,3.2.0,r17_parallel_priority_argmax,,
9.1.0,random_bias,5,Ascend950PR_957b,,,100,10,128,30.48707893916539,512,30.374074459075928,30.416080951690674,30.569150924682617,56,performance,7,kernel,20260811,1.002319824786013,1.06739524084359,MEASURED,2.10.0.post4.dev20260715,2.10.0+cpu,3.2.0,r18_hierarchical_partial_sort,,
9.1.0,random_bias,5,Ascend950PR_957b,,,100,10,128,30.433698381696427,512,30.32265329360962,30.401270389556885,30.519227504730225,56,performance,7,kernel,20260811,1.0004871691854982,1.0679152429136765,MEASURED,2.10.0.post4.dev20260715,2.10.0+cpu,3.2.0,r19_unique_id_sum,,
9.1.0,random_bias,5,Ascend950PR_957b,,,100,10,128,30.545884200504847,512,30.51192855834961,30.541930198669434,30.565403938293457,56,performance,7,kernel,20260811,0.9953945343926339,1.0629969959908554,MEASURED,2.10.0.post4.dev20260715,2.10.0+cpu,3.2.0,r20_iterative_rank1_maxarg,,
9.1.0,random_bias,5,Ascend950PR_957b,,,100,10,256,42.745717593601775,512,42.58877658843994,42.65391826629639,42.935081481933594,56,performance,7,kernel,20260811,nan,1.0,MEASURED,2.10.0.post4.dev20260715,2.10.0+cpu,3.2.0,r0_legacy,,
9.1.0,random_bias,5,Ascend950PR_957b,,,100,10,256,42.651686668395996,512,42.58662223815918,42.6265287399292,42.73581123352051,56,performance,7,kernel,20260811,1.000642546488697,1.000642546488697,MEASURED,2.10.0.post4.dev20260715,2.10.0+cpu,3.2.0,r1_constexpr,,
9.1.0,random_bias,5,Ascend950PR_957b,,,100,10,256,36.27942289624895,512,36.238210678100586,36.281490325927734,36.33268642425537,56,performance,7,kernel,20260811,1.1748836212901412,1.175638538635629,MEASURED,2.10.0.post4.dev20260715,2.10.0+cpu,3.2.0,r2_core_partition,,
9.1.0,random_bias,5,Ascend950PR_957b,,,100,10,256,30.860795634133474,512,30.776055335998535,30.855770111083984,30.96920871734619,56,performance,7,kernel,20260811,1.1758413481598609,1.3823644042180065,MEASURED,2.10.0.post4.dev20260715,2.10.0+cpu,3.2.0,r3_sort_tie,,
9.1.0,random_bias,5,Ascend950PR_957b,,,100,10,256,32.04926184245518,512,31.906136989593506,32.036049365997314,32.20966863632202,56,performance,7,kernel,20260811,0.9631577776201686,1.3314350274278437,MEASURED,2.10.0.post4.dev20260715,2.10.0+cpu,3.2.0,r4_bias_hoist,,
9.1.0,random_bias,5,Ascend950PR_957b,,,100,10,256,31.668718882969447,512,31.472978591918945,31.698310375213623,31.835716724395752,56,performance,7,kernel,20260811,1.010654794744132,1.345621194360235,MEASURED,2.10.0.post4.dev20260715,2.10.0+cpu,3.2.0,r5_dispatch,,
9.1.0,random_bias,5,Ascend950PR_957b,,,100,10,256,30.907554285866873,512,30.64769220352173,30.933210849761963,31.11393976211548,56,performance,7,kernel,20260811,1.0247339188022748,1.3789036797201613,MEASURED,2.10.0.post4.dev20260715,2.10.0+cpu,3.2.0,r6_empirical_dispatch,,
9.1.0,random_bias,5,Ascend950PR_957b,,,100,10,256,146.58943040030343,512,146.56506729125977,146.57888412475586,146.61341667175293,56,performance,7,kernel,20260811,0.21103456363765305,0.29099633634809835,MEASURED,2.10.0.post4.dev20260715,2.10.0+cpu,3.2.0,r7_vector_tie_recovery,,
9.1.0,random_bias,5,Ascend950PR_957b,,,100,10,256,31.464428901672363,512,31.03520679473877,31.16605043411255,31.970190048217773,56,performance,7,kernel,20260811,4.703158792437784,1.3686019778627414,MEASURED,2.10.0.post4.dev20260715,2.10.0+cpu,3.2.0,r8_safe_vector_dispatch,,
9.1.0,random_bias,5,Ascend950PR_957b,,,100,10,256,450.0998633248465,512,450.0589904785156,450.1019287109375,450.12794494628906,56,performance,7,kernel,20260811,0.06924220592293412,0.09476501997770687,MEASURED,2.10.0.post4.dev20260715,2.10.0+cpu,3.2.0,r9_pair_tie_recovery,,
9.1.0,random_bias,5,Ascend950PR_957b,,,100,10,256,31.023194108690536,512,30.360684394836426,31.371769905090332,31.606743335723877,56,performance,7,kernel,20260811,14.347355283831298,1.3596274100995314,MEASURED,2.10.0.post4.dev20260715,2.10.0+cpu,3.2.0,r10_group_rank_threshold,,
9.1.0,random_bias,5,Ascend950PR_957b,,,100,10,256,30.440498420170375,512,30.329230785369873,30.460710525512695,30.569190979003906,56,performance,7,kernel,20260811,1.0299093279132334,1.4002929521480183,MEASURED,2.10.0.post4.dev20260715,2.10.0+cpu,3.2.0,r11_packed_exact_sort,,
9.1.0,random_bias,5,Ascend950PR_957b,,,100,10,256,31.62454264504569,512,31.531066417694092,31.53817892074585,31.60538339614868,56,performance,7,kernel,20260811,0.96583606181128,1.352453430284733,MEASURED,2.10.0.post4.dev20260715,2.10.0+cpu,3.2.0,r12_two_row_tile,,
9.1.0,random_bias,5,Ascend950PR_957b,,,100,10,256,30.38419042314802,512,30.26982355117798,30.38957118988037,30.487830638885498,56,performance,7,kernel,20260811,1.0377961151109616,1.4035709158179897,MEASURED,2.10.0.post4.dev20260715,2.10.0+cpu,3.2.0,r13_fp32_rank_reduce,,
9.1.0,random_bias,5,Ascend950PR_957b,,,100,10,256,32.08099126815796,512,32.04264736175537,32.08396911621094,32.13040637969971,56,performance,7,kernel,20260811,0.9471886436433937,1.3294464320109576,MEASURED,2.10.0.post4.dev20260715,2.10.0+cpu,3.2.0,r14_priority_argmax,,
9.1.0,random_bias,5,Ascend950PR_957b,,,100,10,256,30.397091933659144,512,30.286200523376465,30.33508062362671,30.43365478515625,56,performance,7,kernel,20260811,1.057652343644081,1.4060921345656505,MEASURED,2.10.0.post4.dev20260715,2.10.0+cpu,3.2.0,r15_unique_top10_fastpath,,
9.1.0,random_bias,5,Ascend950PR_957b,,,100,10,256,30.300749710627965,512,30.264841079711914,30.29438018798828,30.408491611480713,56,performance,7,kernel,20260811,1.0013434978826392,1.407981216371235,MEASURED,2.10.0.post4.dev20260715,2.10.0+cpu,3.2.0,r16_split_unique_recovery,,
9.1.0,random_bias,5,Ascend950PR_957b,,,100,10,256,30.30782461166382,512,30.18985891342163,30.2618408203125,30.35231065750122,56,performance,7,kernel,20260811,1.0010752606845363,1.4094951632177648,MEASURED,2.10.0.post4.dev20260715,2.10.0+cpu,3.2.0,r17_parallel_priority_argmax,,
9.1.0,random_bias,5,Ascend950PR_957b,,,100,10,256,30.365303925105504,512,30.2283034324646,30.2406907081604,30.518373012542725,56,performance,7,kernel,20260811,1.0006993924958993,1.4104809535579257,MEASURED,2.10.0.post4.dev20260715,2.10.0+cpu,3.2.0,r18_hierarchical_partial_sort,,
9.1.0,random_bias,5,Ascend950PR_957b,,,100,10,256,30.345380306243896,512,30.240610599517822,30.31214952468872,30.395113945007324,56,performance,7,kernel,20260811,0.9976425684866024,1.4071558413089613,MEASURED,2.10.0.post4.dev20260715,2.10.0+cpu,3.2.0,r19_unique_id_sum,,
9.1.0,random_bias,5,Ascend950PR_957b,,,100,10,256,36.6804085459028,512,36.63442134857178,36.6828989982605,36.71129083633423,56,performance,7,kernel,20260811,0.8263291711520979,1.162773920030667,MEASURED,2.10.0.post4.dev20260715,2.10.0+cpu,3.2.0,r20_iterative_rank1_maxarg,,
9.1.0,random_bias,5,Ascend950PR_957b,,,100,10,257,42.847481455121724,512,42.705830574035645,42.81020164489746,43.00502395629883,56,performance,7,kernel,20260811,nan,1.0,MEASURED,2.10.0.post4.dev20260715,2.10.0+cpu,3.2.0,r0_legacy,,
9.1.0,random_bias,5,Ascend950PR_957b,,,100,10,257,42.76758738926479,512,42.71426200866699,42.75786876678467,42.82124900817871,56,performance,7,kernel,20260811,1.0012239356081623,1.0012239356081623,MEASURED,2.10.0.post4.dev20260715,2.10.0+cpu,3.2.0,r1_constexpr,,
9.1.0,random_bias,5,Ascend950PR_957b,,,100,10,257,36.239634241376606,512,36.20295190811157,36.248779296875,36.26427936553955,56,performance,7,kernel,20260811,1.1795671356709885,1.181010849890554,MEASURED,2.10.0.post4.dev20260715,2.10.0+cpu,3.2.0,r2_core_partition,,
9.1.0,random_bias,5,Ascend950PR_957b,,,100,10,257,31.067288603101456,512,30.787688732147217,31.076369285583496,31.31386947631836,56,performance,7,kernel,20260811,1.1664419020046533,1.3775805420344698,MEASURED,2.10.0.post4.dev20260715,2.10.0+cpu,3.2.0,r3_sort_tie,,
9.1.0,random_bias,5,Ascend950PR_957b,,,100,10,257,32.37997157233102,512,32.08632183074951,32.48024940490723,32.59935665130615,56,performance,7,kernel,20260811,0.9567774218164831,1.3180379593522933,MEASURED,2.10.0.post4.dev20260715,2.10.0+cpu,3.2.0,r4_bias_hoist,,
9.1.0,random_bias,5,Ascend950PR_957b,,,100,10,257,32.06163099833897,512,31.840919017791748,31.942288875579834,32.26643419265747,56,performance,7,kernel,20260811,1.0168416399783633,1.3402358801415213,MEASURED,2.10.0.post4.dev20260715,2.10.0+cpu,3.2.0,r5_dispatch,,
9.1.0,random_bias,5,Ascend950PR_957b,,,100,10,257,31.25643117087228,512,31.011319160461426,31.32401943206787,31.458877086639404,56,performance,7,kernel,20260811,1.01973787064118,1.3666892825724226,MEASURED,2.10.0.post4.dev20260715,2.10.0+cpu,3.2.0,r6_empirical_dispatch,,
9.1.0,random_bias,5,Ascend950PR_957b,,,100,10,257,146.64317675999231,512,146.60449600219727,146.6333293914795,146.67507553100586,56,performance,7,kernel,20260811,0.2136214158272262,0.2919540995390169,MEASURED,2.10.0.post4.dev20260715,2.10.0+cpu,3.2.0,r7_vector_tie_recovery,,
9.1.0,random_bias,5,Ascend950PR_957b,,,100,10,257,31.77905832018171,512,31.41474151611328,31.88349962234497,32.098400592803955,56,performance,7,kernel,20260811,4.599034959409355,1.3427071103228176,MEASURED,2.10.0.post4.dev20260715,2.10.0+cpu,3.2.0,r8_safe_vector_dispatch,,
9.1.0,random_bias,5,Ascend950PR_957b,,,100,10,257,450.1037052699498,512,450.08252716064453,450.1049041748047,450.1207809448242,56,performance,7,kernel,20260811,0.07083570813519187,0.09511160897787398,MEASURED,2.10.0.post4.dev20260715,2.10.0+cpu,3.2.0,r9_pair_tie_recovery,,
9.1.0,random_bias,5,Ascend950PR_957b,,,100,10,257,31.304007938929967,512,30.7758469581604,31.609079837799072,31.7456111907959,56,performance,7,kernel,20260811,14.23973448403126,1.3543640581939294,MEASURED,2.10.0.post4.dev20260715,2.10.0+cpu,3.2.0,r10_group_rank_threshold,,
9.1.0,random_bias,5,Ascend950PR_957b,,,100,10,257,30.701660088130406,512,30.511448860168457,30.65890073776245,30.772693157196045,56,performance,7,kernel,20260811,1.030991949390615,1.3963384405419434,MEASURED,2.10.0.post4.dev20260715,2.10.0+cpu,3.2.0,r11_packed_exact_sort,,
9.1.0,random_bias,5,Ascend950PR_957b,,,100,10,257,31.806394372667587,512,31.743178367614746,31.75971031188965,31.86958360671997,56,performance,7,kernel,20260811,0.9653394327808118,1.347940558162803,MEASURED,2.10.0.post4.dev20260715,2.10.0+cpu,3.2.0,r12_two_row_tile,,
9.1.0,random_bias,5,Ascend950PR_957b,,,100,10,257,30.62157426561628,512,30.43450689315796,30.59631109237671,30.8270001411438,56,performance,7,kernel,20260811,1.0380241662467213,1.3991948740370839,MEASURED,2.10.0.post4.dev20260715,2.10.0+cpu,3.2.0,r13_fp32_rank_reduce,,
9.1.0,random_bias,5,Ascend950PR_957b,,,100,10,257,32.10989883967808,512,32.083067893981934,32.10407018661499,32.14232158660889,56,performance,7,kernel,20260811,0.9530352666975259,1.3334820599397434,MEASURED,2.10.0.post4.dev20260715,2.10.0+cpu,3.2.0,r14_priority_argmax,,
9.1.0,random_bias,5,Ascend950PR_957b,,,100,10,257,30.609658445630753,512,30.447426319122314,30.539588928222656,30.78680944442749,56,performance,7,kernel,20260811,1.0512279736989696,1.4017936438343845,MEASURED,2.10.0.post4.dev20260715,2.10.0+cpu,3.2.0,r15_unique_top10_fastpath,,
9.1.0,random_bias,5,Ascend950PR_957b,,,100,10,257,30.558337484087264,512,30.41827392578125,30.493390560150146,30.701712131500244,56,performance,7,kernel,20260811,1.001515028903768,1.4039174017219116,MEASURED,2.10.0.post4.dev20260715,2.10.0+cpu,3.2.0,r16_split_unique_recovery,,
9.1.0,random_bias,5,Ascend950PR_957b,,,100,10,257,30.459621293204172,512,30.3216233253479,30.45628070831299,30.5810284614563,56,performance,7,kernel,20260811,1.001218463022211,1.4056280231621483,MEASURED,2.10.0.post4.dev20260715,2.10.0+cpu,3.2.0,r17_parallel_priority_argmax,,
9.1.0,random_bias,5,Ascend950PR_957b,,,100,10,257,30.577808448246547,512,30.30858278274536,30.67763090133667,30.73738384246826,56,performance,7,kernel,20260811,0.9927846386269014,1.3954859090188791,MEASURED,2.10.0.post4.dev20260715,2.10.0+cpu,3.2.0,r18_hierarchical_partial_sort,,
9.1.0,random_bias,5,Ascend950PR_957b,,,100,10,257,30.445424488612584,512,30.340318202972412,30.46329975128174,30.530306339263916,56,performance,7,kernel,20260811,1.0070357168069395,1.4053041526828107,MEASURED,2.10.0.post4.dev20260715,2.10.0+cpu,3.2.0,r19_unique_id_sum,,
9.1.0,random_bias,5,Ascend950PR_957b,,,100,10,257,36.67527028492519,512,36.63715124130249,36.66819095611572,36.70666456222534,56,performance,7,kernel,20260811,0.8307827290345476,1.167502419089408,MEASURED,2.10.0.post4.dev20260715,2.10.0+cpu,3.2.0,r20_iterative_rank1_maxarg,,
9.1.0,random_bias,5,Ascend950PR_957b,,,100,10,320,51.015204020908904,512,50.85463619232178,51.00161075592041,51.17875289916992,56,performance,7,kernel,20260811,nan,1.0,MEASURED,2.10.0.post4.dev20260715,2.10.0+cpu,3.2.0,r0_legacy,,
9.1.0,random_bias,5,Ascend950PR_957b,,,100,10,320,50.76498917170933,512,50.7039213180542,50.7588005065918,50.837462425231934,56,performance,7,kernel,20260811,1.004783608889597,1.004783608889597,MEASURED,2.10.0.post4.dev20260715,2.10.0+cpu,3.2.0,r1_constexpr,,
9.1.0,random_bias,5,Ascend950PR_957b,,,100,10,320,42.54730156489781,512,42.53752040863037,42.555952072143555,42.56770992279053,56,performance,7,kernel,20260811,1.1927544335171318,1.1984601042284106,MEASURED,2.10.0.post4.dev20260715,2.10.0+cpu,3.2.0,r2_core_partition,,
9.1.0,random_bias,5,Ascend950PR_957b,,,100,10,320,31.02985007422311,512,30.93261194229126,31.010689735412598,31.14232635498047,56,performance,7,kernel,20260811,1.372299437233957,1.6446461265799972,MEASURED,2.10.0.post4.dev20260715,2.10.0+cpu,3.2.0,r3_sort_tie,,
9.1.0,random_bias,5,Ascend950PR_957b,,,100,10,320,32.16055427278791,512,32.04104661941528,32.17400074005127,32.254929065704346,56,performance,7,kernel,20260811,0.9638431348952341,1.5851808784361685,MEASURED,2.10.0.post4.dev20260715,2.10.0+cpu,3.2.0,r4_bias_hoist,,
9.1.0,random_bias,5,Ascend950PR_957b,,,100,10,320,31.949937343597412,512,31.87920379638672,31.97293996810913,32.027469635009766,56,performance,7,kernel,20260811,1.0062884668142087,1.5951492357847326,MEASURED,2.10.0.post4.dev20260715,2.10.0+cpu,3.2.0,r5_dispatch,,
9.1.0,random_bias,5,Ascend950PR_957b,,,100,10,320,31.107162748064315,512,30.995848178863525,31.100130081176758,31.23810386657715,56,performance,7,kernel,20260811,1.0280645092047584,1.6399163161953767,MEASURED,2.10.0.post4.dev20260715,2.10.0+cpu,3.2.0,r6_empirical_dispatch,,
9.1.0,random_bias,5,Ascend950PR_957b,,,100,10,320,175.47001157488143,512,175.46395874023438,175.4728889465332,175.4784049987793,56,performance,7,kernel,20260811,0.17723609765525092,0.2906523683636431,MEASURED,2.10.0.post4.dev20260715,2.10.0+cpu,3.2.0,r7_vector_tie_recovery,,
9.1.0,random_bias,5,Ascend950PR_957b,,,100,10,320,31.750088419233048,512,31.53762197494507,31.74412965774536,32.0440411567688,56,performance,7,kernel,20260811,5.5277271999082505,1.6066470023214623,MEASURED,2.10.0.post4.dev20260715,2.10.0+cpu,3.2.0,r8_safe_vector_dispatch,,
9.1.0,random_bias,5,Ascend950PR_957b,,,100,10,320,539.1439710344587,512,539.1193389892578,539.1348648071289,539.1691284179688,56,performance,7,kernel,20260811,0.05887975668036524,0.09459898456792591,MEASURED,2.10.0.post4.dev20260715,2.10.0+cpu,3.2.0,r9_pair_tie_recovery,,
9.1.0,random_bias,5,Ascend950PR_957b,,,100,10,320,31.232931273324148,512,30.500234127044678,31.577000617980957,31.866655349731445,56,performance,7,kernel,20260811,17.073656593594524,1.6151505766155148,MEASURED,2.10.0.post4.dev20260715,2.10.0+cpu,3.2.0,r10_group_rank_threshold,,
9.1.0,random_bias,5,Ascend950PR_957b,,,100,10,320,30.692028658730642,512,30.59183645248413,30.703530311584473,30.77336549758911,56,performance,7,kernel,20260811,1.0284485301049215,1.6610992364183428,MEASURED,2.10.0.post4.dev20260715,2.10.0+cpu,3.2.0,r11_packed_exact_sort,,
9.1.0,random_bias,5,Ascend950PR_957b,,,100,10,320,31.903227056775773,512,31.673599243164062,31.9166898727417,32.089659690856934,56,performance,7,kernel,20260811,0.9619898063992746,1.5979605328520643,MEASURED,2.10.0.post4.dev20260715,2.10.0+cpu,3.2.0,r12_two_row_tile,,
9.1.0,random_bias,5,Ascend950PR_957b,,,100,10,320,30.715325219290598,512,30.51935386657715,30.676589012145996,30.878259658813477,56,performance,7,kernel,20260811,1.0404249918432815,1.662558074358495,MEASURED,2.10.0.post4.dev20260715,2.10.0+cpu,3.2.0,r13_fp32_rank_reduce,,
9.1.0,random_bias,5,Ascend950PR_957b,,,100,10,320,37.614868368421284,512,37.57375144958496,37.63345003128052,37.65098571777344,56,performance,7,kernel,20260811,0.8151415558937048,1.3552201754962254,MEASURED,2.10.0.post4.dev20260715,2.10.0+cpu,3.2.0,r14_priority_argmax,,
9.1.0,random_bias,5,Ascend950PR_957b,,,100,10,320,30.80580541065761,512,30.453367233276367,30.685698986053467,31.197538375854492,56,performance,7,kernel,20260811,1.22641658084389,1.6620644939227374,MEASURED,2.10.0.post4.dev20260715,2.10.0+cpu,3.2.0,r15_unique_top10_fastpath,,
9.1.0,random_bias,5,Ascend950PR_957b,,,100,10,320,30.713357584817068,512,30.489802837371826,30.81362009048462,30.840806007385254,56,performance,7,kernel,20260811,0.9958485532029178,1.6551645216028976,MEASURED,2.10.0.post4.dev20260715,2.10.0+cpu,3.2.0,r16_split_unique_recovery,,
9.1.0,random_bias,5,Ascend950PR_957b,,,100,10,320,30.699644088745117,512,30.539993286132812,30.662989616394043,30.844913959503174,56,performance,7,kernel,20260811,1.0049124523073263,1.6632954383760503,MEASURED,2.10.0.post4.dev20260715,2.10.0+cpu,3.2.0,r17_parallel_priority_argmax,,
9.1.0,random_bias,5,Ascend950PR_957b,,,100,10,320,30.773458821432932,512,30.52818489074707,30.810389518737793,31.00297212600708,56,performance,7,kernel,20260811,0.9952159026664007,1.6553380711043275,MEASURED,2.10.0.post4.dev20260715,2.10.0+cpu,3.2.0,r18_hierarchical_partial_sort,,
9.1.0,random_bias,5,Ascend950PR_957b,,,100,10,320,30.715898786272323,512,30.594408988952637,30.810210704803467,30.831286907196045,56,performance,7,kernel,20260811,1.000005803723189,1.6553476782282766,MEASURED,2.10.0.post4.dev20260715,2.10.0+cpu,3.2.0,r19_unique_id_sum,,
9.1.0,random_bias,5,Ascend950PR_957b,,,100,10,320,43.331802231924875,512,43.31706237792969,43.320250511169434,43.354116439819336,56,performance,7,kernel,20260811,0.7112195876351072,1.177315693102247,MEASURED,2.10.0.post4.dev20260715,2.10.0+cpu,3.2.0,r20_iterative_rank1_maxarg,,
9.1.0,random_bias,5,Ascend950PR_957b,,,100,10,384,59.23017093113491,512,59.12002944946289,59.13032054901123,59.39139938354492,56,performance,7,kernel,20260811,nan,1.0,MEASURED,2.10.0.post4.dev20260715,2.10.0+cpu,3.2.0,r0_legacy,,
9.1.0,random_bias,5,Ascend950PR_957b,,,100,10,384,59.135494232177734,512,59.07363700866699,59.13218021392822,59.19584560394287,56,performance,7,kernel,20260811,0.9999685507128223,0.9999685507128223,MEASURED,2.10.0.post4.dev20260715,2.10.0+cpu,3.2.0,r1_constexpr,,
9.1.0,random_bias,5,Ascend950PR_957b,,,100,10,384,48.92585481916155,512,48.90407752990723,48.92666816711426,48.94620132446289,56,performance,7,kernel,20260811,1.2085879220705558,1.208549912841915,MEASURED,2.10.0.post4.dev20260715,2.10.0+cpu,3.2.0,r2_core_partition,,
9.1.0,random_bias,5,Ascend950PR_957b,,,100,10,384,35.02364737646921,512,35.00939083099365,35.011351108551025,35.03956174850464,56,performance,7,kernel,20260811,1.3974515869273212,1.6888899935818098,MEASURED,2.10.0.post4.dev20260715,2.10.0+cpu,3.2.0,r3_sort_tie,,
9.1.0,random_bias,5,Ascend950PR_957b,,,100,10,384,34.72540719168527,512,34.700525760650635,34.71503019332886,34.75473880767822,56,performance,7,kernel,20260811,1.008535810384492,1.70330603832729,MEASURED,2.10.0.post4.dev20260715,2.10.0+cpu,3.2.0,r4_bias_hoist,,
9.1.0,random_bias,5,Ascend950PR_957b,,,100,10,384,34.63884557996477,512,34.61982822418213,34.655280113220215,34.664287090301514,56,performance,7,kernel,20260811,1.0017241263066823,1.7062427530763007,MEASURED,2.10.0.post4.dev20260715,2.10.0+cpu,3.2.0,r5_dispatch,,
9.1.0,random_bias,5,Ascend950PR_957b,,,100,10,384,34.809950079236714,512,34.62063646316528,34.67155933380127,35.04431438446045,56,performance,7,kernel,20260811,0.9995304733650908,1.7054416266581105,MEASURED,2.10.0.post4.dev20260715,2.10.0+cpu,3.2.0,r6_empirical_dispatch,,
9.1.0,random_bias,5,Ascend950PR_957b,,,100,10,384,204.56999914986747,512,204.5560760498047,204.56741333007812,204.59260940551758,56,performance,7,kernel,20260811,0.16948720604809744,0.2890505363804057,MEASURED,2.10.0.post4.dev20260715,2.10.0+cpu,3.2.0,r7_vector_tie_recovery,,
9.1.0,random_bias,5,Ascend950PR_957b,,,100,10,384,35.34675564084734,512,34.98923587799072,35.130040645599365,35.78440856933594,56,performance,7,kernel,20260811,5.8231476414674646,1.683183949188465,MEASURED,2.10.0.post4.dev20260715,2.10.0+cpu,3.2.0,r8_safe_vector_dispatch,,
9.1.0,random_bias,5,Ascend950PR_957b,,,100,10,384,627.4353735787528,512,627.4148559570312,627.4269104003906,627.4533386230469,56,performance,7,kernel,20260811,0.055990650167015044,0.09424256366574617,MEASURED,2.10.0.post4.dev20260715,2.10.0+cpu,3.2.0,r9_pair_tie_recovery,,
9.1.0,random_bias,5,Ascend950PR_957b,,,100,10,384,32.61457306998117,512,32.046040058135986,32.6643705368042,33.31350231170654,56,performance,7,kernel,20260811,19.20829638193838,1.8102390946853493,MEASURED,2.10.0.post4.dev20260715,2.10.0+cpu,3.2.0,r10_group_rank_threshold,,
9.1.0,random_bias,5,Ascend950PR_957b,,,100,10,384,31.87751838139125,512,31.70809555053711,31.9466495513916,32.06396007537842,56,performance,7,kernel,20260811,1.022466236537826,1.8509083543765703,MEASURED,2.10.0.post4.dev20260715,2.10.0+cpu,3.2.0,r11_packed_exact_sort,,
9.1.0,random_bias,5,Ascend950PR_957b,,,100,10,384,32.08359037126814,512,31.844271183013916,32.07317113876343,32.275166511535645,56,performance,7,kernel,20260811,0.9960552205198409,1.8436069290805706,MEASURED,2.10.0.post4.dev20260715,2.10.0+cpu,3.2.0,r12_two_row_tile,,
9.1.0,random_bias,5,Ascend950PR_957b,,,100,10,384,32.043226787022185,512,31.814995288848877,32.16238975524902,32.30672359466553,56,performance,7,kernel,20260811,0.9972259954199755,1.838492755015536,MEASURED,2.10.0.post4.dev20260715,2.10.0+cpu,3.2.0,r13_fp32_rank_reduce,,
9.1.0,random_bias,5,Ascend950PR_957b,,,100,10,384,43.35156440734863,512,43.32009792327881,43.33043098449707,43.38263130187988,56,performance,7,kernel,20260811,0.7422587088218949,1.36463725851624,MEASURED,2.10.0.post4.dev20260715,2.10.0+cpu,3.2.0,r14_priority_argmax,,
9.1.0,random_bias,5,Ascend950PR_957b,,,100,10,384,31.99495111192976,512,31.764496326446533,32.00881004333496,32.25100517272949,56,performance,7,kernel,20260811,1.3537032749994264,1.8473139260396731,MEASURED,2.10.0.post4.dev20260715,2.10.0+cpu,3.2.0,r15_unique_top10_fastpath,,
9.1.0,random_bias,5,Ascend950PR_957b,,,100,10,384,31.847551890781947,512,31.7417311668396,31.915318965911865,31.99808645248413,56,performance,7,kernel,20260811,1.0029293480514154,1.85272535148927,MEASURED,2.10.0.post4.dev20260715,2.10.0+cpu,3.2.0,r16_split_unique_recovery,,
9.1.0,random_bias,5,Ascend950PR_957b,,,100,10,384,31.927051544189453,512,31.779160976409912,31.97226047515869,32.094327449798584,56,performance,7,kernel,20260811,0.9982190339875697,1.8494257106078997,MEASURED,2.10.0.post4.dev20260715,2.10.0+cpu,3.2.0,r17_parallel_priority_argmax,,
9.1.0,random_bias,5,Ascend950PR_957b,,,100,10,384,32.064036982400076,512,31.956932544708252,32.09760904312134,32.198713302612305,56,performance,7,kernel,20260811,0.9960947693083854,1.8422032765609726,MEASURED,2.10.0.post4.dev20260715,2.10.0+cpu,3.2.0,r18_hierarchical_partial_sort,,
9.1.0,random_bias,5,Ascend950PR_957b,,,100,10,384,31.921115602765763,512,31.806418895721436,31.976239681243896,32.09729814529419,56,performance,7,kernel,20260811,1.0037956108375254,1.8491955632824122,MEASURED,2.10.0.post4.dev20260715,2.10.0+cpu,3.2.0,r19_unique_id_sum,,
9.1.0,random_bias,5,Ascend950PR_957b,,,100,10,384,49.846246583121165,512,49.832685470581055,49.85194206237793,49.86928367614746,56,performance,7,kernel,20260811,0.6414241523676888,1.1861186967405122,MEASURED,2.10.0.post4.dev20260715,2.10.0+cpu,3.2.0,r20_iterative_rank1_maxarg,,
9.1.0,random_bias,5,Ascend950PR_957b,,,100,10,448,67.57718086242676,512,67.43252086639404,67.49077796936035,67.74624824523926,56,performance,7,kernel,20260811,nan,1.0,MEASURED,2.10.0.post4.dev20260715,2.10.0+cpu,3.2.0,r0_legacy,,
9.1.0,random_bias,5,Ascend950PR_957b,,,100,10,448,67.4690158026559,512,67.4190092086792,67.47354030609131,67.5160264968872,56,performance,7,kernel,20260811,1.0002554729334023,1.0002554729334023,MEASURED,2.10.0.post4.dev20260715,2.10.0+cpu,3.2.0,r1_constexpr,,
9.1.0,random_bias,5,Ascend950PR_957b,,,100,10,448,55.3043270111084,512,55.23829174041748,55.30076026916504,55.34385681152344,56,performance,7,kernel,20260811,1.2201195784231134,1.220431285950915,MEASURED,2.10.0.post4.dev20260715,2.10.0+cpu,3.2.0,r2_core_partition,,
9.1.0,random_bias,5,Ascend950PR_957b,,,100,10,448,39.6419358253479,512,39.63305711746216,39.6462607383728,39.65018272399902,56,performance,7,kernel,20260811,1.3948543756521423,1.7023239193914046,MEASURED,2.10.0.post4.dev20260715,2.10.0+cpu,3.2.0,r3_sort_tie,,
9.1.0,random_bias,5,Ascend950PR_957b,,,100,10,448,39.38531807490757,512,39.35831165313721,39.38783884048462,39.408727169036865,56,performance,7,kernel,20260811,1.0065609565159124,1.7134927926025292,MEASURED,2.10.0.post4.dev20260715,2.10.0+cpu,3.2.0,r4_bias_hoist,,
9.1.0,random_bias,5,Ascend950PR_957b,,,100,10,448,39.32091849190848,512,39.27103614807129,39.34396028518677,39.357027530670166,56,performance,7,kernel,20260811,1.0011152551746136,1.7154037743061423,MEASURED,2.10.0.post4.dev20260715,2.10.0+cpu,3.2.0,r5_dispatch,,
9.1.0,random_bias,5,Ascend950PR_957b,,,100,10,448,39.53231266566685,512,39.32274007797241,39.558889865875244,39.7317533493042,56,performance,7,kernel,20260811,0.994566844989402,1.7060837196945722,MEASURED,2.10.0.post4.dev20260715,2.10.0+cpu,3.2.0,r6_empirical_dispatch,,
9.1.0,random_bias,5,Ascend950PR_957b,,,100,10,448,233.5291372026716,512,233.50407791137695,233.5163688659668,233.54719161987305,56,performance,7,kernel,20260811,0.16940521154035745,0.2890194734404189,MEASURED,2.10.0.post4.dev20260715,2.10.0+cpu,3.2.0,r7_vector_tie_recovery,,
9.1.0,random_bias,5,Ascend950PR_957b,,,100,10,448,40.09030955178397,512,39.725000858306885,39.7691011428833,40.58088302612305,56,performance,7,kernel,20260811,5.871804042716079,1.697065712571124,MEASURED,2.10.0.post4.dev20260715,2.10.0+cpu,3.2.0,r8_safe_vector_dispatch,,
9.1.0,random_bias,5,Ascend950PR_957b,,,100,10,448,716.2535531180246,512,716.2377471923828,716.2557220458984,716.2655944824219,56,performance,7,kernel,20260811,0.05552360688901394,0.09422720948962342,MEASURED,2.10.0.post4.dev20260715,2.10.0+cpu,3.2.0,r9_pair_tie_recovery,,
9.1.0,random_bias,5,Ascend950PR_957b,,,100,10,448,32.74202312741961,512,32.01268434524536,32.94042110443115,33.305729389190674,56,performance,7,kernel,20260811,21.743975882249654,2.048874170594057,MEASURED,2.10.0.post4.dev20260715,2.10.0+cpu,3.2.0,r10_group_rank_threshold,,
9.1.0,random_bias,5,Ascend950PR_957b,,,100,10,448,31.96275132043021,512,31.74580717086792,31.975209712982178,32.15317487716675,56,performance,7,kernel,20260811,1.0301862411572267,2.110721980408422,MEASURED,2.10.0.post4.dev20260715,2.10.0+cpu,3.2.0,r11_packed_exact_sort,,
9.1.0,random_bias,5,Ascend950PR_957b,,,100,10,448,32.0124728339059,512,31.822533130645752,32.09546089172363,32.1949405670166,56,performance,7,kernel,20260811,0.9962533275609554,2.10281379653794,MEASURED,2.10.0.post4.dev20260715,2.10.0+cpu,3.2.0,r12_two_row_tile,,
9.1.0,random_bias,5,Ascend950PR_957b,,,100,10,448,32.092364515577046,512,31.8214168548584,32.05225944519043,32.327834129333496,56,performance,7,kernel,20260811,1.00134784402975,2.10564806155928,MEASURED,2.10.0.post4.dev20260715,2.10.0+cpu,3.2.0,r13_fp32_rank_reduce,,
9.1.0,random_bias,5,Ascend950PR_957b,,,100,10,448,49.085908617292134,512,49.059980392456055,49.08827781677246,49.10394763946533,56,performance,7,kernel,20260811,0.6529513943192121,1.374885837740678,MEASURED,2.10.0.post4.dev20260715,2.10.0+cpu,3.2.0,r14_priority_argmax,,
9.1.0,random_bias,5,Ascend950PR_957b,,,100,10,448,31.928045409066335,512,31.78618335723877,31.833159923553467,32.06048917770386,56,performance,7,kernel,20260811,1.542048541038864,2.120140700183009,MEASURED,2.10.0.post4.dev20260715,2.10.0+cpu,3.2.0,r15_unique_top10_fastpath,,
9.1.0,random_bias,5,Ascend950PR_957b,,,100,10,448,31.884124619620188,512,31.74287462234497,31.844239234924316,31.941532611846924,56,performance,7,kernel,20260811,0.9996520780010125,2.119403056592467,MEASURED,2.10.0.post4.dev20260715,2.10.0+cpu,3.2.0,r16_split_unique_recovery,,
9.1.0,random_bias,5,Ascend950PR_957b,,,100,10,448,31.852872031075613,512,31.71713924407959,31.875948905944824,31.91419506072998,56,performance,7,kernel,20260811,0.9990052164058214,2.1172947092023167,MEASURED,2.10.0.post4.dev20260715,2.10.0+cpu,3.2.0,r17_parallel_priority_argmax,,
9.1.0,random_bias,5,Ascend950PR_957b,,,100,10,448,31.934385980878556,512,31.641945838928223,32.00021982192993,32.119850158691406,56,performance,7,kernel,20260811,0.9961165605525014,2.1090723234066204,MEASURED,2.10.0.post4.dev20260715,2.10.0+cpu,3.2.0,r18_hierarchical_partial_sort,,
9.1.0,random_bias,5,Ascend950PR_957b,,,100,10,448,32.005785533360076,512,31.849550247192383,32.020859718322754,32.16162967681885,56,performance,7,kernel,20260811,0.9993554234154115,2.107712864771749,MEASURED,2.10.0.post4.dev20260715,2.10.0+cpu,3.2.0,r19_unique_id_sum,,
9.1.0,random_bias,5,Ascend950PR_957b,,,100,10,448,56.42536435808454,512,56.406843185424805,56.41532897949219,56.44768810272217,56,performance,7,kernel,20260811,0.5675914737635016,1.196319851186089,MEASURED,2.10.0.post4.dev20260715,2.10.0+cpu,3.2.0,r20_iterative_rank1_maxarg,,
9.1.0,random_bias,5,Ascend950PR_957b,,,100,10,480,75.63643251146588,512,75.467041015625,75.54184913635254,75.75289249420166,56,performance,7,kernel,20260811,nan,1.0,MEASURED,2.10.0.post4.dev20260715,2.10.0+cpu,3.2.0,r0_legacy,,
9.1.0,random_bias,5,Ascend950PR_957b,,,100,10,480,75.41541235787528,512,75.3705186843872,75.43050765991211,75.45780849456787,56,performance,7,kernel,20260811,1.0014760801682845,1.0014760801682845,MEASURED,2.10.0.post4.dev20260715,2.10.0+cpu,3.2.0,r1_constexpr,,
9.1.0,random_bias,5,Ascend950PR_957b,,,100,10,480,61.616698673793245,512,61.59588146209717,61.60470962524414,61.64388084411621,56,performance,7,kernel,20260811,1.224427614686824,1.2262349680063631,MEASURED,2.10.0.post4.dev20260715,2.10.0+cpu,3.2.0,r2_core_partition,,
9.1.0,random_bias,5,Ascend950PR_957b,,,100,10,480,44.35129301888602,512,44.31762218475342,44.349122047424316,44.374756813049316,56,performance,7,kernel,20260811,1.3890852125407966,1.703344861158076,MEASURED,2.10.0.post4.dev20260715,2.10.0+cpu,3.2.0,r3_sort_tie,,
9.1.0,random_bias,5,Ascend950PR_957b,,,100,10,480,44.072581018720356,512,44.03984546661377,44.07479763031006,44.103291511535645,56,performance,7,kernel,20260811,1.0062240652677577,1.7139465907474234,MEASURED,2.10.0.post4.dev20260715,2.10.0+cpu,3.2.0,r4_bias_hoist,,
9.1.0,random_bias,5,Ascend950PR_957b,,,100,10,480,44.00512286594936,512,43.971330642700195,44.013729095458984,44.03913974761963,56,performance,7,kernel,20260811,1.0013874883157168,1.716324671615848,MEASURED,2.10.0.post4.dev20260715,2.10.0+cpu,3.2.0,r5_dispatch,,
9.1.0,random_bias,5,Ascend950PR_957b,,,100,10,480,44.156250953674316,512,43.94610404968262,43.991498947143555,44.42159461975098,56,performance,7,kernel,20260811,1.0005053282758594,1.7171919790029706,MEASURED,2.10.0.post4.dev20260715,2.10.0+cpu,3.2.0,r6_empirical_dispatch,,
9.1.0,random_bias,5,Ascend950PR_957b,,,100,10,480,262.52402986798967,512,262.5042953491211,262.5317192077637,262.545223236084,56,performance,7,kernel,20260811,0.16756641475512277,0.2877437033677818,MEASURED,2.10.0.post4.dev20260715,2.10.0+cpu,3.2.0,r7_vector_tie_recovery,,
9.1.0,random_bias,5,Ascend950PR_957b,,,100,10,480,44.82311453138079,512,44.450371742248535,44.479408264160156,45.311795234680176,56,performance,7,kernel,20260811,5.902320409673748,1.6983555331427675,MEASURED,2.10.0.post4.dev20260715,2.10.0+cpu,3.2.0,r8_safe_vector_dispatch,,
9.1.0,random_bias,5,Ascend950PR_957b,,,100,10,480,805.2002280099051,512,805.1625061035156,805.2140045166016,805.240234375,56,performance,7,kernel,20260811,0.05523923828282485,0.09381586598422736,MEASURED,2.10.0.post4.dev20260715,2.10.0+cpu,3.2.0,r9_pair_tie_recovery,,
9.1.0,random_bias,5,Ascend950PR_957b,,,100,10,480,33.10649429048811,512,32.23970031738281,33.68061065673828,33.80410718917847,56,performance,7,kernel,20260811,23.907345764097872,2.2428883462431917,MEASURED,2.10.0.post4.dev20260715,2.10.0+cpu,3.2.0,r10_group_rank_threshold,,
9.1.0,random_bias,5,Ascend950PR_957b,,,100,10,480,32.2535845211574,512,32.22273826599121,32.266550064086914,32.27929401397705,56,performance,7,kernel,20260811,1.043824350289783,2.3411814707898255,MEASURED,2.10.0.post4.dev20260715,2.10.0+cpu,3.2.0,r11_packed_exact_sort,,
9.1.0,random_bias,5,Ascend950PR_957b,,,100,10,480,32.93466704232352,512,32.90914249420166,32.92690992355347,32.96340990066528,56,performance,7,kernel,20260811,0.9799446756163966,2.294228316952254,MEASURED,2.10.0.post4.dev20260715,2.10.0+cpu,3.2.0,r12_two_row_tile,,
9.1.0,random_bias,5,Ascend950PR_957b,,,100,10,480,34.598228931427,512,34.55267810821533,34.60041046142578,34.635578632354736,56,performance,7,kernel,20260811,0.9516335062054245,2.1832645372970436,MEASURED,2.10.0.post4.dev20260715,2.10.0+cpu,3.2.0,r13_fp32_rank_reduce,,
9.1.0,random_bias,5,Ascend950PR_957b,,,100,10,480,54.59268433707101,512,54.58135223388672,54.58949089050293,54.62462520599365,56,performance,7,kernel,20260811,0.6338291472772336,1.383816699955609,MEASURED,2.10.0.post4.dev20260715,2.10.0+cpu,3.2.0,r14_priority_argmax,,
9.1.0,random_bias,5,Ascend950PR_957b,,,100,10,480,32.07146303994315,512,31.908447265625,31.950480937957764,32.02350091934204,56,performance,7,kernel,20260811,1.7085655454296966,2.3643415347343777,MEASURED,2.10.0.post4.dev20260715,2.10.0+cpu,3.2.0,r15_unique_top10_fastpath,,
9.1.0,random_bias,5,Ascend950PR_957b,,,100,10,480,31.805594648633683,512,31.73063898086548,31.802489757537842,31.890535354614258,56,performance,7,kernel,20260811,1.004653446366879,2.3753438712592487,MEASURED,2.10.0.post4.dev20260715,2.10.0+cpu,3.2.0,r16_split_unique_recovery,,
9.1.0,random_bias,5,Ascend950PR_957b,,,100,10,480,31.759021282196045,512,31.66234016418457,31.754069328308105,31.905190467834473,56,performance,7,kernel,20260811,1.001524857451469,2.37896593206114,MEASURED,2.10.0.post4.dev20260715,2.10.0+cpu,3.2.0,r17_parallel_priority_argmax,,
9.1.0,random_bias,5,Ascend950PR_957b,,,100,10,480,31.88647678920201,512,31.7073655128479,31.811299324035645,31.87704086303711,56,performance,7,kernel,20260811,0.9982009538452176,2.3746860625487067,MEASURED,2.10.0.post4.dev20260715,2.10.0+cpu,3.2.0,r18_hierarchical_partial_sort,,
9.1.0,random_bias,5,Ascend950PR_957b,,,100,10,480,31.85006550380162,512,31.721314907073975,31.802780628204346,32.02758550643921,56,performance,7,kernel,20260811,1.000267860094716,2.3753221461823415,MEASURED,2.10.0.post4.dev20260715,2.10.0+cpu,3.2.0,r19_unique_id_sum,,
9.1.0,random_bias,5,Ascend950PR_957b,,,100,10,480,62.919485909598215,512,62.89755630493164,62.91572093963623,62.92764377593994,56,performance,7,kernel,20260811,0.5054822571089531,1.2006831998131327,MEASURED,2.10.0.post4.dev20260715,2.10.0+cpu,3.2.0,r20_iterative_rank1_maxarg,,
9.1.0,random_bias,5,Ascend950PR_957b,,,100,10,511,83.6342443738665,512,83.49288177490234,83.53551864624023,83.74303436279297,56,performance,7,kernel,20260811,nan,1.0,MEASURED,2.10.0.post4.dev20260715,2.10.0+cpu,3.2.0,r0_legacy,,
9.1.0,random_bias,5,Ascend950PR_957b,,,100,10,511,83.42546326773507,512,83.40073013305664,83.43061447143555,83.44650840759277,56,performance,7,kernel,20260811,1.0012573822627258,1.0012573822627258,MEASURED,2.10.0.post4.dev20260715,2.10.0+cpu,3.2.0,r1_constexpr,,
9.1.0,random_bias,5,Ascend950PR_957b,,,100,10,511,67.72222110203334,512,67.71299743652344,67.71824836730957,67.73907852172852,56,performance,7,kernel,20260811,1.2320255836934937,1.2335747108096542,MEASURED,2.10.0.post4.dev20260715,2.10.0+cpu,3.2.0,r2_core_partition,,
9.1.0,random_bias,5,Ascend950PR_957b,,,100,10,511,48.98578439440046,512,48.953919410705566,48.97540092468262,49.029404640197754,56,performance,7,kernel,20260811,1.3826992140697503,1.7056627831328282,MEASURED,2.10.0.post4.dev20260715,2.10.0+cpu,3.2.0,r3_sort_tie,,
9.1.0,random_bias,5,Ascend950PR_957b,,,100,10,511,48.620059149605886,512,48.600006103515625,48.605690002441406,48.649413108825684,56,performance,7,kernel,20260811,1.0076063300865112,1.718636617277614,MEASURED,2.10.0.post4.dev20260715,2.10.0+cpu,3.2.0,r4_bias_hoist,,
9.1.0,random_bias,5,Ascend950PR_957b,,,100,10,511,48.57039587838309,512,48.53209209442139,48.58520984649658,48.611817359924316,56,performance,7,kernel,20260811,1.0004215306676565,1.7193610753183537,MEASURED,2.10.0.post4.dev20260715,2.10.0+cpu,3.2.0,r5_dispatch,,
9.1.0,random_bias,5,Ascend950PR_957b,,,100,10,511,48.86361122131348,512,48.53677749633789,48.58872890472412,49.11761283874512,56,performance,7,kernel,20260811,0.9999275745979188,1.719236549901151,MEASURED,2.10.0.post4.dev20260715,2.10.0+cpu,3.2.0,r6_empirical_dispatch,,
9.1.0,random_bias,5,Ascend950PR_957b,,,100,10,511,291.25850677490234,512,291.23371505737305,291.2548637390137,291.2907257080078,56,performance,7,kernel,20260811,0.16682546784270455,0.2868124417695368,MEASURED,2.10.0.post4.dev20260715,2.10.0+cpu,3.2.0,r7_vector_tie_recovery,,
9.1.0,random_bias,5,Ascend950PR_957b,,,100,10,511,49.40231595720564,512,48.990078926086426,49.05013084411621,49.935340881347656,56,performance,7,kernel,20260811,5.937901871549259,1.7030641347669453,MEASURED,2.10.0.post4.dev20260715,2.10.0+cpu,3.2.0,r8_safe_vector_dispatch,,
9.1.0,random_bias,5,Ascend950PR_957b,,,100,10,511,893.4492274693081,512,893.3939056396484,893.4603881835938,893.5015411376953,56,performance,7,kernel,20260811,0.054899054835363434,0.09349661132271131,MEASURED,2.10.0.post4.dev20260715,2.10.0+cpu,3.2.0,r9_pair_tie_recovery,,
9.1.0,random_bias,5,Ascend950PR_957b,,,100,10,511,35.94346046447754,512,35.06169843673706,36.561710834503174,36.63102340698242,56,performance,7,kernel,20260811,24.43705088713841,2.2847814486680975,MEASURED,2.10.0.post4.dev20260715,2.10.0+cpu,3.2.0,r10_group_rank_threshold,,
9.1.0,random_bias,5,Ascend950PR_957b,,,100,10,511,35.11124031884329,512,35.06931209564209,35.0921106338501,35.163414001464844,56,performance,7,kernel,20260811,1.0418783645129481,2.3804643590078416,MEASURED,2.10.0.post4.dev20260715,2.10.0+cpu,3.2.0,r11_packed_exact_sort,,
9.1.0,random_bias,5,Ascend950PR_957b,,,100,10,511,35.739738259996685,512,35.71146297454834,35.74460983276367,35.75015640258789,56,performance,7,kernel,20260811,0.9817455218572426,2.33701022439672,MEASURED,2.10.0.post4.dev20260715,2.10.0+cpu,3.2.0,r12_two_row_tile,,
9.1.0,random_bias,5,Ascend950PR_957b,,,100,10,511,38.04372412817819,512,38.02351999282837,38.03647994995117,38.07572317123413,56,performance,7,kernel,20260811,0.9397454727618547,2.1961947781749838,MEASURED,2.10.0.post4.dev20260715,2.10.0+cpu,3.2.0,r13_fp32_rank_reduce,,
9.1.0,random_bias,5,Ascend950PR_957b,,,100,10,511,59.912010601588655,512,59.89015769958496,59.91714000701904,59.947237968444824,56,performance,7,kernel,20260811,0.6348180161051639,1.3941840120615636,MEASURED,2.10.0.post4.dev20260715,2.10.0+cpu,3.2.0,r14_priority_argmax,,
9.1.0,random_bias,5,Ascend950PR_957b,,,100,10,511,32.47767686843872,512,32.344669818878174,32.51286029815674,32.51872539520264,56,performance,7,kernel,20260811,1.8428750795086444,2.569306972077635,MEASURED,2.10.0.post4.dev20260715,2.10.0+cpu,3.2.0,r15_unique_top10_fastpath,,
9.1.0,random_bias,5,Ascend950PR_957b,,,100,10,511,32.390451431274414,512,32.347946643829346,32.38126039505005,32.42998933792114,56,performance,7,kernel,20260811,1.0040640759964614,2.5797488308703964,MEASURED,2.10.0.post4.dev20260715,2.10.0+cpu,3.2.0,r16_split_unique_recovery,,
9.1.0,random_bias,5,Ascend950PR_957b,,,100,10,511,32.34818765095302,512,32.32388877868652,32.34771966934204,32.37484264373779,56,performance,7,kernel,20260811,1.001036880684353,2.5824237226036084,MEASURED,2.10.0.post4.dev20260715,2.10.0+cpu,3.2.0,r17_parallel_priority_argmax,,
9.1.0,random_bias,5,Ascend950PR_957b,,,100,10,511,32.39351987838745,512,32.35480451583862,32.40027904510498,32.42489051818848,56,performance,7,kernel,20260811,0.9983778110154616,2.57823454328739,MEASURED,2.10.0.post4.dev20260715,2.10.0+cpu,3.2.0,r18_hierarchical_partial_sort,,
9.1.0,random_bias,5,Ascend950PR_957b,,,100,10,511,32.4185459954398,512,32.35494089126587,32.433059215545654,32.466371059417725,56,performance,7,kernel,20260811,0.9989892976107243,2.575628715474376,MEASURED,2.10.0.post4.dev20260715,2.10.0+cpu,3.2.0,r19_unique_id_sum,,
9.1.0,random_bias,5,Ascend950PR_957b,,,100,10,511,69.3671873637608,512,69.33059883117676,69.36885833740234,69.40956497192383,56,performance,7,kernel,20260811,0.4675449472989002,1.2042221920380014,MEASURED,2.10.0.post4.dev20260715,2.10.0+cpu,3.2.0,r20_iterative_rank1_maxarg,,
9.1.0,random_bias,5,Ascend950PR_957b,,,100,10,512,83.64963395254952,512,83.47677612304688,83.56560707092285,83.84265518188477,56,performance,7,kernel,20260811,nan,1.0,MEASURED,2.10.0.post4.dev20260715,2.10.0+cpu,3.2.0,r0_legacy,,
9.1.0,random_bias,5,Ascend950PR_957b,,,100,10,512,83.47240447998047,512,83.43535041809082,83.4614372253418,83.50683784484863,56,performance,7,kernel,20260811,1.0012481194794165,1.0012481194794165,MEASURED,2.10.0.post4.dev20260715,2.10.0+cpu,3.2.0,r1_constexpr,,
9.1.0,random_bias,5,Ascend950PR_957b,,,100,10,512,67.99167496817452,512,67.94723224639893,67.99730777740479,68.03284931182861,56,performance,7,kernel,20260811,1.2274226723587383,1.2289546425055868,MEASURED,2.10.0.post4.dev20260715,2.10.0+cpu,3.2.0,r2_core_partition,,
9.1.0,random_bias,5,Ascend950PR_957b,,,100,10,512,49.001773425510954,512,48.978026390075684,49.010071754455566,49.0446081161499,56,performance,7,kernel,20260811,1.3874149811099403,1.705070082116862,MEASURED,2.10.0.post4.dev20260715,2.10.0+cpu,3.2.0,r3_sort_tie,,
9.1.0,random_bias,5,Ascend950PR_957b,,,100,10,512,48.61569608960833,512,48.610660552978516,48.618741035461426,48.64188766479492,56,performance,7,kernel,20260811,1.0080489685800114,1.7187941376345381,MEASURED,2.10.0.post4.dev20260715,2.10.0+cpu,3.2.0,r4_bias_hoist,,
9.1.0,random_bias,5,Ascend950PR_957b,,,100,10,512,48.537921224321636,512,48.50745677947998,48.55093955993652,48.56813430786133,56,performance,7,kernel,20260811,1.0013965018213746,1.7211944367783127,MEASURED,2.10.0.post4.dev20260715,2.10.0+cpu,3.2.0,r5_dispatch,,
9.1.0,random_bias,5,Ascend950PR_957b,,,100,10,512,48.76295294080462,512,48.50273418426514,48.51850986480713,49.10456466674805,56,performance,7,kernel,20260811,1.000668398415775,1.722344880413096,MEASURED,2.10.0.post4.dev20260715,2.10.0+cpu,3.2.0,r6_empirical_dispatch,,
9.1.0,random_bias,5,Ascend950PR_957b,,,100,10,512,291.2565149579729,512,291.1895637512207,291.26712799072266,291.3181037902832,56,performance,7,kernel,20260811,0.16657736216066416,0.2869036669101381,MEASURED,2.10.0.post4.dev20260715,2.10.0+cpu,3.2.0,r7_vector_tie_recovery,,
9.1.0,random_bias,5,Ascend950PR_957b,,,100,10,512,49.38347271510533,512,49.02352428436279,49.046149253845215,49.87441539764404,56,performance,7,kernel,20260811,5.938633968657332,1.7038158620448947,MEASURED,2.10.0.post4.dev20260715,2.10.0+cpu,3.2.0,r8_safe_vector_dispatch,,
9.1.0,random_bias,5,Ascend950PR_957b,,,100,10,512,893.5161045619419,512,893.4514617919922,893.4835052490234,893.5767822265625,56,performance,7,kernel,20260811,0.05489317817923849,0.09352786769984324,MEASURED,2.10.0.post4.dev20260715,2.10.0+cpu,3.2.0,r9_pair_tie_recovery,,
9.1.0,random_bias,5,Ascend950PR_957b,,,100,10,512,35.9136700630188,512,35.03252840042114,36.473350524902344,36.60687971115112,56,performance,7,kernel,20260811,24.496885873947708,2.2911415010767398,MEASURED,2.10.0.post4.dev20260715,2.10.0+cpu,3.2.0,r10_group_rank_threshold,,
9.1.0,random_bias,5,Ascend950PR_957b,,,100,10,512,35.095533984048025,512,35.04011631011963,35.07781982421875,35.127113819122314,56,performance,7,kernel,20260811,1.0397838493862175,2.382291929478089,MEASURED,2.10.0.post4.dev20260715,2.10.0+cpu,3.2.0,r11_packed_exact_sort,,
9.1.0,random_bias,5,Ascend950PR_957b,,,100,10,512,35.736684117998394,512,35.720463275909424,35.731050968170166,35.74544620513916,56,performance,7,kernel,20260811,0.9817181099841332,2.3387391304376837,MEASURED,2.10.0.post4.dev20260715,2.10.0+cpu,3.2.0,r12_two_row_tile,,
9.1.0,random_bias,5,Ascend950PR_957b,,,100,10,512,38.02497148513794,512,37.99676752090454,38.02356958389282,38.05051898956299,56,performance,7,kernel,20260811,0.9397079590156683,2.1977317749336747,MEASURED,2.10.0.post4.dev20260715,2.10.0+cpu,3.2.0,r13_fp32_rank_reduce,,
9.1.0,random_bias,5,Ascend950PR_957b,,,100,10,512,59.95035307747977,512,59.89723014831543,59.94715213775635,60.00267791748047,56,performance,7,kernel,20260811,0.6342848363591328,1.3939879392250722,MEASURED,2.10.0.post4.dev20260715,2.10.0+cpu,3.2.0,r14_priority_argmax,,
9.1.0,random_bias,5,Ascend950PR_957b,,,100,10,512,32.44047573634556,512,32.3217248916626,32.45626926422119,32.56777858734131,56,performance,7,kernel,20260811,1.8470130269667275,2.5747138831832115,MEASURED,2.10.0.post4.dev20260715,2.10.0+cpu,3.2.0,r15_unique_top10_fastpath,,
9.1.0,random_bias,5,Ascend950PR_957b,,,100,10,512,32.38710233143398,512,32.37686109542847,32.39190101623535,32.41064929962158,56,performance,7,kernel,20260811,1.0019871710509851,2.5798302800764428,MEASURED,2.10.0.post4.dev20260715,2.10.0+cpu,3.2.0,r16_split_unique_recovery,,
9.1.0,random_bias,5,Ascend950PR_957b,,,100,10,512,32.38250800541469,512,32.34034204483032,32.40444898605347,32.418293952941895,56,performance,7,kernel,20260811,0.9996127701531504,2.5788312927921906,MEASURED,2.10.0.post4.dev20260715,2.10.0+cpu,3.2.0,r17_parallel_priority_argmax,,
9.1.0,random_bias,5,Ascend950PR_957b,,,100,10,512,32.36463444573538,512,32.34115123748779,32.34805107116699,32.39647054672241,56,performance,7,kernel,20260811,1.0017434718018219,2.58332741243283,MEASURED,2.10.0.post4.dev20260715,2.10.0+cpu,3.2.0,r18_hierarchical_partial_sort,,
9.1.0,random_bias,5,Ascend950PR_957b,,,100,10,512,32.46027980531965,512,32.37439298629761,32.50741958618164,32.51937198638916,56,performance,7,kernel,20260811,0.9950974726064571,2.5706625790268873,MEASURED,2.10.0.post4.dev20260715,2.10.0+cpu,3.2.0,r19_unique_id_sum,,
9.1.0,random_bias,5,Ascend950PR_957b,,,100,10,512,69.34259619031634,512,69.32089424133301,69.3248987197876,69.3723030090332,56,performance,7,kernel,20260811,0.46891405810165226,1.2054198219415573,MEASURED,2.10.0.post4.dev20260715,2.10.0+cpu,3.2.0,r20_iterative_rank1_maxarg,,
9.1.0,random_bias,5,Ascend950PR_957b,,,50,10,1024,158.47508430480957,512,158.13782119750977,158.55039596557617,158.71093940734863,56,performance,7,kernel,20260811,nan,1.0,MEASURED,2.10.0.post4.dev20260715,2.10.0+cpu,3.2.0,r0_legacy,,
9.1.0,random_bias,5,Ascend950PR_957b,,,50,10,1024,158.16203934805733,512,158.06680297851562,158.11335563659668,158.2620620727539,56,performance,7,kernel,20260811,1.0027640949571899,1.0027640949571899,MEASURED,2.10.0.post4.dev20260715,2.10.0+cpu,3.2.0,r1_constexpr,,
9.1.0,random_bias,5,Ascend950PR_957b,,,50,10,1024,125.66966874258858,512,125.55264854431152,125.61116218566895,125.70477294921875,56,performance,7,kernel,20260811,1.258752430002084,1.2622317412462034,MEASURED,2.10.0.post4.dev20260715,2.10.0+cpu,3.2.0,r2_core_partition,,
9.1.0,random_bias,5,Ascend950PR_957b,,,50,10,1024,92.34476906912667,512,92.25653457641602,92.30323791503906,92.38278388977051,56,performance,7,kernel,20260811,1.3608532595713307,1.7177121794092922,MEASURED,2.10.0.post4.dev20260715,2.10.0+cpu,3.2.0,r3_sort_tie,,
9.1.0,random_bias,5,Ascend950PR_957b,,,50,10,1024,91.57169205801827,512,91.53446388244629,91.5542221069336,91.59534645080566,56,performance,7,kernel,20260811,1.0081811170568478,1.731764983819013,MEASURED,2.10.0.post4.dev20260715,2.10.0+cpu,3.2.0,r4_bias_hoist,,
9.1.0,random_bias,5,Ascend950PR_957b,,,50,10,1024,91.43269402640206,512,91.41206741333008,91.44510269165039,91.45733261108398,56,performance,7,kernel,20260811,1.0011932778472692,1.7338314606108807,MEASURED,2.10.0.post4.dev20260715,2.10.0+cpu,3.2.0,r5_dispatch,,
9.1.0,random_bias,5,Ascend950PR_957b,,,50,10,1024,91.98518480573382,512,91.3578052520752,91.85795783996582,92.44950866699219,56,performance,7,kernel,20260811,0.9955055048248003,1.7260387634765555,MEASURED,2.10.0.post4.dev20260715,2.10.0+cpu,3.2.0,r6_empirical_dispatch,,
9.1.0,random_bias,5,Ascend950PR_957b,,,50,10,1024,552.9563685825893,512,552.7994766235352,552.8480529785156,552.8496932983398,56,performance,7,kernel,20260811,0.16615407677583977,0.28678837722475914,MEASURED,2.10.0.post4.dev20260715,2.10.0+cpu,3.2.0,r7_vector_tie_recovery,,
9.1.0,random_bias,5,Ascend950PR_957b,,,50,10,1024,93.10661724635533,512,92.4007682800293,92.52256393432617,94.03027534484863,56,performance,7,kernel,20260811,5.975278131839656,1.7136403188968854,MEASURED,2.10.0.post4.dev20260715,2.10.0+cpu,3.2.0,r8_safe_vector_dispatch,,
9.1.0,random_bias,5,Ascend950PR_957b,,,50,10,1024,1694.5288739885602,512,1694.4229125976562,1694.4735717773438,1694.6453247070312,56,performance,7,kernel,20260811,0.05460254174237648,0.09356911704398652,MEASURED,2.10.0.post4.dev20260715,2.10.0+cpu,3.2.0,r9_pair_tie_recovery,,
9.1.0,random_bias,5,Ascend950PR_957b,,,50,10,1024,67.28962080819267,512,65.6935806274414,68.36088180541992,68.51237678527832,56,performance,7,kernel,20260811,24.787181309340557,2.3193146691242017,MEASURED,2.10.0.post4.dev20260715,2.10.0+cpu,3.2.0,r10_group_rank_threshold,,
9.1.0,random_bias,5,Ascend950PR_957b,,,50,10,1024,65.75913769858224,512,65.6716890335083,65.79026222229004,65.8320140838623,56,performance,7,kernel,20260811,1.039072949343846,2.409937133703331,MEASURED,2.10.0.post4.dev20260715,2.10.0+cpu,3.2.0,r11_packed_exact_sort,,
9.1.0,random_bias,5,Ascend950PR_957b,,,50,10,1024,67.19187668391636,512,67.16595840454102,67.19312191009521,67.20907878875732,56,performance,7,kernel,20260811,0.9791219748699546,2.3596224056640427,MEASURED,2.10.0.post4.dev20260715,2.10.0+cpu,3.2.0,r12_two_row_tile,,
9.1.0,random_bias,5,Ascend950PR_957b,,,50,10,1024,71.518600327628,512,71.45223236083984,71.51976108551025,71.57249546051025,56,performance,7,kernel,20260811,0.9395042837147899,2.216875358070766,MEASURED,2.10.0.post4.dev20260715,2.10.0+cpu,3.2.0,r13_fp32_rank_reduce,,
9.1.0,random_bias,5,Ascend950PR_957b,,,50,10,1024,111.18402889796666,512,111.14681434631348,111.16727828979492,111.22658920288086,56,performance,7,kernel,20260811,0.6433526320494231,1.4262325965403346,MEASURED,2.10.0.post4.dev20260715,2.10.0+cpu,3.2.0,r14_priority_argmax,,
9.1.0,random_bias,5,Ascend950PR_957b,,,50,10,1024,60.24079459054129,512,60.08382225036621,60.28964042663574,60.37100028991699,56,performance,7,kernel,20260811,1.8438869016820612,2.6298116035127186,MEASURED,2.10.0.post4.dev20260715,2.10.0+cpu,3.2.0,r15_unique_top10_fastpath,,
9.1.0,random_bias,5,Ascend950PR_957b,,,50,10,1024,60.05097321101597,512,60.032142639160156,60.05340099334717,60.0618782043457,56,performance,7,kernel,20260811,1.003933822720794,2.6401568161500246,MEASURED,2.10.0.post4.dev20260715,2.10.0+cpu,3.2.0,r16_split_unique_recovery,,
9.1.0,random_bias,5,Ascend950PR_957b,,,50,10,1024,60.055874415806365,512,60.025896072387695,60.04603862762451,60.07646179199219,56,performance,7,kernel,20260811,1.0001226120138969,2.640480531094256,MEASURED,2.10.0.post4.dev20260715,2.10.0+cpu,3.2.0,r17_parallel_priority_argmax,,
9.1.0,random_bias,5,Ascend950PR_957b,,,50,10,1024,60.08162294115339,512,60.03979206085205,60.06999969482422,60.13259029388428,56,performance,7,kernel,20260811,0.9996011142446906,2.6394272810232304,MEASURED,2.10.0.post4.dev20260715,2.10.0+cpu,3.2.0,r18_hierarchical_partial_sort,,
9.1.0,random_bias,5,Ascend950PR_957b,,,50,10,1024,60.13336590358189,512,60.02944469451904,60.095720291137695,60.250746726989746,56,performance,7,kernel,20260811,0.9995720061896443,2.6382976224840684,MEASURED,2.10.0.post4.dev20260715,2.10.0+cpu,3.2.0,r19_unique_id_sum,,
9.1.0,random_bias,5,Ascend950PR_957b,,,50,10,1024,129.25794328962053,512,129.21319389343262,129.26965713500977,129.31377410888672,56,performance,7,kernel,20260811,0.4648865141521454,1.2265089850125113,MEASURED,2.10.0.post4.dev20260715,2.10.0+cpu,3.2.0,r20_iterative_rank1_maxarg,,
9.1.0,random_bias,5,Ascend950PR_957b,,,10,10,9616,1422.3647935049873,512,1418.6881065368652,1421.5656280517578,1422.4488258361816,56,performance,7,kernel,20260811,nan,1.0,MEASURED,2.10.0.post4.dev20260715,2.10.0+cpu,3.2.0,r0_legacy,,
9.1.0,random_bias,5,Ascend950PR_957b,,,10,10,9616,1418.1380816868373,512,1417.8558731079102,1417.9555892944336,1418.1692695617676,56,performance,7,kernel,20260811,1.002545946279686,1.002545946279686,MEASURED,2.10.0.post4.dev20260715,2.10.0+cpu,3.2.0,r1_constexpr,,
9.1.0,random_bias,5,Ascend950PR_957b,,,10,10,9616,1101.1047908238002,512,1100.168399810791,1101.1149406433105,1101.7172241210938,56,performance,7,kernel,20260811,1.2877452997468306,1.2910238301019044,MEASURED,2.10.0.post4.dev20260715,2.10.0+cpu,3.2.0,r2_core_partition,,
9.1.0,random_bias,5,Ascend950PR_957b,,,10,10,9616,820.7695279802595,512,819.851188659668,821.1652755737305,821.3117980957031,56,performance,7,kernel,20260811,1.340917563609817,1.7311565288224597,MEASURED,2.10.0.post4.dev20260715,2.10.0+cpu,3.2.0,r3_sort_tie,,
9.1.0,random_bias,5,Ascend950PR_957b,,,10,10,9616,816.6282381330218,512,816.4739036560059,816.5080070495605,816.9089889526367,56,performance,7,kernel,20260811,1.0057038859190113,1.7410308481708145,MEASURED,2.10.0.post4.dev20260715,2.10.0+cpu,3.2.0,r4_bias_hoist,,
9.1.0,random_bias,5,Ascend950PR_957b,,,10,10,9616,816.5294510977609,512,815.9208297729492,816.4512634277344,816.7109298706055,56,performance,7,kernel,20260811,1.0000695003172486,1.7411518503671017,MEASURED,2.10.0.post4.dev20260715,2.10.0+cpu,3.2.0,r5_dispatch,,
9.1.0,random_bias,5,Ascend950PR_957b,,,10,10,9616,818.6850684029715,512,815.3961563110352,815.6451225280762,822.7143669128418,56,performance,7,kernel,20260811,1.0009883476004362,1.7428727136204074,MEASURED,2.10.0.post4.dev20260715,2.10.0+cpu,3.2.0,r6_empirical_dispatch,,
9.1.0,random_bias,5,Ascend950PR_957b,,,10,10,9616,4992.2356196812225,512,4991.727066040039,4991.878509521484,4992.266311645508,56,performance,7,kernel,20260811,0.1633944257602261,0.2847756862151734,MEASURED,2.10.0.post4.dev20260715,2.10.0+cpu,3.2.0,r7_vector_tie_recovery,,
9.1.0,random_bias,5,Ascend950PR_957b,,,10,10,9616,826.4798845563616,512,824.2308044433594,824.8333930969238,828.9761543273926,56,performance,7,kernel,20260811,6.051984014346159,1.7234579006486874,MEASURED,2.10.0.post4.dev20260715,2.10.0+cpu,3.2.0,r8_safe_vector_dispatch,,
9.1.0,random_bias,5,Ascend950PR_957b,,,10,10,9616,15303.690665108817,512,15302.727355957031,15304.127502441406,15304.515075683594,56,performance,7,kernel,20260811,0.05389613965025719,0.09288772769470073,MEASURED,2.10.0.post4.dev20260715,2.10.0+cpu,3.2.0,r9_pair_tie_recovery,,
9.1.0,random_bias,5,Ascend950PR_957b,,,10,10,9616,591.0571779523577,512,583.4890842437744,596.5981960296631,596.8610572814941,56,performance,7,kernel,20260811,25.652319440939912,2.382785662967504,MEASURED,2.10.0.post4.dev20260715,2.10.0+cpu,3.2.0,r10_group_rank_threshold,,
9.1.0,random_bias,5,Ascend950PR_957b,,,10,10,9616,584.1829776763916,512,583.7955570220947,583.948278427124,584.5760250091553,56,performance,7,kernel,20260811,1.0216627363584525,2.43440332058307,MEASURED,2.10.0.post4.dev20260715,2.10.0+cpu,3.2.0,r11_packed_exact_sort,,
9.1.0,random_bias,5,Ascend950PR_957b,,,10,10,9616,594.4657870701382,512,594.1729640960693,594.5052146911621,594.6930503845215,56,performance,7,kernel,20260811,0.982242483323679,2.391174363020925,MEASURED,2.10.0.post4.dev20260715,2.10.0+cpu,3.2.0,r12_two_row_tile,,
9.1.0,random_bias,5,Ascend950PR_957b,,,10,10,9616,635.4567527770996,512,634.8788261413574,635.2489948272705,636.0562038421631,56,performance,7,kernel,20260811,0.935861716479871,2.2378085437794253,MEASURED,2.10.0.post4.dev20260715,2.10.0+cpu,3.2.0,r13_fp32_rank_reduce,,
9.1.0,random_bias,5,Ascend950PR_957b,,,10,10,9616,973.7651824951172,512,973.1801986694336,973.8062858581543,974.1409873962402,56,performance,7,kernel,20260811,0.6523361001592483,1.4598032983521168,MEASURED,2.10.0.post4.dev20260715,2.10.0+cpu,3.2.0,r14_priority_argmax,,
9.1.0,random_bias,5,Ascend950PR_957b,,,10,10,9616,532.6222011021206,512,531.5391063690186,533.1631183624268,533.4999561309814,56,performance,7,kernel,20260811,1.8264697093998778,2.666286506122174,MEASURED,2.10.0.post4.dev20260715,2.10.0+cpu,3.2.0,r15_unique_top10_fastpath,,
9.1.0,random_bias,5,Ascend950PR_957b,,,10,10,9616,531.3830307551792,512,531.2008285522461,531.2395095825195,531.6264343261719,56,performance,7,kernel,20260811,1.0036209821468642,2.6759410819592673,MEASURED,2.10.0.post4.dev20260715,2.10.0+cpu,3.2.0,r16_split_unique_recovery,,
9.1.0,random_bias,5,Ascend950PR_957b,,,10,10,9616,531.2723159790039,512,531.098165512085,531.3079833984375,531.4052963256836,56,performance,7,kernel,20260811,0.9998711221776115,2.6755962124997845,MEASURED,2.10.0.post4.dev20260715,2.10.0+cpu,3.2.0,r17_parallel_priority_argmax,,
9.1.0,random_bias,5,Ascend950PR_957b,,,10,10,9616,531.2825679779053,512,531.1012363433838,531.2170028686523,531.3919162750244,56,performance,7,kernel,20260811,1.0001712681056778,2.6760544567946583,MEASURED,2.10.0.post4.dev20260715,2.10.0+cpu,3.2.0,r18_hierarchical_partial_sort,,
9.1.0,random_bias,5,Ascend950PR_957b,,,10,10,9616,532.0713928767613,512,531.1622619628906,531.5900802612305,533.0823802947998,56,performance,7,kernel,20260811,0.9992981859398227,2.6741763641510796,MEASURED,2.10.0.post4.dev20260715,2.10.0+cpu,3.2.0,r19_unique_id_sum,,
9.1.0,random_bias,5,Ascend950PR_957b,,,10,10,9616,1141.685049874442,512,1141.3830184936523,1141.4897918701172,1141.8763542175293,56,performance,7,kernel,20260811,0.4656984968655039,1.245359913138416,MEASURED,2.10.0.post4.dev20260715,2.10.0+cpu,3.2.0,r20_iterative_rank1_maxarg,,
9.1.0,random_bias,5,Ascend950PR_957b,,,5,10,16384,2421.020562308175,512,2415.7556533813477,2420.285224914551,2421.202735900879,56,performance,7,kernel,20260811,nan,1.0,MEASURED,2.10.0.post4.dev20260715,2.10.0+cpu,3.2.0,r0_legacy,,
9.1.0,random_bias,5,Ascend950PR_957b,,,5,10,16384,2414.2473493303573,512,2413.134422302246,2414.5198822021484,2415.2101516723633,56,performance,7,kernel,20260811,1.0023877801772931,1.0023877801772931,MEASURED,2.10.0.post4.dev20260715,2.10.0+cpu,3.2.0,r1_constexpr,,
9.1.0,random_bias,5,Ascend950PR_957b,,,5,10,16384,1875.8187702723912,512,1874.9375534057617,1875.4308700561523,1877.0184707641602,56,performance,7,kernel,20260811,1.287448084999185,1.29052222801584,MEASURED,2.10.0.post4.dev20260715,2.10.0+cpu,3.2.0,r2_core_partition,,
9.1.0,random_bias,5,Ascend950PR_957b,,,5,10,16384,1398.8418715340752,512,1398.0121040344238,1398.8889694213867,1399.4079208374023,56,performance,7,kernel,20260811,1.3406574153142936,1.7301481946173594,MEASURED,2.10.0.post4.dev20260715,2.10.0+cpu,3.2.0,r3_sort_tie,,
9.1.0,random_bias,5,Ascend950PR_957b,,,5,10,16384,1392.1302795410156,512,1391.5533638000488,1392.1710014343262,1392.686996459961,56,performance,7,kernel,20260811,1.0048255336306668,1.7384970829165232,MEASURED,2.10.0.post4.dev20260715,2.10.0+cpu,3.2.0,r4_bias_hoist,,
9.1.0,random_bias,5,Ascend950PR_957b,,,5,10,16384,1391.0516602652413,512,1390.6287002563477,1390.7695770263672,1391.691017150879,56,performance,7,kernel,20260811,1.0010076611044048,1.7402488988070992,MEASURED,2.10.0.post4.dev20260715,2.10.0+cpu,3.2.0,r5_dispatch,,
9.1.0,random_bias,5,Ascend950PR_957b,,,5,10,16384,1395.7593509129115,512,1389.663143157959,1389.9911880493164,1403.7588119506836,56,performance,7,kernel,20260811,1.0005599956199314,1.7412234305680216,MEASURED,2.10.0.post4.dev20260715,2.10.0+cpu,3.2.0,r6_empirical_dispatch,,
9.1.0,random_bias,5,Ascend950PR_957b,,,5,10,16384,8507.073647635323,512,8505.477752685547,8507.843017578125,8508.65493774414,56,performance,7,kernel,20260811,0.1633776252309127,0.2844769490826264,MEASURED,2.10.0.post4.dev20260715,2.10.0+cpu,3.2.0,r7_vector_tie_recovery,,
9.1.0,random_bias,5,Ascend950PR_957b,,,5,10,16384,1412.1412413460869,512,1405.0996398925781,1414.6413803100586,1415.7422065734863,56,performance,7,kernel,20260811,6.014134137454251,1.7108825307966582,MEASURED,2.10.0.post4.dev20260715,2.10.0+cpu,3.2.0,r8_safe_vector_dispatch,,
9.1.0,random_bias,5,Ascend950PR_957b,,,5,10,16384,26069.051688058036,512,26067.289428710938,26069.137573242188,26069.828491210938,56,performance,7,kernel,20260811,0.05426498580306204,0.09284101624438751,MEASURED,2.10.0.post4.dev20260715,2.10.0+cpu,3.2.0,r9_pair_tie_recovery,,
9.1.0,random_bias,5,Ascend950PR_957b,,,5,10,16384,1010.4034423828125,512,994.9698066711426,1020.6292152404785,1021.7298126220703,56,performance,7,kernel,20260811,25.542221586416016,2.3713658092221945,MEASURED,2.10.0.post4.dev20260715,2.10.0+cpu,3.2.0,r10_group_rank_threshold,,
9.1.0,random_bias,5,Ascend950PR_957b,,,5,10,16384,995.6696646554129,512,994.8562240600586,995.3153610229492,996.4303398132324,56,performance,7,kernel,20260811,1.0254329986342345,2.431676752609413,MEASURED,2.10.0.post4.dev20260715,2.10.0+cpu,3.2.0,r11_packed_exact_sort,,
9.1.0,random_bias,5,Ascend950PR_957b,,,5,10,16384,1014.293234688895,512,1014.0969657897949,1014.4231796264648,1014.5491027832031,56,performance,7,kernel,20260811,0.9811638584495362,2.38587334509229,MEASURED,2.10.0.post4.dev20260715,2.10.0+cpu,3.2.0,r12_two_row_tile,,
9.1.0,random_bias,5,Ascend950PR_957b,,,5,10,16384,1083.3030836922783,512,1082.0818901062012,1082.5305938720703,1084.8103141784668,56,performance,7,kernel,20260811,0.9370849982151598,2.235766119327406,MEASURED,2.10.0.post4.dev20260715,2.10.0+cpu,3.2.0,r13_fp32_rank_reduce,,
9.1.0,random_bias,5,Ascend950PR_957b,,,5,10,16384,1656.4074925013952,512,1654.9342346191406,1655.9057235717773,1658.24462890625,56,performance,7,kernel,20260811,0.6537392669535915,1.4616081039287745,MEASURED,2.10.0.post4.dev20260715,2.10.0+cpu,3.2.0,r14_priority_argmax,,
9.1.0,random_bias,5,Ascend950PR_957b,,,5,10,16384,907.4775968279157,512,905.7078742980957,907.4474334716797,909.0336036682129,56,performance,7,kernel,20260811,1.82479520299779,2.667135456711923,MEASURED,2.10.0.post4.dev20260715,2.10.0+cpu,3.2.0,r15_unique_top10_fastpath,,
9.1.0,random_bias,5,Ascend950PR_957b,,,5,10,16384,905.6937762669155,512,904.8436546325684,905.6920051574707,906.3385009765625,56,performance,7,kernel,20260811,1.001938217743132,2.6723049459774586,MEASURED,2.10.0.post4.dev20260715,2.10.0+cpu,3.2.0,r16_split_unique_recovery,,
9.1.0,random_bias,5,Ascend950PR_957b,,,5,10,16384,905.8791296822684,512,905.4303169250488,905.8276176452637,906.5068626403809,56,performance,7,kernel,20260811,0.999850288857227,2.6719048721501584,MEASURED,2.10.0.post4.dev20260715,2.10.0+cpu,3.2.0,r17_parallel_priority_argmax,,
9.1.0,random_bias,5,Ascend950PR_957b,,,5,10,16384,905.6633268083845,512,905.1200485229492,905.6072235107422,906.2580871582031,56,performance,7,kernel,20260811,1.0002433661401984,2.6725551233258704,MEASURED,2.10.0.post4.dev20260715,2.10.0+cpu,3.2.0,r18_hierarchical_partial_sort,,
9.1.0,random_bias,5,Ascend950PR_957b,,,5,10,16384,907.0055825369699,512,906.0343933105469,906.3874244689941,908.3845520019531,56,performance,7,kernel,20260811,0.9991392191272854,2.6702546389944364,MEASURED,2.10.0.post4.dev20260715,2.10.0+cpu,3.2.0,r19_unique_id_sum,,
9.1.0,random_bias,5,Ascend950PR_957b,,,5,10,16384,1944.7161265781947,512,1944.0269088745117,1944.3458557128906,1945.5867004394531,56,performance,7,kernel,20260811,0.46616573990982124,1.244781229534474,MEASURED,2.10.0.post4.dev20260715,2.10.0+cpu,3.2.0,r20_iterative_rank1_maxarg,,
