time: 2026-09-01T03:49:09+08:00
command: /usr/local/python3.11.10/bin/python bench_welmv4_dp_attention_npu.py --suite remote --mode both --device npu:5 --capture-ir on --capture-profile on --capture-msprof-op on --output-dir /data2/hw_lly/testfiles/welm_dp_attn_result_uteb6qua
return_code: 1
reason: benchmark exited with status 1; manifest_status=missing

===== stdout + stderr =====
WeLMv4 NPU Full/SWA DP-Attention optimization workspace
device=npu:5 (Ascend950PR_957b), base=7bf9011da7f9, baseline={'prefill': 'c4166cfe326127daf30bc629493d8b251d8be85f97cda2efa510eab6bc6d3a54', 'decode': 'c47f9bdcfb879eb73723521240a48a9bae99349d094a1fb82563535aabde82ec'}, candidate={'prefill': '65f940511ddeb059aa05968e24fd1675e1088e32424113f94ecca24e36b65416', 'decode': 'c47f9bdcfb879eb73723521240a48a9bae99349d094a1fb82563535aabde82ec'}
[msprof-op batch] provider=baseline, kernel=paged_decode_fd_kernel, cases=1
[msprof-op batch] provider=baseline, kernel=paged_decode_fd_reduce_kernel, cases=1
[msprof-op batch] provider=baseline, kernel=_swa_paged_decode_sink_kernel, cases=1
[msprof-op batch] provider=baseline, kernel=paged_prefill_page_aggregation_kernel, cases=1
[msprof-op batch] provider=baseline, kernel=_swa_paged_prefill_aggregation_sink_kernel, cases=1
[msprof-op batch] provider=candidate, kernel=paged_decode_fd_kernel, cases=1
[msprof-op batch] provider=candidate, kernel=paged_decode_fd_reduce_kernel, cases=1
[msprof-op batch] provider=candidate, kernel=_swa_paged_decode_sink_kernel, cases=1
[msprof-op batch] provider=candidate, kernel=paged_prefill_small_q_grouped_kernel, cases=1
[msprof-op batch] provider=candidate, kernel=_swa_paged_prefill_dp_grouped_rows_kernel, cases=1
[correctness 1/66] full_mirror_m1_b1_kv4096_uniform_tp4
  PASS: candidate max_abs=0.000976562, pair max_abs=0
[correctness 2/66] full_mirror_m4_b4_kv4096_uniform_tp4
  PASS: candidate max_abs=0.000488281, pair max_abs=0
[correctness 3/66] full_mirror_m40_b40_kv4096_uniform_tp4
  PASS: candidate max_abs=0.000976562, pair max_abs=0
[correctness 4/66] full_mirror_m56_b56_kv4096_uniform_tp4
  PASS: candidate max_abs=0.000976562, pair max_abs=0
[correctness 5/66] full_verify_d2_m2_b1_kv4096_uniform_tp4
  PASS: candidate max_abs=0.000488281, pair max_abs=0
[correctness 6/66] full_verify_d2_m8_b4_kv4096_uniform_tp4
  PASS: candidate max_abs=0.000976562, pair max_abs=0
[correctness 7/66] full_verify_d2_m80_b40_kv4096_uniform_tp4
  PASS: candidate max_abs=0.000976562, pair max_abs=0
[correctness 8/66] full_verify_d2_m112_b56_kv4096_uniform_tp4
  PASS: candidate max_abs=0.00195312, pair max_abs=0
[correctness 9/66] full_verify_d3_m3_b1_kv4096_uniform_tp4
  PASS: candidate max_abs=0.000976562, pair max_abs=0
[correctness 10/66] full_verify_d3_m12_b4_kv4096_uniform_tp4
  PASS: candidate max_abs=0.000976562, pair max_abs=0
[correctness 11/66] full_verify_d3_m120_b40_kv4096_uniform_tp4
  PASS: candidate max_abs=0.00195312, pair max_abs=0
[correctness 12/66] full_verify_d3_m168_b56_kv4096_uniform_tp4
  PASS: candidate max_abs=0.000976562, pair max_abs=0
[correctness 13/66] full_verify_d4_m4_b1_kv4096_uniform_tp4
  PASS: candidate max_abs=0.000976562, pair max_abs=0
[correctness 14/66] full_verify_d4_m16_b4_kv4096_uniform_tp4
  PASS: candidate max_abs=0.000976562, pair max_abs=0
[correctness 15/66] full_verify_d4_m160_b40_kv4096_uniform_tp4
  PASS: candidate max_abs=0.000976562, pair max_abs=0
[correctness 16/66] full_verify_d4_m224_b56_kv4096_uniform_tp4
  PASS: candidate max_abs=0.000976562, pair max_abs=0
[correctness 17/66] full_mirror_m1_b1_kv4096_uniform_tp4_dp2
  PASS: candidate max_abs=0.000976562, pair max_abs=0
[correctness 18/66] full_mirror_m4_b4_kv4096_uniform_tp4_dp2
  PASS: candidate max_abs=0.000976562, pair max_abs=0
[correctness 19/66] full_mirror_m40_b40_kv4096_uniform_tp4_dp2
  PASS: candidate max_abs=0.000976562, pair max_abs=0
[correctness 20/66] full_mirror_m56_b56_kv4096_uniform_tp4_dp2
  PASS: candidate max_abs=0.000976562, pair max_abs=0
[correctness 21/66] full_verify_d2_m2_b1_kv4096_uniform_tp4_dp2
  PASS: candidate max_abs=0.000976562, pair max_abs=0
[correctness 22/66] full_verify_d2_m8_b4_kv4096_uniform_tp4_dp2
  PASS: candidate max_abs=0.000976562, pair max_abs=0
[correctness 23/66] full_verify_d2_m80_b40_kv4096_uniform_tp4_dp2
  PASS: candidate max_abs=0.00195312, pair max_abs=0
[correctness 24/66] full_verify_d2_m112_b56_kv4096_uniform_tp4_dp2
  PASS: candidate max_abs=0.00195312, pair max_abs=0
[correctness 25/66] full_verify_d3_m3_b1_kv4096_uniform_tp4_dp2
  PASS: candidate max_abs=0.000976562, pair max_abs=0
[correctness 26/66] full_verify_d3_m12_b4_kv4096_uniform_tp4_dp2
  PASS: candidate max_abs=0.00195312, pair max_abs=0
[correctness 27/66] full_verify_d3_m120_b40_kv4096_uniform_tp4_dp2
  PASS: candidate max_abs=0.000976562, pair max_abs=0
[correctness 28/66] full_verify_d3_m168_b56_kv4096_uniform_tp4_dp2
  PASS: candidate max_abs=0.000976562, pair max_abs=0
[correctness 29/66] full_verify_d4_m4_b1_kv4096_uniform_tp4_dp2
  PASS: candidate max_abs=0.000976562, pair max_abs=0
[correctness 30/66] full_verify_d4_m16_b4_kv4096_uniform_tp4_dp2
  PASS: candidate max_abs=0.000976562, pair max_abs=0
[correctness 31/66] full_verify_d4_m160_b40_kv4096_uniform_tp4_dp2
  PASS: candidate max_abs=0.000976562, pair max_abs=0
[correctness 32/66] full_verify_d4_m224_b56_kv4096_uniform_tp4_dp2
  PASS: candidate max_abs=0.000976562, pair max_abs=0
[correctness 33/66] full_mirror_m1_b1_kv4096_uniform_tp4_dp4
  PASS: candidate max_abs=0.000976562, pair max_abs=0
[correctness 34/66] full_mirror_m4_b4_kv4096_uniform_tp4_dp4
  PASS: candidate max_abs=0.000976562, pair max_abs=0
[correctness 35/66] full_mirror_m40_b40_kv4096_uniform_tp4_dp4
  PASS: candidate max_abs=0.00195312, pair max_abs=0
[correctness 36/66] full_mirror_m56_b56_kv4096_uniform_tp4_dp4
  PASS: candidate max_abs=0.000976562, pair max_abs=0
[correctness 37/66] full_verify_d2_m2_b1_kv4096_uniform_tp4_dp4
  PASS: candidate max_abs=0.000976562, pair max_abs=0
[correctness 38/66] full_verify_d2_m8_b4_kv4096_uniform_tp4_dp4
  PASS: candidate max_abs=0.000976562, pair max_abs=0
[correctness 39/66] full_verify_d2_m80_b40_kv4096_uniform_tp4_dp4
  PASS: candidate max_abs=0.00195312, pair max_abs=0
[correctness 40/66] full_verify_d2_m112_b56_kv4096_uniform_tp4_dp4
  PASS: candidate max_abs=0.00195312, pair max_abs=0
[correctness 41/66] full_verify_d3_m3_b1_kv4096_uniform_tp4_dp4
  PASS: candidate max_abs=0.000976562, pair max_abs=0
[correctness 42/66] full_verify_d3_m12_b4_kv4096_uniform_tp4_dp4
  PASS: candidate max_abs=0.000976562, pair max_abs=0
[correctness 43/66] full_verify_d3_m120_b40_kv4096_uniform_tp4_dp4
  PASS: candidate max_abs=0.000976562, pair max_abs=0
[correctness 44/66] full_verify_d3_m168_b56_kv4096_uniform_tp4_dp4
  PASS: candidate max_abs=0.00195312, pair max_abs=0
[correctness 45/66] full_verify_d4_m4_b1_kv4096_uniform_tp4_dp4
  PASS: candidate max_abs=0.000976562, pair max_abs=0
[correctness 46/66] full_verify_d4_m16_b4_kv4096_uniform_tp4_dp4
  PASS: candidate max_abs=0.000976562, pair max_abs=0
[correctness 47/66] full_verify_d4_m160_b40_kv4096_uniform_tp4_dp4
  PASS: candidate max_abs=0.000976562, pair max_abs=0
[correctness 48/66] full_verify_d4_m224_b56_kv4096_uniform_tp4_dp4
  PASS: candidate max_abs=0.000976562, pair max_abs=0
[correctness 49/66] full_decode_m40_b40_kv4096_uniform_tp4
  PASS: candidate max_abs=0.00195312, pair max_abs=0
[correctness 50/66] full_decode_m40_b40_kv4096_uniform_tp4_dp2
  PASS: candidate max_abs=0.00195312, pair max_abs=0
[correctness 51/66] full_decode_m40_b40_kv4096_uniform_tp4_dp4
  PASS: candidate max_abs=0.000976562, pair max_abs=0
[correctness 52/66] swa_decode_m40_b40_kv4096_uniform_tp4
/data2/hw_lly/testfiles/welmv4_dp_decode_attention_baseline.py:3438: UserWarning: Cannot create tensor with interal format while allow_internel_format=False, tensor will be created with base format. (Triggered internally at ../torch_npu/csrc/aten/common/TensorFactories.cpp:423.)
  o = torch.empty_like(q, memory_format=torch.contiguous_format)
  PASS: candidate max_abs=0.00195312, pair max_abs=0
[correctness 53/66] swa_decode_m40_b40_kv4096_uniform_tp4_dp2
  PASS: candidate max_abs=0.00390625, pair max_abs=0
[correctness 54/66] swa_decode_m40_b40_kv4096_uniform_tp4_dp4
  PASS: candidate max_abs=0.00390625, pair max_abs=0
[correctness 55/66] full_prefill_dense_m64_b1_kv4096_uniform_tp4
  PASS: candidate max_abs=0.000976562, pair max_abs=0
[correctness 56/66] full_prefill_dense_m1024_b1_kv4096_uniform_tp4
  PASS: candidate max_abs=0.00195312, pair max_abs=0
[correctness 57/66] full_prefill_dense_m64_b1_kv4096_uniform_tp4_dp2
  PASS: candidate max_abs=0.000976562, pair max_abs=0
[correctness 58/66] full_prefill_dense_m1024_b1_kv4096_uniform_tp4_dp2
Traceback (most recent call last):
  File "/usr/local/python3.11.10/lib/python3.11/site-packages/triton/compiler/compiler.py", line 289, in compile
    next_module = compile_ir(module, metadata)
                  ^^^^^^^^^^^^^^^^^^^^^^^^^^^^
  File "/usr/local/python3.11.10/lib/python3.11/site-packages/triton/backends/ascend/compiler.py", line 1223, in <lambda>
    lambda src, metadata: linalg_to_bin_enable_npu_compile_910_95(
                          ^^^^^^^^^^^^^^^^^^^^^^^^^^^^^^^^^^^^^^^^
  File "/usr/local/python3.11.10/lib/python3.11/site-packages/triton/backends/ascend/compiler.py", line 654, in linalg_to_bin_enable_npu_compile_910_95
    ret = subprocess.run(
          ^^^^^^^^^^^^^^^
  File "/usr/local/python3.11.10/lib/python3.11/subprocess.py", line 571, in run
    raise CalledProcessError(retcode, process.args,
subprocess.CalledProcessError: Command '['/usr/local/python3.11.10/lib/python3.11/site-packages/triton/backends/ascend/bishengir/bin/bishengir-compile', '/tmp/tmpnfmapmka/kernel.ttadapter.mlir', '--target=Ascend950PR_957b', '--enable-auto-multi-buffer=True', '--enable-auto-bind-sub-block=True', '--disable-ffts', '--set-workspace-multibuffer=0', '--limit-auto-multi-buffer-of-local-buffer=no-limit', '--enable-mixed-cv=True', '--disable-auto-inject-block-sync=True', '--enable-auto-blockify-loop', '--enable-hfusion-compile=true', '--enable-triton-kernel-compile=true', '--append-bisheng-options=-cce-link-aicore-ll-module /usr/local/python3.11.10/lib/python3.11/site-packages/triton/backends/ascend/lib/libdevice.10.bc', '--mlir-print-ir-after-failure', '--mlir-print-stacktrace-on-diagnostic', '-o', '/tmp/tmpnfmapmka/kernel', '--enable-vf-merge-level=1']' returned non-zero exit status 1.

The above exception was the direct cause of the following exception:

Traceback (most recent call last):
  File "/data2/hw_lly/testfiles/bench_welmv4_dp_attention_npu.py", line 1502, in <module>
    raise SystemExit(main())
                     ^^^^^^
  File "/data2/hw_lly/testfiles/bench_welmv4_dp_attention_npu.py", line 1366, in main
    rows, correctness_failures = run_correctness(harness, cases)
                                 ^^^^^^^^^^^^^^^^^^^^^^^^^^^^^^^
  File "/data2/hw_lly/testfiles/bench_welmv4_dp_attention_npu.py", line 456, in run_correctness
    outputs[provider] = bound.launch()
                        ^^^^^^^^^^^^^^
  File "/data2/hw_lly/testfiles/bench_welmv4_dp_attention_npu.py", line 353, in launch_full
    return module.paged_attention_prefill_impl(
           ^^^^^^^^^^^^^^^^^^^^^^^^^^^^^^^^^^^^
  File "/data2/hw_lly/testfiles/welmv4_dp_prefill_attention_candidate.py", line 2462, in paged_attention_prefill_impl
    paged_prefill_page_aggregation_kernel[grid](
  File "/usr/local/python3.11.10/lib/python3.11/site-packages/triton/runtime/jit.py", line 333, in <lambda>
    return lambda *args, **kwargs: self.run(grid=grid, warmup=False, *args, **kwargs)
                                   ^^^^^^^^^^^^^^^^^^^^^^^^^^^^^^^^^^^^^^^^^^^^^^^^^^
  File "/usr/local/python3.11.10/lib/python3.11/site-packages/triton/runtime/jit.py", line 622, in run
    kernel = self._do_compile(key, signature, device, backend, target, constants, options, configs[0], warmup)
             ^^^^^^^^^^^^^^^^^^^^^^^^^^^^^^^^^^^^^^^^^^^^^^^^^^^^^^^^^^^^^^^^^^^^^^^^^^^^^^^^^^^^^^^^^^^^^^^^^
  File "/usr/local/python3.11.10/lib/python3.11/site-packages/triton/runtime/jit.py", line 787, in _do_compile
    kernel = self.compile(src, target=target, options=options.__dict__)
             ^^^^^^^^^^^^^^^^^^^^^^^^^^^^^^^^^^^^^^^^^^^^^^^^^^^^^^^^^^
  File "/usr/local/python3.11.10/lib/python3.11/site-packages/triton/compiler/compiler.py", line 303, in compile
    raise MLIRCompilationError(stage_name, error_detail) from e
triton.compiler.errors.MLIRCompilationError: 
///------------------[ERROR][Triton][BEG]------------------
[ConvertLinalgRToBinary] encounters error:
[WARNING] --enable-mixed-cv is deprecated.
// -----// IR Dump After PlanMemory Failed (hivm-plan-memory) //----- //
#map = affine_map<()[s0] -> (s0 + 1)>
#map1 = affine_map<()[s0, s1] -> (s0 + s1)>
#map2 = affine_map<()[s0, s1] -> (s0 - s1)>
#map3 = affine_map<()[s0, s1] -> ((s0 - s1 + 15) floordiv 16)>
#map4 = affine_map<()[s0] -> (s0 floordiv 16)>
#map5 = affine_map<()[s0] -> (s0 mod 16)>
#map6 = affine_map<()[s0, s1, s2] -> (s0 + s1 + s2)>
#map7 = affine_map<(d0) -> (d0, 0)>
#map8 = affine_map<(d0) -> (0)>
#map9 = affine_map<()[s0] -> (s0 * 128)>
#map10 = affine_map<()[s0] -> (s0 * 8)>
#map11 = affine_map<()[s0, s1, s2] -> (-s0 + s1 - s2)>
#map12 = affine_map<()[s0] -> (s0 * 128 + 128)>
#map13 = affine_map<()[s0, s1] -> (s0 - s1 * 128)>
module attributes {dlti.target_system_spec = #dlti.target_system_spec<"NPU" : #hacc.target_device_spec<#dlti.dl_entry<"AI_CORE_COUNT", 28 : i32>, #dlti.dl_entry<"CUBE_CORE_COUNT", 28 : i32>, #dlti.dl_entry<"VECTOR_CORE_COUNT", 56 : i32>, #dlti.dl_entry<"UB_SIZE", 2031616 : i32>, #dlti.dl_entry<"L1_SIZE", 4194304 : i32>, #dlti.dl_entry<"L0A_SIZE", 524288 : i32>, #dlti.dl_entry<"L0B_SIZE", 524288 : i32>, #dlti.dl_entry<"L0C_SIZE", 2097152 : i32>, #dlti.dl_entry<"UB_ALIGN_SIZE", 256 : i32>, #dlti.dl_entry<"L1_ALIGN_SIZE", 256 : i32>, #dlti.dl_entry<"L0C_ALIGN_SIZE", 4096 : i32>, #dlti.dl_entry<"MINIMAL_D_CACHE_SIZE", 262144 : i32>, #dlti.dl_entry<"MAXIMUM_D_CACHE_SIZE", 983040 : i32>, #dlti.dl_entry<"ARCH", "dav-c310">>>, hacc.target = #hacc.target<"Ascend950PR_957b">, hivm.module_core_type = #hivm.module_core_type<MIX>} {
  func.func @paged_prefill_page_aggregation_kernel_mix_aiv_outlined_merged_vf_0(%arg0: memref<128xf32, #hivm.address_space<ub>>, %arg1: memref<128xf32, #hivm.address_space<ub>>, %arg2: memref<128xf32, #hivm.address_space<ub>>, %arg3: memref<128x64xf32, #hivm.address_space<ub>>, %arg4: memref<4x128x16xbf16, strided<[2064, 16, 1]>, #hivm.address_space<ub>>) attributes {hivm.func_core_type = #hivm.func_core_type<AIV>, hivm.vector_function} {
    %c1 = arith.constant 1 : index
    %cst = arith.constant 0.000000e+00 : f32
    %c64 = arith.constant 64 : index
    %c128 = arith.constant 128 : index
    %c0 = arith.constant 0 : index
    scf.for %arg5 = %c0 to %c128 step %c64 {
      %subview = memref.subview %arg0[%arg5] [64] [1] : memref<128xf32, #hivm.address_space<ub>> to memref<64xf32, strided<[1], offset: ?>, #hivm.address_space<ub>>
      %subview_0 = memref.subview %arg1[%arg5] [64] [1] : memref<128xf32, #hivm.address_space<ub>> to memref<64xf32, strided<[1], offset: ?>, #hivm.address_space<ub>>
      %subview_1 = memref.subview %arg2[%arg5] [64] [1] : memref<128xf32, #hivm.address_space<ub>> to memref<64xf32, strided<[1], offset: ?>, #hivm.address_space<ub>>
      %0 = vector.transfer_read %subview[%c0], %cst {in_bounds = [true]} : memref<64xf32, strided<[1], offset: ?>, #hivm.address_space<ub>>, vector<64xf32>
      %1 = vector.transfer_read %subview_0[%c0], %cst {in_bounds = [true]} : memref<64xf32, strided<[1], offset: ?>, #hivm.address_space<ub>>, vector<64xf32>
      %2 = arith.subf %0, %1 : vector<64xf32>
      vector.transfer_write %2, %subview_1[%c0] {in_bounds = [true]} : vector<64xf32>, memref<64xf32, strided<[1], offset: ?>, #hivm.address_space<ub>>
    }
    scf.for %arg5 = %c0 to %c128 step %c1 {
      %subview = memref.subview %arg3[%arg5, 0] [1, 64] [1, 1] : memref<128x64xf32, #hivm.address_space<ub>> to memref<1x64xf32, strided<[64, 1], offset: ?>, #hivm.address_space<ub>>
      %0 = vector.transfer_read %subview[%c0, %c0], %cst {in_bounds = [true, true]} : memref<1x64xf32, strided<[64, 1], offset: ?>, #hivm.address_space<ub>>, vector<1x64xf32>
      %1 = arith.truncf %0 {enable_saturate = false, round_mode = #hfusion.round_mode<rint>, unsigned_mode = #hfusion.unsigned_mode<si2si>} : vector<1x64xf32> to vector<1x64xbf16>
      %subview_0 = memref.subview %arg4[0, %arg5, 0] [4, 1, 16] [1, 1, 1] : memref<4x128x16xbf16, strided<[2064, 16, 1]>, #hivm.address_space<ub>> to memref<4x1x16xbf16, strided<[2064, 16, 1], offset: ?>, #hivm.address_space<ub>>
      %2 = vector.shape_cast %1 : vector<1x64xbf16> to vector<4x1x16xbf16>
      vector.transfer_write %2, %subview_0[%c0, %c0, %c0] {in_bounds = [true, true, true]} : vector<4x1x16xbf16>, memref<4x1x16xbf16, strided<[2064, 16, 1], offset: ?>, #hivm.address_space<ub>>
    }
    return
  }
  func.func @paged_prefill_page_aggregation_kernel_mix_aic(%arg0: memref<?xi8, #hivm.address_space<gm>> {hacc.arg_type = #hacc.arg_type<sync_block_lock>}, %arg1: memref<?xi8, #hivm.address_space<gm>> {hacc.arg_type = #hacc.arg_type<workspace>}, %arg2: memref<?xbf16, #hivm.address_space<gm>> {tt.divisibility = 16 : i32, tt.tensor_kind = 0 : i32}, %arg3: memref<?xbf16, #hivm.address_space<gm>> {tt.divisibility = 16 : i32, tt.tensor_kind = 0 : i32}, %arg4: memref<?xbf16, #hivm.address_space<gm>> {tt.divisibility = 16 : i32, tt.tensor_kind = 0 : i32}, %arg5: memref<?xbf16, #hivm.address_space<gm>> {tt.divisibility = 16 : i32, tt.tensor_kind = 1 : i32}, %arg6: memref<?xi8, #hivm.address_space<gm>> {tt.divisibility = 16 : i32, tt.tensor_kind = 0 : i32}, %arg7: memref<?xi32, #hivm.address_space<gm>> {tt.divisibility = 16 : i32, tt.tensor_kind = 0 : i32}, %arg8: memref<?xi32, #hivm.address_space<gm>> {tt.divisibility = 16 : i32, tt.tensor_kind = 0 : i32}, %arg9: memref<?xi32, #hivm.address_space<gm>> {tt.divisibility = 16 : i32, tt.tensor_kind = 0 : i32}, %arg10: memref<?xi32, #hivm.address_space<gm>> {tt.divisibility = 16 : i32, tt.tensor_kind = 0 : i32}, %arg11: memref<?xi32, #hivm.address_space<gm>> {tt.divisibility = 16 : i32, tt.tensor_kind = 0 : i32}, %arg12: memref<?xi32, #hivm.address_space<gm>> {tt.divisibility = 16 : i32, tt.tensor_kind = 0 : i32}, %arg13: memref<?xi32, #hivm.address_space<gm>> {tt.tensor_kind = 0 : i32}, %arg14: memref<?xf32, #hivm.address_space<gm>> {tt.divisibility = 16 : i32, tt.tensor_kind = 0 : i32}, %arg15: i32 {tt.divisibility = 16 : i32}, %arg16: i32 {tt.divisibility = 16 : i32}, %arg17: i32 {tt.divisibility = 16 : i32}, %arg18: i32 {tt.divisibility = 16 : i32}, %arg19: i32 {tt.divisibility = 16 : i32}, %arg20: i32 {tt.divisibility = 16 : i32}, %arg21: i32 {tt.divisibility = 16 : i32}, %arg22: i32 {tt.divisibility = 16 : i32}, %arg23: i32 {tt.divisibility = 16 : i32}, %arg24: i32 {tt.divisibility = 16 : i32}, %arg25: i32, %arg26: i32 {tt.divisibility = 16 : i32}, %arg27: f32, %arg28: i32, %arg29: i32, %arg30: i32) attributes {SyncBlockLockArgIdx = 0 : i64, WorkspaceArgIdx = 1 : i64, func_dyn_memref_args = dense<[true, true, true, true, true, true, true, true, true, true, true, true, true, true, true, false, false, false, false, false, false, false, false, false, false, false, false, false, false, false, false]> : vector<31xi1>, hacc.entry, hacc.function_kind = #hacc.function_kind<DEVICE>, hivm.func_core_type = #hivm.func_core_type<AIC>, hivm.part_of_mix, hivm.vf_mode = #hivm.vf_mode<SIMD>, mix_mode = "mix", parallel_mode = "simd"} {
    %0 = llvm.mlir.constant(1024 : i64) : i64
    %1 = llvm.mlir.constant(0 : i64) : i64
    %2 = llvm.mlir.constant(0 : i32) : i32
    %c0_i32 = arith.constant 0 : i32
    %cst = arith.constant 0.000000e+00 : bf16
    %c0 = arith.constant 0 : index
    %c63_i32 = arith.constant 63 : i32
    %c256_i32 = arith.constant 256 : i32
    %c256 = arith.constant 256 : index
    %c64_i32 = arith.constant 64 : i32
    %c64 = arith.constant 64 : index
    %c12_i32 = arith.constant 12 : i32
    %3 = llvm.mlir.constant(4 : i64) : i64
    %4 = llvm.mlir.constant(1028 : i64) : i64
    %5 = llvm.mlir.constant(8 : i64) : i64
    %6 = llvm.mlir.constant(1032 : i64) : i64
    %c3_i32 = arith.constant 3 : i32
    %c1_i32 = arith.constant 1 : i32
    %true = arith.constant true
    %c28_i32 = arith.constant 28 : i32
    %7 = arith.muli %arg28, %arg29 : i32
    %8 = arith.muli %7, %arg30 : i32
    annotation.mark %8 {logical_block_num} : i32
    %9 = hivm.hir.get_block_idx -> i64
    %10 = arith.trunci %9 : i64 to i32
    %11 = llvm.inttoptr %1 : i64 to !llvm.ptr<11>
    %12 = llvm.inttoptr %0 : i64 to !llvm.ptr<11>
    %13 = llvm.inttoptr %3 : i64 to !llvm.ptr<11>
    %14 = llvm.inttoptr %4 : i64 to !llvm.ptr<11>
    %15 = llvm.inttoptr %5 : i64 to !llvm.ptr<11>
    %16 = llvm.inttoptr %6 : i64 to !llvm.ptr<11>
    scf.for %arg31 = %10 to %8 step %c28_i32  : i32 {
      hivm.hir.set_ctrl false at ctrl[60]
      hivm.hir.set_ctrl true at ctrl[48]
      %17 = arith.remsi %arg31, %arg28 : i32
      llvm.store volatile %2, %11 : i32, !llvm.ptr<11>
      llvm.store volatile %2, %12 : i32, !llvm.ptr<11>
      llvm.store volatile %2, %13 : i32, !llvm.ptr<11>
      llvm.store volatile %2, %14 : i32, !llvm.ptr<11>
      llvm.store volatile %2, %15 : i32, !llvm.ptr<11>
      llvm.store volatile %2, %16 : i32, !llvm.ptr<11>
      %18 = arith.index_cast %17 : i32 to index
      %reinterpret_cast = memref.reinterpret_cast %arg10 to offset: [%18], sizes: [1], strides: [1] : memref<?xi32, #hivm.address_space<gm>> to memref<1xi32, strided<[1], offset: ?>, #hivm.address_space<gm>>
      %19 = memref.load %reinterpret_cast[%c0] : memref<1xi32, strided<[1], offset: ?>, #hivm.address_space<gm>>
      %20 = affine.apply #map()[%18]
      %reinterpret_cast_0 = memref.reinterpret_cast %arg10 to offset: [%20], sizes: [1], strides: [1] : memref<?xi32, #hivm.address_space<gm>> to memref<1xi32, strided<[1], offset: ?>, #hivm.address_space<gm>>
      %21 = memref.load %reinterpret_cast_0[%c0] : memref<1xi32, strided<[1], offset: ?>, #hivm.address_space<gm>>
      scf.for %arg32 = %19 to %21 step %c1_i32  : i32 {
        %22 = arith.index_cast %arg32 : i32 to index
        %reinterpret_cast_1 = memref.reinterpret_cast %arg7 to offset: [%22], sizes: [1], strides: [1] : memref<?xi32, #hivm.address_space<gm>> to memref<1xi32, strided<[1], offset: ?>, #hivm.address_space<gm>>
        %23 = memref.load %reinterpret_cast_1[%c0] : memref<1xi32, strided<[1], offset: ?>, #hivm.address_space<gm>>
        %24 = arith.index_cast %23 : i32 to index
        %reinterpret_cast_2 = memref.reinterpret_cast %arg11 to offset: [%24], sizes: [1], strides: [1] : memref<?xi32, #hivm.address_space<gm>> to memref<1xi32, strided<[1], offset: ?>, #hivm.address_space<gm>>
        %25 = memref.load %reinterpret_cast_2[%c0] : memref<1xi32, strided<[1], offset: ?>, #hivm.address_space<gm>>
        %26 = affine.apply #map()[%24]
        %reinterpret_cast_3 = memref.reinterpret_cast %arg11 to offset: [%26], sizes: [1], strides: [1] : memref<?xi32, #hivm.address_space<gm>> to memref<1xi32, strided<[1], offset: ?>, #hivm.address_space<gm>>
        %27 = memref.load %reinterpret_cast_3[%c0] : memref<1xi32, strided<[1], offset: ?>, #hivm.address_space<gm>>
        %28 = arith.subi %27, %25 : i32
        %29 = arith.cmpi sgt, %28, %c0_i32 : i32
        %reinterpret_cast_4 = memref.reinterpret_cast %arg8 to offset: [%22], sizes: [1], strides: [1] : memref<?xi32, #hivm.address_space<gm>> to memref<1xi32, strided<[1], offset: ?>, #hivm.address_space<gm>>
        %30 = memref.load %reinterpret_cast_4[%c0] : memref<1xi32, strided<[1], offset: ?>, #hivm.address_space<gm>>
        %reinterpret_cast_5 = memref.reinterpret_cast %arg9 to offset: [%22], sizes: [1], strides: [1] : memref<?xi32, #hivm.address_space<gm>> to memref<1xi32, strided<[1], offset: ?>, #hivm.address_space<gm>>
        %31 = memref.load %reinterpret_cast_5[%c0] : memref<1xi32, strided<[1], offset: ?>, #hivm.address_space<gm>>
        scf.if %29 {
          %reinterpret_cast_6 = memref.reinterpret_cast %arg12 to offset: [%24], sizes: [1], strides: [1] : memref<?xi32, #hivm.address_space<gm>> to memref<1xi32, strided<[1], offset: ?>, #hivm.address_space<gm>>
          %32 = memref.load %reinterpret_cast_6[%c0] : memref<1xi32, strided<[1], offset: ?>, #hivm.address_space<gm>>
          %33 = arith.subi %32, %28 : i32
          %34 = arith.muli %30, %c256_i32 : i32
          %35 = arith.addi %34, %c256_i32 : i32
          %36 = arith.minsi %35, %28 : i32
          %37 = arith.addi %33, %36 : i32
          %38 = arith.addi %37, %c63_i32 : i32
          %39 = arith.divsi %38, %c64_i32 : i32
          %40 = arith.divsi %31, %c12_i32 : i32
          %41 = arith.subi %36, %34 : i32
          %42 = arith.addi %25, %34 : i32
          %43 = arith.muli %42, %arg15 : i32
          %44 = arith.muli %31, %arg16 : i32
          %45 = arith.index_cast %43 : i32 to index
          %46 = arith.index_cast %44 : i32 to index
          %47 = affine.apply #map1()[%45, %46]
          %48 = arith.index_cast %arg15 : i32 to index
          %49 = arith.index_cast %41 : i32 to index
          %reinterpret_cast_7 = memref.reinterpret_cast %arg2 to offset: [%47], sizes: [256, 256], strides: [%48, 1] : memref<?xbf16, #hivm.address_space<gm>> to memref<256x256xbf16, strided<[?, 1], offset: ?>, #hivm.address_space<gm>>
          %50 = arith.maxsi %49, %c0 : index
          %51 = arith.minsi %50, %c256 : index
          %52 = arith.minsi %51, %c0 : index
          %53 = affine.apply #map2()[%51, %52]
          %54 = arith.cmpi slt, %53, %c256 : index
          %subview = memref.subview %reinterpret_cast_7[0, 0] [%53, 256] [1, 1] : memref<256x256xbf16, strided<[?, 1], offset: ?>, #hivm.address_space<gm>> to memref<?x256xbf16, strided<[?, 1], offset: ?>, #hivm.address_space<gm>>
          %55 = arith.subi %arg25, %c1_i32 : i32
          %56 = arith.muli %23, %arg25 : i32
          %57 = arith.muli %40, %arg18 : i32
          %58 = arith.muli %40, %arg21 : i32
          %alloc = memref.alloc() : memref<16x16x16x16xbf16, #hivm.address_space<cbuf>>
          annotation.mark %alloc {hivm.multi_buffer = 2 : i32} : memref<16x16x16x16xbf16, #hivm.address_space<cbuf>>
          %cast = memref.cast %alloc : memref<16x16x16x16xbf16, #hivm.address_space<cbuf>> to memref<?x?x?x?xbf16, #hivm.address_space<cbuf>>
          %59 = affine.apply #map3()[%51, %52]
          %60 = affine.apply #map4()[%52]
          %61 = affine.apply #map5()[%52]
          %subview_8 = memref.subview %alloc[0, %60, %61, 0] [16, %59, 16, 16] [1, 1, 1, 1] : memref<16x16x16x16xbf16, #hivm.address_space<cbuf>> to memref<16x?x16x16xbf16, strided<[4096, 256, 16, 1], offset: ?>, #hivm.address_space<cbuf>>
          %cast_9 = memref.cast %subview_8 : memref<16x?x16x16xbf16, strided<[4096, 256, 16, 1], offset: ?>, #hivm.address_space<cbuf>> to memref<?x?x?x?xbf16, strided<[?, ?, ?, 1], offset: ?>, #hivm.address_space<cbuf>>
          scf.if %54 {
            %collapse_shape = memref.collapse_shape %alloc [[0, 1, 2, 3]] : memref<16x16x16x16xbf16, #hivm.address_space<cbuf>> into memref<65536xbf16, #hivm.address_space<cbuf>>
            hivm.hir.vbrc ins(%cst : bf16) outs(%collapse_shape : memref<65536xbf16, #hivm.address_space<cbuf>>)
          } {hivm.unlikely_condition}
          hivm.hir.nd2nz {dst_continuous} ins(%subview : memref<?x256xbf16, strided<[?, 1], offset: ?>, #hivm.address_space<gm>>) outs(%cast_9 : memref<?x?x?x?xbf16, strided<[?, ?, ?, 1], offset: ?>, #hivm.address_space<cbuf>>)
          %alloc_10 = memref.alloc() : memref<4x16x16x16xbf16, #hivm.address_space<cbuf>>
          annotation.mark %alloc_10 {effects = ["write", "read"], hivm.tightly_coupled_buffer = #hivm.tightly_coupled_buffer<0>, hivm.tiling_dim = -1 : index} : memref<4x16x16x16xbf16, #hivm.address_space<cbuf>>
          hivm.hir.sync_block_set[<CUBE>, <PIPE_M>, <PIPE_MTE3>] flag = 1
          %alloc_11 = memref.alloc() : memref<128x64xf32, #hivm.address_space<ub>>
          annotation.mark %alloc_11 {effects = ["write", "read"], hivm.tightly_coupled_buffer = #hivm.tightly_coupled_buffer<1>, hivm.tiling_dim = 0 : index} : memref<128x64xf32, #hivm.address_space<ub>>
          %alloc_12 = memref.alloc() : memref<128x256xf32, #hivm.address_space<ub>>
          annotation.mark %alloc_12 {effects = ["write", "read"], hivm.tightly_coupled_buffer = #hivm.tightly_coupled_buffer<2>, hivm.tiling_dim = 0 : index} : memref<128x256xf32, #hivm.address_space<ub>>
          %62 = arith.addi %39, %c3_i32 : i32
          %63:3 = scf.for %arg33 = %c0_i32 to %62 step %c1_i32 iter_args(%arg34 = %c0_i32, %arg35 = %c0_i32, %arg36 = %c0_i32) -> (i32, i32, i32)  : i32 {
            hivm.hir.sync_block_wait[<CUBE>, <PIPE_S>, <PIPE_S>] flag = 15
            %64 = arith.cmpi slt, %arg34, %39 : i32
            %65 = scf.if %64 -> (i32) {
              %88 = arith.addi %arg34, %c1_i32 : i32
              scf.yield %88 : i32
            } else {
              scf.yield %arg34 : i32
            } {hivm.matmul_limited_in_cube, ssbuffer.if = 8 : i32}
            %66 = llvm.load volatile %11 : !llvm.ptr<11> -> i32
            %67 = llvm.load volatile %12 : !llvm.ptr<11> -> i32
            %68 = arith.cmpi slt, %66, %c1_i32 : i32
            %69 = arith.cmpi slt, %67, %c1_i32 : i32
            %70 = arith.andi %68, %69 : i1
            %71 = arith.cmpi slt, %arg35, %39 : i32
            %72 = arith.andi %70, %71 : i1
            %73 = scf.if %72 -> (i32) {
              %88 = arith.muli %arg35, %c64_i32 : i32
              %89 = arith.addi %88, %c64_i32 : i32
              %90 = arith.minsi %89, %32 : i32
              %91 = arith.subi %90, %88 : i32
              %92 = arith.maxsi %91, %c0_i32 : i32
              %93 = arith.index_cast %arg19 : i32 to index
              %94 = arith.index_cast %92 : i32 to index
              %95 = arith.maxsi %94, %c0 : index
              %96 = arith.minsi %95, %c64 : index
              %97 = arith.minsi %96, %c0 : index
              %98 = affine.apply #map2()[%96, %97]
              %99 = arith.cmpi slt, %98, %c64 : index
              %alloc_13 = memref.alloc() : memref<16x4x16x16xbf16, #hivm.address_space<cbuf>>
              annotation.mark %alloc_13 {hivm.multi_buffer = 2 : i32} : memref<16x4x16x16xbf16, #hivm.address_space<cbuf>>
              %cast_14 = memref.cast %alloc_13 : memref<16x4x16x16xbf16, #hivm.address_space<cbuf>> to memref<?x?x?x?xbf16, #hivm.address_space<cbuf>>
              %100 = arith.divsi %88, %c64_i32 : i32
              %101 = arith.minsi %100, %55 : i32
              %102 = arith.remsi %88, %c64_i32 : i32
              %103 = arith.index_cast %56 : i32 to index
              %104 = arith.index_cast %101 : i32 to index
              %105 = affine.apply #map1()[%103, %104]
              %reinterpret_cast_15 = memref.reinterpret_cast %arg13 to offset: [%105], sizes: [1], strides: [1] : memref<?xi32, #hivm.address_space<gm>> to memref<1xi32, strided<[1], offset: ?>, #hivm.address_space<gm>>
              %106 = memref.load %reinterpret_cast_15[%c0] : memref<1xi32, strided<[1], offset: ?>, #hivm.address_space<gm>>
              %107 = arith.muli %106, %arg17 : i32
              %108 = arith.index_cast %107 : i32 to index
              %109 = arith.index_cast %57 : i32 to index
              %110 = arith.muli %102, %arg19 : i32
              %111 = arith.index_cast %110 : i32 to index
              %112 = affine.apply #map6()[%111, %108, %109]
              %reinterpret_cast_16 = memref.reinterpret_cast %arg3 to offset: [%112], sizes: [64, 256], strides: [%93, 1] : memref<?xbf16, #hivm.address_space<gm>> to memref<64x256xbf16, strided<[?, 1], offset: ?>, #hivm.address_space<gm>>
              %subview_17 = memref.subview %reinterpret_cast_16[0, 0] [%98, 256] [1, 1] : memref<64x256xbf16, strided<[?, 1], offset: ?>, #hivm.address_space<gm>> to memref<?x256xbf16, strided<[?, 1], offset: ?>, #hivm.address_space<gm>>
              %113 = affine.apply #map3()[%96, %97]
              %114 = affine.apply #map4()[%97]
              %115 = affine.apply #map5()[%97]
              %subview_18 = memref.subview %alloc_13[0, %114, %115, 0] [16, %113, 16, 16] [1, 1, 1, 1] : memref<16x4x16x16xbf16, #hivm.address_space<cbuf>> to memref<16x?x16x16xbf16, strided<[1024, 256, 16, 1], offset: ?>, #hivm.address_space<cbuf>>
              %cast_19 = memref.cast %subview_18 : memref<16x?x16x16xbf16, strided<[1024, 256, 16, 1], offset: ?>, #hivm.address_space<cbuf>> to memref<?x?x?x?xbf16, strided<[?, ?, ?, 1], offset: ?>, #hivm.address_space<cbuf>>
              scf.if %99 {
                %collapse_shape = memref.collapse_shape %alloc_13 [[0, 1, 2, 3]] : memref<16x4x16x16xbf16, #hivm.address_space<cbuf>> into memref<16384xbf16, #hivm.address_space<cbuf>>
                hivm.hir.vbrc ins(%cst : bf16) outs(%collapse_shape : memref<16384xbf16, #hivm.address_space<cbuf>>)
              } {hivm.unlikely_condition}
              hivm.hir.nd2nz {dst_continuous} ins(%subview_17 : memref<?x256xbf16, strided<[?, 1], offset: ?>, #hivm.address_space<gm>>) outs(%cast_19 : memref<?x?x?x?xbf16, strided<[?, ?, ?, 1], offset: ?>, #hivm.address_space<cbuf>>)
              %alloc_20 = memref.alloc() {alignment = 64 : i64} : memref<4x16x16x16xf32, #hivm.address_space<cc>>
              annotation.mark %alloc_20 {hivm.multi_buffer = 2 : i32} : memref<4x16x16x16xf32, #hivm.address_space<cc>>
              %cast_21 = memref.cast %alloc_20 : memref<4x16x16x16xf32, #hivm.address_space<cc>> to memref<?x?x?x?xf32, #hivm.address_space<cc>>
              hivm.hir.mmadL1 {already_set_real_mkn, b_transpose, normalized_in_L0C} ins(%cast, %cast_14, %true, %c256, %c256, %c64 : memref<?x?x?x?xbf16, #hivm.address_space<cbuf>>, memref<?x?x?x?xbf16, #hivm.address_space<cbuf>>, i1, index, index, index) outs(%cast_21 : memref<?x?x?x?xf32, #hivm.address_space<cc>>)
              hivm.hir.sync_block_wait[<CUBE>, <PIPE_V>, <PIPE_FIX>] flag = 2
              hivm.hir.fixpipe {dma_mode = #hivm.dma_mode<nz2nd>} ins(%alloc_20 : memref<4x16x16x16xf32, #hivm.address_space<cc>>) outs(%alloc_11 : memref<128x64xf32, #hivm.address_space<ub>>) dual_dst_mode = <ROW_SPLIT>
              hivm.hir.sync_block_set[<CUBE>, <PIPE_FIX>, <PIPE_V>] flag = 2
              %116 = llvm.load volatile %11 : !llvm.ptr<11> -> i32
              %117 = llvm.load volatile %12 : !llvm.ptr<11> -> i32
              %118 = arith.addi %116, %c1_i32 : i32
              %119 = arith.addi %117, %c1_i32 : i32
              llvm.store volatile %118, %11 : i32, !llvm.ptr<11>
              llvm.store volatile %119, %12 : i32, !llvm.ptr<11>
              %120 = arith.addi %arg35, %c1_i32 : i32
              scf.yield %120 : i32
            } else {
              scf.yield %arg35 : i32
            } {hivm.matmul_limited_in_cube, ssbuffer.if = 5 : i32}
            %74 = llvm.load volatile %15 : !llvm.ptr<11> -> i32
            %75 = llvm.load volatile %16 : !llvm.ptr<11> -> i32
            %76 = arith.cmpi sgt, %74, %c0_i32 : i32
            %77 = arith.cmpi sgt, %75, %c0_i32 : i32
            %78 = arith.andi %76, %77 : i1
            %79 = llvm.load volatile %13 : !llvm.ptr<11> -> i32
            %80 = llvm.load volatile %14 : !llvm.ptr<11> -> i32
            %81 = arith.cmpi slt, %79, %c1_i32 : i32
            %82 = arith.cmpi slt, %80, %c1_i32 : i32
            %83 = arith.andi %81, %82 : i1
            %84 = arith.andi %78, %83 : i1
            %85 = arith.cmpi slt, %arg36, %39 : i32
            %86 = arith.andi %84, %85 : i1
            %87 = scf.if %86 -> (i32) {
              %88 = arith.muli %arg36, %c64_i32 : i32
              %89 = arith.addi %88, %c64_i32 : i32
              %90 = arith.minsi %89, %32 : i32
              %91 = arith.subi %90, %88 : i32
              %92 = arith.maxsi %91, %c0_i32 : i32
              %93 = arith.index_cast %92 : i32 to index
              %94 = arith.index_cast %arg22 : i32 to index
              %95 = arith.maxsi %93, %c0 : index
              %96 = arith.minsi %95, %c64 : index
              %97 = arith.minsi %96, %c0 : index
              %98 = affine.apply #map2()[%96, %97]
              %99 = arith.cmpi slt, %98, %c64 : index
              %100 = arith.divsi %88, %c64_i32 : i32
              %101 = arith.minsi %100, %55 : i32
              %102 = arith.remsi %88, %c64_i32 : i32
              %103 = arith.index_cast %56 : i32 to index
              %104 = arith.index_cast %101 : i32 to index
              %105 = affine.apply #map1()[%103, %104]
              %reinterpret_cast_13 = memref.reinterpret_cast %arg13 to offset: [%105], sizes: [1], strides: [1] : memref<?xi32, #hivm.address_space<gm>> to memref<1xi32, strided<[1], offset: ?>, #hivm.address_space<gm>>
              %106 = memref.load %reinterpret_cast_13[%c0] : memref<1xi32, strided<[1], offset: ?>, #hivm.address_space<gm>>
              %alloc_14 = memref.alloc() : memref<16x4x16x16xbf16, #hivm.address_space<cbuf>>
              annotation.mark %alloc_14 {hivm.multi_buffer = 2 : i32} : memref<16x4x16x16xbf16, #hivm.address_space<cbuf>>
              %cast_15 = memref.cast %alloc_14 : memref<16x4x16x16xbf16, #hivm.address_space<cbuf>> to memref<?x?x?x?xbf16, #hivm.address_space<cbuf>>
              %107 = arith.muli %106, %arg20 : i32
              %108 = arith.index_cast %107 : i32 to index
              %109 = arith.index_cast %58 : i32 to index
              %110 = arith.muli %102, %arg22 : i32
              %111 = arith.index_cast %110 : i32 to index
              %112 = affine.apply #map6()[%111, %108, %109]
              %reinterpret_cast_16 = memref.reinterpret_cast %arg4 to offset: [%112], sizes: [64, 256], strides: [%94, 1] : memref<?xbf16, #hivm.address_space<gm>> to memref<64x256xbf16, strided<[?, 1], offset: ?>, #hivm.address_space<gm>>
              %subview_17 = memref.subview %reinterpret_cast_16[0, 0] [%98, 256] [1, 1] : memref<64x256xbf16, strided<[?, 1], offset: ?>, #hivm.address_space<gm>> to memref<?x256xbf16, strided<[?, 1], offset: ?>, #hivm.address_space<gm>>
              %113 = affine.apply #map3()[%96, %97]
              %114 = affine.apply #map4()[%97]
              %115 = affine.apply #map5()[%97]
              %subview_18 = memref.subview %alloc_14[0, %114, %115, 0] [16, %113, 16, 16] [1, 1, 1, 1] : memref<16x4x16x16xbf16, #hivm.address_space<cbuf>> to memref<16x?x16x16xbf16, strided<[1024, 256, 16, 1], offset: ?>, #hivm.address_space<cbuf>>
              %cast_19 = memref.cast %subview_18 : memref<16x?x16x16xbf16, strided<[1024, 256, 16, 1], offset: ?>, #hivm.address_space<cbuf>> to memref<?x?x?x?xbf16, strided<[?, ?, ?, 1], offset: ?>, #hivm.address_space<cbuf>>
              scf.if %99 {
                %collapse_shape = memref.collapse_shape %alloc_14 [[0, 1, 2, 3]] : memref<16x4x16x16xbf16, #hivm.address_space<cbuf>> into memref<16384xbf16, #hivm.address_space<cbuf>>
                hivm.hir.vbrc ins(%cst : bf16) outs(%collapse_shape : memref<16384xbf16, #hivm.address_space<cbuf>>)
              } {hivm.unlikely_condition}
              hivm.hir.nd2nz {dst_continuous} ins(%subview_17 : memref<?x256xbf16, strided<[?, 1], offset: ?>, #hivm.address_space<gm>>) outs(%cast_19 : memref<?x?x?x?xbf16, strided<[?, ?, ?, 1], offset: ?>, #hivm.address_space<cbuf>>)
              hivm.hir.sync_block_wait[<CUBE>, <PIPE_MTE3>, <PIPE_MTE1>] flag = 1
              %alloc_20 = memref.alloc() {alignment = 64 : i64} : memref<16x16x16x16xf32, #hivm.address_space<cc>>
              annotation.mark %alloc_20 {hivm.multi_buffer = 2 : i32} : memref<16x16x16x16xf32, #hivm.address_space<cc>>
              %cast_21 = memref.cast %alloc_20 : memref<16x16x16x16xf32, #hivm.address_space<cc>> to memref<?x?x?x?xf32, #hivm.address_space<cc>>
              hivm.hir.mmadL1 {already_set_real_mkn, normalized_in_L0C} ins(%alloc_10, %cast_15, %true, %c256, %c64, %c256 : memref<4x16x16x16xbf16, #hivm.address_space<cbuf>>, memref<?x?x?x?xbf16, #hivm.address_space<cbuf>>, i1, index, index, index) outs(%cast_21 : memref<?x?x?x?xf32, #hivm.address_space<cc>>)
              hivm.hir.sync_block_set[<CUBE>, <PIPE_M>, <PIPE_MTE3>] flag = 1
              hivm.hir.sync_block_wait[<CUBE>, <PIPE_V>, <PIPE_FIX>] flag = 3
              hivm.hir.fixpipe {dma_mode = #hivm.dma_mode<nz2nd>} ins(%alloc_20 : memref<16x16x16x16xf32, #hivm.address_space<cc>>) outs(%alloc_12 : memref<128x256xf32, #hivm.address_space<ub>>) dual_dst_mode = <ROW_SPLIT>
              hivm.hir.sync_block_set[<CUBE>, <PIPE_FIX>, <PIPE_V>] flag = 3
              %116 = llvm.load volatile %15 : !llvm.ptr<11> -> i32
              %117 = llvm.load volatile %16 : !llvm.ptr<11> -> i32
              %118 = arith.subi %116, %c1_i32 : i32
              %119 = arith.subi %117, %c1_i32 : i32
              llvm.store volatile %118, %15 : i32, !llvm.ptr<11>
              llvm.store volatile %119, %16 : i32, !llvm.ptr<11>
              %120 = llvm.load volatile %13 : !llvm.ptr<11> -> i32
              %121 = llvm.load volatile %14 : !llvm.ptr<11> -> i32
              %122 = arith.addi %120, %c1_i32 : i32
              %123 = arith.addi %121, %c1_i32 : i32
              llvm.store volatile %122, %13 : i32, !llvm.ptr<11>
              llvm.store volatile %123, %14 : i32, !llvm.ptr<11>
              %124 = arith.addi %arg36, %c1_i32 : i32
              scf.yield %124 : i32
            } else {
              scf.yield %arg36 : i32
            } {hivm.matmul_limited_in_cube, ssbuffer.if = 7 : i32}
            hivm.hir.sync_block_set[<CUBE>, <PIPE_S>, <PIPE_S>] flag = 15
            scf.yield %65, %73, %87 : i32, i32, i32
          } {fixpipe_for_mmad_result_already_inserted = true}
          hivm.hir.sync_block_wait[<CUBE>, <PIPE_S>, <PIPE_S>] flag = 15
          hivm.hir.sync_block_wait[<CUBE>, <PIPE_V>, <PIPE_FIX>] flag = 3
          hivm.hir.sync_block_wait[<CUBE>, <PIPE_V>, <PIPE_FIX>] flag = 2
        }
      }
      hivm.hir.set_ctrl true at ctrl[60]
    } {autoblockify.subloop}
    return
  }
  func.func @paged_prefill_page_aggregation_kernel_mix_aiv_outlined_vf_0(%arg0: memref<128x64xi8, #hivm.address_space<ub>>, %arg1: memref<128x64xf32, #hivm.address_space<ub>>, %arg2: f32, %arg3: memref<128x64xf32, #hivm.address_space<ub>>) attributes {hivm.func_core_type = #hivm.func_core_type<AIV>, hivm.vector_function, no_inline} {
    %cst = arith.constant dense<0xFF800000> : vector<1x64xf32>
    %cst_0 = arith.constant dense<0> : vector<1x64xi8>
    %cst_1 = arith.constant 0.000000e+00 : f32
    %c0_i8 = arith.constant 0 : i8
    %c1 = arith.constant 1 : index
    %c128 = arith.constant 128 : index
    %c0 = arith.constant 0 : index
    scf.for %arg4 = %c0 to %c128 step %c1 {
      %subview = memref.subview %arg0[%arg4, 0] [1, 64] [1, 1] : memref<128x64xi8, #hivm.address_space<ub>> to memref<1x64xi8, strided<[64, 1], offset: ?>, #hivm.address_space<ub>>
      %subview_2 = memref.subview %arg1[%arg4, 0] [1, 64] [1, 1] : memref<128x64xf32, #hivm.address_space<ub>> to memref<1x64xf32, strided<[64, 1], offset: ?>, #hivm.address_space<ub>>
      %subview_3 = memref.subview %arg3[%arg4, 0] [1, 64] [1, 1] : memref<128x64xf32, #hivm.address_space<ub>> to memref<1x64xf32, strided<[64, 1], offset: ?>, #hivm.address_space<ub>>
      %0 = vector.transfer_read %subview[%c0, %c0], %c0_i8 {in_bounds = [true, true]} : memref<1x64xi8, strided<[64, 1], offset: ?>, #hivm.address_space<ub>>, vector<1x64xi8>
      %1 = vector.transfer_read %subview_2[%c0, %c0], %cst_1 {in_bounds = [true, true]} : memref<1x64xf32, strided<[64, 1], offset: ?>, #hivm.address_space<ub>>, vector<1x64xf32>
      %2 = vector.broadcast %arg2 : f32 to vector<1x64xf32>
      %3 = arith.mulf %1, %2 : vector<1x64xf32>
      %4 = arith.cmpi ne, %0, %cst_0 : vector<1x64xi8>
      %5 = arith.select %4, %3, %cst : vector<1x64xi1>, vector<1x64xf32>
      vector.transfer_write %5, %subview_3[%c0, %c0] {in_bounds = [true, true]} : vector<1x64xf32>, memref<1x64xf32, strided<[64, 1], offset: ?>, #hivm.address_space<ub>>
    }
    return
  }
  func.func @paged_prefill_page_aggregation_kernel_mix_aiv_outlined_vf_1(%arg0: memref<128x64xf32, #hivm.address_space<ub>>, %arg1: memref<128xf32, #hivm.address_space<ub>>, %arg2: memref<128xf32, #hivm.address_space<ub>>, %arg3: memref<128xf32, #hivm.address_space<ub>>, %arg4: memref<128x64xf32, #hivm.address_space<ub>>) attributes {hivm.func_core_type = #hivm.func_core_type<AIV>, hivm.vector_function, no_inline} {
    %cst = arith.constant 0.000000e+00 : f32
    %c1 = arith.constant 1 : index
    %c128 = arith.constant 128 : index
    %c64 = arith.constant 64 : index
    %c0 = arith.constant 0 : index
    scf.for %arg5 = %c0 to %c128 step %c1 {
      %subview = memref.subview %arg1[%arg5] [1] [1] : memref<128xf32, #hivm.address_space<ub>> to memref<1xf32, strided<[1], offset: ?>, #hivm.address_space<ub>>
      %subview_0 = memref.subview %arg0[%arg5, 0] [1, 64] [1, 1] : memref<128x64xf32, #hivm.address_space<ub>> to memref<1x64xf32, strided<[64, 1], offset: ?>, #hivm.address_space<ub>>
      %0 = vector.transfer_read %subview_0[%c0, %c0], %cst {in_bounds = [true, true]} : memref<1x64xf32, strided<[64, 1], offset: ?>, #hivm.address_space<ub>>, vector<1x64xf32>
      %1 = vector.transfer_read %subview[%c0], %cst {in_bounds = [true]} : memref<1xf32, strided<[1], offset: ?>, #hivm.address_space<ub>>, vector<1xf32>
      %2 = vector.multi_reduction <maximumf>, %0, %1 {withoutInitMergeOp} [1] : vector<1x64xf32> to vector<1xf32>
      vector.transfer_write %2, %subview[%c0] {in_bounds = [true]} : vector<1xf32>, memref<1xf32, strided<[1], offset: ?>, #hivm.address_space<ub>>
    }
    scf.for %arg5 = %c0 to %c128 step %c64 {
      %subview = memref.subview %arg2[%arg5] [64] [1] : memref<128xf32, #hivm.address_space<ub>> to memref<64xf32, strided<[1], offset: ?>, #hivm.address_space<ub>>
      %subview_0 = memref.subview %arg1[%arg5] [64] [1] : memref<128xf32, #hivm.address_space<ub>> to memref<64xf32, strided<[1], offset: ?>, #hivm.address_space<ub>>
      %subview_1 = memref.subview %arg3[%arg5] [64] [1] : memref<128xf32, #hivm.address_space<ub>> to memref<64xf32, strided<[1], offset: ?>, #hivm.address_space<ub>>
      %0 = vector.transfer_read %subview[%c0], %cst {in_bounds = [true]} : memref<64xf32, strided<[1], offset: ?>, #hivm.address_space<ub>>, vector<64xf32>
      %1 = vector.transfer_read %subview_0[%c0], %cst {in_bounds = [true]} : memref<64xf32, strided<[1], offset: ?>, #hivm.address_space<ub>>, vector<64xf32>
      %2 = arith.maximumf %0, %1 : vector<64xf32>
      vector.transfer_write %2, %subview_1[%c0] {in_bounds = [true]} : vector<64xf32>, memref<64xf32, strided<[1], offset: ?>, #hivm.address_space<ub>>
    }
    scf.for %arg5 = %c0 to %c128 step %c1 {
      %subview = memref.subview %arg3[%arg5] [1] [1] : memref<128xf32, #hivm.address_space<ub>> to memref<1xf32, strided<[1], offset: ?>, #hivm.address_space<ub>>
      %subview_0 = memref.subview %arg0[%arg5, 0] [1, 64] [1, 1] : memref<128x64xf32, #hivm.address_space<ub>> to memref<1x64xf32, strided<[64, 1], offset: ?>, #hivm.address_space<ub>>
      %subview_1 = memref.subview %arg4[%arg5, 0] [1, 64] [1, 1] : memref<128x64xf32, #hivm.address_space<ub>> to memref<1x64xf32, strided<[64, 1], offset: ?>, #hivm.address_space<ub>>
      %0 = vector.transfer_read %subview_0[%c0, %c0], %cst {in_bounds = [true, true]} : memref<1x64xf32, strided<[64, 1], offset: ?>, #hivm.address_space<ub>>, vector<1x64xf32>
      %1 = vector.transfer_read %subview[%c0], %cst {in_bounds = [true, true], permutation_map = #map7} : memref<1xf32, strided<[1], offset: ?>, #hivm.address_space<ub>>, vector<1x64xf32>
      %2 = arith.subf %0, %1 : vector<1x64xf32>
      %3 = math.exp %2 : vector<1x64xf32>
      vector.transfer_write %3, %subview_1[%c0, %c0] {in_bounds = [true, true]} : vector<1x64xf32>, memref<1x64xf32, strided<[64, 1], offset: ?>, #hivm.address_space<ub>>
    }
    return
  }
  func.func @paged_prefill_page_aggregation_kernel_mix_aiv_outlined_vf_4(%arg0: memref<128xf32, #hivm.address_space<ub>>, %arg1: memref<128xf32, #hivm.address_space<ub>>) attributes {hivm.func_core_type = #hivm.func_core_type<AIV>, hivm.vector_function, no_inline} {
    %cst = arith.constant 0.000000e+00 : f32
    %c64 = arith.constant 64 : index
    %c128 = arith.constant 128 : index
    %c0 = arith.constant 0 : index
    scf.for %arg2 = %c0 to %c128 step %c64 {
      %subview = memref.subview %arg0[%arg2] [64] [1] : memref<128xf32, #hivm.address_space<ub>> to memref<64xf32, strided<[1], offset: ?>, #hivm.address_space<ub>>
      %subview_0 = memref.subview %arg1[%arg2] [64] [1] : memref<128xf32, #hivm.address_space<ub>> to memref<64xf32, strided<[1], offset: ?>, #hivm.address_space<ub>>
      %0 = vector.transfer_read %subview[%c0], %cst {in_bounds = [true]} : memref<64xf32, strided<[1], offset: ?>, #hivm.address_space<ub>>, vector<64xf32>
      %1 = math.exp %0 : vector<64xf32>
      vector.transfer_write %1, %subview_0[%c0] {in_bounds = [true]} : vector<64xf32>, memref<64xf32, strided<[1], offset: ?>, #hivm.address_space<ub>>
    }
    return
  }
  func.func @paged_prefill_page_aggregation_kernel_mix_aiv_outlined_vf_5(%arg0: memref<128x64xf32, #hivm.address_space<ub>>, %arg1: memref<128xf32, #hivm.address_space<ub>>, %arg2: memref<128x256xf32, #hivm.address_space<ub>>, %arg3: memref<128x256xf32, #hivm.address_space<ub>>, %arg4: memref<128xf32, #hivm.address_space<ub>>, %arg5: memref<128x256xf32, #hivm.address_space<ub>>, %arg6: memref<128xf32, #hivm.address_space<ub>>, %arg7: memref<128xf32, #hivm.address_space<ub>>) attributes {hivm.func_core_type = #hivm.func_core_type<AIV>, hivm.vector_function, no_inline} {
    %cst = arith.constant dense<0.000000e+00> : vector<1x64xf32>
    %cst_0 = arith.constant 0.000000e+00 : f32
    %c1 = arith.constant 1 : index
    %c128 = arith.constant 128 : index
    %c256 = arith.constant 256 : index
    %c64 = arith.constant 64 : index
    %c0 = arith.constant 0 : index
    scf.for %arg8 = %c0 to %c128 step %c1 {
      %subview = memref.subview %arg4[%arg8] [1] [1] : memref<128xf32, #hivm.address_space<ub>> to memref<1xf32, strided<[1], offset: ?>, #hivm.address_space<ub>>
      %subview_1 = memref.subview %arg0[%arg8, 0] [1, 64] [1, 1] : memref<128x64xf32, #hivm.address_space<ub>> to memref<1x64xf32, strided<[64, 1], offset: ?>, #hivm.address_space<ub>>
      %0 = vector.transfer_read %subview_1[%c0, %c0], %cst_0 {in_bounds = [true, true]} : memref<1x64xf32, strided<[64, 1], offset: ?>, #hivm.address_space<ub>>, vector<1x64xf32>
      %1 = arith.addf %0, %cst {reductionOp} : vector<1x64xf32>
      %2 = vector.transfer_read %subview[%c0], %cst_0 {in_bounds = [true]} : memref<1xf32, strided<[1], offset: ?>, #hivm.address_space<ub>>, vector<1xf32>
      %3 = vector.multi_reduction <add>, %1, %2 {withoutInitMergeOp} [1] : vector<1x64xf32> to vector<1xf32>
      vector.transfer_write %3, %subview[%c0] {in_bounds = [true]} : vector<1xf32>, memref<1xf32, strided<[1], offset: ?>, #hivm.address_space<ub>>
      %subview_2 = memref.subview %arg1[%arg8] [1] [1] : memref<128xf32, #hivm.address_space<ub>> to memref<1xf32, strided<[1], offset: ?>, #hivm.address_space<ub>>
      scf.for %arg9 = %c0 to %c256 step %c64 {
        %subview_3 = memref.subview %arg2[%arg8, %arg9] [1, 64] [1, 1] : memref<128x256xf32, #hivm.address_space<ub>> to memref<1x64xf32, strided<[256, 1], offset: ?>, #hivm.address_space<ub>>
        %subview_4 = memref.subview %arg3[%arg8, %arg9] [1, 64] [1, 1] : memref<128x256xf32, #hivm.address_space<ub>> to memref<1x64xf32, strided<[256, 1], offset: ?>, #hivm.address_space<ub>>
        %subview_5 = memref.subview %arg5[%arg8, %arg9] [1, 64] [1, 1] : memref<128x256xf32, #hivm.address_space<ub>> to memref<1x64xf32, strided<[256, 1], offset: ?>, #hivm.address_space<ub>>
        %4 = vector.transfer_read %subview_3[%c0, %c0], %cst_0 {in_bounds = [true, true]} : memref<1x64xf32, strided<[256, 1], offset: ?>, #hivm.address_space<ub>>, vector<1x64xf32>
        %5 = vector.transfer_read %subview_4[%c0, %c0], %cst_0 {in_bounds = [true, true]} : memref<1x64xf32, strided<[256, 1], offset: ?>, #hivm.address_space<ub>>, vector<1x64xf32>
        %6 = vector.transfer_read %subview_2[%c0], %cst_0 {in_bounds = [true, true], permutation_map = #map7} : memref<1xf32, strided<[1], offset: ?>, #hivm.address_space<ub>>, vector<1x64xf32>
        %7 = arith.mulf %5, %6 : vector<1x64xf32>
        %8 = arith.addf %4, %7 : vector<1x64xf32>
        vector.transfer_write %8, %subview_5[%c0, %c0] {in_bounds = [true, true]} : vector<1x64xf32>, memref<1x64xf32, strided<[256, 1], offset: ?>, #hivm.address_space<ub>>
      }
    }
    scf.for %arg8 = %c0 to %c128 step %c64 {
      %subview = memref.subview %arg6[%arg8] [64] [1] : memref<128xf32, #hivm.address_space<ub>> to memref<64xf32, strided<[1], offset: ?>, #hivm.address_space<ub>>
      %subview_1 = memref.subview %arg1[%arg8] [64] [1] : memref<128xf32, #hivm.address_space<ub>> to memref<64xf32, strided<[1], offset: ?>, #hivm.address_space<ub>>
      %subview_2 = memref.subview %arg4[%arg8] [64] [1] : memref<128xf32, #hivm.address_space<ub>> to memref<64xf32, strided<[1], offset: ?>, #hivm.address_space<ub>>
      %subview_3 = memref.subview %arg7[%arg8] [64] [1] : memref<128xf32, #hivm.address_space<ub>> to memref<64xf32, strided<[1], offset: ?>, #hivm.address_space<ub>>
      %0 = vector.transfer_read %subview[%c0], %cst_0 {in_bounds = [true]} : memref<64xf32, strided<[1], offset: ?>, #hivm.address_space<ub>>, vector<64xf32>
      %1 = vector.transfer_read %subview_1[%c0], %cst_0 {in_bounds = [true]} : memref<64xf32, strided<[1], offset: ?>, #hivm.address_space<ub>>, vector<64xf32>
      %2 = vector.transfer_read %subview_2[%c0], %cst_0 {in_bounds = [true]} : memref<64xf32, strided<[1], offset: ?>, #hivm.address_space<ub>>, vector<64xf32>
      %3 = arith.mulf %0, %1 : vector<64xf32>
      %4 = arith.addf %3, %2 : vector<64xf32>
      vector.transfer_write %4, %subview_3[%c0] {in_bounds = [true]} : vector<64xf32>, memref<64xf32, strided<[1], offset: ?>, #hivm.address_space<ub>>
    }
    return
  }
  func.func @paged_prefill_page_aggregation_kernel_mix_aiv_outlined_vf_6(%arg0: memref<1xf32, #hivm.address_space<ub>>, %arg1: memref<128xf32, #hivm.address_space<ub>>) attributes {hivm.func_core_type = #hivm.func_core_type<AIV>, hivm.vector_function, no_inline} {
    %cst = arith.constant 0.000000e+00 : f32
    %c64 = arith.constant 64 : index
    %c128 = arith.constant 128 : index
    %c0 = arith.constant 0 : index
    scf.for %arg2 = %c0 to %c128 step %c64 {
      %subview = memref.subview %arg1[%arg2] [64] [1] : memref<128xf32, #hivm.address_space<ub>> to memref<64xf32, strided<[1], offset: ?>, #hivm.address_space<ub>>
      %0 = vector.transfer_read %arg0[%c0], %cst {in_bounds = [true], permutation_map = #map8} : memref<1xf32, #hivm.address_space<ub>>, vector<64xf32>
      vector.transfer_write %0, %subview[%c0] {in_bounds = [true]} : vector<64xf32>, memref<64xf32, strided<[1], offset: ?>, #hivm.address_space<ub>>
    }
    return
  }
  func.func @paged_prefill_page_aggregation_kernel_mix_aiv_outlined_vf_7(%arg0: memref<128xf32, #hivm.address_space<ub>>) attributes {hivm.func_core_type = #hivm.func_core_type<AIV>, hivm.vector_function, no_inline} {
    %cst = arith.constant dense<1.000000e+00> : vector<64xf32>
    %c64 = arith.constant 64 : index
    %c128 = arith.constant 128 : index
    %c0 = arith.constant 0 : index
    scf.for %arg1 = %c0 to %c128 step %c64 {
      %subview = memref.subview %arg0[%arg1] [64] [1] : memref<128xf32, #hivm.address_space<ub>> to memref<64xf32, strided<[1], offset: ?>, #hivm.address_space<ub>>
      vector.transfer_write %cst, %subview[%c0] {in_bounds = [true]} : vector<64xf32>, memref<64xf32, strided<[1], offset: ?>, #hivm.address_space<ub>>
    }
    return
  }
  func.func @paged_prefill_page_aggregation_kernel_mix_aiv_outlined_vf_8(%arg0: memref<128x256xf32, #hivm.address_space<ub>>) attributes {hivm.func_core_type = #hivm.func_core_type<AIV>, hivm.vector_function, no_inline} {
    %cst = arith.constant dense<0.000000e+00> : vector<1x64xf32>
    %c1 = arith.constant 1 : index
    %c128 = arith.constant 128 : index
    %c64 = arith.constant 64 : index
    %c256 = arith.constant 256 : index
    %c0 = arith.constant 0 : index
    scf.for %arg1 = %c0 to %c128 step %c1 {
      scf.for %arg2 = %c0 to %c256 step %c64 {
        %subview = memref.subview %arg0[%arg1, %arg2] [1, 64] [1, 1] : memref<128x256xf32, #hivm.address_space<ub>> to memref<1x64xf32, strided<[256, 1], offset: ?>, #hivm.address_space<ub>>
        vector.transfer_write %cst, %subview[%c0, %c0] {in_bounds = [true, true]} : vector<1x64xf32>, memref<1x64xf32, strided<[256, 1], offset: ?>, #hivm.address_space<ub>>
      }
    }
    return
  }
  func.func @paged_prefill_page_aggregation_kernel_mix_aiv_outlined_vf_9(%arg0: memref<128xf32, #hivm.address_space<ub>>, %arg1: memref<128x256xf32, #hivm.address_space<ub>>, %arg2: memref<128x256xbf16, #hivm.address_space<ub>>) attributes {hivm.func_core_type = #hivm.func_core_type<AIV>, hivm.vector_function, no_inline} {
    %cst = arith.constant 0.000000e+00 : f32
    %c1 = arith.constant 1 : index
    %c128 = arith.constant 128 : index
    %c64 = arith.constant 64 : index
    %c256 = arith.constant 256 : index
    %c0 = arith.constant 0 : index
    scf.for %arg3 = %c0 to %c128 step %c1 {
      %subview = memref.subview %arg0[%arg3] [1] [1] : memref<128xf32, #hivm.address_space<ub>> to memref<1xf32, strided<[1], offset: ?>, #hivm.address_space<ub>>
      scf.for %arg4 = %c0 to %c256 step %c64 {
        %subview_0 = memref.subview %arg1[%arg3, %arg4] [1, 64] [1, 1] : memref<128x256xf32, #hivm.address_space<ub>> to memref<1x64xf32, strided<[256, 1], offset: ?>, #hivm.address_space<ub>>
        %subview_1 = memref.subview %arg2[%arg3, %arg4] [1, 64] [1, 1] : memref<128x256xbf16, #hivm.address_space<ub>> to memref<1x64xbf16, strided<[256, 1], offset: ?>, #hivm.address_space<ub>>
        %0 = vector.transfer_read %subview_0[%c0, %c0], %cst {in_bounds = [true, true]} : memref<1x64xf32, strided<[256, 1], offset: ?>, #hivm.address_space<ub>>, vector<1x64xf32>
        %1 = vector.transfer_read %subview[%c0], %cst {in_bounds = [true, true], permutation_map = #map7} : memref<1xf32, strided<[1], offset: ?>, #hivm.address_space<ub>>, vector<1x64xf32>
        %2 = arith.divf %0, %1 : vector<1x64xf32>
        %3 = arith.truncf %2 {enable_saturate = false, round_mode = #hfusion.round_mode<rint>, unsigned_mode = #hfusion.unsigned_mode<si2si>} : vector<1x64xf32> to vector<1x64xbf16>
        vector.transfer_write %3, %subview_1[%c0, %c0] {in_bounds = [true, true]} : vector<1x64xbf16>, memref<1x64xbf16, strided<[256, 1], offset: ?>, #hivm.address_space<ub>>
      }
    }
    return
  }
  func.func @paged_prefill_page_aggregation_kernel_mix_aiv(%arg0: memref<?xi8, #hivm.address_space<gm>> {hacc.arg_type = #hacc.arg_type<sync_block_lock>}, %arg1: memref<?xi8, #hivm.address_space<gm>> {hacc.arg_type = #hacc.arg_type<workspace>}, %arg2: memref<?xbf16, #hivm.address_space<gm>> {tt.divisibility = 16 : i32, tt.tensor_kind = 0 : i32}, %arg3: memref<?xbf16, #hivm.address_space<gm>> {tt.divisibility = 16 : i32, tt.tensor_kind = 0 : i32}, %arg4: memref<?xbf16, #hivm.address_space<gm>> {tt.divisibility = 16 : i32, tt.tensor_kind = 0 : i32}, %arg5: memref<?xbf16, #hivm.address_space<gm>> {tt.divisibility = 16 : i32, tt.tensor_kind = 1 : i32}, %arg6: memref<?xi8, #hivm.address_space<gm>> {tt.divisibility = 16 : i32, tt.tensor_kind = 0 : i32}, %arg7: memref<?xi32, #hivm.address_space<gm>> {tt.divisibility = 16 : i32, tt.tensor_kind = 0 : i32}, %arg8: memref<?xi32, #hivm.address_space<gm>> {tt.divisibility = 16 : i32, tt.tensor_kind = 0 : i32}, %arg9: memref<?xi32, #hivm.address_space<gm>> {tt.divisibility = 16 : i32, tt.tensor_kind = 0 : i32}, %arg10: memref<?xi32, #hivm.address_space<gm>> {tt.divisibility = 16 : i32, tt.tensor_kind = 0 : i32}, %arg11: memref<?xi32, #hivm.address_space<gm>> {tt.divisibility = 16 : i32, tt.tensor_kind = 0 : i32}, %arg12: memref<?xi32, #hivm.address_space<gm>> {tt.divisibility = 16 : i32, tt.tensor_kind = 0 : i32}, %arg13: memref<?xi32, #hivm.address_space<gm>> {tt.tensor_kind = 0 : i32}, %arg14: memref<?xf32, #hivm.address_space<gm>> {tt.divisibility = 16 : i32, tt.tensor_kind = 0 : i32}, %arg15: i32 {tt.divisibility = 16 : i32}, %arg16: i32 {tt.divisibility = 16 : i32}, %arg17: i32 {tt.divisibility = 16 : i32}, %arg18: i32 {tt.divisibility = 16 : i32}, %arg19: i32 {tt.divisibility = 16 : i32}, %arg20: i32 {tt.divisibility = 16 : i32}, %arg21: i32 {tt.divisibility = 16 : i32}, %arg22: i32 {tt.divisibility = 16 : i32}, %arg23: i32 {tt.divisibility = 16 : i32}, %arg24: i32 {tt.divisibility = 16 : i32}, %arg25: i32, %arg26: i32 {tt.divisibility = 16 : i32}, %arg27: f32, %arg28: i32, %arg29: i32, %arg30: i32) attributes {SyncBlockLockArgIdx = 0 : i64, WorkspaceArgIdx = 1 : i64, func_dyn_memref_args = dense<[true, true, true, true, true, true, true, true, true, true, true, true, true, true, true, false, false, false, false, false, false, false, false, false, false, false, false, false, false, false, false]> : vector<31xi1>, hacc.entry, hacc.function_kind = #hacc.function_kind<DEVICE>, hivm.func_core_type = #hivm.func_core_type<AIV>, hivm.part_of_mix, hivm.vf_mode = #hivm.vf_mode<SIMD>, mix_mode = "mix", parallel_mode = "simd"} {
    %c128 = arith.constant 128 : index
    %c28_i32 = arith.constant 28 : i32
    %c1_i32 = arith.constant 1 : i32
    %c2_i32 = arith.constant 2 : i32
    %c3_i32 = arith.constant 3 : i32
    %c8_i64 = arith.constant 8 : i64
    %c4_i64 = arith.constant 4 : i64
    %c1024_i64 = arith.constant 1024 : i64
    %0 = llvm.mlir.constant(1032 : i64) : i64
    %1 = llvm.mlir.constant(8 : i64) : i64
    %2 = llvm.mlir.constant(1028 : i64) : i64
    %3 = llvm.mlir.constant(4 : i64) : i64
    %c64_i32 = arith.constant 64 : i32
    %c1024_i32 = arith.constant 1024 : i32
    %c-1024_i32 = arith.constant -1024 : i32
    %c256 = arith.constant 256 : index
    %c256_i32 = arith.constant 256 : i32
    %c63_i32 = arith.constant 63 : i32
    %c0_i32 = arith.constant 0 : i32
    %4 = llvm.mlir.constant(0 : i32) : i32
    %5 = llvm.mlir.constant(0 : i64) : i64
    %6 = llvm.mlir.constant(1024 : i64) : i64
    %c0 = arith.constant 0 : index
    %7 = arith.muli %arg28, %arg29 : i32
    %8 = arith.muli %7, %arg30 : i32
    %9 = hivm.hir.get_block_idx -> i64
    %10 = arith.trunci %9 : i64 to i32
    %11 = llvm.inttoptr %5 : i64 to !llvm.ptr<11>
    %12 = llvm.inttoptr %6 : i64 to !llvm.ptr<11>
    %13 = llvm.inttoptr %3 : i64 to !llvm.ptr<11>
    %14 = llvm.inttoptr %2 : i64 to !llvm.ptr<11>
    %15 = llvm.inttoptr %1 : i64 to !llvm.ptr<11>
    %16 = llvm.inttoptr %0 : i64 to !llvm.ptr<11>
    %17 = hivm.hir.get_sub_block_idx -> i64
    %18 = arith.muli %17, %c1024_i64 : i64
    %19 = arith.addi %18, %c4_i64 : i64
    %20 = llvm.inttoptr %19 : i64 to !llvm.ptr<11>
    %21 = llvm.inttoptr %18 : i64 to !llvm.ptr<11>
    %22 = arith.addi %18, %c8_i64 : i64
    %23 = llvm.inttoptr %22 : i64 to !llvm.ptr<11>
    %alloc = memref.alloc() {alignment = 64 : i64} : memref<1xf32, #hivm.address_space<ub>>
    %24 = arith.index_cast %17 : i64 to index
    %25 = affine.apply #map9()[%24]
    %26 = affine.apply #map10()[%24]
    annotation.mark %8 {logical_block_num} : i32
    scf.for %arg31 = %10 to %8 step %c28_i32  : i32 {
      hivm.hir.set_ctrl false at ctrl[60]
      hivm.hir.set_ctrl true at ctrl[48]
      %27 = arith.remsi %arg31, %arg28 : i32
      llvm.store volatile %4, %11 : i32, !llvm.ptr<11>
      llvm.store volatile %4, %12 : i32, !llvm.ptr<11>
      llvm.store volatile %4, %13 : i32, !llvm.ptr<11>
      llvm.store volatile %4, %14 : i32, !llvm.ptr<11>
      llvm.store volatile %4, %15 : i32, !llvm.ptr<11>
      llvm.store volatile %4, %16 : i32, !llvm.ptr<11>
      %28 = arith.index_cast %27 : i32 to index
      %reinterpret_cast = memref.reinterpret_cast %arg10 to offset: [%28], sizes: [1], strides: [1] : memref<?xi32, #hivm.address_space<gm>> to memref<1xi32, strided<[1], offset: ?>, #hivm.address_space<gm>>
      %29 = affine.apply #map()[%28]
      %30 = memref.load %reinterpret_cast[%c0] : memref<1xi32, strided<[1], offset: ?>, #hivm.address_space<gm>>
      %reinterpret_cast_0 = memref.reinterpret_cast %arg10 to offset: [%29], sizes: [1], strides: [1] : memref<?xi32, #hivm.address_space<gm>> to memref<1xi32, strided<[1], offset: ?>, #hivm.address_space<gm>>
      %31 = memref.load %reinterpret_cast_0[%c0] : memref<1xi32, strided<[1], offset: ?>, #hivm.address_space<gm>>
      scf.for %arg32 = %30 to %31 step %c1_i32  : i32 {
        %32 = arith.index_cast %arg32 : i32 to index
        %reinterpret_cast_1 = memref.reinterpret_cast %arg7 to offset: [%32], sizes: [1], strides: [1] : memref<?xi32, #hivm.address_space<gm>> to memref<1xi32, strided<[1], offset: ?>, #hivm.address_space<gm>>
        %33 = memref.load %reinterpret_cast_1[%c0] : memref<1xi32, strided<[1], offset: ?>, #hivm.address_space<gm>>
        %reinterpret_cast_2 = memref.reinterpret_cast %arg9 to offset: [%32], sizes: [1], strides: [1] : memref<?xi32, #hivm.address_space<gm>> to memref<1xi32, strided<[1], offset: ?>, #hivm.address_space<gm>>
        %34 = memref.load %reinterpret_cast_2[%c0] : memref<1xi32, strided<[1], offset: ?>, #hivm.address_space<gm>>
        %35 = arith.index_cast %33 : i32 to index
        %reinterpret_cast_3 = memref.reinterpret_cast %arg11 to offset: [%35], sizes: [1], strides: [1] : memref<?xi32, #hivm.address_space<gm>> to memref<1xi32, strided<[1], offset: ?>, #hivm.address_space<gm>>
        %36 = affine.apply #map()[%35]
        %37 = memref.load %reinterpret_cast_3[%c0] : memref<1xi32, strided<[1], offset: ?>, #hivm.address_space<gm>>
        %reinterpret_cast_4 = memref.reinterpret_cast %arg11 to offset: [%36], sizes: [1], strides: [1] : memref<?xi32, #hivm.address_space<gm>> to memref<1xi32, strided<[1], offset: ?>, #hivm.address_space<gm>>
        %38 = memref.load %reinterpret_cast_4[%c0] : memref<1xi32, strided<[1], offset: ?>, #hivm.address_space<gm>>
        %39 = arith.subi %38, %37 : i32
        %40 = arith.cmpi sgt, %39, %c0_i32 : i32
        %reinterpret_cast_5 = memref.reinterpret_cast %arg8 to offset: [%32], sizes: [1], strides: [1] : memref<?xi32, #hivm.address_space<gm>> to memref<1xi32, strided<[1], offset: ?>, #hivm.address_space<gm>>
        %41 = memref.load %reinterpret_cast_5[%c0] : memref<1xi32, strided<[1], offset: ?>, #hivm.address_space<gm>>
        scf.if %40 {
          %reinterpret_cast_6 = memref.reinterpret_cast %arg12 to offset: [%35], sizes: [1], strides: [1] : memref<?xi32, #hivm.address_space<gm>> to memref<1xi32, strided<[1], offset: ?>, #hivm.address_space<gm>>
          %42 = memref.load %reinterpret_cast_6[%c0] : memref<1xi32, strided<[1], offset: ?>, #hivm.address_space<gm>>
          %43 = arith.subi %42, %39 : i32
          %44 = arith.muli %41, %c256_i32 : i32
          %45 = arith.addi %44, %c256_i32 : i32
          %46 = arith.minsi %45, %39 : i32
          %47 = arith.index_cast %34 : i32 to index
          %reinterpret_cast_7 = memref.reinterpret_cast %arg14 to offset: [%47], sizes: [1], strides: [1] : memref<?xf32, #hivm.address_space<gm>> to memref<1xf32, strided<[1], offset: ?>, #hivm.address_space<gm>>
          %48 = memref.load %reinterpret_cast_7[%c0] : memref<1xf32, strided<[1], offset: ?>, #hivm.address_space<gm>>
          memref.store %48, %alloc[%c0] : memref<1xf32, #hivm.address_space<ub>>
          %alloc_8 = memref.alloc() {alignment = 64 : i64} : memref<128xf32, #hivm.address_space<ub>>
          func.call @paged_prefill_page_aggregation_kernel_mix_aiv_outlined_vf_6(%alloc, %alloc_8) {hivm.vector_function, no_inline} : (memref<1xf32, #hivm.address_space<ub>>, memref<128xf32, #hivm.address_space<ub>>) -> ()
          %49 = arith.addi %43, %46 : i32
          %50 = arith.addi %49, %c63_i32 : i32
          %51 = arith.divsi %50, %c64_i32 : i32
          %52 = arith.subi %46, %44 : i32
          %53 = arith.addi %37, %44 : i32
          %54 = arith.index_cast %52 : i32 to index
          %55 = arith.muli %53, %arg23 : i32
          %56 = arith.muli %34, %arg24 : i32
          %57 = arith.index_cast %55 : i32 to index
          %58 = arith.index_cast %56 : i32 to index
          %59 = affine.apply #map1()[%57, %58]
          %60 = arith.index_cast %arg23 : i32 to index
          %reinterpret_cast_9 = memref.reinterpret_cast %arg5 to offset: [%59], sizes: [256, 256], strides: [%60, 1] : memref<?xbf16, #hivm.address_space<gm>> to memref<256x256xbf16, strided<[?, 1], offset: ?>, #hivm.address_space<gm>>
          %61 = arith.maxsi %54, %c0 : index
          %62 = arith.minsi %61, %c256 : index
          %63 = arith.minsi %62, %c0 : index
          %64 = affine.apply #map2()[%62, %63]
          %65 = arith.minsi %25, %64 : index
          %66 = affine.apply #map11()[%65, %62, %63]
          %67 = arith.minsi %66, %c128 : index
          %subview = memref.subview %reinterpret_cast_9[%25, 0] [%67, 256] [1, 1] : memref<256x256xbf16, strided<[?, 1], offset: ?>, #hivm.address_space<gm>> to memref<?x256xbf16, strided<[?, 1], offset: ?>, #hivm.address_space<gm>>
          %68 = arith.addi %43, %44 : i32
          %alloc_10 = memref.alloc() : memref<4x16x16x16xbf16, #hivm.address_space<cbuf>>
          %subview_11 = memref.subview %alloc_10[0, %26, 0, 0] [4, 8, 16, 16] [1, 1, 1, 1] {to_be_bubbled_slice} : memref<4x16x16x16xbf16, #hivm.address_space<cbuf>> to memref<4x8x16x16xbf16, strided<[4096, 256, 16, 1], offset: ?>, #hivm.address_space<cbuf>>
          annotation.mark %alloc_10 {effects = ["write", "read"], hivm.tightly_coupled_buffer = #hivm.tightly_coupled_buffer<0>, hivm.tiling_dim = 1 : index} : memref<4x16x16x16xbf16, #hivm.address_space<cbuf>>
          %alloc_12 = memref.alloc() : memref<128x64xf32, #hivm.address_space<ub>>
          annotation.mark %alloc_12 {effects = ["write", "read"], hivm.tightly_coupled_buffer = #hivm.tightly_coupled_buffer<1>, hivm.tiling_dim = 0 : index, tiledAlloc} : memref<128x64xf32, #hivm.address_space<ub>>
          hivm.hir.sync_block_set[<VECTOR>, <PIPE_V>, <PIPE_FIX>] flag = 2
          %alloc_13 = memref.alloc() : memref<128x256xf32, #hivm.address_space<ub>>
          annotation.mark %alloc_13 {effects = ["write", "read"], hivm.tightly_coupled_buffer = #hivm.tightly_coupled_buffer<2>, hivm.tiling_dim = 0 : index, tiledAlloc} : memref<128x256xf32, #hivm.address_space<ub>>
          hivm.hir.sync_block_set[<VECTOR>, <PIPE_V>, <PIPE_FIX>] flag = 3
          %alloc_14 = memref.alloc() : memref<128x64xi8, #hivm.address_space<ub>>
          annotation.mark %alloc_14 {effects = ["write", "read"], hivm.tightly_coupled_buffer = #hivm.tightly_coupled_buffer<3>, hivm.tiling_dim = 0 : index, tiledAlloc} : memref<128x64xi8, #hivm.address_space<ub>>
          %alloc_15 = memref.alloc() : memref<128x64xi8, #hivm.address_space<ub>>
          annotation.mark %alloc_15 {effects = ["write", "read"], hivm.tightly_coupled_buffer = #hivm.tightly_coupled_buffer<4>, hivm.tiling_dim = 0 : index, tiledAlloc} : memref<128x64xi8, #hivm.address_space<ub>>
          %alloc_16 = memref.alloc() : memref<128x64xf32, #hivm.address_space<ub>>
          annotation.mark %alloc_16 {effects = ["write", "read"], hivm.tightly_coupled_buffer = #hivm.tightly_coupled_buffer<5>, hivm.tiling_dim = 0 : index, tiledAlloc} : memref<128x64xf32, #hivm.address_space<ub>>
          %alloc_17 = memref.alloc() : memref<128x64xf32, #hivm.address_space<ub>>
          annotation.mark %alloc_17 {effects = ["write", "read"], hivm.tightly_coupled_buffer = #hivm.tightly_coupled_buffer<6>, hivm.tiling_dim = 0 : index, tiledAlloc} : memref<128x64xf32, #hivm.address_space<ub>>
          %alloc_18 = memref.alloc() : memref<128xf32, #hivm.address_space<ub>>
          annotation.mark %alloc_18 {effects = ["write", "read"], hivm.tightly_coupled_buffer = #hivm.tightly_coupled_buffer<7>, hivm.tiling_dim = 0 : index, tiledAlloc} : memref<128xf32, #hivm.address_space<ub>>
          %alloc_19 = memref.alloc() : memref<128xf32, #hivm.address_space<ub>>
          annotation.mark %alloc_19 {effects = ["write", "read"], hivm.tightly_coupled_buffer = #hivm.tightly_coupled_buffer<8>, hivm.tiling_dim = 0 : index, tiledAlloc} : memref<128xf32, #hivm.address_space<ub>>
          hivm.hir.sync_block_set[<VECTOR>, <PIPE_S>, <PIPE_S>] flag = 15
          %69 = arith.addi %51, %c3_i32 : i32
          %alloc_20 = memref.alloc() {alignment = 64 : i64} : memref<128xf32, #hivm.address_space<ub>>
          func.call @paged_prefill_page_aggregation_kernel_mix_aiv_outlined_vf_7(%alloc_20) {hivm.vector_function, no_inline} : (memref<128xf32, #hivm.address_space<ub>>) -> ()
          %alloc_21 = memref.alloc() {alignment = 64 : i64} : memref<128x256xf32, #hivm.address_space<ub>>
          func.call @paged_prefill_page_aggregation_kernel_mix_aiv_outlined_vf_8(%alloc_21) {hivm.vector_function, no_inline} : (memref<128x256xf32, #hivm.address_space<ub>>) -> ()
          %70:9 = scf.for %arg33 = %c0_i32 to %69 step %c1_i32 iter_args(%arg34 = %alloc_20, %arg35 = %alloc_21, %arg36 = %alloc_8, %arg37 = %c0_i32, %arg38 = %c0_i32, %arg39 = %c0_i32, %arg40 = %c0_i32, %arg41 = %c0_i32, %arg42 = %c0_i32) -> (memref<128xf32, #hivm.address_space<ub>>, memref<128x256xf32, #hivm.address_space<ub>>, memref<128xf32, #hivm.address_space<ub>>, i32, i32, i32, i32, i32, i32)  : i32 {
            hivm.hir.sync_block_wait[<VECTOR>, <PIPE_S>, <PIPE_S>] flag = 15
            %77 = arith.cmpi slt, %arg40, %c2_i32 : i32
            %78 = arith.cmpi slt, %arg37, %51 : i32
            %79 = arith.andi %77, %78 : i1
            %80:2 = scf.if %79 -> (i32, i32) {
              %104 = arith.muli %arg37, %c64_i32 : i32
              %105 = arith.subi %104, %68 : i32
              %106 = arith.maxsi %105, %c-1024_i32 : i32
              %107 = arith.minsi %106, %c1024_i32 : i32
              %108 = arith.addi %107, %c1024_i32 : i32
              %109 = arith.index_cast %arg26 : i32 to index
              %110 = arith.index_cast %108 : i32 to index
              %reinterpret_cast_25 = memref.reinterpret_cast %arg6 to offset: [%110], sizes: [256, 64], strides: [%109, 1] : memref<?xi8, #hivm.address_space<gm>> to memref<256x64xi8, strided<[?, 1], offset: ?>, #hivm.address_space<gm>>
              %subview_26 = memref.subview %reinterpret_cast_25[%25, 0] [128, 64] [1, 1] : memref<256x64xi8, strided<[?, 1], offset: ?>, #hivm.address_space<gm>> to memref<128x64xi8, strided<[?, 1], offset: ?>, #hivm.address_space<gm>>
              %alloc_27 = memref.alloc() : memref<128x64xi8, #hivm.address_space<ub>>
              hivm.hir.load ins(%subview_26 : memref<128x64xi8, strided<[?, 1], offset: ?>, #hivm.address_space<gm>>) outs(%alloc_27 : memref<128x64xi8, #hivm.address_space<ub>>) eviction_policy = <EvictFirst>
              %111 = arith.remsi %arg37, %c2_i32 : i32
              %112 = arith.cmpi eq, %111, %c0_i32 : i32
              scf.if %112 {
                %collapse_shape = memref.collapse_shape %alloc_27 [[0, 1]] : memref<128x64xi8, #hivm.address_space<ub>> into memref<8192xi8, #hivm.address_space<ub>>
                %collapse_shape_28 = memref.collapse_shape %alloc_14 [[0, 1]] : memref<128x64xi8, #hivm.address_space<ub>> into memref<8192xi8, #hivm.address_space<ub>>
                hivm.hir.copy ins(%collapse_shape : memref<8192xi8, #hivm.address_space<ub>>) outs(%collapse_shape_28 : memref<8192xi8, #hivm.address_space<ub>>) {tiled_op}
              } else {
                %collapse_shape = memref.collapse_shape %alloc_27 [[0, 1]] : memref<128x64xi8, #hivm.address_space<ub>> into memref<8192xi8, #hivm.address_space<ub>>
                %collapse_shape_28 = memref.collapse_shape %alloc_15 [[0, 1]] : memref<128x64xi8, #hivm.address_space<ub>> into memref<8192xi8, #hivm.address_space<ub>>
                hivm.hir.copy ins(%collapse_shape : memref<8192xi8, #hivm.address_space<ub>>) outs(%collapse_shape_28 : memref<8192xi8, #hivm.address_space<ub>>) {tiled_op}
              }
              %113 = arith.addi %arg40, %c1_i32 : i32
              %114 = arith.addi %arg37, %c1_i32 : i32
              scf.yield %113, %114 : i32, i32
            } else {
              scf.yield %arg40, %arg37 : i32, i32
            } {hivm.matmul_limited_in_cube, ssbuffer.if = 13 : i32}
            %81 = llvm.load volatile %21 : !llvm.ptr<11> -> i32
            %82 = arith.cmpi sgt, %81, %c0_i32 : i32
            %83 = llvm.load volatile %23 : !llvm.ptr<11> -> i32
            %84 = arith.cmpi slt, %83, %c1_i32 : i32
            %85 = arith.andi %82, %84 : i1
            %86 = arith.cmpi sgt, %80#0, %c0_i32 : i32
            %87 = arith.cmpi slt, %arg41, %c2_i32 : i32
            %88 = arith.cmpi slt, %arg42, %c2_i32 : i32
            %89 = arith.andi %86, %87 : i1
            %90 = arith.andi %89, %88 : i1
            %91 = arith.cmpi slt, %arg38, %51 : i32
            %92 = arith.andi %85, %90 : i1
            %93 = arith.andi %92, %91 : i1
            %94:5 = scf.if %93 -> (memref<128xf32, #hivm.address_space<ub>>, i32, i32, i32, i32) {
              %104 = arith.remsi %arg38, %c2_i32 : i32
              %105 = arith.cmpi eq, %104, %c0_i32 : i32
              %106 = arith.select %105, %alloc_14, %alloc_15 : memref<128x64xi8, #hivm.address_space<ub>>
              hivm.hir.sync_block_wait[<VECTOR>, <PIPE_FIX>, <PIPE_V>] flag = 2
              %alloc_25 = memref.alloc() {alignment = 64 : i64} : memref<128x64xf32, #hivm.address_space<ub>>
              func.call @paged_prefill_page_aggregation_kernel_mix_aiv_outlined_vf_0(%106, %alloc_12, %arg27, %alloc_25) {hivm.vector_function, no_inline} : (memref<128x64xi8, #hivm.address_space<ub>>, memref<128x64xf32, #hivm.address_space<ub>>, f32, memref<128x64xf32, #hivm.address_space<ub>>) -> ()
              %alloc_26 = memref.alloc() {alignment = 64 : i64} : memref<128xf32, #hivm.address_space<ub>>
              %alloc_27 = memref.alloc() {alignment = 64 : i64} : memref<128xf32, #hivm.address_space<ub>>
              %alloc_28 = memref.alloc() {alignment = 64 : i64} : memref<128x64xf32, #hivm.address_space<ub>>
              func.call @paged_prefill_page_aggregation_kernel_mix_aiv_outlined_vf_1(%alloc_25, %alloc_26, %arg36, %alloc_27, %alloc_28) {hivm.vector_function, no_inline} : (memref<128x64xf32, #hivm.address_space<ub>>, memref<128xf32, #hivm.address_space<ub>>, memref<128xf32, #hivm.address_space<ub>>, memref<128xf32, #hivm.address_space<ub>>, memref<128x64xf32, #hivm.address_space<ub>>) -> ()
              %alloc_29 = memref.alloc() {alignment = 64 : i64} : memref<128xf32, #hivm.address_space<ub>>
              %alloc_30 = memref.alloc() : memref<4x129x16x1xbf16, #hivm.address_space<ub>>
              %subview_31 = memref.subview %alloc_30[0, 0, 0, 0] [4, 128, 16, 1] [1, 1, 1, 1] : memref<4x129x16x1xbf16, #hivm.address_space<ub>> to memref<4x128x16xbf16, strided<[2064, 16, 1]>, #hivm.address_space<ub>>
              func.call @paged_prefill_page_aggregation_kernel_mix_aiv_outlined_merged_vf_0(%arg36, %alloc_27, %alloc_29, %alloc_28, %subview_31) {hivm.vector_function, no_inline, ptc_simdvf} : (memref<128xf32, #hivm.address_space<ub>>, memref<128xf32, #hivm.address_space<ub>>, memref<128xf32, #hivm.address_space<ub>>, memref<128x64xf32, #hivm.address_space<ub>>, memref<4x128x16xbf16, strided<[2064, 16, 1]>, #hivm.address_space<ub>>) -> ()
              %expand_shape = memref.expand_shape %subview_31 [[0], [1, 2], [3]] output_shape [4, 8, 16, 16] : memref<4x128x16xbf16, strided<[2064, 16, 1]>, #hivm.address_space<ub>> into memref<4x8x16x16xbf16, strided<[2064, 256, 16, 1]>, #hivm.address_space<ub>>
              hivm.hir.sync_block_wait[<VECTOR>, <PIPE_M>, <PIPE_MTE3>] flag = 1
              %collapse_shape = memref.collapse_shape %expand_shape [[0], [1, 2, 3]] : memref<4x8x16x16xbf16, strided<[2064, 256, 16, 1]>, #hivm.address_space<ub>> into memref<4x2048xbf16, strided<[2064, 1]>, #hivm.address_space<ub>>
              %collapse_shape_32 = memref.collapse_shape %subview_11 [[0], [1, 2, 3]] : memref<4x8x16x16xbf16, strided<[4096, 256, 16, 1], offset: ?>, #hivm.address_space<cbuf>> into memref<4x2048xbf16, strided<[4096, 1], offset: ?>, #hivm.address_space<cbuf>>
              hivm.hir.copy ins(%collapse_shape : memref<4x2048xbf16, strided<[2064, 1]>, #hivm.address_space<ub>>) outs(%collapse_shape_32 : memref<4x2048xbf16, strided<[4096, 1], offset: ?>, #hivm.address_space<cbuf>>) {tiled_op}
              hivm.hir.sync_block_set[<VECTOR>, <PIPE_MTE3>, <PIPE_MTE1>] flag = 1
              hivm.hir.sync_block_set[<VECTOR>, <PIPE_V>, <PIPE_FIX>] flag = 2
              scf.if %105 {
                %collapse_shape_33 = memref.collapse_shape %alloc_28 [[0, 1]] : memref<128x64xf32, #hivm.address_space<ub>> into memref<8192xf32, #hivm.address_space<ub>>
                %collapse_shape_34 = memref.collapse_shape %alloc_16 [[0, 1]] : memref<128x64xf32, #hivm.address_space<ub>> into memref<8192xf32, #hivm.address_space<ub>>
                hivm.hir.copy ins(%collapse_shape_33 : memref<8192xf32, #hivm.address_space<ub>>) outs(%collapse_shape_34 : memref<8192xf32, #hivm.address_space<ub>>) {tiled_op}
                hivm.hir.copy ins(%alloc_29 : memref<128xf32, #hivm.address_space<ub>>) outs(%alloc_18 : memref<128xf32, #hivm.address_space<ub>>) {tiled_op}
              } else {
                %collapse_shape_33 = memref.collapse_shape %alloc_28 [[0, 1]] : memref<128x64xf32, #hivm.address_space<ub>> into memref<8192xf32, #hivm.address_space<ub>>
                %collapse_shape_34 = memref.collapse_shape %alloc_17 [[0, 1]] : memref<128x64xf32, #hivm.address_space<ub>> into memref<8192xf32, #hivm.address_space<ub>>
                hivm.hir.copy ins(%collapse_shape_33 : memref<8192xf32, #hivm.address_space<ub>>) outs(%collapse_shape_34 : memref<8192xf32, #hivm.address_space<ub>>) {tiled_op}
                hivm.hir.copy ins(%alloc_29 : memref<128xf32, #hivm.address_space<ub>>) outs(%alloc_19 : memref<128xf32, #hivm.address_space<ub>>) {tiled_op}
              }
              %107 = llvm.load volatile %21 : !llvm.ptr<11> -> i32
              %108 = arith.subi %107, %c1_i32 : i32
              llvm.store volatile %108, %21 : i32, !llvm.ptr<11>
              %109 = llvm.load volatile %23 : !llvm.ptr<11> -> i32
              %110 = arith.addi %109, %c1_i32 : i32
              llvm.store volatile %110, %23 : i32, !llvm.ptr<11>
              %111 = arith.subi %80#0, %c1_i32 : i32
              %112 = arith.addi %arg42, %c1_i32 : i32
              %113 = arith.addi %arg41, %c1_i32 : i32
              %114 = arith.addi %arg38, %c1_i32 : i32
              scf.yield %alloc_27, %111, %112, %113, %114 : memref<128xf32, #hivm.address_space<ub>>, i32, i32, i32, i32
            } else {
              %alloc_25 = memref.alloc() {alignment = 64 : i64} : memref<128xf32, #hivm.address_space<ub>>
              hivm.hir.copy ins(%arg36 : memref<128xf32, #hivm.address_space<ub>>) outs(%alloc_25 : memref<128xf32, #hivm.address_space<ub>>)
              scf.yield %alloc_25, %80#0, %arg42, %arg41, %arg38 : memref<128xf32, #hivm.address_space<ub>>, i32, i32, i32, i32
            }
            %95 = llvm.load volatile %20 : !llvm.ptr<11> -> i32
            %96 = arith.cmpi sgt, %95, %c0_i32 : i32
            %97 = arith.cmpi sgt, %94#3, %c0_i32 : i32
            %98 = arith.cmpi sgt, %94#2, %c0_i32 : i32
            %99 = arith.andi %97, %98 : i1
            %100 = arith.cmpi slt, %arg39, %51 : i32
            %101 = arith.andi %96, %99 : i1
            %102 = arith.andi %101, %100 : i1
            %103:5 = scf.if %102 -> (memref<128xf32, #hivm.address_space<ub>>, memref<128x256xf32, #hivm.address_space<ub>>, i32, i32, i32) {
              %104 = arith.remsi %arg39, %c2_i32 : i32
              %105 = arith.cmpi eq, %104, %c0_i32 : i32
              %106 = arith.select %105, %alloc_18, %alloc_19 : memref<128xf32, #hivm.address_space<ub>>
              %107 = arith.select %105, %alloc_16, %alloc_17 : memref<128x64xf32, #hivm.address_space<ub>>
              hivm.hir.sync_block_wait[<VECTOR>, <PIPE_FIX>, <PIPE_V>] flag = 3
              %alloc_25 = memref.alloc() {alignment = 64 : i64} : memref<128xf32, #hivm.address_space<ub>>
              func.call @paged_prefill_page_aggregation_kernel_mix_aiv_outlined_vf_4(%106, %alloc_25) {hivm.vector_function, no_inline} : (memref<128xf32, #hivm.address_space<ub>>, memref<128xf32, #hivm.address_space<ub>>) -> ()
              %alloc_26 = memref.alloc() {alignment = 64 : i64} : memref<128xf32, #hivm.address_space<ub>>
              %alloc_27 = memref.alloc() {alignment = 64 : i64} : memref<128x256xf32, #hivm.address_space<ub>>
              %alloc_28 = memref.alloc() {alignment = 64 : i64} : memref<128xf32, #hivm.address_space<ub>>
              func.call @paged_prefill_page_aggregation_kernel_mix_aiv_outlined_vf_5(%107, %alloc_25, %alloc_13, %arg35, %alloc_26, %alloc_27, %arg34, %alloc_28) {hivm.vector_function, no_inline} : (memref<128x64xf32, #hivm.address_space<ub>>, memref<128xf32, #hivm.address_space<ub>>, memref<128x256xf32, #hivm.address_space<ub>>, memref<128x256xf32, #hivm.address_space<ub>>, memref<128xf32, #hivm.address_space<ub>>, memref<128x256xf32, #hivm.address_space<ub>>, memref<128xf32, #hivm.address_space<ub>>, memref<128xf32, #hivm.address_space<ub>>) -> ()
              hivm.hir.sync_block_set[<VECTOR>, <PIPE_V>, <PIPE_FIX>] flag = 3
              %108 = llvm.load volatile %20 : !llvm.ptr<11> -> i32
              %109 = arith.subi %108, %c1_i32 : i32
              llvm.store volatile %109, %20 : i32, !llvm.ptr<11>
              %110 = arith.subi %94#2, %c1_i32 : i32
              %111 = arith.subi %94#3, %c1_i32 : i32
              %112 = arith.addi %arg39, %c1_i32 : i32
              scf.yield %alloc_28, %alloc_27, %110, %111, %112 : memref<128xf32, #hivm.address_space<ub>>, memref<128x256xf32, #hivm.address_space<ub>>, i32, i32, i32
            } else {
              scf.yield %arg34, %arg35, %94#2, %94#3, %arg39 : memref<128xf32, #hivm.address_space<ub>>, memref<128x256xf32, #hivm.address_space<ub>>, i32, i32, i32
            }
            hivm.hir.sync_block_set[<VECTOR>, <PIPE_S>, <PIPE_S>] flag = 15
            %alloc_24 = memref.alloc() {alignment = 64 : i64} : memref<128xf32, #hivm.address_space<ub>>
            hivm.hir.copy ins(%94#0 : memref<128xf32, #hivm.address_space<ub>>) outs(%alloc_24 : memref<128xf32, #hivm.address_space<ub>>)
            scf.yield %103#0, %103#1, %alloc_24, %80#1, %94#4, %103#4, %94#1, %103#3, %103#2 : memref<128xf32, #hivm.address_space<ub>>, memref<128x256xf32, #hivm.address_space<ub>>, memref<128xf32, #hivm.address_space<ub>>, i32, i32, i32, i32, i32, i32
          }
          hivm.hir.sync_block_wait[<VECTOR>, <PIPE_M>, <PIPE_MTE3>] flag = 1
          %alloc_22 = memref.alloc() {alignment = 64 : i64} : memref<128x256xbf16, #hivm.address_space<ub>>
          func.call @paged_prefill_page_aggregation_kernel_mix_aiv_outlined_vf_9(%70#0, %70#1, %alloc_22) {hivm.vector_function, no_inline} : (memref<128xf32, #hivm.address_space<ub>>, memref<128x256xf32, #hivm.address_space<ub>>, memref<128x256xbf16, #hivm.address_space<ub>>) -> ()
          %71 = affine.apply #map12()[%24]
          %72 = arith.maxsi %63, %25 : index
          %73 = arith.minsi %62, %71 : index
          %74 = arith.maxsi %72, %73 : index
          %75 = affine.apply #map2()[%74, %72]
          %76 = affine.apply #map13()[%72, %24]
          %subview_23 = memref.subview %alloc_22[%76, 0] [%75, 256] [1, 1] : memref<128x256xbf16, #hivm.address_space<ub>> to memref<?x256xbf16, strided<[256, 1], offset: ?>, #hivm.address_space<ub>>
          hivm.hir.store ins(%subview_23 : memref<?x256xbf16, strided<[256, 1], offset: ?>, #hivm.address_space<ub>>) outs(%subview : memref<?x256xbf16, strided<[?, 1], offset: ?>, #hivm.address_space<gm>>) {tiled_op}
        }
      }
      hivm.hir.set_ctrl true at ctrl[60]
    } {autoblockify.subloop}
    return
  }
}


// -----// IR Dump After PlanMemory Failed (hivm-plan-memory) //----- //
#map = affine_map<()[s0] -> (s0 + 1)>
#map1 = affine_map<()[s0, s1] -> (s0 + s1)>
#map2 = affine_map<()[s0, s1] -> (s0 - s1)>
#map3 = affine_map<()[s0, s1] -> ((s0 - s1 + 15) floordiv 16)>
#map4 = affine_map<()[s0] -> (s0 floordiv 16)>
#map5 = affine_map<()[s0] -> (s0 mod 16)>
#map6 = affine_map<()[s0, s1, s2] -> (s0 + s1 + s2)>
#map7 = affine_map<(d0) -> (d0, 0)>
#map8 = affine_map<(d0) -> (0)>
#map9 = affine_map<()[s0] -> (s0 * 128)>
#map10 = affine_map<()[s0] -> (s0 * 8)>
#map11 = affine_map<()[s0, s1, s2] -> (-s0 + s1 - s2)>
#map12 = affine_map<()[s0] -> (s0 * 128 + 128)>
#map13 = affine_map<()[s0, s1] -> (s0 - s1 * 128)>
module attributes {dlti.target_system_spec = #dlti.target_system_spec<"NPU" : #hacc.target_device_spec<#dlti.dl_entry<"AI_CORE_COUNT", 28 : i32>, #dlti.dl_entry<"CUBE_CORE_COUNT", 28 : i32>, #dlti.dl_entry<"VECTOR_CORE_COUNT", 56 : i32>, #dlti.dl_entry<"UB_SIZE", 2031616 : i32>, #dlti.dl_entry<"L1_SIZE", 4194304 : i32>, #dlti.dl_entry<"L0A_SIZE", 524288 : i32>, #dlti.dl_entry<"L0B_SIZE", 524288 : i32>, #dlti.dl_entry<"L0C_SIZE", 2097152 : i32>, #dlti.dl_entry<"UB_ALIGN_SIZE", 256 : i32>, #dlti.dl_entry<"L1_ALIGN_SIZE", 256 : i32>, #dlti.dl_entry<"L0C_ALIGN_SIZE", 4096 : i32>, #dlti.dl_entry<"MINIMAL_D_CACHE_SIZE", 262144 : i32>, #dlti.dl_entry<"MAXIMUM_D_CACHE_SIZE", 983040 : i32>, #dlti.dl_entry<"ARCH", "dav-c310">>>, hacc.target = #hacc.target<"Ascend950PR_957b">, hivm.module_core_type = #hivm.module_core_type<MIX>} {
  func.func @paged_prefill_page_aggregation_kernel_mix_aiv_outlined_merged_vf_0(%arg0: memref<128xf32, #hivm.address_space<ub>>, %arg1: memref<128xf32, #hivm.address_space<ub>>, %arg2: memref<128xf32, #hivm.address_space<ub>>, %arg3: memref<128x64xf32, #hivm.address_space<ub>>, %arg4: memref<4x128x16xbf16, strided<[2064, 16, 1]>, #hivm.address_space<ub>>) attributes {hivm.func_core_type = #hivm.func_core_type<AIV>, hivm.vector_function} {
    %c1 = arith.constant 1 : index
    %cst = arith.constant 0.000000e+00 : f32
    %c64 = arith.constant 64 : index
    %c128 = arith.constant 128 : index
    %c0 = arith.constant 0 : index
    scf.for %arg5 = %c0 to %c128 step %c64 {
      %subview = memref.subview %arg0[%arg5] [64] [1] : memref<128xf32, #hivm.address_space<ub>> to memref<64xf32, strided<[1], offset: ?>, #hivm.address_space<ub>>
      %subview_0 = memref.subview %arg1[%arg5] [64] [1] : memref<128xf32, #hivm.address_space<ub>> to memref<64xf32, strided<[1], offset: ?>, #hivm.address_space<ub>>
      %subview_1 = memref.subview %arg2[%arg5] [64] [1] : memref<128xf32, #hivm.address_space<ub>> to memref<64xf32, strided<[1], offset: ?>, #hivm.address_space<ub>>
      %0 = vector.transfer_read %subview[%c0], %cst {in_bounds = [true]} : memref<64xf32, strided<[1], offset: ?>, #hivm.address_space<ub>>, vector<64xf32>
      %1 = vector.transfer_read %subview_0[%c0], %cst {in_bounds = [true]} : memref<64xf32, strided<[1], offset: ?>, #hivm.address_space<ub>>, vector<64xf32>
      %2 = arith.subf %0, %1 : vector<64xf32>
      vector.transfer_write %2, %subview_1[%c0] {in_bounds = [true]} : vector<64xf32>, memref<64xf32, strided<[1], offset: ?>, #hivm.address_space<ub>>
    }
    scf.for %arg5 = %c0 to %c128 step %c1 {
      %subview = memref.subview %arg3[%arg5, 0] [1, 64] [1, 1] : memref<128x64xf32, #hivm.address_space<ub>> to memref<1x64xf32, strided<[64, 1], offset: ?>, #hivm.address_space<ub>>
      %0 = vector.transfer_read %subview[%c0, %c0], %cst {in_bounds = [true, true]} : memref<1x64xf32, strided<[64, 1], offset: ?>, #hivm.address_space<ub>>, vector<1x64xf32>
      %1 = arith.truncf %0 {enable_saturate = false, round_mode = #hfusion.round_mode<rint>, unsigned_mode = #hfusion.unsigned_mode<si2si>} : vector<1x64xf32> to vector<1x64xbf16>
      %subview_0 = memref.subview %arg4[0, %arg5, 0] [4, 1, 16] [1, 1, 1] : memref<4x128x16xbf16, strided<[2064, 16, 1]>, #hivm.address_space<ub>> to memref<4x1x16xbf16, strided<[2064, 16, 1], offset: ?>, #hivm.address_space<ub>>
      %2 = vector.shape_cast %1 : vector<1x64xbf16> to vector<4x1x16xbf16>
      vector.transfer_write %2, %subview_0[%c0, %c0, %c0] {in_bounds = [true, true, true]} : vector<4x1x16xbf16>, memref<4x1x16xbf16, strided<[2064, 16, 1], offset: ?>, #hivm.address_space<ub>>
    }
    return
  }
  func.func @paged_prefill_page_aggregation_kernel_mix_aic(%arg0: memref<?xi8, #hivm.address_space<gm>> {hacc.arg_type = #hacc.arg_type<sync_block_lock>}, %arg1: memref<?xi8, #hivm.address_space<gm>> {hacc.arg_type = #hacc.arg_type<workspace>}, %arg2: memref<?xbf16, #hivm.address_space<gm>> {tt.divisibility = 16 : i32, tt.tensor_kind = 0 : i32}, %arg3: memref<?xbf16, #hivm.address_space<gm>> {tt.divisibility = 16 : i32, tt.tensor_kind = 0 : i32}, %arg4: memref<?xbf16, #hivm.address_space<gm>> {tt.divisibility = 16 : i32, tt.tensor_kind = 0 : i32}, %arg5: memref<?xbf16, #hivm.address_space<gm>> {tt.divisibility = 16 : i32, tt.tensor_kind = 1 : i32}, %arg6: memref<?xi8, #hivm.address_space<gm>> {tt.divisibility = 16 : i32, tt.tensor_kind = 0 : i32}, %arg7: memref<?xi32, #hivm.address_space<gm>> {tt.divisibility = 16 : i32, tt.tensor_kind = 0 : i32}, %arg8: memref<?xi32, #hivm.address_space<gm>> {tt.divisibility = 16 : i32, tt.tensor_kind = 0 : i32}, %arg9: memref<?xi32, #hivm.address_space<gm>> {tt.divisibility = 16 : i32, tt.tensor_kind = 0 : i32}, %arg10: memref<?xi32, #hivm.address_space<gm>> {tt.divisibility = 16 : i32, tt.tensor_kind = 0 : i32}, %arg11: memref<?xi32, #hivm.address_space<gm>> {tt.divisibility = 16 : i32, tt.tensor_kind = 0 : i32}, %arg12: memref<?xi32, #hivm.address_space<gm>> {tt.divisibility = 16 : i32, tt.tensor_kind = 0 : i32}, %arg13: memref<?xi32, #hivm.address_space<gm>> {tt.tensor_kind = 0 : i32}, %arg14: memref<?xf32, #hivm.address_space<gm>> {tt.divisibility = 16 : i32, tt.tensor_kind = 0 : i32}, %arg15: i32 {tt.divisibility = 16 : i32}, %arg16: i32 {tt.divisibility = 16 : i32}, %arg17: i32 {tt.divisibility = 16 : i32}, %arg18: i32 {tt.divisibility = 16 : i32}, %arg19: i32 {tt.divisibility = 16 : i32}, %arg20: i32 {tt.divisibility = 16 : i32}, %arg21: i32 {tt.divisibility = 16 : i32}, %arg22: i32 {tt.divisibility = 16 : i32}, %arg23: i32 {tt.divisibility = 16 : i32}, %arg24: i32 {tt.divisibility = 16 : i32}, %arg25: i32, %arg26: i32 {tt.divisibility = 16 : i32}, %arg27: f32, %arg28: i32, %arg29: i32, %arg30: i32) attributes {SyncBlockLockArgIdx = 0 : i64, WorkspaceArgIdx = 1 : i64, func_dyn_memref_args = dense<[true, true, true, true, true, true, true, true, true, true, true, true, true, true, true, false, false, false, false, false, false, false, false, false, false, false, false, false, false, false, false]> : vector<31xi1>, hacc.entry, hacc.function_kind = #hacc.function_kind<DEVICE>, hivm.func_core_type = #hivm.func_core_type<AIC>, hivm.part_of_mix, hivm.vf_mode = #hivm.vf_mode<SIMD>, mix_mode = "mix", parallel_mode = "simd"} {
    %0 = llvm.mlir.constant(1024 : i64) : i64
    %1 = llvm.mlir.constant(0 : i64) : i64
    %2 = llvm.mlir.constant(0 : i32) : i32
    %c0_i32 = arith.constant 0 : i32
    %cst = arith.constant 0.000000e+00 : bf16
    %c0 = arith.constant 0 : index
    %c63_i32 = arith.constant 63 : i32
    %c256_i32 = arith.constant 256 : i32
    %c256 = arith.constant 256 : index
    %c64_i32 = arith.constant 64 : i32
    %c64 = arith.constant 64 : index
    %c12_i32 = arith.constant 12 : i32
    %3 = llvm.mlir.constant(4 : i64) : i64
    %4 = llvm.mlir.constant(1028 : i64) : i64
    %5 = llvm.mlir.constant(8 : i64) : i64
    %6 = llvm.mlir.constant(1032 : i64) : i64
    %c3_i32 = arith.constant 3 : i32
    %c1_i32 = arith.constant 1 : i32
    %true = arith.constant true
    %c28_i32 = arith.constant 28 : i32
    %7 = arith.muli %arg28, %arg29 : i32
    %8 = arith.muli %7, %arg30 : i32
    annotation.mark %8 {logical_block_num} : i32
    %9 = hivm.hir.get_block_idx -> i64
    %10 = arith.trunci %9 : i64 to i32
    %11 = llvm.inttoptr %1 : i64 to !llvm.ptr<11>
    %12 = llvm.inttoptr %0 : i64 to !llvm.ptr<11>
    %13 = llvm.inttoptr %3 : i64 to !llvm.ptr<11>
    %14 = llvm.inttoptr %4 : i64 to !llvm.ptr<11>
    %15 = llvm.inttoptr %5 : i64 to !llvm.ptr<11>
    %16 = llvm.inttoptr %6 : i64 to !llvm.ptr<11>
    scf.for %arg31 = %10 to %8 step %c28_i32  : i32 {
      hivm.hir.set_ctrl false at ctrl[60]
      hivm.hir.set_ctrl true at ctrl[48]
      %17 = arith.remsi %arg31, %arg28 : i32
      llvm.store volatile %2, %11 : i32, !llvm.ptr<11>
      llvm.store volatile %2, %12 : i32, !llvm.ptr<11>
      llvm.store volatile %2, %13 : i32, !llvm.ptr<11>
      llvm.store volatile %2, %14 : i32, !llvm.ptr<11>
      llvm.store volatile %2, %15 : i32, !llvm.ptr<11>
      llvm.store volatile %2, %16 : i32, !llvm.ptr<11>
      %18 = arith.index_cast %17 : i32 to index
      %reinterpret_cast = memref.reinterpret_cast %arg10 to offset: [%18], sizes: [1], strides: [1] : memref<?xi32, #hivm.address_space<gm>> to memref<1xi32, strided<[1], offset: ?>, #hivm.address_space<gm>>
      %19 = memref.load %reinterpret_cast[%c0] : memref<1xi32, strided<[1], offset: ?>, #hivm.address_space<gm>>
      %20 = affine.apply #map()[%18]
      %reinterpret_cast_0 = memref.reinterpret_cast %arg10 to offset: [%20], sizes: [1], strides: [1] : memref<?xi32, #hivm.address_space<gm>> to memref<1xi32, strided<[1], offset: ?>, #hivm.address_space<gm>>
      %21 = memref.load %reinterpret_cast_0[%c0] : memref<1xi32, strided<[1], offset: ?>, #hivm.address_space<gm>>
      scf.for %arg32 = %19 to %21 step %c1_i32  : i32 {
        %22 = arith.index_cast %arg32 : i32 to index
        %reinterpret_cast_1 = memref.reinterpret_cast %arg7 to offset: [%22], sizes: [1], strides: [1] : memref<?xi32, #hivm.address_space<gm>> to memref<1xi32, strided<[1], offset: ?>, #hivm.address_space<gm>>
        %23 = memref.load %reinterpret_cast_1[%c0] : memref<1xi32, strided<[1], offset: ?>, #hivm.address_space<gm>>
        %24 = arith.index_cast %23 : i32 to index
        %reinterpret_cast_2 = memref.reinterpret_cast %arg11 to offset: [%24], sizes: [1], strides: [1] : memref<?xi32, #hivm.address_space<gm>> to memref<1xi32, strided<[1], offset: ?>, #hivm.address_space<gm>>
        %25 = memref.load %reinterpret_cast_2[%c0] : memref<1xi32, strided<[1], offset: ?>, #hivm.address_space<gm>>
        %26 = affine.apply #map()[%24]
        %reinterpret_cast_3 = memref.reinterpret_cast %arg11 to offset: [%26], sizes: [1], strides: [1] : memref<?xi32, #hivm.address_space<gm>> to memref<1xi32, strided<[1], offset: ?>, #hivm.address_space<gm>>
        %27 = memref.load %reinterpret_cast_3[%c0] : memref<1xi32, strided<[1], offset: ?>, #hivm.address_space<gm>>
        %28 = arith.subi %27, %25 : i32
        %29 = arith.cmpi sgt, %28, %c0_i32 : i32
        %reinterpret_cast_4 = memref.reinterpret_cast %arg8 to offset: [%22], sizes: [1], strides: [1] : memref<?xi32, #hivm.address_space<gm>> to memref<1xi32, strided<[1], offset: ?>, #hivm.address_space<gm>>
        %30 = memref.load %reinterpret_cast_4[%c0] : memref<1xi32, strided<[1], offset: ?>, #hivm.address_space<gm>>
        %reinterpret_cast_5 = memref.reinterpret_cast %arg9 to offset: [%22], sizes: [1], strides: [1] : memref<?xi32, #hivm.address_space<gm>> to memref<1xi32, strided<[1], offset: ?>, #hivm.address_space<gm>>
        %31 = memref.load %reinterpret_cast_5[%c0] : memref<1xi32, strided<[1], offset: ?>, #hivm.address_space<gm>>
        scf.if %29 {
          %reinterpret_cast_6 = memref.reinterpret_cast %arg12 to offset: [%24], sizes: [1], strides: [1] : memref<?xi32, #hivm.address_space<gm>> to memref<1xi32, strided<[1], offset: ?>, #hivm.address_space<gm>>
          %32 = memref.load %reinterpret_cast_6[%c0] : memref<1xi32, strided<[1], offset: ?>, #hivm.address_space<gm>>
          %33 = arith.subi %32, %28 : i32
          %34 = arith.muli %30, %c256_i32 : i32
          %35 = arith.addi %34, %c256_i32 : i32
          %36 = arith.minsi %35, %28 : i32
          %37 = arith.addi %33, %36 : i32
          %38 = arith.addi %37, %c63_i32 : i32
          %39 = arith.divsi %38, %c64_i32 : i32
          %40 = arith.divsi %31, %c12_i32 : i32
          %41 = arith.subi %36, %34 : i32
          %42 = arith.addi %25, %34 : i32
          %43 = arith.muli %42, %arg15 : i32
          %44 = arith.muli %31, %arg16 : i32
          %45 = arith.index_cast %43 : i32 to index
          %46 = arith.index_cast %44 : i32 to index
          %47 = affine.apply #map1()[%45, %46]
          %48 = arith.index_cast %arg15 : i32 to index
          %49 = arith.index_cast %41 : i32 to index
          %reinterpret_cast_7 = memref.reinterpret_cast %arg2 to offset: [%47], sizes: [256, 256], strides: [%48, 1] : memref<?xbf16, #hivm.address_space<gm>> to memref<256x256xbf16, strided<[?, 1], offset: ?>, #hivm.address_space<gm>>
          %50 = arith.maxsi %49, %c0 : index
          %51 = arith.minsi %50, %c256 : index
          %52 = arith.minsi %51, %c0 : index
          %53 = affine.apply #map2()[%51, %52]
          %54 = arith.cmpi slt, %53, %c256 : index
          %subview = memref.subview %reinterpret_cast_7[0, 0] [%53, 256] [1, 1] : memref<256x256xbf16, strided<[?, 1], offset: ?>, #hivm.address_space<gm>> to memref<?x256xbf16, strided<[?, 1], offset: ?>, #hivm.address_space<gm>>
          %55 = arith.subi %arg25, %c1_i32 : i32
          %56 = arith.muli %23, %arg25 : i32
          %57 = arith.muli %40, %arg18 : i32
          %58 = arith.muli %40, %arg21 : i32
          %alloc = memref.alloc() : memref<16x16x16x16xbf16, #hivm.address_space<cbuf>>
          annotation.mark %alloc {hivm.multi_buffer = 2 : i32} : memref<16x16x16x16xbf16, #hivm.address_space<cbuf>>
          %cast = memref.cast %alloc : memref<16x16x16x16xbf16, #hivm.address_space<cbuf>> to memref<?x?x?x?xbf16, #hivm.address_space<cbuf>>
          %59 = affine.apply #map3()[%51, %52]
          %60 = affine.apply #map4()[%52]
          %61 = affine.apply #map5()[%52]
          %subview_8 = memref.subview %alloc[0, %60, %61, 0] [16, %59, 16, 16] [1, 1, 1, 1] : memref<16x16x16x16xbf16, #hivm.address_space<cbuf>> to memref<16x?x16x16xbf16, strided<[4096, 256, 16, 1], offset: ?>, #hivm.address_space<cbuf>>
          %cast_9 = memref.cast %subview_8 : memref<16x?x16x16xbf16, strided<[4096, 256, 16, 1], offset: ?>, #hivm.address_space<cbuf>> to memref<?x?x?x?xbf16, strided<[?, ?, ?, 1], offset: ?>, #hivm.address_space<cbuf>>
          scf.if %54 {
            %collapse_shape = memref.collapse_shape %alloc [[0, 1, 2, 3]] : memref<16x16x16x16xbf16, #hivm.address_space<cbuf>> into memref<65536xbf16, #hivm.address_space<cbuf>>
            hivm.hir.vbrc ins(%cst : bf16) outs(%collapse_shape : memref<65536xbf16, #hivm.address_space<cbuf>>)
          } {hivm.unlikely_condition}
          hivm.hir.nd2nz {dst_continuous} ins(%subview : memref<?x256xbf16, strided<[?, 1], offset: ?>, #hivm.address_space<gm>>) outs(%cast_9 : memref<?x?x?x?xbf16, strided<[?, ?, ?, 1], offset: ?>, #hivm.address_space<cbuf>>)
          %alloc_10 = memref.alloc() : memref<4x16x16x16xbf16, #hivm.address_space<cbuf>>
          annotation.mark %alloc_10 {effects = ["write", "read"], hivm.tightly_coupled_buffer = #hivm.tightly_coupled_buffer<0>, hivm.tiling_dim = -1 : index} : memref<4x16x16x16xbf16, #hivm.address_space<cbuf>>
          hivm.hir.sync_block_set[<CUBE>, <PIPE_M>, <PIPE_MTE3>] flag = 1
          %alloc_11 = memref.alloc() : memref<128x64xf32, #hivm.address_space<ub>>
          annotation.mark %alloc_11 {effects = ["write", "read"], hivm.tightly_coupled_buffer = #hivm.tightly_coupled_buffer<1>, hivm.tiling_dim = 0 : index} : memref<128x64xf32, #hivm.address_space<ub>>
          %alloc_12 = memref.alloc() : memref<128x256xf32, #hivm.address_space<ub>>
          annotation.mark %alloc_12 {effects = ["write", "read"], hivm.tightly_coupled_buffer = #hivm.tightly_coupled_buffer<2>, hivm.tiling_dim = 0 : index} : memref<128x256xf32, #hivm.address_space<ub>>
          %62 = arith.addi %39, %c3_i32 : i32
          %63:3 = scf.for %arg33 = %c0_i32 to %62 step %c1_i32 iter_args(%arg34 = %c0_i32, %arg35 = %c0_i32, %arg36 = %c0_i32) -> (i32, i32, i32)  : i32 {
            hivm.hir.sync_block_wait[<CUBE>, <PIPE_S>, <PIPE_S>] flag = 15
            %64 = arith.cmpi slt, %arg34, %39 : i32
            %65 = scf.if %64 -> (i32) {
              %88 = arith.addi %arg34, %c1_i32 : i32
              scf.yield %88 : i32
            } else {
              scf.yield %arg34 : i32
            } {hivm.matmul_limited_in_cube, ssbuffer.if = 8 : i32}
            %66 = llvm.load volatile %11 : !llvm.ptr<11> -> i32
            %67 = llvm.load volatile %12 : !llvm.ptr<11> -> i32
            %68 = arith.cmpi slt, %66, %c1_i32 : i32
            %69 = arith.cmpi slt, %67, %c1_i32 : i32
            %70 = arith.andi %68, %69 : i1
            %71 = arith.cmpi slt, %arg35, %39 : i32
            %72 = arith.andi %70, %71 : i1
            %73 = scf.if %72 -> (i32) {
              %88 = arith.muli %arg35, %c64_i32 : i32
              %89 = arith.addi %88, %c64_i32 : i32
              %90 = arith.minsi %89, %32 : i32
              %91 = arith.subi %90, %88 : i32
              %92 = arith.maxsi %91, %c0_i32 : i32
              %93 = arith.index_cast %arg19 : i32 to index
              %94 = arith.index_cast %92 : i32 to index
              %95 = arith.maxsi %94, %c0 : index
              %96 = arith.minsi %95, %c64 : index
              %97 = arith.minsi %96, %c0 : index
              %98 = affine.apply #map2()[%96, %97]
              %99 = arith.cmpi slt, %98, %c64 : index
              %alloc_13 = memref.alloc() : memref<16x4x16x16xbf16, #hivm.address_space<cbuf>>
              annotation.mark %alloc_13 {hivm.multi_buffer = 2 : i32} : memref<16x4x16x16xbf16, #hivm.address_space<cbuf>>
              %cast_14 = memref.cast %alloc_13 : memref<16x4x16x16xbf16, #hivm.address_space<cbuf>> to memref<?x?x?x?xbf16, #hivm.address_space<cbuf>>
              %100 = arith.divsi %88, %c64_i32 : i32
              %101 = arith.minsi %100, %55 : i32
              %102 = arith.remsi %88, %c64_i32 : i32
              %103 = arith.index_cast %56 : i32 to index
              %104 = arith.index_cast %101 : i32 to index
              %105 = affine.apply #map1()[%103, %104]
              %reinterpret_cast_15 = memref.reinterpret_cast %arg13 to offset: [%105], sizes: [1], strides: [1] : memref<?xi32, #hivm.address_space<gm>> to memref<1xi32, strided<[1], offset: ?>, #hivm.address_space<gm>>
              %106 = memref.load %reinterpret_cast_15[%c0] : memref<1xi32, strided<[1], offset: ?>, #hivm.address_space<gm>>
              %107 = arith.muli %106, %arg17 : i32
              %108 = arith.index_cast %107 : i32 to index
              %109 = arith.index_cast %57 : i32 to index
              %110 = arith.muli %102, %arg19 : i32
              %111 = arith.index_cast %110 : i32 to index
              %112 = affine.apply #map6()[%111, %108, %109]
              %reinterpret_cast_16 = memref.reinterpret_cast %arg3 to offset: [%112], sizes: [64, 256], strides: [%93, 1] : memref<?xbf16, #hivm.address_space<gm>> to memref<64x256xbf16, strided<[?, 1], offset: ?>, #hivm.address_space<gm>>
              %subview_17 = memref.subview %reinterpret_cast_16[0, 0] [%98, 256] [1, 1] : memref<64x256xbf16, strided<[?, 1], offset: ?>, #hivm.address_space<gm>> to memref<?x256xbf16, strided<[?, 1], offset: ?>, #hivm.address_space<gm>>
              %113 = affine.apply #map3()[%96, %97]
              %114 = affine.apply #map4()[%97]
              %115 = affine.apply #map5()[%97]
              %subview_18 = memref.subview %alloc_13[0, %114, %115, 0] [16, %113, 16, 16] [1, 1, 1, 1] : memref<16x4x16x16xbf16, #hivm.address_space<cbuf>> to memref<16x?x16x16xbf16, strided<[1024, 256, 16, 1], offset: ?>, #hivm.address_space<cbuf>>
              %cast_19 = memref.cast %subview_18 : memref<16x?x16x16xbf16, strided<[1024, 256, 16, 1], offset: ?>, #hivm.address_space<cbuf>> to memref<?x?x?x?xbf16, strided<[?, ?, ?, 1], offset: ?>, #hivm.address_space<cbuf>>
              scf.if %99 {
                %collapse_shape = memref.collapse_shape %alloc_13 [[0, 1, 2, 3]] : memref<16x4x16x16xbf16, #hivm.address_space<cbuf>> into memref<16384xbf16, #hivm.address_space<cbuf>>
                hivm.hir.vbrc ins(%cst : bf16) outs(%collapse_shape : memref<16384xbf16, #hivm.address_space<cbuf>>)
              } {hivm.unlikely_condition}
              hivm.hir.nd2nz {dst_continuous} ins(%subview_17 : memref<?x256xbf16, strided<[?, 1], offset: ?>, #hivm.address_space<gm>>) outs(%cast_19 : memref<?x?x?x?xbf16, strided<[?, ?, ?, 1], offset: ?>, #hivm.address_space<cbuf>>)
              %alloc_20 = memref.alloc() {alignment = 64 : i64} : memref<4x16x16x16xf32, #hivm.address_space<cc>>
              annotation.mark %alloc_20 {hivm.multi_buffer = 2 : i32} : memref<4x16x16x16xf32, #hivm.address_space<cc>>
              %cast_21 = memref.cast %alloc_20 : memref<4x16x16x16xf32, #hivm.address_space<cc>> to memref<?x?x?x?xf32, #hivm.address_space<cc>>
              hivm.hir.mmadL1 {already_set_real_mkn, b_transpose, normalized_in_L0C} ins(%cast, %cast_14, %true, %c256, %c256, %c64 : memref<?x?x?x?xbf16, #hivm.address_space<cbuf>>, memref<?x?x?x?xbf16, #hivm.address_space<cbuf>>, i1, index, index, index) outs(%cast_21 : memref<?x?x?x?xf32, #hivm.address_space<cc>>)
              hivm.hir.sync_block_wait[<CUBE>, <PIPE_V>, <PIPE_FIX>] flag = 2
              hivm.hir.fixpipe {dma_mode = #hivm.dma_mode<nz2nd>} ins(%alloc_20 : memref<4x16x16x16xf32, #hivm.address_space<cc>>) outs(%alloc_11 : memref<128x64xf32, #hivm.address_space<ub>>) dual_dst_mode = <ROW_SPLIT>
              hivm.hir.sync_block_set[<CUBE>, <PIPE_FIX>, <PIPE_V>] flag = 2
              %116 = llvm.load volatile %11 : !llvm.ptr<11> -> i32
              %117 = llvm.load volatile %12 : !llvm.ptr<11> -> i32
              %118 = arith.addi %116, %c1_i32 : i32
              %119 = arith.addi %117, %c1_i32 : i32
              llvm.store volatile %118, %11 : i32, !llvm.ptr<11>
              llvm.store volatile %119, %12 : i32, !llvm.ptr<11>
              %120 = arith.addi %arg35, %c1_i32 : i32
              scf.yield %120 : i32
            } else {
              scf.yield %arg35 : i32
            } {hivm.matmul_limited_in_cube, ssbuffer.if = 5 : i32}
            %74 = llvm.load volatile %15 : !llvm.ptr<11> -> i32
            %75 = llvm.load volatile %16 : !llvm.ptr<11> -> i32
            %76 = arith.cmpi sgt, %74, %c0_i32 : i32
            %77 = arith.cmpi sgt, %75, %c0_i32 : i32
            %78 = arith.andi %76, %77 : i1
            %79 = llvm.load volatile %13 : !llvm.ptr<11> -> i32
            %80 = llvm.load volatile %14 : !llvm.ptr<11> -> i32
            %81 = arith.cmpi slt, %79, %c1_i32 : i32
            %82 = arith.cmpi slt, %80, %c1_i32 : i32
            %83 = arith.andi %81, %82 : i1
            %84 = arith.andi %78, %83 : i1
            %85 = arith.cmpi slt, %arg36, %39 : i32
            %86 = arith.andi %84, %85 : i1
            %87 = scf.if %86 -> (i32) {
              %88 = arith.muli %arg36, %c64_i32 : i32
              %89 = arith.addi %88, %c64_i32 : i32
              %90 = arith.minsi %89, %32 : i32
              %91 = arith.subi %90, %88 : i32
              %92 = arith.maxsi %91, %c0_i32 : i32
              %93 = arith.index_cast %92 : i32 to index
              %94 = arith.index_cast %arg22 : i32 to index
              %95 = arith.maxsi %93, %c0 : index
              %96 = arith.minsi %95, %c64 : index
              %97 = arith.minsi %96, %c0 : index
              %98 = affine.apply #map2()[%96, %97]
              %99 = arith.cmpi slt, %98, %c64 : index
              %100 = arith.divsi %88, %c64_i32 : i32
              %101 = arith.minsi %100, %55 : i32
              %102 = arith.remsi %88, %c64_i32 : i32
              %103 = arith.index_cast %56 : i32 to index
              %104 = arith.index_cast %101 : i32 to index
              %105 = affine.apply #map1()[%103, %104]
              %reinterpret_cast_13 = memref.reinterpret_cast %arg13 to offset: [%105], sizes: [1], strides: [1] : memref<?xi32, #hivm.address_space<gm>> to memref<1xi32, strided<[1], offset: ?>, #hivm.address_space<gm>>
              %106 = memref.load %reinterpret_cast_13[%c0] : memref<1xi32, strided<[1], offset: ?>, #hivm.address_space<gm>>
              %alloc_14 = memref.alloc() : memref<16x4x16x16xbf16, #hivm.address_space<cbuf>>
              annotation.mark %alloc_14 {hivm.multi_buffer = 2 : i32} : memref<16x4x16x16xbf16, #hivm.address_space<cbuf>>
              %cast_15 = memref.cast %alloc_14 : memref<16x4x16x16xbf16, #hivm.address_space<cbuf>> to memref<?x?x?x?xbf16, #hivm.address_space<cbuf>>
              %107 = arith.muli %106, %arg20 : i32
              %108 = arith.index_cast %107 : i32 to index
              %109 = arith.index_cast %58 : i32 to index
              %110 = arith.muli %102, %arg22 : i32
              %111 = arith.index_cast %110 : i32 to index
              %112 = affine.apply #map6()[%111, %108, %109]
              %reinterpret_cast_16 = memref.reinterpret_cast %arg4 to offset: [%112], sizes: [64, 256], strides: [%94, 1] : memref<?xbf16, #hivm.address_space<gm>> to memref<64x256xbf16, strided<[?, 1], offset: ?>, #hivm.address_space<gm>>
              %subview_17 = memref.subview %reinterpret_cast_16[0, 0] [%98, 256] [1, 1] : memref<64x256xbf16, strided<[?, 1], offset: ?>, #hivm.address_space<gm>> to memref<?x256xbf16, strided<[?, 1], offset: ?>, #hivm.address_space<gm>>
              %113 = affine.apply #map3()[%96, %97]
              %114 = affine.apply #map4()[%97]
              %115 = affine.apply #map5()[%97]
              %subview_18 = memref.subview %alloc_14[0, %114, %115, 0] [16, %113, 16, 16] [1, 1, 1, 1] : memref<16x4x16x16xbf16, #hivm.address_space<cbuf>> to memref<16x?x16x16xbf16, strided<[1024, 256, 16, 1], offset: ?>, #hivm.address_space<cbuf>>
              %cast_19 = memref.cast %subview_18 : memref<16x?x16x16xbf16, strided<[1024, 256, 16, 1], offset: ?>, #hivm.address_space<cbuf>> to memref<?x?x?x?xbf16, strided<[?, ?, ?, 1], offset: ?>, #hivm.address_space<cbuf>>
              scf.if %99 {
                %collapse_shape = memref.collapse_shape %alloc_14 [[0, 1, 2, 3]] : memref<16x4x16x16xbf16, #hivm.address_space<cbuf>> into memref<16384xbf16, #hivm.address_space<cbuf>>
                hivm.hir.vbrc ins(%cst : bf16) outs(%collapse_shape : memref<16384xbf16, #hivm.address_space<cbuf>>)
              } {hivm.unlikely_condition}
              hivm.hir.nd2nz {dst_continuous} ins(%subview_17 : memref<?x256xbf16, strided<[?, 1], offset: ?>, #hivm.address_space<gm>>) outs(%cast_19 : memref<?x?x?x?xbf16, strided<[?, ?, ?, 1], offset: ?>, #hivm.address_space<cbuf>>)
              hivm.hir.sync_block_wait[<CUBE>, <PIPE_MTE3>, <PIPE_MTE1>] flag = 1
              %alloc_20 = memref.alloc() {alignment = 64 : i64} : memref<16x16x16x16xf32, #hivm.address_space<cc>>
              annotation.mark %alloc_20 {hivm.multi_buffer = 2 : i32} : memref<16x16x16x16xf32, #hivm.address_space<cc>>
              %cast_21 = memref.cast %alloc_20 : memref<16x16x16x16xf32, #hivm.address_space<cc>> to memref<?x?x?x?xf32, #hivm.address_space<cc>>
              hivm.hir.mmadL1 {already_set_real_mkn, normalized_in_L0C} ins(%alloc_10, %cast_15, %true, %c256, %c64, %c256 : memref<4x16x16x16xbf16, #hivm.address_space<cbuf>>, memref<?x?x?x?xbf16, #hivm.address_space<cbuf>>, i1, index, index, index) outs(%cast_21 : memref<?x?x?x?xf32, #hivm.address_space<cc>>)
              hivm.hir.sync_block_set[<CUBE>, <PIPE_M>, <PIPE_MTE3>] flag = 1
              hivm.hir.sync_block_wait[<CUBE>, <PIPE_V>, <PIPE_FIX>] flag = 3
              hivm.hir.fixpipe {dma_mode = #hivm.dma_mode<nz2nd>} ins(%alloc_20 : memref<16x16x16x16xf32, #hivm.address_space<cc>>) outs(%alloc_12 : memref<128x256xf32, #hivm.address_space<ub>>) dual_dst_mode = <ROW_SPLIT>
              hivm.hir.sync_block_set[<CUBE>, <PIPE_FIX>, <PIPE_V>] flag = 3
              %116 = llvm.load volatile %15 : !llvm.ptr<11> -> i32
              %117 = llvm.load volatile %16 : !llvm.ptr<11> -> i32
              %118 = arith.subi %116, %c1_i32 : i32
              %119 = arith.subi %117, %c1_i32 : i32
              llvm.store volatile %118, %15 : i32, !llvm.ptr<11>
              llvm.store volatile %119, %16 : i32, !llvm.ptr<11>
              %120 = llvm.load volatile %13 : !llvm.ptr<11> -> i32
              %121 = llvm.load volatile %14 : !llvm.ptr<11> -> i32
              %122 = arith.addi %120, %c1_i32 : i32
              %123 = arith.addi %121, %c1_i32 : i32
              llvm.store volatile %122, %13 : i32, !llvm.ptr<11>
              llvm.store volatile %123, %14 : i32, !llvm.ptr<11>
              %124 = arith.addi %arg36, %c1_i32 : i32
              scf.yield %124 : i32
            } else {
              scf.yield %arg36 : i32
            } {hivm.matmul_limited_in_cube, ssbuffer.if = 7 : i32}
            hivm.hir.sync_block_set[<CUBE>, <PIPE_S>, <PIPE_S>] flag = 15
            scf.yield %65, %73, %87 : i32, i32, i32
          } {fixpipe_for_mmad_result_already_inserted = true}
          hivm.hir.sync_block_wait[<CUBE>, <PIPE_S>, <PIPE_S>] flag = 15
          hivm.hir.sync_block_wait[<CUBE>, <PIPE_V>, <PIPE_FIX>] flag = 3
          hivm.hir.sync_block_wait[<CUBE>, <PIPE_V>, <PIPE_FIX>] flag = 2
        }
      }
      hivm.hir.set_ctrl true at ctrl[60]
    } {autoblockify.subloop}
    return
  }
  func.func @paged_prefill_page_aggregation_kernel_mix_aiv_outlined_vf_0(%arg0: memref<128x64xi8, #hivm.address_space<ub>>, %arg1: memref<128x64xf32, #hivm.address_space<ub>>, %arg2: f32, %arg3: memref<128x64xf32, #hivm.address_space<ub>>) attributes {hivm.func_core_type = #hivm.func_core_type<AIV>, hivm.vector_function, no_inline} {
    %cst = arith.constant dense<0xFF800000> : vector<1x64xf32>
    %cst_0 = arith.constant dense<0> : vector<1x64xi8>
    %cst_1 = arith.constant 0.000000e+00 : f32
    %c0_i8 = arith.constant 0 : i8
    %c1 = arith.constant 1 : index
    %c128 = arith.constant 128 : index
    %c0 = arith.constant 0 : index
    scf.for %arg4 = %c0 to %c128 step %c1 {
      %subview = memref.subview %arg0[%arg4, 0] [1, 64] [1, 1] : memref<128x64xi8, #hivm.address_space<ub>> to memref<1x64xi8, strided<[64, 1], offset: ?>, #hivm.address_space<ub>>
      %subview_2 = memref.subview %arg1[%arg4, 0] [1, 64] [1, 1] : memref<128x64xf32, #hivm.address_space<ub>> to memref<1x64xf32, strided<[64, 1], offset: ?>, #hivm.address_space<ub>>
      %subview_3 = memref.subview %arg3[%arg4, 0] [1, 64] [1, 1] : memref<128x64xf32, #hivm.address_space<ub>> to memref<1x64xf32, strided<[64, 1], offset: ?>, #hivm.address_space<ub>>
      %0 = vector.transfer_read %subview[%c0, %c0], %c0_i8 {in_bounds = [true, true]} : memref<1x64xi8, strided<[64, 1], offset: ?>, #hivm.address_space<ub>>, vector<1x64xi8>
      %1 = vector.transfer_read %subview_2[%c0, %c0], %cst_1 {in_bounds = [true, true]} : memref<1x64xf32, strided<[64, 1], offset: ?>, #hivm.address_space<ub>>, vector<1x64xf32>
      %2 = vector.broadcast %arg2 : f32 to vector<1x64xf32>
      %3 = arith.mulf %1, %2 : vector<1x64xf32>
      %4 = arith.cmpi ne, %0, %cst_0 : vector<1x64xi8>
      %5 = arith.select %4, %3, %cst : vector<1x64xi1>, vector<1x64xf32>
      vector.transfer_write %5, %subview_3[%c0, %c0] {in_bounds = [true, true]} : vector<1x64xf32>, memref<1x64xf32, strided<[64, 1], offset: ?>, #hivm.address_space<ub>>
    }
    return
  }
  func.func @paged_prefill_page_aggregation_kernel_mix_aiv_outlined_vf_1(%arg0: memref<128x64xf32, #hivm.address_space<ub>>, %arg1: memref<128xf32, #hivm.address_space<ub>>, %arg2: memref<128xf32, #hivm.address_space<ub>>, %arg3: memref<128xf32, #hivm.address_space<ub>>, %arg4: memref<128x64xf32, #hivm.address_space<ub>>) attributes {hivm.func_core_type = #hivm.func_core_type<AIV>, hivm.vector_function, no_inline} {
    %cst = arith.constant 0.000000e+00 : f32
    %c1 = arith.constant 1 : index
    %c128 = arith.constant 128 : index
    %c64 = arith.constant 64 : index
    %c0 = arith.constant 0 : index
    scf.for %arg5 = %c0 to %c128 step %c1 {
      %subview = memref.subview %arg1[%arg5] [1] [1] : memref<128xf32, #hivm.address_space<ub>> to memref<1xf32, strided<[1], offset: ?>, #hivm.address_space<ub>>
      %subview_0 = memref.subview %arg0[%arg5, 0] [1, 64] [1, 1] : memref<128x64xf32, #hivm.address_space<ub>> to memref<1x64xf32, strided<[64, 1], offset: ?>, #hivm.address_space<ub>>
      %0 = vector.transfer_read %subview_0[%c0, %c0], %cst {in_bounds = [true, true]} : memref<1x64xf32, strided<[64, 1], offset: ?>, #hivm.address_space<ub>>, vector<1x64xf32>
      %1 = vector.transfer_read %subview[%c0], %cst {in_bounds = [true]} : memref<1xf32, strided<[1], offset: ?>, #hivm.address_space<ub>>, vector<1xf32>
      %2 = vector.multi_reduction <maximumf>, %0, %1 {withoutInitMergeOp} [1] : vector<1x64xf32> to vector<1xf32>
      vector.transfer_write %2, %subview[%c0] {in_bounds = [true]} : vector<1xf32>, memref<1xf32, strided<[1], offset: ?>, #hivm.address_space<ub>>
    }
    scf.for %arg5 = %c0 to %c128 step %c64 {
      %subview = memref.subview %arg2[%arg5] [64] [1] : memref<128xf32, #hivm.address_space<ub>> to memref<64xf32, strided<[1], offset: ?>, #hivm.address_space<ub>>
      %subview_0 = memref.subview %arg1[%arg5] [64] [1] : memref<128xf32, #hivm.address_space<ub>> to memref<64xf32, strided<[1], offset: ?>, #hivm.address_space<ub>>
      %subview_1 = memref.subview %arg3[%arg5] [64] [1] : memref<128xf32, #hivm.address_space<ub>> to memref<64xf32, strided<[1], offset: ?>, #hivm.address_space<ub>>
      %0 = vector.transfer_read %subview[%c0], %cst {in_bounds = [true]} : memref<64xf32, strided<[1], offset: ?>, #hivm.address_space<ub>>, vector<64xf32>
      %1 = vector.transfer_read %subview_0[%c0], %cst {in_bounds = [true]} : memref<64xf32, strided<[1], offset: ?>, #hivm.address_space<ub>>, vector<64xf32>
      %2 = arith.maximumf %0, %1 : vector<64xf32>
      vector.transfer_write %2, %subview_1[%c0] {in_bounds = [true]} : vector<64xf32>, memref<64xf32, strided<[1], offset: ?>, #hivm.address_space<ub>>
    }
    scf.for %arg5 = %c0 to %c128 step %c1 {
      %subview = memref.subview %arg3[%arg5] [1] [1] : memref<128xf32, #hivm.address_space<ub>> to memref<1xf32, strided<[1], offset: ?>, #hivm.address_space<ub>>
      %subview_0 = memref.subview %arg0[%arg5, 0] [1, 64] [1, 1] : memref<128x64xf32, #hivm.address_space<ub>> to memref<1x64xf32, strided<[64, 1], offset: ?>, #hivm.address_space<ub>>
      %subview_1 = memref.subview %arg4[%arg5, 0] [1, 64] [1, 1] : memref<128x64xf32, #hivm.address_space<ub>> to memref<1x64xf32, strided<[64, 1], offset: ?>, #hivm.address_space<ub>>
      %0 = vector.transfer_read %subview_0[%c0, %c0], %cst {in_bounds = [true, true]} : memref<1x64xf32, strided<[64, 1], offset: ?>, #hivm.address_space<ub>>, vector<1x64xf32>
      %1 = vector.transfer_read %subview[%c0], %cst {in_bounds = [true, true], permutation_map = #map7} : memref<1xf32, strided<[1], offset: ?>, #hivm.address_space<ub>>, vector<1x64xf32>
      %2 = arith.subf %0, %1 : vector<1x64xf32>
      %3 = math.exp %2 : vector<1x64xf32>
      vector.transfer_write %3, %subview_1[%c0, %c0] {in_bounds = [true, true]} : vector<1x64xf32>, memref<1x64xf32, strided<[64, 1], offset: ?>, #hivm.address_space<ub>>
    }
    return
  }
  func.func @paged_prefill_page_aggregation_kernel_mix_aiv_outlined_vf_4(%arg0: memref<128xf32, #hivm.address_space<ub>>, %arg1: memref<128xf32, #hivm.address_space<ub>>) attributes {hivm.func_core_type = #hivm.func_core_type<AIV>, hivm.vector_function, no_inline} {
    %cst = arith.constant 0.000000e+00 : f32
    %c64 = arith.constant 64 : index
    %c128 = arith.constant 128 : index
    %c0 = arith.constant 0 : index
    scf.for %arg2 = %c0 to %c128 step %c64 {
      %subview = memref.subview %arg0[%arg2] [64] [1] : memref<128xf32, #hivm.address_space<ub>> to memref<64xf32, strided<[1], offset: ?>, #hivm.address_space<ub>>
      %subview_0 = memref.subview %arg1[%arg2] [64] [1] : memref<128xf32, #hivm.address_space<ub>> to memref<64xf32, strided<[1], offset: ?>, #hivm.address_space<ub>>
      %0 = vector.transfer_read %subview[%c0], %cst {in_bounds = [true]} : memref<64xf32, strided<[1], offset: ?>, #hivm.address_space<ub>>, vector<64xf32>
      %1 = math.exp %0 : vector<64xf32>
      vector.transfer_write %1, %subview_0[%c0] {in_bounds = [true]} : vector<64xf32>, memref<64xf32, strided<[1], offset: ?>, #hivm.address_space<ub>>
    }
    return
  }
  func.func @paged_prefill_page_aggregation_kernel_mix_aiv_outlined_vf_5(%arg0: memref<128x64xf32, #hivm.address_space<ub>>, %arg1: memref<128xf32, #hivm.address_space<ub>>, %arg2: memref<128x256xf32, #hivm.address_space<ub>>, %arg3: memref<128x256xf32, #hivm.address_space<ub>>, %arg4: memref<128xf32, #hivm.address_space<ub>>, %arg5: memref<128x256xf32, #hivm.address_space<ub>>, %arg6: memref<128xf32, #hivm.address_space<ub>>, %arg7: memref<128xf32, #hivm.address_space<ub>>) attributes {hivm.func_core_type = #hivm.func_core_type<AIV>, hivm.vector_function, no_inline} {
    %cst = arith.constant dense<0.000000e+00> : vector<1x64xf32>
    %cst_0 = arith.constant 0.000000e+00 : f32
    %c1 = arith.constant 1 : index
    %c128 = arith.constant 128 : index
    %c256 = arith.constant 256 : index
    %c64 = arith.constant 64 : index
    %c0 = arith.constant 0 : index
    scf.for %arg8 = %c0 to %c128 step %c1 {
      %subview = memref.subview %arg4[%arg8] [1] [1] : memref<128xf32, #hivm.address_space<ub>> to memref<1xf32, strided<[1], offset: ?>, #hivm.address_space<ub>>
      %subview_1 = memref.subview %arg0[%arg8, 0] [1, 64] [1, 1] : memref<128x64xf32, #hivm.address_space<ub>> to memref<1x64xf32, strided<[64, 1], offset: ?>, #hivm.address_space<ub>>
      %0 = vector.transfer_read %subview_1[%c0, %c0], %cst_0 {in_bounds = [true, true]} : memref<1x64xf32, strided<[64, 1], offset: ?>, #hivm.address_space<ub>>, vector<1x64xf32>
      %1 = arith.addf %0, %cst {reductionOp} : vector<1x64xf32>
      %2 = vector.transfer_read %subview[%c0], %cst_0 {in_bounds = [true]} : memref<1xf32, strided<[1], offset: ?>, #hivm.address_space<ub>>, vector<1xf32>
      %3 = vector.multi_reduction <add>, %1, %2 {withoutInitMergeOp} [1] : vector<1x64xf32> to vector<1xf32>
      vector.transfer_write %3, %subview[%c0] {in_bounds = [true]} : vector<1xf32>, memref<1xf32, strided<[1], offset: ?>, #hivm.address_space<ub>>
      %subview_2 = memref.subview %arg1[%arg8] [1] [1] : memref<128xf32, #hivm.address_space<ub>> to memref<1xf32, strided<[1], offset: ?>, #hivm.address_space<ub>>
      scf.for %arg9 = %c0 to %c256 step %c64 {
        %subview_3 = memref.subview %arg2[%arg8, %arg9] [1, 64] [1, 1] : memref<128x256xf32, #hivm.address_space<ub>> to memref<1x64xf32, strided<[256, 1], offset: ?>, #hivm.address_space<ub>>
        %subview_4 = memref.subview %arg3[%arg8, %arg9] [1, 64] [1, 1] : memref<128x256xf32, #hivm.address_space<ub>> to memref<1x64xf32, strided<[256, 1], offset: ?>, #hivm.address_space<ub>>
        %subview_5 = memref.subview %arg5[%arg8, %arg9] [1, 64] [1, 1] : memref<128x256xf32, #hivm.address_space<ub>> to memref<1x64xf32, strided<[256, 1], offset: ?>, #hivm.address_space<ub>>
        %4 = vector.transfer_read %subview_3[%c0, %c0], %cst_0 {in_bounds = [true, true]} : memref<1x64xf32, strided<[256, 1], offset: ?>, #hivm.address_space<ub>>, vector<1x64xf32>
        %5 = vector.transfer_read %subview_4[%c0, %c0], %cst_0 {in_bounds = [true, true]} : memref<1x64xf32, strided<[256, 1], offset: ?>, #hivm.address_space<ub>>, vector<1x64xf32>
        %6 = vector.transfer_read %subview_2[%c0], %cst_0 {in_bounds = [true, true], permutation_map = #map7} : memref<1xf32, strided<[1], offset: ?>, #hivm.address_space<ub>>, vector<1x64xf32>
        %7 = arith.mulf %5, %6 : vector<1x64xf32>
        %8 = arith.addf %4, %7 : vector<1x64xf32>
        vector.transfer_write %8, %subview_5[%c0, %c0] {in_bounds = [true, true]} : vector<1x64xf32>, memref<1x64xf32, strided<[256, 1], offset: ?>, #hivm.address_space<ub>>
      }
    }
    scf.for %arg8 = %c0 to %c128 step %c64 {
      %subview = memref.subview %arg6[%arg8] [64] [1] : memref<128xf32, #hivm.address_space<ub>> to memref<64xf32, strided<[1], offset: ?>, #hivm.address_space<ub>>
      %subview_1 = memref.subview %arg1[%arg8] [64] [1] : memref<128xf32, #hivm.address_space<ub>> to memref<64xf32, strided<[1], offset: ?>, #hivm.address_space<ub>>
      %subview_2 = memref.subview %arg4[%arg8] [64] [1] : memref<128xf32, #hivm.address_space<ub>> to memref<64xf32, strided<[1], offset: ?>, #hivm.address_space<ub>>
      %subview_3 = memref.subview %arg7[%arg8] [64] [1] : memref<128xf32, #hivm.address_space<ub>> to memref<64xf32, strided<[1], offset: ?>, #hivm.address_space<ub>>
      %0 = vector.transfer_read %subview[%c0], %cst_0 {in_bounds = [true]} : memref<64xf32, strided<[1], offset: ?>, #hivm.address_space<ub>>, vector<64xf32>
      %1 = vector.transfer_read %subview_1[%c0], %cst_0 {in_bounds = [true]} : memref<64xf32, strided<[1], offset: ?>, #hivm.address_space<ub>>, vector<64xf32>
      %2 = vector.transfer_read %subview_2[%c0], %cst_0 {in_bounds = [true]} : memref<64xf32, strided<[1], offset: ?>, #hivm.address_space<ub>>, vector<64xf32>
      %3 = arith.mulf %0, %1 : vector<64xf32>
      %4 = arith.addf %3, %2 : vector<64xf32>
      vector.transfer_write %4, %subview_3[%c0] {in_bounds = [true]} : vector<64xf32>, memref<64xf32, strided<[1], offset: ?>, #hivm.address_space<ub>>
    }
    return
  }
  func.func @paged_prefill_page_aggregation_kernel_mix_aiv_outlined_vf_6(%arg0: memref<1xf32, #hivm.address_space<ub>>, %arg1: memref<128xf32, #hivm.address_space<ub>>) attributes {hivm.func_core_type = #hivm.func_core_type<AIV>, hivm.vector_function, no_inline} {
    %cst = arith.constant 0.000000e+00 : f32
    %c64 = arith.constant 64 : index
    %c128 = arith.constant 128 : index
    %c0 = arith.constant 0 : index
    scf.for %arg2 = %c0 to %c128 step %c64 {
      %subview = memref.subview %arg1[%arg2] [64] [1] : memref<128xf32, #hivm.address_space<ub>> to memref<64xf32, strided<[1], offset: ?>, #hivm.address_space<ub>>
      %0 = vector.transfer_read %arg0[%c0], %cst {in_bounds = [true], permutation_map = #map8} : memref<1xf32, #hivm.address_space<ub>>, vector<64xf32>
      vector.transfer_write %0, %subview[%c0] {in_bounds = [true]} : vector<64xf32>, memref<64xf32, strided<[1], offset: ?>, #hivm.address_space<ub>>
    }
    return
  }
  func.func @paged_prefill_page_aggregation_kernel_mix_aiv_outlined_vf_7(%arg0: memref<128xf32, #hivm.address_space<ub>>) attributes {hivm.func_core_type = #hivm.func_core_type<AIV>, hivm.vector_function, no_inline} {
    %cst = arith.constant dense<1.000000e+00> : vector<64xf32>
    %c64 = arith.constant 64 : index
    %c128 = arith.constant 128 : index
    %c0 = arith.constant 0 : index
    scf.for %arg1 = %c0 to %c128 step %c64 {
      %subview = memref.subview %arg0[%arg1] [64] [1] : memref<128xf32, #hivm.address_space<ub>> to memref<64xf32, strided<[1], offset: ?>, #hivm.address_space<ub>>
      vector.transfer_write %cst, %subview[%c0] {in_bounds = [true]} : vector<64xf32>, memref<64xf32, strided<[1], offset: ?>, #hivm.address_space<ub>>
    }
    return
  }
  func.func @paged_prefill_page_aggregation_kernel_mix_aiv_outlined_vf_8(%arg0: memref<128x256xf32, #hivm.address_space<ub>>) attributes {hivm.func_core_type = #hivm.func_core_type<AIV>, hivm.vector_function, no_inline} {
    %cst = arith.constant dense<0.000000e+00> : vector<1x64xf32>
    %c1 = arith.constant 1 : index
    %c128 = arith.constant 128 : index
    %c64 = arith.constant 64 : index
    %c256 = arith.constant 256 : index
    %c0 = arith.constant 0 : index
    scf.for %arg1 = %c0 to %c128 step %c1 {
      scf.for %arg2 = %c0 to %c256 step %c64 {
        %subview = memref.subview %arg0[%arg1, %arg2] [1, 64] [1, 1] : memref<128x256xf32, #hivm.address_space<ub>> to memref<1x64xf32, strided<[256, 1], offset: ?>, #hivm.address_space<ub>>
        vector.transfer_write %cst, %subview[%c0, %c0] {in_bounds = [true, true]} : vector<1x64xf32>, memref<1x64xf32, strided<[256, 1], offset: ?>, #hivm.address_space<ub>>
      }
    }
    return
  }
  func.func @paged_prefill_page_aggregation_kernel_mix_aiv_outlined_vf_9(%arg0: memref<128xf32, #hivm.address_space<ub>>, %arg1: memref<128x256xf32, #hivm.address_space<ub>>, %arg2: memref<128x256xbf16, #hivm.address_space<ub>>) attributes {hivm.func_core_type = #hivm.func_core_type<AIV>, hivm.vector_function, no_inline} {
    %cst = arith.constant 0.000000e+00 : f32
    %c1 = arith.constant 1 : index
    %c128 = arith.constant 128 : index
    %c64 = arith.constant 64 : index
    %c256 = arith.constant 256 : index
    %c0 = arith.constant 0 : index
    scf.for %arg3 = %c0 to %c128 step %c1 {
      %subview = memref.subview %arg0[%arg3] [1] [1] : memref<128xf32, #hivm.address_space<ub>> to memref<1xf32, strided<[1], offset: ?>, #hivm.address_space<ub>>
      scf.for %arg4 = %c0 to %c256 step %c64 {
        %subview_0 = memref.subview %arg1[%arg3, %arg4] [1, 64] [1, 1] : memref<128x256xf32, #hivm.address_space<ub>> to memref<1x64xf32, strided<[256, 1], offset: ?>, #hivm.address_space<ub>>
        %subview_1 = memref.subview %arg2[%arg3, %arg4] [1, 64] [1, 1] : memref<128x256xbf16, #hivm.address_space<ub>> to memref<1x64xbf16, strided<[256, 1], offset: ?>, #hivm.address_space<ub>>
        %0 = vector.transfer_read %subview_0[%c0, %c0], %cst {in_bounds = [true, true]} : memref<1x64xf32, strided<[256, 1], offset: ?>, #hivm.address_space<ub>>, vector<1x64xf32>
        %1 = vector.transfer_read %subview[%c0], %cst {in_bounds = [true, true], permutation_map = #map7} : memref<1xf32, strided<[1], offset: ?>, #hivm.address_space<ub>>, vector<1x64xf32>
        %2 = arith.divf %0, %1 : vector<1x64xf32>
        %3 = arith.truncf %2 {enable_saturate = false, round_mode = #hfusion.round_mode<rint>, unsigned_mode = #hfusion.unsigned_mode<si2si>} : vector<1x64xf32> to vector<1x64xbf16>
        vector.transfer_write %3, %subview_1[%c0, %c0] {in_bounds = [true, true]} : vector<1x64xbf16>, memref<1x64xbf16, strided<[256, 1], offset: ?>, #hivm.address_space<ub>>
      }
    }
    return
  }
  func.func @paged_prefill_page_aggregation_kernel_mix_aiv(%arg0: memref<?xi8, #hivm.address_space<gm>> {hacc.arg_type = #hacc.arg_type<sync_block_lock>}, %arg1: memref<?xi8, #hivm.address_space<gm>> {hacc.arg_type = #hacc.arg_type<workspace>}, %arg2: memref<?xbf16, #hivm.address_space<gm>> {tt.divisibility = 16 : i32, tt.tensor_kind = 0 : i32}, %arg3: memref<?xbf16, #hivm.address_space<gm>> {tt.divisibility = 16 : i32, tt.tensor_kind = 0 : i32}, %arg4: memref<?xbf16, #hivm.address_space<gm>> {tt.divisibility = 16 : i32, tt.tensor_kind = 0 : i32}, %arg5: memref<?xbf16, #hivm.address_space<gm>> {tt.divisibility = 16 : i32, tt.tensor_kind = 1 : i32}, %arg6: memref<?xi8, #hivm.address_space<gm>> {tt.divisibility = 16 : i32, tt.tensor_kind = 0 : i32}, %arg7: memref<?xi32, #hivm.address_space<gm>> {tt.divisibility = 16 : i32, tt.tensor_kind = 0 : i32}, %arg8: memref<?xi32, #hivm.address_space<gm>> {tt.divisibility = 16 : i32, tt.tensor_kind = 0 : i32}, %arg9: memref<?xi32, #hivm.address_space<gm>> {tt.divisibility = 16 : i32, tt.tensor_kind = 0 : i32}, %arg10: memref<?xi32, #hivm.address_space<gm>> {tt.divisibility = 16 : i32, tt.tensor_kind = 0 : i32}, %arg11: memref<?xi32, #hivm.address_space<gm>> {tt.divisibility = 16 : i32, tt.tensor_kind = 0 : i32}, %arg12: memref<?xi32, #hivm.address_space<gm>> {tt.divisibility = 16 : i32, tt.tensor_kind = 0 : i32}, %arg13: memref<?xi32, #hivm.address_space<gm>> {tt.tensor_kind = 0 : i32}, %arg14: memref<?xf32, #hivm.address_space<gm>> {tt.divisibility = 16 : i32, tt.tensor_kind = 0 : i32}, %arg15: i32 {tt.divisibility = 16 : i32}, %arg16: i32 {tt.divisibility = 16 : i32}, %arg17: i32 {tt.divisibility = 16 : i32}, %arg18: i32 {tt.divisibility = 16 : i32}, %arg19: i32 {tt.divisibility = 16 : i32}, %arg20: i32 {tt.divisibility = 16 : i32}, %arg21: i32 {tt.divisibility = 16 : i32}, %arg22: i32 {tt.divisibility = 16 : i32}, %arg23: i32 {tt.divisibility = 16 : i32}, %arg24: i32 {tt.divisibility = 16 : i32}, %arg25: i32, %arg26: i32 {tt.divisibility = 16 : i32}, %arg27: f32, %arg28: i32, %arg29: i32, %arg30: i32) attributes {SyncBlockLockArgIdx = 0 : i64, WorkspaceArgIdx = 1 : i64, func_dyn_memref_args = dense<[true, true, true, true, true, true, true, true, true, true, true, true, true, true, true, false, false, false, false, false, false, false, false, false, false, false, false, false, false, false, false]> : vector<31xi1>, hacc.entry, hacc.function_kind = #hacc.function_kind<DEVICE>, hivm.func_core_type = #hivm.func_core_type<AIV>, hivm.part_of_mix, hivm.vf_mode = #hivm.vf_mode<SIMD>, mix_mode = "mix", parallel_mode = "simd"} {
    %c128 = arith.constant 128 : index
    %c28_i32 = arith.constant 28 : i32
    %c1_i32 = arith.constant 1 : i32
    %c2_i32 = arith.constant 2 : i32
    %c3_i32 = arith.constant 3 : i32
    %c8_i64 = arith.constant 8 : i64
    %c4_i64 = arith.constant 4 : i64
    %c1024_i64 = arith.constant 1024 : i64
    %0 = llvm.mlir.constant(1032 : i64) : i64
    %1 = llvm.mlir.constant(8 : i64) : i64
    %2 = llvm.mlir.constant(1028 : i64) : i64
    %3 = llvm.mlir.constant(4 : i64) : i64
    %c64_i32 = arith.constant 64 : i32
    %c1024_i32 = arith.constant 1024 : i32
    %c-1024_i32 = arith.constant -1024 : i32
    %c256 = arith.constant 256 : index
    %c256_i32 = arith.constant 256 : i32
    %c63_i32 = arith.constant 63 : i32
    %c0_i32 = arith.constant 0 : i32
    %4 = llvm.mlir.constant(0 : i32) : i32
    %5 = llvm.mlir.constant(0 : i64) : i64
    %6 = llvm.mlir.constant(1024 : i64) : i64
    %c0 = arith.constant 0 : index
    %7 = arith.muli %arg28, %arg29 : i32
    %8 = arith.muli %7, %arg30 : i32
    %9 = hivm.hir.get_block_idx -> i64
    %10 = arith.trunci %9 : i64 to i32
    %11 = llvm.inttoptr %5 : i64 to !llvm.ptr<11>
    %12 = llvm.inttoptr %6 : i64 to !llvm.ptr<11>
    %13 = llvm.inttoptr %3 : i64 to !llvm.ptr<11>
    %14 = llvm.inttoptr %2 : i64 to !llvm.ptr<11>
    %15 = llvm.inttoptr %1 : i64 to !llvm.ptr<11>
    %16 = llvm.inttoptr %0 : i64 to !llvm.ptr<11>
    %17 = hivm.hir.get_sub_block_idx -> i64
    %18 = arith.muli %17, %c1024_i64 : i64
    %19 = arith.addi %18, %c4_i64 : i64
    %20 = llvm.inttoptr %19 : i64 to !llvm.ptr<11>
    %21 = llvm.inttoptr %18 : i64 to !llvm.ptr<11>
    %22 = arith.addi %18, %c8_i64 : i64
    %23 = llvm.inttoptr %22 : i64 to !llvm.ptr<11>
    %alloc = memref.alloc() {alignment = 64 : i64} : memref<1xf32, #hivm.address_space<ub>>
    %24 = arith.index_cast %17 : i64 to index
    %25 = affine.apply #map9()[%24]
    %26 = affine.apply #map10()[%24]
    annotation.mark %8 {logical_block_num} : i32
    scf.for %arg31 = %10 to %8 step %c28_i32  : i32 {
      hivm.hir.set_ctrl false at ctrl[60]
      hivm.hir.set_ctrl true at ctrl[48]
      %27 = arith.remsi %arg31, %arg28 : i32
      llvm.store volatile %4, %11 : i32, !llvm.ptr<11>
      llvm.store volatile %4, %12 : i32, !llvm.ptr<11>
      llvm.store volatile %4, %13 : i32, !llvm.ptr<11>
      llvm.store volatile %4, %14 : i32, !llvm.ptr<11>
      llvm.store volatile %4, %15 : i32, !llvm.ptr<11>
      llvm.store volatile %4, %16 : i32, !llvm.ptr<11>
      %28 = arith.index_cast %27 : i32 to index
      %reinterpret_cast = memref.reinterpret_cast %arg10 to offset: [%28], sizes: [1], strides: [1] : memref<?xi32, #hivm.address_space<gm>> to memref<1xi32, strided<[1], offset: ?>, #hivm.address_space<gm>>
      %29 = affine.apply #map()[%28]
      %30 = memref.load %reinterpret_cast[%c0] : memref<1xi32, strided<[1], offset: ?>, #hivm.address_space<gm>>
      %reinterpret_cast_0 = memref.reinterpret_cast %arg10 to offset: [%29], sizes: [1], strides: [1] : memref<?xi32, #hivm.address_space<gm>> to memref<1xi32, strided<[1], offset: ?>, #hivm.address_space<gm>>
      %31 = memref.load %reinterpret_cast_0[%c0] : memref<1xi32, strided<[1], offset: ?>, #hivm.address_space<gm>>
      scf.for %arg32 = %30 to %31 step %c1_i32  : i32 {
        %32 = arith.index_cast %arg32 : i32 to index
        %reinterpret_cast_1 = memref.reinterpret_cast %arg7 to offset: [%32], sizes: [1], strides: [1] : memref<?xi32, #hivm.address_space<gm>> to memref<1xi32, strided<[1], offset: ?>, #hivm.address_space<gm>>
        %33 = memref.load %reinterpret_cast_1[%c0] : memref<1xi32, strided<[1], offset: ?>, #hivm.address_space<gm>>
        %reinterpret_cast_2 = memref.reinterpret_cast %arg9 to offset: [%32], sizes: [1], strides: [1] : memref<?xi32, #hivm.address_space<gm>> to memref<1xi32, strided<[1], offset: ?>, #hivm.address_space<gm>>
        %34 = memref.load %reinterpret_cast_2[%c0] : memref<1xi32, strided<[1], offset: ?>, #hivm.address_space<gm>>
        %35 = arith.index_cast %33 : i32 to index
        %reinterpret_cast_3 = memref.reinterpret_cast %arg11 to offset: [%35], sizes: [1], strides: [1] : memref<?xi32, #hivm.address_space<gm>> to memref<1xi32, strided<[1], offset: ?>, #hivm.address_space<gm>>
        %36 = affine.apply #map()[%35]
        %37 = memref.load %reinterpret_cast_3[%c0] : memref<1xi32, strided<[1], offset: ?>, #hivm.address_space<gm>>
        %reinterpret_cast_4 = memref.reinterpret_cast %arg11 to offset: [%36], sizes: [1], strides: [1] : memref<?xi32, #hivm.address_space<gm>> to memref<1xi32, strided<[1], offset: ?>, #hivm.address_space<gm>>
        %38 = memref.load %reinterpret_cast_4[%c0] : memref<1xi32, strided<[1], offset: ?>, #hivm.address_space<gm>>
        %39 = arith.subi %38, %37 : i32
        %40 = arith.cmpi sgt, %39, %c0_i32 : i32
        %reinterpret_cast_5 = memref.reinterpret_cast %arg8 to offset: [%32], sizes: [1], strides: [1] : memref<?xi32, #hivm.address_space<gm>> to memref<1xi32, strided<[1], offset: ?>, #hivm.address_space<gm>>
        %41 = memref.load %reinterpret_cast_5[%c0] : memref<1xi32, strided<[1], offset: ?>, #hivm.address_space<gm>>
        scf.if %40 {
          %reinterpret_cast_6 = memref.reinterpret_cast %arg12 to offset: [%35], sizes: [1], strides: [1] : memref<?xi32, #hivm.address_space<gm>> to memref<1xi32, strided<[1], offset: ?>, #hivm.address_space<gm>>
          %42 = memref.load %reinterpret_cast_6[%c0] : memref<1xi32, strided<[1], offset: ?>, #hivm.address_space<gm>>
          %43 = arith.subi %42, %39 : i32
          %44 = arith.muli %41, %c256_i32 : i32
          %45 = arith.addi %44, %c256_i32 : i32
          %46 = arith.minsi %45, %39 : i32
          %47 = arith.index_cast %34 : i32 to index
          %reinterpret_cast_7 = memref.reinterpret_cast %arg14 to offset: [%47], sizes: [1], strides: [1] : memref<?xf32, #hivm.address_space<gm>> to memref<1xf32, strided<[1], offset: ?>, #hivm.address_space<gm>>
          %48 = memref.load %reinterpret_cast_7[%c0] : memref<1xf32, strided<[1], offset: ?>, #hivm.address_space<gm>>
          memref.store %48, %alloc[%c0] : memref<1xf32, #hivm.address_space<ub>>
          %alloc_8 = memref.alloc() {alignment = 64 : i64} : memref<128xf32, #hivm.address_space<ub>>
          func.call @paged_prefill_page_aggregation_kernel_mix_aiv_outlined_vf_6(%alloc, %alloc_8) {hivm.vector_function, no_inline} : (memref<1xf32, #hivm.address_space<ub>>, memref<128xf32, #hivm.address_space<ub>>) -> ()
          %49 = arith.addi %43, %46 : i32
          %50 = arith.addi %49, %c63_i32 : i32
          %51 = arith.divsi %50, %c64_i32 : i32
          %52 = arith.subi %46, %44 : i32
          %53 = arith.addi %37, %44 : i32
          %54 = arith.index_cast %52 : i32 to index
          %55 = arith.muli %53, %arg23 : i32
          %56 = arith.muli %34, %arg24 : i32
          %57 = arith.index_cast %55 : i32 to index
          %58 = arith.index_cast %56 : i32 to index
          %59 = affine.apply #map1()[%57, %58]
          %60 = arith.index_cast %arg23 : i32 to index
          %reinterpret_cast_9 = memref.reinterpret_cast %arg5 to offset: [%59], sizes: [256, 256], strides: [%60, 1] : memref<?xbf16, #hivm.address_space<gm>> to memref<256x256xbf16, strided<[?, 1], offset: ?>, #hivm.address_space<gm>>
          %61 = arith.maxsi %54, %c0 : index
          %62 = arith.minsi %61, %c256 : index
          %63 = arith.minsi %62, %c0 : index
          %64 = affine.apply #map2()[%62, %63]
          %65 = arith.minsi %25, %64 : index
          %66 = affine.apply #map11()[%65, %62, %63]
          %67 = arith.minsi %66, %c128 : index
          %subview = memref.subview %reinterpret_cast_9[%25, 0] [%67, 256] [1, 1] : memref<256x256xbf16, strided<[?, 1], offset: ?>, #hivm.address_space<gm>> to memref<?x256xbf16, strided<[?, 1], offset: ?>, #hivm.address_space<gm>>
          %68 = arith.addi %43, %44 : i32
          %alloc_10 = memref.alloc() : memref<4x16x16x16xbf16, #hivm.address_space<cbuf>>
          %subview_11 = memref.subview %alloc_10[0, %26, 0, 0] [4, 8, 16, 16] [1, 1, 1, 1] {to_be_bubbled_slice} : memref<4x16x16x16xbf16, #hivm.address_space<cbuf>> to memref<4x8x16x16xbf16, strided<[4096, 256, 16, 1], offset: ?>, #hivm.address_space<cbuf>>
          annotation.mark %alloc_10 {effects = ["write", "read"], hivm.tightly_coupled_buffer = #hivm.tightly_coupled_buffer<0>, hivm.tiling_dim = 1 : index} : memref<4x16x16x16xbf16, #hivm.address_space<cbuf>>
          %alloc_12 = memref.alloc() : memref<128x64xf32, #hivm.address_space<ub>>
          annotation.mark %alloc_12 {effects = ["write", "read"], hivm.tightly_coupled_buffer = #hivm.tightly_coupled_buffer<1>, hivm.tiling_dim = 0 : index, tiledAlloc} : memref<128x64xf32, #hivm.address_space<ub>>
          hivm.hir.sync_block_set[<VECTOR>, <PIPE_V>, <PIPE_FIX>] flag = 2
          %alloc_13 = memref.alloc() : memref<128x256xf32, #hivm.address_space<ub>>
          annotation.mark %alloc_13 {effects = ["write", "read"], hivm.tightly_coupled_buffer = #hivm.tightly_coupled_buffer<2>, hivm.tiling_dim = 0 : index, tiledAlloc} : memref<128x256xf32, #hivm.address_space<ub>>
          hivm.hir.sync_block_set[<VECTOR>, <PIPE_V>, <PIPE_FIX>] flag = 3
          %alloc_14 = memref.alloc() : memref<128x64xi8, #hivm.address_space<ub>>
          annotation.mark %alloc_14 {effects = ["write", "read"], hivm.tightly_coupled_buffer = #hivm.tightly_coupled_buffer<3>, hivm.tiling_dim = 0 : index, tiledAlloc} : memref<128x64xi8, #hivm.address_space<ub>>
          %alloc_15 = memref.alloc() : memref<128x64xi8, #hivm.address_space<ub>>
          annotation.mark %alloc_15 {effects = ["write", "read"], hivm.tightly_coupled_buffer = #hivm.tightly_coupled_buffer<4>, hivm.tiling_dim = 0 : index, tiledAlloc} : memref<128x64xi8, #hivm.address_space<ub>>
          %alloc_16 = memref.alloc() : memref<128x64xf32, #hivm.address_space<ub>>
          annotation.mark %alloc_16 {effects = ["write", "read"], hivm.tightly_coupled_buffer = #hivm.tightly_coupled_buffer<5>, hivm.tiling_dim = 0 : index, tiledAlloc} : memref<128x64xf32, #hivm.address_space<ub>>
          %alloc_17 = memref.alloc() : memref<128x64xf32, #hivm.address_space<ub>>
          annotation.mark %alloc_17 {effects = ["write", "read"], hivm.tightly_coupled_buffer = #hivm.tightly_coupled_buffer<6>, hivm.tiling_dim = 0 : index, tiledAlloc} : memref<128x64xf32, #hivm.address_space<ub>>
          %alloc_18 = memref.alloc() : memref<128xf32, #hivm.address_space<ub>>
          annotation.mark %alloc_18 {effects = ["write", "read"], hivm.tightly_coupled_buffer = #hivm.tightly_coupled_buffer<7>, hivm.tiling_dim = 0 : index, tiledAlloc} : memref<128xf32, #hivm.address_space<ub>>
          %alloc_19 = memref.alloc() : memref<128xf32, #hivm.address_space<ub>>
          annotation.mark %alloc_19 {effects = ["write", "read"], hivm.tightly_coupled_buffer = #hivm.tightly_coupled_buffer<8>, hivm.tiling_dim = 0 : index, tiledAlloc} : memref<128xf32, #hivm.address_space<ub>>
          hivm.hir.sync_block_set[<VECTOR>, <PIPE_S>, <PIPE_S>] flag = 15
          %69 = arith.addi %51, %c3_i32 : i32
          %alloc_20 = memref.alloc() {alignment = 64 : i64} : memref<128xf32, #hivm.address_space<ub>>
          func.call @paged_prefill_page_aggregation_kernel_mix_aiv_outlined_vf_7(%alloc_20) {hivm.vector_function, no_inline} : (memref<128xf32, #hivm.address_space<ub>>) -> ()
          %alloc_21 = memref.alloc() {alignment = 64 : i64} : memref<128x256xf32, #hivm.address_space<ub>>
          func.call @paged_prefill_page_aggregation_kernel_mix_aiv_outlined_vf_8(%alloc_21) {hivm.vector_function, no_inline} : (memref<128x256xf32, #hivm.address_space<ub>>) -> ()
          %70:9 = scf.for %arg33 = %c0_i32 to %69 step %c1_i32 iter_args(%arg34 = %alloc_20, %arg35 = %alloc_21, %arg36 = %alloc_8, %arg37 = %c0_i32, %arg38 = %c0_i32, %arg39 = %c0_i32, %arg40 = %c0_i32, %arg41 = %c0_i32, %arg42 = %c0_i32) -> (memref<128xf32, #hivm.address_space<ub>>, memref<128x256xf32, #hivm.address_space<ub>>, memref<128xf32, #hivm.address_space<ub>>, i32, i32, i32, i32, i32, i32)  : i32 {
            hivm.hir.sync_block_wait[<VECTOR>, <PIPE_S>, <PIPE_S>] flag = 15
            %77 = arith.cmpi slt, %arg40, %c2_i32 : i32
            %78 = arith.cmpi slt, %arg37, %51 : i32
            %79 = arith.andi %77, %78 : i1
            %80:2 = scf.if %79 -> (i32, i32) {
              %104 = arith.muli %arg37, %c64_i32 : i32
              %105 = arith.subi %104, %68 : i32
              %106 = arith.maxsi %105, %c-1024_i32 : i32
              %107 = arith.minsi %106, %c1024_i32 : i32
              %108 = arith.addi %107, %c1024_i32 : i32
              %109 = arith.index_cast %arg26 : i32 to index
              %110 = arith.index_cast %108 : i32 to index
              %reinterpret_cast_25 = memref.reinterpret_cast %arg6 to offset: [%110], sizes: [256, 64], strides: [%109, 1] : memref<?xi8, #hivm.address_space<gm>> to memref<256x64xi8, strided<[?, 1], offset: ?>, #hivm.address_space<gm>>
              %subview_26 = memref.subview %reinterpret_cast_25[%25, 0] [128, 64] [1, 1] : memref<256x64xi8, strided<[?, 1], offset: ?>, #hivm.address_space<gm>> to memref<128x64xi8, strided<[?, 1], offset: ?>, #hivm.address_space<gm>>
              %alloc_27 = memref.alloc() : memref<128x64xi8, #hivm.address_space<ub>>
              hivm.hir.load ins(%subview_26 : memref<128x64xi8, strided<[?, 1], offset: ?>, #hivm.address_space<gm>>) outs(%alloc_27 : memref<128x64xi8, #hivm.address_space<ub>>) eviction_policy = <EvictFirst>
              %111 = arith.remsi %arg37, %c2_i32 : i32
              %112 = arith.cmpi eq, %111, %c0_i32 : i32
              scf.if %112 {
                %collapse_shape = memref.collapse_shape %alloc_27 [[0, 1]] : memref<128x64xi8, #hivm.address_space<ub>> into memref<8192xi8, #hivm.address_space<ub>>
                %collapse_shape_28 = memref.collapse_shape %alloc_14 [[0, 1]] : memref<128x64xi8, #hivm.address_space<ub>> into memref<8192xi8, #hivm.address_space<ub>>
                hivm.hir.copy ins(%collapse_shape : memref<8192xi8, #hivm.address_space<ub>>) outs(%collapse_shape_28 : memref<8192xi8, #hivm.address_space<ub>>) {tiled_op}
              } else {
                %collapse_shape = memref.collapse_shape %alloc_27 [[0, 1]] : memref<128x64xi8, #hivm.address_space<ub>> into memref<8192xi8, #hivm.address_space<ub>>
                %collapse_shape_28 = memref.collapse_shape %alloc_15 [[0, 1]] : memref<128x64xi8, #hivm.address_space<ub>> into memref<8192xi8, #hivm.address_space<ub>>
                hivm.hir.copy ins(%collapse_shape : memref<8192xi8, #hivm.address_space<ub>>) outs(%collapse_shape_28 : memref<8192xi8, #hivm.address_space<ub>>) {tiled_op}
              }
              %113 = arith.addi %arg40, %c1_i32 : i32
              %114 = arith.addi %arg37, %c1_i32 : i32
              scf.yield %113, %114 : i32, i32
            } else {
              scf.yield %arg40, %arg37 : i32, i32
            } {hivm.matmul_limited_in_cube, ssbuffer.if = 13 : i32}
            %81 = llvm.load volatile %21 : !llvm.ptr<11> -> i32
            %82 = arith.cmpi sgt, %81, %c0_i32 : i32
            %83 = llvm.load volatile %23 : !llvm.ptr<11> -> i32
            %84 = arith.cmpi slt, %83, %c1_i32 : i32
            %85 = arith.andi %82, %84 : i1
            %86 = arith.cmpi sgt, %80#0, %c0_i32 : i32
            %87 = arith.cmpi slt, %arg41, %c2_i32 : i32
            %88 = arith.cmpi slt, %arg42, %c2_i32 : i32
            %89 = arith.andi %86, %87 : i1
            %90 = arith.andi %89, %88 : i1
            %91 = arith.cmpi slt, %arg38, %51 : i32
            %92 = arith.andi %85, %90 : i1
            %93 = arith.andi %92, %91 : i1
            %94:5 = scf.if %93 -> (memref<128xf32, #hivm.address_space<ub>>, i32, i32, i32, i32) {
              %104 = arith.remsi %arg38, %c2_i32 : i32
              %105 = arith.cmpi eq, %104, %c0_i32 : i32
              %106 = arith.select %105, %alloc_14, %alloc_15 : memref<128x64xi8, #hivm.address_space<ub>>
              hivm.hir.sync_block_wait[<VECTOR>, <PIPE_FIX>, <PIPE_V>] flag = 2
              %alloc_25 = memref.alloc() {alignment = 64 : i64} : memref<128x64xf32, #hivm.address_space<ub>>
              func.call @paged_prefill_page_aggregation_kernel_mix_aiv_outlined_vf_0(%106, %alloc_12, %arg27, %alloc_25) {hivm.vector_function, no_inline} : (memref<128x64xi8, #hivm.address_space<ub>>, memref<128x64xf32, #hivm.address_space<ub>>, f32, memref<128x64xf32, #hivm.address_space<ub>>) -> ()
              %alloc_26 = memref.alloc() {alignment = 64 : i64} : memref<128xf32, #hivm.address_space<ub>>
              %alloc_27 = memref.alloc() {alignment = 64 : i64} : memref<128xf32, #hivm.address_space<ub>>
              %alloc_28 = memref.alloc() {alignment = 64 : i64} : memref<128x64xf32, #hivm.address_space<ub>>
              func.call @paged_prefill_page_aggregation_kernel_mix_aiv_outlined_vf_1(%alloc_25, %alloc_26, %arg36, %alloc_27, %alloc_28) {hivm.vector_function, no_inline} : (memref<128x64xf32, #hivm.address_space<ub>>, memref<128xf32, #hivm.address_space<ub>>, memref<128xf32, #hivm.address_space<ub>>, memref<128xf32, #hivm.address_space<ub>>, memref<128x64xf32, #hivm.address_space<ub>>) -> ()
              %alloc_29 = memref.alloc() {alignment = 64 : i64} : memref<128xf32, #hivm.address_space<ub>>
              %alloc_30 = memref.alloc() : memref<4x129x16x1xbf16, #hivm.address_space<ub>>
              %subview_31 = memref.subview %alloc_30[0, 0, 0, 0] [4, 128, 16, 1] [1, 1, 1, 1] : memref<4x129x16x1xbf16, #hivm.address_space<ub>> to memref<4x128x16xbf16, strided<[2064, 16, 1]>, #hivm.address_space<ub>>
              func.call @paged_prefill_page_aggregation_kernel_mix_aiv_outlined_merged_vf_0(%arg36, %alloc_27, %alloc_29, %alloc_28, %subview_31) {hivm.vector_function, no_inline, ptc_simdvf} : (memref<128xf32, #hivm.address_space<ub>>, memref<128xf32, #hivm.address_space<ub>>, memref<128xf32, #hivm.address_space<ub>>, memref<128x64xf32, #hivm.address_space<ub>>, memref<4x128x16xbf16, strided<[2064, 16, 1]>, #hivm.address_space<ub>>) -> ()
              %expand_shape = memref.expand_shape %subview_31 [[0], [1, 2], [3]] output_shape [4, 8, 16, 16] : memref<4x128x16xbf16, strided<[2064, 16, 1]>, #hivm.address_space<ub>> into memref<4x8x16x16xbf16, strided<[2064, 256, 16, 1]>, #hivm.address_space<ub>>
              hivm.hir.sync_block_wait[<VECTOR>, <PIPE_M>, <PIPE_MTE3>] flag = 1
              %collapse_shape = memref.collapse_shape %expand_shape [[0], [1, 2, 3]] : memref<4x8x16x16xbf16, strided<[2064, 256, 16, 1]>, #hivm.address_space<ub>> into memref<4x2048xbf16, strided<[2064, 1]>, #hivm.address_space<ub>>
              %collapse_shape_32 = memref.collapse_shape %subview_11 [[0], [1, 2, 3]] : memref<4x8x16x16xbf16, strided<[4096, 256, 16, 1], offset: ?>, #hivm.address_space<cbuf>> into memref<4x2048xbf16, strided<[4096, 1], offset: ?>, #hivm.address_space<cbuf>>
              hivm.hir.copy ins(%collapse_shape : memref<4x2048xbf16, strided<[2064, 1]>, #hivm.address_space<ub>>) outs(%collapse_shape_32 : memref<4x2048xbf16, strided<[4096, 1], offset: ?>, #hivm.address_space<cbuf>>) {tiled_op}
              hivm.hir.sync_block_set[<VECTOR>, <PIPE_MTE3>, <PIPE_MTE1>] flag = 1
              hivm.hir.sync_block_set[<VECTOR>, <PIPE_V>, <PIPE_FIX>] flag = 2
              scf.if %105 {
                %collapse_shape_33 = memref.collapse_shape %alloc_28 [[0, 1]] : memref<128x64xf32, #hivm.address_space<ub>> into memref<8192xf32, #hivm.address_space<ub>>
                %collapse_shape_34 = memref.collapse_shape %alloc_16 [[0, 1]] : memref<128x64xf32, #hivm.address_space<ub>> into memref<8192xf32, #hivm.address_space<ub>>
                hivm.hir.copy ins(%collapse_shape_33 : memref<8192xf32, #hivm.address_space<ub>>) outs(%collapse_shape_34 : memref<8192xf32, #hivm.address_space<ub>>) {tiled_op}
                hivm.hir.copy ins(%alloc_29 : memref<128xf32, #hivm.address_space<ub>>) outs(%alloc_18 : memref<128xf32, #hivm.address_space<ub>>) {tiled_op}
              } else {
                %collapse_shape_33 = memref.collapse_shape %alloc_28 [[0, 1]] : memref<128x64xf32, #hivm.address_space<ub>> into memref<8192xf32, #hivm.address_space<ub>>
                %collapse_shape_34 = memref.collapse_shape %alloc_17 [[0, 1]] : memref<128x64xf32, #hivm.address_space<ub>> into memref<8192xf32, #hivm.address_space<ub>>
                hivm.hir.copy ins(%collapse_shape_33 : memref<8192xf32, #hivm.address_space<ub>>) outs(%collapse_shape_34 : memref<8192xf32, #hivm.address_space<ub>>) {tiled_op}
                hivm.hir.copy ins(%alloc_29 : memref<128xf32, #hivm.address_space<ub>>) outs(%alloc_19 : memref<128xf32, #hivm.address_space<ub>>) {tiled_op}
              }
              %107 = llvm.load volatile %21 : !llvm.ptr<11> -> i32
              %108 = arith.subi %107, %c1_i32 : i32
              llvm.store volatile %108, %21 : i32, !llvm.ptr<11>
              %109 = llvm.load volatile %23 : !llvm.ptr<11> -> i32
              %110 = arith.addi %109, %c1_i32 : i32
              llvm.store volatile %110, %23 : i32, !llvm.ptr<11>
              %111 = arith.subi %80#0, %c1_i32 : i32
              %112 = arith.addi %arg42, %c1_i32 : i32
              %113 = arith.addi %arg41, %c1_i32 : i32
              %114 = arith.addi %arg38, %c1_i32 : i32
              scf.yield %alloc_27, %111, %112, %113, %114 : memref<128xf32, #hivm.address_space<ub>>, i32, i32, i32, i32
            } else {
              %alloc_25 = memref.alloc() {alignment = 64 : i64} : memref<128xf32, #hivm.address_space<ub>>
              hivm.hir.copy ins(%arg36 : memref<128xf32, #hivm.address_space<ub>>) outs(%alloc_25 : memref<128xf32, #hivm.address_space<ub>>)
              scf.yield %alloc_25, %80#0, %arg42, %arg41, %arg38 : memref<128xf32, #hivm.address_space<ub>>, i32, i32, i32, i32
            }
            %95 = llvm.load volatile %20 : !llvm.ptr<11> -> i32
            %96 = arith.cmpi sgt, %95, %c0_i32 : i32
            %97 = arith.cmpi sgt, %94#3, %c0_i32 : i32
            %98 = arith.cmpi sgt, %94#2, %c0_i32 : i32
            %99 = arith.andi %97, %98 : i1
            %100 = arith.cmpi slt, %arg39, %51 : i32
            %101 = arith.andi %96, %99 : i1
            %102 = arith.andi %101, %100 : i1
            %103:5 = scf.if %102 -> (memref<128xf32, #hivm.address_space<ub>>, memref<128x256xf32, #hivm.address_space<ub>>, i32, i32, i32) {
              %104 = arith.remsi %arg39, %c2_i32 : i32
              %105 = arith.cmpi eq, %104, %c0_i32 : i32
              %106 = arith.select %105, %alloc_18, %alloc_19 : memref<128xf32, #hivm.address_space<ub>>
              %107 = arith.select %105, %alloc_16, %alloc_17 : memref<128x64xf32, #hivm.address_space<ub>>
              hivm.hir.sync_block_wait[<VECTOR>, <PIPE_FIX>, <PIPE_V>] flag = 3
              %alloc_25 = memref.alloc() {alignment = 64 : i64} : memref<128xf32, #hivm.address_space<ub>>
              func.call @paged_prefill_page_aggregation_kernel_mix_aiv_outlined_vf_4(%106, %alloc_25) {hivm.vector_function, no_inline} : (memref<128xf32, #hivm.address_space<ub>>, memref<128xf32, #hivm.address_space<ub>>) -> ()
              %alloc_26 = memref.alloc() {alignment = 64 : i64} : memref<128xf32, #hivm.address_space<ub>>
              %alloc_27 = memref.alloc() {alignment = 64 : i64} : memref<128x256xf32, #hivm.address_space<ub>>
              %alloc_28 = memref.alloc() {alignment = 64 : i64} : memref<128xf32, #hivm.address_space<ub>>
              func.call @paged_prefill_page_aggregation_kernel_mix_aiv_outlined_vf_5(%107, %alloc_25, %alloc_13, %arg35, %alloc_26, %alloc_27, %arg34, %alloc_28) {hivm.vector_function, no_inline} : (memref<128x64xf32, #hivm.address_space<ub>>, memref<128xf32, #hivm.address_space<ub>>, memref<128x256xf32, #hivm.address_space<ub>>, memref<128x256xf32, #hivm.address_space<ub>>, memref<128xf32, #hivm.address_space<ub>>, memref<128x256xf32, #hivm.address_space<ub>>, memref<128xf32, #hivm.address_space<ub>>, memref<128xf32, #hivm.address_space<ub>>) -> ()
              hivm.hir.sync_block_set[<VECTOR>, <PIPE_V>, <PIPE_FIX>] flag = 3
              %108 = llvm.load volatile %20 : !llvm.ptr<11> -> i32
              %109 = arith.subi %108, %c1_i32 : i32
              llvm.store volatile %109, %20 : i32, !llvm.ptr<11>
              %110 = arith.subi %94#2, %c1_i32 : i32
              %111 = arith.subi %94#3, %c1_i32 : i32
              %112 = arith.addi %arg39, %c1_i32 : i32
              scf.yield %alloc_28, %alloc_27, %110, %111, %112 : memref<128xf32, #hivm.address_space<ub>>, memref<128x256xf32, #hivm.address_space<ub>>, i32, i32, i32
            } else {
              scf.yield %arg34, %arg35, %94#2, %94#3, %arg39 : memref<128xf32, #hivm.address_space<ub>>, memref<128x256xf32, #hivm.address_space<ub>>, i32, i32, i32
            }
            hivm.hir.sync_block_set[<VECTOR>, <PIPE_S>, <PIPE_S>] flag = 15
            %alloc_24 = memref.alloc() {alignment = 64 : i64} : memref<128xf32, #hivm.address_space<ub>>
            hivm.hir.copy ins(%94#0 : memref<128xf32, #hivm.address_space<ub>>) outs(%alloc_24 : memref<128xf32, #hivm.address_space<ub>>)
            scf.yield %103#0, %103#1, %alloc_24, %80#1, %94#4, %103#4, %94#1, %103#3, %103#2 : memref<128xf32, #hivm.address_space<ub>>, memref<128x256xf32, #hivm.address_space<ub>>, memref<128xf32, #hivm.address_space<ub>>, i32, i32, i32, i32, i32, i32
          }
          hivm.hir.sync_block_wait[<VECTOR>, <PIPE_M>, <PIPE_MTE3>] flag = 1
          %alloc_22 = memref.alloc() {alignment = 64 : i64} : memref<128x256xbf16, #hivm.address_space<ub>>
          func.call @paged_prefill_page_aggregation_kernel_mix_aiv_outlined_vf_9(%70#0, %70#1, %alloc_22) {hivm.vector_function, no_inline} : (memref<128xf32, #hivm.address_space<ub>>, memref<128x256xf32, #hivm.address_space<ub>>, memref<128x256xbf16, #hivm.address_space<ub>>) -> ()
          %71 = affine.apply #map12()[%24]
          %72 = arith.maxsi %63, %25 : index
          %73 = arith.minsi %62, %71 : index
          %74 = arith.maxsi %72, %73 : index
          %75 = affine.apply #map2()[%74, %72]
          %76 = affine.apply #map13()[%72, %24]
          %subview_23 = memref.subview %alloc_22[%76, 0] [%75, 256] [1, 1] : memref<128x256xbf16, #hivm.address_space<ub>> to memref<?x256xbf16, strided<[256, 1], offset: ?>, #hivm.address_space<ub>>
          hivm.hir.store ins(%subview_23 : memref<?x256xbf16, strided<[256, 1], offset: ?>, #hivm.address_space<ub>>) outs(%subview : memref<?x256xbf16, strided<[?, 1], offset: ?>, #hivm.address_space<gm>>) {tiled_op}
        }
      }
      hivm.hir.set_ctrl true at ctrl[60]
    } {autoblockify.subloop}
    return
  }
}


// -----// IR Dump After PlanMemory Failed (hivm-plan-memory) //----- //
#map = affine_map<()[s0] -> (s0 + 1)>
#map1 = affine_map<()[s0, s1] -> (s0 + s1)>
#map2 = affine_map<()[s0, s1] -> (s0 - s1)>
#map3 = affine_map<()[s0, s1] -> ((s0 - s1 + 15) floordiv 16)>
#map4 = affine_map<()[s0] -> (s0 floordiv 16)>
#map5 = affine_map<()[s0] -> (s0 mod 16)>
#map6 = affine_map<()[s0, s1, s2] -> (s0 + s1 + s2)>
#map7 = affine_map<(d0) -> (d0, 0)>
#map8 = affine_map<(d0) -> (0)>
#map9 = affine_map<()[s0] -> (s0 * 128)>
#map10 = affine_map<()[s0] -> (s0 * 8)>
#map11 = affine_map<()[s0, s1, s2] -> (-s0 + s1 - s2)>
#map12 = affine_map<()[s0] -> (s0 * 128 + 128)>
#map13 = affine_map<()[s0, s1] -> (s0 - s1 * 128)>
module attributes {dlti.target_system_spec = #dlti.target_system_spec<"NPU" : #hacc.target_device_spec<#dlti.dl_entry<"AI_CORE_COUNT", 28 : i32>, #dlti.dl_entry<"CUBE_CORE_COUNT", 28 : i32>, #dlti.dl_entry<"VECTOR_CORE_COUNT", 56 : i32>, #dlti.dl_entry<"UB_SIZE", 2031616 : i32>, #dlti.dl_entry<"L1_SIZE", 4194304 : i32>, #dlti.dl_entry<"L0A_SIZE", 524288 : i32>, #dlti.dl_entry<"L0B_SIZE", 524288 : i32>, #dlti.dl_entry<"L0C_SIZE", 2097152 : i32>, #dlti.dl_entry<"UB_ALIGN_SIZE", 256 : i32>, #dlti.dl_entry<"L1_ALIGN_SIZE", 256 : i32>, #dlti.dl_entry<"L0C_ALIGN_SIZE", 4096 : i32>, #dlti.dl_entry<"MINIMAL_D_CACHE_SIZE", 262144 : i32>, #dlti.dl_entry<"MAXIMUM_D_CACHE_SIZE", 983040 : i32>, #dlti.dl_entry<"ARCH", "dav-c310">>>, hacc.target = #hacc.target<"Ascend950PR_957b">, hivm.module_core_type = #hivm.module_core_type<MIX>} {
  func.func @paged_prefill_page_aggregation_kernel_mix_aiv_outlined_merged_vf_0(%arg0: memref<128xf32, #hivm.address_space<ub>>, %arg1: memref<128xf32, #hivm.address_space<ub>>, %arg2: memref<128xf32, #hivm.address_space<ub>>, %arg3: memref<128x64xf32, #hivm.address_space<ub>>, %arg4: memref<4x128x16xbf16, strided<[2064, 16, 1]>, #hivm.address_space<ub>>) attributes {hivm.func_core_type = #hivm.func_core_type<AIV>, hivm.vector_function} {
    %c1 = arith.constant 1 : index
    %cst = arith.constant 0.000000e+00 : f32
    %c64 = arith.constant 64 : index
    %c128 = arith.constant 128 : index
    %c0 = arith.constant 0 : index
    scf.for %arg5 = %c0 to %c128 step %c64 {
      %subview = memref.subview %arg0[%arg5] [64] [1] : memref<128xf32, #hivm.address_space<ub>> to memref<64xf32, strided<[1], offset: ?>, #hivm.address_space<ub>>
      %subview_0 = memref.subview %arg1[%arg5] [64] [1] : memref<128xf32, #hivm.address_space<ub>> to memref<64xf32, strided<[1], offset: ?>, #hivm.address_space<ub>>
      %subview_1 = memref.subview %arg2[%arg5] [64] [1] : memref<128xf32, #hivm.address_space<ub>> to memref<64xf32, strided<[1], offset: ?>, #hivm.address_space<ub>>
      %0 = vector.transfer_read %subview[%c0], %cst {in_bounds = [true]} : memref<64xf32, strided<[1], offset: ?>, #hivm.address_space<ub>>, vector<64xf32>
      %1 = vector.transfer_read %subview_0[%c0], %cst {in_bounds = [true]} : memref<64xf32, strided<[1], offset: ?>, #hivm.address_space<ub>>, vector<64xf32>
      %2 = arith.subf %0, %1 : vector<64xf32>
      vector.transfer_write %2, %subview_1[%c0] {in_bounds = [true]} : vector<64xf32>, memref<64xf32, strided<[1], offset: ?>, #hivm.address_space<ub>>
    }
    scf.for %arg5 = %c0 to %c128 step %c1 {
      %subview = memref.subview %arg3[%arg5, 0] [1, 64] [1, 1] : memref<128x64xf32, #hivm.address_space<ub>> to memref<1x64xf32, strided<[64, 1], offset: ?>, #hivm.address_space<ub>>
      %0 = vector.transfer_read %subview[%c0, %c0], %cst {in_bounds = [true, true]} : memref<1x64xf32, strided<[64, 1], offset: ?>, #hivm.address_space<ub>>, vector<1x64xf32>
      %1 = arith.truncf %0 {enable_saturate = false, round_mode = #hfusion.round_mode<rint>, unsigned_mode = #hfusion.unsigned_mode<si2si>} : vector<1x64xf32> to vector<1x64xbf16>
      %subview_0 = memref.subview %arg4[0, %arg5, 0] [4, 1, 16] [1, 1, 1] : memref<4x128x16xbf16, strided<[2064, 16, 1]>, #hivm.address_space<ub>> to memref<4x1x16xbf16, strided<[2064, 16, 1], offset: ?>, #hivm.address_space<ub>>
      %2 = vector.shape_cast %1 : vector<1x64xbf16> to vector<4x1x16xbf16>
      vector.transfer_write %2, %subview_0[%c0, %c0, %c0] {in_bounds = [true, true, true]} : vector<4x1x16xbf16>, memref<4x1x16xbf16, strided<[2064, 16, 1], offset: ?>, #hivm.address_space<ub>>
    }
    return
  }
  func.func @paged_prefill_page_aggregation_kernel_mix_aic(%arg0: memref<?xi8, #hivm.address_space<gm>> {hacc.arg_type = #hacc.arg_type<sync_block_lock>}, %arg1: memref<?xi8, #hivm.address_space<gm>> {hacc.arg_type = #hacc.arg_type<workspace>}, %arg2: memref<?xbf16, #hivm.address_space<gm>> {tt.divisibility = 16 : i32, tt.tensor_kind = 0 : i32}, %arg3: memref<?xbf16, #hivm.address_space<gm>> {tt.divisibility = 16 : i32, tt.tensor_kind = 0 : i32}, %arg4: memref<?xbf16, #hivm.address_space<gm>> {tt.divisibility = 16 : i32, tt.tensor_kind = 0 : i32}, %arg5: memref<?xbf16, #hivm.address_space<gm>> {tt.divisibility = 16 : i32, tt.tensor_kind = 1 : i32}, %arg6: memref<?xi8, #hivm.address_space<gm>> {tt.divisibility = 16 : i32, tt.tensor_kind = 0 : i32}, %arg7: memref<?xi32, #hivm.address_space<gm>> {tt.divisibility = 16 : i32, tt.tensor_kind = 0 : i32}, %arg8: memref<?xi32, #hivm.address_space<gm>> {tt.divisibility = 16 : i32, tt.tensor_kind = 0 : i32}, %arg9: memref<?xi32, #hivm.address_space<gm>> {tt.divisibility = 16 : i32, tt.tensor_kind = 0 : i32}, %arg10: memref<?xi32, #hivm.address_space<gm>> {tt.divisibility = 16 : i32, tt.tensor_kind = 0 : i32}, %arg11: memref<?xi32, #hivm.address_space<gm>> {tt.divisibility = 16 : i32, tt.tensor_kind = 0 : i32}, %arg12: memref<?xi32, #hivm.address_space<gm>> {tt.divisibility = 16 : i32, tt.tensor_kind = 0 : i32}, %arg13: memref<?xi32, #hivm.address_space<gm>> {tt.tensor_kind = 0 : i32}, %arg14: memref<?xf32, #hivm.address_space<gm>> {tt.divisibility = 16 : i32, tt.tensor_kind = 0 : i32}, %arg15: i32 {tt.divisibility = 16 : i32}, %arg16: i32 {tt.divisibility = 16 : i32}, %arg17: i32 {tt.divisibility = 16 : i32}, %arg18: i32 {tt.divisibility = 16 : i32}, %arg19: i32 {tt.divisibility = 16 : i32}, %arg20: i32 {tt.divisibility = 16 : i32}, %arg21: i32 {tt.divisibility = 16 : i32}, %arg22: i32 {tt.divisibility = 16 : i32}, %arg23: i32 {tt.divisibility = 16 : i32}, %arg24: i32 {tt.divisibility = 16 : i32}, %arg25: i32, %arg26: i32 {tt.divisibility = 16 : i32}, %arg27: f32, %arg28: i32, %arg29: i32, %arg30: i32) attributes {SyncBlockLockArgIdx = 0 : i64, WorkspaceArgIdx = 1 : i64, func_dyn_memref_args = dense<[true, true, true, true, true, true, true, true, true, true, true, true, true, true, true, false, false, false, false, false, false, false, false, false, false, false, false, false, false, false, false]> : vector<31xi1>, hacc.entry, hacc.function_kind = #hacc.function_kind<DEVICE>, hivm.func_core_type = #hivm.func_core_type<AIC>, hivm.part_of_mix, hivm.vf_mode = #hivm.vf_mode<SIMD>, mix_mode = "mix", parallel_mode = "simd"} {
    %0 = llvm.mlir.constant(1024 : i64) : i64
    %1 = llvm.mlir.constant(0 : i64) : i64
    %2 = llvm.mlir.constant(0 : i32) : i32
    %c0_i32 = arith.constant 0 : i32
    %cst = arith.constant 0.000000e+00 : bf16
    %c0 = arith.constant 0 : index
    %c63_i32 = arith.constant 63 : i32
    %c256_i32 = arith.constant 256 : i32
    %c256 = arith.constant 256 : index
    %c64_i32 = arith.constant 64 : i32
    %c64 = arith.constant 64 : index
    %c12_i32 = arith.constant 12 : i32
    %3 = llvm.mlir.constant(4 : i64) : i64
    %4 = llvm.mlir.constant(1028 : i64) : i64
    %5 = llvm.mlir.constant(8 : i64) : i64
    %6 = llvm.mlir.constant(1032 : i64) : i64
    %c3_i32 = arith.constant 3 : i32
    %c1_i32 = arith.constant 1 : i32
    %true = arith.constant true
    %c28_i32 = arith.constant 28 : i32
    %7 = arith.muli %arg28, %arg29 : i32
    %8 = arith.muli %7, %arg30 : i32
    annotation.mark %8 {logical_block_num} : i32
    %9 = hivm.hir.get_block_idx -> i64
    %10 = arith.trunci %9 : i64 to i32
    %11 = llvm.inttoptr %1 : i64 to !llvm.ptr<11>
    %12 = llvm.inttoptr %0 : i64 to !llvm.ptr<11>
    %13 = llvm.inttoptr %3 : i64 to !llvm.ptr<11>
    %14 = llvm.inttoptr %4 : i64 to !llvm.ptr<11>
    %15 = llvm.inttoptr %5 : i64 to !llvm.ptr<11>
    %16 = llvm.inttoptr %6 : i64 to !llvm.ptr<11>
    scf.for %arg31 = %10 to %8 step %c28_i32  : i32 {
      hivm.hir.set_ctrl false at ctrl[60]
      hivm.hir.set_ctrl true at ctrl[48]
      %17 = arith.remsi %arg31, %arg28 : i32
      llvm.store volatile %2, %11 : i32, !llvm.ptr<11>
      llvm.store volatile %2, %12 : i32, !llvm.ptr<11>
      llvm.store volatile %2, %13 : i32, !llvm.ptr<11>
      llvm.store volatile %2, %14 : i32, !llvm.ptr<11>
      llvm.store volatile %2, %15 : i32, !llvm.ptr<11>
      llvm.store volatile %2, %16 : i32, !llvm.ptr<11>
      %18 = arith.index_cast %17 : i32 to index
      %reinterpret_cast = memref.reinterpret_cast %arg10 to offset: [%18], sizes: [1], strides: [1] : memref<?xi32, #hivm.address_space<gm>> to memref<1xi32, strided<[1], offset: ?>, #hivm.address_space<gm>>
      %19 = memref.load %reinterpret_cast[%c0] : memref<1xi32, strided<[1], offset: ?>, #hivm.address_space<gm>>
      %20 = affine.apply #map()[%18]
      %reinterpret_cast_0 = memref.reinterpret_cast %arg10 to offset: [%20], sizes: [1], strides: [1] : memref<?xi32, #hivm.address_space<gm>> to memref<1xi32, strided<[1], offset: ?>, #hivm.address_space<gm>>
      %21 = memref.load %reinterpret_cast_0[%c0] : memref<1xi32, strided<[1], offset: ?>, #hivm.address_space<gm>>
      scf.for %arg32 = %19 to %21 step %c1_i32  : i32 {
        %22 = arith.index_cast %arg32 : i32 to index
        %reinterpret_cast_1 = memref.reinterpret_cast %arg7 to offset: [%22], sizes: [1], strides: [1] : memref<?xi32, #hivm.address_space<gm>> to memref<1xi32, strided<[1], offset: ?>, #hivm.address_space<gm>>
        %23 = memref.load %reinterpret_cast_1[%c0] : memref<1xi32, strided<[1], offset: ?>, #hivm.address_space<gm>>
        %24 = arith.index_cast %23 : i32 to index
        %reinterpret_cast_2 = memref.reinterpret_cast %arg11 to offset: [%24], sizes: [1], strides: [1] : memref<?xi32, #hivm.address_space<gm>> to memref<1xi32, strided<[1], offset: ?>, #hivm.address_space<gm>>
        %25 = memref.load %reinterpret_cast_2[%c0] : memref<1xi32, strided<[1], offset: ?>, #hivm.address_space<gm>>
        %26 = affine.apply #map()[%24]
        %reinterpret_cast_3 = memref.reinterpret_cast %arg11 to offset: [%26], sizes: [1], strides: [1] : memref<?xi32, #hivm.address_space<gm>> to memref<1xi32, strided<[1], offset: ?>, #hivm.address_space<gm>>
        %27 = memref.load %reinterpret_cast_3[%c0] : memref<1xi32, strided<[1], offset: ?>, #hivm.address_space<gm>>
        %28 = arith.subi %27, %25 : i32
        %29 = arith.cmpi sgt, %28, %c0_i32 : i32
        %reinterpret_cast_4 = memref.reinterpret_cast %arg8 to offset: [%22], sizes: [1], strides: [1] : memref<?xi32, #hivm.address_space<gm>> to memref<1xi32, strided<[1], offset: ?>, #hivm.address_space<gm>>
        %30 = memref.load %reinterpret_cast_4[%c0] : memref<1xi32, strided<[1], offset: ?>, #hivm.address_space<gm>>
        %reinterpret_cast_5 = memref.reinterpret_cast %arg9 to offset: [%22], sizes: [1], strides: [1] : memref<?xi32, #hivm.address_space<gm>> to memref<1xi32, strided<[1], offset: ?>, #hivm.address_space<gm>>
        %31 = memref.load %reinterpret_cast_5[%c0] : memref<1xi32, strided<[1], offset: ?>, #hivm.address_space<gm>>
        scf.if %29 {
          %reinterpret_cast_6 = memref.reinterpret_cast %arg12 to offset: [%24], sizes: [1], strides: [1] : memref<?xi32, #hivm.address_space<gm>> to memref<1xi32, strided<[1], offset: ?>, #hivm.address_space<gm>>
          %32 = memref.load %reinterpret_cast_6[%c0] : memref<1xi32, strided<[1], offset: ?>, #hivm.address_space<gm>>
          %33 = arith.subi %32, %28 : i32
          %34 = arith.muli %30, %c256_i32 : i32
          %35 = arith.addi %34, %c256_i32 : i32
          %36 = arith.minsi %35, %28 : i32
          %37 = arith.addi %33, %36 : i32
          %38 = arith.addi %37, %c63_i32 : i32
          %39 = arith.divsi %38, %c64_i32 : i32
          %40 = arith.divsi %31, %c12_i32 : i32
          %41 = arith.subi %36, %34 : i32
          %42 = arith.addi %25, %34 : i32
          %43 = arith.muli %42, %arg15 : i32
          %44 = arith.muli %31, %arg16 : i32
          %45 = arith.index_cast %43 : i32 to index
          %46 = arith.index_cast %44 : i32 to index
          %47 = affine.apply #map1()[%45, %46]
          %48 = arith.index_cast %arg15 : i32 to index
          %49 = arith.index_cast %41 : i32 to index
          %reinterpret_cast_7 = memref.reinterpret_cast %arg2 to offset: [%47], sizes: [256, 256], strides: [%48, 1] : memref<?xbf16, #hivm.address_space<gm>> to memref<256x256xbf16, strided<[?, 1], offset: ?>, #hivm.address_space<gm>>
          %50 = arith.maxsi %49, %c0 : index
          %51 = arith.minsi %50, %c256 : index
          %52 = arith.minsi %51, %c0 : index
          %53 = affine.apply #map2()[%51, %52]
          %54 = arith.cmpi slt, %53, %c256 : index
          %subview = memref.subview %reinterpret_cast_7[0, 0] [%53, 256] [1, 1] : memref<256x256xbf16, strided<[?, 1], offset: ?>, #hivm.address_space<gm>> to memref<?x256xbf16, strided<[?, 1], offset: ?>, #hivm.address_space<gm>>
          %55 = arith.subi %arg25, %c1_i32 : i32
          %56 = arith.muli %23, %arg25 : i32
          %57 = arith.muli %40, %arg18 : i32
          %58 = arith.muli %40, %arg21 : i32
          %alloc = memref.alloc() : memref<16x16x16x16xbf16, #hivm.address_space<cbuf>>
          annotation.mark %alloc {hivm.multi_buffer = 2 : i32} : memref<16x16x16x16xbf16, #hivm.address_space<cbuf>>
          %cast = memref.cast %alloc : memref<16x16x16x16xbf16, #hivm.address_space<cbuf>> to memref<?x?x?x?xbf16, #hivm.address_space<cbuf>>
          %59 = affine.apply #map3()[%51, %52]
          %60 = affine.apply #map4()[%52]
          %61 = affine.apply #map5()[%52]
          %subview_8 = memref.subview %alloc[0, %60, %61, 0] [16, %59, 16, 16] [1, 1, 1, 1] : memref<16x16x16x16xbf16, #hivm.address_space<cbuf>> to memref<16x?x16x16xbf16, strided<[4096, 256, 16, 1], offset: ?>, #hivm.address_space<cbuf>>
          %cast_9 = memref.cast %subview_8 : memref<16x?x16x16xbf16, strided<[4096, 256, 16, 1], offset: ?>, #hivm.address_space<cbuf>> to memref<?x?x?x?xbf16, strided<[?, ?, ?, 1], offset: ?>, #hivm.address_space<cbuf>>
          scf.if %54 {
            %collapse_shape = memref.collapse_shape %alloc [[0, 1, 2, 3]] : memref<16x16x16x16xbf16, #hivm.address_space<cbuf>> into memref<65536xbf16, #hivm.address_space<cbuf>>
            hivm.hir.vbrc ins(%cst : bf16) outs(%collapse_shape : memref<65536xbf16, #hivm.address_space<cbuf>>)
          } {hivm.unlikely_condition}
          hivm.hir.nd2nz {dst_continuous} ins(%subview : memref<?x256xbf16, strided<[?, 1], offset: ?>, #hivm.address_space<gm>>) outs(%cast_9 : memref<?x?x?x?xbf16, strided<[?, ?, ?, 1], offset: ?>, #hivm.address_space<cbuf>>)
          %alloc_10 = memref.alloc() : memref<4x16x16x16xbf16, #hivm.address_space<cbuf>>
          annotation.mark %alloc_10 {effects = ["write", "read"], hivm.tightly_coupled_buffer = #hivm.tightly_coupled_buffer<0>, hivm.tiling_dim = -1 : index} : memref<4x16x16x16xbf16, #hivm.address_space<cbuf>>
          hivm.hir.sync_block_set[<CUBE>, <PIPE_M>, <PIPE_MTE3>] flag = 1
          %alloc_11 = memref.alloc() : memref<128x64xf32, #hivm.address_space<ub>>
          annotation.mark %alloc_11 {effects = ["write", "read"], hivm.tightly_coupled_buffer = #hivm.tightly_coupled_buffer<1>, hivm.tiling_dim = 0 : index} : memref<128x64xf32, #hivm.address_space<ub>>
          %alloc_12 = memref.alloc() : memref<128x256xf32, #hivm.address_space<ub>>
          annotation.mark %alloc_12 {effects = ["write", "read"], hivm.tightly_coupled_buffer = #hivm.tightly_coupled_buffer<2>, hivm.tiling_dim = 0 : index} : memref<128x256xf32, #hivm.address_space<ub>>
          %62 = arith.addi %39, %c3_i32 : i32
          %63:3 = scf.for %arg33 = %c0_i32 to %62 step %c1_i32 iter_args(%arg34 = %c0_i32, %arg35 = %c0_i32, %arg36 = %c0_i32) -> (i32, i32, i32)  : i32 {
            hivm.hir.sync_block_wait[<CUBE>, <PIPE_S>, <PIPE_S>] flag = 15
            %64 = arith.cmpi slt, %arg34, %39 : i32
            %65 = scf.if %64 -> (i32) {
              %88 = arith.addi %arg34, %c1_i32 : i32
              scf.yield %88 : i32
            } else {
              scf.yield %arg34 : i32
            } {hivm.matmul_limited_in_cube, ssbuffer.if = 8 : i32}
            %66 = llvm.load volatile %11 : !llvm.ptr<11> -> i32
            %67 = llvm.load volatile %12 : !llvm.ptr<11> -> i32
            %68 = arith.cmpi slt, %66, %c1_i32 : i32
            %69 = arith.cmpi slt, %67, %c1_i32 : i32
            %70 = arith.andi %68, %69 : i1
            %71 = arith.cmpi slt, %arg35, %39 : i32
            %72 = arith.andi %70, %71 : i1
            %73 = scf.if %72 -> (i32) {
              %88 = arith.muli %arg35, %c64_i32 : i32
              %89 = arith.addi %88, %c64_i32 : i32
              %90 = arith.minsi %89, %32 : i32
              %91 = arith.subi %90, %88 : i32
              %92 = arith.maxsi %91, %c0_i32 : i32
              %93 = arith.index_cast %arg19 : i32 to index
              %94 = arith.index_cast %92 : i32 to index
              %95 = arith.maxsi %94, %c0 : index
              %96 = arith.minsi %95, %c64 : index
              %97 = arith.minsi %96, %c0 : index
              %98 = affine.apply #map2()[%96, %97]
              %99 = arith.cmpi slt, %98, %c64 : index
              %alloc_13 = memref.alloc() : memref<16x4x16x16xbf16, #hivm.address_space<cbuf>>
              annotation.mark %alloc_13 {hivm.multi_buffer = 2 : i32} : memref<16x4x16x16xbf16, #hivm.address_space<cbuf>>
              %cast_14 = memref.cast %alloc_13 : memref<16x4x16x16xbf16, #hivm.address_space<cbuf>> to memref<?x?x?x?xbf16, #hivm.address_space<cbuf>>
              %100 = arith.divsi %88, %c64_i32 : i32
              %101 = arith.minsi %100, %55 : i32
              %102 = arith.remsi %88, %c64_i32 : i32
              %103 = arith.index_cast %56 : i32 to index
              %104 = arith.index_cast %101 : i32 to index
              %105 = affine.apply #map1()[%103, %104]
              %reinterpret_cast_15 = memref.reinterpret_cast %arg13 to offset: [%105], sizes: [1], strides: [1] : memref<?xi32, #hivm.address_space<gm>> to memref<1xi32, strided<[1], offset: ?>, #hivm.address_space<gm>>
              %106 = memref.load %reinterpret_cast_15[%c0] : memref<1xi32, strided<[1], offset: ?>, #hivm.address_space<gm>>
              %107 = arith.muli %106, %arg17 : i32
              %108 = arith.index_cast %107 : i32 to index
              %109 = arith.index_cast %57 : i32 to index
              %110 = arith.muli %102, %arg19 : i32
              %111 = arith.index_cast %110 : i32 to index
              %112 = affine.apply #map6()[%111, %108, %109]
              %reinterpret_cast_16 = memref.reinterpret_cast %arg3 to offset: [%112], sizes: [64, 256], strides: [%93, 1] : memref<?xbf16, #hivm.address_space<gm>> to memref<64x256xbf16, strided<[?, 1], offset: ?>, #hivm.address_space<gm>>
              %subview_17 = memref.subview %reinterpret_cast_16[0, 0] [%98, 256] [1, 1] : memref<64x256xbf16, strided<[?, 1], offset: ?>, #hivm.address_space<gm>> to memref<?x256xbf16, strided<[?, 1], offset: ?>, #hivm.address_space<gm>>
              %113 = affine.apply #map3()[%96, %97]
              %114 = affine.apply #map4()[%97]
              %115 = affine.apply #map5()[%97]
              %subview_18 = memref.subview %alloc_13[0, %114, %115, 0] [16, %113, 16, 16] [1, 1, 1, 1] : memref<16x4x16x16xbf16, #hivm.address_space<cbuf>> to memref<16x?x16x16xbf16, strided<[1024, 256, 16, 1], offset: ?>, #hivm.address_space<cbuf>>
              %cast_19 = memref.cast %subview_18 : memref<16x?x16x16xbf16, strided<[1024, 256, 16, 1], offset: ?>, #hivm.address_space<cbuf>> to memref<?x?x?x?xbf16, strided<[?, ?, ?, 1], offset: ?>, #hivm.address_space<cbuf>>
              scf.if %99 {
                %collapse_shape = memref.collapse_shape %alloc_13 [[0, 1, 2, 3]] : memref<16x4x16x16xbf16, #hivm.address_space<cbuf>> into memref<16384xbf16, #hivm.address_space<cbuf>>
                hivm.hir.vbrc ins(%cst : bf16) outs(%collapse_shape : memref<16384xbf16, #hivm.address_space<cbuf>>)
              } {hivm.unlikely_condition}
              hivm.hir.nd2nz {dst_continuous} ins(%subview_17 : memref<?x256xbf16, strided<[?, 1], offset: ?>, #hivm.address_space<gm>>) outs(%cast_19 : memref<?x?x?x?xbf16, strided<[?, ?, ?, 1], offset: ?>, #hivm.address_space<cbuf>>)
              %alloc_20 = memref.alloc() {alignment = 64 : i64} : memref<4x16x16x16xf32, #hivm.address_space<cc>>
              annotation.mark %alloc_20 {hivm.multi_buffer = 2 : i32} : memref<4x16x16x16xf32, #hivm.address_space<cc>>
              %cast_21 = memref.cast %alloc_20 : memref<4x16x16x16xf32, #hivm.address_space<cc>> to memref<?x?x?x?xf32, #hivm.address_space<cc>>
              hivm.hir.mmadL1 {already_set_real_mkn, b_transpose, normalized_in_L0C} ins(%cast, %cast_14, %true, %c256, %c256, %c64 : memref<?x?x?x?xbf16, #hivm.address_space<cbuf>>, memref<?x?x?x?xbf16, #hivm.address_space<cbuf>>, i1, index, index, index) outs(%cast_21 : memref<?x?x?x?xf32, #hivm.address_space<cc>>)
              hivm.hir.sync_block_wait[<CUBE>, <PIPE_V>, <PIPE_FIX>] flag = 2
              hivm.hir.fixpipe {dma_mode = #hivm.dma_mode<nz2nd>} ins(%alloc_20 : memref<4x16x16x16xf32, #hivm.address_space<cc>>) outs(%alloc_11 : memref<128x64xf32, #hivm.address_space<ub>>) dual_dst_mode = <ROW_SPLIT>
              hivm.hir.sync_block_set[<CUBE>, <PIPE_FIX>, <PIPE_V>] flag = 2
              %116 = llvm.load volatile %11 : !llvm.ptr<11> -> i32
              %117 = llvm.load volatile %12 : !llvm.ptr<11> -> i32
              %118 = arith.addi %116, %c1_i32 : i32
              %119 = arith.addi %117, %c1_i32 : i32
              llvm.store volatile %118, %11 : i32, !llvm.ptr<11>
              llvm.store volatile %119, %12 : i32, !llvm.ptr<11>
              %120 = arith.addi %arg35, %c1_i32 : i32
              scf.yield %120 : i32
            } else {
              scf.yield %arg35 : i32
            } {hivm.matmul_limited_in_cube, ssbuffer.if = 5 : i32}
            %74 = llvm.load volatile %15 : !llvm.ptr<11> -> i32
            %75 = llvm.load volatile %16 : !llvm.ptr<11> -> i32
            %76 = arith.cmpi sgt, %74, %c0_i32 : i32
            %77 = arith.cmpi sgt, %75, %c0_i32 : i32
            %78 = arith.andi %76, %77 : i1
            %79 = llvm.load volatile %13 : !llvm.ptr<11> -> i32
            %80 = llvm.load volatile %14 : !llvm.ptr<11> -> i32
            %81 = arith.cmpi slt, %79, %c1_i32 : i32
            %82 = arith.cmpi slt, %80, %c1_i32 : i32
            %83 = arith.andi %81, %82 : i1
            %84 = arith.andi %78, %83 : i1
            %85 = arith.cmpi slt, %arg36, %39 : i32
            %86 = arith.andi %84, %85 : i1
            %87 = scf.if %86 -> (i32) {
              %88 = arith.muli %arg36, %c64_i32 : i32
              %89 = arith.addi %88, %c64_i32 : i32
              %90 = arith.minsi %89, %32 : i32
              %91 = arith.subi %90, %88 : i32
              %92 = arith.maxsi %91, %c0_i32 : i32
              %93 = arith.index_cast %92 : i32 to index
              %94 = arith.index_cast %arg22 : i32 to index
              %95 = arith.maxsi %93, %c0 : index
              %96 = arith.minsi %95, %c64 : index
              %97 = arith.minsi %96, %c0 : index
              %98 = affine.apply #map2()[%96, %97]
              %99 = arith.cmpi slt, %98, %c64 : index
              %100 = arith.divsi %88, %c64_i32 : i32
              %101 = arith.minsi %100, %55 : i32
              %102 = arith.remsi %88, %c64_i32 : i32
              %103 = arith.index_cast %56 : i32 to index
              %104 = arith.index_cast %101 : i32 to index
              %105 = affine.apply #map1()[%103, %104]
              %reinterpret_cast_13 = memref.reinterpret_cast %arg13 to offset: [%105], sizes: [1], strides: [1] : memref<?xi32, #hivm.address_space<gm>> to memref<1xi32, strided<[1], offset: ?>, #hivm.address_space<gm>>
              %106 = memref.load %reinterpret_cast_13[%c0] : memref<1xi32, strided<[1], offset: ?>, #hivm.address_space<gm>>
              %alloc_14 = memref.alloc() : memref<16x4x16x16xbf16, #hivm.address_space<cbuf>>
              annotation.mark %alloc_14 {hivm.multi_buffer = 2 : i32} : memref<16x4x16x16xbf16, #hivm.address_space<cbuf>>
              %cast_15 = memref.cast %alloc_14 : memref<16x4x16x16xbf16, #hivm.address_space<cbuf>> to memref<?x?x?x?xbf16, #hivm.address_space<cbuf>>
              %107 = arith.muli %106, %arg20 : i32
              %108 = arith.index_cast %107 : i32 to index
              %109 = arith.index_cast %58 : i32 to index
              %110 = arith.muli %102, %arg22 : i32
              %111 = arith.index_cast %110 : i32 to index
              %112 = affine.apply #map6()[%111, %108, %109]
              %reinterpret_cast_16 = memref.reinterpret_cast %arg4 to offset: [%112], sizes: [64, 256], strides: [%94, 1] : memref<?xbf16, #hivm.address_space<gm>> to memref<64x256xbf16, strided<[?, 1], offset: ?>, #hivm.address_space<gm>>
              %subview_17 = memref.subview %reinterpret_cast_16[0, 0] [%98, 256] [1, 1] : memref<64x256xbf16, strided<[?, 1], offset: ?>, #hivm.address_space<gm>> to memref<?x256xbf16, strided<[?, 1], offset: ?>, #hivm.address_space<gm>>
              %113 = affine.apply #map3()[%96, %97]
              %114 = affine.apply #map4()[%97]
              %115 = affine.apply #map5()[%97]
              %subview_18 = memref.subview %alloc_14[0, %114, %115, 0] [16, %113, 16, 16] [1, 1, 1, 1] : memref<16x4x16x16xbf16, #hivm.address_space<cbuf>> to memref<16x?x16x16xbf16, strided<[1024, 256, 16, 1], offset: ?>, #hivm.address_space<cbuf>>
              %cast_19 = memref.cast %subview_18 : memref<16x?x16x16xbf16, strided<[1024, 256, 16, 1], offset: ?>, #hivm.address_space<cbuf>> to memref<?x?x?x?xbf16, strided<[?, ?, ?, 1], offset: ?>, #hivm.address_space<cbuf>>
              scf.if %99 {
                %collapse_shape = memref.collapse_shape %alloc_14 [[0, 1, 2, 3]] : memref<16x4x16x16xbf16, #hivm.address_space<cbuf>> into memref<16384xbf16, #hivm.address_space<cbuf>>
                hivm.hir.vbrc ins(%cst : bf16) outs(%collapse_shape : memref<16384xbf16, #hivm.address_space<cbuf>>)
              } {hivm.unlikely_condition}
              hivm.hir.nd2nz {dst_continuous} ins(%subview_17 : memref<?x256xbf16, strided<[?, 1], offset: ?>, #hivm.address_space<gm>>) outs(%cast_19 : memref<?x?x?x?xbf16, strided<[?, ?, ?, 1], offset: ?>, #hivm.address_space<cbuf>>)
              hivm.hir.sync_block_wait[<CUBE>, <PIPE_MTE3>, <PIPE_MTE1>] flag = 1
              %alloc_20 = memref.alloc() {alignment = 64 : i64} : memref<16x16x16x16xf32, #hivm.address_space<cc>>
              annotation.mark %alloc_20 {hivm.multi_buffer = 2 : i32} : memref<16x16x16x16xf32, #hivm.address_space<cc>>
              %cast_21 = memref.cast %alloc_20 : memref<16x16x16x16xf32, #hivm.address_space<cc>> to memref<?x?x?x?xf32, #hivm.address_space<cc>>
              hivm.hir.mmadL1 {already_set_real_mkn, normalized_in_L0C} ins(%alloc_10, %cast_15, %true, %c256, %c64, %c256 : memref<4x16x16x16xbf16, #hivm.address_space<cbuf>>, memref<?x?x?x?xbf16, #hivm.address_space<cbuf>>, i1, index, index, index) outs(%cast_21 : memref<?x?x?x?xf32, #hivm.address_space<cc>>)
              hivm.hir.sync_block_set[<CUBE>, <PIPE_M>, <PIPE_MTE3>] flag = 1
              hivm.hir.sync_block_wait[<CUBE>, <PIPE_V>, <PIPE_FIX>] flag = 3
              hivm.hir.fixpipe {dma_mode = #hivm.dma_mode<nz2nd>} ins(%alloc_20 : memref<16x16x16x16xf32, #hivm.address_space<cc>>) outs(%alloc_12 : memref<128x256xf32, #hivm.address_space<ub>>) dual_dst_mode = <ROW_SPLIT>
              hivm.hir.sync_block_set[<CUBE>, <PIPE_FIX>, <PIPE_V>] flag = 3
              %116 = llvm.load volatile %15 : !llvm.ptr<11> -> i32
              %117 = llvm.load volatile %16 : !llvm.ptr<11> -> i32
              %118 = arith.subi %116, %c1_i32 : i32
              %119 = arith.subi %117, %c1_i32 : i32
              llvm.store volatile %118, %15 : i32, !llvm.ptr<11>
              llvm.store volatile %119, %16 : i32, !llvm.ptr<11>
              %120 = llvm.load volatile %13 : !llvm.ptr<11> -> i32
              %121 = llvm.load volatile %14 : !llvm.ptr<11> -> i32
              %122 = arith.addi %120, %c1_i32 : i32
              %123 = arith.addi %121, %c1_i32 : i32
              llvm.store volatile %122, %13 : i32, !llvm.ptr<11>
              llvm.store volatile %123, %14 : i32, !llvm.ptr<11>
              %124 = arith.addi %arg36, %c1_i32 : i32
              scf.yield %124 : i32
            } else {
              scf.yield %arg36 : i32
            } {hivm.matmul_limited_in_cube, ssbuffer.if = 7 : i32}
            hivm.hir.sync_block_set[<CUBE>, <PIPE_S>, <PIPE_S>] flag = 15
            scf.yield %65, %73, %87 : i32, i32, i32
          } {fixpipe_for_mmad_result_already_inserted = true}
          hivm.hir.sync_block_wait[<CUBE>, <PIPE_S>, <PIPE_S>] flag = 15
          hivm.hir.sync_block_wait[<CUBE>, <PIPE_V>, <PIPE_FIX>] flag = 3
          hivm.hir.sync_block_wait[<CUBE>, <PIPE_V>, <PIPE_FIX>] flag = 2
        }
      }
      hivm.hir.set_ctrl true at ctrl[60]
    } {autoblockify.subloop}
    return
  }
  func.func @paged_prefill_page_aggregation_kernel_mix_aiv_outlined_vf_0(%arg0: memref<128x64xi8, #hivm.address_space<ub>>, %arg1: memref<128x64xf32, #hivm.address_space<ub>>, %arg2: f32, %arg3: memref<128x64xf32, #hivm.address_space<ub>>) attributes {hivm.func_core_type = #hivm.func_core_type<AIV>, hivm.vector_function, no_inline} {
    %cst = arith.constant dense<0xFF800000> : vector<1x64xf32>
    %cst_0 = arith.constant dense<0> : vector<1x64xi8>
    %cst_1 = arith.constant 0.000000e+00 : f32
    %c0_i8 = arith.constant 0 : i8
    %c1 = arith.constant 1 : index
    %c128 = arith.constant 128 : index
    %c0 = arith.constant 0 : index
    scf.for %arg4 = %c0 to %c128 step %c1 {
      %subview = memref.subview %arg0[%arg4, 0] [1, 64] [1, 1] : memref<128x64xi8, #hivm.address_space<ub>> to memref<1x64xi8, strided<[64, 1], offset: ?>, #hivm.address_space<ub>>
      %subview_2 = memref.subview %arg1[%arg4, 0] [1, 64] [1, 1] : memref<128x64xf32, #hivm.address_space<ub>> to memref<1x64xf32, strided<[64, 1], offset: ?>, #hivm.address_space<ub>>
      %subview_3 = memref.subview %arg3[%arg4, 0] [1, 64] [1, 1] : memref<128x64xf32, #hivm.address_space<ub>> to memref<1x64xf32, strided<[64, 1], offset: ?>, #hivm.address_space<ub>>
      %0 = vector.transfer_read %subview[%c0, %c0], %c0_i8 {in_bounds = [true, true]} : memref<1x64xi8, strided<[64, 1], offset: ?>, #hivm.address_space<ub>>, vector<1x64xi8>
      %1 = vector.transfer_read %subview_2[%c0, %c0], %cst_1 {in_bounds = [true, true]} : memref<1x64xf32, strided<[64, 1], offset: ?>, #hivm.address_space<ub>>, vector<1x64xf32>
      %2 = vector.broadcast %arg2 : f32 to vector<1x64xf32>
      %3 = arith.mulf %1, %2 : vector<1x64xf32>
      %4 = arith.cmpi ne, %0, %cst_0 : vector<1x64xi8>
      %5 = arith.select %4, %3, %cst : vector<1x64xi1>, vector<1x64xf32>
      vector.transfer_write %5, %subview_3[%c0, %c0] {in_bounds = [true, true]} : vector<1x64xf32>, memref<1x64xf32, strided<[64, 1], offset: ?>, #hivm.address_space<ub>>
    }
    return
  }
  func.func @paged_prefill_page_aggregation_kernel_mix_aiv_outlined_vf_1(%arg0: memref<128x64xf32, #hivm.address_space<ub>>, %arg1: memref<128xf32, #hivm.address_space<ub>>, %arg2: memref<128xf32, #hivm.address_space<ub>>, %arg3: memref<128xf32, #hivm.address_space<ub>>, %arg4: memref<128x64xf32, #hivm.address_space<ub>>) attributes {hivm.func_core_type = #hivm.func_core_type<AIV>, hivm.vector_function, no_inline} {
    %cst = arith.constant 0.000000e+00 : f32
    %c1 = arith.constant 1 : index
    %c128 = arith.constant 128 : index
    %c64 = arith.constant 64 : index
    %c0 = arith.constant 0 : index
    scf.for %arg5 = %c0 to %c128 step %c1 {
      %subview = memref.subview %arg1[%arg5] [1] [1] : memref<128xf32, #hivm.address_space<ub>> to memref<1xf32, strided<[1], offset: ?>, #hivm.address_space<ub>>
      %subview_0 = memref.subview %arg0[%arg5, 0] [1, 64] [1, 1] : memref<128x64xf32, #hivm.address_space<ub>> to memref<1x64xf32, strided<[64, 1], offset: ?>, #hivm.address_space<ub>>
      %0 = vector.transfer_read %subview_0[%c0, %c0], %cst {in_bounds = [true, true]} : memref<1x64xf32, strided<[64, 1], offset: ?>, #hivm.address_space<ub>>, vector<1x64xf32>
      %1 = vector.transfer_read %subview[%c0], %cst {in_bounds = [true]} : memref<1xf32, strided<[1], offset: ?>, #hivm.address_space<ub>>, vector<1xf32>
      %2 = vector.multi_reduction <maximumf>, %0, %1 {withoutInitMergeOp} [1] : vector<1x64xf32> to vector<1xf32>
      vector.transfer_write %2, %subview[%c0] {in_bounds = [true]} : vector<1xf32>, memref<1xf32, strided<[1], offset: ?>, #hivm.address_space<ub>>
    }
    scf.for %arg5 = %c0 to %c128 step %c64 {
      %subview = memref.subview %arg2[%arg5] [64] [1] : memref<128xf32, #hivm.address_space<ub>> to memref<64xf32, strided<[1], offset: ?>, #hivm.address_space<ub>>
      %subview_0 = memref.subview %arg1[%arg5] [64] [1] : memref<128xf32, #hivm.address_space<ub>> to memref<64xf32, strided<[1], offset: ?>, #hivm.address_space<ub>>
      %subview_1 = memref.subview %arg3[%arg5] [64] [1] : memref<128xf32, #hivm.address_space<ub>> to memref<64xf32, strided<[1], offset: ?>, #hivm.address_space<ub>>
      %0 = vector.transfer_read %subview[%c0], %cst {in_bounds = [true]} : memref<64xf32, strided<[1], offset: ?>, #hivm.address_space<ub>>, vector<64xf32>
      %1 = vector.transfer_read %subview_0[%c0], %cst {in_bounds = [true]} : memref<64xf32, strided<[1], offset: ?>, #hivm.address_space<ub>>, vector<64xf32>
      %2 = arith.maximumf %0, %1 : vector<64xf32>
      vector.transfer_write %2, %subview_1[%c0] {in_bounds = [true]} : vector<64xf32>, memref<64xf32, strided<[1], offset: ?>, #hivm.address_space<ub>>
    }
    scf.for %arg5 = %c0 to %c128 step %c1 {
      %subview = memref.subview %arg3[%arg5] [1] [1] : memref<128xf32, #hivm.address_space<ub>> to memref<1xf32, strided<[1], offset: ?>, #hivm.address_space<ub>>
      %subview_0 = memref.subview %arg0[%arg5, 0] [1, 64] [1, 1] : memref<128x64xf32, #hivm.address_space<ub>> to memref<1x64xf32, strided<[64, 1], offset: ?>, #hivm.address_space<ub>>
      %subview_1 = memref.subview %arg4[%arg5, 0] [1, 64] [1, 1] : memref<128x64xf32, #hivm.address_space<ub>> to memref<1x64xf32, strided<[64, 1], offset: ?>, #hivm.address_space<ub>>
      %0 = vector.transfer_read %subview_0[%c0, %c0], %cst {in_bounds = [true, true]} : memref<1x64xf32, strided<[64, 1], offset: ?>, #hivm.address_space<ub>>, vector<1x64xf32>
      %1 = vector.transfer_read %subview[%c0], %cst {in_bounds = [true, true], permutation_map = #map7} : memref<1xf32, strided<[1], offset: ?>, #hivm.address_space<ub>>, vector<1x64xf32>
      %2 = arith.subf %0, %1 : vector<1x64xf32>
      %3 = math.exp %2 : vector<1x64xf32>
      vector.transfer_write %3, %subview_1[%c0, %c0] {in_bounds = [true, true]} : vector<1x64xf32>, memref<1x64xf32, strided<[64, 1], offset: ?>, #hivm.address_space<ub>>
    }
    return
  }
  func.func @paged_prefill_page_aggregation_kernel_mix_aiv_outlined_vf_4(%arg0: memref<128xf32, #hivm.address_space<ub>>, %arg1: memref<128xf32, #hivm.address_space<ub>>) attributes {hivm.func_core_type = #hivm.func_core_type<AIV>, hivm.vector_function, no_inline} {
    %cst = arith.constant 0.000000e+00 : f32
    %c64 = arith.constant 64 : index
    %c128 = arith.constant 128 : index
    %c0 = arith.constant 0 : index
    scf.for %arg2 = %c0 to %c128 step %c64 {
      %subview = memref.subview %arg0[%arg2] [64] [1] : memref<128xf32, #hivm.address_space<ub>> to memref<64xf32, strided<[1], offset: ?>, #hivm.address_space<ub>>
      %subview_0 = memref.subview %arg1[%arg2] [64] [1] : memref<128xf32, #hivm.address_space<ub>> to memref<64xf32, strided<[1], offset: ?>, #hivm.address_space<ub>>
      %0 = vector.transfer_read %subview[%c0], %cst {in_bounds = [true]} : memref<64xf32, strided<[1], offset: ?>, #hivm.address_space<ub>>, vector<64xf32>
      %1 = math.exp %0 : vector<64xf32>
      vector.transfer_write %1, %subview_0[%c0] {in_bounds = [true]} : vector<64xf32>, memref<64xf32, strided<[1], offset: ?>, #hivm.address_space<ub>>
    }
    return
  }
  func.func @paged_prefill_page_aggregation_kernel_mix_aiv_outlined_vf_5(%arg0: memref<128x64xf32, #hivm.address_space<ub>>, %arg1: memref<128xf32, #hivm.address_space<ub>>, %arg2: memref<128x256xf32, #hivm.address_space<ub>>, %arg3: memref<128x256xf32, #hivm.address_space<ub>>, %arg4: memref<128xf32, #hivm.address_space<ub>>, %arg5: memref<128x256xf32, #hivm.address_space<ub>>, %arg6: memref<128xf32, #hivm.address_space<ub>>, %arg7: memref<128xf32, #hivm.address_space<ub>>) attributes {hivm.func_core_type = #hivm.func_core_type<AIV>, hivm.vector_function, no_inline} {
    %cst = arith.constant dense<0.000000e+00> : vector<1x64xf32>
    %cst_0 = arith.constant 0.000000e+00 : f32
    %c1 = arith.constant 1 : index
    %c128 = arith.constant 128 : index
    %c256 = arith.constant 256 : index
    %c64 = arith.constant 64 : index
    %c0 = arith.constant 0 : index
    scf.for %arg8 = %c0 to %c128 step %c1 {
      %subview = memref.subview %arg4[%arg8] [1] [1] : memref<128xf32, #hivm.address_space<ub>> to memref<1xf32, strided<[1], offset: ?>, #hivm.address_space<ub>>
      %subview_1 = memref.subview %arg0[%arg8, 0] [1, 64] [1, 1] : memref<128x64xf32, #hivm.address_space<ub>> to memref<1x64xf32, strided<[64, 1], offset: ?>, #hivm.address_space<ub>>
      %0 = vector.transfer_read %subview_1[%c0, %c0], %cst_0 {in_bounds = [true, true]} : memref<1x64xf32, strided<[64, 1], offset: ?>, #hivm.address_space<ub>>, vector<1x64xf32>
      %1 = arith.addf %0, %cst {reductionOp} : vector<1x64xf32>
      %2 = vector.transfer_read %subview[%c0], %cst_0 {in_bounds = [true]} : memref<1xf32, strided<[1], offset: ?>, #hivm.address_space<ub>>, vector<1xf32>
      %3 = vector.multi_reduction <add>, %1, %2 {withoutInitMergeOp} [1] : vector<1x64xf32> to vector<1xf32>
      vector.transfer_write %3, %subview[%c0] {in_bounds = [true]} : vector<1xf32>, memref<1xf32, strided<[1], offset: ?>, #hivm.address_space<ub>>
      %subview_2 = memref.subview %arg1[%arg8] [1] [1] : memref<128xf32, #hivm.address_space<ub>> to memref<1xf32, strided<[1], offset: ?>, #hivm.address_space<ub>>
      scf.for %arg9 = %c0 to %c256 step %c64 {
        %subview_3 = memref.subview %arg2[%arg8, %arg9] [1, 64] [1, 1] : memref<128x256xf32, #hivm.address_space<ub>> to memref<1x64xf32, strided<[256, 1], offset: ?>, #hivm.address_space<ub>>
        %subview_4 = memref.subview %arg3[%arg8, %arg9] [1, 64] [1, 1] : memref<128x256xf32, #hivm.address_space<ub>> to memref<1x64xf32, strided<[256, 1], offset: ?>, #hivm.address_space<ub>>
        %subview_5 = memref.subview %arg5[%arg8, %arg9] [1, 64] [1, 1] : memref<128x256xf32, #hivm.address_space<ub>> to memref<1x64xf32, strided<[256, 1], offset: ?>, #hivm.address_space<ub>>
        %4 = vector.transfer_read %subview_3[%c0, %c0], %cst_0 {in_bounds = [true, true]} : memref<1x64xf32, strided<[256, 1], offset: ?>, #hivm.address_space<ub>>, vector<1x64xf32>
        %5 = vector.transfer_read %subview_4[%c0, %c0], %cst_0 {in_bounds = [true, true]} : memref<1x64xf32, strided<[256, 1], offset: ?>, #hivm.address_space<ub>>, vector<1x64xf32>
        %6 = vector.transfer_read %subview_2[%c0], %cst_0 {in_bounds = [true, true], permutation_map = #map7} : memref<1xf32, strided<[1], offset: ?>, #hivm.address_space<ub>>, vector<1x64xf32>
        %7 = arith.mulf %5, %6 : vector<1x64xf32>
        %8 = arith.addf %4, %7 : vector<1x64xf32>
        vector.transfer_write %8, %subview_5[%c0, %c0] {in_bounds = [true, true]} : vector<1x64xf32>, memref<1x64xf32, strided<[256, 1], offset: ?>, #hivm.address_space<ub>>
      }
    }
    scf.for %arg8 = %c0 to %c128 step %c64 {
      %subview = memref.subview %arg6[%arg8] [64] [1] : memref<128xf32, #hivm.address_space<ub>> to memref<64xf32, strided<[1], offset: ?>, #hivm.address_space<ub>>
      %subview_1 = memref.subview %arg1[%arg8] [64] [1] : memref<128xf32, #hivm.address_space<ub>> to memref<64xf32, strided<[1], offset: ?>, #hivm.address_space<ub>>
      %subview_2 = memref.subview %arg4[%arg8] [64] [1] : memref<128xf32, #hivm.address_space<ub>> to memref<64xf32, strided<[1], offset: ?>, #hivm.address_space<ub>>
      %subview_3 = memref.subview %arg7[%arg8] [64] [1] : memref<128xf32, #hivm.address_space<ub>> to memref<64xf32, strided<[1], offset: ?>, #hivm.address_space<ub>>
      %0 = vector.transfer_read %subview[%c0], %cst_0 {in_bounds = [true]} : memref<64xf32, strided<[1], offset: ?>, #hivm.address_space<ub>>, vector<64xf32>
      %1 = vector.transfer_read %subview_1[%c0], %cst_0 {in_bounds = [true]} : memref<64xf32, strided<[1], offset: ?>, #hivm.address_space<ub>>, vector<64xf32>
      %2 = vector.transfer_read %subview_2[%c0], %cst_0 {in_bounds = [true]} : memref<64xf32, strided<[1], offset: ?>, #hivm.address_space<ub>>, vector<64xf32>
      %3 = arith.mulf %0, %1 : vector<64xf32>
      %4 = arith.addf %3, %2 : vector<64xf32>
      vector.transfer_write %4, %subview_3[%c0] {in_bounds = [true]} : vector<64xf32>, memref<64xf32, strided<[1], offset: ?>, #hivm.address_space<ub>>
    }
    return
  }
  func.func @paged_prefill_page_aggregation_kernel_mix_aiv_outlined_vf_6(%arg0: memref<1xf32, #hivm.address_space<ub>>, %arg1: memref<128xf32, #hivm.address_space<ub>>) attributes {hivm.func_core_type = #hivm.func_core_type<AIV>, hivm.vector_function, no_inline} {
    %cst = arith.constant 0.000000e+00 : f32
    %c64 = arith.constant 64 : index
    %c128 = arith.constant 128 : index
    %c0 = arith.constant 0 : index
    scf.for %arg2 = %c0 to %c128 step %c64 {
      %subview = memref.subview %arg1[%arg2] [64] [1] : memref<128xf32, #hivm.address_space<ub>> to memref<64xf32, strided<[1], offset: ?>, #hivm.address_space<ub>>
      %0 = vector.transfer_read %arg0[%c0], %cst {in_bounds = [true], permutation_map = #map8} : memref<1xf32, #hivm.address_space<ub>>, vector<64xf32>
      vector.transfer_write %0, %subview[%c0] {in_bounds = [true]} : vector<64xf32>, memref<64xf32, strided<[1], offset: ?>, #hivm.address_space<ub>>
    }
    return
  }
  func.func @paged_prefill_page_aggregation_kernel_mix_aiv_outlined_vf_7(%arg0: memref<128xf32, #hivm.address_space<ub>>) attributes {hivm.func_core_type = #hivm.func_core_type<AIV>, hivm.vector_function, no_inline} {
    %cst = arith.constant dense<1.000000e+00> : vector<64xf32>
    %c64 = arith.constant 64 : index
    %c128 = arith.constant 128 : index
    %c0 = arith.constant 0 : index
    scf.for %arg1 = %c0 to %c128 step %c64 {
      %subview = memref.subview %arg0[%arg1] [64] [1] : memref<128xf32, #hivm.address_space<ub>> to memref<64xf32, strided<[1], offset: ?>, #hivm.address_space<ub>>
      vector.transfer_write %cst, %subview[%c0] {in_bounds = [true]} : vector<64xf32>, memref<64xf32, strided<[1], offset: ?>, #hivm.address_space<ub>>
    }
    return
  }
  func.func @paged_prefill_page_aggregation_kernel_mix_aiv_outlined_vf_8(%arg0: memref<128x256xf32, #hivm.address_space<ub>>) attributes {hivm.func_core_type = #hivm.func_core_type<AIV>, hivm.vector_function, no_inline} {
    %cst = arith.constant dense<0.000000e+00> : vector<1x64xf32>
    %c1 = arith.constant 1 : index
    %c128 = arith.constant 128 : index
    %c64 = arith.constant 64 : index
    %c256 = arith.constant 256 : index
    %c0 = arith.constant 0 : index
    scf.for %arg1 = %c0 to %c128 step %c1 {
      scf.for %arg2 = %c0 to %c256 step %c64 {
        %subview = memref.subview %arg0[%arg1, %arg2] [1, 64] [1, 1] : memref<128x256xf32, #hivm.address_space<ub>> to memref<1x64xf32, strided<[256, 1], offset: ?>, #hivm.address_space<ub>>
        vector.transfer_write %cst, %subview[%c0, %c0] {in_bounds = [true, true]} : vector<1x64xf32>, memref<1x64xf32, strided<[256, 1], offset: ?>, #hivm.address_space<ub>>
      }
    }
    return
  }
  func.func @paged_prefill_page_aggregation_kernel_mix_aiv_outlined_vf_9(%arg0: memref<128xf32, #hivm.address_space<ub>>, %arg1: memref<128x256xf32, #hivm.address_space<ub>>, %arg2: memref<128x256xbf16, #hivm.address_space<ub>>) attributes {hivm.func_core_type = #hivm.func_core_type<AIV>, hivm.vector_function, no_inline} {
    %cst = arith.constant 0.000000e+00 : f32
    %c1 = arith.constant 1 : index
    %c128 = arith.constant 128 : index
    %c64 = arith.constant 64 : index
    %c256 = arith.constant 256 : index
    %c0 = arith.constant 0 : index
    scf.for %arg3 = %c0 to %c128 step %c1 {
      %subview = memref.subview %arg0[%arg3] [1] [1] : memref<128xf32, #hivm.address_space<ub>> to memref<1xf32, strided<[1], offset: ?>, #hivm.address_space<ub>>
      scf.for %arg4 = %c0 to %c256 step %c64 {
        %subview_0 = memref.subview %arg1[%arg3, %arg4] [1, 64] [1, 1] : memref<128x256xf32, #hivm.address_space<ub>> to memref<1x64xf32, strided<[256, 1], offset: ?>, #hivm.address_space<ub>>
        %subview_1 = memref.subview %arg2[%arg3, %arg4] [1, 64] [1, 1] : memref<128x256xbf16, #hivm.address_space<ub>> to memref<1x64xbf16, strided<[256, 1], offset: ?>, #hivm.address_space<ub>>
        %0 = vector.transfer_read %subview_0[%c0, %c0], %cst {in_bounds = [true, true]} : memref<1x64xf32, strided<[256, 1], offset: ?>, #hivm.address_space<ub>>, vector<1x64xf32>
        %1 = vector.transfer_read %subview[%c0], %cst {in_bounds = [true, true], permutation_map = #map7} : memref<1xf32, strided<[1], offset: ?>, #hivm.address_space<ub>>, vector<1x64xf32>
        %2 = arith.divf %0, %1 : vector<1x64xf32>
        %3 = arith.truncf %2 {enable_saturate = false, round_mode = #hfusion.round_mode<rint>, unsigned_mode = #hfusion.unsigned_mode<si2si>} : vector<1x64xf32> to vector<1x64xbf16>
        vector.transfer_write %3, %subview_1[%c0, %c0] {in_bounds = [true, true]} : vector<1x64xbf16>, memref<1x64xbf16, strided<[256, 1], offset: ?>, #hivm.address_space<ub>>
      }
    }
    return
  }
  func.func @paged_prefill_page_aggregation_kernel_mix_aiv(%arg0: memref<?xi8, #hivm.address_space<gm>> {hacc.arg_type = #hacc.arg_type<sync_block_lock>}, %arg1: memref<?xi8, #hivm.address_space<gm>> {hacc.arg_type = #hacc.arg_type<workspace>}, %arg2: memref<?xbf16, #hivm.address_space<gm>> {tt.divisibility = 16 : i32, tt.tensor_kind = 0 : i32}, %arg3: memref<?xbf16, #hivm.address_space<gm>> {tt.divisibility = 16 : i32, tt.tensor_kind = 0 : i32}, %arg4: memref<?xbf16, #hivm.address_space<gm>> {tt.divisibility = 16 : i32, tt.tensor_kind = 0 : i32}, %arg5: memref<?xbf16, #hivm.address_space<gm>> {tt.divisibility = 16 : i32, tt.tensor_kind = 1 : i32}, %arg6: memref<?xi8, #hivm.address_space<gm>> {tt.divisibility = 16 : i32, tt.tensor_kind = 0 : i32}, %arg7: memref<?xi32, #hivm.address_space<gm>> {tt.divisibility = 16 : i32, tt.tensor_kind = 0 : i32}, %arg8: memref<?xi32, #hivm.address_space<gm>> {tt.divisibility = 16 : i32, tt.tensor_kind = 0 : i32}, %arg9: memref<?xi32, #hivm.address_space<gm>> {tt.divisibility = 16 : i32, tt.tensor_kind = 0 : i32}, %arg10: memref<?xi32, #hivm.address_space<gm>> {tt.divisibility = 16 : i32, tt.tensor_kind = 0 : i32}, %arg11: memref<?xi32, #hivm.address_space<gm>> {tt.divisibility = 16 : i32, tt.tensor_kind = 0 : i32}, %arg12: memref<?xi32, #hivm.address_space<gm>> {tt.divisibility = 16 : i32, tt.tensor_kind = 0 : i32}, %arg13: memref<?xi32, #hivm.address_space<gm>> {tt.tensor_kind = 0 : i32}, %arg14: memref<?xf32, #hivm.address_space<gm>> {tt.divisibility = 16 : i32, tt.tensor_kind = 0 : i32}, %arg15: i32 {tt.divisibility = 16 : i32}, %arg16: i32 {tt.divisibility = 16 : i32}, %arg17: i32 {tt.divisibility = 16 : i32}, %arg18: i32 {tt.divisibility = 16 : i32}, %arg19: i32 {tt.divisibility = 16 : i32}, %arg20: i32 {tt.divisibility = 16 : i32}, %arg21: i32 {tt.divisibility = 16 : i32}, %arg22: i32 {tt.divisibility = 16 : i32}, %arg23: i32 {tt.divisibility = 16 : i32}, %arg24: i32 {tt.divisibility = 16 : i32}, %arg25: i32, %arg26: i32 {tt.divisibility = 16 : i32}, %arg27: f32, %arg28: i32, %arg29: i32, %arg30: i32) attributes {SyncBlockLockArgIdx = 0 : i64, WorkspaceArgIdx = 1 : i64, func_dyn_memref_args = dense<[true, true, true, true, true, true, true, true, true, true, true, true, true, true, true, false, false, false, false, false, false, false, false, false, false, false, false, false, false, false, false]> : vector<31xi1>, hacc.entry, hacc.function_kind = #hacc.function_kind<DEVICE>, hivm.func_core_type = #hivm.func_core_type<AIV>, hivm.part_of_mix, hivm.vf_mode = #hivm.vf_mode<SIMD>, mix_mode = "mix", parallel_mode = "simd"} {
    %c128 = arith.constant 128 : index
    %c28_i32 = arith.constant 28 : i32
    %c1_i32 = arith.constant 1 : i32
    %c2_i32 = arith.constant 2 : i32
    %c3_i32 = arith.constant 3 : i32
    %c8_i64 = arith.constant 8 : i64
    %c4_i64 = arith.constant 4 : i64
    %c1024_i64 = arith.constant 1024 : i64
    %0 = llvm.mlir.constant(1032 : i64) : i64
    %1 = llvm.mlir.constant(8 : i64) : i64
    %2 = llvm.mlir.constant(1028 : i64) : i64
    %3 = llvm.mlir.constant(4 : i64) : i64
    %c64_i32 = arith.constant 64 : i32
    %c1024_i32 = arith.constant 1024 : i32
    %c-1024_i32 = arith.constant -1024 : i32
    %c256 = arith.constant 256 : index
    %c256_i32 = arith.constant 256 : i32
    %c63_i32 = arith.constant 63 : i32
    %c0_i32 = arith.constant 0 : i32
    %4 = llvm.mlir.constant(0 : i32) : i32
    %5 = llvm.mlir.constant(0 : i64) : i64
    %6 = llvm.mlir.constant(1024 : i64) : i64
    %c0 = arith.constant 0 : index
    %7 = arith.muli %arg28, %arg29 : i32
    %8 = arith.muli %7, %arg30 : i32
    %9 = hivm.hir.get_block_idx -> i64
    %10 = arith.trunci %9 : i64 to i32
    %11 = llvm.inttoptr %5 : i64 to !llvm.ptr<11>
    %12 = llvm.inttoptr %6 : i64 to !llvm.ptr<11>
    %13 = llvm.inttoptr %3 : i64 to !llvm.ptr<11>
    %14 = llvm.inttoptr %2 : i64 to !llvm.ptr<11>
    %15 = llvm.inttoptr %1 : i64 to !llvm.ptr<11>
    %16 = llvm.inttoptr %0 : i64 to !llvm.ptr<11>
    %17 = hivm.hir.get_sub_block_idx -> i64
    %18 = arith.muli %17, %c1024_i64 : i64
    %19 = arith.addi %18, %c4_i64 : i64
    %20 = llvm.inttoptr %19 : i64 to !llvm.ptr<11>
    %21 = llvm.inttoptr %18 : i64 to !llvm.ptr<11>
    %22 = arith.addi %18, %c8_i64 : i64
    %23 = llvm.inttoptr %22 : i64 to !llvm.ptr<11>
    %alloc = memref.alloc() {alignment = 64 : i64} : memref<1xf32, #hivm.address_space<ub>>
    %24 = arith.index_cast %17 : i64 to index
    %25 = affine.apply #map9()[%24]
    %26 = affine.apply #map10()[%24]
    annotation.mark %8 {logical_block_num} : i32
    scf.for %arg31 = %10 to %8 step %c28_i32  : i32 {
      hivm.hir.set_ctrl false at ctrl[60]
      hivm.hir.set_ctrl true at ctrl[48]
      %27 = arith.remsi %arg31, %arg28 : i32
      llvm.store volatile %4, %11 : i32, !llvm.ptr<11>
      llvm.store volatile %4, %12 : i32, !llvm.ptr<11>
      llvm.store volatile %4, %13 : i32, !llvm.ptr<11>
      llvm.store volatile %4, %14 : i32, !llvm.ptr<11>
      llvm.store volatile %4, %15 : i32, !llvm.ptr<11>
      llvm.store volatile %4, %16 : i32, !llvm.ptr<11>
      %28 = arith.index_cast %27 : i32 to index
      %reinterpret_cast = memref.reinterpret_cast %arg10 to offset: [%28], sizes: [1], strides: [1] : memref<?xi32, #hivm.address_space<gm>> to memref<1xi32, strided<[1], offset: ?>, #hivm.address_space<gm>>
      %29 = affine.apply #map()[%28]
      %30 = memref.load %reinterpret_cast[%c0] : memref<1xi32, strided<[1], offset: ?>, #hivm.address_space<gm>>
      %reinterpret_cast_0 = memref.reinterpret_cast %arg10 to offset: [%29], sizes: [1], strides: [1] : memref<?xi32, #hivm.address_space<gm>> to memref<1xi32, strided<[1], offset: ?>, #hivm.address_space<gm>>
      %31 = memref.load %reinterpret_cast_0[%c0] : memref<1xi32, strided<[1], offset: ?>, #hivm.address_space<gm>>
      scf.for %arg32 = %30 to %31 step %c1_i32  : i32 {
        %32 = arith.index_cast %arg32 : i32 to index
        %reinterpret_cast_1 = memref.reinterpret_cast %arg7 to offset: [%32], sizes: [1], strides: [1] : memref<?xi32, #hivm.address_space<gm>> to memref<1xi32, strided<[1], offset: ?>, #hivm.address_space<gm>>
        %33 = memref.load %reinterpret_cast_1[%c0] : memref<1xi32, strided<[1], offset: ?>, #hivm.address_space<gm>>
        %reinterpret_cast_2 = memref.reinterpret_cast %arg9 to offset: [%32], sizes: [1], strides: [1] : memref<?xi32, #hivm.address_space<gm>> to memref<1xi32, strided<[1], offset: ?>, #hivm.address_space<gm>>
        %34 = memref.load %reinterpret_cast_2[%c0] : memref<1xi32, strided<[1], offset: ?>, #hivm.address_space<gm>>
        %35 = arith.index_cast %33 : i32 to index
        %reinterpret_cast_3 = memref.reinterpret_cast %arg11 to offset: [%35], sizes: [1], strides: [1] : memref<?xi32, #hivm.address_space<gm>> to memref<1xi32, strided<[1], offset: ?>, #hivm.address_space<gm>>
        %36 = affine.apply #map()[%35]
        %37 = memref.load %reinterpret_cast_3[%c0] : memref<1xi32, strided<[1], offset: ?>, #hivm.address_space<gm>>
        %reinterpret_cast_4 = memref.reinterpret_cast %arg11 to offset: [%36], sizes: [1], strides: [1] : memref<?xi32, #hivm.address_space<gm>> to memref<1xi32, strided<[1], offset: ?>, #hivm.address_space<gm>>
        %38 = memref.load %reinterpret_cast_4[%c0] : memref<1xi32, strided<[1], offset: ?>, #hivm.address_space<gm>>
        %39 = arith.subi %38, %37 : i32
        %40 = arith.cmpi sgt, %39, %c0_i32 : i32
        %reinterpret_cast_5 = memref.reinterpret_cast %arg8 to offset: [%32], sizes: [1], strides: [1] : memref<?xi32, #hivm.address_space<gm>> to memref<1xi32, strided<[1], offset: ?>, #hivm.address_space<gm>>
        %41 = memref.load %reinterpret_cast_5[%c0] : memref<1xi32, strided<[1], offset: ?>, #hivm.address_space<gm>>
        scf.if %40 {
          %reinterpret_cast_6 = memref.reinterpret_cast %arg12 to offset: [%35], sizes: [1], strides: [1] : memref<?xi32, #hivm.address_space<gm>> to memref<1xi32, strided<[1], offset: ?>, #hivm.address_space<gm>>
          %42 = memref.load %reinterpret_cast_6[%c0] : memref<1xi32, strided<[1], offset: ?>, #hivm.address_space<gm>>
          %43 = arith.subi %42, %39 : i32
          %44 = arith.muli %41, %c256_i32 : i32
          %45 = arith.addi %44, %c256_i32 : i32
          %46 = arith.minsi %45, %39 : i32
          %47 = arith.index_cast %34 : i32 to index
          %reinterpret_cast_7 = memref.reinterpret_cast %arg14 to offset: [%47], sizes: [1], strides: [1] : memref<?xf32, #hivm.address_space<gm>> to memref<1xf32, strided<[1], offset: ?>, #hivm.address_space<gm>>
          %48 = memref.load %reinterpret_cast_7[%c0] : memref<1xf32, strided<[1], offset: ?>, #hivm.address_space<gm>>
          memref.store %48, %alloc[%c0] : memref<1xf32, #hivm.address_space<ub>>
          %alloc_8 = memref.alloc() {alignment = 64 : i64} : memref<128xf32, #hivm.address_space<ub>>
          func.call @paged_prefill_page_aggregation_kernel_mix_aiv_outlined_vf_6(%alloc, %alloc_8) {hivm.vector_function, no_inline} : (memref<1xf32, #hivm.address_space<ub>>, memref<128xf32, #hivm.address_space<ub>>) -> ()
          %49 = arith.addi %43, %46 : i32
          %50 = arith.addi %49, %c63_i32 : i32
          %51 = arith.divsi %50, %c64_i32 : i32
          %52 = arith.subi %46, %44 : i32
          %53 = arith.addi %37, %44 : i32
          %54 = arith.index_cast %52 : i32 to index
          %55 = arith.muli %53, %arg23 : i32
          %56 = arith.muli %34, %arg24 : i32
          %57 = arith.index_cast %55 : i32 to index
          %58 = arith.index_cast %56 : i32 to index
          %59 = affine.apply #map1()[%57, %58]
          %60 = arith.index_cast %arg23 : i32 to index
          %reinterpret_cast_9 = memref.reinterpret_cast %arg5 to offset: [%59], sizes: [256, 256], strides: [%60, 1] : memref<?xbf16, #hivm.address_space<gm>> to memref<256x256xbf16, strided<[?, 1], offset: ?>, #hivm.address_space<gm>>
          %61 = arith.maxsi %54, %c0 : index
          %62 = arith.minsi %61, %c256 : index
          %63 = arith.minsi %62, %c0 : index
          %64 = affine.apply #map2()[%62, %63]
          %65 = arith.minsi %25, %64 : index
          %66 = affine.apply #map11()[%65, %62, %63]
          %67 = arith.minsi %66, %c128 : index
          %subview = memref.subview %reinterpret_cast_9[%25, 0] [%67, 256] [1, 1] : memref<256x256xbf16, strided<[?, 1], offset: ?>, #hivm.address_space<gm>> to memref<?x256xbf16, strided<[?, 1], offset: ?>, #hivm.address_space<gm>>
          %68 = arith.addi %43, %44 : i32
          %alloc_10 = memref.alloc() : memref<4x16x16x16xbf16, #hivm.address_space<cbuf>>
          %subview_11 = memref.subview %alloc_10[0, %26, 0, 0] [4, 8, 16, 16] [1, 1, 1, 1] {to_be_bubbled_slice} : memref<4x16x16x16xbf16, #hivm.address_space<cbuf>> to memref<4x8x16x16xbf16, strided<[4096, 256, 16, 1], offset: ?>, #hivm.address_space<cbuf>>
          annotation.mark %alloc_10 {effects = ["write", "read"], hivm.tightly_coupled_buffer = #hivm.tightly_coupled_buffer<0>, hivm.tiling_dim = 1 : index} : memref<4x16x16x16xbf16, #hivm.address_space<cbuf>>
          %alloc_12 = memref.alloc() : memref<128x64xf32, #hivm.address_space<ub>>
          annotation.mark %alloc_12 {effects = ["write", "read"], hivm.tightly_coupled_buffer = #hivm.tightly_coupled_buffer<1>, hivm.tiling_dim = 0 : index, tiledAlloc} : memref<128x64xf32, #hivm.address_space<ub>>
          hivm.hir.sync_block_set[<VECTOR>, <PIPE_V>, <PIPE_FIX>] flag = 2
          %alloc_13 = memref.alloc() : memref<128x256xf32, #hivm.address_space<ub>>
          annotation.mark %alloc_13 {effects = ["write", "read"], hivm.tightly_coupled_buffer = #hivm.tightly_coupled_buffer<2>, hivm.tiling_dim = 0 : index, tiledAlloc} : memref<128x256xf32, #hivm.address_space<ub>>
          hivm.hir.sync_block_set[<VECTOR>, <PIPE_V>, <PIPE_FIX>] flag = 3
          %alloc_14 = memref.alloc() : memref<128x64xi8, #hivm.address_space<ub>>
          annotation.mark %alloc_14 {effects = ["write", "read"], hivm.tightly_coupled_buffer = #hivm.tightly_coupled_buffer<3>, hivm.tiling_dim = 0 : index, tiledAlloc} : memref<128x64xi8, #hivm.address_space<ub>>
          %alloc_15 = memref.alloc() : memref<128x64xi8, #hivm.address_space<ub>>
          annotation.mark %alloc_15 {effects = ["write", "read"], hivm.tightly_coupled_buffer = #hivm.tightly_coupled_buffer<4>, hivm.tiling_dim = 0 : index, tiledAlloc} : memref<128x64xi8, #hivm.address_space<ub>>
          %alloc_16 = memref.alloc() : memref<128x64xf32, #hivm.address_space<ub>>
          annotation.mark %alloc_16 {effects = ["write", "read"], hivm.tightly_coupled_buffer = #hivm.tightly_coupled_buffer<5>, hivm.tiling_dim = 0 : index, tiledAlloc} : memref<128x64xf32, #hivm.address_space<ub>>
          %alloc_17 = memref.alloc() : memref<128x64xf32, #hivm.address_space<ub>>
          annotation.mark %alloc_17 {effects = ["write", "read"], hivm.tightly_coupled_buffer = #hivm.tightly_coupled_buffer<6>, hivm.tiling_dim = 0 : index, tiledAlloc} : memref<128x64xf32, #hivm.address_space<ub>>
          %alloc_18 = memref.alloc() : memref<128xf32, #hivm.address_space<ub>>
          annotation.mark %alloc_18 {effects = ["write", "read"], hivm.tightly_coupled_buffer = #hivm.tightly_coupled_buffer<7>, hivm.tiling_dim = 0 : index, tiledAlloc} : memref<128xf32, #hivm.address_space<ub>>
          %alloc_19 = memref.alloc() : memref<128xf32, #hivm.address_space<ub>>
          annotation.mark %alloc_19 {effects = ["write", "read"], hivm.tightly_coupled_buffer = #hivm.tightly_coupled_buffer<8>, hivm.tiling_dim = 0 : index, tiledAlloc} : memref<128xf32, #hivm.address_space<ub>>
          hivm.hir.sync_block_set[<VECTOR>, <PIPE_S>, <PIPE_S>] flag = 15
          %69 = arith.addi %51, %c3_i32 : i32
          %alloc_20 = memref.alloc() {alignment = 64 : i64} : memref<128xf32, #hivm.address_space<ub>>
          func.call @paged_prefill_page_aggregation_kernel_mix_aiv_outlined_vf_7(%alloc_20) {hivm.vector_function, no_inline} : (memref<128xf32, #hivm.address_space<ub>>) -> ()
          %alloc_21 = memref.alloc() {alignment = 64 : i64} : memref<128x256xf32, #hivm.address_space<ub>>
          func.call @paged_prefill_page_aggregation_kernel_mix_aiv_outlined_vf_8(%alloc_21) {hivm.vector_function, no_inline} : (memref<128x256xf32, #hivm.address_space<ub>>) -> ()
          %70:9 = scf.for %arg33 = %c0_i32 to %69 step %c1_i32 iter_args(%arg34 = %alloc_20, %arg35 = %alloc_21, %arg36 = %alloc_8, %arg37 = %c0_i32, %arg38 = %c0_i32, %arg39 = %c0_i32, %arg40 = %c0_i32, %arg41 = %c0_i32, %arg42 = %c0_i32) -> (memref<128xf32, #hivm.address_space<ub>>, memref<128x256xf32, #hivm.address_space<ub>>, memref<128xf32, #hivm.address_space<ub>>, i32, i32, i32, i32, i32, i32)  : i32 {
            hivm.hir.sync_block_wait[<VECTOR>, <PIPE_S>, <PIPE_S>] flag = 15
            %77 = arith.cmpi slt, %arg40, %c2_i32 : i32
            %78 = arith.cmpi slt, %arg37, %51 : i32
            %79 = arith.andi %77, %78 : i1
            %80:2 = scf.if %79 -> (i32, i32) {
              %104 = arith.muli %arg37, %c64_i32 : i32
              %105 = arith.subi %104, %68 : i32
              %106 = arith.maxsi %105, %c-1024_i32 : i32
              %107 = arith.minsi %106, %c1024_i32 : i32
              %108 = arith.addi %107, %c1024_i32 : i32
              %109 = arith.index_cast %arg26 : i32 to index
              %110 = arith.index_cast %108 : i32 to index
              %reinterpret_cast_25 = memref.reinterpret_cast %arg6 to offset: [%110], sizes: [256, 64], strides: [%109, 1] : memref<?xi8, #hivm.address_space<gm>> to memref<256x64xi8, strided<[?, 1], offset: ?>, #hivm.address_space<gm>>
              %subview_26 = memref.subview %reinterpret_cast_25[%25, 0] [128, 64] [1, 1] : memref<256x64xi8, strided<[?, 1], offset: ?>, #hivm.address_space<gm>> to memref<128x64xi8, strided<[?, 1], offset: ?>, #hivm.address_space<gm>>
              %alloc_27 = memref.alloc() : memref<128x64xi8, #hivm.address_space<ub>>
              hivm.hir.load ins(%subview_26 : memref<128x64xi8, strided<[?, 1], offset: ?>, #hivm.address_space<gm>>) outs(%alloc_27 : memref<128x64xi8, #hivm.address_space<ub>>) eviction_policy = <EvictFirst>
              %111 = arith.remsi %arg37, %c2_i32 : i32
              %112 = arith.cmpi eq, %111, %c0_i32 : i32
              scf.if %112 {
                %collapse_shape = memref.collapse_shape %alloc_27 [[0, 1]] : memref<128x64xi8, #hivm.address_space<ub>> into memref<8192xi8, #hivm.address_space<ub>>
                %collapse_shape_28 = memref.collapse_shape %alloc_14 [[0, 1]] : memref<128x64xi8, #hivm.address_space<ub>> into memref<8192xi8, #hivm.address_space<ub>>
                hivm.hir.copy ins(%collapse_shape : memref<8192xi8, #hivm.address_space<ub>>) outs(%collapse_shape_28 : memref<8192xi8, #hivm.address_space<ub>>) {tiled_op}
              } else {
                %collapse_shape = memref.collapse_shape %alloc_27 [[0, 1]] : memref<128x64xi8, #hivm.address_space<ub>> into memref<8192xi8, #hivm.address_space<ub>>
                %collapse_shape_28 = memref.collapse_shape %alloc_15 [[0, 1]] : memref<128x64xi8, #hivm.address_space<ub>> into memref<8192xi8, #hivm.address_space<ub>>
                hivm.hir.copy ins(%collapse_shape : memref<8192xi8, #hivm.address_space<ub>>) outs(%collapse_shape_28 : memref<8192xi8, #hivm.address_space<ub>>) {tiled_op}
              }
              %113 = arith.addi %arg40, %c1_i32 : i32
              %114 = arith.addi %arg37, %c1_i32 : i32
              scf.yield %113, %114 : i32, i32
            } else {
              scf.yield %arg40, %arg37 : i32, i32
            } {hivm.matmul_limited_in_cube, ssbuffer.if = 13 : i32}
            %81 = llvm.load volatile %21 : !llvm.ptr<11> -> i32
            %82 = arith.cmpi sgt, %81, %c0_i32 : i32
            %83 = llvm.load volatile %23 : !llvm.ptr<11> -> i32
            %84 = arith.cmpi slt, %83, %c1_i32 : i32
            %85 = arith.andi %82, %84 : i1
            %86 = arith.cmpi sgt, %80#0, %c0_i32 : i32
            %87 = arith.cmpi slt, %arg41, %c2_i32 : i32
            %88 = arith.cmpi slt, %arg42, %c2_i32 : i32
            %89 = arith.andi %86, %87 : i1
            %90 = arith.andi %89, %88 : i1
            %91 = arith.cmpi slt, %arg38, %51 : i32
            %92 = arith.andi %85, %90 : i1
            %93 = arith.andi %92, %91 : i1
            %94:5 = scf.if %93 -> (memref<128xf32, #hivm.address_space<ub>>, i32, i32, i32, i32) {
              %104 = arith.remsi %arg38, %c2_i32 : i32
              %105 = arith.cmpi eq, %104, %c0_i32 : i32
              %106 = arith.select %105, %alloc_14, %alloc_15 : memref<128x64xi8, #hivm.address_space<ub>>
              hivm.hir.sync_block_wait[<VECTOR>, <PIPE_FIX>, <PIPE_V>] flag = 2
              %alloc_25 = memref.alloc() {alignment = 64 : i64} : memref<128x64xf32, #hivm.address_space<ub>>
              func.call @paged_prefill_page_aggregation_kernel_mix_aiv_outlined_vf_0(%106, %alloc_12, %arg27, %alloc_25) {hivm.vector_function, no_inline} : (memref<128x64xi8, #hivm.address_space<ub>>, memref<128x64xf32, #hivm.address_space<ub>>, f32, memref<128x64xf32, #hivm.address_space<ub>>) -> ()
              %alloc_26 = memref.alloc() {alignment = 64 : i64} : memref<128xf32, #hivm.address_space<ub>>
              %alloc_27 = memref.alloc() {alignment = 64 : i64} : memref<128xf32, #hivm.address_space<ub>>
              %alloc_28 = memref.alloc() {alignment = 64 : i64} : memref<128x64xf32, #hivm.address_space<ub>>
              func.call @paged_prefill_page_aggregation_kernel_mix_aiv_outlined_vf_1(%alloc_25, %alloc_26, %arg36, %alloc_27, %alloc_28) {hivm.vector_function, no_inline} : (memref<128x64xf32, #hivm.address_space<ub>>, memref<128xf32, #hivm.address_space<ub>>, memref<128xf32, #hivm.address_space<ub>>, memref<128xf32, #hivm.address_space<ub>>, memref<128x64xf32, #hivm.address_space<ub>>) -> ()
              %alloc_29 = memref.alloc() {alignment = 64 : i64} : memref<128xf32, #hivm.address_space<ub>>
              %alloc_30 = memref.alloc() : memref<4x129x16x1xbf16, #hivm.address_space<ub>>
              %subview_31 = memref.subview %alloc_30[0, 0, 0, 0] [4, 128, 16, 1] [1, 1, 1, 1] : memref<4x129x16x1xbf16, #hivm.address_space<ub>> to memref<4x128x16xbf16, strided<[2064, 16, 1]>, #hivm.address_space<ub>>
              func.call @paged_prefill_page_aggregation_kernel_mix_aiv_outlined_merged_vf_0(%arg36, %alloc_27, %alloc_29, %alloc_28, %subview_31) {hivm.vector_function, no_inline, ptc_simdvf} : (memref<128xf32, #hivm.address_space<ub>>, memref<128xf32, #hivm.address_space<ub>>, memref<128xf32, #hivm.address_space<ub>>, memref<128x64xf32, #hivm.address_space<ub>>, memref<4x128x16xbf16, strided<[2064, 16, 1]>, #hivm.address_space<ub>>) -> ()
              %expand_shape = memref.expand_shape %subview_31 [[0], [1, 2], [3]] output_shape [4, 8, 16, 16] : memref<4x128x16xbf16, strided<[2064, 16, 1]>, #hivm.address_space<ub>> into memref<4x8x16x16xbf16, strided<[2064, 256, 16, 1]>, #hivm.address_space<ub>>
              hivm.hir.sync_block_wait[<VECTOR>, <PIPE_M>, <PIPE_MTE3>] flag = 1
              %collapse_shape = memref.collapse_shape %expand_shape [[0], [1, 2, 3]] : memref<4x8x16x16xbf16, strided<[2064, 256, 16, 1]>, #hivm.address_space<ub>> into memref<4x2048xbf16, strided<[2064, 1]>, #hivm.address_space<ub>>
              %collapse_shape_32 = memref.collapse_shape %subview_11 [[0], [1, 2, 3]] : memref<4x8x16x16xbf16, strided<[4096, 256, 16, 1], offset: ?>, #hivm.address_space<cbuf>> into memref<4x2048xbf16, strided<[4096, 1], offset: ?>, #hivm.address_space<cbuf>>
              hivm.hir.copy ins(%collapse_shape : memref<4x2048xbf16, strided<[2064, 1]>, #hivm.address_space<ub>>) outs(%collapse_shape_32 : memref<4x2048xbf16, strided<[4096, 1], offset: ?>, #hivm.address_space<cbuf>>) {tiled_op}
              hivm.hir.sync_block_set[<VECTOR>, <PIPE_MTE3>, <PIPE_MTE1>] flag = 1
              hivm.hir.sync_block_set[<VECTOR>, <PIPE_V>, <PIPE_FIX>] flag = 2
              scf.if %105 {
                %collapse_shape_33 = memref.collapse_shape %alloc_28 [[0, 1]] : memref<128x64xf32, #hivm.address_space<ub>> into memref<8192xf32, #hivm.address_space<ub>>
                %collapse_shape_34 = memref.collapse_shape %alloc_16 [[0, 1]] : memref<128x64xf32, #hivm.address_space<ub>> into memref<8192xf32, #hivm.address_space<ub>>
                hivm.hir.copy ins(%collapse_shape_33 : memref<8192xf32, #hivm.address_space<ub>>) outs(%collapse_shape_34 : memref<8192xf32, #hivm.address_space<ub>>) {tiled_op}
                hivm.hir.copy ins(%alloc_29 : memref<128xf32, #hivm.address_space<ub>>) outs(%alloc_18 : memref<128xf32, #hivm.address_space<ub>>) {tiled_op}
              } else {
                %collapse_shape_33 = memref.collapse_shape %alloc_28 [[0, 1]] : memref<128x64xf32, #hivm.address_space<ub>> into memref<8192xf32, #hivm.address_space<ub>>
                %collapse_shape_34 = memref.collapse_shape %alloc_17 [[0, 1]] : memref<128x64xf32, #hivm.address_space<ub>> into memref<8192xf32, #hivm.address_space<ub>>
                hivm.hir.copy ins(%collapse_shape_33 : memref<8192xf32, #hivm.address_space<ub>>) outs(%collapse_shape_34 : memref<8192xf32, #hivm.address_space<ub>>) {tiled_op}
                hivm.hir.copy ins(%alloc_29 : memref<128xf32, #hivm.address_space<ub>>) outs(%alloc_19 : memref<128xf32, #hivm.address_space<ub>>) {tiled_op}
              }
              %107 = llvm.load volatile %21 : !llvm.ptr<11> -> i32
              %108 = arith.subi %107, %c1_i32 : i32
              llvm.store volatile %108, %21 : i32, !llvm.ptr<11>
              %109 = llvm.load volatile %23 : !llvm.ptr<11> -> i32
              %110 = arith.addi %109, %c1_i32 : i32
              llvm.store volatile %110, %23 : i32, !llvm.ptr<11>
              %111 = arith.subi %80#0, %c1_i32 : i32
              %112 = arith.addi %arg42, %c1_i32 : i32
              %113 = arith.addi %arg41, %c1_i32 : i32
              %114 = arith.addi %arg38, %c1_i32 : i32
              scf.yield %alloc_27, %111, %112, %113, %114 : memref<128xf32, #hivm.address_space<ub>>, i32, i32, i32, i32
            } else {
              %alloc_25 = memref.alloc() {alignment = 64 : i64} : memref<128xf32, #hivm.address_space<ub>>
              hivm.hir.copy ins(%arg36 : memref<128xf32, #hivm.address_space<ub>>) outs(%alloc_25 : memref<128xf32, #hivm.address_space<ub>>)
              scf.yield %alloc_25, %80#0, %arg42, %arg41, %arg38 : memref<128xf32, #hivm.address_space<ub>>, i32, i32, i32, i32
            }
            %95 = llvm.load volatile %20 : !llvm.ptr<11> -> i32
            %96 = arith.cmpi sgt, %95, %c0_i32 : i32
            %97 = arith.cmpi sgt, %94#3, %c0_i32 : i32
            %98 = arith.cmpi sgt, %94#2, %c0_i32 : i32
            %99 = arith.andi %97, %98 : i1
            %100 = arith.cmpi slt, %arg39, %51 : i32
            %101 = arith.andi %96, %99 : i1
            %102 = arith.andi %101, %100 : i1
            %103:5 = scf.if %102 -> (memref<128xf32, #hivm.address_space<ub>>, memref<128x256xf32, #hivm.address_space<ub>>, i32, i32, i32) {
              %104 = arith.remsi %arg39, %c2_i32 : i32
              %105 = arith.cmpi eq, %104, %c0_i32 : i32
              %106 = arith.select %105, %alloc_18, %alloc_19 : memref<128xf32, #hivm.address_space<ub>>
              %107 = arith.select %105, %alloc_16, %alloc_17 : memref<128x64xf32, #hivm.address_space<ub>>
              hivm.hir.sync_block_wait[<VECTOR>, <PIPE_FIX>, <PIPE_V>] flag = 3
              %alloc_25 = memref.alloc() {alignment = 64 : i64} : memref<128xf32, #hivm.address_space<ub>>
              func.call @paged_prefill_page_aggregation_kernel_mix_aiv_outlined_vf_4(%106, %alloc_25) {hivm.vector_function, no_inline} : (memref<128xf32, #hivm.address_space<ub>>, memref<128xf32, #hivm.address_space<ub>>) -> ()
              %alloc_26 = memref.alloc() {alignment = 64 : i64} : memref<128xf32, #hivm.address_space<ub>>
              %alloc_27 = memref.alloc() {alignment = 64 : i64} : memref<128x256xf32, #hivm.address_space<ub>>
              %alloc_28 = memref.alloc() {alignment = 64 : i64} : memref<128xf32, #hivm.address_space<ub>>
              func.call @paged_prefill_page_aggregation_kernel_mix_aiv_outlined_vf_5(%107, %alloc_25, %alloc_13, %arg35, %alloc_26, %alloc_27, %arg34, %alloc_28) {hivm.vector_function, no_inline} : (memref<128x64xf32, #hivm.address_space<ub>>, memref<128xf32, #hivm.address_space<ub>>, memref<128x256xf32, #hivm.address_space<ub>>, memref<128x256xf32, #hivm.address_space<ub>>, memref<128xf32, #hivm.address_space<ub>>, memref<128x256xf32, #hivm.address_space<ub>>, memref<128xf32, #hivm.address_space<ub>>, memref<128xf32, #hivm.address_space<ub>>) -> ()
              hivm.hir.sync_block_set[<VECTOR>, <PIPE_V>, <PIPE_FIX>] flag = 3
              %108 = llvm.load volatile %20 : !llvm.ptr<11> -> i32
              %109 = arith.subi %108, %c1_i32 : i32
              llvm.store volatile %109, %20 : i32, !llvm.ptr<11>
              %110 = arith.subi %94#2, %c1_i32 : i32
              %111 = arith.subi %94#3, %c1_i32 : i32
              %112 = arith.addi %arg39, %c1_i32 : i32
              scf.yield %alloc_28, %alloc_27, %110, %111, %112 : memref<128xf32, #hivm.address_space<ub>>, memref<128x256xf32, #hivm.address_space<ub>>, i32, i32, i32
            } else {
              scf.yield %arg34, %arg35, %94#2, %94#3, %arg39 : memref<128xf32, #hivm.address_space<ub>>, memref<128x256xf32, #hivm.address_space<ub>>, i32, i32, i32
            }
            hivm.hir.sync_block_set[<VECTOR>, <PIPE_S>, <PIPE_S>] flag = 15
            %alloc_24 = memref.alloc() {alignment = 64 : i64} : memref<128xf32, #hivm.address_space<ub>>
            hivm.hir.copy ins(%94#0 : memref<128xf32, #hivm.address_space<ub>>) outs(%alloc_24 : memref<128xf32, #hivm.address_space<ub>>)
            scf.yield %103#0, %103#1, %alloc_24, %80#1, %94#4, %103#4, %94#1, %103#3, %103#2 : memref<128xf32, #hivm.address_space<ub>>, memref<128x256xf32, #hivm.address_space<ub>>, memref<128xf32, #hivm.address_space<ub>>, i32, i32, i32, i32, i32, i32
          }
          hivm.hir.sync_block_wait[<VECTOR>, <PIPE_M>, <PIPE_MTE3>] flag = 1
          %alloc_22 = memref.alloc() {alignment = 64 : i64} : memref<128x256xbf16, #hivm.address_space<ub>>
          func.call @paged_prefill_page_aggregation_kernel_mix_aiv_outlined_vf_9(%70#0, %70#1, %alloc_22) {hivm.vector_function, no_inline} : (memref<128xf32, #hivm.address_space<ub>>, memref<128x256xf32, #hivm.address_space<ub>>, memref<128x256xbf16, #hivm.address_space<ub>>) -> ()
          %71 = affine.apply #map12()[%24]
          %72 = arith.maxsi %63, %25 : index
          %73 = arith.minsi %62, %71 : index
          %74 = arith.maxsi %72, %73 : index
          %75 = affine.apply #map2()[%74, %72]
          %76 = affine.apply #map13()[%72, %24]
          %subview_23 = memref.subview %alloc_22[%76, 0] [%75, 256] [1, 1] : memref<128x256xbf16, #hivm.address_space<ub>> to memref<?x256xbf16, strided<[256, 1], offset: ?>, #hivm.address_space<ub>>
          hivm.hir.store ins(%subview_23 : memref<?x256xbf16, strided<[256, 1], offset: ?>, #hivm.address_space<ub>>) outs(%subview : memref<?x256xbf16, strided<[?, 1], offset: ?>, #hivm.address_space<gm>>) {tiled_op}
        }
      }
      hivm.hir.set_ctrl true at ctrl[60]
    } {autoblockify.subloop}
    return
  }
}


// -----// IR Dump After PlanMemory Failed (hivm-plan-memory) //----- //
#map = affine_map<()[s0] -> (s0 + 1)>
#map1 = affine_map<()[s0, s1] -> (s0 + s1)>
#map2 = affine_map<()[s0, s1] -> (s0 - s1)>
#map3 = affine_map<()[s0, s1] -> ((s0 - s1 + 15) floordiv 16)>
#map4 = affine_map<()[s0] -> (s0 floordiv 16)>
#map5 = affine_map<()[s0] -> (s0 mod 16)>
#map6 = affine_map<()[s0, s1, s2] -> (s0 + s1 + s2)>
#map7 = affine_map<(d0) -> (d0, 0)>
#map8 = affine_map<(d0) -> (0)>
#map9 = affine_map<()[s0] -> (s0 * 128)>
#map10 = affine_map<()[s0] -> (s0 * 8)>
#map11 = affine_map<()[s0, s1, s2] -> (-s0 + s1 - s2)>
#map12 = affine_map<()[s0] -> (s0 * 128 + 128)>
#map13 = affine_map<()[s0, s1] -> (s0 - s1 * 128)>
module attributes {dlti.target_system_spec = #dlti.target_system_spec<"NPU" : #hacc.target_device_spec<#dlti.dl_entry<"AI_CORE_COUNT", 28 : i32>, #dlti.dl_entry<"CUBE_CORE_COUNT", 28 : i32>, #dlti.dl_entry<"VECTOR_CORE_COUNT", 56 : i32>, #dlti.dl_entry<"UB_SIZE", 2031616 : i32>, #dlti.dl_entry<"L1_SIZE", 4194304 : i32>, #dlti.dl_entry<"L0A_SIZE", 524288 : i32>, #dlti.dl_entry<"L0B_SIZE", 524288 : i32>, #dlti.dl_entry<"L0C_SIZE", 2097152 : i32>, #dlti.dl_entry<"UB_ALIGN_SIZE", 256 : i32>, #dlti.dl_entry<"L1_ALIGN_SIZE", 256 : i32>, #dlti.dl_entry<"L0C_ALIGN_SIZE", 4096 : i32>, #dlti.dl_entry<"MINIMAL_D_CACHE_SIZE", 262144 : i32>, #dlti.dl_entry<"MAXIMUM_D_CACHE_SIZE", 983040 : i32>, #dlti.dl_entry<"ARCH", "dav-c310">>>, hacc.target = #hacc.target<"Ascend950PR_957b">, hivm.module_core_type = #hivm.module_core_type<MIX>} {
  func.func @paged_prefill_page_aggregation_kernel_mix_aiv_outlined_merged_vf_0(%arg0: memref<128xf32, #hivm.address_space<ub>>, %arg1: memref<128xf32, #hivm.address_space<ub>>, %arg2: memref<128xf32, #hivm.address_space<ub>>, %arg3: memref<128x64xf32, #hivm.address_space<ub>>, %arg4: memref<4x128x16xbf16, strided<[2064, 16, 1]>, #hivm.address_space<ub>>) attributes {hivm.func_core_type = #hivm.func_core_type<AIV>, hivm.vector_function} {
    %c1 = arith.constant 1 : index
    %cst = arith.constant 0.000000e+00 : f32
    %c64 = arith.constant 64 : index
    %c128 = arith.constant 128 : index
    %c0 = arith.constant 0 : index
    scf.for %arg5 = %c0 to %c128 step %c64 {
      %subview = memref.subview %arg0[%arg5] [64] [1] : memref<128xf32, #hivm.address_space<ub>> to memref<64xf32, strided<[1], offset: ?>, #hivm.address_space<ub>>
      %subview_0 = memref.subview %arg1[%arg5] [64] [1] : memref<128xf32, #hivm.address_space<ub>> to memref<64xf32, strided<[1], offset: ?>, #hivm.address_space<ub>>
      %subview_1 = memref.subview %arg2[%arg5] [64] [1] : memref<128xf32, #hivm.address_space<ub>> to memref<64xf32, strided<[1], offset: ?>, #hivm.address_space<ub>>
      %0 = vector.transfer_read %subview[%c0], %cst {in_bounds = [true]} : memref<64xf32, strided<[1], offset: ?>, #hivm.address_space<ub>>, vector<64xf32>
      %1 = vector.transfer_read %subview_0[%c0], %cst {in_bounds = [true]} : memref<64xf32, strided<[1], offset: ?>, #hivm.address_space<ub>>, vector<64xf32>
      %2 = arith.subf %0, %1 : vector<64xf32>
      vector.transfer_write %2, %subview_1[%c0] {in_bounds = [true]} : vector<64xf32>, memref<64xf32, strided<[1], offset: ?>, #hivm.address_space<ub>>
    }
    scf.for %arg5 = %c0 to %c128 step %c1 {
      %subview = memref.subview %arg3[%arg5, 0] [1, 64] [1, 1] : memref<128x64xf32, #hivm.address_space<ub>> to memref<1x64xf32, strided<[64, 1], offset: ?>, #hivm.address_space<ub>>
      %0 = vector.transfer_read %subview[%c0, %c0], %cst {in_bounds = [true, true]} : memref<1x64xf32, strided<[64, 1], offset: ?>, #hivm.address_space<ub>>, vector<1x64xf32>
      %1 = arith.truncf %0 {enable_saturate = false, round_mode = #hfusion.round_mode<rint>, unsigned_mode = #hfusion.unsigned_mode<si2si>} : vector<1x64xf32> to vector<1x64xbf16>
      %subview_0 = memref.subview %arg4[0, %arg5, 0] [4, 1, 16] [1, 1, 1] : memref<4x128x16xbf16, strided<[2064, 16, 1]>, #hivm.address_space<ub>> to memref<4x1x16xbf16, strided<[2064, 16, 1], offset: ?>, #hivm.address_space<ub>>
      %2 = vector.shape_cast %1 : vector<1x64xbf16> to vector<4x1x16xbf16>
      vector.transfer_write %2, %subview_0[%c0, %c0, %c0] {in_bounds = [true, true, true]} : vector<4x1x16xbf16>, memref<4x1x16xbf16, strided<[2064, 16, 1], offset: ?>, #hivm.address_space<ub>>
    }
    return
  }
  func.func @paged_prefill_page_aggregation_kernel_mix_aic(%arg0: memref<?xi8, #hivm.address_space<gm>> {hacc.arg_type = #hacc.arg_type<sync_block_lock>}, %arg1: memref<?xi8, #hivm.address_space<gm>> {hacc.arg_type = #hacc.arg_type<workspace>}, %arg2: memref<?xbf16, #hivm.address_space<gm>> {tt.divisibility = 16 : i32, tt.tensor_kind = 0 : i32}, %arg3: memref<?xbf16, #hivm.address_space<gm>> {tt.divisibility = 16 : i32, tt.tensor_kind = 0 : i32}, %arg4: memref<?xbf16, #hivm.address_space<gm>> {tt.divisibility = 16 : i32, tt.tensor_kind = 0 : i32}, %arg5: memref<?xbf16, #hivm.address_space<gm>> {tt.divisibility = 16 : i32, tt.tensor_kind = 1 : i32}, %arg6: memref<?xi8, #hivm.address_space<gm>> {tt.divisibility = 16 : i32, tt.tensor_kind = 0 : i32}, %arg7: memref<?xi32, #hivm.address_space<gm>> {tt.divisibility = 16 : i32, tt.tensor_kind = 0 : i32}, %arg8: memref<?xi32, #hivm.address_space<gm>> {tt.divisibility = 16 : i32, tt.tensor_kind = 0 : i32}, %arg9: memref<?xi32, #hivm.address_space<gm>> {tt.divisibility = 16 : i32, tt.tensor_kind = 0 : i32}, %arg10: memref<?xi32, #hivm.address_space<gm>> {tt.divisibility = 16 : i32, tt.tensor_kind = 0 : i32}, %arg11: memref<?xi32, #hivm.address_space<gm>> {tt.divisibility = 16 : i32, tt.tensor_kind = 0 : i32}, %arg12: memref<?xi32, #hivm.address_space<gm>> {tt.divisibility = 16 : i32, tt.tensor_kind = 0 : i32}, %arg13: memref<?xi32, #hivm.address_space<gm>> {tt.tensor_kind = 0 : i32}, %arg14: memref<?xf32, #hivm.address_space<gm>> {tt.divisibility = 16 : i32, tt.tensor_kind = 0 : i32}, %arg15: i32 {tt.divisibility = 16 : i32}, %arg16: i32 {tt.divisibility = 16 : i32}, %arg17: i32 {tt.divisibility = 16 : i32}, %arg18: i32 {tt.divisibility = 16 : i32}, %arg19: i32 {tt.divisibility = 16 : i32}, %arg20: i32 {tt.divisibility = 16 : i32}, %arg21: i32 {tt.divisibility = 16 : i32}, %arg22: i32 {tt.divisibility = 16 : i32}, %arg23: i32 {tt.divisibility = 16 : i32}, %arg24: i32 {tt.divisibility = 16 : i32}, %arg25: i32, %arg26: i32 {tt.divisibility = 16 : i32}, %arg27: f32, %arg28: i32, %arg29: i32, %arg30: i32) attributes {SyncBlockLockArgIdx = 0 : i64, WorkspaceArgIdx = 1 : i64, func_dyn_memref_args = dense<[true, true, true, true, true, true, true, true, true, true, true, true, true, true, true, false, false, false, false, false, false, false, false, false, false, false, false, false, false, false, false]> : vector<31xi1>, hacc.entry, hacc.function_kind = #hacc.function_kind<DEVICE>, hivm.func_core_type = #hivm.func_core_type<AIC>, hivm.part_of_mix, hivm.vf_mode = #hivm.vf_mode<SIMD>, mix_mode = "mix", parallel_mode = "simd"} {
    %0 = llvm.mlir.constant(1024 : i64) : i64
    %1 = llvm.mlir.constant(0 : i64) : i64
    %2 = llvm.mlir.constant(0 : i32) : i32
    %c0_i32 = arith.constant 0 : i32
    %cst = arith.constant 0.000000e+00 : bf16
    %c0 = arith.constant 0 : index
    %c63_i32 = arith.constant 63 : i32
    %c256_i32 = arith.constant 256 : i32
    %c256 = arith.constant 256 : index
    %c64_i32 = arith.constant 64 : i32
    %c64 = arith.constant 64 : index
    %c12_i32 = arith.constant 12 : i32
    %3 = llvm.mlir.constant(4 : i64) : i64
    %4 = llvm.mlir.constant(1028 : i64) : i64
    %5 = llvm.mlir.constant(8 : i64) : i64
    %6 = llvm.mlir.constant(1032 : i64) : i64
    %c3_i32 = arith.constant 3 : i32
    %c1_i32 = arith.constant 1 : i32
    %true = arith.constant true
    %c28_i32 = arith.constant 28 : i32
    %7 = arith.muli %arg28, %arg29 : i32
    %8 = arith.muli %7, %arg30 : i32
    annotation.mark %8 {logical_block_num} : i32
    %9 = hivm.hir.get_block_idx -> i64
    %10 = arith.trunci %9 : i64 to i32
    %11 = llvm.inttoptr %1 : i64 to !llvm.ptr<11>
    %12 = llvm.inttoptr %0 : i64 to !llvm.ptr<11>
    %13 = llvm.inttoptr %3 : i64 to !llvm.ptr<11>
    %14 = llvm.inttoptr %4 : i64 to !llvm.ptr<11>
    %15 = llvm.inttoptr %5 : i64 to !llvm.ptr<11>
    %16 = llvm.inttoptr %6 : i64 to !llvm.ptr<11>
    scf.for %arg31 = %10 to %8 step %c28_i32  : i32 {
      hivm.hir.set_ctrl false at ctrl[60]
      hivm.hir.set_ctrl true at ctrl[48]
      %17 = arith.remsi %arg31, %arg28 : i32
      llvm.store volatile %2, %11 : i32, !llvm.ptr<11>
      llvm.store volatile %2, %12 : i32, !llvm.ptr<11>
      llvm.store volatile %2, %13 : i32, !llvm.ptr<11>
      llvm.store volatile %2, %14 : i32, !llvm.ptr<11>
      llvm.store volatile %2, %15 : i32, !llvm.ptr<11>
      llvm.store volatile %2, %16 : i32, !llvm.ptr<11>
      %18 = arith.index_cast %17 : i32 to index
      %reinterpret_cast = memref.reinterpret_cast %arg10 to offset: [%18], sizes: [1], strides: [1] : memref<?xi32, #hivm.address_space<gm>> to memref<1xi32, strided<[1], offset: ?>, #hivm.address_space<gm>>
      %19 = memref.load %reinterpret_cast[%c0] : memref<1xi32, strided<[1], offset: ?>, #hivm.address_space<gm>>
      %20 = affine.apply #map()[%18]
      %reinterpret_cast_0 = memref.reinterpret_cast %arg10 to offset: [%20], sizes: [1], strides: [1] : memref<?xi32, #hivm.address_space<gm>> to memref<1xi32, strided<[1], offset: ?>, #hivm.address_space<gm>>
      %21 = memref.load %reinterpret_cast_0[%c0] : memref<1xi32, strided<[1], offset: ?>, #hivm.address_space<gm>>
      scf.for %arg32 = %19 to %21 step %c1_i32  : i32 {
        %22 = arith.index_cast %arg32 : i32 to index
        %reinterpret_cast_1 = memref.reinterpret_cast %arg7 to offset: [%22], sizes: [1], strides: [1] : memref<?xi32, #hivm.address_space<gm>> to memref<1xi32, strided<[1], offset: ?>, #hivm.address_space<gm>>
        %23 = memref.load %reinterpret_cast_1[%c0] : memref<1xi32, strided<[1], offset: ?>, #hivm.address_space<gm>>
        %24 = arith.index_cast %23 : i32 to index
        %reinterpret_cast_2 = memref.reinterpret_cast %arg11 to offset: [%24], sizes: [1], strides: [1] : memref<?xi32, #hivm.address_space<gm>> to memref<1xi32, strided<[1], offset: ?>, #hivm.address_space<gm>>
        %25 = memref.load %reinterpret_cast_2[%c0] : memref<1xi32, strided<[1], offset: ?>, #hivm.address_space<gm>>
        %26 = affine.apply #map()[%24]
        %reinterpret_cast_3 = memref.reinterpret_cast %arg11 to offset: [%26], sizes: [1], strides: [1] : memref<?xi32, #hivm.address_space<gm>> to memref<1xi32, strided<[1], offset: ?>, #hivm.address_space<gm>>
        %27 = memref.load %reinterpret_cast_3[%c0] : memref<1xi32, strided<[1], offset: ?>, #hivm.address_space<gm>>
        %28 = arith.subi %27, %25 : i32
        %29 = arith.cmpi sgt, %28, %c0_i32 : i32
        %reinterpret_cast_4 = memref.reinterpret_cast %arg8 to offset: [%22], sizes: [1], strides: [1] : memref<?xi32, #hivm.address_space<gm>> to memref<1xi32, strided<[1], offset: ?>, #hivm.address_space<gm>>
        %30 = memref.load %reinterpret_cast_4[%c0] : memref<1xi32, strided<[1], offset: ?>, #hivm.address_space<gm>>
        %reinterpret_cast_5 = memref.reinterpret_cast %arg9 to offset: [%22], sizes: [1], strides: [1] : memref<?xi32, #hivm.address_space<gm>> to memref<1xi32, strided<[1], offset: ?>, #hivm.address_space<gm>>
        %31 = memref.load %reinterpret_cast_5[%c0] : memref<1xi32, strided<[1], offset: ?>, #hivm.address_space<gm>>
        scf.if %29 {
          %reinterpret_cast_6 = memref.reinterpret_cast %arg12 to offset: [%24], sizes: [1], strides: [1] : memref<?xi32, #hivm.address_space<gm>> to memref<1xi32, strided<[1], offset: ?>, #hivm.address_space<gm>>
          %32 = memref.load %reinterpret_cast_6[%c0] : memref<1xi32, strided<[1], offset: ?>, #hivm.address_space<gm>>
          %33 = arith.subi %32, %28 : i32
          %34 = arith.muli %30, %c256_i32 : i32
          %35 = arith.addi %34, %c256_i32 : i32
          %36 = arith.minsi %35, %28 : i32
          %37 = arith.addi %33, %36 : i32
          %38 = arith.addi %37, %c63_i32 : i32
          %39 = arith.divsi %38, %c64_i32 : i32
          %40 = arith.divsi %31, %c12_i32 : i32
          %41 = arith.subi %36, %34 : i32
          %42 = arith.addi %25, %34 : i32
          %43 = arith.muli %42, %arg15 : i32
          %44 = arith.muli %31, %arg16 : i32
          %45 = arith.index_cast %43 : i32 to index
          %46 = arith.index_cast %44 : i32 to index
          %47 = affine.apply #map1()[%45, %46]
          %48 = arith.index_cast %arg15 : i32 to index
          %49 = arith.index_cast %41 : i32 to index
          %reinterpret_cast_7 = memref.reinterpret_cast %arg2 to offset: [%47], sizes: [256, 256], strides: [%48, 1] : memref<?xbf16, #hivm.address_space<gm>> to memref<256x256xbf16, strided<[?, 1], offset: ?>, #hivm.address_space<gm>>
          %50 = arith.maxsi %49, %c0 : index
          %51 = arith.minsi %50, %c256 : index
          %52 = arith.minsi %51, %c0 : index
          %53 = affine.apply #map2()[%51, %52]
          %54 = arith.cmpi slt, %53, %c256 : index
          %subview = memref.subview %reinterpret_cast_7[0, 0] [%53, 256] [1, 1] : memref<256x256xbf16, strided<[?, 1], offset: ?>, #hivm.address_space<gm>> to memref<?x256xbf16, strided<[?, 1], offset: ?>, #hivm.address_space<gm>>
          %55 = arith.subi %arg25, %c1_i32 : i32
          %56 = arith.muli %23, %arg25 : i32
          %57 = arith.muli %40, %arg18 : i32
          %58 = arith.muli %40, %arg21 : i32
          %alloc = memref.alloc() : memref<16x16x16x16xbf16, #hivm.address_space<cbuf>>
          annotation.mark %alloc {hivm.multi_buffer = 2 : i32} : memref<16x16x16x16xbf16, #hivm.address_space<cbuf>>
          %cast = memref.cast %alloc : memref<16x16x16x16xbf16, #hivm.address_space<cbuf>> to memref<?x?x?x?xbf16, #hivm.address_space<cbuf>>
          %59 = affine.apply #map3()[%51, %52]
          %60 = affine.apply #map4()[%52]
          %61 = affine.apply #map5()[%52]
          %subview_8 = memref.subview %alloc[0, %60, %61, 0] [16, %59, 16, 16] [1, 1, 1, 1] : memref<16x16x16x16xbf16, #hivm.address_space<cbuf>> to memref<16x?x16x16xbf16, strided<[4096, 256, 16, 1], offset: ?>, #hivm.address_space<cbuf>>
          %cast_9 = memref.cast %subview_8 : memref<16x?x16x16xbf16, strided<[4096, 256, 16, 1], offset: ?>, #hivm.address_space<cbuf>> to memref<?x?x?x?xbf16, strided<[?, ?, ?, 1], offset: ?>, #hivm.address_space<cbuf>>
          scf.if %54 {
            %collapse_shape = memref.collapse_shape %alloc [[0, 1, 2, 3]] : memref<16x16x16x16xbf16, #hivm.address_space<cbuf>> into memref<65536xbf16, #hivm.address_space<cbuf>>
            hivm.hir.vbrc ins(%cst : bf16) outs(%collapse_shape : memref<65536xbf16, #hivm.address_space<cbuf>>)
          } {hivm.unlikely_condition}
          hivm.hir.nd2nz {dst_continuous} ins(%subview : memref<?x256xbf16, strided<[?, 1], offset: ?>, #hivm.address_space<gm>>) outs(%cast_9 : memref<?x?x?x?xbf16, strided<[?, ?, ?, 1], offset: ?>, #hivm.address_space<cbuf>>)
          %alloc_10 = memref.alloc() : memref<4x16x16x16xbf16, #hivm.address_space<cbuf>>
          annotation.mark %alloc_10 {effects = ["write", "read"], hivm.tightly_coupled_buffer = #hivm.tightly_coupled_buffer<0>, hivm.tiling_dim = -1 : index} : memref<4x16x16x16xbf16, #hivm.address_space<cbuf>>
          hivm.hir.sync_block_set[<CUBE>, <PIPE_M>, <PIPE_MTE3>] flag = 1
          %alloc_11 = memref.alloc() : memref<128x64xf32, #hivm.address_space<ub>>
          annotation.mark %alloc_11 {effects = ["write", "read"], hivm.tightly_coupled_buffer = #hivm.tightly_coupled_buffer<1>, hivm.tiling_dim = 0 : index} : memref<128x64xf32, #hivm.address_space<ub>>
          %alloc_12 = memref.alloc() : memref<128x256xf32, #hivm.address_space<ub>>
          annotation.mark %alloc_12 {effects = ["write", "read"], hivm.tightly_coupled_buffer = #hivm.tightly_coupled_buffer<2>, hivm.tiling_dim = 0 : index} : memref<128x256xf32, #hivm.address_space<ub>>
          %62 = arith.addi %39, %c3_i32 : i32
          %63:3 = scf.for %arg33 = %c0_i32 to %62 step %c1_i32 iter_args(%arg34 = %c0_i32, %arg35 = %c0_i32, %arg36 = %c0_i32) -> (i32, i32, i32)  : i32 {
            hivm.hir.sync_block_wait[<CUBE>, <PIPE_S>, <PIPE_S>] flag = 15
            %64 = arith.cmpi slt, %arg34, %39 : i32
            %65 = scf.if %64 -> (i32) {
              %88 = arith.addi %arg34, %c1_i32 : i32
              scf.yield %88 : i32
            } else {
              scf.yield %arg34 : i32
            } {hivm.matmul_limited_in_cube, ssbuffer.if = 8 : i32}
            %66 = llvm.load volatile %11 : !llvm.ptr<11> -> i32
            %67 = llvm.load volatile %12 : !llvm.ptr<11> -> i32
            %68 = arith.cmpi slt, %66, %c1_i32 : i32
            %69 = arith.cmpi slt, %67, %c1_i32 : i32
            %70 = arith.andi %68, %69 : i1
            %71 = arith.cmpi slt, %arg35, %39 : i32
            %72 = arith.andi %70, %71 : i1
            %73 = scf.if %72 -> (i32) {
              %88 = arith.muli %arg35, %c64_i32 : i32
              %89 = arith.addi %88, %c64_i32 : i32
              %90 = arith.minsi %89, %32 : i32
              %91 = arith.subi %90, %88 : i32
              %92 = arith.maxsi %91, %c0_i32 : i32
              %93 = arith.index_cast %arg19 : i32 to index
              %94 = arith.index_cast %92 : i32 to index
              %95 = arith.maxsi %94, %c0 : index
              %96 = arith.minsi %95, %c64 : index
              %97 = arith.minsi %96, %c0 : index
              %98 = affine.apply #map2()[%96, %97]
              %99 = arith.cmpi slt, %98, %c64 : index
              %alloc_13 = memref.alloc() : memref<16x4x16x16xbf16, #hivm.address_space<cbuf>>
              annotation.mark %alloc_13 {hivm.multi_buffer = 2 : i32} : memref<16x4x16x16xbf16, #hivm.address_space<cbuf>>
              %cast_14 = memref.cast %alloc_13 : memref<16x4x16x16xbf16, #hivm.address_space<cbuf>> to memref<?x?x?x?xbf16, #hivm.address_space<cbuf>>
              %100 = arith.divsi %88, %c64_i32 : i32
              %101 = arith.minsi %100, %55 : i32
              %102 = arith.remsi %88, %c64_i32 : i32
              %103 = arith.index_cast %56 : i32 to index
              %104 = arith.index_cast %101 : i32 to index
              %105 = affine.apply #map1()[%103, %104]
              %reinterpret_cast_15 = memref.reinterpret_cast %arg13 to offset: [%105], sizes: [1], strides: [1] : memref<?xi32, #hivm.address_space<gm>> to memref<1xi32, strided<[1], offset: ?>, #hivm.address_space<gm>>
              %106 = memref.load %reinterpret_cast_15[%c0] : memref<1xi32, strided<[1], offset: ?>, #hivm.address_space<gm>>
              %107 = arith.muli %106, %arg17 : i32
              %108 = arith.index_cast %107 : i32 to index
              %109 = arith.index_cast %57 : i32 to index
              %110 = arith.muli %102, %arg19 : i32
              %111 = arith.index_cast %110 : i32 to index
              %112 = affine.apply #map6()[%111, %108, %109]
              %reinterpret_cast_16 = memref.reinterpret_cast %arg3 to offset: [%112], sizes: [64, 256], strides: [%93, 1] : memref<?xbf16, #hivm.address_space<gm>> to memref<64x256xbf16, strided<[?, 1], offset: ?>, #hivm.address_space<gm>>
              %subview_17 = memref.subview %reinterpret_cast_16[0, 0] [%98, 256] [1, 1] : memref<64x256xbf16, strided<[?, 1], offset: ?>, #hivm.address_space<gm>> to memref<?x256xbf16, strided<[?, 1], offset: ?>, #hivm.address_space<gm>>
              %113 = affine.apply #map3()[%96, %97]
              %114 = affine.apply #map4()[%97]
              %115 = affine.apply #map5()[%97]
              %subview_18 = memref.subview %alloc_13[0, %114, %115, 0] [16, %113, 16, 16] [1, 1, 1, 1] : memref<16x4x16x16xbf16, #hivm.address_space<cbuf>> to memref<16x?x16x16xbf16, strided<[1024, 256, 16, 1], offset: ?>, #hivm.address_space<cbuf>>
              %cast_19 = memref.cast %subview_18 : memref<16x?x16x16xbf16, strided<[1024, 256, 16, 1], offset: ?>, #hivm.address_space<cbuf>> to memref<?x?x?x?xbf16, strided<[?, ?, ?, 1], offset: ?>, #hivm.address_space<cbuf>>
              scf.if %99 {
                %collapse_shape = memref.collapse_shape %alloc_13 [[0, 1, 2, 3]] : memref<16x4x16x16xbf16, #hivm.address_space<cbuf>> into memref<16384xbf16, #hivm.address_space<cbuf>>
                hivm.hir.vbrc ins(%cst : bf16) outs(%collapse_shape : memref<16384xbf16, #hivm.address_space<cbuf>>)
              } {hivm.unlikely_condition}
              hivm.hir.nd2nz {dst_continuous} ins(%subview_17 : memref<?x256xbf16, strided<[?, 1], offset: ?>, #hivm.address_space<gm>>) outs(%cast_19 : memref<?x?x?x?xbf16, strided<[?, ?, ?, 1], offset: ?>, #hivm.address_space<cbuf>>)
              %alloc_20 = memref.alloc() {alignment = 64 : i64} : memref<4x16x16x16xf32, #hivm.address_space<cc>>
              annotation.mark %alloc_20 {hivm.multi_buffer = 2 : i32} : memref<4x16x16x16xf32, #hivm.address_space<cc>>
              %cast_21 = memref.cast %alloc_20 : memref<4x16x16x16xf32, #hivm.address_space<cc>> to memref<?x?x?x?xf32, #hivm.address_space<cc>>
              hivm.hir.mmadL1 {already_set_real_mkn, b_transpose, normalized_in_L0C} ins(%cast, %cast_14, %true, %c256, %c256, %c64 : memref<?x?x?x?xbf16, #hivm.address_space<cbuf>>, memref<?x?x?x?xbf16, #hivm.address_space<cbuf>>, i1, index, index, index) outs(%cast_21 : memref<?x?x?x?xf32, #hivm.address_space<cc>>)
              hivm.hir.sync_block_wait[<CUBE>, <PIPE_V>, <PIPE_FIX>] flag = 2
              hivm.hir.fixpipe {dma_mode = #hivm.dma_mode<nz2nd>} ins(%alloc_20 : memref<4x16x16x16xf32, #hivm.address_space<cc>>) outs(%alloc_11 : memref<128x64xf32, #hivm.address_space<ub>>) dual_dst_mode = <ROW_SPLIT>
              hivm.hir.sync_block_set[<CUBE>, <PIPE_FIX>, <PIPE_V>] flag = 2
              %116 = llvm.load volatile %11 : !llvm.ptr<11> -> i32
              %117 = llvm.load volatile %12 : !llvm.ptr<11> -> i32
              %118 = arith.addi %116, %c1_i32 : i32
              %119 = arith.addi %117, %c1_i32 : i32
              llvm.store volatile %118, %11 : i32, !llvm.ptr<11>
              llvm.store volatile %119, %12 : i32, !llvm.ptr<11>
              %120 = arith.addi %arg35, %c1_i32 : i32
              scf.yield %120 : i32
            } else {
              scf.yield %arg35 : i32
            } {hivm.matmul_limited_in_cube, ssbuffer.if = 5 : i32}
            %74 = llvm.load volatile %15 : !llvm.ptr<11> -> i32
            %75 = llvm.load volatile %16 : !llvm.ptr<11> -> i32
            %76 = arith.cmpi sgt, %74, %c0_i32 : i32
            %77 = arith.cmpi sgt, %75, %c0_i32 : i32
            %78 = arith.andi %76, %77 : i1
            %79 = llvm.load volatile %13 : !llvm.ptr<11> -> i32
            %80 = llvm.load volatile %14 : !llvm.ptr<11> -> i32
            %81 = arith.cmpi slt, %79, %c1_i32 : i32
            %82 = arith.cmpi slt, %80, %c1_i32 : i32
            %83 = arith.andi %81, %82 : i1
            %84 = arith.andi %78, %83 : i1
            %85 = arith.cmpi slt, %arg36, %39 : i32
            %86 = arith.andi %84, %85 : i1
            %87 = scf.if %86 -> (i32) {
              %88 = arith.muli %arg36, %c64_i32 : i32
              %89 = arith.addi %88, %c64_i32 : i32
              %90 = arith.minsi %89, %32 : i32
              %91 = arith.subi %90, %88 : i32
              %92 = arith.maxsi %91, %c0_i32 : i32
              %93 = arith.index_cast %92 : i32 to index
              %94 = arith.index_cast %arg22 : i32 to index
              %95 = arith.maxsi %93, %c0 : index
              %96 = arith.minsi %95, %c64 : index
              %97 = arith.minsi %96, %c0 : index
              %98 = affine.apply #map2()[%96, %97]
              %99 = arith.cmpi slt, %98, %c64 : index
              %100 = arith.divsi %88, %c64_i32 : i32
              %101 = arith.minsi %100, %55 : i32
              %102 = arith.remsi %88, %c64_i32 : i32
              %103 = arith.index_cast %56 : i32 to index
              %104 = arith.index_cast %101 : i32 to index
              %105 = affine.apply #map1()[%103, %104]
              %reinterpret_cast_13 = memref.reinterpret_cast %arg13 to offset: [%105], sizes: [1], strides: [1] : memref<?xi32, #hivm.address_space<gm>> to memref<1xi32, strided<[1], offset: ?>, #hivm.address_space<gm>>
              %106 = memref.load %reinterpret_cast_13[%c0] : memref<1xi32, strided<[1], offset: ?>, #hivm.address_space<gm>>
              %alloc_14 = memref.alloc() : memref<16x4x16x16xbf16, #hivm.address_space<cbuf>>
              annotation.mark %alloc_14 {hivm.multi_buffer = 2 : i32} : memref<16x4x16x16xbf16, #hivm.address_space<cbuf>>
              %cast_15 = memref.cast %alloc_14 : memref<16x4x16x16xbf16, #hivm.address_space<cbuf>> to memref<?x?x?x?xbf16, #hivm.address_space<cbuf>>
              %107 = arith.muli %106, %arg20 : i32
              %108 = arith.index_cast %107 : i32 to index
              %109 = arith.index_cast %58 : i32 to index
              %110 = arith.muli %102, %arg22 : i32
              %111 = arith.index_cast %110 : i32 to index
              %112 = affine.apply #map6()[%111, %108, %109]
              %reinterpret_cast_16 = memref.reinterpret_cast %arg4 to offset: [%112], sizes: [64, 256], strides: [%94, 1] : memref<?xbf16, #hivm.address_space<gm>> to memref<64x256xbf16, strided<[?, 1], offset: ?>, #hivm.address_space<gm>>
              %subview_17 = memref.subview %reinterpret_cast_16[0, 0] [%98, 256] [1, 1] : memref<64x256xbf16, strided<[?, 1], offset: ?>, #hivm.address_space<gm>> to memref<?x256xbf16, strided<[?, 1], offset: ?>, #hivm.address_space<gm>>
              %113 = affine.apply #map3()[%96, %97]
              %114 = affine.apply #map4()[%97]
              %115 = affine.apply #map5()[%97]
              %subview_18 = memref.subview %alloc_14[0, %114, %115, 0] [16, %113, 16, 16] [1, 1, 1, 1] : memref<16x4x16x16xbf16, #hivm.address_space<cbuf>> to memref<16x?x16x16xbf16, strided<[1024, 256, 16, 1], offset: ?>, #hivm.address_space<cbuf>>
              %cast_19 = memref.cast %subview_18 : memref<16x?x16x16xbf16, strided<[1024, 256, 16, 1], offset: ?>, #hivm.address_space<cbuf>> to memref<?x?x?x?xbf16, strided<[?, ?, ?, 1], offset: ?>, #hivm.address_space<cbuf>>
              scf.if %99 {
                %collapse_shape = memref.collapse_shape %alloc_14 [[0, 1, 2, 3]] : memref<16x4x16x16xbf16, #hivm.address_space<cbuf>> into memref<16384xbf16, #hivm.address_space<cbuf>>
                hivm.hir.vbrc ins(%cst : bf16) outs(%collapse_shape : memref<16384xbf16, #hivm.address_space<cbuf>>)
              } {hivm.unlikely_condition}
              hivm.hir.nd2nz {dst_continuous} ins(%subview_17 : memref<?x256xbf16, strided<[?, 1], offset: ?>, #hivm.address_space<gm>>) outs(%cast_19 : memref<?x?x?x?xbf16, strided<[?, ?, ?, 1], offset: ?>, #hivm.address_space<cbuf>>)
              hivm.hir.sync_block_wait[<CUBE>, <PIPE_MTE3>, <PIPE_MTE1>] flag = 1
              %alloc_20 = memref.alloc() {alignment = 64 : i64} : memref<16x16x16x16xf32, #hivm.address_space<cc>>
              annotation.mark %alloc_20 {hivm.multi_buffer = 2 : i32} : memref<16x16x16x16xf32, #hivm.address_space<cc>>
              %cast_21 = memref.cast %alloc_20 : memref<16x16x16x16xf32, #hivm.address_space<cc>> to memref<?x?x?x?xf32, #hivm.address_space<cc>>
              hivm.hir.mmadL1 {already_set_real_mkn, normalized_in_L0C} ins(%alloc_10, %cast_15, %true, %c256, %c64, %c256 : memref<4x16x16x16xbf16, #hivm.address_space<cbuf>>, memref<?x?x?x?xbf16, #hivm.address_space<cbuf>>, i1, index, index, index) outs(%cast_21 : memref<?x?x?x?xf32, #hivm.address_space<cc>>)
              hivm.hir.sync_block_set[<CUBE>, <PIPE_M>, <PIPE_MTE3>] flag = 1
              hivm.hir.sync_block_wait[<CUBE>, <PIPE_V>, <PIPE_FIX>] flag = 3
              hivm.hir.fixpipe {dma_mode = #hivm.dma_mode<nz2nd>} ins(%alloc_20 : memref<16x16x16x16xf32, #hivm.address_space<cc>>) outs(%alloc_12 : memref<128x256xf32, #hivm.address_space<ub>>) dual_dst_mode = <ROW_SPLIT>
              hivm.hir.sync_block_set[<CUBE>, <PIPE_FIX>, <PIPE_V>] flag = 3
              %116 = llvm.load volatile %15 : !llvm.ptr<11> -> i32
              %117 = llvm.load volatile %16 : !llvm.ptr<11> -> i32
              %118 = arith.subi %116, %c1_i32 : i32
              %119 = arith.subi %117, %c1_i32 : i32
              llvm.store volatile %118, %15 : i32, !llvm.ptr<11>
              llvm.store volatile %119, %16 : i32, !llvm.ptr<11>
              %120 = llvm.load volatile %13 : !llvm.ptr<11> -> i32
              %121 = llvm.load volatile %14 : !llvm.ptr<11> -> i32
              %122 = arith.addi %120, %c1_i32 : i32
              %123 = arith.addi %121, %c1_i32 : i32
              llvm.store volatile %122, %13 : i32, !llvm.ptr<11>
              llvm.store volatile %123, %14 : i32, !llvm.ptr<11>
              %124 = arith.addi %arg36, %c1_i32 : i32
              scf.yield %124 : i32
            } else {
              scf.yield %arg36 : i32
            } {hivm.matmul_limited_in_cube, ssbuffer.if = 7 : i32}
            hivm.hir.sync_block_set[<CUBE>, <PIPE_S>, <PIPE_S>] flag = 15
            scf.yield %65, %73, %87 : i32, i32, i32
          } {fixpipe_for_mmad_result_already_inserted = true}
          hivm.hir.sync_block_wait[<CUBE>, <PIPE_S>, <PIPE_S>] flag = 15
          hivm.hir.sync_block_wait[<CUBE>, <PIPE_V>, <PIPE_FIX>] flag = 3
          hivm.hir.sync_block_wait[<CUBE>, <PIPE_V>, <PIPE_FIX>] flag = 2
        }
      }
      hivm.hir.set_ctrl true at ctrl[60]
    } {autoblockify.subloop}
    return
  }
  func.func @paged_prefill_page_aggregation_kernel_mix_aiv_outlined_vf_0(%arg0: memref<128x64xi8, #hivm.address_space<ub>>, %arg1: memref<128x64xf32, #hivm.address_space<ub>>, %arg2: f32, %arg3: memref<128x64xf32, #hivm.address_space<ub>>) attributes {hivm.func_core_type = #hivm.func_core_type<AIV>, hivm.vector_function, no_inline} {
    %cst = arith.constant dense<0xFF800000> : vector<1x64xf32>
    %cst_0 = arith.constant dense<0> : vector<1x64xi8>
    %cst_1 = arith.constant 0.000000e+00 : f32
    %c0_i8 = arith.constant 0 : i8
    %c1 = arith.constant 1 : index
    %c128 = arith.constant 128 : index
    %c0 = arith.constant 0 : index
    scf.for %arg4 = %c0 to %c128 step %c1 {
      %subview = memref.subview %arg0[%arg4, 0] [1, 64] [1, 1] : memref<128x64xi8, #hivm.address_space<ub>> to memref<1x64xi8, strided<[64, 1], offset: ?>, #hivm.address_space<ub>>
      %subview_2 = memref.subview %arg1[%arg4, 0] [1, 64] [1, 1] : memref<128x64xf32, #hivm.address_space<ub>> to memref<1x64xf32, strided<[64, 1], offset: ?>, #hivm.address_space<ub>>
      %subview_3 = memref.subview %arg3[%arg4, 0] [1, 64] [1, 1] : memref<128x64xf32, #hivm.address_space<ub>> to memref<1x64xf32, strided<[64, 1], offset: ?>, #hivm.address_space<ub>>
      %0 = vector.transfer_read %subview[%c0, %c0], %c0_i8 {in_bounds = [true, true]} : memref<1x64xi8, strided<[64, 1], offset: ?>, #hivm.address_space<ub>>, vector<1x64xi8>
      %1 = vector.transfer_read %subview_2[%c0, %c0], %cst_1 {in_bounds = [true, true]} : memref<1x64xf32, strided<[64, 1], offset: ?>, #hivm.address_space<ub>>, vector<1x64xf32>
      %2 = vector.broadcast %arg2 : f32 to vector<1x64xf32>
      %3 = arith.mulf %1, %2 : vector<1x64xf32>
      %4 = arith.cmpi ne, %0, %cst_0 : vector<1x64xi8>
      %5 = arith.select %4, %3, %cst : vector<1x64xi1>, vector<1x64xf32>
      vector.transfer_write %5, %subview_3[%c0, %c0] {in_bounds = [true, true]} : vector<1x64xf32>, memref<1x64xf32, strided<[64, 1], offset: ?>, #hivm.address_space<ub>>
    }
    return
  }
  func.func @paged_prefill_page_aggregation_kernel_mix_aiv_outlined_vf_1(%arg0: memref<128x64xf32, #hivm.address_space<ub>>, %arg1: memref<128xf32, #hivm.address_space<ub>>, %arg2: memref<128xf32, #hivm.address_space<ub>>, %arg3: memref<128xf32, #hivm.address_space<ub>>, %arg4: memref<128x64xf32, #hivm.address_space<ub>>) attributes {hivm.func_core_type = #hivm.func_core_type<AIV>, hivm.vector_function, no_inline} {
    %cst = arith.constant 0.000000e+00 : f32
    %c1 = arith.constant 1 : index
    %c128 = arith.constant 128 : index
    %c64 = arith.constant 64 : index
    %c0 = arith.constant 0 : index
    scf.for %arg5 = %c0 to %c128 step %c1 {
      %subview = memref.subview %arg1[%arg5] [1] [1] : memref<128xf32, #hivm.address_space<ub>> to memref<1xf32, strided<[1], offset: ?>, #hivm.address_space<ub>>
      %subview_0 = memref.subview %arg0[%arg5, 0] [1, 64] [1, 1] : memref<128x64xf32, #hivm.address_space<ub>> to memref<1x64xf32, strided<[64, 1], offset: ?>, #hivm.address_space<ub>>
      %0 = vector.transfer_read %subview_0[%c0, %c0], %cst {in_bounds = [true, true]} : memref<1x64xf32, strided<[64, 1], offset: ?>, #hivm.address_space<ub>>, vector<1x64xf32>
      %1 = vector.transfer_read %subview[%c0], %cst {in_bounds = [true]} : memref<1xf32, strided<[1], offset: ?>, #hivm.address_space<ub>>, vector<1xf32>
      %2 = vector.multi_reduction <maximumf>, %0, %1 {withoutInitMergeOp} [1] : vector<1x64xf32> to vector<1xf32>
      vector.transfer_write %2, %subview[%c0] {in_bounds = [true]} : vector<1xf32>, memref<1xf32, strided<[1], offset: ?>, #hivm.address_space<ub>>
    }
    scf.for %arg5 = %c0 to %c128 step %c64 {
      %subview = memref.subview %arg2[%arg5] [64] [1] : memref<128xf32, #hivm.address_space<ub>> to memref<64xf32, strided<[1], offset: ?>, #hivm.address_space<ub>>
      %subview_0 = memref.subview %arg1[%arg5] [64] [1] : memref<128xf32, #hivm.address_space<ub>> to memref<64xf32, strided<[1], offset: ?>, #hivm.address_space<ub>>
      %subview_1 = memref.subview %arg3[%arg5] [64] [1] : memref<128xf32, #hivm.address_space<ub>> to memref<64xf32, strided<[1], offset: ?>, #hivm.address_space<ub>>
      %0 = vector.transfer_read %subview[%c0], %cst {in_bounds = [true]} : memref<64xf32, strided<[1], offset: ?>, #hivm.address_space<ub>>, vector<64xf32>
      %1 = vector.transfer_read %subview_0[%c0], %cst {in_bounds = [true]} : memref<64xf32, strided<[1], offset: ?>, #hivm.address_space<ub>>, vector<64xf32>
      %2 = arith.maximumf %0, %1 : vector<64xf32>
      vector.transfer_write %2, %subview_1[%c0] {in_bounds = [true]} : vector<64xf32>, memref<64xf32, strided<[1], offset: ?>, #hivm.address_space<ub>>
    }
    scf.for %arg5 = %c0 to %c128 step %c1 {
      %subview = memref.subview %arg3[%arg5] [1] [1] : memref<128xf32, #hivm.address_space<ub>> to memref<1xf32, strided<[1], offset: ?>, #hivm.address_space<ub>>
      %subview_0 = memref.subview %arg0[%arg5, 0] [1, 64] [1, 1] : memref<128x64xf32, #hivm.address_space<ub>> to memref<1x64xf32, strided<[64, 1], offset: ?>, #hivm.address_space<ub>>
      %subview_1 = memref.subview %arg4[%arg5, 0] [1, 64] [1, 1] : memref<128x64xf32, #hivm.address_space<ub>> to memref<1x64xf32, strided<[64, 1], offset: ?>, #hivm.address_space<ub>>
      %0 = vector.transfer_read %subview_0[%c0, %c0], %cst {in_bounds = [true, true]} : memref<1x64xf32, strided<[64, 1], offset: ?>, #hivm.address_space<ub>>, vector<1x64xf32>
      %1 = vector.transfer_read %subview[%c0], %cst {in_bounds = [true, true], permutation_map = #map7} : memref<1xf32, strided<[1], offset: ?>, #hivm.address_space<ub>>, vector<1x64xf32>
      %2 = arith.subf %0, %1 : vector<1x64xf32>
      %3 = math.exp %2 : vector<1x64xf32>
      vector.transfer_write %3, %subview_1[%c0, %c0] {in_bounds = [true, true]} : vector<1x64xf32>, memref<1x64xf32, strided<[64, 1], offset: ?>, #hivm.address_space<ub>>
    }
    return
  }
  func.func @paged_prefill_page_aggregation_kernel_mix_aiv_outlined_vf_4(%arg0: memref<128xf32, #hivm.address_space<ub>>, %arg1: memref<128xf32, #hivm.address_space<ub>>) attributes {hivm.func_core_type = #hivm.func_core_type<AIV>, hivm.vector_function, no_inline} {
    %cst = arith.constant 0.000000e+00 : f32
    %c64 = arith.constant 64 : index
    %c128 = arith.constant 128 : index
    %c0 = arith.constant 0 : index
    scf.for %arg2 = %c0 to %c128 step %c64 {
      %subview = memref.subview %arg0[%arg2] [64] [1] : memref<128xf32, #hivm.address_space<ub>> to memref<64xf32, strided<[1], offset: ?>, #hivm.address_space<ub>>
      %subview_0 = memref.subview %arg1[%arg2] [64] [1] : memref<128xf32, #hivm.address_space<ub>> to memref<64xf32, strided<[1], offset: ?>, #hivm.address_space<ub>>
      %0 = vector.transfer_read %subview[%c0], %cst {in_bounds = [true]} : memref<64xf32, strided<[1], offset: ?>, #hivm.address_space<ub>>, vector<64xf32>
      %1 = math.exp %0 : vector<64xf32>
      vector.transfer_write %1, %subview_0[%c0] {in_bounds = [true]} : vector<64xf32>, memref<64xf32, strided<[1], offset: ?>, #hivm.address_space<ub>>
    }
    return
  }
  func.func @paged_prefill_page_aggregation_kernel_mix_aiv_outlined_vf_5(%arg0: memref<128x64xf32, #hivm.address_space<ub>>, %arg1: memref<128xf32, #hivm.address_space<ub>>, %arg2: memref<128x256xf32, #hivm.address_space<ub>>, %arg3: memref<128x256xf32, #hivm.address_space<ub>>, %arg4: memref<128xf32, #hivm.address_space<ub>>, %arg5: memref<128x256xf32, #hivm.address_space<ub>>, %arg6: memref<128xf32, #hivm.address_space<ub>>, %arg7: memref<128xf32, #hivm.address_space<ub>>) attributes {hivm.func_core_type = #hivm.func_core_type<AIV>, hivm.vector_function, no_inline} {
    %cst = arith.constant dense<0.000000e+00> : vector<1x64xf32>
    %cst_0 = arith.constant 0.000000e+00 : f32
    %c1 = arith.constant 1 : index
    %c128 = arith.constant 128 : index
    %c256 = arith.constant 256 : index
    %c64 = arith.constant 64 : index
    %c0 = arith.constant 0 : index
    scf.for %arg8 = %c0 to %c128 step %c1 {
      %subview = memref.subview %arg4[%arg8] [1] [1] : memref<128xf32, #hivm.address_space<ub>> to memref<1xf32, strided<[1], offset: ?>, #hivm.address_space<ub>>
      %subview_1 = memref.subview %arg0[%arg8, 0] [1, 64] [1, 1] : memref<128x64xf32, #hivm.address_space<ub>> to memref<1x64xf32, strided<[64, 1], offset: ?>, #hivm.address_space<ub>>
      %0 = vector.transfer_read %subview_1[%c0, %c0], %cst_0 {in_bounds = [true, true]} : memref<1x64xf32, strided<[64, 1], offset: ?>, #hivm.address_space<ub>>, vector<1x64xf32>
      %1 = arith.addf %0, %cst {reductionOp} : vector<1x64xf32>
      %2 = vector.transfer_read %subview[%c0], %cst_0 {in_bounds = [true]} : memref<1xf32, strided<[1], offset: ?>, #hivm.address_space<ub>>, vector<1xf32>
      %3 = vector.multi_reduction <add>, %1, %2 {withoutInitMergeOp} [1] : vector<1x64xf32> to vector<1xf32>
      vector.transfer_write %3, %subview[%c0] {in_bounds = [true]} : vector<1xf32>, memref<1xf32, strided<[1], offset: ?>, #hivm.address_space<ub>>
      %subview_2 = memref.subview %arg1[%arg8] [1] [1] : memref<128xf32, #hivm.address_space<ub>> to memref<1xf32, strided<[1], offset: ?>, #hivm.address_space<ub>>
      scf.for %arg9 = %c0 to %c256 step %c64 {
        %subview_3 = memref.subview %arg2[%arg8, %arg9] [1, 64] [1, 1] : memref<128x256xf32, #hivm.address_space<ub>> to memref<1x64xf32, strided<[256, 1], offset: ?>, #hivm.address_space<ub>>
        %subview_4 = memref.subview %arg3[%arg8, %arg9] [1, 64] [1, 1] : memref<128x256xf32, #hivm.address_space<ub>> to memref<1x64xf32, strided<[256, 1], offset: ?>, #hivm.address_space<ub>>
        %subview_5 = memref.subview %arg5[%arg8, %arg9] [1, 64] [1, 1] : memref<128x256xf32, #hivm.address_space<ub>> to memref<1x64xf32, strided<[256, 1], offset: ?>, #hivm.address_space<ub>>
        %4 = vector.transfer_read %subview_3[%c0, %c0], %cst_0 {in_bounds = [true, true]} : memref<1x64xf32, strided<[256, 1], offset: ?>, #hivm.address_space<ub>>, vector<1x64xf32>
        %5 = vector.transfer_read %subview_4[%c0, %c0], %cst_0 {in_bounds = [true, true]} : memref<1x64xf32, strided<[256, 1], offset: ?>, #hivm.address_space<ub>>, vector<1x64xf32>
        %6 = vector.transfer_read %subview_2[%c0], %cst_0 {in_bounds = [true, true], permutation_map = #map7} : memref<1xf32, strided<[1], offset: ?>, #hivm.address_space<ub>>, vector<1x64xf32>
        %7 = arith.mulf %5, %6 : vector<1x64xf32>
        %8 = arith.addf %4, %7 : vector<1x64xf32>
        vector.transfer_write %8, %subview_5[%c0, %c0] {in_bounds = [true, true]} : vector<1x64xf32>, memref<1x64xf32, strided<[256, 1], offset: ?>, #hivm.address_space<ub>>
      }
    }
    scf.for %arg8 = %c0 to %c128 step %c64 {
      %subview = memref.subview %arg6[%arg8] [64] [1] : memref<128xf32, #hivm.address_space<ub>> to memref<64xf32, strided<[1], offset: ?>, #hivm.address_space<ub>>
      %subview_1 = memref.subview %arg1[%arg8] [64] [1] : memref<128xf32, #hivm.address_space<ub>> to memref<64xf32, strided<[1], offset: ?>, #hivm.address_space<ub>>
      %subview_2 = memref.subview %arg4[%arg8] [64] [1] : memref<128xf32, #hivm.address_space<ub>> to memref<64xf32, strided<[1], offset: ?>, #hivm.address_space<ub>>
      %subview_3 = memref.subview %arg7[%arg8] [64] [1] : memref<128xf32, #hivm.address_space<ub>> to memref<64xf32, strided<[1], offset: ?>, #hivm.address_space<ub>>
      %0 = vector.transfer_read %subview[%c0], %cst_0 {in_bounds = [true]} : memref<64xf32, strided<[1], offset: ?>, #hivm.address_space<ub>>, vector<64xf32>
      %1 = vector.transfer_read %subview_1[%c0], %cst_0 {in_bounds = [true]} : memref<64xf32, strided<[1], offset: ?>, #hivm.address_space<ub>>, vector<64xf32>
      %2 = vector.transfer_read %subview_2[%c0], %cst_0 {in_bounds = [true]} : memref<64xf32, strided<[1], offset: ?>, #hivm.address_space<ub>>, vector<64xf32>
      %3 = arith.mulf %0, %1 : vector<64xf32>
      %4 = arith.addf %3, %2 : vector<64xf32>
      vector.transfer_write %4, %subview_3[%c0] {in_bounds = [true]} : vector<64xf32>, memref<64xf32, strided<[1], offset: ?>, #hivm.address_space<ub>>
    }
    return
  }
  func.func @paged_prefill_page_aggregation_kernel_mix_aiv_outlined_vf_6(%arg0: memref<1xf32, #hivm.address_space<ub>>, %arg1: memref<128xf32, #hivm.address_space<ub>>) attributes {hivm.func_core_type = #hivm.func_core_type<AIV>, hivm.vector_function, no_inline} {
    %cst = arith.constant 0.000000e+00 : f32
    %c64 = arith.constant 64 : index
    %c128 = arith.constant 128 : index
    %c0 = arith.constant 0 : index
    scf.for %arg2 = %c0 to %c128 step %c64 {
      %subview = memref.subview %arg1[%arg2] [64] [1] : memref<128xf32, #hivm.address_space<ub>> to memref<64xf32, strided<[1], offset: ?>, #hivm.address_space<ub>>
      %0 = vector.transfer_read %arg0[%c0], %cst {in_bounds = [true], permutation_map = #map8} : memref<1xf32, #hivm.address_space<ub>>, vector<64xf32>
      vector.transfer_write %0, %subview[%c0] {in_bounds = [true]} : vector<64xf32>, memref<64xf32, strided<[1], offset: ?>, #hivm.address_space<ub>>
    }
    return
  }
  func.func @paged_prefill_page_aggregation_kernel_mix_aiv_outlined_vf_7(%arg0: memref<128xf32, #hivm.address_space<ub>>) attributes {hivm.func_core_type = #hivm.func_core_type<AIV>, hivm.vector_function, no_inline} {
    %cst = arith.constant dense<1.000000e+00> : vector<64xf32>
    %c64 = arith.constant 64 : index
    %c128 = arith.constant 128 : index
    %c0 = arith.constant 0 : index
    scf.for %arg1 = %c0 to %c128 step %c64 {
      %subview = memref.subview %arg0[%arg1] [64] [1] : memref<128xf32, #hivm.address_space<ub>> to memref<64xf32, strided<[1], offset: ?>, #hivm.address_space<ub>>
      vector.transfer_write %cst, %subview[%c0] {in_bounds = [true]} : vector<64xf32>, memref<64xf32, strided<[1], offset: ?>, #hivm.address_space<ub>>
    }
    return
  }
  func.func @paged_prefill_page_aggregation_kernel_mix_aiv_outlined_vf_8(%arg0: memref<128x256xf32, #hivm.address_space<ub>>) attributes {hivm.func_core_type = #hivm.func_core_type<AIV>, hivm.vector_function, no_inline} {
    %cst = arith.constant dense<0.000000e+00> : vector<1x64xf32>
    %c1 = arith.constant 1 : index
    %c128 = arith.constant 128 : index
    %c64 = arith.constant 64 : index
    %c256 = arith.constant 256 : index
    %c0 = arith.constant 0 : index
    scf.for %arg1 = %c0 to %c128 step %c1 {
      scf.for %arg2 = %c0 to %c256 step %c64 {
        %subview = memref.subview %arg0[%arg1, %arg2] [1, 64] [1, 1] : memref<128x256xf32, #hivm.address_space<ub>> to memref<1x64xf32, strided<[256, 1], offset: ?>, #hivm.address_space<ub>>
        vector.transfer_write %cst, %subview[%c0, %c0] {in_bounds = [true, true]} : vector<1x64xf32>, memref<1x64xf32, strided<[256, 1], offset: ?>, #hivm.address_space<ub>>
      }
    }
    return
  }
  func.func @paged_prefill_page_aggregation_kernel_mix_aiv_outlined_vf_9(%arg0: memref<128xf32, #hivm.address_space<ub>>, %arg1: memref<128x256xf32, #hivm.address_space<ub>>, %arg2: memref<128x256xbf16, #hivm.address_space<ub>>) attributes {hivm.func_core_type = #hivm.func_core_type<AIV>, hivm.vector_function, no_inline} {
    %cst = arith.constant 0.000000e+00 : f32
    %c1 = arith.constant 1 : index
    %c128 = arith.constant 128 : index
    %c64 = arith.constant 64 : index
    %c256 = arith.constant 256 : index
    %c0 = arith.constant 0 : index
    scf.for %arg3 = %c0 to %c128 step %c1 {
      %subview = memref.subview %arg0[%arg3] [1] [1] : memref<128xf32, #hivm.address_space<ub>> to memref<1xf32, strided<[1], offset: ?>, #hivm.address_space<ub>>
      scf.for %arg4 = %c0 to %c256 step %c64 {
        %subview_0 = memref.subview %arg1[%arg3, %arg4] [1, 64] [1, 1] : memref<128x256xf32, #hivm.address_space<ub>> to memref<1x64xf32, strided<[256, 1], offset: ?>, #hivm.address_space<ub>>
        %subview_1 = memref.subview %arg2[%arg3, %arg4] [1, 64] [1, 1] : memref<128x256xbf16, #hivm.address_space<ub>> to memref<1x64xbf16, strided<[256, 1], offset: ?>, #hivm.address_space<ub>>
        %0 = vector.transfer_read %subview_0[%c0, %c0], %cst {in_bounds = [true, true]} : memref<1x64xf32, strided<[256, 1], offset: ?>, #hivm.address_space<ub>>, vector<1x64xf32>
        %1 = vector.transfer_read %subview[%c0], %cst {in_bounds = [true, true], permutation_map = #map7} : memref<1xf32, strided<[1], offset: ?>, #hivm.address_space<ub>>, vector<1x64xf32>
        %2 = arith.divf %0, %1 : vector<1x64xf32>
        %3 = arith.truncf %2 {enable_saturate = false, round_mode = #hfusion.round_mode<rint>, unsigned_mode = #hfusion.unsigned_mode<si2si>} : vector<1x64xf32> to vector<1x64xbf16>
        vector.transfer_write %3, %subview_1[%c0, %c0] {in_bounds = [true, true]} : vector<1x64xbf16>, memref<1x64xbf16, strided<[256, 1], offset: ?>, #hivm.address_space<ub>>
      }
    }
    return
  }
  func.func @paged_prefill_page_aggregation_kernel_mix_aiv(%arg0: memref<?xi8, #hivm.address_space<gm>> {hacc.arg_type = #hacc.arg_type<sync_block_lock>}, %arg1: memref<?xi8, #hivm.address_space<gm>> {hacc.arg_type = #hacc.arg_type<workspace>}, %arg2: memref<?xbf16, #hivm.address_space<gm>> {tt.divisibility = 16 : i32, tt.tensor_kind = 0 : i32}, %arg3: memref<?xbf16, #hivm.address_space<gm>> {tt.divisibility = 16 : i32, tt.tensor_kind = 0 : i32}, %arg4: memref<?xbf16, #hivm.address_space<gm>> {tt.divisibility = 16 : i32, tt.tensor_kind = 0 : i32}, %arg5: memref<?xbf16, #hivm.address_space<gm>> {tt.divisibility = 16 : i32, tt.tensor_kind = 1 : i32}, %arg6: memref<?xi8, #hivm.address_space<gm>> {tt.divisibility = 16 : i32, tt.tensor_kind = 0 : i32}, %arg7: memref<?xi32, #hivm.address_space<gm>> {tt.divisibility = 16 : i32, tt.tensor_kind = 0 : i32}, %arg8: memref<?xi32, #hivm.address_space<gm>> {tt.divisibility = 16 : i32, tt.tensor_kind = 0 : i32}, %arg9: memref<?xi32, #hivm.address_space<gm>> {tt.divisibility = 16 : i32, tt.tensor_kind = 0 : i32}, %arg10: memref<?xi32, #hivm.address_space<gm>> {tt.divisibility = 16 : i32, tt.tensor_kind = 0 : i32}, %arg11: memref<?xi32, #hivm.address_space<gm>> {tt.divisibility = 16 : i32, tt.tensor_kind = 0 : i32}, %arg12: memref<?xi32, #hivm.address_space<gm>> {tt.divisibility = 16 : i32, tt.tensor_kind = 0 : i32}, %arg13: memref<?xi32, #hivm.address_space<gm>> {tt.tensor_kind = 0 : i32}, %arg14: memref<?xf32, #hivm.address_space<gm>> {tt.divisibility = 16 : i32, tt.tensor_kind = 0 : i32}, %arg15: i32 {tt.divisibility = 16 : i32}, %arg16: i32 {tt.divisibility = 16 : i32}, %arg17: i32 {tt.divisibility = 16 : i32}, %arg18: i32 {tt.divisibility = 16 : i32}, %arg19: i32 {tt.divisibility = 16 : i32}, %arg20: i32 {tt.divisibility = 16 : i32}, %arg21: i32 {tt.divisibility = 16 : i32}, %arg22: i32 {tt.divisibility = 16 : i32}, %arg23: i32 {tt.divisibility = 16 : i32}, %arg24: i32 {tt.divisibility = 16 : i32}, %arg25: i32, %arg26: i32 {tt.divisibility = 16 : i32}, %arg27: f32, %arg28: i32, %arg29: i32, %arg30: i32) attributes {SyncBlockLockArgIdx = 0 : i64, WorkspaceArgIdx = 1 : i64, func_dyn_memref_args = dense<[true, true, true, true, true, true, true, true, true, true, true, true, true, true, true, false, false, false, false, false, false, false, false, false, false, false, false, false, false, false, false]> : vector<31xi1>, hacc.entry, hacc.function_kind = #hacc.function_kind<DEVICE>, hivm.func_core_type = #hivm.func_core_type<AIV>, hivm.part_of_mix, hivm.vf_mode = #hivm.vf_mode<SIMD>, mix_mode = "mix", parallel_mode = "simd"} {
    %c128 = arith.constant 128 : index
    %c28_i32 = arith.constant 28 : i32
    %c1_i32 = arith.constant 1 : i32
    %c2_i32 = arith.constant 2 : i32
    %c3_i32 = arith.constant 3 : i32
    %c8_i64 = arith.constant 8 : i64
    %c4_i64 = arith.constant 4 : i64
    %c1024_i64 = arith.constant 1024 : i64
    %0 = llvm.mlir.constant(1032 : i64) : i64
    %1 = llvm.mlir.constant(8 : i64) : i64
    %2 = llvm.mlir.constant(1028 : i64) : i64
    %3 = llvm.mlir.constant(4 : i64) : i64
    %c64_i32 = arith.constant 64 : i32
    %c1024_i32 = arith.constant 1024 : i32
    %c-1024_i32 = arith.constant -1024 : i32
    %c256 = arith.constant 256 : index
    %c256_i32 = arith.constant 256 : i32
    %c63_i32 = arith.constant 63 : i32
    %c0_i32 = arith.constant 0 : i32
    %4 = llvm.mlir.constant(0 : i32) : i32
    %5 = llvm.mlir.constant(0 : i64) : i64
    %6 = llvm.mlir.constant(1024 : i64) : i64
    %c0 = arith.constant 0 : index
    %7 = arith.muli %arg28, %arg29 : i32
    %8 = arith.muli %7, %arg30 : i32
    %9 = hivm.hir.get_block_idx -> i64
    %10 = arith.trunci %9 : i64 to i32
    %11 = llvm.inttoptr %5 : i64 to !llvm.ptr<11>
    %12 = llvm.inttoptr %6 : i64 to !llvm.ptr<11>
    %13 = llvm.inttoptr %3 : i64 to !llvm.ptr<11>
    %14 = llvm.inttoptr %2 : i64 to !llvm.ptr<11>
    %15 = llvm.inttoptr %1 : i64 to !llvm.ptr<11>
    %16 = llvm.inttoptr %0 : i64 to !llvm.ptr<11>
    %17 = hivm.hir.get_sub_block_idx -> i64
    %18 = arith.muli %17, %c1024_i64 : i64
    %19 = arith.addi %18, %c4_i64 : i64
    %20 = llvm.inttoptr %19 : i64 to !llvm.ptr<11>
    %21 = llvm.inttoptr %18 : i64 to !llvm.ptr<11>
    %22 = arith.addi %18, %c8_i64 : i64
    %23 = llvm.inttoptr %22 : i64 to !llvm.ptr<11>
    %alloc = memref.alloc() {alignment = 64 : i64} : memref<1xf32, #hivm.address_space<ub>>
    %24 = arith.index_cast %17 : i64 to index
    %25 = affine.apply #map9()[%24]
    %26 = affine.apply #map10()[%24]
    annotation.mark %8 {logical_block_num} : i32
    scf.for %arg31 = %10 to %8 step %c28_i32  : i32 {
      hivm.hir.set_ctrl false at ctrl[60]
      hivm.hir.set_ctrl true at ctrl[48]
      %27 = arith.remsi %arg31, %arg28 : i32
      llvm.store volatile %4, %11 : i32, !llvm.ptr<11>
      llvm.store volatile %4, %12 : i32, !llvm.ptr<11>
      llvm.store volatile %4, %13 : i32, !llvm.ptr<11>
      llvm.store volatile %4, %14 : i32, !llvm.ptr<11>
      llvm.store volatile %4, %15 : i32, !llvm.ptr<11>
      llvm.store volatile %4, %16 : i32, !llvm.ptr<11>
      %28 = arith.index_cast %27 : i32 to index
      %reinterpret_cast = memref.reinterpret_cast %arg10 to offset: [%28], sizes: [1], strides: [1] : memref<?xi32, #hivm.address_space<gm>> to memref<1xi32, strided<[1], offset: ?>, #hivm.address_space<gm>>
      %29 = affine.apply #map()[%28]
      %30 = memref.load %reinterpret_cast[%c0] : memref<1xi32, strided<[1], offset: ?>, #hivm.address_space<gm>>
      %reinterpret_cast_0 = memref.reinterpret_cast %arg10 to offset: [%29], sizes: [1], strides: [1] : memref<?xi32, #hivm.address_space<gm>> to memref<1xi32, strided<[1], offset: ?>, #hivm.address_space<gm>>
      %31 = memref.load %reinterpret_cast_0[%c0] : memref<1xi32, strided<[1], offset: ?>, #hivm.address_space<gm>>
      scf.for %arg32 = %30 to %31 step %c1_i32  : i32 {
        %32 = arith.index_cast %arg32 : i32 to index
        %reinterpret_cast_1 = memref.reinterpret_cast %arg7 to offset: [%32], sizes: [1], strides: [1] : memref<?xi32, #hivm.address_space<gm>> to memref<1xi32, strided<[1], offset: ?>, #hivm.address_space<gm>>
        %33 = memref.load %reinterpret_cast_1[%c0] : memref<1xi32, strided<[1], offset: ?>, #hivm.address_space<gm>>
        %reinterpret_cast_2 = memref.reinterpret_cast %arg9 to offset: [%32], sizes: [1], strides: [1] : memref<?xi32, #hivm.address_space<gm>> to memref<1xi32, strided<[1], offset: ?>, #hivm.address_space<gm>>
        %34 = memref.load %reinterpret_cast_2[%c0] : memref<1xi32, strided<[1], offset: ?>, #hivm.address_space<gm>>
        %35 = arith.index_cast %33 : i32 to index
        %reinterpret_cast_3 = memref.reinterpret_cast %arg11 to offset: [%35], sizes: [1], strides: [1] : memref<?xi32, #hivm.address_space<gm>> to memref<1xi32, strided<[1], offset: ?>, #hivm.address_space<gm>>
        %36 = affine.apply #map()[%35]
        %37 = memref.load %reinterpret_cast_3[%c0] : memref<1xi32, strided<[1], offset: ?>, #hivm.address_space<gm>>
        %reinterpret_cast_4 = memref.reinterpret_cast %arg11 to offset: [%36], sizes: [1], strides: [1] : memref<?xi32, #hivm.address_space<gm>> to memref<1xi32, strided<[1], offset: ?>, #hivm.address_space<gm>>
        %38 = memref.load %reinterpret_cast_4[%c0] : memref<1xi32, strided<[1], offset: ?>, #hivm.address_space<gm>>
        %39 = arith.subi %38, %37 : i32
        %40 = arith.cmpi sgt, %39, %c0_i32 : i32
        %reinterpret_cast_5 = memref.reinterpret_cast %arg8 to offset: [%32], sizes: [1], strides: [1] : memref<?xi32, #hivm.address_space<gm>> to memref<1xi32, strided<[1], offset: ?>, #hivm.address_space<gm>>
        %41 = memref.load %reinterpret_cast_5[%c0] : memref<1xi32, strided<[1], offset: ?>, #hivm.address_space<gm>>
        scf.if %40 {
          %reinterpret_cast_6 = memref.reinterpret_cast %arg12 to offset: [%35], sizes: [1], strides: [1] : memref<?xi32, #hivm.address_space<gm>> to memref<1xi32, strided<[1], offset: ?>, #hivm.address_space<gm>>
          %42 = memref.load %reinterpret_cast_6[%c0] : memref<1xi32, strided<[1], offset: ?>, #hivm.address_space<gm>>
          %43 = arith.subi %42, %39 : i32
          %44 = arith.muli %41, %c256_i32 : i32
          %45 = arith.addi %44, %c256_i32 : i32
          %46 = arith.minsi %45, %39 : i32
          %47 = arith.index_cast %34 : i32 to index
          %reinterpret_cast_7 = memref.reinterpret_cast %arg14 to offset: [%47], sizes: [1], strides: [1] : memref<?xf32, #hivm.address_space<gm>> to memref<1xf32, strided<[1], offset: ?>, #hivm.address_space<gm>>
          %48 = memref.load %reinterpret_cast_7[%c0] : memref<1xf32, strided<[1], offset: ?>, #hivm.address_space<gm>>
          memref.store %48, %alloc[%c0] : memref<1xf32, #hivm.address_space<ub>>
          %alloc_8 = memref.alloc() {alignment = 64 : i64} : memref<128xf32, #hivm.address_space<ub>>
          func.call @paged_prefill_page_aggregation_kernel_mix_aiv_outlined_vf_6(%alloc, %alloc_8) {hivm.vector_function, no_inline} : (memref<1xf32, #hivm.address_space<ub>>, memref<128xf32, #hivm.address_space<ub>>) -> ()
          %49 = arith.addi %43, %46 : i32
          %50 = arith.addi %49, %c63_i32 : i32
          %51 = arith.divsi %50, %c64_i32 : i32
          %52 = arith.subi %46, %44 : i32
          %53 = arith.addi %37, %44 : i32
          %54 = arith.index_cast %52 : i32 to index
          %55 = arith.muli %53, %arg23 : i32
          %56 = arith.muli %34, %arg24 : i32
          %57 = arith.index_cast %55 : i32 to index
          %58 = arith.index_cast %56 : i32 to index
          %59 = affine.apply #map1()[%57, %58]
          %60 = arith.index_cast %arg23 : i32 to index
          %reinterpret_cast_9 = memref.reinterpret_cast %arg5 to offset: [%59], sizes: [256, 256], strides: [%60, 1] : memref<?xbf16, #hivm.address_space<gm>> to memref<256x256xbf16, strided<[?, 1], offset: ?>, #hivm.address_space<gm>>
          %61 = arith.maxsi %54, %c0 : index
          %62 = arith.minsi %61, %c256 : index
          %63 = arith.minsi %62, %c0 : index
          %64 = affine.apply #map2()[%62, %63]
          %65 = arith.minsi %25, %64 : index
          %66 = affine.apply #map11()[%65, %62, %63]
          %67 = arith.minsi %66, %c128 : index
          %subview = memref.subview %reinterpret_cast_9[%25, 0] [%67, 256] [1, 1] : memref<256x256xbf16, strided<[?, 1], offset: ?>, #hivm.address_space<gm>> to memref<?x256xbf16, strided<[?, 1], offset: ?>, #hivm.address_space<gm>>
          %68 = arith.addi %43, %44 : i32
          %alloc_10 = memref.alloc() : memref<4x16x16x16xbf16, #hivm.address_space<cbuf>>
          %subview_11 = memref.subview %alloc_10[0, %26, 0, 0] [4, 8, 16, 16] [1, 1, 1, 1] {to_be_bubbled_slice} : memref<4x16x16x16xbf16, #hivm.address_space<cbuf>> to memref<4x8x16x16xbf16, strided<[4096, 256, 16, 1], offset: ?>, #hivm.address_space<cbuf>>
          annotation.mark %alloc_10 {effects = ["write", "read"], hivm.tightly_coupled_buffer = #hivm.tightly_coupled_buffer<0>, hivm.tiling_dim = 1 : index} : memref<4x16x16x16xbf16, #hivm.address_space<cbuf>>
          %alloc_12 = memref.alloc() : memref<128x64xf32, #hivm.address_space<ub>>
          annotation.mark %alloc_12 {effects = ["write", "read"], hivm.tightly_coupled_buffer = #hivm.tightly_coupled_buffer<1>, hivm.tiling_dim = 0 : index, tiledAlloc} : memref<128x64xf32, #hivm.address_space<ub>>
          hivm.hir.sync_block_set[<VECTOR>, <PIPE_V>, <PIPE_FIX>] flag = 2
          %alloc_13 = memref.alloc() : memref<128x256xf32, #hivm.address_space<ub>>
          annotation.mark %alloc_13 {effects = ["write", "read"], hivm.tightly_coupled_buffer = #hivm.tightly_coupled_buffer<2>, hivm.tiling_dim = 0 : index, tiledAlloc} : memref<128x256xf32, #hivm.address_space<ub>>
          hivm.hir.sync_block_set[<VECTOR>, <PIPE_V>, <PIPE_FIX>] flag = 3
          %alloc_14 = memref.alloc() : memref<128x64xi8, #hivm.address_space<ub>>
          annotation.mark %alloc_14 {effects = ["write", "read"], hivm.tightly_coupled_buffer = #hivm.tightly_coupled_buffer<3>, hivm.tiling_dim = 0 : index, tiledAlloc} : memref<128x64xi8, #hivm.address_space<ub>>
          %alloc_15 = memref.alloc() : memref<128x64xi8, #hivm.address_space<ub>>
          annotation.mark %alloc_15 {effects = ["write", "read"], hivm.tightly_coupled_buffer = #hivm.tightly_coupled_buffer<4>, hivm.tiling_dim = 0 : index, tiledAlloc} : memref<128x64xi8, #hivm.address_space<ub>>
          %alloc_16 = memref.alloc() : memref<128x64xf32, #hivm.address_space<ub>>
          annotation.mark %alloc_16 {effects = ["write", "read"], hivm.tightly_coupled_buffer = #hivm.tightly_coupled_buffer<5>, hivm.tiling_dim = 0 : index, tiledAlloc} : memref<128x64xf32, #hivm.address_space<ub>>
          %alloc_17 = memref.alloc() : memref<128x64xf32, #hivm.address_space<ub>>
          annotation.mark %alloc_17 {effects = ["write", "read"], hivm.tightly_coupled_buffer = #hivm.tightly_coupled_buffer<6>, hivm.tiling_dim = 0 : index, tiledAlloc} : memref<128x64xf32, #hivm.address_space<ub>>
          %alloc_18 = memref.alloc() : memref<128xf32, #hivm.address_space<ub>>
          annotation.mark %alloc_18 {effects = ["write", "read"], hivm.tightly_coupled_buffer = #hivm.tightly_coupled_buffer<7>, hivm.tiling_dim = 0 : index, tiledAlloc} : memref<128xf32, #hivm.address_space<ub>>
          %alloc_19 = memref.alloc() : memref<128xf32, #hivm.address_space<ub>>
          annotation.mark %alloc_19 {effects = ["write", "read"], hivm.tightly_coupled_buffer = #hivm.tightly_coupled_buffer<8>, hivm.tiling_dim = 0 : index, tiledAlloc} : memref<128xf32, #hivm.address_space<ub>>
          hivm.hir.sync_block_set[<VECTOR>, <PIPE_S>, <PIPE_S>] flag = 15
          %69 = arith.addi %51, %c3_i32 : i32
          %alloc_20 = memref.alloc() {alignment = 64 : i64} : memref<128xf32, #hivm.address_space<ub>>
          func.call @paged_prefill_page_aggregation_kernel_mix_aiv_outlined_vf_7(%alloc_20) {hivm.vector_function, no_inline} : (memref<128xf32, #hivm.address_space<ub>>) -> ()
          %alloc_21 = memref.alloc() {alignment = 64 : i64} : memref<128x256xf32, #hivm.address_space<ub>>
          func.call @paged_prefill_page_aggregation_kernel_mix_aiv_outlined_vf_8(%alloc_21) {hivm.vector_function, no_inline} : (memref<128x256xf32, #hivm.address_space<ub>>) -> ()
          %70:9 = scf.for %arg33 = %c0_i32 to %69 step %c1_i32 iter_args(%arg34 = %alloc_20, %arg35 = %alloc_21, %arg36 = %alloc_8, %arg37 = %c0_i32, %arg38 = %c0_i32, %arg39 = %c0_i32, %arg40 = %c0_i32, %arg41 = %c0_i32, %arg42 = %c0_i32) -> (memref<128xf32, #hivm.address_space<ub>>, memref<128x256xf32, #hivm.address_space<ub>>, memref<128xf32, #hivm.address_space<ub>>, i32, i32, i32, i32, i32, i32)  : i32 {
            hivm.hir.sync_block_wait[<VECTOR>, <PIPE_S>, <PIPE_S>] flag = 15
            %77 = arith.cmpi slt, %arg40, %c2_i32 : i32
            %78 = arith.cmpi slt, %arg37, %51 : i32
            %79 = arith.andi %77, %78 : i1
            %80:2 = scf.if %79 -> (i32, i32) {
              %104 = arith.muli %arg37, %c64_i32 : i32
              %105 = arith.subi %104, %68 : i32
              %106 = arith.maxsi %105, %c-1024_i32 : i32
              %107 = arith.minsi %106, %c1024_i32 : i32
              %108 = arith.addi %107, %c1024_i32 : i32
              %109 = arith.index_cast %arg26 : i32 to index
              %110 = arith.index_cast %108 : i32 to index
              %reinterpret_cast_25 = memref.reinterpret_cast %arg6 to offset: [%110], sizes: [256, 64], strides: [%109, 1] : memref<?xi8, #hivm.address_space<gm>> to memref<256x64xi8, strided<[?, 1], offset: ?>, #hivm.address_space<gm>>
              %subview_26 = memref.subview %reinterpret_cast_25[%25, 0] [128, 64] [1, 1] : memref<256x64xi8, strided<[?, 1], offset: ?>, #hivm.address_space<gm>> to memref<128x64xi8, strided<[?, 1], offset: ?>, #hivm.address_space<gm>>
              %alloc_27 = memref.alloc() : memref<128x64xi8, #hivm.address_space<ub>>
              hivm.hir.load ins(%subview_26 : memref<128x64xi8, strided<[?, 1], offset: ?>, #hivm.address_space<gm>>) outs(%alloc_27 : memref<128x64xi8, #hivm.address_space<ub>>) eviction_policy = <EvictFirst>
              %111 = arith.remsi %arg37, %c2_i32 : i32
              %112 = arith.cmpi eq, %111, %c0_i32 : i32
              scf.if %112 {
                %collapse_shape = memref.collapse_shape %alloc_27 [[0, 1]] : memref<128x64xi8, #hivm.address_space<ub>> into memref<8192xi8, #hivm.address_space<ub>>
                %collapse_shape_28 = memref.collapse_shape %alloc_14 [[0, 1]] : memref<128x64xi8, #hivm.address_space<ub>> into memref<8192xi8, #hivm.address_space<ub>>
                hivm.hir.copy ins(%collapse_shape : memref<8192xi8, #hivm.address_space<ub>>) outs(%collapse_shape_28 : memref<8192xi8, #hivm.address_space<ub>>) {tiled_op}
              } else {
                %collapse_shape = memref.collapse_shape %alloc_27 [[0, 1]] : memref<128x64xi8, #hivm.address_space<ub>> into memref<8192xi8, #hivm.address_space<ub>>
                %collapse_shape_28 = memref.collapse_shape %alloc_15 [[0, 1]] : memref<128x64xi8, #hivm.address_space<ub>> into memref<8192xi8, #hivm.address_space<ub>>
                hivm.hir.copy ins(%collapse_shape : memref<8192xi8, #hivm.address_space<ub>>) outs(%collapse_shape_28 : memref<8192xi8, #hivm.address_space<ub>>) {tiled_op}
              }
              %113 = arith.addi %arg40, %c1_i32 : i32
              %114 = arith.addi %arg37, %c1_i32 : i32
              scf.yield %113, %114 : i32, i32
            } else {
              scf.yield %arg40, %arg37 : i32, i32
            } {hivm.matmul_limited_in_cube, ssbuffer.if = 13 : i32}
            %81 = llvm.load volatile %21 : !llvm.ptr<11> -> i32
            %82 = arith.cmpi sgt, %81, %c0_i32 : i32
            %83 = llvm.load volatile %23 : !llvm.ptr<11> -> i32
            %84 = arith.cmpi slt, %83, %c1_i32 : i32
            %85 = arith.andi %82, %84 : i1
            %86 = arith.cmpi sgt, %80#0, %c0_i32 : i32
            %87 = arith.cmpi slt, %arg41, %c2_i32 : i32
            %88 = arith.cmpi slt, %arg42, %c2_i32 : i32
            %89 = arith.andi %86, %87 : i1
            %90 = arith.andi %89, %88 : i1
            %91 = arith.cmpi slt, %arg38, %51 : i32
            %92 = arith.andi %85, %90 : i1
            %93 = arith.andi %92, %91 : i1
            %94:5 = scf.if %93 -> (memref<128xf32, #hivm.address_space<ub>>, i32, i32, i32, i32) {
              %104 = arith.remsi %arg38, %c2_i32 : i32
              %105 = arith.cmpi eq, %104, %c0_i32 : i32
              %106 = arith.select %105, %alloc_14, %alloc_15 : memref<128x64xi8, #hivm.address_space<ub>>
              hivm.hir.sync_block_wait[<VECTOR>, <PIPE_FIX>, <PIPE_V>] flag = 2
              %alloc_25 = memref.alloc() {alignment = 64 : i64} : memref<128x64xf32, #hivm.address_space<ub>>
              func.call @paged_prefill_page_aggregation_kernel_mix_aiv_outlined_vf_0(%106, %alloc_12, %arg27, %alloc_25) {hivm.vector_function, no_inline} : (memref<128x64xi8, #hivm.address_space<ub>>, memref<128x64xf32, #hivm.address_space<ub>>, f32, memref<128x64xf32, #hivm.address_space<ub>>) -> ()
              %alloc_26 = memref.alloc() {alignment = 64 : i64} : memref<128xf32, #hivm.address_space<ub>>
              %alloc_27 = memref.alloc() {alignment = 64 : i64} : memref<128xf32, #hivm.address_space<ub>>
              %alloc_28 = memref.alloc() {alignment = 64 : i64} : memref<128x64xf32, #hivm.address_space<ub>>
              func.call @paged_prefill_page_aggregation_kernel_mix_aiv_outlined_vf_1(%alloc_25, %alloc_26, %arg36, %alloc_27, %alloc_28) {hivm.vector_function, no_inline} : (memref<128x64xf32, #hivm.address_space<ub>>, memref<128xf32, #hivm.address_space<ub>>, memref<128xf32, #hivm.address_space<ub>>, memref<128xf32, #hivm.address_space<ub>>, memref<128x64xf32, #hivm.address_space<ub>>) -> ()
              %alloc_29 = memref.alloc() {alignment = 64 : i64} : memref<128xf32, #hivm.address_space<ub>>
              %alloc_30 = memref.alloc() : memref<4x129x16x1xbf16, #hivm.address_space<ub>>
              %subview_31 = memref.subview %alloc_30[0, 0, 0, 0] [4, 128, 16, 1] [1, 1, 1, 1] : memref<4x129x16x1xbf16, #hivm.address_space<ub>> to memref<4x128x16xbf16, strided<[2064, 16, 1]>, #hivm.address_space<ub>>
              func.call @paged_prefill_page_aggregation_kernel_mix_aiv_outlined_merged_vf_0(%arg36, %alloc_27, %alloc_29, %alloc_28, %subview_31) {hivm.vector_function, no_inline, ptc_simdvf} : (memref<128xf32, #hivm.address_space<ub>>, memref<128xf32, #hivm.address_space<ub>>, memref<128xf32, #hivm.address_space<ub>>, memref<128x64xf32, #hivm.address_space<ub>>, memref<4x128x16xbf16, strided<[2064, 16, 1]>, #hivm.address_space<ub>>) -> ()
              %expand_shape = memref.expand_shape %subview_31 [[0], [1, 2], [3]] output_shape [4, 8, 16, 16] : memref<4x128x16xbf16, strided<[2064, 16, 1]>, #hivm.address_space<ub>> into memref<4x8x16x16xbf16, strided<[2064, 256, 16, 1]>, #hivm.address_space<ub>>
              hivm.hir.sync_block_wait[<VECTOR>, <PIPE_M>, <PIPE_MTE3>] flag = 1
              %collapse_shape = memref.collapse_shape %expand_shape [[0], [1, 2, 3]] : memref<4x8x16x16xbf16, strided<[2064, 256, 16, 1]>, #hivm.address_space<ub>> into memref<4x2048xbf16, strided<[2064, 1]>, #hivm.address_space<ub>>
              %collapse_shape_32 = memref.collapse_shape %subview_11 [[0], [1, 2, 3]] : memref<4x8x16x16xbf16, strided<[4096, 256, 16, 1], offset: ?>, #hivm.address_space<cbuf>> into memref<4x2048xbf16, strided<[4096, 1], offset: ?>, #hivm.address_space<cbuf>>
              hivm.hir.copy ins(%collapse_shape : memref<4x2048xbf16, strided<[2064, 1]>, #hivm.address_space<ub>>) outs(%collapse_shape_32 : memref<4x2048xbf16, strided<[4096, 1], offset: ?>, #hivm.address_space<cbuf>>) {tiled_op}
              hivm.hir.sync_block_set[<VECTOR>, <PIPE_MTE3>, <PIPE_MTE1>] flag = 1
              hivm.hir.sync_block_set[<VECTOR>, <PIPE_V>, <PIPE_FIX>] flag = 2
              scf.if %105 {
                %collapse_shape_33 = memref.collapse_shape %alloc_28 [[0, 1]] : memref<128x64xf32, #hivm.address_space<ub>> into memref<8192xf32, #hivm.address_space<ub>>
                %collapse_shape_34 = memref.collapse_shape %alloc_16 [[0, 1]] : memref<128x64xf32, #hivm.address_space<ub>> into memref<8192xf32, #hivm.address_space<ub>>
                hivm.hir.copy ins(%collapse_shape_33 : memref<8192xf32, #hivm.address_space<ub>>) outs(%collapse_shape_34 : memref<8192xf32, #hivm.address_space<ub>>) {tiled_op}
                hivm.hir.copy ins(%alloc_29 : memref<128xf32, #hivm.address_space<ub>>) outs(%alloc_18 : memref<128xf32, #hivm.address_space<ub>>) {tiled_op}
              } else {
                %collapse_shape_33 = memref.collapse_shape %alloc_28 [[0, 1]] : memref<128x64xf32, #hivm.address_space<ub>> into memref<8192xf32, #hivm.address_space<ub>>
                %collapse_shape_34 = memref.collapse_shape %alloc_17 [[0, 1]] : memref<128x64xf32, #hivm.address_space<ub>> into memref<8192xf32, #hivm.address_space<ub>>
                hivm.hir.copy ins(%collapse_shape_33 : memref<8192xf32, #hivm.address_space<ub>>) outs(%collapse_shape_34 : memref<8192xf32, #hivm.address_space<ub>>) {tiled_op}
                hivm.hir.copy ins(%alloc_29 : memref<128xf32, #hivm.address_space<ub>>) outs(%alloc_19 : memref<128xf32, #hivm.address_space<ub>>) {tiled_op}
              }
              %107 = llvm.load volatile %21 : !llvm.ptr<11> -> i32
              %108 = arith.subi %107, %c1_i32 : i32
              llvm.store volatile %108, %21 : i32, !llvm.ptr<11>
              %109 = llvm.load volatile %23 : !llvm.ptr<11> -> i32
              %110 = arith.addi %109, %c1_i32 : i32
              llvm.store volatile %110, %23 : i32, !llvm.ptr<11>
              %111 = arith.subi %80#0, %c1_i32 : i32
              %112 = arith.addi %arg42, %c1_i32 : i32
              %113 = arith.addi %arg41, %c1_i32 : i32
              %114 = arith.addi %arg38, %c1_i32 : i32
              scf.yield %alloc_27, %111, %112, %113, %114 : memref<128xf32, #hivm.address_space<ub>>, i32, i32, i32, i32
            } else {
              %alloc_25 = memref.alloc() {alignment = 64 : i64} : memref<128xf32, #hivm.address_space<ub>>
              hivm.hir.copy ins(%arg36 : memref<128xf32, #hivm.address_space<ub>>) outs(%alloc_25 : memref<128xf32, #hivm.address_space<ub>>)
              scf.yield %alloc_25, %80#0, %arg42, %arg41, %arg38 : memref<128xf32, #hivm.address_space<ub>>, i32, i32, i32, i32
            }
            %95 = llvm.load volatile %20 : !llvm.ptr<11> -> i32
            %96 = arith.cmpi sgt, %95, %c0_i32 : i32
            %97 = arith.cmpi sgt, %94#3, %c0_i32 : i32
            %98 = arith.cmpi sgt, %94#2, %c0_i32 : i32
            %99 = arith.andi %97, %98 : i1
            %100 = arith.cmpi slt, %arg39, %51 : i32
            %101 = arith.andi %96, %99 : i1
            %102 = arith.andi %101, %100 : i1
            %103:5 = scf.if %102 -> (memref<128xf32, #hivm.address_space<ub>>, memref<128x256xf32, #hivm.address_space<ub>>, i32, i32, i32) {
              %104 = arith.remsi %arg39, %c2_i32 : i32
              %105 = arith.cmpi eq, %104, %c0_i32 : i32
              %106 = arith.select %105, %alloc_18, %alloc_19 : memref<128xf32, #hivm.address_space<ub>>
              %107 = arith.select %105, %alloc_16, %alloc_17 : memref<128x64xf32, #hivm.address_space<ub>>
              hivm.hir.sync_block_wait[<VECTOR>, <PIPE_FIX>, <PIPE_V>] flag = 3
              %alloc_25 = memref.alloc() {alignment = 64 : i64} : memref<128xf32, #hivm.address_space<ub>>
              func.call @paged_prefill_page_aggregation_kernel_mix_aiv_outlined_vf_4(%106, %alloc_25) {hivm.vector_function, no_inline} : (memref<128xf32, #hivm.address_space<ub>>, memref<128xf32, #hivm.address_space<ub>>) -> ()
              %alloc_26 = memref.alloc() {alignment = 64 : i64} : memref<128xf32, #hivm.address_space<ub>>
              %alloc_27 = memref.alloc() {alignment = 64 : i64} : memref<128x256xf32, #hivm.address_space<ub>>
              %alloc_28 = memref.alloc() {alignment = 64 : i64} : memref<128xf32, #hivm.address_space<ub>>
              func.call @paged_prefill_page_aggregation_kernel_mix_aiv_outlined_vf_5(%107, %alloc_25, %alloc_13, %arg35, %alloc_26, %alloc_27, %arg34, %alloc_28) {hivm.vector_function, no_inline} : (memref<128x64xf32, #hivm.address_space<ub>>, memref<128xf32, #hivm.address_space<ub>>, memref<128x256xf32, #hivm.address_space<ub>>, memref<128x256xf32, #hivm.address_space<ub>>, memref<128xf32, #hivm.address_space<ub>>, memref<128x256xf32, #hivm.address_space<ub>>, memref<128xf32, #hivm.address_space<ub>>, memref<128xf32, #hivm.address_space<ub>>) -> ()
              hivm.hir.sync_block_set[<VECTOR>, <PIPE_V>, <PIPE_FIX>] flag = 3
              %108 = llvm.load volatile %20 : !llvm.ptr<11> -> i32
              %109 = arith.subi %108, %c1_i32 : i32
              llvm.store volatile %109, %20 : i32, !llvm.ptr<11>
              %110 = arith.subi %94#2, %c1_i32 : i32
              %111 = arith.subi %94#3, %c1_i32 : i32
              %112 = arith.addi %arg39, %c1_i32 : i32
              scf.yield %alloc_28, %alloc_27, %110, %111, %112 : memref<128xf32, #hivm.address_space<ub>>, memref<128x256xf32, #hivm.address_space<ub>>, i32, i32, i32
            } else {
              scf.yield %arg34, %arg35, %94#2, %94#3, %arg39 : memref<128xf32, #hivm.address_space<ub>>, memref<128x256xf32, #hivm.address_space<ub>>, i32, i32, i32
            }
            hivm.hir.sync_block_set[<VECTOR>, <PIPE_S>, <PIPE_S>] flag = 15
            %alloc_24 = memref.alloc() {alignment = 64 : i64} : memref<128xf32, #hivm.address_space<ub>>
            hivm.hir.copy ins(%94#0 : memref<128xf32, #hivm.address_space<ub>>) outs(%alloc_24 : memref<128xf32, #hivm.address_space<ub>>)
            scf.yield %103#0, %103#1, %alloc_24, %80#1, %94#4, %103#4, %94#1, %103#3, %103#2 : memref<128xf32, #hivm.address_space<ub>>, memref<128x256xf32, #hivm.address_space<ub>>, memref<128xf32, #hivm.address_space<ub>>, i32, i32, i32, i32, i32, i32
          }
          hivm.hir.sync_block_wait[<VECTOR>, <PIPE_M>, <PIPE_MTE3>] flag = 1
          %alloc_22 = memref.alloc() {alignment = 64 : i64} : memref<128x256xbf16, #hivm.address_space<ub>>
          func.call @paged_prefill_page_aggregation_kernel_mix_aiv_outlined_vf_9(%70#0, %70#1, %alloc_22) {hivm.vector_function, no_inline} : (memref<128xf32, #hivm.address_space<ub>>, memref<128x256xf32, #hivm.address_space<ub>>, memref<128x256xbf16, #hivm.address_space<ub>>) -> ()
          %71 = affine.apply #map12()[%24]
          %72 = arith.maxsi %63, %25 : index
          %73 = arith.minsi %62, %71 : index
          %74 = arith.maxsi %72, %73 : index
          %75 = affine.apply #map2()[%74, %72]
          %76 = affine.apply #map13()[%72, %24]
          %subview_23 = memref.subview %alloc_22[%76, 0] [%75, 256] [1, 1] : memref<128x256xbf16, #hivm.address_space<ub>> to memref<?x256xbf16, strided<[256, 1], offset: ?>, #hivm.address_space<ub>>
          hivm.hir.store ins(%subview_23 : memref<?x256xbf16, strided<[256, 1], offset: ?>, #hivm.address_space<ub>>) outs(%subview : memref<?x256xbf16, strided<[?, 1], offset: ?>, #hivm.address_space<gm>>) {tiled_op}
        }
      }
      hivm.hir.set_ctrl true at ctrl[60]
    } {autoblockify.subloop}
    return
  }
}


// -----// IR Dump After PlanMemory Failed (hivm-plan-memory) //----- //
#map = affine_map<()[s0] -> (s0 + 1)>
#map1 = affine_map<()[s0, s1] -> (s0 + s1)>
#map2 = affine_map<()[s0, s1] -> (s0 - s1)>
#map3 = affine_map<()[s0, s1] -> ((s0 - s1 + 15) floordiv 16)>
#map4 = affine_map<()[s0] -> (s0 floordiv 16)>
#map5 = affine_map<()[s0] -> (s0 mod 16)>
#map6 = affine_map<()[s0, s1, s2] -> (s0 + s1 + s2)>
#map7 = affine_map<(d0) -> (d0, 0)>
#map8 = affine_map<(d0) -> (0)>
#map9 = affine_map<()[s0] -> (s0 * 128)>
#map10 = affine_map<()[s0] -> (s0 * 8)>
#map11 = affine_map<()[s0, s1, s2] -> (-s0 + s1 - s2)>
#map12 = affine_map<()[s0] -> (s0 * 128 + 128)>
#map13 = affine_map<()[s0, s1] -> (s0 - s1 * 128)>
module attributes {dlti.target_system_spec = #dlti.target_system_spec<"NPU" : #hacc.target_device_spec<#dlti.dl_entry<"AI_CORE_COUNT", 28 : i32>, #dlti.dl_entry<"CUBE_CORE_COUNT", 28 : i32>, #dlti.dl_entry<"VECTOR_CORE_COUNT", 56 : i32>, #dlti.dl_entry<"UB_SIZE", 2031616 : i32>, #dlti.dl_entry<"L1_SIZE", 4194304 : i32>, #dlti.dl_entry<"L0A_SIZE", 524288 : i32>, #dlti.dl_entry<"L0B_SIZE", 524288 : i32>, #dlti.dl_entry<"L0C_SIZE", 2097152 : i32>, #dlti.dl_entry<"UB_ALIGN_SIZE", 256 : i32>, #dlti.dl_entry<"L1_ALIGN_SIZE", 256 : i32>, #dlti.dl_entry<"L0C_ALIGN_SIZE", 4096 : i32>, #dlti.dl_entry<"MINIMAL_D_CACHE_SIZE", 262144 : i32>, #dlti.dl_entry<"MAXIMUM_D_CACHE_SIZE", 983040 : i32>, #dlti.dl_entry<"ARCH", "dav-c310">>>, hacc.target = #hacc.target<"Ascend950PR_957b">, hivm.module_core_type = #hivm.module_core_type<MIX>} {
  func.func @paged_prefill_page_aggregation_kernel_mix_aiv_outlined_merged_vf_0(%arg0: memref<128xf32, #hivm.address_space<ub>>, %arg1: memref<128xf32, #hivm.address_space<ub>>, %arg2: memref<128xf32, #hivm.address_space<ub>>, %arg3: memref<128x64xf32, #hivm.address_space<ub>>, %arg4: memref<4x128x16xbf16, strided<[2064, 16, 1]>, #hivm.address_space<ub>>) attributes {hivm.func_core_type = #hivm.func_core_type<AIV>, hivm.vector_function} {
    %c1 = arith.constant 1 : index
    %cst = arith.constant 0.000000e+00 : f32
    %c64 = arith.constant 64 : index
    %c128 = arith.constant 128 : index
    %c0 = arith.constant 0 : index
    scf.for %arg5 = %c0 to %c128 step %c64 {
      %subview = memref.subview %arg0[%arg5] [64] [1] : memref<128xf32, #hivm.address_space<ub>> to memref<64xf32, strided<[1], offset: ?>, #hivm.address_space<ub>>
      %subview_0 = memref.subview %arg1[%arg5] [64] [1] : memref<128xf32, #hivm.address_space<ub>> to memref<64xf32, strided<[1], offset: ?>, #hivm.address_space<ub>>
      %subview_1 = memref.subview %arg2[%arg5] [64] [1] : memref<128xf32, #hivm.address_space<ub>> to memref<64xf32, strided<[1], offset: ?>, #hivm.address_space<ub>>
      %0 = vector.transfer_read %subview[%c0], %cst {in_bounds = [true]} : memref<64xf32, strided<[1], offset: ?>, #hivm.address_space<ub>>, vector<64xf32>
      %1 = vector.transfer_read %subview_0[%c0], %cst {in_bounds = [true]} : memref<64xf32, strided<[1], offset: ?>, #hivm.address_space<ub>>, vector<64xf32>
      %2 = arith.subf %0, %1 : vector<64xf32>
      vector.transfer_write %2, %subview_1[%c0] {in_bounds = [true]} : vector<64xf32>, memref<64xf32, strided<[1], offset: ?>, #hivm.address_space<ub>>
    }
    scf.for %arg5 = %c0 to %c128 step %c1 {
      %subview = memref.subview %arg3[%arg5, 0] [1, 64] [1, 1] : memref<128x64xf32, #hivm.address_space<ub>> to memref<1x64xf32, strided<[64, 1], offset: ?>, #hivm.address_space<ub>>
      %0 = vector.transfer_read %subview[%c0, %c0], %cst {in_bounds = [true, true]} : memref<1x64xf32, strided<[64, 1], offset: ?>, #hivm.address_space<ub>>, vector<1x64xf32>
      %1 = arith.truncf %0 {enable_saturate = false, round_mode = #hfusion.round_mode<rint>, unsigned_mode = #hfusion.unsigned_mode<si2si>} : vector<1x64xf32> to vector<1x64xbf16>
      %subview_0 = memref.subview %arg4[0, %arg5, 0] [4, 1, 16] [1, 1, 1] : memref<4x128x16xbf16, strided<[2064, 16, 1]>, #hivm.address_space<ub>> to memref<4x1x16xbf16, strided<[2064, 16, 1], offset: ?>, #hivm.address_space<ub>>
      %2 = vector.shape_cast %1 : vector<1x64xbf16> to vector<4x1x16xbf16>
      vector.transfer_write %2, %subview_0[%c0, %c0, %c0] {in_bounds = [true, true, true]} : vector<4x1x16xbf16>, memref<4x1x16xbf16, strided<[2064, 16, 1], offset: ?>, #hivm.address_space<ub>>
    }
    return
  }
  func.func @paged_prefill_page_aggregation_kernel_mix_aic(%arg0: memref<?xi8, #hivm.address_space<gm>> {hacc.arg_type = #hacc.arg_type<sync_block_lock>}, %arg1: memref<?xi8, #hivm.address_space<gm>> {hacc.arg_type = #hacc.arg_type<workspace>}, %arg2: memref<?xbf16, #hivm.address_space<gm>> {tt.divisibility = 16 : i32, tt.tensor_kind = 0 : i32}, %arg3: memref<?xbf16, #hivm.address_space<gm>> {tt.divisibility = 16 : i32, tt.tensor_kind = 0 : i32}, %arg4: memref<?xbf16, #hivm.address_space<gm>> {tt.divisibility = 16 : i32, tt.tensor_kind = 0 : i32}, %arg5: memref<?xbf16, #hivm.address_space<gm>> {tt.divisibility = 16 : i32, tt.tensor_kind = 1 : i32}, %arg6: memref<?xi8, #hivm.address_space<gm>> {tt.divisibility = 16 : i32, tt.tensor_kind = 0 : i32}, %arg7: memref<?xi32, #hivm.address_space<gm>> {tt.divisibility = 16 : i32, tt.tensor_kind = 0 : i32}, %arg8: memref<?xi32, #hivm.address_space<gm>> {tt.divisibility = 16 : i32, tt.tensor_kind = 0 : i32}, %arg9: memref<?xi32, #hivm.address_space<gm>> {tt.divisibility = 16 : i32, tt.tensor_kind = 0 : i32}, %arg10: memref<?xi32, #hivm.address_space<gm>> {tt.divisibility = 16 : i32, tt.tensor_kind = 0 : i32}, %arg11: memref<?xi32, #hivm.address_space<gm>> {tt.divisibility = 16 : i32, tt.tensor_kind = 0 : i32}, %arg12: memref<?xi32, #hivm.address_space<gm>> {tt.divisibility = 16 : i32, tt.tensor_kind = 0 : i32}, %arg13: memref<?xi32, #hivm.address_space<gm>> {tt.tensor_kind = 0 : i32}, %arg14: memref<?xf32, #hivm.address_space<gm>> {tt.divisibility = 16 : i32, tt.tensor_kind = 0 : i32}, %arg15: i32 {tt.divisibility = 16 : i32}, %arg16: i32 {tt.divisibility = 16 : i32}, %arg17: i32 {tt.divisibility = 16 : i32}, %arg18: i32 {tt.divisibility = 16 : i32}, %arg19: i32 {tt.divisibility = 16 : i32}, %arg20: i32 {tt.divisibility = 16 : i32}, %arg21: i32 {tt.divisibility = 16 : i32}, %arg22: i32 {tt.divisibility = 16 : i32}, %arg23: i32 {tt.divisibility = 16 : i32}, %arg24: i32 {tt.divisibility = 16 : i32}, %arg25: i32, %arg26: i32 {tt.divisibility = 16 : i32}, %arg27: f32, %arg28: i32, %arg29: i32, %arg30: i32) attributes {SyncBlockLockArgIdx = 0 : i64, WorkspaceArgIdx = 1 : i64, func_dyn_memref_args = dense<[true, true, true, true, true, true, true, true, true, true, true, true, true, true, true, false, false, false, false, false, false, false, false, false, false, false, false, false, false, false, false]> : vector<31xi1>, hacc.entry, hacc.function_kind = #hacc.function_kind<DEVICE>, hivm.func_core_type = #hivm.func_core_type<AIC>, hivm.part_of_mix, hivm.vf_mode = #hivm.vf_mode<SIMD>, mix_mode = "mix", parallel_mode = "simd"} {
    %0 = llvm.mlir.constant(1024 : i64) : i64
    %1 = llvm.mlir.constant(0 : i64) : i64
    %2 = llvm.mlir.constant(0 : i32) : i32
    %c0_i32 = arith.constant 0 : i32
    %cst = arith.constant 0.000000e+00 : bf16
    %c0 = arith.constant 0 : index
    %c63_i32 = arith.constant 63 : i32
    %c256_i32 = arith.constant 256 : i32
    %c256 = arith.constant 256 : index
    %c64_i32 = arith.constant 64 : i32
    %c64 = arith.constant 64 : index
    %c12_i32 = arith.constant 12 : i32
    %3 = llvm.mlir.constant(4 : i64) : i64
    %4 = llvm.mlir.constant(1028 : i64) : i64
    %5 = llvm.mlir.constant(8 : i64) : i64
    %6 = llvm.mlir.constant(1032 : i64) : i64
    %c3_i32 = arith.constant 3 : i32
    %c1_i32 = arith.constant 1 : i32
    %true = arith.constant true
    %c28_i32 = arith.constant 28 : i32
    %7 = arith.muli %arg28, %arg29 : i32
    %8 = arith.muli %7, %arg30 : i32
    annotation.mark %8 {logical_block_num} : i32
    %9 = hivm.hir.get_block_idx -> i64
    %10 = arith.trunci %9 : i64 to i32
    %11 = llvm.inttoptr %1 : i64 to !llvm.ptr<11>
    %12 = llvm.inttoptr %0 : i64 to !llvm.ptr<11>
    %13 = llvm.inttoptr %3 : i64 to !llvm.ptr<11>
    %14 = llvm.inttoptr %4 : i64 to !llvm.ptr<11>
    %15 = llvm.inttoptr %5 : i64 to !llvm.ptr<11>
    %16 = llvm.inttoptr %6 : i64 to !llvm.ptr<11>
    scf.for %arg31 = %10 to %8 step %c28_i32  : i32 {
      hivm.hir.set_ctrl false at ctrl[60]
      hivm.hir.set_ctrl true at ctrl[48]
      %17 = arith.remsi %arg31, %arg28 : i32
      llvm.store volatile %2, %11 : i32, !llvm.ptr<11>
      llvm.store volatile %2, %12 : i32, !llvm.ptr<11>
      llvm.store volatile %2, %13 : i32, !llvm.ptr<11>
      llvm.store volatile %2, %14 : i32, !llvm.ptr<11>
      llvm.store volatile %2, %15 : i32, !llvm.ptr<11>
      llvm.store volatile %2, %16 : i32, !llvm.ptr<11>
      %18 = arith.index_cast %17 : i32 to index
      %reinterpret_cast = memref.reinterpret_cast %arg10 to offset: [%18], sizes: [1], strides: [1] : memref<?xi32, #hivm.address_space<gm>> to memref<1xi32, strided<[1], offset: ?>, #hivm.address_space<gm>>
      %19 = memref.load %reinterpret_cast[%c0] : memref<1xi32, strided<[1], offset: ?>, #hivm.address_space<gm>>
      %20 = affine.apply #map()[%18]
      %reinterpret_cast_0 = memref.reinterpret_cast %arg10 to offset: [%20], sizes: [1], strides: [1] : memref<?xi32, #hivm.address_space<gm>> to memref<1xi32, strided<[1], offset: ?>, #hivm.address_space<gm>>
      %21 = memref.load %reinterpret_cast_0[%c0] : memref<1xi32, strided<[1], offset: ?>, #hivm.address_space<gm>>
      scf.for %arg32 = %19 to %21 step %c1_i32  : i32 {
        %22 = arith.index_cast %arg32 : i32 to index
        %reinterpret_cast_1 = memref.reinterpret_cast %arg7 to offset: [%22], sizes: [1], strides: [1] : memref<?xi32, #hivm.address_space<gm>> to memref<1xi32, strided<[1], offset: ?>, #hivm.address_space<gm>>
        %23 = memref.load %reinterpret_cast_1[%c0] : memref<1xi32, strided<[1], offset: ?>, #hivm.address_space<gm>>
        %24 = arith.index_cast %23 : i32 to index
        %reinterpret_cast_2 = memref.reinterpret_cast %arg11 to offset: [%24], sizes: [1], strides: [1] : memref<?xi32, #hivm.address_space<gm>> to memref<1xi32, strided<[1], offset: ?>, #hivm.address_space<gm>>
        %25 = memref.load %reinterpret_cast_2[%c0] : memref<1xi32, strided<[1], offset: ?>, #hivm.address_space<gm>>
        %26 = affine.apply #map()[%24]
        %reinterpret_cast_3 = memref.reinterpret_cast %arg11 to offset: [%26], sizes: [1], strides: [1] : memref<?xi32, #hivm.address_space<gm>> to memref<1xi32, strided<[1], offset: ?>, #hivm.address_space<gm>>
        %27 = memref.load %reinterpret_cast_3[%c0] : memref<1xi32, strided<[1], offset: ?>, #hivm.address_space<gm>>
        %28 = arith.subi %27, %25 : i32
        %29 = arith.cmpi sgt, %28, %c0_i32 : i32
        %reinterpret_cast_4 = memref.reinterpret_cast %arg8 to offset: [%22], sizes: [1], strides: [1] : memref<?xi32, #hivm.address_space<gm>> to memref<1xi32, strided<[1], offset: ?>, #hivm.address_space<gm>>
        %30 = memref.load %reinterpret_cast_4[%c0] : memref<1xi32, strided<[1], offset: ?>, #hivm.address_space<gm>>
        %reinterpret_cast_5 = memref.reinterpret_cast %arg9 to offset: [%22], sizes: [1], strides: [1] : memref<?xi32, #hivm.address_space<gm>> to memref<1xi32, strided<[1], offset: ?>, #hivm.address_space<gm>>
        %31 = memref.load %reinterpret_cast_5[%c0] : memref<1xi32, strided<[1], offset: ?>, #hivm.address_space<gm>>
        scf.if %29 {
          %reinterpret_cast_6 = memref.reinterpret_cast %arg12 to offset: [%24], sizes: [1], strides: [1] : memref<?xi32, #hivm.address_space<gm>> to memref<1xi32, strided<[1], offset: ?>, #hivm.address_space<gm>>
          %32 = memref.load %reinterpret_cast_6[%c0] : memref<1xi32, strided<[1], offset: ?>, #hivm.address_space<gm>>
          %33 = arith.subi %32, %28 : i32
          %34 = arith.muli %30, %c256_i32 : i32
          %35 = arith.addi %34, %c256_i32 : i32
          %36 = arith.minsi %35, %28 : i32
          %37 = arith.addi %33, %36 : i32
          %38 = arith.addi %37, %c63_i32 : i32
          %39 = arith.divsi %38, %c64_i32 : i32
          %40 = arith.divsi %31, %c12_i32 : i32
          %41 = arith.subi %36, %34 : i32
          %42 = arith.addi %25, %34 : i32
          %43 = arith.muli %42, %arg15 : i32
          %44 = arith.muli %31, %arg16 : i32
          %45 = arith.index_cast %43 : i32 to index
          %46 = arith.index_cast %44 : i32 to index
          %47 = affine.apply #map1()[%45, %46]
          %48 = arith.index_cast %arg15 : i32 to index
          %49 = arith.index_cast %41 : i32 to index
          %reinterpret_cast_7 = memref.reinterpret_cast %arg2 to offset: [%47], sizes: [256, 256], strides: [%48, 1] : memref<?xbf16, #hivm.address_space<gm>> to memref<256x256xbf16, strided<[?, 1], offset: ?>, #hivm.address_space<gm>>
          %50 = arith.maxsi %49, %c0 : index
          %51 = arith.minsi %50, %c256 : index
          %52 = arith.minsi %51, %c0 : index
          %53 = affine.apply #map2()[%51, %52]
          %54 = arith.cmpi slt, %53, %c256 : index
          %subview = memref.subview %reinterpret_cast_7[0, 0] [%53, 256] [1, 1] : memref<256x256xbf16, strided<[?, 1], offset: ?>, #hivm.address_space<gm>> to memref<?x256xbf16, strided<[?, 1], offset: ?>, #hivm.address_space<gm>>
          %55 = arith.subi %arg25, %c1_i32 : i32
          %56 = arith.muli %23, %arg25 : i32
          %57 = arith.muli %40, %arg18 : i32
          %58 = arith.muli %40, %arg21 : i32
          %alloc = memref.alloc() : memref<16x16x16x16xbf16, #hivm.address_space<cbuf>>
          annotation.mark %alloc {hivm.multi_buffer = 2 : i32} : memref<16x16x16x16xbf16, #hivm.address_space<cbuf>>
          %cast = memref.cast %alloc : memref<16x16x16x16xbf16, #hivm.address_space<cbuf>> to memref<?x?x?x?xbf16, #hivm.address_space<cbuf>>
          %59 = affine.apply #map3()[%51, %52]
          %60 = affine.apply #map4()[%52]
          %61 = affine.apply #map5()[%52]
          %subview_8 = memref.subview %alloc[0, %60, %61, 0] [16, %59, 16, 16] [1, 1, 1, 1] : memref<16x16x16x16xbf16, #hivm.address_space<cbuf>> to memref<16x?x16x16xbf16, strided<[4096, 256, 16, 1], offset: ?>, #hivm.address_space<cbuf>>
          %cast_9 = memref.cast %subview_8 : memref<16x?x16x16xbf16, strided<[4096, 256, 16, 1], offset: ?>, #hivm.address_space<cbuf>> to memref<?x?x?x?xbf16, strided<[?, ?, ?, 1], offset: ?>, #hivm.address_space<cbuf>>
          scf.if %54 {
            %collapse_shape = memref.collapse_shape %alloc [[0, 1, 2, 3]] : memref<16x16x16x16xbf16, #hivm.address_space<cbuf>> into memref<65536xbf16, #hivm.address_space<cbuf>>
            hivm.hir.vbrc ins(%cst : bf16) outs(%collapse_shape : memref<65536xbf16, #hivm.address_space<cbuf>>)
          } {hivm.unlikely_condition}
          hivm.hir.nd2nz {dst_continuous} ins(%subview : memref<?x256xbf16, strided<[?, 1], offset: ?>, #hivm.address_space<gm>>) outs(%cast_9 : memref<?x?x?x?xbf16, strided<[?, ?, ?, 1], offset: ?>, #hivm.address_space<cbuf>>)
          %alloc_10 = memref.alloc() : memref<4x16x16x16xbf16, #hivm.address_space<cbuf>>
          annotation.mark %alloc_10 {effects = ["write", "read"], hivm.tightly_coupled_buffer = #hivm.tightly_coupled_buffer<0>, hivm.tiling_dim = -1 : index} : memref<4x16x16x16xbf16, #hivm.address_space<cbuf>>
          hivm.hir.sync_block_set[<CUBE>, <PIPE_M>, <PIPE_MTE3>] flag = 1
          %alloc_11 = memref.alloc() : memref<128x64xf32, #hivm.address_space<ub>>
          annotation.mark %alloc_11 {effects = ["write", "read"], hivm.tightly_coupled_buffer = #hivm.tightly_coupled_buffer<1>, hivm.tiling_dim = 0 : index} : memref<128x64xf32, #hivm.address_space<ub>>
          %alloc_12 = memref.alloc() : memref<128x256xf32, #hivm.address_space<ub>>
          annotation.mark %alloc_12 {effects = ["write", "read"], hivm.tightly_coupled_buffer = #hivm.tightly_coupled_buffer<2>, hivm.tiling_dim = 0 : index} : memref<128x256xf32, #hivm.address_space<ub>>
          %62 = arith.addi %39, %c3_i32 : i32
          %63:3 = scf.for %arg33 = %c0_i32 to %62 step %c1_i32 iter_args(%arg34 = %c0_i32, %arg35 = %c0_i32, %arg36 = %c0_i32) -> (i32, i32, i32)  : i32 {
            hivm.hir.sync_block_wait[<CUBE>, <PIPE_S>, <PIPE_S>] flag = 15
            %64 = arith.cmpi slt, %arg34, %39 : i32
            %65 = scf.if %64 -> (i32) {
              %88 = arith.addi %arg34, %c1_i32 : i32
              scf.yield %88 : i32
            } else {
              scf.yield %arg34 : i32
            } {hivm.matmul_limited_in_cube, ssbuffer.if = 8 : i32}
            %66 = llvm.load volatile %11 : !llvm.ptr<11> -> i32
            %67 = llvm.load volatile %12 : !llvm.ptr<11> -> i32
            %68 = arith.cmpi slt, %66, %c1_i32 : i32
            %69 = arith.cmpi slt, %67, %c1_i32 : i32
            %70 = arith.andi %68, %69 : i1
            %71 = arith.cmpi slt, %arg35, %39 : i32
            %72 = arith.andi %70, %71 : i1
            %73 = scf.if %72 -> (i32) {
              %88 = arith.muli %arg35, %c64_i32 : i32
              %89 = arith.addi %88, %c64_i32 : i32
              %90 = arith.minsi %89, %32 : i32
              %91 = arith.subi %90, %88 : i32
              %92 = arith.maxsi %91, %c0_i32 : i32
              %93 = arith.index_cast %arg19 : i32 to index
              %94 = arith.index_cast %92 : i32 to index
              %95 = arith.maxsi %94, %c0 : index
              %96 = arith.minsi %95, %c64 : index
              %97 = arith.minsi %96, %c0 : index
              %98 = affine.apply #map2()[%96, %97]
              %99 = arith.cmpi slt, %98, %c64 : index
              %alloc_13 = memref.alloc() : memref<16x4x16x16xbf16, #hivm.address_space<cbuf>>
              annotation.mark %alloc_13 {hivm.multi_buffer = 2 : i32} : memref<16x4x16x16xbf16, #hivm.address_space<cbuf>>
              %cast_14 = memref.cast %alloc_13 : memref<16x4x16x16xbf16, #hivm.address_space<cbuf>> to memref<?x?x?x?xbf16, #hivm.address_space<cbuf>>
              %100 = arith.divsi %88, %c64_i32 : i32
              %101 = arith.minsi %100, %55 : i32
              %102 = arith.remsi %88, %c64_i32 : i32
              %103 = arith.index_cast %56 : i32 to index
              %104 = arith.index_cast %101 : i32 to index
              %105 = affine.apply #map1()[%103, %104]
              %reinterpret_cast_15 = memref.reinterpret_cast %arg13 to offset: [%105], sizes: [1], strides: [1] : memref<?xi32, #hivm.address_space<gm>> to memref<1xi32, strided<[1], offset: ?>, #hivm.address_space<gm>>
              %106 = memref.load %reinterpret_cast_15[%c0] : memref<1xi32, strided<[1], offset: ?>, #hivm.address_space<gm>>
              %107 = arith.muli %106, %arg17 : i32
              %108 = arith.index_cast %107 : i32 to index
              %109 = arith.index_cast %57 : i32 to index
              %110 = arith.muli %102, %arg19 : i32
              %111 = arith.index_cast %110 : i32 to index
              %112 = affine.apply #map6()[%111, %108, %109]
              %reinterpret_cast_16 = memref.reinterpret_cast %arg3 to offset: [%112], sizes: [64, 256], strides: [%93, 1] : memref<?xbf16, #hivm.address_space<gm>> to memref<64x256xbf16, strided<[?, 1], offset: ?>, #hivm.address_space<gm>>
              %subview_17 = memref.subview %reinterpret_cast_16[0, 0] [%98, 256] [1, 1] : memref<64x256xbf16, strided<[?, 1], offset: ?>, #hivm.address_space<gm>> to memref<?x256xbf16, strided<[?, 1], offset: ?>, #hivm.address_space<gm>>
              %113 = affine.apply #map3()[%96, %97]
              %114 = affine.apply #map4()[%97]
              %115 = affine.apply #map5()[%97]
              %subview_18 = memref.subview %alloc_13[0, %114, %115, 0] [16, %113, 16, 16] [1, 1, 1, 1] : memref<16x4x16x16xbf16, #hivm.address_space<cbuf>> to memref<16x?x16x16xbf16, strided<[1024, 256, 16, 1], offset: ?>, #hivm.address_space<cbuf>>
              %cast_19 = memref.cast %subview_18 : memref<16x?x16x16xbf16, strided<[1024, 256, 16, 1], offset: ?>, #hivm.address_space<cbuf>> to memref<?x?x?x?xbf16, strided<[?, ?, ?, 1], offset: ?>, #hivm.address_space<cbuf>>
              scf.if %99 {
                %collapse_shape = memref.collapse_shape %alloc_13 [[0, 1, 2, 3]] : memref<16x4x16x16xbf16, #hivm.address_space<cbuf>> into memref<16384xbf16, #hivm.address_space<cbuf>>
                hivm.hir.vbrc ins(%cst : bf16) outs(%collapse_shape : memref<16384xbf16, #hivm.address_space<cbuf>>)
              } {hivm.unlikely_condition}
              hivm.hir.nd2nz {dst_continuous} ins(%subview_17 : memref<?x256xbf16, strided<[?, 1], offset: ?>, #hivm.address_space<gm>>) outs(%cast_19 : memref<?x?x?x?xbf16, strided<[?, ?, ?, 1], offset: ?>, #hivm.address_space<cbuf>>)
              %alloc_20 = memref.alloc() {alignment = 64 : i64} : memref<4x16x16x16xf32, #hivm.address_space<cc>>
              annotation.mark %alloc_20 {hivm.multi_buffer = 2 : i32} : memref<4x16x16x16xf32, #hivm.address_space<cc>>
              %cast_21 = memref.cast %alloc_20 : memref<4x16x16x16xf32, #hivm.address_space<cc>> to memref<?x?x?x?xf32, #hivm.address_space<cc>>
              hivm.hir.mmadL1 {already_set_real_mkn, b_transpose, normalized_in_L0C} ins(%cast, %cast_14, %true, %c256, %c256, %c64 : memref<?x?x?x?xbf16, #hivm.address_space<cbuf>>, memref<?x?x?x?xbf16, #hivm.address_space<cbuf>>, i1, index, index, index) outs(%cast_21 : memref<?x?x?x?xf32, #hivm.address_space<cc>>)
              hivm.hir.sync_block_wait[<CUBE>, <PIPE_V>, <PIPE_FIX>] flag = 2
              hivm.hir.fixpipe {dma_mode = #hivm.dma_mode<nz2nd>} ins(%alloc_20 : memref<4x16x16x16xf32, #hivm.address_space<cc>>) outs(%alloc_11 : memref<128x64xf32, #hivm.address_space<ub>>) dual_dst_mode = <ROW_SPLIT>
              hivm.hir.sync_block_set[<CUBE>, <PIPE_FIX>, <PIPE_V>] flag = 2
              %116 = llvm.load volatile %11 : !llvm.ptr<11> -> i32
              %117 = llvm.load volatile %12 : !llvm.ptr<11> -> i32
              %118 = arith.addi %116, %c1_i32 : i32
              %119 = arith.addi %117, %c1_i32 : i32
              llvm.store volatile %118, %11 : i32, !llvm.ptr<11>
              llvm.store volatile %119, %12 : i32, !llvm.ptr<11>
              %120 = arith.addi %arg35, %c1_i32 : i32
              scf.yield %120 : i32
            } else {
              scf.yield %arg35 : i32
            } {hivm.matmul_limited_in_cube, ssbuffer.if = 5 : i32}
            %74 = llvm.load volatile %15 : !llvm.ptr<11> -> i32
            %75 = llvm.load volatile %16 : !llvm.ptr<11> -> i32
            %76 = arith.cmpi sgt, %74, %c0_i32 : i32
            %77 = arith.cmpi sgt, %75, %c0_i32 : i32
            %78 = arith.andi %76, %77 : i1
            %79 = llvm.load volatile %13 : !llvm.ptr<11> -> i32
            %80 = llvm.load volatile %14 : !llvm.ptr<11> -> i32
            %81 = arith.cmpi slt, %79, %c1_i32 : i32
            %82 = arith.cmpi slt, %80, %c1_i32 : i32
            %83 = arith.andi %81, %82 : i1
            %84 = arith.andi %78, %83 : i1
            %85 = arith.cmpi slt, %arg36, %39 : i32
            %86 = arith.andi %84, %85 : i1
            %87 = scf.if %86 -> (i32) {
              %88 = arith.muli %arg36, %c64_i32 : i32
              %89 = arith.addi %88, %c64_i32 : i32
              %90 = arith.minsi %89, %32 : i32
              %91 = arith.subi %90, %88 : i32
              %92 = arith.maxsi %91, %c0_i32 : i32
              %93 = arith.index_cast %92 : i32 to index
              %94 = arith.index_cast %arg22 : i32 to index
              %95 = arith.maxsi %93, %c0 : index
              %96 = arith.minsi %95, %c64 : index
              %97 = arith.minsi %96, %c0 : index
              %98 = affine.apply #map2()[%96, %97]
              %99 = arith.cmpi slt, %98, %c64 : index
              %100 = arith.divsi %88, %c64_i32 : i32
              %101 = arith.minsi %100, %55 : i32
              %102 = arith.remsi %88, %c64_i32 : i32
              %103 = arith.index_cast %56 : i32 to index
              %104 = arith.index_cast %101 : i32 to index
              %105 = affine.apply #map1()[%103, %104]
              %reinterpret_cast_13 = memref.reinterpret_cast %arg13 to offset: [%105], sizes: [1], strides: [1] : memref<?xi32, #hivm.address_space<gm>> to memref<1xi32, strided<[1], offset: ?>, #hivm.address_space<gm>>
              %106 = memref.load %reinterpret_cast_13[%c0] : memref<1xi32, strided<[1], offset: ?>, #hivm.address_space<gm>>
              %alloc_14 = memref.alloc() : memref<16x4x16x16xbf16, #hivm.address_space<cbuf>>
              annotation.mark %alloc_14 {hivm.multi_buffer = 2 : i32} : memref<16x4x16x16xbf16, #hivm.address_space<cbuf>>
              %cast_15 = memref.cast %alloc_14 : memref<16x4x16x16xbf16, #hivm.address_space<cbuf>> to memref<?x?x?x?xbf16, #hivm.address_space<cbuf>>
              %107 = arith.muli %106, %arg20 : i32
              %108 = arith.index_cast %107 : i32 to index
              %109 = arith.index_cast %58 : i32 to index
              %110 = arith.muli %102, %arg22 : i32
              %111 = arith.index_cast %110 : i32 to index
              %112 = affine.apply #map6()[%111, %108, %109]
              %reinterpret_cast_16 = memref.reinterpret_cast %arg4 to offset: [%112], sizes: [64, 256], strides: [%94, 1] : memref<?xbf16, #hivm.address_space<gm>> to memref<64x256xbf16, strided<[?, 1], offset: ?>, #hivm.address_space<gm>>
              %subview_17 = memref.subview %reinterpret_cast_16[0, 0] [%98, 256] [1, 1] : memref<64x256xbf16, strided<[?, 1], offset: ?>, #hivm.address_space<gm>> to memref<?x256xbf16, strided<[?, 1], offset: ?>, #hivm.address_space<gm>>
              %113 = affine.apply #map3()[%96, %97]
              %114 = affine.apply #map4()[%97]
              %115 = affine.apply #map5()[%97]
              %subview_18 = memref.subview %alloc_14[0, %114, %115, 0] [16, %113, 16, 16] [1, 1, 1, 1] : memref<16x4x16x16xbf16, #hivm.address_space<cbuf>> to memref<16x?x16x16xbf16, strided<[1024, 256, 16, 1], offset: ?>, #hivm.address_space<cbuf>>
              %cast_19 = memref.cast %subview_18 : memref<16x?x16x16xbf16, strided<[1024, 256, 16, 1], offset: ?>, #hivm.address_space<cbuf>> to memref<?x?x?x?xbf16, strided<[?, ?, ?, 1], offset: ?>, #hivm.address_space<cbuf>>
              scf.if %99 {
                %collapse_shape = memref.collapse_shape %alloc_14 [[0, 1, 2, 3]] : memref<16x4x16x16xbf16, #hivm.address_space<cbuf>> into memref<16384xbf16, #hivm.address_space<cbuf>>
                hivm.hir.vbrc ins(%cst : bf16) outs(%collapse_shape : memref<16384xbf16, #hivm.address_space<cbuf>>)
              } {hivm.unlikely_condition}
              hivm.hir.nd2nz {dst_continuous} ins(%subview_17 : memref<?x256xbf16, strided<[?, 1], offset: ?>, #hivm.address_space<gm>>) outs(%cast_19 : memref<?x?x?x?xbf16, strided<[?, ?, ?, 1], offset: ?>, #hivm.address_space<cbuf>>)
              hivm.hir.sync_block_wait[<CUBE>, <PIPE_MTE3>, <PIPE_MTE1>] flag = 1
              %alloc_20 = memref.alloc() {alignment = 64 : i64} : memref<16x16x16x16xf32, #hivm.address_space<cc>>
              annotation.mark %alloc_20 {hivm.multi_buffer = 2 : i32} : memref<16x16x16x16xf32, #hivm.address_space<cc>>
              %cast_21 = memref.cast %alloc_20 : memref<16x16x16x16xf32, #hivm.address_space<cc>> to memref<?x?x?x?xf32, #hivm.address_space<cc>>
              hivm.hir.mmadL1 {already_set_real_mkn, normalized_in_L0C} ins(%alloc_10, %cast_15, %true, %c256, %c64, %c256 : memref<4x16x16x16xbf16, #hivm.address_space<cbuf>>, memref<?x?x?x?xbf16, #hivm.address_space<cbuf>>, i1, index, index, index) outs(%cast_21 : memref<?x?x?x?xf32, #hivm.address_space<cc>>)
              hivm.hir.sync_block_set[<CUBE>, <PIPE_M>, <PIPE_MTE3>] flag = 1
              hivm.hir.sync_block_wait[<CUBE>, <PIPE_V>, <PIPE_FIX>] flag = 3
              hivm.hir.fixpipe {dma_mode = #hivm.dma_mode<nz2nd>} ins(%alloc_20 : memref<16x16x16x16xf32, #hivm.address_space<cc>>) outs(%alloc_12 : memref<128x256xf32, #hivm.address_space<ub>>) dual_dst_mode = <ROW_SPLIT>
              hivm.hir.sync_block_set[<CUBE>, <PIPE_FIX>, <PIPE_V>] flag = 3
              %116 = llvm.load volatile %15 : !llvm.ptr<11> -> i32
              %117 = llvm.load volatile %16 : !llvm.ptr<11> -> i32
              %118 = arith.subi %116, %c1_i32 : i32
              %119 = arith.subi %117, %c1_i32 : i32
              llvm.store volatile %118, %15 : i32, !llvm.ptr<11>
              llvm.store volatile %119, %16 : i32, !llvm.ptr<11>
              %120 = llvm.load volatile %13 : !llvm.ptr<11> -> i32
              %121 = llvm.load volatile %14 : !llvm.ptr<11> -> i32
              %122 = arith.addi %120, %c1_i32 : i32
              %123 = arith.addi %121, %c1_i32 : i32
              llvm.store volatile %122, %13 : i32, !llvm.ptr<11>
              llvm.store volatile %123, %14 : i32, !llvm.ptr<11>
              %124 = arith.addi %arg36, %c1_i32 : i32
              scf.yield %124 : i32
            } else {
              scf.yield %arg36 : i32
            } {hivm.matmul_limited_in_cube, ssbuffer.if = 7 : i32}
            hivm.hir.sync_block_set[<CUBE>, <PIPE_S>, <PIPE_S>] flag = 15
            scf.yield %65, %73, %87 : i32, i32, i32
          } {fixpipe_for_mmad_result_already_inserted = true}
          hivm.hir.sync_block_wait[<CUBE>, <PIPE_S>, <PIPE_S>] flag = 15
          hivm.hir.sync_block_wait[<CUBE>, <PIPE_V>, <PIPE_FIX>] flag = 3
          hivm.hir.sync_block_wait[<CUBE>, <PIPE_V>, <PIPE_FIX>] flag = 2
        }
      }
      hivm.hir.set_ctrl true at ctrl[60]
    } {autoblockify.subloop}
    return
  }
  func.func @paged_prefill_page_aggregation_kernel_mix_aiv_outlined_vf_0(%arg0: memref<128x64xi8, #hivm.address_space<ub>>, %arg1: memref<128x64xf32, #hivm.address_space<ub>>, %arg2: f32, %arg3: memref<128x64xf32, #hivm.address_space<ub>>) attributes {hivm.func_core_type = #hivm.func_core_type<AIV>, hivm.vector_function, no_inline} {
    %cst = arith.constant dense<0xFF800000> : vector<1x64xf32>
    %cst_0 = arith.constant dense<0> : vector<1x64xi8>
    %cst_1 = arith.constant 0.000000e+00 : f32
    %c0_i8 = arith.constant 0 : i8
    %c1 = arith.constant 1 : index
    %c128 = arith.constant 128 : index
    %c0 = arith.constant 0 : index
    scf.for %arg4 = %c0 to %c128 step %c1 {
      %subview = memref.subview %arg0[%arg4, 0] [1, 64] [1, 1] : memref<128x64xi8, #hivm.address_space<ub>> to memref<1x64xi8, strided<[64, 1], offset: ?>, #hivm.address_space<ub>>
      %subview_2 = memref.subview %arg1[%arg4, 0] [1, 64] [1, 1] : memref<128x64xf32, #hivm.address_space<ub>> to memref<1x64xf32, strided<[64, 1], offset: ?>, #hivm.address_space<ub>>
      %subview_3 = memref.subview %arg3[%arg4, 0] [1, 64] [1, 1] : memref<128x64xf32, #hivm.address_space<ub>> to memref<1x64xf32, strided<[64, 1], offset: ?>, #hivm.address_space<ub>>
      %0 = vector.transfer_read %subview[%c0, %c0], %c0_i8 {in_bounds = [true, true]} : memref<1x64xi8, strided<[64, 1], offset: ?>, #hivm.address_space<ub>>, vector<1x64xi8>
      %1 = vector.transfer_read %subview_2[%c0, %c0], %cst_1 {in_bounds = [true, true]} : memref<1x64xf32, strided<[64, 1], offset: ?>, #hivm.address_space<ub>>, vector<1x64xf32>
      %2 = vector.broadcast %arg2 : f32 to vector<1x64xf32>
      %3 = arith.mulf %1, %2 : vector<1x64xf32>
      %4 = arith.cmpi ne, %0, %cst_0 : vector<1x64xi8>
      %5 = arith.select %4, %3, %cst : vector<1x64xi1>, vector<1x64xf32>
      vector.transfer_write %5, %subview_3[%c0, %c0] {in_bounds = [true, true]} : vector<1x64xf32>, memref<1x64xf32, strided<[64, 1], offset: ?>, #hivm.address_space<ub>>
    }
    return
  }
  func.func @paged_prefill_page_aggregation_kernel_mix_aiv_outlined_vf_1(%arg0: memref<128x64xf32, #hivm.address_space<ub>>, %arg1: memref<128xf32, #hivm.address_space<ub>>, %arg2: memref<128xf32, #hivm.address_space<ub>>, %arg3: memref<128xf32, #hivm.address_space<ub>>, %arg4: memref<128x64xf32, #hivm.address_space<ub>>) attributes {hivm.func_core_type = #hivm.func_core_type<AIV>, hivm.vector_function, no_inline} {
    %cst = arith.constant 0.000000e+00 : f32
    %c1 = arith.constant 1 : index
    %c128 = arith.constant 128 : index
    %c64 = arith.constant 64 : index
    %c0 = arith.constant 0 : index
    scf.for %arg5 = %c0 to %c128 step %c1 {
      %subview = memref.subview %arg1[%arg5] [1] [1] : memref<128xf32, #hivm.address_space<ub>> to memref<1xf32, strided<[1], offset: ?>, #hivm.address_space<ub>>
      %subview_0 = memref.subview %arg0[%arg5, 0] [1, 64] [1, 1] : memref<128x64xf32, #hivm.address_space<ub>> to memref<1x64xf32, strided<[64, 1], offset: ?>, #hivm.address_space<ub>>
      %0 = vector.transfer_read %subview_0[%c0, %c0], %cst {in_bounds = [true, true]} : memref<1x64xf32, strided<[64, 1], offset: ?>, #hivm.address_space<ub>>, vector<1x64xf32>
      %1 = vector.transfer_read %subview[%c0], %cst {in_bounds = [true]} : memref<1xf32, strided<[1], offset: ?>, #hivm.address_space<ub>>, vector<1xf32>
      %2 = vector.multi_reduction <maximumf>, %0, %1 {withoutInitMergeOp} [1] : vector<1x64xf32> to vector<1xf32>
      vector.transfer_write %2, %subview[%c0] {in_bounds = [true]} : vector<1xf32>, memref<1xf32, strided<[1], offset: ?>, #hivm.address_space<ub>>
    }
    scf.for %arg5 = %c0 to %c128 step %c64 {
      %subview = memref.subview %arg2[%arg5] [64] [1] : memref<128xf32, #hivm.address_space<ub>> to memref<64xf32, strided<[1], offset: ?>, #hivm.address_space<ub>>
      %subview_0 = memref.subview %arg1[%arg5] [64] [1] : memref<128xf32, #hivm.address_space<ub>> to memref<64xf32, strided<[1], offset: ?>, #hivm.address_space<ub>>
      %subview_1 = memref.subview %arg3[%arg5] [64] [1] : memref<128xf32, #hivm.address_space<ub>> to memref<64xf32, strided<[1], offset: ?>, #hivm.address_space<ub>>
      %0 = vector.transfer_read %subview[%c0], %cst {in_bounds = [true]} : memref<64xf32, strided<[1], offset: ?>, #hivm.address_space<ub>>, vector<64xf32>
      %1 = vector.transfer_read %subview_0[%c0], %cst {in_bounds = [true]} : memref<64xf32, strided<[1], offset: ?>, #hivm.address_space<ub>>, vector<64xf32>
      %2 = arith.maximumf %0, %1 : vector<64xf32>
      vector.transfer_write %2, %subview_1[%c0] {in_bounds = [true]} : vector<64xf32>, memref<64xf32, strided<[1], offset: ?>, #hivm.address_space<ub>>
    }
    scf.for %arg5 = %c0 to %c128 step %c1 {
      %subview = memref.subview %arg3[%arg5] [1] [1] : memref<128xf32, #hivm.address_space<ub>> to memref<1xf32, strided<[1], offset: ?>, #hivm.address_space<ub>>
      %subview_0 = memref.subview %arg0[%arg5, 0] [1, 64] [1, 1] : memref<128x64xf32, #hivm.address_space<ub>> to memref<1x64xf32, strided<[64, 1], offset: ?>, #hivm.address_space<ub>>
      %subview_1 = memref.subview %arg4[%arg5, 0] [1, 64] [1, 1] : memref<128x64xf32, #hivm.address_space<ub>> to memref<1x64xf32, strided<[64, 1], offset: ?>, #hivm.address_space<ub>>
      %0 = vector.transfer_read %subview_0[%c0, %c0], %cst {in_bounds = [true, true]} : memref<1x64xf32, strided<[64, 1], offset: ?>, #hivm.address_space<ub>>, vector<1x64xf32>
      %1 = vector.transfer_read %subview[%c0], %cst {in_bounds = [true, true], permutation_map = #map7} : memref<1xf32, strided<[1], offset: ?>, #hivm.address_space<ub>>, vector<1x64xf32>
      %2 = arith.subf %0, %1 : vector<1x64xf32>
      %3 = math.exp %2 : vector<1x64xf32>
      vector.transfer_write %3, %subview_1[%c0, %c0] {in_bounds = [true, true]} : vector<1x64xf32>, memref<1x64xf32, strided<[64, 1], offset: ?>, #hivm.address_space<ub>>
    }
    return
  }
  func.func @paged_prefill_page_aggregation_kernel_mix_aiv_outlined_vf_4(%arg0: memref<128xf32, #hivm.address_space<ub>>, %arg1: memref<128xf32, #hivm.address_space<ub>>) attributes {hivm.func_core_type = #hivm.func_core_type<AIV>, hivm.vector_function, no_inline} {
    %cst = arith.constant 0.000000e+00 : f32
    %c64 = arith.constant 64 : index
    %c128 = arith.constant 128 : index
    %c0 = arith.constant 0 : index
    scf.for %arg2 = %c0 to %c128 step %c64 {
      %subview = memref.subview %arg0[%arg2] [64] [1] : memref<128xf32, #hivm.address_space<ub>> to memref<64xf32, strided<[1], offset: ?>, #hivm.address_space<ub>>
      %subview_0 = memref.subview %arg1[%arg2] [64] [1] : memref<128xf32, #hivm.address_space<ub>> to memref<64xf32, strided<[1], offset: ?>, #hivm.address_space<ub>>
      %0 = vector.transfer_read %subview[%c0], %cst {in_bounds = [true]} : memref<64xf32, strided<[1], offset: ?>, #hivm.address_space<ub>>, vector<64xf32>
      %1 = math.exp %0 : vector<64xf32>
      vector.transfer_write %1, %subview_0[%c0] {in_bounds = [true]} : vector<64xf32>, memref<64xf32, strided<[1], offset: ?>, #hivm.address_space<ub>>
    }
    return
  }
  func.func @paged_prefill_page_aggregation_kernel_mix_aiv_outlined_vf_5(%arg0: memref<128x64xf32, #hivm.address_space<ub>>, %arg1: memref<128xf32, #hivm.address_space<ub>>, %arg2: memref<128x256xf32, #hivm.address_space<ub>>, %arg3: memref<128x256xf32, #hivm.address_space<ub>>, %arg4: memref<128xf32, #hivm.address_space<ub>>, %arg5: memref<128x256xf32, #hivm.address_space<ub>>, %arg6: memref<128xf32, #hivm.address_space<ub>>, %arg7: memref<128xf32, #hivm.address_space<ub>>) attributes {hivm.func_core_type = #hivm.func_core_type<AIV>, hivm.vector_function, no_inline} {
    %cst = arith.constant dense<0.000000e+00> : vector<1x64xf32>
    %cst_0 = arith.constant 0.000000e+00 : f32
    %c1 = arith.constant 1 : index
    %c128 = arith.constant 128 : index
    %c256 = arith.constant 256 : index
    %c64 = arith.constant 64 : index
    %c0 = arith.constant 0 : index
    scf.for %arg8 = %c0 to %c128 step %c1 {
      %subview = memref.subview %arg4[%arg8] [1] [1] : memref<128xf32, #hivm.address_space<ub>> to memref<1xf32, strided<[1], offset: ?>, #hivm.address_space<ub>>
      %subview_1 = memref.subview %arg0[%arg8, 0] [1, 64] [1, 1] : memref<128x64xf32, #hivm.address_space<ub>> to memref<1x64xf32, strided<[64, 1], offset: ?>, #hivm.address_space<ub>>
      %0 = vector.transfer_read %subview_1[%c0, %c0], %cst_0 {in_bounds = [true, true]} : memref<1x64xf32, strided<[64, 1], offset: ?>, #hivm.address_space<ub>>, vector<1x64xf32>
      %1 = arith.addf %0, %cst {reductionOp} : vector<1x64xf32>
      %2 = vector.transfer_read %subview[%c0], %cst_0 {in_bounds = [true]} : memref<1xf32, strided<[1], offset: ?>, #hivm.address_space<ub>>, vector<1xf32>
      %3 = vector.multi_reduction <add>, %1, %2 {withoutInitMergeOp} [1] : vector<1x64xf32> to vector<1xf32>
      vector.transfer_write %3, %subview[%c0] {in_bounds = [true]} : vector<1xf32>, memref<1xf32, strided<[1], offset: ?>, #hivm.address_space<ub>>
      %subview_2 = memref.subview %arg1[%arg8] [1] [1] : memref<128xf32, #hivm.address_space<ub>> to memref<1xf32, strided<[1], offset: ?>, #hivm.address_space<ub>>
      scf.for %arg9 = %c0 to %c256 step %c64 {
        %subview_3 = memref.subview %arg2[%arg8, %arg9] [1, 64] [1, 1] : memref<128x256xf32, #hivm.address_space<ub>> to memref<1x64xf32, strided<[256, 1], offset: ?>, #hivm.address_space<ub>>
        %subview_4 = memref.subview %arg3[%arg8, %arg9] [1, 64] [1, 1] : memref<128x256xf32, #hivm.address_space<ub>> to memref<1x64xf32, strided<[256, 1], offset: ?>, #hivm.address_space<ub>>
        %subview_5 = memref.subview %arg5[%arg8, %arg9] [1, 64] [1, 1] : memref<128x256xf32, #hivm.address_space<ub>> to memref<1x64xf32, strided<[256, 1], offset: ?>, #hivm.address_space<ub>>
        %4 = vector.transfer_read %subview_3[%c0, %c0], %cst_0 {in_bounds = [true, true]} : memref<1x64xf32, strided<[256, 1], offset: ?>, #hivm.address_space<ub>>, vector<1x64xf32>
        %5 = vector.transfer_read %subview_4[%c0, %c0], %cst_0 {in_bounds = [true, true]} : memref<1x64xf32, strided<[256, 1], offset: ?>, #hivm.address_space<ub>>, vector<1x64xf32>
        %6 = vector.transfer_read %subview_2[%c0], %cst_0 {in_bounds = [true, true], permutation_map = #map7} : memref<1xf32, strided<[1], offset: ?>, #hivm.address_space<ub>>, vector<1x64xf32>
        %7 = arith.mulf %5, %6 : vector<1x64xf32>
        %8 = arith.addf %4, %7 : vector<1x64xf32>
        vector.transfer_write %8, %subview_5[%c0, %c0] {in_bounds = [true, true]} : vector<1x64xf32>, memref<1x64xf32, strided<[256, 1], offset: ?>, #hivm.address_space<ub>>
      }
    }
    scf.for %arg8 = %c0 to %c128 step %c64 {
      %subview = memref.subview %arg6[%arg8] [64] [1] : memref<128xf32, #hivm.address_space<ub>> to memref<64xf32, strided<[1], offset: ?>, #hivm.address_space<ub>>
      %subview_1 = memref.subview %arg1[%arg8] [64] [1] : memref<128xf32, #hivm.address_space<ub>> to memref<64xf32, strided<[1], offset: ?>, #hivm.address_space<ub>>
      %subview_2 = memref.subview %arg4[%arg8] [64] [1] : memref<128xf32, #hivm.address_space<ub>> to memref<64xf32, strided<[1], offset: ?>, #hivm.address_space<ub>>
      %subview_3 = memref.subview %arg7[%arg8] [64] [1] : memref<128xf32, #hivm.address_space<ub>> to memref<64xf32, strided<[1], offset: ?>, #hivm.address_space<ub>>
      %0 = vector.transfer_read %subview[%c0], %cst_0 {in_bounds = [true]} : memref<64xf32, strided<[1], offset: ?>, #hivm.address_space<ub>>, vector<64xf32>
      %1 = vector.transfer_read %subview_1[%c0], %cst_0 {in_bounds = [true]} : memref<64xf32, strided<[1], offset: ?>, #hivm.address_space<ub>>, vector<64xf32>
      %2 = vector.transfer_read %subview_2[%c0], %cst_0 {in_bounds = [true]} : memref<64xf32, strided<[1], offset: ?>, #hivm.address_space<ub>>, vector<64xf32>
      %3 = arith.mulf %0, %1 : vector<64xf32>
      %4 = arith.addf %3, %2 : vector<64xf32>
      vector.transfer_write %4, %subview_3[%c0] {in_bounds = [true]} : vector<64xf32>, memref<64xf32, strided<[1], offset: ?>, #hivm.address_space<ub>>
    }
    return
  }
  func.func @paged_prefill_page_aggregation_kernel_mix_aiv_outlined_vf_6(%arg0: memref<1xf32, #hivm.address_space<ub>>, %arg1: memref<128xf32, #hivm.address_space<ub>>) attributes {hivm.func_core_type = #hivm.func_core_type<AIV>, hivm.vector_function, no_inline} {
    %cst = arith.constant 0.000000e+00 : f32
    %c64 = arith.constant 64 : index
    %c128 = arith.constant 128 : index
    %c0 = arith.constant 0 : index
    scf.for %arg2 = %c0 to %c128 step %c64 {
      %subview = memref.subview %arg1[%arg2] [64] [1] : memref<128xf32, #hivm.address_space<ub>> to memref<64xf32, strided<[1], offset: ?>, #hivm.address_space<ub>>
      %0 = vector.transfer_read %arg0[%c0], %cst {in_bounds = [true], permutation_map = #map8} : memref<1xf32, #hivm.address_space<ub>>, vector<64xf32>
      vector.transfer_write %0, %subview[%c0] {in_bounds = [true]} : vector<64xf32>, memref<64xf32, strided<[1], offset: ?>, #hivm.address_space<ub>>
    }
    return
  }
  func.func @paged_prefill_page_aggregation_kernel_mix_aiv_outlined_vf_7(%arg0: memref<128xf32, #hivm.address_space<ub>>) attributes {hivm.func_core_type = #hivm.func_core_type<AIV>, hivm.vector_function, no_inline} {
    %cst = arith.constant dense<1.000000e+00> : vector<64xf32>
    %c64 = arith.constant 64 : index
    %c128 = arith.constant 128 : index
    %c0 = arith.constant 0 : index
    scf.for %arg1 = %c0 to %c128 step %c64 {
      %subview = memref.subview %arg0[%arg1] [64] [1] : memref<128xf32, #hivm.address_space<ub>> to memref<64xf32, strided<[1], offset: ?>, #hivm.address_space<ub>>
      vector.transfer_write %cst, %subview[%c0] {in_bounds = [true]} : vector<64xf32>, memref<64xf32, strided<[1], offset: ?>, #hivm.address_space<ub>>
    }
    return
  }
  func.func @paged_prefill_page_aggregation_kernel_mix_aiv_outlined_vf_8(%arg0: memref<128x256xf32, #hivm.address_space<ub>>) attributes {hivm.func_core_type = #hivm.func_core_type<AIV>, hivm.vector_function, no_inline} {
    %cst = arith.constant dense<0.000000e+00> : vector<1x64xf32>
    %c1 = arith.constant 1 : index
    %c128 = arith.constant 128 : index
    %c64 = arith.constant 64 : index
    %c256 = arith.constant 256 : index
    %c0 = arith.constant 0 : index
    scf.for %arg1 = %c0 to %c128 step %c1 {
      scf.for %arg2 = %c0 to %c256 step %c64 {
        %subview = memref.subview %arg0[%arg1, %arg2] [1, 64] [1, 1] : memref<128x256xf32, #hivm.address_space<ub>> to memref<1x64xf32, strided<[256, 1], offset: ?>, #hivm.address_space<ub>>
        vector.transfer_write %cst, %subview[%c0, %c0] {in_bounds = [true, true]} : vector<1x64xf32>, memref<1x64xf32, strided<[256, 1], offset: ?>, #hivm.address_space<ub>>
      }
    }
    return
  }
  func.func @paged_prefill_page_aggregation_kernel_mix_aiv_outlined_vf_9(%arg0: memref<128xf32, #hivm.address_space<ub>>, %arg1: memref<128x256xf32, #hivm.address_space<ub>>, %arg2: memref<128x256xbf16, #hivm.address_space<ub>>) attributes {hivm.func_core_type = #hivm.func_core_type<AIV>, hivm.vector_function, no_inline} {
    %cst = arith.constant 0.000000e+00 : f32
    %c1 = arith.constant 1 : index
    %c128 = arith.constant 128 : index
    %c64 = arith.constant 64 : index
    %c256 = arith.constant 256 : index
    %c0 = arith.constant 0 : index
    scf.for %arg3 = %c0 to %c128 step %c1 {
      %subview = memref.subview %arg0[%arg3] [1] [1] : memref<128xf32, #hivm.address_space<ub>> to memref<1xf32, strided<[1], offset: ?>, #hivm.address_space<ub>>
      scf.for %arg4 = %c0 to %c256 step %c64 {
        %subview_0 = memref.subview %arg1[%arg3, %arg4] [1, 64] [1, 1] : memref<128x256xf32, #hivm.address_space<ub>> to memref<1x64xf32, strided<[256, 1], offset: ?>, #hivm.address_space<ub>>
        %subview_1 = memref.subview %arg2[%arg3, %arg4] [1, 64] [1, 1] : memref<128x256xbf16, #hivm.address_space<ub>> to memref<1x64xbf16, strided<[256, 1], offset: ?>, #hivm.address_space<ub>>
        %0 = vector.transfer_read %subview_0[%c0, %c0], %cst {in_bounds = [true, true]} : memref<1x64xf32, strided<[256, 1], offset: ?>, #hivm.address_space<ub>>, vector<1x64xf32>
        %1 = vector.transfer_read %subview[%c0], %cst {in_bounds = [true, true], permutation_map = #map7} : memref<1xf32, strided<[1], offset: ?>, #hivm.address_space<ub>>, vector<1x64xf32>
        %2 = arith.divf %0, %1 : vector<1x64xf32>
        %3 = arith.truncf %2 {enable_saturate = false, round_mode = #hfusion.round_mode<rint>, unsigned_mode = #hfusion.unsigned_mode<si2si>} : vector<1x64xf32> to vector<1x64xbf16>
        vector.transfer_write %3, %subview_1[%c0, %c0] {in_bounds = [true, true]} : vector<1x64xbf16>, memref<1x64xbf16, strided<[256, 1], offset: ?>, #hivm.address_space<ub>>
      }
    }
    return
  }
  func.func @paged_prefill_page_aggregation_kernel_mix_aiv(%arg0: memref<?xi8, #hivm.address_space<gm>> {hacc.arg_type = #hacc.arg_type<sync_block_lock>}, %arg1: memref<?xi8, #hivm.address_space<gm>> {hacc.arg_type = #hacc.arg_type<workspace>}, %arg2: memref<?xbf16, #hivm.address_space<gm>> {tt.divisibility = 16 : i32, tt.tensor_kind = 0 : i32}, %arg3: memref<?xbf16, #hivm.address_space<gm>> {tt.divisibility = 16 : i32, tt.tensor_kind = 0 : i32}, %arg4: memref<?xbf16, #hivm.address_space<gm>> {tt.divisibility = 16 : i32, tt.tensor_kind = 0 : i32}, %arg5: memref<?xbf16, #hivm.address_space<gm>> {tt.divisibility = 16 : i32, tt.tensor_kind = 1 : i32}, %arg6: memref<?xi8, #hivm.address_space<gm>> {tt.divisibility = 16 : i32, tt.tensor_kind = 0 : i32}, %arg7: memref<?xi32, #hivm.address_space<gm>> {tt.divisibility = 16 : i32, tt.tensor_kind = 0 : i32}, %arg8: memref<?xi32, #hivm.address_space<gm>> {tt.divisibility = 16 : i32, tt.tensor_kind = 0 : i32}, %arg9: memref<?xi32, #hivm.address_space<gm>> {tt.divisibility = 16 : i32, tt.tensor_kind = 0 : i32}, %arg10: memref<?xi32, #hivm.address_space<gm>> {tt.divisibility = 16 : i32, tt.tensor_kind = 0 : i32}, %arg11: memref<?xi32, #hivm.address_space<gm>> {tt.divisibility = 16 : i32, tt.tensor_kind = 0 : i32}, %arg12: memref<?xi32, #hivm.address_space<gm>> {tt.divisibility = 16 : i32, tt.tensor_kind = 0 : i32}, %arg13: memref<?xi32, #hivm.address_space<gm>> {tt.tensor_kind = 0 : i32}, %arg14: memref<?xf32, #hivm.address_space<gm>> {tt.divisibility = 16 : i32, tt.tensor_kind = 0 : i32}, %arg15: i32 {tt.divisibility = 16 : i32}, %arg16: i32 {tt.divisibility = 16 : i32}, %arg17: i32 {tt.divisibility = 16 : i32}, %arg18: i32 {tt.divisibility = 16 : i32}, %arg19: i32 {tt.divisibility = 16 : i32}, %arg20: i32 {tt.divisibility = 16 : i32}, %arg21: i32 {tt.divisibility = 16 : i32}, %arg22: i32 {tt.divisibility = 16 : i32}, %arg23: i32 {tt.divisibility = 16 : i32}, %arg24: i32 {tt.divisibility = 16 : i32}, %arg25: i32, %arg26: i32 {tt.divisibility = 16 : i32}, %arg27: f32, %arg28: i32, %arg29: i32, %arg30: i32) attributes {SyncBlockLockArgIdx = 0 : i64, WorkspaceArgIdx = 1 : i64, func_dyn_memref_args = dense<[true, true, true, true, true, true, true, true, true, true, true, true, true, true, true, false, false, false, false, false, false, false, false, false, false, false, false, false, false, false, false]> : vector<31xi1>, hacc.entry, hacc.function_kind = #hacc.function_kind<DEVICE>, hivm.func_core_type = #hivm.func_core_type<AIV>, hivm.part_of_mix, hivm.vf_mode = #hivm.vf_mode<SIMD>, mix_mode = "mix", parallel_mode = "simd"} {
    %c128 = arith.constant 128 : index
    %c28_i32 = arith.constant 28 : i32
    %c1_i32 = arith.constant 1 : i32
    %c2_i32 = arith.constant 2 : i32
    %c3_i32 = arith.constant 3 : i32
    %c8_i64 = arith.constant 8 : i64
    %c4_i64 = arith.constant 4 : i64
    %c1024_i64 = arith.constant 1024 : i64
    %0 = llvm.mlir.constant(1032 : i64) : i64
    %1 = llvm.mlir.constant(8 : i64) : i64
    %2 = llvm.mlir.constant(1028 : i64) : i64
    %3 = llvm.mlir.constant(4 : i64) : i64
    %c64_i32 = arith.constant 64 : i32
    %c1024_i32 = arith.constant 1024 : i32
    %c-1024_i32 = arith.constant -1024 : i32
    %c256 = arith.constant 256 : index
    %c256_i32 = arith.constant 256 : i32
    %c63_i32 = arith.constant 63 : i32
    %c0_i32 = arith.constant 0 : i32
    %4 = llvm.mlir.constant(0 : i32) : i32
    %5 = llvm.mlir.constant(0 : i64) : i64
    %6 = llvm.mlir.constant(1024 : i64) : i64
    %c0 = arith.constant 0 : index
    %7 = arith.muli %arg28, %arg29 : i32
    %8 = arith.muli %7, %arg30 : i32
    %9 = hivm.hir.get_block_idx -> i64
    %10 = arith.trunci %9 : i64 to i32
    %11 = llvm.inttoptr %5 : i64 to !llvm.ptr<11>
    %12 = llvm.inttoptr %6 : i64 to !llvm.ptr<11>
    %13 = llvm.inttoptr %3 : i64 to !llvm.ptr<11>
    %14 = llvm.inttoptr %2 : i64 to !llvm.ptr<11>
    %15 = llvm.inttoptr %1 : i64 to !llvm.ptr<11>
    %16 = llvm.inttoptr %0 : i64 to !llvm.ptr<11>
    %17 = hivm.hir.get_sub_block_idx -> i64
    %18 = arith.muli %17, %c1024_i64 : i64
    %19 = arith.addi %18, %c4_i64 : i64
    %20 = llvm.inttoptr %19 : i64 to !llvm.ptr<11>
    %21 = llvm.inttoptr %18 : i64 to !llvm.ptr<11>
    %22 = arith.addi %18, %c8_i64 : i64
    %23 = llvm.inttoptr %22 : i64 to !llvm.ptr<11>
    %alloc = memref.alloc() {alignment = 64 : i64} : memref<1xf32, #hivm.address_space<ub>>
    %24 = arith.index_cast %17 : i64 to index
    %25 = affine.apply #map9()[%24]
    %26 = affine.apply #map10()[%24]
    annotation.mark %8 {logical_block_num} : i32
    scf.for %arg31 = %10 to %8 step %c28_i32  : i32 {
      hivm.hir.set_ctrl false at ctrl[60]
      hivm.hir.set_ctrl true at ctrl[48]
      %27 = arith.remsi %arg31, %arg28 : i32
      llvm.store volatile %4, %11 : i32, !llvm.ptr<11>
      llvm.store volatile %4, %12 : i32, !llvm.ptr<11>
      llvm.store volatile %4, %13 : i32, !llvm.ptr<11>
      llvm.store volatile %4, %14 : i32, !llvm.ptr<11>
      llvm.store volatile %4, %15 : i32, !llvm.ptr<11>
      llvm.store volatile %4, %16 : i32, !llvm.ptr<11>
      %28 = arith.index_cast %27 : i32 to index
      %reinterpret_cast = memref.reinterpret_cast %arg10 to offset: [%28], sizes: [1], strides: [1] : memref<?xi32, #hivm.address_space<gm>> to memref<1xi32, strided<[1], offset: ?>, #hivm.address_space<gm>>
      %29 = affine.apply #map()[%28]
      %30 = memref.load %reinterpret_cast[%c0] : memref<1xi32, strided<[1], offset: ?>, #hivm.address_space<gm>>
      %reinterpret_cast_0 = memref.reinterpret_cast %arg10 to offset: [%29], sizes: [1], strides: [1] : memref<?xi32, #hivm.address_space<gm>> to memref<1xi32, strided<[1], offset: ?>, #hivm.address_space<gm>>
      %31 = memref.load %reinterpret_cast_0[%c0] : memref<1xi32, strided<[1], offset: ?>, #hivm.address_space<gm>>
      scf.for %arg32 = %30 to %31 step %c1_i32  : i32 {
        %32 = arith.index_cast %arg32 : i32 to index
        %reinterpret_cast_1 = memref.reinterpret_cast %arg7 to offset: [%32], sizes: [1], strides: [1] : memref<?xi32, #hivm.address_space<gm>> to memref<1xi32, strided<[1], offset: ?>, #hivm.address_space<gm>>
        %33 = memref.load %reinterpret_cast_1[%c0] : memref<1xi32, strided<[1], offset: ?>, #hivm.address_space<gm>>
        %reinterpret_cast_2 = memref.reinterpret_cast %arg9 to offset: [%32], sizes: [1], strides: [1] : memref<?xi32, #hivm.address_space<gm>> to memref<1xi32, strided<[1], offset: ?>, #hivm.address_space<gm>>
        %34 = memref.load %reinterpret_cast_2[%c0] : memref<1xi32, strided<[1], offset: ?>, #hivm.address_space<gm>>
        %35 = arith.index_cast %33 : i32 to index
        %reinterpret_cast_3 = memref.reinterpret_cast %arg11 to offset: [%35], sizes: [1], strides: [1] : memref<?xi32, #hivm.address_space<gm>> to memref<1xi32, strided<[1], offset: ?>, #hivm.address_space<gm>>
        %36 = affine.apply #map()[%35]
        %37 = memref.load %reinterpret_cast_3[%c0] : memref<1xi32, strided<[1], offset: ?>, #hivm.address_space<gm>>
        %reinterpret_cast_4 = memref.reinterpret_cast %arg11 to offset: [%36], sizes: [1], strides: [1] : memref<?xi32, #hivm.address_space<gm>> to memref<1xi32, strided<[1], offset: ?>, #hivm.address_space<gm>>
        %38 = memref.load %reinterpret_cast_4[%c0] : memref<1xi32, strided<[1], offset: ?>, #hivm.address_space<gm>>
        %39 = arith.subi %38, %37 : i32
        %40 = arith.cmpi sgt, %39, %c0_i32 : i32
        %reinterpret_cast_5 = memref.reinterpret_cast %arg8 to offset: [%32], sizes: [1], strides: [1] : memref<?xi32, #hivm.address_space<gm>> to memref<1xi32, strided<[1], offset: ?>, #hivm.address_space<gm>>
        %41 = memref.load %reinterpret_cast_5[%c0] : memref<1xi32, strided<[1], offset: ?>, #hivm.address_space<gm>>
        scf.if %40 {
          %reinterpret_cast_6 = memref.reinterpret_cast %arg12 to offset: [%35], sizes: [1], strides: [1] : memref<?xi32, #hivm.address_space<gm>> to memref<1xi32, strided<[1], offset: ?>, #hivm.address_space<gm>>
          %42 = memref.load %reinterpret_cast_6[%c0] : memref<1xi32, strided<[1], offset: ?>, #hivm.address_space<gm>>
          %43 = arith.subi %42, %39 : i32
          %44 = arith.muli %41, %c256_i32 : i32
          %45 = arith.addi %44, %c256_i32 : i32
          %46 = arith.minsi %45, %39 : i32
          %47 = arith.index_cast %34 : i32 to index
          %reinterpret_cast_7 = memref.reinterpret_cast %arg14 to offset: [%47], sizes: [1], strides: [1] : memref<?xf32, #hivm.address_space<gm>> to memref<1xf32, strided<[1], offset: ?>, #hivm.address_space<gm>>
          %48 = memref.load %reinterpret_cast_7[%c0] : memref<1xf32, strided<[1], offset: ?>, #hivm.address_space<gm>>
          memref.store %48, %alloc[%c0] : memref<1xf32, #hivm.address_space<ub>>
          %alloc_8 = memref.alloc() {alignment = 64 : i64} : memref<128xf32, #hivm.address_space<ub>>
          func.call @paged_prefill_page_aggregation_kernel_mix_aiv_outlined_vf_6(%alloc, %alloc_8) {hivm.vector_function, no_inline} : (memref<1xf32, #hivm.address_space<ub>>, memref<128xf32, #hivm.address_space<ub>>) -> ()
          %49 = arith.addi %43, %46 : i32
          %50 = arith.addi %49, %c63_i32 : i32
          %51 = arith.divsi %50, %c64_i32 : i32
          %52 = arith.subi %46, %44 : i32
          %53 = arith.addi %37, %44 : i32
          %54 = arith.index_cast %52 : i32 to index
          %55 = arith.muli %53, %arg23 : i32
          %56 = arith.muli %34, %arg24 : i32
          %57 = arith.index_cast %55 : i32 to index
          %58 = arith.index_cast %56 : i32 to index
          %59 = affine.apply #map1()[%57, %58]
          %60 = arith.index_cast %arg23 : i32 to index
          %reinterpret_cast_9 = memref.reinterpret_cast %arg5 to offset: [%59], sizes: [256, 256], strides: [%60, 1] : memref<?xbf16, #hivm.address_space<gm>> to memref<256x256xbf16, strided<[?, 1], offset: ?>, #hivm.address_space<gm>>
          %61 = arith.maxsi %54, %c0 : index
          %62 = arith.minsi %61, %c256 : index
          %63 = arith.minsi %62, %c0 : index
          %64 = affine.apply #map2()[%62, %63]
          %65 = arith.minsi %25, %64 : index
          %66 = affine.apply #map11()[%65, %62, %63]
          %67 = arith.minsi %66, %c128 : index
          %subview = memref.subview %reinterpret_cast_9[%25, 0] [%67, 256] [1, 1] : memref<256x256xbf16, strided<[?, 1], offset: ?>, #hivm.address_space<gm>> to memref<?x256xbf16, strided<[?, 1], offset: ?>, #hivm.address_space<gm>>
          %68 = arith.addi %43, %44 : i32
          %alloc_10 = memref.alloc() : memref<4x16x16x16xbf16, #hivm.address_space<cbuf>>
          %subview_11 = memref.subview %alloc_10[0, %26, 0, 0] [4, 8, 16, 16] [1, 1, 1, 1] {to_be_bubbled_slice} : memref<4x16x16x16xbf16, #hivm.address_space<cbuf>> to memref<4x8x16x16xbf16, strided<[4096, 256, 16, 1], offset: ?>, #hivm.address_space<cbuf>>
          annotation.mark %alloc_10 {effects = ["write", "read"], hivm.tightly_coupled_buffer = #hivm.tightly_coupled_buffer<0>, hivm.tiling_dim = 1 : index} : memref<4x16x16x16xbf16, #hivm.address_space<cbuf>>
          %alloc_12 = memref.alloc() : memref<128x64xf32, #hivm.address_space<ub>>
          annotation.mark %alloc_12 {effects = ["write", "read"], hivm.tightly_coupled_buffer = #hivm.tightly_coupled_buffer<1>, hivm.tiling_dim = 0 : index, tiledAlloc} : memref<128x64xf32, #hivm.address_space<ub>>
          hivm.hir.sync_block_set[<VECTOR>, <PIPE_V>, <PIPE_FIX>] flag = 2
          %alloc_13 = memref.alloc() : memref<128x256xf32, #hivm.address_space<ub>>
          annotation.mark %alloc_13 {effects = ["write", "read"], hivm.tightly_coupled_buffer = #hivm.tightly_coupled_buffer<2>, hivm.tiling_dim = 0 : index, tiledAlloc} : memref<128x256xf32, #hivm.address_space<ub>>
          hivm.hir.sync_block_set[<VECTOR>, <PIPE_V>, <PIPE_FIX>] flag = 3
          %alloc_14 = memref.alloc() : memref<128x64xi8, #hivm.address_space<ub>>
          annotation.mark %alloc_14 {effects = ["write", "read"], hivm.tightly_coupled_buffer = #hivm.tightly_coupled_buffer<3>, hivm.tiling_dim = 0 : index, tiledAlloc} : memref<128x64xi8, #hivm.address_space<ub>>
          %alloc_15 = memref.alloc() : memref<128x64xi8, #hivm.address_space<ub>>
          annotation.mark %alloc_15 {effects = ["write", "read"], hivm.tightly_coupled_buffer = #hivm.tightly_coupled_buffer<4>, hivm.tiling_dim = 0 : index, tiledAlloc} : memref<128x64xi8, #hivm.address_space<ub>>
          %alloc_16 = memref.alloc() : memref<128x64xf32, #hivm.address_space<ub>>
          annotation.mark %alloc_16 {effects = ["write", "read"], hivm.tightly_coupled_buffer = #hivm.tightly_coupled_buffer<5>, hivm.tiling_dim = 0 : index, tiledAlloc} : memref<128x64xf32, #hivm.address_space<ub>>
          %alloc_17 = memref.alloc() : memref<128x64xf32, #hivm.address_space<ub>>
          annotation.mark %alloc_17 {effects = ["write", "read"], hivm.tightly_coupled_buffer = #hivm.tightly_coupled_buffer<6>, hivm.tiling_dim = 0 : index, tiledAlloc} : memref<128x64xf32, #hivm.address_space<ub>>
          %alloc_18 = memref.alloc() : memref<128xf32, #hivm.address_space<ub>>
          annotation.mark %alloc_18 {effects = ["write", "read"], hivm.tightly_coupled_buffer = #hivm.tightly_coupled_buffer<7>, hivm.tiling_dim = 0 : index, tiledAlloc} : memref<128xf32, #hivm.address_space<ub>>
          %alloc_19 = memref.alloc() : memref<128xf32, #hivm.address_space<ub>>
          annotation.mark %alloc_19 {effects = ["write", "read"], hivm.tightly_coupled_buffer = #hivm.tightly_coupled_buffer<8>, hivm.tiling_dim = 0 : index, tiledAlloc} : memref<128xf32, #hivm.address_space<ub>>
          hivm.hir.sync_block_set[<VECTOR>, <PIPE_S>, <PIPE_S>] flag = 15
          %69 = arith.addi %51, %c3_i32 : i32
          %alloc_20 = memref.alloc() {alignment = 64 : i64} : memref<128xf32, #hivm.address_space<ub>>
          func.call @paged_prefill_page_aggregation_kernel_mix_aiv_outlined_vf_7(%alloc_20) {hivm.vector_function, no_inline} : (memref<128xf32, #hivm.address_space<ub>>) -> ()
          %alloc_21 = memref.alloc() {alignment = 64 : i64} : memref<128x256xf32, #hivm.address_space<ub>>
          func.call @paged_prefill_page_aggregation_kernel_mix_aiv_outlined_vf_8(%alloc_21) {hivm.vector_function, no_inline} : (memref<128x256xf32, #hivm.address_space<ub>>) -> ()
          %70:9 = scf.for %arg33 = %c0_i32 to %69 step %c1_i32 iter_args(%arg34 = %alloc_20, %arg35 = %alloc_21, %arg36 = %alloc_8, %arg37 = %c0_i32, %arg38 = %c0_i32, %arg39 = %c0_i32, %arg40 = %c0_i32, %arg41 = %c0_i32, %arg42 = %c0_i32) -> (memref<128xf32, #hivm.address_space<ub>>, memref<128x256xf32, #hivm.address_space<ub>>, memref<128xf32, #hivm.address_space<ub>>, i32, i32, i32, i32, i32, i32)  : i32 {
            hivm.hir.sync_block_wait[<VECTOR>, <PIPE_S>, <PIPE_S>] flag = 15
            %77 = arith.cmpi slt, %arg40, %c2_i32 : i32
            %78 = arith.cmpi slt, %arg37, %51 : i32
            %79 = arith.andi %77, %78 : i1
            %80:2 = scf.if %79 -> (i32, i32) {
              %104 = arith.muli %arg37, %c64_i32 : i32
              %105 = arith.subi %104, %68 : i32
              %106 = arith.maxsi %105, %c-1024_i32 : i32
              %107 = arith.minsi %106, %c1024_i32 : i32
              %108 = arith.addi %107, %c1024_i32 : i32
              %109 = arith.index_cast %arg26 : i32 to index
              %110 = arith.index_cast %108 : i32 to index
              %reinterpret_cast_25 = memref.reinterpret_cast %arg6 to offset: [%110], sizes: [256, 64], strides: [%109, 1] : memref<?xi8, #hivm.address_space<gm>> to memref<256x64xi8, strided<[?, 1], offset: ?>, #hivm.address_space<gm>>
              %subview_26 = memref.subview %reinterpret_cast_25[%25, 0] [128, 64] [1, 1] : memref<256x64xi8, strided<[?, 1], offset: ?>, #hivm.address_space<gm>> to memref<128x64xi8, strided<[?, 1], offset: ?>, #hivm.address_space<gm>>
              %alloc_27 = memref.alloc() : memref<128x64xi8, #hivm.address_space<ub>>
              hivm.hir.load ins(%subview_26 : memref<128x64xi8, strided<[?, 1], offset: ?>, #hivm.address_space<gm>>) outs(%alloc_27 : memref<128x64xi8, #hivm.address_space<ub>>) eviction_policy = <EvictFirst>
              %111 = arith.remsi %arg37, %c2_i32 : i32
              %112 = arith.cmpi eq, %111, %c0_i32 : i32
              scf.if %112 {
                %collapse_shape = memref.collapse_shape %alloc_27 [[0, 1]] : memref<128x64xi8, #hivm.address_space<ub>> into memref<8192xi8, #hivm.address_space<ub>>
                %collapse_shape_28 = memref.collapse_shape %alloc_14 [[0, 1]] : memref<128x64xi8, #hivm.address_space<ub>> into memref<8192xi8, #hivm.address_space<ub>>
                hivm.hir.copy ins(%collapse_shape : memref<8192xi8, #hivm.address_space<ub>>) outs(%collapse_shape_28 : memref<8192xi8, #hivm.address_space<ub>>) {tiled_op}
              } else {
                %collapse_shape = memref.collapse_shape %alloc_27 [[0, 1]] : memref<128x64xi8, #hivm.address_space<ub>> into memref<8192xi8, #hivm.address_space<ub>>
                %collapse_shape_28 = memref.collapse_shape %alloc_15 [[0, 1]] : memref<128x64xi8, #hivm.address_space<ub>> into memref<8192xi8, #hivm.address_space<ub>>
                hivm.hir.copy ins(%collapse_shape : memref<8192xi8, #hivm.address_space<ub>>) outs(%collapse_shape_28 : memref<8192xi8, #hivm.address_space<ub>>) {tiled_op}
              }
              %113 = arith.addi %arg40, %c1_i32 : i32
              %114 = arith.addi %arg37, %c1_i32 : i32
              scf.yield %113, %114 : i32, i32
            } else {
              scf.yield %arg40, %arg37 : i32, i32
            } {hivm.matmul_limited_in_cube, ssbuffer.if = 13 : i32}
            %81 = llvm.load volatile %21 : !llvm.ptr<11> -> i32
            %82 = arith.cmpi sgt, %81, %c0_i32 : i32
            %83 = llvm.load volatile %23 : !llvm.ptr<11> -> i32
            %84 = arith.cmpi slt, %83, %c1_i32 : i32
            %85 = arith.andi %82, %84 : i1
            %86 = arith.cmpi sgt, %80#0, %c0_i32 : i32
            %87 = arith.cmpi slt, %arg41, %c2_i32 : i32
            %88 = arith.cmpi slt, %arg42, %c2_i32 : i32
            %89 = arith.andi %86, %87 : i1
            %90 = arith.andi %89, %88 : i1
            %91 = arith.cmpi slt, %arg38, %51 : i32
            %92 = arith.andi %85, %90 : i1
            %93 = arith.andi %92, %91 : i1
            %94:5 = scf.if %93 -> (memref<128xf32, #hivm.address_space<ub>>, i32, i32, i32, i32) {
              %104 = arith.remsi %arg38, %c2_i32 : i32
              %105 = arith.cmpi eq, %104, %c0_i32 : i32
              %106 = arith.select %105, %alloc_14, %alloc_15 : memref<128x64xi8, #hivm.address_space<ub>>
              hivm.hir.sync_block_wait[<VECTOR>, <PIPE_FIX>, <PIPE_V>] flag = 2
              %alloc_25 = memref.alloc() {alignment = 64 : i64} : memref<128x64xf32, #hivm.address_space<ub>>
              func.call @paged_prefill_page_aggregation_kernel_mix_aiv_outlined_vf_0(%106, %alloc_12, %arg27, %alloc_25) {hivm.vector_function, no_inline} : (memref<128x64xi8, #hivm.address_space<ub>>, memref<128x64xf32, #hivm.address_space<ub>>, f32, memref<128x64xf32, #hivm.address_space<ub>>) -> ()
              %alloc_26 = memref.alloc() {alignment = 64 : i64} : memref<128xf32, #hivm.address_space<ub>>
              %alloc_27 = memref.alloc() {alignment = 64 : i64} : memref<128xf32, #hivm.address_space<ub>>
              %alloc_28 = memref.alloc() {alignment = 64 : i64} : memref<128x64xf32, #hivm.address_space<ub>>
              func.call @paged_prefill_page_aggregation_kernel_mix_aiv_outlined_vf_1(%alloc_25, %alloc_26, %arg36, %alloc_27, %alloc_28) {hivm.vector_function, no_inline} : (memref<128x64xf32, #hivm.address_space<ub>>, memref<128xf32, #hivm.address_space<ub>>, memref<128xf32, #hivm.address_space<ub>>, memref<128xf32, #hivm.address_space<ub>>, memref<128x64xf32, #hivm.address_space<ub>>) -> ()
              %alloc_29 = memref.alloc() {alignment = 64 : i64} : memref<128xf32, #hivm.address_space<ub>>
              %alloc_30 = memref.alloc() : memref<4x129x16x1xbf16, #hivm.address_space<ub>>
              %subview_31 = memref.subview %alloc_30[0, 0, 0, 0] [4, 128, 16, 1] [1, 1, 1, 1] : memref<4x129x16x1xbf16, #hivm.address_space<ub>> to memref<4x128x16xbf16, strided<[2064, 16, 1]>, #hivm.address_space<ub>>
              func.call @paged_prefill_page_aggregation_kernel_mix_aiv_outlined_merged_vf_0(%arg36, %alloc_27, %alloc_29, %alloc_28, %subview_31) {hivm.vector_function, no_inline, ptc_simdvf} : (memref<128xf32, #hivm.address_space<ub>>, memref<128xf32, #hivm.address_space<ub>>, memref<128xf32, #hivm.address_space<ub>>, memref<128x64xf32, #hivm.address_space<ub>>, memref<4x128x16xbf16, strided<[2064, 16, 1]>, #hivm.address_space<ub>>) -> ()
              %expand_shape = memref.expand_shape %subview_31 [[0], [1, 2], [3]] output_shape [4, 8, 16, 16] : memref<4x128x16xbf16, strided<[2064, 16, 1]>, #hivm.address_space<ub>> into memref<4x8x16x16xbf16, strided<[2064, 256, 16, 1]>, #hivm.address_space<ub>>
              hivm.hir.sync_block_wait[<VECTOR>, <PIPE_M>, <PIPE_MTE3>] flag = 1
              %collapse_shape = memref.collapse_shape %expand_shape [[0], [1, 2, 3]] : memref<4x8x16x16xbf16, strided<[2064, 256, 16, 1]>, #hivm.address_space<ub>> into memref<4x2048xbf16, strided<[2064, 1]>, #hivm.address_space<ub>>
              %collapse_shape_32 = memref.collapse_shape %subview_11 [[0], [1, 2, 3]] : memref<4x8x16x16xbf16, strided<[4096, 256, 16, 1], offset: ?>, #hivm.address_space<cbuf>> into memref<4x2048xbf16, strided<[4096, 1], offset: ?>, #hivm.address_space<cbuf>>
              hivm.hir.copy ins(%collapse_shape : memref<4x2048xbf16, strided<[2064, 1]>, #hivm.address_space<ub>>) outs(%collapse_shape_32 : memref<4x2048xbf16, strided<[4096, 1], offset: ?>, #hivm.address_space<cbuf>>) {tiled_op}
              hivm.hir.sync_block_set[<VECTOR>, <PIPE_MTE3>, <PIPE_MTE1>] flag = 1
              hivm.hir.sync_block_set[<VECTOR>, <PIPE_V>, <PIPE_FIX>] flag = 2
              scf.if %105 {
                %collapse_shape_33 = memref.collapse_shape %alloc_28 [[0, 1]] : memref<128x64xf32, #hivm.address_space<ub>> into memref<8192xf32, #hivm.address_space<ub>>
                %collapse_shape_34 = memref.collapse_shape %alloc_16 [[0, 1]] : memref<128x64xf32, #hivm.address_space<ub>> into memref<8192xf32, #hivm.address_space<ub>>
                hivm.hir.copy ins(%collapse_shape_33 : memref<8192xf32, #hivm.address_space<ub>>) outs(%collapse_shape_34 : memref<8192xf32, #hivm.address_space<ub>>) {tiled_op}
                hivm.hir.copy ins(%alloc_29 : memref<128xf32, #hivm.address_space<ub>>) outs(%alloc_18 : memref<128xf32, #hivm.address_space<ub>>) {tiled_op}
              } else {
                %collapse_shape_33 = memref.collapse_shape %alloc_28 [[0, 1]] : memref<128x64xf32, #hivm.address_space<ub>> into memref<8192xf32, #hivm.address_space<ub>>
                %collapse_shape_34 = memref.collapse_shape %alloc_17 [[0, 1]] : memref<128x64xf32, #hivm.address_space<ub>> into memref<8192xf32, #hivm.address_space<ub>>
                hivm.hir.copy ins(%collapse_shape_33 : memref<8192xf32, #hivm.address_space<ub>>) outs(%collapse_shape_34 : memref<8192xf32, #hivm.address_space<ub>>) {tiled_op}
                hivm.hir.copy ins(%alloc_29 : memref<128xf32, #hivm.address_space<ub>>) outs(%alloc_19 : memref<128xf32, #hivm.address_space<ub>>) {tiled_op}
              }
              %107 = llvm.load volatile %21 : !llvm.ptr<11> -> i32
              %108 = arith.subi %107, %c1_i32 : i32
              llvm.store volatile %108, %21 : i32, !llvm.ptr<11>
              %109 = llvm.load volatile %23 : !llvm.ptr<11> -> i32
              %110 = arith.addi %109, %c1_i32 : i32
              llvm.store volatile %110, %23 : i32, !llvm.ptr<11>
              %111 = arith.subi %80#0, %c1_i32 : i32
              %112 = arith.addi %arg42, %c1_i32 : i32
              %113 = arith.addi %arg41, %c1_i32 : i32
              %114 = arith.addi %arg38, %c1_i32 : i32
              scf.yield %alloc_27, %111, %112, %113, %114 : memref<128xf32, #hivm.address_space<ub>>, i32, i32, i32, i32
            } else {
              %alloc_25 = memref.alloc() {alignment = 64 : i64} : memref<128xf32, #hivm.address_space<ub>>
              hivm.hir.copy ins(%arg36 : memref<128xf32, #hivm.address_space<ub>>) outs(%alloc_25 : memref<128xf32, #hivm.address_space<ub>>)
              scf.yield %alloc_25, %80#0, %arg42, %arg41, %arg38 : memref<128xf32, #hivm.address_space<ub>>, i32, i32, i32, i32
            }
            %95 = llvm.load volatile %20 : !llvm.ptr<11> -> i32
            %96 = arith.cmpi sgt, %95, %c0_i32 : i32
            %97 = arith.cmpi sgt, %94#3, %c0_i32 : i32
            %98 = arith.cmpi sgt, %94#2, %c0_i32 : i32
            %99 = arith.andi %97, %98 : i1
            %100 = arith.cmpi slt, %arg39, %51 : i32
            %101 = arith.andi %96, %99 : i1
            %102 = arith.andi %101, %100 : i1
            %103:5 = scf.if %102 -> (memref<128xf32, #hivm.address_space<ub>>, memref<128x256xf32, #hivm.address_space<ub>>, i32, i32, i32) {
              %104 = arith.remsi %arg39, %c2_i32 : i32
              %105 = arith.cmpi eq, %104, %c0_i32 : i32
              %106 = arith.select %105, %alloc_18, %alloc_19 : memref<128xf32, #hivm.address_space<ub>>
              %107 = arith.select %105, %alloc_16, %alloc_17 : memref<128x64xf32, #hivm.address_space<ub>>
              hivm.hir.sync_block_wait[<VECTOR>, <PIPE_FIX>, <PIPE_V>] flag = 3
              %alloc_25 = memref.alloc() {alignment = 64 : i64} : memref<128xf32, #hivm.address_space<ub>>
              func.call @paged_prefill_page_aggregation_kernel_mix_aiv_outlined_vf_4(%106, %alloc_25) {hivm.vector_function, no_inline} : (memref<128xf32, #hivm.address_space<ub>>, memref<128xf32, #hivm.address_space<ub>>) -> ()
              %alloc_26 = memref.alloc() {alignment = 64 : i64} : memref<128xf32, #hivm.address_space<ub>>
              %alloc_27 = memref.alloc() {alignment = 64 : i64} : memref<128x256xf32, #hivm.address_space<ub>>
              %alloc_28 = memref.alloc() {alignment = 64 : i64} : memref<128xf32, #hivm.address_space<ub>>
              func.call @paged_prefill_page_aggregation_kernel_mix_aiv_outlined_vf_5(%107, %alloc_25, %alloc_13, %arg35, %alloc_26, %alloc_27, %arg34, %alloc_28) {hivm.vector_function, no_inline} : (memref<128x64xf32, #hivm.address_space<ub>>, memref<128xf32, #hivm.address_space<ub>>, memref<128x256xf32, #hivm.address_space<ub>>, memref<128x256xf32, #hivm.address_space<ub>>, memref<128xf32, #hivm.address_space<ub>>, memref<128x256xf32, #hivm.address_space<ub>>, memref<128xf32, #hivm.address_space<ub>>, memref<128xf32, #hivm.address_space<ub>>) -> ()
              hivm.hir.sync_block_set[<VECTOR>, <PIPE_V>, <PIPE_FIX>] flag = 3
              %108 = llvm.load volatile %20 : !llvm.ptr<11> -> i32
              %109 = arith.subi %108, %c1_i32 : i32
              llvm.store volatile %109, %20 : i32, !llvm.ptr<11>
              %110 = arith.subi %94#2, %c1_i32 : i32
              %111 = arith.subi %94#3, %c1_i32 : i32
              %112 = arith.addi %arg39, %c1_i32 : i32
              scf.yield %alloc_28, %alloc_27, %110, %111, %112 : memref<128xf32, #hivm.address_space<ub>>, memref<128x256xf32, #hivm.address_space<ub>>, i32, i32, i32
            } else {
              scf.yield %arg34, %arg35, %94#2, %94#3, %arg39 : memref<128xf32, #hivm.address_space<ub>>, memref<128x256xf32, #hivm.address_space<ub>>, i32, i32, i32
            }
            hivm.hir.sync_block_set[<VECTOR>, <PIPE_S>, <PIPE_S>] flag = 15
            %alloc_24 = memref.alloc() {alignment = 64 : i64} : memref<128xf32, #hivm.address_space<ub>>
            hivm.hir.copy ins(%94#0 : memref<128xf32, #hivm.address_space<ub>>) outs(%alloc_24 : memref<128xf32, #hivm.address_space<ub>>)
            scf.yield %103#0, %103#1, %alloc_24, %80#1, %94#4, %103#4, %94#1, %103#3, %103#2 : memref<128xf32, #hivm.address_space<ub>>, memref<128x256xf32, #hivm.address_space<ub>>, memref<128xf32, #hivm.address_space<ub>>, i32, i32, i32, i32, i32, i32
          }
          hivm.hir.sync_block_wait[<VECTOR>, <PIPE_M>, <PIPE_MTE3>] flag = 1
          %alloc_22 = memref.alloc() {alignment = 64 : i64} : memref<128x256xbf16, #hivm.address_space<ub>>
          func.call @paged_prefill_page_aggregation_kernel_mix_aiv_outlined_vf_9(%70#0, %70#1, %alloc_22) {hivm.vector_function, no_inline} : (memref<128xf32, #hivm.address_space<ub>>, memref<128x256xf32, #hivm.address_space<ub>>, memref<128x256xbf16, #hivm.address_space<ub>>) -> ()
          %71 = affine.apply #map12()[%24]
          %72 = arith.maxsi %63, %25 : index
          %73 = arith.minsi %62, %71 : index
          %74 = arith.maxsi %72, %73 : index
          %75 = affine.apply #map2()[%74, %72]
          %76 = affine.apply #map13()[%72, %24]
          %subview_23 = memref.subview %alloc_22[%76, 0] [%75, 256] [1, 1] : memref<128x256xbf16, #hivm.address_space<ub>> to memref<?x256xbf16, strided<[256, 1], offset: ?>, #hivm.address_space<ub>>
          hivm.hir.store ins(%subview_23 : memref<?x256xbf16, strided<[256, 1], offset: ?>, #hivm.address_space<ub>>) outs(%subview : memref<?x256xbf16, strided<[?, 1], offset: ?>, #hivm.address_space<gm>>) {tiled_op}
        }
      }
      hivm.hir.set_ctrl true at ctrl[60]
    } {autoblockify.subloop}
    return
  }
}


loc("/data2/hw_lly/testfiles/welmv4_dp_prefill_attention_candidate.py":425:0): error: Failed to run buildFinalHIVMPipelines pipeline

loc("/data2/hw_lly/testfiles/welmv4_dp_prefill_attention_candidate.py":425:0): error: cc overflow, requires 4194304 bits while 2097152 bits available!
loc("/data2/hw_lly/testfiles/welmv4_dp_prefill_attention_candidate.py":425:0): error: Failed to run buildFinalHIVMPipelines pipeline

loc("/data2/hw_lly/testfiles/welmv4_dp_prefill_attention_candidate.py":425:0): error: cc overflow, requires 4194304 bits while 2097152 bits available!
loc("/data2/hw_lly/testfiles/welmv4_dp_prefill_attention_candidate.py":425:0): error: Failed to run buildFinalHIVMPipelines pipeline

loc("/data2/hw_lly/testfiles/welmv4_dp_prefill_attention_candidate.py":425:0): error: cc overflow, requires 4194304 bits while 2097152 bits available!
loc("/data2/hw_lly/testfiles/welmv4_dp_prefill_attention_candidate.py":425:0): error: Failed to run buildFinalHIVMPipelines pipeline

loc("/data2/hw_lly/testfiles/welmv4_dp_prefill_attention_candidate.py":425:0): error: cc overflow, requires 4194304 bits while 2097152 bits available!
loc("/data2/hw_lly/testfiles/welmv4_dp_prefill_attention_candidate.py":425:0): error: Failed to run buildFinalHIVMPipelines pipeline

loc("/data2/hw_lly/testfiles/welmv4_dp_prefill_attention_candidate.py":425:0): error: cc overflow, requires 4194304 bits while 2097152 bits available!
[ERROR] Failed to run BiShengIR pipeline
[ERROR] Executing: /usr/local/python3.11.10/lib/python3.11/site-packages/triton/backends/ascend/bishengir/bin/bishengir-compile-a5 /tmp/tmpnfmapmka/kernel.ttadapter.mlir --target=Ascend950PR_957b --enable-auto-multi-buffer=True --enable-auto-bind-sub-block=True --disable-ffts --set-workspace-multibuffer=0 --limit-auto-multi-buffer-of-local-buffer=no-limit --enable-mixed-cv=True --disable-auto-inject-block-sync=True --enable-auto-blockify-loop --enable-hfusion-compile=true --enable-triton-kernel-compile=true --append-bisheng-options=-cce-link-aicore-ll-module /usr/local/python3.11.10/lib/python3.11/site-packages/triton/backends/ascend/lib/libdevice.10.bc --mlir-print-ir-after-failure --mlir-print-stacktrace-on-diagnostic -o /tmp/tmpnfmapmka/kernel --enable-vf-merge-level=1


[INFO]: The compiled kernel cache is in /root/.triton/cache/4lwf5v8HW7IpxGN_pv9nJnEtZSCsLe0M80hARRts-94

///------------------[ERROR][Triton][END]------------------

[ERROR] 2026-09-01-03:49:07 (PID:2436696, Device:5, RankID:-1) ERR99999 UNKNOWN applicaiton exception
