time: 2026-08-29T16:06:35+08:00
command: /usr/local/python3.11.10/bin/python bench_welmv4_prefill_attention_npu.py --suite remote --mode both --device npu:5 --capture-ir on --capture-profile on --capture-msprof-op on --output-dir /data2/hw_lly/testfiles/welm_attn_result_j_dzlk5v
return_code: 1
reason: benchmark exited with status 1

===== stdout + stderr =====
WeLMv4 NPU Full/SWA prefill Attention optimization workspace
device=npu:5 (Ascend950PR_957b), base=8191b577b2d0, baseline=c47f9bdcfb87, candidate=439b539bbb68
[correctness 1/215] full_dense_m1_kv63_uniform_compact_tp4
Traceback (most recent call last):
  File "/usr/local/python3.11.10/lib/python3.11/site-packages/triton/compiler/compiler.py", line 289, in compile
    next_module = compile_ir(module, metadata)
                  ^^^^^^^^^^^^^^^^^^^^^^^^^^^^
  File "/usr/local/python3.11.10/lib/python3.11/site-packages/triton/backends/ascend/compiler.py", line 1223, in <lambda>
    lambda src, metadata: linalg_to_bin_enable_npu_compile_910_95(
                          ^^^^^^^^^^^^^^^^^^^^^^^^^^^^^^^^^^^^^^^^
  File "/usr/local/python3.11.10/lib/python3.11/site-packages/triton/backends/ascend/compiler.py", line 654, in linalg_to_bin_enable_npu_compile_910_95
    ret = subprocess.run(
          ^^^^^^^^^^^^^^^
  File "/usr/local/python3.11.10/lib/python3.11/subprocess.py", line 571, in run
    raise CalledProcessError(retcode, process.args,
subprocess.CalledProcessError: Command '['/usr/local/python3.11.10/lib/python3.11/site-packages/triton/backends/ascend/bishengir/bin/bishengir-compile', '/tmp/tmprjm6mpnb/kernel.ttadapter.mlir', '--target=Ascend950PR_957b', '--enable-auto-multi-buffer=True', '--enable-auto-bind-sub-block=True', '--disable-ffts', '--set-workspace-multibuffer=0', '--limit-auto-multi-buffer-of-local-buffer=no-limit', '--enable-mixed-cv=True', '--disable-auto-inject-block-sync=True', '--enable-auto-blockify-loop', '--enable-hfusion-compile=true', '--enable-triton-kernel-compile=true', '--append-bisheng-options=-cce-link-aicore-ll-module /usr/local/python3.11.10/lib/python3.11/site-packages/triton/backends/ascend/lib/libdevice.10.bc', '--mlir-print-ir-after-failure', '--mlir-print-stacktrace-on-diagnostic', '-o', '/tmp/tmprjm6mpnb/kernel', '--enable-vf-merge-level=1']' returned non-zero exit status 1.

The above exception was the direct cause of the following exception:

Traceback (most recent call last):
  File "/data2/hw_lly/testfiles/bench_welmv4_prefill_attention_npu.py", line 1588, in <module>
    raise SystemExit(main())
                     ^^^^^^
  File "/data2/hw_lly/testfiles/bench_welmv4_prefill_attention_npu.py", line 1437, in main
    rows, correctness_failures = run_correctness(harness, cases)
                                 ^^^^^^^^^^^^^^^^^^^^^^^^^^^^^^^
  File "/data2/hw_lly/testfiles/bench_welmv4_prefill_attention_npu.py", line 342, in run_correctness
    outputs[provider] = bound.launch()
                        ^^^^^^^^^^^^^^
  File "/data2/hw_lly/testfiles/bench_welmv4_prefill_attention_npu.py", line 246, in launch_full
    return module.paged_attention_prefill_impl(
           ^^^^^^^^^^^^^^^^^^^^^^^^^^^^^^^^^^^^
  File "/data2/hw_lly/testfiles/welmv4_prefill_attention_candidate.py", line 915, in paged_attention_prefill_impl
    paged_prefill_verify_grouped_kernel[grouped_grid](
  File "/usr/local/python3.11.10/lib/python3.11/site-packages/triton/runtime/jit.py", line 333, in <lambda>
    return lambda *args, **kwargs: self.run(grid=grid, warmup=False, *args, **kwargs)
                                   ^^^^^^^^^^^^^^^^^^^^^^^^^^^^^^^^^^^^^^^^^^^^^^^^^^
  File "/usr/local/python3.11.10/lib/python3.11/site-packages/triton/runtime/jit.py", line 622, in run
    kernel = self._do_compile(key, signature, device, backend, target, constants, options, configs[0], warmup)
             ^^^^^^^^^^^^^^^^^^^^^^^^^^^^^^^^^^^^^^^^^^^^^^^^^^^^^^^^^^^^^^^^^^^^^^^^^^^^^^^^^^^^^^^^^^^^^^^^^
  File "/usr/local/python3.11.10/lib/python3.11/site-packages/triton/runtime/jit.py", line 787, in _do_compile
    kernel = self.compile(src, target=target, options=options.__dict__)
             ^^^^^^^^^^^^^^^^^^^^^^^^^^^^^^^^^^^^^^^^^^^^^^^^^^^^^^^^^^
  File "/usr/local/python3.11.10/lib/python3.11/site-packages/triton/compiler/compiler.py", line 303, in compile
    raise MLIRCompilationError(stage_name, error_detail) from e
triton.compiler.errors.MLIRCompilationError: 
///------------------[ERROR][Triton][BEG]------------------
[ConvertLinalgRToBinary] encounters error:
[WARNING] --enable-mixed-cv is deprecated.
[hivm-bind-sub-block] revert paged_prefill_verify_grouped_kernel_mix_aiv: bubble-up or verification failed
// -----// IR Dump After InlineScope Failed (inline-scope) //----- //
#map = affine_map<(d0)[s0] -> (d0 + s0)>
#map1 = affine_map<(d0) -> (d0)>
#map2 = affine_map<() -> ()>
#map3 = affine_map<(d0, d1, d2) -> (d0, d1, d2)>
#map4 = affine_map<(d0) -> (d0, 0)>
#map5 = affine_map<()[s0] -> (s0 + 1)>
#map6 = affine_map<()[s0, s1] -> (s0 - s1)>
#map7 = affine_map<()[s0, s1] -> (s0 + s1)>
#map8 = affine_map<()[s0, s1] -> ((s0 - s1 + 15) floordiv 16)>
#map9 = affine_map<()[s0] -> (s0 floordiv 16)>
#map10 = affine_map<()[s0] -> (s0 mod 16)>
#map11 = affine_map<(d0, d1) -> (d0, d1)>
#map12 = affine_map<(d0, d1) -> (0, d1)>
#map13 = affine_map<(d0, d1) -> (d0, 0)>
#map14 = affine_map<(d0) -> (0, d0)>
"builtin.module"() ({
  "func.func"() <{function_type = (memref<6x64xf32, #hivm.address_space<ub>>, memref<6xf32, #hivm.address_space<ub>>, memref<6xf32, #hivm.address_space<ub>>, memref<6xf32, #hivm.address_space<ub>>, memref<6xf32, #hivm.address_space<ub>>, memref<16x4x16xbf16, #hivm.address_space<ub>>, memref<4x16x16xbf16, #hivm.address_space<ub>>) -> (), sym_name = "paged_prefill_verify_grouped_kernel_mix_aiv_outlined_merged_merged_vf_0"}> ({
  ^bb0(%arg136: memref<6x64xf32, #hivm.address_space<ub>>, %arg137: memref<6xf32, #hivm.address_space<ub>>, %arg138: memref<6xf32, #hivm.address_space<ub>>, %arg139: memref<6xf32, #hivm.address_space<ub>>, %arg140: memref<6xf32, #hivm.address_space<ub>>, %arg141: memref<16x4x16xbf16, #hivm.address_space<ub>>, %arg142: memref<4x16x16xbf16, #hivm.address_space<ub>>):
    %637 = "arith.constant"() <{value = dense<0.000000e+00> : vector<128xbf16>}> : () -> vector<128xbf16>
    %638 = "arith.constant"() <{value = dense<"0x00000100020003000400050006000700080009000A000B000C000D000E000F0040004100420043004400450046004700480049004A004B004C004D004E004F0010001100120013001400150016001700180019001A001B001C001D001E001F0050005100520053005400550056005700580059005A005B005C005D005E005F0020002100220023002400250026002700280029002A002B002C002D002E002F0060006100620063006400650066006700680069006A006B006C006D006E006F0030003100320033003400350036003700380039003A003B003C003D003E003F0070007100720073007400750076007700780079007A007B007C007D007E007F00"> : vector<128xi16>}> : () -> vector<128xi16>
    %639 = "arith.constant"() <{value = dense<0.000000e+00> : vector<64xf32>}> : () -> vector<64xf32>
    %640 = "arith.constant"() <{value = 16 : index}> : () -> index
    %641 = "arith.constant"() <{value = 2 : index}> : () -> index
    %642 = "arith.constant"() <{value = 0.000000e+00 : f32}> : () -> f32
    %643 = "arith.constant"() <{value = 1 : index}> : () -> index
    %644 = "arith.constant"() <{value = 6 : index}> : () -> index
    %645 = "arith.constant"() <{value = 0 : index}> : () -> index
    "scf.for"(%645, %644, %643) ({
    ^bb0(%arg144: index):
      %654 = "memref.subview"(%arg137, %arg144) <{operandSegmentSizes = array<i32: 1, 1, 0, 0>, static_offsets = array<i64: -9223372036854775808>, static_sizes = array<i64: 1>, static_strides = array<i64: 1>}> : (memref<6xf32, #hivm.address_space<ub>>, index) -> memref<1xf32, strided<[1], offset: ?>, #hivm.address_space<ub>>
      %655 = "memref.subview"(%arg136, %arg144) <{operandSegmentSizes = array<i32: 1, 1, 0, 0>, static_offsets = array<i64: -9223372036854775808, 0>, static_sizes = array<i64: 1, 64>, static_strides = array<i64: 1, 1>}> : (memref<6x64xf32, #hivm.address_space<ub>>, index) -> memref<1x64xf32, strided<[64, 1], offset: ?>, #hivm.address_space<ub>>
      %656 = "memref.subview"(%655) <{operandSegmentSizes = array<i32: 1, 0, 0, 0>, static_offsets = array<i64: 0, 0>, static_sizes = array<i64: 1, 64>, static_strides = array<i64: 1, 1>}> : (memref<1x64xf32, strided<[64, 1], offset: ?>, #hivm.address_space<ub>>) -> memref<64xf32, #map, #hivm.address_space<ub>>
      %657 = "vector.transfer_read"(%656, %645, %642) <{in_bounds = [true], operandSegmentSizes = array<i32: 1, 1, 1, 0>, permutation_map = #map1}> : (memref<64xf32, #map, #hivm.address_space<ub>>, index, f32) -> vector<64xf32>
      %658 = "arith.addf"(%657, %639) <{fastmath = #arith.fastmath<none>}> {reductionOp} : (vector<64xf32>, vector<64xf32>) -> vector<64xf32>
      %659 = "memref.subview"(%654) <{operandSegmentSizes = array<i32: 1, 0, 0, 0>, static_offsets = array<i64: 0>, static_sizes = array<i64: 1>, static_strides = array<i64: 1>}> : (memref<1xf32, strided<[1], offset: ?>, #hivm.address_space<ub>>) -> memref<f32, strided<[], offset: ?>, #hivm.address_space<ub>>
      %660 = "vector.transfer_read"(%659, %642) <{in_bounds = [], operandSegmentSizes = array<i32: 1, 0, 1, 0>, permutation_map = #map2}> : (memref<f32, strided<[], offset: ?>, #hivm.address_space<ub>>, f32) -> vector<f32>
      %661 = "vector.shape_cast"(%660) : (vector<f32>) -> vector<1xf32>
      %662 = "builtin.unrealized_conversion_cast"(%661) : (vector<1xf32>) -> f32
      %663 = "vector.reduction"(%658, %662) <{fastmath = #arith.fastmath<none>, kind = #vector.kind<add>}> {withoutInitMergeOp} : (vector<64xf32>, f32) -> f32
      %664 = "builtin.unrealized_conversion_cast"(%663) : (f32) -> vector<1xf32>
      %665 = "vector.shape_cast"(%664) : (vector<1xf32>) -> vector<f32>
      "vector.transfer_write"(%665, %659) <{in_bounds = [], operandSegmentSizes = array<i32: 1, 1, 0, 0>, permutation_map = #map2}> : (vector<f32>, memref<f32, strided<[], offset: ?>, #hivm.address_space<ub>>) -> ()
      "scf.yield"() : () -> ()
    }) : (index, index, index) -> ()
    %646 = "vector.constant_mask"() <{mask_dim_sizes = [6]}> : () -> vector<64xi1>
    "annotation.mark"(%646) <{effects = ["write"]}> {mask_op_idx = 0 : i32} : (vector<64xi1>) -> ()
    %647 = "vector.transfer_read"(%arg138, %645, %642, %646) <{in_bounds = [true], operandSegmentSizes = array<i32: 1, 1, 1, 1>, permutation_map = #map1}> : (memref<6xf32, #hivm.address_space<ub>>, index, f32, vector<64xi1>) -> vector<64xf32>
    "annotation.mark"(%647) <{effects = ["write"]}> {reached_mask_ops_idx = 0 : i32} : (vector<64xf32>) -> ()
    %648 = "vector.transfer_read"(%arg139, %645, %642, %646) <{in_bounds = [true], operandSegmentSizes = array<i32: 1, 1, 1, 1>, permutation_map = #map1}> : (memref<6xf32, #hivm.address_space<ub>>, index, f32, vector<64xi1>) -> vector<64xf32>
    "annotation.mark"(%648) <{effects = ["write"]}> {reached_mask_ops_idx = 0 : i32} : (vector<64xf32>) -> ()
    %649 = "arith.subf"(%647, %648) <{fastmath = #arith.fastmath<none>}> : (vector<64xf32>, vector<64xf32>) -> vector<64xf32>
    "annotation.mark"(%649) <{effects = ["write"]}> {reached_mask_ops_idx = 0 : i32} : (vector<64xf32>) -> ()
    "vector.transfer_write"(%649, %arg140, %645, %646) <{in_bounds = [true], operandSegmentSizes = array<i32: 1, 1, 1, 1>, permutation_map = #map1}> : (vector<64xf32>, memref<6xf32, #hivm.address_space<ub>>, index, vector<64xi1>) -> ()
    "scf.for"(%645, %640, %641) ({
    ^bb0(%arg143: index):
      %650 = "memref.subview"(%arg141, %arg143) <{operandSegmentSizes = array<i32: 1, 1, 0, 0>, static_offsets = array<i64: -9223372036854775808, 0, 0>, static_sizes = array<i64: 2, 4, 16>, static_strides = array<i64: 1, 1, 1>}> : (memref<16x4x16xbf16, #hivm.address_space<ub>>, index) -> memref<2x4x16xbf16, strided<[64, 16, 1], offset: ?>, #hivm.address_space<ub>>
      %651 = "memref.subview"(%arg142, %arg143) <{operandSegmentSizes = array<i32: 1, 1, 0, 0>, static_offsets = array<i64: 0, -9223372036854775808, 0>, static_sizes = array<i64: 4, 2, 16>, static_strides = array<i64: 1, 1, 1>}> : (memref<4x16x16xbf16, #hivm.address_space<ub>>, index) -> memref<4x2x16xbf16, strided<[256, 16, 1], offset: ?>, #hivm.address_space<ub>>
      %652 = "vector.constant_mask"() <{mask_dim_sizes = [128]}> : () -> vector<128xi1>
      %653 = "vector.gather"(%650, %645, %645, %645, %638, %652, %637) : (memref<2x4x16xbf16, strided<[64, 16, 1], offset: ?>, #hivm.address_space<ub>>, index, index, index, vector<128xi16>, vector<128xi1>, vector<128xbf16>) -> vector<128xbf16>
      "vector.transfer_write"(%653, %651, %645, %645, %645) <{in_bounds = [true, true, true], operandSegmentSizes = array<i32: 1, 1, 3, 0>, permutation_map = #map3}> : (vector<128xbf16>, memref<4x2x16xbf16, strided<[256, 16, 1], offset: ?>, #hivm.address_space<ub>>, index, index, index) -> ()
      "scf.yield"() : () -> ()
    }) : (index, index, index) -> ()
    "func.return"() : () -> ()
  }) {hivm.func_core_type = #hivm.func_core_type<AIV>, hivm.vector_function} : () -> ()
  "func.func"() <{function_type = (memref<6xf32, #hivm.address_space<ub>>, memref<6xf32, #hivm.address_space<ub>>, memref<6xf32, #hivm.address_space<ub>>, memref<6xf32, #hivm.address_space<ub>>, memref<6xf32, #hivm.address_space<ub>>, memref<6x256xf32, #hivm.address_space<ub>>, memref<6x256xf32, #hivm.address_space<ub>>, memref<6x256xf32, #hivm.address_space<ub>>) -> (), sym_name = "paged_prefill_verify_grouped_kernel_mix_aiv_outlined_merged_vf_1"}> ({
  ^bb0(%arg126: memref<6xf32, #hivm.address_space<ub>>, %arg127: memref<6xf32, #hivm.address_space<ub>>, %arg128: memref<6xf32, #hivm.address_space<ub>>, %arg129: memref<6xf32, #hivm.address_space<ub>>, %arg130: memref<6xf32, #hivm.address_space<ub>>, %arg131: memref<6x256xf32, #hivm.address_space<ub>>, %arg132: memref<6x256xf32, #hivm.address_space<ub>>, %arg133: memref<6x256xf32, #hivm.address_space<ub>>):
    %612 = "arith.constant"() <{value = 256 : index}> : () -> index
    %613 = "arith.constant"() <{value = 64 : index}> : () -> index
    %614 = "arith.constant"() <{value = 6 : index}> : () -> index
    %615 = "arith.constant"() <{value = 1 : index}> : () -> index
    %616 = "arith.constant"() <{value = 0.000000e+00 : f32}> : () -> f32
    %617 = "arith.constant"() <{value = 0 : index}> : () -> index
    %618 = "vector.constant_mask"() <{mask_dim_sizes = [6]}> : () -> vector<64xi1>
    "annotation.mark"(%618) <{effects = ["write"]}> {mask_op_idx = 0 : i32} : (vector<64xi1>) -> ()
    %619 = "vector.transfer_read"(%arg126, %617, %616, %618) <{in_bounds = [true], operandSegmentSizes = array<i32: 1, 1, 1, 1>, permutation_map = #map1}> : (memref<6xf32, #hivm.address_space<ub>>, index, f32, vector<64xi1>) -> vector<64xf32>
    "annotation.mark"(%619) <{effects = ["write"]}> {reached_mask_ops_idx = 0 : i32} : (vector<64xf32>) -> ()
    %620 = "vector.transfer_read"(%arg127, %617, %616, %618) <{in_bounds = [true], operandSegmentSizes = array<i32: 1, 1, 1, 1>, permutation_map = #map1}> : (memref<6xf32, #hivm.address_space<ub>>, index, f32, vector<64xi1>) -> vector<64xf32>
    "annotation.mark"(%620) <{effects = ["write"]}> {reached_mask_ops_idx = 0 : i32} : (vector<64xf32>) -> ()
    %621 = "vector.transfer_read"(%arg128, %617, %616, %618) <{in_bounds = [true], operandSegmentSizes = array<i32: 1, 1, 1, 1>, permutation_map = #map1}> : (memref<6xf32, #hivm.address_space<ub>>, index, f32, vector<64xi1>) -> vector<64xf32>
    "annotation.mark"(%621) <{effects = ["write"]}> {reached_mask_ops_idx = 0 : i32} : (vector<64xf32>) -> ()
    %622 = "arith.mulf"(%619, %620) <{fastmath = #arith.fastmath<none>}> : (vector<64xf32>, vector<64xf32>) -> vector<64xf32>
    "annotation.mark"(%622) <{effects = ["write"]}> {reached_mask_ops_idx = 0 : i32} : (vector<64xf32>) -> ()
    %623 = "arith.addf"(%622, %621) <{fastmath = #arith.fastmath<none>}> : (vector<64xf32>, vector<64xf32>) -> vector<64xf32>
    "annotation.mark"(%623) <{effects = ["write"]}> {reached_mask_ops_idx = 0 : i32} : (vector<64xf32>) -> ()
    "vector.transfer_write"(%623, %arg129, %617, %618) <{in_bounds = [true], operandSegmentSizes = array<i32: 1, 1, 1, 1>, permutation_map = #map1}> : (vector<64xf32>, memref<6xf32, #hivm.address_space<ub>>, index, vector<64xi1>) -> ()
    "scf.for"(%617, %614, %615) ({
    ^bb0(%arg134: index):
      %624 = "memref.subview"(%arg130, %arg134) <{operandSegmentSizes = array<i32: 1, 1, 0, 0>, static_offsets = array<i64: -9223372036854775808>, static_sizes = array<i64: 1>, static_strides = array<i64: 1>}> : (memref<6xf32, #hivm.address_space<ub>>, index) -> memref<1xf32, strided<[1], offset: ?>, #hivm.address_space<ub>>
      "scf.for"(%617, %612, %613) ({
      ^bb0(%arg135: index):
        %625 = "memref.subview"(%arg131, %arg134, %arg135) <{operandSegmentSizes = array<i32: 1, 2, 0, 0>, static_offsets = array<i64: -9223372036854775808, -9223372036854775808>, static_sizes = array<i64: 1, 64>, static_strides = array<i64: 1, 1>}> : (memref<6x256xf32, #hivm.address_space<ub>>, index, index) -> memref<1x64xf32, strided<[256, 1], offset: ?>, #hivm.address_space<ub>>
        %626 = "memref.subview"(%arg132, %arg134, %arg135) <{operandSegmentSizes = array<i32: 1, 2, 0, 0>, static_offsets = array<i64: -9223372036854775808, -9223372036854775808>, static_sizes = array<i64: 1, 64>, static_strides = array<i64: 1, 1>}> : (memref<6x256xf32, #hivm.address_space<ub>>, index, index) -> memref<1x64xf32, strided<[256, 1], offset: ?>, #hivm.address_space<ub>>
        %627 = "memref.subview"(%arg133, %arg134, %arg135) <{operandSegmentSizes = array<i32: 1, 2, 0, 0>, static_offsets = array<i64: -9223372036854775808, -9223372036854775808>, static_sizes = array<i64: 1, 64>, static_strides = array<i64: 1, 1>}> : (memref<6x256xf32, #hivm.address_space<ub>>, index, index) -> memref<1x64xf32, strided<[256, 1], offset: ?>, #hivm.address_space<ub>>
        %628 = "memref.subview"(%625) <{operandSegmentSizes = array<i32: 1, 0, 0, 0>, static_offsets = array<i64: 0, 0>, static_sizes = array<i64: 1, 64>, static_strides = array<i64: 1, 1>}> : (memref<1x64xf32, strided<[256, 1], offset: ?>, #hivm.address_space<ub>>) -> memref<64xf32, #map, #hivm.address_space<ub>>
        %629 = "vector.transfer_read"(%628, %617, %616) <{in_bounds = [true], operandSegmentSizes = array<i32: 1, 1, 1, 0>, permutation_map = #map1}> : (memref<64xf32, #map, #hivm.address_space<ub>>, index, f32) -> vector<64xf32>
        %630 = "memref.subview"(%626) <{operandSegmentSizes = array<i32: 1, 0, 0, 0>, static_offsets = array<i64: 0, 0>, static_sizes = array<i64: 1, 64>, static_strides = array<i64: 1, 1>}> : (memref<1x64xf32, strided<[256, 1], offset: ?>, #hivm.address_space<ub>>) -> memref<64xf32, #map, #hivm.address_space<ub>>
        %631 = "vector.transfer_read"(%630, %617, %616) <{in_bounds = [true], operandSegmentSizes = array<i32: 1, 1, 1, 0>, permutation_map = #map1}> : (memref<64xf32, #map, #hivm.address_space<ub>>, index, f32) -> vector<64xf32>
        %632 = "vector.transfer_read"(%624, %617, %616) <{in_bounds = [true, true], operandSegmentSizes = array<i32: 1, 1, 1, 0>, permutation_map = #map4}> : (memref<1xf32, strided<[1], offset: ?>, #hivm.address_space<ub>>, index, f32) -> vector<1x64xf32>
        %633 = "vector.shape_cast"(%632) : (vector<1x64xf32>) -> vector<64xf32>
        %634 = "arith.mulf"(%631, %633) <{fastmath = #arith.fastmath<none>}> : (vector<64xf32>, vector<64xf32>) -> vector<64xf32>
        %635 = "arith.addf"(%629, %634) <{fastmath = #arith.fastmath<none>}> : (vector<64xf32>, vector<64xf32>) -> vector<64xf32>
        %636 = "memref.subview"(%627) <{operandSegmentSizes = array<i32: 1, 0, 0, 0>, static_offsets = array<i64: 0, 0>, static_sizes = array<i64: 1, 64>, static_strides = array<i64: 1, 1>}> : (memref<1x64xf32, strided<[256, 1], offset: ?>, #hivm.address_space<ub>>) -> memref<64xf32, #map, #hivm.address_space<ub>>
        "vector.transfer_write"(%635, %636, %617) <{in_bounds = [true], operandSegmentSizes = array<i32: 1, 1, 1, 0>, permutation_map = #map1}> : (vector<64xf32>, memref<64xf32, #map, #hivm.address_space<ub>>, index) -> ()
        "scf.yield"() : () -> ()
      }) : (index, index, index) -> ()
      "scf.yield"() : () -> ()
    }) : (index, index, index) -> ()
    "func.return"() : () -> ()
  }) {hivm.func_core_type = #hivm.func_core_type<AIV>, hivm.vector_function} : () -> ()
  "func.func"() <{arg_attrs = [{hacc.arg_type = #hacc.arg_type<sync_block_lock>}, {hacc.arg_type = #hacc.arg_type<workspace>}, {tt.divisibility = 16 : i32, tt.tensor_kind = 0 : i32}, {tt.divisibility = 16 : i32, tt.tensor_kind = 0 : i32}, {tt.divisibility = 16 : i32, tt.tensor_kind = 0 : i32}, {tt.divisibility = 16 : i32, tt.tensor_kind = 1 : i32}, {tt.divisibility = 16 : i32, tt.tensor_kind = 0 : i32}, {tt.divisibility = 16 : i32, tt.tensor_kind = 0 : i32}, {tt.divisibility = 16 : i32, tt.tensor_kind = 0 : i32}, {tt.divisibility = 16 : i32, tt.tensor_kind = 0 : i32}, {tt.divisibility = 16 : i32}, {tt.divisibility = 16 : i32}, {tt.divisibility = 16 : i32}, {tt.divisibility = 16 : i32}, {tt.divisibility = 16 : i32}, {tt.divisibility = 16 : i32}, {tt.divisibility = 16 : i32}, {tt.divisibility = 16 : i32}, {}, {}, {}, {}], function_type = (memref<?xi8, #hivm.address_space<gm>>, memref<?xi8, #hivm.address_space<gm>>, memref<?xbf16, #hivm.address_space<gm>>, memref<?xbf16, #hivm.address_space<gm>>, memref<?xbf16, #hivm.address_space<gm>>, memref<?xbf16, #hivm.address_space<gm>>, memref<?xi32, #hivm.address_space<gm>>, memref<?xi32, #hivm.address_space<gm>>, memref<?xi32, #hivm.address_space<gm>>, memref<?xf32, #hivm.address_space<gm>>, i32, i32, i32, i32, i32, i32, i32, i32, f32, i32, i32, i32) -> (), sym_name = "paged_prefill_verify_grouped_kernel_mix_aic"}> ({
  ^bb0(%arg98: memref<?xi8, #hivm.address_space<gm>>, %arg99: memref<?xi8, #hivm.address_space<gm>>, %arg100: memref<?xbf16, #hivm.address_space<gm>>, %arg101: memref<?xbf16, #hivm.address_space<gm>>, %arg102: memref<?xbf16, #hivm.address_space<gm>>, %arg103: memref<?xbf16, #hivm.address_space<gm>>, %arg104: memref<?xi32, #hivm.address_space<gm>>, %arg105: memref<?xi32, #hivm.address_space<gm>>, %arg106: memref<?xi32, #hivm.address_space<gm>>, %arg107: memref<?xf32, #hivm.address_space<gm>>, %arg108: i32, %arg109: i32, %arg110: i32, %arg111: i32, %arg112: i32, %arg113: i32, %arg114: i32, %arg115: i32, %arg116: f32, %arg117: i32, %arg118: i32, %arg119: i32):
    %403 = "arith.constant"() <{value = 20480 : i64}> : () -> i64
    %404 = "arith.constant"() <{value = 75776 : i64}> : () -> i64
    %405 = "arith.constant"() <{value = 4096 : i64}> : () -> i64
    %406 = "arith.constant"() <{value = 24576 : i64}> : () -> i64
    %407 = "arith.constant"() <{value = 43008 : i64}> : () -> i64
    %408 = "arith.constant"() <{value = 116736 : i64}> : () -> i64
    %409 = "arith.constant"() <{value = 10240 : i64}> : () -> i64
    %410 = "arith.constant"() <{value = 83968 : i64}> : () -> i64
    %411 = "arith.constant"() <{value = -1 : i64}> : () -> i64
    %412 = "arith.constant"() <{value = 4 : i64}> : () -> i64
    %413 = "arith.constant"() <{value = 6 : i64}> : () -> i64
    %414 = "arith.constant"() <{value = 5 : i64}> : () -> i64
    %415 = "arith.constant"() <{value = 3 : i64}> : () -> i64
    %416 = "arith.constant"() <{value = 1 : i64}> : () -> i64
    %417 = "arith.constant"() <{value = 2 : i64}> : () -> i64
    %418 = "arith.constant"() <{value = 1856 : i64}> : () -> i64
    %419 = "arith.constant"() <{value = 320 : i64}> : () -> i64
    %420 = "arith.constant"() <{value = 8192 : i64}> : () -> i64
    %421 = "arith.constant"() <{value = 16 : index}> : () -> index
    %422 = "llvm.mlir.constant"() <{value = 1024 : i64}> : () -> i64
    %423 = "llvm.mlir.constant"() <{value = 0 : i64}> : () -> i64
    %424 = "llvm.mlir.constant"() <{value = 0 : i32}> : () -> i32
    %425 = "arith.constant"() <{value = 64 : i32}> : () -> i32
    %426 = "arith.constant"() <{value = 63 : i32}> : () -> i32
    %427 = "arith.constant"() <{value = 0.000000e+00 : bf16}> : () -> bf16
    %428 = "arith.constant"() <{value = 0 : i32}> : () -> i32
    %429 = "arith.constant"() <{value = 256 : index}> : () -> index
    %430 = "arith.constant"() <{value = 64 : index}> : () -> index
    %431 = "llvm.mlir.constant"() <{value = 4 : i64}> : () -> i64
    %432 = "llvm.mlir.constant"() <{value = 1028 : i64}> : () -> i64
    %433 = "llvm.mlir.constant"() <{value = 8 : i64}> : () -> i64
    %434 = "llvm.mlir.constant"() <{value = 1032 : i64}> : () -> i64
    %435 = "arith.constant"() <{value = 3 : i32}> : () -> i32
    %436 = "arith.constant"() <{value = 1 : i32}> : () -> i32
    %437 = "arith.constant"() <{value = 6 : index}> : () -> index
    %438 = "arith.constant"() <{value = true}> : () -> i1
    %439 = "arith.constant"() <{value = 28 : i32}> : () -> i32
    %440 = "arith.constant"() <{value = 0 : index}> : () -> index
    %441 = "arith.constant"() <{value = 0 : i64}> : () -> i64
    %442 = "memref.alloca"() <{operandSegmentSizes = array<i32: 0, 0>}> : () -> memref<1xi64>
    "memref.store"(%441, %442, %440) <{nontemporal = false}> : (i64, memref<1xi64>, index) -> ()
    %443 = "memref.alloca"() <{operandSegmentSizes = array<i32: 0, 0>}> : () -> memref<1xi64>
    "memref.store"(%441, %443, %440) <{nontemporal = false}> : (i64, memref<1xi64>, index) -> ()
    %444 = "hivm.hir.pointer_cast"(%441) <{operandSegmentSizes = array<i32: 1, 0>}> : (i64) -> memref<4x1x16x16xf32, #hivm.address_space<cc>>
    "annotation.mark"(%444) <{effects = ["write"]}> {hivm.multi_buffer = 2 : i32} : (memref<4x1x16x16xf32, #hivm.address_space<cc>>) -> ()
    %445 = "hivm.hir.pointer_cast"(%403) <{operandSegmentSizes = array<i32: 1, 0>}> : (i64) -> memref<4x1x16x16xf32, #hivm.address_space<cc>>
    "annotation.mark"(%445) <{effects = ["write"]}> {hivm.multi_buffer = 2 : i32} : (memref<4x1x16x16xf32, #hivm.address_space<cc>>) -> ()
    %446 = "hivm.hir.pointer_cast"(%441) <{operandSegmentSizes = array<i32: 1, 0>}> : (i64) -> memref<16x1x16x16xbf16, #hivm.address_space<cbuf>>
    "annotation.mark"(%446) <{effects = ["write"]}> {hivm.multi_buffer = 2 : i32} : (memref<16x1x16x16xbf16, #hivm.address_space<cbuf>>) -> ()
    %447 = "hivm.hir.pointer_cast"(%404) <{operandSegmentSizes = array<i32: 1, 0>}> : (i64) -> memref<16x1x16x16xbf16, #hivm.address_space<cbuf>>
    "annotation.mark"(%447) <{effects = ["write"]}> {hivm.multi_buffer = 2 : i32} : (memref<16x1x16x16xbf16, #hivm.address_space<cbuf>>) -> ()
    %448 = "hivm.hir.pointer_cast"(%405) <{operandSegmentSizes = array<i32: 1, 0>}> : (i64) -> memref<16x1x16x16xf32, #hivm.address_space<cc>>
    "annotation.mark"(%448) <{effects = ["write"]}> {hivm.multi_buffer = 2 : i32} : (memref<16x1x16x16xf32, #hivm.address_space<cc>>) -> ()
    %449 = "hivm.hir.pointer_cast"(%406) <{operandSegmentSizes = array<i32: 1, 0>}> : (i64) -> memref<16x1x16x16xf32, #hivm.address_space<cc>>
    "annotation.mark"(%449) <{effects = ["write"]}> {hivm.multi_buffer = 2 : i32} : (memref<16x1x16x16xf32, #hivm.address_space<cc>>) -> ()
    %450 = "hivm.hir.pointer_cast"(%407) <{operandSegmentSizes = array<i32: 1, 0>}> : (i64) -> memref<16x4x16x16xbf16, #hivm.address_space<cbuf>>
    "annotation.mark"(%450) <{effects = ["write"]}> {hivm.multi_buffer = 2 : i32} : (memref<16x4x16x16xbf16, #hivm.address_space<cbuf>>) -> ()
    %451 = "hivm.hir.pointer_cast"(%408) <{operandSegmentSizes = array<i32: 1, 0>}> : (i64) -> memref<16x4x16x16xbf16, #hivm.address_space<cbuf>>
    "annotation.mark"(%451) <{effects = ["write"]}> {hivm.multi_buffer = 2 : i32} : (memref<16x4x16x16xbf16, #hivm.address_space<cbuf>>) -> ()
    %452 = "hivm.hir.pointer_cast"(%409) <{operandSegmentSizes = array<i32: 1, 0>}> : (i64) -> memref<16x4x16x16xbf16, #hivm.address_space<cbuf>>
    "annotation.mark"(%452) <{effects = ["write"]}> {hivm.multi_buffer = 2 : i32} : (memref<16x4x16x16xbf16, #hivm.address_space<cbuf>>) -> ()
    %453 = "hivm.hir.pointer_cast"(%410) <{operandSegmentSizes = array<i32: 1, 0>}> : (i64) -> memref<16x4x16x16xbf16, #hivm.address_space<cbuf>>
    "annotation.mark"(%453) <{effects = ["write"]}> {hivm.multi_buffer = 2 : i32} : (memref<16x4x16x16xbf16, #hivm.address_space<cbuf>>) -> ()
    %454 = "arith.muli"(%arg117, %arg118) <{overflowFlags = #arith.overflow<none>}> : (i32, i32) -> i32
    %455 = "arith.muli"(%454, %arg119) <{overflowFlags = #arith.overflow<none>}> : (i32, i32) -> i32
    "annotation.mark"(%455) <{effects = ["write"]}> {logical_block_num} : (i32) -> ()
    %456 = "hivm.hir.get_block_idx"() : () -> i64
    %457 = "arith.trunci"(%456) : (i64) -> i32
    %458 = "llvm.inttoptr"(%423) : (i64) -> !llvm.ptr<11>
    %459 = "llvm.inttoptr"(%422) : (i64) -> !llvm.ptr<11>
    %460 = "llvm.inttoptr"(%431) : (i64) -> !llvm.ptr<11>
    %461 = "llvm.inttoptr"(%432) : (i64) -> !llvm.ptr<11>
    %462 = "llvm.inttoptr"(%433) : (i64) -> !llvm.ptr<11>
    %463 = "llvm.inttoptr"(%434) : (i64) -> !llvm.ptr<11>
    "hivm.hir.set_flag"() <{set_pipe = #hivm.pipe<PIPE_MTE1>, static_event_id = #hivm.event<EVENT_ID0>, wait_pipe = #hivm.pipe<PIPE_MTE2>}> : () -> ()
    "hivm.hir.set_flag"() <{set_pipe = #hivm.pipe<PIPE_MTE1>, static_event_id = #hivm.event<EVENT_ID1>, wait_pipe = #hivm.pipe<PIPE_MTE2>}> : () -> ()
    "hivm.hir.set_flag"() <{set_pipe = #hivm.pipe<PIPE_M>, static_event_id = #hivm.event<EVENT_ID0>, wait_pipe = #hivm.pipe<PIPE_MTE1>}> : () -> ()
    "hivm.hir.set_flag"() <{set_pipe = #hivm.pipe<PIPE_M>, static_event_id = #hivm.event<EVENT_ID1>, wait_pipe = #hivm.pipe<PIPE_MTE1>}> : () -> ()
    "scf.for"(%457, %455, %439) ({
    ^bb0(%arg120: i32):
      "hivm.hir.set_ctrl"() <{enable = false, idx = 60 : i64}> : () -> ()
      "hivm.hir.set_ctrl"() <{enable = true, idx = 48 : i64}> : () -> ()
      %464 = "arith.remsi"(%arg120, %arg117) : (i32, i32) -> i32
      "llvm.store"(%424, %458) <{ordering = 0 : i64, volatile_}> : (i32, !llvm.ptr<11>) -> ()
      "llvm.store"(%424, %459) <{ordering = 0 : i64, volatile_}> : (i32, !llvm.ptr<11>) -> ()
      "llvm.store"(%424, %460) <{ordering = 0 : i64, volatile_}> : (i32, !llvm.ptr<11>) -> ()
      "llvm.store"(%424, %461) <{ordering = 0 : i64, volatile_}> : (i32, !llvm.ptr<11>) -> ()
      "llvm.store"(%424, %462) <{ordering = 0 : i64, volatile_}> : (i32, !llvm.ptr<11>) -> ()
      "llvm.store"(%424, %463) <{ordering = 0 : i64, volatile_}> : (i32, !llvm.ptr<11>) -> ()
      %465 = "arith.divsi"(%464, %arg117) : (i32, i32) -> i32
      %466 = "arith.addi"(%464, %436) <{overflowFlags = #arith.overflow<none>}> : (i32, i32) -> i32
      %467 = "arith.divsi"(%466, %arg117) : (i32, i32) -> i32
      "scf.for"(%465, %467, %436) ({
      ^bb0(%arg121: i32):
        %468 = "memref.load"(%443, %440) <{nontemporal = false}> : (memref<1xi64>, index) -> i64
        %469 = "arith.remui"(%468, %417) : (i64, i64) -> i64
        %470 = "arith.index_cast"(%469) : (i64) -> index
        %471 = "arith.cmpi"(%469, %416) <{predicate = 0 : i64}> : (i64, i64) -> i1
        %472 = "arith.select"(%471, %447, %446) : (i1, memref<16x1x16x16xbf16, #hivm.address_space<cbuf>>, memref<16x1x16x16xbf16, #hivm.address_space<cbuf>>) -> memref<16x1x16x16xbf16, #hivm.address_space<cbuf>>
        %473 = "arith.index_cast"(%470) : (index) -> i1
        %474 = "arith.xori"(%473, %438) : (i1, i1) -> i1
        %475 = "arith.extui"(%474) : (i1) -> i64
        %476 = "arith.index_cast"(%arg121) : (i32) -> index
        %477 = "memref.reinterpret_cast"(%arg104, %476) <{operandSegmentSizes = array<i32: 1, 1, 0, 0>, static_offsets = array<i64: -9223372036854775808>, static_sizes = array<i64: 1>, static_strides = array<i64: 1>}> : (memref<?xi32, #hivm.address_space<gm>>, index) -> memref<1xi32, strided<[1], offset: ?>, #hivm.address_space<gm>>
        %478 = "memref.load"(%477, %440) : (memref<1xi32, strided<[1], offset: ?>, #hivm.address_space<gm>>, index) -> i32
        %479 = "affine.apply"(%476) <{map = #map5}> : (index) -> index
        %480 = "memref.reinterpret_cast"(%arg104, %479) <{operandSegmentSizes = array<i32: 1, 1, 0, 0>, static_offsets = array<i64: -9223372036854775808>, static_sizes = array<i64: 1>, static_strides = array<i64: 1>}> : (memref<?xi32, #hivm.address_space<gm>>, index) -> memref<1xi32, strided<[1], offset: ?>, #hivm.address_space<gm>>
        %481 = "memref.load"(%480, %440) : (memref<1xi32, strided<[1], offset: ?>, #hivm.address_space<gm>>, index) -> i32
        %482 = "arith.subi"(%481, %478) <{overflowFlags = #arith.overflow<none>}> : (i32, i32) -> i32
        %483 = "arith.cmpi"(%482, %428) <{predicate = 4 : i64}> : (i32, i32) -> i1
        "scf.if"(%483) ({
          %485 = "memref.reinterpret_cast"(%arg105, %476) <{operandSegmentSizes = array<i32: 1, 1, 0, 0>, static_offsets = array<i64: -9223372036854775808>, static_sizes = array<i64: 1>, static_strides = array<i64: 1>}> : (memref<?xi32, #hivm.address_space<gm>>, index) -> memref<1xi32, strided<[1], offset: ?>, #hivm.address_space<gm>>
          %486 = "memref.load"(%485, %440) : (memref<1xi32, strided<[1], offset: ?>, #hivm.address_space<gm>>, index) -> i32
          %487 = "arith.addi"(%486, %426) <{overflowFlags = #arith.overflow<none>}> : (i32, i32) -> i32
          %488 = "arith.divsi"(%487, %425) : (i32, i32) -> i32
          %489 = "arith.muli"(%478, %arg108) <{overflowFlags = #arith.overflow<none>}> : (i32, i32) -> i32
          %490 = "arith.index_cast"(%489) : (i32) -> index
          %491 = "arith.index_cast"(%arg109) : (i32) -> index
          %492 = "memref.reinterpret_cast"(%arg100, %490, %491) <{operandSegmentSizes = array<i32: 1, 1, 0, 1>, static_offsets = array<i64: -9223372036854775808>, static_sizes = array<i64: 6, 256>, static_strides = array<i64: -9223372036854775808, 1>}> : (memref<?xbf16, #hivm.address_space<gm>>, index, index) -> memref<6x256xbf16, strided<[?, 1], offset: ?>, #hivm.address_space<gm>>
          %493 = "memref.cast"(%472) : (memref<16x1x16x16xbf16, #hivm.address_space<cbuf>>) -> memref<?x?x?x?xbf16, #hivm.address_space<cbuf>>
          "hivm.hir.wait_flag"(%475) <{set_pipe = #hivm.pipe<PIPE_MTE1>, wait_pipe = #hivm.pipe<PIPE_MTE2>}> : (i64) -> ()
          "hivm.hir.nd2nz"(%492, %493) <{dst_continuous, init_out_buffer = false, operandSegmentSizes = array<i32: 1, 1, 0, 0>}> : (memref<6x256xbf16, strided<[?, 1], offset: ?>, #hivm.address_space<gm>>, memref<?x?x?x?xbf16, #hivm.address_space<cbuf>>) -> ()
          "hivm.hir.set_flag"() <{set_pipe = #hivm.pipe<PIPE_MTE2>, static_event_id = #hivm.event<EVENT_ID0>, wait_pipe = #hivm.pipe<PIPE_MTE1>}> : () -> ()
          %494 = "memref.load"(%485, %440) : (memref<1xi32, strided<[1], offset: ?>, #hivm.address_space<gm>>, index) -> i32
          %495 = "hivm.hir.pointer_cast"(%420) <{operandSegmentSizes = array<i32: 1, 0>}> : (i64) -> memref<4x1x16x16xbf16, #hivm.address_space<cbuf>>
          "annotation.mark"(%495) <{effects = ["write", "read"]}> {hivm.tightly_coupled_buffer = #hivm.tightly_coupled_buffer<0>} : (memref<4x1x16x16xbf16, #hivm.address_space<cbuf>>) -> ()
          "hivm.hir.sync_block_set"() <{operandSegmentSizes = array<i32: 0, 0>, pipe = #hivm.pipe<PIPE_MTE3>, static_flag_id = 1 : i64, tcore_type = #hivm.tcore_type<CUBE>, tpipe = #hivm.pipe<PIPE_M>}> : () -> ()
          %496 = "hivm.hir.pointer_cast"(%419) <{operandSegmentSizes = array<i32: 1, 0>}> : (i64) -> memref<6x64xf32, #hivm.address_space<ub>>
          "annotation.mark"(%496) <{effects = ["write", "read"]}> {hivm.tightly_coupled_buffer = #hivm.tightly_coupled_buffer<1>} : (memref<6x64xf32, #hivm.address_space<ub>>) -> ()
          %497 = "hivm.hir.pointer_cast"(%418) <{operandSegmentSizes = array<i32: 1, 0>}> : (i64) -> memref<6x256xf32, #hivm.address_space<ub>>
          "annotation.mark"(%497) <{effects = ["write", "read"]}> {hivm.tightly_coupled_buffer = #hivm.tightly_coupled_buffer<2>} : (memref<6x256xf32, #hivm.address_space<ub>>) -> ()
          %498 = "arith.addi"(%488, %435) <{overflowFlags = #arith.overflow<none>}> : (i32, i32) -> i32
          "hivm.hir.wait_flag"() <{set_pipe = #hivm.pipe<PIPE_MTE2>, static_event_id = #hivm.event<EVENT_ID0>, wait_pipe = #hivm.pipe<PIPE_MTE1>}> : () -> ()
          "hivm.hir.set_flag"() <{set_pipe = #hivm.pipe<PIPE_MTE1>, static_event_id = #hivm.event<EVENT_ID3>, wait_pipe = #hivm.pipe<PIPE_MTE2>}> : () -> ()
          "hivm.hir.set_flag"() <{set_pipe = #hivm.pipe<PIPE_MTE1>, static_event_id = #hivm.event<EVENT_ID4>, wait_pipe = #hivm.pipe<PIPE_MTE2>}> : () -> ()
          "hivm.hir.set_flag"() <{set_pipe = #hivm.pipe<PIPE_MTE1>, static_event_id = #hivm.event<EVENT_ID5>, wait_pipe = #hivm.pipe<PIPE_MTE2>}> : () -> ()
          "hivm.hir.set_flag"() <{set_pipe = #hivm.pipe<PIPE_MTE1>, static_event_id = #hivm.event<EVENT_ID6>, wait_pipe = #hivm.pipe<PIPE_MTE2>}> : () -> ()
          "hivm.hir.set_flag"() <{set_pipe = #hivm.pipe<PIPE_FIX>, static_event_id = #hivm.event<EVENT_ID0>, wait_pipe = #hivm.pipe<PIPE_M>}> : () -> ()
          "hivm.hir.set_flag"() <{set_pipe = #hivm.pipe<PIPE_FIX>, static_event_id = #hivm.event<EVENT_ID1>, wait_pipe = #hivm.pipe<PIPE_M>}> : () -> ()
          "hivm.hir.set_flag"() <{set_pipe = #hivm.pipe<PIPE_FIX>, static_event_id = #hivm.event<EVENT_ID2>, wait_pipe = #hivm.pipe<PIPE_M>}> : () -> ()
          "hivm.hir.set_flag"() <{set_pipe = #hivm.pipe<PIPE_FIX>, static_event_id = #hivm.event<EVENT_ID3>, wait_pipe = #hivm.pipe<PIPE_M>}> : () -> ()
          %499:3 = "scf.for"(%428, %498, %436, %428, %428, %428) ({
          ^bb0(%arg122: i32, %arg123: i32, %arg124: i32, %arg125: i32):
            %500 = "memref.load"(%442, %440) <{nontemporal = false}> : (memref<1xi64>, index) -> i64
            %501 = "arith.remui"(%500, %417) : (i64, i64) -> i64
            %502 = "arith.index_cast"(%501) : (i64) -> index
            %503 = "arith.cmpi"(%501, %416) <{predicate = 0 : i64}> : (i64, i64) -> i1
            %504 = "arith.select"(%503, %445, %444) : (i1, memref<4x1x16x16xf32, #hivm.address_space<cc>>, memref<4x1x16x16xf32, #hivm.address_space<cc>>) -> memref<4x1x16x16xf32, #hivm.address_space<cc>>
            %505 = "arith.select"(%503, %449, %448) : (i1, memref<16x1x16x16xf32, #hivm.address_space<cc>>, memref<16x1x16x16xf32, #hivm.address_space<cc>>) -> memref<16x1x16x16xf32, #hivm.address_space<cc>>
            %506 = "arith.select"(%503, %451, %450) : (i1, memref<16x4x16x16xbf16, #hivm.address_space<cbuf>>, memref<16x4x16x16xbf16, #hivm.address_space<cbuf>>) -> memref<16x4x16x16xbf16, #hivm.address_space<cbuf>>
            %507 = "arith.select"(%503, %453, %452) : (i1, memref<16x4x16x16xbf16, #hivm.address_space<cbuf>>, memref<16x4x16x16xbf16, #hivm.address_space<cbuf>>) -> memref<16x4x16x16xbf16, #hivm.address_space<cbuf>>
            %508 = "arith.index_cast"(%502) : (index) -> i1
            %509 = "arith.select"(%508, %417, %415) : (i1, i64, i64) -> i64
            %510 = "arith.select"(%508, %414, %413) : (i1, i64, i64) -> i64
            %511 = "arith.xori"(%508, %438) : (i1, i1) -> i1
            %512 = "arith.extui"(%511) : (i1) -> i64
            %513 = "arith.select"(%508, %415, %412) : (i1, i64, i64) -> i64
            "hivm.hir.sync_block_wait"() <{pipe = #hivm.pipe<PIPE_S>, static_flag_id = 15 : i64, tcore_type = #hivm.tcore_type<CUBE>, tpipe = #hivm.pipe<PIPE_S>}> : () -> ()
            %514 = "arith.cmpi"(%arg123, %488) <{predicate = 2 : i64}> : (i32, i32) -> i1
            %515 = "scf.if"(%514) ({
              %611 = "arith.addi"(%arg123, %436) <{overflowFlags = #arith.overflow<none>}> : (i32, i32) -> i32
              "scf.yield"(%611) : (i32) -> ()
            }, {
              "scf.yield"(%arg123) : (i32) -> ()
            }) {hivm.matmul_limited_in_cube, ssbuffer.if = 7 : i32} : (i1) -> i32
            %516 = "llvm.load"(%458) <{ordering = 0 : i64, volatile_}> : (!llvm.ptr<11>) -> i32
            %517 = "llvm.load"(%459) <{ordering = 0 : i64, volatile_}> : (!llvm.ptr<11>) -> i32
            %518 = "arith.cmpi"(%516, %436) <{predicate = 2 : i64}> : (i32, i32) -> i1
            %519 = "arith.cmpi"(%517, %436) <{predicate = 2 : i64}> : (i32, i32) -> i1
            %520 = "arith.andi"(%518, %519) : (i1, i1) -> i1
            %521 = "arith.cmpi"(%arg124, %488) <{predicate = 2 : i64}> : (i32, i32) -> i1
            %522 = "arith.andi"(%520, %521) : (i1, i1) -> i1
            %523 = "scf.if"(%522) ({
              %577 = "arith.muli"(%arg124, %425) <{overflowFlags = #arith.overflow<none>}> : (i32, i32) -> i32
              %578 = "arith.addi"(%577, %425) <{overflowFlags = #arith.overflow<none>}> : (i32, i32) -> i32
              %579 = "arith.minsi"(%578, %494) : (i32, i32) -> i32
              %580 = "arith.subi"(%579, %577) <{overflowFlags = #arith.overflow<none>}> : (i32, i32) -> i32
              %581 = "arith.index_cast"(%580) : (i32) -> index
              %582 = "arith.index_cast"(%arg111) : (i32) -> index
              %583 = "arith.maxsi"(%581, %440) : (index, index) -> index
              %584 = "arith.minsi"(%583, %430) : (index, index) -> index
              %585 = "arith.minsi"(%584, %440) : (index, index) -> index
              %586 = "affine.apply"(%584, %585) <{map = #map6}> : (index, index) -> index
              %587 = "arith.cmpi"(%586, %430) <{predicate = 2 : i64}> : (index, index) -> i1
              %588 = "memref.cast"(%507) : (memref<16x4x16x16xbf16, #hivm.address_space<cbuf>>) -> memref<?x?x?x?xbf16, #hivm.address_space<cbuf>>
              %589 = "arith.divsi"(%577, %425) : (i32, i32) -> i32
              %590 = "arith.minsi"(%589, %428) : (i32, i32) -> i32
              %591 = "arith.index_cast"(%590) : (i32) -> index
              %592 = "affine.apply"(%476, %591) <{map = #map7}> : (index, index) -> index
              %593 = "memref.reinterpret_cast"(%arg106, %592) <{operandSegmentSizes = array<i32: 1, 1, 0, 0>, static_offsets = array<i64: -9223372036854775808>, static_sizes = array<i64: 1>, static_strides = array<i64: 1>}> : (memref<?xi32, #hivm.address_space<gm>>, index) -> memref<1xi32, strided<[1], offset: ?>, #hivm.address_space<gm>>
              %594 = "memref.load"(%593, %440) : (memref<1xi32, strided<[1], offset: ?>, #hivm.address_space<gm>>, index) -> i32
              %595 = "arith.muli"(%594, %arg110) <{overflowFlags = #arith.overflow<none>}> : (i32, i32) -> i32
              %596 = "arith.index_cast"(%595) : (i32) -> index
              %597 = "memref.reinterpret_cast"(%arg101, %596, %582) <{operandSegmentSizes = array<i32: 1, 1, 0, 1>, static_offsets = array<i64: -9223372036854775808>, static_sizes = array<i64: 64, 256>, static_strides = array<i64: -9223372036854775808, 1>}> : (memref<?xbf16, #hivm.address_space<gm>>, index, index) -> memref<64x256xbf16, strided<[?, 1], offset: ?>, #hivm.address_space<gm>>
              %598 = "memref.subview"(%597, %586) <{operandSegmentSizes = array<i32: 1, 0, 1, 0>, static_offsets = array<i64: 0, 0>, static_sizes = array<i64: -9223372036854775808, 256>, static_strides = array<i64: 1, 1>}> : (memref<64x256xbf16, strided<[?, 1], offset: ?>, #hivm.address_space<gm>>, index) -> memref<?x256xbf16, strided<[?, 1], offset: ?>, #hivm.address_space<gm>>
              %599 = "affine.apply"(%584, %585) <{map = #map8}> : (index, index) -> index
              %600 = "affine.apply"(%585) <{map = #map9}> : (index) -> index
              %601 = "affine.apply"(%585) <{map = #map10}> : (index) -> index
              %602 = "memref.subview"(%507, %600, %601, %599) <{operandSegmentSizes = array<i32: 1, 2, 1, 0>, static_offsets = array<i64: 0, -9223372036854775808, -9223372036854775808, 0>, static_sizes = array<i64: 16, -9223372036854775808, 16, 16>, static_strides = array<i64: 1, 1, 1, 1>}> : (memref<16x4x16x16xbf16, #hivm.address_space<cbuf>>, index, index, index) -> memref<16x?x16x16xbf16, strided<[1024, 256, 16, 1], offset: ?>, #hivm.address_space<cbuf>>
              %603 = "memref.cast"(%602) : (memref<16x?x16x16xbf16, strided<[1024, 256, 16, 1], offset: ?>, #hivm.address_space<cbuf>>) -> memref<?x?x?x?xbf16, strided<[?, ?, ?, 1], offset: ?>, #hivm.address_space<cbuf>>
              "scf.if"(%587) ({
                "hivm.hir.set_flag"() <{set_pipe = #hivm.pipe<PIPE_MTE1>, static_event_id = #hivm.event<EVENT_ID2>, wait_pipe = #hivm.pipe<PIPE_MTE2>}> : () -> ()
                %610 = "memref.collapse_shape"(%507) <{reassociation = [[0, 1, 2, 3]]}> : (memref<16x4x16x16xbf16, #hivm.address_space<cbuf>>) -> memref<16384xbf16, #hivm.address_space<cbuf>>
                "hivm.hir.wait_flag"() <{set_pipe = #hivm.pipe<PIPE_MTE1>, static_event_id = #hivm.event<EVENT_ID2>, wait_pipe = #hivm.pipe<PIPE_MTE2>}> : () -> ()
                "hivm.hir.vbrc"(%427, %610) <{broadcast_dims = array<i64>}> : (bf16, memref<16384xbf16, #hivm.address_space<cbuf>>) -> ()
                "hivm.hir.pipe_barrier"() <{pipe = #hivm.pipe<PIPE_MTE2>}> : () -> ()
                "scf.yield"() : () -> ()
              }, {
              }) {hivm.unlikely_condition} : (i1) -> ()
              "hivm.hir.wait_flag"(%513) <{set_pipe = #hivm.pipe<PIPE_MTE1>, wait_pipe = #hivm.pipe<PIPE_MTE2>}> : (i64) -> ()
              "hivm.hir.nd2nz"(%598, %603) <{dst_continuous, init_out_buffer = false, operandSegmentSizes = array<i32: 1, 1, 0, 0>}> : (memref<?x256xbf16, strided<[?, 1], offset: ?>, #hivm.address_space<gm>>, memref<?x?x?x?xbf16, strided<[?, ?, ?, 1], offset: ?>, #hivm.address_space<cbuf>>) -> ()
              "hivm.hir.set_flag"() <{set_pipe = #hivm.pipe<PIPE_MTE2>, static_event_id = #hivm.event<EVENT_ID0>, wait_pipe = #hivm.pipe<PIPE_MTE1>}> : () -> ()
              %604 = "memref.cast"(%504) : (memref<4x1x16x16xf32, #hivm.address_space<cc>>) -> memref<?x?x?x?xf32, #hivm.address_space<cc>>
              "hivm.hir.wait_flag"(%512) <{set_pipe = #hivm.pipe<PIPE_FIX>, wait_pipe = #hivm.pipe<PIPE_M>}> : (i64) -> ()
              "hivm.hir.mmadL1"(%493, %588, %438, %437, %429, %430, %604, %411, %441, %411, %513, %411, %411, %411) <{b_transpose, operandSegmentSizes = array<i32: 1, 1, 1, 1, 1, 1, 1, 7, 0, 0>}> {already_set_real_mkn, normalized_in_L0C} : (memref<?x?x?x?xbf16, #hivm.address_space<cbuf>>, memref<?x?x?x?xbf16, #hivm.address_space<cbuf>>, i1, index, index, index, memref<?x?x?x?xf32, #hivm.address_space<cc>>, i64, i64, i64, i64, i64, i64, i64) -> ()
              "hivm.hir.set_flag"() <{set_pipe = #hivm.pipe<PIPE_M>, static_event_id = #hivm.event<EVENT_ID0>, wait_pipe = #hivm.pipe<PIPE_FIX>}> : () -> ()
              "hivm.hir.sync_block_wait"() <{pipe = #hivm.pipe<PIPE_FIX>, static_flag_id = 2 : i64, tcore_type = #hivm.tcore_type<CUBE>, tpipe = #hivm.pipe<PIPE_V>}> : () -> ()
              "hivm.hir.wait_flag"() <{set_pipe = #hivm.pipe<PIPE_M>, static_event_id = #hivm.event<EVENT_ID0>, wait_pipe = #hivm.pipe<PIPE_FIX>}> : () -> ()
              "hivm.hir.pipe_barrier"() <{pipe = #hivm.pipe<PIPE_FIX>}> : () -> ()
              "hivm.hir.fixpipe"(%504, %496) <{dma_mode = #hivm.dma_mode<nz2nd>, operandSegmentSizes = array<i32: 1, 1, 0, 0>}> : (memref<4x1x16x16xf32, #hivm.address_space<cc>>, memref<6x64xf32, #hivm.address_space<ub>>) -> ()
              "hivm.hir.set_flag"(%512) <{set_pipe = #hivm.pipe<PIPE_FIX>, wait_pipe = #hivm.pipe<PIPE_M>}> : (i64) -> ()
              "hivm.hir.sync_block_set"() <{operandSegmentSizes = array<i32: 0, 0>, pipe = #hivm.pipe<PIPE_V>, static_flag_id = 2 : i64, tcore_type = #hivm.tcore_type<CUBE>, tpipe = #hivm.pipe<PIPE_FIX>}> : () -> ()
              %605 = "llvm.load"(%458) <{ordering = 0 : i64, volatile_}> : (!llvm.ptr<11>) -> i32
              %606 = "llvm.load"(%459) <{ordering = 0 : i64, volatile_}> : (!llvm.ptr<11>) -> i32
              %607 = "arith.addi"(%605, %436) <{overflowFlags = #arith.overflow<none>}> : (i32, i32) -> i32
              %608 = "arith.addi"(%606, %436) <{overflowFlags = #arith.overflow<none>}> : (i32, i32) -> i32
              "llvm.store"(%607, %458) <{ordering = 0 : i64, volatile_}> : (i32, !llvm.ptr<11>) -> ()
              "llvm.store"(%608, %459) <{ordering = 0 : i64, volatile_}> : (i32, !llvm.ptr<11>) -> ()
              %609 = "arith.addi"(%arg124, %436) <{overflowFlags = #arith.overflow<none>}> : (i32, i32) -> i32
              "scf.yield"(%609) : (i32) -> ()
            }, {
              "scf.yield"(%arg124) : (i32) -> ()
            }) {hivm.matmul_limited_in_cube, ssbuffer.if = 4 : i32} : (i1) -> i32
            %524 = "llvm.load"(%462) <{ordering = 0 : i64, volatile_}> : (!llvm.ptr<11>) -> i32
            %525 = "llvm.load"(%463) <{ordering = 0 : i64, volatile_}> : (!llvm.ptr<11>) -> i32
            %526 = "arith.cmpi"(%524, %428) <{predicate = 4 : i64}> : (i32, i32) -> i1
            %527 = "arith.cmpi"(%525, %428) <{predicate = 4 : i64}> : (i32, i32) -> i1
            %528 = "arith.andi"(%526, %527) : (i1, i1) -> i1
            %529 = "llvm.load"(%460) <{ordering = 0 : i64, volatile_}> : (!llvm.ptr<11>) -> i32
            %530 = "llvm.load"(%461) <{ordering = 0 : i64, volatile_}> : (!llvm.ptr<11>) -> i32
            %531 = "arith.cmpi"(%529, %436) <{predicate = 2 : i64}> : (i32, i32) -> i1
            %532 = "arith.cmpi"(%530, %436) <{predicate = 2 : i64}> : (i32, i32) -> i1
            %533 = "arith.andi"(%531, %532) : (i1, i1) -> i1
            %534 = "arith.andi"(%528, %533) : (i1, i1) -> i1
            %535 = "arith.cmpi"(%arg125, %488) <{predicate = 2 : i64}> : (i32, i32) -> i1
            %536 = "arith.andi"(%534, %535) : (i1, i1) -> i1
            %537 = "scf.if"(%536) ({
              %539 = "arith.muli"(%arg125, %425) <{overflowFlags = #arith.overflow<none>}> : (i32, i32) -> i32
              %540 = "arith.addi"(%539, %425) <{overflowFlags = #arith.overflow<none>}> : (i32, i32) -> i32
              %541 = "arith.minsi"(%540, %494) : (i32, i32) -> i32
              %542 = "arith.subi"(%541, %539) <{overflowFlags = #arith.overflow<none>}> : (i32, i32) -> i32
              %543 = "arith.index_cast"(%arg113) : (i32) -> index
              %544 = "arith.index_cast"(%542) : (i32) -> index
              %545 = "arith.maxsi"(%544, %440) : (index, index) -> index
              %546 = "arith.minsi"(%545, %430) : (index, index) -> index
              %547 = "arith.minsi"(%546, %440) : (index, index) -> index
              %548 = "affine.apply"(%546, %547) <{map = #map6}> : (index, index) -> index
              %549 = "arith.cmpi"(%548, %430) <{predicate = 2 : i64}> : (index, index) -> i1
              %550 = "arith.divsi"(%539, %425) : (i32, i32) -> i32
              %551 = "arith.minsi"(%550, %428) : (i32, i32) -> i32
              %552 = "arith.index_cast"(%551) : (i32) -> index
              %553 = "affine.apply"(%476, %552) <{map = #map7}> : (index, index) -> index
              %554 = "memref.reinterpret_cast"(%arg106, %553) <{operandSegmentSizes = array<i32: 1, 1, 0, 0>, static_offsets = array<i64: -9223372036854775808>, static_sizes = array<i64: 1>, static_strides = array<i64: 1>}> : (memref<?xi32, #hivm.address_space<gm>>, index) -> memref<1xi32, strided<[1], offset: ?>, #hivm.address_space<gm>>
              %555 = "memref.load"(%554, %440) : (memref<1xi32, strided<[1], offset: ?>, #hivm.address_space<gm>>, index) -> i32
              %556 = "memref.cast"(%506) : (memref<16x4x16x16xbf16, #hivm.address_space<cbuf>>) -> memref<?x?x?x?xbf16, #hivm.address_space<cbuf>>
              %557 = "arith.muli"(%555, %arg112) <{overflowFlags = #arith.overflow<none>}> : (i32, i32) -> i32
              %558 = "arith.index_cast"(%557) : (i32) -> index
              %559 = "memref.reinterpret_cast"(%arg102, %558, %543) <{operandSegmentSizes = array<i32: 1, 1, 0, 1>, static_offsets = array<i64: -9223372036854775808>, static_sizes = array<i64: 64, 256>, static_strides = array<i64: -9223372036854775808, 1>}> : (memref<?xbf16, #hivm.address_space<gm>>, index, index) -> memref<64x256xbf16, strided<[?, 1], offset: ?>, #hivm.address_space<gm>>
              %560 = "memref.subview"(%559, %548) <{operandSegmentSizes = array<i32: 1, 0, 1, 0>, static_offsets = array<i64: 0, 0>, static_sizes = array<i64: -9223372036854775808, 256>, static_strides = array<i64: 1, 1>}> : (memref<64x256xbf16, strided<[?, 1], offset: ?>, #hivm.address_space<gm>>, index) -> memref<?x256xbf16, strided<[?, 1], offset: ?>, #hivm.address_space<gm>>
              %561 = "affine.apply"(%546, %547) <{map = #map8}> : (index, index) -> index
              %562 = "affine.apply"(%547) <{map = #map9}> : (index) -> index
              %563 = "affine.apply"(%547) <{map = #map10}> : (index) -> index
              %564 = "memref.subview"(%506, %562, %563, %561) <{operandSegmentSizes = array<i32: 1, 2, 1, 0>, static_offsets = array<i64: 0, -9223372036854775808, -9223372036854775808, 0>, static_sizes = array<i64: 16, -9223372036854775808, 16, 16>, static_strides = array<i64: 1, 1, 1, 1>}> : (memref<16x4x16x16xbf16, #hivm.address_space<cbuf>>, index, index, index) -> memref<16x?x16x16xbf16, strided<[1024, 256, 16, 1], offset: ?>, #hivm.address_space<cbuf>>
              %565 = "memref.cast"(%564) : (memref<16x?x16x16xbf16, strided<[1024, 256, 16, 1], offset: ?>, #hivm.address_space<cbuf>>) -> memref<?x?x?x?xbf16, strided<[?, ?, ?, 1], offset: ?>, #hivm.address_space<cbuf>>
              "scf.if"(%549) ({
                "hivm.hir.set_flag"() <{set_pipe = #hivm.pipe<PIPE_MTE1>, static_event_id = #hivm.event<EVENT_ID2>, wait_pipe = #hivm.pipe<PIPE_MTE2>}> : () -> ()
                %576 = "memref.collapse_shape"(%506) <{reassociation = [[0, 1, 2, 3]]}> : (memref<16x4x16x16xbf16, #hivm.address_space<cbuf>>) -> memref<16384xbf16, #hivm.address_space<cbuf>>
                "hivm.hir.wait_flag"() <{set_pipe = #hivm.pipe<PIPE_MTE1>, static_event_id = #hivm.event<EVENT_ID2>, wait_pipe = #hivm.pipe<PIPE_MTE2>}> : () -> ()
                "hivm.hir.vbrc"(%427, %576) <{broadcast_dims = array<i64>}> : (bf16, memref<16384xbf16, #hivm.address_space<cbuf>>) -> ()
                "hivm.hir.pipe_barrier"() <{pipe = #hivm.pipe<PIPE_MTE2>}> : () -> ()
                "scf.yield"() : () -> ()
              }, {
              }) {hivm.unlikely_condition} : (i1) -> ()
              "hivm.hir.wait_flag"(%510) <{set_pipe = #hivm.pipe<PIPE_MTE1>, wait_pipe = #hivm.pipe<PIPE_MTE2>}> : (i64) -> ()
              "hivm.hir.nd2nz"(%560, %565) <{dst_continuous, init_out_buffer = false, operandSegmentSizes = array<i32: 1, 1, 0, 0>}> : (memref<?x256xbf16, strided<[?, 1], offset: ?>, #hivm.address_space<gm>>, memref<?x?x?x?xbf16, strided<[?, ?, ?, 1], offset: ?>, #hivm.address_space<cbuf>>) -> ()
              "hivm.hir.set_flag"() <{set_pipe = #hivm.pipe<PIPE_MTE2>, static_event_id = #hivm.event<EVENT_ID0>, wait_pipe = #hivm.pipe<PIPE_MTE1>}> : () -> ()
              "hivm.hir.sync_block_wait"() <{pipe = #hivm.pipe<PIPE_MTE1>, static_flag_id = 1 : i64, tcore_type = #hivm.tcore_type<CUBE>, tpipe = #hivm.pipe<PIPE_MTE3>}> : () -> ()
              %566 = "memref.cast"(%505) : (memref<16x1x16x16xf32, #hivm.address_space<cc>>) -> memref<?x?x?x?xf32, #hivm.address_space<cc>>
              "hivm.hir.wait_flag"(%509) <{set_pipe = #hivm.pipe<PIPE_FIX>, wait_pipe = #hivm.pipe<PIPE_M>}> : (i64) -> ()
              "hivm.hir.mmadL1"(%495, %556, %438, %421, %430, %429, %566, %411, %441, %411, %510, %411, %411, %411) <{operandSegmentSizes = array<i32: 1, 1, 1, 1, 1, 1, 1, 7, 0, 0>}> {already_set_real_mkn, normalized_in_L0C} : (memref<4x1x16x16xbf16, #hivm.address_space<cbuf>>, memref<?x?x?x?xbf16, #hivm.address_space<cbuf>>, i1, index, index, index, memref<?x?x?x?xf32, #hivm.address_space<cc>>, i64, i64, i64, i64, i64, i64, i64) -> ()
              "hivm.hir.set_flag"() <{set_pipe = #hivm.pipe<PIPE_M>, static_event_id = #hivm.event<EVENT_ID0>, wait_pipe = #hivm.pipe<PIPE_FIX>}> : () -> ()
              "hivm.hir.sync_block_set"() <{operandSegmentSizes = array<i32: 0, 0>, pipe = #hivm.pipe<PIPE_MTE3>, static_flag_id = 1 : i64, tcore_type = #hivm.tcore_type<CUBE>, tpipe = #hivm.pipe<PIPE_M>}> : () -> ()
              "hivm.hir.sync_block_wait"() <{pipe = #hivm.pipe<PIPE_FIX>, static_flag_id = 3 : i64, tcore_type = #hivm.tcore_type<CUBE>, tpipe = #hivm.pipe<PIPE_V>}> : () -> ()
              "hivm.hir.wait_flag"() <{set_pipe = #hivm.pipe<PIPE_M>, static_event_id = #hivm.event<EVENT_ID0>, wait_pipe = #hivm.pipe<PIPE_FIX>}> : () -> ()
              "hivm.hir.pipe_barrier"() <{pipe = #hivm.pipe<PIPE_FIX>}> : () -> ()
              "hivm.hir.fixpipe"(%505, %497) <{dma_mode = #hivm.dma_mode<nz2nd>, operandSegmentSizes = array<i32: 1, 1, 0, 0>}> : (memref<16x1x16x16xf32, #hivm.address_space<cc>>, memref<6x256xf32, #hivm.address_space<ub>>) -> ()
              "hivm.hir.set_flag"(%509) <{set_pipe = #hivm.pipe<PIPE_FIX>, wait_pipe = #hivm.pipe<PIPE_M>}> : (i64) -> ()
              "hivm.hir.sync_block_set"() <{operandSegmentSizes = array<i32: 0, 0>, pipe = #hivm.pipe<PIPE_V>, static_flag_id = 3 : i64, tcore_type = #hivm.tcore_type<CUBE>, tpipe = #hivm.pipe<PIPE_FIX>}> : () -> ()
              %567 = "llvm.load"(%462) <{ordering = 0 : i64, volatile_}> : (!llvm.ptr<11>) -> i32
              %568 = "llvm.load"(%463) <{ordering = 0 : i64, volatile_}> : (!llvm.ptr<11>) -> i32
              %569 = "arith.subi"(%567, %436) <{overflowFlags = #arith.overflow<none>}> : (i32, i32) -> i32
              %570 = "arith.subi"(%568, %436) <{overflowFlags = #arith.overflow<none>}> : (i32, i32) -> i32
              "llvm.store"(%569, %462) <{ordering = 0 : i64, volatile_}> : (i32, !llvm.ptr<11>) -> ()
              "llvm.store"(%570, %463) <{ordering = 0 : i64, volatile_}> : (i32, !llvm.ptr<11>) -> ()
              %571 = "llvm.load"(%460) <{ordering = 0 : i64, volatile_}> : (!llvm.ptr<11>) -> i32
              %572 = "llvm.load"(%461) <{ordering = 0 : i64, volatile_}> : (!llvm.ptr<11>) -> i32
              %573 = "arith.addi"(%571, %436) <{overflowFlags = #arith.overflow<none>}> : (i32, i32) -> i32
              %574 = "arith.addi"(%572, %436) <{overflowFlags = #arith.overflow<none>}> : (i32, i32) -> i32
              "llvm.store"(%573, %460) <{ordering = 0 : i64, volatile_}> : (i32, !llvm.ptr<11>) -> ()
              "llvm.store"(%574, %461) <{ordering = 0 : i64, volatile_}> : (i32, !llvm.ptr<11>) -> ()
              %575 = "arith.addi"(%arg125, %436) <{overflowFlags = #arith.overflow<none>}> : (i32, i32) -> i32
              "scf.yield"(%575) : (i32) -> ()
            }, {
              "scf.yield"(%arg125) : (i32) -> ()
            }) {hivm.matmul_limited_in_cube, ssbuffer.if = 6 : i32} : (i1) -> i32
            "hivm.hir.sync_block_set"() <{operandSegmentSizes = array<i32: 0, 0>, pipe = #hivm.pipe<PIPE_S>, static_flag_id = 15 : i64, tcore_type = #hivm.tcore_type<CUBE>, tpipe = #hivm.pipe<PIPE_S>}> : () -> ()
            %538 = "arith.addi"(%500, %416) <{overflowFlags = #arith.overflow<none>}> : (i64, i64) -> i64
            "memref.store"(%538, %442, %440) <{nontemporal = false}> : (i64, memref<1xi64>, index) -> ()
            "scf.yield"(%515, %523, %537) : (i32, i32, i32) -> ()
          }) {fixpipe_for_mmad_result_already_inserted = true} : (i32, i32, i32, i32, i32, i32) -> (i32, i32, i32)
          "hivm.hir.wait_flag"() <{set_pipe = #hivm.pipe<PIPE_FIX>, static_event_id = #hivm.event<EVENT_ID0>, wait_pipe = #hivm.pipe<PIPE_M>}> : () -> ()
          "hivm.hir.wait_flag"() <{set_pipe = #hivm.pipe<PIPE_FIX>, static_event_id = #hivm.event<EVENT_ID1>, wait_pipe = #hivm.pipe<PIPE_M>}> : () -> ()
          "hivm.hir.wait_flag"() <{set_pipe = #hivm.pipe<PIPE_FIX>, static_event_id = #hivm.event<EVENT_ID2>, wait_pipe = #hivm.pipe<PIPE_M>}> : () -> ()
          "hivm.hir.wait_flag"() <{set_pipe = #hivm.pipe<PIPE_FIX>, static_event_id = #hivm.event<EVENT_ID3>, wait_pipe = #hivm.pipe<PIPE_M>}> : () -> ()
          "hivm.hir.wait_flag"() <{set_pipe = #hivm.pipe<PIPE_MTE1>, static_event_id = #hivm.event<EVENT_ID3>, wait_pipe = #hivm.pipe<PIPE_MTE2>}> : () -> ()
          "hivm.hir.wait_flag"() <{set_pipe = #hivm.pipe<PIPE_MTE1>, static_event_id = #hivm.event<EVENT_ID4>, wait_pipe = #hivm.pipe<PIPE_MTE2>}> : () -> ()
          "hivm.hir.wait_flag"() <{set_pipe = #hivm.pipe<PIPE_MTE1>, static_event_id = #hivm.event<EVENT_ID5>, wait_pipe = #hivm.pipe<PIPE_MTE2>}> : () -> ()
          "hivm.hir.wait_flag"() <{set_pipe = #hivm.pipe<PIPE_MTE1>, static_event_id = #hivm.event<EVENT_ID6>, wait_pipe = #hivm.pipe<PIPE_MTE2>}> : () -> ()
          "hivm.hir.set_flag"(%475) <{set_pipe = #hivm.pipe<PIPE_MTE1>, wait_pipe = #hivm.pipe<PIPE_MTE2>}> : (i64) -> ()
          "hivm.hir.sync_block_wait"() <{pipe = #hivm.pipe<PIPE_S>, static_flag_id = 15 : i64, tcore_type = #hivm.tcore_type<CUBE>, tpipe = #hivm.pipe<PIPE_S>}> : () -> ()
          "hivm.hir.sync_block_wait"() <{pipe = #hivm.pipe<PIPE_FIX>, static_flag_id = 3 : i64, tcore_type = #hivm.tcore_type<CUBE>, tpipe = #hivm.pipe<PIPE_V>}> : () -> ()
          "hivm.hir.sync_block_wait"() <{pipe = #hivm.pipe<PIPE_FIX>, static_flag_id = 2 : i64, tcore_type = #hivm.tcore_type<CUBE>, tpipe = #hivm.pipe<PIPE_V>}> : () -> ()
          "scf.yield"() : () -> ()
        }, {
        }) : (i1) -> ()
        %484 = "arith.addi"(%468, %416) <{overflowFlags = #arith.overflow<none>}> : (i64, i64) -> i64
        "memref.store"(%484, %443, %440) <{nontemporal = false}> : (i64, memref<1xi64>, index) -> ()
        "scf.yield"() : () -> ()
      }) : (i32, i32, i32) -> ()
      "hivm.hir.set_ctrl"() <{enable = true, idx = 60 : i64}> : () -> ()
      "scf.yield"() : () -> ()
    }) {autoblockify.subloop} : (i32, i32, i32) -> ()
    "hivm.hir.wait_flag"() <{set_pipe = #hivm.pipe<PIPE_M>, static_event_id = #hivm.event<EVENT_ID0>, wait_pipe = #hivm.pipe<PIPE_MTE1>}> : () -> ()
    "hivm.hir.wait_flag"() <{set_pipe = #hivm.pipe<PIPE_M>, static_event_id = #hivm.event<EVENT_ID1>, wait_pipe = #hivm.pipe<PIPE_MTE1>}> : () -> ()
    "hivm.hir.wait_flag"() <{set_pipe = #hivm.pipe<PIPE_MTE1>, static_event_id = #hivm.event<EVENT_ID0>, wait_pipe = #hivm.pipe<PIPE_MTE2>}> : () -> ()
    "hivm.hir.wait_flag"() <{set_pipe = #hivm.pipe<PIPE_MTE1>, static_event_id = #hivm.event<EVENT_ID1>, wait_pipe = #hivm.pipe<PIPE_MTE2>}> : () -> ()
    "hivm.hir.pipe_barrier"() <{pipe = #hivm.pipe<PIPE_ALL>}> : () -> ()
    "func.return"() : () -> ()
  }) {SyncBlockLockArgIdx = 0 : i64, WorkspaceArgIdx = 1 : i64, func_dyn_memref_args = dense<[true, true, true, true, true, true, true, true, true, true, false, false, false, false, false, false, false, false, false, false, false, false]> : vector<22xi1>, hacc.entry, hacc.function_kind = #hacc.function_kind<DEVICE>, hivm.func_core_type = #hivm.func_core_type<AIC>, hivm.part_of_mix, hivm.vf_mode = #hivm.vf_mode<SIMD>, mix_mode = "mix", parallel_mode = "simd"} : () -> ()
  "func.func"() <{function_type = (memref<16x64xbf16, #hivm.address_space<ub>>) -> (), no_inline, sym_name = "paged_prefill_verify_grouped_kernel_mix_aiv_outlined_vf_0"}> ({
  ^bb0(%arg96: memref<16x64xbf16, #hivm.address_space<ub>>):
    %394 = "arith.constant"() <{value = dense<0.000000e+00> : vector<128xbf16>}> : () -> vector<128xbf16>
    %395 = "arith.constant"() <{value = 128 : index}> : () -> index
    %396 = "arith.constant"() <{value = 64 : index}> : () -> index
    %397 = "arith.constant"() <{value = 2 : index}> : () -> index
    %398 = "arith.constant"() <{value = 16 : index}> : () -> index
    %399 = "arith.constant"() <{value = 0 : index}> : () -> index
    "scf.for"(%399, %398, %397) ({
    ^bb0(%arg97: index):
      %400 = "memref.collapse_shape"(%arg96) <{reassociation = [[0, 1]]}> : (memref<16x64xbf16, #hivm.address_space<ub>>) -> memref<1024xbf16, #hivm.address_space<ub>>
      %401 = "arith.muli"(%arg97, %396) <{overflowFlags = #arith.overflow<none>}> : (index, index) -> index
      %402 = "memref.subview"(%400, %401, %395) <{operandSegmentSizes = array<i32: 1, 1, 1, 0>, static_offsets = array<i64: -9223372036854775808>, static_sizes = array<i64: -9223372036854775808>, static_strides = array<i64: 1>}> : (memref<1024xbf16, #hivm.address_space<ub>>, index, index) -> memref<?xbf16, strided<[1], offset: ?>, #hivm.address_space<ub>>
      "vector.transfer_write"(%394, %402, %399) <{in_bounds = [true], operandSegmentSizes = array<i32: 1, 1, 1, 0>, permutation_map = #map1}> : (vector<128xbf16>, memref<?xbf16, strided<[1], offset: ?>, #hivm.address_space<ub>>, index) -> ()
      "scf.yield"() : () -> ()
    }) : (index, index, index) -> ()
    "func.return"() : () -> ()
  }) {hivm.func_core_type = #hivm.func_core_type<AIV>, hivm.vector_function} : () -> ()
  "func.func"() <{function_type = (memref<6xf32, #hivm.address_space<ub>>) -> (), no_inline, sym_name = "paged_prefill_verify_grouped_kernel_mix_aiv_outlined_vf_1"}> ({
  ^bb0(%arg95: memref<6xf32, #hivm.address_space<ub>>):
    %391 = "arith.constant"() <{value = dense<1.000000e+00> : vector<64xf32>}> : () -> vector<64xf32>
    %392 = "arith.constant"() <{value = 0 : index}> : () -> index
    %393 = "vector.constant_mask"() <{mask_dim_sizes = [6]}> : () -> vector<64xi1>
    "annotation.mark"(%393) <{effects = ["write"]}> {mask_op_idx = 0 : i32} : (vector<64xi1>) -> ()
    "vector.transfer_write"(%391, %arg95, %392, %393) <{in_bounds = [true], operandSegmentSizes = array<i32: 1, 1, 1, 1>, permutation_map = #map1}> : (vector<64xf32>, memref<6xf32, #hivm.address_space<ub>>, index, vector<64xi1>) -> ()
    "func.return"() : () -> ()
  }) {hivm.func_core_type = #hivm.func_core_type<AIV>, hivm.vector_function} : () -> ()
  "func.func"() <{function_type = (memref<6x256xf32, #hivm.address_space<ub>>) -> (), no_inline, sym_name = "paged_prefill_verify_grouped_kernel_mix_aiv_outlined_vf_2"}> ({
  ^bb0(%arg92: memref<6x256xf32, #hivm.address_space<ub>>):
    %383 = "arith.constant"() <{value = dense<0.000000e+00> : vector<64xf32>}> : () -> vector<64xf32>
    %384 = "arith.constant"() <{value = 1 : index}> : () -> index
    %385 = "arith.constant"() <{value = 6 : index}> : () -> index
    %386 = "arith.constant"() <{value = 64 : index}> : () -> index
    %387 = "arith.constant"() <{value = 256 : index}> : () -> index
    %388 = "arith.constant"() <{value = 0 : index}> : () -> index
    "scf.for"(%388, %385, %384) ({
    ^bb0(%arg93: index):
      "scf.for"(%388, %387, %386) ({
      ^bb0(%arg94: index):
        %389 = "memref.subview"(%arg92, %arg93, %arg94) <{operandSegmentSizes = array<i32: 1, 2, 0, 0>, static_offsets = array<i64: -9223372036854775808, -9223372036854775808>, static_sizes = array<i64: 1, 64>, static_strides = array<i64: 1, 1>}> : (memref<6x256xf32, #hivm.address_space<ub>>, index, index) -> memref<1x64xf32, strided<[256, 1], offset: ?>, #hivm.address_space<ub>>
        %390 = "memref.subview"(%389) <{operandSegmentSizes = array<i32: 1, 0, 0, 0>, static_offsets = array<i64: 0, 0>, static_sizes = array<i64: 1, 64>, static_strides = array<i64: 1, 1>}> : (memref<1x64xf32, strided<[256, 1], offset: ?>, #hivm.address_space<ub>>) -> memref<64xf32, #map, #hivm.address_space<ub>>
        "vector.transfer_write"(%383, %390, %388) <{in_bounds = [true], operandSegmentSizes = array<i32: 1, 1, 1, 0>, permutation_map = #map1}> : (vector<64xf32>, memref<64xf32, #map, #hivm.address_space<ub>>, index) -> ()
        "scf.yield"() : () -> ()
      }) : (index, index, index) -> ()
      "scf.yield"() : () -> ()
    }) : (index, index, index) -> ()
    "func.return"() : () -> ()
  }) {hivm.func_core_type = #hivm.func_core_type<AIV>, hivm.vector_function} : () -> ()
  "func.func"() <{function_type = (memref<6xi32, #hivm.address_space<ub>>) -> (), no_inline, sym_name = "paged_prefill_verify_grouped_kernel_mix_aiv_outlined_vf_3"}> ({
  ^bb0(%arg91: memref<6xi32, #hivm.address_space<ub>>):
    %378 = "arith.constant"() <{value = dense<[0, 1, 2, 3, 4, 5, 6, 7, 8, 9, 10, 11, 12, 13, 14, 15, 16, 17, 18, 19, 20, 21, 22, 23, 24, 25, 26, 27, 28, 29, 30, 31, 32, 33, 34, 35, 36, 37, 38, 39, 40, 41, 42, 43, 44, 45, 46, 47, 48, 49, 50, 51, 52, 53, 54, 55, 56, 57, 58, 59, 60, 61, 62, 63]> : vector<64xi32>}> : () -> vector<64xi32>
    %379 = "arith.constant"() <{value = dense<0> : vector<64xi32>}> : () -> vector<64xi32>
    %380 = "arith.constant"() <{value = 0 : index}> : () -> index
    %381 = "vector.constant_mask"() <{mask_dim_sizes = [6]}> : () -> vector<64xi1>
    "annotation.mark"(%381) <{effects = ["write"]}> {mask_op_idx = 0 : i32} : (vector<64xi1>) -> ()
    %382 = "arith.addi"(%379, %378) <{overflowFlags = #arith.overflow<none>}> : (vector<64xi32>, vector<64xi32>) -> vector<64xi32>
    "annotation.mark"(%382) <{effects = ["write"]}> {reached_mask_ops_idx = 0 : i32} : (vector<64xi32>) -> ()
    "vector.transfer_write"(%382, %arg91, %380, %381) <{in_bounds = [true], operandSegmentSizes = array<i32: 1, 1, 1, 1>, permutation_map = #map1}> : (vector<64xi32>, memref<6xi32, #hivm.address_space<ub>>, index, vector<64xi1>) -> ()
    "func.return"() : () -> ()
  }) {hivm.func_core_type = #hivm.func_core_type<AIV>, hivm.vector_function} : () -> ()
  "func.func"() <{function_type = (memref<6xi32, #hivm.address_space<ub>>, memref<6xi32, #hivm.address_space<ub>>) -> (), no_inline, sym_name = "paged_prefill_verify_grouped_kernel_mix_aiv_outlined_vf_4"}> ({
  ^bb0(%arg89: memref<6xi32, #hivm.address_space<ub>>, %arg90: memref<6xi32, #hivm.address_space<ub>>):
    %372 = "arith.constant"() <{value = dense<6> : vector<64xi32>}> : () -> vector<64xi32>
    %373 = "arith.constant"() <{value = 0 : i32}> : () -> i32
    %374 = "arith.constant"() <{value = 0 : index}> : () -> index
    %375 = "vector.constant_mask"() <{mask_dim_sizes = [6]}> : () -> vector<64xi1>
    "annotation.mark"(%375) <{effects = ["write"]}> {mask_op_idx = 0 : i32} : (vector<64xi1>) -> ()
    %376 = "vector.transfer_read"(%arg89, %374, %373, %375) <{in_bounds = [true], operandSegmentSizes = array<i32: 1, 1, 1, 1>, permutation_map = #map1}> : (memref<6xi32, #hivm.address_space<ub>>, index, i32, vector<64xi1>) -> vector<64xi32>
    "annotation.mark"(%376) <{effects = ["write"]}> {reached_mask_ops_idx = 0 : i32} : (vector<64xi32>) -> ()
    %377 = "arith.divsi"(%376, %372) : (vector<64xi32>, vector<64xi32>) -> vector<64xi32>
    "annotation.mark"(%377) <{effects = ["write"]}> {reached_mask_ops_idx = 0 : i32} : (vector<64xi32>) -> ()
    "vector.transfer_write"(%377, %arg90, %374, %375) <{in_bounds = [true], operandSegmentSizes = array<i32: 1, 1, 1, 1>, permutation_map = #map1}> : (vector<64xi32>, memref<6xi32, #hivm.address_space<ub>>, index, vector<64xi1>) -> ()
    "func.return"() : () -> ()
  }) {hivm.func_core_type = #hivm.func_core_type<AIV>, hivm.vector_function} : () -> ()
  "func.func"() <{function_type = (memref<6xi32, #hivm.address_space<ub>>, memref<6xi32, #hivm.address_space<ub>>, f32, f32, f32, f32, f32, f32, memref<6xf32, #hivm.address_space<ub>>) -> (), no_inline, sym_name = "paged_prefill_verify_grouped_kernel_mix_aiv_outlined_vf_5"}> ({
  ^bb0(%arg80: memref<6xi32, #hivm.address_space<ub>>, %arg81: memref<6xi32, #hivm.address_space<ub>>, %arg82: f32, %arg83: f32, %arg84: f32, %arg85: f32, %arg86: f32, %arg87: f32, %arg88: memref<6xf32, #hivm.address_space<ub>>):
    %343 = "arith.constant"() <{value = dense<1> : vector<64xi32>}> : () -> vector<64xi32>
    %344 = "arith.constant"() <{value = dense<2> : vector<64xi32>}> : () -> vector<64xi32>
    %345 = "arith.constant"() <{value = dense<3> : vector<64xi32>}> : () -> vector<64xi32>
    %346 = "arith.constant"() <{value = dense<4> : vector<64xi32>}> : () -> vector<64xi32>
    %347 = "arith.constant"() <{value = dense<5> : vector<64xi32>}> : () -> vector<64xi32>
    %348 = "arith.constant"() <{value = dense<6> : vector<64xi32>}> : () -> vector<64xi32>
    %349 = "arith.constant"() <{value = 0 : i32}> : () -> i32
    %350 = "arith.constant"() <{value = 0 : index}> : () -> index
    %351 = "vector.constant_mask"() <{mask_dim_sizes = [6]}> : () -> vector<64xi1>
    "annotation.mark"(%351) <{effects = ["write"]}> {mask_op_idx = 0 : i32} : (vector<64xi1>) -> ()
    %352 = "vector.transfer_read"(%arg80, %350, %349, %351) <{in_bounds = [true], operandSegmentSizes = array<i32: 1, 1, 1, 1>, permutation_map = #map1}> : (memref<6xi32, #hivm.address_space<ub>>, index, i32, vector<64xi1>) -> vector<64xi32>
    "annotation.mark"(%352) <{effects = ["write"]}> {reached_mask_ops_idx = 0 : i32} : (vector<64xi32>) -> ()
    %353 = "vector.transfer_read"(%arg81, %350, %349, %351) <{in_bounds = [true], operandSegmentSizes = array<i32: 1, 1, 1, 1>, permutation_map = #map1}> : (memref<6xi32, #hivm.address_space<ub>>, index, i32, vector<64xi1>) -> vector<64xi32>
    "annotation.mark"(%353) <{effects = ["write"]}> {reached_mask_ops_idx = 0 : i32} : (vector<64xi32>) -> ()
    %354 = "arith.muli"(%353, %348) <{overflowFlags = #arith.overflow<none>}> : (vector<64xi32>, vector<64xi32>) -> vector<64xi32>
    "annotation.mark"(%354) <{effects = ["write"]}> {reached_mask_ops_idx = 0 : i32} : (vector<64xi32>) -> ()
    %355 = "arith.subi"(%352, %354) <{overflowFlags = #arith.overflow<none>}> : (vector<64xi32>, vector<64xi32>) -> vector<64xi32>
    "annotation.mark"(%355) <{effects = ["write"]}> {reached_mask_ops_idx = 0 : i32} : (vector<64xi32>) -> ()
    %356 = "arith.cmpi"(%355, %347) <{predicate = 2 : i64}> : (vector<64xi32>, vector<64xi32>) -> vector<64xi1>
    "annotation.mark"(%356) <{effects = ["write"]}> {reached_mask_ops_idx = 0 : i32} : (vector<64xi1>) -> ()
    %357 = "vector.broadcast"(%arg82) : (f32) -> vector<64xf32>
    "annotation.mark"(%357) <{effects = ["write"]}> {reached_mask_ops_idx = 0 : i32} : (vector<64xf32>) -> ()
    %358 = "vector.broadcast"(%arg83) : (f32) -> vector<64xf32>
    "annotation.mark"(%358) <{effects = ["write"]}> {reached_mask_ops_idx = 0 : i32} : (vector<64xf32>) -> ()
    %359 = "arith.select"(%356, %357, %358) : (vector<64xi1>, vector<64xf32>, vector<64xf32>) -> vector<64xf32>
    "annotation.mark"(%359) <{effects = ["write"]}> {reached_mask_ops_idx = 0 : i32} : (vector<64xf32>) -> ()
    %360 = "arith.cmpi"(%355, %346) <{predicate = 2 : i64}> : (vector<64xi32>, vector<64xi32>) -> vector<64xi1>
    "annotation.mark"(%360) <{effects = ["write"]}> {reached_mask_ops_idx = 0 : i32} : (vector<64xi1>) -> ()
    %361 = "vector.broadcast"(%arg84) : (f32) -> vector<64xf32>
    "annotation.mark"(%361) <{effects = ["write"]}> {reached_mask_ops_idx = 0 : i32} : (vector<64xf32>) -> ()
    %362 = "arith.select"(%360, %361, %359) : (vector<64xi1>, vector<64xf32>, vector<64xf32>) -> vector<64xf32>
    "annotation.mark"(%362) <{effects = ["write"]}> {reached_mask_ops_idx = 0 : i32} : (vector<64xf32>) -> ()
    %363 = "arith.cmpi"(%355, %345) <{predicate = 2 : i64}> : (vector<64xi32>, vector<64xi32>) -> vector<64xi1>
    "annotation.mark"(%363) <{effects = ["write"]}> {reached_mask_ops_idx = 0 : i32} : (vector<64xi1>) -> ()
    %364 = "vector.broadcast"(%arg85) : (f32) -> vector<64xf32>
    "annotation.mark"(%364) <{effects = ["write"]}> {reached_mask_ops_idx = 0 : i32} : (vector<64xf32>) -> ()
    %365 = "arith.select"(%363, %364, %362) : (vector<64xi1>, vector<64xf32>, vector<64xf32>) -> vector<64xf32>
    "annotation.mark"(%365) <{effects = ["write"]}> {reached_mask_ops_idx = 0 : i32} : (vector<64xf32>) -> ()
    %366 = "arith.cmpi"(%355, %344) <{predicate = 2 : i64}> : (vector<64xi32>, vector<64xi32>) -> vector<64xi1>
    "annotation.mark"(%366) <{effects = ["write"]}> {reached_mask_ops_idx = 0 : i32} : (vector<64xi1>) -> ()
    %367 = "vector.broadcast"(%arg86) : (f32) -> vector<64xf32>
    "annotation.mark"(%367) <{effects = ["write"]}> {reached_mask_ops_idx = 0 : i32} : (vector<64xf32>) -> ()
    %368 = "arith.select"(%366, %367, %365) : (vector<64xi1>, vector<64xf32>, vector<64xf32>) -> vector<64xf32>
    "annotation.mark"(%368) <{effects = ["write"]}> {reached_mask_ops_idx = 0 : i32} : (vector<64xf32>) -> ()
    %369 = "arith.cmpi"(%355, %343) <{predicate = 2 : i64}> : (vector<64xi32>, vector<64xi32>) -> vector<64xi1>
    "annotation.mark"(%369) <{effects = ["write"]}> {reached_mask_ops_idx = 0 : i32} : (vector<64xi1>) -> ()
    %370 = "vector.broadcast"(%arg87) : (f32) -> vector<64xf32>
    "annotation.mark"(%370) <{effects = ["write"]}> {reached_mask_ops_idx = 0 : i32} : (vector<64xf32>) -> ()
    %371 = "arith.select"(%369, %370, %368) : (vector<64xi1>, vector<64xf32>, vector<64xf32>) -> vector<64xf32>
    "annotation.mark"(%371) <{effects = ["write"]}> {reached_mask_ops_idx = 0 : i32} : (vector<64xf32>) -> ()
    "vector.transfer_write"(%371, %arg88, %350, %351) <{in_bounds = [true], operandSegmentSizes = array<i32: 1, 1, 1, 1>, permutation_map = #map1}> : (vector<64xf32>, memref<6xf32, #hivm.address_space<ub>>, index, vector<64xi1>) -> ()
    "func.return"() : () -> ()
  }) {hivm.func_core_type = #hivm.func_core_type<AIV>, hivm.vector_function} : () -> ()
  "func.func"() <{function_type = (memref<64xi32, #hivm.address_space<ub>>) -> (), no_inline, sym_name = "paged_prefill_verify_grouped_kernel_mix_aiv_outlined_vf_6"}> ({
  ^bb0(%arg79: memref<64xi32, #hivm.address_space<ub>>):
    %339 = "arith.constant"() <{value = 0 : index}> : () -> index
    %340 = "arith.constant"() <{value = dense<0> : vector<64xi32>}> : () -> vector<64xi32>
    %341 = "arith.constant"() <{value = dense<[0, 1, 2, 3, 4, 5, 6, 7, 8, 9, 10, 11, 12, 13, 14, 15, 16, 17, 18, 19, 20, 21, 22, 23, 24, 25, 26, 27, 28, 29, 30, 31, 32, 33, 34, 35, 36, 37, 38, 39, 40, 41, 42, 43, 44, 45, 46, 47, 48, 49, 50, 51, 52, 53, 54, 55, 56, 57, 58, 59, 60, 61, 62, 63]> : vector<64xi32>}> : () -> vector<64xi32>
    %342 = "arith.addi"(%340, %341) <{overflowFlags = #arith.overflow<none>}> : (vector<64xi32>, vector<64xi32>) -> vector<64xi32>
    "vector.transfer_write"(%342, %arg79, %339) <{in_bounds = [true], operandSegmentSizes = array<i32: 1, 1, 1, 0>, permutation_map = #map1}> : (vector<64xi32>, memref<64xi32, #hivm.address_space<ub>>, index) -> ()
    "func.return"() : () -> ()
  }) {hivm.func_core_type = #hivm.func_core_type<AIV>, hivm.vector_function} : () -> ()
  "func.func"() <{function_type = (memref<6xi32, #hivm.address_space<ub>>, i32, memref<6xi32, #hivm.address_space<ub>>) -> (), no_inline, sym_name = "paged_prefill_verify_grouped_kernel_mix_aiv_outlined_vf_7"}> ({
  ^bb0(%arg76: memref<6xi32, #hivm.address_space<ub>>, %arg77: i32, %arg78: memref<6xi32, #hivm.address_space<ub>>):
    %333 = "arith.constant"() <{value = 0 : i32}> : () -> i32
    %334 = "arith.constant"() <{value = 0 : index}> : () -> index
    %335 = "vector.constant_mask"() <{mask_dim_sizes = [6]}> : () -> vector<64xi1>
    "annotation.mark"(%335) <{effects = ["write"]}> {mask_op_idx = 0 : i32} : (vector<64xi1>) -> ()
    %336 = "vector.transfer_read"(%arg76, %334, %333, %335) <{in_bounds = [true], operandSegmentSizes = array<i32: 1, 1, 1, 1>, permutation_map = #map1}> : (memref<6xi32, #hivm.address_space<ub>>, index, i32, vector<64xi1>) -> vector<64xi32>
    "annotation.mark"(%336) <{effects = ["write"]}> {reached_mask_ops_idx = 0 : i32} : (vector<64xi32>) -> ()
    %337 = "vector.broadcast"(%arg77) : (i32) -> vector<64xi32>
    "annotation.mark"(%337) <{effects = ["write"]}> {reached_mask_ops_idx = 0 : i32} : (vector<64xi32>) -> ()
    %338 = "arith.addi"(%336, %337) <{overflowFlags = #arith.overflow<none>}> : (vector<64xi32>, vector<64xi32>) -> vector<64xi32>
    "annotation.mark"(%338) <{effects = ["write"]}> {reached_mask_ops_idx = 0 : i32} : (vector<64xi32>) -> ()
    "vector.transfer_write"(%338, %arg78, %334, %335) <{in_bounds = [true], operandSegmentSizes = array<i32: 1, 1, 1, 1>, permutation_map = #map1}> : (vector<64xi32>, memref<6xi32, #hivm.address_space<ub>>, index, vector<64xi1>) -> ()
    "func.return"() : () -> ()
  }) {hivm.func_core_type = #hivm.func_core_type<AIV>, hivm.vector_function} : () -> ()
  "func.func"() <{function_type = (memref<6x1xi32, #hivm.address_space<ub>>, memref<6x1xf32, #hivm.address_space<ub>>) -> (), no_inline, sym_name = "paged_prefill_verify_grouped_kernel_mix_aiv_outlined_vf_8"}> ({
  ^bb0(%arg73: memref<6x1xi32, #hivm.address_space<ub>>, %arg74: memref<6x1xf32, #hivm.address_space<ub>>):
    %321 = "arith.constant"() <{value = 0 : i32}> : () -> i32
    %322 = "arith.constant"() <{value = 6 : index}> : () -> index
    %323 = "arith.constant"() <{value = 1 : index}> : () -> index
    %324 = "arith.constant"() <{value = 0 : index}> : () -> index
    "scf.for"(%324, %322, %323) ({
    ^bb0(%arg75: index):
      %325 = "memref.subview"(%arg73, %arg75) <{operandSegmentSizes = array<i32: 1, 1, 0, 0>, static_offsets = array<i64: -9223372036854775808, 0>, static_sizes = array<i64: 1, 1>, static_strides = array<i64: 1, 1>}> : (memref<6x1xi32, #hivm.address_space<ub>>, index) -> memref<1x1xi32, strided<[1, 1], offset: ?>, #hivm.address_space<ub>>
      %326 = "memref.subview"(%arg74, %arg75) <{operandSegmentSizes = array<i32: 1, 1, 0, 0>, static_offsets = array<i64: -9223372036854775808, 0>, static_sizes = array<i64: 1, 1>, static_strides = array<i64: 1, 1>}> : (memref<6x1xf32, #hivm.address_space<ub>>, index) -> memref<1x1xf32, strided<[1, 1], offset: ?>, #hivm.address_space<ub>>
      %327 = "vector.constant_mask"() <{mask_dim_sizes = [1]}> : () -> vector<64xi1>
      %328 = "vector.shape_cast"(%327) : (vector<64xi1>) -> vector<1x64xi1>
      "annotation.mark"(%328) <{effects = ["write"]}> {mask_op_idx = -1 : i32} : (vector<1x64xi1>) -> ()
      %329 = "vector.transfer_read"(%325, %324, %324, %321, %328) <{in_bounds = [true, true], operandSegmentSizes = array<i32: 1, 2, 1, 1>, permutation_map = #map11}> : (memref<1x1xi32, strided<[1, 1], offset: ?>, #hivm.address_space<ub>>, index, index, i32, vector<1x64xi1>) -> vector<1x64xi32>
      %330 = "vector.shape_cast"(%329) : (vector<1x64xi32>) -> vector<64xi32>
      %331 = "arith.sitofp"(%330) {enable_saturate = false, round_mode = #hfusion.round_mode<rint>, unsigned_mode = #hfusion.unsigned_mode<si2si>} : (vector<64xi32>) -> vector<64xf32>
      %332 = "vector.shape_cast"(%331) : (vector<64xf32>) -> vector<1x64xf32>
      "vector.transfer_write"(%332, %326, %324, %324, %328) <{in_bounds = [true, true], operandSegmentSizes = array<i32: 1, 1, 2, 1>, permutation_map = #map11}> : (vector<1x64xf32>, memref<1x1xf32, strided<[1, 1], offset: ?>, #hivm.address_space<ub>>, index, index, vector<1x64xi1>) -> ()
      "scf.yield"() : () -> ()
    }) : (index, index, index) -> ()
    "func.return"() : () -> ()
  }) {hivm.func_core_type = #hivm.func_core_type<AIV>, hivm.vector_function} : () -> ()
  "func.func"() <{function_type = (memref<64xi32, #hivm.address_space<ub>>, i32, memref<64xi32, #hivm.address_space<ub>>) -> (), no_inline, sym_name = "paged_prefill_verify_grouped_kernel_mix_aiv_outlined_vf_9"}> ({
  ^bb0(%arg70: memref<64xi32, #hivm.address_space<ub>>, %arg71: i32, %arg72: memref<64xi32, #hivm.address_space<ub>>):
    %316 = "arith.constant"() <{value = 0 : i32}> : () -> i32
    %317 = "arith.constant"() <{value = 0 : index}> : () -> index
    %318 = "vector.transfer_read"(%arg70, %317, %316) <{in_bounds = [true], operandSegmentSizes = array<i32: 1, 1, 1, 0>, permutation_map = #map1}> : (memref<64xi32, #hivm.address_space<ub>>, index, i32) -> vector<64xi32>
    %319 = "vector.broadcast"(%arg71) : (i32) -> vector<64xi32>
    %320 = "arith.addi"(%318, %319) <{overflowFlags = #arith.overflow<none>}> : (vector<64xi32>, vector<64xi32>) -> vector<64xi32>
    "vector.transfer_write"(%320, %arg72, %317) <{in_bounds = [true], operandSegmentSizes = array<i32: 1, 1, 1, 0>, permutation_map = #map1}> : (vector<64xi32>, memref<64xi32, #hivm.address_space<ub>>, index) -> ()
    "func.return"() : () -> ()
  }) {hivm.func_core_type = #hivm.func_core_type<AIV>, hivm.vector_function} : () -> ()
  "func.func"() <{function_type = (memref<1x64xi32, #hivm.address_space<ub>>, memref<1x64xf32, #hivm.address_space<ub>>) -> (), no_inline, sym_name = "paged_prefill_verify_grouped_kernel_mix_aiv_outlined_vf_10"}> ({
  ^bb0(%arg68: memref<1x64xi32, #hivm.address_space<ub>>, %arg69: memref<1x64xf32, #hivm.address_space<ub>>):
    %310 = "arith.constant"() <{value = 0 : index}> : () -> index
    %311 = "arith.constant"() <{value = 0 : i32}> : () -> i32
    %312 = "memref.subview"(%arg68) <{operandSegmentSizes = array<i32: 1, 0, 0, 0>, static_offsets = array<i64: 0, 0>, static_sizes = array<i64: 1, 64>, static_strides = array<i64: 1, 1>}> : (memref<1x64xi32, #hivm.address_space<ub>>) -> memref<64xi32, strided<[1]>, #hivm.address_space<ub>>
    %313 = "vector.transfer_read"(%312, %310, %311) <{in_bounds = [true], operandSegmentSizes = array<i32: 1, 1, 1, 0>, permutation_map = #map1}> : (memref<64xi32, strided<[1]>, #hivm.address_space<ub>>, index, i32) -> vector<64xi32>
    %314 = "arith.sitofp"(%313) {enable_saturate = false, round_mode = #hfusion.round_mode<rint>, unsigned_mode = #hfusion.unsigned_mode<si2si>} : (vector<64xi32>) -> vector<64xf32>
    %315 = "memref.subview"(%arg69) <{operandSegmentSizes = array<i32: 1, 0, 0, 0>, static_offsets = array<i64: 0, 0>, static_sizes = array<i64: 1, 64>, static_strides = array<i64: 1, 1>}> : (memref<1x64xf32, #hivm.address_space<ub>>) -> memref<64xf32, strided<[1]>, #hivm.address_space<ub>>
    "vector.transfer_write"(%314, %315, %310) <{in_bounds = [true], operandSegmentSizes = array<i32: 1, 1, 1, 0>, permutation_map = #map1}> : (vector<64xf32>, memref<64xf32, strided<[1]>, #hivm.address_space<ub>>, index) -> ()
    "func.return"() : () -> ()
  }) {hivm.func_core_type = #hivm.func_core_type<AIV>, hivm.vector_function} : () -> ()
  "func.func"() <{function_type = (memref<6x1xf32, #hivm.address_space<ub>>, memref<1x64xf32, #hivm.address_space<ub>>, memref<6x64xi1, strided<[256, 1]>, #hivm.address_space<ub>>) -> (), no_inline, sym_name = "paged_prefill_verify_grouped_kernel_mix_aiv_outlined_vf_11"}> ({
  ^bb0(%arg64: memref<6x1xf32, #hivm.address_space<ub>>, %arg65: memref<1x64xf32, #hivm.address_space<ub>>, %arg66: memref<6x64xi1, strided<[256, 1]>, #hivm.address_space<ub>>):
    %298 = "arith.constant"() <{value = 0.000000e+00 : f32}> : () -> f32
    %299 = "arith.constant"() <{value = 1 : index}> : () -> index
    %300 = "arith.constant"() <{value = 6 : index}> : () -> index
    %301 = "arith.constant"() <{value = 0 : index}> : () -> index
    "scf.for"(%301, %300, %299) ({
    ^bb0(%arg67: index):
      %302 = "memref.subview"(%arg64, %arg67) <{operandSegmentSizes = array<i32: 1, 1, 0, 0>, static_offsets = array<i64: -9223372036854775808, 0>, static_sizes = array<i64: 1, 1>, static_strides = array<i64: 1, 1>}> : (memref<6x1xf32, #hivm.address_space<ub>>, index) -> memref<1x1xf32, strided<[1, 1], offset: ?>, #hivm.address_space<ub>>
      %303 = "memref.subview"(%arg66, %arg67) <{operandSegmentSizes = array<i32: 1, 1, 0, 0>, static_offsets = array<i64: -9223372036854775808, 0>, static_sizes = array<i64: 1, 64>, static_strides = array<i64: 1, 1>}> : (memref<6x64xi1, strided<[256, 1]>, #hivm.address_space<ub>>, index) -> memref<1x64xi1, strided<[256, 1], offset: ?>, #hivm.address_space<ub>>
      %304 = "vector.transfer_read"(%arg65, %301, %301, %298) <{in_bounds = [true, true], operandSegmentSizes = array<i32: 1, 2, 1, 0>, permutation_map = #map12}> : (memref<1x64xf32, #hivm.address_space<ub>>, index, index, f32) -> vector<1x64xf32>
      %305 = "vector.transfer_read"(%302, %301, %301, %298) <{in_bounds = [true, true], operandSegmentSizes = array<i32: 1, 2, 1, 0>, permutation_map = #map13}> : (memref<1x1xf32, strided<[1, 1], offset: ?>, #hivm.address_space<ub>>, index, index, f32) -> vector<1x64xf32>
      %306 = "vector.shape_cast"(%304) : (vector<1x64xf32>) -> vector<64xf32>
      %307 = "vector.shape_cast"(%305) : (vector<1x64xf32>) -> vector<64xf32>
      %308 = "arith.cmpf"(%306, %307) <{fastmath = #arith.fastmath<none>, predicate = 5 : i64}> : (vector<64xf32>, vector<64xf32>) -> vector<64xi1>
      %309 = "memref.subview"(%303) <{operandSegmentSizes = array<i32: 1, 0, 0, 0>, static_offsets = array<i64: 0, 0>, static_sizes = array<i64: 1, 64>, static_strides = array<i64: 1, 1>}> : (memref<1x64xi1, strided<[256, 1], offset: ?>, #hivm.address_space<ub>>) -> memref<64xi1, #map, #hivm.address_space<ub>>
      "vector.transfer_write"(%308, %309, %301) <{in_bounds = [true], operandSegmentSizes = array<i32: 1, 1, 1, 0>, permutation_map = #map1}> : (vector<64xi1>, memref<64xi1, #map, #hivm.address_space<ub>>, index) -> ()
      "scf.yield"() : () -> ()
    }) : (index, index, index) -> ()
    "func.return"() : () -> ()
  }) {hivm.func_core_type = #hivm.func_core_type<AIV>, hivm.vector_function} : () -> ()
  "func.func"() <{function_type = (memref<1x64xf32, #hivm.address_space<ub>>, f32, memref<1x64xi1, #hivm.address_space<ub>>) -> (), no_inline, sym_name = "paged_prefill_verify_grouped_kernel_mix_aiv_outlined_vf_12"}> ({
  ^bb0(%arg61: memref<1x64xf32, #hivm.address_space<ub>>, %arg62: f32, %arg63: memref<1x64xi1, #hivm.address_space<ub>>):
    %291 = "arith.constant"() <{value = 0 : index}> : () -> index
    %292 = "arith.constant"() <{value = 0.000000e+00 : f32}> : () -> f32
    %293 = "memref.subview"(%arg61) <{operandSegmentSizes = array<i32: 1, 0, 0, 0>, static_offsets = array<i64: 0, 0>, static_sizes = array<i64: 1, 64>, static_strides = array<i64: 1, 1>}> : (memref<1x64xf32, #hivm.address_space<ub>>) -> memref<64xf32, strided<[1]>, #hivm.address_space<ub>>
    %294 = "vector.transfer_read"(%293, %291, %292) <{in_bounds = [true], operandSegmentSizes = array<i32: 1, 1, 1, 0>, permutation_map = #map1}> : (memref<64xf32, strided<[1]>, #hivm.address_space<ub>>, index, f32) -> vector<64xf32>
    %295 = "vector.broadcast"(%arg62) : (f32) -> vector<64xf32>
    %296 = "arith.cmpf"(%294, %295) <{fastmath = #arith.fastmath<none>, predicate = 4 : i64}> : (vector<64xf32>, vector<64xf32>) -> vector<64xi1>
    %297 = "memref.subview"(%arg63) <{operandSegmentSizes = array<i32: 1, 0, 0, 0>, static_offsets = array<i64: 0, 0>, static_sizes = array<i64: 1, 64>, static_strides = array<i64: 1, 1>}> : (memref<1x64xi1, #hivm.address_space<ub>>) -> memref<64xi1, strided<[1]>, #hivm.address_space<ub>>
    "vector.transfer_write"(%296, %297, %291) <{in_bounds = [true], operandSegmentSizes = array<i32: 1, 1, 1, 0>, permutation_map = #map1}> : (vector<64xi1>, memref<64xi1, strided<[1]>, #hivm.address_space<ub>>, index) -> ()
    "func.return"() : () -> ()
  }) {hivm.func_core_type = #hivm.func_core_type<AIV>, hivm.vector_function} : () -> ()
  "func.func"() <{function_type = (memref<6x64xi1, strided<[256, 1]>, #hivm.address_space<ub>>, memref<64xi1, #hivm.address_space<ub>>, memref<6x64xi1, strided<[256, 1]>, #hivm.address_space<ub>>, memref<6x64xi1, strided<[256, 1]>, #hivm.address_space<ub>>) -> (), no_inline, sym_name = "paged_prefill_verify_grouped_kernel_mix_aiv_outlined_vf_13"}> ({
  ^bb0(%arg56: memref<6x64xi1, strided<[256, 1]>, #hivm.address_space<ub>>, %arg57: memref<64xi1, #hivm.address_space<ub>>, %arg58: memref<6x64xi1, strided<[256, 1]>, #hivm.address_space<ub>>, %arg59: memref<6x64xi1, strided<[256, 1]>, #hivm.address_space<ub>>):
    %270 = "arith.constant"() <{value = dense<0.000000e+00> : vector<128xf16>}> : () -> vector<128xf16>
    %271 = "arith.constant"() <{value = dense<-1.000000e+00> : vector<128xf16>}> : () -> vector<128xf16>
    %272 = "arith.constant"() <{value = false}> : () -> i1
    %273 = "arith.constant"() <{value = 1 : index}> : () -> index
    %274 = "arith.constant"() <{value = 6 : index}> : () -> index
    %275 = "arith.constant"() <{value = 0 : index}> : () -> index
    "scf.for"(%275, %274, %273) ({
    ^bb0(%arg60: index):
      %276 = "memref.subview"(%arg56, %arg60) <{operandSegmentSizes = array<i32: 1, 1, 0, 0>, static_offsets = array<i64: -9223372036854775808, 0>, static_sizes = array<i64: 1, 64>, static_strides = array<i64: 1, 1>}> : (memref<6x64xi1, strided<[256, 1]>, #hivm.address_space<ub>>, index) -> memref<1x64xi1, strided<[256, 1], offset: ?>, #hivm.address_space<ub>>
      %277 = "memref.subview"(%arg58, %arg60) <{operandSegmentSizes = array<i32: 1, 1, 0, 0>, static_offsets = array<i64: -9223372036854775808, 0>, static_sizes = array<i64: 1, 64>, static_strides = array<i64: 1, 1>}> : (memref<6x64xi1, strided<[256, 1]>, #hivm.address_space<ub>>, index) -> memref<1x64xi1, strided<[256, 1], offset: ?>, #hivm.address_space<ub>>
      %278 = "vector.constant_mask"() <{mask_dim_sizes = [64]}> : () -> vector<128xi1>
      "annotation.mark"(%278) <{effects = ["write"]}> {mask_op_idx = 0 : i32} : (vector<128xi1>) -> ()
      %279 = "vector.transfer_read"(%arg57, %275, %272, %278) <{in_bounds = [true, true], operandSegmentSizes = array<i32: 1, 1, 1, 1>, permutation_map = #map14}> : (memref<64xi1, #hivm.address_space<ub>>, index, i1, vector<128xi1>) -> vector<1x128xi1>
      "annotation.mark"(%279) <{effects = ["write"]}> {reached_mask_ops_idx = 0 : i32} : (vector<1x128xi1>) -> ()
      %280 = "vector.shape_cast"(%279) : (vector<1x128xi1>) -> vector<128xi1>
      "annotation.mark"(%280) <{effects = ["write"]}> {reached_mask_ops_idx = 0 : i32} : (vector<128xi1>) -> ()
      %281 = "arith.select"(%280, %271, %270) : (vector<128xi1>, vector<128xf16>, vector<128xf16>) -> vector<128xf16>
      "annotation.mark"(%281) <{effects = ["write"]}> {reached_mask_ops_idx = 0 : i32} : (vector<128xf16>) -> ()
      %282 = "arith.cmpf"(%281, %270) <{fastmath = #arith.fastmath<none>, predicate = 13 : i64}> : (vector<128xf16>, vector<128xf16>) -> vector<128xi1>
      "annotation.mark"(%282) <{effects = ["write"]}> {reached_mask_ops_idx = 0 : i32} : (vector<128xi1>) -> ()
      %283 = "memref.subview"(%277) <{operandSegmentSizes = array<i32: 1, 0, 0, 0>, static_offsets = array<i64: 0, 0>, static_sizes = array<i64: 1, 64>, static_strides = array<i64: 1, 1>}> : (memref<1x64xi1, strided<[256, 1], offset: ?>, #hivm.address_space<ub>>) -> memref<64xi1, #map, #hivm.address_space<ub>>
      "vector.transfer_write"(%282, %283, %275, %278) <{in_bounds = [true], operandSegmentSizes = array<i32: 1, 1, 1, 1>, permutation_map = #map1}> : (vector<128xi1>, memref<64xi1, #map, #hivm.address_space<ub>>, index, vector<128xi1>) -> ()
      %284 = "memref.subview"(%arg59, %arg60) <{operandSegmentSizes = array<i32: 1, 1, 0, 0>, static_offsets = array<i64: -9223372036854775808, 0>, static_sizes = array<i64: 1, 64>, static_strides = array<i64: 1, 1>}> : (memref<6x64xi1, strided<[256, 1]>, #hivm.address_space<ub>>, index) -> memref<1x64xi1, strided<[256, 1], offset: ?>, #hivm.address_space<ub>>
      %285 = "vector.constant_mask"() <{mask_dim_sizes = [64]}> : () -> vector<256xi1>
      "annotation.mark"(%285) <{effects = ["write"]}> {mask_op_idx = 1 : i32} : (vector<256xi1>) -> ()
      %286 = "memref.subview"(%276) <{operandSegmentSizes = array<i32: 1, 0, 0, 0>, static_offsets = array<i64: 0, 0>, static_sizes = array<i64: 1, 64>, static_strides = array<i64: 1, 1>}> : (memref<1x64xi1, strided<[256, 1], offset: ?>, #hivm.address_space<ub>>) -> memref<64xi1, #map, #hivm.address_space<ub>>
      %287 = "vector.transfer_read"(%286, %275, %272, %285) <{in_bounds = [true], operandSegmentSizes = array<i32: 1, 1, 1, 1>, permutation_map = #map1}> : (memref<64xi1, #map, #hivm.address_space<ub>>, index, i1, vector<256xi1>) -> vector<256xi1>
      "annotation.mark"(%287) <{effects = ["write"]}> {reached_mask_ops_idx = 1 : i32} : (vector<256xi1>) -> ()
      %288 = "vector.transfer_read"(%283, %275, %272, %285) <{in_bounds = [true], operandSegmentSizes = array<i32: 1, 1, 1, 1>, permutation_map = #map1}> : (memref<64xi1, #map, #hivm.address_space<ub>>, index, i1, vector<256xi1>) -> vector<256xi1>
      "annotation.mark"(%288) <{effects = ["write"]}> {reached_mask_ops_idx = 1 : i32} : (vector<256xi1>) -> ()
      %289 = "arith.andi"(%287, %288) : (vector<256xi1>, vector<256xi1>) -> vector<256xi1>
      "annotation.mark"(%289) <{effects = ["write"]}> {reached_mask_ops_idx = 1 : i32} : (vector<256xi1>) -> ()
      %290 = "memref.subview"(%284) <{operandSegmentSizes = array<i32: 1, 0, 0, 0>, static_offsets = array<i64: 0, 0>, static_sizes = array<i64: 1, 64>, static_strides = array<i64: 1, 1>}> : (memref<1x64xi1, strided<[256, 1], offset: ?>, #hivm.address_space<ub>>) -> memref<64xi1, #map, #hivm.address_space<ub>>
      "vector.transfer_write"(%289, %290, %275, %285) <{in_bounds = [true], operandSegmentSizes = array<i32: 1, 1, 1, 1>, permutation_map = #map1}> : (vector<256xi1>, memref<64xi1, #map, #hivm.address_space<ub>>, index, vector<256xi1>) -> ()
      "scf.yield"() : () -> ()
    }) : (index, index, index) -> ()
    "func.return"() : () -> ()
  }) {hivm.func_core_type = #hivm.func_core_type<AIV>, hivm.vector_function} : () -> ()
  "func.func"() <{function_type = (memref<6x64xi1, strided<[256, 1]>, #hivm.address_space<ub>>, memref<6x64xf32, #hivm.address_space<ub>>, f32, memref<6x64xf32, #hivm.address_space<ub>>) -> (), no_inline, sym_name = "paged_prefill_verify_grouped_kernel_mix_aiv_outlined_vf_14"}> ({
  ^bb0(%arg51: memref<6x64xi1, strided<[256, 1]>, #hivm.address_space<ub>>, %arg52: memref<6x64xf32, #hivm.address_space<ub>>, %arg53: f32, %arg54: memref<6x64xf32, #hivm.address_space<ub>>):
    %253 = "arith.constant"() <{value = dense<-1.000000e+06> : vector<64xf32>}> : () -> vector<64xf32>
    %254 = "arith.constant"() <{value = 0.000000e+00 : f32}> : () -> f32
    %255 = "arith.constant"() <{value = false}> : () -> i1
    %256 = "arith.constant"() <{value = 1 : index}> : () -> index
    %257 = "arith.constant"() <{value = 6 : index}> : () -> index
    %258 = "arith.constant"() <{value = 0 : index}> : () -> index
    "scf.for"(%258, %257, %256) ({
    ^bb0(%arg55: index):
      %259 = "memref.subview"(%arg51, %arg55) <{operandSegmentSizes = array<i32: 1, 1, 0, 0>, static_offsets = array<i64: -9223372036854775808, 0>, static_sizes = array<i64: 1, 64>, static_strides = array<i64: 1, 1>}> : (memref<6x64xi1, strided<[256, 1]>, #hivm.address_space<ub>>, index) -> memref<1x64xi1, strided<[256, 1], offset: ?>, #hivm.address_space<ub>>
      %260 = "memref.subview"(%arg52, %arg55) <{operandSegmentSizes = array<i32: 1, 1, 0, 0>, static_offsets = array<i64: -9223372036854775808, 0>, static_sizes = array<i64: 1, 64>, static_strides = array<i64: 1, 1>}> : (memref<6x64xf32, #hivm.address_space<ub>>, index) -> memref<1x64xf32, strided<[64, 1], offset: ?>, #hivm.address_space<ub>>
      %261 = "memref.subview"(%arg54, %arg55) <{operandSegmentSizes = array<i32: 1, 1, 0, 0>, static_offsets = array<i64: -9223372036854775808, 0>, static_sizes = array<i64: 1, 64>, static_strides = array<i64: 1, 1>}> : (memref<6x64xf32, #hivm.address_space<ub>>, index) -> memref<1x64xf32, strided<[64, 1], offset: ?>, #hivm.address_space<ub>>
      %262 = "memref.subview"(%259) <{operandSegmentSizes = array<i32: 1, 0, 0, 0>, static_offsets = array<i64: 0, 0>, static_sizes = array<i64: 1, 64>, static_strides = array<i64: 1, 1>}> : (memref<1x64xi1, strided<[256, 1], offset: ?>, #hivm.address_space<ub>>) -> memref<64xi1, #map, #hivm.address_space<ub>>
      %263 = "vector.transfer_read"(%262, %258, %255) <{in_bounds = [true], operandSegmentSizes = array<i32: 1, 1, 1, 0>, permutation_map = #map1}> : (memref<64xi1, #map, #hivm.address_space<ub>>, index, i1) -> vector<64xi1>
      %264 = "memref.subview"(%260) <{operandSegmentSizes = array<i32: 1, 0, 0, 0>, static_offsets = array<i64: 0, 0>, static_sizes = array<i64: 1, 64>, static_strides = array<i64: 1, 1>}> : (memref<1x64xf32, strided<[64, 1], offset: ?>, #hivm.address_space<ub>>) -> memref<64xf32, #map, #hivm.address_space<ub>>
      %265 = "vector.transfer_read"(%264, %258, %254) <{in_bounds = [true], operandSegmentSizes = array<i32: 1, 1, 1, 0>, permutation_map = #map1}> : (memref<64xf32, #map, #hivm.address_space<ub>>, index, f32) -> vector<64xf32>
      %266 = "vector.broadcast"(%arg53) : (f32) -> vector<64xf32>
      %267 = "arith.mulf"(%265, %266) <{fastmath = #arith.fastmath<none>}> : (vector<64xf32>, vector<64xf32>) -> vector<64xf32>
      %268 = "arith.select"(%263, %267, %253) : (vector<64xi1>, vector<64xf32>, vector<64xf32>) -> vector<64xf32>
      %269 = "memref.subview"(%261) <{operandSegmentSizes = array<i32: 1, 0, 0, 0>, static_offsets = array<i64: 0, 0>, static_sizes = array<i64: 1, 64>, static_strides = array<i64: 1, 1>}> : (memref<1x64xf32, strided<[64, 1], offset: ?>, #hivm.address_space<ub>>) -> memref<64xf32, #map, #hivm.address_space<ub>>
      "vector.transfer_write"(%268, %269, %258) <{in_bounds = [true], operandSegmentSizes = array<i32: 1, 1, 1, 0>, permutation_map = #map1}> : (vector<64xf32>, memref<64xf32, #map, #hivm.address_space<ub>>, index) -> ()
      "scf.yield"() : () -> ()
    }) : (index, index, index) -> ()
    "func.return"() : () -> ()
  }) {hivm.func_core_type = #hivm.func_core_type<AIV>, hivm.vector_function} : () -> ()
  "func.func"() <{function_type = (memref<6xf32, #hivm.address_space<ub>>, memref<6xf32, #hivm.address_space<ub>>, memref<6x64xf32, #hivm.address_space<ub>>, memref<6xf32, #hivm.address_space<ub>>) -> (), no_inline, sym_name = "paged_prefill_verify_grouped_kernel_mix_aiv_outlined_vf_15"}> ({
  ^bb0(%arg46: memref<6xf32, #hivm.address_space<ub>>, %arg47: memref<6xf32, #hivm.address_space<ub>>, %arg48: memref<6x64xf32, #hivm.address_space<ub>>, %arg49: memref<6xf32, #hivm.address_space<ub>>):
    %234 = "arith.constant"() <{value = 0.000000e+00 : f32}> : () -> f32
    %235 = "arith.constant"() <{value = 1 : index}> : () -> index
    %236 = "arith.constant"() <{value = 0 : index}> : () -> index
    %237 = "arith.constant"() <{value = 6 : index}> : () -> index
    "scf.for"(%236, %237, %235) ({
    ^bb0(%arg50: index):
      %242 = "memref.subview"(%arg47, %arg50) <{operandSegmentSizes = array<i32: 1, 1, 0, 0>, static_offsets = array<i64: -9223372036854775808>, static_sizes = array<i64: 1>, static_strides = array<i64: 1>}> : (memref<6xf32, #hivm.address_space<ub>>, index) -> memref<1xf32, strided<[1], offset: ?>, #hivm.address_space<ub>>
      %243 = "memref.subview"(%arg48, %arg50) <{operandSegmentSizes = array<i32: 1, 1, 0, 0>, static_offsets = array<i64: -9223372036854775808, 0>, static_sizes = array<i64: 1, 64>, static_strides = array<i64: 1, 1>}> : (memref<6x64xf32, #hivm.address_space<ub>>, index) -> memref<1x64xf32, strided<[64, 1], offset: ?>, #hivm.address_space<ub>>
      %244 = "memref.subview"(%243) <{operandSegmentSizes = array<i32: 1, 0, 0, 0>, static_offsets = array<i64: 0, 0>, static_sizes = array<i64: 1, 64>, static_strides = array<i64: 1, 1>}> : (memref<1x64xf32, strided<[64, 1], offset: ?>, #hivm.address_space<ub>>) -> memref<64xf32, #map, #hivm.address_space<ub>>
      %245 = "vector.transfer_read"(%244, %236, %234) <{in_bounds = [true], operandSegmentSizes = array<i32: 1, 1, 1, 0>, permutation_map = #map1}> : (memref<64xf32, #map, #hivm.address_space<ub>>, index, f32) -> vector<64xf32>
      %246 = "memref.subview"(%242) <{operandSegmentSizes = array<i32: 1, 0, 0, 0>, static_offsets = array<i64: 0>, static_sizes = array<i64: 1>, static_strides = array<i64: 1>}> : (memref<1xf32, strided<[1], offset: ?>, #hivm.address_space<ub>>) -> memref<f32, strided<[], offset: ?>, #hivm.address_space<ub>>
      %247 = "vector.transfer_read"(%246, %234) <{in_bounds = [], operandSegmentSizes = array<i32: 1, 0, 1, 0>, permutation_map = #map2}> : (memref<f32, strided<[], offset: ?>, #hivm.address_space<ub>>, f32) -> vector<f32>
      %248 = "vector.shape_cast"(%247) : (vector<f32>) -> vector<1xf32>
      %249 = "builtin.unrealized_conversion_cast"(%248) : (vector<1xf32>) -> f32
      %250 = "vector.reduction"(%245, %249) <{fastmath = #arith.fastmath<none>, kind = #vector.kind<maximumf>}> {withoutInitMergeOp} : (vector<64xf32>, f32) -> f32
      %251 = "builtin.unrealized_conversion_cast"(%250) : (f32) -> vector<1xf32>
      %252 = "vector.shape_cast"(%251) : (vector<1xf32>) -> vector<f32>
      "vector.transfer_write"(%252, %246) <{in_bounds = [], operandSegmentSizes = array<i32: 1, 1, 0, 0>, permutation_map = #map2}> : (vector<f32>, memref<f32, strided<[], offset: ?>, #hivm.address_space<ub>>) -> ()
      "scf.yield"() : () -> ()
    }) : (index, index, index) -> ()
    %238 = "vector.constant_mask"() <{mask_dim_sizes = [6]}> : () -> vector<64xi1>
    "annotation.mark"(%238) <{effects = ["write"]}> {mask_op_idx = 0 : i32} : (vector<64xi1>) -> ()
    %239 = "vector.transfer_read"(%arg46, %236, %234, %238) <{in_bounds = [true], operandSegmentSizes = array<i32: 1, 1, 1, 1>, permutation_map = #map1}> : (memref<6xf32, #hivm.address_space<ub>>, index, f32, vector<64xi1>) -> vector<64xf32>
    "annotation.mark"(%239) <{effects = ["write"]}> {reached_mask_ops_idx = 0 : i32} : (vector<64xf32>) -> ()
    %240 = "vector.transfer_read"(%arg47, %236, %234, %238) <{in_bounds = [true], operandSegmentSizes = array<i32: 1, 1, 1, 1>, permutation_map = #map1}> : (memref<6xf32, #hivm.address_space<ub>>, index, f32, vector<64xi1>) -> vector<64xf32>
    "annotation.mark"(%240) <{effects = ["write"]}> {reached_mask_ops_idx = 0 : i32} : (vector<64xf32>) -> ()
    %241 = "arith.maximumf"(%239, %240) <{fastmath = #arith.fastmath<none>}> : (vector<64xf32>, vector<64xf32>) -> vector<64xf32>
    "annotation.mark"(%241) <{effects = ["write"]}> {reached_mask_ops_idx = 0 : i32} : (vector<64xf32>) -> ()
    "vector.transfer_write"(%241, %arg49, %236, %238) <{in_bounds = [true], operandSegmentSizes = array<i32: 1, 1, 1, 1>, permutation_map = #map1}> : (vector<64xf32>, memref<6xf32, #hivm.address_space<ub>>, index, vector<64xi1>) -> ()
    "func.return"() : () -> ()
  }) {hivm.func_core_type = #hivm.func_core_type<AIV>, hivm.vector_function} : () -> ()
  "func.func"() <{function_type = (memref<6xf32, #hivm.address_space<ub>>, memref<6x64xf32, #hivm.address_space<ub>>, memref<6x64xf32, #hivm.address_space<ub>>) -> (), no_inline, sym_name = "paged_prefill_verify_grouped_kernel_mix_aiv_outlined_vf_16"}> ({
  ^bb0(%arg42: memref<6xf32, #hivm.address_space<ub>>, %arg43: memref<6x64xf32, #hivm.address_space<ub>>, %arg44: memref<6x64xf32, #hivm.address_space<ub>>):
    %220 = "arith.constant"() <{value = 0.000000e+00 : f32}> : () -> f32
    %221 = "arith.constant"() <{value = 1 : index}> : () -> index
    %222 = "arith.constant"() <{value = 6 : index}> : () -> index
    %223 = "arith.constant"() <{value = 0 : index}> : () -> index
    "scf.for"(%223, %222, %221) ({
    ^bb0(%arg45: index):
      %224 = "memref.subview"(%arg42, %arg45) <{operandSegmentSizes = array<i32: 1, 1, 0, 0>, static_offsets = array<i64: -9223372036854775808>, static_sizes = array<i64: 1>, static_strides = array<i64: 1>}> : (memref<6xf32, #hivm.address_space<ub>>, index) -> memref<1xf32, strided<[1], offset: ?>, #hivm.address_space<ub>>
      %225 = "memref.subview"(%arg43, %arg45) <{operandSegmentSizes = array<i32: 1, 1, 0, 0>, static_offsets = array<i64: -9223372036854775808, 0>, static_sizes = array<i64: 1, 64>, static_strides = array<i64: 1, 1>}> : (memref<6x64xf32, #hivm.address_space<ub>>, index) -> memref<1x64xf32, strided<[64, 1], offset: ?>, #hivm.address_space<ub>>
      %226 = "memref.subview"(%arg44, %arg45) <{operandSegmentSizes = array<i32: 1, 1, 0, 0>, static_offsets = array<i64: -9223372036854775808, 0>, static_sizes = array<i64: 1, 64>, static_strides = array<i64: 1, 1>}> : (memref<6x64xf32, #hivm.address_space<ub>>, index) -> memref<1x64xf32, strided<[64, 1], offset: ?>, #hivm.address_space<ub>>
      %227 = "memref.subview"(%225) <{operandSegmentSizes = array<i32: 1, 0, 0, 0>, static_offsets = array<i64: 0, 0>, static_sizes = array<i64: 1, 64>, static_strides = array<i64: 1, 1>}> : (memref<1x64xf32, strided<[64, 1], offset: ?>, #hivm.address_space<ub>>) -> memref<64xf32, #map, #hivm.address_space<ub>>
      %228 = "vector.transfer_read"(%227, %223, %220) <{in_bounds = [true], operandSegmentSizes = array<i32: 1, 1, 1, 0>, permutation_map = #map1}> : (memref<64xf32, #map, #hivm.address_space<ub>>, index, f32) -> vector<64xf32>
      %229 = "vector.transfer_read"(%224, %223, %220) <{in_bounds = [true, true], operandSegmentSizes = array<i32: 1, 1, 1, 0>, permutation_map = #map4}> : (memref<1xf32, strided<[1], offset: ?>, #hivm.address_space<ub>>, index, f32) -> vector<1x64xf32>
      %230 = "vector.shape_cast"(%229) : (vector<1x64xf32>) -> vector<64xf32>
      %231 = "arith.subf"(%228, %230) <{fastmath = #arith.fastmath<none>}> : (vector<64xf32>, vector<64xf32>) -> vector<64xf32>
      %232 = "math.exp"(%231) <{fastmath = #arith.fastmath<none>}> : (vector<64xf32>) -> vector<64xf32>
      %233 = "memref.subview"(%226) <{operandSegmentSizes = array<i32: 1, 0, 0, 0>, static_offsets = array<i64: 0, 0>, static_sizes = array<i64: 1, 64>, static_strides = array<i64: 1, 1>}> : (memref<1x64xf32, strided<[64, 1], offset: ?>, #hivm.address_space<ub>>) -> memref<64xf32, #map, #hivm.address_space<ub>>
      "vector.transfer_write"(%232, %233, %223) <{in_bounds = [true], operandSegmentSizes = array<i32: 1, 1, 1, 0>, permutation_map = #map1}> : (vector<64xf32>, memref<64xf32, #map, #hivm.address_space<ub>>, index) -> ()
      "scf.yield"() : () -> ()
    }) : (index, index, index) -> ()
    "func.return"() : () -> ()
  }) {hivm.func_core_type = #hivm.func_core_type<AIV>, hivm.vector_function} : () -> ()
  "func.func"() <{function_type = (memref<6x64xf32, #hivm.address_space<ub>>, memref<6x64xbf16, #hivm.address_space<ub>>) -> (), no_inline, sym_name = "paged_prefill_verify_grouped_kernel_mix_aiv_outlined_vf_17"}> ({
  ^bb0(%arg39: memref<6x64xf32, #hivm.address_space<ub>>, %arg40: memref<6x64xbf16, #hivm.address_space<ub>>):
    %210 = "arith.constant"() <{value = 0.000000e+00 : f32}> : () -> f32
    %211 = "arith.constant"() <{value = 1 : index}> : () -> index
    %212 = "arith.constant"() <{value = 6 : index}> : () -> index
    %213 = "arith.constant"() <{value = 0 : index}> : () -> index
    "scf.for"(%213, %212, %211) ({
    ^bb0(%arg41: index):
      %214 = "memref.subview"(%arg39, %arg41) <{operandSegmentSizes = array<i32: 1, 1, 0, 0>, static_offsets = array<i64: -9223372036854775808, 0>, static_sizes = array<i64: 1, 64>, static_strides = array<i64: 1, 1>}> : (memref<6x64xf32, #hivm.address_space<ub>>, index) -> memref<1x64xf32, strided<[64, 1], offset: ?>, #hivm.address_space<ub>>
      %215 = "memref.subview"(%arg40, %arg41) <{operandSegmentSizes = array<i32: 1, 1, 0, 0>, static_offsets = array<i64: -9223372036854775808, 0>, static_sizes = array<i64: 1, 64>, static_strides = array<i64: 1, 1>}> : (memref<6x64xbf16, #hivm.address_space<ub>>, index) -> memref<1x64xbf16, strided<[64, 1], offset: ?>, #hivm.address_space<ub>>
      %216 = "memref.subview"(%214) <{operandSegmentSizes = array<i32: 1, 0, 0, 0>, static_offsets = array<i64: 0, 0>, static_sizes = array<i64: 1, 64>, static_strides = array<i64: 1, 1>}> : (memref<1x64xf32, strided<[64, 1], offset: ?>, #hivm.address_space<ub>>) -> memref<64xf32, #map, #hivm.address_space<ub>>
      %217 = "vector.transfer_read"(%216, %213, %210) <{in_bounds = [true], operandSegmentSizes = array<i32: 1, 1, 1, 0>, permutation_map = #map1}> : (memref<64xf32, #map, #hivm.address_space<ub>>, index, f32) -> vector<64xf32>
      %218 = "arith.truncf"(%217) {enable_saturate = false, round_mode = #hfusion.round_mode<rint>, unsigned_mode = #hfusion.unsigned_mode<si2si>} : (vector<64xf32>) -> vector<64xbf16>
      %219 = "memref.subview"(%215) <{operandSegmentSizes = array<i32: 1, 0, 0, 0>, static_offsets = array<i64: 0, 0>, static_sizes = array<i64: 1, 64>, static_strides = array<i64: 1, 1>}> : (memref<1x64xbf16, strided<[64, 1], offset: ?>, #hivm.address_space<ub>>) -> memref<64xbf16, #map, #hivm.address_space<ub>>
      "vector.transfer_write"(%218, %219, %213) <{in_bounds = [true], operandSegmentSizes = array<i32: 1, 1, 1, 0>, permutation_map = #map1}> : (vector<64xbf16>, memref<64xbf16, #map, #hivm.address_space<ub>>, index) -> ()
      "scf.yield"() : () -> ()
    }) : (index, index, index) -> ()
    "func.return"() : () -> ()
  }) {hivm.func_core_type = #hivm.func_core_type<AIV>, hivm.vector_function} : () -> ()
  "func.func"() <{function_type = (memref<6xf32, #hivm.address_space<ub>>, memref<6xf32, #hivm.address_space<ub>>) -> (), no_inline, sym_name = "paged_prefill_verify_grouped_kernel_mix_aiv_outlined_vf_21"}> ({
  ^bb0(%arg37: memref<6xf32, #hivm.address_space<ub>>, %arg38: memref<6xf32, #hivm.address_space<ub>>):
    %205 = "arith.constant"() <{value = 0.000000e+00 : f32}> : () -> f32
    %206 = "arith.constant"() <{value = 0 : index}> : () -> index
    %207 = "vector.constant_mask"() <{mask_dim_sizes = [6]}> : () -> vector<64xi1>
    "annotation.mark"(%207) <{effects = ["write"]}> {mask_op_idx = 0 : i32} : (vector<64xi1>) -> ()
    %208 = "vector.transfer_read"(%arg37, %206, %205, %207) <{in_bounds = [true], operandSegmentSizes = array<i32: 1, 1, 1, 1>, permutation_map = #map1}> : (memref<6xf32, #hivm.address_space<ub>>, index, f32, vector<64xi1>) -> vector<64xf32>
    "annotation.mark"(%208) <{effects = ["write"]}> {reached_mask_ops_idx = 0 : i32} : (vector<64xf32>) -> ()
    %209 = "math.exp"(%208) <{fastmath = #arith.fastmath<none>}> : (vector<64xf32>) -> vector<64xf32>
    "annotation.mark"(%209) <{effects = ["write"]}> {reached_mask_ops_idx = 0 : i32} : (vector<64xf32>) -> ()
    "vector.transfer_write"(%209, %arg38, %206, %207) <{in_bounds = [true], operandSegmentSizes = array<i32: 1, 1, 1, 1>, permutation_map = #map1}> : (vector<64xf32>, memref<6xf32, #hivm.address_space<ub>>, index, vector<64xi1>) -> ()
    "func.return"() : () -> ()
  }) {hivm.func_core_type = #hivm.func_core_type<AIV>, hivm.vector_function} : () -> ()
  "func.func"() <{function_type = (memref<6xf32, #hivm.address_space<ub>>, memref<6x256xf32, #hivm.address_space<ub>>, memref<6x256xbf16, #hivm.address_space<ub>>) -> (), no_inline, sym_name = "paged_prefill_verify_grouped_kernel_mix_aiv_outlined_vf_24"}> ({
  ^bb0(%arg32: memref<6xf32, #hivm.address_space<ub>>, %arg33: memref<6x256xf32, #hivm.address_space<ub>>, %arg34: memref<6x256xbf16, #hivm.address_space<ub>>):
    %189 = "arith.constant"() <{value = 0.000000e+00 : f32}> : () -> f32
    %190 = "arith.constant"() <{value = 1 : index}> : () -> index
    %191 = "arith.constant"() <{value = 6 : index}> : () -> index
    %192 = "arith.constant"() <{value = 64 : index}> : () -> index
    %193 = "arith.constant"() <{value = 256 : index}> : () -> index
    %194 = "arith.constant"() <{value = 0 : index}> : () -> index
    "scf.for"(%194, %191, %190) ({
    ^bb0(%arg35: index):
      %195 = "memref.subview"(%arg32, %arg35) <{operandSegmentSizes = array<i32: 1, 1, 0, 0>, static_offsets = array<i64: -9223372036854775808>, static_sizes = array<i64: 1>, static_strides = array<i64: 1>}> : (memref<6xf32, #hivm.address_space<ub>>, index) -> memref<1xf32, strided<[1], offset: ?>, #hivm.address_space<ub>>
      "scf.for"(%194, %193, %192) ({
      ^bb0(%arg36: index):
        %196 = "memref.subview"(%arg33, %arg35, %arg36) <{operandSegmentSizes = array<i32: 1, 2, 0, 0>, static_offsets = array<i64: -9223372036854775808, -9223372036854775808>, static_sizes = array<i64: 1, 64>, static_strides = array<i64: 1, 1>}> : (memref<6x256xf32, #hivm.address_space<ub>>, index, index) -> memref<1x64xf32, strided<[256, 1], offset: ?>, #hivm.address_space<ub>>
        %197 = "memref.subview"(%arg34, %arg35, %arg36) <{operandSegmentSizes = array<i32: 1, 2, 0, 0>, static_offsets = array<i64: -9223372036854775808, -9223372036854775808>, static_sizes = array<i64: 1, 64>, static_strides = array<i64: 1, 1>}> : (memref<6x256xbf16, #hivm.address_space<ub>>, index, index) -> memref<1x64xbf16, strided<[256, 1], offset: ?>, #hivm.address_space<ub>>
        %198 = "memref.subview"(%196) <{operandSegmentSizes = array<i32: 1, 0, 0, 0>, static_offsets = array<i64: 0, 0>, static_sizes = array<i64: 1, 64>, static_strides = array<i64: 1, 1>}> : (memref<1x64xf32, strided<[256, 1], offset: ?>, #hivm.address_space<ub>>) -> memref<64xf32, #map, #hivm.address_space<ub>>
        %199 = "vector.transfer_read"(%198, %194, %189) <{in_bounds = [true], operandSegmentSizes = array<i32: 1, 1, 1, 0>, permutation_map = #map1}> : (memref<64xf32, #map, #hivm.address_space<ub>>, index, f32) -> vector<64xf32>
        %200 = "vector.transfer_read"(%195, %194, %189) <{in_bounds = [true, true], operandSegmentSizes = array<i32: 1, 1, 1, 0>, permutation_map = #map4}> : (memref<1xf32, strided<[1], offset: ?>, #hivm.address_space<ub>>, index, f32) -> vector<1x64xf32>
        %201 = "vector.shape_cast"(%200) : (vector<1x64xf32>) -> vector<64xf32>
        %202 = "arith.divf"(%199, %201) <{fastmath = #arith.fastmath<none>}> : (vector<64xf32>, vector<64xf32>) -> vector<64xf32>
        %203 = "arith.truncf"(%202) {enable_saturate = false, round_mode = #hfusion.round_mode<rint>, unsigned_mode = #hfusion.unsigned_mode<si2si>} : (vector<64xf32>) -> vector<64xbf16>
        %204 = "memref.subview"(%197) <{operandSegmentSizes = array<i32: 1, 0, 0, 0>, static_offsets = array<i64: 0, 0>, static_sizes = array<i64: 1, 64>, static_strides = array<i64: 1, 1>}> : (memref<1x64xbf16, strided<[256, 1], offset: ?>, #hivm.address_space<ub>>) -> memref<64xbf16, #map, #hivm.address_space<ub>>
        "vector.transfer_write"(%203, %204, %194) <{in_bounds = [true], operandSegmentSizes = array<i32: 1, 1, 1, 0>, permutation_map = #map1}> : (vector<64xbf16>, memref<64xbf16, #map, #hivm.address_space<ub>>, index) -> ()
        "scf.yield"() : () -> ()
      }) : (index, index, index) -> ()
      "scf.yield"() : () -> ()
    }) : (index, index, index) -> ()
    "func.return"() : () -> ()
  }) {hivm.func_core_type = #hivm.func_core_type<AIV>, hivm.vector_function} : () -> ()
  "func.func"() <{arg_attrs = [{hacc.arg_type = #hacc.arg_type<sync_block_lock>}, {hacc.arg_type = #hacc.arg_type<workspace>}, {tt.divisibility = 16 : i32, tt.tensor_kind = 0 : i32}, {tt.divisibility = 16 : i32, tt.tensor_kind = 0 : i32}, {tt.divisibility = 16 : i32, tt.tensor_kind = 0 : i32}, {tt.divisibility = 16 : i32, tt.tensor_kind = 1 : i32}, {tt.divisibility = 16 : i32, tt.tensor_kind = 0 : i32}, {tt.divisibility = 16 : i32, tt.tensor_kind = 0 : i32}, {tt.divisibility = 16 : i32, tt.tensor_kind = 0 : i32}, {tt.divisibility = 16 : i32, tt.tensor_kind = 0 : i32}, {tt.divisibility = 16 : i32}, {tt.divisibility = 16 : i32}, {tt.divisibility = 16 : i32}, {tt.divisibility = 16 : i32}, {tt.divisibility = 16 : i32}, {tt.divisibility = 16 : i32}, {tt.divisibility = 16 : i32}, {tt.divisibility = 16 : i32}, {}, {}, {}, {}], function_type = (memref<?xi8, #hivm.address_space<gm>>, memref<?xi8, #hivm.address_space<gm>>, memref<?xbf16, #hivm.address_space<gm>>, memref<?xbf16, #hivm.address_space<gm>>, memref<?xbf16, #hivm.address_space<gm>>, memref<?xbf16, #hivm.address_space<gm>>, memref<?xi32, #hivm.address_space<gm>>, memref<?xi32, #hivm.address_space<gm>>, memref<?xi32, #hivm.address_space<gm>>, memref<?xf32, #hivm.address_space<gm>>, i32, i32, i32, i32, i32, i32, i32, i32, f32, i32, i32, i32) -> (), sym_name = "paged_prefill_verify_grouped_kernel_mix_aiv"}> ({
  ^bb0(%arg0: memref<?xi8, #hivm.address_space<gm>>, %arg1: memref<?xi8, #hivm.address_space<gm>>, %arg2: memref<?xbf16, #hivm.address_space<gm>>, %arg3: memref<?xbf16, #hivm.address_space<gm>>, %arg4: memref<?xbf16, #hivm.address_space<gm>>, %arg5: memref<?xbf16, #hivm.address_space<gm>>, %arg6: memref<?xi32, #hivm.address_space<gm>>, %arg7: memref<?xi32, #hivm.address_space<gm>>, %arg8: memref<?xi32, #hivm.address_space<gm>>, %arg9: memref<?xf32, #hivm.address_space<gm>>, %arg10: i32, %arg11: i32, %arg12: i32, %arg13: i32, %arg14: i32, %arg15: i32, %arg16: i32, %arg17: i32, %arg18: f32, %arg19: i32, %arg20: i32, %arg21: i32):
    %0 = "arith.constant"() <{value = 21536 : i64}> : () -> i64
    %1 = "arith.constant"() <{value = 15296 : i64}> : () -> i64
    %2 = "arith.constant"() <{value = 13216 : i64}> : () -> i64
    %3 = "arith.constant"() <{value = 13184 : i64}> : () -> i64
    %4 = "arith.constant"() <{value = 13152 : i64}> : () -> i64
    %5 = "arith.constant"() <{value = 11104 : i64}> : () -> i64
    %6 = "arith.constant"() <{value = 10336 : i64}> : () -> i64
    %7 = "arith.constant"() <{value = 15264 : i64}> : () -> i64
    %8 = "arith.constant"() <{value = 10304 : i64}> : () -> i64
    %9 = "arith.constant"() <{value = 8768 : i64}> : () -> i64
    %10 = "arith.constant"() <{value = 8576 : i64}> : () -> i64
    %11 = "arith.constant"() <{value = 8384 : i64}> : () -> i64
    %12 = "arith.constant"() <{value = 8128 : i64}> : () -> i64
    %13 = "arith.constant"() <{value = 15328 : i64}> : () -> i64
    %14 = "arith.constant"() <{value = 15360 : i64}> : () -> i64
    %15 = "arith.constant"() <{value = 8096 : i64}> : () -> i64
    %16 = "arith.constant"() <{value = 8064 : i64}> : () -> i64
    %17 = "arith.constant"() <{value = 8032 : i64}> : () -> i64
    %18 = "arith.constant"() <{value = 8000 : i64}> : () -> i64
    %19 = "arith.constant"() <{value = 1856 : i64}> : () -> i64
    %20 = "arith.constant"() <{value = 320 : i64}> : () -> i64
    %21 = "arith.constant"() <{value = 8192 : i64}> : () -> i64
    %22 = "arith.constant"() <{value = 64 : i64}> : () -> i64
    %23 = "arith.constant"() <{value = 21504 : i64}> : () -> i64
    %24 = "arith.constant"() <{value = 32 : i64}> : () -> i64
    %25 = "arith.constant"() <{value = 0 : i64}> : () -> i64
    %26 = "llvm.mlir.constant"() <{value = 1024 : i64}> : () -> i64
    %27 = "llvm.mlir.constant"() <{value = 0 : i64}> : () -> i64
    %28 = "llvm.mlir.constant"() <{value = 0 : i32}> : () -> i32
    %29 = "arith.constant"() <{value = 64 : i32}> : () -> i32
    %30 = "arith.constant"() <{value = 63 : i32}> : () -> i32
    %31 = "arith.constant"() <{value = 0 : i32}> : () -> i32
    %32 = "arith.constant"() <{value = 0 : index}> : () -> index
    %33 = "llvm.mlir.constant"() <{value = 4 : i64}> : () -> i64
    %34 = "llvm.mlir.constant"() <{value = 1028 : i64}> : () -> i64
    %35 = "llvm.mlir.constant"() <{value = 8 : i64}> : () -> i64
    %36 = "llvm.mlir.constant"() <{value = 1032 : i64}> : () -> i64
    %37 = "arith.constant"() <{value = 1024 : i64}> : () -> i64
    %38 = "arith.constant"() <{value = 4 : i64}> : () -> i64
    %39 = "arith.constant"() <{value = 8 : i64}> : () -> i64
    %40 = "arith.constant"() <{value = 3 : i32}> : () -> i32
    %41 = "arith.constant"() <{value = 2 : i32}> : () -> i32
    %42 = "arith.constant"() <{value = 1 : i32}> : () -> i32
    %43 = "arith.constant"() <{value = 28 : i32}> : () -> i32
    %44 = "arith.muli"(%arg19, %arg20) <{overflowFlags = #arith.overflow<none>}> : (i32, i32) -> i32
    %45 = "arith.muli"(%44, %arg21) <{overflowFlags = #arith.overflow<none>}> : (i32, i32) -> i32
    "annotation.mark"(%45) <{effects = ["write"]}> {logical_block_num} : (i32) -> ()
    %46 = "hivm.hir.get_block_idx"() : () -> i64
    %47 = "arith.trunci"(%46) : (i64) -> i32
    %48 = "llvm.inttoptr"(%27) : (i64) -> !llvm.ptr<11>
    %49 = "llvm.inttoptr"(%26) : (i64) -> !llvm.ptr<11>
    %50 = "llvm.inttoptr"(%33) : (i64) -> !llvm.ptr<11>
    %51 = "llvm.inttoptr"(%34) : (i64) -> !llvm.ptr<11>
    %52 = "llvm.inttoptr"(%35) : (i64) -> !llvm.ptr<11>
    %53 = "llvm.inttoptr"(%36) : (i64) -> !llvm.ptr<11>
    %54 = "hivm.hir.get_sub_block_idx"() : () -> i64
    %55 = "arith.muli"(%54, %37) <{overflowFlags = #arith.overflow<none>}> : (i64, i64) -> i64
    %56 = "arith.addi"(%55, %38) <{overflowFlags = #arith.overflow<none>}> : (i64, i64) -> i64
    %57 = "llvm.inttoptr"(%56) : (i64) -> !llvm.ptr<11>
    %58 = "llvm.inttoptr"(%55) : (i64) -> !llvm.ptr<11>
    %59 = "arith.addi"(%55, %39) <{overflowFlags = #arith.overflow<none>}> : (i64, i64) -> i64
    %60 = "llvm.inttoptr"(%59) : (i64) -> !llvm.ptr<11>
    "scf.for"(%47, %45, %43) ({
    ^bb0(%arg22: i32):
      "hivm.hir.set_ctrl"() <{enable = false, idx = 60 : i64}> : () -> ()
      "hivm.hir.set_ctrl"() <{enable = true, idx = 48 : i64}> : () -> ()
      %61 = "arith.remsi"(%arg22, %arg19) : (i32, i32) -> i32
      "llvm.store"(%28, %48) <{ordering = 0 : i64, volatile_}> : (i32, !llvm.ptr<11>) -> ()
      "llvm.store"(%28, %49) <{ordering = 0 : i64, volatile_}> : (i32, !llvm.ptr<11>) -> ()
      "llvm.store"(%28, %50) <{ordering = 0 : i64, volatile_}> : (i32, !llvm.ptr<11>) -> ()
      "llvm.store"(%28, %51) <{ordering = 0 : i64, volatile_}> : (i32, !llvm.ptr<11>) -> ()
      "llvm.store"(%28, %52) <{ordering = 0 : i64, volatile_}> : (i32, !llvm.ptr<11>) -> ()
      "llvm.store"(%28, %53) <{ordering = 0 : i64, volatile_}> : (i32, !llvm.ptr<11>) -> ()
      %62 = "arith.divsi"(%61, %arg19) : (i32, i32) -> i32
      %63 = "arith.addi"(%61, %42) <{overflowFlags = #arith.overflow<none>}> : (i32, i32) -> i32
      %64 = "arith.divsi"(%63, %arg19) : (i32, i32) -> i32
      "scf.for"(%62, %64, %42) ({
      ^bb0(%arg23: i32):
        %65 = "arith.index_cast"(%arg23) : (i32) -> index
        %66 = "memref.reinterpret_cast"(%arg6, %65) <{operandSegmentSizes = array<i32: 1, 1, 0, 0>, static_offsets = array<i64: -9223372036854775808>, static_sizes = array<i64: 1>, static_strides = array<i64: 1>}> : (memref<?xi32, #hivm.address_space<gm>>, index) -> memref<1xi32, strided<[1], offset: ?>, #hivm.address_space<gm>>
        %67 = "memref.load"(%66, %32) : (memref<1xi32, strided<[1], offset: ?>, #hivm.address_space<gm>>, index) -> i32
        %68 = "affine.apply"(%65) <{map = #map5}> : (index) -> index
        %69 = "memref.reinterpret_cast"(%arg6, %68) <{operandSegmentSizes = array<i32: 1, 1, 0, 0>, static_offsets = array<i64: -9223372036854775808>, static_sizes = array<i64: 1>, static_strides = array<i64: 1>}> : (memref<?xi32, #hivm.address_space<gm>>, index) -> memref<1xi32, strided<[1], offset: ?>, #hivm.address_space<gm>>
        %70 = "memref.load"(%69, %32) : (memref<1xi32, strided<[1], offset: ?>, #hivm.address_space<gm>>, index) -> i32
        %71 = "arith.subi"(%70, %67) <{overflowFlags = #arith.overflow<none>}> : (i32, i32) -> i32
        %72 = "arith.cmpi"(%71, %31) <{predicate = 4 : i64}> : (i32, i32) -> i1
        "scf.if"(%72) ({
          %73 = "hivm.hir.pointer_cast"(%25) <{operandSegmentSizes = array<i32: 1, 0>}> : (i64) -> memref<6xi32, #hivm.address_space<ub>>
          "func.call"(%73) <{callee = @paged_prefill_verify_grouped_kernel_mix_aiv_outlined_vf_3, no_inline}> {hivm.vector_function} : (memref<6xi32, #hivm.address_space<ub>>) -> ()
          %74 = "hivm.hir.pointer_cast"(%24) <{operandSegmentSizes = array<i32: 1, 0>}> : (i64) -> memref<6xi32, #hivm.address_space<ub>>
          "func.call"(%73, %74) <{callee = @paged_prefill_verify_grouped_kernel_mix_aiv_outlined_vf_4, no_inline}> {hivm.vector_function} : (memref<6xi32, #hivm.address_space<ub>>, memref<6xi32, #hivm.address_space<ub>>) -> ()
          %75 = "memref.reinterpret_cast"(%arg9) <{operandSegmentSizes = array<i32: 1, 0, 0, 0>, static_offsets = array<i64: 0>, static_sizes = array<i64: 1>, static_strides = array<i64: 1>}> : (memref<?xf32, #hivm.address_space<gm>>) -> memref<1xf32, strided<[1]>, #hivm.address_space<gm>>
          %76 = "memref.load"(%75, %32) : (memref<1xf32, strided<[1]>, #hivm.address_space<gm>>, index) -> f32
          %77 = "memref.reinterpret_cast"(%arg9) <{operandSegmentSizes = array<i32: 1, 0, 0, 0>, static_offsets = array<i64: 1>, static_sizes = array<i64: 1>, static_strides = array<i64: 1>}> : (memref<?xf32, #hivm.address_space<gm>>) -> memref<1xf32, strided<[1], offset: 1>, #hivm.address_space<gm>>
          %78 = "memref.load"(%77, %32) : (memref<1xf32, strided<[1], offset: 1>, #hivm.address_space<gm>>, index) -> f32
          %79 = "memref.reinterpret_cast"(%arg9) <{operandSegmentSizes = array<i32: 1, 0, 0, 0>, static_offsets = array<i64: 2>, static_sizes = array<i64: 1>, static_strides = array<i64: 1>}> : (memref<?xf32, #hivm.address_space<gm>>) -> memref<1xf32, strided<[1], offset: 2>, #hivm.address_space<gm>>
          %80 = "memref.load"(%79, %32) : (memref<1xf32, strided<[1], offset: 2>, #hivm.address_space<gm>>, index) -> f32
          %81 = "memref.reinterpret_cast"(%arg9) <{operandSegmentSizes = array<i32: 1, 0, 0, 0>, static_offsets = array<i64: 3>, static_sizes = array<i64: 1>, static_strides = array<i64: 1>}> : (memref<?xf32, #hivm.address_space<gm>>) -> memref<1xf32, strided<[1], offset: 3>, #hivm.address_space<gm>>
          %82 = "memref.load"(%81, %32) : (memref<1xf32, strided<[1], offset: 3>, #hivm.address_space<gm>>, index) -> f32
          %83 = "memref.reinterpret_cast"(%arg9) <{operandSegmentSizes = array<i32: 1, 0, 0, 0>, static_offsets = array<i64: 4>, static_sizes = array<i64: 1>, static_strides = array<i64: 1>}> : (memref<?xf32, #hivm.address_space<gm>>) -> memref<1xf32, strided<[1], offset: 4>, #hivm.address_space<gm>>
          %84 = "memref.load"(%83, %32) : (memref<1xf32, strided<[1], offset: 4>, #hivm.address_space<gm>>, index) -> f32
          %85 = "memref.reinterpret_cast"(%arg9) <{operandSegmentSizes = array<i32: 1, 0, 0, 0>, static_offsets = array<i64: 5>, static_sizes = array<i64: 1>, static_strides = array<i64: 1>}> : (memref<?xf32, #hivm.address_space<gm>>) -> memref<1xf32, strided<[1], offset: 5>, #hivm.address_space<gm>>
          %86 = "memref.load"(%85, %32) : (memref<1xf32, strided<[1], offset: 5>, #hivm.address_space<gm>>, index) -> f32
          %87 = "hivm.hir.pointer_cast"(%23) <{operandSegmentSizes = array<i32: 1, 0>}> : (i64) -> memref<6xf32, #hivm.address_space<ub>>
          "func.call"(%73, %74, %84, %86, %82, %80, %78, %76, %87) <{callee = @paged_prefill_verify_grouped_kernel_mix_aiv_outlined_vf_5, no_inline}> {hivm.vector_function} : (memref<6xi32, #hivm.address_space<ub>>, memref<6xi32, #hivm.address_space<ub>>, f32, f32, f32, f32, f32, f32, memref<6xf32, #hivm.address_space<ub>>) -> ()
          %88 = "memref.reinterpret_cast"(%arg7, %65) <{operandSegmentSizes = array<i32: 1, 1, 0, 0>, static_offsets = array<i64: -9223372036854775808>, static_sizes = array<i64: 1>, static_strides = array<i64: 1>}> : (memref<?xi32, #hivm.address_space<gm>>, index) -> memref<1xi32, strided<[1], offset: ?>, #hivm.address_space<gm>>
          %89 = "memref.load"(%88, %32) : (memref<1xi32, strided<[1], offset: ?>, #hivm.address_space<gm>>, index) -> i32
          %90 = "arith.subi"(%89, %71) <{overflowFlags = #arith.overflow<none>}> : (i32, i32) -> i32
          %91 = "arith.addi"(%89, %30) <{overflowFlags = #arith.overflow<none>}> : (i32, i32) -> i32
          %92 = "arith.divsi"(%91, %29) : (i32, i32) -> i32
          %93 = "hivm.hir.pointer_cast"(%22) <{operandSegmentSizes = array<i32: 1, 0>}> : (i64) -> memref<64xi32, #hivm.address_space<ub>>
          "func.call"(%93) <{callee = @paged_prefill_verify_grouped_kernel_mix_aiv_outlined_vf_6, no_inline}> {hivm.vector_function} : (memref<64xi32, #hivm.address_space<ub>>) -> ()
          %94 = "hivm.hir.pointer_cast"(%24) <{operandSegmentSizes = array<i32: 1, 0>}> : (i64) -> memref<6xi32, #hivm.address_space<ub>>
          "func.call"(%74, %90, %94) <{callee = @paged_prefill_verify_grouped_kernel_mix_aiv_outlined_vf_7, no_inline}> {hivm.vector_function} : (memref<6xi32, #hivm.address_space<ub>>, i32, memref<6xi32, #hivm.address_space<ub>>) -> ()
          %95 = "memref.expand_shape"(%94) <{reassociation = [[0, 1]], static_output_shape = array<i64: 6, 1>}> : (memref<6xi32, #hivm.address_space<ub>>) -> memref<6x1xi32, #hivm.address_space<ub>>
          %96 = "hivm.hir.pointer_cast"(%24) <{operandSegmentSizes = array<i32: 1, 0>}> : (i64) -> memref<6x1xf32, #hivm.address_space<ub>>
          "func.call"(%95, %96) <{callee = @paged_prefill_verify_grouped_kernel_mix_aiv_outlined_vf_8, no_inline}> {hivm.vector_function} : (memref<6x1xi32, #hivm.address_space<ub>>, memref<6x1xf32, #hivm.address_space<ub>>) -> ()
          %97 = "arith.sitofp"(%89) : (i32) -> f32
          %98 = "hivm.hir.pointer_cast"(%21) <{operandSegmentSizes = array<i32: 1, 0>}> : (i64) -> memref<4x1x16x16xbf16, #hivm.address_space<cbuf>>
          "annotation.mark"(%98) <{effects = ["write", "read"]}> {hivm.tightly_coupled_buffer = #hivm.tightly_coupled_buffer<0>} : (memref<4x1x16x16xbf16, #hivm.address_space<cbuf>>) -> ()
          %99 = "hivm.hir.pointer_cast"(%20) <{operandSegmentSizes = array<i32: 1, 0>}> : (i64) -> memref<6x64xf32, #hivm.address_space<ub>>
          "annotation.mark"(%99) <{effects = ["write", "read"]}> {hivm.tightly_coupled_buffer = #hivm.tightly_coupled_buffer<1>} : (memref<6x64xf32, #hivm.address_space<ub>>) -> ()
          "hivm.hir.sync_block_set"() <{operandSegmentSizes = array<i32: 0, 0>, pipe = #hivm.pipe<PIPE_FIX>, static_flag_id = 2 : i64, tcore_type = #hivm.tcore_type<VECTOR>, tpipe = #hivm.pipe<PIPE_V>}> : () -> ()
          %100 = "hivm.hir.pointer_cast"(%19) <{operandSegmentSizes = array<i32: 1, 0>}> : (i64) -> memref<6x256xf32, #hivm.address_space<ub>>
          "annotation.mark"(%100) <{effects = ["write", "read"]}> {hivm.tightly_coupled_buffer = #hivm.tightly_coupled_buffer<2>} : (memref<6x256xf32, #hivm.address_space<ub>>) -> ()
          "hivm.hir.sync_block_set"() <{operandSegmentSizes = array<i32: 0, 0>, pipe = #hivm.pipe<PIPE_FIX>, static_flag_id = 3 : i64, tcore_type = #hivm.tcore_type<VECTOR>, tpipe = #hivm.pipe<PIPE_V>}> : () -> ()
          %101 = "hivm.hir.pointer_cast"(%18) <{operandSegmentSizes = array<i32: 1, 0>}> : (i64) -> memref<6xf32, #hivm.address_space<ub>>
          "annotation.mark"(%101) <{effects = ["write", "read"]}> {hivm.tightly_coupled_buffer = #hivm.tightly_coupled_buffer<3>} : (memref<6xf32, #hivm.address_space<ub>>) -> ()
          %102 = "hivm.hir.pointer_cast"(%17) <{operandSegmentSizes = array<i32: 1, 0>}> : (i64) -> memref<6xf32, #hivm.address_space<ub>>
          "annotation.mark"(%102) <{effects = ["write", "read"]}> {hivm.tightly_coupled_buffer = #hivm.tightly_coupled_buffer<4>} : (memref<6xf32, #hivm.address_space<ub>>) -> ()
          %103 = "hivm.hir.pointer_cast"(%16) <{operandSegmentSizes = array<i32: 1, 0>}> : (i64) -> memref<6xf32, #hivm.address_space<ub>>
          "annotation.mark"(%103) <{effects = ["write", "read"]}> {hivm.tightly_coupled_buffer = #hivm.tightly_coupled_buffer<5>} : (memref<6xf32, #hivm.address_space<ub>>) -> ()
          %104 = "hivm.hir.pointer_cast"(%15) <{operandSegmentSizes = array<i32: 1, 0>}> : (i64) -> memref<6xf32, #hivm.address_space<ub>>
          "annotation.mark"(%104) <{effects = ["write", "read"]}> {hivm.tightly_coupled_buffer = #hivm.tightly_coupled_buffer<6>} : (memref<6xf32, #hivm.address_space<ub>>) -> ()
          "hivm.hir.sync_block_set"() <{operandSegmentSizes = array<i32: 0, 0>, pipe = #hivm.pipe<PIPE_S>, static_flag_id = 15 : i64, tcore_type = #hivm.tcore_type<VECTOR>, tpipe = #hivm.pipe<PIPE_S>}> : () -> ()
          %105 = "arith.addi"(%92, %40) <{overflowFlags = #arith.overflow<none>}> : (i32, i32) -> i32
          %106 = "hivm.hir.pointer_cast"(%14) <{operandSegmentSizes = array<i32: 1, 0>}> : (i64) -> memref<6x256xf32, #hivm.address_space<ub>>
          "func.call"(%106) <{callee = @paged_prefill_verify_grouped_kernel_mix_aiv_outlined_vf_2, no_inline}> {hivm.vector_function} : (memref<6x256xf32, #hivm.address_space<ub>>) -> ()
          %107 = "hivm.hir.pointer_cast"(%13) <{operandSegmentSizes = array<i32: 1, 0>}> : (i64) -> memref<6xf32, #hivm.address_space<ub>>
          "func.call"(%107) <{callee = @paged_prefill_verify_grouped_kernel_mix_aiv_outlined_vf_1, no_inline}> {hivm.vector_function} : (memref<6xf32, #hivm.address_space<ub>>) -> ()
          "hivm.hir.set_flag"() <{set_pipe = #hivm.pipe<PIPE_MTE3>, static_event_id = #hivm.event<EVENT_ID0>, wait_pipe = #hivm.pipe<PIPE_V>}> : () -> ()
          %108:7 = "scf.for"(%31, %105, %42, %107, %106, %87, %31, %31, %31, %31) ({
          ^bb0(%arg24: i32, %arg25: memref<6xf32, #hivm.address_space<ub>>, %arg26: memref<6x256xf32, #hivm.address_space<ub>>, %arg27: memref<6xf32, #hivm.address_space<ub>>, %arg28: i32, %arg29: i32, %arg30: i32, %arg31: i32):
            "hivm.hir.sync_block_wait"() <{pipe = #hivm.pipe<PIPE_S>, static_flag_id = 15 : i64, tcore_type = #hivm.tcore_type<VECTOR>, tpipe = #hivm.pipe<PIPE_S>}> : () -> ()
            %116 = "llvm.load"(%58) <{ordering = 0 : i64, volatile_}> : (!llvm.ptr<11>) -> i32
            %117 = "arith.cmpi"(%116, %31) <{predicate = 4 : i64}> : (i32, i32) -> i1
            %118 = "llvm.load"(%60) <{ordering = 0 : i64, volatile_}> : (!llvm.ptr<11>) -> i32
            %119 = "arith.cmpi"(%118, %42) <{predicate = 2 : i64}> : (i32, i32) -> i1
            %120 = "arith.andi"(%117, %119) : (i1, i1) -> i1
            %121 = "arith.cmpi"(%arg30, %41) <{predicate = 2 : i64}> : (i32, i32) -> i1
            %122 = "arith.cmpi"(%arg31, %41) <{predicate = 2 : i64}> : (i32, i32) -> i1
            %123 = "arith.andi"(%121, %122) : (i1, i1) -> i1
            %124 = "arith.cmpi"(%arg28, %92) <{predicate = 2 : i64}> : (i32, i32) -> i1
            %125 = "arith.andi"(%120, %123) : (i1, i1) -> i1
            %126 = "arith.andi"(%125, %124) : (i1, i1) -> i1
            %127:4 = "scf.if"(%126) ({
              "hivm.hir.sync_block_wait"() <{pipe = #hivm.pipe<PIPE_V>, static_flag_id = 2 : i64, tcore_type = #hivm.tcore_type<VECTOR>, tpipe = #hivm.pipe<PIPE_FIX>}> : () -> ()
              %151 = "arith.muli"(%arg28, %29) <{overflowFlags = #arith.overflow<none>}> : (i32, i32) -> i32
              %152 = "hivm.hir.pointer_cast"(%12) <{operandSegmentSizes = array<i32: 1, 0>}> : (i64) -> memref<64xi32, #hivm.address_space<ub>>
              "func.call"(%93, %151, %152) <{callee = @paged_prefill_verify_grouped_kernel_mix_aiv_outlined_vf_9, no_inline}> {hivm.vector_function} : (memref<64xi32, #hivm.address_space<ub>>, i32, memref<64xi32, #hivm.address_space<ub>>) -> ()
              %153 = "memref.expand_shape"(%152) <{reassociation = [[0, 1]], static_output_shape = array<i64: 1, 64>}> : (memref<64xi32, #hivm.address_space<ub>>) -> memref<1x64xi32, #hivm.address_space<ub>>
              %154 = "hivm.hir.pointer_cast"(%12) <{operandSegmentSizes = array<i32: 1, 0>}> : (i64) -> memref<1x64xf32, #hivm.address_space<ub>>
              "func.call"(%153, %154) <{callee = @paged_prefill_verify_grouped_kernel_mix_aiv_outlined_vf_10, no_inline}> {hivm.vector_function} : (memref<1x64xi32, #hivm.address_space<ub>>, memref<1x64xf32, #hivm.address_space<ub>>) -> ()
              %155 = "hivm.hir.pointer_cast"(%11) <{operandSegmentSizes = array<i32: 1, 0>}> : (i64) -> memref<6x256x1xi1, #hivm.address_space<ub>>
              %156 = "memref.subview"(%155) <{operandSegmentSizes = array<i32: 1, 0, 0, 0>, static_offsets = array<i64: 0, 0, 0>, static_sizes = array<i64: 6, 64, 1>, static_strides = array<i64: 1, 1, 1>}> : (memref<6x256x1xi1, #hivm.address_space<ub>>) -> memref<6x64xi1, strided<[256, 1]>, #hivm.address_space<ub>>
              "func.call"(%96, %154, %156) <{callee = @paged_prefill_verify_grouped_kernel_mix_aiv_outlined_vf_11, no_inline}> {hivm.vector_function} : (memref<6x1xf32, #hivm.address_space<ub>>, memref<1x64xf32, #hivm.address_space<ub>>, memref<6x64xi1, strided<[256, 1]>, #hivm.address_space<ub>>) -> ()
              %157 = "hivm.hir.pointer_cast"(%12) <{operandSegmentSizes = array<i32: 1, 0>}> : (i64) -> memref<1x64xi1, #hivm.address_space<ub>>
              "func.call"(%154, %97, %157) <{callee = @paged_prefill_verify_grouped_kernel_mix_aiv_outlined_vf_12, no_inline}> {hivm.vector_function} : (memref<1x64xf32, #hivm.address_space<ub>>, f32, memref<1x64xi1, #hivm.address_space<ub>>) -> ()
              %158 = "memref.collapse_shape"(%157) <{reassociation = [[0, 1]]}> : (memref<1x64xi1, #hivm.address_space<ub>>) -> memref<64xi1, #hivm.address_space<ub>>
              %159 = "hivm.hir.pointer_cast"(%10) <{operandSegmentSizes = array<i32: 1, 0>}> : (i64) -> memref<6x256x1xi1, #hivm.address_space<ub>>
              %160 = "memref.subview"(%159) <{operandSegmentSizes = array<i32: 1, 0, 0, 0>, static_offsets = array<i64: 0, 0, 0>, static_sizes = array<i64: 6, 64, 1>, static_strides = array<i64: 1, 1, 1>}> : (memref<6x256x1xi1, #hivm.address_space<ub>>) -> memref<6x64xi1, strided<[256, 1]>, #hivm.address_space<ub>>
              %161 = "hivm.hir.pointer_cast"(%11) <{operandSegmentSizes = array<i32: 1, 0>}> : (i64) -> memref<6x256x1xi1, #hivm.address_space<ub>>
              %162 = "memref.subview"(%161) <{operandSegmentSizes = array<i32: 1, 0, 0, 0>, static_offsets = array<i64: 0, 0, 0>, static_sizes = array<i64: 6, 64, 1>, static_strides = array<i64: 1, 1, 1>}> : (memref<6x256x1xi1, #hivm.address_space<ub>>) -> memref<6x64xi1, strided<[256, 1]>, #hivm.address_space<ub>>
              "func.call"(%156, %158, %160, %162) <{callee = @paged_prefill_verify_grouped_kernel_mix_aiv_outlined_vf_13, no_inline}> {hivm.vector_function} : (memref<6x64xi1, strided<[256, 1]>, #hivm.address_space<ub>>, memref<64xi1, #hivm.address_space<ub>>, memref<6x64xi1, strided<[256, 1]>, #hivm.address_space<ub>>, memref<6x64xi1, strided<[256, 1]>, #hivm.address_space<ub>>) -> ()
              %163 = "hivm.hir.pointer_cast"(%9) <{operandSegmentSizes = array<i32: 1, 0>}> : (i64) -> memref<6x64xf32, #hivm.address_space<ub>>
              "func.call"(%162, %99, %arg18, %163) <{callee = @paged_prefill_verify_grouped_kernel_mix_aiv_outlined_vf_14, no_inline}> {hivm.vector_function} : (memref<6x64xi1, strided<[256, 1]>, #hivm.address_space<ub>>, memref<6x64xf32, #hivm.address_space<ub>>, f32, memref<6x64xf32, #hivm.address_space<ub>>) -> ()
              %164 = "hivm.hir.pointer_cast"(%8) <{operandSegmentSizes = array<i32: 1, 0>}> : (i64) -> memref<6xf32, #hivm.address_space<ub>>
              %165 = "hivm.hir.pointer_cast"(%7) <{operandSegmentSizes = array<i32: 1, 0>}> : (i64) -> memref<6xf32, #hivm.address_space<ub>>
              "func.call"(%arg27, %164, %163, %165) <{callee = @paged_prefill_verify_grouped_kernel_mix_aiv_outlined_vf_15, no_inline}> {hivm.vector_function} : (memref<6xf32, #hivm.address_space<ub>>, memref<6xf32, #hivm.address_space<ub>>, memref<6x64xf32, #hivm.address_space<ub>>, memref<6xf32, #hivm.address_space<ub>>) -> ()
              %166 = "hivm.hir.pointer_cast"(%9) <{operandSegmentSizes = array<i32: 1, 0>}> : (i64) -> memref<6x64xf32, #hivm.address_space<ub>>
              "func.call"(%165, %163, %166) <{callee = @paged_prefill_verify_grouped_kernel_mix_aiv_outlined_vf_16, no_inline}> {hivm.vector_function} : (memref<6xf32, #hivm.address_space<ub>>, memref<6x64xf32, #hivm.address_space<ub>>, memref<6x64xf32, #hivm.address_space<ub>>) -> ()
              %167 = "hivm.hir.pointer_cast"(%6) <{operandSegmentSizes = array<i32: 1, 0>}> : (i64) -> memref<6x64xbf16, #hivm.address_space<ub>>
              "func.call"(%166, %167) <{callee = @paged_prefill_verify_grouped_kernel_mix_aiv_outlined_vf_17, no_inline}> {hivm.vector_function} : (memref<6x64xf32, #hivm.address_space<ub>>, memref<6x64xbf16, #hivm.address_space<ub>>) -> ()
              %168 = "hivm.hir.pointer_cast"(%5) <{operandSegmentSizes = array<i32: 1, 0>}> : (i64) -> memref<16x64xbf16, #hivm.address_space<ub>>
              "func.call"(%168) <{callee = @paged_prefill_verify_grouped_kernel_mix_aiv_outlined_vf_0, no_inline}> {hivm.vector_function} : (memref<16x64xbf16, #hivm.address_space<ub>>) -> ()
              %169 = "memref.subview"(%168) <{operandSegmentSizes = array<i32: 1, 0, 0, 0>, static_offsets = array<i64: 0, 0>, static_sizes = array<i64: 6, 64>, static_strides = array<i64: 1, 1>}> : (memref<16x64xbf16, #hivm.address_space<ub>>) -> memref<6x64xbf16, strided<[64, 1]>, #hivm.address_space<ub>>
              %170 = "memref.collapse_shape"(%167) <{reassociation = [[0, 1]]}> : (memref<6x64xbf16, #hivm.address_space<ub>>) -> memref<384xbf16, #hivm.address_space<ub>>
              %171 = "memref.collapse_shape"(%169) <{reassociation = [[0, 1]]}> : (memref<6x64xbf16, strided<[64, 1]>, #hivm.address_space<ub>>) -> memref<384xbf16, strided<[1]>, #hivm.address_space<ub>>
              "hivm.hir.copy"(%170, %171) : (memref<384xbf16, #hivm.address_space<ub>>, memref<384xbf16, strided<[1]>, #hivm.address_space<ub>>) -> ()
              %172 = "hivm.hir.pointer_cast"(%4) <{operandSegmentSizes = array<i32: 1, 0>}> : (i64) -> memref<6xf32, #hivm.address_space<ub>>
              %173 = "arith.remsi"(%arg28, %41) : (i32, i32) -> i32
              %174 = "arith.cmpi"(%173, %31) <{predicate = 0 : i64}> : (i32, i32) -> i1
              %175 = "hivm.hir.pointer_cast"(%3) <{operandSegmentSizes = array<i32: 1, 0>}> : (i64) -> memref<6xf32, #hivm.address_space<ub>>
              %176 = "memref.expand_shape"(%168) <{reassociation = [[0], [1, 2]], static_output_shape = array<i64: 16, 4, 16>}> : (memref<16x64xbf16, #hivm.address_space<ub>>) -> memref<16x4x16xbf16, #hivm.address_space<ub>>
              %177 = "hivm.hir.pointer_cast"(%2) <{operandSegmentSizes = array<i32: 1, 0>}> : (i64) -> memref<4x16x16xbf16, #hivm.address_space<ub>>
              "hivm.hir.wait_flag"() <{set_pipe = #hivm.pipe<PIPE_MTE3>, static_event_id = #hivm.event<EVENT_ID0>, wait_pipe = #hivm.pipe<PIPE_V>}> : () -> ()
              "func.call"(%166, %172, %arg27, %165, %175, %176, %177) <{callee = @paged_prefill_verify_grouped_kernel_mix_aiv_outlined_merged_merged_vf_0, no_inline}> {hivm.vector_function, ptc_simdvf} : (memref<6x64xf32, #hivm.address_space<ub>>, memref<6xf32, #hivm.address_space<ub>>, memref<6xf32, #hivm.address_space<ub>>, memref<6xf32, #hivm.address_space<ub>>, memref<6xf32, #hivm.address_space<ub>>, memref<16x4x16xbf16, #hivm.address_space<ub>>, memref<4x16x16xbf16, #hivm.address_space<ub>>) -> ()
              "hivm.hir.set_flag"() <{set_pipe = #hivm.pipe<PIPE_V>, static_event_id = #hivm.event<EVENT_ID0>, wait_pipe = #hivm.pipe<PIPE_MTE3>}> : () -> ()
              "scf.if"(%174) ({
                "hivm.hir.copy"(%172, %103) : (memref<6xf32, #hivm.address_space<ub>>, memref<6xf32, #hivm.address_space<ub>>) -> ()
                "hivm.hir.copy"(%175, %101) : (memref<6xf32, #hivm.address_space<ub>>, memref<6xf32, #hivm.address_space<ub>>) -> ()
                "scf.yield"() : () -> ()
              }, {
                "hivm.hir.copy"(%172, %104) : (memref<6xf32, #hivm.address_space<ub>>, memref<6xf32, #hivm.address_space<ub>>) -> ()
                "hivm.hir.copy"(%175, %102) : (memref<6xf32, #hivm.address_space<ub>>, memref<6xf32, #hivm.address_space<ub>>) -> ()
                "scf.yield"() : () -> ()
              }) : (i1) -> ()
              "hivm.hir.sync_block_wait"() <{pipe = #hivm.pipe<PIPE_MTE3>, static_flag_id = 1 : i64, tcore_type = #hivm.tcore_type<VECTOR>, tpipe = #hivm.pipe<PIPE_M>}> : () -> ()
              %178 = "arith.index_cast"(%54) : (i64) -> index
              %179 = "arith.cmpi"(%178, %32) <{predicate = 0 : i64}> : (index, index) -> i1
              "hivm.hir.wait_flag"() <{set_pipe = #hivm.pipe<PIPE_V>, static_event_id = #hivm.event<EVENT_ID0>, wait_pipe = #hivm.pipe<PIPE_MTE3>}> : () -> ()
              "scf.if"(%179) ({
                %187 = "memref.collapse_shape"(%177) <{reassociation = [[0, 1, 2]]}> : (memref<4x16x16xbf16, #hivm.address_space<ub>>) -> memref<1024xbf16, #hivm.address_space<ub>>
                %188 = "memref.collapse_shape"(%98) <{reassociation = [[0, 1, 2, 3]]}> : (memref<4x1x16x16xbf16, #hivm.address_space<cbuf>>) -> memref<1024xbf16, #hivm.address_space<cbuf>>
                "hivm.hir.copy"(%187, %188) : (memref<1024xbf16, #hivm.address_space<ub>>, memref<1024xbf16, #hivm.address_space<cbuf>>) -> ()
                "scf.yield"() : () -> ()
              }, {
              }) {limit_sub_block_id0} : (i1) -> ()
              "hivm.hir.set_flag"() <{set_pipe = #hivm.pipe<PIPE_MTE3>, static_event_id = #hivm.event<EVENT_ID0>, wait_pipe = #hivm.pipe<PIPE_V>}> : () -> ()
              "hivm.hir.sync_block_set"() <{operandSegmentSizes = array<i32: 0, 0>, pipe = #hivm.pipe<PIPE_MTE1>, static_flag_id = 1 : i64, tcore_type = #hivm.tcore_type<VECTOR>, tpipe = #hivm.pipe<PIPE_MTE3>}> : () -> ()
              "hivm.hir.sync_block_set"() <{operandSegmentSizes = array<i32: 0, 0>, pipe = #hivm.pipe<PIPE_FIX>, static_flag_id = 2 : i64, tcore_type = #hivm.tcore_type<VECTOR>, tpipe = #hivm.pipe<PIPE_V>}> : () -> ()
              %180 = "llvm.load"(%58) <{ordering = 0 : i64, volatile_}> : (!llvm.ptr<11>) -> i32
              %181 = "arith.subi"(%180, %42) <{overflowFlags = #arith.overflow<none>}> : (i32, i32) -> i32
              "llvm.store"(%181, %58) <{ordering = 0 : i64, volatile_}> : (i32, !llvm.ptr<11>) -> ()
              %182 = "llvm.load"(%60) <{ordering = 0 : i64, volatile_}> : (!llvm.ptr<11>) -> i32
              %183 = "arith.addi"(%182, %42) <{overflowFlags = #arith.overflow<none>}> : (i32, i32) -> i32
              "llvm.store"(%183, %60) <{ordering = 0 : i64, volatile_}> : (i32, !llvm.ptr<11>) -> ()
              %184 = "arith.addi"(%arg31, %42) <{overflowFlags = #arith.overflow<none>}> : (i32, i32) -> i32
              %185 = "arith.addi"(%arg30, %42) <{overflowFlags = #arith.overflow<none>}> : (i32, i32) -> i32
              %186 = "arith.addi"(%arg28, %42) <{overflowFlags = #arith.overflow<none>}> : (i32, i32) -> i32
              "scf.yield"(%165, %184, %185, %186) : (memref<6xf32, #hivm.address_space<ub>>, i32, i32, i32) -> ()
            }, {
              %150 = "hivm.hir.pointer_cast"(%7) <{operandSegmentSizes = array<i32: 1, 0>}> : (i64) -> memref<6xf32, #hivm.address_space<ub>>
              "hivm.hir.copy"(%arg27, %150) : (memref<6xf32, #hivm.address_space<ub>>, memref<6xf32, #hivm.address_space<ub>>) -> ()
              "scf.yield"(%150, %arg31, %arg30, %arg28) : (memref<6xf32, #hivm.address_space<ub>>, i32, i32, i32) -> ()
            }) : (i1) -> (memref<6xf32, #hivm.address_space<ub>>, i32, i32, i32)
            %128 = "llvm.load"(%57) <{ordering = 0 : i64, volatile_}> : (!llvm.ptr<11>) -> i32
            %129 = "arith.cmpi"(%128, %31) <{predicate = 4 : i64}> : (i32, i32) -> i1
            %130 = "arith.cmpi"(%127#2, %31) <{predicate = 4 : i64}> : (i32, i32) -> i1
            %131 = "arith.cmpi"(%127#1, %31) <{predicate = 4 : i64}> : (i32, i32) -> i1
            %132 = "arith.andi"(%130, %131) : (i1, i1) -> i1
            %133 = "arith.cmpi"(%arg29, %92) <{predicate = 2 : i64}> : (i32, i32) -> i1
            %134 = "arith.andi"(%129, %132) : (i1, i1) -> i1
            %135 = "arith.andi"(%134, %133) : (i1, i1) -> i1
            %136:5 = "scf.if"(%135) ({
              "hivm.hir.sync_block_wait"() <{pipe = #hivm.pipe<PIPE_V>, static_flag_id = 3 : i64, tcore_type = #hivm.tcore_type<VECTOR>, tpipe = #hivm.pipe<PIPE_FIX>}> : () -> ()
              %138 = "arith.remsi"(%arg29, %41) : (i32, i32) -> i32
              %139 = "arith.cmpi"(%138, %31) <{predicate = 0 : i64}> : (i32, i32) -> i1
              %140 = "arith.select"(%139, %101, %102) : (i1, memref<6xf32, #hivm.address_space<ub>>, memref<6xf32, #hivm.address_space<ub>>) -> memref<6xf32, #hivm.address_space<ub>>
              %141 = "hivm.hir.pointer_cast"(%1) <{operandSegmentSizes = array<i32: 1, 0>}> : (i64) -> memref<6xf32, #hivm.address_space<ub>>
              "func.call"(%140, %141) <{callee = @paged_prefill_verify_grouped_kernel_mix_aiv_outlined_vf_21, no_inline}> {hivm.vector_function} : (memref<6xf32, #hivm.address_space<ub>>, memref<6xf32, #hivm.address_space<ub>>) -> ()
              %142 = "arith.select"(%139, %103, %104) : (i1, memref<6xf32, #hivm.address_space<ub>>, memref<6xf32, #hivm.address_space<ub>>) -> memref<6xf32, #hivm.address_space<ub>>
              %143 = "hivm.hir.pointer_cast"(%13) <{operandSegmentSizes = array<i32: 1, 0>}> : (i64) -> memref<6xf32, #hivm.address_space<ub>>
              %144 = "hivm.hir.pointer_cast"(%14) <{operandSegmentSizes = array<i32: 1, 0>}> : (i64) -> memref<6x256xf32, #hivm.address_space<ub>>
              "func.call"(%arg25, %141, %142, %143, %141, %100, %arg26, %144) <{callee = @paged_prefill_verify_grouped_kernel_mix_aiv_outlined_merged_vf_1, no_inline}> {hivm.vector_function, ptc_simdvf} : (memref<6xf32, #hivm.address_space<ub>>, memref<6xf32, #hivm.address_space<ub>>, memref<6xf32, #hivm.address_space<ub>>, memref<6xf32, #hivm.address_space<ub>>, memref<6xf32, #hivm.address_space<ub>>, memref<6x256xf32, #hivm.address_space<ub>>, memref<6x256xf32, #hivm.address_space<ub>>, memref<6x256xf32, #hivm.address_space<ub>>) -> ()
              "hivm.hir.sync_block_set"() <{operandSegmentSizes = array<i32: 0, 0>, pipe = #hivm.pipe<PIPE_FIX>, static_flag_id = 3 : i64, tcore_type = #hivm.tcore_type<VECTOR>, tpipe = #hivm.pipe<PIPE_V>}> : () -> ()
              %145 = "llvm.load"(%57) <{ordering = 0 : i64, volatile_}> : (!llvm.ptr<11>) -> i32
              %146 = "arith.subi"(%145, %42) <{overflowFlags = #arith.overflow<none>}> : (i32, i32) -> i32
              "llvm.store"(%146, %57) <{ordering = 0 : i64, volatile_}> : (i32, !llvm.ptr<11>) -> ()
              %147 = "arith.subi"(%127#1, %42) <{overflowFlags = #arith.overflow<none>}> : (i32, i32) -> i32
              %148 = "arith.subi"(%127#2, %42) <{overflowFlags = #arith.overflow<none>}> : (i32, i32) -> i32
              %149 = "arith.addi"(%arg29, %42) <{overflowFlags = #arith.overflow<none>}> : (i32, i32) -> i32
              "scf.yield"(%143, %144, %147, %148, %149) : (memref<6xf32, #hivm.address_space<ub>>, memref<6x256xf32, #hivm.address_space<ub>>, i32, i32, i32) -> ()
            }, {
              "scf.yield"(%arg25, %arg26, %127#1, %127#2, %arg29) : (memref<6xf32, #hivm.address_space<ub>>, memref<6x256xf32, #hivm.address_space<ub>>, i32, i32, i32) -> ()
            }) : (i1) -> (memref<6xf32, #hivm.address_space<ub>>, memref<6x256xf32, #hivm.address_space<ub>>, i32, i32, i32)
            "hivm.hir.sync_block_set"() <{operandSegmentSizes = array<i32: 0, 0>, pipe = #hivm.pipe<PIPE_S>, static_flag_id = 15 : i64, tcore_type = #hivm.tcore_type<VECTOR>, tpipe = #hivm.pipe<PIPE_S>}> : () -> ()
            %137 = "hivm.hir.pointer_cast"(%23) <{operandSegmentSizes = array<i32: 1, 0>}> : (i64) -> memref<6xf32, #hivm.address_space<ub>>
            "hivm.hir.copy"(%127#0, %137) : (memref<6xf32, #hivm.address_space<ub>>, memref<6xf32, #hivm.address_space<ub>>) -> ()
            "scf.yield"(%136#0, %136#1, %137, %127#3, %136#4, %136#3, %136#2) : (memref<6xf32, #hivm.address_space<ub>>, memref<6x256xf32, #hivm.address_space<ub>>, memref<6xf32, #hivm.address_space<ub>>, i32, i32, i32, i32) -> ()
          }) : (i32, i32, i32, memref<6xf32, #hivm.address_space<ub>>, memref<6x256xf32, #hivm.address_space<ub>>, memref<6xf32, #hivm.address_space<ub>>, i32, i32, i32, i32) -> (memref<6xf32, #hivm.address_space<ub>>, memref<6x256xf32, #hivm.address_space<ub>>, memref<6xf32, #hivm.address_space<ub>>, i32, i32, i32, i32)
          "hivm.hir.wait_flag"() <{set_pipe = #hivm.pipe<PIPE_MTE3>, static_event_id = #hivm.event<EVENT_ID0>, wait_pipe = #hivm.pipe<PIPE_V>}> : () -> ()
          "hivm.hir.sync_block_wait"() <{pipe = #hivm.pipe<PIPE_MTE3>, static_flag_id = 1 : i64, tcore_type = #hivm.tcore_type<VECTOR>, tpipe = #hivm.pipe<PIPE_M>}> : () -> ()
          %109 = "arith.muli"(%67, %arg16) <{overflowFlags = #arith.overflow<none>}> : (i32, i32) -> i32
          %110 = "arith.index_cast"(%109) : (i32) -> index
          %111 = "arith.index_cast"(%arg17) : (i32) -> index
          %112 = "memref.reinterpret_cast"(%arg5, %110, %111) <{operandSegmentSizes = array<i32: 1, 1, 0, 1>, static_offsets = array<i64: -9223372036854775808>, static_sizes = array<i64: 6, 256>, static_strides = array<i64: -9223372036854775808, 1>}> : (memref<?xbf16, #hivm.address_space<gm>>, index, index) -> memref<6x256xbf16, strided<[?, 1], offset: ?>, #hivm.address_space<gm>>
          %113 = "hivm.hir.pointer_cast"(%0) <{operandSegmentSizes = array<i32: 1, 0>}> : (i64) -> memref<6x256xbf16, #hivm.address_space<ub>>
          "func.call"(%108#0, %108#1, %113) <{callee = @paged_prefill_verify_grouped_kernel_mix_aiv_outlined_vf_24, no_inline}> {hivm.vector_function} : (memref<6xf32, #hivm.address_space<ub>>, memref<6x256xf32, #hivm.address_space<ub>>, memref<6x256xbf16, #hivm.address_space<ub>>) -> ()
          "hivm.hir.set_flag"() <{set_pipe = #hivm.pipe<PIPE_V>, static_event_id = #hivm.event<EVENT_ID0>, wait_pipe = #hivm.pipe<PIPE_MTE3>}> : () -> ()
          %114 = "arith.index_cast"(%54) : (i64) -> index
          %115 = "arith.cmpi"(%114, %32) <{predicate = 0 : i64}> : (index, index) -> i1
          "hivm.hir.wait_flag"() <{set_pipe = #hivm.pipe<PIPE_V>, static_event_id = #hivm.event<EVENT_ID0>, wait_pipe = #hivm.pipe<PIPE_MTE3>}> : () -> ()
          "scf.if"(%115) ({
            "hivm.hir.store"(%113, %112) : (memref<6x256xbf16, #hivm.address_space<ub>>, memref<6x256xbf16, strided<[?, 1], offset: ?>, #hivm.address_space<gm>>) -> ()
            "scf.yield"() : () -> ()
          }, {
          }) {limit_sub_block_id0} : (i1) -> ()
          "scf.yield"() : () -> ()
        }, {
        }) : (i1) -> ()
        "scf.yield"() : () -> ()
      }) : (i32, i32, i32) -> ()
      "hivm.hir.set_ctrl"() <{enable = true, idx = 60 : i64}> : () -> ()
      "scf.yield"() : () -> ()
    }) {autoblockify.subloop} : (i32, i32, i32) -> ()
    "hivm.hir.pipe_barrier"() <{pipe = #hivm.pipe<PIPE_ALL>}> : () -> ()
    "func.return"() : () -> ()
  }) {SyncBlockLockArgIdx = 0 : i64, WorkspaceArgIdx = 1 : i64, func_dyn_memref_args = dense<[true, true, true, true, true, true, true, true, true, true, false, false, false, false, false, false, false, false, false, false, false, false]> : vector<22xi1>, hacc.entry, hacc.function_kind = #hacc.function_kind<DEVICE>, hivm.func_core_type = #hivm.func_core_type<AIV>, hivm.part_of_mix, hivm.vf_mode = #hivm.vf_mode<SIMD>, mix_mode = "mix", parallel_mode = "simd"} : () -> ()
}) {dlti.target_system_spec = #dlti.target_system_spec<"NPU" : #hacc.target_device_spec<#dlti.dl_entry<"AI_CORE_COUNT", 28 : i32>, #dlti.dl_entry<"CUBE_CORE_COUNT", 28 : i32>, #dlti.dl_entry<"VECTOR_CORE_COUNT", 56 : i32>, #dlti.dl_entry<"UB_SIZE", 2031616 : i32>, #dlti.dl_entry<"L1_SIZE", 4194304 : i32>, #dlti.dl_entry<"L0A_SIZE", 524288 : i32>, #dlti.dl_entry<"L0B_SIZE", 524288 : i32>, #dlti.dl_entry<"L0C_SIZE", 2097152 : i32>, #dlti.dl_entry<"UB_ALIGN_SIZE", 256 : i32>, #dlti.dl_entry<"L1_ALIGN_SIZE", 256 : i32>, #dlti.dl_entry<"L0C_ALIGN_SIZE", 4096 : i32>, #dlti.dl_entry<"MINIMAL_D_CACHE_SIZE", 262144 : i32>, #dlti.dl_entry<"MAXIMUM_D_CACHE_SIZE", 983040 : i32>, #dlti.dl_entry<"ARCH", "dav-c310">>>, hacc.target = #hacc.target<"Ascend950PR_957b">, hivm.module_core_type = #hivm.module_core_type<MIX>} : () -> ()


[hivm-bind-sub-block] revert paged_prefill_verify_grouped_kernel_mix_aiv: bubble-up or verification failed
// -----// IR Dump After InlineScope Failed (inline-scope) //----- //
#map = affine_map<(d0)[s0] -> (d0 + s0)>
#map1 = affine_map<(d0) -> (d0)>
#map2 = affine_map<() -> ()>
#map3 = affine_map<(d0, d1, d2) -> (d0, d1, d2)>
#map4 = affine_map<(d0) -> (d0, 0)>
#map5 = affine_map<()[s0] -> (s0 + 1)>
#map6 = affine_map<()[s0, s1] -> (s0 - s1)>
#map7 = affine_map<()[s0, s1] -> (s0 + s1)>
#map8 = affine_map<()[s0, s1] -> ((s0 - s1 + 15) floordiv 16)>
#map9 = affine_map<()[s0] -> (s0 floordiv 16)>
#map10 = affine_map<()[s0] -> (s0 mod 16)>
#map11 = affine_map<(d0, d1) -> (d0, d1)>
#map12 = affine_map<(d0, d1) -> (0, d1)>
#map13 = affine_map<(d0, d1) -> (d0, 0)>
#map14 = affine_map<(d0) -> (0, d0)>
"builtin.module"() ({
  "func.func"() <{function_type = (memref<6x64xf32, #hivm.address_space<ub>>, memref<6xf32, #hivm.address_space<ub>>, memref<6xf32, #hivm.address_space<ub>>, memref<6xf32, #hivm.address_space<ub>>, memref<6xf32, #hivm.address_space<ub>>, memref<16x4x16xbf16, #hivm.address_space<ub>>, memref<4x16x16xbf16, #hivm.address_space<ub>>) -> (), sym_name = "paged_prefill_verify_grouped_kernel_mix_aiv_outlined_merged_merged_vf_0"}> ({
  ^bb0(%arg136: memref<6x64xf32, #hivm.address_space<ub>>, %arg137: memref<6xf32, #hivm.address_space<ub>>, %arg138: memref<6xf32, #hivm.address_space<ub>>, %arg139: memref<6xf32, #hivm.address_space<ub>>, %arg140: memref<6xf32, #hivm.address_space<ub>>, %arg141: memref<16x4x16xbf16, #hivm.address_space<ub>>, %arg142: memref<4x16x16xbf16, #hivm.address_space<ub>>):
    %637 = "arith.constant"() <{value = dense<0.000000e+00> : vector<128xbf16>}> : () -> vector<128xbf16>
    %638 = "arith.constant"() <{value = dense<"0x00000100020003000400050006000700080009000A000B000C000D000E000F0040004100420043004400450046004700480049004A004B004C004D004E004F0010001100120013001400150016001700180019001A001B001C001D001E001F0050005100520053005400550056005700580059005A005B005C005D005E005F0020002100220023002400250026002700280029002A002B002C002D002E002F0060006100620063006400650066006700680069006A006B006C006D006E006F0030003100320033003400350036003700380039003A003B003C003D003E003F0070007100720073007400750076007700780079007A007B007C007D007E007F00"> : vector<128xi16>}> : () -> vector<128xi16>
    %639 = "arith.constant"() <{value = dense<0.000000e+00> : vector<64xf32>}> : () -> vector<64xf32>
    %640 = "arith.constant"() <{value = 16 : index}> : () -> index
    %641 = "arith.constant"() <{value = 2 : index}> : () -> index
    %642 = "arith.constant"() <{value = 0.000000e+00 : f32}> : () -> f32
    %643 = "arith.constant"() <{value = 1 : index}> : () -> index
    %644 = "arith.constant"() <{value = 6 : index}> : () -> index
    %645 = "arith.constant"() <{value = 0 : index}> : () -> index
    "scf.for"(%645, %644, %643) ({
    ^bb0(%arg144: index):
      %654 = "memref.subview"(%arg137, %arg144) <{operandSegmentSizes = array<i32: 1, 1, 0, 0>, static_offsets = array<i64: -9223372036854775808>, static_sizes = array<i64: 1>, static_strides = array<i64: 1>}> : (memref<6xf32, #hivm.address_space<ub>>, index) -> memref<1xf32, strided<[1], offset: ?>, #hivm.address_space<ub>>
      %655 = "memref.subview"(%arg136, %arg144) <{operandSegmentSizes = array<i32: 1, 1, 0, 0>, static_offsets = array<i64: -9223372036854775808, 0>, static_sizes = array<i64: 1, 64>, static_strides = array<i64: 1, 1>}> : (memref<6x64xf32, #hivm.address_space<ub>>, index) -> memref<1x64xf32, strided<[64, 1], offset: ?>, #hivm.address_space<ub>>
      %656 = "memref.subview"(%655) <{operandSegmentSizes = array<i32: 1, 0, 0, 0>, static_offsets = array<i64: 0, 0>, static_sizes = array<i64: 1, 64>, static_strides = array<i64: 1, 1>}> : (memref<1x64xf32, strided<[64, 1], offset: ?>, #hivm.address_space<ub>>) -> memref<64xf32, #map, #hivm.address_space<ub>>
      %657 = "vector.transfer_read"(%656, %645, %642) <{in_bounds = [true], operandSegmentSizes = array<i32: 1, 1, 1, 0>, permutation_map = #map1}> : (memref<64xf32, #map, #hivm.address_space<ub>>, index, f32) -> vector<64xf32>
      %658 = "arith.addf"(%657, %639) <{fastmath = #arith.fastmath<none>}> {reductionOp} : (vector<64xf32>, vector<64xf32>) -> vector<64xf32>
      %659 = "memref.subview"(%654) <{operandSegmentSizes = array<i32: 1, 0, 0, 0>, static_offsets = array<i64: 0>, static_sizes = array<i64: 1>, static_strides = array<i64: 1>}> : (memref<1xf32, strided<[1], offset: ?>, #hivm.address_space<ub>>) -> memref<f32, strided<[], offset: ?>, #hivm.address_space<ub>>
      %660 = "vector.transfer_read"(%659, %642) <{in_bounds = [], operandSegmentSizes = array<i32: 1, 0, 1, 0>, permutation_map = #map2}> : (memref<f32, strided<[], offset: ?>, #hivm.address_space<ub>>, f32) -> vector<f32>
      %661 = "vector.shape_cast"(%660) : (vector<f32>) -> vector<1xf32>
      %662 = "builtin.unrealized_conversion_cast"(%661) : (vector<1xf32>) -> f32
      %663 = "vector.reduction"(%658, %662) <{fastmath = #arith.fastmath<none>, kind = #vector.kind<add>}> {withoutInitMergeOp} : (vector<64xf32>, f32) -> f32
      %664 = "builtin.unrealized_conversion_cast"(%663) : (f32) -> vector<1xf32>
      %665 = "vector.shape_cast"(%664) : (vector<1xf32>) -> vector<f32>
      "vector.transfer_write"(%665, %659) <{in_bounds = [], operandSegmentSizes = array<i32: 1, 1, 0, 0>, permutation_map = #map2}> : (vector<f32>, memref<f32, strided<[], offset: ?>, #hivm.address_space<ub>>) -> ()
      "scf.yield"() : () -> ()
    }) : (index, index, index) -> ()
    %646 = "vector.constant_mask"() <{mask_dim_sizes = [6]}> : () -> vector<64xi1>
    "annotation.mark"(%646) <{effects = ["write"]}> {mask_op_idx = 0 : i32} : (vector<64xi1>) -> ()
    %647 = "vector.transfer_read"(%arg138, %645, %642, %646) <{in_bounds = [true], operandSegmentSizes = array<i32: 1, 1, 1, 1>, permutation_map = #map1}> : (memref<6xf32, #hivm.address_space<ub>>, index, f32, vector<64xi1>) -> vector<64xf32>
    "annotation.mark"(%647) <{effects = ["write"]}> {reached_mask_ops_idx = 0 : i32} : (vector<64xf32>) -> ()
    %648 = "vector.transfer_read"(%arg139, %645, %642, %646) <{in_bounds = [true], operandSegmentSizes = array<i32: 1, 1, 1, 1>, permutation_map = #map1}> : (memref<6xf32, #hivm.address_space<ub>>, index, f32, vector<64xi1>) -> vector<64xf32>
    "annotation.mark"(%648) <{effects = ["write"]}> {reached_mask_ops_idx = 0 : i32} : (vector<64xf32>) -> ()
    %649 = "arith.subf"(%647, %648) <{fastmath = #arith.fastmath<none>}> : (vector<64xf32>, vector<64xf32>) -> vector<64xf32>
    "annotation.mark"(%649) <{effects = ["write"]}> {reached_mask_ops_idx = 0 : i32} : (vector<64xf32>) -> ()
    "vector.transfer_write"(%649, %arg140, %645, %646) <{in_bounds = [true], operandSegmentSizes = array<i32: 1, 1, 1, 1>, permutation_map = #map1}> : (vector<64xf32>, memref<6xf32, #hivm.address_space<ub>>, index, vector<64xi1>) -> ()
    "scf.for"(%645, %640, %641) ({
    ^bb0(%arg143: index):
      %650 = "memref.subview"(%arg141, %arg143) <{operandSegmentSizes = array<i32: 1, 1, 0, 0>, static_offsets = array<i64: -9223372036854775808, 0, 0>, static_sizes = array<i64: 2, 4, 16>, static_strides = array<i64: 1, 1, 1>}> : (memref<16x4x16xbf16, #hivm.address_space<ub>>, index) -> memref<2x4x16xbf16, strided<[64, 16, 1], offset: ?>, #hivm.address_space<ub>>
      %651 = "memref.subview"(%arg142, %arg143) <{operandSegmentSizes = array<i32: 1, 1, 0, 0>, static_offsets = array<i64: 0, -9223372036854775808, 0>, static_sizes = array<i64: 4, 2, 16>, static_strides = array<i64: 1, 1, 1>}> : (memref<4x16x16xbf16, #hivm.address_space<ub>>, index) -> memref<4x2x16xbf16, strided<[256, 16, 1], offset: ?>, #hivm.address_space<ub>>
      %652 = "vector.constant_mask"() <{mask_dim_sizes = [128]}> : () -> vector<128xi1>
      %653 = "vector.gather"(%650, %645, %645, %645, %638, %652, %637) : (memref<2x4x16xbf16, strided<[64, 16, 1], offset: ?>, #hivm.address_space<ub>>, index, index, index, vector<128xi16>, vector<128xi1>, vector<128xbf16>) -> vector<128xbf16>
      "vector.transfer_write"(%653, %651, %645, %645, %645) <{in_bounds = [true, true, true], operandSegmentSizes = array<i32: 1, 1, 3, 0>, permutation_map = #map3}> : (vector<128xbf16>, memref<4x2x16xbf16, strided<[256, 16, 1], offset: ?>, #hivm.address_space<ub>>, index, index, index) -> ()
      "scf.yield"() : () -> ()
    }) : (index, index, index) -> ()
    "func.return"() : () -> ()
  }) {hivm.func_core_type = #hivm.func_core_type<AIV>, hivm.vector_function} : () -> ()
  "func.func"() <{function_type = (memref<6xf32, #hivm.address_space<ub>>, memref<6xf32, #hivm.address_space<ub>>, memref<6xf32, #hivm.address_space<ub>>, memref<6xf32, #hivm.address_space<ub>>, memref<6xf32, #hivm.address_space<ub>>, memref<6x256xf32, #hivm.address_space<ub>>, memref<6x256xf32, #hivm.address_space<ub>>, memref<6x256xf32, #hivm.address_space<ub>>) -> (), sym_name = "paged_prefill_verify_grouped_kernel_mix_aiv_outlined_merged_vf_1"}> ({
  ^bb0(%arg126: memref<6xf32, #hivm.address_space<ub>>, %arg127: memref<6xf32, #hivm.address_space<ub>>, %arg128: memref<6xf32, #hivm.address_space<ub>>, %arg129: memref<6xf32, #hivm.address_space<ub>>, %arg130: memref<6xf32, #hivm.address_space<ub>>, %arg131: memref<6x256xf32, #hivm.address_space<ub>>, %arg132: memref<6x256xf32, #hivm.address_space<ub>>, %arg133: memref<6x256xf32, #hivm.address_space<ub>>):
    %612 = "arith.constant"() <{value = 256 : index}> : () -> index
    %613 = "arith.constant"() <{value = 64 : index}> : () -> index
    %614 = "arith.constant"() <{value = 6 : index}> : () -> index
    %615 = "arith.constant"() <{value = 1 : index}> : () -> index
    %616 = "arith.constant"() <{value = 0.000000e+00 : f32}> : () -> f32
    %617 = "arith.constant"() <{value = 0 : index}> : () -> index
    %618 = "vector.constant_mask"() <{mask_dim_sizes = [6]}> : () -> vector<64xi1>
    "annotation.mark"(%618) <{effects = ["write"]}> {mask_op_idx = 0 : i32} : (vector<64xi1>) -> ()
    %619 = "vector.transfer_read"(%arg126, %617, %616, %618) <{in_bounds = [true], operandSegmentSizes = array<i32: 1, 1, 1, 1>, permutation_map = #map1}> : (memref<6xf32, #hivm.address_space<ub>>, index, f32, vector<64xi1>) -> vector<64xf32>
    "annotation.mark"(%619) <{effects = ["write"]}> {reached_mask_ops_idx = 0 : i32} : (vector<64xf32>) -> ()
    %620 = "vector.transfer_read"(%arg127, %617, %616, %618) <{in_bounds = [true], operandSegmentSizes = array<i32: 1, 1, 1, 1>, permutation_map = #map1}> : (memref<6xf32, #hivm.address_space<ub>>, index, f32, vector<64xi1>) -> vector<64xf32>
    "annotation.mark"(%620) <{effects = ["write"]}> {reached_mask_ops_idx = 0 : i32} : (vector<64xf32>) -> ()
    %621 = "vector.transfer_read"(%arg128, %617, %616, %618) <{in_bounds = [true], operandSegmentSizes = array<i32: 1, 1, 1, 1>, permutation_map = #map1}> : (memref<6xf32, #hivm.address_space<ub>>, index, f32, vector<64xi1>) -> vector<64xf32>
    "annotation.mark"(%621) <{effects = ["write"]}> {reached_mask_ops_idx = 0 : i32} : (vector<64xf32>) -> ()
    %622 = "arith.mulf"(%619, %620) <{fastmath = #arith.fastmath<none>}> : (vector<64xf32>, vector<64xf32>) -> vector<64xf32>
    "annotation.mark"(%622) <{effects = ["write"]}> {reached_mask_ops_idx = 0 : i32} : (vector<64xf32>) -> ()
    %623 = "arith.addf"(%622, %621) <{fastmath = #arith.fastmath<none>}> : (vector<64xf32>, vector<64xf32>) -> vector<64xf32>
    "annotation.mark"(%623) <{effects = ["write"]}> {reached_mask_ops_idx = 0 : i32} : (vector<64xf32>) -> ()
    "vector.transfer_write"(%623, %arg129, %617, %618) <{in_bounds = [true], operandSegmentSizes = array<i32: 1, 1, 1, 1>, permutation_map = #map1}> : (vector<64xf32>, memref<6xf32, #hivm.address_space<ub>>, index, vector<64xi1>) -> ()
    "scf.for"(%617, %614, %615) ({
    ^bb0(%arg134: index):
      %624 = "memref.subview"(%arg130, %arg134) <{operandSegmentSizes = array<i32: 1, 1, 0, 0>, static_offsets = array<i64: -9223372036854775808>, static_sizes = array<i64: 1>, static_strides = array<i64: 1>}> : (memref<6xf32, #hivm.address_space<ub>>, index) -> memref<1xf32, strided<[1], offset: ?>, #hivm.address_space<ub>>
      "scf.for"(%617, %612, %613) ({
      ^bb0(%arg135: index):
        %625 = "memref.subview"(%arg131, %arg134, %arg135) <{operandSegmentSizes = array<i32: 1, 2, 0, 0>, static_offsets = array<i64: -9223372036854775808, -9223372036854775808>, static_sizes = array<i64: 1, 64>, static_strides = array<i64: 1, 1>}> : (memref<6x256xf32, #hivm.address_space<ub>>, index, index) -> memref<1x64xf32, strided<[256, 1], offset: ?>, #hivm.address_space<ub>>
        %626 = "memref.subview"(%arg132, %arg134, %arg135) <{operandSegmentSizes = array<i32: 1, 2, 0, 0>, static_offsets = array<i64: -9223372036854775808, -9223372036854775808>, static_sizes = array<i64: 1, 64>, static_strides = array<i64: 1, 1>}> : (memref<6x256xf32, #hivm.address_space<ub>>, index, index) -> memref<1x64xf32, strided<[256, 1], offset: ?>, #hivm.address_space<ub>>
        %627 = "memref.subview"(%arg133, %arg134, %arg135) <{operandSegmentSizes = array<i32: 1, 2, 0, 0>, static_offsets = array<i64: -9223372036854775808, -9223372036854775808>, static_sizes = array<i64: 1, 64>, static_strides = array<i64: 1, 1>}> : (memref<6x256xf32, #hivm.address_space<ub>>, index, index) -> memref<1x64xf32, strided<[256, 1], offset: ?>, #hivm.address_space<ub>>
        %628 = "memref.subview"(%625) <{operandSegmentSizes = array<i32: 1, 0, 0, 0>, static_offsets = array<i64: 0, 0>, static_sizes = array<i64: 1, 64>, static_strides = array<i64: 1, 1>}> : (memref<1x64xf32, strided<[256, 1], offset: ?>, #hivm.address_space<ub>>) -> memref<64xf32, #map, #hivm.address_space<ub>>
        %629 = "vector.transfer_read"(%628, %617, %616) <{in_bounds = [true], operandSegmentSizes = array<i32: 1, 1, 1, 0>, permutation_map = #map1}> : (memref<64xf32, #map, #hivm.address_space<ub>>, index, f32) -> vector<64xf32>
        %630 = "memref.subview"(%626) <{operandSegmentSizes = array<i32: 1, 0, 0, 0>, static_offsets = array<i64: 0, 0>, static_sizes = array<i64: 1, 64>, static_strides = array<i64: 1, 1>}> : (memref<1x64xf32, strided<[256, 1], offset: ?>, #hivm.address_space<ub>>) -> memref<64xf32, #map, #hivm.address_space<ub>>
        %631 = "vector.transfer_read"(%630, %617, %616) <{in_bounds = [true], operandSegmentSizes = array<i32: 1, 1, 1, 0>, permutation_map = #map1}> : (memref<64xf32, #map, #hivm.address_space<ub>>, index, f32) -> vector<64xf32>
        %632 = "vector.transfer_read"(%624, %617, %616) <{in_bounds = [true, true], operandSegmentSizes = array<i32: 1, 1, 1, 0>, permutation_map = #map4}> : (memref<1xf32, strided<[1], offset: ?>, #hivm.address_space<ub>>, index, f32) -> vector<1x64xf32>
        %633 = "vector.shape_cast"(%632) : (vector<1x64xf32>) -> vector<64xf32>
        %634 = "arith.mulf"(%631, %633) <{fastmath = #arith.fastmath<none>}> : (vector<64xf32>, vector<64xf32>) -> vector<64xf32>
        %635 = "arith.addf"(%629, %634) <{fastmath = #arith.fastmath<none>}> : (vector<64xf32>, vector<64xf32>) -> vector<64xf32>
        %636 = "memref.subview"(%627) <{operandSegmentSizes = array<i32: 1, 0, 0, 0>, static_offsets = array<i64: 0, 0>, static_sizes = array<i64: 1, 64>, static_strides = array<i64: 1, 1>}> : (memref<1x64xf32, strided<[256, 1], offset: ?>, #hivm.address_space<ub>>) -> memref<64xf32, #map, #hivm.address_space<ub>>
        "vector.transfer_write"(%635, %636, %617) <{in_bounds = [true], operandSegmentSizes = array<i32: 1, 1, 1, 0>, permutation_map = #map1}> : (vector<64xf32>, memref<64xf32, #map, #hivm.address_space<ub>>, index) -> ()
        "scf.yield"() : () -> ()
      }) : (index, index, index) -> ()
      "scf.yield"() : () -> ()
    }) : (index, index, index) -> ()
    "func.return"() : () -> ()
  }) {hivm.func_core_type = #hivm.func_core_type<AIV>, hivm.vector_function} : () -> ()
  "func.func"() <{arg_attrs = [{hacc.arg_type = #hacc.arg_type<sync_block_lock>}, {hacc.arg_type = #hacc.arg_type<workspace>}, {tt.divisibility = 16 : i32, tt.tensor_kind = 0 : i32}, {tt.divisibility = 16 : i32, tt.tensor_kind = 0 : i32}, {tt.divisibility = 16 : i32, tt.tensor_kind = 0 : i32}, {tt.divisibility = 16 : i32, tt.tensor_kind = 1 : i32}, {tt.divisibility = 16 : i32, tt.tensor_kind = 0 : i32}, {tt.divisibility = 16 : i32, tt.tensor_kind = 0 : i32}, {tt.divisibility = 16 : i32, tt.tensor_kind = 0 : i32}, {tt.divisibility = 16 : i32, tt.tensor_kind = 0 : i32}, {tt.divisibility = 16 : i32}, {tt.divisibility = 16 : i32}, {tt.divisibility = 16 : i32}, {tt.divisibility = 16 : i32}, {tt.divisibility = 16 : i32}, {tt.divisibility = 16 : i32}, {tt.divisibility = 16 : i32}, {tt.divisibility = 16 : i32}, {}, {}, {}, {}], function_type = (memref<?xi8, #hivm.address_space<gm>>, memref<?xi8, #hivm.address_space<gm>>, memref<?xbf16, #hivm.address_space<gm>>, memref<?xbf16, #hivm.address_space<gm>>, memref<?xbf16, #hivm.address_space<gm>>, memref<?xbf16, #hivm.address_space<gm>>, memref<?xi32, #hivm.address_space<gm>>, memref<?xi32, #hivm.address_space<gm>>, memref<?xi32, #hivm.address_space<gm>>, memref<?xf32, #hivm.address_space<gm>>, i32, i32, i32, i32, i32, i32, i32, i32, f32, i32, i32, i32) -> (), sym_name = "paged_prefill_verify_grouped_kernel_mix_aic"}> ({
  ^bb0(%arg98: memref<?xi8, #hivm.address_space<gm>>, %arg99: memref<?xi8, #hivm.address_space<gm>>, %arg100: memref<?xbf16, #hivm.address_space<gm>>, %arg101: memref<?xbf16, #hivm.address_space<gm>>, %arg102: memref<?xbf16, #hivm.address_space<gm>>, %arg103: memref<?xbf16, #hivm.address_space<gm>>, %arg104: memref<?xi32, #hivm.address_space<gm>>, %arg105: memref<?xi32, #hivm.address_space<gm>>, %arg106: memref<?xi32, #hivm.address_space<gm>>, %arg107: memref<?xf32, #hivm.address_space<gm>>, %arg108: i32, %arg109: i32, %arg110: i32, %arg111: i32, %arg112: i32, %arg113: i32, %arg114: i32, %arg115: i32, %arg116: f32, %arg117: i32, %arg118: i32, %arg119: i32):
    %403 = "arith.constant"() <{value = 20480 : i64}> : () -> i64
    %404 = "arith.constant"() <{value = 75776 : i64}> : () -> i64
    %405 = "arith.constant"() <{value = 4096 : i64}> : () -> i64
    %406 = "arith.constant"() <{value = 24576 : i64}> : () -> i64
    %407 = "arith.constant"() <{value = 43008 : i64}> : () -> i64
    %408 = "arith.constant"() <{value = 116736 : i64}> : () -> i64
    %409 = "arith.constant"() <{value = 10240 : i64}> : () -> i64
    %410 = "arith.constant"() <{value = 83968 : i64}> : () -> i64
    %411 = "arith.constant"() <{value = -1 : i64}> : () -> i64
    %412 = "arith.constant"() <{value = 4 : i64}> : () -> i64
    %413 = "arith.constant"() <{value = 6 : i64}> : () -> i64
    %414 = "arith.constant"() <{value = 5 : i64}> : () -> i64
    %415 = "arith.constant"() <{value = 3 : i64}> : () -> i64
    %416 = "arith.constant"() <{value = 1 : i64}> : () -> i64
    %417 = "arith.constant"() <{value = 2 : i64}> : () -> i64
    %418 = "arith.constant"() <{value = 1856 : i64}> : () -> i64
    %419 = "arith.constant"() <{value = 320 : i64}> : () -> i64
    %420 = "arith.constant"() <{value = 8192 : i64}> : () -> i64
    %421 = "arith.constant"() <{value = 16 : index}> : () -> index
    %422 = "llvm.mlir.constant"() <{value = 1024 : i64}> : () -> i64
    %423 = "llvm.mlir.constant"() <{value = 0 : i64}> : () -> i64
    %424 = "llvm.mlir.constant"() <{value = 0 : i32}> : () -> i32
    %425 = "arith.constant"() <{value = 64 : i32}> : () -> i32
    %426 = "arith.constant"() <{value = 63 : i32}> : () -> i32
    %427 = "arith.constant"() <{value = 0.000000e+00 : bf16}> : () -> bf16
    %428 = "arith.constant"() <{value = 0 : i32}> : () -> i32
    %429 = "arith.constant"() <{value = 256 : index}> : () -> index
    %430 = "arith.constant"() <{value = 64 : index}> : () -> index
    %431 = "llvm.mlir.constant"() <{value = 4 : i64}> : () -> i64
    %432 = "llvm.mlir.constant"() <{value = 1028 : i64}> : () -> i64
    %433 = "llvm.mlir.constant"() <{value = 8 : i64}> : () -> i64
    %434 = "llvm.mlir.constant"() <{value = 1032 : i64}> : () -> i64
    %435 = "arith.constant"() <{value = 3 : i32}> : () -> i32
    %436 = "arith.constant"() <{value = 1 : i32}> : () -> i32
    %437 = "arith.constant"() <{value = 6 : index}> : () -> index
    %438 = "arith.constant"() <{value = true}> : () -> i1
    %439 = "arith.constant"() <{value = 28 : i32}> : () -> i32
    %440 = "arith.constant"() <{value = 0 : index}> : () -> index
    %441 = "arith.constant"() <{value = 0 : i64}> : () -> i64
    %442 = "memref.alloca"() <{operandSegmentSizes = array<i32: 0, 0>}> : () -> memref<1xi64>
    "memref.store"(%441, %442, %440) <{nontemporal = false}> : (i64, memref<1xi64>, index) -> ()
    %443 = "memref.alloca"() <{operandSegmentSizes = array<i32: 0, 0>}> : () -> memref<1xi64>
    "memref.store"(%441, %443, %440) <{nontemporal = false}> : (i64, memref<1xi64>, index) -> ()
    %444 = "hivm.hir.pointer_cast"(%441) <{operandSegmentSizes = array<i32: 1, 0>}> : (i64) -> memref<4x1x16x16xf32, #hivm.address_space<cc>>
    "annotation.mark"(%444) <{effects = ["write"]}> {hivm.multi_buffer = 2 : i32} : (memref<4x1x16x16xf32, #hivm.address_space<cc>>) -> ()
    %445 = "hivm.hir.pointer_cast"(%403) <{operandSegmentSizes = array<i32: 1, 0>}> : (i64) -> memref<4x1x16x16xf32, #hivm.address_space<cc>>
    "annotation.mark"(%445) <{effects = ["write"]}> {hivm.multi_buffer = 2 : i32} : (memref<4x1x16x16xf32, #hivm.address_space<cc>>) -> ()
    %446 = "hivm.hir.pointer_cast"(%441) <{operandSegmentSizes = array<i32: 1, 0>}> : (i64) -> memref<16x1x16x16xbf16, #hivm.address_space<cbuf>>
    "annotation.mark"(%446) <{effects = ["write"]}> {hivm.multi_buffer = 2 : i32} : (memref<16x1x16x16xbf16, #hivm.address_space<cbuf>>) -> ()
    %447 = "hivm.hir.pointer_cast"(%404) <{operandSegmentSizes = array<i32: 1, 0>}> : (i64) -> memref<16x1x16x16xbf16, #hivm.address_space<cbuf>>
    "annotation.mark"(%447) <{effects = ["write"]}> {hivm.multi_buffer = 2 : i32} : (memref<16x1x16x16xbf16, #hivm.address_space<cbuf>>) -> ()
    %448 = "hivm.hir.pointer_cast"(%405) <{operandSegmentSizes = array<i32: 1, 0>}> : (i64) -> memref<16x1x16x16xf32, #hivm.address_space<cc>>
    "annotation.mark"(%448) <{effects = ["write"]}> {hivm.multi_buffer = 2 : i32} : (memref<16x1x16x16xf32, #hivm.address_space<cc>>) -> ()
    %449 = "hivm.hir.pointer_cast"(%406) <{operandSegmentSizes = array<i32: 1, 0>}> : (i64) -> memref<16x1x16x16xf32, #hivm.address_space<cc>>
    "annotation.mark"(%449) <{effects = ["write"]}> {hivm.multi_buffer = 2 : i32} : (memref<16x1x16x16xf32, #hivm.address_space<cc>>) -> ()
    %450 = "hivm.hir.pointer_cast"(%407) <{operandSegmentSizes = array<i32: 1, 0>}> : (i64) -> memref<16x4x16x16xbf16, #hivm.address_space<cbuf>>
    "annotation.mark"(%450) <{effects = ["write"]}> {hivm.multi_buffer = 2 : i32} : (memref<16x4x16x16xbf16, #hivm.address_space<cbuf>>) -> ()
    %451 = "hivm.hir.pointer_cast"(%408) <{operandSegmentSizes = array<i32: 1, 0>}> : (i64) -> memref<16x4x16x16xbf16, #hivm.address_space<cbuf>>
    "annotation.mark"(%451) <{effects = ["write"]}> {hivm.multi_buffer = 2 : i32} : (memref<16x4x16x16xbf16, #hivm.address_space<cbuf>>) -> ()
    %452 = "hivm.hir.pointer_cast"(%409) <{operandSegmentSizes = array<i32: 1, 0>}> : (i64) -> memref<16x4x16x16xbf16, #hivm.address_space<cbuf>>
    "annotation.mark"(%452) <{effects = ["write"]}> {hivm.multi_buffer = 2 : i32} : (memref<16x4x16x16xbf16, #hivm.address_space<cbuf>>) -> ()
    %453 = "hivm.hir.pointer_cast"(%410) <{operandSegmentSizes = array<i32: 1, 0>}> : (i64) -> memref<16x4x16x16xbf16, #hivm.address_space<cbuf>>
    "annotation.mark"(%453) <{effects = ["write"]}> {hivm.multi_buffer = 2 : i32} : (memref<16x4x16x16xbf16, #hivm.address_space<cbuf>>) -> ()
    %454 = "arith.muli"(%arg117, %arg118) <{overflowFlags = #arith.overflow<none>}> : (i32, i32) -> i32
    %455 = "arith.muli"(%454, %arg119) <{overflowFlags = #arith.overflow<none>}> : (i32, i32) -> i32
    "annotation.mark"(%455) <{effects = ["write"]}> {logical_block_num} : (i32) -> ()
    %456 = "hivm.hir.get_block_idx"() : () -> i64
    %457 = "arith.trunci"(%456) : (i64) -> i32
    %458 = "llvm.inttoptr"(%423) : (i64) -> !llvm.ptr<11>
    %459 = "llvm.inttoptr"(%422) : (i64) -> !llvm.ptr<11>
    %460 = "llvm.inttoptr"(%431) : (i64) -> !llvm.ptr<11>
    %461 = "llvm.inttoptr"(%432) : (i64) -> !llvm.ptr<11>
    %462 = "llvm.inttoptr"(%433) : (i64) -> !llvm.ptr<11>
    %463 = "llvm.inttoptr"(%434) : (i64) -> !llvm.ptr<11>
    "hivm.hir.set_flag"() <{set_pipe = #hivm.pipe<PIPE_MTE1>, static_event_id = #hivm.event<EVENT_ID0>, wait_pipe = #hivm.pipe<PIPE_MTE2>}> : () -> ()
    "hivm.hir.set_flag"() <{set_pipe = #hivm.pipe<PIPE_MTE1>, static_event_id = #hivm.event<EVENT_ID1>, wait_pipe = #hivm.pipe<PIPE_MTE2>}> : () -> ()
    "hivm.hir.set_flag"() <{set_pipe = #hivm.pipe<PIPE_M>, static_event_id = #hivm.event<EVENT_ID0>, wait_pipe = #hivm.pipe<PIPE_MTE1>}> : () -> ()
    "hivm.hir.set_flag"() <{set_pipe = #hivm.pipe<PIPE_M>, static_event_id = #hivm.event<EVENT_ID1>, wait_pipe = #hivm.pipe<PIPE_MTE1>}> : () -> ()
    "scf.for"(%457, %455, %439) ({
    ^bb0(%arg120: i32):
      "hivm.hir.set_ctrl"() <{enable = false, idx = 60 : i64}> : () -> ()
      "hivm.hir.set_ctrl"() <{enable = true, idx = 48 : i64}> : () -> ()
      %464 = "arith.remsi"(%arg120, %arg117) : (i32, i32) -> i32
      "llvm.store"(%424, %458) <{ordering = 0 : i64, volatile_}> : (i32, !llvm.ptr<11>) -> ()
      "llvm.store"(%424, %459) <{ordering = 0 : i64, volatile_}> : (i32, !llvm.ptr<11>) -> ()
      "llvm.store"(%424, %460) <{ordering = 0 : i64, volatile_}> : (i32, !llvm.ptr<11>) -> ()
      "llvm.store"(%424, %461) <{ordering = 0 : i64, volatile_}> : (i32, !llvm.ptr<11>) -> ()
      "llvm.store"(%424, %462) <{ordering = 0 : i64, volatile_}> : (i32, !llvm.ptr<11>) -> ()
      "llvm.store"(%424, %463) <{ordering = 0 : i64, volatile_}> : (i32, !llvm.ptr<11>) -> ()
      %465 = "arith.divsi"(%464, %arg117) : (i32, i32) -> i32
      %466 = "arith.addi"(%464, %436) <{overflowFlags = #arith.overflow<none>}> : (i32, i32) -> i32
      %467 = "arith.divsi"(%466, %arg117) : (i32, i32) -> i32
      "scf.for"(%465, %467, %436) ({
      ^bb0(%arg121: i32):
        %468 = "memref.load"(%443, %440) <{nontemporal = false}> : (memref<1xi64>, index) -> i64
        %469 = "arith.remui"(%468, %417) : (i64, i64) -> i64
        %470 = "arith.index_cast"(%469) : (i64) -> index
        %471 = "arith.cmpi"(%469, %416) <{predicate = 0 : i64}> : (i64, i64) -> i1
        %472 = "arith.select"(%471, %447, %446) : (i1, memref<16x1x16x16xbf16, #hivm.address_space<cbuf>>, memref<16x1x16x16xbf16, #hivm.address_space<cbuf>>) -> memref<16x1x16x16xbf16, #hivm.address_space<cbuf>>
        %473 = "arith.index_cast"(%470) : (index) -> i1
        %474 = "arith.xori"(%473, %438) : (i1, i1) -> i1
        %475 = "arith.extui"(%474) : (i1) -> i64
        %476 = "arith.index_cast"(%arg121) : (i32) -> index
        %477 = "memref.reinterpret_cast"(%arg104, %476) <{operandSegmentSizes = array<i32: 1, 1, 0, 0>, static_offsets = array<i64: -9223372036854775808>, static_sizes = array<i64: 1>, static_strides = array<i64: 1>}> : (memref<?xi32, #hivm.address_space<gm>>, index) -> memref<1xi32, strided<[1], offset: ?>, #hivm.address_space<gm>>
        %478 = "memref.load"(%477, %440) : (memref<1xi32, strided<[1], offset: ?>, #hivm.address_space<gm>>, index) -> i32
        %479 = "affine.apply"(%476) <{map = #map5}> : (index) -> index
        %480 = "memref.reinterpret_cast"(%arg104, %479) <{operandSegmentSizes = array<i32: 1, 1, 0, 0>, static_offsets = array<i64: -9223372036854775808>, static_sizes = array<i64: 1>, static_strides = array<i64: 1>}> : (memref<?xi32, #hivm.address_space<gm>>, index) -> memref<1xi32, strided<[1], offset: ?>, #hivm.address_space<gm>>
        %481 = "memref.load"(%480, %440) : (memref<1xi32, strided<[1], offset: ?>, #hivm.address_space<gm>>, index) -> i32
        %482 = "arith.subi"(%481, %478) <{overflowFlags = #arith.overflow<none>}> : (i32, i32) -> i32
        %483 = "arith.cmpi"(%482, %428) <{predicate = 4 : i64}> : (i32, i32) -> i1
        "scf.if"(%483) ({
          %485 = "memref.reinterpret_cast"(%arg105, %476) <{operandSegmentSizes = array<i32: 1, 1, 0, 0>, static_offsets = array<i64: -9223372036854775808>, static_sizes = array<i64: 1>, static_strides = array<i64: 1>}> : (memref<?xi32, #hivm.address_space<gm>>, index) -> memref<1xi32, strided<[1], offset: ?>, #hivm.address_space<gm>>
          %486 = "memref.load"(%485, %440) : (memref<1xi32, strided<[1], offset: ?>, #hivm.address_space<gm>>, index) -> i32
          %487 = "arith.addi"(%486, %426) <{overflowFlags = #arith.overflow<none>}> : (i32, i32) -> i32
          %488 = "arith.divsi"(%487, %425) : (i32, i32) -> i32
          %489 = "arith.muli"(%478, %arg108) <{overflowFlags = #arith.overflow<none>}> : (i32, i32) -> i32
          %490 = "arith.index_cast"(%489) : (i32) -> index
          %491 = "arith.index_cast"(%arg109) : (i32) -> index
          %492 = "memref.reinterpret_cast"(%arg100, %490, %491) <{operandSegmentSizes = array<i32: 1, 1, 0, 1>, static_offsets = array<i64: -9223372036854775808>, static_sizes = array<i64: 6, 256>, static_strides = array<i64: -9223372036854775808, 1>}> : (memref<?xbf16, #hivm.address_space<gm>>, index, index) -> memref<6x256xbf16, strided<[?, 1], offset: ?>, #hivm.address_space<gm>>
          %493 = "memref.cast"(%472) : (memref<16x1x16x16xbf16, #hivm.address_space<cbuf>>) -> memref<?x?x?x?xbf16, #hivm.address_space<cbuf>>
          "hivm.hir.wait_flag"(%475) <{set_pipe = #hivm.pipe<PIPE_MTE1>, wait_pipe = #hivm.pipe<PIPE_MTE2>}> : (i64) -> ()
          "hivm.hir.nd2nz"(%492, %493) <{dst_continuous, init_out_buffer = false, operandSegmentSizes = array<i32: 1, 1, 0, 0>}> : (memref<6x256xbf16, strided<[?, 1], offset: ?>, #hivm.address_space<gm>>, memref<?x?x?x?xbf16, #hivm.address_space<cbuf>>) -> ()
          "hivm.hir.set_flag"() <{set_pipe = #hivm.pipe<PIPE_MTE2>, static_event_id = #hivm.event<EVENT_ID0>, wait_pipe = #hivm.pipe<PIPE_MTE1>}> : () -> ()
          %494 = "memref.load"(%485, %440) : (memref<1xi32, strided<[1], offset: ?>, #hivm.address_space<gm>>, index) -> i32
          %495 = "hivm.hir.pointer_cast"(%420) <{operandSegmentSizes = array<i32: 1, 0>}> : (i64) -> memref<4x1x16x16xbf16, #hivm.address_space<cbuf>>
          "annotation.mark"(%495) <{effects = ["write", "read"]}> {hivm.tightly_coupled_buffer = #hivm.tightly_coupled_buffer<0>} : (memref<4x1x16x16xbf16, #hivm.address_space<cbuf>>) -> ()
          "hivm.hir.sync_block_set"() <{operandSegmentSizes = array<i32: 0, 0>, pipe = #hivm.pipe<PIPE_MTE3>, static_flag_id = 1 : i64, tcore_type = #hivm.tcore_type<CUBE>, tpipe = #hivm.pipe<PIPE_M>}> : () -> ()
          %496 = "hivm.hir.pointer_cast"(%419) <{operandSegmentSizes = array<i32: 1, 0>}> : (i64) -> memref<6x64xf32, #hivm.address_space<ub>>
          "annotation.mark"(%496) <{effects = ["write", "read"]}> {hivm.tightly_coupled_buffer = #hivm.tightly_coupled_buffer<1>} : (memref<6x64xf32, #hivm.address_space<ub>>) -> ()
          %497 = "hivm.hir.pointer_cast"(%418) <{operandSegmentSizes = array<i32: 1, 0>}> : (i64) -> memref<6x256xf32, #hivm.address_space<ub>>
          "annotation.mark"(%497) <{effects = ["write", "read"]}> {hivm.tightly_coupled_buffer = #hivm.tightly_coupled_buffer<2>} : (memref<6x256xf32, #hivm.address_space<ub>>) -> ()
          %498 = "arith.addi"(%488, %435) <{overflowFlags = #arith.overflow<none>}> : (i32, i32) -> i32
          "hivm.hir.wait_flag"() <{set_pipe = #hivm.pipe<PIPE_MTE2>, static_event_id = #hivm.event<EVENT_ID0>, wait_pipe = #hivm.pipe<PIPE_MTE1>}> : () -> ()
          "hivm.hir.set_flag"() <{set_pipe = #hivm.pipe<PIPE_MTE1>, static_event_id = #hivm.event<EVENT_ID3>, wait_pipe = #hivm.pipe<PIPE_MTE2>}> : () -> ()
          "hivm.hir.set_flag"() <{set_pipe = #hivm.pipe<PIPE_MTE1>, static_event_id = #hivm.event<EVENT_ID4>, wait_pipe = #hivm.pipe<PIPE_MTE2>}> : () -> ()
          "hivm.hir.set_flag"() <{set_pipe = #hivm.pipe<PIPE_MTE1>, static_event_id = #hivm.event<EVENT_ID5>, wait_pipe = #hivm.pipe<PIPE_MTE2>}> : () -> ()
          "hivm.hir.set_flag"() <{set_pipe = #hivm.pipe<PIPE_MTE1>, static_event_id = #hivm.event<EVENT_ID6>, wait_pipe = #hivm.pipe<PIPE_MTE2>}> : () -> ()
          "hivm.hir.set_flag"() <{set_pipe = #hivm.pipe<PIPE_FIX>, static_event_id = #hivm.event<EVENT_ID0>, wait_pipe = #hivm.pipe<PIPE_M>}> : () -> ()
          "hivm.hir.set_flag"() <{set_pipe = #hivm.pipe<PIPE_FIX>, static_event_id = #hivm.event<EVENT_ID1>, wait_pipe = #hivm.pipe<PIPE_M>}> : () -> ()
          "hivm.hir.set_flag"() <{set_pipe = #hivm.pipe<PIPE_FIX>, static_event_id = #hivm.event<EVENT_ID2>, wait_pipe = #hivm.pipe<PIPE_M>}> : () -> ()
          "hivm.hir.set_flag"() <{set_pipe = #hivm.pipe<PIPE_FIX>, static_event_id = #hivm.event<EVENT_ID3>, wait_pipe = #hivm.pipe<PIPE_M>}> : () -> ()
          %499:3 = "scf.for"(%428, %498, %436, %428, %428, %428) ({
          ^bb0(%arg122: i32, %arg123: i32, %arg124: i32, %arg125: i32):
            %500 = "memref.load"(%442, %440) <{nontemporal = false}> : (memref<1xi64>, index) -> i64
            %501 = "arith.remui"(%500, %417) : (i64, i64) -> i64
            %502 = "arith.index_cast"(%501) : (i64) -> index
            %503 = "arith.cmpi"(%501, %416) <{predicate = 0 : i64}> : (i64, i64) -> i1
            %504 = "arith.select"(%503, %445, %444) : (i1, memref<4x1x16x16xf32, #hivm.address_space<cc>>, memref<4x1x16x16xf32, #hivm.address_space<cc>>) -> memref<4x1x16x16xf32, #hivm.address_space<cc>>
            %505 = "arith.select"(%503, %449, %448) : (i1, memref<16x1x16x16xf32, #hivm.address_space<cc>>, memref<16x1x16x16xf32, #hivm.address_space<cc>>) -> memref<16x1x16x16xf32, #hivm.address_space<cc>>
            %506 = "arith.select"(%503, %451, %450) : (i1, memref<16x4x16x16xbf16, #hivm.address_space<cbuf>>, memref<16x4x16x16xbf16, #hivm.address_space<cbuf>>) -> memref<16x4x16x16xbf16, #hivm.address_space<cbuf>>
            %507 = "arith.select"(%503, %453, %452) : (i1, memref<16x4x16x16xbf16, #hivm.address_space<cbuf>>, memref<16x4x16x16xbf16, #hivm.address_space<cbuf>>) -> memref<16x4x16x16xbf16, #hivm.address_space<cbuf>>
            %508 = "arith.index_cast"(%502) : (index) -> i1
            %509 = "arith.select"(%508, %417, %415) : (i1, i64, i64) -> i64
            %510 = "arith.select"(%508, %414, %413) : (i1, i64, i64) -> i64
            %511 = "arith.xori"(%508, %438) : (i1, i1) -> i1
            %512 = "arith.extui"(%511) : (i1) -> i64
            %513 = "arith.select"(%508, %415, %412) : (i1, i64, i64) -> i64
            "hivm.hir.sync_block_wait"() <{pipe = #hivm.pipe<PIPE_S>, static_flag_id = 15 : i64, tcore_type = #hivm.tcore_type<CUBE>, tpipe = #hivm.pipe<PIPE_S>}> : () -> ()
            %514 = "arith.cmpi"(%arg123, %488) <{predicate = 2 : i64}> : (i32, i32) -> i1
            %515 = "scf.if"(%514) ({
              %611 = "arith.addi"(%arg123, %436) <{overflowFlags = #arith.overflow<none>}> : (i32, i32) -> i32
              "scf.yield"(%611) : (i32) -> ()
            }, {
              "scf.yield"(%arg123) : (i32) -> ()
            }) {hivm.matmul_limited_in_cube, ssbuffer.if = 7 : i32} : (i1) -> i32
            %516 = "llvm.load"(%458) <{ordering = 0 : i64, volatile_}> : (!llvm.ptr<11>) -> i32
            %517 = "llvm.load"(%459) <{ordering = 0 : i64, volatile_}> : (!llvm.ptr<11>) -> i32
            %518 = "arith.cmpi"(%516, %436) <{predicate = 2 : i64}> : (i32, i32) -> i1
            %519 = "arith.cmpi"(%517, %436) <{predicate = 2 : i64}> : (i32, i32) -> i1
            %520 = "arith.andi"(%518, %519) : (i1, i1) -> i1
            %521 = "arith.cmpi"(%arg124, %488) <{predicate = 2 : i64}> : (i32, i32) -> i1
            %522 = "arith.andi"(%520, %521) : (i1, i1) -> i1
            %523 = "scf.if"(%522) ({
              %577 = "arith.muli"(%arg124, %425) <{overflowFlags = #arith.overflow<none>}> : (i32, i32) -> i32
              %578 = "arith.addi"(%577, %425) <{overflowFlags = #arith.overflow<none>}> : (i32, i32) -> i32
              %579 = "arith.minsi"(%578, %494) : (i32, i32) -> i32
              %580 = "arith.subi"(%579, %577) <{overflowFlags = #arith.overflow<none>}> : (i32, i32) -> i32
              %581 = "arith.index_cast"(%580) : (i32) -> index
              %582 = "arith.index_cast"(%arg111) : (i32) -> index
              %583 = "arith.maxsi"(%581, %440) : (index, index) -> index
              %584 = "arith.minsi"(%583, %430) : (index, index) -> index
              %585 = "arith.minsi"(%584, %440) : (index, index) -> index
              %586 = "affine.apply"(%584, %585) <{map = #map6}> : (index, index) -> index
              %587 = "arith.cmpi"(%586, %430) <{predicate = 2 : i64}> : (index, index) -> i1
              %588 = "memref.cast"(%507) : (memref<16x4x16x16xbf16, #hivm.address_space<cbuf>>) -> memref<?x?x?x?xbf16, #hivm.address_space<cbuf>>
              %589 = "arith.divsi"(%577, %425) : (i32, i32) -> i32
              %590 = "arith.minsi"(%589, %428) : (i32, i32) -> i32
              %591 = "arith.index_cast"(%590) : (i32) -> index
              %592 = "affine.apply"(%476, %591) <{map = #map7}> : (index, index) -> index
              %593 = "memref.reinterpret_cast"(%arg106, %592) <{operandSegmentSizes = array<i32: 1, 1, 0, 0>, static_offsets = array<i64: -9223372036854775808>, static_sizes = array<i64: 1>, static_strides = array<i64: 1>}> : (memref<?xi32, #hivm.address_space<gm>>, index) -> memref<1xi32, strided<[1], offset: ?>, #hivm.address_space<gm>>
              %594 = "memref.load"(%593, %440) : (memref<1xi32, strided<[1], offset: ?>, #hivm.address_space<gm>>, index) -> i32
              %595 = "arith.muli"(%594, %arg110) <{overflowFlags = #arith.overflow<none>}> : (i32, i32) -> i32
              %596 = "arith.index_cast"(%595) : (i32) -> index
              %597 = "memref.reinterpret_cast"(%arg101, %596, %582) <{operandSegmentSizes = array<i32: 1, 1, 0, 1>, static_offsets = array<i64: -9223372036854775808>, static_sizes = array<i64: 64, 256>, static_strides = array<i64: -9223372036854775808, 1>}> : (memref<?xbf16, #hivm.address_space<gm>>, index, index) -> memref<64x256xbf16, strided<[?, 1], offset: ?>, #hivm.address_space<gm>>
              %598 = "memref.subview"(%597, %586) <{operandSegmentSizes = array<i32: 1, 0, 1, 0>, static_offsets = array<i64: 0, 0>, static_sizes = array<i64: -9223372036854775808, 256>, static_strides = array<i64: 1, 1>}> : (memref<64x256xbf16, strided<[?, 1], offset: ?>, #hivm.address_space<gm>>, index) -> memref<?x256xbf16, strided<[?, 1], offset: ?>, #hivm.address_space<gm>>
              %599 = "affine.apply"(%584, %585) <{map = #map8}> : (index, index) -> index
              %600 = "affine.apply"(%585) <{map = #map9}> : (index) -> index
              %601 = "affine.apply"(%585) <{map = #map10}> : (index) -> index
              %602 = "memref.subview"(%507, %600, %601, %599) <{operandSegmentSizes = array<i32: 1, 2, 1, 0>, static_offsets = array<i64: 0, -9223372036854775808, -9223372036854775808, 0>, static_sizes = array<i64: 16, -9223372036854775808, 16, 16>, static_strides = array<i64: 1, 1, 1, 1>}> : (memref<16x4x16x16xbf16, #hivm.address_space<cbuf>>, index, index, index) -> memref<16x?x16x16xbf16, strided<[1024, 256, 16, 1], offset: ?>, #hivm.address_space<cbuf>>
              %603 = "memref.cast"(%602) : (memref<16x?x16x16xbf16, strided<[1024, 256, 16, 1], offset: ?>, #hivm.address_space<cbuf>>) -> memref<?x?x?x?xbf16, strided<[?, ?, ?, 1], offset: ?>, #hivm.address_space<cbuf>>
              "scf.if"(%587) ({
                "hivm.hir.set_flag"() <{set_pipe = #hivm.pipe<PIPE_MTE1>, static_event_id = #hivm.event<EVENT_ID2>, wait_pipe = #hivm.pipe<PIPE_MTE2>}> : () -> ()
                %610 = "memref.collapse_shape"(%507) <{reassociation = [[0, 1, 2, 3]]}> : (memref<16x4x16x16xbf16, #hivm.address_space<cbuf>>) -> memref<16384xbf16, #hivm.address_space<cbuf>>
                "hivm.hir.wait_flag"() <{set_pipe = #hivm.pipe<PIPE_MTE1>, static_event_id = #hivm.event<EVENT_ID2>, wait_pipe = #hivm.pipe<PIPE_MTE2>}> : () -> ()
                "hivm.hir.vbrc"(%427, %610) <{broadcast_dims = array<i64>}> : (bf16, memref<16384xbf16, #hivm.address_space<cbuf>>) -> ()
                "hivm.hir.pipe_barrier"() <{pipe = #hivm.pipe<PIPE_MTE2>}> : () -> ()
                "scf.yield"() : () -> ()
              }, {
              }) {hivm.unlikely_condition} : (i1) -> ()
              "hivm.hir.wait_flag"(%513) <{set_pipe = #hivm.pipe<PIPE_MTE1>, wait_pipe = #hivm.pipe<PIPE_MTE2>}> : (i64) -> ()
              "hivm.hir.nd2nz"(%598, %603) <{dst_continuous, init_out_buffer = false, operandSegmentSizes = array<i32: 1, 1, 0, 0>}> : (memref<?x256xbf16, strided<[?, 1], offset: ?>, #hivm.address_space<gm>>, memref<?x?x?x?xbf16, strided<[?, ?, ?, 1], offset: ?>, #hivm.address_space<cbuf>>) -> ()
              "hivm.hir.set_flag"() <{set_pipe = #hivm.pipe<PIPE_MTE2>, static_event_id = #hivm.event<EVENT_ID0>, wait_pipe = #hivm.pipe<PIPE_MTE1>}> : () -> ()
              %604 = "memref.cast"(%504) : (memref<4x1x16x16xf32, #hivm.address_space<cc>>) -> memref<?x?x?x?xf32, #hivm.address_space<cc>>
              "hivm.hir.wait_flag"(%512) <{set_pipe = #hivm.pipe<PIPE_FIX>, wait_pipe = #hivm.pipe<PIPE_M>}> : (i64) -> ()
              "hivm.hir.mmadL1"(%493, %588, %438, %437, %429, %430, %604, %411, %441, %411, %513, %411, %411, %411) <{b_transpose, operandSegmentSizes = array<i32: 1, 1, 1, 1, 1, 1, 1, 7, 0, 0>}> {already_set_real_mkn, normalized_in_L0C} : (memref<?x?x?x?xbf16, #hivm.address_space<cbuf>>, memref<?x?x?x?xbf16, #hivm.address_space<cbuf>>, i1, index, index, index, memref<?x?x?x?xf32, #hivm.address_space<cc>>, i64, i64, i64, i64, i64, i64, i64) -> ()
              "hivm.hir.set_flag"() <{set_pipe = #hivm.pipe<PIPE_M>, static_event_id = #hivm.event<EVENT_ID0>, wait_pipe = #hivm.pipe<PIPE_FIX>}> : () -> ()
              "hivm.hir.sync_block_wait"() <{pipe = #hivm.pipe<PIPE_FIX>, static_flag_id = 2 : i64, tcore_type = #hivm.tcore_type<CUBE>, tpipe = #hivm.pipe<PIPE_V>}> : () -> ()
              "hivm.hir.wait_flag"() <{set_pipe = #hivm.pipe<PIPE_M>, static_event_id = #hivm.event<EVENT_ID0>, wait_pipe = #hivm.pipe<PIPE_FIX>}> : () -> ()
              "hivm.hir.pipe_barrier"() <{pipe = #hivm.pipe<PIPE_FIX>}> : () -> ()
              "hivm.hir.fixpipe"(%504, %496) <{dma_mode = #hivm.dma_mode<nz2nd>, operandSegmentSizes = array<i32: 1, 1, 0, 0>}> : (memref<4x1x16x16xf32, #hivm.address_space<cc>>, memref<6x64xf32, #hivm.address_space<ub>>) -> ()
              "hivm.hir.set_flag"(%512) <{set_pipe = #hivm.pipe<PIPE_FIX>, wait_pipe = #hivm.pipe<PIPE_M>}> : (i64) -> ()
              "hivm.hir.sync_block_set"() <{operandSegmentSizes = array<i32: 0, 0>, pipe = #hivm.pipe<PIPE_V>, static_flag_id = 2 : i64, tcore_type = #hivm.tcore_type<CUBE>, tpipe = #hivm.pipe<PIPE_FIX>}> : () -> ()
              %605 = "llvm.load"(%458) <{ordering = 0 : i64, volatile_}> : (!llvm.ptr<11>) -> i32
              %606 = "llvm.load"(%459) <{ordering = 0 : i64, volatile_}> : (!llvm.ptr<11>) -> i32
              %607 = "arith.addi"(%605, %436) <{overflowFlags = #arith.overflow<none>}> : (i32, i32) -> i32
              %608 = "arith.addi"(%606, %436) <{overflowFlags = #arith.overflow<none>}> : (i32, i32) -> i32
              "llvm.store"(%607, %458) <{ordering = 0 : i64, volatile_}> : (i32, !llvm.ptr<11>) -> ()
              "llvm.store"(%608, %459) <{ordering = 0 : i64, volatile_}> : (i32, !llvm.ptr<11>) -> ()
              %609 = "arith.addi"(%arg124, %436) <{overflowFlags = #arith.overflow<none>}> : (i32, i32) -> i32
              "scf.yield"(%609) : (i32) -> ()
            }, {
              "scf.yield"(%arg124) : (i32) -> ()
            }) {hivm.matmul_limited_in_cube, ssbuffer.if = 4 : i32} : (i1) -> i32
            %524 = "llvm.load"(%462) <{ordering = 0 : i64, volatile_}> : (!llvm.ptr<11>) -> i32
            %525 = "llvm.load"(%463) <{ordering = 0 : i64, volatile_}> : (!llvm.ptr<11>) -> i32
            %526 = "arith.cmpi"(%524, %428) <{predicate = 4 : i64}> : (i32, i32) -> i1
            %527 = "arith.cmpi"(%525, %428) <{predicate = 4 : i64}> : (i32, i32) -> i1
            %528 = "arith.andi"(%526, %527) : (i1, i1) -> i1
            %529 = "llvm.load"(%460) <{ordering = 0 : i64, volatile_}> : (!llvm.ptr<11>) -> i32
            %530 = "llvm.load"(%461) <{ordering = 0 : i64, volatile_}> : (!llvm.ptr<11>) -> i32
            %531 = "arith.cmpi"(%529, %436) <{predicate = 2 : i64}> : (i32, i32) -> i1
            %532 = "arith.cmpi"(%530, %436) <{predicate = 2 : i64}> : (i32, i32) -> i1
            %533 = "arith.andi"(%531, %532) : (i1, i1) -> i1
            %534 = "arith.andi"(%528, %533) : (i1, i1) -> i1
            %535 = "arith.cmpi"(%arg125, %488) <{predicate = 2 : i64}> : (i32, i32) -> i1
            %536 = "arith.andi"(%534, %535) : (i1, i1) -> i1
            %537 = "scf.if"(%536) ({
              %539 = "arith.muli"(%arg125, %425) <{overflowFlags = #arith.overflow<none>}> : (i32, i32) -> i32
              %540 = "arith.addi"(%539, %425) <{overflowFlags = #arith.overflow<none>}> : (i32, i32) -> i32
              %541 = "arith.minsi"(%540, %494) : (i32, i32) -> i32
              %542 = "arith.subi"(%541, %539) <{overflowFlags = #arith.overflow<none>}> : (i32, i32) -> i32
              %543 = "arith.index_cast"(%arg113) : (i32) -> index
              %544 = "arith.index_cast"(%542) : (i32) -> index
              %545 = "arith.maxsi"(%544, %440) : (index, index) -> index
              %546 = "arith.minsi"(%545, %430) : (index, index) -> index
              %547 = "arith.minsi"(%546, %440) : (index, index) -> index
              %548 = "affine.apply"(%546, %547) <{map = #map6}> : (index, index) -> index
              %549 = "arith.cmpi"(%548, %430) <{predicate = 2 : i64}> : (index, index) -> i1
              %550 = "arith.divsi"(%539, %425) : (i32, i32) -> i32
              %551 = "arith.minsi"(%550, %428) : (i32, i32) -> i32
              %552 = "arith.index_cast"(%551) : (i32) -> index
              %553 = "affine.apply"(%476, %552) <{map = #map7}> : (index, index) -> index
              %554 = "memref.reinterpret_cast"(%arg106, %553) <{operandSegmentSizes = array<i32: 1, 1, 0, 0>, static_offsets = array<i64: -9223372036854775808>, static_sizes = array<i64: 1>, static_strides = array<i64: 1>}> : (memref<?xi32, #hivm.address_space<gm>>, index) -> memref<1xi32, strided<[1], offset: ?>, #hivm.address_space<gm>>
              %555 = "memref.load"(%554, %440) : (memref<1xi32, strided<[1], offset: ?>, #hivm.address_space<gm>>, index) -> i32
              %556 = "memref.cast"(%506) : (memref<16x4x16x16xbf16, #hivm.address_space<cbuf>>) -> memref<?x?x?x?xbf16, #hivm.address_space<cbuf>>
              %557 = "arith.muli"(%555, %arg112) <{overflowFlags = #arith.overflow<none>}> : (i32, i32) -> i32
              %558 = "arith.index_cast"(%557) : (i32) -> index
              %559 = "memref.reinterpret_cast"(%arg102, %558, %543) <{operandSegmentSizes = array<i32: 1, 1, 0, 1>, static_offsets = array<i64: -9223372036854775808>, static_sizes = array<i64: 64, 256>, static_strides = array<i64: -9223372036854775808, 1>}> : (memref<?xbf16, #hivm.address_space<gm>>, index, index) -> memref<64x256xbf16, strided<[?, 1], offset: ?>, #hivm.address_space<gm>>
              %560 = "memref.subview"(%559, %548) <{operandSegmentSizes = array<i32: 1, 0, 1, 0>, static_offsets = array<i64: 0, 0>, static_sizes = array<i64: -9223372036854775808, 256>, static_strides = array<i64: 1, 1>}> : (memref<64x256xbf16, strided<[?, 1], offset: ?>, #hivm.address_space<gm>>, index) -> memref<?x256xbf16, strided<[?, 1], offset: ?>, #hivm.address_space<gm>>
              %561 = "affine.apply"(%546, %547) <{map = #map8}> : (index, index) -> index
              %562 = "affine.apply"(%547) <{map = #map9}> : (index) -> index
              %563 = "affine.apply"(%547) <{map = #map10}> : (index) -> index
              %564 = "memref.subview"(%506, %562, %563, %561) <{operandSegmentSizes = array<i32: 1, 2, 1, 0>, static_offsets = array<i64: 0, -9223372036854775808, -9223372036854775808, 0>, static_sizes = array<i64: 16, -9223372036854775808, 16, 16>, static_strides = array<i64: 1, 1, 1, 1>}> : (memref<16x4x16x16xbf16, #hivm.address_space<cbuf>>, index, index, index) -> memref<16x?x16x16xbf16, strided<[1024, 256, 16, 1], offset: ?>, #hivm.address_space<cbuf>>
              %565 = "memref.cast"(%564) : (memref<16x?x16x16xbf16, strided<[1024, 256, 16, 1], offset: ?>, #hivm.address_space<cbuf>>) -> memref<?x?x?x?xbf16, strided<[?, ?, ?, 1], offset: ?>, #hivm.address_space<cbuf>>
              "scf.if"(%549) ({
                "hivm.hir.set_flag"() <{set_pipe = #hivm.pipe<PIPE_MTE1>, static_event_id = #hivm.event<EVENT_ID2>, wait_pipe = #hivm.pipe<PIPE_MTE2>}> : () -> ()
                %576 = "memref.collapse_shape"(%506) <{reassociation = [[0, 1, 2, 3]]}> : (memref<16x4x16x16xbf16, #hivm.address_space<cbuf>>) -> memref<16384xbf16, #hivm.address_space<cbuf>>
                "hivm.hir.wait_flag"() <{set_pipe = #hivm.pipe<PIPE_MTE1>, static_event_id = #hivm.event<EVENT_ID2>, wait_pipe = #hivm.pipe<PIPE_MTE2>}> : () -> ()
                "hivm.hir.vbrc"(%427, %576) <{broadcast_dims = array<i64>}> : (bf16, memref<16384xbf16, #hivm.address_space<cbuf>>) -> ()
                "hivm.hir.pipe_barrier"() <{pipe = #hivm.pipe<PIPE_MTE2>}> : () -> ()
                "scf.yield"() : () -> ()
              }, {
              }) {hivm.unlikely_condition} : (i1) -> ()
              "hivm.hir.wait_flag"(%510) <{set_pipe = #hivm.pipe<PIPE_MTE1>, wait_pipe = #hivm.pipe<PIPE_MTE2>}> : (i64) -> ()
              "hivm.hir.nd2nz"(%560, %565) <{dst_continuous, init_out_buffer = false, operandSegmentSizes = array<i32: 1, 1, 0, 0>}> : (memref<?x256xbf16, strided<[?, 1], offset: ?>, #hivm.address_space<gm>>, memref<?x?x?x?xbf16, strided<[?, ?, ?, 1], offset: ?>, #hivm.address_space<cbuf>>) -> ()
              "hivm.hir.set_flag"() <{set_pipe = #hivm.pipe<PIPE_MTE2>, static_event_id = #hivm.event<EVENT_ID0>, wait_pipe = #hivm.pipe<PIPE_MTE1>}> : () -> ()
              "hivm.hir.sync_block_wait"() <{pipe = #hivm.pipe<PIPE_MTE1>, static_flag_id = 1 : i64, tcore_type = #hivm.tcore_type<CUBE>, tpipe = #hivm.pipe<PIPE_MTE3>}> : () -> ()
              %566 = "memref.cast"(%505) : (memref<16x1x16x16xf32, #hivm.address_space<cc>>) -> memref<?x?x?x?xf32, #hivm.address_space<cc>>
              "hivm.hir.wait_flag"(%509) <{set_pipe = #hivm.pipe<PIPE_FIX>, wait_pipe = #hivm.pipe<PIPE_M>}> : (i64) -> ()
              "hivm.hir.mmadL1"(%495, %556, %438, %421, %430, %429, %566, %411, %441, %411, %510, %411, %411, %411) <{operandSegmentSizes = array<i32: 1, 1, 1, 1, 1, 1, 1, 7, 0, 0>}> {already_set_real_mkn, normalized_in_L0C} : (memref<4x1x16x16xbf16, #hivm.address_space<cbuf>>, memref<?x?x?x?xbf16, #hivm.address_space<cbuf>>, i1, index, index, index, memref<?x?x?x?xf32, #hivm.address_space<cc>>, i64, i64, i64, i64, i64, i64, i64) -> ()
              "hivm.hir.set_flag"() <{set_pipe = #hivm.pipe<PIPE_M>, static_event_id = #hivm.event<EVENT_ID0>, wait_pipe = #hivm.pipe<PIPE_FIX>}> : () -> ()
              "hivm.hir.sync_block_set"() <{operandSegmentSizes = array<i32: 0, 0>, pipe = #hivm.pipe<PIPE_MTE3>, static_flag_id = 1 : i64, tcore_type = #hivm.tcore_type<CUBE>, tpipe = #hivm.pipe<PIPE_M>}> : () -> ()
              "hivm.hir.sync_block_wait"() <{pipe = #hivm.pipe<PIPE_FIX>, static_flag_id = 3 : i64, tcore_type = #hivm.tcore_type<CUBE>, tpipe = #hivm.pipe<PIPE_V>}> : () -> ()
              "hivm.hir.wait_flag"() <{set_pipe = #hivm.pipe<PIPE_M>, static_event_id = #hivm.event<EVENT_ID0>, wait_pipe = #hivm.pipe<PIPE_FIX>}> : () -> ()
              "hivm.hir.pipe_barrier"() <{pipe = #hivm.pipe<PIPE_FIX>}> : () -> ()
              "hivm.hir.fixpipe"(%505, %497) <{dma_mode = #hivm.dma_mode<nz2nd>, operandSegmentSizes = array<i32: 1, 1, 0, 0>}> : (memref<16x1x16x16xf32, #hivm.address_space<cc>>, memref<6x256xf32, #hivm.address_space<ub>>) -> ()
              "hivm.hir.set_flag"(%509) <{set_pipe = #hivm.pipe<PIPE_FIX>, wait_pipe = #hivm.pipe<PIPE_M>}> : (i64) -> ()
              "hivm.hir.sync_block_set"() <{operandSegmentSizes = array<i32: 0, 0>, pipe = #hivm.pipe<PIPE_V>, static_flag_id = 3 : i64, tcore_type = #hivm.tcore_type<CUBE>, tpipe = #hivm.pipe<PIPE_FIX>}> : () -> ()
              %567 = "llvm.load"(%462) <{ordering = 0 : i64, volatile_}> : (!llvm.ptr<11>) -> i32
              %568 = "llvm.load"(%463) <{ordering = 0 : i64, volatile_}> : (!llvm.ptr<11>) -> i32
              %569 = "arith.subi"(%567, %436) <{overflowFlags = #arith.overflow<none>}> : (i32, i32) -> i32
              %570 = "arith.subi"(%568, %436) <{overflowFlags = #arith.overflow<none>}> : (i32, i32) -> i32
              "llvm.store"(%569, %462) <{ordering = 0 : i64, volatile_}> : (i32, !llvm.ptr<11>) -> ()
              "llvm.store"(%570, %463) <{ordering = 0 : i64, volatile_}> : (i32, !llvm.ptr<11>) -> ()
              %571 = "llvm.load"(%460) <{ordering = 0 : i64, volatile_}> : (!llvm.ptr<11>) -> i32
              %572 = "llvm.load"(%461) <{ordering = 0 : i64, volatile_}> : (!llvm.ptr<11>) -> i32
              %573 = "arith.addi"(%571, %436) <{overflowFlags = #arith.overflow<none>}> : (i32, i32) -> i32
              %574 = "arith.addi"(%572, %436) <{overflowFlags = #arith.overflow<none>}> : (i32, i32) -> i32
              "llvm.store"(%573, %460) <{ordering = 0 : i64, volatile_}> : (i32, !llvm.ptr<11>) -> ()
              "llvm.store"(%574, %461) <{ordering = 0 : i64, volatile_}> : (i32, !llvm.ptr<11>) -> ()
              %575 = "arith.addi"(%arg125, %436) <{overflowFlags = #arith.overflow<none>}> : (i32, i32) -> i32
              "scf.yield"(%575) : (i32) -> ()
            }, {
              "scf.yield"(%arg125) : (i32) -> ()
            }) {hivm.matmul_limited_in_cube, ssbuffer.if = 6 : i32} : (i1) -> i32
            "hivm.hir.sync_block_set"() <{operandSegmentSizes = array<i32: 0, 0>, pipe = #hivm.pipe<PIPE_S>, static_flag_id = 15 : i64, tcore_type = #hivm.tcore_type<CUBE>, tpipe = #hivm.pipe<PIPE_S>}> : () -> ()
            %538 = "arith.addi"(%500, %416) <{overflowFlags = #arith.overflow<none>}> : (i64, i64) -> i64
            "memref.store"(%538, %442, %440) <{nontemporal = false}> : (i64, memref<1xi64>, index) -> ()
            "scf.yield"(%515, %523, %537) : (i32, i32, i32) -> ()
          }) {fixpipe_for_mmad_result_already_inserted = true} : (i32, i32, i32, i32, i32, i32) -> (i32, i32, i32)
          "hivm.hir.wait_flag"() <{set_pipe = #hivm.pipe<PIPE_FIX>, static_event_id = #hivm.event<EVENT_ID0>, wait_pipe = #hivm.pipe<PIPE_M>}> : () -> ()
          "hivm.hir.wait_flag"() <{set_pipe = #hivm.pipe<PIPE_FIX>, static_event_id = #hivm.event<EVENT_ID1>, wait_pipe = #hivm.pipe<PIPE_M>}> : () -> ()
          "hivm.hir.wait_flag"() <{set_pipe = #hivm.pipe<PIPE_FIX>, static_event_id = #hivm.event<EVENT_ID2>, wait_pipe = #hivm.pipe<PIPE_M>}> : () -> ()
          "hivm.hir.wait_flag"() <{set_pipe = #hivm.pipe<PIPE_FIX>, static_event_id = #hivm.event<EVENT_ID3>, wait_pipe = #hivm.pipe<PIPE_M>}> : () -> ()
          "hivm.hir.wait_flag"() <{set_pipe = #hivm.pipe<PIPE_MTE1>, static_event_id = #hivm.event<EVENT_ID3>, wait_pipe = #hivm.pipe<PIPE_MTE2>}> : () -> ()
          "hivm.hir.wait_flag"() <{set_pipe = #hivm.pipe<PIPE_MTE1>, static_event_id = #hivm.event<EVENT_ID4>, wait_pipe = #hivm.pipe<PIPE_MTE2>}> : () -> ()
          "hivm.hir.wait_flag"() <{set_pipe = #hivm.pipe<PIPE_MTE1>, static_event_id = #hivm.event<EVENT_ID5>, wait_pipe = #hivm.pipe<PIPE_MTE2>}> : () -> ()
          "hivm.hir.wait_flag"() <{set_pipe = #hivm.pipe<PIPE_MTE1>, static_event_id = #hivm.event<EVENT_ID6>, wait_pipe = #hivm.pipe<PIPE_MTE2>}> : () -> ()
          "hivm.hir.set_flag"(%475) <{set_pipe = #hivm.pipe<PIPE_MTE1>, wait_pipe = #hivm.pipe<PIPE_MTE2>}> : (i64) -> ()
          "hivm.hir.sync_block_wait"() <{pipe = #hivm.pipe<PIPE_S>, static_flag_id = 15 : i64, tcore_type = #hivm.tcore_type<CUBE>, tpipe = #hivm.pipe<PIPE_S>}> : () -> ()
          "hivm.hir.sync_block_wait"() <{pipe = #hivm.pipe<PIPE_FIX>, static_flag_id = 3 : i64, tcore_type = #hivm.tcore_type<CUBE>, tpipe = #hivm.pipe<PIPE_V>}> : () -> ()
          "hivm.hir.sync_block_wait"() <{pipe = #hivm.pipe<PIPE_FIX>, static_flag_id = 2 : i64, tcore_type = #hivm.tcore_type<CUBE>, tpipe = #hivm.pipe<PIPE_V>}> : () -> ()
          "scf.yield"() : () -> ()
        }, {
        }) : (i1) -> ()
        %484 = "arith.addi"(%468, %416) <{overflowFlags = #arith.overflow<none>}> : (i64, i64) -> i64
        "memref.store"(%484, %443, %440) <{nontemporal = false}> : (i64, memref<1xi64>, index) -> ()
        "scf.yield"() : () -> ()
      }) : (i32, i32, i32) -> ()
      "hivm.hir.set_ctrl"() <{enable = true, idx = 60 : i64}> : () -> ()
      "scf.yield"() : () -> ()
    }) {autoblockify.subloop} : (i32, i32, i32) -> ()
    "hivm.hir.wait_flag"() <{set_pipe = #hivm.pipe<PIPE_M>, static_event_id = #hivm.event<EVENT_ID0>, wait_pipe = #hivm.pipe<PIPE_MTE1>}> : () -> ()
    "hivm.hir.wait_flag"() <{set_pipe = #hivm.pipe<PIPE_M>, static_event_id = #hivm.event<EVENT_ID1>, wait_pipe = #hivm.pipe<PIPE_MTE1>}> : () -> ()
    "hivm.hir.wait_flag"() <{set_pipe = #hivm.pipe<PIPE_MTE1>, static_event_id = #hivm.event<EVENT_ID0>, wait_pipe = #hivm.pipe<PIPE_MTE2>}> : () -> ()
    "hivm.hir.wait_flag"() <{set_pipe = #hivm.pipe<PIPE_MTE1>, static_event_id = #hivm.event<EVENT_ID1>, wait_pipe = #hivm.pipe<PIPE_MTE2>}> : () -> ()
    "hivm.hir.pipe_barrier"() <{pipe = #hivm.pipe<PIPE_ALL>}> : () -> ()
    "func.return"() : () -> ()
  }) {SyncBlockLockArgIdx = 0 : i64, WorkspaceArgIdx = 1 : i64, func_dyn_memref_args = dense<[true, true, true, true, true, true, true, true, true, true, false, false, false, false, false, false, false, false, false, false, false, false]> : vector<22xi1>, hacc.entry, hacc.function_kind = #hacc.function_kind<DEVICE>, hivm.func_core_type = #hivm.func_core_type<AIC>, hivm.part_of_mix, hivm.vf_mode = #hivm.vf_mode<SIMD>, mix_mode = "mix", parallel_mode = "simd"} : () -> ()
  "func.func"() <{function_type = (memref<16x64xbf16, #hivm.address_space<ub>>) -> (), no_inline, sym_name = "paged_prefill_verify_grouped_kernel_mix_aiv_outlined_vf_0"}> ({
  ^bb0(%arg96: memref<16x64xbf16, #hivm.address_space<ub>>):
    %394 = "arith.constant"() <{value = dense<0.000000e+00> : vector<128xbf16>}> : () -> vector<128xbf16>
    %395 = "arith.constant"() <{value = 128 : index}> : () -> index
    %396 = "arith.constant"() <{value = 64 : index}> : () -> index
    %397 = "arith.constant"() <{value = 2 : index}> : () -> index
    %398 = "arith.constant"() <{value = 16 : index}> : () -> index
    %399 = "arith.constant"() <{value = 0 : index}> : () -> index
    "scf.for"(%399, %398, %397) ({
    ^bb0(%arg97: index):
      %400 = "memref.collapse_shape"(%arg96) <{reassociation = [[0, 1]]}> : (memref<16x64xbf16, #hivm.address_space<ub>>) -> memref<1024xbf16, #hivm.address_space<ub>>
      %401 = "arith.muli"(%arg97, %396) <{overflowFlags = #arith.overflow<none>}> : (index, index) -> index
      %402 = "memref.subview"(%400, %401, %395) <{operandSegmentSizes = array<i32: 1, 1, 1, 0>, static_offsets = array<i64: -9223372036854775808>, static_sizes = array<i64: -9223372036854775808>, static_strides = array<i64: 1>}> : (memref<1024xbf16, #hivm.address_space<ub>>, index, index) -> memref<?xbf16, strided<[1], offset: ?>, #hivm.address_space<ub>>
      "vector.transfer_write"(%394, %402, %399) <{in_bounds = [true], operandSegmentSizes = array<i32: 1, 1, 1, 0>, permutation_map = #map1}> : (vector<128xbf16>, memref<?xbf16, strided<[1], offset: ?>, #hivm.address_space<ub>>, index) -> ()
      "scf.yield"() : () -> ()
    }) : (index, index, index) -> ()
    "func.return"() : () -> ()
  }) {hivm.func_core_type = #hivm.func_core_type<AIV>, hivm.vector_function} : () -> ()
  "func.func"() <{function_type = (memref<6xf32, #hivm.address_space<ub>>) -> (), no_inline, sym_name = "paged_prefill_verify_grouped_kernel_mix_aiv_outlined_vf_1"}> ({
  ^bb0(%arg95: memref<6xf32, #hivm.address_space<ub>>):
    %391 = "arith.constant"() <{value = dense<1.000000e+00> : vector<64xf32>}> : () -> vector<64xf32>
    %392 = "arith.constant"() <{value = 0 : index}> : () -> index
    %393 = "vector.constant_mask"() <{mask_dim_sizes = [6]}> : () -> vector<64xi1>
    "annotation.mark"(%393) <{effects = ["write"]}> {mask_op_idx = 0 : i32} : (vector<64xi1>) -> ()
    "vector.transfer_write"(%391, %arg95, %392, %393) <{in_bounds = [true], operandSegmentSizes = array<i32: 1, 1, 1, 1>, permutation_map = #map1}> : (vector<64xf32>, memref<6xf32, #hivm.address_space<ub>>, index, vector<64xi1>) -> ()
    "func.return"() : () -> ()
  }) {hivm.func_core_type = #hivm.func_core_type<AIV>, hivm.vector_function} : () -> ()
  "func.func"() <{function_type = (memref<6x256xf32, #hivm.address_space<ub>>) -> (), no_inline, sym_name = "paged_prefill_verify_grouped_kernel_mix_aiv_outlined_vf_2"}> ({
  ^bb0(%arg92: memref<6x256xf32, #hivm.address_space<ub>>):
    %383 = "arith.constant"() <{value = dense<0.000000e+00> : vector<64xf32>}> : () -> vector<64xf32>
    %384 = "arith.constant"() <{value = 1 : index}> : () -> index
    %385 = "arith.constant"() <{value = 6 : index}> : () -> index
    %386 = "arith.constant"() <{value = 64 : index}> : () -> index
    %387 = "arith.constant"() <{value = 256 : index}> : () -> index
    %388 = "arith.constant"() <{value = 0 : index}> : () -> index
    "scf.for"(%388, %385, %384) ({
    ^bb0(%arg93: index):
      "scf.for"(%388, %387, %386) ({
      ^bb0(%arg94: index):
        %389 = "memref.subview"(%arg92, %arg93, %arg94) <{operandSegmentSizes = array<i32: 1, 2, 0, 0>, static_offsets = array<i64: -9223372036854775808, -9223372036854775808>, static_sizes = array<i64: 1, 64>, static_strides = array<i64: 1, 1>}> : (memref<6x256xf32, #hivm.address_space<ub>>, index, index) -> memref<1x64xf32, strided<[256, 1], offset: ?>, #hivm.address_space<ub>>
        %390 = "memref.subview"(%389) <{operandSegmentSizes = array<i32: 1, 0, 0, 0>, static_offsets = array<i64: 0, 0>, static_sizes = array<i64: 1, 64>, static_strides = array<i64: 1, 1>}> : (memref<1x64xf32, strided<[256, 1], offset: ?>, #hivm.address_space<ub>>) -> memref<64xf32, #map, #hivm.address_space<ub>>
        "vector.transfer_write"(%383, %390, %388) <{in_bounds = [true], operandSegmentSizes = array<i32: 1, 1, 1, 0>, permutation_map = #map1}> : (vector<64xf32>, memref<64xf32, #map, #hivm.address_space<ub>>, index) -> ()
        "scf.yield"() : () -> ()
      }) : (index, index, index) -> ()
      "scf.yield"() : () -> ()
    }) : (index, index, index) -> ()
    "func.return"() : () -> ()
  }) {hivm.func_core_type = #hivm.func_core_type<AIV>, hivm.vector_function} : () -> ()
  "func.func"() <{function_type = (memref<6xi32, #hivm.address_space<ub>>) -> (), no_inline, sym_name = "paged_prefill_verify_grouped_kernel_mix_aiv_outlined_vf_3"}> ({
  ^bb0(%arg91: memref<6xi32, #hivm.address_space<ub>>):
    %378 = "arith.constant"() <{value = dense<[0, 1, 2, 3, 4, 5, 6, 7, 8, 9, 10, 11, 12, 13, 14, 15, 16, 17, 18, 19, 20, 21, 22, 23, 24, 25, 26, 27, 28, 29, 30, 31, 32, 33, 34, 35, 36, 37, 38, 39, 40, 41, 42, 43, 44, 45, 46, 47, 48, 49, 50, 51, 52, 53, 54, 55, 56, 57, 58, 59, 60, 61, 62, 63]> : vector<64xi32>}> : () -> vector<64xi32>
    %379 = "arith.constant"() <{value = dense<0> : vector<64xi32>}> : () -> vector<64xi32>
    %380 = "arith.constant"() <{value = 0 : index}> : () -> index
    %381 = "vector.constant_mask"() <{mask_dim_sizes = [6]}> : () -> vector<64xi1>
    "annotation.mark"(%381) <{effects = ["write"]}> {mask_op_idx = 0 : i32} : (vector<64xi1>) -> ()
    %382 = "arith.addi"(%379, %378) <{overflowFlags = #arith.overflow<none>}> : (vector<64xi32>, vector<64xi32>) -> vector<64xi32>
    "annotation.mark"(%382) <{effects = ["write"]}> {reached_mask_ops_idx = 0 : i32} : (vector<64xi32>) -> ()
    "vector.transfer_write"(%382, %arg91, %380, %381) <{in_bounds = [true], operandSegmentSizes = array<i32: 1, 1, 1, 1>, permutation_map = #map1}> : (vector<64xi32>, memref<6xi32, #hivm.address_space<ub>>, index, vector<64xi1>) -> ()
    "func.return"() : () -> ()
  }) {hivm.func_core_type = #hivm.func_core_type<AIV>, hivm.vector_function} : () -> ()
  "func.func"() <{function_type = (memref<6xi32, #hivm.address_space<ub>>, memref<6xi32, #hivm.address_space<ub>>) -> (), no_inline, sym_name = "paged_prefill_verify_grouped_kernel_mix_aiv_outlined_vf_4"}> ({
  ^bb0(%arg89: memref<6xi32, #hivm.address_space<ub>>, %arg90: memref<6xi32, #hivm.address_space<ub>>):
    %372 = "arith.constant"() <{value = dense<6> : vector<64xi32>}> : () -> vector<64xi32>
    %373 = "arith.constant"() <{value = 0 : i32}> : () -> i32
    %374 = "arith.constant"() <{value = 0 : index}> : () -> index
    %375 = "vector.constant_mask"() <{mask_dim_sizes = [6]}> : () -> vector<64xi1>
    "annotation.mark"(%375) <{effects = ["write"]}> {mask_op_idx = 0 : i32} : (vector<64xi1>) -> ()
    %376 = "vector.transfer_read"(%arg89, %374, %373, %375) <{in_bounds = [true], operandSegmentSizes = array<i32: 1, 1, 1, 1>, permutation_map = #map1}> : (memref<6xi32, #hivm.address_space<ub>>, index, i32, vector<64xi1>) -> vector<64xi32>
    "annotation.mark"(%376) <{effects = ["write"]}> {reached_mask_ops_idx = 0 : i32} : (vector<64xi32>) -> ()
    %377 = "arith.divsi"(%376, %372) : (vector<64xi32>, vector<64xi32>) -> vector<64xi32>
    "annotation.mark"(%377) <{effects = ["write"]}> {reached_mask_ops_idx = 0 : i32} : (vector<64xi32>) -> ()
    "vector.transfer_write"(%377, %arg90, %374, %375) <{in_bounds = [true], operandSegmentSizes = array<i32: 1, 1, 1, 1>, permutation_map = #map1}> : (vector<64xi32>, memref<6xi32, #hivm.address_space<ub>>, index, vector<64xi1>) -> ()
    "func.return"() : () -> ()
  }) {hivm.func_core_type = #hivm.func_core_type<AIV>, hivm.vector_function} : () -> ()
  "func.func"() <{function_type = (memref<6xi32, #hivm.address_space<ub>>, memref<6xi32, #hivm.address_space<ub>>, f32, f32, f32, f32, f32, f32, memref<6xf32, #hivm.address_space<ub>>) -> (), no_inline, sym_name = "paged_prefill_verify_grouped_kernel_mix_aiv_outlined_vf_5"}> ({
  ^bb0(%arg80: memref<6xi32, #hivm.address_space<ub>>, %arg81: memref<6xi32, #hivm.address_space<ub>>, %arg82: f32, %arg83: f32, %arg84: f32, %arg85: f32, %arg86: f32, %arg87: f32, %arg88: memref<6xf32, #hivm.address_space<ub>>):
    %343 = "arith.constant"() <{value = dense<1> : vector<64xi32>}> : () -> vector<64xi32>
    %344 = "arith.constant"() <{value = dense<2> : vector<64xi32>}> : () -> vector<64xi32>
    %345 = "arith.constant"() <{value = dense<3> : vector<64xi32>}> : () -> vector<64xi32>
    %346 = "arith.constant"() <{value = dense<4> : vector<64xi32>}> : () -> vector<64xi32>
    %347 = "arith.constant"() <{value = dense<5> : vector<64xi32>}> : () -> vector<64xi32>
    %348 = "arith.constant"() <{value = dense<6> : vector<64xi32>}> : () -> vector<64xi32>
    %349 = "arith.constant"() <{value = 0 : i32}> : () -> i32
    %350 = "arith.constant"() <{value = 0 : index}> : () -> index
    %351 = "vector.constant_mask"() <{mask_dim_sizes = [6]}> : () -> vector<64xi1>
    "annotation.mark"(%351) <{effects = ["write"]}> {mask_op_idx = 0 : i32} : (vector<64xi1>) -> ()
    %352 = "vector.transfer_read"(%arg80, %350, %349, %351) <{in_bounds = [true], operandSegmentSizes = array<i32: 1, 1, 1, 1>, permutation_map = #map1}> : (memref<6xi32, #hivm.address_space<ub>>, index, i32, vector<64xi1>) -> vector<64xi32>
    "annotation.mark"(%352) <{effects = ["write"]}> {reached_mask_ops_idx = 0 : i32} : (vector<64xi32>) -> ()
    %353 = "vector.transfer_read"(%arg81, %350, %349, %351) <{in_bounds = [true], operandSegmentSizes = array<i32: 1, 1, 1, 1>, permutation_map = #map1}> : (memref<6xi32, #hivm.address_space<ub>>, index, i32, vector<64xi1>) -> vector<64xi32>
    "annotation.mark"(%353) <{effects = ["write"]}> {reached_mask_ops_idx = 0 : i32} : (vector<64xi32>) -> ()
    %354 = "arith.muli"(%353, %348) <{overflowFlags = #arith.overflow<none>}> : (vector<64xi32>, vector<64xi32>) -> vector<64xi32>
    "annotation.mark"(%354) <{effects = ["write"]}> {reached_mask_ops_idx = 0 : i32} : (vector<64xi32>) -> ()
    %355 = "arith.subi"(%352, %354) <{overflowFlags = #arith.overflow<none>}> : (vector<64xi32>, vector<64xi32>) -> vector<64xi32>
    "annotation.mark"(%355) <{effects = ["write"]}> {reached_mask_ops_idx = 0 : i32} : (vector<64xi32>) -> ()
    %356 = "arith.cmpi"(%355, %347) <{predicate = 2 : i64}> : (vector<64xi32>, vector<64xi32>) -> vector<64xi1>
    "annotation.mark"(%356) <{effects = ["write"]}> {reached_mask_ops_idx = 0 : i32} : (vector<64xi1>) -> ()
    %357 = "vector.broadcast"(%arg82) : (f32) -> vector<64xf32>
    "annotation.mark"(%357) <{effects = ["write"]}> {reached_mask_ops_idx = 0 : i32} : (vector<64xf32>) -> ()
    %358 = "vector.broadcast"(%arg83) : (f32) -> vector<64xf32>
    "annotation.mark"(%358) <{effects = ["write"]}> {reached_mask_ops_idx = 0 : i32} : (vector<64xf32>) -> ()
    %359 = "arith.select"(%356, %357, %358) : (vector<64xi1>, vector<64xf32>, vector<64xf32>) -> vector<64xf32>
    "annotation.mark"(%359) <{effects = ["write"]}> {reached_mask_ops_idx = 0 : i32} : (vector<64xf32>) -> ()
    %360 = "arith.cmpi"(%355, %346) <{predicate = 2 : i64}> : (vector<64xi32>, vector<64xi32>) -> vector<64xi1>
    "annotation.mark"(%360) <{effects = ["write"]}> {reached_mask_ops_idx = 0 : i32} : (vector<64xi1>) -> ()
    %361 = "vector.broadcast"(%arg84) : (f32) -> vector<64xf32>
    "annotation.mark"(%361) <{effects = ["write"]}> {reached_mask_ops_idx = 0 : i32} : (vector<64xf32>) -> ()
    %362 = "arith.select"(%360, %361, %359) : (vector<64xi1>, vector<64xf32>, vector<64xf32>) -> vector<64xf32>
    "annotation.mark"(%362) <{effects = ["write"]}> {reached_mask_ops_idx = 0 : i32} : (vector<64xf32>) -> ()
    %363 = "arith.cmpi"(%355, %345) <{predicate = 2 : i64}> : (vector<64xi32>, vector<64xi32>) -> vector<64xi1>
    "annotation.mark"(%363) <{effects = ["write"]}> {reached_mask_ops_idx = 0 : i32} : (vector<64xi1>) -> ()
    %364 = "vector.broadcast"(%arg85) : (f32) -> vector<64xf32>
    "annotation.mark"(%364) <{effects = ["write"]}> {reached_mask_ops_idx = 0 : i32} : (vector<64xf32>) -> ()
    %365 = "arith.select"(%363, %364, %362) : (vector<64xi1>, vector<64xf32>, vector<64xf32>) -> vector<64xf32>
    "annotation.mark"(%365) <{effects = ["write"]}> {reached_mask_ops_idx = 0 : i32} : (vector<64xf32>) -> ()
    %366 = "arith.cmpi"(%355, %344) <{predicate = 2 : i64}> : (vector<64xi32>, vector<64xi32>) -> vector<64xi1>
    "annotation.mark"(%366) <{effects = ["write"]}> {reached_mask_ops_idx = 0 : i32} : (vector<64xi1>) -> ()
    %367 = "vector.broadcast"(%arg86) : (f32) -> vector<64xf32>
    "annotation.mark"(%367) <{effects = ["write"]}> {reached_mask_ops_idx = 0 : i32} : (vector<64xf32>) -> ()
    %368 = "arith.select"(%366, %367, %365) : (vector<64xi1>, vector<64xf32>, vector<64xf32>) -> vector<64xf32>
    "annotation.mark"(%368) <{effects = ["write"]}> {reached_mask_ops_idx = 0 : i32} : (vector<64xf32>) -> ()
    %369 = "arith.cmpi"(%355, %343) <{predicate = 2 : i64}> : (vector<64xi32>, vector<64xi32>) -> vector<64xi1>
    "annotation.mark"(%369) <{effects = ["write"]}> {reached_mask_ops_idx = 0 : i32} : (vector<64xi1>) -> ()
    %370 = "vector.broadcast"(%arg87) : (f32) -> vector<64xf32>
    "annotation.mark"(%370) <{effects = ["write"]}> {reached_mask_ops_idx = 0 : i32} : (vector<64xf32>) -> ()
    %371 = "arith.select"(%369, %370, %368) : (vector<64xi1>, vector<64xf32>, vector<64xf32>) -> vector<64xf32>
    "annotation.mark"(%371) <{effects = ["write"]}> {reached_mask_ops_idx = 0 : i32} : (vector<64xf32>) -> ()
    "vector.transfer_write"(%371, %arg88, %350, %351) <{in_bounds = [true], operandSegmentSizes = array<i32: 1, 1, 1, 1>, permutation_map = #map1}> : (vector<64xf32>, memref<6xf32, #hivm.address_space<ub>>, index, vector<64xi1>) -> ()
    "func.return"() : () -> ()
  }) {hivm.func_core_type = #hivm.func_core_type<AIV>, hivm.vector_function} : () -> ()
  "func.func"() <{function_type = (memref<64xi32, #hivm.address_space<ub>>) -> (), no_inline, sym_name = "paged_prefill_verify_grouped_kernel_mix_aiv_outlined_vf_6"}> ({
  ^bb0(%arg79: memref<64xi32, #hivm.address_space<ub>>):
    %339 = "arith.constant"() <{value = 0 : index}> : () -> index
    %340 = "arith.constant"() <{value = dense<0> : vector<64xi32>}> : () -> vector<64xi32>
    %341 = "arith.constant"() <{value = dense<[0, 1, 2, 3, 4, 5, 6, 7, 8, 9, 10, 11, 12, 13, 14, 15, 16, 17, 18, 19, 20, 21, 22, 23, 24, 25, 26, 27, 28, 29, 30, 31, 32, 33, 34, 35, 36, 37, 38, 39, 40, 41, 42, 43, 44, 45, 46, 47, 48, 49, 50, 51, 52, 53, 54, 55, 56, 57, 58, 59, 60, 61, 62, 63]> : vector<64xi32>}> : () -> vector<64xi32>
    %342 = "arith.addi"(%340, %341) <{overflowFlags = #arith.overflow<none>}> : (vector<64xi32>, vector<64xi32>) -> vector<64xi32>
    "vector.transfer_write"(%342, %arg79, %339) <{in_bounds = [true], operandSegmentSizes = array<i32: 1, 1, 1, 0>, permutation_map = #map1}> : (vector<64xi32>, memref<64xi32, #hivm.address_space<ub>>, index) -> ()
    "func.return"() : () -> ()
  }) {hivm.func_core_type = #hivm.func_core_type<AIV>, hivm.vector_function} : () -> ()
  "func.func"() <{function_type = (memref<6xi32, #hivm.address_space<ub>>, i32, memref<6xi32, #hivm.address_space<ub>>) -> (), no_inline, sym_name = "paged_prefill_verify_grouped_kernel_mix_aiv_outlined_vf_7"}> ({
  ^bb0(%arg76: memref<6xi32, #hivm.address_space<ub>>, %arg77: i32, %arg78: memref<6xi32, #hivm.address_space<ub>>):
    %333 = "arith.constant"() <{value = 0 : i32}> : () -> i32
    %334 = "arith.constant"() <{value = 0 : index}> : () -> index
    %335 = "vector.constant_mask"() <{mask_dim_sizes = [6]}> : () -> vector<64xi1>
    "annotation.mark"(%335) <{effects = ["write"]}> {mask_op_idx = 0 : i32} : (vector<64xi1>) -> ()
    %336 = "vector.transfer_read"(%arg76, %334, %333, %335) <{in_bounds = [true], operandSegmentSizes = array<i32: 1, 1, 1, 1>, permutation_map = #map1}> : (memref<6xi32, #hivm.address_space<ub>>, index, i32, vector<64xi1>) -> vector<64xi32>
    "annotation.mark"(%336) <{effects = ["write"]}> {reached_mask_ops_idx = 0 : i32} : (vector<64xi32>) -> ()
    %337 = "vector.broadcast"(%arg77) : (i32) -> vector<64xi32>
    "annotation.mark"(%337) <{effects = ["write"]}> {reached_mask_ops_idx = 0 : i32} : (vector<64xi32>) -> ()
    %338 = "arith.addi"(%336, %337) <{overflowFlags = #arith.overflow<none>}> : (vector<64xi32>, vector<64xi32>) -> vector<64xi32>
    "annotation.mark"(%338) <{effects = ["write"]}> {reached_mask_ops_idx = 0 : i32} : (vector<64xi32>) -> ()
    "vector.transfer_write"(%338, %arg78, %334, %335) <{in_bounds = [true], operandSegmentSizes = array<i32: 1, 1, 1, 1>, permutation_map = #map1}> : (vector<64xi32>, memref<6xi32, #hivm.address_space<ub>>, index, vector<64xi1>) -> ()
    "func.return"() : () -> ()
  }) {hivm.func_core_type = #hivm.func_core_type<AIV>, hivm.vector_function} : () -> ()
  "func.func"() <{function_type = (memref<6x1xi32, #hivm.address_space<ub>>, memref<6x1xf32, #hivm.address_space<ub>>) -> (), no_inline, sym_name = "paged_prefill_verify_grouped_kernel_mix_aiv_outlined_vf_8"}> ({
  ^bb0(%arg73: memref<6x1xi32, #hivm.address_space<ub>>, %arg74: memref<6x1xf32, #hivm.address_space<ub>>):
    %321 = "arith.constant"() <{value = 0 : i32}> : () -> i32
    %322 = "arith.constant"() <{value = 6 : index}> : () -> index
    %323 = "arith.constant"() <{value = 1 : index}> : () -> index
    %324 = "arith.constant"() <{value = 0 : index}> : () -> index
    "scf.for"(%324, %322, %323) ({
    ^bb0(%arg75: index):
      %325 = "memref.subview"(%arg73, %arg75) <{operandSegmentSizes = array<i32: 1, 1, 0, 0>, static_offsets = array<i64: -9223372036854775808, 0>, static_sizes = array<i64: 1, 1>, static_strides = array<i64: 1, 1>}> : (memref<6x1xi32, #hivm.address_space<ub>>, index) -> memref<1x1xi32, strided<[1, 1], offset: ?>, #hivm.address_space<ub>>
      %326 = "memref.subview"(%arg74, %arg75) <{operandSegmentSizes = array<i32: 1, 1, 0, 0>, static_offsets = array<i64: -9223372036854775808, 0>, static_sizes = array<i64: 1, 1>, static_strides = array<i64: 1, 1>}> : (memref<6x1xf32, #hivm.address_space<ub>>, index) -> memref<1x1xf32, strided<[1, 1], offset: ?>, #hivm.address_space<ub>>
      %327 = "vector.constant_mask"() <{mask_dim_sizes = [1]}> : () -> vector<64xi1>
      %328 = "vector.shape_cast"(%327) : (vector<64xi1>) -> vector<1x64xi1>
      "annotation.mark"(%328) <{effects = ["write"]}> {mask_op_idx = -1 : i32} : (vector<1x64xi1>) -> ()
      %329 = "vector.transfer_read"(%325, %324, %324, %321, %328) <{in_bounds = [true, true], operandSegmentSizes = array<i32: 1, 2, 1, 1>, permutation_map = #map11}> : (memref<1x1xi32, strided<[1, 1], offset: ?>, #hivm.address_space<ub>>, index, index, i32, vector<1x64xi1>) -> vector<1x64xi32>
      %330 = "vector.shape_cast"(%329) : (vector<1x64xi32>) -> vector<64xi32>
      %331 = "arith.sitofp"(%330) {enable_saturate = false, round_mode = #hfusion.round_mode<rint>, unsigned_mode = #hfusion.unsigned_mode<si2si>} : (vector<64xi32>) -> vector<64xf32>
      %332 = "vector.shape_cast"(%331) : (vector<64xf32>) -> vector<1x64xf32>
      "vector.transfer_write"(%332, %326, %324, %324, %328) <{in_bounds = [true, true], operandSegmentSizes = array<i32: 1, 1, 2, 1>, permutation_map = #map11}> : (vector<1x64xf32>, memref<1x1xf32, strided<[1, 1], offset: ?>, #hivm.address_space<ub>>, index, index, vector<1x64xi1>) -> ()
      "scf.yield"() : () -> ()
    }) : (index, index, index) -> ()
    "func.return"() : () -> ()
  }) {hivm.func_core_type = #hivm.func_core_type<AIV>, hivm.vector_function} : () -> ()
  "func.func"() <{function_type = (memref<64xi32, #hivm.address_space<ub>>, i32, memref<64xi32, #hivm.address_space<ub>>) -> (), no_inline, sym_name = "paged_prefill_verify_grouped_kernel_mix_aiv_outlined_vf_9"}> ({
  ^bb0(%arg70: memref<64xi32, #hivm.address_space<ub>>, %arg71: i32, %arg72: memref<64xi32, #hivm.address_space<ub>>):
    %316 = "arith.constant"() <{value = 0 : i32}> : () -> i32
    %317 = "arith.constant"() <{value = 0 : index}> : () -> index
    %318 = "vector.transfer_read"(%arg70, %317, %316) <{in_bounds = [true], operandSegmentSizes = array<i32: 1, 1, 1, 0>, permutation_map = #map1}> : (memref<64xi32, #hivm.address_space<ub>>, index, i32) -> vector<64xi32>
    %319 = "vector.broadcast"(%arg71) : (i32) -> vector<64xi32>
    %320 = "arith.addi"(%318, %319) <{overflowFlags = #arith.overflow<none>}> : (vector<64xi32>, vector<64xi32>) -> vector<64xi32>
    "vector.transfer_write"(%320, %arg72, %317) <{in_bounds = [true], operandSegmentSizes = array<i32: 1, 1, 1, 0>, permutation_map = #map1}> : (vector<64xi32>, memref<64xi32, #hivm.address_space<ub>>, index) -> ()
    "func.return"() : () -> ()
  }) {hivm.func_core_type = #hivm.func_core_type<AIV>, hivm.vector_function} : () -> ()
  "func.func"() <{function_type = (memref<1x64xi32, #hivm.address_space<ub>>, memref<1x64xf32, #hivm.address_space<ub>>) -> (), no_inline, sym_name = "paged_prefill_verify_grouped_kernel_mix_aiv_outlined_vf_10"}> ({
  ^bb0(%arg68: memref<1x64xi32, #hivm.address_space<ub>>, %arg69: memref<1x64xf32, #hivm.address_space<ub>>):
    %310 = "arith.constant"() <{value = 0 : index}> : () -> index
    %311 = "arith.constant"() <{value = 0 : i32}> : () -> i32
    %312 = "memref.subview"(%arg68) <{operandSegmentSizes = array<i32: 1, 0, 0, 0>, static_offsets = array<i64: 0, 0>, static_sizes = array<i64: 1, 64>, static_strides = array<i64: 1, 1>}> : (memref<1x64xi32, #hivm.address_space<ub>>) -> memref<64xi32, strided<[1]>, #hivm.address_space<ub>>
    %313 = "vector.transfer_read"(%312, %310, %311) <{in_bounds = [true], operandSegmentSizes = array<i32: 1, 1, 1, 0>, permutation_map = #map1}> : (memref<64xi32, strided<[1]>, #hivm.address_space<ub>>, index, i32) -> vector<64xi32>
    %314 = "arith.sitofp"(%313) {enable_saturate = false, round_mode = #hfusion.round_mode<rint>, unsigned_mode = #hfusion.unsigned_mode<si2si>} : (vector<64xi32>) -> vector<64xf32>
    %315 = "memref.subview"(%arg69) <{operandSegmentSizes = array<i32: 1, 0, 0, 0>, static_offsets = array<i64: 0, 0>, static_sizes = array<i64: 1, 64>, static_strides = array<i64: 1, 1>}> : (memref<1x64xf32, #hivm.address_space<ub>>) -> memref<64xf32, strided<[1]>, #hivm.address_space<ub>>
    "vector.transfer_write"(%314, %315, %310) <{in_bounds = [true], operandSegmentSizes = array<i32: 1, 1, 1, 0>, permutation_map = #map1}> : (vector<64xf32>, memref<64xf32, strided<[1]>, #hivm.address_space<ub>>, index) -> ()
    "func.return"() : () -> ()
  }) {hivm.func_core_type = #hivm.func_core_type<AIV>, hivm.vector_function} : () -> ()
  "func.func"() <{function_type = (memref<6x1xf32, #hivm.address_space<ub>>, memref<1x64xf32, #hivm.address_space<ub>>, memref<6x64xi1, strided<[256, 1]>, #hivm.address_space<ub>>) -> (), no_inline, sym_name = "paged_prefill_verify_grouped_kernel_mix_aiv_outlined_vf_11"}> ({
  ^bb0(%arg64: memref<6x1xf32, #hivm.address_space<ub>>, %arg65: memref<1x64xf32, #hivm.address_space<ub>>, %arg66: memref<6x64xi1, strided<[256, 1]>, #hivm.address_space<ub>>):
    %298 = "arith.constant"() <{value = 0.000000e+00 : f32}> : () -> f32
    %299 = "arith.constant"() <{value = 1 : index}> : () -> index
    %300 = "arith.constant"() <{value = 6 : index}> : () -> index
    %301 = "arith.constant"() <{value = 0 : index}> : () -> index
    "scf.for"(%301, %300, %299) ({
    ^bb0(%arg67: index):
      %302 = "memref.subview"(%arg64, %arg67) <{operandSegmentSizes = array<i32: 1, 1, 0, 0>, static_offsets = array<i64: -9223372036854775808, 0>, static_sizes = array<i64: 1, 1>, static_strides = array<i64: 1, 1>}> : (memref<6x1xf32, #hivm.address_space<ub>>, index) -> memref<1x1xf32, strided<[1, 1], offset: ?>, #hivm.address_space<ub>>
      %303 = "memref.subview"(%arg66, %arg67) <{operandSegmentSizes = array<i32: 1, 1, 0, 0>, static_offsets = array<i64: -9223372036854775808, 0>, static_sizes = array<i64: 1, 64>, static_strides = array<i64: 1, 1>}> : (memref<6x64xi1, strided<[256, 1]>, #hivm.address_space<ub>>, index) -> memref<1x64xi1, strided<[256, 1], offset: ?>, #hivm.address_space<ub>>
      %304 = "vector.transfer_read"(%arg65, %301, %301, %298) <{in_bounds = [true, true], operandSegmentSizes = array<i32: 1, 2, 1, 0>, permutation_map = #map12}> : (memref<1x64xf32, #hivm.address_space<ub>>, index, index, f32) -> vector<1x64xf32>
      %305 = "vector.transfer_read"(%302, %301, %301, %298) <{in_bounds = [true, true], operandSegmentSizes = array<i32: 1, 2, 1, 0>, permutation_map = #map13}> : (memref<1x1xf32, strided<[1, 1], offset: ?>, #hivm.address_space<ub>>, index, index, f32) -> vector<1x64xf32>
      %306 = "vector.shape_cast"(%304) : (vector<1x64xf32>) -> vector<64xf32>
      %307 = "vector.shape_cast"(%305) : (vector<1x64xf32>) -> vector<64xf32>
      %308 = "arith.cmpf"(%306, %307) <{fastmath = #arith.fastmath<none>, predicate = 5 : i64}> : (vector<64xf32>, vector<64xf32>) -> vector<64xi1>
      %309 = "memref.subview"(%303) <{operandSegmentSizes = array<i32: 1, 0, 0, 0>, static_offsets = array<i64: 0, 0>, static_sizes = array<i64: 1, 64>, static_strides = array<i64: 1, 1>}> : (memref<1x64xi1, strided<[256, 1], offset: ?>, #hivm.address_space<ub>>) -> memref<64xi1, #map, #hivm.address_space<ub>>
      "vector.transfer_write"(%308, %309, %301) <{in_bounds = [true], operandSegmentSizes = array<i32: 1, 1, 1, 0>, permutation_map = #map1}> : (vector<64xi1>, memref<64xi1, #map, #hivm.address_space<ub>>, index) -> ()
      "scf.yield"() : () -> ()
    }) : (index, index, index) -> ()
    "func.return"() : () -> ()
  }) {hivm.func_core_type = #hivm.func_core_type<AIV>, hivm.vector_function} : () -> ()
  "func.func"() <{function_type = (memref<1x64xf32, #hivm.address_space<ub>>, f32, memref<1x64xi1, #hivm.address_space<ub>>) -> (), no_inline, sym_name = "paged_prefill_verify_grouped_kernel_mix_aiv_outlined_vf_12"}> ({
  ^bb0(%arg61: memref<1x64xf32, #hivm.address_space<ub>>, %arg62: f32, %arg63: memref<1x64xi1, #hivm.address_space<ub>>):
    %291 = "arith.constant"() <{value = 0 : index}> : () -> index
    %292 = "arith.constant"() <{value = 0.000000e+00 : f32}> : () -> f32
    %293 = "memref.subview"(%arg61) <{operandSegmentSizes = array<i32: 1, 0, 0, 0>, static_offsets = array<i64: 0, 0>, static_sizes = array<i64: 1, 64>, static_strides = array<i64: 1, 1>}> : (memref<1x64xf32, #hivm.address_space<ub>>) -> memref<64xf32, strided<[1]>, #hivm.address_space<ub>>
    %294 = "vector.transfer_read"(%293, %291, %292) <{in_bounds = [true], operandSegmentSizes = array<i32: 1, 1, 1, 0>, permutation_map = #map1}> : (memref<64xf32, strided<[1]>, #hivm.address_space<ub>>, index, f32) -> vector<64xf32>
    %295 = "vector.broadcast"(%arg62) : (f32) -> vector<64xf32>
    %296 = "arith.cmpf"(%294, %295) <{fastmath = #arith.fastmath<none>, predicate = 4 : i64}> : (vector<64xf32>, vector<64xf32>) -> vector<64xi1>
    %297 = "memref.subview"(%arg63) <{operandSegmentSizes = array<i32: 1, 0, 0, 0>, static_offsets = array<i64: 0, 0>, static_sizes = array<i64: 1, 64>, static_strides = array<i64: 1, 1>}> : (memref<1x64xi1, #hivm.address_space<ub>>) -> memref<64xi1, strided<[1]>, #hivm.address_space<ub>>
    "vector.transfer_write"(%296, %297, %291) <{in_bounds = [true], operandSegmentSizes = array<i32: 1, 1, 1, 0>, permutation_map = #map1}> : (vector<64xi1>, memref<64xi1, strided<[1]>, #hivm.address_space<ub>>, index) -> ()
    "func.return"() : () -> ()
  }) {hivm.func_core_type = #hivm.func_core_type<AIV>, hivm.vector_function} : () -> ()
  "func.func"() <{function_type = (memref<6x64xi1, strided<[256, 1]>, #hivm.address_space<ub>>, memref<64xi1, #hivm.address_space<ub>>, memref<6x64xi1, strided<[256, 1]>, #hivm.address_space<ub>>, memref<6x64xi1, strided<[256, 1]>, #hivm.address_space<ub>>) -> (), no_inline, sym_name = "paged_prefill_verify_grouped_kernel_mix_aiv_outlined_vf_13"}> ({
  ^bb0(%arg56: memref<6x64xi1, strided<[256, 1]>, #hivm.address_space<ub>>, %arg57: memref<64xi1, #hivm.address_space<ub>>, %arg58: memref<6x64xi1, strided<[256, 1]>, #hivm.address_space<ub>>, %arg59: memref<6x64xi1, strided<[256, 1]>, #hivm.address_space<ub>>):
    %270 = "arith.constant"() <{value = dense<0.000000e+00> : vector<128xf16>}> : () -> vector<128xf16>
    %271 = "arith.constant"() <{value = dense<-1.000000e+00> : vector<128xf16>}> : () -> vector<128xf16>
    %272 = "arith.constant"() <{value = false}> : () -> i1
    %273 = "arith.constant"() <{value = 1 : index}> : () -> index
    %274 = "arith.constant"() <{value = 6 : index}> : () -> index
    %275 = "arith.constant"() <{value = 0 : index}> : () -> index
    "scf.for"(%275, %274, %273) ({
    ^bb0(%arg60: index):
      %276 = "memref.subview"(%arg56, %arg60) <{operandSegmentSizes = array<i32: 1, 1, 0, 0>, static_offsets = array<i64: -9223372036854775808, 0>, static_sizes = array<i64: 1, 64>, static_strides = array<i64: 1, 1>}> : (memref<6x64xi1, strided<[256, 1]>, #hivm.address_space<ub>>, index) -> memref<1x64xi1, strided<[256, 1], offset: ?>, #hivm.address_space<ub>>
      %277 = "memref.subview"(%arg58, %arg60) <{operandSegmentSizes = array<i32: 1, 1, 0, 0>, static_offsets = array<i64: -9223372036854775808, 0>, static_sizes = array<i64: 1, 64>, static_strides = array<i64: 1, 1>}> : (memref<6x64xi1, strided<[256, 1]>, #hivm.address_space<ub>>, index) -> memref<1x64xi1, strided<[256, 1], offset: ?>, #hivm.address_space<ub>>
      %278 = "vector.constant_mask"() <{mask_dim_sizes = [64]}> : () -> vector<128xi1>
      "annotation.mark"(%278) <{effects = ["write"]}> {mask_op_idx = 0 : i32} : (vector<128xi1>) -> ()
      %279 = "vector.transfer_read"(%arg57, %275, %272, %278) <{in_bounds = [true, true], operandSegmentSizes = array<i32: 1, 1, 1, 1>, permutation_map = #map14}> : (memref<64xi1, #hivm.address_space<ub>>, index, i1, vector<128xi1>) -> vector<1x128xi1>
      "annotation.mark"(%279) <{effects = ["write"]}> {reached_mask_ops_idx = 0 : i32} : (vector<1x128xi1>) -> ()
      %280 = "vector.shape_cast"(%279) : (vector<1x128xi1>) -> vector<128xi1>
      "annotation.mark"(%280) <{effects = ["write"]}> {reached_mask_ops_idx = 0 : i32} : (vector<128xi1>) -> ()
      %281 = "arith.select"(%280, %271, %270) : (vector<128xi1>, vector<128xf16>, vector<128xf16>) -> vector<128xf16>
      "annotation.mark"(%281) <{effects = ["write"]}> {reached_mask_ops_idx = 0 : i32} : (vector<128xf16>) -> ()
      %282 = "arith.cmpf"(%281, %270) <{fastmath = #arith.fastmath<none>, predicate = 13 : i64}> : (vector<128xf16>, vector<128xf16>) -> vector<128xi1>
      "annotation.mark"(%282) <{effects = ["write"]}> {reached_mask_ops_idx = 0 : i32} : (vector<128xi1>) -> ()
      %283 = "memref.subview"(%277) <{operandSegmentSizes = array<i32: 1, 0, 0, 0>, static_offsets = array<i64: 0, 0>, static_sizes = array<i64: 1, 64>, static_strides = array<i64: 1, 1>}> : (memref<1x64xi1, strided<[256, 1], offset: ?>, #hivm.address_space<ub>>) -> memref<64xi1, #map, #hivm.address_space<ub>>
      "vector.transfer_write"(%282, %283, %275, %278) <{in_bounds = [true], operandSegmentSizes = array<i32: 1, 1, 1, 1>, permutation_map = #map1}> : (vector<128xi1>, memref<64xi1, #map, #hivm.address_space<ub>>, index, vector<128xi1>) -> ()
      %284 = "memref.subview"(%arg59, %arg60) <{operandSegmentSizes = array<i32: 1, 1, 0, 0>, static_offsets = array<i64: -9223372036854775808, 0>, static_sizes = array<i64: 1, 64>, static_strides = array<i64: 1, 1>}> : (memref<6x64xi1, strided<[256, 1]>, #hivm.address_space<ub>>, index) -> memref<1x64xi1, strided<[256, 1], offset: ?>, #hivm.address_space<ub>>
      %285 = "vector.constant_mask"() <{mask_dim_sizes = [64]}> : () -> vector<256xi1>
      "annotation.mark"(%285) <{effects = ["write"]}> {mask_op_idx = 1 : i32} : (vector<256xi1>) -> ()
      %286 = "memref.subview"(%276) <{operandSegmentSizes = array<i32: 1, 0, 0, 0>, static_offsets = array<i64: 0, 0>, static_sizes = array<i64: 1, 64>, static_strides = array<i64: 1, 1>}> : (memref<1x64xi1, strided<[256, 1], offset: ?>, #hivm.address_space<ub>>) -> memref<64xi1, #map, #hivm.address_space<ub>>
      %287 = "vector.transfer_read"(%286, %275, %272, %285) <{in_bounds = [true], operandSegmentSizes = array<i32: 1, 1, 1, 1>, permutation_map = #map1}> : (memref<64xi1, #map, #hivm.address_space<ub>>, index, i1, vector<256xi1>) -> vector<256xi1>
      "annotation.mark"(%287) <{effects = ["write"]}> {reached_mask_ops_idx = 1 : i32} : (vector<256xi1>) -> ()
      %288 = "vector.transfer_read"(%283, %275, %272, %285) <{in_bounds = [true], operandSegmentSizes = array<i32: 1, 1, 1, 1>, permutation_map = #map1}> : (memref<64xi1, #map, #hivm.address_space<ub>>, index, i1, vector<256xi1>) -> vector<256xi1>
      "annotation.mark"(%288) <{effects = ["write"]}> {reached_mask_ops_idx = 1 : i32} : (vector<256xi1>) -> ()
      %289 = "arith.andi"(%287, %288) : (vector<256xi1>, vector<256xi1>) -> vector<256xi1>
      "annotation.mark"(%289) <{effects = ["write"]}> {reached_mask_ops_idx = 1 : i32} : (vector<256xi1>) -> ()
      %290 = "memref.subview"(%284) <{operandSegmentSizes = array<i32: 1, 0, 0, 0>, static_offsets = array<i64: 0, 0>, static_sizes = array<i64: 1, 64>, static_strides = array<i64: 1, 1>}> : (memref<1x64xi1, strided<[256, 1], offset: ?>, #hivm.address_space<ub>>) -> memref<64xi1, #map, #hivm.address_space<ub>>
      "vector.transfer_write"(%289, %290, %275, %285) <{in_bounds = [true], operandSegmentSizes = array<i32: 1, 1, 1, 1>, permutation_map = #map1}> : (vector<256xi1>, memref<64xi1, #map, #hivm.address_space<ub>>, index, vector<256xi1>) -> ()
      "scf.yield"() : () -> ()
    }) : (index, index, index) -> ()
    "func.return"() : () -> ()
  }) {hivm.func_core_type = #hivm.func_core_type<AIV>, hivm.vector_function} : () -> ()
  "func.func"() <{function_type = (memref<6x64xi1, strided<[256, 1]>, #hivm.address_space<ub>>, memref<6x64xf32, #hivm.address_space<ub>>, f32, memref<6x64xf32, #hivm.address_space<ub>>) -> (), no_inline, sym_name = "paged_prefill_verify_grouped_kernel_mix_aiv_outlined_vf_14"}> ({
  ^bb0(%arg51: memref<6x64xi1, strided<[256, 1]>, #hivm.address_space<ub>>, %arg52: memref<6x64xf32, #hivm.address_space<ub>>, %arg53: f32, %arg54: memref<6x64xf32, #hivm.address_space<ub>>):
    %253 = "arith.constant"() <{value = dense<-1.000000e+06> : vector<64xf32>}> : () -> vector<64xf32>
    %254 = "arith.constant"() <{value = 0.000000e+00 : f32}> : () -> f32
    %255 = "arith.constant"() <{value = false}> : () -> i1
    %256 = "arith.constant"() <{value = 1 : index}> : () -> index
    %257 = "arith.constant"() <{value = 6 : index}> : () -> index
    %258 = "arith.constant"() <{value = 0 : index}> : () -> index
    "scf.for"(%258, %257, %256) ({
    ^bb0(%arg55: index):
      %259 = "memref.subview"(%arg51, %arg55) <{operandSegmentSizes = array<i32: 1, 1, 0, 0>, static_offsets = array<i64: -9223372036854775808, 0>, static_sizes = array<i64: 1, 64>, static_strides = array<i64: 1, 1>}> : (memref<6x64xi1, strided<[256, 1]>, #hivm.address_space<ub>>, index) -> memref<1x64xi1, strided<[256, 1], offset: ?>, #hivm.address_space<ub>>
      %260 = "memref.subview"(%arg52, %arg55) <{operandSegmentSizes = array<i32: 1, 1, 0, 0>, static_offsets = array<i64: -9223372036854775808, 0>, static_sizes = array<i64: 1, 64>, static_strides = array<i64: 1, 1>}> : (memref<6x64xf32, #hivm.address_space<ub>>, index) -> memref<1x64xf32, strided<[64, 1], offset: ?>, #hivm.address_space<ub>>
      %261 = "memref.subview"(%arg54, %arg55) <{operandSegmentSizes = array<i32: 1, 1, 0, 0>, static_offsets = array<i64: -9223372036854775808, 0>, static_sizes = array<i64: 1, 64>, static_strides = array<i64: 1, 1>}> : (memref<6x64xf32, #hivm.address_space<ub>>, index) -> memref<1x64xf32, strided<[64, 1], offset: ?>, #hivm.address_space<ub>>
      %262 = "memref.subview"(%259) <{operandSegmentSizes = array<i32: 1, 0, 0, 0>, static_offsets = array<i64: 0, 0>, static_sizes = array<i64: 1, 64>, static_strides = array<i64: 1, 1>}> : (memref<1x64xi1, strided<[256, 1], offset: ?>, #hivm.address_space<ub>>) -> memref<64xi1, #map, #hivm.address_space<ub>>
      %263 = "vector.transfer_read"(%262, %258, %255) <{in_bounds = [true], operandSegmentSizes = array<i32: 1, 1, 1, 0>, permutation_map = #map1}> : (memref<64xi1, #map, #hivm.address_space<ub>>, index, i1) -> vector<64xi1>
      %264 = "memref.subview"(%260) <{operandSegmentSizes = array<i32: 1, 0, 0, 0>, static_offsets = array<i64: 0, 0>, static_sizes = array<i64: 1, 64>, static_strides = array<i64: 1, 1>}> : (memref<1x64xf32, strided<[64, 1], offset: ?>, #hivm.address_space<ub>>) -> memref<64xf32, #map, #hivm.address_space<ub>>
      %265 = "vector.transfer_read"(%264, %258, %254) <{in_bounds = [true], operandSegmentSizes = array<i32: 1, 1, 1, 0>, permutation_map = #map1}> : (memref<64xf32, #map, #hivm.address_space<ub>>, index, f32) -> vector<64xf32>
      %266 = "vector.broadcast"(%arg53) : (f32) -> vector<64xf32>
      %267 = "arith.mulf"(%265, %266) <{fastmath = #arith.fastmath<none>}> : (vector<64xf32>, vector<64xf32>) -> vector<64xf32>
      %268 = "arith.select"(%263, %267, %253) : (vector<64xi1>, vector<64xf32>, vector<64xf32>) -> vector<64xf32>
      %269 = "memref.subview"(%261) <{operandSegmentSizes = array<i32: 1, 0, 0, 0>, static_offsets = array<i64: 0, 0>, static_sizes = array<i64: 1, 64>, static_strides = array<i64: 1, 1>}> : (memref<1x64xf32, strided<[64, 1], offset: ?>, #hivm.address_space<ub>>) -> memref<64xf32, #map, #hivm.address_space<ub>>
      "vector.transfer_write"(%268, %269, %258) <{in_bounds = [true], operandSegmentSizes = array<i32: 1, 1, 1, 0>, permutation_map = #map1}> : (vector<64xf32>, memref<64xf32, #map, #hivm.address_space<ub>>, index) -> ()
      "scf.yield"() : () -> ()
    }) : (index, index, index) -> ()
    "func.return"() : () -> ()
  }) {hivm.func_core_type = #hivm.func_core_type<AIV>, hivm.vector_function} : () -> ()
  "func.func"() <{function_type = (memref<6xf32, #hivm.address_space<ub>>, memref<6xf32, #hivm.address_space<ub>>, memref<6x64xf32, #hivm.address_space<ub>>, memref<6xf32, #hivm.address_space<ub>>) -> (), no_inline, sym_name = "paged_prefill_verify_grouped_kernel_mix_aiv_outlined_vf_15"}> ({
  ^bb0(%arg46: memref<6xf32, #hivm.address_space<ub>>, %arg47: memref<6xf32, #hivm.address_space<ub>>, %arg48: memref<6x64xf32, #hivm.address_space<ub>>, %arg49: memref<6xf32, #hivm.address_space<ub>>):
    %234 = "arith.constant"() <{value = 0.000000e+00 : f32}> : () -> f32
    %235 = "arith.constant"() <{value = 1 : index}> : () -> index
    %236 = "arith.constant"() <{value = 0 : index}> : () -> index
    %237 = "arith.constant"() <{value = 6 : index}> : () -> index
    "scf.for"(%236, %237, %235) ({
    ^bb0(%arg50: index):
      %242 = "memref.subview"(%arg47, %arg50) <{operandSegmentSizes = array<i32: 1, 1, 0, 0>, static_offsets = array<i64: -9223372036854775808>, static_sizes = array<i64: 1>, static_strides = array<i64: 1>}> : (memref<6xf32, #hivm.address_space<ub>>, index) -> memref<1xf32, strided<[1], offset: ?>, #hivm.address_space<ub>>
      %243 = "memref.subview"(%arg48, %arg50) <{operandSegmentSizes = array<i32: 1, 1, 0, 0>, static_offsets = array<i64: -9223372036854775808, 0>, static_sizes = array<i64: 1, 64>, static_strides = array<i64: 1, 1>}> : (memref<6x64xf32, #hivm.address_space<ub>>, index) -> memref<1x64xf32, strided<[64, 1], offset: ?>, #hivm.address_space<ub>>
      %244 = "memref.subview"(%243) <{operandSegmentSizes = array<i32: 1, 0, 0, 0>, static_offsets = array<i64: 0, 0>, static_sizes = array<i64: 1, 64>, static_strides = array<i64: 1, 1>}> : (memref<1x64xf32, strided<[64, 1], offset: ?>, #hivm.address_space<ub>>) -> memref<64xf32, #map, #hivm.address_space<ub>>
      %245 = "vector.transfer_read"(%244, %236, %234) <{in_bounds = [true], operandSegmentSizes = array<i32: 1, 1, 1, 0>, permutation_map = #map1}> : (memref<64xf32, #map, #hivm.address_space<ub>>, index, f32) -> vector<64xf32>
      %246 = "memref.subview"(%242) <{operandSegmentSizes = array<i32: 1, 0, 0, 0>, static_offsets = array<i64: 0>, static_sizes = array<i64: 1>, static_strides = array<i64: 1>}> : (memref<1xf32, strided<[1], offset: ?>, #hivm.address_space<ub>>) -> memref<f32, strided<[], offset: ?>, #hivm.address_space<ub>>
      %247 = "vector.transfer_read"(%246, %234) <{in_bounds = [], operandSegmentSizes = array<i32: 1, 0, 1, 0>, permutation_map = #map2}> : (memref<f32, strided<[], offset: ?>, #hivm.address_space<ub>>, f32) -> vector<f32>
      %248 = "vector.shape_cast"(%247) : (vector<f32>) -> vector<1xf32>
      %249 = "builtin.unrealized_conversion_cast"(%248) : (vector<1xf32>) -> f32
      %250 = "vector.reduction"(%245, %249) <{fastmath = #arith.fastmath<none>, kind = #vector.kind<maximumf>}> {withoutInitMergeOp} : (vector<64xf32>, f32) -> f32
      %251 = "builtin.unrealized_conversion_cast"(%250) : (f32) -> vector<1xf32>
      %252 = "vector.shape_cast"(%251) : (vector<1xf32>) -> vector<f32>
      "vector.transfer_write"(%252, %246) <{in_bounds = [], operandSegmentSizes = array<i32: 1, 1, 0, 0>, permutation_map = #map2}> : (vector<f32>, memref<f32, strided<[], offset: ?>, #hivm.address_space<ub>>) -> ()
      "scf.yield"() : () -> ()
    }) : (index, index, index) -> ()
    %238 = "vector.constant_mask"() <{mask_dim_sizes = [6]}> : () -> vector<64xi1>
    "annotation.mark"(%238) <{effects = ["write"]}> {mask_op_idx = 0 : i32} : (vector<64xi1>) -> ()
    %239 = "vector.transfer_read"(%arg46, %236, %234, %238) <{in_bounds = [true], operandSegmentSizes = array<i32: 1, 1, 1, 1>, permutation_map = #map1}> : (memref<6xf32, #hivm.address_space<ub>>, index, f32, vector<64xi1>) -> vector<64xf32>
    "annotation.mark"(%239) <{effects = ["write"]}> {reached_mask_ops_idx = 0 : i32} : (vector<64xf32>) -> ()
    %240 = "vector.transfer_read"(%arg47, %236, %234, %238) <{in_bounds = [true], operandSegmentSizes = array<i32: 1, 1, 1, 1>, permutation_map = #map1}> : (memref<6xf32, #hivm.address_space<ub>>, index, f32, vector<64xi1>) -> vector<64xf32>
    "annotation.mark"(%240) <{effects = ["write"]}> {reached_mask_ops_idx = 0 : i32} : (vector<64xf32>) -> ()
    %241 = "arith.maximumf"(%239, %240) <{fastmath = #arith.fastmath<none>}> : (vector<64xf32>, vector<64xf32>) -> vector<64xf32>
    "annotation.mark"(%241) <{effects = ["write"]}> {reached_mask_ops_idx = 0 : i32} : (vector<64xf32>) -> ()
    "vector.transfer_write"(%241, %arg49, %236, %238) <{in_bounds = [true], operandSegmentSizes = array<i32: 1, 1, 1, 1>, permutation_map = #map1}> : (vector<64xf32>, memref<6xf32, #hivm.address_space<ub>>, index, vector<64xi1>) -> ()
    "func.return"() : () -> ()
  }) {hivm.func_core_type = #hivm.func_core_type<AIV>, hivm.vector_function} : () -> ()
  "func.func"() <{function_type = (memref<6xf32, #hivm.address_space<ub>>, memref<6x64xf32, #hivm.address_space<ub>>, memref<6x64xf32, #hivm.address_space<ub>>) -> (), no_inline, sym_name = "paged_prefill_verify_grouped_kernel_mix_aiv_outlined_vf_16"}> ({
  ^bb0(%arg42: memref<6xf32, #hivm.address_space<ub>>, %arg43: memref<6x64xf32, #hivm.address_space<ub>>, %arg44: memref<6x64xf32, #hivm.address_space<ub>>):
    %220 = "arith.constant"() <{value = 0.000000e+00 : f32}> : () -> f32
    %221 = "arith.constant"() <{value = 1 : index}> : () -> index
    %222 = "arith.constant"() <{value = 6 : index}> : () -> index
    %223 = "arith.constant"() <{value = 0 : index}> : () -> index
    "scf.for"(%223, %222, %221) ({
    ^bb0(%arg45: index):
      %224 = "memref.subview"(%arg42, %arg45) <{operandSegmentSizes = array<i32: 1, 1, 0, 0>, static_offsets = array<i64: -9223372036854775808>, static_sizes = array<i64: 1>, static_strides = array<i64: 1>}> : (memref<6xf32, #hivm.address_space<ub>>, index) -> memref<1xf32, strided<[1], offset: ?>, #hivm.address_space<ub>>
      %225 = "memref.subview"(%arg43, %arg45) <{operandSegmentSizes = array<i32: 1, 1, 0, 0>, static_offsets = array<i64: -9223372036854775808, 0>, static_sizes = array<i64: 1, 64>, static_strides = array<i64: 1, 1>}> : (memref<6x64xf32, #hivm.address_space<ub>>, index) -> memref<1x64xf32, strided<[64, 1], offset: ?>, #hivm.address_space<ub>>
      %226 = "memref.subview"(%arg44, %arg45) <{operandSegmentSizes = array<i32: 1, 1, 0, 0>, static_offsets = array<i64: -9223372036854775808, 0>, static_sizes = array<i64: 1, 64>, static_strides = array<i64: 1, 1>}> : (memref<6x64xf32, #hivm.address_space<ub>>, index) -> memref<1x64xf32, strided<[64, 1], offset: ?>, #hivm.address_space<ub>>
      %227 = "memref.subview"(%225) <{operandSegmentSizes = array<i32: 1, 0, 0, 0>, static_offsets = array<i64: 0, 0>, static_sizes = array<i64: 1, 64>, static_strides = array<i64: 1, 1>}> : (memref<1x64xf32, strided<[64, 1], offset: ?>, #hivm.address_space<ub>>) -> memref<64xf32, #map, #hivm.address_space<ub>>
      %228 = "vector.transfer_read"(%227, %223, %220) <{in_bounds = [true], operandSegmentSizes = array<i32: 1, 1, 1, 0>, permutation_map = #map1}> : (memref<64xf32, #map, #hivm.address_space<ub>>, index, f32) -> vector<64xf32>
      %229 = "vector.transfer_read"(%224, %223, %220) <{in_bounds = [true, true], operandSegmentSizes = array<i32: 1, 1, 1, 0>, permutation_map = #map4}> : (memref<1xf32, strided<[1], offset: ?>, #hivm.address_space<ub>>, index, f32) -> vector<1x64xf32>
      %230 = "vector.shape_cast"(%229) : (vector<1x64xf32>) -> vector<64xf32>
      %231 = "arith.subf"(%228, %230) <{fastmath = #arith.fastmath<none>}> : (vector<64xf32>, vector<64xf32>) -> vector<64xf32>
      %232 = "math.exp"(%231) <{fastmath = #arith.fastmath<none>}> : (vector<64xf32>) -> vector<64xf32>
      %233 = "memref.subview"(%226) <{operandSegmentSizes = array<i32: 1, 0, 0, 0>, static_offsets = array<i64: 0, 0>, static_sizes = array<i64: 1, 64>, static_strides = array<i64: 1, 1>}> : (memref<1x64xf32, strided<[64, 1], offset: ?>, #hivm.address_space<ub>>) -> memref<64xf32, #map, #hivm.address_space<ub>>
      "vector.transfer_write"(%232, %233, %223) <{in_bounds = [true], operandSegmentSizes = array<i32: 1, 1, 1, 0>, permutation_map = #map1}> : (vector<64xf32>, memref<64xf32, #map, #hivm.address_space<ub>>, index) -> ()
      "scf.yield"() : () -> ()
    }) : (index, index, index) -> ()
    "func.return"() : () -> ()
  }) {hivm.func_core_type = #hivm.func_core_type<AIV>, hivm.vector_function} : () -> ()
  "func.func"() <{function_type = (memref<6x64xf32, #hivm.address_space<ub>>, memref<6x64xbf16, #hivm.address_space<ub>>) -> (), no_inline, sym_name = "paged_prefill_verify_grouped_kernel_mix_aiv_outlined_vf_17"}> ({
  ^bb0(%arg39: memref<6x64xf32, #hivm.address_space<ub>>, %arg40: memref<6x64xbf16, #hivm.address_space<ub>>):
    %210 = "arith.constant"() <{value = 0.000000e+00 : f32}> : () -> f32
    %211 = "arith.constant"() <{value = 1 : index}> : () -> index
    %212 = "arith.constant"() <{value = 6 : index}> : () -> index
    %213 = "arith.constant"() <{value = 0 : index}> : () -> index
    "scf.for"(%213, %212, %211) ({
    ^bb0(%arg41: index):
      %214 = "memref.subview"(%arg39, %arg41) <{operandSegmentSizes = array<i32: 1, 1, 0, 0>, static_offsets = array<i64: -9223372036854775808, 0>, static_sizes = array<i64: 1, 64>, static_strides = array<i64: 1, 1>}> : (memref<6x64xf32, #hivm.address_space<ub>>, index) -> memref<1x64xf32, strided<[64, 1], offset: ?>, #hivm.address_space<ub>>
      %215 = "memref.subview"(%arg40, %arg41) <{operandSegmentSizes = array<i32: 1, 1, 0, 0>, static_offsets = array<i64: -9223372036854775808, 0>, static_sizes = array<i64: 1, 64>, static_strides = array<i64: 1, 1>}> : (memref<6x64xbf16, #hivm.address_space<ub>>, index) -> memref<1x64xbf16, strided<[64, 1], offset: ?>, #hivm.address_space<ub>>
      %216 = "memref.subview"(%214) <{operandSegmentSizes = array<i32: 1, 0, 0, 0>, static_offsets = array<i64: 0, 0>, static_sizes = array<i64: 1, 64>, static_strides = array<i64: 1, 1>}> : (memref<1x64xf32, strided<[64, 1], offset: ?>, #hivm.address_space<ub>>) -> memref<64xf32, #map, #hivm.address_space<ub>>
      %217 = "vector.transfer_read"(%216, %213, %210) <{in_bounds = [true], operandSegmentSizes = array<i32: 1, 1, 1, 0>, permutation_map = #map1}> : (memref<64xf32, #map, #hivm.address_space<ub>>, index, f32) -> vector<64xf32>
      %218 = "arith.truncf"(%217) {enable_saturate = false, round_mode = #hfusion.round_mode<rint>, unsigned_mode = #hfusion.unsigned_mode<si2si>} : (vector<64xf32>) -> vector<64xbf16>
      %219 = "memref.subview"(%215) <{operandSegmentSizes = array<i32: 1, 0, 0, 0>, static_offsets = array<i64: 0, 0>, static_sizes = array<i64: 1, 64>, static_strides = array<i64: 1, 1>}> : (memref<1x64xbf16, strided<[64, 1], offset: ?>, #hivm.address_space<ub>>) -> memref<64xbf16, #map, #hivm.address_space<ub>>
      "vector.transfer_write"(%218, %219, %213) <{in_bounds = [true], operandSegmentSizes = array<i32: 1, 1, 1, 0>, permutation_map = #map1}> : (vector<64xbf16>, memref<64xbf16, #map, #hivm.address_space<ub>>, index) -> ()
      "scf.yield"() : () -> ()
    }) : (index, index, index) -> ()
    "func.return"() : () -> ()
  }) {hivm.func_core_type = #hivm.func_core_type<AIV>, hivm.vector_function} : () -> ()
  "func.func"() <{function_type = (memref<6xf32, #hivm.address_space<ub>>, memref<6xf32, #hivm.address_space<ub>>) -> (), no_inline, sym_name = "paged_prefill_verify_grouped_kernel_mix_aiv_outlined_vf_21"}> ({
  ^bb0(%arg37: memref<6xf32, #hivm.address_space<ub>>, %arg38: memref<6xf32, #hivm.address_space<ub>>):
    %205 = "arith.constant"() <{value = 0.000000e+00 : f32}> : () -> f32
    %206 = "arith.constant"() <{value = 0 : index}> : () -> index
    %207 = "vector.constant_mask"() <{mask_dim_sizes = [6]}> : () -> vector<64xi1>
    "annotation.mark"(%207) <{effects = ["write"]}> {mask_op_idx = 0 : i32} : (vector<64xi1>) -> ()
    %208 = "vector.transfer_read"(%arg37, %206, %205, %207) <{in_bounds = [true], operandSegmentSizes = array<i32: 1, 1, 1, 1>, permutation_map = #map1}> : (memref<6xf32, #hivm.address_space<ub>>, index, f32, vector<64xi1>) -> vector<64xf32>
    "annotation.mark"(%208) <{effects = ["write"]}> {reached_mask_ops_idx = 0 : i32} : (vector<64xf32>) -> ()
    %209 = "math.exp"(%208) <{fastmath = #arith.fastmath<none>}> : (vector<64xf32>) -> vector<64xf32>
    "annotation.mark"(%209) <{effects = ["write"]}> {reached_mask_ops_idx = 0 : i32} : (vector<64xf32>) -> ()
    "vector.transfer_write"(%209, %arg38, %206, %207) <{in_bounds = [true], operandSegmentSizes = array<i32: 1, 1, 1, 1>, permutation_map = #map1}> : (vector<64xf32>, memref<6xf32, #hivm.address_space<ub>>, index, vector<64xi1>) -> ()
    "func.return"() : () -> ()
  }) {hivm.func_core_type = #hivm.func_core_type<AIV>, hivm.vector_function} : () -> ()
  "func.func"() <{function_type = (memref<6xf32, #hivm.address_space<ub>>, memref<6x256xf32, #hivm.address_space<ub>>, memref<6x256xbf16, #hivm.address_space<ub>>) -> (), no_inline, sym_name = "paged_prefill_verify_grouped_kernel_mix_aiv_outlined_vf_24"}> ({
  ^bb0(%arg32: memref<6xf32, #hivm.address_space<ub>>, %arg33: memref<6x256xf32, #hivm.address_space<ub>>, %arg34: memref<6x256xbf16, #hivm.address_space<ub>>):
    %189 = "arith.constant"() <{value = 0.000000e+00 : f32}> : () -> f32
    %190 = "arith.constant"() <{value = 1 : index}> : () -> index
    %191 = "arith.constant"() <{value = 6 : index}> : () -> index
    %192 = "arith.constant"() <{value = 64 : index}> : () -> index
    %193 = "arith.constant"() <{value = 256 : index}> : () -> index
    %194 = "arith.constant"() <{value = 0 : index}> : () -> index
    "scf.for"(%194, %191, %190) ({
    ^bb0(%arg35: index):
      %195 = "memref.subview"(%arg32, %arg35) <{operandSegmentSizes = array<i32: 1, 1, 0, 0>, static_offsets = array<i64: -9223372036854775808>, static_sizes = array<i64: 1>, static_strides = array<i64: 1>}> : (memref<6xf32, #hivm.address_space<ub>>, index) -> memref<1xf32, strided<[1], offset: ?>, #hivm.address_space<ub>>
      "scf.for"(%194, %193, %192) ({
      ^bb0(%arg36: index):
        %196 = "memref.subview"(%arg33, %arg35, %arg36) <{operandSegmentSizes = array<i32: 1, 2, 0, 0>, static_offsets = array<i64: -9223372036854775808, -9223372036854775808>, static_sizes = array<i64: 1, 64>, static_strides = array<i64: 1, 1>}> : (memref<6x256xf32, #hivm.address_space<ub>>, index, index) -> memref<1x64xf32, strided<[256, 1], offset: ?>, #hivm.address_space<ub>>
        %197 = "memref.subview"(%arg34, %arg35, %arg36) <{operandSegmentSizes = array<i32: 1, 2, 0, 0>, static_offsets = array<i64: -9223372036854775808, -9223372036854775808>, static_sizes = array<i64: 1, 64>, static_strides = array<i64: 1, 1>}> : (memref<6x256xbf16, #hivm.address_space<ub>>, index, index) -> memref<1x64xbf16, strided<[256, 1], offset: ?>, #hivm.address_space<ub>>
        %198 = "memref.subview"(%196) <{operandSegmentSizes = array<i32: 1, 0, 0, 0>, static_offsets = array<i64: 0, 0>, static_sizes = array<i64: 1, 64>, static_strides = array<i64: 1, 1>}> : (memref<1x64xf32, strided<[256, 1], offset: ?>, #hivm.address_space<ub>>) -> memref<64xf32, #map, #hivm.address_space<ub>>
        %199 = "vector.transfer_read"(%198, %194, %189) <{in_bounds = [true], operandSegmentSizes = array<i32: 1, 1, 1, 0>, permutation_map = #map1}> : (memref<64xf32, #map, #hivm.address_space<ub>>, index, f32) -> vector<64xf32>
        %200 = "vector.transfer_read"(%195, %194, %189) <{in_bounds = [true, true], operandSegmentSizes = array<i32: 1, 1, 1, 0>, permutation_map = #map4}> : (memref<1xf32, strided<[1], offset: ?>, #hivm.address_space<ub>>, index, f32) -> vector<1x64xf32>
        %201 = "vector.shape_cast"(%200) : (vector<1x64xf32>) -> vector<64xf32>
        %202 = "arith.divf"(%199, %201) <{fastmath = #arith.fastmath<none>}> : (vector<64xf32>, vector<64xf32>) -> vector<64xf32>
        %203 = "arith.truncf"(%202) {enable_saturate = false, round_mode = #hfusion.round_mode<rint>, unsigned_mode = #hfusion.unsigned_mode<si2si>} : (vector<64xf32>) -> vector<64xbf16>
        %204 = "memref.subview"(%197) <{operandSegmentSizes = array<i32: 1, 0, 0, 0>, static_offsets = array<i64: 0, 0>, static_sizes = array<i64: 1, 64>, static_strides = array<i64: 1, 1>}> : (memref<1x64xbf16, strided<[256, 1], offset: ?>, #hivm.address_space<ub>>) -> memref<64xbf16, #map, #hivm.address_space<ub>>
        "vector.transfer_write"(%203, %204, %194) <{in_bounds = [true], operandSegmentSizes = array<i32: 1, 1, 1, 0>, permutation_map = #map1}> : (vector<64xbf16>, memref<64xbf16, #map, #hivm.address_space<ub>>, index) -> ()
        "scf.yield"() : () -> ()
      }) : (index, index, index) -> ()
      "scf.yield"() : () -> ()
    }) : (index, index, index) -> ()
    "func.return"() : () -> ()
  }) {hivm.func_core_type = #hivm.func_core_type<AIV>, hivm.vector_function} : () -> ()
  "func.func"() <{arg_attrs = [{hacc.arg_type = #hacc.arg_type<sync_block_lock>}, {hacc.arg_type = #hacc.arg_type<workspace>}, {tt.divisibility = 16 : i32, tt.tensor_kind = 0 : i32}, {tt.divisibility = 16 : i32, tt.tensor_kind = 0 : i32}, {tt.divisibility = 16 : i32, tt.tensor_kind = 0 : i32}, {tt.divisibility = 16 : i32, tt.tensor_kind = 1 : i32}, {tt.divisibility = 16 : i32, tt.tensor_kind = 0 : i32}, {tt.divisibility = 16 : i32, tt.tensor_kind = 0 : i32}, {tt.divisibility = 16 : i32, tt.tensor_kind = 0 : i32}, {tt.divisibility = 16 : i32, tt.tensor_kind = 0 : i32}, {tt.divisibility = 16 : i32}, {tt.divisibility = 16 : i32}, {tt.divisibility = 16 : i32}, {tt.divisibility = 16 : i32}, {tt.divisibility = 16 : i32}, {tt.divisibility = 16 : i32}, {tt.divisibility = 16 : i32}, {tt.divisibility = 16 : i32}, {}, {}, {}, {}], function_type = (memref<?xi8, #hivm.address_space<gm>>, memref<?xi8, #hivm.address_space<gm>>, memref<?xbf16, #hivm.address_space<gm>>, memref<?xbf16, #hivm.address_space<gm>>, memref<?xbf16, #hivm.address_space<gm>>, memref<?xbf16, #hivm.address_space<gm>>, memref<?xi32, #hivm.address_space<gm>>, memref<?xi32, #hivm.address_space<gm>>, memref<?xi32, #hivm.address_space<gm>>, memref<?xf32, #hivm.address_space<gm>>, i32, i32, i32, i32, i32, i32, i32, i32, f32, i32, i32, i32) -> (), sym_name = "paged_prefill_verify_grouped_kernel_mix_aiv"}> ({
  ^bb0(%arg0: memref<?xi8, #hivm.address_space<gm>>, %arg1: memref<?xi8, #hivm.address_space<gm>>, %arg2: memref<?xbf16, #hivm.address_space<gm>>, %arg3: memref<?xbf16, #hivm.address_space<gm>>, %arg4: memref<?xbf16, #hivm.address_space<gm>>, %arg5: memref<?xbf16, #hivm.address_space<gm>>, %arg6: memref<?xi32, #hivm.address_space<gm>>, %arg7: memref<?xi32, #hivm.address_space<gm>>, %arg8: memref<?xi32, #hivm.address_space<gm>>, %arg9: memref<?xf32, #hivm.address_space<gm>>, %arg10: i32, %arg11: i32, %arg12: i32, %arg13: i32, %arg14: i32, %arg15: i32, %arg16: i32, %arg17: i32, %arg18: f32, %arg19: i32, %arg20: i32, %arg21: i32):
    %0 = "arith.constant"() <{value = 21536 : i64}> : () -> i64
    %1 = "arith.constant"() <{value = 15296 : i64}> : () -> i64
    %2 = "arith.constant"() <{value = 13216 : i64}> : () -> i64
    %3 = "arith.constant"() <{value = 13184 : i64}> : () -> i64
    %4 = "arith.constant"() <{value = 13152 : i64}> : () -> i64
    %5 = "arith.constant"() <{value = 11104 : i64}> : () -> i64
    %6 = "arith.constant"() <{value = 10336 : i64}> : () -> i64
    %7 = "arith.constant"() <{value = 15264 : i64}> : () -> i64
    %8 = "arith.constant"() <{value = 10304 : i64}> : () -> i64
    %9 = "arith.constant"() <{value = 8768 : i64}> : () -> i64
    %10 = "arith.constant"() <{value = 8576 : i64}> : () -> i64
    %11 = "arith.constant"() <{value = 8384 : i64}> : () -> i64
    %12 = "arith.constant"() <{value = 8128 : i64}> : () -> i64
    %13 = "arith.constant"() <{value = 15328 : i64}> : () -> i64
    %14 = "arith.constant"() <{value = 15360 : i64}> : () -> i64
    %15 = "arith.constant"() <{value = 8096 : i64}> : () -> i64
    %16 = "arith.constant"() <{value = 8064 : i64}> : () -> i64
    %17 = "arith.constant"() <{value = 8032 : i64}> : () -> i64
    %18 = "arith.constant"() <{value = 8000 : i64}> : () -> i64
    %19 = "arith.constant"() <{value = 1856 : i64}> : () -> i64
    %20 = "arith.constant"() <{value = 320 : i64}> : () -> i64
    %21 = "arith.constant"() <{value = 8192 : i64}> : () -> i64
    %22 = "arith.constant"() <{value = 64 : i64}> : () -> i64
    %23 = "arith.constant"() <{value = 21504 : i64}> : () -> i64
    %24 = "arith.constant"() <{value = 32 : i64}> : () -> i64
    %25 = "arith.constant"() <{value = 0 : i64}> : () -> i64
    %26 = "llvm.mlir.constant"() <{value = 1024 : i64}> : () -> i64
    %27 = "llvm.mlir.constant"() <{value = 0 : i64}> : () -> i64
    %28 = "llvm.mlir.constant"() <{value = 0 : i32}> : () -> i32
    %29 = "arith.constant"() <{value = 64 : i32}> : () -> i32
    %30 = "arith.constant"() <{value = 63 : i32}> : () -> i32
    %31 = "arith.constant"() <{value = 0 : i32}> : () -> i32
    %32 = "arith.constant"() <{value = 0 : index}> : () -> index
    %33 = "llvm.mlir.constant"() <{value = 4 : i64}> : () -> i64
    %34 = "llvm.mlir.constant"() <{value = 1028 : i64}> : () -> i64
    %35 = "llvm.mlir.constant"() <{value = 8 : i64}> : () -> i64
    %36 = "llvm.mlir.constant"() <{value = 1032 : i64}> : () -> i64
    %37 = "arith.constant"() <{value = 1024 : i64}> : () -> i64
    %38 = "arith.constant"() <{value = 4 : i64}> : () -> i64
    %39 = "arith.constant"() <{value = 8 : i64}> : () -> i64
    %40 = "arith.constant"() <{value = 3 : i32}> : () -> i32
    %41 = "arith.constant"() <{value = 2 : i32}> : () -> i32
    %42 = "arith.constant"() <{value = 1 : i32}> : () -> i32
    %43 = "arith.constant"() <{value = 28 : i32}> : () -> i32
    %44 = "arith.muli"(%arg19, %arg20) <{overflowFlags = #arith.overflow<none>}> : (i32, i32) -> i32
    %45 = "arith.muli"(%44, %arg21) <{overflowFlags = #arith.overflow<none>}> : (i32, i32) -> i32
    "annotation.mark"(%45) <{effects = ["write"]}> {logical_block_num} : (i32) -> ()
    %46 = "hivm.hir.get_block_idx"() : () -> i64
    %47 = "arith.trunci"(%46) : (i64) -> i32
    %48 = "llvm.inttoptr"(%27) : (i64) -> !llvm.ptr<11>
    %49 = "llvm.inttoptr"(%26) : (i64) -> !llvm.ptr<11>
    %50 = "llvm.inttoptr"(%33) : (i64) -> !llvm.ptr<11>
    %51 = "llvm.inttoptr"(%34) : (i64) -> !llvm.ptr<11>
    %52 = "llvm.inttoptr"(%35) : (i64) -> !llvm.ptr<11>
    %53 = "llvm.inttoptr"(%36) : (i64) -> !llvm.ptr<11>
    %54 = "hivm.hir.get_sub_block_idx"() : () -> i64
    %55 = "arith.muli"(%54, %37) <{overflowFlags = #arith.overflow<none>}> : (i64, i64) -> i64
    %56 = "arith.addi"(%55, %38) <{overflowFlags = #arith.overflow<none>}> : (i64, i64) -> i64
    %57 = "llvm.inttoptr"(%56) : (i64) -> !llvm.ptr<11>
    %58 = "llvm.inttoptr"(%55) : (i64) -> !llvm.ptr<11>
    %59 = "arith.addi"(%55, %39) <{overflowFlags = #arith.overflow<none>}> : (i64, i64) -> i64
    %60 = "llvm.inttoptr"(%59) : (i64) -> !llvm.ptr<11>
    "scf.for"(%47, %45, %43) ({
    ^bb0(%arg22: i32):
      "hivm.hir.set_ctrl"() <{enable = false, idx = 60 : i64}> : () -> ()
      "hivm.hir.set_ctrl"() <{enable = true, idx = 48 : i64}> : () -> ()
      %61 = "arith.remsi"(%arg22, %arg19) : (i32, i32) -> i32
      "llvm.store"(%28, %48) <{ordering = 0 : i64, volatile_}> : (i32, !llvm.ptr<11>) -> ()
      "llvm.store"(%28, %49) <{ordering = 0 : i64, volatile_}> : (i32, !llvm.ptr<11>) -> ()
      "llvm.store"(%28, %50) <{ordering = 0 : i64, volatile_}> : (i32, !llvm.ptr<11>) -> ()
      "llvm.store"(%28, %51) <{ordering = 0 : i64, volatile_}> : (i32, !llvm.ptr<11>) -> ()
      "llvm.store"(%28, %52) <{ordering = 0 : i64, volatile_}> : (i32, !llvm.ptr<11>) -> ()
      "llvm.store"(%28, %53) <{ordering = 0 : i64, volatile_}> : (i32, !llvm.ptr<11>) -> ()
      %62 = "arith.divsi"(%61, %arg19) : (i32, i32) -> i32
      %63 = "arith.addi"(%61, %42) <{overflowFlags = #arith.overflow<none>}> : (i32, i32) -> i32
      %64 = "arith.divsi"(%63, %arg19) : (i32, i32) -> i32
      "scf.for"(%62, %64, %42) ({
      ^bb0(%arg23: i32):
        %65 = "arith.index_cast"(%arg23) : (i32) -> index
        %66 = "memref.reinterpret_cast"(%arg6, %65) <{operandSegmentSizes = array<i32: 1, 1, 0, 0>, static_offsets = array<i64: -9223372036854775808>, static_sizes = array<i64: 1>, static_strides = array<i64: 1>}> : (memref<?xi32, #hivm.address_space<gm>>, index) -> memref<1xi32, strided<[1], offset: ?>, #hivm.address_space<gm>>
        %67 = "memref.load"(%66, %32) : (memref<1xi32, strided<[1], offset: ?>, #hivm.address_space<gm>>, index) -> i32
        %68 = "affine.apply"(%65) <{map = #map5}> : (index) -> index
        %69 = "memref.reinterpret_cast"(%arg6, %68) <{operandSegmentSizes = array<i32: 1, 1, 0, 0>, static_offsets = array<i64: -9223372036854775808>, static_sizes = array<i64: 1>, static_strides = array<i64: 1>}> : (memref<?xi32, #hivm.address_space<gm>>, index) -> memref<1xi32, strided<[1], offset: ?>, #hivm.address_space<gm>>
        %70 = "memref.load"(%69, %32) : (memref<1xi32, strided<[1], offset: ?>, #hivm.address_space<gm>>, index) -> i32
        %71 = "arith.subi"(%70, %67) <{overflowFlags = #arith.overflow<none>}> : (i32, i32) -> i32
        %72 = "arith.cmpi"(%71, %31) <{predicate = 4 : i64}> : (i32, i32) -> i1
        "scf.if"(%72) ({
          %73 = "hivm.hir.pointer_cast"(%25) <{operandSegmentSizes = array<i32: 1, 0>}> : (i64) -> memref<6xi32, #hivm.address_space<ub>>
          "func.call"(%73) <{callee = @paged_prefill_verify_grouped_kernel_mix_aiv_outlined_vf_3, no_inline}> {hivm.vector_function} : (memref<6xi32, #hivm.address_space<ub>>) -> ()
          %74 = "hivm.hir.pointer_cast"(%24) <{operandSegmentSizes = array<i32: 1, 0>}> : (i64) -> memref<6xi32, #hivm.address_space<ub>>
          "func.call"(%73, %74) <{callee = @paged_prefill_verify_grouped_kernel_mix_aiv_outlined_vf_4, no_inline}> {hivm.vector_function} : (memref<6xi32, #hivm.address_space<ub>>, memref<6xi32, #hivm.address_space<ub>>) -> ()
          %75 = "memref.reinterpret_cast"(%arg9) <{operandSegmentSizes = array<i32: 1, 0, 0, 0>, static_offsets = array<i64: 0>, static_sizes = array<i64: 1>, static_strides = array<i64: 1>}> : (memref<?xf32, #hivm.address_space<gm>>) -> memref<1xf32, strided<[1]>, #hivm.address_space<gm>>
          %76 = "memref.load"(%75, %32) : (memref<1xf32, strided<[1]>, #hivm.address_space<gm>>, index) -> f32
          %77 = "memref.reinterpret_cast"(%arg9) <{operandSegmentSizes = array<i32: 1, 0, 0, 0>, static_offsets = array<i64: 1>, static_sizes = array<i64: 1>, static_strides = array<i64: 1>}> : (memref<?xf32, #hivm.address_space<gm>>) -> memref<1xf32, strided<[1], offset: 1>, #hivm.address_space<gm>>
          %78 = "memref.load"(%77, %32) : (memref<1xf32, strided<[1], offset: 1>, #hivm.address_space<gm>>, index) -> f32
          %79 = "memref.reinterpret_cast"(%arg9) <{operandSegmentSizes = array<i32: 1, 0, 0, 0>, static_offsets = array<i64: 2>, static_sizes = array<i64: 1>, static_strides = array<i64: 1>}> : (memref<?xf32, #hivm.address_space<gm>>) -> memref<1xf32, strided<[1], offset: 2>, #hivm.address_space<gm>>
          %80 = "memref.load"(%79, %32) : (memref<1xf32, strided<[1], offset: 2>, #hivm.address_space<gm>>, index) -> f32
          %81 = "memref.reinterpret_cast"(%arg9) <{operandSegmentSizes = array<i32: 1, 0, 0, 0>, static_offsets = array<i64: 3>, static_sizes = array<i64: 1>, static_strides = array<i64: 1>}> : (memref<?xf32, #hivm.address_space<gm>>) -> memref<1xf32, strided<[1], offset: 3>, #hivm.address_space<gm>>
          %82 = "memref.load"(%81, %32) : (memref<1xf32, strided<[1], offset: 3>, #hivm.address_space<gm>>, index) -> f32
          %83 = "memref.reinterpret_cast"(%arg9) <{operandSegmentSizes = array<i32: 1, 0, 0, 0>, static_offsets = array<i64: 4>, static_sizes = array<i64: 1>, static_strides = array<i64: 1>}> : (memref<?xf32, #hivm.address_space<gm>>) -> memref<1xf32, strided<[1], offset: 4>, #hivm.address_space<gm>>
          %84 = "memref.load"(%83, %32) : (memref<1xf32, strided<[1], offset: 4>, #hivm.address_space<gm>>, index) -> f32
          %85 = "memref.reinterpret_cast"(%arg9) <{operandSegmentSizes = array<i32: 1, 0, 0, 0>, static_offsets = array<i64: 5>, static_sizes = array<i64: 1>, static_strides = array<i64: 1>}> : (memref<?xf32, #hivm.address_space<gm>>) -> memref<1xf32, strided<[1], offset: 5>, #hivm.address_space<gm>>
          %86 = "memref.load"(%85, %32) : (memref<1xf32, strided<[1], offset: 5>, #hivm.address_space<gm>>, index) -> f32
          %87 = "hivm.hir.pointer_cast"(%23) <{operandSegmentSizes = array<i32: 1, 0>}> : (i64) -> memref<6xf32, #hivm.address_space<ub>>
          "func.call"(%73, %74, %84, %86, %82, %80, %78, %76, %87) <{callee = @paged_prefill_verify_grouped_kernel_mix_aiv_outlined_vf_5, no_inline}> {hivm.vector_function} : (memref<6xi32, #hivm.address_space<ub>>, memref<6xi32, #hivm.address_space<ub>>, f32, f32, f32, f32, f32, f32, memref<6xf32, #hivm.address_space<ub>>) -> ()
          %88 = "memref.reinterpret_cast"(%arg7, %65) <{operandSegmentSizes = array<i32: 1, 1, 0, 0>, static_offsets = array<i64: -9223372036854775808>, static_sizes = array<i64: 1>, static_strides = array<i64: 1>}> : (memref<?xi32, #hivm.address_space<gm>>, index) -> memref<1xi32, strided<[1], offset: ?>, #hivm.address_space<gm>>
          %89 = "memref.load"(%88, %32) : (memref<1xi32, strided<[1], offset: ?>, #hivm.address_space<gm>>, index) -> i32
          %90 = "arith.subi"(%89, %71) <{overflowFlags = #arith.overflow<none>}> : (i32, i32) -> i32
          %91 = "arith.addi"(%89, %30) <{overflowFlags = #arith.overflow<none>}> : (i32, i32) -> i32
          %92 = "arith.divsi"(%91, %29) : (i32, i32) -> i32
          %93 = "hivm.hir.pointer_cast"(%22) <{operandSegmentSizes = array<i32: 1, 0>}> : (i64) -> memref<64xi32, #hivm.address_space<ub>>
          "func.call"(%93) <{callee = @paged_prefill_verify_grouped_kernel_mix_aiv_outlined_vf_6, no_inline}> {hivm.vector_function} : (memref<64xi32, #hivm.address_space<ub>>) -> ()
          %94 = "hivm.hir.pointer_cast"(%24) <{operandSegmentSizes = array<i32: 1, 0>}> : (i64) -> memref<6xi32, #hivm.address_space<ub>>
          "func.call"(%74, %90, %94) <{callee = @paged_prefill_verify_grouped_kernel_mix_aiv_outlined_vf_7, no_inline}> {hivm.vector_function} : (memref<6xi32, #hivm.address_space<ub>>, i32, memref<6xi32, #hivm.address_space<ub>>) -> ()
          %95 = "memref.expand_shape"(%94) <{reassociation = [[0, 1]], static_output_shape = array<i64: 6, 1>}> : (memref<6xi32, #hivm.address_space<ub>>) -> memref<6x1xi32, #hivm.address_space<ub>>
          %96 = "hivm.hir.pointer_cast"(%24) <{operandSegmentSizes = array<i32: 1, 0>}> : (i64) -> memref<6x1xf32, #hivm.address_space<ub>>
          "func.call"(%95, %96) <{callee = @paged_prefill_verify_grouped_kernel_mix_aiv_outlined_vf_8, no_inline}> {hivm.vector_function} : (memref<6x1xi32, #hivm.address_space<ub>>, memref<6x1xf32, #hivm.address_space<ub>>) -> ()
          %97 = "arith.sitofp"(%89) : (i32) -> f32
          %98 = "hivm.hir.pointer_cast"(%21) <{operandSegmentSizes = array<i32: 1, 0>}> : (i64) -> memref<4x1x16x16xbf16, #hivm.address_space<cbuf>>
          "annotation.mark"(%98) <{effects = ["write", "read"]}> {hivm.tightly_coupled_buffer = #hivm.tightly_coupled_buffer<0>} : (memref<4x1x16x16xbf16, #hivm.address_space<cbuf>>) -> ()
          %99 = "hivm.hir.pointer_cast"(%20) <{operandSegmentSizes = array<i32: 1, 0>}> : (i64) -> memref<6x64xf32, #hivm.address_space<ub>>
          "annotation.mark"(%99) <{effects = ["write", "read"]}> {hivm.tightly_coupled_buffer = #hivm.tightly_coupled_buffer<1>} : (memref<6x64xf32, #hivm.address_space<ub>>) -> ()
          "hivm.hir.sync_block_set"() <{operandSegmentSizes = array<i32: 0, 0>, pipe = #hivm.pipe<PIPE_FIX>, static_flag_id = 2 : i64, tcore_type = #hivm.tcore_type<VECTOR>, tpipe = #hivm.pipe<PIPE_V>}> : () -> ()
          %100 = "hivm.hir.pointer_cast"(%19) <{operandSegmentSizes = array<i32: 1, 0>}> : (i64) -> memref<6x256xf32, #hivm.address_space<ub>>
          "annotation.mark"(%100) <{effects = ["write", "read"]}> {hivm.tightly_coupled_buffer = #hivm.tightly_coupled_buffer<2>} : (memref<6x256xf32, #hivm.address_space<ub>>) -> ()
          "hivm.hir.sync_block_set"() <{operandSegmentSizes = array<i32: 0, 0>, pipe = #hivm.pipe<PIPE_FIX>, static_flag_id = 3 : i64, tcore_type = #hivm.tcore_type<VECTOR>, tpipe = #hivm.pipe<PIPE_V>}> : () -> ()
          %101 = "hivm.hir.pointer_cast"(%18) <{operandSegmentSizes = array<i32: 1, 0>}> : (i64) -> memref<6xf32, #hivm.address_space<ub>>
          "annotation.mark"(%101) <{effects = ["write", "read"]}> {hivm.tightly_coupled_buffer = #hivm.tightly_coupled_buffer<3>} : (memref<6xf32, #hivm.address_space<ub>>) -> ()
          %102 = "hivm.hir.pointer_cast"(%17) <{operandSegmentSizes = array<i32: 1, 0>}> : (i64) -> memref<6xf32, #hivm.address_space<ub>>
          "annotation.mark"(%102) <{effects = ["write", "read"]}> {hivm.tightly_coupled_buffer = #hivm.tightly_coupled_buffer<4>} : (memref<6xf32, #hivm.address_space<ub>>) -> ()
          %103 = "hivm.hir.pointer_cast"(%16) <{operandSegmentSizes = array<i32: 1, 0>}> : (i64) -> memref<6xf32, #hivm.address_space<ub>>
          "annotation.mark"(%103) <{effects = ["write", "read"]}> {hivm.tightly_coupled_buffer = #hivm.tightly_coupled_buffer<5>} : (memref<6xf32, #hivm.address_space<ub>>) -> ()
          %104 = "hivm.hir.pointer_cast"(%15) <{operandSegmentSizes = array<i32: 1, 0>}> : (i64) -> memref<6xf32, #hivm.address_space<ub>>
          "annotation.mark"(%104) <{effects = ["write", "read"]}> {hivm.tightly_coupled_buffer = #hivm.tightly_coupled_buffer<6>} : (memref<6xf32, #hivm.address_space<ub>>) -> ()
          "hivm.hir.sync_block_set"() <{operandSegmentSizes = array<i32: 0, 0>, pipe = #hivm.pipe<PIPE_S>, static_flag_id = 15 : i64, tcore_type = #hivm.tcore_type<VECTOR>, tpipe = #hivm.pipe<PIPE_S>}> : () -> ()
          %105 = "arith.addi"(%92, %40) <{overflowFlags = #arith.overflow<none>}> : (i32, i32) -> i32
          %106 = "hivm.hir.pointer_cast"(%14) <{operandSegmentSizes = array<i32: 1, 0>}> : (i64) -> memref<6x256xf32, #hivm.address_space<ub>>
          "func.call"(%106) <{callee = @paged_prefill_verify_grouped_kernel_mix_aiv_outlined_vf_2, no_inline}> {hivm.vector_function} : (memref<6x256xf32, #hivm.address_space<ub>>) -> ()
          %107 = "hivm.hir.pointer_cast"(%13) <{operandSegmentSizes = array<i32: 1, 0>}> : (i64) -> memref<6xf32, #hivm.address_space<ub>>
          "func.call"(%107) <{callee = @paged_prefill_verify_grouped_kernel_mix_aiv_outlined_vf_1, no_inline}> {hivm.vector_function} : (memref<6xf32, #hivm.address_space<ub>>) -> ()
          "hivm.hir.set_flag"() <{set_pipe = #hivm.pipe<PIPE_MTE3>, static_event_id = #hivm.event<EVENT_ID0>, wait_pipe = #hivm.pipe<PIPE_V>}> : () -> ()
          %108:7 = "scf.for"(%31, %105, %42, %107, %106, %87, %31, %31, %31, %31) ({
          ^bb0(%arg24: i32, %arg25: memref<6xf32, #hivm.address_space<ub>>, %arg26: memref<6x256xf32, #hivm.address_space<ub>>, %arg27: memref<6xf32, #hivm.address_space<ub>>, %arg28: i32, %arg29: i32, %arg30: i32, %arg31: i32):
            "hivm.hir.sync_block_wait"() <{pipe = #hivm.pipe<PIPE_S>, static_flag_id = 15 : i64, tcore_type = #hivm.tcore_type<VECTOR>, tpipe = #hivm.pipe<PIPE_S>}> : () -> ()
            %116 = "llvm.load"(%58) <{ordering = 0 : i64, volatile_}> : (!llvm.ptr<11>) -> i32
            %117 = "arith.cmpi"(%116, %31) <{predicate = 4 : i64}> : (i32, i32) -> i1
            %118 = "llvm.load"(%60) <{ordering = 0 : i64, volatile_}> : (!llvm.ptr<11>) -> i32
            %119 = "arith.cmpi"(%118, %42) <{predicate = 2 : i64}> : (i32, i32) -> i1
            %120 = "arith.andi"(%117, %119) : (i1, i1) -> i1
            %121 = "arith.cmpi"(%arg30, %41) <{predicate = 2 : i64}> : (i32, i32) -> i1
            %122 = "arith.cmpi"(%arg31, %41) <{predicate = 2 : i64}> : (i32, i32) -> i1
            %123 = "arith.andi"(%121, %122) : (i1, i1) -> i1
            %124 = "arith.cmpi"(%arg28, %92) <{predicate = 2 : i64}> : (i32, i32) -> i1
            %125 = "arith.andi"(%120, %123) : (i1, i1) -> i1
            %126 = "arith.andi"(%125, %124) : (i1, i1) -> i1
            %127:4 = "scf.if"(%126) ({
              "hivm.hir.sync_block_wait"() <{pipe = #hivm.pipe<PIPE_V>, static_flag_id = 2 : i64, tcore_type = #hivm.tcore_type<VECTOR>, tpipe = #hivm.pipe<PIPE_FIX>}> : () -> ()
              %151 = "arith.muli"(%arg28, %29) <{overflowFlags = #arith.overflow<none>}> : (i32, i32) -> i32
              %152 = "hivm.hir.pointer_cast"(%12) <{operandSegmentSizes = array<i32: 1, 0>}> : (i64) -> memref<64xi32, #hivm.address_space<ub>>
              "func.call"(%93, %151, %152) <{callee = @paged_prefill_verify_grouped_kernel_mix_aiv_outlined_vf_9, no_inline}> {hivm.vector_function} : (memref<64xi32, #hivm.address_space<ub>>, i32, memref<64xi32, #hivm.address_space<ub>>) -> ()
              %153 = "memref.expand_shape"(%152) <{reassociation = [[0, 1]], static_output_shape = array<i64: 1, 64>}> : (memref<64xi32, #hivm.address_space<ub>>) -> memref<1x64xi32, #hivm.address_space<ub>>
              %154 = "hivm.hir.pointer_cast"(%12) <{operandSegmentSizes = array<i32: 1, 0>}> : (i64) -> memref<1x64xf32, #hivm.address_space<ub>>
              "func.call"(%153, %154) <{callee = @paged_prefill_verify_grouped_kernel_mix_aiv_outlined_vf_10, no_inline}> {hivm.vector_function} : (memref<1x64xi32, #hivm.address_space<ub>>, memref<1x64xf32, #hivm.address_space<ub>>) -> ()
              %155 = "hivm.hir.pointer_cast"(%11) <{operandSegmentSizes = array<i32: 1, 0>}> : (i64) -> memref<6x256x1xi1, #hivm.address_space<ub>>
              %156 = "memref.subview"(%155) <{operandSegmentSizes = array<i32: 1, 0, 0, 0>, static_offsets = array<i64: 0, 0, 0>, static_sizes = array<i64: 6, 64, 1>, static_strides = array<i64: 1, 1, 1>}> : (memref<6x256x1xi1, #hivm.address_space<ub>>) -> memref<6x64xi1, strided<[256, 1]>, #hivm.address_space<ub>>
              "func.call"(%96, %154, %156) <{callee = @paged_prefill_verify_grouped_kernel_mix_aiv_outlined_vf_11, no_inline}> {hivm.vector_function} : (memref<6x1xf32, #hivm.address_space<ub>>, memref<1x64xf32, #hivm.address_space<ub>>, memref<6x64xi1, strided<[256, 1]>, #hivm.address_space<ub>>) -> ()
              %157 = "hivm.hir.pointer_cast"(%12) <{operandSegmentSizes = array<i32: 1, 0>}> : (i64) -> memref<1x64xi1, #hivm.address_space<ub>>
              "func.call"(%154, %97, %157) <{callee = @paged_prefill_verify_grouped_kernel_mix_aiv_outlined_vf_12, no_inline}> {hivm.vector_function} : (memref<1x64xf32, #hivm.address_space<ub>>, f32, memref<1x64xi1, #hivm.address_space<ub>>) -> ()
              %158 = "memref.collapse_shape"(%157) <{reassociation = [[0, 1]]}> : (memref<1x64xi1, #hivm.address_space<ub>>) -> memref<64xi1, #hivm.address_space<ub>>
              %159 = "hivm.hir.pointer_cast"(%10) <{operandSegmentSizes = array<i32: 1, 0>}> : (i64) -> memref<6x256x1xi1, #hivm.address_space<ub>>
              %160 = "memref.subview"(%159) <{operandSegmentSizes = array<i32: 1, 0, 0, 0>, static_offsets = array<i64: 0, 0, 0>, static_sizes = array<i64: 6, 64, 1>, static_strides = array<i64: 1, 1, 1>}> : (memref<6x256x1xi1, #hivm.address_space<ub>>) -> memref<6x64xi1, strided<[256, 1]>, #hivm.address_space<ub>>
              %161 = "hivm.hir.pointer_cast"(%11) <{operandSegmentSizes = array<i32: 1, 0>}> : (i64) -> memref<6x256x1xi1, #hivm.address_space<ub>>
              %162 = "memref.subview"(%161) <{operandSegmentSizes = array<i32: 1, 0, 0, 0>, static_offsets = array<i64: 0, 0, 0>, static_sizes = array<i64: 6, 64, 1>, static_strides = array<i64: 1, 1, 1>}> : (memref<6x256x1xi1, #hivm.address_space<ub>>) -> memref<6x64xi1, strided<[256, 1]>, #hivm.address_space<ub>>
              "func.call"(%156, %158, %160, %162) <{callee = @paged_prefill_verify_grouped_kernel_mix_aiv_outlined_vf_13, no_inline}> {hivm.vector_function} : (memref<6x64xi1, strided<[256, 1]>, #hivm.address_space<ub>>, memref<64xi1, #hivm.address_space<ub>>, memref<6x64xi1, strided<[256, 1]>, #hivm.address_space<ub>>, memref<6x64xi1, strided<[256, 1]>, #hivm.address_space<ub>>) -> ()
              %163 = "hivm.hir.pointer_cast"(%9) <{operandSegmentSizes = array<i32: 1, 0>}> : (i64) -> memref<6x64xf32, #hivm.address_space<ub>>
              "func.call"(%162, %99, %arg18, %163) <{callee = @paged_prefill_verify_grouped_kernel_mix_aiv_outlined_vf_14, no_inline}> {hivm.vector_function} : (memref<6x64xi1, strided<[256, 1]>, #hivm.address_space<ub>>, memref<6x64xf32, #hivm.address_space<ub>>, f32, memref<6x64xf32, #hivm.address_space<ub>>) -> ()
              %164 = "hivm.hir.pointer_cast"(%8) <{operandSegmentSizes = array<i32: 1, 0>}> : (i64) -> memref<6xf32, #hivm.address_space<ub>>
              %165 = "hivm.hir.pointer_cast"(%7) <{operandSegmentSizes = array<i32: 1, 0>}> : (i64) -> memref<6xf32, #hivm.address_space<ub>>
              "func.call"(%arg27, %164, %163, %165) <{callee = @paged_prefill_verify_grouped_kernel_mix_aiv_outlined_vf_15, no_inline}> {hivm.vector_function} : (memref<6xf32, #hivm.address_space<ub>>, memref<6xf32, #hivm.address_space<ub>>, memref<6x64xf32, #hivm.address_space<ub>>, memref<6xf32, #hivm.address_space<ub>>) -> ()
              %166 = "hivm.hir.pointer_cast"(%9) <{operandSegmentSizes = array<i32: 1, 0>}> : (i64) -> memref<6x64xf32, #hivm.address_space<ub>>
              "func.call"(%165, %163, %166) <{callee = @paged_prefill_verify_grouped_kernel_mix_aiv_outlined_vf_16, no_inline}> {hivm.vector_function} : (memref<6xf32, #hivm.address_space<ub>>, memref<6x64xf32, #hivm.address_space<ub>>, memref<6x64xf32, #hivm.address_space<ub>>) -> ()
              %167 = "hivm.hir.pointer_cast"(%6) <{operandSegmentSizes = array<i32: 1, 0>}> : (i64) -> memref<6x64xbf16, #hivm.address_space<ub>>
              "func.call"(%166, %167) <{callee = @paged_prefill_verify_grouped_kernel_mix_aiv_outlined_vf_17, no_inline}> {hivm.vector_function} : (memref<6x64xf32, #hivm.address_space<ub>>, memref<6x64xbf16, #hivm.address_space<ub>>) -> ()
              %168 = "hivm.hir.pointer_cast"(%5) <{operandSegmentSizes = array<i32: 1, 0>}> : (i64) -> memref<16x64xbf16, #hivm.address_space<ub>>
              "func.call"(%168) <{callee = @paged_prefill_verify_grouped_kernel_mix_aiv_outlined_vf_0, no_inline}> {hivm.vector_function} : (memref<16x64xbf16, #hivm.address_space<ub>>) -> ()
              %169 = "memref.subview"(%168) <{operandSegmentSizes = array<i32: 1, 0, 0, 0>, static_offsets = array<i64: 0, 0>, static_sizes = array<i64: 6, 64>, static_strides = array<i64: 1, 1>}> : (memref<16x64xbf16, #hivm.address_space<ub>>) -> memref<6x64xbf16, strided<[64, 1]>, #hivm.address_space<ub>>
              %170 = "memref.collapse_shape"(%167) <{reassociation = [[0, 1]]}> : (memref<6x64xbf16, #hivm.address_space<ub>>) -> memref<384xbf16, #hivm.address_space<ub>>
              %171 = "memref.collapse_shape"(%169) <{reassociation = [[0, 1]]}> : (memref<6x64xbf16, strided<[64, 1]>, #hivm.address_space<ub>>) -> memref<384xbf16, strided<[1]>, #hivm.address_space<ub>>
              "hivm.hir.copy"(%170, %171) : (memref<384xbf16, #hivm.address_space<ub>>, memref<384xbf16, strided<[1]>, #hivm.address_space<ub>>) -> ()
              %172 = "hivm.hir.pointer_cast"(%4) <{operandSegmentSizes = array<i32: 1, 0>}> : (i64) -> memref<6xf32, #hivm.address_space<ub>>
              %173 = "arith.remsi"(%arg28, %41) : (i32, i32) -> i32
              %174 = "arith.cmpi"(%173, %31) <{predicate = 0 : i64}> : (i32, i32) -> i1
              %175 = "hivm.hir.pointer_cast"(%3) <{operandSegmentSizes = array<i32: 1, 0>}> : (i64) -> memref<6xf32, #hivm.address_space<ub>>
              %176 = "memref.expand_shape"(%168) <{reassociation = [[0], [1, 2]], static_output_shape = array<i64: 16, 4, 16>}> : (memref<16x64xbf16, #hivm.address_space<ub>>) -> memref<16x4x16xbf16, #hivm.address_space<ub>>
              %177 = "hivm.hir.pointer_cast"(%2) <{operandSegmentSizes = array<i32: 1, 0>}> : (i64) -> memref<4x16x16xbf16, #hivm.address_space<ub>>
              "hivm.hir.wait_flag"() <{set_pipe = #hivm.pipe<PIPE_MTE3>, static_event_id = #hivm.event<EVENT_ID0>, wait_pipe = #hivm.pipe<PIPE_V>}> : () -> ()
              "func.call"(%166, %172, %arg27, %165, %175, %176, %177) <{callee = @paged_prefill_verify_grouped_kernel_mix_aiv_outlined_merged_merged_vf_0, no_inline}> {hivm.vector_function, ptc_simdvf} : (memref<6x64xf32, #hivm.address_space<ub>>, memref<6xf32, #hivm.address_space<ub>>, memref<6xf32, #hivm.address_space<ub>>, memref<6xf32, #hivm.address_space<ub>>, memref<6xf32, #hivm.address_space<ub>>, memref<16x4x16xbf16, #hivm.address_space<ub>>, memref<4x16x16xbf16, #hivm.address_space<ub>>) -> ()
              "hivm.hir.set_flag"() <{set_pipe = #hivm.pipe<PIPE_V>, static_event_id = #hivm.event<EVENT_ID0>, wait_pipe = #hivm.pipe<PIPE_MTE3>}> : () -> ()
              "scf.if"(%174) ({
                "hivm.hir.copy"(%172, %103) : (memref<6xf32, #hivm.address_space<ub>>, memref<6xf32, #hivm.address_space<ub>>) -> ()
                "hivm.hir.copy"(%175, %101) : (memref<6xf32, #hivm.address_space<ub>>, memref<6xf32, #hivm.address_space<ub>>) -> ()
                "scf.yield"() : () -> ()
              }, {
                "hivm.hir.copy"(%172, %104) : (memref<6xf32, #hivm.address_space<ub>>, memref<6xf32, #hivm.address_space<ub>>) -> ()
                "hivm.hir.copy"(%175, %102) : (memref<6xf32, #hivm.address_space<ub>>, memref<6xf32, #hivm.address_space<ub>>) -> ()
                "scf.yield"() : () -> ()
              }) : (i1) -> ()
              "hivm.hir.sync_block_wait"() <{pipe = #hivm.pipe<PIPE_MTE3>, static_flag_id = 1 : i64, tcore_type = #hivm.tcore_type<VECTOR>, tpipe = #hivm.pipe<PIPE_M>}> : () -> ()
              %178 = "arith.index_cast"(%54) : (i64) -> index
              %179 = "arith.cmpi"(%178, %32) <{predicate = 0 : i64}> : (index, index) -> i1
              "hivm.hir.wait_flag"() <{set_pipe = #hivm.pipe<PIPE_V>, static_event_id = #hivm.event<EVENT_ID0>, wait_pipe = #hivm.pipe<PIPE_MTE3>}> : () -> ()
              "scf.if"(%179) ({
                %187 = "memref.collapse_shape"(%177) <{reassociation = [[0, 1, 2]]}> : (memref<4x16x16xbf16, #hivm.address_space<ub>>) -> memref<1024xbf16, #hivm.address_space<ub>>
                %188 = "memref.collapse_shape"(%98) <{reassociation = [[0, 1, 2, 3]]}> : (memref<4x1x16x16xbf16, #hivm.address_space<cbuf>>) -> memref<1024xbf16, #hivm.address_space<cbuf>>
                "hivm.hir.copy"(%187, %188) : (memref<1024xbf16, #hivm.address_space<ub>>, memref<1024xbf16, #hivm.address_space<cbuf>>) -> ()
                "scf.yield"() : () -> ()
              }, {
              }) {limit_sub_block_id0} : (i1) -> ()
              "hivm.hir.set_flag"() <{set_pipe = #hivm.pipe<PIPE_MTE3>, static_event_id = #hivm.event<EVENT_ID0>, wait_pipe = #hivm.pipe<PIPE_V>}> : () -> ()
              "hivm.hir.sync_block_set"() <{operandSegmentSizes = array<i32: 0, 0>, pipe = #hivm.pipe<PIPE_MTE1>, static_flag_id = 1 : i64, tcore_type = #hivm.tcore_type<VECTOR>, tpipe = #hivm.pipe<PIPE_MTE3>}> : () -> ()
              "hivm.hir.sync_block_set"() <{operandSegmentSizes = array<i32: 0, 0>, pipe = #hivm.pipe<PIPE_FIX>, static_flag_id = 2 : i64, tcore_type = #hivm.tcore_type<VECTOR>, tpipe = #hivm.pipe<PIPE_V>}> : () -> ()
              %180 = "llvm.load"(%58) <{ordering = 0 : i64, volatile_}> : (!llvm.ptr<11>) -> i32
              %181 = "arith.subi"(%180, %42) <{overflowFlags = #arith.overflow<none>}> : (i32, i32) -> i32
              "llvm.store"(%181, %58) <{ordering = 0 : i64, volatile_}> : (i32, !llvm.ptr<11>) -> ()
              %182 = "llvm.load"(%60) <{ordering = 0 : i64, volatile_}> : (!llvm.ptr<11>) -> i32
              %183 = "arith.addi"(%182, %42) <{overflowFlags = #arith.overflow<none>}> : (i32, i32) -> i32
              "llvm.store"(%183, %60) <{ordering = 0 : i64, volatile_}> : (i32, !llvm.ptr<11>) -> ()
              %184 = "arith.addi"(%arg31, %42) <{overflowFlags = #arith.overflow<none>}> : (i32, i32) -> i32
              %185 = "arith.addi"(%arg30, %42) <{overflowFlags = #arith.overflow<none>}> : (i32, i32) -> i32
              %186 = "arith.addi"(%arg28, %42) <{overflowFlags = #arith.overflow<none>}> : (i32, i32) -> i32
              "scf.yield"(%165, %184, %185, %186) : (memref<6xf32, #hivm.address_space<ub>>, i32, i32, i32) -> ()
            }, {
              %150 = "hivm.hir.pointer_cast"(%7) <{operandSegmentSizes = array<i32: 1, 0>}> : (i64) -> memref<6xf32, #hivm.address_space<ub>>
              "hivm.hir.copy"(%arg27, %150) : (memref<6xf32, #hivm.address_space<ub>>, memref<6xf32, #hivm.address_space<ub>>) -> ()
              "scf.yield"(%150, %arg31, %arg30, %arg28) : (memref<6xf32, #hivm.address_space<ub>>, i32, i32, i32) -> ()
            }) : (i1) -> (memref<6xf32, #hivm.address_space<ub>>, i32, i32, i32)
            %128 = "llvm.load"(%57) <{ordering = 0 : i64, volatile_}> : (!llvm.ptr<11>) -> i32
            %129 = "arith.cmpi"(%128, %31) <{predicate = 4 : i64}> : (i32, i32) -> i1
            %130 = "arith.cmpi"(%127#2, %31) <{predicate = 4 : i64}> : (i32, i32) -> i1
            %131 = "arith.cmpi"(%127#1, %31) <{predicate = 4 : i64}> : (i32, i32) -> i1
            %132 = "arith.andi"(%130, %131) : (i1, i1) -> i1
            %133 = "arith.cmpi"(%arg29, %92) <{predicate = 2 : i64}> : (i32, i32) -> i1
            %134 = "arith.andi"(%129, %132) : (i1, i1) -> i1
            %135 = "arith.andi"(%134, %133) : (i1, i1) -> i1
            %136:5 = "scf.if"(%135) ({
              "hivm.hir.sync_block_wait"() <{pipe = #hivm.pipe<PIPE_V>, static_flag_id = 3 : i64, tcore_type = #hivm.tcore_type<VECTOR>, tpipe = #hivm.pipe<PIPE_FIX>}> : () -> ()
              %138 = "arith.remsi"(%arg29, %41) : (i32, i32) -> i32
              %139 = "arith.cmpi"(%138, %31) <{predicate = 0 : i64}> : (i32, i32) -> i1
              %140 = "arith.select"(%139, %101, %102) : (i1, memref<6xf32, #hivm.address_space<ub>>, memref<6xf32, #hivm.address_space<ub>>) -> memref<6xf32, #hivm.address_space<ub>>
              %141 = "hivm.hir.pointer_cast"(%1) <{operandSegmentSizes = array<i32: 1, 0>}> : (i64) -> memref<6xf32, #hivm.address_space<ub>>
              "func.call"(%140, %141) <{callee = @paged_prefill_verify_grouped_kernel_mix_aiv_outlined_vf_21, no_inline}> {hivm.vector_function} : (memref<6xf32, #hivm.address_space<ub>>, memref<6xf32, #hivm.address_space<ub>>) -> ()
              %142 = "arith.select"(%139, %103, %104) : (i1, memref<6xf32, #hivm.address_space<ub>>, memref<6xf32, #hivm.address_space<ub>>) -> memref<6xf32, #hivm.address_space<ub>>
              %143 = "hivm.hir.pointer_cast"(%13) <{operandSegmentSizes = array<i32: 1, 0>}> : (i64) -> memref<6xf32, #hivm.address_space<ub>>
              %144 = "hivm.hir.pointer_cast"(%14) <{operandSegmentSizes = array<i32: 1, 0>}> : (i64) -> memref<6x256xf32, #hivm.address_space<ub>>
              "func.call"(%arg25, %141, %142, %143, %141, %100, %arg26, %144) <{callee = @paged_prefill_verify_grouped_kernel_mix_aiv_outlined_merged_vf_1, no_inline}> {hivm.vector_function, ptc_simdvf} : (memref<6xf32, #hivm.address_space<ub>>, memref<6xf32, #hivm.address_space<ub>>, memref<6xf32, #hivm.address_space<ub>>, memref<6xf32, #hivm.address_space<ub>>, memref<6xf32, #hivm.address_space<ub>>, memref<6x256xf32, #hivm.address_space<ub>>, memref<6x256xf32, #hivm.address_space<ub>>, memref<6x256xf32, #hivm.address_space<ub>>) -> ()
              "hivm.hir.sync_block_set"() <{operandSegmentSizes = array<i32: 0, 0>, pipe = #hivm.pipe<PIPE_FIX>, static_flag_id = 3 : i64, tcore_type = #hivm.tcore_type<VECTOR>, tpipe = #hivm.pipe<PIPE_V>}> : () -> ()
              %145 = "llvm.load"(%57) <{ordering = 0 : i64, volatile_}> : (!llvm.ptr<11>) -> i32
              %146 = "arith.subi"(%145, %42) <{overflowFlags = #arith.overflow<none>}> : (i32, i32) -> i32
              "llvm.store"(%146, %57) <{ordering = 0 : i64, volatile_}> : (i32, !llvm.ptr<11>) -> ()
              %147 = "arith.subi"(%127#1, %42) <{overflowFlags = #arith.overflow<none>}> : (i32, i32) -> i32
              %148 = "arith.subi"(%127#2, %42) <{overflowFlags = #arith.overflow<none>}> : (i32, i32) -> i32
              %149 = "arith.addi"(%arg29, %42) <{overflowFlags = #arith.overflow<none>}> : (i32, i32) -> i32
              "scf.yield"(%143, %144, %147, %148, %149) : (memref<6xf32, #hivm.address_space<ub>>, memref<6x256xf32, #hivm.address_space<ub>>, i32, i32, i32) -> ()
            }, {
              "scf.yield"(%arg25, %arg26, %127#1, %127#2, %arg29) : (memref<6xf32, #hivm.address_space<ub>>, memref<6x256xf32, #hivm.address_space<ub>>, i32, i32, i32) -> ()
            }) : (i1) -> (memref<6xf32, #hivm.address_space<ub>>, memref<6x256xf32, #hivm.address_space<ub>>, i32, i32, i32)
            "hivm.hir.sync_block_set"() <{operandSegmentSizes = array<i32: 0, 0>, pipe = #hivm.pipe<PIPE_S>, static_flag_id = 15 : i64, tcore_type = #hivm.tcore_type<VECTOR>, tpipe = #hivm.pipe<PIPE_S>}> : () -> ()
            %137 = "hivm.hir.pointer_cast"(%23) <{operandSegmentSizes = array<i32: 1, 0>}> : (i64) -> memref<6xf32, #hivm.address_space<ub>>
            "hivm.hir.copy"(%127#0, %137) : (memref<6xf32, #hivm.address_space<ub>>, memref<6xf32, #hivm.address_space<ub>>) -> ()
            "scf.yield"(%136#0, %136#1, %137, %127#3, %136#4, %136#3, %136#2) : (memref<6xf32, #hivm.address_space<ub>>, memref<6x256xf32, #hivm.address_space<ub>>, memref<6xf32, #hivm.address_space<ub>>, i32, i32, i32, i32) -> ()
          }) : (i32, i32, i32, memref<6xf32, #hivm.address_space<ub>>, memref<6x256xf32, #hivm.address_space<ub>>, memref<6xf32, #hivm.address_space<ub>>, i32, i32, i32, i32) -> (memref<6xf32, #hivm.address_space<ub>>, memref<6x256xf32, #hivm.address_space<ub>>, memref<6xf32, #hivm.address_space<ub>>, i32, i32, i32, i32)
          "hivm.hir.wait_flag"() <{set_pipe = #hivm.pipe<PIPE_MTE3>, static_event_id = #hivm.event<EVENT_ID0>, wait_pipe = #hivm.pipe<PIPE_V>}> : () -> ()
          "hivm.hir.sync_block_wait"() <{pipe = #hivm.pipe<PIPE_MTE3>, static_flag_id = 1 : i64, tcore_type = #hivm.tcore_type<VECTOR>, tpipe = #hivm.pipe<PIPE_M>}> : () -> ()
          %109 = "arith.muli"(%67, %arg16) <{overflowFlags = #arith.overflow<none>}> : (i32, i32) -> i32
          %110 = "arith.index_cast"(%109) : (i32) -> index
          %111 = "arith.index_cast"(%arg17) : (i32) -> index
          %112 = "memref.reinterpret_cast"(%arg5, %110, %111) <{operandSegmentSizes = array<i32: 1, 1, 0, 1>, static_offsets = array<i64: -9223372036854775808>, static_sizes = array<i64: 6, 256>, static_strides = array<i64: -9223372036854775808, 1>}> : (memref<?xbf16, #hivm.address_space<gm>>, index, index) -> memref<6x256xbf16, strided<[?, 1], offset: ?>, #hivm.address_space<gm>>
          %113 = "hivm.hir.pointer_cast"(%0) <{operandSegmentSizes = array<i32: 1, 0>}> : (i64) -> memref<6x256xbf16, #hivm.address_space<ub>>
          "func.call"(%108#0, %108#1, %113) <{callee = @paged_prefill_verify_grouped_kernel_mix_aiv_outlined_vf_24, no_inline}> {hivm.vector_function} : (memref<6xf32, #hivm.address_space<ub>>, memref<6x256xf32, #hivm.address_space<ub>>, memref<6x256xbf16, #hivm.address_space<ub>>) -> ()
          "hivm.hir.set_flag"() <{set_pipe = #hivm.pipe<PIPE_V>, static_event_id = #hivm.event<EVENT_ID0>, wait_pipe = #hivm.pipe<PIPE_MTE3>}> : () -> ()
          %114 = "arith.index_cast"(%54) : (i64) -> index
          %115 = "arith.cmpi"(%114, %32) <{predicate = 0 : i64}> : (index, index) -> i1
          "hivm.hir.wait_flag"() <{set_pipe = #hivm.pipe<PIPE_V>, static_event_id = #hivm.event<EVENT_ID0>, wait_pipe = #hivm.pipe<PIPE_MTE3>}> : () -> ()
          "scf.if"(%115) ({
            "hivm.hir.store"(%113, %112) : (memref<6x256xbf16, #hivm.address_space<ub>>, memref<6x256xbf16, strided<[?, 1], offset: ?>, #hivm.address_space<gm>>) -> ()
            "scf.yield"() : () -> ()
          }, {
          }) {limit_sub_block_id0} : (i1) -> ()
          "scf.yield"() : () -> ()
        }, {
        }) : (i1) -> ()
        "scf.yield"() : () -> ()
      }) : (i32, i32, i32) -> ()
      "hivm.hir.set_ctrl"() <{enable = true, idx = 60 : i64}> : () -> ()
      "scf.yield"() : () -> ()
    }) {autoblockify.subloop} : (i32, i32, i32) -> ()
    "hivm.hir.pipe_barrier"() <{pipe = #hivm.pipe<PIPE_ALL>}> : () -> ()
    "func.return"() : () -> ()
  }) {SyncBlockLockArgIdx = 0 : i64, WorkspaceArgIdx = 1 : i64, func_dyn_memref_args = dense<[true, true, true, true, true, true, true, true, true, true, false, false, false, false, false, false, false, false, false, false, false, false]> : vector<22xi1>, hacc.entry, hacc.function_kind = #hacc.function_kind<DEVICE>, hivm.func_core_type = #hivm.func_core_type<AIV>, hivm.part_of_mix, hivm.vf_mode = #hivm.vf_mode<SIMD>, mix_mode = "mix", parallel_mode = "simd"} : () -> ()
}) {dlti.target_system_spec = #dlti.target_system_spec<"NPU" : #hacc.target_device_spec<#dlti.dl_entry<"AI_CORE_COUNT", 28 : i32>, #dlti.dl_entry<"CUBE_CORE_COUNT", 28 : i32>, #dlti.dl_entry<"VECTOR_CORE_COUNT", 56 : i32>, #dlti.dl_entry<"UB_SIZE", 2031616 : i32>, #dlti.dl_entry<"L1_SIZE", 4194304 : i32>, #dlti.dl_entry<"L0A_SIZE", 524288 : i32>, #dlti.dl_entry<"L0B_SIZE", 524288 : i32>, #dlti.dl_entry<"L0C_SIZE", 2097152 : i32>, #dlti.dl_entry<"UB_ALIGN_SIZE", 256 : i32>, #dlti.dl_entry<"L1_ALIGN_SIZE", 256 : i32>, #dlti.dl_entry<"L0C_ALIGN_SIZE", 4096 : i32>, #dlti.dl_entry<"MINIMAL_D_CACHE_SIZE", 262144 : i32>, #dlti.dl_entry<"MAXIMUM_D_CACHE_SIZE", 983040 : i32>, #dlti.dl_entry<"ARCH", "dav-c310">>>, hacc.target = #hacc.target<"Ascend950PR_957b">, hivm.module_core_type = #hivm.module_core_type<MIX>} : () -> ()


[hivm-bind-sub-block] revert paged_prefill_verify_grouped_kernel_mix_aiv: bubble-up or verification failed
// -----// IR Dump After InlineScope Failed (inline-scope) //----- //
#map = affine_map<(d0)[s0] -> (d0 + s0)>
#map1 = affine_map<(d0) -> (d0)>
#map2 = affine_map<() -> ()>
#map3 = affine_map<(d0, d1, d2) -> (d0, d1, d2)>
#map4 = affine_map<(d0) -> (d0, 0)>
#map5 = affine_map<()[s0] -> (s0 + 1)>
#map6 = affine_map<()[s0, s1] -> (s0 - s1)>
#map7 = affine_map<()[s0, s1] -> (s0 + s1)>
#map8 = affine_map<()[s0, s1] -> ((s0 - s1 + 15) floordiv 16)>
#map9 = affine_map<()[s0] -> (s0 floordiv 16)>
#map10 = affine_map<()[s0] -> (s0 mod 16)>
#map11 = affine_map<(d0, d1) -> (d0, d1)>
#map12 = affine_map<(d0, d1) -> (0, d1)>
#map13 = affine_map<(d0, d1) -> (d0, 0)>
#map14 = affine_map<(d0) -> (0, d0)>
"builtin.module"() ({
  "func.func"() <{function_type = (memref<6x64xf32, #hivm.address_space<ub>>, memref<6xf32, #hivm.address_space<ub>>, memref<6xf32, #hivm.address_space<ub>>, memref<6xf32, #hivm.address_space<ub>>, memref<6xf32, #hivm.address_space<ub>>, memref<16x4x16xbf16, #hivm.address_space<ub>>, memref<4x16x16xbf16, #hivm.address_space<ub>>) -> (), sym_name = "paged_prefill_verify_grouped_kernel_mix_aiv_outlined_merged_merged_vf_0"}> ({
  ^bb0(%arg136: memref<6x64xf32, #hivm.address_space<ub>>, %arg137: memref<6xf32, #hivm.address_space<ub>>, %arg138: memref<6xf32, #hivm.address_space<ub>>, %arg139: memref<6xf32, #hivm.address_space<ub>>, %arg140: memref<6xf32, #hivm.address_space<ub>>, %arg141: memref<16x4x16xbf16, #hivm.address_space<ub>>, %arg142: memref<4x16x16xbf16, #hivm.address_space<ub>>):
    %637 = "arith.constant"() <{value = dense<0.000000e+00> : vector<128xbf16>}> : () -> vector<128xbf16>
    %638 = "arith.constant"() <{value = dense<"0x00000100020003000400050006000700080009000A000B000C000D000E000F0040004100420043004400450046004700480049004A004B004C004D004E004F0010001100120013001400150016001700180019001A001B001C001D001E001F0050005100520053005400550056005700580059005A005B005C005D005E005F0020002100220023002400250026002700280029002A002B002C002D002E002F0060006100620063006400650066006700680069006A006B006C006D006E006F0030003100320033003400350036003700380039003A003B003C003D003E003F0070007100720073007400750076007700780079007A007B007C007D007E007F00"> : vector<128xi16>}> : () -> vector<128xi16>
    %639 = "arith.constant"() <{value = dense<0.000000e+00> : vector<64xf32>}> : () -> vector<64xf32>
    %640 = "arith.constant"() <{value = 16 : index}> : () -> index
    %641 = "arith.constant"() <{value = 2 : index}> : () -> index
    %642 = "arith.constant"() <{value = 0.000000e+00 : f32}> : () -> f32
    %643 = "arith.constant"() <{value = 1 : index}> : () -> index
    %644 = "arith.constant"() <{value = 6 : index}> : () -> index
    %645 = "arith.constant"() <{value = 0 : index}> : () -> index
    "scf.for"(%645, %644, %643) ({
    ^bb0(%arg144: index):
      %654 = "memref.subview"(%arg137, %arg144) <{operandSegmentSizes = array<i32: 1, 1, 0, 0>, static_offsets = array<i64: -9223372036854775808>, static_sizes = array<i64: 1>, static_strides = array<i64: 1>}> : (memref<6xf32, #hivm.address_space<ub>>, index) -> memref<1xf32, strided<[1], offset: ?>, #hivm.address_space<ub>>
      %655 = "memref.subview"(%arg136, %arg144) <{operandSegmentSizes = array<i32: 1, 1, 0, 0>, static_offsets = array<i64: -9223372036854775808, 0>, static_sizes = array<i64: 1, 64>, static_strides = array<i64: 1, 1>}> : (memref<6x64xf32, #hivm.address_space<ub>>, index) -> memref<1x64xf32, strided<[64, 1], offset: ?>, #hivm.address_space<ub>>
      %656 = "memref.subview"(%655) <{operandSegmentSizes = array<i32: 1, 0, 0, 0>, static_offsets = array<i64: 0, 0>, static_sizes = array<i64: 1, 64>, static_strides = array<i64: 1, 1>}> : (memref<1x64xf32, strided<[64, 1], offset: ?>, #hivm.address_space<ub>>) -> memref<64xf32, #map, #hivm.address_space<ub>>
      %657 = "vector.transfer_read"(%656, %645, %642) <{in_bounds = [true], operandSegmentSizes = array<i32: 1, 1, 1, 0>, permutation_map = #map1}> : (memref<64xf32, #map, #hivm.address_space<ub>>, index, f32) -> vector<64xf32>
      %658 = "arith.addf"(%657, %639) <{fastmath = #arith.fastmath<none>}> {reductionOp} : (vector<64xf32>, vector<64xf32>) -> vector<64xf32>
      %659 = "memref.subview"(%654) <{operandSegmentSizes = array<i32: 1, 0, 0, 0>, static_offsets = array<i64: 0>, static_sizes = array<i64: 1>, static_strides = array<i64: 1>}> : (memref<1xf32, strided<[1], offset: ?>, #hivm.address_space<ub>>) -> memref<f32, strided<[], offset: ?>, #hivm.address_space<ub>>
      %660 = "vector.transfer_read"(%659, %642) <{in_bounds = [], operandSegmentSizes = array<i32: 1, 0, 1, 0>, permutation_map = #map2}> : (memref<f32, strided<[], offset: ?>, #hivm.address_space<ub>>, f32) -> vector<f32>
      %661 = "vector.shape_cast"(%660) : (vector<f32>) -> vector<1xf32>
      %662 = "builtin.unrealized_conversion_cast"(%661) : (vector<1xf32>) -> f32
      %663 = "vector.reduction"(%658, %662) <{fastmath = #arith.fastmath<none>, kind = #vector.kind<add>}> {withoutInitMergeOp} : (vector<64xf32>, f32) -> f32
      %664 = "builtin.unrealized_conversion_cast"(%663) : (f32) -> vector<1xf32>
      %665 = "vector.shape_cast"(%664) : (vector<1xf32>) -> vector<f32>
      "vector.transfer_write"(%665, %659) <{in_bounds = [], operandSegmentSizes = array<i32: 1, 1, 0, 0>, permutation_map = #map2}> : (vector<f32>, memref<f32, strided<[], offset: ?>, #hivm.address_space<ub>>) -> ()
      "scf.yield"() : () -> ()
    }) : (index, index, index) -> ()
    %646 = "vector.constant_mask"() <{mask_dim_sizes = [6]}> : () -> vector<64xi1>
    "annotation.mark"(%646) <{effects = ["write"]}> {mask_op_idx = 0 : i32} : (vector<64xi1>) -> ()
    %647 = "vector.transfer_read"(%arg138, %645, %642, %646) <{in_bounds = [true], operandSegmentSizes = array<i32: 1, 1, 1, 1>, permutation_map = #map1}> : (memref<6xf32, #hivm.address_space<ub>>, index, f32, vector<64xi1>) -> vector<64xf32>
    "annotation.mark"(%647) <{effects = ["write"]}> {reached_mask_ops_idx = 0 : i32} : (vector<64xf32>) -> ()
    %648 = "vector.transfer_read"(%arg139, %645, %642, %646) <{in_bounds = [true], operandSegmentSizes = array<i32: 1, 1, 1, 1>, permutation_map = #map1}> : (memref<6xf32, #hivm.address_space<ub>>, index, f32, vector<64xi1>) -> vector<64xf32>
    "annotation.mark"(%648) <{effects = ["write"]}> {reached_mask_ops_idx = 0 : i32} : (vector<64xf32>) -> ()
    %649 = "arith.subf"(%647, %648) <{fastmath = #arith.fastmath<none>}> : (vector<64xf32>, vector<64xf32>) -> vector<64xf32>
    "annotation.mark"(%649) <{effects = ["write"]}> {reached_mask_ops_idx = 0 : i32} : (vector<64xf32>) -> ()
    "vector.transfer_write"(%649, %arg140, %645, %646) <{in_bounds = [true], operandSegmentSizes = array<i32: 1, 1, 1, 1>, permutation_map = #map1}> : (vector<64xf32>, memref<6xf32, #hivm.address_space<ub>>, index, vector<64xi1>) -> ()
    "scf.for"(%645, %640, %641) ({
    ^bb0(%arg143: index):
      %650 = "memref.subview"(%arg141, %arg143) <{operandSegmentSizes = array<i32: 1, 1, 0, 0>, static_offsets = array<i64: -9223372036854775808, 0, 0>, static_sizes = array<i64: 2, 4, 16>, static_strides = array<i64: 1, 1, 1>}> : (memref<16x4x16xbf16, #hivm.address_space<ub>>, index) -> memref<2x4x16xbf16, strided<[64, 16, 1], offset: ?>, #hivm.address_space<ub>>
      %651 = "memref.subview"(%arg142, %arg143) <{operandSegmentSizes = array<i32: 1, 1, 0, 0>, static_offsets = array<i64: 0, -9223372036854775808, 0>, static_sizes = array<i64: 4, 2, 16>, static_strides = array<i64: 1, 1, 1>}> : (memref<4x16x16xbf16, #hivm.address_space<ub>>, index) -> memref<4x2x16xbf16, strided<[256, 16, 1], offset: ?>, #hivm.address_space<ub>>
      %652 = "vector.constant_mask"() <{mask_dim_sizes = [128]}> : () -> vector<128xi1>
      %653 = "vector.gather"(%650, %645, %645, %645, %638, %652, %637) : (memref<2x4x16xbf16, strided<[64, 16, 1], offset: ?>, #hivm.address_space<ub>>, index, index, index, vector<128xi16>, vector<128xi1>, vector<128xbf16>) -> vector<128xbf16>
      "vector.transfer_write"(%653, %651, %645, %645, %645) <{in_bounds = [true, true, true], operandSegmentSizes = array<i32: 1, 1, 3, 0>, permutation_map = #map3}> : (vector<128xbf16>, memref<4x2x16xbf16, strided<[256, 16, 1], offset: ?>, #hivm.address_space<ub>>, index, index, index) -> ()
      "scf.yield"() : () -> ()
    }) : (index, index, index) -> ()
    "func.return"() : () -> ()
  }) {hivm.func_core_type = #hivm.func_core_type<AIV>, hivm.vector_function} : () -> ()
  "func.func"() <{function_type = (memref<6xf32, #hivm.address_space<ub>>, memref<6xf32, #hivm.address_space<ub>>, memref<6xf32, #hivm.address_space<ub>>, memref<6xf32, #hivm.address_space<ub>>, memref<6xf32, #hivm.address_space<ub>>, memref<6x256xf32, #hivm.address_space<ub>>, memref<6x256xf32, #hivm.address_space<ub>>, memref<6x256xf32, #hivm.address_space<ub>>) -> (), sym_name = "paged_prefill_verify_grouped_kernel_mix_aiv_outlined_merged_vf_1"}> ({
  ^bb0(%arg126: memref<6xf32, #hivm.address_space<ub>>, %arg127: memref<6xf32, #hivm.address_space<ub>>, %arg128: memref<6xf32, #hivm.address_space<ub>>, %arg129: memref<6xf32, #hivm.address_space<ub>>, %arg130: memref<6xf32, #hivm.address_space<ub>>, %arg131: memref<6x256xf32, #hivm.address_space<ub>>, %arg132: memref<6x256xf32, #hivm.address_space<ub>>, %arg133: memref<6x256xf32, #hivm.address_space<ub>>):
    %612 = "arith.constant"() <{value = 256 : index}> : () -> index
    %613 = "arith.constant"() <{value = 64 : index}> : () -> index
    %614 = "arith.constant"() <{value = 6 : index}> : () -> index
    %615 = "arith.constant"() <{value = 1 : index}> : () -> index
    %616 = "arith.constant"() <{value = 0.000000e+00 : f32}> : () -> f32
    %617 = "arith.constant"() <{value = 0 : index}> : () -> index
    %618 = "vector.constant_mask"() <{mask_dim_sizes = [6]}> : () -> vector<64xi1>
    "annotation.mark"(%618) <{effects = ["write"]}> {mask_op_idx = 0 : i32} : (vector<64xi1>) -> ()
    %619 = "vector.transfer_read"(%arg126, %617, %616, %618) <{in_bounds = [true], operandSegmentSizes = array<i32: 1, 1, 1, 1>, permutation_map = #map1}> : (memref<6xf32, #hivm.address_space<ub>>, index, f32, vector<64xi1>) -> vector<64xf32>
    "annotation.mark"(%619) <{effects = ["write"]}> {reached_mask_ops_idx = 0 : i32} : (vector<64xf32>) -> ()
    %620 = "vector.transfer_read"(%arg127, %617, %616, %618) <{in_bounds = [true], operandSegmentSizes = array<i32: 1, 1, 1, 1>, permutation_map = #map1}> : (memref<6xf32, #hivm.address_space<ub>>, index, f32, vector<64xi1>) -> vector<64xf32>
    "annotation.mark"(%620) <{effects = ["write"]}> {reached_mask_ops_idx = 0 : i32} : (vector<64xf32>) -> ()
    %621 = "vector.transfer_read"(%arg128, %617, %616, %618) <{in_bounds = [true], operandSegmentSizes = array<i32: 1, 1, 1, 1>, permutation_map = #map1}> : (memref<6xf32, #hivm.address_space<ub>>, index, f32, vector<64xi1>) -> vector<64xf32>
    "annotation.mark"(%621) <{effects = ["write"]}> {reached_mask_ops_idx = 0 : i32} : (vector<64xf32>) -> ()
    %622 = "arith.mulf"(%619, %620) <{fastmath = #arith.fastmath<none>}> : (vector<64xf32>, vector<64xf32>) -> vector<64xf32>
    "annotation.mark"(%622) <{effects = ["write"]}> {reached_mask_ops_idx = 0 : i32} : (vector<64xf32>) -> ()
    %623 = "arith.addf"(%622, %621) <{fastmath = #arith.fastmath<none>}> : (vector<64xf32>, vector<64xf32>) -> vector<64xf32>
    "annotation.mark"(%623) <{effects = ["write"]}> {reached_mask_ops_idx = 0 : i32} : (vector<64xf32>) -> ()
    "vector.transfer_write"(%623, %arg129, %617, %618) <{in_bounds = [true], operandSegmentSizes = array<i32: 1, 1, 1, 1>, permutation_map = #map1}> : (vector<64xf32>, memref<6xf32, #hivm.address_space<ub>>, index, vector<64xi1>) -> ()
    "scf.for"(%617, %614, %615) ({
    ^bb0(%arg134: index):
      %624 = "memref.subview"(%arg130, %arg134) <{operandSegmentSizes = array<i32: 1, 1, 0, 0>, static_offsets = array<i64: -9223372036854775808>, static_sizes = array<i64: 1>, static_strides = array<i64: 1>}> : (memref<6xf32, #hivm.address_space<ub>>, index) -> memref<1xf32, strided<[1], offset: ?>, #hivm.address_space<ub>>
      "scf.for"(%617, %612, %613) ({
      ^bb0(%arg135: index):
        %625 = "memref.subview"(%arg131, %arg134, %arg135) <{operandSegmentSizes = array<i32: 1, 2, 0, 0>, static_offsets = array<i64: -9223372036854775808, -9223372036854775808>, static_sizes = array<i64: 1, 64>, static_strides = array<i64: 1, 1>}> : (memref<6x256xf32, #hivm.address_space<ub>>, index, index) -> memref<1x64xf32, strided<[256, 1], offset: ?>, #hivm.address_space<ub>>
        %626 = "memref.subview"(%arg132, %arg134, %arg135) <{operandSegmentSizes = array<i32: 1, 2, 0, 0>, static_offsets = array<i64: -9223372036854775808, -9223372036854775808>, static_sizes = array<i64: 1, 64>, static_strides = array<i64: 1, 1>}> : (memref<6x256xf32, #hivm.address_space<ub>>, index, index) -> memref<1x64xf32, strided<[256, 1], offset: ?>, #hivm.address_space<ub>>
        %627 = "memref.subview"(%arg133, %arg134, %arg135) <{operandSegmentSizes = array<i32: 1, 2, 0, 0>, static_offsets = array<i64: -9223372036854775808, -9223372036854775808>, static_sizes = array<i64: 1, 64>, static_strides = array<i64: 1, 1>}> : (memref<6x256xf32, #hivm.address_space<ub>>, index, index) -> memref<1x64xf32, strided<[256, 1], offset: ?>, #hivm.address_space<ub>>
        %628 = "memref.subview"(%625) <{operandSegmentSizes = array<i32: 1, 0, 0, 0>, static_offsets = array<i64: 0, 0>, static_sizes = array<i64: 1, 64>, static_strides = array<i64: 1, 1>}> : (memref<1x64xf32, strided<[256, 1], offset: ?>, #hivm.address_space<ub>>) -> memref<64xf32, #map, #hivm.address_space<ub>>
        %629 = "vector.transfer_read"(%628, %617, %616) <{in_bounds = [true], operandSegmentSizes = array<i32: 1, 1, 1, 0>, permutation_map = #map1}> : (memref<64xf32, #map, #hivm.address_space<ub>>, index, f32) -> vector<64xf32>
        %630 = "memref.subview"(%626) <{operandSegmentSizes = array<i32: 1, 0, 0, 0>, static_offsets = array<i64: 0, 0>, static_sizes = array<i64: 1, 64>, static_strides = array<i64: 1, 1>}> : (memref<1x64xf32, strided<[256, 1], offset: ?>, #hivm.address_space<ub>>) -> memref<64xf32, #map, #hivm.address_space<ub>>
        %631 = "vector.transfer_read"(%630, %617, %616) <{in_bounds = [true], operandSegmentSizes = array<i32: 1, 1, 1, 0>, permutation_map = #map1}> : (memref<64xf32, #map, #hivm.address_space<ub>>, index, f32) -> vector<64xf32>
        %632 = "vector.transfer_read"(%624, %617, %616) <{in_bounds = [true, true], operandSegmentSizes = array<i32: 1, 1, 1, 0>, permutation_map = #map4}> : (memref<1xf32, strided<[1], offset: ?>, #hivm.address_space<ub>>, index, f32) -> vector<1x64xf32>
        %633 = "vector.shape_cast"(%632) : (vector<1x64xf32>) -> vector<64xf32>
        %634 = "arith.mulf"(%631, %633) <{fastmath = #arith.fastmath<none>}> : (vector<64xf32>, vector<64xf32>) -> vector<64xf32>
        %635 = "arith.addf"(%629, %634) <{fastmath = #arith.fastmath<none>}> : (vector<64xf32>, vector<64xf32>) -> vector<64xf32>
        %636 = "memref.subview"(%627) <{operandSegmentSizes = array<i32: 1, 0, 0, 0>, static_offsets = array<i64: 0, 0>, static_sizes = array<i64: 1, 64>, static_strides = array<i64: 1, 1>}> : (memref<1x64xf32, strided<[256, 1], offset: ?>, #hivm.address_space<ub>>) -> memref<64xf32, #map, #hivm.address_space<ub>>
        "vector.transfer_write"(%635, %636, %617) <{in_bounds = [true], operandSegmentSizes = array<i32: 1, 1, 1, 0>, permutation_map = #map1}> : (vector<64xf32>, memref<64xf32, #map, #hivm.address_space<ub>>, index) -> ()
        "scf.yield"() : () -> ()
      }) : (index, index, index) -> ()
      "scf.yield"() : () -> ()
    }) : (index, index, index) -> ()
    "func.return"() : () -> ()
  }) {hivm.func_core_type = #hivm.func_core_type<AIV>, hivm.vector_function} : () -> ()
  "func.func"() <{arg_attrs = [{hacc.arg_type = #hacc.arg_type<sync_block_lock>}, {hacc.arg_type = #hacc.arg_type<workspace>}, {tt.divisibility = 16 : i32, tt.tensor_kind = 0 : i32}, {tt.divisibility = 16 : i32, tt.tensor_kind = 0 : i32}, {tt.divisibility = 16 : i32, tt.tensor_kind = 0 : i32}, {tt.divisibility = 16 : i32, tt.tensor_kind = 1 : i32}, {tt.divisibility = 16 : i32, tt.tensor_kind = 0 : i32}, {tt.divisibility = 16 : i32, tt.tensor_kind = 0 : i32}, {tt.divisibility = 16 : i32, tt.tensor_kind = 0 : i32}, {tt.divisibility = 16 : i32, tt.tensor_kind = 0 : i32}, {tt.divisibility = 16 : i32}, {tt.divisibility = 16 : i32}, {tt.divisibility = 16 : i32}, {tt.divisibility = 16 : i32}, {tt.divisibility = 16 : i32}, {tt.divisibility = 16 : i32}, {tt.divisibility = 16 : i32}, {tt.divisibility = 16 : i32}, {}, {}, {}, {}], function_type = (memref<?xi8, #hivm.address_space<gm>>, memref<?xi8, #hivm.address_space<gm>>, memref<?xbf16, #hivm.address_space<gm>>, memref<?xbf16, #hivm.address_space<gm>>, memref<?xbf16, #hivm.address_space<gm>>, memref<?xbf16, #hivm.address_space<gm>>, memref<?xi32, #hivm.address_space<gm>>, memref<?xi32, #hivm.address_space<gm>>, memref<?xi32, #hivm.address_space<gm>>, memref<?xf32, #hivm.address_space<gm>>, i32, i32, i32, i32, i32, i32, i32, i32, f32, i32, i32, i32) -> (), sym_name = "paged_prefill_verify_grouped_kernel_mix_aic"}> ({
  ^bb0(%arg98: memref<?xi8, #hivm.address_space<gm>>, %arg99: memref<?xi8, #hivm.address_space<gm>>, %arg100: memref<?xbf16, #hivm.address_space<gm>>, %arg101: memref<?xbf16, #hivm.address_space<gm>>, %arg102: memref<?xbf16, #hivm.address_space<gm>>, %arg103: memref<?xbf16, #hivm.address_space<gm>>, %arg104: memref<?xi32, #hivm.address_space<gm>>, %arg105: memref<?xi32, #hivm.address_space<gm>>, %arg106: memref<?xi32, #hivm.address_space<gm>>, %arg107: memref<?xf32, #hivm.address_space<gm>>, %arg108: i32, %arg109: i32, %arg110: i32, %arg111: i32, %arg112: i32, %arg113: i32, %arg114: i32, %arg115: i32, %arg116: f32, %arg117: i32, %arg118: i32, %arg119: i32):
    %403 = "arith.constant"() <{value = 20480 : i64}> : () -> i64
    %404 = "arith.constant"() <{value = 75776 : i64}> : () -> i64
    %405 = "arith.constant"() <{value = 4096 : i64}> : () -> i64
    %406 = "arith.constant"() <{value = 24576 : i64}> : () -> i64
    %407 = "arith.constant"() <{value = 43008 : i64}> : () -> i64
    %408 = "arith.constant"() <{value = 116736 : i64}> : () -> i64
    %409 = "arith.constant"() <{value = 10240 : i64}> : () -> i64
    %410 = "arith.constant"() <{value = 83968 : i64}> : () -> i64
    %411 = "arith.constant"() <{value = -1 : i64}> : () -> i64
    %412 = "arith.constant"() <{value = 4 : i64}> : () -> i64
    %413 = "arith.constant"() <{value = 6 : i64}> : () -> i64
    %414 = "arith.constant"() <{value = 5 : i64}> : () -> i64
    %415 = "arith.constant"() <{value = 3 : i64}> : () -> i64
    %416 = "arith.constant"() <{value = 1 : i64}> : () -> i64
    %417 = "arith.constant"() <{value = 2 : i64}> : () -> i64
    %418 = "arith.constant"() <{value = 1856 : i64}> : () -> i64
    %419 = "arith.constant"() <{value = 320 : i64}> : () -> i64
    %420 = "arith.constant"() <{value = 8192 : i64}> : () -> i64
    %421 = "arith.constant"() <{value = 16 : index}> : () -> index
    %422 = "llvm.mlir.constant"() <{value = 1024 : i64}> : () -> i64
    %423 = "llvm.mlir.constant"() <{value = 0 : i64}> : () -> i64
    %424 = "llvm.mlir.constant"() <{value = 0 : i32}> : () -> i32
    %425 = "arith.constant"() <{value = 64 : i32}> : () -> i32
    %426 = "arith.constant"() <{value = 63 : i32}> : () -> i32
    %427 = "arith.constant"() <{value = 0.000000e+00 : bf16}> : () -> bf16
    %428 = "arith.constant"() <{value = 0 : i32}> : () -> i32
    %429 = "arith.constant"() <{value = 256 : index}> : () -> index
    %430 = "arith.constant"() <{value = 64 : index}> : () -> index
    %431 = "llvm.mlir.constant"() <{value = 4 : i64}> : () -> i64
    %432 = "llvm.mlir.constant"() <{value = 1028 : i64}> : () -> i64
    %433 = "llvm.mlir.constant"() <{value = 8 : i64}> : () -> i64
    %434 = "llvm.mlir.constant"() <{value = 1032 : i64}> : () -> i64
    %435 = "arith.constant"() <{value = 3 : i32}> : () -> i32
    %436 = "arith.constant"() <{value = 1 : i32}> : () -> i32
    %437 = "arith.constant"() <{value = 6 : index}> : () -> index
    %438 = "arith.constant"() <{value = true}> : () -> i1
    %439 = "arith.constant"() <{value = 28 : i32}> : () -> i32
    %440 = "arith.constant"() <{value = 0 : index}> : () -> index
    %441 = "arith.constant"() <{value = 0 : i64}> : () -> i64
    %442 = "memref.alloca"() <{operandSegmentSizes = array<i32: 0, 0>}> : () -> memref<1xi64>
    "memref.store"(%441, %442, %440) <{nontemporal = false}> : (i64, memref<1xi64>, index) -> ()
    %443 = "memref.alloca"() <{operandSegmentSizes = array<i32: 0, 0>}> : () -> memref<1xi64>
    "memref.store"(%441, %443, %440) <{nontemporal = false}> : (i64, memref<1xi64>, index) -> ()
    %444 = "hivm.hir.pointer_cast"(%441) <{operandSegmentSizes = array<i32: 1, 0>}> : (i64) -> memref<4x1x16x16xf32, #hivm.address_space<cc>>
    "annotation.mark"(%444) <{effects = ["write"]}> {hivm.multi_buffer = 2 : i32} : (memref<4x1x16x16xf32, #hivm.address_space<cc>>) -> ()
    %445 = "hivm.hir.pointer_cast"(%403) <{operandSegmentSizes = array<i32: 1, 0>}> : (i64) -> memref<4x1x16x16xf32, #hivm.address_space<cc>>
    "annotation.mark"(%445) <{effects = ["write"]}> {hivm.multi_buffer = 2 : i32} : (memref<4x1x16x16xf32, #hivm.address_space<cc>>) -> ()
    %446 = "hivm.hir.pointer_cast"(%441) <{operandSegmentSizes = array<i32: 1, 0>}> : (i64) -> memref<16x1x16x16xbf16, #hivm.address_space<cbuf>>
    "annotation.mark"(%446) <{effects = ["write"]}> {hivm.multi_buffer = 2 : i32} : (memref<16x1x16x16xbf16, #hivm.address_space<cbuf>>) -> ()
    %447 = "hivm.hir.pointer_cast"(%404) <{operandSegmentSizes = array<i32: 1, 0>}> : (i64) -> memref<16x1x16x16xbf16, #hivm.address_space<cbuf>>
    "annotation.mark"(%447) <{effects = ["write"]}> {hivm.multi_buffer = 2 : i32} : (memref<16x1x16x16xbf16, #hivm.address_space<cbuf>>) -> ()
    %448 = "hivm.hir.pointer_cast"(%405) <{operandSegmentSizes = array<i32: 1, 0>}> : (i64) -> memref<16x1x16x16xf32, #hivm.address_space<cc>>
    "annotation.mark"(%448) <{effects = ["write"]}> {hivm.multi_buffer = 2 : i32} : (memref<16x1x16x16xf32, #hivm.address_space<cc>>) -> ()
    %449 = "hivm.hir.pointer_cast"(%406) <{operandSegmentSizes = array<i32: 1, 0>}> : (i64) -> memref<16x1x16x16xf32, #hivm.address_space<cc>>
    "annotation.mark"(%449) <{effects = ["write"]}> {hivm.multi_buffer = 2 : i32} : (memref<16x1x16x16xf32, #hivm.address_space<cc>>) -> ()
    %450 = "hivm.hir.pointer_cast"(%407) <{operandSegmentSizes = array<i32: 1, 0>}> : (i64) -> memref<16x4x16x16xbf16, #hivm.address_space<cbuf>>
    "annotation.mark"(%450) <{effects = ["write"]}> {hivm.multi_buffer = 2 : i32} : (memref<16x4x16x16xbf16, #hivm.address_space<cbuf>>) -> ()
    %451 = "hivm.hir.pointer_cast"(%408) <{operandSegmentSizes = array<i32: 1, 0>}> : (i64) -> memref<16x4x16x16xbf16, #hivm.address_space<cbuf>>
    "annotation.mark"(%451) <{effects = ["write"]}> {hivm.multi_buffer = 2 : i32} : (memref<16x4x16x16xbf16, #hivm.address_space<cbuf>>) -> ()
    %452 = "hivm.hir.pointer_cast"(%409) <{operandSegmentSizes = array<i32: 1, 0>}> : (i64) -> memref<16x4x16x16xbf16, #hivm.address_space<cbuf>>
    "annotation.mark"(%452) <{effects = ["write"]}> {hivm.multi_buffer = 2 : i32} : (memref<16x4x16x16xbf16, #hivm.address_space<cbuf>>) -> ()
    %453 = "hivm.hir.pointer_cast"(%410) <{operandSegmentSizes = array<i32: 1, 0>}> : (i64) -> memref<16x4x16x16xbf16, #hivm.address_space<cbuf>>
    "annotation.mark"(%453) <{effects = ["write"]}> {hivm.multi_buffer = 2 : i32} : (memref<16x4x16x16xbf16, #hivm.address_space<cbuf>>) -> ()
    %454 = "arith.muli"(%arg117, %arg118) <{overflowFlags = #arith.overflow<none>}> : (i32, i32) -> i32
    %455 = "arith.muli"(%454, %arg119) <{overflowFlags = #arith.overflow<none>}> : (i32, i32) -> i32
    "annotation.mark"(%455) <{effects = ["write"]}> {logical_block_num} : (i32) -> ()
    %456 = "hivm.hir.get_block_idx"() : () -> i64
    %457 = "arith.trunci"(%456) : (i64) -> i32
    %458 = "llvm.inttoptr"(%423) : (i64) -> !llvm.ptr<11>
    %459 = "llvm.inttoptr"(%422) : (i64) -> !llvm.ptr<11>
    %460 = "llvm.inttoptr"(%431) : (i64) -> !llvm.ptr<11>
    %461 = "llvm.inttoptr"(%432) : (i64) -> !llvm.ptr<11>
    %462 = "llvm.inttoptr"(%433) : (i64) -> !llvm.ptr<11>
    %463 = "llvm.inttoptr"(%434) : (i64) -> !llvm.ptr<11>
    "hivm.hir.set_flag"() <{set_pipe = #hivm.pipe<PIPE_MTE1>, static_event_id = #hivm.event<EVENT_ID0>, wait_pipe = #hivm.pipe<PIPE_MTE2>}> : () -> ()
    "hivm.hir.set_flag"() <{set_pipe = #hivm.pipe<PIPE_MTE1>, static_event_id = #hivm.event<EVENT_ID1>, wait_pipe = #hivm.pipe<PIPE_MTE2>}> : () -> ()
    "hivm.hir.set_flag"() <{set_pipe = #hivm.pipe<PIPE_M>, static_event_id = #hivm.event<EVENT_ID0>, wait_pipe = #hivm.pipe<PIPE_MTE1>}> : () -> ()
    "hivm.hir.set_flag"() <{set_pipe = #hivm.pipe<PIPE_M>, static_event_id = #hivm.event<EVENT_ID1>, wait_pipe = #hivm.pipe<PIPE_MTE1>}> : () -> ()
    "scf.for"(%457, %455, %439) ({
    ^bb0(%arg120: i32):
      "hivm.hir.set_ctrl"() <{enable = false, idx = 60 : i64}> : () -> ()
      "hivm.hir.set_ctrl"() <{enable = true, idx = 48 : i64}> : () -> ()
      %464 = "arith.remsi"(%arg120, %arg117) : (i32, i32) -> i32
      "llvm.store"(%424, %458) <{ordering = 0 : i64, volatile_}> : (i32, !llvm.ptr<11>) -> ()
      "llvm.store"(%424, %459) <{ordering = 0 : i64, volatile_}> : (i32, !llvm.ptr<11>) -> ()
      "llvm.store"(%424, %460) <{ordering = 0 : i64, volatile_}> : (i32, !llvm.ptr<11>) -> ()
      "llvm.store"(%424, %461) <{ordering = 0 : i64, volatile_}> : (i32, !llvm.ptr<11>) -> ()
      "llvm.store"(%424, %462) <{ordering = 0 : i64, volatile_}> : (i32, !llvm.ptr<11>) -> ()
      "llvm.store"(%424, %463) <{ordering = 0 : i64, volatile_}> : (i32, !llvm.ptr<11>) -> ()
      %465 = "arith.divsi"(%464, %arg117) : (i32, i32) -> i32
      %466 = "arith.addi"(%464, %436) <{overflowFlags = #arith.overflow<none>}> : (i32, i32) -> i32
      %467 = "arith.divsi"(%466, %arg117) : (i32, i32) -> i32
      "scf.for"(%465, %467, %436) ({
      ^bb0(%arg121: i32):
        %468 = "memref.load"(%443, %440) <{nontemporal = false}> : (memref<1xi64>, index) -> i64
        %469 = "arith.remui"(%468, %417) : (i64, i64) -> i64
        %470 = "arith.index_cast"(%469) : (i64) -> index
        %471 = "arith.cmpi"(%469, %416) <{predicate = 0 : i64}> : (i64, i64) -> i1
        %472 = "arith.select"(%471, %447, %446) : (i1, memref<16x1x16x16xbf16, #hivm.address_space<cbuf>>, memref<16x1x16x16xbf16, #hivm.address_space<cbuf>>) -> memref<16x1x16x16xbf16, #hivm.address_space<cbuf>>
        %473 = "arith.index_cast"(%470) : (index) -> i1
        %474 = "arith.xori"(%473, %438) : (i1, i1) -> i1
        %475 = "arith.extui"(%474) : (i1) -> i64
        %476 = "arith.index_cast"(%arg121) : (i32) -> index
        %477 = "memref.reinterpret_cast"(%arg104, %476) <{operandSegmentSizes = array<i32: 1, 1, 0, 0>, static_offsets = array<i64: -9223372036854775808>, static_sizes = array<i64: 1>, static_strides = array<i64: 1>}> : (memref<?xi32, #hivm.address_space<gm>>, index) -> memref<1xi32, strided<[1], offset: ?>, #hivm.address_space<gm>>
        %478 = "memref.load"(%477, %440) : (memref<1xi32, strided<[1], offset: ?>, #hivm.address_space<gm>>, index) -> i32
        %479 = "affine.apply"(%476) <{map = #map5}> : (index) -> index
        %480 = "memref.reinterpret_cast"(%arg104, %479) <{operandSegmentSizes = array<i32: 1, 1, 0, 0>, static_offsets = array<i64: -9223372036854775808>, static_sizes = array<i64: 1>, static_strides = array<i64: 1>}> : (memref<?xi32, #hivm.address_space<gm>>, index) -> memref<1xi32, strided<[1], offset: ?>, #hivm.address_space<gm>>
        %481 = "memref.load"(%480, %440) : (memref<1xi32, strided<[1], offset: ?>, #hivm.address_space<gm>>, index) -> i32
        %482 = "arith.subi"(%481, %478) <{overflowFlags = #arith.overflow<none>}> : (i32, i32) -> i32
        %483 = "arith.cmpi"(%482, %428) <{predicate = 4 : i64}> : (i32, i32) -> i1
        "scf.if"(%483) ({
          %485 = "memref.reinterpret_cast"(%arg105, %476) <{operandSegmentSizes = array<i32: 1, 1, 0, 0>, static_offsets = array<i64: -9223372036854775808>, static_sizes = array<i64: 1>, static_strides = array<i64: 1>}> : (memref<?xi32, #hivm.address_space<gm>>, index) -> memref<1xi32, strided<[1], offset: ?>, #hivm.address_space<gm>>
          %486 = "memref.load"(%485, %440) : (memref<1xi32, strided<[1], offset: ?>, #hivm.address_space<gm>>, index) -> i32
          %487 = "arith.addi"(%486, %426) <{overflowFlags = #arith.overflow<none>}> : (i32, i32) -> i32
          %488 = "arith.divsi"(%487, %425) : (i32, i32) -> i32
          %489 = "arith.muli"(%478, %arg108) <{overflowFlags = #arith.overflow<none>}> : (i32, i32) -> i32
          %490 = "arith.index_cast"(%489) : (i32) -> index
          %491 = "arith.index_cast"(%arg109) : (i32) -> index
          %492 = "memref.reinterpret_cast"(%arg100, %490, %491) <{operandSegmentSizes = array<i32: 1, 1, 0, 1>, static_offsets = array<i64: -9223372036854775808>, static_sizes = array<i64: 6, 256>, static_strides = array<i64: -9223372036854775808, 1>}> : (memref<?xbf16, #hivm.address_space<gm>>, index, index) -> memref<6x256xbf16, strided<[?, 1], offset: ?>, #hivm.address_space<gm>>
          %493 = "memref.cast"(%472) : (memref<16x1x16x16xbf16, #hivm.address_space<cbuf>>) -> memref<?x?x?x?xbf16, #hivm.address_space<cbuf>>
          "hivm.hir.wait_flag"(%475) <{set_pipe = #hivm.pipe<PIPE_MTE1>, wait_pipe = #hivm.pipe<PIPE_MTE2>}> : (i64) -> ()
          "hivm.hir.nd2nz"(%492, %493) <{dst_continuous, init_out_buffer = false, operandSegmentSizes = array<i32: 1, 1, 0, 0>}> : (memref<6x256xbf16, strided<[?, 1], offset: ?>, #hivm.address_space<gm>>, memref<?x?x?x?xbf16, #hivm.address_space<cbuf>>) -> ()
          "hivm.hir.set_flag"() <{set_pipe = #hivm.pipe<PIPE_MTE2>, static_event_id = #hivm.event<EVENT_ID0>, wait_pipe = #hivm.pipe<PIPE_MTE1>}> : () -> ()
          %494 = "memref.load"(%485, %440) : (memref<1xi32, strided<[1], offset: ?>, #hivm.address_space<gm>>, index) -> i32
          %495 = "hivm.hir.pointer_cast"(%420) <{operandSegmentSizes = array<i32: 1, 0>}> : (i64) -> memref<4x1x16x16xbf16, #hivm.address_space<cbuf>>
          "annotation.mark"(%495) <{effects = ["write", "read"]}> {hivm.tightly_coupled_buffer = #hivm.tightly_coupled_buffer<0>} : (memref<4x1x16x16xbf16, #hivm.address_space<cbuf>>) -> ()
          "hivm.hir.sync_block_set"() <{operandSegmentSizes = array<i32: 0, 0>, pipe = #hivm.pipe<PIPE_MTE3>, static_flag_id = 1 : i64, tcore_type = #hivm.tcore_type<CUBE>, tpipe = #hivm.pipe<PIPE_M>}> : () -> ()
          %496 = "hivm.hir.pointer_cast"(%419) <{operandSegmentSizes = array<i32: 1, 0>}> : (i64) -> memref<6x64xf32, #hivm.address_space<ub>>
          "annotation.mark"(%496) <{effects = ["write", "read"]}> {hivm.tightly_coupled_buffer = #hivm.tightly_coupled_buffer<1>} : (memref<6x64xf32, #hivm.address_space<ub>>) -> ()
          %497 = "hivm.hir.pointer_cast"(%418) <{operandSegmentSizes = array<i32: 1, 0>}> : (i64) -> memref<6x256xf32, #hivm.address_space<ub>>
          "annotation.mark"(%497) <{effects = ["write", "read"]}> {hivm.tightly_coupled_buffer = #hivm.tightly_coupled_buffer<2>} : (memref<6x256xf32, #hivm.address_space<ub>>) -> ()
          %498 = "arith.addi"(%488, %435) <{overflowFlags = #arith.overflow<none>}> : (i32, i32) -> i32
          "hivm.hir.wait_flag"() <{set_pipe = #hivm.pipe<PIPE_MTE2>, static_event_id = #hivm.event<EVENT_ID0>, wait_pipe = #hivm.pipe<PIPE_MTE1>}> : () -> ()
          "hivm.hir.set_flag"() <{set_pipe = #hivm.pipe<PIPE_MTE1>, static_event_id = #hivm.event<EVENT_ID3>, wait_pipe = #hivm.pipe<PIPE_MTE2>}> : () -> ()
          "hivm.hir.set_flag"() <{set_pipe = #hivm.pipe<PIPE_MTE1>, static_event_id = #hivm.event<EVENT_ID4>, wait_pipe = #hivm.pipe<PIPE_MTE2>}> : () -> ()
          "hivm.hir.set_flag"() <{set_pipe = #hivm.pipe<PIPE_MTE1>, static_event_id = #hivm.event<EVENT_ID5>, wait_pipe = #hivm.pipe<PIPE_MTE2>}> : () -> ()
          "hivm.hir.set_flag"() <{set_pipe = #hivm.pipe<PIPE_MTE1>, static_event_id = #hivm.event<EVENT_ID6>, wait_pipe = #hivm.pipe<PIPE_MTE2>}> : () -> ()
          "hivm.hir.set_flag"() <{set_pipe = #hivm.pipe<PIPE_FIX>, static_event_id = #hivm.event<EVENT_ID0>, wait_pipe = #hivm.pipe<PIPE_M>}> : () -> ()
          "hivm.hir.set_flag"() <{set_pipe = #hivm.pipe<PIPE_FIX>, static_event_id = #hivm.event<EVENT_ID1>, wait_pipe = #hivm.pipe<PIPE_M>}> : () -> ()
          "hivm.hir.set_flag"() <{set_pipe = #hivm.pipe<PIPE_FIX>, static_event_id = #hivm.event<EVENT_ID2>, wait_pipe = #hivm.pipe<PIPE_M>}> : () -> ()
          "hivm.hir.set_flag"() <{set_pipe = #hivm.pipe<PIPE_FIX>, static_event_id = #hivm.event<EVENT_ID3>, wait_pipe = #hivm.pipe<PIPE_M>}> : () -> ()
          %499:3 = "scf.for"(%428, %498, %436, %428, %428, %428) ({
          ^bb0(%arg122: i32, %arg123: i32, %arg124: i32, %arg125: i32):
            %500 = "memref.load"(%442, %440) <{nontemporal = false}> : (memref<1xi64>, index) -> i64
            %501 = "arith.remui"(%500, %417) : (i64, i64) -> i64
            %502 = "arith.index_cast"(%501) : (i64) -> index
            %503 = "arith.cmpi"(%501, %416) <{predicate = 0 : i64}> : (i64, i64) -> i1
            %504 = "arith.select"(%503, %445, %444) : (i1, memref<4x1x16x16xf32, #hivm.address_space<cc>>, memref<4x1x16x16xf32, #hivm.address_space<cc>>) -> memref<4x1x16x16xf32, #hivm.address_space<cc>>
            %505 = "arith.select"(%503, %449, %448) : (i1, memref<16x1x16x16xf32, #hivm.address_space<cc>>, memref<16x1x16x16xf32, #hivm.address_space<cc>>) -> memref<16x1x16x16xf32, #hivm.address_space<cc>>
            %506 = "arith.select"(%503, %451, %450) : (i1, memref<16x4x16x16xbf16, #hivm.address_space<cbuf>>, memref<16x4x16x16xbf16, #hivm.address_space<cbuf>>) -> memref<16x4x16x16xbf16, #hivm.address_space<cbuf>>
            %507 = "arith.select"(%503, %453, %452) : (i1, memref<16x4x16x16xbf16, #hivm.address_space<cbuf>>, memref<16x4x16x16xbf16, #hivm.address_space<cbuf>>) -> memref<16x4x16x16xbf16, #hivm.address_space<cbuf>>
            %508 = "arith.index_cast"(%502) : (index) -> i1
            %509 = "arith.select"(%508, %417, %415) : (i1, i64, i64) -> i64
            %510 = "arith.select"(%508, %414, %413) : (i1, i64, i64) -> i64
            %511 = "arith.xori"(%508, %438) : (i1, i1) -> i1
            %512 = "arith.extui"(%511) : (i1) -> i64
            %513 = "arith.select"(%508, %415, %412) : (i1, i64, i64) -> i64
            "hivm.hir.sync_block_wait"() <{pipe = #hivm.pipe<PIPE_S>, static_flag_id = 15 : i64, tcore_type = #hivm.tcore_type<CUBE>, tpipe = #hivm.pipe<PIPE_S>}> : () -> ()
            %514 = "arith.cmpi"(%arg123, %488) <{predicate = 2 : i64}> : (i32, i32) -> i1
            %515 = "scf.if"(%514) ({
              %611 = "arith.addi"(%arg123, %436) <{overflowFlags = #arith.overflow<none>}> : (i32, i32) -> i32
              "scf.yield"(%611) : (i32) -> ()
            }, {
              "scf.yield"(%arg123) : (i32) -> ()
            }) {hivm.matmul_limited_in_cube, ssbuffer.if = 7 : i32} : (i1) -> i32
            %516 = "llvm.load"(%458) <{ordering = 0 : i64, volatile_}> : (!llvm.ptr<11>) -> i32
            %517 = "llvm.load"(%459) <{ordering = 0 : i64, volatile_}> : (!llvm.ptr<11>) -> i32
            %518 = "arith.cmpi"(%516, %436) <{predicate = 2 : i64}> : (i32, i32) -> i1
            %519 = "arith.cmpi"(%517, %436) <{predicate = 2 : i64}> : (i32, i32) -> i1
            %520 = "arith.andi"(%518, %519) : (i1, i1) -> i1
            %521 = "arith.cmpi"(%arg124, %488) <{predicate = 2 : i64}> : (i32, i32) -> i1
            %522 = "arith.andi"(%520, %521) : (i1, i1) -> i1
            %523 = "scf.if"(%522) ({
              %577 = "arith.muli"(%arg124, %425) <{overflowFlags = #arith.overflow<none>}> : (i32, i32) -> i32
              %578 = "arith.addi"(%577, %425) <{overflowFlags = #arith.overflow<none>}> : (i32, i32) -> i32
              %579 = "arith.minsi"(%578, %494) : (i32, i32) -> i32
              %580 = "arith.subi"(%579, %577) <{overflowFlags = #arith.overflow<none>}> : (i32, i32) -> i32
              %581 = "arith.index_cast"(%580) : (i32) -> index
              %582 = "arith.index_cast"(%arg111) : (i32) -> index
              %583 = "arith.maxsi"(%581, %440) : (index, index) -> index
              %584 = "arith.minsi"(%583, %430) : (index, index) -> index
              %585 = "arith.minsi"(%584, %440) : (index, index) -> index
              %586 = "affine.apply"(%584, %585) <{map = #map6}> : (index, index) -> index
              %587 = "arith.cmpi"(%586, %430) <{predicate = 2 : i64}> : (index, index) -> i1
              %588 = "memref.cast"(%507) : (memref<16x4x16x16xbf16, #hivm.address_space<cbuf>>) -> memref<?x?x?x?xbf16, #hivm.address_space<cbuf>>
              %589 = "arith.divsi"(%577, %425) : (i32, i32) -> i32
              %590 = "arith.minsi"(%589, %428) : (i32, i32) -> i32
              %591 = "arith.index_cast"(%590) : (i32) -> index
              %592 = "affine.apply"(%476, %591) <{map = #map7}> : (index, index) -> index
              %593 = "memref.reinterpret_cast"(%arg106, %592) <{operandSegmentSizes = array<i32: 1, 1, 0, 0>, static_offsets = array<i64: -9223372036854775808>, static_sizes = array<i64: 1>, static_strides = array<i64: 1>}> : (memref<?xi32, #hivm.address_space<gm>>, index) -> memref<1xi32, strided<[1], offset: ?>, #hivm.address_space<gm>>
              %594 = "memref.load"(%593, %440) : (memref<1xi32, strided<[1], offset: ?>, #hivm.address_space<gm>>, index) -> i32
              %595 = "arith.muli"(%594, %arg110) <{overflowFlags = #arith.overflow<none>}> : (i32, i32) -> i32
              %596 = "arith.index_cast"(%595) : (i32) -> index
              %597 = "memref.reinterpret_cast"(%arg101, %596, %582) <{operandSegmentSizes = array<i32: 1, 1, 0, 1>, static_offsets = array<i64: -9223372036854775808>, static_sizes = array<i64: 64, 256>, static_strides = array<i64: -9223372036854775808, 1>}> : (memref<?xbf16, #hivm.address_space<gm>>, index, index) -> memref<64x256xbf16, strided<[?, 1], offset: ?>, #hivm.address_space<gm>>
              %598 = "memref.subview"(%597, %586) <{operandSegmentSizes = array<i32: 1, 0, 1, 0>, static_offsets = array<i64: 0, 0>, static_sizes = array<i64: -9223372036854775808, 256>, static_strides = array<i64: 1, 1>}> : (memref<64x256xbf16, strided<[?, 1], offset: ?>, #hivm.address_space<gm>>, index) -> memref<?x256xbf16, strided<[?, 1], offset: ?>, #hivm.address_space<gm>>
              %599 = "affine.apply"(%584, %585) <{map = #map8}> : (index, index) -> index
              %600 = "affine.apply"(%585) <{map = #map9}> : (index) -> index
              %601 = "affine.apply"(%585) <{map = #map10}> : (index) -> index
              %602 = "memref.subview"(%507, %600, %601, %599) <{operandSegmentSizes = array<i32: 1, 2, 1, 0>, static_offsets = array<i64: 0, -9223372036854775808, -9223372036854775808, 0>, static_sizes = array<i64: 16, -9223372036854775808, 16, 16>, static_strides = array<i64: 1, 1, 1, 1>}> : (memref<16x4x16x16xbf16, #hivm.address_space<cbuf>>, index, index, index) -> memref<16x?x16x16xbf16, strided<[1024, 256, 16, 1], offset: ?>, #hivm.address_space<cbuf>>
              %603 = "memref.cast"(%602) : (memref<16x?x16x16xbf16, strided<[1024, 256, 16, 1], offset: ?>, #hivm.address_space<cbuf>>) -> memref<?x?x?x?xbf16, strided<[?, ?, ?, 1], offset: ?>, #hivm.address_space<cbuf>>
              "scf.if"(%587) ({
                "hivm.hir.set_flag"() <{set_pipe = #hivm.pipe<PIPE_MTE1>, static_event_id = #hivm.event<EVENT_ID2>, wait_pipe = #hivm.pipe<PIPE_MTE2>}> : () -> ()
                %610 = "memref.collapse_shape"(%507) <{reassociation = [[0, 1, 2, 3]]}> : (memref<16x4x16x16xbf16, #hivm.address_space<cbuf>>) -> memref<16384xbf16, #hivm.address_space<cbuf>>
                "hivm.hir.wait_flag"() <{set_pipe = #hivm.pipe<PIPE_MTE1>, static_event_id = #hivm.event<EVENT_ID2>, wait_pipe = #hivm.pipe<PIPE_MTE2>}> : () -> ()
                "hivm.hir.vbrc"(%427, %610) <{broadcast_dims = array<i64>}> : (bf16, memref<16384xbf16, #hivm.address_space<cbuf>>) -> ()
                "hivm.hir.pipe_barrier"() <{pipe = #hivm.pipe<PIPE_MTE2>}> : () -> ()
                "scf.yield"() : () -> ()
              }, {
              }) {hivm.unlikely_condition} : (i1) -> ()
              "hivm.hir.wait_flag"(%513) <{set_pipe = #hivm.pipe<PIPE_MTE1>, wait_pipe = #hivm.pipe<PIPE_MTE2>}> : (i64) -> ()
              "hivm.hir.nd2nz"(%598, %603) <{dst_continuous, init_out_buffer = false, operandSegmentSizes = array<i32: 1, 1, 0, 0>}> : (memref<?x256xbf16, strided<[?, 1], offset: ?>, #hivm.address_space<gm>>, memref<?x?x?x?xbf16, strided<[?, ?, ?, 1], offset: ?>, #hivm.address_space<cbuf>>) -> ()
              "hivm.hir.set_flag"() <{set_pipe = #hivm.pipe<PIPE_MTE2>, static_event_id = #hivm.event<EVENT_ID0>, wait_pipe = #hivm.pipe<PIPE_MTE1>}> : () -> ()
              %604 = "memref.cast"(%504) : (memref<4x1x16x16xf32, #hivm.address_space<cc>>) -> memref<?x?x?x?xf32, #hivm.address_space<cc>>
              "hivm.hir.wait_flag"(%512) <{set_pipe = #hivm.pipe<PIPE_FIX>, wait_pipe = #hivm.pipe<PIPE_M>}> : (i64) -> ()
              "hivm.hir.mmadL1"(%493, %588, %438, %437, %429, %430, %604, %411, %441, %411, %513, %411, %411, %411) <{b_transpose, operandSegmentSizes = array<i32: 1, 1, 1, 1, 1, 1, 1, 7, 0, 0>}> {already_set_real_mkn, normalized_in_L0C} : (memref<?x?x?x?xbf16, #hivm.address_space<cbuf>>, memref<?x?x?x?xbf16, #hivm.address_space<cbuf>>, i1, index, index, index, memref<?x?x?x?xf32, #hivm.address_space<cc>>, i64, i64, i64, i64, i64, i64, i64) -> ()
              "hivm.hir.set_flag"() <{set_pipe = #hivm.pipe<PIPE_M>, static_event_id = #hivm.event<EVENT_ID0>, wait_pipe = #hivm.pipe<PIPE_FIX>}> : () -> ()
              "hivm.hir.sync_block_wait"() <{pipe = #hivm.pipe<PIPE_FIX>, static_flag_id = 2 : i64, tcore_type = #hivm.tcore_type<CUBE>, tpipe = #hivm.pipe<PIPE_V>}> : () -> ()
              "hivm.hir.wait_flag"() <{set_pipe = #hivm.pipe<PIPE_M>, static_event_id = #hivm.event<EVENT_ID0>, wait_pipe = #hivm.pipe<PIPE_FIX>}> : () -> ()
              "hivm.hir.pipe_barrier"() <{pipe = #hivm.pipe<PIPE_FIX>}> : () -> ()
              "hivm.hir.fixpipe"(%504, %496) <{dma_mode = #hivm.dma_mode<nz2nd>, operandSegmentSizes = array<i32: 1, 1, 0, 0>}> : (memref<4x1x16x16xf32, #hivm.address_space<cc>>, memref<6x64xf32, #hivm.address_space<ub>>) -> ()
              "hivm.hir.set_flag"(%512) <{set_pipe = #hivm.pipe<PIPE_FIX>, wait_pipe = #hivm.pipe<PIPE_M>}> : (i64) -> ()
              "hivm.hir.sync_block_set"() <{operandSegmentSizes = array<i32: 0, 0>, pipe = #hivm.pipe<PIPE_V>, static_flag_id = 2 : i64, tcore_type = #hivm.tcore_type<CUBE>, tpipe = #hivm.pipe<PIPE_FIX>}> : () -> ()
              %605 = "llvm.load"(%458) <{ordering = 0 : i64, volatile_}> : (!llvm.ptr<11>) -> i32
              %606 = "llvm.load"(%459) <{ordering = 0 : i64, volatile_}> : (!llvm.ptr<11>) -> i32
              %607 = "arith.addi"(%605, %436) <{overflowFlags = #arith.overflow<none>}> : (i32, i32) -> i32
              %608 = "arith.addi"(%606, %436) <{overflowFlags = #arith.overflow<none>}> : (i32, i32) -> i32
              "llvm.store"(%607, %458) <{ordering = 0 : i64, volatile_}> : (i32, !llvm.ptr<11>) -> ()
              "llvm.store"(%608, %459) <{ordering = 0 : i64, volatile_}> : (i32, !llvm.ptr<11>) -> ()
              %609 = "arith.addi"(%arg124, %436) <{overflowFlags = #arith.overflow<none>}> : (i32, i32) -> i32
              "scf.yield"(%609) : (i32) -> ()
            }, {
              "scf.yield"(%arg124) : (i32) -> ()
            }) {hivm.matmul_limited_in_cube, ssbuffer.if = 4 : i32} : (i1) -> i32
            %524 = "llvm.load"(%462) <{ordering = 0 : i64, volatile_}> : (!llvm.ptr<11>) -> i32
            %525 = "llvm.load"(%463) <{ordering = 0 : i64, volatile_}> : (!llvm.ptr<11>) -> i32
            %526 = "arith.cmpi"(%524, %428) <{predicate = 4 : i64}> : (i32, i32) -> i1
            %527 = "arith.cmpi"(%525, %428) <{predicate = 4 : i64}> : (i32, i32) -> i1
            %528 = "arith.andi"(%526, %527) : (i1, i1) -> i1
            %529 = "llvm.load"(%460) <{ordering = 0 : i64, volatile_}> : (!llvm.ptr<11>) -> i32
            %530 = "llvm.load"(%461) <{ordering = 0 : i64, volatile_}> : (!llvm.ptr<11>) -> i32
            %531 = "arith.cmpi"(%529, %436) <{predicate = 2 : i64}> : (i32, i32) -> i1
            %532 = "arith.cmpi"(%530, %436) <{predicate = 2 : i64}> : (i32, i32) -> i1
            %533 = "arith.andi"(%531, %532) : (i1, i1) -> i1
            %534 = "arith.andi"(%528, %533) : (i1, i1) -> i1
            %535 = "arith.cmpi"(%arg125, %488) <{predicate = 2 : i64}> : (i32, i32) -> i1
            %536 = "arith.andi"(%534, %535) : (i1, i1) -> i1
            %537 = "scf.if"(%536) ({
              %539 = "arith.muli"(%arg125, %425) <{overflowFlags = #arith.overflow<none>}> : (i32, i32) -> i32
              %540 = "arith.addi"(%539, %425) <{overflowFlags = #arith.overflow<none>}> : (i32, i32) -> i32
              %541 = "arith.minsi"(%540, %494) : (i32, i32) -> i32
              %542 = "arith.subi"(%541, %539) <{overflowFlags = #arith.overflow<none>}> : (i32, i32) -> i32
              %543 = "arith.index_cast"(%arg113) : (i32) -> index
              %544 = "arith.index_cast"(%542) : (i32) -> index
              %545 = "arith.maxsi"(%544, %440) : (index, index) -> index
              %546 = "arith.minsi"(%545, %430) : (index, index) -> index
              %547 = "arith.minsi"(%546, %440) : (index, index) -> index
              %548 = "affine.apply"(%546, %547) <{map = #map6}> : (index, index) -> index
              %549 = "arith.cmpi"(%548, %430) <{predicate = 2 : i64}> : (index, index) -> i1
              %550 = "arith.divsi"(%539, %425) : (i32, i32) -> i32
              %551 = "arith.minsi"(%550, %428) : (i32, i32) -> i32
              %552 = "arith.index_cast"(%551) : (i32) -> index
              %553 = "affine.apply"(%476, %552) <{map = #map7}> : (index, index) -> index
              %554 = "memref.reinterpret_cast"(%arg106, %553) <{operandSegmentSizes = array<i32: 1, 1, 0, 0>, static_offsets = array<i64: -9223372036854775808>, static_sizes = array<i64: 1>, static_strides = array<i64: 1>}> : (memref<?xi32, #hivm.address_space<gm>>, index) -> memref<1xi32, strided<[1], offset: ?>, #hivm.address_space<gm>>
              %555 = "memref.load"(%554, %440) : (memref<1xi32, strided<[1], offset: ?>, #hivm.address_space<gm>>, index) -> i32
              %556 = "memref.cast"(%506) : (memref<16x4x16x16xbf16, #hivm.address_space<cbuf>>) -> memref<?x?x?x?xbf16, #hivm.address_space<cbuf>>
              %557 = "arith.muli"(%555, %arg112) <{overflowFlags = #arith.overflow<none>}> : (i32, i32) -> i32
              %558 = "arith.index_cast"(%557) : (i32) -> index
              %559 = "memref.reinterpret_cast"(%arg102, %558, %543) <{operandSegmentSizes = array<i32: 1, 1, 0, 1>, static_offsets = array<i64: -9223372036854775808>, static_sizes = array<i64: 64, 256>, static_strides = array<i64: -9223372036854775808, 1>}> : (memref<?xbf16, #hivm.address_space<gm>>, index, index) -> memref<64x256xbf16, strided<[?, 1], offset: ?>, #hivm.address_space<gm>>
              %560 = "memref.subview"(%559, %548) <{operandSegmentSizes = array<i32: 1, 0, 1, 0>, static_offsets = array<i64: 0, 0>, static_sizes = array<i64: -9223372036854775808, 256>, static_strides = array<i64: 1, 1>}> : (memref<64x256xbf16, strided<[?, 1], offset: ?>, #hivm.address_space<gm>>, index) -> memref<?x256xbf16, strided<[?, 1], offset: ?>, #hivm.address_space<gm>>
              %561 = "affine.apply"(%546, %547) <{map = #map8}> : (index, index) -> index
              %562 = "affine.apply"(%547) <{map = #map9}> : (index) -> index
              %563 = "affine.apply"(%547) <{map = #map10}> : (index) -> index
              %564 = "memref.subview"(%506, %562, %563, %561) <{operandSegmentSizes = array<i32: 1, 2, 1, 0>, static_offsets = array<i64: 0, -9223372036854775808, -9223372036854775808, 0>, static_sizes = array<i64: 16, -9223372036854775808, 16, 16>, static_strides = array<i64: 1, 1, 1, 1>}> : (memref<16x4x16x16xbf16, #hivm.address_space<cbuf>>, index, index, index) -> memref<16x?x16x16xbf16, strided<[1024, 256, 16, 1], offset: ?>, #hivm.address_space<cbuf>>
              %565 = "memref.cast"(%564) : (memref<16x?x16x16xbf16, strided<[1024, 256, 16, 1], offset: ?>, #hivm.address_space<cbuf>>) -> memref<?x?x?x?xbf16, strided<[?, ?, ?, 1], offset: ?>, #hivm.address_space<cbuf>>
              "scf.if"(%549) ({
                "hivm.hir.set_flag"() <{set_pipe = #hivm.pipe<PIPE_MTE1>, static_event_id = #hivm.event<EVENT_ID2>, wait_pipe = #hivm.pipe<PIPE_MTE2>}> : () -> ()
                %576 = "memref.collapse_shape"(%506) <{reassociation = [[0, 1, 2, 3]]}> : (memref<16x4x16x16xbf16, #hivm.address_space<cbuf>>) -> memref<16384xbf16, #hivm.address_space<cbuf>>
                "hivm.hir.wait_flag"() <{set_pipe = #hivm.pipe<PIPE_MTE1>, static_event_id = #hivm.event<EVENT_ID2>, wait_pipe = #hivm.pipe<PIPE_MTE2>}> : () -> ()
                "hivm.hir.vbrc"(%427, %576) <{broadcast_dims = array<i64>}> : (bf16, memref<16384xbf16, #hivm.address_space<cbuf>>) -> ()
                "hivm.hir.pipe_barrier"() <{pipe = #hivm.pipe<PIPE_MTE2>}> : () -> ()
                "scf.yield"() : () -> ()
              }, {
              }) {hivm.unlikely_condition} : (i1) -> ()
              "hivm.hir.wait_flag"(%510) <{set_pipe = #hivm.pipe<PIPE_MTE1>, wait_pipe = #hivm.pipe<PIPE_MTE2>}> : (i64) -> ()
              "hivm.hir.nd2nz"(%560, %565) <{dst_continuous, init_out_buffer = false, operandSegmentSizes = array<i32: 1, 1, 0, 0>}> : (memref<?x256xbf16, strided<[?, 1], offset: ?>, #hivm.address_space<gm>>, memref<?x?x?x?xbf16, strided<[?, ?, ?, 1], offset: ?>, #hivm.address_space<cbuf>>) -> ()
              "hivm.hir.set_flag"() <{set_pipe = #hivm.pipe<PIPE_MTE2>, static_event_id = #hivm.event<EVENT_ID0>, wait_pipe = #hivm.pipe<PIPE_MTE1>}> : () -> ()
              "hivm.hir.sync_block_wait"() <{pipe = #hivm.pipe<PIPE_MTE1>, static_flag_id = 1 : i64, tcore_type = #hivm.tcore_type<CUBE>, tpipe = #hivm.pipe<PIPE_MTE3>}> : () -> ()
              %566 = "memref.cast"(%505) : (memref<16x1x16x16xf32, #hivm.address_space<cc>>) -> memref<?x?x?x?xf32, #hivm.address_space<cc>>
              "hivm.hir.wait_flag"(%509) <{set_pipe = #hivm.pipe<PIPE_FIX>, wait_pipe = #hivm.pipe<PIPE_M>}> : (i64) -> ()
              "hivm.hir.mmadL1"(%495, %556, %438, %421, %430, %429, %566, %411, %441, %411, %510, %411, %411, %411) <{operandSegmentSizes = array<i32: 1, 1, 1, 1, 1, 1, 1, 7, 0, 0>}> {already_set_real_mkn, normalized_in_L0C} : (memref<4x1x16x16xbf16, #hivm.address_space<cbuf>>, memref<?x?x?x?xbf16, #hivm.address_space<cbuf>>, i1, index, index, index, memref<?x?x?x?xf32, #hivm.address_space<cc>>, i64, i64, i64, i64, i64, i64, i64) -> ()
              "hivm.hir.set_flag"() <{set_pipe = #hivm.pipe<PIPE_M>, static_event_id = #hivm.event<EVENT_ID0>, wait_pipe = #hivm.pipe<PIPE_FIX>}> : () -> ()
              "hivm.hir.sync_block_set"() <{operandSegmentSizes = array<i32: 0, 0>, pipe = #hivm.pipe<PIPE_MTE3>, static_flag_id = 1 : i64, tcore_type = #hivm.tcore_type<CUBE>, tpipe = #hivm.pipe<PIPE_M>}> : () -> ()
              "hivm.hir.sync_block_wait"() <{pipe = #hivm.pipe<PIPE_FIX>, static_flag_id = 3 : i64, tcore_type = #hivm.tcore_type<CUBE>, tpipe = #hivm.pipe<PIPE_V>}> : () -> ()
              "hivm.hir.wait_flag"() <{set_pipe = #hivm.pipe<PIPE_M>, static_event_id = #hivm.event<EVENT_ID0>, wait_pipe = #hivm.pipe<PIPE_FIX>}> : () -> ()
              "hivm.hir.pipe_barrier"() <{pipe = #hivm.pipe<PIPE_FIX>}> : () -> ()
              "hivm.hir.fixpipe"(%505, %497) <{dma_mode = #hivm.dma_mode<nz2nd>, operandSegmentSizes = array<i32: 1, 1, 0, 0>}> : (memref<16x1x16x16xf32, #hivm.address_space<cc>>, memref<6x256xf32, #hivm.address_space<ub>>) -> ()
              "hivm.hir.set_flag"(%509) <{set_pipe = #hivm.pipe<PIPE_FIX>, wait_pipe = #hivm.pipe<PIPE_M>}> : (i64) -> ()
              "hivm.hir.sync_block_set"() <{operandSegmentSizes = array<i32: 0, 0>, pipe = #hivm.pipe<PIPE_V>, static_flag_id = 3 : i64, tcore_type = #hivm.tcore_type<CUBE>, tpipe = #hivm.pipe<PIPE_FIX>}> : () -> ()
              %567 = "llvm.load"(%462) <{ordering = 0 : i64, volatile_}> : (!llvm.ptr<11>) -> i32
              %568 = "llvm.load"(%463) <{ordering = 0 : i64, volatile_}> : (!llvm.ptr<11>) -> i32
              %569 = "arith.subi"(%567, %436) <{overflowFlags = #arith.overflow<none>}> : (i32, i32) -> i32
              %570 = "arith.subi"(%568, %436) <{overflowFlags = #arith.overflow<none>}> : (i32, i32) -> i32
              "llvm.store"(%569, %462) <{ordering = 0 : i64, volatile_}> : (i32, !llvm.ptr<11>) -> ()
              "llvm.store"(%570, %463) <{ordering = 0 : i64, volatile_}> : (i32, !llvm.ptr<11>) -> ()
              %571 = "llvm.load"(%460) <{ordering = 0 : i64, volatile_}> : (!llvm.ptr<11>) -> i32
              %572 = "llvm.load"(%461) <{ordering = 0 : i64, volatile_}> : (!llvm.ptr<11>) -> i32
              %573 = "arith.addi"(%571, %436) <{overflowFlags = #arith.overflow<none>}> : (i32, i32) -> i32
              %574 = "arith.addi"(%572, %436) <{overflowFlags = #arith.overflow<none>}> : (i32, i32) -> i32
              "llvm.store"(%573, %460) <{ordering = 0 : i64, volatile_}> : (i32, !llvm.ptr<11>) -> ()
              "llvm.store"(%574, %461) <{ordering = 0 : i64, volatile_}> : (i32, !llvm.ptr<11>) -> ()
              %575 = "arith.addi"(%arg125, %436) <{overflowFlags = #arith.overflow<none>}> : (i32, i32) -> i32
              "scf.yield"(%575) : (i32) -> ()
            }, {
              "scf.yield"(%arg125) : (i32) -> ()
            }) {hivm.matmul_limited_in_cube, ssbuffer.if = 6 : i32} : (i1) -> i32
            "hivm.hir.sync_block_set"() <{operandSegmentSizes = array<i32: 0, 0>, pipe = #hivm.pipe<PIPE_S>, static_flag_id = 15 : i64, tcore_type = #hivm.tcore_type<CUBE>, tpipe = #hivm.pipe<PIPE_S>}> : () -> ()
            %538 = "arith.addi"(%500, %416) <{overflowFlags = #arith.overflow<none>}> : (i64, i64) -> i64
            "memref.store"(%538, %442, %440) <{nontemporal = false}> : (i64, memref<1xi64>, index) -> ()
            "scf.yield"(%515, %523, %537) : (i32, i32, i32) -> ()
          }) {fixpipe_for_mmad_result_already_inserted = true} : (i32, i32, i32, i32, i32, i32) -> (i32, i32, i32)
          "hivm.hir.wait_flag"() <{set_pipe = #hivm.pipe<PIPE_FIX>, static_event_id = #hivm.event<EVENT_ID0>, wait_pipe = #hivm.pipe<PIPE_M>}> : () -> ()
          "hivm.hir.wait_flag"() <{set_pipe = #hivm.pipe<PIPE_FIX>, static_event_id = #hivm.event<EVENT_ID1>, wait_pipe = #hivm.pipe<PIPE_M>}> : () -> ()
          "hivm.hir.wait_flag"() <{set_pipe = #hivm.pipe<PIPE_FIX>, static_event_id = #hivm.event<EVENT_ID2>, wait_pipe = #hivm.pipe<PIPE_M>}> : () -> ()
          "hivm.hir.wait_flag"() <{set_pipe = #hivm.pipe<PIPE_FIX>, static_event_id = #hivm.event<EVENT_ID3>, wait_pipe = #hivm.pipe<PIPE_M>}> : () -> ()
          "hivm.hir.wait_flag"() <{set_pipe = #hivm.pipe<PIPE_MTE1>, static_event_id = #hivm.event<EVENT_ID3>, wait_pipe = #hivm.pipe<PIPE_MTE2>}> : () -> ()
          "hivm.hir.wait_flag"() <{set_pipe = #hivm.pipe<PIPE_MTE1>, static_event_id = #hivm.event<EVENT_ID4>, wait_pipe = #hivm.pipe<PIPE_MTE2>}> : () -> ()
          "hivm.hir.wait_flag"() <{set_pipe = #hivm.pipe<PIPE_MTE1>, static_event_id = #hivm.event<EVENT_ID5>, wait_pipe = #hivm.pipe<PIPE_MTE2>}> : () -> ()
          "hivm.hir.wait_flag"() <{set_pipe = #hivm.pipe<PIPE_MTE1>, static_event_id = #hivm.event<EVENT_ID6>, wait_pipe = #hivm.pipe<PIPE_MTE2>}> : () -> ()
          "hivm.hir.set_flag"(%475) <{set_pipe = #hivm.pipe<PIPE_MTE1>, wait_pipe = #hivm.pipe<PIPE_MTE2>}> : (i64) -> ()
          "hivm.hir.sync_block_wait"() <{pipe = #hivm.pipe<PIPE_S>, static_flag_id = 15 : i64, tcore_type = #hivm.tcore_type<CUBE>, tpipe = #hivm.pipe<PIPE_S>}> : () -> ()
          "hivm.hir.sync_block_wait"() <{pipe = #hivm.pipe<PIPE_FIX>, static_flag_id = 3 : i64, tcore_type = #hivm.tcore_type<CUBE>, tpipe = #hivm.pipe<PIPE_V>}> : () -> ()
          "hivm.hir.sync_block_wait"() <{pipe = #hivm.pipe<PIPE_FIX>, static_flag_id = 2 : i64, tcore_type = #hivm.tcore_type<CUBE>, tpipe = #hivm.pipe<PIPE_V>}> : () -> ()
          "scf.yield"() : () -> ()
        }, {
        }) : (i1) -> ()
        %484 = "arith.addi"(%468, %416) <{overflowFlags = #arith.overflow<none>}> : (i64, i64) -> i64
        "memref.store"(%484, %443, %440) <{nontemporal = false}> : (i64, memref<1xi64>, index) -> ()
        "scf.yield"() : () -> ()
      }) : (i32, i32, i32) -> ()
      "hivm.hir.set_ctrl"() <{enable = true, idx = 60 : i64}> : () -> ()
      "scf.yield"() : () -> ()
    }) {autoblockify.subloop} : (i32, i32, i32) -> ()
    "hivm.hir.wait_flag"() <{set_pipe = #hivm.pipe<PIPE_M>, static_event_id = #hivm.event<EVENT_ID0>, wait_pipe = #hivm.pipe<PIPE_MTE1>}> : () -> ()
    "hivm.hir.wait_flag"() <{set_pipe = #hivm.pipe<PIPE_M>, static_event_id = #hivm.event<EVENT_ID1>, wait_pipe = #hivm.pipe<PIPE_MTE1>}> : () -> ()
    "hivm.hir.wait_flag"() <{set_pipe = #hivm.pipe<PIPE_MTE1>, static_event_id = #hivm.event<EVENT_ID0>, wait_pipe = #hivm.pipe<PIPE_MTE2>}> : () -> ()
    "hivm.hir.wait_flag"() <{set_pipe = #hivm.pipe<PIPE_MTE1>, static_event_id = #hivm.event<EVENT_ID1>, wait_pipe = #hivm.pipe<PIPE_MTE2>}> : () -> ()
    "hivm.hir.pipe_barrier"() <{pipe = #hivm.pipe<PIPE_ALL>}> : () -> ()
    "func.return"() : () -> ()
  }) {SyncBlockLockArgIdx = 0 : i64, WorkspaceArgIdx = 1 : i64, func_dyn_memref_args = dense<[true, true, true, true, true, true, true, true, true, true, false, false, false, false, false, false, false, false, false, false, false, false]> : vector<22xi1>, hacc.entry, hacc.function_kind = #hacc.function_kind<DEVICE>, hivm.func_core_type = #hivm.func_core_type<AIC>, hivm.part_of_mix, hivm.vf_mode = #hivm.vf_mode<SIMD>, mix_mode = "mix", parallel_mode = "simd"} : () -> ()
  "func.func"() <{function_type = (memref<16x64xbf16, #hivm.address_space<ub>>) -> (), no_inline, sym_name = "paged_prefill_verify_grouped_kernel_mix_aiv_outlined_vf_0"}> ({
  ^bb0(%arg96: memref<16x64xbf16, #hivm.address_space<ub>>):
    %394 = "arith.constant"() <{value = dense<0.000000e+00> : vector<128xbf16>}> : () -> vector<128xbf16>
    %395 = "arith.constant"() <{value = 128 : index}> : () -> index
    %396 = "arith.constant"() <{value = 64 : index}> : () -> index
    %397 = "arith.constant"() <{value = 2 : index}> : () -> index
    %398 = "arith.constant"() <{value = 16 : index}> : () -> index
    %399 = "arith.constant"() <{value = 0 : index}> : () -> index
    "scf.for"(%399, %398, %397) ({
    ^bb0(%arg97: index):
      %400 = "memref.collapse_shape"(%arg96) <{reassociation = [[0, 1]]}> : (memref<16x64xbf16, #hivm.address_space<ub>>) -> memref<1024xbf16, #hivm.address_space<ub>>
      %401 = "arith.muli"(%arg97, %396) <{overflowFlags = #arith.overflow<none>}> : (index, index) -> index
      %402 = "memref.subview"(%400, %401, %395) <{operandSegmentSizes = array<i32: 1, 1, 1, 0>, static_offsets = array<i64: -9223372036854775808>, static_sizes = array<i64: -9223372036854775808>, static_strides = array<i64: 1>}> : (memref<1024xbf16, #hivm.address_space<ub>>, index, index) -> memref<?xbf16, strided<[1], offset: ?>, #hivm.address_space<ub>>
      "vector.transfer_write"(%394, %402, %399) <{in_bounds = [true], operandSegmentSizes = array<i32: 1, 1, 1, 0>, permutation_map = #map1}> : (vector<128xbf16>, memref<?xbf16, strided<[1], offset: ?>, #hivm.address_space<ub>>, index) -> ()
      "scf.yield"() : () -> ()
    }) : (index, index, index) -> ()
    "func.return"() : () -> ()
  }) {hivm.func_core_type = #hivm.func_core_type<AIV>, hivm.vector_function} : () -> ()
  "func.func"() <{function_type = (memref<6xf32, #hivm.address_space<ub>>) -> (), no_inline, sym_name = "paged_prefill_verify_grouped_kernel_mix_aiv_outlined_vf_1"}> ({
  ^bb0(%arg95: memref<6xf32, #hivm.address_space<ub>>):
    %391 = "arith.constant"() <{value = dense<1.000000e+00> : vector<64xf32>}> : () -> vector<64xf32>
    %392 = "arith.constant"() <{value = 0 : index}> : () -> index
    %393 = "vector.constant_mask"() <{mask_dim_sizes = [6]}> : () -> vector<64xi1>
    "annotation.mark"(%393) <{effects = ["write"]}> {mask_op_idx = 0 : i32} : (vector<64xi1>) -> ()
    "vector.transfer_write"(%391, %arg95, %392, %393) <{in_bounds = [true], operandSegmentSizes = array<i32: 1, 1, 1, 1>, permutation_map = #map1}> : (vector<64xf32>, memref<6xf32, #hivm.address_space<ub>>, index, vector<64xi1>) -> ()
    "func.return"() : () -> ()
  }) {hivm.func_core_type = #hivm.func_core_type<AIV>, hivm.vector_function} : () -> ()
  "func.func"() <{function_type = (memref<6x256xf32, #hivm.address_space<ub>>) -> (), no_inline, sym_name = "paged_prefill_verify_grouped_kernel_mix_aiv_outlined_vf_2"}> ({
  ^bb0(%arg92: memref<6x256xf32, #hivm.address_space<ub>>):
    %383 = "arith.constant"() <{value = dense<0.000000e+00> : vector<64xf32>}> : () -> vector<64xf32>
    %384 = "arith.constant"() <{value = 1 : index}> : () -> index
    %385 = "arith.constant"() <{value = 6 : index}> : () -> index
    %386 = "arith.constant"() <{value = 64 : index}> : () -> index
    %387 = "arith.constant"() <{value = 256 : index}> : () -> index
    %388 = "arith.constant"() <{value = 0 : index}> : () -> index
    "scf.for"(%388, %385, %384) ({
    ^bb0(%arg93: index):
      "scf.for"(%388, %387, %386) ({
      ^bb0(%arg94: index):
        %389 = "memref.subview"(%arg92, %arg93, %arg94) <{operandSegmentSizes = array<i32: 1, 2, 0, 0>, static_offsets = array<i64: -9223372036854775808, -9223372036854775808>, static_sizes = array<i64: 1, 64>, static_strides = array<i64: 1, 1>}> : (memref<6x256xf32, #hivm.address_space<ub>>, index, index) -> memref<1x64xf32, strided<[256, 1], offset: ?>, #hivm.address_space<ub>>
        %390 = "memref.subview"(%389) <{operandSegmentSizes = array<i32: 1, 0, 0, 0>, static_offsets = array<i64: 0, 0>, static_sizes = array<i64: 1, 64>, static_strides = array<i64: 1, 1>}> : (memref<1x64xf32, strided<[256, 1], offset: ?>, #hivm.address_space<ub>>) -> memref<64xf32, #map, #hivm.address_space<ub>>
        "vector.transfer_write"(%383, %390, %388) <{in_bounds = [true], operandSegmentSizes = array<i32: 1, 1, 1, 0>, permutation_map = #map1}> : (vector<64xf32>, memref<64xf32, #map, #hivm.address_space<ub>>, index) -> ()
        "scf.yield"() : () -> ()
      }) : (index, index, index) -> ()
      "scf.yield"() : () -> ()
    }) : (index, index, index) -> ()
    "func.return"() : () -> ()
  }) {hivm.func_core_type = #hivm.func_core_type<AIV>, hivm.vector_function} : () -> ()
  "func.func"() <{function_type = (memref<6xi32, #hivm.address_space<ub>>) -> (), no_inline, sym_name = "paged_prefill_verify_grouped_kernel_mix_aiv_outlined_vf_3"}> ({
  ^bb0(%arg91: memref<6xi32, #hivm.address_space<ub>>):
    %378 = "arith.constant"() <{value = dense<[0, 1, 2, 3, 4, 5, 6, 7, 8, 9, 10, 11, 12, 13, 14, 15, 16, 17, 18, 19, 20, 21, 22, 23, 24, 25, 26, 27, 28, 29, 30, 31, 32, 33, 34, 35, 36, 37, 38, 39, 40, 41, 42, 43, 44, 45, 46, 47, 48, 49, 50, 51, 52, 53, 54, 55, 56, 57, 58, 59, 60, 61, 62, 63]> : vector<64xi32>}> : () -> vector<64xi32>
    %379 = "arith.constant"() <{value = dense<0> : vector<64xi32>}> : () -> vector<64xi32>
    %380 = "arith.constant"() <{value = 0 : index}> : () -> index
    %381 = "vector.constant_mask"() <{mask_dim_sizes = [6]}> : () -> vector<64xi1>
    "annotation.mark"(%381) <{effects = ["write"]}> {mask_op_idx = 0 : i32} : (vector<64xi1>) -> ()
    %382 = "arith.addi"(%379, %378) <{overflowFlags = #arith.overflow<none>}> : (vector<64xi32>, vector<64xi32>) -> vector<64xi32>
    "annotation.mark"(%382) <{effects = ["write"]}> {reached_mask_ops_idx = 0 : i32} : (vector<64xi32>) -> ()
    "vector.transfer_write"(%382, %arg91, %380, %381) <{in_bounds = [true], operandSegmentSizes = array<i32: 1, 1, 1, 1>, permutation_map = #map1}> : (vector<64xi32>, memref<6xi32, #hivm.address_space<ub>>, index, vector<64xi1>) -> ()
    "func.return"() : () -> ()
  }) {hivm.func_core_type = #hivm.func_core_type<AIV>, hivm.vector_function} : () -> ()
  "func.func"() <{function_type = (memref<6xi32, #hivm.address_space<ub>>, memref<6xi32, #hivm.address_space<ub>>) -> (), no_inline, sym_name = "paged_prefill_verify_grouped_kernel_mix_aiv_outlined_vf_4"}> ({
  ^bb0(%arg89: memref<6xi32, #hivm.address_space<ub>>, %arg90: memref<6xi32, #hivm.address_space<ub>>):
    %372 = "arith.constant"() <{value = dense<6> : vector<64xi32>}> : () -> vector<64xi32>
    %373 = "arith.constant"() <{value = 0 : i32}> : () -> i32
    %374 = "arith.constant"() <{value = 0 : index}> : () -> index
    %375 = "vector.constant_mask"() <{mask_dim_sizes = [6]}> : () -> vector<64xi1>
    "annotation.mark"(%375) <{effects = ["write"]}> {mask_op_idx = 0 : i32} : (vector<64xi1>) -> ()
    %376 = "vector.transfer_read"(%arg89, %374, %373, %375) <{in_bounds = [true], operandSegmentSizes = array<i32: 1, 1, 1, 1>, permutation_map = #map1}> : (memref<6xi32, #hivm.address_space<ub>>, index, i32, vector<64xi1>) -> vector<64xi32>
    "annotation.mark"(%376) <{effects = ["write"]}> {reached_mask_ops_idx = 0 : i32} : (vector<64xi32>) -> ()
    %377 = "arith.divsi"(%376, %372) : (vector<64xi32>, vector<64xi32>) -> vector<64xi32>
    "annotation.mark"(%377) <{effects = ["write"]}> {reached_mask_ops_idx = 0 : i32} : (vector<64xi32>) -> ()
    "vector.transfer_write"(%377, %arg90, %374, %375) <{in_bounds = [true], operandSegmentSizes = array<i32: 1, 1, 1, 1>, permutation_map = #map1}> : (vector<64xi32>, memref<6xi32, #hivm.address_space<ub>>, index, vector<64xi1>) -> ()
    "func.return"() : () -> ()
  }) {hivm.func_core_type = #hivm.func_core_type<AIV>, hivm.vector_function} : () -> ()
  "func.func"() <{function_type = (memref<6xi32, #hivm.address_space<ub>>, memref<6xi32, #hivm.address_space<ub>>, f32, f32, f32, f32, f32, f32, memref<6xf32, #hivm.address_space<ub>>) -> (), no_inline, sym_name = "paged_prefill_verify_grouped_kernel_mix_aiv_outlined_vf_5"}> ({
  ^bb0(%arg80: memref<6xi32, #hivm.address_space<ub>>, %arg81: memref<6xi32, #hivm.address_space<ub>>, %arg82: f32, %arg83: f32, %arg84: f32, %arg85: f32, %arg86: f32, %arg87: f32, %arg88: memref<6xf32, #hivm.address_space<ub>>):
    %343 = "arith.constant"() <{value = dense<1> : vector<64xi32>}> : () -> vector<64xi32>
    %344 = "arith.constant"() <{value = dense<2> : vector<64xi32>}> : () -> vector<64xi32>
    %345 = "arith.constant"() <{value = dense<3> : vector<64xi32>}> : () -> vector<64xi32>
    %346 = "arith.constant"() <{value = dense<4> : vector<64xi32>}> : () -> vector<64xi32>
    %347 = "arith.constant"() <{value = dense<5> : vector<64xi32>}> : () -> vector<64xi32>
    %348 = "arith.constant"() <{value = dense<6> : vector<64xi32>}> : () -> vector<64xi32>
    %349 = "arith.constant"() <{value = 0 : i32}> : () -> i32
    %350 = "arith.constant"() <{value = 0 : index}> : () -> index
    %351 = "vector.constant_mask"() <{mask_dim_sizes = [6]}> : () -> vector<64xi1>
    "annotation.mark"(%351) <{effects = ["write"]}> {mask_op_idx = 0 : i32} : (vector<64xi1>) -> ()
    %352 = "vector.transfer_read"(%arg80, %350, %349, %351) <{in_bounds = [true], operandSegmentSizes = array<i32: 1, 1, 1, 1>, permutation_map = #map1}> : (memref<6xi32, #hivm.address_space<ub>>, index, i32, vector<64xi1>) -> vector<64xi32>
    "annotation.mark"(%352) <{effects = ["write"]}> {reached_mask_ops_idx = 0 : i32} : (vector<64xi32>) -> ()
    %353 = "vector.transfer_read"(%arg81, %350, %349, %351) <{in_bounds = [true], operandSegmentSizes = array<i32: 1, 1, 1, 1>, permutation_map = #map1}> : (memref<6xi32, #hivm.address_space<ub>>, index, i32, vector<64xi1>) -> vector<64xi32>
    "annotation.mark"(%353) <{effects = ["write"]}> {reached_mask_ops_idx = 0 : i32} : (vector<64xi32>) -> ()
    %354 = "arith.muli"(%353, %348) <{overflowFlags = #arith.overflow<none>}> : (vector<64xi32>, vector<64xi32>) -> vector<64xi32>
    "annotation.mark"(%354) <{effects = ["write"]}> {reached_mask_ops_idx = 0 : i32} : (vector<64xi32>) -> ()
    %355 = "arith.subi"(%352, %354) <{overflowFlags = #arith.overflow<none>}> : (vector<64xi32>, vector<64xi32>) -> vector<64xi32>
    "annotation.mark"(%355) <{effects = ["write"]}> {reached_mask_ops_idx = 0 : i32} : (vector<64xi32>) -> ()
    %356 = "arith.cmpi"(%355, %347) <{predicate = 2 : i64}> : (vector<64xi32>, vector<64xi32>) -> vector<64xi1>
    "annotation.mark"(%356) <{effects = ["write"]}> {reached_mask_ops_idx = 0 : i32} : (vector<64xi1>) -> ()
    %357 = "vector.broadcast"(%arg82) : (f32) -> vector<64xf32>
    "annotation.mark"(%357) <{effects = ["write"]}> {reached_mask_ops_idx = 0 : i32} : (vector<64xf32>) -> ()
    %358 = "vector.broadcast"(%arg83) : (f32) -> vector<64xf32>
    "annotation.mark"(%358) <{effects = ["write"]}> {reached_mask_ops_idx = 0 : i32} : (vector<64xf32>) -> ()
    %359 = "arith.select"(%356, %357, %358) : (vector<64xi1>, vector<64xf32>, vector<64xf32>) -> vector<64xf32>
    "annotation.mark"(%359) <{effects = ["write"]}> {reached_mask_ops_idx = 0 : i32} : (vector<64xf32>) -> ()
    %360 = "arith.cmpi"(%355, %346) <{predicate = 2 : i64}> : (vector<64xi32>, vector<64xi32>) -> vector<64xi1>
    "annotation.mark"(%360) <{effects = ["write"]}> {reached_mask_ops_idx = 0 : i32} : (vector<64xi1>) -> ()
    %361 = "vector.broadcast"(%arg84) : (f32) -> vector<64xf32>
    "annotation.mark"(%361) <{effects = ["write"]}> {reached_mask_ops_idx = 0 : i32} : (vector<64xf32>) -> ()
    %362 = "arith.select"(%360, %361, %359) : (vector<64xi1>, vector<64xf32>, vector<64xf32>) -> vector<64xf32>
    "annotation.mark"(%362) <{effects = ["write"]}> {reached_mask_ops_idx = 0 : i32} : (vector<64xf32>) -> ()
    %363 = "arith.cmpi"(%355, %345) <{predicate = 2 : i64}> : (vector<64xi32>, vector<64xi32>) -> vector<64xi1>
    "annotation.mark"(%363) <{effects = ["write"]}> {reached_mask_ops_idx = 0 : i32} : (vector<64xi1>) -> ()
    %364 = "vector.broadcast"(%arg85) : (f32) -> vector<64xf32>
    "annotation.mark"(%364) <{effects = ["write"]}> {reached_mask_ops_idx = 0 : i32} : (vector<64xf32>) -> ()
    %365 = "arith.select"(%363, %364, %362) : (vector<64xi1>, vector<64xf32>, vector<64xf32>) -> vector<64xf32>
    "annotation.mark"(%365) <{effects = ["write"]}> {reached_mask_ops_idx = 0 : i32} : (vector<64xf32>) -> ()
    %366 = "arith.cmpi"(%355, %344) <{predicate = 2 : i64}> : (vector<64xi32>, vector<64xi32>) -> vector<64xi1>
    "annotation.mark"(%366) <{effects = ["write"]}> {reached_mask_ops_idx = 0 : i32} : (vector<64xi1>) -> ()
    %367 = "vector.broadcast"(%arg86) : (f32) -> vector<64xf32>
    "annotation.mark"(%367) <{effects = ["write"]}> {reached_mask_ops_idx = 0 : i32} : (vector<64xf32>) -> ()
    %368 = "arith.select"(%366, %367, %365) : (vector<64xi1>, vector<64xf32>, vector<64xf32>) -> vector<64xf32>
    "annotation.mark"(%368) <{effects = ["write"]}> {reached_mask_ops_idx = 0 : i32} : (vector<64xf32>) -> ()
    %369 = "arith.cmpi"(%355, %343) <{predicate = 2 : i64}> : (vector<64xi32>, vector<64xi32>) -> vector<64xi1>
    "annotation.mark"(%369) <{effects = ["write"]}> {reached_mask_ops_idx = 0 : i32} : (vector<64xi1>) -> ()
    %370 = "vector.broadcast"(%arg87) : (f32) -> vector<64xf32>
    "annotation.mark"(%370) <{effects = ["write"]}> {reached_mask_ops_idx = 0 : i32} : (vector<64xf32>) -> ()
    %371 = "arith.select"(%369, %370, %368) : (vector<64xi1>, vector<64xf32>, vector<64xf32>) -> vector<64xf32>
    "annotation.mark"(%371) <{effects = ["write"]}> {reached_mask_ops_idx = 0 : i32} : (vector<64xf32>) -> ()
    "vector.transfer_write"(%371, %arg88, %350, %351) <{in_bounds = [true], operandSegmentSizes = array<i32: 1, 1, 1, 1>, permutation_map = #map1}> : (vector<64xf32>, memref<6xf32, #hivm.address_space<ub>>, index, vector<64xi1>) -> ()
    "func.return"() : () -> ()
  }) {hivm.func_core_type = #hivm.func_core_type<AIV>, hivm.vector_function} : () -> ()
  "func.func"() <{function_type = (memref<64xi32, #hivm.address_space<ub>>) -> (), no_inline, sym_name = "paged_prefill_verify_grouped_kernel_mix_aiv_outlined_vf_6"}> ({
  ^bb0(%arg79: memref<64xi32, #hivm.address_space<ub>>):
    %339 = "arith.constant"() <{value = 0 : index}> : () -> index
    %340 = "arith.constant"() <{value = dense<0> : vector<64xi32>}> : () -> vector<64xi32>
    %341 = "arith.constant"() <{value = dense<[0, 1, 2, 3, 4, 5, 6, 7, 8, 9, 10, 11, 12, 13, 14, 15, 16, 17, 18, 19, 20, 21, 22, 23, 24, 25, 26, 27, 28, 29, 30, 31, 32, 33, 34, 35, 36, 37, 38, 39, 40, 41, 42, 43, 44, 45, 46, 47, 48, 49, 50, 51, 52, 53, 54, 55, 56, 57, 58, 59, 60, 61, 62, 63]> : vector<64xi32>}> : () -> vector<64xi32>
    %342 = "arith.addi"(%340, %341) <{overflowFlags = #arith.overflow<none>}> : (vector<64xi32>, vector<64xi32>) -> vector<64xi32>
    "vector.transfer_write"(%342, %arg79, %339) <{in_bounds = [true], operandSegmentSizes = array<i32: 1, 1, 1, 0>, permutation_map = #map1}> : (vector<64xi32>, memref<64xi32, #hivm.address_space<ub>>, index) -> ()
    "func.return"() : () -> ()
  }) {hivm.func_core_type = #hivm.func_core_type<AIV>, hivm.vector_function} : () -> ()
  "func.func"() <{function_type = (memref<6xi32, #hivm.address_space<ub>>, i32, memref<6xi32, #hivm.address_space<ub>>) -> (), no_inline, sym_name = "paged_prefill_verify_grouped_kernel_mix_aiv_outlined_vf_7"}> ({
  ^bb0(%arg76: memref<6xi32, #hivm.address_space<ub>>, %arg77: i32, %arg78: memref<6xi32, #hivm.address_space<ub>>):
    %333 = "arith.constant"() <{value = 0 : i32}> : () -> i32
    %334 = "arith.constant"() <{value = 0 : index}> : () -> index
    %335 = "vector.constant_mask"() <{mask_dim_sizes = [6]}> : () -> vector<64xi1>
    "annotation.mark"(%335) <{effects = ["write"]}> {mask_op_idx = 0 : i32} : (vector<64xi1>) -> ()
    %336 = "vector.transfer_read"(%arg76, %334, %333, %335) <{in_bounds = [true], operandSegmentSizes = array<i32: 1, 1, 1, 1>, permutation_map = #map1}> : (memref<6xi32, #hivm.address_space<ub>>, index, i32, vector<64xi1>) -> vector<64xi32>
    "annotation.mark"(%336) <{effects = ["write"]}> {reached_mask_ops_idx = 0 : i32} : (vector<64xi32>) -> ()
    %337 = "vector.broadcast"(%arg77) : (i32) -> vector<64xi32>
    "annotation.mark"(%337) <{effects = ["write"]}> {reached_mask_ops_idx = 0 : i32} : (vector<64xi32>) -> ()
    %338 = "arith.addi"(%336, %337) <{overflowFlags = #arith.overflow<none>}> : (vector<64xi32>, vector<64xi32>) -> vector<64xi32>
    "annotation.mark"(%338) <{effects = ["write"]}> {reached_mask_ops_idx = 0 : i32} : (vector<64xi32>) -> ()
    "vector.transfer_write"(%338, %arg78, %334, %335) <{in_bounds = [true], operandSegmentSizes = array<i32: 1, 1, 1, 1>, permutation_map = #map1}> : (vector<64xi32>, memref<6xi32, #hivm.address_space<ub>>, index, vector<64xi1>) -> ()
    "func.return"() : () -> ()
  }) {hivm.func_core_type = #hivm.func_core_type<AIV>, hivm.vector_function} : () -> ()
  "func.func"() <{function_type = (memref<6x1xi32, #hivm.address_space<ub>>, memref<6x1xf32, #hivm.address_space<ub>>) -> (), no_inline, sym_name = "paged_prefill_verify_grouped_kernel_mix_aiv_outlined_vf_8"}> ({
  ^bb0(%arg73: memref<6x1xi32, #hivm.address_space<ub>>, %arg74: memref<6x1xf32, #hivm.address_space<ub>>):
    %321 = "arith.constant"() <{value = 0 : i32}> : () -> i32
    %322 = "arith.constant"() <{value = 6 : index}> : () -> index
    %323 = "arith.constant"() <{value = 1 : index}> : () -> index
    %324 = "arith.constant"() <{value = 0 : index}> : () -> index
    "scf.for"(%324, %322, %323) ({
    ^bb0(%arg75: index):
      %325 = "memref.subview"(%arg73, %arg75) <{operandSegmentSizes = array<i32: 1, 1, 0, 0>, static_offsets = array<i64: -9223372036854775808, 0>, static_sizes = array<i64: 1, 1>, static_strides = array<i64: 1, 1>}> : (memref<6x1xi32, #hivm.address_space<ub>>, index) -> memref<1x1xi32, strided<[1, 1], offset: ?>, #hivm.address_space<ub>>
      %326 = "memref.subview"(%arg74, %arg75) <{operandSegmentSizes = array<i32: 1, 1, 0, 0>, static_offsets = array<i64: -9223372036854775808, 0>, static_sizes = array<i64: 1, 1>, static_strides = array<i64: 1, 1>}> : (memref<6x1xf32, #hivm.address_space<ub>>, index) -> memref<1x1xf32, strided<[1, 1], offset: ?>, #hivm.address_space<ub>>
      %327 = "vector.constant_mask"() <{mask_dim_sizes = [1]}> : () -> vector<64xi1>
      %328 = "vector.shape_cast"(%327) : (vector<64xi1>) -> vector<1x64xi1>
      "annotation.mark"(%328) <{effects = ["write"]}> {mask_op_idx = -1 : i32} : (vector<1x64xi1>) -> ()
      %329 = "vector.transfer_read"(%325, %324, %324, %321, %328) <{in_bounds = [true, true], operandSegmentSizes = array<i32: 1, 2, 1, 1>, permutation_map = #map11}> : (memref<1x1xi32, strided<[1, 1], offset: ?>, #hivm.address_space<ub>>, index, index, i32, vector<1x64xi1>) -> vector<1x64xi32>
      %330 = "vector.shape_cast"(%329) : (vector<1x64xi32>) -> vector<64xi32>
      %331 = "arith.sitofp"(%330) {enable_saturate = false, round_mode = #hfusion.round_mode<rint>, unsigned_mode = #hfusion.unsigned_mode<si2si>} : (vector<64xi32>) -> vector<64xf32>
      %332 = "vector.shape_cast"(%331) : (vector<64xf32>) -> vector<1x64xf32>
      "vector.transfer_write"(%332, %326, %324, %324, %328) <{in_bounds = [true, true], operandSegmentSizes = array<i32: 1, 1, 2, 1>, permutation_map = #map11}> : (vector<1x64xf32>, memref<1x1xf32, strided<[1, 1], offset: ?>, #hivm.address_space<ub>>, index, index, vector<1x64xi1>) -> ()
      "scf.yield"() : () -> ()
    }) : (index, index, index) -> ()
    "func.return"() : () -> ()
  }) {hivm.func_core_type = #hivm.func_core_type<AIV>, hivm.vector_function} : () -> ()
  "func.func"() <{function_type = (memref<64xi32, #hivm.address_space<ub>>, i32, memref<64xi32, #hivm.address_space<ub>>) -> (), no_inline, sym_name = "paged_prefill_verify_grouped_kernel_mix_aiv_outlined_vf_9"}> ({
  ^bb0(%arg70: memref<64xi32, #hivm.address_space<ub>>, %arg71: i32, %arg72: memref<64xi32, #hivm.address_space<ub>>):
    %316 = "arith.constant"() <{value = 0 : i32}> : () -> i32
    %317 = "arith.constant"() <{value = 0 : index}> : () -> index
    %318 = "vector.transfer_read"(%arg70, %317, %316) <{in_bounds = [true], operandSegmentSizes = array<i32: 1, 1, 1, 0>, permutation_map = #map1}> : (memref<64xi32, #hivm.address_space<ub>>, index, i32) -> vector<64xi32>
    %319 = "vector.broadcast"(%arg71) : (i32) -> vector<64xi32>
    %320 = "arith.addi"(%318, %319) <{overflowFlags = #arith.overflow<none>}> : (vector<64xi32>, vector<64xi32>) -> vector<64xi32>
    "vector.transfer_write"(%320, %arg72, %317) <{in_bounds = [true], operandSegmentSizes = array<i32: 1, 1, 1, 0>, permutation_map = #map1}> : (vector<64xi32>, memref<64xi32, #hivm.address_space<ub>>, index) -> ()
    "func.return"() : () -> ()
  }) {hivm.func_core_type = #hivm.func_core_type<AIV>, hivm.vector_function} : () -> ()
  "func.func"() <{function_type = (memref<1x64xi32, #hivm.address_space<ub>>, memref<1x64xf32, #hivm.address_space<ub>>) -> (), no_inline, sym_name = "paged_prefill_verify_grouped_kernel_mix_aiv_outlined_vf_10"}> ({
  ^bb0(%arg68: memref<1x64xi32, #hivm.address_space<ub>>, %arg69: memref<1x64xf32, #hivm.address_space<ub>>):
    %310 = "arith.constant"() <{value = 0 : index}> : () -> index
    %311 = "arith.constant"() <{value = 0 : i32}> : () -> i32
    %312 = "memref.subview"(%arg68) <{operandSegmentSizes = array<i32: 1, 0, 0, 0>, static_offsets = array<i64: 0, 0>, static_sizes = array<i64: 1, 64>, static_strides = array<i64: 1, 1>}> : (memref<1x64xi32, #hivm.address_space<ub>>) -> memref<64xi32, strided<[1]>, #hivm.address_space<ub>>
    %313 = "vector.transfer_read"(%312, %310, %311) <{in_bounds = [true], operandSegmentSizes = array<i32: 1, 1, 1, 0>, permutation_map = #map1}> : (memref<64xi32, strided<[1]>, #hivm.address_space<ub>>, index, i32) -> vector<64xi32>
    %314 = "arith.sitofp"(%313) {enable_saturate = false, round_mode = #hfusion.round_mode<rint>, unsigned_mode = #hfusion.unsigned_mode<si2si>} : (vector<64xi32>) -> vector<64xf32>
    %315 = "memref.subview"(%arg69) <{operandSegmentSizes = array<i32: 1, 0, 0, 0>, static_offsets = array<i64: 0, 0>, static_sizes = array<i64: 1, 64>, static_strides = array<i64: 1, 1>}> : (memref<1x64xf32, #hivm.address_space<ub>>) -> memref<64xf32, strided<[1]>, #hivm.address_space<ub>>
    "vector.transfer_write"(%314, %315, %310) <{in_bounds = [true], operandSegmentSizes = array<i32: 1, 1, 1, 0>, permutation_map = #map1}> : (vector<64xf32>, memref<64xf32, strided<[1]>, #hivm.address_space<ub>>, index) -> ()
    "func.return"() : () -> ()
  }) {hivm.func_core_type = #hivm.func_core_type<AIV>, hivm.vector_function} : () -> ()
  "func.func"() <{function_type = (memref<6x1xf32, #hivm.address_space<ub>>, memref<1x64xf32, #hivm.address_space<ub>>, memref<6x64xi1, strided<[256, 1]>, #hivm.address_space<ub>>) -> (), no_inline, sym_name = "paged_prefill_verify_grouped_kernel_mix_aiv_outlined_vf_11"}> ({
  ^bb0(%arg64: memref<6x1xf32, #hivm.address_space<ub>>, %arg65: memref<1x64xf32, #hivm.address_space<ub>>, %arg66: memref<6x64xi1, strided<[256, 1]>, #hivm.address_space<ub>>):
    %298 = "arith.constant"() <{value = 0.000000e+00 : f32}> : () -> f32
    %299 = "arith.constant"() <{value = 1 : index}> : () -> index
    %300 = "arith.constant"() <{value = 6 : index}> : () -> index
    %301 = "arith.constant"() <{value = 0 : index}> : () -> index
    "scf.for"(%301, %300, %299) ({
    ^bb0(%arg67: index):
      %302 = "memref.subview"(%arg64, %arg67) <{operandSegmentSizes = array<i32: 1, 1, 0, 0>, static_offsets = array<i64: -9223372036854775808, 0>, static_sizes = array<i64: 1, 1>, static_strides = array<i64: 1, 1>}> : (memref<6x1xf32, #hivm.address_space<ub>>, index) -> memref<1x1xf32, strided<[1, 1], offset: ?>, #hivm.address_space<ub>>
      %303 = "memref.subview"(%arg66, %arg67) <{operandSegmentSizes = array<i32: 1, 1, 0, 0>, static_offsets = array<i64: -9223372036854775808, 0>, static_sizes = array<i64: 1, 64>, static_strides = array<i64: 1, 1>}> : (memref<6x64xi1, strided<[256, 1]>, #hivm.address_space<ub>>, index) -> memref<1x64xi1, strided<[256, 1], offset: ?>, #hivm.address_space<ub>>
      %304 = "vector.transfer_read"(%arg65, %301, %301, %298) <{in_bounds = [true, true], operandSegmentSizes = array<i32: 1, 2, 1, 0>, permutation_map = #map12}> : (memref<1x64xf32, #hivm.address_space<ub>>, index, index, f32) -> vector<1x64xf32>
      %305 = "vector.transfer_read"(%302, %301, %301, %298) <{in_bounds = [true, true], operandSegmentSizes = array<i32: 1, 2, 1, 0>, permutation_map = #map13}> : (memref<1x1xf32, strided<[1, 1], offset: ?>, #hivm.address_space<ub>>, index, index, f32) -> vector<1x64xf32>
      %306 = "vector.shape_cast"(%304) : (vector<1x64xf32>) -> vector<64xf32>
      %307 = "vector.shape_cast"(%305) : (vector<1x64xf32>) -> vector<64xf32>
      %308 = "arith.cmpf"(%306, %307) <{fastmath = #arith.fastmath<none>, predicate = 5 : i64}> : (vector<64xf32>, vector<64xf32>) -> vector<64xi1>
      %309 = "memref.subview"(%303) <{operandSegmentSizes = array<i32: 1, 0, 0, 0>, static_offsets = array<i64: 0, 0>, static_sizes = array<i64: 1, 64>, static_strides = array<i64: 1, 1>}> : (memref<1x64xi1, strided<[256, 1], offset: ?>, #hivm.address_space<ub>>) -> memref<64xi1, #map, #hivm.address_space<ub>>
      "vector.transfer_write"(%308, %309, %301) <{in_bounds = [true], operandSegmentSizes = array<i32: 1, 1, 1, 0>, permutation_map = #map1}> : (vector<64xi1>, memref<64xi1, #map, #hivm.address_space<ub>>, index) -> ()
      "scf.yield"() : () -> ()
    }) : (index, index, index) -> ()
    "func.return"() : () -> ()
  }) {hivm.func_core_type = #hivm.func_core_type<AIV>, hivm.vector_function} : () -> ()
  "func.func"() <{function_type = (memref<1x64xf32, #hivm.address_space<ub>>, f32, memref<1x64xi1, #hivm.address_space<ub>>) -> (), no_inline, sym_name = "paged_prefill_verify_grouped_kernel_mix_aiv_outlined_vf_12"}> ({
  ^bb0(%arg61: memref<1x64xf32, #hivm.address_space<ub>>, %arg62: f32, %arg63: memref<1x64xi1, #hivm.address_space<ub>>):
    %291 = "arith.constant"() <{value = 0 : index}> : () -> index
    %292 = "arith.constant"() <{value = 0.000000e+00 : f32}> : () -> f32
    %293 = "memref.subview"(%arg61) <{operandSegmentSizes = array<i32: 1, 0, 0, 0>, static_offsets = array<i64: 0, 0>, static_sizes = array<i64: 1, 64>, static_strides = array<i64: 1, 1>}> : (memref<1x64xf32, #hivm.address_space<ub>>) -> memref<64xf32, strided<[1]>, #hivm.address_space<ub>>
    %294 = "vector.transfer_read"(%293, %291, %292) <{in_bounds = [true], operandSegmentSizes = array<i32: 1, 1, 1, 0>, permutation_map = #map1}> : (memref<64xf32, strided<[1]>, #hivm.address_space<ub>>, index, f32) -> vector<64xf32>
    %295 = "vector.broadcast"(%arg62) : (f32) -> vector<64xf32>
    %296 = "arith.cmpf"(%294, %295) <{fastmath = #arith.fastmath<none>, predicate = 4 : i64}> : (vector<64xf32>, vector<64xf32>) -> vector<64xi1>
    %297 = "memref.subview"(%arg63) <{operandSegmentSizes = array<i32: 1, 0, 0, 0>, static_offsets = array<i64: 0, 0>, static_sizes = array<i64: 1, 64>, static_strides = array<i64: 1, 1>}> : (memref<1x64xi1, #hivm.address_space<ub>>) -> memref<64xi1, strided<[1]>, #hivm.address_space<ub>>
    "vector.transfer_write"(%296, %297, %291) <{in_bounds = [true], operandSegmentSizes = array<i32: 1, 1, 1, 0>, permutation_map = #map1}> : (vector<64xi1>, memref<64xi1, strided<[1]>, #hivm.address_space<ub>>, index) -> ()
    "func.return"() : () -> ()
  }) {hivm.func_core_type = #hivm.func_core_type<AIV>, hivm.vector_function} : () -> ()
  "func.func"() <{function_type = (memref<6x64xi1, strided<[256, 1]>, #hivm.address_space<ub>>, memref<64xi1, #hivm.address_space<ub>>, memref<6x64xi1, strided<[256, 1]>, #hivm.address_space<ub>>, memref<6x64xi1, strided<[256, 1]>, #hivm.address_space<ub>>) -> (), no_inline, sym_name = "paged_prefill_verify_grouped_kernel_mix_aiv_outlined_vf_13"}> ({
  ^bb0(%arg56: memref<6x64xi1, strided<[256, 1]>, #hivm.address_space<ub>>, %arg57: memref<64xi1, #hivm.address_space<ub>>, %arg58: memref<6x64xi1, strided<[256, 1]>, #hivm.address_space<ub>>, %arg59: memref<6x64xi1, strided<[256, 1]>, #hivm.address_space<ub>>):
    %270 = "arith.constant"() <{value = dense<0.000000e+00> : vector<128xf16>}> : () -> vector<128xf16>
    %271 = "arith.constant"() <{value = dense<-1.000000e+00> : vector<128xf16>}> : () -> vector<128xf16>
    %272 = "arith.constant"() <{value = false}> : () -> i1
    %273 = "arith.constant"() <{value = 1 : index}> : () -> index
    %274 = "arith.constant"() <{value = 6 : index}> : () -> index
    %275 = "arith.constant"() <{value = 0 : index}> : () -> index
    "scf.for"(%275, %274, %273) ({
    ^bb0(%arg60: index):
      %276 = "memref.subview"(%arg56, %arg60) <{operandSegmentSizes = array<i32: 1, 1, 0, 0>, static_offsets = array<i64: -9223372036854775808, 0>, static_sizes = array<i64: 1, 64>, static_strides = array<i64: 1, 1>}> : (memref<6x64xi1, strided<[256, 1]>, #hivm.address_space<ub>>, index) -> memref<1x64xi1, strided<[256, 1], offset: ?>, #hivm.address_space<ub>>
      %277 = "memref.subview"(%arg58, %arg60) <{operandSegmentSizes = array<i32: 1, 1, 0, 0>, static_offsets = array<i64: -9223372036854775808, 0>, static_sizes = array<i64: 1, 64>, static_strides = array<i64: 1, 1>}> : (memref<6x64xi1, strided<[256, 1]>, #hivm.address_space<ub>>, index) -> memref<1x64xi1, strided<[256, 1], offset: ?>, #hivm.address_space<ub>>
      %278 = "vector.constant_mask"() <{mask_dim_sizes = [64]}> : () -> vector<128xi1>
      "annotation.mark"(%278) <{effects = ["write"]}> {mask_op_idx = 0 : i32} : (vector<128xi1>) -> ()
      %279 = "vector.transfer_read"(%arg57, %275, %272, %278) <{in_bounds = [true, true], operandSegmentSizes = array<i32: 1, 1, 1, 1>, permutation_map = #map14}> : (memref<64xi1, #hivm.address_space<ub>>, index, i1, vector<128xi1>) -> vector<1x128xi1>
      "annotation.mark"(%279) <{effects = ["write"]}> {reached_mask_ops_idx = 0 : i32} : (vector<1x128xi1>) -> ()
      %280 = "vector.shape_cast"(%279) : (vector<1x128xi1>) -> vector<128xi1>
      "annotation.mark"(%280) <{effects = ["write"]}> {reached_mask_ops_idx = 0 : i32} : (vector<128xi1>) -> ()
      %281 = "arith.select"(%280, %271, %270) : (vector<128xi1>, vector<128xf16>, vector<128xf16>) -> vector<128xf16>
      "annotation.mark"(%281) <{effects = ["write"]}> {reached_mask_ops_idx = 0 : i32} : (vector<128xf16>) -> ()
      %282 = "arith.cmpf"(%281, %270) <{fastmath = #arith.fastmath<none>, predicate = 13 : i64}> : (vector<128xf16>, vector<128xf16>) -> vector<128xi1>
      "annotation.mark"(%282) <{effects = ["write"]}> {reached_mask_ops_idx = 0 : i32} : (vector<128xi1>) -> ()
      %283 = "memref.subview"(%277) <{operandSegmentSizes = array<i32: 1, 0, 0, 0>, static_offsets = array<i64: 0, 0>, static_sizes = array<i64: 1, 64>, static_strides = array<i64: 1, 1>}> : (memref<1x64xi1, strided<[256, 1], offset: ?>, #hivm.address_space<ub>>) -> memref<64xi1, #map, #hivm.address_space<ub>>
      "vector.transfer_write"(%282, %283, %275, %278) <{in_bounds = [true], operandSegmentSizes = array<i32: 1, 1, 1, 1>, permutation_map = #map1}> : (vector<128xi1>, memref<64xi1, #map, #hivm.address_space<ub>>, index, vector<128xi1>) -> ()
      %284 = "memref.subview"(%arg59, %arg60) <{operandSegmentSizes = array<i32: 1, 1, 0, 0>, static_offsets = array<i64: -9223372036854775808, 0>, static_sizes = array<i64: 1, 64>, static_strides = array<i64: 1, 1>}> : (memref<6x64xi1, strided<[256, 1]>, #hivm.address_space<ub>>, index) -> memref<1x64xi1, strided<[256, 1], offset: ?>, #hivm.address_space<ub>>
      %285 = "vector.constant_mask"() <{mask_dim_sizes = [64]}> : () -> vector<256xi1>
      "annotation.mark"(%285) <{effects = ["write"]}> {mask_op_idx = 1 : i32} : (vector<256xi1>) -> ()
      %286 = "memref.subview"(%276) <{operandSegmentSizes = array<i32: 1, 0, 0, 0>, static_offsets = array<i64: 0, 0>, static_sizes = array<i64: 1, 64>, static_strides = array<i64: 1, 1>}> : (memref<1x64xi1, strided<[256, 1], offset: ?>, #hivm.address_space<ub>>) -> memref<64xi1, #map, #hivm.address_space<ub>>
      %287 = "vector.transfer_read"(%286, %275, %272, %285) <{in_bounds = [true], operandSegmentSizes = array<i32: 1, 1, 1, 1>, permutation_map = #map1}> : (memref<64xi1, #map, #hivm.address_space<ub>>, index, i1, vector<256xi1>) -> vector<256xi1>
      "annotation.mark"(%287) <{effects = ["write"]}> {reached_mask_ops_idx = 1 : i32} : (vector<256xi1>) -> ()
      %288 = "vector.transfer_read"(%283, %275, %272, %285) <{in_bounds = [true], operandSegmentSizes = array<i32: 1, 1, 1, 1>, permutation_map = #map1}> : (memref<64xi1, #map, #hivm.address_space<ub>>, index, i1, vector<256xi1>) -> vector<256xi1>
      "annotation.mark"(%288) <{effects = ["write"]}> {reached_mask_ops_idx = 1 : i32} : (vector<256xi1>) -> ()
      %289 = "arith.andi"(%287, %288) : (vector<256xi1>, vector<256xi1>) -> vector<256xi1>
      "annotation.mark"(%289) <{effects = ["write"]}> {reached_mask_ops_idx = 1 : i32} : (vector<256xi1>) -> ()
      %290 = "memref.subview"(%284) <{operandSegmentSizes = array<i32: 1, 0, 0, 0>, static_offsets = array<i64: 0, 0>, static_sizes = array<i64: 1, 64>, static_strides = array<i64: 1, 1>}> : (memref<1x64xi1, strided<[256, 1], offset: ?>, #hivm.address_space<ub>>) -> memref<64xi1, #map, #hivm.address_space<ub>>
      "vector.transfer_write"(%289, %290, %275, %285) <{in_bounds = [true], operandSegmentSizes = array<i32: 1, 1, 1, 1>, permutation_map = #map1}> : (vector<256xi1>, memref<64xi1, #map, #hivm.address_space<ub>>, index, vector<256xi1>) -> ()
      "scf.yield"() : () -> ()
    }) : (index, index, index) -> ()
    "func.return"() : () -> ()
  }) {hivm.func_core_type = #hivm.func_core_type<AIV>, hivm.vector_function} : () -> ()
  "func.func"() <{function_type = (memref<6x64xi1, strided<[256, 1]>, #hivm.address_space<ub>>, memref<6x64xf32, #hivm.address_space<ub>>, f32, memref<6x64xf32, #hivm.address_space<ub>>) -> (), no_inline, sym_name = "paged_prefill_verify_grouped_kernel_mix_aiv_outlined_vf_14"}> ({
  ^bb0(%arg51: memref<6x64xi1, strided<[256, 1]>, #hivm.address_space<ub>>, %arg52: memref<6x64xf32, #hivm.address_space<ub>>, %arg53: f32, %arg54: memref<6x64xf32, #hivm.address_space<ub>>):
    %253 = "arith.constant"() <{value = dense<-1.000000e+06> : vector<64xf32>}> : () -> vector<64xf32>
    %254 = "arith.constant"() <{value = 0.000000e+00 : f32}> : () -> f32
    %255 = "arith.constant"() <{value = false}> : () -> i1
    %256 = "arith.constant"() <{value = 1 : index}> : () -> index
    %257 = "arith.constant"() <{value = 6 : index}> : () -> index
    %258 = "arith.constant"() <{value = 0 : index}> : () -> index
    "scf.for"(%258, %257, %256) ({
    ^bb0(%arg55: index):
      %259 = "memref.subview"(%arg51, %arg55) <{operandSegmentSizes = array<i32: 1, 1, 0, 0>, static_offsets = array<i64: -9223372036854775808, 0>, static_sizes = array<i64: 1, 64>, static_strides = array<i64: 1, 1>}> : (memref<6x64xi1, strided<[256, 1]>, #hivm.address_space<ub>>, index) -> memref<1x64xi1, strided<[256, 1], offset: ?>, #hivm.address_space<ub>>
      %260 = "memref.subview"(%arg52, %arg55) <{operandSegmentSizes = array<i32: 1, 1, 0, 0>, static_offsets = array<i64: -9223372036854775808, 0>, static_sizes = array<i64: 1, 64>, static_strides = array<i64: 1, 1>}> : (memref<6x64xf32, #hivm.address_space<ub>>, index) -> memref<1x64xf32, strided<[64, 1], offset: ?>, #hivm.address_space<ub>>
      %261 = "memref.subview"(%arg54, %arg55) <{operandSegmentSizes = array<i32: 1, 1, 0, 0>, static_offsets = array<i64: -9223372036854775808, 0>, static_sizes = array<i64: 1, 64>, static_strides = array<i64: 1, 1>}> : (memref<6x64xf32, #hivm.address_space<ub>>, index) -> memref<1x64xf32, strided<[64, 1], offset: ?>, #hivm.address_space<ub>>
      %262 = "memref.subview"(%259) <{operandSegmentSizes = array<i32: 1, 0, 0, 0>, static_offsets = array<i64: 0, 0>, static_sizes = array<i64: 1, 64>, static_strides = array<i64: 1, 1>}> : (memref<1x64xi1, strided<[256, 1], offset: ?>, #hivm.address_space<ub>>) -> memref<64xi1, #map, #hivm.address_space<ub>>
      %263 = "vector.transfer_read"(%262, %258, %255) <{in_bounds = [true], operandSegmentSizes = array<i32: 1, 1, 1, 0>, permutation_map = #map1}> : (memref<64xi1, #map, #hivm.address_space<ub>>, index, i1) -> vector<64xi1>
      %264 = "memref.subview"(%260) <{operandSegmentSizes = array<i32: 1, 0, 0, 0>, static_offsets = array<i64: 0, 0>, static_sizes = array<i64: 1, 64>, static_strides = array<i64: 1, 1>}> : (memref<1x64xf32, strided<[64, 1], offset: ?>, #hivm.address_space<ub>>) -> memref<64xf32, #map, #hivm.address_space<ub>>
      %265 = "vector.transfer_read"(%264, %258, %254) <{in_bounds = [true], operandSegmentSizes = array<i32: 1, 1, 1, 0>, permutation_map = #map1}> : (memref<64xf32, #map, #hivm.address_space<ub>>, index, f32) -> vector<64xf32>
      %266 = "vector.broadcast"(%arg53) : (f32) -> vector<64xf32>
      %267 = "arith.mulf"(%265, %266) <{fastmath = #arith.fastmath<none>}> : (vector<64xf32>, vector<64xf32>) -> vector<64xf32>
      %268 = "arith.select"(%263, %267, %253) : (vector<64xi1>, vector<64xf32>, vector<64xf32>) -> vector<64xf32>
      %269 = "memref.subview"(%261) <{operandSegmentSizes = array<i32: 1, 0, 0, 0>, static_offsets = array<i64: 0, 0>, static_sizes = array<i64: 1, 64>, static_strides = array<i64: 1, 1>}> : (memref<1x64xf32, strided<[64, 1], offset: ?>, #hivm.address_space<ub>>) -> memref<64xf32, #map, #hivm.address_space<ub>>
      "vector.transfer_write"(%268, %269, %258) <{in_bounds = [true], operandSegmentSizes = array<i32: 1, 1, 1, 0>, permutation_map = #map1}> : (vector<64xf32>, memref<64xf32, #map, #hivm.address_space<ub>>, index) -> ()
      "scf.yield"() : () -> ()
    }) : (index, index, index) -> ()
    "func.return"() : () -> ()
  }) {hivm.func_core_type = #hivm.func_core_type<AIV>, hivm.vector_function} : () -> ()
  "func.func"() <{function_type = (memref<6xf32, #hivm.address_space<ub>>, memref<6xf32, #hivm.address_space<ub>>, memref<6x64xf32, #hivm.address_space<ub>>, memref<6xf32, #hivm.address_space<ub>>) -> (), no_inline, sym_name = "paged_prefill_verify_grouped_kernel_mix_aiv_outlined_vf_15"}> ({
  ^bb0(%arg46: memref<6xf32, #hivm.address_space<ub>>, %arg47: memref<6xf32, #hivm.address_space<ub>>, %arg48: memref<6x64xf32, #hivm.address_space<ub>>, %arg49: memref<6xf32, #hivm.address_space<ub>>):
    %234 = "arith.constant"() <{value = 0.000000e+00 : f32}> : () -> f32
    %235 = "arith.constant"() <{value = 1 : index}> : () -> index
    %236 = "arith.constant"() <{value = 0 : index}> : () -> index
    %237 = "arith.constant"() <{value = 6 : index}> : () -> index
    "scf.for"(%236, %237, %235) ({
    ^bb0(%arg50: index):
      %242 = "memref.subview"(%arg47, %arg50) <{operandSegmentSizes = array<i32: 1, 1, 0, 0>, static_offsets = array<i64: -9223372036854775808>, static_sizes = array<i64: 1>, static_strides = array<i64: 1>}> : (memref<6xf32, #hivm.address_space<ub>>, index) -> memref<1xf32, strided<[1], offset: ?>, #hivm.address_space<ub>>
      %243 = "memref.subview"(%arg48, %arg50) <{operandSegmentSizes = array<i32: 1, 1, 0, 0>, static_offsets = array<i64: -9223372036854775808, 0>, static_sizes = array<i64: 1, 64>, static_strides = array<i64: 1, 1>}> : (memref<6x64xf32, #hivm.address_space<ub>>, index) -> memref<1x64xf32, strided<[64, 1], offset: ?>, #hivm.address_space<ub>>
      %244 = "memref.subview"(%243) <{operandSegmentSizes = array<i32: 1, 0, 0, 0>, static_offsets = array<i64: 0, 0>, static_sizes = array<i64: 1, 64>, static_strides = array<i64: 1, 1>}> : (memref<1x64xf32, strided<[64, 1], offset: ?>, #hivm.address_space<ub>>) -> memref<64xf32, #map, #hivm.address_space<ub>>
      %245 = "vector.transfer_read"(%244, %236, %234) <{in_bounds = [true], operandSegmentSizes = array<i32: 1, 1, 1, 0>, permutation_map = #map1}> : (memref<64xf32, #map, #hivm.address_space<ub>>, index, f32) -> vector<64xf32>
      %246 = "memref.subview"(%242) <{operandSegmentSizes = array<i32: 1, 0, 0, 0>, static_offsets = array<i64: 0>, static_sizes = array<i64: 1>, static_strides = array<i64: 1>}> : (memref<1xf32, strided<[1], offset: ?>, #hivm.address_space<ub>>) -> memref<f32, strided<[], offset: ?>, #hivm.address_space<ub>>
      %247 = "vector.transfer_read"(%246, %234) <{in_bounds = [], operandSegmentSizes = array<i32: 1, 0, 1, 0>, permutation_map = #map2}> : (memref<f32, strided<[], offset: ?>, #hivm.address_space<ub>>, f32) -> vector<f32>
      %248 = "vector.shape_cast"(%247) : (vector<f32>) -> vector<1xf32>
      %249 = "builtin.unrealized_conversion_cast"(%248) : (vector<1xf32>) -> f32
      %250 = "vector.reduction"(%245, %249) <{fastmath = #arith.fastmath<none>, kind = #vector.kind<maximumf>}> {withoutInitMergeOp} : (vector<64xf32>, f32) -> f32
      %251 = "builtin.unrealized_conversion_cast"(%250) : (f32) -> vector<1xf32>
      %252 = "vector.shape_cast"(%251) : (vector<1xf32>) -> vector<f32>
      "vector.transfer_write"(%252, %246) <{in_bounds = [], operandSegmentSizes = array<i32: 1, 1, 0, 0>, permutation_map = #map2}> : (vector<f32>, memref<f32, strided<[], offset: ?>, #hivm.address_space<ub>>) -> ()
      "scf.yield"() : () -> ()
    }) : (index, index, index) -> ()
    %238 = "vector.constant_mask"() <{mask_dim_sizes = [6]}> : () -> vector<64xi1>
    "annotation.mark"(%238) <{effects = ["write"]}> {mask_op_idx = 0 : i32} : (vector<64xi1>) -> ()
    %239 = "vector.transfer_read"(%arg46, %236, %234, %238) <{in_bounds = [true], operandSegmentSizes = array<i32: 1, 1, 1, 1>, permutation_map = #map1}> : (memref<6xf32, #hivm.address_space<ub>>, index, f32, vector<64xi1>) -> vector<64xf32>
    "annotation.mark"(%239) <{effects = ["write"]}> {reached_mask_ops_idx = 0 : i32} : (vector<64xf32>) -> ()
    %240 = "vector.transfer_read"(%arg47, %236, %234, %238) <{in_bounds = [true], operandSegmentSizes = array<i32: 1, 1, 1, 1>, permutation_map = #map1}> : (memref<6xf32, #hivm.address_space<ub>>, index, f32, vector<64xi1>) -> vector<64xf32>
    "annotation.mark"(%240) <{effects = ["write"]}> {reached_mask_ops_idx = 0 : i32} : (vector<64xf32>) -> ()
    %241 = "arith.maximumf"(%239, %240) <{fastmath = #arith.fastmath<none>}> : (vector<64xf32>, vector<64xf32>) -> vector<64xf32>
    "annotation.mark"(%241) <{effects = ["write"]}> {reached_mask_ops_idx = 0 : i32} : (vector<64xf32>) -> ()
    "vector.transfer_write"(%241, %arg49, %236, %238) <{in_bounds = [true], operandSegmentSizes = array<i32: 1, 1, 1, 1>, permutation_map = #map1}> : (vector<64xf32>, memref<6xf32, #hivm.address_space<ub>>, index, vector<64xi1>) -> ()
    "func.return"() : () -> ()
  }) {hivm.func_core_type = #hivm.func_core_type<AIV>, hivm.vector_function} : () -> ()
  "func.func"() <{function_type = (memref<6xf32, #hivm.address_space<ub>>, memref<6x64xf32, #hivm.address_space<ub>>, memref<6x64xf32, #hivm.address_space<ub>>) -> (), no_inline, sym_name = "paged_prefill_verify_grouped_kernel_mix_aiv_outlined_vf_16"}> ({
  ^bb0(%arg42: memref<6xf32, #hivm.address_space<ub>>, %arg43: memref<6x64xf32, #hivm.address_space<ub>>, %arg44: memref<6x64xf32, #hivm.address_space<ub>>):
    %220 = "arith.constant"() <{value = 0.000000e+00 : f32}> : () -> f32
    %221 = "arith.constant"() <{value = 1 : index}> : () -> index
    %222 = "arith.constant"() <{value = 6 : index}> : () -> index
    %223 = "arith.constant"() <{value = 0 : index}> : () -> index
    "scf.for"(%223, %222, %221) ({
    ^bb0(%arg45: index):
      %224 = "memref.subview"(%arg42, %arg45) <{operandSegmentSizes = array<i32: 1, 1, 0, 0>, static_offsets = array<i64: -9223372036854775808>, static_sizes = array<i64: 1>, static_strides = array<i64: 1>}> : (memref<6xf32, #hivm.address_space<ub>>, index) -> memref<1xf32, strided<[1], offset: ?>, #hivm.address_space<ub>>
      %225 = "memref.subview"(%arg43, %arg45) <{operandSegmentSizes = array<i32: 1, 1, 0, 0>, static_offsets = array<i64: -9223372036854775808, 0>, static_sizes = array<i64: 1, 64>, static_strides = array<i64: 1, 1>}> : (memref<6x64xf32, #hivm.address_space<ub>>, index) -> memref<1x64xf32, strided<[64, 1], offset: ?>, #hivm.address_space<ub>>
      %226 = "memref.subview"(%arg44, %arg45) <{operandSegmentSizes = array<i32: 1, 1, 0, 0>, static_offsets = array<i64: -9223372036854775808, 0>, static_sizes = array<i64: 1, 64>, static_strides = array<i64: 1, 1>}> : (memref<6x64xf32, #hivm.address_space<ub>>, index) -> memref<1x64xf32, strided<[64, 1], offset: ?>, #hivm.address_space<ub>>
      %227 = "memref.subview"(%225) <{operandSegmentSizes = array<i32: 1, 0, 0, 0>, static_offsets = array<i64: 0, 0>, static_sizes = array<i64: 1, 64>, static_strides = array<i64: 1, 1>}> : (memref<1x64xf32, strided<[64, 1], offset: ?>, #hivm.address_space<ub>>) -> memref<64xf32, #map, #hivm.address_space<ub>>
      %228 = "vector.transfer_read"(%227, %223, %220) <{in_bounds = [true], operandSegmentSizes = array<i32: 1, 1, 1, 0>, permutation_map = #map1}> : (memref<64xf32, #map, #hivm.address_space<ub>>, index, f32) -> vector<64xf32>
      %229 = "vector.transfer_read"(%224, %223, %220) <{in_bounds = [true, true], operandSegmentSizes = array<i32: 1, 1, 1, 0>, permutation_map = #map4}> : (memref<1xf32, strided<[1], offset: ?>, #hivm.address_space<ub>>, index, f32) -> vector<1x64xf32>
      %230 = "vector.shape_cast"(%229) : (vector<1x64xf32>) -> vector<64xf32>
      %231 = "arith.subf"(%228, %230) <{fastmath = #arith.fastmath<none>}> : (vector<64xf32>, vector<64xf32>) -> vector<64xf32>
      %232 = "math.exp"(%231) <{fastmath = #arith.fastmath<none>}> : (vector<64xf32>) -> vector<64xf32>
      %233 = "memref.subview"(%226) <{operandSegmentSizes = array<i32: 1, 0, 0, 0>, static_offsets = array<i64: 0, 0>, static_sizes = array<i64: 1, 64>, static_strides = array<i64: 1, 1>}> : (memref<1x64xf32, strided<[64, 1], offset: ?>, #hivm.address_space<ub>>) -> memref<64xf32, #map, #hivm.address_space<ub>>
      "vector.transfer_write"(%232, %233, %223) <{in_bounds = [true], operandSegmentSizes = array<i32: 1, 1, 1, 0>, permutation_map = #map1}> : (vector<64xf32>, memref<64xf32, #map, #hivm.address_space<ub>>, index) -> ()
      "scf.yield"() : () -> ()
    }) : (index, index, index) -> ()
    "func.return"() : () -> ()
  }) {hivm.func_core_type = #hivm.func_core_type<AIV>, hivm.vector_function} : () -> ()
  "func.func"() <{function_type = (memref<6x64xf32, #hivm.address_space<ub>>, memref<6x64xbf16, #hivm.address_space<ub>>) -> (), no_inline, sym_name = "paged_prefill_verify_grouped_kernel_mix_aiv_outlined_vf_17"}> ({
  ^bb0(%arg39: memref<6x64xf32, #hivm.address_space<ub>>, %arg40: memref<6x64xbf16, #hivm.address_space<ub>>):
    %210 = "arith.constant"() <{value = 0.000000e+00 : f32}> : () -> f32
    %211 = "arith.constant"() <{value = 1 : index}> : () -> index
    %212 = "arith.constant"() <{value = 6 : index}> : () -> index
    %213 = "arith.constant"() <{value = 0 : index}> : () -> index
    "scf.for"(%213, %212, %211) ({
    ^bb0(%arg41: index):
      %214 = "memref.subview"(%arg39, %arg41) <{operandSegmentSizes = array<i32: 1, 1, 0, 0>, static_offsets = array<i64: -9223372036854775808, 0>, static_sizes = array<i64: 1, 64>, static_strides = array<i64: 1, 1>}> : (memref<6x64xf32, #hivm.address_space<ub>>, index) -> memref<1x64xf32, strided<[64, 1], offset: ?>, #hivm.address_space<ub>>
      %215 = "memref.subview"(%arg40, %arg41) <{operandSegmentSizes = array<i32: 1, 1, 0, 0>, static_offsets = array<i64: -9223372036854775808, 0>, static_sizes = array<i64: 1, 64>, static_strides = array<i64: 1, 1>}> : (memref<6x64xbf16, #hivm.address_space<ub>>, index) -> memref<1x64xbf16, strided<[64, 1], offset: ?>, #hivm.address_space<ub>>
      %216 = "memref.subview"(%214) <{operandSegmentSizes = array<i32: 1, 0, 0, 0>, static_offsets = array<i64: 0, 0>, static_sizes = array<i64: 1, 64>, static_strides = array<i64: 1, 1>}> : (memref<1x64xf32, strided<[64, 1], offset: ?>, #hivm.address_space<ub>>) -> memref<64xf32, #map, #hivm.address_space<ub>>
      %217 = "vector.transfer_read"(%216, %213, %210) <{in_bounds = [true], operandSegmentSizes = array<i32: 1, 1, 1, 0>, permutation_map = #map1}> : (memref<64xf32, #map, #hivm.address_space<ub>>, index, f32) -> vector<64xf32>
      %218 = "arith.truncf"(%217) {enable_saturate = false, round_mode = #hfusion.round_mode<rint>, unsigned_mode = #hfusion.unsigned_mode<si2si>} : (vector<64xf32>) -> vector<64xbf16>
      %219 = "memref.subview"(%215) <{operandSegmentSizes = array<i32: 1, 0, 0, 0>, static_offsets = array<i64: 0, 0>, static_sizes = array<i64: 1, 64>, static_strides = array<i64: 1, 1>}> : (memref<1x64xbf16, strided<[64, 1], offset: ?>, #hivm.address_space<ub>>) -> memref<64xbf16, #map, #hivm.address_space<ub>>
      "vector.transfer_write"(%218, %219, %213) <{in_bounds = [true], operandSegmentSizes = array<i32: 1, 1, 1, 0>, permutation_map = #map1}> : (vector<64xbf16>, memref<64xbf16, #map, #hivm.address_space<ub>>, index) -> ()
      "scf.yield"() : () -> ()
    }) : (index, index, index) -> ()
    "func.return"() : () -> ()
  }) {hivm.func_core_type = #hivm.func_core_type<AIV>, hivm.vector_function} : () -> ()
  "func.func"() <{function_type = (memref<6xf32, #hivm.address_space<ub>>, memref<6xf32, #hivm.address_space<ub>>) -> (), no_inline, sym_name = "paged_prefill_verify_grouped_kernel_mix_aiv_outlined_vf_21"}> ({
  ^bb0(%arg37: memref<6xf32, #hivm.address_space<ub>>, %arg38: memref<6xf32, #hivm.address_space<ub>>):
    %205 = "arith.constant"() <{value = 0.000000e+00 : f32}> : () -> f32
    %206 = "arith.constant"() <{value = 0 : index}> : () -> index
    %207 = "vector.constant_mask"() <{mask_dim_sizes = [6]}> : () -> vector<64xi1>
    "annotation.mark"(%207) <{effects = ["write"]}> {mask_op_idx = 0 : i32} : (vector<64xi1>) -> ()
    %208 = "vector.transfer_read"(%arg37, %206, %205, %207) <{in_bounds = [true], operandSegmentSizes = array<i32: 1, 1, 1, 1>, permutation_map = #map1}> : (memref<6xf32, #hivm.address_space<ub>>, index, f32, vector<64xi1>) -> vector<64xf32>
    "annotation.mark"(%208) <{effects = ["write"]}> {reached_mask_ops_idx = 0 : i32} : (vector<64xf32>) -> ()
    %209 = "math.exp"(%208) <{fastmath = #arith.fastmath<none>}> : (vector<64xf32>) -> vector<64xf32>
    "annotation.mark"(%209) <{effects = ["write"]}> {reached_mask_ops_idx = 0 : i32} : (vector<64xf32>) -> ()
    "vector.transfer_write"(%209, %arg38, %206, %207) <{in_bounds = [true], operandSegmentSizes = array<i32: 1, 1, 1, 1>, permutation_map = #map1}> : (vector<64xf32>, memref<6xf32, #hivm.address_space<ub>>, index, vector<64xi1>) -> ()
    "func.return"() : () -> ()
  }) {hivm.func_core_type = #hivm.func_core_type<AIV>, hivm.vector_function} : () -> ()
  "func.func"() <{function_type = (memref<6xf32, #hivm.address_space<ub>>, memref<6x256xf32, #hivm.address_space<ub>>, memref<6x256xbf16, #hivm.address_space<ub>>) -> (), no_inline, sym_name = "paged_prefill_verify_grouped_kernel_mix_aiv_outlined_vf_24"}> ({
  ^bb0(%arg32: memref<6xf32, #hivm.address_space<ub>>, %arg33: memref<6x256xf32, #hivm.address_space<ub>>, %arg34: memref<6x256xbf16, #hivm.address_space<ub>>):
    %189 = "arith.constant"() <{value = 0.000000e+00 : f32}> : () -> f32
    %190 = "arith.constant"() <{value = 1 : index}> : () -> index
    %191 = "arith.constant"() <{value = 6 : index}> : () -> index
    %192 = "arith.constant"() <{value = 64 : index}> : () -> index
    %193 = "arith.constant"() <{value = 256 : index}> : () -> index
    %194 = "arith.constant"() <{value = 0 : index}> : () -> index
    "scf.for"(%194, %191, %190) ({
    ^bb0(%arg35: index):
      %195 = "memref.subview"(%arg32, %arg35) <{operandSegmentSizes = array<i32: 1, 1, 0, 0>, static_offsets = array<i64: -9223372036854775808>, static_sizes = array<i64: 1>, static_strides = array<i64: 1>}> : (memref<6xf32, #hivm.address_space<ub>>, index) -> memref<1xf32, strided<[1], offset: ?>, #hivm.address_space<ub>>
      "scf.for"(%194, %193, %192) ({
      ^bb0(%arg36: index):
        %196 = "memref.subview"(%arg33, %arg35, %arg36) <{operandSegmentSizes = array<i32: 1, 2, 0, 0>, static_offsets = array<i64: -9223372036854775808, -9223372036854775808>, static_sizes = array<i64: 1, 64>, static_strides = array<i64: 1, 1>}> : (memref<6x256xf32, #hivm.address_space<ub>>, index, index) -> memref<1x64xf32, strided<[256, 1], offset: ?>, #hivm.address_space<ub>>
        %197 = "memref.subview"(%arg34, %arg35, %arg36) <{operandSegmentSizes = array<i32: 1, 2, 0, 0>, static_offsets = array<i64: -9223372036854775808, -9223372036854775808>, static_sizes = array<i64: 1, 64>, static_strides = array<i64: 1, 1>}> : (memref<6x256xbf16, #hivm.address_space<ub>>, index, index) -> memref<1x64xbf16, strided<[256, 1], offset: ?>, #hivm.address_space<ub>>
        %198 = "memref.subview"(%196) <{operandSegmentSizes = array<i32: 1, 0, 0, 0>, static_offsets = array<i64: 0, 0>, static_sizes = array<i64: 1, 64>, static_strides = array<i64: 1, 1>}> : (memref<1x64xf32, strided<[256, 1], offset: ?>, #hivm.address_space<ub>>) -> memref<64xf32, #map, #hivm.address_space<ub>>
        %199 = "vector.transfer_read"(%198, %194, %189) <{in_bounds = [true], operandSegmentSizes = array<i32: 1, 1, 1, 0>, permutation_map = #map1}> : (memref<64xf32, #map, #hivm.address_space<ub>>, index, f32) -> vector<64xf32>
        %200 = "vector.transfer_read"(%195, %194, %189) <{in_bounds = [true, true], operandSegmentSizes = array<i32: 1, 1, 1, 0>, permutation_map = #map4}> : (memref<1xf32, strided<[1], offset: ?>, #hivm.address_space<ub>>, index, f32) -> vector<1x64xf32>
        %201 = "vector.shape_cast"(%200) : (vector<1x64xf32>) -> vector<64xf32>
        %202 = "arith.divf"(%199, %201) <{fastmath = #arith.fastmath<none>}> : (vector<64xf32>, vector<64xf32>) -> vector<64xf32>
        %203 = "arith.truncf"(%202) {enable_saturate = false, round_mode = #hfusion.round_mode<rint>, unsigned_mode = #hfusion.unsigned_mode<si2si>} : (vector<64xf32>) -> vector<64xbf16>
        %204 = "memref.subview"(%197) <{operandSegmentSizes = array<i32: 1, 0, 0, 0>, static_offsets = array<i64: 0, 0>, static_sizes = array<i64: 1, 64>, static_strides = array<i64: 1, 1>}> : (memref<1x64xbf16, strided<[256, 1], offset: ?>, #hivm.address_space<ub>>) -> memref<64xbf16, #map, #hivm.address_space<ub>>
        "vector.transfer_write"(%203, %204, %194) <{in_bounds = [true], operandSegmentSizes = array<i32: 1, 1, 1, 0>, permutation_map = #map1}> : (vector<64xbf16>, memref<64xbf16, #map, #hivm.address_space<ub>>, index) -> ()
        "scf.yield"() : () -> ()
      }) : (index, index, index) -> ()
      "scf.yield"() : () -> ()
    }) : (index, index, index) -> ()
    "func.return"() : () -> ()
  }) {hivm.func_core_type = #hivm.func_core_type<AIV>, hivm.vector_function} : () -> ()
  "func.func"() <{arg_attrs = [{hacc.arg_type = #hacc.arg_type<sync_block_lock>}, {hacc.arg_type = #hacc.arg_type<workspace>}, {tt.divisibility = 16 : i32, tt.tensor_kind = 0 : i32}, {tt.divisibility = 16 : i32, tt.tensor_kind = 0 : i32}, {tt.divisibility = 16 : i32, tt.tensor_kind = 0 : i32}, {tt.divisibility = 16 : i32, tt.tensor_kind = 1 : i32}, {tt.divisibility = 16 : i32, tt.tensor_kind = 0 : i32}, {tt.divisibility = 16 : i32, tt.tensor_kind = 0 : i32}, {tt.divisibility = 16 : i32, tt.tensor_kind = 0 : i32}, {tt.divisibility = 16 : i32, tt.tensor_kind = 0 : i32}, {tt.divisibility = 16 : i32}, {tt.divisibility = 16 : i32}, {tt.divisibility = 16 : i32}, {tt.divisibility = 16 : i32}, {tt.divisibility = 16 : i32}, {tt.divisibility = 16 : i32}, {tt.divisibility = 16 : i32}, {tt.divisibility = 16 : i32}, {}, {}, {}, {}], function_type = (memref<?xi8, #hivm.address_space<gm>>, memref<?xi8, #hivm.address_space<gm>>, memref<?xbf16, #hivm.address_space<gm>>, memref<?xbf16, #hivm.address_space<gm>>, memref<?xbf16, #hivm.address_space<gm>>, memref<?xbf16, #hivm.address_space<gm>>, memref<?xi32, #hivm.address_space<gm>>, memref<?xi32, #hivm.address_space<gm>>, memref<?xi32, #hivm.address_space<gm>>, memref<?xf32, #hivm.address_space<gm>>, i32, i32, i32, i32, i32, i32, i32, i32, f32, i32, i32, i32) -> (), sym_name = "paged_prefill_verify_grouped_kernel_mix_aiv"}> ({
  ^bb0(%arg0: memref<?xi8, #hivm.address_space<gm>>, %arg1: memref<?xi8, #hivm.address_space<gm>>, %arg2: memref<?xbf16, #hivm.address_space<gm>>, %arg3: memref<?xbf16, #hivm.address_space<gm>>, %arg4: memref<?xbf16, #hivm.address_space<gm>>, %arg5: memref<?xbf16, #hivm.address_space<gm>>, %arg6: memref<?xi32, #hivm.address_space<gm>>, %arg7: memref<?xi32, #hivm.address_space<gm>>, %arg8: memref<?xi32, #hivm.address_space<gm>>, %arg9: memref<?xf32, #hivm.address_space<gm>>, %arg10: i32, %arg11: i32, %arg12: i32, %arg13: i32, %arg14: i32, %arg15: i32, %arg16: i32, %arg17: i32, %arg18: f32, %arg19: i32, %arg20: i32, %arg21: i32):
    %0 = "arith.constant"() <{value = 21536 : i64}> : () -> i64
    %1 = "arith.constant"() <{value = 15296 : i64}> : () -> i64
    %2 = "arith.constant"() <{value = 13216 : i64}> : () -> i64
    %3 = "arith.constant"() <{value = 13184 : i64}> : () -> i64
    %4 = "arith.constant"() <{value = 13152 : i64}> : () -> i64
    %5 = "arith.constant"() <{value = 11104 : i64}> : () -> i64
    %6 = "arith.constant"() <{value = 10336 : i64}> : () -> i64
    %7 = "arith.constant"() <{value = 15264 : i64}> : () -> i64
    %8 = "arith.constant"() <{value = 10304 : i64}> : () -> i64
    %9 = "arith.constant"() <{value = 8768 : i64}> : () -> i64
    %10 = "arith.constant"() <{value = 8576 : i64}> : () -> i64
    %11 = "arith.constant"() <{value = 8384 : i64}> : () -> i64
    %12 = "arith.constant"() <{value = 8128 : i64}> : () -> i64
    %13 = "arith.constant"() <{value = 15328 : i64}> : () -> i64
    %14 = "arith.constant"() <{value = 15360 : i64}> : () -> i64
    %15 = "arith.constant"() <{value = 8096 : i64}> : () -> i64
    %16 = "arith.constant"() <{value = 8064 : i64}> : () -> i64
    %17 = "arith.constant"() <{value = 8032 : i64}> : () -> i64
    %18 = "arith.constant"() <{value = 8000 : i64}> : () -> i64
    %19 = "arith.constant"() <{value = 1856 : i64}> : () -> i64
    %20 = "arith.constant"() <{value = 320 : i64}> : () -> i64
    %21 = "arith.constant"() <{value = 8192 : i64}> : () -> i64
    %22 = "arith.constant"() <{value = 64 : i64}> : () -> i64
    %23 = "arith.constant"() <{value = 21504 : i64}> : () -> i64
    %24 = "arith.constant"() <{value = 32 : i64}> : () -> i64
    %25 = "arith.constant"() <{value = 0 : i64}> : () -> i64
    %26 = "llvm.mlir.constant"() <{value = 1024 : i64}> : () -> i64
    %27 = "llvm.mlir.constant"() <{value = 0 : i64}> : () -> i64
    %28 = "llvm.mlir.constant"() <{value = 0 : i32}> : () -> i32
    %29 = "arith.constant"() <{value = 64 : i32}> : () -> i32
    %30 = "arith.constant"() <{value = 63 : i32}> : () -> i32
    %31 = "arith.constant"() <{value = 0 : i32}> : () -> i32
    %32 = "arith.constant"() <{value = 0 : index}> : () -> index
    %33 = "llvm.mlir.constant"() <{value = 4 : i64}> : () -> i64
    %34 = "llvm.mlir.constant"() <{value = 1028 : i64}> : () -> i64
    %35 = "llvm.mlir.constant"() <{value = 8 : i64}> : () -> i64
    %36 = "llvm.mlir.constant"() <{value = 1032 : i64}> : () -> i64
    %37 = "arith.constant"() <{value = 1024 : i64}> : () -> i64
    %38 = "arith.constant"() <{value = 4 : i64}> : () -> i64
    %39 = "arith.constant"() <{value = 8 : i64}> : () -> i64
    %40 = "arith.constant"() <{value = 3 : i32}> : () -> i32
    %41 = "arith.constant"() <{value = 2 : i32}> : () -> i32
    %42 = "arith.constant"() <{value = 1 : i32}> : () -> i32
    %43 = "arith.constant"() <{value = 28 : i32}> : () -> i32
    %44 = "arith.muli"(%arg19, %arg20) <{overflowFlags = #arith.overflow<none>}> : (i32, i32) -> i32
    %45 = "arith.muli"(%44, %arg21) <{overflowFlags = #arith.overflow<none>}> : (i32, i32) -> i32
    "annotation.mark"(%45) <{effects = ["write"]}> {logical_block_num} : (i32) -> ()
    %46 = "hivm.hir.get_block_idx"() : () -> i64
    %47 = "arith.trunci"(%46) : (i64) -> i32
    %48 = "llvm.inttoptr"(%27) : (i64) -> !llvm.ptr<11>
    %49 = "llvm.inttoptr"(%26) : (i64) -> !llvm.ptr<11>
    %50 = "llvm.inttoptr"(%33) : (i64) -> !llvm.ptr<11>
    %51 = "llvm.inttoptr"(%34) : (i64) -> !llvm.ptr<11>
    %52 = "llvm.inttoptr"(%35) : (i64) -> !llvm.ptr<11>
    %53 = "llvm.inttoptr"(%36) : (i64) -> !llvm.ptr<11>
    %54 = "hivm.hir.get_sub_block_idx"() : () -> i64
    %55 = "arith.muli"(%54, %37) <{overflowFlags = #arith.overflow<none>}> : (i64, i64) -> i64
    %56 = "arith.addi"(%55, %38) <{overflowFlags = #arith.overflow<none>}> : (i64, i64) -> i64
    %57 = "llvm.inttoptr"(%56) : (i64) -> !llvm.ptr<11>
    %58 = "llvm.inttoptr"(%55) : (i64) -> !llvm.ptr<11>
    %59 = "arith.addi"(%55, %39) <{overflowFlags = #arith.overflow<none>}> : (i64, i64) -> i64
    %60 = "llvm.inttoptr"(%59) : (i64) -> !llvm.ptr<11>
    "scf.for"(%47, %45, %43) ({
    ^bb0(%arg22: i32):
      "hivm.hir.set_ctrl"() <{enable = false, idx = 60 : i64}> : () -> ()
      "hivm.hir.set_ctrl"() <{enable = true, idx = 48 : i64}> : () -> ()
      %61 = "arith.remsi"(%arg22, %arg19) : (i32, i32) -> i32
      "llvm.store"(%28, %48) <{ordering = 0 : i64, volatile_}> : (i32, !llvm.ptr<11>) -> ()
      "llvm.store"(%28, %49) <{ordering = 0 : i64, volatile_}> : (i32, !llvm.ptr<11>) -> ()
      "llvm.store"(%28, %50) <{ordering = 0 : i64, volatile_}> : (i32, !llvm.ptr<11>) -> ()
      "llvm.store"(%28, %51) <{ordering = 0 : i64, volatile_}> : (i32, !llvm.ptr<11>) -> ()
      "llvm.store"(%28, %52) <{ordering = 0 : i64, volatile_}> : (i32, !llvm.ptr<11>) -> ()
      "llvm.store"(%28, %53) <{ordering = 0 : i64, volatile_}> : (i32, !llvm.ptr<11>) -> ()
      %62 = "arith.divsi"(%61, %arg19) : (i32, i32) -> i32
      %63 = "arith.addi"(%61, %42) <{overflowFlags = #arith.overflow<none>}> : (i32, i32) -> i32
      %64 = "arith.divsi"(%63, %arg19) : (i32, i32) -> i32
      "scf.for"(%62, %64, %42) ({
      ^bb0(%arg23: i32):
        %65 = "arith.index_cast"(%arg23) : (i32) -> index
        %66 = "memref.reinterpret_cast"(%arg6, %65) <{operandSegmentSizes = array<i32: 1, 1, 0, 0>, static_offsets = array<i64: -9223372036854775808>, static_sizes = array<i64: 1>, static_strides = array<i64: 1>}> : (memref<?xi32, #hivm.address_space<gm>>, index) -> memref<1xi32, strided<[1], offset: ?>, #hivm.address_space<gm>>
        %67 = "memref.load"(%66, %32) : (memref<1xi32, strided<[1], offset: ?>, #hivm.address_space<gm>>, index) -> i32
        %68 = "affine.apply"(%65) <{map = #map5}> : (index) -> index
        %69 = "memref.reinterpret_cast"(%arg6, %68) <{operandSegmentSizes = array<i32: 1, 1, 0, 0>, static_offsets = array<i64: -9223372036854775808>, static_sizes = array<i64: 1>, static_strides = array<i64: 1>}> : (memref<?xi32, #hivm.address_space<gm>>, index) -> memref<1xi32, strided<[1], offset: ?>, #hivm.address_space<gm>>
        %70 = "memref.load"(%69, %32) : (memref<1xi32, strided<[1], offset: ?>, #hivm.address_space<gm>>, index) -> i32
        %71 = "arith.subi"(%70, %67) <{overflowFlags = #arith.overflow<none>}> : (i32, i32) -> i32
        %72 = "arith.cmpi"(%71, %31) <{predicate = 4 : i64}> : (i32, i32) -> i1
        "scf.if"(%72) ({
          %73 = "hivm.hir.pointer_cast"(%25) <{operandSegmentSizes = array<i32: 1, 0>}> : (i64) -> memref<6xi32, #hivm.address_space<ub>>
          "func.call"(%73) <{callee = @paged_prefill_verify_grouped_kernel_mix_aiv_outlined_vf_3, no_inline}> {hivm.vector_function} : (memref<6xi32, #hivm.address_space<ub>>) -> ()
          %74 = "hivm.hir.pointer_cast"(%24) <{operandSegmentSizes = array<i32: 1, 0>}> : (i64) -> memref<6xi32, #hivm.address_space<ub>>
          "func.call"(%73, %74) <{callee = @paged_prefill_verify_grouped_kernel_mix_aiv_outlined_vf_4, no_inline}> {hivm.vector_function} : (memref<6xi32, #hivm.address_space<ub>>, memref<6xi32, #hivm.address_space<ub>>) -> ()
          %75 = "memref.reinterpret_cast"(%arg9) <{operandSegmentSizes = array<i32: 1, 0, 0, 0>, static_offsets = array<i64: 0>, static_sizes = array<i64: 1>, static_strides = array<i64: 1>}> : (memref<?xf32, #hivm.address_space<gm>>) -> memref<1xf32, strided<[1]>, #hivm.address_space<gm>>
          %76 = "memref.load"(%75, %32) : (memref<1xf32, strided<[1]>, #hivm.address_space<gm>>, index) -> f32
          %77 = "memref.reinterpret_cast"(%arg9) <{operandSegmentSizes = array<i32: 1, 0, 0, 0>, static_offsets = array<i64: 1>, static_sizes = array<i64: 1>, static_strides = array<i64: 1>}> : (memref<?xf32, #hivm.address_space<gm>>) -> memref<1xf32, strided<[1], offset: 1>, #hivm.address_space<gm>>
          %78 = "memref.load"(%77, %32) : (memref<1xf32, strided<[1], offset: 1>, #hivm.address_space<gm>>, index) -> f32
          %79 = "memref.reinterpret_cast"(%arg9) <{operandSegmentSizes = array<i32: 1, 0, 0, 0>, static_offsets = array<i64: 2>, static_sizes = array<i64: 1>, static_strides = array<i64: 1>}> : (memref<?xf32, #hivm.address_space<gm>>) -> memref<1xf32, strided<[1], offset: 2>, #hivm.address_space<gm>>
          %80 = "memref.load"(%79, %32) : (memref<1xf32, strided<[1], offset: 2>, #hivm.address_space<gm>>, index) -> f32
          %81 = "memref.reinterpret_cast"(%arg9) <{operandSegmentSizes = array<i32: 1, 0, 0, 0>, static_offsets = array<i64: 3>, static_sizes = array<i64: 1>, static_strides = array<i64: 1>}> : (memref<?xf32, #hivm.address_space<gm>>) -> memref<1xf32, strided<[1], offset: 3>, #hivm.address_space<gm>>
          %82 = "memref.load"(%81, %32) : (memref<1xf32, strided<[1], offset: 3>, #hivm.address_space<gm>>, index) -> f32
          %83 = "memref.reinterpret_cast"(%arg9) <{operandSegmentSizes = array<i32: 1, 0, 0, 0>, static_offsets = array<i64: 4>, static_sizes = array<i64: 1>, static_strides = array<i64: 1>}> : (memref<?xf32, #hivm.address_space<gm>>) -> memref<1xf32, strided<[1], offset: 4>, #hivm.address_space<gm>>
          %84 = "memref.load"(%83, %32) : (memref<1xf32, strided<[1], offset: 4>, #hivm.address_space<gm>>, index) -> f32
          %85 = "memref.reinterpret_cast"(%arg9) <{operandSegmentSizes = array<i32: 1, 0, 0, 0>, static_offsets = array<i64: 5>, static_sizes = array<i64: 1>, static_strides = array<i64: 1>}> : (memref<?xf32, #hivm.address_space<gm>>) -> memref<1xf32, strided<[1], offset: 5>, #hivm.address_space<gm>>
          %86 = "memref.load"(%85, %32) : (memref<1xf32, strided<[1], offset: 5>, #hivm.address_space<gm>>, index) -> f32
          %87 = "hivm.hir.pointer_cast"(%23) <{operandSegmentSizes = array<i32: 1, 0>}> : (i64) -> memref<6xf32, #hivm.address_space<ub>>
          "func.call"(%73, %74, %84, %86, %82, %80, %78, %76, %87) <{callee = @paged_prefill_verify_grouped_kernel_mix_aiv_outlined_vf_5, no_inline}> {hivm.vector_function} : (memref<6xi32, #hivm.address_space<ub>>, memref<6xi32, #hivm.address_space<ub>>, f32, f32, f32, f32, f32, f32, memref<6xf32, #hivm.address_space<ub>>) -> ()
          %88 = "memref.reinterpret_cast"(%arg7, %65) <{operandSegmentSizes = array<i32: 1, 1, 0, 0>, static_offsets = array<i64: -9223372036854775808>, static_sizes = array<i64: 1>, static_strides = array<i64: 1>}> : (memref<?xi32, #hivm.address_space<gm>>, index) -> memref<1xi32, strided<[1], offset: ?>, #hivm.address_space<gm>>
          %89 = "memref.load"(%88, %32) : (memref<1xi32, strided<[1], offset: ?>, #hivm.address_space<gm>>, index) -> i32
          %90 = "arith.subi"(%89, %71) <{overflowFlags = #arith.overflow<none>}> : (i32, i32) -> i32
          %91 = "arith.addi"(%89, %30) <{overflowFlags = #arith.overflow<none>}> : (i32, i32) -> i32
          %92 = "arith.divsi"(%91, %29) : (i32, i32) -> i32
          %93 = "hivm.hir.pointer_cast"(%22) <{operandSegmentSizes = array<i32: 1, 0>}> : (i64) -> memref<64xi32, #hivm.address_space<ub>>
          "func.call"(%93) <{callee = @paged_prefill_verify_grouped_kernel_mix_aiv_outlined_vf_6, no_inline}> {hivm.vector_function} : (memref<64xi32, #hivm.address_space<ub>>) -> ()
          %94 = "hivm.hir.pointer_cast"(%24) <{operandSegmentSizes = array<i32: 1, 0>}> : (i64) -> memref<6xi32, #hivm.address_space<ub>>
          "func.call"(%74, %90, %94) <{callee = @paged_prefill_verify_grouped_kernel_mix_aiv_outlined_vf_7, no_inline}> {hivm.vector_function} : (memref<6xi32, #hivm.address_space<ub>>, i32, memref<6xi32, #hivm.address_space<ub>>) -> ()
          %95 = "memref.expand_shape"(%94) <{reassociation = [[0, 1]], static_output_shape = array<i64: 6, 1>}> : (memref<6xi32, #hivm.address_space<ub>>) -> memref<6x1xi32, #hivm.address_space<ub>>
          %96 = "hivm.hir.pointer_cast"(%24) <{operandSegmentSizes = array<i32: 1, 0>}> : (i64) -> memref<6x1xf32, #hivm.address_space<ub>>
          "func.call"(%95, %96) <{callee = @paged_prefill_verify_grouped_kernel_mix_aiv_outlined_vf_8, no_inline}> {hivm.vector_function} : (memref<6x1xi32, #hivm.address_space<ub>>, memref<6x1xf32, #hivm.address_space<ub>>) -> ()
          %97 = "arith.sitofp"(%89) : (i32) -> f32
          %98 = "hivm.hir.pointer_cast"(%21) <{operandSegmentSizes = array<i32: 1, 0>}> : (i64) -> memref<4x1x16x16xbf16, #hivm.address_space<cbuf>>
          "annotation.mark"(%98) <{effects = ["write", "read"]}> {hivm.tightly_coupled_buffer = #hivm.tightly_coupled_buffer<0>} : (memref<4x1x16x16xbf16, #hivm.address_space<cbuf>>) -> ()
          %99 = "hivm.hir.pointer_cast"(%20) <{operandSegmentSizes = array<i32: 1, 0>}> : (i64) -> memref<6x64xf32, #hivm.address_space<ub>>
          "annotation.mark"(%99) <{effects = ["write", "read"]}> {hivm.tightly_coupled_buffer = #hivm.tightly_coupled_buffer<1>} : (memref<6x64xf32, #hivm.address_space<ub>>) -> ()
          "hivm.hir.sync_block_set"() <{operandSegmentSizes = array<i32: 0, 0>, pipe = #hivm.pipe<PIPE_FIX>, static_flag_id = 2 : i64, tcore_type = #hivm.tcore_type<VECTOR>, tpipe = #hivm.pipe<PIPE_V>}> : () -> ()
          %100 = "hivm.hir.pointer_cast"(%19) <{operandSegmentSizes = array<i32: 1, 0>}> : (i64) -> memref<6x256xf32, #hivm.address_space<ub>>
          "annotation.mark"(%100) <{effects = ["write", "read"]}> {hivm.tightly_coupled_buffer = #hivm.tightly_coupled_buffer<2>} : (memref<6x256xf32, #hivm.address_space<ub>>) -> ()
          "hivm.hir.sync_block_set"() <{operandSegmentSizes = array<i32: 0, 0>, pipe = #hivm.pipe<PIPE_FIX>, static_flag_id = 3 : i64, tcore_type = #hivm.tcore_type<VECTOR>, tpipe = #hivm.pipe<PIPE_V>}> : () -> ()
          %101 = "hivm.hir.pointer_cast"(%18) <{operandSegmentSizes = array<i32: 1, 0>}> : (i64) -> memref<6xf32, #hivm.address_space<ub>>
          "annotation.mark"(%101) <{effects = ["write", "read"]}> {hivm.tightly_coupled_buffer = #hivm.tightly_coupled_buffer<3>} : (memref<6xf32, #hivm.address_space<ub>>) -> ()
          %102 = "hivm.hir.pointer_cast"(%17) <{operandSegmentSizes = array<i32: 1, 0>}> : (i64) -> memref<6xf32, #hivm.address_space<ub>>
          "annotation.mark"(%102) <{effects = ["write", "read"]}> {hivm.tightly_coupled_buffer = #hivm.tightly_coupled_buffer<4>} : (memref<6xf32, #hivm.address_space<ub>>) -> ()
          %103 = "hivm.hir.pointer_cast"(%16) <{operandSegmentSizes = array<i32: 1, 0>}> : (i64) -> memref<6xf32, #hivm.address_space<ub>>
          "annotation.mark"(%103) <{effects = ["write", "read"]}> {hivm.tightly_coupled_buffer = #hivm.tightly_coupled_buffer<5>} : (memref<6xf32, #hivm.address_space<ub>>) -> ()
          %104 = "hivm.hir.pointer_cast"(%15) <{operandSegmentSizes = array<i32: 1, 0>}> : (i64) -> memref<6xf32, #hivm.address_space<ub>>
          "annotation.mark"(%104) <{effects = ["write", "read"]}> {hivm.tightly_coupled_buffer = #hivm.tightly_coupled_buffer<6>} : (memref<6xf32, #hivm.address_space<ub>>) -> ()
          "hivm.hir.sync_block_set"() <{operandSegmentSizes = array<i32: 0, 0>, pipe = #hivm.pipe<PIPE_S>, static_flag_id = 15 : i64, tcore_type = #hivm.tcore_type<VECTOR>, tpipe = #hivm.pipe<PIPE_S>}> : () -> ()
          %105 = "arith.addi"(%92, %40) <{overflowFlags = #arith.overflow<none>}> : (i32, i32) -> i32
          %106 = "hivm.hir.pointer_cast"(%14) <{operandSegmentSizes = array<i32: 1, 0>}> : (i64) -> memref<6x256xf32, #hivm.address_space<ub>>
          "func.call"(%106) <{callee = @paged_prefill_verify_grouped_kernel_mix_aiv_outlined_vf_2, no_inline}> {hivm.vector_function} : (memref<6x256xf32, #hivm.address_space<ub>>) -> ()
          %107 = "hivm.hir.pointer_cast"(%13) <{operandSegmentSizes = array<i32: 1, 0>}> : (i64) -> memref<6xf32, #hivm.address_space<ub>>
          "func.call"(%107) <{callee = @paged_prefill_verify_grouped_kernel_mix_aiv_outlined_vf_1, no_inline}> {hivm.vector_function} : (memref<6xf32, #hivm.address_space<ub>>) -> ()
          "hivm.hir.set_flag"() <{set_pipe = #hivm.pipe<PIPE_MTE3>, static_event_id = #hivm.event<EVENT_ID0>, wait_pipe = #hivm.pipe<PIPE_V>}> : () -> ()
          %108:7 = "scf.for"(%31, %105, %42, %107, %106, %87, %31, %31, %31, %31) ({
          ^bb0(%arg24: i32, %arg25: memref<6xf32, #hivm.address_space<ub>>, %arg26: memref<6x256xf32, #hivm.address_space<ub>>, %arg27: memref<6xf32, #hivm.address_space<ub>>, %arg28: i32, %arg29: i32, %arg30: i32, %arg31: i32):
            "hivm.hir.sync_block_wait"() <{pipe = #hivm.pipe<PIPE_S>, static_flag_id = 15 : i64, tcore_type = #hivm.tcore_type<VECTOR>, tpipe = #hivm.pipe<PIPE_S>}> : () -> ()
            %116 = "llvm.load"(%58) <{ordering = 0 : i64, volatile_}> : (!llvm.ptr<11>) -> i32
            %117 = "arith.cmpi"(%116, %31) <{predicate = 4 : i64}> : (i32, i32) -> i1
            %118 = "llvm.load"(%60) <{ordering = 0 : i64, volatile_}> : (!llvm.ptr<11>) -> i32
            %119 = "arith.cmpi"(%118, %42) <{predicate = 2 : i64}> : (i32, i32) -> i1
            %120 = "arith.andi"(%117, %119) : (i1, i1) -> i1
            %121 = "arith.cmpi"(%arg30, %41) <{predicate = 2 : i64}> : (i32, i32) -> i1
            %122 = "arith.cmpi"(%arg31, %41) <{predicate = 2 : i64}> : (i32, i32) -> i1
            %123 = "arith.andi"(%121, %122) : (i1, i1) -> i1
            %124 = "arith.cmpi"(%arg28, %92) <{predicate = 2 : i64}> : (i32, i32) -> i1
            %125 = "arith.andi"(%120, %123) : (i1, i1) -> i1
            %126 = "arith.andi"(%125, %124) : (i1, i1) -> i1
            %127:4 = "scf.if"(%126) ({
              "hivm.hir.sync_block_wait"() <{pipe = #hivm.pipe<PIPE_V>, static_flag_id = 2 : i64, tcore_type = #hivm.tcore_type<VECTOR>, tpipe = #hivm.pipe<PIPE_FIX>}> : () -> ()
              %151 = "arith.muli"(%arg28, %29) <{overflowFlags = #arith.overflow<none>}> : (i32, i32) -> i32
              %152 = "hivm.hir.pointer_cast"(%12) <{operandSegmentSizes = array<i32: 1, 0>}> : (i64) -> memref<64xi32, #hivm.address_space<ub>>
              "func.call"(%93, %151, %152) <{callee = @paged_prefill_verify_grouped_kernel_mix_aiv_outlined_vf_9, no_inline}> {hivm.vector_function} : (memref<64xi32, #hivm.address_space<ub>>, i32, memref<64xi32, #hivm.address_space<ub>>) -> ()
              %153 = "memref.expand_shape"(%152) <{reassociation = [[0, 1]], static_output_shape = array<i64: 1, 64>}> : (memref<64xi32, #hivm.address_space<ub>>) -> memref<1x64xi32, #hivm.address_space<ub>>
              %154 = "hivm.hir.pointer_cast"(%12) <{operandSegmentSizes = array<i32: 1, 0>}> : (i64) -> memref<1x64xf32, #hivm.address_space<ub>>
              "func.call"(%153, %154) <{callee = @paged_prefill_verify_grouped_kernel_mix_aiv_outlined_vf_10, no_inline}> {hivm.vector_function} : (memref<1x64xi32, #hivm.address_space<ub>>, memref<1x64xf32, #hivm.address_space<ub>>) -> ()
              %155 = "hivm.hir.pointer_cast"(%11) <{operandSegmentSizes = array<i32: 1, 0>}> : (i64) -> memref<6x256x1xi1, #hivm.address_space<ub>>
              %156 = "memref.subview"(%155) <{operandSegmentSizes = array<i32: 1, 0, 0, 0>, static_offsets = array<i64: 0, 0, 0>, static_sizes = array<i64: 6, 64, 1>, static_strides = array<i64: 1, 1, 1>}> : (memref<6x256x1xi1, #hivm.address_space<ub>>) -> memref<6x64xi1, strided<[256, 1]>, #hivm.address_space<ub>>
              "func.call"(%96, %154, %156) <{callee = @paged_prefill_verify_grouped_kernel_mix_aiv_outlined_vf_11, no_inline}> {hivm.vector_function} : (memref<6x1xf32, #hivm.address_space<ub>>, memref<1x64xf32, #hivm.address_space<ub>>, memref<6x64xi1, strided<[256, 1]>, #hivm.address_space<ub>>) -> ()
              %157 = "hivm.hir.pointer_cast"(%12) <{operandSegmentSizes = array<i32: 1, 0>}> : (i64) -> memref<1x64xi1, #hivm.address_space<ub>>
              "func.call"(%154, %97, %157) <{callee = @paged_prefill_verify_grouped_kernel_mix_aiv_outlined_vf_12, no_inline}> {hivm.vector_function} : (memref<1x64xf32, #hivm.address_space<ub>>, f32, memref<1x64xi1, #hivm.address_space<ub>>) -> ()
              %158 = "memref.collapse_shape"(%157) <{reassociation = [[0, 1]]}> : (memref<1x64xi1, #hivm.address_space<ub>>) -> memref<64xi1, #hivm.address_space<ub>>
              %159 = "hivm.hir.pointer_cast"(%10) <{operandSegmentSizes = array<i32: 1, 0>}> : (i64) -> memref<6x256x1xi1, #hivm.address_space<ub>>
              %160 = "memref.subview"(%159) <{operandSegmentSizes = array<i32: 1, 0, 0, 0>, static_offsets = array<i64: 0, 0, 0>, static_sizes = array<i64: 6, 64, 1>, static_strides = array<i64: 1, 1, 1>}> : (memref<6x256x1xi1, #hivm.address_space<ub>>) -> memref<6x64xi1, strided<[256, 1]>, #hivm.address_space<ub>>
              %161 = "hivm.hir.pointer_cast"(%11) <{operandSegmentSizes = array<i32: 1, 0>}> : (i64) -> memref<6x256x1xi1, #hivm.address_space<ub>>
              %162 = "memref.subview"(%161) <{operandSegmentSizes = array<i32: 1, 0, 0, 0>, static_offsets = array<i64: 0, 0, 0>, static_sizes = array<i64: 6, 64, 1>, static_strides = array<i64: 1, 1, 1>}> : (memref<6x256x1xi1, #hivm.address_space<ub>>) -> memref<6x64xi1, strided<[256, 1]>, #hivm.address_space<ub>>
              "func.call"(%156, %158, %160, %162) <{callee = @paged_prefill_verify_grouped_kernel_mix_aiv_outlined_vf_13, no_inline}> {hivm.vector_function} : (memref<6x64xi1, strided<[256, 1]>, #hivm.address_space<ub>>, memref<64xi1, #hivm.address_space<ub>>, memref<6x64xi1, strided<[256, 1]>, #hivm.address_space<ub>>, memref<6x64xi1, strided<[256, 1]>, #hivm.address_space<ub>>) -> ()
              %163 = "hivm.hir.pointer_cast"(%9) <{operandSegmentSizes = array<i32: 1, 0>}> : (i64) -> memref<6x64xf32, #hivm.address_space<ub>>
              "func.call"(%162, %99, %arg18, %163) <{callee = @paged_prefill_verify_grouped_kernel_mix_aiv_outlined_vf_14, no_inline}> {hivm.vector_function} : (memref<6x64xi1, strided<[256, 1]>, #hivm.address_space<ub>>, memref<6x64xf32, #hivm.address_space<ub>>, f32, memref<6x64xf32, #hivm.address_space<ub>>) -> ()
              %164 = "hivm.hir.pointer_cast"(%8) <{operandSegmentSizes = array<i32: 1, 0>}> : (i64) -> memref<6xf32, #hivm.address_space<ub>>
              %165 = "hivm.hir.pointer_cast"(%7) <{operandSegmentSizes = array<i32: 1, 0>}> : (i64) -> memref<6xf32, #hivm.address_space<ub>>
              "func.call"(%arg27, %164, %163, %165) <{callee = @paged_prefill_verify_grouped_kernel_mix_aiv_outlined_vf_15, no_inline}> {hivm.vector_function} : (memref<6xf32, #hivm.address_space<ub>>, memref<6xf32, #hivm.address_space<ub>>, memref<6x64xf32, #hivm.address_space<ub>>, memref<6xf32, #hivm.address_space<ub>>) -> ()
              %166 = "hivm.hir.pointer_cast"(%9) <{operandSegmentSizes = array<i32: 1, 0>}> : (i64) -> memref<6x64xf32, #hivm.address_space<ub>>
              "func.call"(%165, %163, %166) <{callee = @paged_prefill_verify_grouped_kernel_mix_aiv_outlined_vf_16, no_inline}> {hivm.vector_function} : (memref<6xf32, #hivm.address_space<ub>>, memref<6x64xf32, #hivm.address_space<ub>>, memref<6x64xf32, #hivm.address_space<ub>>) -> ()
              %167 = "hivm.hir.pointer_cast"(%6) <{operandSegmentSizes = array<i32: 1, 0>}> : (i64) -> memref<6x64xbf16, #hivm.address_space<ub>>
              "func.call"(%166, %167) <{callee = @paged_prefill_verify_grouped_kernel_mix_aiv_outlined_vf_17, no_inline}> {hivm.vector_function} : (memref<6x64xf32, #hivm.address_space<ub>>, memref<6x64xbf16, #hivm.address_space<ub>>) -> ()
              %168 = "hivm.hir.pointer_cast"(%5) <{operandSegmentSizes = array<i32: 1, 0>}> : (i64) -> memref<16x64xbf16, #hivm.address_space<ub>>
              "func.call"(%168) <{callee = @paged_prefill_verify_grouped_kernel_mix_aiv_outlined_vf_0, no_inline}> {hivm.vector_function} : (memref<16x64xbf16, #hivm.address_space<ub>>) -> ()
              %169 = "memref.subview"(%168) <{operandSegmentSizes = array<i32: 1, 0, 0, 0>, static_offsets = array<i64: 0, 0>, static_sizes = array<i64: 6, 64>, static_strides = array<i64: 1, 1>}> : (memref<16x64xbf16, #hivm.address_space<ub>>) -> memref<6x64xbf16, strided<[64, 1]>, #hivm.address_space<ub>>
              %170 = "memref.collapse_shape"(%167) <{reassociation = [[0, 1]]}> : (memref<6x64xbf16, #hivm.address_space<ub>>) -> memref<384xbf16, #hivm.address_space<ub>>
              %171 = "memref.collapse_shape"(%169) <{reassociation = [[0, 1]]}> : (memref<6x64xbf16, strided<[64, 1]>, #hivm.address_space<ub>>) -> memref<384xbf16, strided<[1]>, #hivm.address_space<ub>>
              "hivm.hir.copy"(%170, %171) : (memref<384xbf16, #hivm.address_space<ub>>, memref<384xbf16, strided<[1]>, #hivm.address_space<ub>>) -> ()
              %172 = "hivm.hir.pointer_cast"(%4) <{operandSegmentSizes = array<i32: 1, 0>}> : (i64) -> memref<6xf32, #hivm.address_space<ub>>
              %173 = "arith.remsi"(%arg28, %41) : (i32, i32) -> i32
              %174 = "arith.cmpi"(%173, %31) <{predicate = 0 : i64}> : (i32, i32) -> i1
              %175 = "hivm.hir.pointer_cast"(%3) <{operandSegmentSizes = array<i32: 1, 0>}> : (i64) -> memref<6xf32, #hivm.address_space<ub>>
              %176 = "memref.expand_shape"(%168) <{reassociation = [[0], [1, 2]], static_output_shape = array<i64: 16, 4, 16>}> : (memref<16x64xbf16, #hivm.address_space<ub>>) -> memref<16x4x16xbf16, #hivm.address_space<ub>>
              %177 = "hivm.hir.pointer_cast"(%2) <{operandSegmentSizes = array<i32: 1, 0>}> : (i64) -> memref<4x16x16xbf16, #hivm.address_space<ub>>
              "hivm.hir.wait_flag"() <{set_pipe = #hivm.pipe<PIPE_MTE3>, static_event_id = #hivm.event<EVENT_ID0>, wait_pipe = #hivm.pipe<PIPE_V>}> : () -> ()
              "func.call"(%166, %172, %arg27, %165, %175, %176, %177) <{callee = @paged_prefill_verify_grouped_kernel_mix_aiv_outlined_merged_merged_vf_0, no_inline}> {hivm.vector_function, ptc_simdvf} : (memref<6x64xf32, #hivm.address_space<ub>>, memref<6xf32, #hivm.address_space<ub>>, memref<6xf32, #hivm.address_space<ub>>, memref<6xf32, #hivm.address_space<ub>>, memref<6xf32, #hivm.address_space<ub>>, memref<16x4x16xbf16, #hivm.address_space<ub>>, memref<4x16x16xbf16, #hivm.address_space<ub>>) -> ()
              "hivm.hir.set_flag"() <{set_pipe = #hivm.pipe<PIPE_V>, static_event_id = #hivm.event<EVENT_ID0>, wait_pipe = #hivm.pipe<PIPE_MTE3>}> : () -> ()
              "scf.if"(%174) ({
                "hivm.hir.copy"(%172, %103) : (memref<6xf32, #hivm.address_space<ub>>, memref<6xf32, #hivm.address_space<ub>>) -> ()
                "hivm.hir.copy"(%175, %101) : (memref<6xf32, #hivm.address_space<ub>>, memref<6xf32, #hivm.address_space<ub>>) -> ()
                "scf.yield"() : () -> ()
              }, {
                "hivm.hir.copy"(%172, %104) : (memref<6xf32, #hivm.address_space<ub>>, memref<6xf32, #hivm.address_space<ub>>) -> ()
                "hivm.hir.copy"(%175, %102) : (memref<6xf32, #hivm.address_space<ub>>, memref<6xf32, #hivm.address_space<ub>>) -> ()
                "scf.yield"() : () -> ()
              }) : (i1) -> ()
              "hivm.hir.sync_block_wait"() <{pipe = #hivm.pipe<PIPE_MTE3>, static_flag_id = 1 : i64, tcore_type = #hivm.tcore_type<VECTOR>, tpipe = #hivm.pipe<PIPE_M>}> : () -> ()
              %178 = "arith.index_cast"(%54) : (i64) -> index
              %179 = "arith.cmpi"(%178, %32) <{predicate = 0 : i64}> : (index, index) -> i1
              "hivm.hir.wait_flag"() <{set_pipe = #hivm.pipe<PIPE_V>, static_event_id = #hivm.event<EVENT_ID0>, wait_pipe = #hivm.pipe<PIPE_MTE3>}> : () -> ()
              "scf.if"(%179) ({
                %187 = "memref.collapse_shape"(%177) <{reassociation = [[0, 1, 2]]}> : (memref<4x16x16xbf16, #hivm.address_space<ub>>) -> memref<1024xbf16, #hivm.address_space<ub>>
                %188 = "memref.collapse_shape"(%98) <{reassociation = [[0, 1, 2, 3]]}> : (memref<4x1x16x16xbf16, #hivm.address_space<cbuf>>) -> memref<1024xbf16, #hivm.address_space<cbuf>>
                "hivm.hir.copy"(%187, %188) : (memref<1024xbf16, #hivm.address_space<ub>>, memref<1024xbf16, #hivm.address_space<cbuf>>) -> ()
                "scf.yield"() : () -> ()
              }, {
              }) {limit_sub_block_id0} : (i1) -> ()
              "hivm.hir.set_flag"() <{set_pipe = #hivm.pipe<PIPE_MTE3>, static_event_id = #hivm.event<EVENT_ID0>, wait_pipe = #hivm.pipe<PIPE_V>}> : () -> ()
              "hivm.hir.sync_block_set"() <{operandSegmentSizes = array<i32: 0, 0>, pipe = #hivm.pipe<PIPE_MTE1>, static_flag_id = 1 : i64, tcore_type = #hivm.tcore_type<VECTOR>, tpipe = #hivm.pipe<PIPE_MTE3>}> : () -> ()
              "hivm.hir.sync_block_set"() <{operandSegmentSizes = array<i32: 0, 0>, pipe = #hivm.pipe<PIPE_FIX>, static_flag_id = 2 : i64, tcore_type = #hivm.tcore_type<VECTOR>, tpipe = #hivm.pipe<PIPE_V>}> : () -> ()
              %180 = "llvm.load"(%58) <{ordering = 0 : i64, volatile_}> : (!llvm.ptr<11>) -> i32
              %181 = "arith.subi"(%180, %42) <{overflowFlags = #arith.overflow<none>}> : (i32, i32) -> i32
              "llvm.store"(%181, %58) <{ordering = 0 : i64, volatile_}> : (i32, !llvm.ptr<11>) -> ()
              %182 = "llvm.load"(%60) <{ordering = 0 : i64, volatile_}> : (!llvm.ptr<11>) -> i32
              %183 = "arith.addi"(%182, %42) <{overflowFlags = #arith.overflow<none>}> : (i32, i32) -> i32
              "llvm.store"(%183, %60) <{ordering = 0 : i64, volatile_}> : (i32, !llvm.ptr<11>) -> ()
              %184 = "arith.addi"(%arg31, %42) <{overflowFlags = #arith.overflow<none>}> : (i32, i32) -> i32
              %185 = "arith.addi"(%arg30, %42) <{overflowFlags = #arith.overflow<none>}> : (i32, i32) -> i32
              %186 = "arith.addi"(%arg28, %42) <{overflowFlags = #arith.overflow<none>}> : (i32, i32) -> i32
              "scf.yield"(%165, %184, %185, %186) : (memref<6xf32, #hivm.address_space<ub>>, i32, i32, i32) -> ()
            }, {
              %150 = "hivm.hir.pointer_cast"(%7) <{operandSegmentSizes = array<i32: 1, 0>}> : (i64) -> memref<6xf32, #hivm.address_space<ub>>
              "hivm.hir.copy"(%arg27, %150) : (memref<6xf32, #hivm.address_space<ub>>, memref<6xf32, #hivm.address_space<ub>>) -> ()
              "scf.yield"(%150, %arg31, %arg30, %arg28) : (memref<6xf32, #hivm.address_space<ub>>, i32, i32, i32) -> ()
            }) : (i1) -> (memref<6xf32, #hivm.address_space<ub>>, i32, i32, i32)
            %128 = "llvm.load"(%57) <{ordering = 0 : i64, volatile_}> : (!llvm.ptr<11>) -> i32
            %129 = "arith.cmpi"(%128, %31) <{predicate = 4 : i64}> : (i32, i32) -> i1
            %130 = "arith.cmpi"(%127#2, %31) <{predicate = 4 : i64}> : (i32, i32) -> i1
            %131 = "arith.cmpi"(%127#1, %31) <{predicate = 4 : i64}> : (i32, i32) -> i1
            %132 = "arith.andi"(%130, %131) : (i1, i1) -> i1
            %133 = "arith.cmpi"(%arg29, %92) <{predicate = 2 : i64}> : (i32, i32) -> i1
            %134 = "arith.andi"(%129, %132) : (i1, i1) -> i1
            %135 = "arith.andi"(%134, %133) : (i1, i1) -> i1
            %136:5 = "scf.if"(%135) ({
              "hivm.hir.sync_block_wait"() <{pipe = #hivm.pipe<PIPE_V>, static_flag_id = 3 : i64, tcore_type = #hivm.tcore_type<VECTOR>, tpipe = #hivm.pipe<PIPE_FIX>}> : () -> ()
              %138 = "arith.remsi"(%arg29, %41) : (i32, i32) -> i32
              %139 = "arith.cmpi"(%138, %31) <{predicate = 0 : i64}> : (i32, i32) -> i1
              %140 = "arith.select"(%139, %101, %102) : (i1, memref<6xf32, #hivm.address_space<ub>>, memref<6xf32, #hivm.address_space<ub>>) -> memref<6xf32, #hivm.address_space<ub>>
              %141 = "hivm.hir.pointer_cast"(%1) <{operandSegmentSizes = array<i32: 1, 0>}> : (i64) -> memref<6xf32, #hivm.address_space<ub>>
              "func.call"(%140, %141) <{callee = @paged_prefill_verify_grouped_kernel_mix_aiv_outlined_vf_21, no_inline}> {hivm.vector_function} : (memref<6xf32, #hivm.address_space<ub>>, memref<6xf32, #hivm.address_space<ub>>) -> ()
              %142 = "arith.select"(%139, %103, %104) : (i1, memref<6xf32, #hivm.address_space<ub>>, memref<6xf32, #hivm.address_space<ub>>) -> memref<6xf32, #hivm.address_space<ub>>
              %143 = "hivm.hir.pointer_cast"(%13) <{operandSegmentSizes = array<i32: 1, 0>}> : (i64) -> memref<6xf32, #hivm.address_space<ub>>
              %144 = "hivm.hir.pointer_cast"(%14) <{operandSegmentSizes = array<i32: 1, 0>}> : (i64) -> memref<6x256xf32, #hivm.address_space<ub>>
              "func.call"(%arg25, %141, %142, %143, %141, %100, %arg26, %144) <{callee = @paged_prefill_verify_grouped_kernel_mix_aiv_outlined_merged_vf_1, no_inline}> {hivm.vector_function, ptc_simdvf} : (memref<6xf32, #hivm.address_space<ub>>, memref<6xf32, #hivm.address_space<ub>>, memref<6xf32, #hivm.address_space<ub>>, memref<6xf32, #hivm.address_space<ub>>, memref<6xf32, #hivm.address_space<ub>>, memref<6x256xf32, #hivm.address_space<ub>>, memref<6x256xf32, #hivm.address_space<ub>>, memref<6x256xf32, #hivm.address_space<ub>>) -> ()
              "hivm.hir.sync_block_set"() <{operandSegmentSizes = array<i32: 0, 0>, pipe = #hivm.pipe<PIPE_FIX>, static_flag_id = 3 : i64, tcore_type = #hivm.tcore_type<VECTOR>, tpipe = #hivm.pipe<PIPE_V>}> : () -> ()
              %145 = "llvm.load"(%57) <{ordering = 0 : i64, volatile_}> : (!llvm.ptr<11>) -> i32
              %146 = "arith.subi"(%145, %42) <{overflowFlags = #arith.overflow<none>}> : (i32, i32) -> i32
              "llvm.store"(%146, %57) <{ordering = 0 : i64, volatile_}> : (i32, !llvm.ptr<11>) -> ()
              %147 = "arith.subi"(%127#1, %42) <{overflowFlags = #arith.overflow<none>}> : (i32, i32) -> i32
              %148 = "arith.subi"(%127#2, %42) <{overflowFlags = #arith.overflow<none>}> : (i32, i32) -> i32
              %149 = "arith.addi"(%arg29, %42) <{overflowFlags = #arith.overflow<none>}> : (i32, i32) -> i32
              "scf.yield"(%143, %144, %147, %148, %149) : (memref<6xf32, #hivm.address_space<ub>>, memref<6x256xf32, #hivm.address_space<ub>>, i32, i32, i32) -> ()
            }, {
              "scf.yield"(%arg25, %arg26, %127#1, %127#2, %arg29) : (memref<6xf32, #hivm.address_space<ub>>, memref<6x256xf32, #hivm.address_space<ub>>, i32, i32, i32) -> ()
            }) : (i1) -> (memref<6xf32, #hivm.address_space<ub>>, memref<6x256xf32, #hivm.address_space<ub>>, i32, i32, i32)
            "hivm.hir.sync_block_set"() <{operandSegmentSizes = array<i32: 0, 0>, pipe = #hivm.pipe<PIPE_S>, static_flag_id = 15 : i64, tcore_type = #hivm.tcore_type<VECTOR>, tpipe = #hivm.pipe<PIPE_S>}> : () -> ()
            %137 = "hivm.hir.pointer_cast"(%23) <{operandSegmentSizes = array<i32: 1, 0>}> : (i64) -> memref<6xf32, #hivm.address_space<ub>>
            "hivm.hir.copy"(%127#0, %137) : (memref<6xf32, #hivm.address_space<ub>>, memref<6xf32, #hivm.address_space<ub>>) -> ()
            "scf.yield"(%136#0, %136#1, %137, %127#3, %136#4, %136#3, %136#2) : (memref<6xf32, #hivm.address_space<ub>>, memref<6x256xf32, #hivm.address_space<ub>>, memref<6xf32, #hivm.address_space<ub>>, i32, i32, i32, i32) -> ()
          }) : (i32, i32, i32, memref<6xf32, #hivm.address_space<ub>>, memref<6x256xf32, #hivm.address_space<ub>>, memref<6xf32, #hivm.address_space<ub>>, i32, i32, i32, i32) -> (memref<6xf32, #hivm.address_space<ub>>, memref<6x256xf32, #hivm.address_space<ub>>, memref<6xf32, #hivm.address_space<ub>>, i32, i32, i32, i32)
          "hivm.hir.wait_flag"() <{set_pipe = #hivm.pipe<PIPE_MTE3>, static_event_id = #hivm.event<EVENT_ID0>, wait_pipe = #hivm.pipe<PIPE_V>}> : () -> ()
          "hivm.hir.sync_block_wait"() <{pipe = #hivm.pipe<PIPE_MTE3>, static_flag_id = 1 : i64, tcore_type = #hivm.tcore_type<VECTOR>, tpipe = #hivm.pipe<PIPE_M>}> : () -> ()
          %109 = "arith.muli"(%67, %arg16) <{overflowFlags = #arith.overflow<none>}> : (i32, i32) -> i32
          %110 = "arith.index_cast"(%109) : (i32) -> index
          %111 = "arith.index_cast"(%arg17) : (i32) -> index
          %112 = "memref.reinterpret_cast"(%arg5, %110, %111) <{operandSegmentSizes = array<i32: 1, 1, 0, 1>, static_offsets = array<i64: -9223372036854775808>, static_sizes = array<i64: 6, 256>, static_strides = array<i64: -9223372036854775808, 1>}> : (memref<?xbf16, #hivm.address_space<gm>>, index, index) -> memref<6x256xbf16, strided<[?, 1], offset: ?>, #hivm.address_space<gm>>
          %113 = "hivm.hir.pointer_cast"(%0) <{operandSegmentSizes = array<i32: 1, 0>}> : (i64) -> memref<6x256xbf16, #hivm.address_space<ub>>
          "func.call"(%108#0, %108#1, %113) <{callee = @paged_prefill_verify_grouped_kernel_mix_aiv_outlined_vf_24, no_inline}> {hivm.vector_function} : (memref<6xf32, #hivm.address_space<ub>>, memref<6x256xf32, #hivm.address_space<ub>>, memref<6x256xbf16, #hivm.address_space<ub>>) -> ()
          "hivm.hir.set_flag"() <{set_pipe = #hivm.pipe<PIPE_V>, static_event_id = #hivm.event<EVENT_ID0>, wait_pipe = #hivm.pipe<PIPE_MTE3>}> : () -> ()
          %114 = "arith.index_cast"(%54) : (i64) -> index
          %115 = "arith.cmpi"(%114, %32) <{predicate = 0 : i64}> : (index, index) -> i1
          "hivm.hir.wait_flag"() <{set_pipe = #hivm.pipe<PIPE_V>, static_event_id = #hivm.event<EVENT_ID0>, wait_pipe = #hivm.pipe<PIPE_MTE3>}> : () -> ()
          "scf.if"(%115) ({
            "hivm.hir.store"(%113, %112) : (memref<6x256xbf16, #hivm.address_space<ub>>, memref<6x256xbf16, strided<[?, 1], offset: ?>, #hivm.address_space<gm>>) -> ()
            "scf.yield"() : () -> ()
          }, {
          }) {limit_sub_block_id0} : (i1) -> ()
          "scf.yield"() : () -> ()
        }, {
        }) : (i1) -> ()
        "scf.yield"() : () -> ()
      }) : (i32, i32, i32) -> ()
      "hivm.hir.set_ctrl"() <{enable = true, idx = 60 : i64}> : () -> ()
      "scf.yield"() : () -> ()
    }) {autoblockify.subloop} : (i32, i32, i32) -> ()
    "hivm.hir.pipe_barrier"() <{pipe = #hivm.pipe<PIPE_ALL>}> : () -> ()
    "func.return"() : () -> ()
  }) {SyncBlockLockArgIdx = 0 : i64, WorkspaceArgIdx = 1 : i64, func_dyn_memref_args = dense<[true, true, true, true, true, true, true, true, true, true, false, false, false, false, false, false, false, false, false, false, false, false]> : vector<22xi1>, hacc.entry, hacc.function_kind = #hacc.function_kind<DEVICE>, hivm.func_core_type = #hivm.func_core_type<AIV>, hivm.part_of_mix, hivm.vf_mode = #hivm.vf_mode<SIMD>, mix_mode = "mix", parallel_mode = "simd"} : () -> ()
}) {dlti.target_system_spec = #dlti.target_system_spec<"NPU" : #hacc.target_device_spec<#dlti.dl_entry<"AI_CORE_COUNT", 28 : i32>, #dlti.dl_entry<"CUBE_CORE_COUNT", 28 : i32>, #dlti.dl_entry<"VECTOR_CORE_COUNT", 56 : i32>, #dlti.dl_entry<"UB_SIZE", 2031616 : i32>, #dlti.dl_entry<"L1_SIZE", 4194304 : i32>, #dlti.dl_entry<"L0A_SIZE", 524288 : i32>, #dlti.dl_entry<"L0B_SIZE", 524288 : i32>, #dlti.dl_entry<"L0C_SIZE", 2097152 : i32>, #dlti.dl_entry<"UB_ALIGN_SIZE", 256 : i32>, #dlti.dl_entry<"L1_ALIGN_SIZE", 256 : i32>, #dlti.dl_entry<"L0C_ALIGN_SIZE", 4096 : i32>, #dlti.dl_entry<"MINIMAL_D_CACHE_SIZE", 262144 : i32>, #dlti.dl_entry<"MAXIMUM_D_CACHE_SIZE", 983040 : i32>, #dlti.dl_entry<"ARCH", "dav-c310">>>, hacc.target = #hacc.target<"Ascend950PR_957b">, hivm.module_core_type = #hivm.module_core_type<MIX>} : () -> ()


[hivm-bind-sub-block] revert paged_prefill_verify_grouped_kernel_mix_aiv: bubble-up or verification failed
// -----// IR Dump After InlineScope Failed (inline-scope) //----- //
#map = affine_map<(d0)[s0] -> (d0 + s0)>
#map1 = affine_map<(d0) -> (d0)>
#map2 = affine_map<() -> ()>
#map3 = affine_map<(d0, d1, d2) -> (d0, d1, d2)>
#map4 = affine_map<(d0) -> (d0, 0)>
#map5 = affine_map<()[s0] -> (s0 + 1)>
#map6 = affine_map<()[s0, s1] -> (s0 - s1)>
#map7 = affine_map<()[s0, s1] -> (s0 + s1)>
#map8 = affine_map<()[s0, s1] -> ((s0 - s1 + 15) floordiv 16)>
#map9 = affine_map<()[s0] -> (s0 floordiv 16)>
#map10 = affine_map<()[s0] -> (s0 mod 16)>
#map11 = affine_map<(d0, d1) -> (d0, d1)>
#map12 = affine_map<(d0, d1) -> (0, d1)>
#map13 = affine_map<(d0, d1) -> (d0, 0)>
#map14 = affine_map<(d0) -> (0, d0)>
"builtin.module"() ({
  "func.func"() <{function_type = (memref<6x64xf32, #hivm.address_space<ub>>, memref<6xf32, #hivm.address_space<ub>>, memref<6xf32, #hivm.address_space<ub>>, memref<6xf32, #hivm.address_space<ub>>, memref<6xf32, #hivm.address_space<ub>>, memref<16x4x16xbf16, #hivm.address_space<ub>>, memref<4x16x16xbf16, #hivm.address_space<ub>>) -> (), sym_name = "paged_prefill_verify_grouped_kernel_mix_aiv_outlined_merged_merged_vf_0"}> ({
  ^bb0(%arg136: memref<6x64xf32, #hivm.address_space<ub>>, %arg137: memref<6xf32, #hivm.address_space<ub>>, %arg138: memref<6xf32, #hivm.address_space<ub>>, %arg139: memref<6xf32, #hivm.address_space<ub>>, %arg140: memref<6xf32, #hivm.address_space<ub>>, %arg141: memref<16x4x16xbf16, #hivm.address_space<ub>>, %arg142: memref<4x16x16xbf16, #hivm.address_space<ub>>):
    %637 = "arith.constant"() <{value = dense<0.000000e+00> : vector<128xbf16>}> : () -> vector<128xbf16>
    %638 = "arith.constant"() <{value = dense<"0x00000100020003000400050006000700080009000A000B000C000D000E000F0040004100420043004400450046004700480049004A004B004C004D004E004F0010001100120013001400150016001700180019001A001B001C001D001E001F0050005100520053005400550056005700580059005A005B005C005D005E005F0020002100220023002400250026002700280029002A002B002C002D002E002F0060006100620063006400650066006700680069006A006B006C006D006E006F0030003100320033003400350036003700380039003A003B003C003D003E003F0070007100720073007400750076007700780079007A007B007C007D007E007F00"> : vector<128xi16>}> : () -> vector<128xi16>
    %639 = "arith.constant"() <{value = dense<0.000000e+00> : vector<64xf32>}> : () -> vector<64xf32>
    %640 = "arith.constant"() <{value = 16 : index}> : () -> index
    %641 = "arith.constant"() <{value = 2 : index}> : () -> index
    %642 = "arith.constant"() <{value = 0.000000e+00 : f32}> : () -> f32
    %643 = "arith.constant"() <{value = 1 : index}> : () -> index
    %644 = "arith.constant"() <{value = 6 : index}> : () -> index
    %645 = "arith.constant"() <{value = 0 : index}> : () -> index
    "scf.for"(%645, %644, %643) ({
    ^bb0(%arg144: index):
      %654 = "memref.subview"(%arg137, %arg144) <{operandSegmentSizes = array<i32: 1, 1, 0, 0>, static_offsets = array<i64: -9223372036854775808>, static_sizes = array<i64: 1>, static_strides = array<i64: 1>}> : (memref<6xf32, #hivm.address_space<ub>>, index) -> memref<1xf32, strided<[1], offset: ?>, #hivm.address_space<ub>>
      %655 = "memref.subview"(%arg136, %arg144) <{operandSegmentSizes = array<i32: 1, 1, 0, 0>, static_offsets = array<i64: -9223372036854775808, 0>, static_sizes = array<i64: 1, 64>, static_strides = array<i64: 1, 1>}> : (memref<6x64xf32, #hivm.address_space<ub>>, index) -> memref<1x64xf32, strided<[64, 1], offset: ?>, #hivm.address_space<ub>>
      %656 = "memref.subview"(%655) <{operandSegmentSizes = array<i32: 1, 0, 0, 0>, static_offsets = array<i64: 0, 0>, static_sizes = array<i64: 1, 64>, static_strides = array<i64: 1, 1>}> : (memref<1x64xf32, strided<[64, 1], offset: ?>, #hivm.address_space<ub>>) -> memref<64xf32, #map, #hivm.address_space<ub>>
      %657 = "vector.transfer_read"(%656, %645, %642) <{in_bounds = [true], operandSegmentSizes = array<i32: 1, 1, 1, 0>, permutation_map = #map1}> : (memref<64xf32, #map, #hivm.address_space<ub>>, index, f32) -> vector<64xf32>
      %658 = "arith.addf"(%657, %639) <{fastmath = #arith.fastmath<none>}> {reductionOp} : (vector<64xf32>, vector<64xf32>) -> vector<64xf32>
      %659 = "memref.subview"(%654) <{operandSegmentSizes = array<i32: 1, 0, 0, 0>, static_offsets = array<i64: 0>, static_sizes = array<i64: 1>, static_strides = array<i64: 1>}> : (memref<1xf32, strided<[1], offset: ?>, #hivm.address_space<ub>>) -> memref<f32, strided<[], offset: ?>, #hivm.address_space<ub>>
      %660 = "vector.transfer_read"(%659, %642) <{in_bounds = [], operandSegmentSizes = array<i32: 1, 0, 1, 0>, permutation_map = #map2}> : (memref<f32, strided<[], offset: ?>, #hivm.address_space<ub>>, f32) -> vector<f32>
      %661 = "vector.shape_cast"(%660) : (vector<f32>) -> vector<1xf32>
      %662 = "builtin.unrealized_conversion_cast"(%661) : (vector<1xf32>) -> f32
      %663 = "vector.reduction"(%658, %662) <{fastmath = #arith.fastmath<none>, kind = #vector.kind<add>}> {withoutInitMergeOp} : (vector<64xf32>, f32) -> f32
      %664 = "builtin.unrealized_conversion_cast"(%663) : (f32) -> vector<1xf32>
      %665 = "vector.shape_cast"(%664) : (vector<1xf32>) -> vector<f32>
      "vector.transfer_write"(%665, %659) <{in_bounds = [], operandSegmentSizes = array<i32: 1, 1, 0, 0>, permutation_map = #map2}> : (vector<f32>, memref<f32, strided<[], offset: ?>, #hivm.address_space<ub>>) -> ()
      "scf.yield"() : () -> ()
    }) : (index, index, index) -> ()
    %646 = "vector.constant_mask"() <{mask_dim_sizes = [6]}> : () -> vector<64xi1>
    "annotation.mark"(%646) <{effects = ["write"]}> {mask_op_idx = 0 : i32} : (vector<64xi1>) -> ()
    %647 = "vector.transfer_read"(%arg138, %645, %642, %646) <{in_bounds = [true], operandSegmentSizes = array<i32: 1, 1, 1, 1>, permutation_map = #map1}> : (memref<6xf32, #hivm.address_space<ub>>, index, f32, vector<64xi1>) -> vector<64xf32>
    "annotation.mark"(%647) <{effects = ["write"]}> {reached_mask_ops_idx = 0 : i32} : (vector<64xf32>) -> ()
    %648 = "vector.transfer_read"(%arg139, %645, %642, %646) <{in_bounds = [true], operandSegmentSizes = array<i32: 1, 1, 1, 1>, permutation_map = #map1}> : (memref<6xf32, #hivm.address_space<ub>>, index, f32, vector<64xi1>) -> vector<64xf32>
    "annotation.mark"(%648) <{effects = ["write"]}> {reached_mask_ops_idx = 0 : i32} : (vector<64xf32>) -> ()
    %649 = "arith.subf"(%647, %648) <{fastmath = #arith.fastmath<none>}> : (vector<64xf32>, vector<64xf32>) -> vector<64xf32>
    "annotation.mark"(%649) <{effects = ["write"]}> {reached_mask_ops_idx = 0 : i32} : (vector<64xf32>) -> ()
    "vector.transfer_write"(%649, %arg140, %645, %646) <{in_bounds = [true], operandSegmentSizes = array<i32: 1, 1, 1, 1>, permutation_map = #map1}> : (vector<64xf32>, memref<6xf32, #hivm.address_space<ub>>, index, vector<64xi1>) -> ()
    "scf.for"(%645, %640, %641) ({
    ^bb0(%arg143: index):
      %650 = "memref.subview"(%arg141, %arg143) <{operandSegmentSizes = array<i32: 1, 1, 0, 0>, static_offsets = array<i64: -9223372036854775808, 0, 0>, static_sizes = array<i64: 2, 4, 16>, static_strides = array<i64: 1, 1, 1>}> : (memref<16x4x16xbf16, #hivm.address_space<ub>>, index) -> memref<2x4x16xbf16, strided<[64, 16, 1], offset: ?>, #hivm.address_space<ub>>
      %651 = "memref.subview"(%arg142, %arg143) <{operandSegmentSizes = array<i32: 1, 1, 0, 0>, static_offsets = array<i64: 0, -9223372036854775808, 0>, static_sizes = array<i64: 4, 2, 16>, static_strides = array<i64: 1, 1, 1>}> : (memref<4x16x16xbf16, #hivm.address_space<ub>>, index) -> memref<4x2x16xbf16, strided<[256, 16, 1], offset: ?>, #hivm.address_space<ub>>
      %652 = "vector.constant_mask"() <{mask_dim_sizes = [128]}> : () -> vector<128xi1>
      %653 = "vector.gather"(%650, %645, %645, %645, %638, %652, %637) : (memref<2x4x16xbf16, strided<[64, 16, 1], offset: ?>, #hivm.address_space<ub>>, index, index, index, vector<128xi16>, vector<128xi1>, vector<128xbf16>) -> vector<128xbf16>
      "vector.transfer_write"(%653, %651, %645, %645, %645) <{in_bounds = [true, true, true], operandSegmentSizes = array<i32: 1, 1, 3, 0>, permutation_map = #map3}> : (vector<128xbf16>, memref<4x2x16xbf16, strided<[256, 16, 1], offset: ?>, #hivm.address_space<ub>>, index, index, index) -> ()
      "scf.yield"() : () -> ()
    }) : (index, index, index) -> ()
    "func.return"() : () -> ()
  }) {hivm.func_core_type = #hivm.func_core_type<AIV>, hivm.vector_function} : () -> ()
  "func.func"() <{function_type = (memref<6xf32, #hivm.address_space<ub>>, memref<6xf32, #hivm.address_space<ub>>, memref<6xf32, #hivm.address_space<ub>>, memref<6xf32, #hivm.address_space<ub>>, memref<6xf32, #hivm.address_space<ub>>, memref<6x256xf32, #hivm.address_space<ub>>, memref<6x256xf32, #hivm.address_space<ub>>, memref<6x256xf32, #hivm.address_space<ub>>) -> (), sym_name = "paged_prefill_verify_grouped_kernel_mix_aiv_outlined_merged_vf_1"}> ({
  ^bb0(%arg126: memref<6xf32, #hivm.address_space<ub>>, %arg127: memref<6xf32, #hivm.address_space<ub>>, %arg128: memref<6xf32, #hivm.address_space<ub>>, %arg129: memref<6xf32, #hivm.address_space<ub>>, %arg130: memref<6xf32, #hivm.address_space<ub>>, %arg131: memref<6x256xf32, #hivm.address_space<ub>>, %arg132: memref<6x256xf32, #hivm.address_space<ub>>, %arg133: memref<6x256xf32, #hivm.address_space<ub>>):
    %612 = "arith.constant"() <{value = 256 : index}> : () -> index
    %613 = "arith.constant"() <{value = 64 : index}> : () -> index
    %614 = "arith.constant"() <{value = 6 : index}> : () -> index
    %615 = "arith.constant"() <{value = 1 : index}> : () -> index
    %616 = "arith.constant"() <{value = 0.000000e+00 : f32}> : () -> f32
    %617 = "arith.constant"() <{value = 0 : index}> : () -> index
    %618 = "vector.constant_mask"() <{mask_dim_sizes = [6]}> : () -> vector<64xi1>
    "annotation.mark"(%618) <{effects = ["write"]}> {mask_op_idx = 0 : i32} : (vector<64xi1>) -> ()
    %619 = "vector.transfer_read"(%arg126, %617, %616, %618) <{in_bounds = [true], operandSegmentSizes = array<i32: 1, 1, 1, 1>, permutation_map = #map1}> : (memref<6xf32, #hivm.address_space<ub>>, index, f32, vector<64xi1>) -> vector<64xf32>
    "annotation.mark"(%619) <{effects = ["write"]}> {reached_mask_ops_idx = 0 : i32} : (vector<64xf32>) -> ()
    %620 = "vector.transfer_read"(%arg127, %617, %616, %618) <{in_bounds = [true], operandSegmentSizes = array<i32: 1, 1, 1, 1>, permutation_map = #map1}> : (memref<6xf32, #hivm.address_space<ub>>, index, f32, vector<64xi1>) -> vector<64xf32>
    "annotation.mark"(%620) <{effects = ["write"]}> {reached_mask_ops_idx = 0 : i32} : (vector<64xf32>) -> ()
    %621 = "vector.transfer_read"(%arg128, %617, %616, %618) <{in_bounds = [true], operandSegmentSizes = array<i32: 1, 1, 1, 1>, permutation_map = #map1}> : (memref<6xf32, #hivm.address_space<ub>>, index, f32, vector<64xi1>) -> vector<64xf32>
    "annotation.mark"(%621) <{effects = ["write"]}> {reached_mask_ops_idx = 0 : i32} : (vector<64xf32>) -> ()
    %622 = "arith.mulf"(%619, %620) <{fastmath = #arith.fastmath<none>}> : (vector<64xf32>, vector<64xf32>) -> vector<64xf32>
    "annotation.mark"(%622) <{effects = ["write"]}> {reached_mask_ops_idx = 0 : i32} : (vector<64xf32>) -> ()
    %623 = "arith.addf"(%622, %621) <{fastmath = #arith.fastmath<none>}> : (vector<64xf32>, vector<64xf32>) -> vector<64xf32>
    "annotation.mark"(%623) <{effects = ["write"]}> {reached_mask_ops_idx = 0 : i32} : (vector<64xf32>) -> ()
    "vector.transfer_write"(%623, %arg129, %617, %618) <{in_bounds = [true], operandSegmentSizes = array<i32: 1, 1, 1, 1>, permutation_map = #map1}> : (vector<64xf32>, memref<6xf32, #hivm.address_space<ub>>, index, vector<64xi1>) -> ()
    "scf.for"(%617, %614, %615) ({
    ^bb0(%arg134: index):
      %624 = "memref.subview"(%arg130, %arg134) <{operandSegmentSizes = array<i32: 1, 1, 0, 0>, static_offsets = array<i64: -9223372036854775808>, static_sizes = array<i64: 1>, static_strides = array<i64: 1>}> : (memref<6xf32, #hivm.address_space<ub>>, index) -> memref<1xf32, strided<[1], offset: ?>, #hivm.address_space<ub>>
      "scf.for"(%617, %612, %613) ({
      ^bb0(%arg135: index):
        %625 = "memref.subview"(%arg131, %arg134, %arg135) <{operandSegmentSizes = array<i32: 1, 2, 0, 0>, static_offsets = array<i64: -9223372036854775808, -9223372036854775808>, static_sizes = array<i64: 1, 64>, static_strides = array<i64: 1, 1>}> : (memref<6x256xf32, #hivm.address_space<ub>>, index, index) -> memref<1x64xf32, strided<[256, 1], offset: ?>, #hivm.address_space<ub>>
        %626 = "memref.subview"(%arg132, %arg134, %arg135) <{operandSegmentSizes = array<i32: 1, 2, 0, 0>, static_offsets = array<i64: -9223372036854775808, -9223372036854775808>, static_sizes = array<i64: 1, 64>, static_strides = array<i64: 1, 1>}> : (memref<6x256xf32, #hivm.address_space<ub>>, index, index) -> memref<1x64xf32, strided<[256, 1], offset: ?>, #hivm.address_space<ub>>
        %627 = "memref.subview"(%arg133, %arg134, %arg135) <{operandSegmentSizes = array<i32: 1, 2, 0, 0>, static_offsets = array<i64: -9223372036854775808, -9223372036854775808>, static_sizes = array<i64: 1, 64>, static_strides = array<i64: 1, 1>}> : (memref<6x256xf32, #hivm.address_space<ub>>, index, index) -> memref<1x64xf32, strided<[256, 1], offset: ?>, #hivm.address_space<ub>>
        %628 = "memref.subview"(%625) <{operandSegmentSizes = array<i32: 1, 0, 0, 0>, static_offsets = array<i64: 0, 0>, static_sizes = array<i64: 1, 64>, static_strides = array<i64: 1, 1>}> : (memref<1x64xf32, strided<[256, 1], offset: ?>, #hivm.address_space<ub>>) -> memref<64xf32, #map, #hivm.address_space<ub>>
        %629 = "vector.transfer_read"(%628, %617, %616) <{in_bounds = [true], operandSegmentSizes = array<i32: 1, 1, 1, 0>, permutation_map = #map1}> : (memref<64xf32, #map, #hivm.address_space<ub>>, index, f32) -> vector<64xf32>
        %630 = "memref.subview"(%626) <{operandSegmentSizes = array<i32: 1, 0, 0, 0>, static_offsets = array<i64: 0, 0>, static_sizes = array<i64: 1, 64>, static_strides = array<i64: 1, 1>}> : (memref<1x64xf32, strided<[256, 1], offset: ?>, #hivm.address_space<ub>>) -> memref<64xf32, #map, #hivm.address_space<ub>>
        %631 = "vector.transfer_read"(%630, %617, %616) <{in_bounds = [true], operandSegmentSizes = array<i32: 1, 1, 1, 0>, permutation_map = #map1}> : (memref<64xf32, #map, #hivm.address_space<ub>>, index, f32) -> vector<64xf32>
        %632 = "vector.transfer_read"(%624, %617, %616) <{in_bounds = [true, true], operandSegmentSizes = array<i32: 1, 1, 1, 0>, permutation_map = #map4}> : (memref<1xf32, strided<[1], offset: ?>, #hivm.address_space<ub>>, index, f32) -> vector<1x64xf32>
        %633 = "vector.shape_cast"(%632) : (vector<1x64xf32>) -> vector<64xf32>
        %634 = "arith.mulf"(%631, %633) <{fastmath = #arith.fastmath<none>}> : (vector<64xf32>, vector<64xf32>) -> vector<64xf32>
        %635 = "arith.addf"(%629, %634) <{fastmath = #arith.fastmath<none>}> : (vector<64xf32>, vector<64xf32>) -> vector<64xf32>
        %636 = "memref.subview"(%627) <{operandSegmentSizes = array<i32: 1, 0, 0, 0>, static_offsets = array<i64: 0, 0>, static_sizes = array<i64: 1, 64>, static_strides = array<i64: 1, 1>}> : (memref<1x64xf32, strided<[256, 1], offset: ?>, #hivm.address_space<ub>>) -> memref<64xf32, #map, #hivm.address_space<ub>>
        "vector.transfer_write"(%635, %636, %617) <{in_bounds = [true], operandSegmentSizes = array<i32: 1, 1, 1, 0>, permutation_map = #map1}> : (vector<64xf32>, memref<64xf32, #map, #hivm.address_space<ub>>, index) -> ()
        "scf.yield"() : () -> ()
      }) : (index, index, index) -> ()
      "scf.yield"() : () -> ()
    }) : (index, index, index) -> ()
    "func.return"() : () -> ()
  }) {hivm.func_core_type = #hivm.func_core_type<AIV>, hivm.vector_function} : () -> ()
  "func.func"() <{arg_attrs = [{hacc.arg_type = #hacc.arg_type<sync_block_lock>}, {hacc.arg_type = #hacc.arg_type<workspace>}, {tt.divisibility = 16 : i32, tt.tensor_kind = 0 : i32}, {tt.divisibility = 16 : i32, tt.tensor_kind = 0 : i32}, {tt.divisibility = 16 : i32, tt.tensor_kind = 0 : i32}, {tt.divisibility = 16 : i32, tt.tensor_kind = 1 : i32}, {tt.divisibility = 16 : i32, tt.tensor_kind = 0 : i32}, {tt.divisibility = 16 : i32, tt.tensor_kind = 0 : i32}, {tt.divisibility = 16 : i32, tt.tensor_kind = 0 : i32}, {tt.divisibility = 16 : i32, tt.tensor_kind = 0 : i32}, {tt.divisibility = 16 : i32}, {tt.divisibility = 16 : i32}, {tt.divisibility = 16 : i32}, {tt.divisibility = 16 : i32}, {tt.divisibility = 16 : i32}, {tt.divisibility = 16 : i32}, {tt.divisibility = 16 : i32}, {tt.divisibility = 16 : i32}, {}, {}, {}, {}], function_type = (memref<?xi8, #hivm.address_space<gm>>, memref<?xi8, #hivm.address_space<gm>>, memref<?xbf16, #hivm.address_space<gm>>, memref<?xbf16, #hivm.address_space<gm>>, memref<?xbf16, #hivm.address_space<gm>>, memref<?xbf16, #hivm.address_space<gm>>, memref<?xi32, #hivm.address_space<gm>>, memref<?xi32, #hivm.address_space<gm>>, memref<?xi32, #hivm.address_space<gm>>, memref<?xf32, #hivm.address_space<gm>>, i32, i32, i32, i32, i32, i32, i32, i32, f32, i32, i32, i32) -> (), sym_name = "paged_prefill_verify_grouped_kernel_mix_aic"}> ({
  ^bb0(%arg98: memref<?xi8, #hivm.address_space<gm>>, %arg99: memref<?xi8, #hivm.address_space<gm>>, %arg100: memref<?xbf16, #hivm.address_space<gm>>, %arg101: memref<?xbf16, #hivm.address_space<gm>>, %arg102: memref<?xbf16, #hivm.address_space<gm>>, %arg103: memref<?xbf16, #hivm.address_space<gm>>, %arg104: memref<?xi32, #hivm.address_space<gm>>, %arg105: memref<?xi32, #hivm.address_space<gm>>, %arg106: memref<?xi32, #hivm.address_space<gm>>, %arg107: memref<?xf32, #hivm.address_space<gm>>, %arg108: i32, %arg109: i32, %arg110: i32, %arg111: i32, %arg112: i32, %arg113: i32, %arg114: i32, %arg115: i32, %arg116: f32, %arg117: i32, %arg118: i32, %arg119: i32):
    %403 = "arith.constant"() <{value = 20480 : i64}> : () -> i64
    %404 = "arith.constant"() <{value = 75776 : i64}> : () -> i64
    %405 = "arith.constant"() <{value = 4096 : i64}> : () -> i64
    %406 = "arith.constant"() <{value = 24576 : i64}> : () -> i64
    %407 = "arith.constant"() <{value = 43008 : i64}> : () -> i64
    %408 = "arith.constant"() <{value = 116736 : i64}> : () -> i64
    %409 = "arith.constant"() <{value = 10240 : i64}> : () -> i64
    %410 = "arith.constant"() <{value = 83968 : i64}> : () -> i64
    %411 = "arith.constant"() <{value = -1 : i64}> : () -> i64
    %412 = "arith.constant"() <{value = 4 : i64}> : () -> i64
    %413 = "arith.constant"() <{value = 6 : i64}> : () -> i64
    %414 = "arith.constant"() <{value = 5 : i64}> : () -> i64
    %415 = "arith.constant"() <{value = 3 : i64}> : () -> i64
    %416 = "arith.constant"() <{value = 1 : i64}> : () -> i64
    %417 = "arith.constant"() <{value = 2 : i64}> : () -> i64
    %418 = "arith.constant"() <{value = 1856 : i64}> : () -> i64
    %419 = "arith.constant"() <{value = 320 : i64}> : () -> i64
    %420 = "arith.constant"() <{value = 8192 : i64}> : () -> i64
    %421 = "arith.constant"() <{value = 16 : index}> : () -> index
    %422 = "llvm.mlir.constant"() <{value = 1024 : i64}> : () -> i64
    %423 = "llvm.mlir.constant"() <{value = 0 : i64}> : () -> i64
    %424 = "llvm.mlir.constant"() <{value = 0 : i32}> : () -> i32
    %425 = "arith.constant"() <{value = 64 : i32}> : () -> i32
    %426 = "arith.constant"() <{value = 63 : i32}> : () -> i32
    %427 = "arith.constant"() <{value = 0.000000e+00 : bf16}> : () -> bf16
    %428 = "arith.constant"() <{value = 0 : i32}> : () -> i32
    %429 = "arith.constant"() <{value = 256 : index}> : () -> index
    %430 = "arith.constant"() <{value = 64 : index}> : () -> index
    %431 = "llvm.mlir.constant"() <{value = 4 : i64}> : () -> i64
    %432 = "llvm.mlir.constant"() <{value = 1028 : i64}> : () -> i64
    %433 = "llvm.mlir.constant"() <{value = 8 : i64}> : () -> i64
    %434 = "llvm.mlir.constant"() <{value = 1032 : i64}> : () -> i64
    %435 = "arith.constant"() <{value = 3 : i32}> : () -> i32
    %436 = "arith.constant"() <{value = 1 : i32}> : () -> i32
    %437 = "arith.constant"() <{value = 6 : index}> : () -> index
    %438 = "arith.constant"() <{value = true}> : () -> i1
    %439 = "arith.constant"() <{value = 28 : i32}> : () -> i32
    %440 = "arith.constant"() <{value = 0 : index}> : () -> index
    %441 = "arith.constant"() <{value = 0 : i64}> : () -> i64
    %442 = "memref.alloca"() <{operandSegmentSizes = array<i32: 0, 0>}> : () -> memref<1xi64>
    "memref.store"(%441, %442, %440) <{nontemporal = false}> : (i64, memref<1xi64>, index) -> ()
    %443 = "memref.alloca"() <{operandSegmentSizes = array<i32: 0, 0>}> : () -> memref<1xi64>
    "memref.store"(%441, %443, %440) <{nontemporal = false}> : (i64, memref<1xi64>, index) -> ()
    %444 = "hivm.hir.pointer_cast"(%441) <{operandSegmentSizes = array<i32: 1, 0>}> : (i64) -> memref<4x1x16x16xf32, #hivm.address_space<cc>>
    "annotation.mark"(%444) <{effects = ["write"]}> {hivm.multi_buffer = 2 : i32} : (memref<4x1x16x16xf32, #hivm.address_space<cc>>) -> ()
    %445 = "hivm.hir.pointer_cast"(%403) <{operandSegmentSizes = array<i32: 1, 0>}> : (i64) -> memref<4x1x16x16xf32, #hivm.address_space<cc>>
    "annotation.mark"(%445) <{effects = ["write"]}> {hivm.multi_buffer = 2 : i32} : (memref<4x1x16x16xf32, #hivm.address_space<cc>>) -> ()
    %446 = "hivm.hir.pointer_cast"(%441) <{operandSegmentSizes = array<i32: 1, 0>}> : (i64) -> memref<16x1x16x16xbf16, #hivm.address_space<cbuf>>
    "annotation.mark"(%446) <{effects = ["write"]}> {hivm.multi_buffer = 2 : i32} : (memref<16x1x16x16xbf16, #hivm.address_space<cbuf>>) -> ()
    %447 = "hivm.hir.pointer_cast"(%404) <{operandSegmentSizes = array<i32: 1, 0>}> : (i64) -> memref<16x1x16x16xbf16, #hivm.address_space<cbuf>>
    "annotation.mark"(%447) <{effects = ["write"]}> {hivm.multi_buffer = 2 : i32} : (memref<16x1x16x16xbf16, #hivm.address_space<cbuf>>) -> ()
    %448 = "hivm.hir.pointer_cast"(%405) <{operandSegmentSizes = array<i32: 1, 0>}> : (i64) -> memref<16x1x16x16xf32, #hivm.address_space<cc>>
    "annotation.mark"(%448) <{effects = ["write"]}> {hivm.multi_buffer = 2 : i32} : (memref<16x1x16x16xf32, #hivm.address_space<cc>>) -> ()
    %449 = "hivm.hir.pointer_cast"(%406) <{operandSegmentSizes = array<i32: 1, 0>}> : (i64) -> memref<16x1x16x16xf32, #hivm.address_space<cc>>
    "annotation.mark"(%449) <{effects = ["write"]}> {hivm.multi_buffer = 2 : i32} : (memref<16x1x16x16xf32, #hivm.address_space<cc>>) -> ()
    %450 = "hivm.hir.pointer_cast"(%407) <{operandSegmentSizes = array<i32: 1, 0>}> : (i64) -> memref<16x4x16x16xbf16, #hivm.address_space<cbuf>>
    "annotation.mark"(%450) <{effects = ["write"]}> {hivm.multi_buffer = 2 : i32} : (memref<16x4x16x16xbf16, #hivm.address_space<cbuf>>) -> ()
    %451 = "hivm.hir.pointer_cast"(%408) <{operandSegmentSizes = array<i32: 1, 0>}> : (i64) -> memref<16x4x16x16xbf16, #hivm.address_space<cbuf>>
    "annotation.mark"(%451) <{effects = ["write"]}> {hivm.multi_buffer = 2 : i32} : (memref<16x4x16x16xbf16, #hivm.address_space<cbuf>>) -> ()
    %452 = "hivm.hir.pointer_cast"(%409) <{operandSegmentSizes = array<i32: 1, 0>}> : (i64) -> memref<16x4x16x16xbf16, #hivm.address_space<cbuf>>
    "annotation.mark"(%452) <{effects = ["write"]}> {hivm.multi_buffer = 2 : i32} : (memref<16x4x16x16xbf16, #hivm.address_space<cbuf>>) -> ()
    %453 = "hivm.hir.pointer_cast"(%410) <{operandSegmentSizes = array<i32: 1, 0>}> : (i64) -> memref<16x4x16x16xbf16, #hivm.address_space<cbuf>>
    "annotation.mark"(%453) <{effects = ["write"]}> {hivm.multi_buffer = 2 : i32} : (memref<16x4x16x16xbf16, #hivm.address_space<cbuf>>) -> ()
    %454 = "arith.muli"(%arg117, %arg118) <{overflowFlags = #arith.overflow<none>}> : (i32, i32) -> i32
    %455 = "arith.muli"(%454, %arg119) <{overflowFlags = #arith.overflow<none>}> : (i32, i32) -> i32
    "annotation.mark"(%455) <{effects = ["write"]}> {logical_block_num} : (i32) -> ()
    %456 = "hivm.hir.get_block_idx"() : () -> i64
    %457 = "arith.trunci"(%456) : (i64) -> i32
    %458 = "llvm.inttoptr"(%423) : (i64) -> !llvm.ptr<11>
    %459 = "llvm.inttoptr"(%422) : (i64) -> !llvm.ptr<11>
    %460 = "llvm.inttoptr"(%431) : (i64) -> !llvm.ptr<11>
    %461 = "llvm.inttoptr"(%432) : (i64) -> !llvm.ptr<11>
    %462 = "llvm.inttoptr"(%433) : (i64) -> !llvm.ptr<11>
    %463 = "llvm.inttoptr"(%434) : (i64) -> !llvm.ptr<11>
    "hivm.hir.set_flag"() <{set_pipe = #hivm.pipe<PIPE_MTE1>, static_event_id = #hivm.event<EVENT_ID0>, wait_pipe = #hivm.pipe<PIPE_MTE2>}> : () -> ()
    "hivm.hir.set_flag"() <{set_pipe = #hivm.pipe<PIPE_MTE1>, static_event_id = #hivm.event<EVENT_ID1>, wait_pipe = #hivm.pipe<PIPE_MTE2>}> : () -> ()
    "hivm.hir.set_flag"() <{set_pipe = #hivm.pipe<PIPE_M>, static_event_id = #hivm.event<EVENT_ID0>, wait_pipe = #hivm.pipe<PIPE_MTE1>}> : () -> ()
    "hivm.hir.set_flag"() <{set_pipe = #hivm.pipe<PIPE_M>, static_event_id = #hivm.event<EVENT_ID1>, wait_pipe = #hivm.pipe<PIPE_MTE1>}> : () -> ()
    "scf.for"(%457, %455, %439) ({
    ^bb0(%arg120: i32):
      "hivm.hir.set_ctrl"() <{enable = false, idx = 60 : i64}> : () -> ()
      "hivm.hir.set_ctrl"() <{enable = true, idx = 48 : i64}> : () -> ()
      %464 = "arith.remsi"(%arg120, %arg117) : (i32, i32) -> i32
      "llvm.store"(%424, %458) <{ordering = 0 : i64, volatile_}> : (i32, !llvm.ptr<11>) -> ()
      "llvm.store"(%424, %459) <{ordering = 0 : i64, volatile_}> : (i32, !llvm.ptr<11>) -> ()
      "llvm.store"(%424, %460) <{ordering = 0 : i64, volatile_}> : (i32, !llvm.ptr<11>) -> ()
      "llvm.store"(%424, %461) <{ordering = 0 : i64, volatile_}> : (i32, !llvm.ptr<11>) -> ()
      "llvm.store"(%424, %462) <{ordering = 0 : i64, volatile_}> : (i32, !llvm.ptr<11>) -> ()
      "llvm.store"(%424, %463) <{ordering = 0 : i64, volatile_}> : (i32, !llvm.ptr<11>) -> ()
      %465 = "arith.divsi"(%464, %arg117) : (i32, i32) -> i32
      %466 = "arith.addi"(%464, %436) <{overflowFlags = #arith.overflow<none>}> : (i32, i32) -> i32
      %467 = "arith.divsi"(%466, %arg117) : (i32, i32) -> i32
      "scf.for"(%465, %467, %436) ({
      ^bb0(%arg121: i32):
        %468 = "memref.load"(%443, %440) <{nontemporal = false}> : (memref<1xi64>, index) -> i64
        %469 = "arith.remui"(%468, %417) : (i64, i64) -> i64
        %470 = "arith.index_cast"(%469) : (i64) -> index
        %471 = "arith.cmpi"(%469, %416) <{predicate = 0 : i64}> : (i64, i64) -> i1
        %472 = "arith.select"(%471, %447, %446) : (i1, memref<16x1x16x16xbf16, #hivm.address_space<cbuf>>, memref<16x1x16x16xbf16, #hivm.address_space<cbuf>>) -> memref<16x1x16x16xbf16, #hivm.address_space<cbuf>>
        %473 = "arith.index_cast"(%470) : (index) -> i1
        %474 = "arith.xori"(%473, %438) : (i1, i1) -> i1
        %475 = "arith.extui"(%474) : (i1) -> i64
        %476 = "arith.index_cast"(%arg121) : (i32) -> index
        %477 = "memref.reinterpret_cast"(%arg104, %476) <{operandSegmentSizes = array<i32: 1, 1, 0, 0>, static_offsets = array<i64: -9223372036854775808>, static_sizes = array<i64: 1>, static_strides = array<i64: 1>}> : (memref<?xi32, #hivm.address_space<gm>>, index) -> memref<1xi32, strided<[1], offset: ?>, #hivm.address_space<gm>>
        %478 = "memref.load"(%477, %440) : (memref<1xi32, strided<[1], offset: ?>, #hivm.address_space<gm>>, index) -> i32
        %479 = "affine.apply"(%476) <{map = #map5}> : (index) -> index
        %480 = "memref.reinterpret_cast"(%arg104, %479) <{operandSegmentSizes = array<i32: 1, 1, 0, 0>, static_offsets = array<i64: -9223372036854775808>, static_sizes = array<i64: 1>, static_strides = array<i64: 1>}> : (memref<?xi32, #hivm.address_space<gm>>, index) -> memref<1xi32, strided<[1], offset: ?>, #hivm.address_space<gm>>
        %481 = "memref.load"(%480, %440) : (memref<1xi32, strided<[1], offset: ?>, #hivm.address_space<gm>>, index) -> i32
        %482 = "arith.subi"(%481, %478) <{overflowFlags = #arith.overflow<none>}> : (i32, i32) -> i32
        %483 = "arith.cmpi"(%482, %428) <{predicate = 4 : i64}> : (i32, i32) -> i1
        "scf.if"(%483) ({
          %485 = "memref.reinterpret_cast"(%arg105, %476) <{operandSegmentSizes = array<i32: 1, 1, 0, 0>, static_offsets = array<i64: -9223372036854775808>, static_sizes = array<i64: 1>, static_strides = array<i64: 1>}> : (memref<?xi32, #hivm.address_space<gm>>, index) -> memref<1xi32, strided<[1], offset: ?>, #hivm.address_space<gm>>
          %486 = "memref.load"(%485, %440) : (memref<1xi32, strided<[1], offset: ?>, #hivm.address_space<gm>>, index) -> i32
          %487 = "arith.addi"(%486, %426) <{overflowFlags = #arith.overflow<none>}> : (i32, i32) -> i32
          %488 = "arith.divsi"(%487, %425) : (i32, i32) -> i32
          %489 = "arith.muli"(%478, %arg108) <{overflowFlags = #arith.overflow<none>}> : (i32, i32) -> i32
          %490 = "arith.index_cast"(%489) : (i32) -> index
          %491 = "arith.index_cast"(%arg109) : (i32) -> index
          %492 = "memref.reinterpret_cast"(%arg100, %490, %491) <{operandSegmentSizes = array<i32: 1, 1, 0, 1>, static_offsets = array<i64: -9223372036854775808>, static_sizes = array<i64: 6, 256>, static_strides = array<i64: -9223372036854775808, 1>}> : (memref<?xbf16, #hivm.address_space<gm>>, index, index) -> memref<6x256xbf16, strided<[?, 1], offset: ?>, #hivm.address_space<gm>>
          %493 = "memref.cast"(%472) : (memref<16x1x16x16xbf16, #hivm.address_space<cbuf>>) -> memref<?x?x?x?xbf16, #hivm.address_space<cbuf>>
          "hivm.hir.wait_flag"(%475) <{set_pipe = #hivm.pipe<PIPE_MTE1>, wait_pipe = #hivm.pipe<PIPE_MTE2>}> : (i64) -> ()
          "hivm.hir.nd2nz"(%492, %493) <{dst_continuous, init_out_buffer = false, operandSegmentSizes = array<i32: 1, 1, 0, 0>}> : (memref<6x256xbf16, strided<[?, 1], offset: ?>, #hivm.address_space<gm>>, memref<?x?x?x?xbf16, #hivm.address_space<cbuf>>) -> ()
          "hivm.hir.set_flag"() <{set_pipe = #hivm.pipe<PIPE_MTE2>, static_event_id = #hivm.event<EVENT_ID0>, wait_pipe = #hivm.pipe<PIPE_MTE1>}> : () -> ()
          %494 = "memref.load"(%485, %440) : (memref<1xi32, strided<[1], offset: ?>, #hivm.address_space<gm>>, index) -> i32
          %495 = "hivm.hir.pointer_cast"(%420) <{operandSegmentSizes = array<i32: 1, 0>}> : (i64) -> memref<4x1x16x16xbf16, #hivm.address_space<cbuf>>
          "annotation.mark"(%495) <{effects = ["write", "read"]}> {hivm.tightly_coupled_buffer = #hivm.tightly_coupled_buffer<0>} : (memref<4x1x16x16xbf16, #hivm.address_space<cbuf>>) -> ()
          "hivm.hir.sync_block_set"() <{operandSegmentSizes = array<i32: 0, 0>, pipe = #hivm.pipe<PIPE_MTE3>, static_flag_id = 1 : i64, tcore_type = #hivm.tcore_type<CUBE>, tpipe = #hivm.pipe<PIPE_M>}> : () -> ()
          %496 = "hivm.hir.pointer_cast"(%419) <{operandSegmentSizes = array<i32: 1, 0>}> : (i64) -> memref<6x64xf32, #hivm.address_space<ub>>
          "annotation.mark"(%496) <{effects = ["write", "read"]}> {hivm.tightly_coupled_buffer = #hivm.tightly_coupled_buffer<1>} : (memref<6x64xf32, #hivm.address_space<ub>>) -> ()
          %497 = "hivm.hir.pointer_cast"(%418) <{operandSegmentSizes = array<i32: 1, 0>}> : (i64) -> memref<6x256xf32, #hivm.address_space<ub>>
          "annotation.mark"(%497) <{effects = ["write", "read"]}> {hivm.tightly_coupled_buffer = #hivm.tightly_coupled_buffer<2>} : (memref<6x256xf32, #hivm.address_space<ub>>) -> ()
          %498 = "arith.addi"(%488, %435) <{overflowFlags = #arith.overflow<none>}> : (i32, i32) -> i32
          "hivm.hir.wait_flag"() <{set_pipe = #hivm.pipe<PIPE_MTE2>, static_event_id = #hivm.event<EVENT_ID0>, wait_pipe = #hivm.pipe<PIPE_MTE1>}> : () -> ()
          "hivm.hir.set_flag"() <{set_pipe = #hivm.pipe<PIPE_MTE1>, static_event_id = #hivm.event<EVENT_ID3>, wait_pipe = #hivm.pipe<PIPE_MTE2>}> : () -> ()
          "hivm.hir.set_flag"() <{set_pipe = #hivm.pipe<PIPE_MTE1>, static_event_id = #hivm.event<EVENT_ID4>, wait_pipe = #hivm.pipe<PIPE_MTE2>}> : () -> ()
          "hivm.hir.set_flag"() <{set_pipe = #hivm.pipe<PIPE_MTE1>, static_event_id = #hivm.event<EVENT_ID5>, wait_pipe = #hivm.pipe<PIPE_MTE2>}> : () -> ()
          "hivm.hir.set_flag"() <{set_pipe = #hivm.pipe<PIPE_MTE1>, static_event_id = #hivm.event<EVENT_ID6>, wait_pipe = #hivm.pipe<PIPE_MTE2>}> : () -> ()
          "hivm.hir.set_flag"() <{set_pipe = #hivm.pipe<PIPE_FIX>, static_event_id = #hivm.event<EVENT_ID0>, wait_pipe = #hivm.pipe<PIPE_M>}> : () -> ()
          "hivm.hir.set_flag"() <{set_pipe = #hivm.pipe<PIPE_FIX>, static_event_id = #hivm.event<EVENT_ID1>, wait_pipe = #hivm.pipe<PIPE_M>}> : () -> ()
          "hivm.hir.set_flag"() <{set_pipe = #hivm.pipe<PIPE_FIX>, static_event_id = #hivm.event<EVENT_ID2>, wait_pipe = #hivm.pipe<PIPE_M>}> : () -> ()
          "hivm.hir.set_flag"() <{set_pipe = #hivm.pipe<PIPE_FIX>, static_event_id = #hivm.event<EVENT_ID3>, wait_pipe = #hivm.pipe<PIPE_M>}> : () -> ()
          %499:3 = "scf.for"(%428, %498, %436, %428, %428, %428) ({
          ^bb0(%arg122: i32, %arg123: i32, %arg124: i32, %arg125: i32):
            %500 = "memref.load"(%442, %440) <{nontemporal = false}> : (memref<1xi64>, index) -> i64
            %501 = "arith.remui"(%500, %417) : (i64, i64) -> i64
            %502 = "arith.index_cast"(%501) : (i64) -> index
            %503 = "arith.cmpi"(%501, %416) <{predicate = 0 : i64}> : (i64, i64) -> i1
            %504 = "arith.select"(%503, %445, %444) : (i1, memref<4x1x16x16xf32, #hivm.address_space<cc>>, memref<4x1x16x16xf32, #hivm.address_space<cc>>) -> memref<4x1x16x16xf32, #hivm.address_space<cc>>
            %505 = "arith.select"(%503, %449, %448) : (i1, memref<16x1x16x16xf32, #hivm.address_space<cc>>, memref<16x1x16x16xf32, #hivm.address_space<cc>>) -> memref<16x1x16x16xf32, #hivm.address_space<cc>>
            %506 = "arith.select"(%503, %451, %450) : (i1, memref<16x4x16x16xbf16, #hivm.address_space<cbuf>>, memref<16x4x16x16xbf16, #hivm.address_space<cbuf>>) -> memref<16x4x16x16xbf16, #hivm.address_space<cbuf>>
            %507 = "arith.select"(%503, %453, %452) : (i1, memref<16x4x16x16xbf16, #hivm.address_space<cbuf>>, memref<16x4x16x16xbf16, #hivm.address_space<cbuf>>) -> memref<16x4x16x16xbf16, #hivm.address_space<cbuf>>
            %508 = "arith.index_cast"(%502) : (index) -> i1
            %509 = "arith.select"(%508, %417, %415) : (i1, i64, i64) -> i64
            %510 = "arith.select"(%508, %414, %413) : (i1, i64, i64) -> i64
            %511 = "arith.xori"(%508, %438) : (i1, i1) -> i1
            %512 = "arith.extui"(%511) : (i1) -> i64
            %513 = "arith.select"(%508, %415, %412) : (i1, i64, i64) -> i64
            "hivm.hir.sync_block_wait"() <{pipe = #hivm.pipe<PIPE_S>, static_flag_id = 15 : i64, tcore_type = #hivm.tcore_type<CUBE>, tpipe = #hivm.pipe<PIPE_S>}> : () -> ()
            %514 = "arith.cmpi"(%arg123, %488) <{predicate = 2 : i64}> : (i32, i32) -> i1
            %515 = "scf.if"(%514) ({
              %611 = "arith.addi"(%arg123, %436) <{overflowFlags = #arith.overflow<none>}> : (i32, i32) -> i32
              "scf.yield"(%611) : (i32) -> ()
            }, {
              "scf.yield"(%arg123) : (i32) -> ()
            }) {hivm.matmul_limited_in_cube, ssbuffer.if = 7 : i32} : (i1) -> i32
            %516 = "llvm.load"(%458) <{ordering = 0 : i64, volatile_}> : (!llvm.ptr<11>) -> i32
            %517 = "llvm.load"(%459) <{ordering = 0 : i64, volatile_}> : (!llvm.ptr<11>) -> i32
            %518 = "arith.cmpi"(%516, %436) <{predicate = 2 : i64}> : (i32, i32) -> i1
            %519 = "arith.cmpi"(%517, %436) <{predicate = 2 : i64}> : (i32, i32) -> i1
            %520 = "arith.andi"(%518, %519) : (i1, i1) -> i1
            %521 = "arith.cmpi"(%arg124, %488) <{predicate = 2 : i64}> : (i32, i32) -> i1
            %522 = "arith.andi"(%520, %521) : (i1, i1) -> i1
            %523 = "scf.if"(%522) ({
              %577 = "arith.muli"(%arg124, %425) <{overflowFlags = #arith.overflow<none>}> : (i32, i32) -> i32
              %578 = "arith.addi"(%577, %425) <{overflowFlags = #arith.overflow<none>}> : (i32, i32) -> i32
              %579 = "arith.minsi"(%578, %494) : (i32, i32) -> i32
              %580 = "arith.subi"(%579, %577) <{overflowFlags = #arith.overflow<none>}> : (i32, i32) -> i32
              %581 = "arith.index_cast"(%580) : (i32) -> index
              %582 = "arith.index_cast"(%arg111) : (i32) -> index
              %583 = "arith.maxsi"(%581, %440) : (index, index) -> index
              %584 = "arith.minsi"(%583, %430) : (index, index) -> index
              %585 = "arith.minsi"(%584, %440) : (index, index) -> index
              %586 = "affine.apply"(%584, %585) <{map = #map6}> : (index, index) -> index
              %587 = "arith.cmpi"(%586, %430) <{predicate = 2 : i64}> : (index, index) -> i1
              %588 = "memref.cast"(%507) : (memref<16x4x16x16xbf16, #hivm.address_space<cbuf>>) -> memref<?x?x?x?xbf16, #hivm.address_space<cbuf>>
              %589 = "arith.divsi"(%577, %425) : (i32, i32) -> i32
              %590 = "arith.minsi"(%589, %428) : (i32, i32) -> i32
              %591 = "arith.index_cast"(%590) : (i32) -> index
              %592 = "affine.apply"(%476, %591) <{map = #map7}> : (index, index) -> index
              %593 = "memref.reinterpret_cast"(%arg106, %592) <{operandSegmentSizes = array<i32: 1, 1, 0, 0>, static_offsets = array<i64: -9223372036854775808>, static_sizes = array<i64: 1>, static_strides = array<i64: 1>}> : (memref<?xi32, #hivm.address_space<gm>>, index) -> memref<1xi32, strided<[1], offset: ?>, #hivm.address_space<gm>>
              %594 = "memref.load"(%593, %440) : (memref<1xi32, strided<[1], offset: ?>, #hivm.address_space<gm>>, index) -> i32
              %595 = "arith.muli"(%594, %arg110) <{overflowFlags = #arith.overflow<none>}> : (i32, i32) -> i32
              %596 = "arith.index_cast"(%595) : (i32) -> index
              %597 = "memref.reinterpret_cast"(%arg101, %596, %582) <{operandSegmentSizes = array<i32: 1, 1, 0, 1>, static_offsets = array<i64: -9223372036854775808>, static_sizes = array<i64: 64, 256>, static_strides = array<i64: -9223372036854775808, 1>}> : (memref<?xbf16, #hivm.address_space<gm>>, index, index) -> memref<64x256xbf16, strided<[?, 1], offset: ?>, #hivm.address_space<gm>>
              %598 = "memref.subview"(%597, %586) <{operandSegmentSizes = array<i32: 1, 0, 1, 0>, static_offsets = array<i64: 0, 0>, static_sizes = array<i64: -9223372036854775808, 256>, static_strides = array<i64: 1, 1>}> : (memref<64x256xbf16, strided<[?, 1], offset: ?>, #hivm.address_space<gm>>, index) -> memref<?x256xbf16, strided<[?, 1], offset: ?>, #hivm.address_space<gm>>
              %599 = "affine.apply"(%584, %585) <{map = #map8}> : (index, index) -> index
              %600 = "affine.apply"(%585) <{map = #map9}> : (index) -> index
              %601 = "affine.apply"(%585) <{map = #map10}> : (index) -> index
              %602 = "memref.subview"(%507, %600, %601, %599) <{operandSegmentSizes = array<i32: 1, 2, 1, 0>, static_offsets = array<i64: 0, -9223372036854775808, -9223372036854775808, 0>, static_sizes = array<i64: 16, -9223372036854775808, 16, 16>, static_strides = array<i64: 1, 1, 1, 1>}> : (memref<16x4x16x16xbf16, #hivm.address_space<cbuf>>, index, index, index) -> memref<16x?x16x16xbf16, strided<[1024, 256, 16, 1], offset: ?>, #hivm.address_space<cbuf>>
              %603 = "memref.cast"(%602) : (memref<16x?x16x16xbf16, strided<[1024, 256, 16, 1], offset: ?>, #hivm.address_space<cbuf>>) -> memref<?x?x?x?xbf16, strided<[?, ?, ?, 1], offset: ?>, #hivm.address_space<cbuf>>
              "scf.if"(%587) ({
                "hivm.hir.set_flag"() <{set_pipe = #hivm.pipe<PIPE_MTE1>, static_event_id = #hivm.event<EVENT_ID2>, wait_pipe = #hivm.pipe<PIPE_MTE2>}> : () -> ()
                %610 = "memref.collapse_shape"(%507) <{reassociation = [[0, 1, 2, 3]]}> : (memref<16x4x16x16xbf16, #hivm.address_space<cbuf>>) -> memref<16384xbf16, #hivm.address_space<cbuf>>
                "hivm.hir.wait_flag"() <{set_pipe = #hivm.pipe<PIPE_MTE1>, static_event_id = #hivm.event<EVENT_ID2>, wait_pipe = #hivm.pipe<PIPE_MTE2>}> : () -> ()
                "hivm.hir.vbrc"(%427, %610) <{broadcast_dims = array<i64>}> : (bf16, memref<16384xbf16, #hivm.address_space<cbuf>>) -> ()
                "hivm.hir.pipe_barrier"() <{pipe = #hivm.pipe<PIPE_MTE2>}> : () -> ()
                "scf.yield"() : () -> ()
              }, {
              }) {hivm.unlikely_condition} : (i1) -> ()
              "hivm.hir.wait_flag"(%513) <{set_pipe = #hivm.pipe<PIPE_MTE1>, wait_pipe = #hivm.pipe<PIPE_MTE2>}> : (i64) -> ()
              "hivm.hir.nd2nz"(%598, %603) <{dst_continuous, init_out_buffer = false, operandSegmentSizes = array<i32: 1, 1, 0, 0>}> : (memref<?x256xbf16, strided<[?, 1], offset: ?>, #hivm.address_space<gm>>, memref<?x?x?x?xbf16, strided<[?, ?, ?, 1], offset: ?>, #hivm.address_space<cbuf>>) -> ()
              "hivm.hir.set_flag"() <{set_pipe = #hivm.pipe<PIPE_MTE2>, static_event_id = #hivm.event<EVENT_ID0>, wait_pipe = #hivm.pipe<PIPE_MTE1>}> : () -> ()
              %604 = "memref.cast"(%504) : (memref<4x1x16x16xf32, #hivm.address_space<cc>>) -> memref<?x?x?x?xf32, #hivm.address_space<cc>>
              "hivm.hir.wait_flag"(%512) <{set_pipe = #hivm.pipe<PIPE_FIX>, wait_pipe = #hivm.pipe<PIPE_M>}> : (i64) -> ()
              "hivm.hir.mmadL1"(%493, %588, %438, %437, %429, %430, %604, %411, %441, %411, %513, %411, %411, %411) <{b_transpose, operandSegmentSizes = array<i32: 1, 1, 1, 1, 1, 1, 1, 7, 0, 0>}> {already_set_real_mkn, normalized_in_L0C} : (memref<?x?x?x?xbf16, #hivm.address_space<cbuf>>, memref<?x?x?x?xbf16, #hivm.address_space<cbuf>>, i1, index, index, index, memref<?x?x?x?xf32, #hivm.address_space<cc>>, i64, i64, i64, i64, i64, i64, i64) -> ()
              "hivm.hir.set_flag"() <{set_pipe = #hivm.pipe<PIPE_M>, static_event_id = #hivm.event<EVENT_ID0>, wait_pipe = #hivm.pipe<PIPE_FIX>}> : () -> ()
              "hivm.hir.sync_block_wait"() <{pipe = #hivm.pipe<PIPE_FIX>, static_flag_id = 2 : i64, tcore_type = #hivm.tcore_type<CUBE>, tpipe = #hivm.pipe<PIPE_V>}> : () -> ()
              "hivm.hir.wait_flag"() <{set_pipe = #hivm.pipe<PIPE_M>, static_event_id = #hivm.event<EVENT_ID0>, wait_pipe = #hivm.pipe<PIPE_FIX>}> : () -> ()
              "hivm.hir.pipe_barrier"() <{pipe = #hivm.pipe<PIPE_FIX>}> : () -> ()
              "hivm.hir.fixpipe"(%504, %496) <{dma_mode = #hivm.dma_mode<nz2nd>, operandSegmentSizes = array<i32: 1, 1, 0, 0>}> : (memref<4x1x16x16xf32, #hivm.address_space<cc>>, memref<6x64xf32, #hivm.address_space<ub>>) -> ()
              "hivm.hir.set_flag"(%512) <{set_pipe = #hivm.pipe<PIPE_FIX>, wait_pipe = #hivm.pipe<PIPE_M>}> : (i64) -> ()
              "hivm.hir.sync_block_set"() <{operandSegmentSizes = array<i32: 0, 0>, pipe = #hivm.pipe<PIPE_V>, static_flag_id = 2 : i64, tcore_type = #hivm.tcore_type<CUBE>, tpipe = #hivm.pipe<PIPE_FIX>}> : () -> ()
              %605 = "llvm.load"(%458) <{ordering = 0 : i64, volatile_}> : (!llvm.ptr<11>) -> i32
              %606 = "llvm.load"(%459) <{ordering = 0 : i64, volatile_}> : (!llvm.ptr<11>) -> i32
              %607 = "arith.addi"(%605, %436) <{overflowFlags = #arith.overflow<none>}> : (i32, i32) -> i32
              %608 = "arith.addi"(%606, %436) <{overflowFlags = #arith.overflow<none>}> : (i32, i32) -> i32
              "llvm.store"(%607, %458) <{ordering = 0 : i64, volatile_}> : (i32, !llvm.ptr<11>) -> ()
              "llvm.store"(%608, %459) <{ordering = 0 : i64, volatile_}> : (i32, !llvm.ptr<11>) -> ()
              %609 = "arith.addi"(%arg124, %436) <{overflowFlags = #arith.overflow<none>}> : (i32, i32) -> i32
              "scf.yield"(%609) : (i32) -> ()
            }, {
              "scf.yield"(%arg124) : (i32) -> ()
            }) {hivm.matmul_limited_in_cube, ssbuffer.if = 4 : i32} : (i1) -> i32
            %524 = "llvm.load"(%462) <{ordering = 0 : i64, volatile_}> : (!llvm.ptr<11>) -> i32
            %525 = "llvm.load"(%463) <{ordering = 0 : i64, volatile_}> : (!llvm.ptr<11>) -> i32
            %526 = "arith.cmpi"(%524, %428) <{predicate = 4 : i64}> : (i32, i32) -> i1
            %527 = "arith.cmpi"(%525, %428) <{predicate = 4 : i64}> : (i32, i32) -> i1
            %528 = "arith.andi"(%526, %527) : (i1, i1) -> i1
            %529 = "llvm.load"(%460) <{ordering = 0 : i64, volatile_}> : (!llvm.ptr<11>) -> i32
            %530 = "llvm.load"(%461) <{ordering = 0 : i64, volatile_}> : (!llvm.ptr<11>) -> i32
            %531 = "arith.cmpi"(%529, %436) <{predicate = 2 : i64}> : (i32, i32) -> i1
            %532 = "arith.cmpi"(%530, %436) <{predicate = 2 : i64}> : (i32, i32) -> i1
            %533 = "arith.andi"(%531, %532) : (i1, i1) -> i1
            %534 = "arith.andi"(%528, %533) : (i1, i1) -> i1
            %535 = "arith.cmpi"(%arg125, %488) <{predicate = 2 : i64}> : (i32, i32) -> i1
            %536 = "arith.andi"(%534, %535) : (i1, i1) -> i1
            %537 = "scf.if"(%536) ({
              %539 = "arith.muli"(%arg125, %425) <{overflowFlags = #arith.overflow<none>}> : (i32, i32) -> i32
              %540 = "arith.addi"(%539, %425) <{overflowFlags = #arith.overflow<none>}> : (i32, i32) -> i32
              %541 = "arith.minsi"(%540, %494) : (i32, i32) -> i32
              %542 = "arith.subi"(%541, %539) <{overflowFlags = #arith.overflow<none>}> : (i32, i32) -> i32
              %543 = "arith.index_cast"(%arg113) : (i32) -> index
              %544 = "arith.index_cast"(%542) : (i32) -> index
              %545 = "arith.maxsi"(%544, %440) : (index, index) -> index
              %546 = "arith.minsi"(%545, %430) : (index, index) -> index
              %547 = "arith.minsi"(%546, %440) : (index, index) -> index
              %548 = "affine.apply"(%546, %547) <{map = #map6}> : (index, index) -> index
              %549 = "arith.cmpi"(%548, %430) <{predicate = 2 : i64}> : (index, index) -> i1
              %550 = "arith.divsi"(%539, %425) : (i32, i32) -> i32
              %551 = "arith.minsi"(%550, %428) : (i32, i32) -> i32
              %552 = "arith.index_cast"(%551) : (i32) -> index
              %553 = "affine.apply"(%476, %552) <{map = #map7}> : (index, index) -> index
              %554 = "memref.reinterpret_cast"(%arg106, %553) <{operandSegmentSizes = array<i32: 1, 1, 0, 0>, static_offsets = array<i64: -9223372036854775808>, static_sizes = array<i64: 1>, static_strides = array<i64: 1>}> : (memref<?xi32, #hivm.address_space<gm>>, index) -> memref<1xi32, strided<[1], offset: ?>, #hivm.address_space<gm>>
              %555 = "memref.load"(%554, %440) : (memref<1xi32, strided<[1], offset: ?>, #hivm.address_space<gm>>, index) -> i32
              %556 = "memref.cast"(%506) : (memref<16x4x16x16xbf16, #hivm.address_space<cbuf>>) -> memref<?x?x?x?xbf16, #hivm.address_space<cbuf>>
              %557 = "arith.muli"(%555, %arg112) <{overflowFlags = #arith.overflow<none>}> : (i32, i32) -> i32
              %558 = "arith.index_cast"(%557) : (i32) -> index
              %559 = "memref.reinterpret_cast"(%arg102, %558, %543) <{operandSegmentSizes = array<i32: 1, 1, 0, 1>, static_offsets = array<i64: -9223372036854775808>, static_sizes = array<i64: 64, 256>, static_strides = array<i64: -9223372036854775808, 1>}> : (memref<?xbf16, #hivm.address_space<gm>>, index, index) -> memref<64x256xbf16, strided<[?, 1], offset: ?>, #hivm.address_space<gm>>
              %560 = "memref.subview"(%559, %548) <{operandSegmentSizes = array<i32: 1, 0, 1, 0>, static_offsets = array<i64: 0, 0>, static_sizes = array<i64: -9223372036854775808, 256>, static_strides = array<i64: 1, 1>}> : (memref<64x256xbf16, strided<[?, 1], offset: ?>, #hivm.address_space<gm>>, index) -> memref<?x256xbf16, strided<[?, 1], offset: ?>, #hivm.address_space<gm>>
              %561 = "affine.apply"(%546, %547) <{map = #map8}> : (index, index) -> index
              %562 = "affine.apply"(%547) <{map = #map9}> : (index) -> index
              %563 = "affine.apply"(%547) <{map = #map10}> : (index) -> index
              %564 = "memref.subview"(%506, %562, %563, %561) <{operandSegmentSizes = array<i32: 1, 2, 1, 0>, static_offsets = array<i64: 0, -9223372036854775808, -9223372036854775808, 0>, static_sizes = array<i64: 16, -9223372036854775808, 16, 16>, static_strides = array<i64: 1, 1, 1, 1>}> : (memref<16x4x16x16xbf16, #hivm.address_space<cbuf>>, index, index, index) -> memref<16x?x16x16xbf16, strided<[1024, 256, 16, 1], offset: ?>, #hivm.address_space<cbuf>>
              %565 = "memref.cast"(%564) : (memref<16x?x16x16xbf16, strided<[1024, 256, 16, 1], offset: ?>, #hivm.address_space<cbuf>>) -> memref<?x?x?x?xbf16, strided<[?, ?, ?, 1], offset: ?>, #hivm.address_space<cbuf>>
              "scf.if"(%549) ({
                "hivm.hir.set_flag"() <{set_pipe = #hivm.pipe<PIPE_MTE1>, static_event_id = #hivm.event<EVENT_ID2>, wait_pipe = #hivm.pipe<PIPE_MTE2>}> : () -> ()
                %576 = "memref.collapse_shape"(%506) <{reassociation = [[0, 1, 2, 3]]}> : (memref<16x4x16x16xbf16, #hivm.address_space<cbuf>>) -> memref<16384xbf16, #hivm.address_space<cbuf>>
                "hivm.hir.wait_flag"() <{set_pipe = #hivm.pipe<PIPE_MTE1>, static_event_id = #hivm.event<EVENT_ID2>, wait_pipe = #hivm.pipe<PIPE_MTE2>}> : () -> ()
                "hivm.hir.vbrc"(%427, %576) <{broadcast_dims = array<i64>}> : (bf16, memref<16384xbf16, #hivm.address_space<cbuf>>) -> ()
                "hivm.hir.pipe_barrier"() <{pipe = #hivm.pipe<PIPE_MTE2>}> : () -> ()
                "scf.yield"() : () -> ()
              }, {
              }) {hivm.unlikely_condition} : (i1) -> ()
              "hivm.hir.wait_flag"(%510) <{set_pipe = #hivm.pipe<PIPE_MTE1>, wait_pipe = #hivm.pipe<PIPE_MTE2>}> : (i64) -> ()
              "hivm.hir.nd2nz"(%560, %565) <{dst_continuous, init_out_buffer = false, operandSegmentSizes = array<i32: 1, 1, 0, 0>}> : (memref<?x256xbf16, strided<[?, 1], offset: ?>, #hivm.address_space<gm>>, memref<?x?x?x?xbf16, strided<[?, ?, ?, 1], offset: ?>, #hivm.address_space<cbuf>>) -> ()
              "hivm.hir.set_flag"() <{set_pipe = #hivm.pipe<PIPE_MTE2>, static_event_id = #hivm.event<EVENT_ID0>, wait_pipe = #hivm.pipe<PIPE_MTE1>}> : () -> ()
              "hivm.hir.sync_block_wait"() <{pipe = #hivm.pipe<PIPE_MTE1>, static_flag_id = 1 : i64, tcore_type = #hivm.tcore_type<CUBE>, tpipe = #hivm.pipe<PIPE_MTE3>}> : () -> ()
              %566 = "memref.cast"(%505) : (memref<16x1x16x16xf32, #hivm.address_space<cc>>) -> memref<?x?x?x?xf32, #hivm.address_space<cc>>
              "hivm.hir.wait_flag"(%509) <{set_pipe = #hivm.pipe<PIPE_FIX>, wait_pipe = #hivm.pipe<PIPE_M>}> : (i64) -> ()
              "hivm.hir.mmadL1"(%495, %556, %438, %421, %430, %429, %566, %411, %441, %411, %510, %411, %411, %411) <{operandSegmentSizes = array<i32: 1, 1, 1, 1, 1, 1, 1, 7, 0, 0>}> {already_set_real_mkn, normalized_in_L0C} : (memref<4x1x16x16xbf16, #hivm.address_space<cbuf>>, memref<?x?x?x?xbf16, #hivm.address_space<cbuf>>, i1, index, index, index, memref<?x?x?x?xf32, #hivm.address_space<cc>>, i64, i64, i64, i64, i64, i64, i64) -> ()
              "hivm.hir.set_flag"() <{set_pipe = #hivm.pipe<PIPE_M>, static_event_id = #hivm.event<EVENT_ID0>, wait_pipe = #hivm.pipe<PIPE_FIX>}> : () -> ()
              "hivm.hir.sync_block_set"() <{operandSegmentSizes = array<i32: 0, 0>, pipe = #hivm.pipe<PIPE_MTE3>, static_flag_id = 1 : i64, tcore_type = #hivm.tcore_type<CUBE>, tpipe = #hivm.pipe<PIPE_M>}> : () -> ()
              "hivm.hir.sync_block_wait"() <{pipe = #hivm.pipe<PIPE_FIX>, static_flag_id = 3 : i64, tcore_type = #hivm.tcore_type<CUBE>, tpipe = #hivm.pipe<PIPE_V>}> : () -> ()
              "hivm.hir.wait_flag"() <{set_pipe = #hivm.pipe<PIPE_M>, static_event_id = #hivm.event<EVENT_ID0>, wait_pipe = #hivm.pipe<PIPE_FIX>}> : () -> ()
              "hivm.hir.pipe_barrier"() <{pipe = #hivm.pipe<PIPE_FIX>}> : () -> ()
              "hivm.hir.fixpipe"(%505, %497) <{dma_mode = #hivm.dma_mode<nz2nd>, operandSegmentSizes = array<i32: 1, 1, 0, 0>}> : (memref<16x1x16x16xf32, #hivm.address_space<cc>>, memref<6x256xf32, #hivm.address_space<ub>>) -> ()
              "hivm.hir.set_flag"(%509) <{set_pipe = #hivm.pipe<PIPE_FIX>, wait_pipe = #hivm.pipe<PIPE_M>}> : (i64) -> ()
              "hivm.hir.sync_block_set"() <{operandSegmentSizes = array<i32: 0, 0>, pipe = #hivm.pipe<PIPE_V>, static_flag_id = 3 : i64, tcore_type = #hivm.tcore_type<CUBE>, tpipe = #hivm.pipe<PIPE_FIX>}> : () -> ()
              %567 = "llvm.load"(%462) <{ordering = 0 : i64, volatile_}> : (!llvm.ptr<11>) -> i32
              %568 = "llvm.load"(%463) <{ordering = 0 : i64, volatile_}> : (!llvm.ptr<11>) -> i32
              %569 = "arith.subi"(%567, %436) <{overflowFlags = #arith.overflow<none>}> : (i32, i32) -> i32
              %570 = "arith.subi"(%568, %436) <{overflowFlags = #arith.overflow<none>}> : (i32, i32) -> i32
              "llvm.store"(%569, %462) <{ordering = 0 : i64, volatile_}> : (i32, !llvm.ptr<11>) -> ()
              "llvm.store"(%570, %463) <{ordering = 0 : i64, volatile_}> : (i32, !llvm.ptr<11>) -> ()
              %571 = "llvm.load"(%460) <{ordering = 0 : i64, volatile_}> : (!llvm.ptr<11>) -> i32
              %572 = "llvm.load"(%461) <{ordering = 0 : i64, volatile_}> : (!llvm.ptr<11>) -> i32
              %573 = "arith.addi"(%571, %436) <{overflowFlags = #arith.overflow<none>}> : (i32, i32) -> i32
              %574 = "arith.addi"(%572, %436) <{overflowFlags = #arith.overflow<none>}> : (i32, i32) -> i32
              "llvm.store"(%573, %460) <{ordering = 0 : i64, volatile_}> : (i32, !llvm.ptr<11>) -> ()
              "llvm.store"(%574, %461) <{ordering = 0 : i64, volatile_}> : (i32, !llvm.ptr<11>) -> ()
              %575 = "arith.addi"(%arg125, %436) <{overflowFlags = #arith.overflow<none>}> : (i32, i32) -> i32
              "scf.yield"(%575) : (i32) -> ()
            }, {
              "scf.yield"(%arg125) : (i32) -> ()
            }) {hivm.matmul_limited_in_cube, ssbuffer.if = 6 : i32} : (i1) -> i32
            "hivm.hir.sync_block_set"() <{operandSegmentSizes = array<i32: 0, 0>, pipe = #hivm.pipe<PIPE_S>, static_flag_id = 15 : i64, tcore_type = #hivm.tcore_type<CUBE>, tpipe = #hivm.pipe<PIPE_S>}> : () -> ()
            %538 = "arith.addi"(%500, %416) <{overflowFlags = #arith.overflow<none>}> : (i64, i64) -> i64
            "memref.store"(%538, %442, %440) <{nontemporal = false}> : (i64, memref<1xi64>, index) -> ()
            "scf.yield"(%515, %523, %537) : (i32, i32, i32) -> ()
          }) {fixpipe_for_mmad_result_already_inserted = true} : (i32, i32, i32, i32, i32, i32) -> (i32, i32, i32)
          "hivm.hir.wait_flag"() <{set_pipe = #hivm.pipe<PIPE_FIX>, static_event_id = #hivm.event<EVENT_ID0>, wait_pipe = #hivm.pipe<PIPE_M>}> : () -> ()
          "hivm.hir.wait_flag"() <{set_pipe = #hivm.pipe<PIPE_FIX>, static_event_id = #hivm.event<EVENT_ID1>, wait_pipe = #hivm.pipe<PIPE_M>}> : () -> ()
          "hivm.hir.wait_flag"() <{set_pipe = #hivm.pipe<PIPE_FIX>, static_event_id = #hivm.event<EVENT_ID2>, wait_pipe = #hivm.pipe<PIPE_M>}> : () -> ()
          "hivm.hir.wait_flag"() <{set_pipe = #hivm.pipe<PIPE_FIX>, static_event_id = #hivm.event<EVENT_ID3>, wait_pipe = #hivm.pipe<PIPE_M>}> : () -> ()
          "hivm.hir.wait_flag"() <{set_pipe = #hivm.pipe<PIPE_MTE1>, static_event_id = #hivm.event<EVENT_ID3>, wait_pipe = #hivm.pipe<PIPE_MTE2>}> : () -> ()
          "hivm.hir.wait_flag"() <{set_pipe = #hivm.pipe<PIPE_MTE1>, static_event_id = #hivm.event<EVENT_ID4>, wait_pipe = #hivm.pipe<PIPE_MTE2>}> : () -> ()
          "hivm.hir.wait_flag"() <{set_pipe = #hivm.pipe<PIPE_MTE1>, static_event_id = #hivm.event<EVENT_ID5>, wait_pipe = #hivm.pipe<PIPE_MTE2>}> : () -> ()
          "hivm.hir.wait_flag"() <{set_pipe = #hivm.pipe<PIPE_MTE1>, static_event_id = #hivm.event<EVENT_ID6>, wait_pipe = #hivm.pipe<PIPE_MTE2>}> : () -> ()
          "hivm.hir.set_flag"(%475) <{set_pipe = #hivm.pipe<PIPE_MTE1>, wait_pipe = #hivm.pipe<PIPE_MTE2>}> : (i64) -> ()
          "hivm.hir.sync_block_wait"() <{pipe = #hivm.pipe<PIPE_S>, static_flag_id = 15 : i64, tcore_type = #hivm.tcore_type<CUBE>, tpipe = #hivm.pipe<PIPE_S>}> : () -> ()
          "hivm.hir.sync_block_wait"() <{pipe = #hivm.pipe<PIPE_FIX>, static_flag_id = 3 : i64, tcore_type = #hivm.tcore_type<CUBE>, tpipe = #hivm.pipe<PIPE_V>}> : () -> ()
          "hivm.hir.sync_block_wait"() <{pipe = #hivm.pipe<PIPE_FIX>, static_flag_id = 2 : i64, tcore_type = #hivm.tcore_type<CUBE>, tpipe = #hivm.pipe<PIPE_V>}> : () -> ()
          "scf.yield"() : () -> ()
        }, {
        }) : (i1) -> ()
        %484 = "arith.addi"(%468, %416) <{overflowFlags = #arith.overflow<none>}> : (i64, i64) -> i64
        "memref.store"(%484, %443, %440) <{nontemporal = false}> : (i64, memref<1xi64>, index) -> ()
        "scf.yield"() : () -> ()
      }) : (i32, i32, i32) -> ()
      "hivm.hir.set_ctrl"() <{enable = true, idx = 60 : i64}> : () -> ()
      "scf.yield"() : () -> ()
    }) {autoblockify.subloop} : (i32, i32, i32) -> ()
    "hivm.hir.wait_flag"() <{set_pipe = #hivm.pipe<PIPE_M>, static_event_id = #hivm.event<EVENT_ID0>, wait_pipe = #hivm.pipe<PIPE_MTE1>}> : () -> ()
    "hivm.hir.wait_flag"() <{set_pipe = #hivm.pipe<PIPE_M>, static_event_id = #hivm.event<EVENT_ID1>, wait_pipe = #hivm.pipe<PIPE_MTE1>}> : () -> ()
    "hivm.hir.wait_flag"() <{set_pipe = #hivm.pipe<PIPE_MTE1>, static_event_id = #hivm.event<EVENT_ID0>, wait_pipe = #hivm.pipe<PIPE_MTE2>}> : () -> ()
    "hivm.hir.wait_flag"() <{set_pipe = #hivm.pipe<PIPE_MTE1>, static_event_id = #hivm.event<EVENT_ID1>, wait_pipe = #hivm.pipe<PIPE_MTE2>}> : () -> ()
    "hivm.hir.pipe_barrier"() <{pipe = #hivm.pipe<PIPE_ALL>}> : () -> ()
    "func.return"() : () -> ()
  }) {SyncBlockLockArgIdx = 0 : i64, WorkspaceArgIdx = 1 : i64, func_dyn_memref_args = dense<[true, true, true, true, true, true, true, true, true, true, false, false, false, false, false, false, false, false, false, false, false, false]> : vector<22xi1>, hacc.entry, hacc.function_kind = #hacc.function_kind<DEVICE>, hivm.func_core_type = #hivm.func_core_type<AIC>, hivm.part_of_mix, hivm.vf_mode = #hivm.vf_mode<SIMD>, mix_mode = "mix", parallel_mode = "simd"} : () -> ()
  "func.func"() <{function_type = (memref<16x64xbf16, #hivm.address_space<ub>>) -> (), no_inline, sym_name = "paged_prefill_verify_grouped_kernel_mix_aiv_outlined_vf_0"}> ({
  ^bb0(%arg96: memref<16x64xbf16, #hivm.address_space<ub>>):
    %394 = "arith.constant"() <{value = dense<0.000000e+00> : vector<128xbf16>}> : () -> vector<128xbf16>
    %395 = "arith.constant"() <{value = 128 : index}> : () -> index
    %396 = "arith.constant"() <{value = 64 : index}> : () -> index
    %397 = "arith.constant"() <{value = 2 : index}> : () -> index
    %398 = "arith.constant"() <{value = 16 : index}> : () -> index
    %399 = "arith.constant"() <{value = 0 : index}> : () -> index
    "scf.for"(%399, %398, %397) ({
    ^bb0(%arg97: index):
      %400 = "memref.collapse_shape"(%arg96) <{reassociation = [[0, 1]]}> : (memref<16x64xbf16, #hivm.address_space<ub>>) -> memref<1024xbf16, #hivm.address_space<ub>>
      %401 = "arith.muli"(%arg97, %396) <{overflowFlags = #arith.overflow<none>}> : (index, index) -> index
      %402 = "memref.subview"(%400, %401, %395) <{operandSegmentSizes = array<i32: 1, 1, 1, 0>, static_offsets = array<i64: -9223372036854775808>, static_sizes = array<i64: -9223372036854775808>, static_strides = array<i64: 1>}> : (memref<1024xbf16, #hivm.address_space<ub>>, index, index) -> memref<?xbf16, strided<[1], offset: ?>, #hivm.address_space<ub>>
      "vector.transfer_write"(%394, %402, %399) <{in_bounds = [true], operandSegmentSizes = array<i32: 1, 1, 1, 0>, permutation_map = #map1}> : (vector<128xbf16>, memref<?xbf16, strided<[1], offset: ?>, #hivm.address_space<ub>>, index) -> ()
      "scf.yield"() : () -> ()
    }) : (index, index, index) -> ()
    "func.return"() : () -> ()
  }) {hivm.func_core_type = #hivm.func_core_type<AIV>, hivm.vector_function} : () -> ()
  "func.func"() <{function_type = (memref<6xf32, #hivm.address_space<ub>>) -> (), no_inline, sym_name = "paged_prefill_verify_grouped_kernel_mix_aiv_outlined_vf_1"}> ({
  ^bb0(%arg95: memref<6xf32, #hivm.address_space<ub>>):
    %391 = "arith.constant"() <{value = dense<1.000000e+00> : vector<64xf32>}> : () -> vector<64xf32>
    %392 = "arith.constant"() <{value = 0 : index}> : () -> index
    %393 = "vector.constant_mask"() <{mask_dim_sizes = [6]}> : () -> vector<64xi1>
    "annotation.mark"(%393) <{effects = ["write"]}> {mask_op_idx = 0 : i32} : (vector<64xi1>) -> ()
    "vector.transfer_write"(%391, %arg95, %392, %393) <{in_bounds = [true], operandSegmentSizes = array<i32: 1, 1, 1, 1>, permutation_map = #map1}> : (vector<64xf32>, memref<6xf32, #hivm.address_space<ub>>, index, vector<64xi1>) -> ()
    "func.return"() : () -> ()
  }) {hivm.func_core_type = #hivm.func_core_type<AIV>, hivm.vector_function} : () -> ()
  "func.func"() <{function_type = (memref<6x256xf32, #hivm.address_space<ub>>) -> (), no_inline, sym_name = "paged_prefill_verify_grouped_kernel_mix_aiv_outlined_vf_2"}> ({
  ^bb0(%arg92: memref<6x256xf32, #hivm.address_space<ub>>):
    %383 = "arith.constant"() <{value = dense<0.000000e+00> : vector<64xf32>}> : () -> vector<64xf32>
    %384 = "arith.constant"() <{value = 1 : index}> : () -> index
    %385 = "arith.constant"() <{value = 6 : index}> : () -> index
    %386 = "arith.constant"() <{value = 64 : index}> : () -> index
    %387 = "arith.constant"() <{value = 256 : index}> : () -> index
    %388 = "arith.constant"() <{value = 0 : index}> : () -> index
    "scf.for"(%388, %385, %384) ({
    ^bb0(%arg93: index):
      "scf.for"(%388, %387, %386) ({
      ^bb0(%arg94: index):
        %389 = "memref.subview"(%arg92, %arg93, %arg94) <{operandSegmentSizes = array<i32: 1, 2, 0, 0>, static_offsets = array<i64: -9223372036854775808, -9223372036854775808>, static_sizes = array<i64: 1, 64>, static_strides = array<i64: 1, 1>}> : (memref<6x256xf32, #hivm.address_space<ub>>, index, index) -> memref<1x64xf32, strided<[256, 1], offset: ?>, #hivm.address_space<ub>>
        %390 = "memref.subview"(%389) <{operandSegmentSizes = array<i32: 1, 0, 0, 0>, static_offsets = array<i64: 0, 0>, static_sizes = array<i64: 1, 64>, static_strides = array<i64: 1, 1>}> : (memref<1x64xf32, strided<[256, 1], offset: ?>, #hivm.address_space<ub>>) -> memref<64xf32, #map, #hivm.address_space<ub>>
        "vector.transfer_write"(%383, %390, %388) <{in_bounds = [true], operandSegmentSizes = array<i32: 1, 1, 1, 0>, permutation_map = #map1}> : (vector<64xf32>, memref<64xf32, #map, #hivm.address_space<ub>>, index) -> ()
        "scf.yield"() : () -> ()
      }) : (index, index, index) -> ()
      "scf.yield"() : () -> ()
    }) : (index, index, index) -> ()
    "func.return"() : () -> ()
  }) {hivm.func_core_type = #hivm.func_core_type<AIV>, hivm.vector_function} : () -> ()
  "func.func"() <{function_type = (memref<6xi32, #hivm.address_space<ub>>) -> (), no_inline, sym_name = "paged_prefill_verify_grouped_kernel_mix_aiv_outlined_vf_3"}> ({
  ^bb0(%arg91: memref<6xi32, #hivm.address_space<ub>>):
    %378 = "arith.constant"() <{value = dense<[0, 1, 2, 3, 4, 5, 6, 7, 8, 9, 10, 11, 12, 13, 14, 15, 16, 17, 18, 19, 20, 21, 22, 23, 24, 25, 26, 27, 28, 29, 30, 31, 32, 33, 34, 35, 36, 37, 38, 39, 40, 41, 42, 43, 44, 45, 46, 47, 48, 49, 50, 51, 52, 53, 54, 55, 56, 57, 58, 59, 60, 61, 62, 63]> : vector<64xi32>}> : () -> vector<64xi32>
    %379 = "arith.constant"() <{value = dense<0> : vector<64xi32>}> : () -> vector<64xi32>
    %380 = "arith.constant"() <{value = 0 : index}> : () -> index
    %381 = "vector.constant_mask"() <{mask_dim_sizes = [6]}> : () -> vector<64xi1>
    "annotation.mark"(%381) <{effects = ["write"]}> {mask_op_idx = 0 : i32} : (vector<64xi1>) -> ()
    %382 = "arith.addi"(%379, %378) <{overflowFlags = #arith.overflow<none>}> : (vector<64xi32>, vector<64xi32>) -> vector<64xi32>
    "annotation.mark"(%382) <{effects = ["write"]}> {reached_mask_ops_idx = 0 : i32} : (vector<64xi32>) -> ()
    "vector.transfer_write"(%382, %arg91, %380, %381) <{in_bounds = [true], operandSegmentSizes = array<i32: 1, 1, 1, 1>, permutation_map = #map1}> : (vector<64xi32>, memref<6xi32, #hivm.address_space<ub>>, index, vector<64xi1>) -> ()
    "func.return"() : () -> ()
  }) {hivm.func_core_type = #hivm.func_core_type<AIV>, hivm.vector_function} : () -> ()
  "func.func"() <{function_type = (memref<6xi32, #hivm.address_space<ub>>, memref<6xi32, #hivm.address_space<ub>>) -> (), no_inline, sym_name = "paged_prefill_verify_grouped_kernel_mix_aiv_outlined_vf_4"}> ({
  ^bb0(%arg89: memref<6xi32, #hivm.address_space<ub>>, %arg90: memref<6xi32, #hivm.address_space<ub>>):
    %372 = "arith.constant"() <{value = dense<6> : vector<64xi32>}> : () -> vector<64xi32>
    %373 = "arith.constant"() <{value = 0 : i32}> : () -> i32
    %374 = "arith.constant"() <{value = 0 : index}> : () -> index
    %375 = "vector.constant_mask"() <{mask_dim_sizes = [6]}> : () -> vector<64xi1>
    "annotation.mark"(%375) <{effects = ["write"]}> {mask_op_idx = 0 : i32} : (vector<64xi1>) -> ()
    %376 = "vector.transfer_read"(%arg89, %374, %373, %375) <{in_bounds = [true], operandSegmentSizes = array<i32: 1, 1, 1, 1>, permutation_map = #map1}> : (memref<6xi32, #hivm.address_space<ub>>, index, i32, vector<64xi1>) -> vector<64xi32>
    "annotation.mark"(%376) <{effects = ["write"]}> {reached_mask_ops_idx = 0 : i32} : (vector<64xi32>) -> ()
    %377 = "arith.divsi"(%376, %372) : (vector<64xi32>, vector<64xi32>) -> vector<64xi32>
    "annotation.mark"(%377) <{effects = ["write"]}> {reached_mask_ops_idx = 0 : i32} : (vector<64xi32>) -> ()
    "vector.transfer_write"(%377, %arg90, %374, %375) <{in_bounds = [true], operandSegmentSizes = array<i32: 1, 1, 1, 1>, permutation_map = #map1}> : (vector<64xi32>, memref<6xi32, #hivm.address_space<ub>>, index, vector<64xi1>) -> ()
    "func.return"() : () -> ()
  }) {hivm.func_core_type = #hivm.func_core_type<AIV>, hivm.vector_function} : () -> ()
  "func.func"() <{function_type = (memref<6xi32, #hivm.address_space<ub>>, memref<6xi32, #hivm.address_space<ub>>, f32, f32, f32, f32, f32, f32, memref<6xf32, #hivm.address_space<ub>>) -> (), no_inline, sym_name = "paged_prefill_verify_grouped_kernel_mix_aiv_outlined_vf_5"}> ({
  ^bb0(%arg80: memref<6xi32, #hivm.address_space<ub>>, %arg81: memref<6xi32, #hivm.address_space<ub>>, %arg82: f32, %arg83: f32, %arg84: f32, %arg85: f32, %arg86: f32, %arg87: f32, %arg88: memref<6xf32, #hivm.address_space<ub>>):
    %343 = "arith.constant"() <{value = dense<1> : vector<64xi32>}> : () -> vector<64xi32>
    %344 = "arith.constant"() <{value = dense<2> : vector<64xi32>}> : () -> vector<64xi32>
    %345 = "arith.constant"() <{value = dense<3> : vector<64xi32>}> : () -> vector<64xi32>
    %346 = "arith.constant"() <{value = dense<4> : vector<64xi32>}> : () -> vector<64xi32>
    %347 = "arith.constant"() <{value = dense<5> : vector<64xi32>}> : () -> vector<64xi32>
    %348 = "arith.constant"() <{value = dense<6> : vector<64xi32>}> : () -> vector<64xi32>
    %349 = "arith.constant"() <{value = 0 : i32}> : () -> i32
    %350 = "arith.constant"() <{value = 0 : index}> : () -> index
    %351 = "vector.constant_mask"() <{mask_dim_sizes = [6]}> : () -> vector<64xi1>
    "annotation.mark"(%351) <{effects = ["write"]}> {mask_op_idx = 0 : i32} : (vector<64xi1>) -> ()
    %352 = "vector.transfer_read"(%arg80, %350, %349, %351) <{in_bounds = [true], operandSegmentSizes = array<i32: 1, 1, 1, 1>, permutation_map = #map1}> : (memref<6xi32, #hivm.address_space<ub>>, index, i32, vector<64xi1>) -> vector<64xi32>
    "annotation.mark"(%352) <{effects = ["write"]}> {reached_mask_ops_idx = 0 : i32} : (vector<64xi32>) -> ()
    %353 = "vector.transfer_read"(%arg81, %350, %349, %351) <{in_bounds = [true], operandSegmentSizes = array<i32: 1, 1, 1, 1>, permutation_map = #map1}> : (memref<6xi32, #hivm.address_space<ub>>, index, i32, vector<64xi1>) -> vector<64xi32>
    "annotation.mark"(%353) <{effects = ["write"]}> {reached_mask_ops_idx = 0 : i32} : (vector<64xi32>) -> ()
    %354 = "arith.muli"(%353, %348) <{overflowFlags = #arith.overflow<none>}> : (vector<64xi32>, vector<64xi32>) -> vector<64xi32>
    "annotation.mark"(%354) <{effects = ["write"]}> {reached_mask_ops_idx = 0 : i32} : (vector<64xi32>) -> ()
    %355 = "arith.subi"(%352, %354) <{overflowFlags = #arith.overflow<none>}> : (vector<64xi32>, vector<64xi32>) -> vector<64xi32>
    "annotation.mark"(%355) <{effects = ["write"]}> {reached_mask_ops_idx = 0 : i32} : (vector<64xi32>) -> ()
    %356 = "arith.cmpi"(%355, %347) <{predicate = 2 : i64}> : (vector<64xi32>, vector<64xi32>) -> vector<64xi1>
    "annotation.mark"(%356) <{effects = ["write"]}> {reached_mask_ops_idx = 0 : i32} : (vector<64xi1>) -> ()
    %357 = "vector.broadcast"(%arg82) : (f32) -> vector<64xf32>
    "annotation.mark"(%357) <{effects = ["write"]}> {reached_mask_ops_idx = 0 : i32} : (vector<64xf32>) -> ()
    %358 = "vector.broadcast"(%arg83) : (f32) -> vector<64xf32>
    "annotation.mark"(%358) <{effects = ["write"]}> {reached_mask_ops_idx = 0 : i32} : (vector<64xf32>) -> ()
    %359 = "arith.select"(%356, %357, %358) : (vector<64xi1>, vector<64xf32>, vector<64xf32>) -> vector<64xf32>
    "annotation.mark"(%359) <{effects = ["write"]}> {reached_mask_ops_idx = 0 : i32} : (vector<64xf32>) -> ()
    %360 = "arith.cmpi"(%355, %346) <{predicate = 2 : i64}> : (vector<64xi32>, vector<64xi32>) -> vector<64xi1>
    "annotation.mark"(%360) <{effects = ["write"]}> {reached_mask_ops_idx = 0 : i32} : (vector<64xi1>) -> ()
    %361 = "vector.broadcast"(%arg84) : (f32) -> vector<64xf32>
    "annotation.mark"(%361) <{effects = ["write"]}> {reached_mask_ops_idx = 0 : i32} : (vector<64xf32>) -> ()
    %362 = "arith.select"(%360, %361, %359) : (vector<64xi1>, vector<64xf32>, vector<64xf32>) -> vector<64xf32>
    "annotation.mark"(%362) <{effects = ["write"]}> {reached_mask_ops_idx = 0 : i32} : (vector<64xf32>) -> ()
    %363 = "arith.cmpi"(%355, %345) <{predicate = 2 : i64}> : (vector<64xi32>, vector<64xi32>) -> vector<64xi1>
    "annotation.mark"(%363) <{effects = ["write"]}> {reached_mask_ops_idx = 0 : i32} : (vector<64xi1>) -> ()
    %364 = "vector.broadcast"(%arg85) : (f32) -> vector<64xf32>
    "annotation.mark"(%364) <{effects = ["write"]}> {reached_mask_ops_idx = 0 : i32} : (vector<64xf32>) -> ()
    %365 = "arith.select"(%363, %364, %362) : (vector<64xi1>, vector<64xf32>, vector<64xf32>) -> vector<64xf32>
    "annotation.mark"(%365) <{effects = ["write"]}> {reached_mask_ops_idx = 0 : i32} : (vector<64xf32>) -> ()
    %366 = "arith.cmpi"(%355, %344) <{predicate = 2 : i64}> : (vector<64xi32>, vector<64xi32>) -> vector<64xi1>
    "annotation.mark"(%366) <{effects = ["write"]}> {reached_mask_ops_idx = 0 : i32} : (vector<64xi1>) -> ()
    %367 = "vector.broadcast"(%arg86) : (f32) -> vector<64xf32>
    "annotation.mark"(%367) <{effects = ["write"]}> {reached_mask_ops_idx = 0 : i32} : (vector<64xf32>) -> ()
    %368 = "arith.select"(%366, %367, %365) : (vector<64xi1>, vector<64xf32>, vector<64xf32>) -> vector<64xf32>
    "annotation.mark"(%368) <{effects = ["write"]}> {reached_mask_ops_idx = 0 : i32} : (vector<64xf32>) -> ()
    %369 = "arith.cmpi"(%355, %343) <{predicate = 2 : i64}> : (vector<64xi32>, vector<64xi32>) -> vector<64xi1>
    "annotation.mark"(%369) <{effects = ["write"]}> {reached_mask_ops_idx = 0 : i32} : (vector<64xi1>) -> ()
    %370 = "vector.broadcast"(%arg87) : (f32) -> vector<64xf32>
    "annotation.mark"(%370) <{effects = ["write"]}> {reached_mask_ops_idx = 0 : i32} : (vector<64xf32>) -> ()
    %371 = "arith.select"(%369, %370, %368) : (vector<64xi1>, vector<64xf32>, vector<64xf32>) -> vector<64xf32>
    "annotation.mark"(%371) <{effects = ["write"]}> {reached_mask_ops_idx = 0 : i32} : (vector<64xf32>) -> ()
    "vector.transfer_write"(%371, %arg88, %350, %351) <{in_bounds = [true], operandSegmentSizes = array<i32: 1, 1, 1, 1>, permutation_map = #map1}> : (vector<64xf32>, memref<6xf32, #hivm.address_space<ub>>, index, vector<64xi1>) -> ()
    "func.return"() : () -> ()
  }) {hivm.func_core_type = #hivm.func_core_type<AIV>, hivm.vector_function} : () -> ()
  "func.func"() <{function_type = (memref<64xi32, #hivm.address_space<ub>>) -> (), no_inline, sym_name = "paged_prefill_verify_grouped_kernel_mix_aiv_outlined_vf_6"}> ({
  ^bb0(%arg79: memref<64xi32, #hivm.address_space<ub>>):
    %339 = "arith.constant"() <{value = 0 : index}> : () -> index
    %340 = "arith.constant"() <{value = dense<0> : vector<64xi32>}> : () -> vector<64xi32>
    %341 = "arith.constant"() <{value = dense<[0, 1, 2, 3, 4, 5, 6, 7, 8, 9, 10, 11, 12, 13, 14, 15, 16, 17, 18, 19, 20, 21, 22, 23, 24, 25, 26, 27, 28, 29, 30, 31, 32, 33, 34, 35, 36, 37, 38, 39, 40, 41, 42, 43, 44, 45, 46, 47, 48, 49, 50, 51, 52, 53, 54, 55, 56, 57, 58, 59, 60, 61, 62, 63]> : vector<64xi32>}> : () -> vector<64xi32>
    %342 = "arith.addi"(%340, %341) <{overflowFlags = #arith.overflow<none>}> : (vector<64xi32>, vector<64xi32>) -> vector<64xi32>
    "vector.transfer_write"(%342, %arg79, %339) <{in_bounds = [true], operandSegmentSizes = array<i32: 1, 1, 1, 0>, permutation_map = #map1}> : (vector<64xi32>, memref<64xi32, #hivm.address_space<ub>>, index) -> ()
    "func.return"() : () -> ()
  }) {hivm.func_core_type = #hivm.func_core_type<AIV>, hivm.vector_function} : () -> ()
  "func.func"() <{function_type = (memref<6xi32, #hivm.address_space<ub>>, i32, memref<6xi32, #hivm.address_space<ub>>) -> (), no_inline, sym_name = "paged_prefill_verify_grouped_kernel_mix_aiv_outlined_vf_7"}> ({
  ^bb0(%arg76: memref<6xi32, #hivm.address_space<ub>>, %arg77: i32, %arg78: memref<6xi32, #hivm.address_space<ub>>):
    %333 = "arith.constant"() <{value = 0 : i32}> : () -> i32
    %334 = "arith.constant"() <{value = 0 : index}> : () -> index
    %335 = "vector.constant_mask"() <{mask_dim_sizes = [6]}> : () -> vector<64xi1>
    "annotation.mark"(%335) <{effects = ["write"]}> {mask_op_idx = 0 : i32} : (vector<64xi1>) -> ()
    %336 = "vector.transfer_read"(%arg76, %334, %333, %335) <{in_bounds = [true], operandSegmentSizes = array<i32: 1, 1, 1, 1>, permutation_map = #map1}> : (memref<6xi32, #hivm.address_space<ub>>, index, i32, vector<64xi1>) -> vector<64xi32>
    "annotation.mark"(%336) <{effects = ["write"]}> {reached_mask_ops_idx = 0 : i32} : (vector<64xi32>) -> ()
    %337 = "vector.broadcast"(%arg77) : (i32) -> vector<64xi32>
    "annotation.mark"(%337) <{effects = ["write"]}> {reached_mask_ops_idx = 0 : i32} : (vector<64xi32>) -> ()
    %338 = "arith.addi"(%336, %337) <{overflowFlags = #arith.overflow<none>}> : (vector<64xi32>, vector<64xi32>) -> vector<64xi32>
    "annotation.mark"(%338) <{effects = ["write"]}> {reached_mask_ops_idx = 0 : i32} : (vector<64xi32>) -> ()
    "vector.transfer_write"(%338, %arg78, %334, %335) <{in_bounds = [true], operandSegmentSizes = array<i32: 1, 1, 1, 1>, permutation_map = #map1}> : (vector<64xi32>, memref<6xi32, #hivm.address_space<ub>>, index, vector<64xi1>) -> ()
    "func.return"() : () -> ()
  }) {hivm.func_core_type = #hivm.func_core_type<AIV>, hivm.vector_function} : () -> ()
  "func.func"() <{function_type = (memref<6x1xi32, #hivm.address_space<ub>>, memref<6x1xf32, #hivm.address_space<ub>>) -> (), no_inline, sym_name = "paged_prefill_verify_grouped_kernel_mix_aiv_outlined_vf_8"}> ({
  ^bb0(%arg73: memref<6x1xi32, #hivm.address_space<ub>>, %arg74: memref<6x1xf32, #hivm.address_space<ub>>):
    %321 = "arith.constant"() <{value = 0 : i32}> : () -> i32
    %322 = "arith.constant"() <{value = 6 : index}> : () -> index
    %323 = "arith.constant"() <{value = 1 : index}> : () -> index
    %324 = "arith.constant"() <{value = 0 : index}> : () -> index
    "scf.for"(%324, %322, %323) ({
    ^bb0(%arg75: index):
      %325 = "memref.subview"(%arg73, %arg75) <{operandSegmentSizes = array<i32: 1, 1, 0, 0>, static_offsets = array<i64: -9223372036854775808, 0>, static_sizes = array<i64: 1, 1>, static_strides = array<i64: 1, 1>}> : (memref<6x1xi32, #hivm.address_space<ub>>, index) -> memref<1x1xi32, strided<[1, 1], offset: ?>, #hivm.address_space<ub>>
      %326 = "memref.subview"(%arg74, %arg75) <{operandSegmentSizes = array<i32: 1, 1, 0, 0>, static_offsets = array<i64: -9223372036854775808, 0>, static_sizes = array<i64: 1, 1>, static_strides = array<i64: 1, 1>}> : (memref<6x1xf32, #hivm.address_space<ub>>, index) -> memref<1x1xf32, strided<[1, 1], offset: ?>, #hivm.address_space<ub>>
      %327 = "vector.constant_mask"() <{mask_dim_sizes = [1]}> : () -> vector<64xi1>
      %328 = "vector.shape_cast"(%327) : (vector<64xi1>) -> vector<1x64xi1>
      "annotation.mark"(%328) <{effects = ["write"]}> {mask_op_idx = -1 : i32} : (vector<1x64xi1>) -> ()
      %329 = "vector.transfer_read"(%325, %324, %324, %321, %328) <{in_bounds = [true, true], operandSegmentSizes = array<i32: 1, 2, 1, 1>, permutation_map = #map11}> : (memref<1x1xi32, strided<[1, 1], offset: ?>, #hivm.address_space<ub>>, index, index, i32, vector<1x64xi1>) -> vector<1x64xi32>
      %330 = "vector.shape_cast"(%329) : (vector<1x64xi32>) -> vector<64xi32>
      %331 = "arith.sitofp"(%330) {enable_saturate = false, round_mode = #hfusion.round_mode<rint>, unsigned_mode = #hfusion.unsigned_mode<si2si>} : (vector<64xi32>) -> vector<64xf32>
      %332 = "vector.shape_cast"(%331) : (vector<64xf32>) -> vector<1x64xf32>
      "vector.transfer_write"(%332, %326, %324, %324, %328) <{in_bounds = [true, true], operandSegmentSizes = array<i32: 1, 1, 2, 1>, permutation_map = #map11}> : (vector<1x64xf32>, memref<1x1xf32, strided<[1, 1], offset: ?>, #hivm.address_space<ub>>, index, index, vector<1x64xi1>) -> ()
      "scf.yield"() : () -> ()
    }) : (index, index, index) -> ()
    "func.return"() : () -> ()
  }) {hivm.func_core_type = #hivm.func_core_type<AIV>, hivm.vector_function} : () -> ()
  "func.func"() <{function_type = (memref<64xi32, #hivm.address_space<ub>>, i32, memref<64xi32, #hivm.address_space<ub>>) -> (), no_inline, sym_name = "paged_prefill_verify_grouped_kernel_mix_aiv_outlined_vf_9"}> ({
  ^bb0(%arg70: memref<64xi32, #hivm.address_space<ub>>, %arg71: i32, %arg72: memref<64xi32, #hivm.address_space<ub>>):
    %316 = "arith.constant"() <{value = 0 : i32}> : () -> i32
    %317 = "arith.constant"() <{value = 0 : index}> : () -> index
    %318 = "vector.transfer_read"(%arg70, %317, %316) <{in_bounds = [true], operandSegmentSizes = array<i32: 1, 1, 1, 0>, permutation_map = #map1}> : (memref<64xi32, #hivm.address_space<ub>>, index, i32) -> vector<64xi32>
    %319 = "vector.broadcast"(%arg71) : (i32) -> vector<64xi32>
    %320 = "arith.addi"(%318, %319) <{overflowFlags = #arith.overflow<none>}> : (vector<64xi32>, vector<64xi32>) -> vector<64xi32>
    "vector.transfer_write"(%320, %arg72, %317) <{in_bounds = [true], operandSegmentSizes = array<i32: 1, 1, 1, 0>, permutation_map = #map1}> : (vector<64xi32>, memref<64xi32, #hivm.address_space<ub>>, index) -> ()
    "func.return"() : () -> ()
  }) {hivm.func_core_type = #hivm.func_core_type<AIV>, hivm.vector_function} : () -> ()
  "func.func"() <{function_type = (memref<1x64xi32, #hivm.address_space<ub>>, memref<1x64xf32, #hivm.address_space<ub>>) -> (), no_inline, sym_name = "paged_prefill_verify_grouped_kernel_mix_aiv_outlined_vf_10"}> ({
  ^bb0(%arg68: memref<1x64xi32, #hivm.address_space<ub>>, %arg69: memref<1x64xf32, #hivm.address_space<ub>>):
    %310 = "arith.constant"() <{value = 0 : index}> : () -> index
    %311 = "arith.constant"() <{value = 0 : i32}> : () -> i32
    %312 = "memref.subview"(%arg68) <{operandSegmentSizes = array<i32: 1, 0, 0, 0>, static_offsets = array<i64: 0, 0>, static_sizes = array<i64: 1, 64>, static_strides = array<i64: 1, 1>}> : (memref<1x64xi32, #hivm.address_space<ub>>) -> memref<64xi32, strided<[1]>, #hivm.address_space<ub>>
    %313 = "vector.transfer_read"(%312, %310, %311) <{in_bounds = [true], operandSegmentSizes = array<i32: 1, 1, 1, 0>, permutation_map = #map1}> : (memref<64xi32, strided<[1]>, #hivm.address_space<ub>>, index, i32) -> vector<64xi32>
    %314 = "arith.sitofp"(%313) {enable_saturate = false, round_mode = #hfusion.round_mode<rint>, unsigned_mode = #hfusion.unsigned_mode<si2si>} : (vector<64xi32>) -> vector<64xf32>
    %315 = "memref.subview"(%arg69) <{operandSegmentSizes = array<i32: 1, 0, 0, 0>, static_offsets = array<i64: 0, 0>, static_sizes = array<i64: 1, 64>, static_strides = array<i64: 1, 1>}> : (memref<1x64xf32, #hivm.address_space<ub>>) -> memref<64xf32, strided<[1]>, #hivm.address_space<ub>>
    "vector.transfer_write"(%314, %315, %310) <{in_bounds = [true], operandSegmentSizes = array<i32: 1, 1, 1, 0>, permutation_map = #map1}> : (vector<64xf32>, memref<64xf32, strided<[1]>, #hivm.address_space<ub>>, index) -> ()
    "func.return"() : () -> ()
  }) {hivm.func_core_type = #hivm.func_core_type<AIV>, hivm.vector_function} : () -> ()
  "func.func"() <{function_type = (memref<6x1xf32, #hivm.address_space<ub>>, memref<1x64xf32, #hivm.address_space<ub>>, memref<6x64xi1, strided<[256, 1]>, #hivm.address_space<ub>>) -> (), no_inline, sym_name = "paged_prefill_verify_grouped_kernel_mix_aiv_outlined_vf_11"}> ({
  ^bb0(%arg64: memref<6x1xf32, #hivm.address_space<ub>>, %arg65: memref<1x64xf32, #hivm.address_space<ub>>, %arg66: memref<6x64xi1, strided<[256, 1]>, #hivm.address_space<ub>>):
    %298 = "arith.constant"() <{value = 0.000000e+00 : f32}> : () -> f32
    %299 = "arith.constant"() <{value = 1 : index}> : () -> index
    %300 = "arith.constant"() <{value = 6 : index}> : () -> index
    %301 = "arith.constant"() <{value = 0 : index}> : () -> index
    "scf.for"(%301, %300, %299) ({
    ^bb0(%arg67: index):
      %302 = "memref.subview"(%arg64, %arg67) <{operandSegmentSizes = array<i32: 1, 1, 0, 0>, static_offsets = array<i64: -9223372036854775808, 0>, static_sizes = array<i64: 1, 1>, static_strides = array<i64: 1, 1>}> : (memref<6x1xf32, #hivm.address_space<ub>>, index) -> memref<1x1xf32, strided<[1, 1], offset: ?>, #hivm.address_space<ub>>
      %303 = "memref.subview"(%arg66, %arg67) <{operandSegmentSizes = array<i32: 1, 1, 0, 0>, static_offsets = array<i64: -9223372036854775808, 0>, static_sizes = array<i64: 1, 64>, static_strides = array<i64: 1, 1>}> : (memref<6x64xi1, strided<[256, 1]>, #hivm.address_space<ub>>, index) -> memref<1x64xi1, strided<[256, 1], offset: ?>, #hivm.address_space<ub>>
      %304 = "vector.transfer_read"(%arg65, %301, %301, %298) <{in_bounds = [true, true], operandSegmentSizes = array<i32: 1, 2, 1, 0>, permutation_map = #map12}> : (memref<1x64xf32, #hivm.address_space<ub>>, index, index, f32) -> vector<1x64xf32>
      %305 = "vector.transfer_read"(%302, %301, %301, %298) <{in_bounds = [true, true], operandSegmentSizes = array<i32: 1, 2, 1, 0>, permutation_map = #map13}> : (memref<1x1xf32, strided<[1, 1], offset: ?>, #hivm.address_space<ub>>, index, index, f32) -> vector<1x64xf32>
      %306 = "vector.shape_cast"(%304) : (vector<1x64xf32>) -> vector<64xf32>
      %307 = "vector.shape_cast"(%305) : (vector<1x64xf32>) -> vector<64xf32>
      %308 = "arith.cmpf"(%306, %307) <{fastmath = #arith.fastmath<none>, predicate = 5 : i64}> : (vector<64xf32>, vector<64xf32>) -> vector<64xi1>
      %309 = "memref.subview"(%303) <{operandSegmentSizes = array<i32: 1, 0, 0, 0>, static_offsets = array<i64: 0, 0>, static_sizes = array<i64: 1, 64>, static_strides = array<i64: 1, 1>}> : (memref<1x64xi1, strided<[256, 1], offset: ?>, #hivm.address_space<ub>>) -> memref<64xi1, #map, #hivm.address_space<ub>>
      "vector.transfer_write"(%308, %309, %301) <{in_bounds = [true], operandSegmentSizes = array<i32: 1, 1, 1, 0>, permutation_map = #map1}> : (vector<64xi1>, memref<64xi1, #map, #hivm.address_space<ub>>, index) -> ()
      "scf.yield"() : () -> ()
    }) : (index, index, index) -> ()
    "func.return"() : () -> ()
  }) {hivm.func_core_type = #hivm.func_core_type<AIV>, hivm.vector_function} : () -> ()
  "func.func"() <{function_type = (memref<1x64xf32, #hivm.address_space<ub>>, f32, memref<1x64xi1, #hivm.address_space<ub>>) -> (), no_inline, sym_name = "paged_prefill_verify_grouped_kernel_mix_aiv_outlined_vf_12"}> ({
  ^bb0(%arg61: memref<1x64xf32, #hivm.address_space<ub>>, %arg62: f32, %arg63: memref<1x64xi1, #hivm.address_space<ub>>):
    %291 = "arith.constant"() <{value = 0 : index}> : () -> index
    %292 = "arith.constant"() <{value = 0.000000e+00 : f32}> : () -> f32
    %293 = "memref.subview"(%arg61) <{operandSegmentSizes = array<i32: 1, 0, 0, 0>, static_offsets = array<i64: 0, 0>, static_sizes = array<i64: 1, 64>, static_strides = array<i64: 1, 1>}> : (memref<1x64xf32, #hivm.address_space<ub>>) -> memref<64xf32, strided<[1]>, #hivm.address_space<ub>>
    %294 = "vector.transfer_read"(%293, %291, %292) <{in_bounds = [true], operandSegmentSizes = array<i32: 1, 1, 1, 0>, permutation_map = #map1}> : (memref<64xf32, strided<[1]>, #hivm.address_space<ub>>, index, f32) -> vector<64xf32>
    %295 = "vector.broadcast"(%arg62) : (f32) -> vector<64xf32>
    %296 = "arith.cmpf"(%294, %295) <{fastmath = #arith.fastmath<none>, predicate = 4 : i64}> : (vector<64xf32>, vector<64xf32>) -> vector<64xi1>
    %297 = "memref.subview"(%arg63) <{operandSegmentSizes = array<i32: 1, 0, 0, 0>, static_offsets = array<i64: 0, 0>, static_sizes = array<i64: 1, 64>, static_strides = array<i64: 1, 1>}> : (memref<1x64xi1, #hivm.address_space<ub>>) -> memref<64xi1, strided<[1]>, #hivm.address_space<ub>>
    "vector.transfer_write"(%296, %297, %291) <{in_bounds = [true], operandSegmentSizes = array<i32: 1, 1, 1, 0>, permutation_map = #map1}> : (vector<64xi1>, memref<64xi1, strided<[1]>, #hivm.address_space<ub>>, index) -> ()
    "func.return"() : () -> ()
  }) {hivm.func_core_type = #hivm.func_core_type<AIV>, hivm.vector_function} : () -> ()
  "func.func"() <{function_type = (memref<6x64xi1, strided<[256, 1]>, #hivm.address_space<ub>>, memref<64xi1, #hivm.address_space<ub>>, memref<6x64xi1, strided<[256, 1]>, #hivm.address_space<ub>>, memref<6x64xi1, strided<[256, 1]>, #hivm.address_space<ub>>) -> (), no_inline, sym_name = "paged_prefill_verify_grouped_kernel_mix_aiv_outlined_vf_13"}> ({
  ^bb0(%arg56: memref<6x64xi1, strided<[256, 1]>, #hivm.address_space<ub>>, %arg57: memref<64xi1, #hivm.address_space<ub>>, %arg58: memref<6x64xi1, strided<[256, 1]>, #hivm.address_space<ub>>, %arg59: memref<6x64xi1, strided<[256, 1]>, #hivm.address_space<ub>>):
    %270 = "arith.constant"() <{value = dense<0.000000e+00> : vector<128xf16>}> : () -> vector<128xf16>
    %271 = "arith.constant"() <{value = dense<-1.000000e+00> : vector<128xf16>}> : () -> vector<128xf16>
    %272 = "arith.constant"() <{value = false}> : () -> i1
    %273 = "arith.constant"() <{value = 1 : index}> : () -> index
    %274 = "arith.constant"() <{value = 6 : index}> : () -> index
    %275 = "arith.constant"() <{value = 0 : index}> : () -> index
    "scf.for"(%275, %274, %273) ({
    ^bb0(%arg60: index):
      %276 = "memref.subview"(%arg56, %arg60) <{operandSegmentSizes = array<i32: 1, 1, 0, 0>, static_offsets = array<i64: -9223372036854775808, 0>, static_sizes = array<i64: 1, 64>, static_strides = array<i64: 1, 1>}> : (memref<6x64xi1, strided<[256, 1]>, #hivm.address_space<ub>>, index) -> memref<1x64xi1, strided<[256, 1], offset: ?>, #hivm.address_space<ub>>
      %277 = "memref.subview"(%arg58, %arg60) <{operandSegmentSizes = array<i32: 1, 1, 0, 0>, static_offsets = array<i64: -9223372036854775808, 0>, static_sizes = array<i64: 1, 64>, static_strides = array<i64: 1, 1>}> : (memref<6x64xi1, strided<[256, 1]>, #hivm.address_space<ub>>, index) -> memref<1x64xi1, strided<[256, 1], offset: ?>, #hivm.address_space<ub>>
      %278 = "vector.constant_mask"() <{mask_dim_sizes = [64]}> : () -> vector<128xi1>
      "annotation.mark"(%278) <{effects = ["write"]}> {mask_op_idx = 0 : i32} : (vector<128xi1>) -> ()
      %279 = "vector.transfer_read"(%arg57, %275, %272, %278) <{in_bounds = [true, true], operandSegmentSizes = array<i32: 1, 1, 1, 1>, permutation_map = #map14}> : (memref<64xi1, #hivm.address_space<ub>>, index, i1, vector<128xi1>) -> vector<1x128xi1>
      "annotation.mark"(%279) <{effects = ["write"]}> {reached_mask_ops_idx = 0 : i32} : (vector<1x128xi1>) -> ()
      %280 = "vector.shape_cast"(%279) : (vector<1x128xi1>) -> vector<128xi1>
      "annotation.mark"(%280) <{effects = ["write"]}> {reached_mask_ops_idx = 0 : i32} : (vector<128xi1>) -> ()
      %281 = "arith.select"(%280, %271, %270) : (vector<128xi1>, vector<128xf16>, vector<128xf16>) -> vector<128xf16>
      "annotation.mark"(%281) <{effects = ["write"]}> {reached_mask_ops_idx = 0 : i32} : (vector<128xf16>) -> ()
      %282 = "arith.cmpf"(%281, %270) <{fastmath = #arith.fastmath<none>, predicate = 13 : i64}> : (vector<128xf16>, vector<128xf16>) -> vector<128xi1>
      "annotation.mark"(%282) <{effects = ["write"]}> {reached_mask_ops_idx = 0 : i32} : (vector<128xi1>) -> ()
      %283 = "memref.subview"(%277) <{operandSegmentSizes = array<i32: 1, 0, 0, 0>, static_offsets = array<i64: 0, 0>, static_sizes = array<i64: 1, 64>, static_strides = array<i64: 1, 1>}> : (memref<1x64xi1, strided<[256, 1], offset: ?>, #hivm.address_space<ub>>) -> memref<64xi1, #map, #hivm.address_space<ub>>
      "vector.transfer_write"(%282, %283, %275, %278) <{in_bounds = [true], operandSegmentSizes = array<i32: 1, 1, 1, 1>, permutation_map = #map1}> : (vector<128xi1>, memref<64xi1, #map, #hivm.address_space<ub>>, index, vector<128xi1>) -> ()
      %284 = "memref.subview"(%arg59, %arg60) <{operandSegmentSizes = array<i32: 1, 1, 0, 0>, static_offsets = array<i64: -9223372036854775808, 0>, static_sizes = array<i64: 1, 64>, static_strides = array<i64: 1, 1>}> : (memref<6x64xi1, strided<[256, 1]>, #hivm.address_space<ub>>, index) -> memref<1x64xi1, strided<[256, 1], offset: ?>, #hivm.address_space<ub>>
      %285 = "vector.constant_mask"() <{mask_dim_sizes = [64]}> : () -> vector<256xi1>
      "annotation.mark"(%285) <{effects = ["write"]}> {mask_op_idx = 1 : i32} : (vector<256xi1>) -> ()
      %286 = "memref.subview"(%276) <{operandSegmentSizes = array<i32: 1, 0, 0, 0>, static_offsets = array<i64: 0, 0>, static_sizes = array<i64: 1, 64>, static_strides = array<i64: 1, 1>}> : (memref<1x64xi1, strided<[256, 1], offset: ?>, #hivm.address_space<ub>>) -> memref<64xi1, #map, #hivm.address_space<ub>>
      %287 = "vector.transfer_read"(%286, %275, %272, %285) <{in_bounds = [true], operandSegmentSizes = array<i32: 1, 1, 1, 1>, permutation_map = #map1}> : (memref<64xi1, #map, #hivm.address_space<ub>>, index, i1, vector<256xi1>) -> vector<256xi1>
      "annotation.mark"(%287) <{effects = ["write"]}> {reached_mask_ops_idx = 1 : i32} : (vector<256xi1>) -> ()
      %288 = "vector.transfer_read"(%283, %275, %272, %285) <{in_bounds = [true], operandSegmentSizes = array<i32: 1, 1, 1, 1>, permutation_map = #map1}> : (memref<64xi1, #map, #hivm.address_space<ub>>, index, i1, vector<256xi1>) -> vector<256xi1>
      "annotation.mark"(%288) <{effects = ["write"]}> {reached_mask_ops_idx = 1 : i32} : (vector<256xi1>) -> ()
      %289 = "arith.andi"(%287, %288) : (vector<256xi1>, vector<256xi1>) -> vector<256xi1>
      "annotation.mark"(%289) <{effects = ["write"]}> {reached_mask_ops_idx = 1 : i32} : (vector<256xi1>) -> ()
      %290 = "memref.subview"(%284) <{operandSegmentSizes = array<i32: 1, 0, 0, 0>, static_offsets = array<i64: 0, 0>, static_sizes = array<i64: 1, 64>, static_strides = array<i64: 1, 1>}> : (memref<1x64xi1, strided<[256, 1], offset: ?>, #hivm.address_space<ub>>) -> memref<64xi1, #map, #hivm.address_space<ub>>
      "vector.transfer_write"(%289, %290, %275, %285) <{in_bounds = [true], operandSegmentSizes = array<i32: 1, 1, 1, 1>, permutation_map = #map1}> : (vector<256xi1>, memref<64xi1, #map, #hivm.address_space<ub>>, index, vector<256xi1>) -> ()
      "scf.yield"() : () -> ()
    }) : (index, index, index) -> ()
    "func.return"() : () -> ()
  }) {hivm.func_core_type = #hivm.func_core_type<AIV>, hivm.vector_function} : () -> ()
  "func.func"() <{function_type = (memref<6x64xi1, strided<[256, 1]>, #hivm.address_space<ub>>, memref<6x64xf32, #hivm.address_space<ub>>, f32, memref<6x64xf32, #hivm.address_space<ub>>) -> (), no_inline, sym_name = "paged_prefill_verify_grouped_kernel_mix_aiv_outlined_vf_14"}> ({
  ^bb0(%arg51: memref<6x64xi1, strided<[256, 1]>, #hivm.address_space<ub>>, %arg52: memref<6x64xf32, #hivm.address_space<ub>>, %arg53: f32, %arg54: memref<6x64xf32, #hivm.address_space<ub>>):
    %253 = "arith.constant"() <{value = dense<-1.000000e+06> : vector<64xf32>}> : () -> vector<64xf32>
    %254 = "arith.constant"() <{value = 0.000000e+00 : f32}> : () -> f32
    %255 = "arith.constant"() <{value = false}> : () -> i1
    %256 = "arith.constant"() <{value = 1 : index}> : () -> index
    %257 = "arith.constant"() <{value = 6 : index}> : () -> index
    %258 = "arith.constant"() <{value = 0 : index}> : () -> index
    "scf.for"(%258, %257, %256) ({
    ^bb0(%arg55: index):
      %259 = "memref.subview"(%arg51, %arg55) <{operandSegmentSizes = array<i32: 1, 1, 0, 0>, static_offsets = array<i64: -9223372036854775808, 0>, static_sizes = array<i64: 1, 64>, static_strides = array<i64: 1, 1>}> : (memref<6x64xi1, strided<[256, 1]>, #hivm.address_space<ub>>, index) -> memref<1x64xi1, strided<[256, 1], offset: ?>, #hivm.address_space<ub>>
      %260 = "memref.subview"(%arg52, %arg55) <{operandSegmentSizes = array<i32: 1, 1, 0, 0>, static_offsets = array<i64: -9223372036854775808, 0>, static_sizes = array<i64: 1, 64>, static_strides = array<i64: 1, 1>}> : (memref<6x64xf32, #hivm.address_space<ub>>, index) -> memref<1x64xf32, strided<[64, 1], offset: ?>, #hivm.address_space<ub>>
      %261 = "memref.subview"(%arg54, %arg55) <{operandSegmentSizes = array<i32: 1, 1, 0, 0>, static_offsets = array<i64: -9223372036854775808, 0>, static_sizes = array<i64: 1, 64>, static_strides = array<i64: 1, 1>}> : (memref<6x64xf32, #hivm.address_space<ub>>, index) -> memref<1x64xf32, strided<[64, 1], offset: ?>, #hivm.address_space<ub>>
      %262 = "memref.subview"(%259) <{operandSegmentSizes = array<i32: 1, 0, 0, 0>, static_offsets = array<i64: 0, 0>, static_sizes = array<i64: 1, 64>, static_strides = array<i64: 1, 1>}> : (memref<1x64xi1, strided<[256, 1], offset: ?>, #hivm.address_space<ub>>) -> memref<64xi1, #map, #hivm.address_space<ub>>
      %263 = "vector.transfer_read"(%262, %258, %255) <{in_bounds = [true], operandSegmentSizes = array<i32: 1, 1, 1, 0>, permutation_map = #map1}> : (memref<64xi1, #map, #hivm.address_space<ub>>, index, i1) -> vector<64xi1>
      %264 = "memref.subview"(%260) <{operandSegmentSizes = array<i32: 1, 0, 0, 0>, static_offsets = array<i64: 0, 0>, static_sizes = array<i64: 1, 64>, static_strides = array<i64: 1, 1>}> : (memref<1x64xf32, strided<[64, 1], offset: ?>, #hivm.address_space<ub>>) -> memref<64xf32, #map, #hivm.address_space<ub>>
      %265 = "vector.transfer_read"(%264, %258, %254) <{in_bounds = [true], operandSegmentSizes = array<i32: 1, 1, 1, 0>, permutation_map = #map1}> : (memref<64xf32, #map, #hivm.address_space<ub>>, index, f32) -> vector<64xf32>
      %266 = "vector.broadcast"(%arg53) : (f32) -> vector<64xf32>
      %267 = "arith.mulf"(%265, %266) <{fastmath = #arith.fastmath<none>}> : (vector<64xf32>, vector<64xf32>) -> vector<64xf32>
      %268 = "arith.select"(%263, %267, %253) : (vector<64xi1>, vector<64xf32>, vector<64xf32>) -> vector<64xf32>
      %269 = "memref.subview"(%261) <{operandSegmentSizes = array<i32: 1, 0, 0, 0>, static_offsets = array<i64: 0, 0>, static_sizes = array<i64: 1, 64>, static_strides = array<i64: 1, 1>}> : (memref<1x64xf32, strided<[64, 1], offset: ?>, #hivm.address_space<ub>>) -> memref<64xf32, #map, #hivm.address_space<ub>>
      "vector.transfer_write"(%268, %269, %258) <{in_bounds = [true], operandSegmentSizes = array<i32: 1, 1, 1, 0>, permutation_map = #map1}> : (vector<64xf32>, memref<64xf32, #map, #hivm.address_space<ub>>, index) -> ()
      "scf.yield"() : () -> ()
    }) : (index, index, index) -> ()
    "func.return"() : () -> ()
  }) {hivm.func_core_type = #hivm.func_core_type<AIV>, hivm.vector_function} : () -> ()
  "func.func"() <{function_type = (memref<6xf32, #hivm.address_space<ub>>, memref<6xf32, #hivm.address_space<ub>>, memref<6x64xf32, #hivm.address_space<ub>>, memref<6xf32, #hivm.address_space<ub>>) -> (), no_inline, sym_name = "paged_prefill_verify_grouped_kernel_mix_aiv_outlined_vf_15"}> ({
  ^bb0(%arg46: memref<6xf32, #hivm.address_space<ub>>, %arg47: memref<6xf32, #hivm.address_space<ub>>, %arg48: memref<6x64xf32, #hivm.address_space<ub>>, %arg49: memref<6xf32, #hivm.address_space<ub>>):
    %234 = "arith.constant"() <{value = 0.000000e+00 : f32}> : () -> f32
    %235 = "arith.constant"() <{value = 1 : index}> : () -> index
    %236 = "arith.constant"() <{value = 0 : index}> : () -> index
    %237 = "arith.constant"() <{value = 6 : index}> : () -> index
    "scf.for"(%236, %237, %235) ({
    ^bb0(%arg50: index):
      %242 = "memref.subview"(%arg47, %arg50) <{operandSegmentSizes = array<i32: 1, 1, 0, 0>, static_offsets = array<i64: -9223372036854775808>, static_sizes = array<i64: 1>, static_strides = array<i64: 1>}> : (memref<6xf32, #hivm.address_space<ub>>, index) -> memref<1xf32, strided<[1], offset: ?>, #hivm.address_space<ub>>
      %243 = "memref.subview"(%arg48, %arg50) <{operandSegmentSizes = array<i32: 1, 1, 0, 0>, static_offsets = array<i64: -9223372036854775808, 0>, static_sizes = array<i64: 1, 64>, static_strides = array<i64: 1, 1>}> : (memref<6x64xf32, #hivm.address_space<ub>>, index) -> memref<1x64xf32, strided<[64, 1], offset: ?>, #hivm.address_space<ub>>
      %244 = "memref.subview"(%243) <{operandSegmentSizes = array<i32: 1, 0, 0, 0>, static_offsets = array<i64: 0, 0>, static_sizes = array<i64: 1, 64>, static_strides = array<i64: 1, 1>}> : (memref<1x64xf32, strided<[64, 1], offset: ?>, #hivm.address_space<ub>>) -> memref<64xf32, #map, #hivm.address_space<ub>>
      %245 = "vector.transfer_read"(%244, %236, %234) <{in_bounds = [true], operandSegmentSizes = array<i32: 1, 1, 1, 0>, permutation_map = #map1}> : (memref<64xf32, #map, #hivm.address_space<ub>>, index, f32) -> vector<64xf32>
      %246 = "memref.subview"(%242) <{operandSegmentSizes = array<i32: 1, 0, 0, 0>, static_offsets = array<i64: 0>, static_sizes = array<i64: 1>, static_strides = array<i64: 1>}> : (memref<1xf32, strided<[1], offset: ?>, #hivm.address_space<ub>>) -> memref<f32, strided<[], offset: ?>, #hivm.address_space<ub>>
      %247 = "vector.transfer_read"(%246, %234) <{in_bounds = [], operandSegmentSizes = array<i32: 1, 0, 1, 0>, permutation_map = #map2}> : (memref<f32, strided<[], offset: ?>, #hivm.address_space<ub>>, f32) -> vector<f32>
      %248 = "vector.shape_cast"(%247) : (vector<f32>) -> vector<1xf32>
      %249 = "builtin.unrealized_conversion_cast"(%248) : (vector<1xf32>) -> f32
      %250 = "vector.reduction"(%245, %249) <{fastmath = #arith.fastmath<none>, kind = #vector.kind<maximumf>}> {withoutInitMergeOp} : (vector<64xf32>, f32) -> f32
      %251 = "builtin.unrealized_conversion_cast"(%250) : (f32) -> vector<1xf32>
      %252 = "vector.shape_cast"(%251) : (vector<1xf32>) -> vector<f32>
      "vector.transfer_write"(%252, %246) <{in_bounds = [], operandSegmentSizes = array<i32: 1, 1, 0, 0>, permutation_map = #map2}> : (vector<f32>, memref<f32, strided<[], offset: ?>, #hivm.address_space<ub>>) -> ()
      "scf.yield"() : () -> ()
    }) : (index, index, index) -> ()
    %238 = "vector.constant_mask"() <{mask_dim_sizes = [6]}> : () -> vector<64xi1>
    "annotation.mark"(%238) <{effects = ["write"]}> {mask_op_idx = 0 : i32} : (vector<64xi1>) -> ()
    %239 = "vector.transfer_read"(%arg46, %236, %234, %238) <{in_bounds = [true], operandSegmentSizes = array<i32: 1, 1, 1, 1>, permutation_map = #map1}> : (memref<6xf32, #hivm.address_space<ub>>, index, f32, vector<64xi1>) -> vector<64xf32>
    "annotation.mark"(%239) <{effects = ["write"]}> {reached_mask_ops_idx = 0 : i32} : (vector<64xf32>) -> ()
    %240 = "vector.transfer_read"(%arg47, %236, %234, %238) <{in_bounds = [true], operandSegmentSizes = array<i32: 1, 1, 1, 1>, permutation_map = #map1}> : (memref<6xf32, #hivm.address_space<ub>>, index, f32, vector<64xi1>) -> vector<64xf32>
    "annotation.mark"(%240) <{effects = ["write"]}> {reached_mask_ops_idx = 0 : i32} : (vector<64xf32>) -> ()
    %241 = "arith.maximumf"(%239, %240) <{fastmath = #arith.fastmath<none>}> : (vector<64xf32>, vector<64xf32>) -> vector<64xf32>
    "annotation.mark"(%241) <{effects = ["write"]}> {reached_mask_ops_idx = 0 : i32} : (vector<64xf32>) -> ()
    "vector.transfer_write"(%241, %arg49, %236, %238) <{in_bounds = [true], operandSegmentSizes = array<i32: 1, 1, 1, 1>, permutation_map = #map1}> : (vector<64xf32>, memref<6xf32, #hivm.address_space<ub>>, index, vector<64xi1>) -> ()
    "func.return"() : () -> ()
  }) {hivm.func_core_type = #hivm.func_core_type<AIV>, hivm.vector_function} : () -> ()
  "func.func"() <{function_type = (memref<6xf32, #hivm.address_space<ub>>, memref<6x64xf32, #hivm.address_space<ub>>, memref<6x64xf32, #hivm.address_space<ub>>) -> (), no_inline, sym_name = "paged_prefill_verify_grouped_kernel_mix_aiv_outlined_vf_16"}> ({
  ^bb0(%arg42: memref<6xf32, #hivm.address_space<ub>>, %arg43: memref<6x64xf32, #hivm.address_space<ub>>, %arg44: memref<6x64xf32, #hivm.address_space<ub>>):
    %220 = "arith.constant"() <{value = 0.000000e+00 : f32}> : () -> f32
    %221 = "arith.constant"() <{value = 1 : index}> : () -> index
    %222 = "arith.constant"() <{value = 6 : index}> : () -> index
    %223 = "arith.constant"() <{value = 0 : index}> : () -> index
    "scf.for"(%223, %222, %221) ({
    ^bb0(%arg45: index):
      %224 = "memref.subview"(%arg42, %arg45) <{operandSegmentSizes = array<i32: 1, 1, 0, 0>, static_offsets = array<i64: -9223372036854775808>, static_sizes = array<i64: 1>, static_strides = array<i64: 1>}> : (memref<6xf32, #hivm.address_space<ub>>, index) -> memref<1xf32, strided<[1], offset: ?>, #hivm.address_space<ub>>
      %225 = "memref.subview"(%arg43, %arg45) <{operandSegmentSizes = array<i32: 1, 1, 0, 0>, static_offsets = array<i64: -9223372036854775808, 0>, static_sizes = array<i64: 1, 64>, static_strides = array<i64: 1, 1>}> : (memref<6x64xf32, #hivm.address_space<ub>>, index) -> memref<1x64xf32, strided<[64, 1], offset: ?>, #hivm.address_space<ub>>
      %226 = "memref.subview"(%arg44, %arg45) <{operandSegmentSizes = array<i32: 1, 1, 0, 0>, static_offsets = array<i64: -9223372036854775808, 0>, static_sizes = array<i64: 1, 64>, static_strides = array<i64: 1, 1>}> : (memref<6x64xf32, #hivm.address_space<ub>>, index) -> memref<1x64xf32, strided<[64, 1], offset: ?>, #hivm.address_space<ub>>
      %227 = "memref.subview"(%225) <{operandSegmentSizes = array<i32: 1, 0, 0, 0>, static_offsets = array<i64: 0, 0>, static_sizes = array<i64: 1, 64>, static_strides = array<i64: 1, 1>}> : (memref<1x64xf32, strided<[64, 1], offset: ?>, #hivm.address_space<ub>>) -> memref<64xf32, #map, #hivm.address_space<ub>>
      %228 = "vector.transfer_read"(%227, %223, %220) <{in_bounds = [true], operandSegmentSizes = array<i32: 1, 1, 1, 0>, permutation_map = #map1}> : (memref<64xf32, #map, #hivm.address_space<ub>>, index, f32) -> vector<64xf32>
      %229 = "vector.transfer_read"(%224, %223, %220) <{in_bounds = [true, true], operandSegmentSizes = array<i32: 1, 1, 1, 0>, permutation_map = #map4}> : (memref<1xf32, strided<[1], offset: ?>, #hivm.address_space<ub>>, index, f32) -> vector<1x64xf32>
      %230 = "vector.shape_cast"(%229) : (vector<1x64xf32>) -> vector<64xf32>
      %231 = "arith.subf"(%228, %230) <{fastmath = #arith.fastmath<none>}> : (vector<64xf32>, vector<64xf32>) -> vector<64xf32>
      %232 = "math.exp"(%231) <{fastmath = #arith.fastmath<none>}> : (vector<64xf32>) -> vector<64xf32>
      %233 = "memref.subview"(%226) <{operandSegmentSizes = array<i32: 1, 0, 0, 0>, static_offsets = array<i64: 0, 0>, static_sizes = array<i64: 1, 64>, static_strides = array<i64: 1, 1>}> : (memref<1x64xf32, strided<[64, 1], offset: ?>, #hivm.address_space<ub>>) -> memref<64xf32, #map, #hivm.address_space<ub>>
      "vector.transfer_write"(%232, %233, %223) <{in_bounds = [true], operandSegmentSizes = array<i32: 1, 1, 1, 0>, permutation_map = #map1}> : (vector<64xf32>, memref<64xf32, #map, #hivm.address_space<ub>>, index) -> ()
      "scf.yield"() : () -> ()
    }) : (index, index, index) -> ()
    "func.return"() : () -> ()
  }) {hivm.func_core_type = #hivm.func_core_type<AIV>, hivm.vector_function} : () -> ()
  "func.func"() <{function_type = (memref<6x64xf32, #hivm.address_space<ub>>, memref<6x64xbf16, #hivm.address_space<ub>>) -> (), no_inline, sym_name = "paged_prefill_verify_grouped_kernel_mix_aiv_outlined_vf_17"}> ({
  ^bb0(%arg39: memref<6x64xf32, #hivm.address_space<ub>>, %arg40: memref<6x64xbf16, #hivm.address_space<ub>>):
    %210 = "arith.constant"() <{value = 0.000000e+00 : f32}> : () -> f32
    %211 = "arith.constant"() <{value = 1 : index}> : () -> index
    %212 = "arith.constant"() <{value = 6 : index}> : () -> index
    %213 = "arith.constant"() <{value = 0 : index}> : () -> index
    "scf.for"(%213, %212, %211) ({
    ^bb0(%arg41: index):
      %214 = "memref.subview"(%arg39, %arg41) <{operandSegmentSizes = array<i32: 1, 1, 0, 0>, static_offsets = array<i64: -9223372036854775808, 0>, static_sizes = array<i64: 1, 64>, static_strides = array<i64: 1, 1>}> : (memref<6x64xf32, #hivm.address_space<ub>>, index) -> memref<1x64xf32, strided<[64, 1], offset: ?>, #hivm.address_space<ub>>
      %215 = "memref.subview"(%arg40, %arg41) <{operandSegmentSizes = array<i32: 1, 1, 0, 0>, static_offsets = array<i64: -9223372036854775808, 0>, static_sizes = array<i64: 1, 64>, static_strides = array<i64: 1, 1>}> : (memref<6x64xbf16, #hivm.address_space<ub>>, index) -> memref<1x64xbf16, strided<[64, 1], offset: ?>, #hivm.address_space<ub>>
      %216 = "memref.subview"(%214) <{operandSegmentSizes = array<i32: 1, 0, 0, 0>, static_offsets = array<i64: 0, 0>, static_sizes = array<i64: 1, 64>, static_strides = array<i64: 1, 1>}> : (memref<1x64xf32, strided<[64, 1], offset: ?>, #hivm.address_space<ub>>) -> memref<64xf32, #map, #hivm.address_space<ub>>
      %217 = "vector.transfer_read"(%216, %213, %210) <{in_bounds = [true], operandSegmentSizes = array<i32: 1, 1, 1, 0>, permutation_map = #map1}> : (memref<64xf32, #map, #hivm.address_space<ub>>, index, f32) -> vector<64xf32>
      %218 = "arith.truncf"(%217) {enable_saturate = false, round_mode = #hfusion.round_mode<rint>, unsigned_mode = #hfusion.unsigned_mode<si2si>} : (vector<64xf32>) -> vector<64xbf16>
      %219 = "memref.subview"(%215) <{operandSegmentSizes = array<i32: 1, 0, 0, 0>, static_offsets = array<i64: 0, 0>, static_sizes = array<i64: 1, 64>, static_strides = array<i64: 1, 1>}> : (memref<1x64xbf16, strided<[64, 1], offset: ?>, #hivm.address_space<ub>>) -> memref<64xbf16, #map, #hivm.address_space<ub>>
      "vector.transfer_write"(%218, %219, %213) <{in_bounds = [true], operandSegmentSizes = array<i32: 1, 1, 1, 0>, permutation_map = #map1}> : (vector<64xbf16>, memref<64xbf16, #map, #hivm.address_space<ub>>, index) -> ()
      "scf.yield"() : () -> ()
    }) : (index, index, index) -> ()
    "func.return"() : () -> ()
  }) {hivm.func_core_type = #hivm.func_core_type<AIV>, hivm.vector_function} : () -> ()
  "func.func"() <{function_type = (memref<6xf32, #hivm.address_space<ub>>, memref<6xf32, #hivm.address_space<ub>>) -> (), no_inline, sym_name = "paged_prefill_verify_grouped_kernel_mix_aiv_outlined_vf_21"}> ({
  ^bb0(%arg37: memref<6xf32, #hivm.address_space<ub>>, %arg38: memref<6xf32, #hivm.address_space<ub>>):
    %205 = "arith.constant"() <{value = 0.000000e+00 : f32}> : () -> f32
    %206 = "arith.constant"() <{value = 0 : index}> : () -> index
    %207 = "vector.constant_mask"() <{mask_dim_sizes = [6]}> : () -> vector<64xi1>
    "annotation.mark"(%207) <{effects = ["write"]}> {mask_op_idx = 0 : i32} : (vector<64xi1>) -> ()
    %208 = "vector.transfer_read"(%arg37, %206, %205, %207) <{in_bounds = [true], operandSegmentSizes = array<i32: 1, 1, 1, 1>, permutation_map = #map1}> : (memref<6xf32, #hivm.address_space<ub>>, index, f32, vector<64xi1>) -> vector<64xf32>
    "annotation.mark"(%208) <{effects = ["write"]}> {reached_mask_ops_idx = 0 : i32} : (vector<64xf32>) -> ()
    %209 = "math.exp"(%208) <{fastmath = #arith.fastmath<none>}> : (vector<64xf32>) -> vector<64xf32>
    "annotation.mark"(%209) <{effects = ["write"]}> {reached_mask_ops_idx = 0 : i32} : (vector<64xf32>) -> ()
    "vector.transfer_write"(%209, %arg38, %206, %207) <{in_bounds = [true], operandSegmentSizes = array<i32: 1, 1, 1, 1>, permutation_map = #map1}> : (vector<64xf32>, memref<6xf32, #hivm.address_space<ub>>, index, vector<64xi1>) -> ()
    "func.return"() : () -> ()
  }) {hivm.func_core_type = #hivm.func_core_type<AIV>, hivm.vector_function} : () -> ()
  "func.func"() <{function_type = (memref<6xf32, #hivm.address_space<ub>>, memref<6x256xf32, #hivm.address_space<ub>>, memref<6x256xbf16, #hivm.address_space<ub>>) -> (), no_inline, sym_name = "paged_prefill_verify_grouped_kernel_mix_aiv_outlined_vf_24"}> ({
  ^bb0(%arg32: memref<6xf32, #hivm.address_space<ub>>, %arg33: memref<6x256xf32, #hivm.address_space<ub>>, %arg34: memref<6x256xbf16, #hivm.address_space<ub>>):
    %189 = "arith.constant"() <{value = 0.000000e+00 : f32}> : () -> f32
    %190 = "arith.constant"() <{value = 1 : index}> : () -> index
    %191 = "arith.constant"() <{value = 6 : index}> : () -> index
    %192 = "arith.constant"() <{value = 64 : index}> : () -> index
    %193 = "arith.constant"() <{value = 256 : index}> : () -> index
    %194 = "arith.constant"() <{value = 0 : index}> : () -> index
    "scf.for"(%194, %191, %190) ({
    ^bb0(%arg35: index):
      %195 = "memref.subview"(%arg32, %arg35) <{operandSegmentSizes = array<i32: 1, 1, 0, 0>, static_offsets = array<i64: -9223372036854775808>, static_sizes = array<i64: 1>, static_strides = array<i64: 1>}> : (memref<6xf32, #hivm.address_space<ub>>, index) -> memref<1xf32, strided<[1], offset: ?>, #hivm.address_space<ub>>
      "scf.for"(%194, %193, %192) ({
      ^bb0(%arg36: index):
        %196 = "memref.subview"(%arg33, %arg35, %arg36) <{operandSegmentSizes = array<i32: 1, 2, 0, 0>, static_offsets = array<i64: -9223372036854775808, -9223372036854775808>, static_sizes = array<i64: 1, 64>, static_strides = array<i64: 1, 1>}> : (memref<6x256xf32, #hivm.address_space<ub>>, index, index) -> memref<1x64xf32, strided<[256, 1], offset: ?>, #hivm.address_space<ub>>
        %197 = "memref.subview"(%arg34, %arg35, %arg36) <{operandSegmentSizes = array<i32: 1, 2, 0, 0>, static_offsets = array<i64: -9223372036854775808, -9223372036854775808>, static_sizes = array<i64: 1, 64>, static_strides = array<i64: 1, 1>}> : (memref<6x256xbf16, #hivm.address_space<ub>>, index, index) -> memref<1x64xbf16, strided<[256, 1], offset: ?>, #hivm.address_space<ub>>
        %198 = "memref.subview"(%196) <{operandSegmentSizes = array<i32: 1, 0, 0, 0>, static_offsets = array<i64: 0, 0>, static_sizes = array<i64: 1, 64>, static_strides = array<i64: 1, 1>}> : (memref<1x64xf32, strided<[256, 1], offset: ?>, #hivm.address_space<ub>>) -> memref<64xf32, #map, #hivm.address_space<ub>>
        %199 = "vector.transfer_read"(%198, %194, %189) <{in_bounds = [true], operandSegmentSizes = array<i32: 1, 1, 1, 0>, permutation_map = #map1}> : (memref<64xf32, #map, #hivm.address_space<ub>>, index, f32) -> vector<64xf32>
        %200 = "vector.transfer_read"(%195, %194, %189) <{in_bounds = [true, true], operandSegmentSizes = array<i32: 1, 1, 1, 0>, permutation_map = #map4}> : (memref<1xf32, strided<[1], offset: ?>, #hivm.address_space<ub>>, index, f32) -> vector<1x64xf32>
        %201 = "vector.shape_cast"(%200) : (vector<1x64xf32>) -> vector<64xf32>
        %202 = "arith.divf"(%199, %201) <{fastmath = #arith.fastmath<none>}> : (vector<64xf32>, vector<64xf32>) -> vector<64xf32>
        %203 = "arith.truncf"(%202) {enable_saturate = false, round_mode = #hfusion.round_mode<rint>, unsigned_mode = #hfusion.unsigned_mode<si2si>} : (vector<64xf32>) -> vector<64xbf16>
        %204 = "memref.subview"(%197) <{operandSegmentSizes = array<i32: 1, 0, 0, 0>, static_offsets = array<i64: 0, 0>, static_sizes = array<i64: 1, 64>, static_strides = array<i64: 1, 1>}> : (memref<1x64xbf16, strided<[256, 1], offset: ?>, #hivm.address_space<ub>>) -> memref<64xbf16, #map, #hivm.address_space<ub>>
        "vector.transfer_write"(%203, %204, %194) <{in_bounds = [true], operandSegmentSizes = array<i32: 1, 1, 1, 0>, permutation_map = #map1}> : (vector<64xbf16>, memref<64xbf16, #map, #hivm.address_space<ub>>, index) -> ()
        "scf.yield"() : () -> ()
      }) : (index, index, index) -> ()
      "scf.yield"() : () -> ()
    }) : (index, index, index) -> ()
    "func.return"() : () -> ()
  }) {hivm.func_core_type = #hivm.func_core_type<AIV>, hivm.vector_function} : () -> ()
  "func.func"() <{arg_attrs = [{hacc.arg_type = #hacc.arg_type<sync_block_lock>}, {hacc.arg_type = #hacc.arg_type<workspace>}, {tt.divisibility = 16 : i32, tt.tensor_kind = 0 : i32}, {tt.divisibility = 16 : i32, tt.tensor_kind = 0 : i32}, {tt.divisibility = 16 : i32, tt.tensor_kind = 0 : i32}, {tt.divisibility = 16 : i32, tt.tensor_kind = 1 : i32}, {tt.divisibility = 16 : i32, tt.tensor_kind = 0 : i32}, {tt.divisibility = 16 : i32, tt.tensor_kind = 0 : i32}, {tt.divisibility = 16 : i32, tt.tensor_kind = 0 : i32}, {tt.divisibility = 16 : i32, tt.tensor_kind = 0 : i32}, {tt.divisibility = 16 : i32}, {tt.divisibility = 16 : i32}, {tt.divisibility = 16 : i32}, {tt.divisibility = 16 : i32}, {tt.divisibility = 16 : i32}, {tt.divisibility = 16 : i32}, {tt.divisibility = 16 : i32}, {tt.divisibility = 16 : i32}, {}, {}, {}, {}], function_type = (memref<?xi8, #hivm.address_space<gm>>, memref<?xi8, #hivm.address_space<gm>>, memref<?xbf16, #hivm.address_space<gm>>, memref<?xbf16, #hivm.address_space<gm>>, memref<?xbf16, #hivm.address_space<gm>>, memref<?xbf16, #hivm.address_space<gm>>, memref<?xi32, #hivm.address_space<gm>>, memref<?xi32, #hivm.address_space<gm>>, memref<?xi32, #hivm.address_space<gm>>, memref<?xf32, #hivm.address_space<gm>>, i32, i32, i32, i32, i32, i32, i32, i32, f32, i32, i32, i32) -> (), sym_name = "paged_prefill_verify_grouped_kernel_mix_aiv"}> ({
  ^bb0(%arg0: memref<?xi8, #hivm.address_space<gm>>, %arg1: memref<?xi8, #hivm.address_space<gm>>, %arg2: memref<?xbf16, #hivm.address_space<gm>>, %arg3: memref<?xbf16, #hivm.address_space<gm>>, %arg4: memref<?xbf16, #hivm.address_space<gm>>, %arg5: memref<?xbf16, #hivm.address_space<gm>>, %arg6: memref<?xi32, #hivm.address_space<gm>>, %arg7: memref<?xi32, #hivm.address_space<gm>>, %arg8: memref<?xi32, #hivm.address_space<gm>>, %arg9: memref<?xf32, #hivm.address_space<gm>>, %arg10: i32, %arg11: i32, %arg12: i32, %arg13: i32, %arg14: i32, %arg15: i32, %arg16: i32, %arg17: i32, %arg18: f32, %arg19: i32, %arg20: i32, %arg21: i32):
    %0 = "arith.constant"() <{value = 21536 : i64}> : () -> i64
    %1 = "arith.constant"() <{value = 15296 : i64}> : () -> i64
    %2 = "arith.constant"() <{value = 13216 : i64}> : () -> i64
    %3 = "arith.constant"() <{value = 13184 : i64}> : () -> i64
    %4 = "arith.constant"() <{value = 13152 : i64}> : () -> i64
    %5 = "arith.constant"() <{value = 11104 : i64}> : () -> i64
    %6 = "arith.constant"() <{value = 10336 : i64}> : () -> i64
    %7 = "arith.constant"() <{value = 15264 : i64}> : () -> i64
    %8 = "arith.constant"() <{value = 10304 : i64}> : () -> i64
    %9 = "arith.constant"() <{value = 8768 : i64}> : () -> i64
    %10 = "arith.constant"() <{value = 8576 : i64}> : () -> i64
    %11 = "arith.constant"() <{value = 8384 : i64}> : () -> i64
    %12 = "arith.constant"() <{value = 8128 : i64}> : () -> i64
    %13 = "arith.constant"() <{value = 15328 : i64}> : () -> i64
    %14 = "arith.constant"() <{value = 15360 : i64}> : () -> i64
    %15 = "arith.constant"() <{value = 8096 : i64}> : () -> i64
    %16 = "arith.constant"() <{value = 8064 : i64}> : () -> i64
    %17 = "arith.constant"() <{value = 8032 : i64}> : () -> i64
    %18 = "arith.constant"() <{value = 8000 : i64}> : () -> i64
    %19 = "arith.constant"() <{value = 1856 : i64}> : () -> i64
    %20 = "arith.constant"() <{value = 320 : i64}> : () -> i64
    %21 = "arith.constant"() <{value = 8192 : i64}> : () -> i64
    %22 = "arith.constant"() <{value = 64 : i64}> : () -> i64
    %23 = "arith.constant"() <{value = 21504 : i64}> : () -> i64
    %24 = "arith.constant"() <{value = 32 : i64}> : () -> i64
    %25 = "arith.constant"() <{value = 0 : i64}> : () -> i64
    %26 = "llvm.mlir.constant"() <{value = 1024 : i64}> : () -> i64
    %27 = "llvm.mlir.constant"() <{value = 0 : i64}> : () -> i64
    %28 = "llvm.mlir.constant"() <{value = 0 : i32}> : () -> i32
    %29 = "arith.constant"() <{value = 64 : i32}> : () -> i32
    %30 = "arith.constant"() <{value = 63 : i32}> : () -> i32
    %31 = "arith.constant"() <{value = 0 : i32}> : () -> i32
    %32 = "arith.constant"() <{value = 0 : index}> : () -> index
    %33 = "llvm.mlir.constant"() <{value = 4 : i64}> : () -> i64
    %34 = "llvm.mlir.constant"() <{value = 1028 : i64}> : () -> i64
    %35 = "llvm.mlir.constant"() <{value = 8 : i64}> : () -> i64
    %36 = "llvm.mlir.constant"() <{value = 1032 : i64}> : () -> i64
    %37 = "arith.constant"() <{value = 1024 : i64}> : () -> i64
    %38 = "arith.constant"() <{value = 4 : i64}> : () -> i64
    %39 = "arith.constant"() <{value = 8 : i64}> : () -> i64
    %40 = "arith.constant"() <{value = 3 : i32}> : () -> i32
    %41 = "arith.constant"() <{value = 2 : i32}> : () -> i32
    %42 = "arith.constant"() <{value = 1 : i32}> : () -> i32
    %43 = "arith.constant"() <{value = 28 : i32}> : () -> i32
    %44 = "arith.muli"(%arg19, %arg20) <{overflowFlags = #arith.overflow<none>}> : (i32, i32) -> i32
    %45 = "arith.muli"(%44, %arg21) <{overflowFlags = #arith.overflow<none>}> : (i32, i32) -> i32
    "annotation.mark"(%45) <{effects = ["write"]}> {logical_block_num} : (i32) -> ()
    %46 = "hivm.hir.get_block_idx"() : () -> i64
    %47 = "arith.trunci"(%46) : (i64) -> i32
    %48 = "llvm.inttoptr"(%27) : (i64) -> !llvm.ptr<11>
    %49 = "llvm.inttoptr"(%26) : (i64) -> !llvm.ptr<11>
    %50 = "llvm.inttoptr"(%33) : (i64) -> !llvm.ptr<11>
    %51 = "llvm.inttoptr"(%34) : (i64) -> !llvm.ptr<11>
    %52 = "llvm.inttoptr"(%35) : (i64) -> !llvm.ptr<11>
    %53 = "llvm.inttoptr"(%36) : (i64) -> !llvm.ptr<11>
    %54 = "hivm.hir.get_sub_block_idx"() : () -> i64
    %55 = "arith.muli"(%54, %37) <{overflowFlags = #arith.overflow<none>}> : (i64, i64) -> i64
    %56 = "arith.addi"(%55, %38) <{overflowFlags = #arith.overflow<none>}> : (i64, i64) -> i64
    %57 = "llvm.inttoptr"(%56) : (i64) -> !llvm.ptr<11>
    %58 = "llvm.inttoptr"(%55) : (i64) -> !llvm.ptr<11>
    %59 = "arith.addi"(%55, %39) <{overflowFlags = #arith.overflow<none>}> : (i64, i64) -> i64
    %60 = "llvm.inttoptr"(%59) : (i64) -> !llvm.ptr<11>
    "scf.for"(%47, %45, %43) ({
    ^bb0(%arg22: i32):
      "hivm.hir.set_ctrl"() <{enable = false, idx = 60 : i64}> : () -> ()
      "hivm.hir.set_ctrl"() <{enable = true, idx = 48 : i64}> : () -> ()
      %61 = "arith.remsi"(%arg22, %arg19) : (i32, i32) -> i32
      "llvm.store"(%28, %48) <{ordering = 0 : i64, volatile_}> : (i32, !llvm.ptr<11>) -> ()
      "llvm.store"(%28, %49) <{ordering = 0 : i64, volatile_}> : (i32, !llvm.ptr<11>) -> ()
      "llvm.store"(%28, %50) <{ordering = 0 : i64, volatile_}> : (i32, !llvm.ptr<11>) -> ()
      "llvm.store"(%28, %51) <{ordering = 0 : i64, volatile_}> : (i32, !llvm.ptr<11>) -> ()
      "llvm.store"(%28, %52) <{ordering = 0 : i64, volatile_}> : (i32, !llvm.ptr<11>) -> ()
      "llvm.store"(%28, %53) <{ordering = 0 : i64, volatile_}> : (i32, !llvm.ptr<11>) -> ()
      %62 = "arith.divsi"(%61, %arg19) : (i32, i32) -> i32
      %63 = "arith.addi"(%61, %42) <{overflowFlags = #arith.overflow<none>}> : (i32, i32) -> i32
      %64 = "arith.divsi"(%63, %arg19) : (i32, i32) -> i32
      "scf.for"(%62, %64, %42) ({
      ^bb0(%arg23: i32):
        %65 = "arith.index_cast"(%arg23) : (i32) -> index
        %66 = "memref.reinterpret_cast"(%arg6, %65) <{operandSegmentSizes = array<i32: 1, 1, 0, 0>, static_offsets = array<i64: -9223372036854775808>, static_sizes = array<i64: 1>, static_strides = array<i64: 1>}> : (memref<?xi32, #hivm.address_space<gm>>, index) -> memref<1xi32, strided<[1], offset: ?>, #hivm.address_space<gm>>
        %67 = "memref.load"(%66, %32) : (memref<1xi32, strided<[1], offset: ?>, #hivm.address_space<gm>>, index) -> i32
        %68 = "affine.apply"(%65) <{map = #map5}> : (index) -> index
        %69 = "memref.reinterpret_cast"(%arg6, %68) <{operandSegmentSizes = array<i32: 1, 1, 0, 0>, static_offsets = array<i64: -9223372036854775808>, static_sizes = array<i64: 1>, static_strides = array<i64: 1>}> : (memref<?xi32, #hivm.address_space<gm>>, index) -> memref<1xi32, strided<[1], offset: ?>, #hivm.address_space<gm>>
        %70 = "memref.load"(%69, %32) : (memref<1xi32, strided<[1], offset: ?>, #hivm.address_space<gm>>, index) -> i32
        %71 = "arith.subi"(%70, %67) <{overflowFlags = #arith.overflow<none>}> : (i32, i32) -> i32
        %72 = "arith.cmpi"(%71, %31) <{predicate = 4 : i64}> : (i32, i32) -> i1
        "scf.if"(%72) ({
          %73 = "hivm.hir.pointer_cast"(%25) <{operandSegmentSizes = array<i32: 1, 0>}> : (i64) -> memref<6xi32, #hivm.address_space<ub>>
          "func.call"(%73) <{callee = @paged_prefill_verify_grouped_kernel_mix_aiv_outlined_vf_3, no_inline}> {hivm.vector_function} : (memref<6xi32, #hivm.address_space<ub>>) -> ()
          %74 = "hivm.hir.pointer_cast"(%24) <{operandSegmentSizes = array<i32: 1, 0>}> : (i64) -> memref<6xi32, #hivm.address_space<ub>>
          "func.call"(%73, %74) <{callee = @paged_prefill_verify_grouped_kernel_mix_aiv_outlined_vf_4, no_inline}> {hivm.vector_function} : (memref<6xi32, #hivm.address_space<ub>>, memref<6xi32, #hivm.address_space<ub>>) -> ()
          %75 = "memref.reinterpret_cast"(%arg9) <{operandSegmentSizes = array<i32: 1, 0, 0, 0>, static_offsets = array<i64: 0>, static_sizes = array<i64: 1>, static_strides = array<i64: 1>}> : (memref<?xf32, #hivm.address_space<gm>>) -> memref<1xf32, strided<[1]>, #hivm.address_space<gm>>
          %76 = "memref.load"(%75, %32) : (memref<1xf32, strided<[1]>, #hivm.address_space<gm>>, index) -> f32
          %77 = "memref.reinterpret_cast"(%arg9) <{operandSegmentSizes = array<i32: 1, 0, 0, 0>, static_offsets = array<i64: 1>, static_sizes = array<i64: 1>, static_strides = array<i64: 1>}> : (memref<?xf32, #hivm.address_space<gm>>) -> memref<1xf32, strided<[1], offset: 1>, #hivm.address_space<gm>>
          %78 = "memref.load"(%77, %32) : (memref<1xf32, strided<[1], offset: 1>, #hivm.address_space<gm>>, index) -> f32
          %79 = "memref.reinterpret_cast"(%arg9) <{operandSegmentSizes = array<i32: 1, 0, 0, 0>, static_offsets = array<i64: 2>, static_sizes = array<i64: 1>, static_strides = array<i64: 1>}> : (memref<?xf32, #hivm.address_space<gm>>) -> memref<1xf32, strided<[1], offset: 2>, #hivm.address_space<gm>>
          %80 = "memref.load"(%79, %32) : (memref<1xf32, strided<[1], offset: 2>, #hivm.address_space<gm>>, index) -> f32
          %81 = "memref.reinterpret_cast"(%arg9) <{operandSegmentSizes = array<i32: 1, 0, 0, 0>, static_offsets = array<i64: 3>, static_sizes = array<i64: 1>, static_strides = array<i64: 1>}> : (memref<?xf32, #hivm.address_space<gm>>) -> memref<1xf32, strided<[1], offset: 3>, #hivm.address_space<gm>>
          %82 = "memref.load"(%81, %32) : (memref<1xf32, strided<[1], offset: 3>, #hivm.address_space<gm>>, index) -> f32
          %83 = "memref.reinterpret_cast"(%arg9) <{operandSegmentSizes = array<i32: 1, 0, 0, 0>, static_offsets = array<i64: 4>, static_sizes = array<i64: 1>, static_strides = array<i64: 1>}> : (memref<?xf32, #hivm.address_space<gm>>) -> memref<1xf32, strided<[1], offset: 4>, #hivm.address_space<gm>>
          %84 = "memref.load"(%83, %32) : (memref<1xf32, strided<[1], offset: 4>, #hivm.address_space<gm>>, index) -> f32
          %85 = "memref.reinterpret_cast"(%arg9) <{operandSegmentSizes = array<i32: 1, 0, 0, 0>, static_offsets = array<i64: 5>, static_sizes = array<i64: 1>, static_strides = array<i64: 1>}> : (memref<?xf32, #hivm.address_space<gm>>) -> memref<1xf32, strided<[1], offset: 5>, #hivm.address_space<gm>>
          %86 = "memref.load"(%85, %32) : (memref<1xf32, strided<[1], offset: 5>, #hivm.address_space<gm>>, index) -> f32
          %87 = "hivm.hir.pointer_cast"(%23) <{operandSegmentSizes = array<i32: 1, 0>}> : (i64) -> memref<6xf32, #hivm.address_space<ub>>
          "func.call"(%73, %74, %84, %86, %82, %80, %78, %76, %87) <{callee = @paged_prefill_verify_grouped_kernel_mix_aiv_outlined_vf_5, no_inline}> {hivm.vector_function} : (memref<6xi32, #hivm.address_space<ub>>, memref<6xi32, #hivm.address_space<ub>>, f32, f32, f32, f32, f32, f32, memref<6xf32, #hivm.address_space<ub>>) -> ()
          %88 = "memref.reinterpret_cast"(%arg7, %65) <{operandSegmentSizes = array<i32: 1, 1, 0, 0>, static_offsets = array<i64: -9223372036854775808>, static_sizes = array<i64: 1>, static_strides = array<i64: 1>}> : (memref<?xi32, #hivm.address_space<gm>>, index) -> memref<1xi32, strided<[1], offset: ?>, #hivm.address_space<gm>>
          %89 = "memref.load"(%88, %32) : (memref<1xi32, strided<[1], offset: ?>, #hivm.address_space<gm>>, index) -> i32
          %90 = "arith.subi"(%89, %71) <{overflowFlags = #arith.overflow<none>}> : (i32, i32) -> i32
          %91 = "arith.addi"(%89, %30) <{overflowFlags = #arith.overflow<none>}> : (i32, i32) -> i32
          %92 = "arith.divsi"(%91, %29) : (i32, i32) -> i32
          %93 = "hivm.hir.pointer_cast"(%22) <{operandSegmentSizes = array<i32: 1, 0>}> : (i64) -> memref<64xi32, #hivm.address_space<ub>>
          "func.call"(%93) <{callee = @paged_prefill_verify_grouped_kernel_mix_aiv_outlined_vf_6, no_inline}> {hivm.vector_function} : (memref<64xi32, #hivm.address_space<ub>>) -> ()
          %94 = "hivm.hir.pointer_cast"(%24) <{operandSegmentSizes = array<i32: 1, 0>}> : (i64) -> memref<6xi32, #hivm.address_space<ub>>
          "func.call"(%74, %90, %94) <{callee = @paged_prefill_verify_grouped_kernel_mix_aiv_outlined_vf_7, no_inline}> {hivm.vector_function} : (memref<6xi32, #hivm.address_space<ub>>, i32, memref<6xi32, #hivm.address_space<ub>>) -> ()
          %95 = "memref.expand_shape"(%94) <{reassociation = [[0, 1]], static_output_shape = array<i64: 6, 1>}> : (memref<6xi32, #hivm.address_space<ub>>) -> memref<6x1xi32, #hivm.address_space<ub>>
          %96 = "hivm.hir.pointer_cast"(%24) <{operandSegmentSizes = array<i32: 1, 0>}> : (i64) -> memref<6x1xf32, #hivm.address_space<ub>>
          "func.call"(%95, %96) <{callee = @paged_prefill_verify_grouped_kernel_mix_aiv_outlined_vf_8, no_inline}> {hivm.vector_function} : (memref<6x1xi32, #hivm.address_space<ub>>, memref<6x1xf32, #hivm.address_space<ub>>) -> ()
          %97 = "arith.sitofp"(%89) : (i32) -> f32
          %98 = "hivm.hir.pointer_cast"(%21) <{operandSegmentSizes = array<i32: 1, 0>}> : (i64) -> memref<4x1x16x16xbf16, #hivm.address_space<cbuf>>
          "annotation.mark"(%98) <{effects = ["write", "read"]}> {hivm.tightly_coupled_buffer = #hivm.tightly_coupled_buffer<0>} : (memref<4x1x16x16xbf16, #hivm.address_space<cbuf>>) -> ()
          %99 = "hivm.hir.pointer_cast"(%20) <{operandSegmentSizes = array<i32: 1, 0>}> : (i64) -> memref<6x64xf32, #hivm.address_space<ub>>
          "annotation.mark"(%99) <{effects = ["write", "read"]}> {hivm.tightly_coupled_buffer = #hivm.tightly_coupled_buffer<1>} : (memref<6x64xf32, #hivm.address_space<ub>>) -> ()
          "hivm.hir.sync_block_set"() <{operandSegmentSizes = array<i32: 0, 0>, pipe = #hivm.pipe<PIPE_FIX>, static_flag_id = 2 : i64, tcore_type = #hivm.tcore_type<VECTOR>, tpipe = #hivm.pipe<PIPE_V>}> : () -> ()
          %100 = "hivm.hir.pointer_cast"(%19) <{operandSegmentSizes = array<i32: 1, 0>}> : (i64) -> memref<6x256xf32, #hivm.address_space<ub>>
          "annotation.mark"(%100) <{effects = ["write", "read"]}> {hivm.tightly_coupled_buffer = #hivm.tightly_coupled_buffer<2>} : (memref<6x256xf32, #hivm.address_space<ub>>) -> ()
          "hivm.hir.sync_block_set"() <{operandSegmentSizes = array<i32: 0, 0>, pipe = #hivm.pipe<PIPE_FIX>, static_flag_id = 3 : i64, tcore_type = #hivm.tcore_type<VECTOR>, tpipe = #hivm.pipe<PIPE_V>}> : () -> ()
          %101 = "hivm.hir.pointer_cast"(%18) <{operandSegmentSizes = array<i32: 1, 0>}> : (i64) -> memref<6xf32, #hivm.address_space<ub>>
          "annotation.mark"(%101) <{effects = ["write", "read"]}> {hivm.tightly_coupled_buffer = #hivm.tightly_coupled_buffer<3>} : (memref<6xf32, #hivm.address_space<ub>>) -> ()
          %102 = "hivm.hir.pointer_cast"(%17) <{operandSegmentSizes = array<i32: 1, 0>}> : (i64) -> memref<6xf32, #hivm.address_space<ub>>
          "annotation.mark"(%102) <{effects = ["write", "read"]}> {hivm.tightly_coupled_buffer = #hivm.tightly_coupled_buffer<4>} : (memref<6xf32, #hivm.address_space<ub>>) -> ()
          %103 = "hivm.hir.pointer_cast"(%16) <{operandSegmentSizes = array<i32: 1, 0>}> : (i64) -> memref<6xf32, #hivm.address_space<ub>>
          "annotation.mark"(%103) <{effects = ["write", "read"]}> {hivm.tightly_coupled_buffer = #hivm.tightly_coupled_buffer<5>} : (memref<6xf32, #hivm.address_space<ub>>) -> ()
          %104 = "hivm.hir.pointer_cast"(%15) <{operandSegmentSizes = array<i32: 1, 0>}> : (i64) -> memref<6xf32, #hivm.address_space<ub>>
          "annotation.mark"(%104) <{effects = ["write", "read"]}> {hivm.tightly_coupled_buffer = #hivm.tightly_coupled_buffer<6>} : (memref<6xf32, #hivm.address_space<ub>>) -> ()
          "hivm.hir.sync_block_set"() <{operandSegmentSizes = array<i32: 0, 0>, pipe = #hivm.pipe<PIPE_S>, static_flag_id = 15 : i64, tcore_type = #hivm.tcore_type<VECTOR>, tpipe = #hivm.pipe<PIPE_S>}> : () -> ()
          %105 = "arith.addi"(%92, %40) <{overflowFlags = #arith.overflow<none>}> : (i32, i32) -> i32
          %106 = "hivm.hir.pointer_cast"(%14) <{operandSegmentSizes = array<i32: 1, 0>}> : (i64) -> memref<6x256xf32, #hivm.address_space<ub>>
          "func.call"(%106) <{callee = @paged_prefill_verify_grouped_kernel_mix_aiv_outlined_vf_2, no_inline}> {hivm.vector_function} : (memref<6x256xf32, #hivm.address_space<ub>>) -> ()
          %107 = "hivm.hir.pointer_cast"(%13) <{operandSegmentSizes = array<i32: 1, 0>}> : (i64) -> memref<6xf32, #hivm.address_space<ub>>
          "func.call"(%107) <{callee = @paged_prefill_verify_grouped_kernel_mix_aiv_outlined_vf_1, no_inline}> {hivm.vector_function} : (memref<6xf32, #hivm.address_space<ub>>) -> ()
          "hivm.hir.set_flag"() <{set_pipe = #hivm.pipe<PIPE_MTE3>, static_event_id = #hivm.event<EVENT_ID0>, wait_pipe = #hivm.pipe<PIPE_V>}> : () -> ()
          %108:7 = "scf.for"(%31, %105, %42, %107, %106, %87, %31, %31, %31, %31) ({
          ^bb0(%arg24: i32, %arg25: memref<6xf32, #hivm.address_space<ub>>, %arg26: memref<6x256xf32, #hivm.address_space<ub>>, %arg27: memref<6xf32, #hivm.address_space<ub>>, %arg28: i32, %arg29: i32, %arg30: i32, %arg31: i32):
            "hivm.hir.sync_block_wait"() <{pipe = #hivm.pipe<PIPE_S>, static_flag_id = 15 : i64, tcore_type = #hivm.tcore_type<VECTOR>, tpipe = #hivm.pipe<PIPE_S>}> : () -> ()
            %116 = "llvm.load"(%58) <{ordering = 0 : i64, volatile_}> : (!llvm.ptr<11>) -> i32
            %117 = "arith.cmpi"(%116, %31) <{predicate = 4 : i64}> : (i32, i32) -> i1
            %118 = "llvm.load"(%60) <{ordering = 0 : i64, volatile_}> : (!llvm.ptr<11>) -> i32
            %119 = "arith.cmpi"(%118, %42) <{predicate = 2 : i64}> : (i32, i32) -> i1
            %120 = "arith.andi"(%117, %119) : (i1, i1) -> i1
            %121 = "arith.cmpi"(%arg30, %41) <{predicate = 2 : i64}> : (i32, i32) -> i1
            %122 = "arith.cmpi"(%arg31, %41) <{predicate = 2 : i64}> : (i32, i32) -> i1
            %123 = "arith.andi"(%121, %122) : (i1, i1) -> i1
            %124 = "arith.cmpi"(%arg28, %92) <{predicate = 2 : i64}> : (i32, i32) -> i1
            %125 = "arith.andi"(%120, %123) : (i1, i1) -> i1
            %126 = "arith.andi"(%125, %124) : (i1, i1) -> i1
            %127:4 = "scf.if"(%126) ({
              "hivm.hir.sync_block_wait"() <{pipe = #hivm.pipe<PIPE_V>, static_flag_id = 2 : i64, tcore_type = #hivm.tcore_type<VECTOR>, tpipe = #hivm.pipe<PIPE_FIX>}> : () -> ()
              %151 = "arith.muli"(%arg28, %29) <{overflowFlags = #arith.overflow<none>}> : (i32, i32) -> i32
              %152 = "hivm.hir.pointer_cast"(%12) <{operandSegmentSizes = array<i32: 1, 0>}> : (i64) -> memref<64xi32, #hivm.address_space<ub>>
              "func.call"(%93, %151, %152) <{callee = @paged_prefill_verify_grouped_kernel_mix_aiv_outlined_vf_9, no_inline}> {hivm.vector_function} : (memref<64xi32, #hivm.address_space<ub>>, i32, memref<64xi32, #hivm.address_space<ub>>) -> ()
              %153 = "memref.expand_shape"(%152) <{reassociation = [[0, 1]], static_output_shape = array<i64: 1, 64>}> : (memref<64xi32, #hivm.address_space<ub>>) -> memref<1x64xi32, #hivm.address_space<ub>>
              %154 = "hivm.hir.pointer_cast"(%12) <{operandSegmentSizes = array<i32: 1, 0>}> : (i64) -> memref<1x64xf32, #hivm.address_space<ub>>
              "func.call"(%153, %154) <{callee = @paged_prefill_verify_grouped_kernel_mix_aiv_outlined_vf_10, no_inline}> {hivm.vector_function} : (memref<1x64xi32, #hivm.address_space<ub>>, memref<1x64xf32, #hivm.address_space<ub>>) -> ()
              %155 = "hivm.hir.pointer_cast"(%11) <{operandSegmentSizes = array<i32: 1, 0>}> : (i64) -> memref<6x256x1xi1, #hivm.address_space<ub>>
              %156 = "memref.subview"(%155) <{operandSegmentSizes = array<i32: 1, 0, 0, 0>, static_offsets = array<i64: 0, 0, 0>, static_sizes = array<i64: 6, 64, 1>, static_strides = array<i64: 1, 1, 1>}> : (memref<6x256x1xi1, #hivm.address_space<ub>>) -> memref<6x64xi1, strided<[256, 1]>, #hivm.address_space<ub>>
              "func.call"(%96, %154, %156) <{callee = @paged_prefill_verify_grouped_kernel_mix_aiv_outlined_vf_11, no_inline}> {hivm.vector_function} : (memref<6x1xf32, #hivm.address_space<ub>>, memref<1x64xf32, #hivm.address_space<ub>>, memref<6x64xi1, strided<[256, 1]>, #hivm.address_space<ub>>) -> ()
              %157 = "hivm.hir.pointer_cast"(%12) <{operandSegmentSizes = array<i32: 1, 0>}> : (i64) -> memref<1x64xi1, #hivm.address_space<ub>>
              "func.call"(%154, %97, %157) <{callee = @paged_prefill_verify_grouped_kernel_mix_aiv_outlined_vf_12, no_inline}> {hivm.vector_function} : (memref<1x64xf32, #hivm.address_space<ub>>, f32, memref<1x64xi1, #hivm.address_space<ub>>) -> ()
              %158 = "memref.collapse_shape"(%157) <{reassociation = [[0, 1]]}> : (memref<1x64xi1, #hivm.address_space<ub>>) -> memref<64xi1, #hivm.address_space<ub>>
              %159 = "hivm.hir.pointer_cast"(%10) <{operandSegmentSizes = array<i32: 1, 0>}> : (i64) -> memref<6x256x1xi1, #hivm.address_space<ub>>
              %160 = "memref.subview"(%159) <{operandSegmentSizes = array<i32: 1, 0, 0, 0>, static_offsets = array<i64: 0, 0, 0>, static_sizes = array<i64: 6, 64, 1>, static_strides = array<i64: 1, 1, 1>}> : (memref<6x256x1xi1, #hivm.address_space<ub>>) -> memref<6x64xi1, strided<[256, 1]>, #hivm.address_space<ub>>
              %161 = "hivm.hir.pointer_cast"(%11) <{operandSegmentSizes = array<i32: 1, 0>}> : (i64) -> memref<6x256x1xi1, #hivm.address_space<ub>>
              %162 = "memref.subview"(%161) <{operandSegmentSizes = array<i32: 1, 0, 0, 0>, static_offsets = array<i64: 0, 0, 0>, static_sizes = array<i64: 6, 64, 1>, static_strides = array<i64: 1, 1, 1>}> : (memref<6x256x1xi1, #hivm.address_space<ub>>) -> memref<6x64xi1, strided<[256, 1]>, #hivm.address_space<ub>>
              "func.call"(%156, %158, %160, %162) <{callee = @paged_prefill_verify_grouped_kernel_mix_aiv_outlined_vf_13, no_inline}> {hivm.vector_function} : (memref<6x64xi1, strided<[256, 1]>, #hivm.address_space<ub>>, memref<64xi1, #hivm.address_space<ub>>, memref<6x64xi1, strided<[256, 1]>, #hivm.address_space<ub>>, memref<6x64xi1, strided<[256, 1]>, #hivm.address_space<ub>>) -> ()
              %163 = "hivm.hir.pointer_cast"(%9) <{operandSegmentSizes = array<i32: 1, 0>}> : (i64) -> memref<6x64xf32, #hivm.address_space<ub>>
              "func.call"(%162, %99, %arg18, %163) <{callee = @paged_prefill_verify_grouped_kernel_mix_aiv_outlined_vf_14, no_inline}> {hivm.vector_function} : (memref<6x64xi1, strided<[256, 1]>, #hivm.address_space<ub>>, memref<6x64xf32, #hivm.address_space<ub>>, f32, memref<6x64xf32, #hivm.address_space<ub>>) -> ()
              %164 = "hivm.hir.pointer_cast"(%8) <{operandSegmentSizes = array<i32: 1, 0>}> : (i64) -> memref<6xf32, #hivm.address_space<ub>>
              %165 = "hivm.hir.pointer_cast"(%7) <{operandSegmentSizes = array<i32: 1, 0>}> : (i64) -> memref<6xf32, #hivm.address_space<ub>>
              "func.call"(%arg27, %164, %163, %165) <{callee = @paged_prefill_verify_grouped_kernel_mix_aiv_outlined_vf_15, no_inline}> {hivm.vector_function} : (memref<6xf32, #hivm.address_space<ub>>, memref<6xf32, #hivm.address_space<ub>>, memref<6x64xf32, #hivm.address_space<ub>>, memref<6xf32, #hivm.address_space<ub>>) -> ()
              %166 = "hivm.hir.pointer_cast"(%9) <{operandSegmentSizes = array<i32: 1, 0>}> : (i64) -> memref<6x64xf32, #hivm.address_space<ub>>
              "func.call"(%165, %163, %166) <{callee = @paged_prefill_verify_grouped_kernel_mix_aiv_outlined_vf_16, no_inline}> {hivm.vector_function} : (memref<6xf32, #hivm.address_space<ub>>, memref<6x64xf32, #hivm.address_space<ub>>, memref<6x64xf32, #hivm.address_space<ub>>) -> ()
              %167 = "hivm.hir.pointer_cast"(%6) <{operandSegmentSizes = array<i32: 1, 0>}> : (i64) -> memref<6x64xbf16, #hivm.address_space<ub>>
              "func.call"(%166, %167) <{callee = @paged_prefill_verify_grouped_kernel_mix_aiv_outlined_vf_17, no_inline}> {hivm.vector_function} : (memref<6x64xf32, #hivm.address_space<ub>>, memref<6x64xbf16, #hivm.address_space<ub>>) -> ()
              %168 = "hivm.hir.pointer_cast"(%5) <{operandSegmentSizes = array<i32: 1, 0>}> : (i64) -> memref<16x64xbf16, #hivm.address_space<ub>>
              "func.call"(%168) <{callee = @paged_prefill_verify_grouped_kernel_mix_aiv_outlined_vf_0, no_inline}> {hivm.vector_function} : (memref<16x64xbf16, #hivm.address_space<ub>>) -> ()
              %169 = "memref.subview"(%168) <{operandSegmentSizes = array<i32: 1, 0, 0, 0>, static_offsets = array<i64: 0, 0>, static_sizes = array<i64: 6, 64>, static_strides = array<i64: 1, 1>}> : (memref<16x64xbf16, #hivm.address_space<ub>>) -> memref<6x64xbf16, strided<[64, 1]>, #hivm.address_space<ub>>
              %170 = "memref.collapse_shape"(%167) <{reassociation = [[0, 1]]}> : (memref<6x64xbf16, #hivm.address_space<ub>>) -> memref<384xbf16, #hivm.address_space<ub>>
              %171 = "memref.collapse_shape"(%169) <{reassociation = [[0, 1]]}> : (memref<6x64xbf16, strided<[64, 1]>, #hivm.address_space<ub>>) -> memref<384xbf16, strided<[1]>, #hivm.address_space<ub>>
              "hivm.hir.copy"(%170, %171) : (memref<384xbf16, #hivm.address_space<ub>>, memref<384xbf16, strided<[1]>, #hivm.address_space<ub>>) -> ()
              %172 = "hivm.hir.pointer_cast"(%4) <{operandSegmentSizes = array<i32: 1, 0>}> : (i64) -> memref<6xf32, #hivm.address_space<ub>>
              %173 = "arith.remsi"(%arg28, %41) : (i32, i32) -> i32
              %174 = "arith.cmpi"(%173, %31) <{predicate = 0 : i64}> : (i32, i32) -> i1
              %175 = "hivm.hir.pointer_cast"(%3) <{operandSegmentSizes = array<i32: 1, 0>}> : (i64) -> memref<6xf32, #hivm.address_space<ub>>
              %176 = "memref.expand_shape"(%168) <{reassociation = [[0], [1, 2]], static_output_shape = array<i64: 16, 4, 16>}> : (memref<16x64xbf16, #hivm.address_space<ub>>) -> memref<16x4x16xbf16, #hivm.address_space<ub>>
              %177 = "hivm.hir.pointer_cast"(%2) <{operandSegmentSizes = array<i32: 1, 0>}> : (i64) -> memref<4x16x16xbf16, #hivm.address_space<ub>>
              "hivm.hir.wait_flag"() <{set_pipe = #hivm.pipe<PIPE_MTE3>, static_event_id = #hivm.event<EVENT_ID0>, wait_pipe = #hivm.pipe<PIPE_V>}> : () -> ()
              "func.call"(%166, %172, %arg27, %165, %175, %176, %177) <{callee = @paged_prefill_verify_grouped_kernel_mix_aiv_outlined_merged_merged_vf_0, no_inline}> {hivm.vector_function, ptc_simdvf} : (memref<6x64xf32, #hivm.address_space<ub>>, memref<6xf32, #hivm.address_space<ub>>, memref<6xf32, #hivm.address_space<ub>>, memref<6xf32, #hivm.address_space<ub>>, memref<6xf32, #hivm.address_space<ub>>, memref<16x4x16xbf16, #hivm.address_space<ub>>, memref<4x16x16xbf16, #hivm.address_space<ub>>) -> ()
              "hivm.hir.set_flag"() <{set_pipe = #hivm.pipe<PIPE_V>, static_event_id = #hivm.event<EVENT_ID0>, wait_pipe = #hivm.pipe<PIPE_MTE3>}> : () -> ()
              "scf.if"(%174) ({
                "hivm.hir.copy"(%172, %103) : (memref<6xf32, #hivm.address_space<ub>>, memref<6xf32, #hivm.address_space<ub>>) -> ()
                "hivm.hir.copy"(%175, %101) : (memref<6xf32, #hivm.address_space<ub>>, memref<6xf32, #hivm.address_space<ub>>) -> ()
                "scf.yield"() : () -> ()
              }, {
                "hivm.hir.copy"(%172, %104) : (memref<6xf32, #hivm.address_space<ub>>, memref<6xf32, #hivm.address_space<ub>>) -> ()
                "hivm.hir.copy"(%175, %102) : (memref<6xf32, #hivm.address_space<ub>>, memref<6xf32, #hivm.address_space<ub>>) -> ()
                "scf.yield"() : () -> ()
              }) : (i1) -> ()
              "hivm.hir.sync_block_wait"() <{pipe = #hivm.pipe<PIPE_MTE3>, static_flag_id = 1 : i64, tcore_type = #hivm.tcore_type<VECTOR>, tpipe = #hivm.pipe<PIPE_M>}> : () -> ()
              %178 = "arith.index_cast"(%54) : (i64) -> index
              %179 = "arith.cmpi"(%178, %32) <{predicate = 0 : i64}> : (index, index) -> i1
              "hivm.hir.wait_flag"() <{set_pipe = #hivm.pipe<PIPE_V>, static_event_id = #hivm.event<EVENT_ID0>, wait_pipe = #hivm.pipe<PIPE_MTE3>}> : () -> ()
              "scf.if"(%179) ({
                %187 = "memref.collapse_shape"(%177) <{reassociation = [[0, 1, 2]]}> : (memref<4x16x16xbf16, #hivm.address_space<ub>>) -> memref<1024xbf16, #hivm.address_space<ub>>
                %188 = "memref.collapse_shape"(%98) <{reassociation = [[0, 1, 2, 3]]}> : (memref<4x1x16x16xbf16, #hivm.address_space<cbuf>>) -> memref<1024xbf16, #hivm.address_space<cbuf>>
                "hivm.hir.copy"(%187, %188) : (memref<1024xbf16, #hivm.address_space<ub>>, memref<1024xbf16, #hivm.address_space<cbuf>>) -> ()
                "scf.yield"() : () -> ()
              }, {
              }) {limit_sub_block_id0} : (i1) -> ()
              "hivm.hir.set_flag"() <{set_pipe = #hivm.pipe<PIPE_MTE3>, static_event_id = #hivm.event<EVENT_ID0>, wait_pipe = #hivm.pipe<PIPE_V>}> : () -> ()
              "hivm.hir.sync_block_set"() <{operandSegmentSizes = array<i32: 0, 0>, pipe = #hivm.pipe<PIPE_MTE1>, static_flag_id = 1 : i64, tcore_type = #hivm.tcore_type<VECTOR>, tpipe = #hivm.pipe<PIPE_MTE3>}> : () -> ()
              "hivm.hir.sync_block_set"() <{operandSegmentSizes = array<i32: 0, 0>, pipe = #hivm.pipe<PIPE_FIX>, static_flag_id = 2 : i64, tcore_type = #hivm.tcore_type<VECTOR>, tpipe = #hivm.pipe<PIPE_V>}> : () -> ()
              %180 = "llvm.load"(%58) <{ordering = 0 : i64, volatile_}> : (!llvm.ptr<11>) -> i32
              %181 = "arith.subi"(%180, %42) <{overflowFlags = #arith.overflow<none>}> : (i32, i32) -> i32
              "llvm.store"(%181, %58) <{ordering = 0 : i64, volatile_}> : (i32, !llvm.ptr<11>) -> ()
              %182 = "llvm.load"(%60) <{ordering = 0 : i64, volatile_}> : (!llvm.ptr<11>) -> i32
              %183 = "arith.addi"(%182, %42) <{overflowFlags = #arith.overflow<none>}> : (i32, i32) -> i32
              "llvm.store"(%183, %60) <{ordering = 0 : i64, volatile_}> : (i32, !llvm.ptr<11>) -> ()
              %184 = "arith.addi"(%arg31, %42) <{overflowFlags = #arith.overflow<none>}> : (i32, i32) -> i32
              %185 = "arith.addi"(%arg30, %42) <{overflowFlags = #arith.overflow<none>}> : (i32, i32) -> i32
              %186 = "arith.addi"(%arg28, %42) <{overflowFlags = #arith.overflow<none>}> : (i32, i32) -> i32
              "scf.yield"(%165, %184, %185, %186) : (memref<6xf32, #hivm.address_space<ub>>, i32, i32, i32) -> ()
            }, {
              %150 = "hivm.hir.pointer_cast"(%7) <{operandSegmentSizes = array<i32: 1, 0>}> : (i64) -> memref<6xf32, #hivm.address_space<ub>>
              "hivm.hir.copy"(%arg27, %150) : (memref<6xf32, #hivm.address_space<ub>>, memref<6xf32, #hivm.address_space<ub>>) -> ()
              "scf.yield"(%150, %arg31, %arg30, %arg28) : (memref<6xf32, #hivm.address_space<ub>>, i32, i32, i32) -> ()
            }) : (i1) -> (memref<6xf32, #hivm.address_space<ub>>, i32, i32, i32)
            %128 = "llvm.load"(%57) <{ordering = 0 : i64, volatile_}> : (!llvm.ptr<11>) -> i32
            %129 = "arith.cmpi"(%128, %31) <{predicate = 4 : i64}> : (i32, i32) -> i1
            %130 = "arith.cmpi"(%127#2, %31) <{predicate = 4 : i64}> : (i32, i32) -> i1
            %131 = "arith.cmpi"(%127#1, %31) <{predicate = 4 : i64}> : (i32, i32) -> i1
            %132 = "arith.andi"(%130, %131) : (i1, i1) -> i1
            %133 = "arith.cmpi"(%arg29, %92) <{predicate = 2 : i64}> : (i32, i32) -> i1
            %134 = "arith.andi"(%129, %132) : (i1, i1) -> i1
            %135 = "arith.andi"(%134, %133) : (i1, i1) -> i1
            %136:5 = "scf.if"(%135) ({
              "hivm.hir.sync_block_wait"() <{pipe = #hivm.pipe<PIPE_V>, static_flag_id = 3 : i64, tcore_type = #hivm.tcore_type<VECTOR>, tpipe = #hivm.pipe<PIPE_FIX>}> : () -> ()
              %138 = "arith.remsi"(%arg29, %41) : (i32, i32) -> i32
              %139 = "arith.cmpi"(%138, %31) <{predicate = 0 : i64}> : (i32, i32) -> i1
              %140 = "arith.select"(%139, %101, %102) : (i1, memref<6xf32, #hivm.address_space<ub>>, memref<6xf32, #hivm.address_space<ub>>) -> memref<6xf32, #hivm.address_space<ub>>
              %141 = "hivm.hir.pointer_cast"(%1) <{operandSegmentSizes = array<i32: 1, 0>}> : (i64) -> memref<6xf32, #hivm.address_space<ub>>
              "func.call"(%140, %141) <{callee = @paged_prefill_verify_grouped_kernel_mix_aiv_outlined_vf_21, no_inline}> {hivm.vector_function} : (memref<6xf32, #hivm.address_space<ub>>, memref<6xf32, #hivm.address_space<ub>>) -> ()
              %142 = "arith.select"(%139, %103, %104) : (i1, memref<6xf32, #hivm.address_space<ub>>, memref<6xf32, #hivm.address_space<ub>>) -> memref<6xf32, #hivm.address_space<ub>>
              %143 = "hivm.hir.pointer_cast"(%13) <{operandSegmentSizes = array<i32: 1, 0>}> : (i64) -> memref<6xf32, #hivm.address_space<ub>>
              %144 = "hivm.hir.pointer_cast"(%14) <{operandSegmentSizes = array<i32: 1, 0>}> : (i64) -> memref<6x256xf32, #hivm.address_space<ub>>
              "func.call"(%arg25, %141, %142, %143, %141, %100, %arg26, %144) <{callee = @paged_prefill_verify_grouped_kernel_mix_aiv_outlined_merged_vf_1, no_inline}> {hivm.vector_function, ptc_simdvf} : (memref<6xf32, #hivm.address_space<ub>>, memref<6xf32, #hivm.address_space<ub>>, memref<6xf32, #hivm.address_space<ub>>, memref<6xf32, #hivm.address_space<ub>>, memref<6xf32, #hivm.address_space<ub>>, memref<6x256xf32, #hivm.address_space<ub>>, memref<6x256xf32, #hivm.address_space<ub>>, memref<6x256xf32, #hivm.address_space<ub>>) -> ()
              "hivm.hir.sync_block_set"() <{operandSegmentSizes = array<i32: 0, 0>, pipe = #hivm.pipe<PIPE_FIX>, static_flag_id = 3 : i64, tcore_type = #hivm.tcore_type<VECTOR>, tpipe = #hivm.pipe<PIPE_V>}> : () -> ()
              %145 = "llvm.load"(%57) <{ordering = 0 : i64, volatile_}> : (!llvm.ptr<11>) -> i32
              %146 = "arith.subi"(%145, %42) <{overflowFlags = #arith.overflow<none>}> : (i32, i32) -> i32
              "llvm.store"(%146, %57) <{ordering = 0 : i64, volatile_}> : (i32, !llvm.ptr<11>) -> ()
              %147 = "arith.subi"(%127#1, %42) <{overflowFlags = #arith.overflow<none>}> : (i32, i32) -> i32
              %148 = "arith.subi"(%127#2, %42) <{overflowFlags = #arith.overflow<none>}> : (i32, i32) -> i32
              %149 = "arith.addi"(%arg29, %42) <{overflowFlags = #arith.overflow<none>}> : (i32, i32) -> i32
              "scf.yield"(%143, %144, %147, %148, %149) : (memref<6xf32, #hivm.address_space<ub>>, memref<6x256xf32, #hivm.address_space<ub>>, i32, i32, i32) -> ()
            }, {
              "scf.yield"(%arg25, %arg26, %127#1, %127#2, %arg29) : (memref<6xf32, #hivm.address_space<ub>>, memref<6x256xf32, #hivm.address_space<ub>>, i32, i32, i32) -> ()
            }) : (i1) -> (memref<6xf32, #hivm.address_space<ub>>, memref<6x256xf32, #hivm.address_space<ub>>, i32, i32, i32)
            "hivm.hir.sync_block_set"() <{operandSegmentSizes = array<i32: 0, 0>, pipe = #hivm.pipe<PIPE_S>, static_flag_id = 15 : i64, tcore_type = #hivm.tcore_type<VECTOR>, tpipe = #hivm.pipe<PIPE_S>}> : () -> ()
            %137 = "hivm.hir.pointer_cast"(%23) <{operandSegmentSizes = array<i32: 1, 0>}> : (i64) -> memref<6xf32, #hivm.address_space<ub>>
            "hivm.hir.copy"(%127#0, %137) : (memref<6xf32, #hivm.address_space<ub>>, memref<6xf32, #hivm.address_space<ub>>) -> ()
            "scf.yield"(%136#0, %136#1, %137, %127#3, %136#4, %136#3, %136#2) : (memref<6xf32, #hivm.address_space<ub>>, memref<6x256xf32, #hivm.address_space<ub>>, memref<6xf32, #hivm.address_space<ub>>, i32, i32, i32, i32) -> ()
          }) : (i32, i32, i32, memref<6xf32, #hivm.address_space<ub>>, memref<6x256xf32, #hivm.address_space<ub>>, memref<6xf32, #hivm.address_space<ub>>, i32, i32, i32, i32) -> (memref<6xf32, #hivm.address_space<ub>>, memref<6x256xf32, #hivm.address_space<ub>>, memref<6xf32, #hivm.address_space<ub>>, i32, i32, i32, i32)
          "hivm.hir.wait_flag"() <{set_pipe = #hivm.pipe<PIPE_MTE3>, static_event_id = #hivm.event<EVENT_ID0>, wait_pipe = #hivm.pipe<PIPE_V>}> : () -> ()
          "hivm.hir.sync_block_wait"() <{pipe = #hivm.pipe<PIPE_MTE3>, static_flag_id = 1 : i64, tcore_type = #hivm.tcore_type<VECTOR>, tpipe = #hivm.pipe<PIPE_M>}> : () -> ()
          %109 = "arith.muli"(%67, %arg16) <{overflowFlags = #arith.overflow<none>}> : (i32, i32) -> i32
          %110 = "arith.index_cast"(%109) : (i32) -> index
          %111 = "arith.index_cast"(%arg17) : (i32) -> index
          %112 = "memref.reinterpret_cast"(%arg5, %110, %111) <{operandSegmentSizes = array<i32: 1, 1, 0, 1>, static_offsets = array<i64: -9223372036854775808>, static_sizes = array<i64: 6, 256>, static_strides = array<i64: -9223372036854775808, 1>}> : (memref<?xbf16, #hivm.address_space<gm>>, index, index) -> memref<6x256xbf16, strided<[?, 1], offset: ?>, #hivm.address_space<gm>>
          %113 = "hivm.hir.pointer_cast"(%0) <{operandSegmentSizes = array<i32: 1, 0>}> : (i64) -> memref<6x256xbf16, #hivm.address_space<ub>>
          "func.call"(%108#0, %108#1, %113) <{callee = @paged_prefill_verify_grouped_kernel_mix_aiv_outlined_vf_24, no_inline}> {hivm.vector_function} : (memref<6xf32, #hivm.address_space<ub>>, memref<6x256xf32, #hivm.address_space<ub>>, memref<6x256xbf16, #hivm.address_space<ub>>) -> ()
          "hivm.hir.set_flag"() <{set_pipe = #hivm.pipe<PIPE_V>, static_event_id = #hivm.event<EVENT_ID0>, wait_pipe = #hivm.pipe<PIPE_MTE3>}> : () -> ()
          %114 = "arith.index_cast"(%54) : (i64) -> index
          %115 = "arith.cmpi"(%114, %32) <{predicate = 0 : i64}> : (index, index) -> i1
          "hivm.hir.wait_flag"() <{set_pipe = #hivm.pipe<PIPE_V>, static_event_id = #hivm.event<EVENT_ID0>, wait_pipe = #hivm.pipe<PIPE_MTE3>}> : () -> ()
          "scf.if"(%115) ({
            "hivm.hir.store"(%113, %112) : (memref<6x256xbf16, #hivm.address_space<ub>>, memref<6x256xbf16, strided<[?, 1], offset: ?>, #hivm.address_space<gm>>) -> ()
            "scf.yield"() : () -> ()
          }, {
          }) {limit_sub_block_id0} : (i1) -> ()
          "scf.yield"() : () -> ()
        }, {
        }) : (i1) -> ()
        "scf.yield"() : () -> ()
      }) : (i32, i32, i32) -> ()
      "hivm.hir.set_ctrl"() <{enable = true, idx = 60 : i64}> : () -> ()
      "scf.yield"() : () -> ()
    }) {autoblockify.subloop} : (i32, i32, i32) -> ()
    "hivm.hir.pipe_barrier"() <{pipe = #hivm.pipe<PIPE_ALL>}> : () -> ()
    "func.return"() : () -> ()
  }) {SyncBlockLockArgIdx = 0 : i64, WorkspaceArgIdx = 1 : i64, func_dyn_memref_args = dense<[true, true, true, true, true, true, true, true, true, true, false, false, false, false, false, false, false, false, false, false, false, false]> : vector<22xi1>, hacc.entry, hacc.function_kind = #hacc.function_kind<DEVICE>, hivm.func_core_type = #hivm.func_core_type<AIV>, hivm.part_of_mix, hivm.vf_mode = #hivm.vf_mode<SIMD>, mix_mode = "mix", parallel_mode = "simd"} : () -> ()
}) {dlti.target_system_spec = #dlti.target_system_spec<"NPU" : #hacc.target_device_spec<#dlti.dl_entry<"AI_CORE_COUNT", 28 : i32>, #dlti.dl_entry<"CUBE_CORE_COUNT", 28 : i32>, #dlti.dl_entry<"VECTOR_CORE_COUNT", 56 : i32>, #dlti.dl_entry<"UB_SIZE", 2031616 : i32>, #dlti.dl_entry<"L1_SIZE", 4194304 : i32>, #dlti.dl_entry<"L0A_SIZE", 524288 : i32>, #dlti.dl_entry<"L0B_SIZE", 524288 : i32>, #dlti.dl_entry<"L0C_SIZE", 2097152 : i32>, #dlti.dl_entry<"UB_ALIGN_SIZE", 256 : i32>, #dlti.dl_entry<"L1_ALIGN_SIZE", 256 : i32>, #dlti.dl_entry<"L0C_ALIGN_SIZE", 4096 : i32>, #dlti.dl_entry<"MINIMAL_D_CACHE_SIZE", 262144 : i32>, #dlti.dl_entry<"MAXIMUM_D_CACHE_SIZE", 983040 : i32>, #dlti.dl_entry<"ARCH", "dav-c310">>>, hacc.target = #hacc.target<"Ascend950PR_957b">, hivm.module_core_type = #hivm.module_core_type<MIX>} : () -> ()


[hivm-bind-sub-block] revert paged_prefill_verify_grouped_kernel_mix_aiv: bubble-up or verification failed
// -----// IR Dump After InlineScope Failed (inline-scope) //----- //
#map = affine_map<(d0)[s0] -> (d0 + s0)>
#map1 = affine_map<(d0) -> (d0)>
#map2 = affine_map<() -> ()>
#map3 = affine_map<(d0, d1, d2) -> (d0, d1, d2)>
#map4 = affine_map<(d0) -> (d0, 0)>
#map5 = affine_map<()[s0] -> (s0 + 1)>
#map6 = affine_map<()[s0, s1] -> (s0 - s1)>
#map7 = affine_map<()[s0, s1] -> (s0 + s1)>
#map8 = affine_map<()[s0, s1] -> ((s0 - s1 + 15) floordiv 16)>
#map9 = affine_map<()[s0] -> (s0 floordiv 16)>
#map10 = affine_map<()[s0] -> (s0 mod 16)>
#map11 = affine_map<(d0, d1) -> (d0, d1)>
#map12 = affine_map<(d0, d1) -> (0, d1)>
#map13 = affine_map<(d0, d1) -> (d0, 0)>
#map14 = affine_map<(d0) -> (0, d0)>
"builtin.module"() ({
  "func.func"() <{function_type = (memref<6x64xf32, #hivm.address_space<ub>>, memref<6xf32, #hivm.address_space<ub>>, memref<6xf32, #hivm.address_space<ub>>, memref<6xf32, #hivm.address_space<ub>>, memref<6xf32, #hivm.address_space<ub>>, memref<16x4x16xbf16, #hivm.address_space<ub>>, memref<4x16x16xbf16, #hivm.address_space<ub>>) -> (), sym_name = "paged_prefill_verify_grouped_kernel_mix_aiv_outlined_merged_merged_vf_0"}> ({
  ^bb0(%arg136: memref<6x64xf32, #hivm.address_space<ub>>, %arg137: memref<6xf32, #hivm.address_space<ub>>, %arg138: memref<6xf32, #hivm.address_space<ub>>, %arg139: memref<6xf32, #hivm.address_space<ub>>, %arg140: memref<6xf32, #hivm.address_space<ub>>, %arg141: memref<16x4x16xbf16, #hivm.address_space<ub>>, %arg142: memref<4x16x16xbf16, #hivm.address_space<ub>>):
    %637 = "arith.constant"() <{value = dense<0.000000e+00> : vector<128xbf16>}> : () -> vector<128xbf16>
    %638 = "arith.constant"() <{value = dense<"0x00000100020003000400050006000700080009000A000B000C000D000E000F0040004100420043004400450046004700480049004A004B004C004D004E004F0010001100120013001400150016001700180019001A001B001C001D001E001F0050005100520053005400550056005700580059005A005B005C005D005E005F0020002100220023002400250026002700280029002A002B002C002D002E002F0060006100620063006400650066006700680069006A006B006C006D006E006F0030003100320033003400350036003700380039003A003B003C003D003E003F0070007100720073007400750076007700780079007A007B007C007D007E007F00"> : vector<128xi16>}> : () -> vector<128xi16>
    %639 = "arith.constant"() <{value = dense<0.000000e+00> : vector<64xf32>}> : () -> vector<64xf32>
    %640 = "arith.constant"() <{value = 16 : index}> : () -> index
    %641 = "arith.constant"() <{value = 2 : index}> : () -> index
    %642 = "arith.constant"() <{value = 0.000000e+00 : f32}> : () -> f32
    %643 = "arith.constant"() <{value = 1 : index}> : () -> index
    %644 = "arith.constant"() <{value = 6 : index}> : () -> index
    %645 = "arith.constant"() <{value = 0 : index}> : () -> index
    "scf.for"(%645, %644, %643) ({
    ^bb0(%arg144: index):
      %654 = "memref.subview"(%arg137, %arg144) <{operandSegmentSizes = array<i32: 1, 1, 0, 0>, static_offsets = array<i64: -9223372036854775808>, static_sizes = array<i64: 1>, static_strides = array<i64: 1>}> : (memref<6xf32, #hivm.address_space<ub>>, index) -> memref<1xf32, strided<[1], offset: ?>, #hivm.address_space<ub>>
      %655 = "memref.subview"(%arg136, %arg144) <{operandSegmentSizes = array<i32: 1, 1, 0, 0>, static_offsets = array<i64: -9223372036854775808, 0>, static_sizes = array<i64: 1, 64>, static_strides = array<i64: 1, 1>}> : (memref<6x64xf32, #hivm.address_space<ub>>, index) -> memref<1x64xf32, strided<[64, 1], offset: ?>, #hivm.address_space<ub>>
      %656 = "memref.subview"(%655) <{operandSegmentSizes = array<i32: 1, 0, 0, 0>, static_offsets = array<i64: 0, 0>, static_sizes = array<i64: 1, 64>, static_strides = array<i64: 1, 1>}> : (memref<1x64xf32, strided<[64, 1], offset: ?>, #hivm.address_space<ub>>) -> memref<64xf32, #map, #hivm.address_space<ub>>
      %657 = "vector.transfer_read"(%656, %645, %642) <{in_bounds = [true], operandSegmentSizes = array<i32: 1, 1, 1, 0>, permutation_map = #map1}> : (memref<64xf32, #map, #hivm.address_space<ub>>, index, f32) -> vector<64xf32>
      %658 = "arith.addf"(%657, %639) <{fastmath = #arith.fastmath<none>}> {reductionOp} : (vector<64xf32>, vector<64xf32>) -> vector<64xf32>
      %659 = "memref.subview"(%654) <{operandSegmentSizes = array<i32: 1, 0, 0, 0>, static_offsets = array<i64: 0>, static_sizes = array<i64: 1>, static_strides = array<i64: 1>}> : (memref<1xf32, strided<[1], offset: ?>, #hivm.address_space<ub>>) -> memref<f32, strided<[], offset: ?>, #hivm.address_space<ub>>
      %660 = "vector.transfer_read"(%659, %642) <{in_bounds = [], operandSegmentSizes = array<i32: 1, 0, 1, 0>, permutation_map = #map2}> : (memref<f32, strided<[], offset: ?>, #hivm.address_space<ub>>, f32) -> vector<f32>
      %661 = "vector.shape_cast"(%660) : (vector<f32>) -> vector<1xf32>
      %662 = "builtin.unrealized_conversion_cast"(%661) : (vector<1xf32>) -> f32
      %663 = "vector.reduction"(%658, %662) <{fastmath = #arith.fastmath<none>, kind = #vector.kind<add>}> {withoutInitMergeOp} : (vector<64xf32>, f32) -> f32
      %664 = "builtin.unrealized_conversion_cast"(%663) : (f32) -> vector<1xf32>
      %665 = "vector.shape_cast"(%664) : (vector<1xf32>) -> vector<f32>
      "vector.transfer_write"(%665, %659) <{in_bounds = [], operandSegmentSizes = array<i32: 1, 1, 0, 0>, permutation_map = #map2}> : (vector<f32>, memref<f32, strided<[], offset: ?>, #hivm.address_space<ub>>) -> ()
      "scf.yield"() : () -> ()
    }) : (index, index, index) -> ()
    %646 = "vector.constant_mask"() <{mask_dim_sizes = [6]}> : () -> vector<64xi1>
    "annotation.mark"(%646) <{effects = ["write"]}> {mask_op_idx = 0 : i32} : (vector<64xi1>) -> ()
    %647 = "vector.transfer_read"(%arg138, %645, %642, %646) <{in_bounds = [true], operandSegmentSizes = array<i32: 1, 1, 1, 1>, permutation_map = #map1}> : (memref<6xf32, #hivm.address_space<ub>>, index, f32, vector<64xi1>) -> vector<64xf32>
    "annotation.mark"(%647) <{effects = ["write"]}> {reached_mask_ops_idx = 0 : i32} : (vector<64xf32>) -> ()
    %648 = "vector.transfer_read"(%arg139, %645, %642, %646) <{in_bounds = [true], operandSegmentSizes = array<i32: 1, 1, 1, 1>, permutation_map = #map1}> : (memref<6xf32, #hivm.address_space<ub>>, index, f32, vector<64xi1>) -> vector<64xf32>
    "annotation.mark"(%648) <{effects = ["write"]}> {reached_mask_ops_idx = 0 : i32} : (vector<64xf32>) -> ()
    %649 = "arith.subf"(%647, %648) <{fastmath = #arith.fastmath<none>}> : (vector<64xf32>, vector<64xf32>) -> vector<64xf32>
    "annotation.mark"(%649) <{effects = ["write"]}> {reached_mask_ops_idx = 0 : i32} : (vector<64xf32>) -> ()
    "vector.transfer_write"(%649, %arg140, %645, %646) <{in_bounds = [true], operandSegmentSizes = array<i32: 1, 1, 1, 1>, permutation_map = #map1}> : (vector<64xf32>, memref<6xf32, #hivm.address_space<ub>>, index, vector<64xi1>) -> ()
    "scf.for"(%645, %640, %641) ({
    ^bb0(%arg143: index):
      %650 = "memref.subview"(%arg141, %arg143) <{operandSegmentSizes = array<i32: 1, 1, 0, 0>, static_offsets = array<i64: -9223372036854775808, 0, 0>, static_sizes = array<i64: 2, 4, 16>, static_strides = array<i64: 1, 1, 1>}> : (memref<16x4x16xbf16, #hivm.address_space<ub>>, index) -> memref<2x4x16xbf16, strided<[64, 16, 1], offset: ?>, #hivm.address_space<ub>>
      %651 = "memref.subview"(%arg142, %arg143) <{operandSegmentSizes = array<i32: 1, 1, 0, 0>, static_offsets = array<i64: 0, -9223372036854775808, 0>, static_sizes = array<i64: 4, 2, 16>, static_strides = array<i64: 1, 1, 1>}> : (memref<4x16x16xbf16, #hivm.address_space<ub>>, index) -> memref<4x2x16xbf16, strided<[256, 16, 1], offset: ?>, #hivm.address_space<ub>>
      %652 = "vector.constant_mask"() <{mask_dim_sizes = [128]}> : () -> vector<128xi1>
      %653 = "vector.gather"(%650, %645, %645, %645, %638, %652, %637) : (memref<2x4x16xbf16, strided<[64, 16, 1], offset: ?>, #hivm.address_space<ub>>, index, index, index, vector<128xi16>, vector<128xi1>, vector<128xbf16>) -> vector<128xbf16>
      "vector.transfer_write"(%653, %651, %645, %645, %645) <{in_bounds = [true, true, true], operandSegmentSizes = array<i32: 1, 1, 3, 0>, permutation_map = #map3}> : (vector<128xbf16>, memref<4x2x16xbf16, strided<[256, 16, 1], offset: ?>, #hivm.address_space<ub>>, index, index, index) -> ()
      "scf.yield"() : () -> ()
    }) : (index, index, index) -> ()
    "func.return"() : () -> ()
  }) {hivm.func_core_type = #hivm.func_core_type<AIV>, hivm.vector_function} : () -> ()
  "func.func"() <{function_type = (memref<6xf32, #hivm.address_space<ub>>, memref<6xf32, #hivm.address_space<ub>>, memref<6xf32, #hivm.address_space<ub>>, memref<6xf32, #hivm.address_space<ub>>, memref<6xf32, #hivm.address_space<ub>>, memref<6x256xf32, #hivm.address_space<ub>>, memref<6x256xf32, #hivm.address_space<ub>>, memref<6x256xf32, #hivm.address_space<ub>>) -> (), sym_name = "paged_prefill_verify_grouped_kernel_mix_aiv_outlined_merged_vf_1"}> ({
  ^bb0(%arg126: memref<6xf32, #hivm.address_space<ub>>, %arg127: memref<6xf32, #hivm.address_space<ub>>, %arg128: memref<6xf32, #hivm.address_space<ub>>, %arg129: memref<6xf32, #hivm.address_space<ub>>, %arg130: memref<6xf32, #hivm.address_space<ub>>, %arg131: memref<6x256xf32, #hivm.address_space<ub>>, %arg132: memref<6x256xf32, #hivm.address_space<ub>>, %arg133: memref<6x256xf32, #hivm.address_space<ub>>):
    %612 = "arith.constant"() <{value = 256 : index}> : () -> index
    %613 = "arith.constant"() <{value = 64 : index}> : () -> index
    %614 = "arith.constant"() <{value = 6 : index}> : () -> index
    %615 = "arith.constant"() <{value = 1 : index}> : () -> index
    %616 = "arith.constant"() <{value = 0.000000e+00 : f32}> : () -> f32
    %617 = "arith.constant"() <{value = 0 : index}> : () -> index
    %618 = "vector.constant_mask"() <{mask_dim_sizes = [6]}> : () -> vector<64xi1>
    "annotation.mark"(%618) <{effects = ["write"]}> {mask_op_idx = 0 : i32} : (vector<64xi1>) -> ()
    %619 = "vector.transfer_read"(%arg126, %617, %616, %618) <{in_bounds = [true], operandSegmentSizes = array<i32: 1, 1, 1, 1>, permutation_map = #map1}> : (memref<6xf32, #hivm.address_space<ub>>, index, f32, vector<64xi1>) -> vector<64xf32>
    "annotation.mark"(%619) <{effects = ["write"]}> {reached_mask_ops_idx = 0 : i32} : (vector<64xf32>) -> ()
    %620 = "vector.transfer_read"(%arg127, %617, %616, %618) <{in_bounds = [true], operandSegmentSizes = array<i32: 1, 1, 1, 1>, permutation_map = #map1}> : (memref<6xf32, #hivm.address_space<ub>>, index, f32, vector<64xi1>) -> vector<64xf32>
    "annotation.mark"(%620) <{effects = ["write"]}> {reached_mask_ops_idx = 0 : i32} : (vector<64xf32>) -> ()
    %621 = "vector.transfer_read"(%arg128, %617, %616, %618) <{in_bounds = [true], operandSegmentSizes = array<i32: 1, 1, 1, 1>, permutation_map = #map1}> : (memref<6xf32, #hivm.address_space<ub>>, index, f32, vector<64xi1>) -> vector<64xf32>
    "annotation.mark"(%621) <{effects = ["write"]}> {reached_mask_ops_idx = 0 : i32} : (vector<64xf32>) -> ()
    %622 = "arith.mulf"(%619, %620) <{fastmath = #arith.fastmath<none>}> : (vector<64xf32>, vector<64xf32>) -> vector<64xf32>
    "annotation.mark"(%622) <{effects = ["write"]}> {reached_mask_ops_idx = 0 : i32} : (vector<64xf32>) -> ()
    %623 = "arith.addf"(%622, %621) <{fastmath = #arith.fastmath<none>}> : (vector<64xf32>, vector<64xf32>) -> vector<64xf32>
    "annotation.mark"(%623) <{effects = ["write"]}> {reached_mask_ops_idx = 0 : i32} : (vector<64xf32>) -> ()
    "vector.transfer_write"(%623, %arg129, %617, %618) <{in_bounds = [true], operandSegmentSizes = array<i32: 1, 1, 1, 1>, permutation_map = #map1}> : (vector<64xf32>, memref<6xf32, #hivm.address_space<ub>>, index, vector<64xi1>) -> ()
    "scf.for"(%617, %614, %615) ({
    ^bb0(%arg134: index):
      %624 = "memref.subview"(%arg130, %arg134) <{operandSegmentSizes = array<i32: 1, 1, 0, 0>, static_offsets = array<i64: -9223372036854775808>, static_sizes = array<i64: 1>, static_strides = array<i64: 1>}> : (memref<6xf32, #hivm.address_space<ub>>, index) -> memref<1xf32, strided<[1], offset: ?>, #hivm.address_space<ub>>
      "scf.for"(%617, %612, %613) ({
      ^bb0(%arg135: index):
        %625 = "memref.subview"(%arg131, %arg134, %arg135) <{operandSegmentSizes = array<i32: 1, 2, 0, 0>, static_offsets = array<i64: -9223372036854775808, -9223372036854775808>, static_sizes = array<i64: 1, 64>, static_strides = array<i64: 1, 1>}> : (memref<6x256xf32, #hivm.address_space<ub>>, index, index) -> memref<1x64xf32, strided<[256, 1], offset: ?>, #hivm.address_space<ub>>
        %626 = "memref.subview"(%arg132, %arg134, %arg135) <{operandSegmentSizes = array<i32: 1, 2, 0, 0>, static_offsets = array<i64: -9223372036854775808, -9223372036854775808>, static_sizes = array<i64: 1, 64>, static_strides = array<i64: 1, 1>}> : (memref<6x256xf32, #hivm.address_space<ub>>, index, index) -> memref<1x64xf32, strided<[256, 1], offset: ?>, #hivm.address_space<ub>>
        %627 = "memref.subview"(%arg133, %arg134, %arg135) <{operandSegmentSizes = array<i32: 1, 2, 0, 0>, static_offsets = array<i64: -9223372036854775808, -9223372036854775808>, static_sizes = array<i64: 1, 64>, static_strides = array<i64: 1, 1>}> : (memref<6x256xf32, #hivm.address_space<ub>>, index, index) -> memref<1x64xf32, strided<[256, 1], offset: ?>, #hivm.address_space<ub>>
        %628 = "memref.subview"(%625) <{operandSegmentSizes = array<i32: 1, 0, 0, 0>, static_offsets = array<i64: 0, 0>, static_sizes = array<i64: 1, 64>, static_strides = array<i64: 1, 1>}> : (memref<1x64xf32, strided<[256, 1], offset: ?>, #hivm.address_space<ub>>) -> memref<64xf32, #map, #hivm.address_space<ub>>
        %629 = "vector.transfer_read"(%628, %617, %616) <{in_bounds = [true], operandSegmentSizes = array<i32: 1, 1, 1, 0>, permutation_map = #map1}> : (memref<64xf32, #map, #hivm.address_space<ub>>, index, f32) -> vector<64xf32>
        %630 = "memref.subview"(%626) <{operandSegmentSizes = array<i32: 1, 0, 0, 0>, static_offsets = array<i64: 0, 0>, static_sizes = array<i64: 1, 64>, static_strides = array<i64: 1, 1>}> : (memref<1x64xf32, strided<[256, 1], offset: ?>, #hivm.address_space<ub>>) -> memref<64xf32, #map, #hivm.address_space<ub>>
        %631 = "vector.transfer_read"(%630, %617, %616) <{in_bounds = [true], operandSegmentSizes = array<i32: 1, 1, 1, 0>, permutation_map = #map1}> : (memref<64xf32, #map, #hivm.address_space<ub>>, index, f32) -> vector<64xf32>
        %632 = "vector.transfer_read"(%624, %617, %616) <{in_bounds = [true, true], operandSegmentSizes = array<i32: 1, 1, 1, 0>, permutation_map = #map4}> : (memref<1xf32, strided<[1], offset: ?>, #hivm.address_space<ub>>, index, f32) -> vector<1x64xf32>
        %633 = "vector.shape_cast"(%632) : (vector<1x64xf32>) -> vector<64xf32>
        %634 = "arith.mulf"(%631, %633) <{fastmath = #arith.fastmath<none>}> : (vector<64xf32>, vector<64xf32>) -> vector<64xf32>
        %635 = "arith.addf"(%629, %634) <{fastmath = #arith.fastmath<none>}> : (vector<64xf32>, vector<64xf32>) -> vector<64xf32>
        %636 = "memref.subview"(%627) <{operandSegmentSizes = array<i32: 1, 0, 0, 0>, static_offsets = array<i64: 0, 0>, static_sizes = array<i64: 1, 64>, static_strides = array<i64: 1, 1>}> : (memref<1x64xf32, strided<[256, 1], offset: ?>, #hivm.address_space<ub>>) -> memref<64xf32, #map, #hivm.address_space<ub>>
        "vector.transfer_write"(%635, %636, %617) <{in_bounds = [true], operandSegmentSizes = array<i32: 1, 1, 1, 0>, permutation_map = #map1}> : (vector<64xf32>, memref<64xf32, #map, #hivm.address_space<ub>>, index) -> ()
        "scf.yield"() : () -> ()
      }) : (index, index, index) -> ()
      "scf.yield"() : () -> ()
    }) : (index, index, index) -> ()
    "func.return"() : () -> ()
  }) {hivm.func_core_type = #hivm.func_core_type<AIV>, hivm.vector_function} : () -> ()
  "func.func"() <{arg_attrs = [{hacc.arg_type = #hacc.arg_type<sync_block_lock>}, {hacc.arg_type = #hacc.arg_type<workspace>}, {tt.divisibility = 16 : i32, tt.tensor_kind = 0 : i32}, {tt.divisibility = 16 : i32, tt.tensor_kind = 0 : i32}, {tt.divisibility = 16 : i32, tt.tensor_kind = 0 : i32}, {tt.divisibility = 16 : i32, tt.tensor_kind = 1 : i32}, {tt.divisibility = 16 : i32, tt.tensor_kind = 0 : i32}, {tt.divisibility = 16 : i32, tt.tensor_kind = 0 : i32}, {tt.divisibility = 16 : i32, tt.tensor_kind = 0 : i32}, {tt.divisibility = 16 : i32, tt.tensor_kind = 0 : i32}, {tt.divisibility = 16 : i32}, {tt.divisibility = 16 : i32}, {tt.divisibility = 16 : i32}, {tt.divisibility = 16 : i32}, {tt.divisibility = 16 : i32}, {tt.divisibility = 16 : i32}, {tt.divisibility = 16 : i32}, {tt.divisibility = 16 : i32}, {}, {}, {}, {}], function_type = (memref<?xi8, #hivm.address_space<gm>>, memref<?xi8, #hivm.address_space<gm>>, memref<?xbf16, #hivm.address_space<gm>>, memref<?xbf16, #hivm.address_space<gm>>, memref<?xbf16, #hivm.address_space<gm>>, memref<?xbf16, #hivm.address_space<gm>>, memref<?xi32, #hivm.address_space<gm>>, memref<?xi32, #hivm.address_space<gm>>, memref<?xi32, #hivm.address_space<gm>>, memref<?xf32, #hivm.address_space<gm>>, i32, i32, i32, i32, i32, i32, i32, i32, f32, i32, i32, i32) -> (), sym_name = "paged_prefill_verify_grouped_kernel_mix_aic"}> ({
  ^bb0(%arg98: memref<?xi8, #hivm.address_space<gm>>, %arg99: memref<?xi8, #hivm.address_space<gm>>, %arg100: memref<?xbf16, #hivm.address_space<gm>>, %arg101: memref<?xbf16, #hivm.address_space<gm>>, %arg102: memref<?xbf16, #hivm.address_space<gm>>, %arg103: memref<?xbf16, #hivm.address_space<gm>>, %arg104: memref<?xi32, #hivm.address_space<gm>>, %arg105: memref<?xi32, #hivm.address_space<gm>>, %arg106: memref<?xi32, #hivm.address_space<gm>>, %arg107: memref<?xf32, #hivm.address_space<gm>>, %arg108: i32, %arg109: i32, %arg110: i32, %arg111: i32, %arg112: i32, %arg113: i32, %arg114: i32, %arg115: i32, %arg116: f32, %arg117: i32, %arg118: i32, %arg119: i32):
    %403 = "arith.constant"() <{value = 20480 : i64}> : () -> i64
    %404 = "arith.constant"() <{value = 75776 : i64}> : () -> i64
    %405 = "arith.constant"() <{value = 4096 : i64}> : () -> i64
    %406 = "arith.constant"() <{value = 24576 : i64}> : () -> i64
    %407 = "arith.constant"() <{value = 43008 : i64}> : () -> i64
    %408 = "arith.constant"() <{value = 116736 : i64}> : () -> i64
    %409 = "arith.constant"() <{value = 10240 : i64}> : () -> i64
    %410 = "arith.constant"() <{value = 83968 : i64}> : () -> i64
    %411 = "arith.constant"() <{value = -1 : i64}> : () -> i64
    %412 = "arith.constant"() <{value = 4 : i64}> : () -> i64
    %413 = "arith.constant"() <{value = 6 : i64}> : () -> i64
    %414 = "arith.constant"() <{value = 5 : i64}> : () -> i64
    %415 = "arith.constant"() <{value = 3 : i64}> : () -> i64
    %416 = "arith.constant"() <{value = 1 : i64}> : () -> i64
    %417 = "arith.constant"() <{value = 2 : i64}> : () -> i64
    %418 = "arith.constant"() <{value = 1856 : i64}> : () -> i64
    %419 = "arith.constant"() <{value = 320 : i64}> : () -> i64
    %420 = "arith.constant"() <{value = 8192 : i64}> : () -> i64
    %421 = "arith.constant"() <{value = 16 : index}> : () -> index
    %422 = "llvm.mlir.constant"() <{value = 1024 : i64}> : () -> i64
    %423 = "llvm.mlir.constant"() <{value = 0 : i64}> : () -> i64
    %424 = "llvm.mlir.constant"() <{value = 0 : i32}> : () -> i32
    %425 = "arith.constant"() <{value = 64 : i32}> : () -> i32
    %426 = "arith.constant"() <{value = 63 : i32}> : () -> i32
    %427 = "arith.constant"() <{value = 0.000000e+00 : bf16}> : () -> bf16
    %428 = "arith.constant"() <{value = 0 : i32}> : () -> i32
    %429 = "arith.constant"() <{value = 256 : index}> : () -> index
    %430 = "arith.constant"() <{value = 64 : index}> : () -> index
    %431 = "llvm.mlir.constant"() <{value = 4 : i64}> : () -> i64
    %432 = "llvm.mlir.constant"() <{value = 1028 : i64}> : () -> i64
    %433 = "llvm.mlir.constant"() <{value = 8 : i64}> : () -> i64
    %434 = "llvm.mlir.constant"() <{value = 1032 : i64}> : () -> i64
    %435 = "arith.constant"() <{value = 3 : i32}> : () -> i32
    %436 = "arith.constant"() <{value = 1 : i32}> : () -> i32
    %437 = "arith.constant"() <{value = 6 : index}> : () -> index
    %438 = "arith.constant"() <{value = true}> : () -> i1
    %439 = "arith.constant"() <{value = 28 : i32}> : () -> i32
    %440 = "arith.constant"() <{value = 0 : index}> : () -> index
    %441 = "arith.constant"() <{value = 0 : i64}> : () -> i64
    %442 = "memref.alloca"() <{operandSegmentSizes = array<i32: 0, 0>}> : () -> memref<1xi64>
    "memref.store"(%441, %442, %440) <{nontemporal = false}> : (i64, memref<1xi64>, index) -> ()
    %443 = "memref.alloca"() <{operandSegmentSizes = array<i32: 0, 0>}> : () -> memref<1xi64>
    "memref.store"(%441, %443, %440) <{nontemporal = false}> : (i64, memref<1xi64>, index) -> ()
    %444 = "hivm.hir.pointer_cast"(%441) <{operandSegmentSizes = array<i32: 1, 0>}> : (i64) -> memref<4x1x16x16xf32, #hivm.address_space<cc>>
    "annotation.mark"(%444) <{effects = ["write"]}> {hivm.multi_buffer = 2 : i32} : (memref<4x1x16x16xf32, #hivm.address_space<cc>>) -> ()
    %445 = "hivm.hir.pointer_cast"(%403) <{operandSegmentSizes = array<i32: 1, 0>}> : (i64) -> memref<4x1x16x16xf32, #hivm.address_space<cc>>
    "annotation.mark"(%445) <{effects = ["write"]}> {hivm.multi_buffer = 2 : i32} : (memref<4x1x16x16xf32, #hivm.address_space<cc>>) -> ()
    %446 = "hivm.hir.pointer_cast"(%441) <{operandSegmentSizes = array<i32: 1, 0>}> : (i64) -> memref<16x1x16x16xbf16, #hivm.address_space<cbuf>>
    "annotation.mark"(%446) <{effects = ["write"]}> {hivm.multi_buffer = 2 : i32} : (memref<16x1x16x16xbf16, #hivm.address_space<cbuf>>) -> ()
    %447 = "hivm.hir.pointer_cast"(%404) <{operandSegmentSizes = array<i32: 1, 0>}> : (i64) -> memref<16x1x16x16xbf16, #hivm.address_space<cbuf>>
    "annotation.mark"(%447) <{effects = ["write"]}> {hivm.multi_buffer = 2 : i32} : (memref<16x1x16x16xbf16, #hivm.address_space<cbuf>>) -> ()
    %448 = "hivm.hir.pointer_cast"(%405) <{operandSegmentSizes = array<i32: 1, 0>}> : (i64) -> memref<16x1x16x16xf32, #hivm.address_space<cc>>
    "annotation.mark"(%448) <{effects = ["write"]}> {hivm.multi_buffer = 2 : i32} : (memref<16x1x16x16xf32, #hivm.address_space<cc>>) -> ()
    %449 = "hivm.hir.pointer_cast"(%406) <{operandSegmentSizes = array<i32: 1, 0>}> : (i64) -> memref<16x1x16x16xf32, #hivm.address_space<cc>>
    "annotation.mark"(%449) <{effects = ["write"]}> {hivm.multi_buffer = 2 : i32} : (memref<16x1x16x16xf32, #hivm.address_space<cc>>) -> ()
    %450 = "hivm.hir.pointer_cast"(%407) <{operandSegmentSizes = array<i32: 1, 0>}> : (i64) -> memref<16x4x16x16xbf16, #hivm.address_space<cbuf>>
    "annotation.mark"(%450) <{effects = ["write"]}> {hivm.multi_buffer = 2 : i32} : (memref<16x4x16x16xbf16, #hivm.address_space<cbuf>>) -> ()
    %451 = "hivm.hir.pointer_cast"(%408) <{operandSegmentSizes = array<i32: 1, 0>}> : (i64) -> memref<16x4x16x16xbf16, #hivm.address_space<cbuf>>
    "annotation.mark"(%451) <{effects = ["write"]}> {hivm.multi_buffer = 2 : i32} : (memref<16x4x16x16xbf16, #hivm.address_space<cbuf>>) -> ()
    %452 = "hivm.hir.pointer_cast"(%409) <{operandSegmentSizes = array<i32: 1, 0>}> : (i64) -> memref<16x4x16x16xbf16, #hivm.address_space<cbuf>>
    "annotation.mark"(%452) <{effects = ["write"]}> {hivm.multi_buffer = 2 : i32} : (memref<16x4x16x16xbf16, #hivm.address_space<cbuf>>) -> ()
    %453 = "hivm.hir.pointer_cast"(%410) <{operandSegmentSizes = array<i32: 1, 0>}> : (i64) -> memref<16x4x16x16xbf16, #hivm.address_space<cbuf>>
    "annotation.mark"(%453) <{effects = ["write"]}> {hivm.multi_buffer = 2 : i32} : (memref<16x4x16x16xbf16, #hivm.address_space<cbuf>>) -> ()
    %454 = "arith.muli"(%arg117, %arg118) <{overflowFlags = #arith.overflow<none>}> : (i32, i32) -> i32
    %455 = "arith.muli"(%454, %arg119) <{overflowFlags = #arith.overflow<none>}> : (i32, i32) -> i32
    "annotation.mark"(%455) <{effects = ["write"]}> {logical_block_num} : (i32) -> ()
    %456 = "hivm.hir.get_block_idx"() : () -> i64
    %457 = "arith.trunci"(%456) : (i64) -> i32
    %458 = "llvm.inttoptr"(%423) : (i64) -> !llvm.ptr<11>
    %459 = "llvm.inttoptr"(%422) : (i64) -> !llvm.ptr<11>
    %460 = "llvm.inttoptr"(%431) : (i64) -> !llvm.ptr<11>
    %461 = "llvm.inttoptr"(%432) : (i64) -> !llvm.ptr<11>
    %462 = "llvm.inttoptr"(%433) : (i64) -> !llvm.ptr<11>
    %463 = "llvm.inttoptr"(%434) : (i64) -> !llvm.ptr<11>
    "hivm.hir.set_flag"() <{set_pipe = #hivm.pipe<PIPE_MTE1>, static_event_id = #hivm.event<EVENT_ID0>, wait_pipe = #hivm.pipe<PIPE_MTE2>}> : () -> ()
    "hivm.hir.set_flag"() <{set_pipe = #hivm.pipe<PIPE_MTE1>, static_event_id = #hivm.event<EVENT_ID1>, wait_pipe = #hivm.pipe<PIPE_MTE2>}> : () -> ()
    "hivm.hir.set_flag"() <{set_pipe = #hivm.pipe<PIPE_M>, static_event_id = #hivm.event<EVENT_ID0>, wait_pipe = #hivm.pipe<PIPE_MTE1>}> : () -> ()
    "hivm.hir.set_flag"() <{set_pipe = #hivm.pipe<PIPE_M>, static_event_id = #hivm.event<EVENT_ID1>, wait_pipe = #hivm.pipe<PIPE_MTE1>}> : () -> ()
    "scf.for"(%457, %455, %439) ({
    ^bb0(%arg120: i32):
      "hivm.hir.set_ctrl"() <{enable = false, idx = 60 : i64}> : () -> ()
      "hivm.hir.set_ctrl"() <{enable = true, idx = 48 : i64}> : () -> ()
      %464 = "arith.remsi"(%arg120, %arg117) : (i32, i32) -> i32
      "llvm.store"(%424, %458) <{ordering = 0 : i64, volatile_}> : (i32, !llvm.ptr<11>) -> ()
      "llvm.store"(%424, %459) <{ordering = 0 : i64, volatile_}> : (i32, !llvm.ptr<11>) -> ()
      "llvm.store"(%424, %460) <{ordering = 0 : i64, volatile_}> : (i32, !llvm.ptr<11>) -> ()
      "llvm.store"(%424, %461) <{ordering = 0 : i64, volatile_}> : (i32, !llvm.ptr<11>) -> ()
      "llvm.store"(%424, %462) <{ordering = 0 : i64, volatile_}> : (i32, !llvm.ptr<11>) -> ()
      "llvm.store"(%424, %463) <{ordering = 0 : i64, volatile_}> : (i32, !llvm.ptr<11>) -> ()
      %465 = "arith.divsi"(%464, %arg117) : (i32, i32) -> i32
      %466 = "arith.addi"(%464, %436) <{overflowFlags = #arith.overflow<none>}> : (i32, i32) -> i32
      %467 = "arith.divsi"(%466, %arg117) : (i32, i32) -> i32
      "scf.for"(%465, %467, %436) ({
      ^bb0(%arg121: i32):
        %468 = "memref.load"(%443, %440) <{nontemporal = false}> : (memref<1xi64>, index) -> i64
        %469 = "arith.remui"(%468, %417) : (i64, i64) -> i64
        %470 = "arith.index_cast"(%469) : (i64) -> index
        %471 = "arith.cmpi"(%469, %416) <{predicate = 0 : i64}> : (i64, i64) -> i1
        %472 = "arith.select"(%471, %447, %446) : (i1, memref<16x1x16x16xbf16, #hivm.address_space<cbuf>>, memref<16x1x16x16xbf16, #hivm.address_space<cbuf>>) -> memref<16x1x16x16xbf16, #hivm.address_space<cbuf>>
        %473 = "arith.index_cast"(%470) : (index) -> i1
        %474 = "arith.xori"(%473, %438) : (i1, i1) -> i1
        %475 = "arith.extui"(%474) : (i1) -> i64
        %476 = "arith.index_cast"(%arg121) : (i32) -> index
        %477 = "memref.reinterpret_cast"(%arg104, %476) <{operandSegmentSizes = array<i32: 1, 1, 0, 0>, static_offsets = array<i64: -9223372036854775808>, static_sizes = array<i64: 1>, static_strides = array<i64: 1>}> : (memref<?xi32, #hivm.address_space<gm>>, index) -> memref<1xi32, strided<[1], offset: ?>, #hivm.address_space<gm>>
        %478 = "memref.load"(%477, %440) : (memref<1xi32, strided<[1], offset: ?>, #hivm.address_space<gm>>, index) -> i32
        %479 = "affine.apply"(%476) <{map = #map5}> : (index) -> index
        %480 = "memref.reinterpret_cast"(%arg104, %479) <{operandSegmentSizes = array<i32: 1, 1, 0, 0>, static_offsets = array<i64: -9223372036854775808>, static_sizes = array<i64: 1>, static_strides = array<i64: 1>}> : (memref<?xi32, #hivm.address_space<gm>>, index) -> memref<1xi32, strided<[1], offset: ?>, #hivm.address_space<gm>>
        %481 = "memref.load"(%480, %440) : (memref<1xi32, strided<[1], offset: ?>, #hivm.address_space<gm>>, index) -> i32
        %482 = "arith.subi"(%481, %478) <{overflowFlags = #arith.overflow<none>}> : (i32, i32) -> i32
        %483 = "arith.cmpi"(%482, %428) <{predicate = 4 : i64}> : (i32, i32) -> i1
        "scf.if"(%483) ({
          %485 = "memref.reinterpret_cast"(%arg105, %476) <{operandSegmentSizes = array<i32: 1, 1, 0, 0>, static_offsets = array<i64: -9223372036854775808>, static_sizes = array<i64: 1>, static_strides = array<i64: 1>}> : (memref<?xi32, #hivm.address_space<gm>>, index) -> memref<1xi32, strided<[1], offset: ?>, #hivm.address_space<gm>>
          %486 = "memref.load"(%485, %440) : (memref<1xi32, strided<[1], offset: ?>, #hivm.address_space<gm>>, index) -> i32
          %487 = "arith.addi"(%486, %426) <{overflowFlags = #arith.overflow<none>}> : (i32, i32) -> i32
          %488 = "arith.divsi"(%487, %425) : (i32, i32) -> i32
          %489 = "arith.muli"(%478, %arg108) <{overflowFlags = #arith.overflow<none>}> : (i32, i32) -> i32
          %490 = "arith.index_cast"(%489) : (i32) -> index
          %491 = "arith.index_cast"(%arg109) : (i32) -> index
          %492 = "memref.reinterpret_cast"(%arg100, %490, %491) <{operandSegmentSizes = array<i32: 1, 1, 0, 1>, static_offsets = array<i64: -9223372036854775808>, static_sizes = array<i64: 6, 256>, static_strides = array<i64: -9223372036854775808, 1>}> : (memref<?xbf16, #hivm.address_space<gm>>, index, index) -> memref<6x256xbf16, strided<[?, 1], offset: ?>, #hivm.address_space<gm>>
          %493 = "memref.cast"(%472) : (memref<16x1x16x16xbf16, #hivm.address_space<cbuf>>) -> memref<?x?x?x?xbf16, #hivm.address_space<cbuf>>
          "hivm.hir.wait_flag"(%475) <{set_pipe = #hivm.pipe<PIPE_MTE1>, wait_pipe = #hivm.pipe<PIPE_MTE2>}> : (i64) -> ()
          "hivm.hir.nd2nz"(%492, %493) <{dst_continuous, init_out_buffer = false, operandSegmentSizes = array<i32: 1, 1, 0, 0>}> : (memref<6x256xbf16, strided<[?, 1], offset: ?>, #hivm.address_space<gm>>, memref<?x?x?x?xbf16, #hivm.address_space<cbuf>>) -> ()
          "hivm.hir.set_flag"() <{set_pipe = #hivm.pipe<PIPE_MTE2>, static_event_id = #hivm.event<EVENT_ID0>, wait_pipe = #hivm.pipe<PIPE_MTE1>}> : () -> ()
          %494 = "memref.load"(%485, %440) : (memref<1xi32, strided<[1], offset: ?>, #hivm.address_space<gm>>, index) -> i32
          %495 = "hivm.hir.pointer_cast"(%420) <{operandSegmentSizes = array<i32: 1, 0>}> : (i64) -> memref<4x1x16x16xbf16, #hivm.address_space<cbuf>>
          "annotation.mark"(%495) <{effects = ["write", "read"]}> {hivm.tightly_coupled_buffer = #hivm.tightly_coupled_buffer<0>} : (memref<4x1x16x16xbf16, #hivm.address_space<cbuf>>) -> ()
          "hivm.hir.sync_block_set"() <{operandSegmentSizes = array<i32: 0, 0>, pipe = #hivm.pipe<PIPE_MTE3>, static_flag_id = 1 : i64, tcore_type = #hivm.tcore_type<CUBE>, tpipe = #hivm.pipe<PIPE_M>}> : () -> ()
          %496 = "hivm.hir.pointer_cast"(%419) <{operandSegmentSizes = array<i32: 1, 0>}> : (i64) -> memref<6x64xf32, #hivm.address_space<ub>>
          "annotation.mark"(%496) <{effects = ["write", "read"]}> {hivm.tightly_coupled_buffer = #hivm.tightly_coupled_buffer<1>} : (memref<6x64xf32, #hivm.address_space<ub>>) -> ()
          %497 = "hivm.hir.pointer_cast"(%418) <{operandSegmentSizes = array<i32: 1, 0>}> : (i64) -> memref<6x256xf32, #hivm.address_space<ub>>
          "annotation.mark"(%497) <{effects = ["write", "read"]}> {hivm.tightly_coupled_buffer = #hivm.tightly_coupled_buffer<2>} : (memref<6x256xf32, #hivm.address_space<ub>>) -> ()
          %498 = "arith.addi"(%488, %435) <{overflowFlags = #arith.overflow<none>}> : (i32, i32) -> i32
          "hivm.hir.wait_flag"() <{set_pipe = #hivm.pipe<PIPE_MTE2>, static_event_id = #hivm.event<EVENT_ID0>, wait_pipe = #hivm.pipe<PIPE_MTE1>}> : () -> ()
          "hivm.hir.set_flag"() <{set_pipe = #hivm.pipe<PIPE_MTE1>, static_event_id = #hivm.event<EVENT_ID3>, wait_pipe = #hivm.pipe<PIPE_MTE2>}> : () -> ()
          "hivm.hir.set_flag"() <{set_pipe = #hivm.pipe<PIPE_MTE1>, static_event_id = #hivm.event<EVENT_ID4>, wait_pipe = #hivm.pipe<PIPE_MTE2>}> : () -> ()
          "hivm.hir.set_flag"() <{set_pipe = #hivm.pipe<PIPE_MTE1>, static_event_id = #hivm.event<EVENT_ID5>, wait_pipe = #hivm.pipe<PIPE_MTE2>}> : () -> ()
          "hivm.hir.set_flag"() <{set_pipe = #hivm.pipe<PIPE_MTE1>, static_event_id = #hivm.event<EVENT_ID6>, wait_pipe = #hivm.pipe<PIPE_MTE2>}> : () -> ()
          "hivm.hir.set_flag"() <{set_pipe = #hivm.pipe<PIPE_FIX>, static_event_id = #hivm.event<EVENT_ID0>, wait_pipe = #hivm.pipe<PIPE_M>}> : () -> ()
          "hivm.hir.set_flag"() <{set_pipe = #hivm.pipe<PIPE_FIX>, static_event_id = #hivm.event<EVENT_ID1>, wait_pipe = #hivm.pipe<PIPE_M>}> : () -> ()
          "hivm.hir.set_flag"() <{set_pipe = #hivm.pipe<PIPE_FIX>, static_event_id = #hivm.event<EVENT_ID2>, wait_pipe = #hivm.pipe<PIPE_M>}> : () -> ()
          "hivm.hir.set_flag"() <{set_pipe = #hivm.pipe<PIPE_FIX>, static_event_id = #hivm.event<EVENT_ID3>, wait_pipe = #hivm.pipe<PIPE_M>}> : () -> ()
          %499:3 = "scf.for"(%428, %498, %436, %428, %428, %428) ({
          ^bb0(%arg122: i32, %arg123: i32, %arg124: i32, %arg125: i32):
            %500 = "memref.load"(%442, %440) <{nontemporal = false}> : (memref<1xi64>, index) -> i64
            %501 = "arith.remui"(%500, %417) : (i64, i64) -> i64
            %502 = "arith.index_cast"(%501) : (i64) -> index
            %503 = "arith.cmpi"(%501, %416) <{predicate = 0 : i64}> : (i64, i64) -> i1
            %504 = "arith.select"(%503, %445, %444) : (i1, memref<4x1x16x16xf32, #hivm.address_space<cc>>, memref<4x1x16x16xf32, #hivm.address_space<cc>>) -> memref<4x1x16x16xf32, #hivm.address_space<cc>>
            %505 = "arith.select"(%503, %449, %448) : (i1, memref<16x1x16x16xf32, #hivm.address_space<cc>>, memref<16x1x16x16xf32, #hivm.address_space<cc>>) -> memref<16x1x16x16xf32, #hivm.address_space<cc>>
            %506 = "arith.select"(%503, %451, %450) : (i1, memref<16x4x16x16xbf16, #hivm.address_space<cbuf>>, memref<16x4x16x16xbf16, #hivm.address_space<cbuf>>) -> memref<16x4x16x16xbf16, #hivm.address_space<cbuf>>
            %507 = "arith.select"(%503, %453, %452) : (i1, memref<16x4x16x16xbf16, #hivm.address_space<cbuf>>, memref<16x4x16x16xbf16, #hivm.address_space<cbuf>>) -> memref<16x4x16x16xbf16, #hivm.address_space<cbuf>>
            %508 = "arith.index_cast"(%502) : (index) -> i1
            %509 = "arith.select"(%508, %417, %415) : (i1, i64, i64) -> i64
            %510 = "arith.select"(%508, %414, %413) : (i1, i64, i64) -> i64
            %511 = "arith.xori"(%508, %438) : (i1, i1) -> i1
            %512 = "arith.extui"(%511) : (i1) -> i64
            %513 = "arith.select"(%508, %415, %412) : (i1, i64, i64) -> i64
            "hivm.hir.sync_block_wait"() <{pipe = #hivm.pipe<PIPE_S>, static_flag_id = 15 : i64, tcore_type = #hivm.tcore_type<CUBE>, tpipe = #hivm.pipe<PIPE_S>}> : () -> ()
            %514 = "arith.cmpi"(%arg123, %488) <{predicate = 2 : i64}> : (i32, i32) -> i1
            %515 = "scf.if"(%514) ({
              %611 = "arith.addi"(%arg123, %436) <{overflowFlags = #arith.overflow<none>}> : (i32, i32) -> i32
              "scf.yield"(%611) : (i32) -> ()
            }, {
              "scf.yield"(%arg123) : (i32) -> ()
            }) {hivm.matmul_limited_in_cube, ssbuffer.if = 7 : i32} : (i1) -> i32
            %516 = "llvm.load"(%458) <{ordering = 0 : i64, volatile_}> : (!llvm.ptr<11>) -> i32
            %517 = "llvm.load"(%459) <{ordering = 0 : i64, volatile_}> : (!llvm.ptr<11>) -> i32
            %518 = "arith.cmpi"(%516, %436) <{predicate = 2 : i64}> : (i32, i32) -> i1
            %519 = "arith.cmpi"(%517, %436) <{predicate = 2 : i64}> : (i32, i32) -> i1
            %520 = "arith.andi"(%518, %519) : (i1, i1) -> i1
            %521 = "arith.cmpi"(%arg124, %488) <{predicate = 2 : i64}> : (i32, i32) -> i1
            %522 = "arith.andi"(%520, %521) : (i1, i1) -> i1
            %523 = "scf.if"(%522) ({
              %577 = "arith.muli"(%arg124, %425) <{overflowFlags = #arith.overflow<none>}> : (i32, i32) -> i32
              %578 = "arith.addi"(%577, %425) <{overflowFlags = #arith.overflow<none>}> : (i32, i32) -> i32
              %579 = "arith.minsi"(%578, %494) : (i32, i32) -> i32
              %580 = "arith.subi"(%579, %577) <{overflowFlags = #arith.overflow<none>}> : (i32, i32) -> i32
              %581 = "arith.index_cast"(%580) : (i32) -> index
              %582 = "arith.index_cast"(%arg111) : (i32) -> index
              %583 = "arith.maxsi"(%581, %440) : (index, index) -> index
              %584 = "arith.minsi"(%583, %430) : (index, index) -> index
              %585 = "arith.minsi"(%584, %440) : (index, index) -> index
              %586 = "affine.apply"(%584, %585) <{map = #map6}> : (index, index) -> index
              %587 = "arith.cmpi"(%586, %430) <{predicate = 2 : i64}> : (index, index) -> i1
              %588 = "memref.cast"(%507) : (memref<16x4x16x16xbf16, #hivm.address_space<cbuf>>) -> memref<?x?x?x?xbf16, #hivm.address_space<cbuf>>
              %589 = "arith.divsi"(%577, %425) : (i32, i32) -> i32
              %590 = "arith.minsi"(%589, %428) : (i32, i32) -> i32
              %591 = "arith.index_cast"(%590) : (i32) -> index
              %592 = "affine.apply"(%476, %591) <{map = #map7}> : (index, index) -> index
              %593 = "memref.reinterpret_cast"(%arg106, %592) <{operandSegmentSizes = array<i32: 1, 1, 0, 0>, static_offsets = array<i64: -9223372036854775808>, static_sizes = array<i64: 1>, static_strides = array<i64: 1>}> : (memref<?xi32, #hivm.address_space<gm>>, index) -> memref<1xi32, strided<[1], offset: ?>, #hivm.address_space<gm>>
              %594 = "memref.load"(%593, %440) : (memref<1xi32, strided<[1], offset: ?>, #hivm.address_space<gm>>, index) -> i32
              %595 = "arith.muli"(%594, %arg110) <{overflowFlags = #arith.overflow<none>}> : (i32, i32) -> i32
              %596 = "arith.index_cast"(%595) : (i32) -> index
              %597 = "memref.reinterpret_cast"(%arg101, %596, %582) <{operandSegmentSizes = array<i32: 1, 1, 0, 1>, static_offsets = array<i64: -9223372036854775808>, static_sizes = array<i64: 64, 256>, static_strides = array<i64: -9223372036854775808, 1>}> : (memref<?xbf16, #hivm.address_space<gm>>, index, index) -> memref<64x256xbf16, strided<[?, 1], offset: ?>, #hivm.address_space<gm>>
              %598 = "memref.subview"(%597, %586) <{operandSegmentSizes = array<i32: 1, 0, 1, 0>, static_offsets = array<i64: 0, 0>, static_sizes = array<i64: -9223372036854775808, 256>, static_strides = array<i64: 1, 1>}> : (memref<64x256xbf16, strided<[?, 1], offset: ?>, #hivm.address_space<gm>>, index) -> memref<?x256xbf16, strided<[?, 1], offset: ?>, #hivm.address_space<gm>>
              %599 = "affine.apply"(%584, %585) <{map = #map8}> : (index, index) -> index
              %600 = "affine.apply"(%585) <{map = #map9}> : (index) -> index
              %601 = "affine.apply"(%585) <{map = #map10}> : (index) -> index
              %602 = "memref.subview"(%507, %600, %601, %599) <{operandSegmentSizes = array<i32: 1, 2, 1, 0>, static_offsets = array<i64: 0, -9223372036854775808, -9223372036854775808, 0>, static_sizes = array<i64: 16, -9223372036854775808, 16, 16>, static_strides = array<i64: 1, 1, 1, 1>}> : (memref<16x4x16x16xbf16, #hivm.address_space<cbuf>>, index, index, index) -> memref<16x?x16x16xbf16, strided<[1024, 256, 16, 1], offset: ?>, #hivm.address_space<cbuf>>
              %603 = "memref.cast"(%602) : (memref<16x?x16x16xbf16, strided<[1024, 256, 16, 1], offset: ?>, #hivm.address_space<cbuf>>) -> memref<?x?x?x?xbf16, strided<[?, ?, ?, 1], offset: ?>, #hivm.address_space<cbuf>>
              "scf.if"(%587) ({
                "hivm.hir.set_flag"() <{set_pipe = #hivm.pipe<PIPE_MTE1>, static_event_id = #hivm.event<EVENT_ID2>, wait_pipe = #hivm.pipe<PIPE_MTE2>}> : () -> ()
                %610 = "memref.collapse_shape"(%507) <{reassociation = [[0, 1, 2, 3]]}> : (memref<16x4x16x16xbf16, #hivm.address_space<cbuf>>) -> memref<16384xbf16, #hivm.address_space<cbuf>>
                "hivm.hir.wait_flag"() <{set_pipe = #hivm.pipe<PIPE_MTE1>, static_event_id = #hivm.event<EVENT_ID2>, wait_pipe = #hivm.pipe<PIPE_MTE2>}> : () -> ()
                "hivm.hir.vbrc"(%427, %610) <{broadcast_dims = array<i64>}> : (bf16, memref<16384xbf16, #hivm.address_space<cbuf>>) -> ()
                "hivm.hir.pipe_barrier"() <{pipe = #hivm.pipe<PIPE_MTE2>}> : () -> ()
                "scf.yield"() : () -> ()
              }, {
              }) {hivm.unlikely_condition} : (i1) -> ()
              "hivm.hir.wait_flag"(%513) <{set_pipe = #hivm.pipe<PIPE_MTE1>, wait_pipe = #hivm.pipe<PIPE_MTE2>}> : (i64) -> ()
              "hivm.hir.nd2nz"(%598, %603) <{dst_continuous, init_out_buffer = false, operandSegmentSizes = array<i32: 1, 1, 0, 0>}> : (memref<?x256xbf16, strided<[?, 1], offset: ?>, #hivm.address_space<gm>>, memref<?x?x?x?xbf16, strided<[?, ?, ?, 1], offset: ?>, #hivm.address_space<cbuf>>) -> ()
              "hivm.hir.set_flag"() <{set_pipe = #hivm.pipe<PIPE_MTE2>, static_event_id = #hivm.event<EVENT_ID0>, wait_pipe = #hivm.pipe<PIPE_MTE1>}> : () -> ()
              %604 = "memref.cast"(%504) : (memref<4x1x16x16xf32, #hivm.address_space<cc>>) -> memref<?x?x?x?xf32, #hivm.address_space<cc>>
              "hivm.hir.wait_flag"(%512) <{set_pipe = #hivm.pipe<PIPE_FIX>, wait_pipe = #hivm.pipe<PIPE_M>}> : (i64) -> ()
              "hivm.hir.mmadL1"(%493, %588, %438, %437, %429, %430, %604, %411, %441, %411, %513, %411, %411, %411) <{b_transpose, operandSegmentSizes = array<i32: 1, 1, 1, 1, 1, 1, 1, 7, 0, 0>}> {already_set_real_mkn, normalized_in_L0C} : (memref<?x?x?x?xbf16, #hivm.address_space<cbuf>>, memref<?x?x?x?xbf16, #hivm.address_space<cbuf>>, i1, index, index, index, memref<?x?x?x?xf32, #hivm.address_space<cc>>, i64, i64, i64, i64, i64, i64, i64) -> ()
              "hivm.hir.set_flag"() <{set_pipe = #hivm.pipe<PIPE_M>, static_event_id = #hivm.event<EVENT_ID0>, wait_pipe = #hivm.pipe<PIPE_FIX>}> : () -> ()
              "hivm.hir.sync_block_wait"() <{pipe = #hivm.pipe<PIPE_FIX>, static_flag_id = 2 : i64, tcore_type = #hivm.tcore_type<CUBE>, tpipe = #hivm.pipe<PIPE_V>}> : () -> ()
              "hivm.hir.wait_flag"() <{set_pipe = #hivm.pipe<PIPE_M>, static_event_id = #hivm.event<EVENT_ID0>, wait_pipe = #hivm.pipe<PIPE_FIX>}> : () -> ()
              "hivm.hir.pipe_barrier"() <{pipe = #hivm.pipe<PIPE_FIX>}> : () -> ()
              "hivm.hir.fixpipe"(%504, %496) <{dma_mode = #hivm.dma_mode<nz2nd>, operandSegmentSizes = array<i32: 1, 1, 0, 0>}> : (memref<4x1x16x16xf32, #hivm.address_space<cc>>, memref<6x64xf32, #hivm.address_space<ub>>) -> ()
              "hivm.hir.set_flag"(%512) <{set_pipe = #hivm.pipe<PIPE_FIX>, wait_pipe = #hivm.pipe<PIPE_M>}> : (i64) -> ()
              "hivm.hir.sync_block_set"() <{operandSegmentSizes = array<i32: 0, 0>, pipe = #hivm.pipe<PIPE_V>, static_flag_id = 2 : i64, tcore_type = #hivm.tcore_type<CUBE>, tpipe = #hivm.pipe<PIPE_FIX>}> : () -> ()
              %605 = "llvm.load"(%458) <{ordering = 0 : i64, volatile_}> : (!llvm.ptr<11>) -> i32
              %606 = "llvm.load"(%459) <{ordering = 0 : i64, volatile_}> : (!llvm.ptr<11>) -> i32
              %607 = "arith.addi"(%605, %436) <{overflowFlags = #arith.overflow<none>}> : (i32, i32) -> i32
              %608 = "arith.addi"(%606, %436) <{overflowFlags = #arith.overflow<none>}> : (i32, i32) -> i32
              "llvm.store"(%607, %458) <{ordering = 0 : i64, volatile_}> : (i32, !llvm.ptr<11>) -> ()
              "llvm.store"(%608, %459) <{ordering = 0 : i64, volatile_}> : (i32, !llvm.ptr<11>) -> ()
              %609 = "arith.addi"(%arg124, %436) <{overflowFlags = #arith.overflow<none>}> : (i32, i32) -> i32
              "scf.yield"(%609) : (i32) -> ()
            }, {
              "scf.yield"(%arg124) : (i32) -> ()
            }) {hivm.matmul_limited_in_cube, ssbuffer.if = 4 : i32} : (i1) -> i32
            %524 = "llvm.load"(%462) <{ordering = 0 : i64, volatile_}> : (!llvm.ptr<11>) -> i32
            %525 = "llvm.load"(%463) <{ordering = 0 : i64, volatile_}> : (!llvm.ptr<11>) -> i32
            %526 = "arith.cmpi"(%524, %428) <{predicate = 4 : i64}> : (i32, i32) -> i1
            %527 = "arith.cmpi"(%525, %428) <{predicate = 4 : i64}> : (i32, i32) -> i1
            %528 = "arith.andi"(%526, %527) : (i1, i1) -> i1
            %529 = "llvm.load"(%460) <{ordering = 0 : i64, volatile_}> : (!llvm.ptr<11>) -> i32
            %530 = "llvm.load"(%461) <{ordering = 0 : i64, volatile_}> : (!llvm.ptr<11>) -> i32
            %531 = "arith.cmpi"(%529, %436) <{predicate = 2 : i64}> : (i32, i32) -> i1
            %532 = "arith.cmpi"(%530, %436) <{predicate = 2 : i64}> : (i32, i32) -> i1
            %533 = "arith.andi"(%531, %532) : (i1, i1) -> i1
            %534 = "arith.andi"(%528, %533) : (i1, i1) -> i1
            %535 = "arith.cmpi"(%arg125, %488) <{predicate = 2 : i64}> : (i32, i32) -> i1
            %536 = "arith.andi"(%534, %535) : (i1, i1) -> i1
            %537 = "scf.if"(%536) ({
              %539 = "arith.muli"(%arg125, %425) <{overflowFlags = #arith.overflow<none>}> : (i32, i32) -> i32
              %540 = "arith.addi"(%539, %425) <{overflowFlags = #arith.overflow<none>}> : (i32, i32) -> i32
              %541 = "arith.minsi"(%540, %494) : (i32, i32) -> i32
              %542 = "arith.subi"(%541, %539) <{overflowFlags = #arith.overflow<none>}> : (i32, i32) -> i32
              %543 = "arith.index_cast"(%arg113) : (i32) -> index
              %544 = "arith.index_cast"(%542) : (i32) -> index
              %545 = "arith.maxsi"(%544, %440) : (index, index) -> index
              %546 = "arith.minsi"(%545, %430) : (index, index) -> index
              %547 = "arith.minsi"(%546, %440) : (index, index) -> index
              %548 = "affine.apply"(%546, %547) <{map = #map6}> : (index, index) -> index
              %549 = "arith.cmpi"(%548, %430) <{predicate = 2 : i64}> : (index, index) -> i1
              %550 = "arith.divsi"(%539, %425) : (i32, i32) -> i32
              %551 = "arith.minsi"(%550, %428) : (i32, i32) -> i32
              %552 = "arith.index_cast"(%551) : (i32) -> index
              %553 = "affine.apply"(%476, %552) <{map = #map7}> : (index, index) -> index
              %554 = "memref.reinterpret_cast"(%arg106, %553) <{operandSegmentSizes = array<i32: 1, 1, 0, 0>, static_offsets = array<i64: -9223372036854775808>, static_sizes = array<i64: 1>, static_strides = array<i64: 1>}> : (memref<?xi32, #hivm.address_space<gm>>, index) -> memref<1xi32, strided<[1], offset: ?>, #hivm.address_space<gm>>
              %555 = "memref.load"(%554, %440) : (memref<1xi32, strided<[1], offset: ?>, #hivm.address_space<gm>>, index) -> i32
              %556 = "memref.cast"(%506) : (memref<16x4x16x16xbf16, #hivm.address_space<cbuf>>) -> memref<?x?x?x?xbf16, #hivm.address_space<cbuf>>
              %557 = "arith.muli"(%555, %arg112) <{overflowFlags = #arith.overflow<none>}> : (i32, i32) -> i32
              %558 = "arith.index_cast"(%557) : (i32) -> index
              %559 = "memref.reinterpret_cast"(%arg102, %558, %543) <{operandSegmentSizes = array<i32: 1, 1, 0, 1>, static_offsets = array<i64: -9223372036854775808>, static_sizes = array<i64: 64, 256>, static_strides = array<i64: -9223372036854775808, 1>}> : (memref<?xbf16, #hivm.address_space<gm>>, index, index) -> memref<64x256xbf16, strided<[?, 1], offset: ?>, #hivm.address_space<gm>>
              %560 = "memref.subview"(%559, %548) <{operandSegmentSizes = array<i32: 1, 0, 1, 0>, static_offsets = array<i64: 0, 0>, static_sizes = array<i64: -9223372036854775808, 256>, static_strides = array<i64: 1, 1>}> : (memref<64x256xbf16, strided<[?, 1], offset: ?>, #hivm.address_space<gm>>, index) -> memref<?x256xbf16, strided<[?, 1], offset: ?>, #hivm.address_space<gm>>
              %561 = "affine.apply"(%546, %547) <{map = #map8}> : (index, index) -> index
              %562 = "affine.apply"(%547) <{map = #map9}> : (index) -> index
              %563 = "affine.apply"(%547) <{map = #map10}> : (index) -> index
              %564 = "memref.subview"(%506, %562, %563, %561) <{operandSegmentSizes = array<i32: 1, 2, 1, 0>, static_offsets = array<i64: 0, -9223372036854775808, -9223372036854775808, 0>, static_sizes = array<i64: 16, -9223372036854775808, 16, 16>, static_strides = array<i64: 1, 1, 1, 1>}> : (memref<16x4x16x16xbf16, #hivm.address_space<cbuf>>, index, index, index) -> memref<16x?x16x16xbf16, strided<[1024, 256, 16, 1], offset: ?>, #hivm.address_space<cbuf>>
              %565 = "memref.cast"(%564) : (memref<16x?x16x16xbf16, strided<[1024, 256, 16, 1], offset: ?>, #hivm.address_space<cbuf>>) -> memref<?x?x?x?xbf16, strided<[?, ?, ?, 1], offset: ?>, #hivm.address_space<cbuf>>
              "scf.if"(%549) ({
                "hivm.hir.set_flag"() <{set_pipe = #hivm.pipe<PIPE_MTE1>, static_event_id = #hivm.event<EVENT_ID2>, wait_pipe = #hivm.pipe<PIPE_MTE2>}> : () -> ()
                %576 = "memref.collapse_shape"(%506) <{reassociation = [[0, 1, 2, 3]]}> : (memref<16x4x16x16xbf16, #hivm.address_space<cbuf>>) -> memref<16384xbf16, #hivm.address_space<cbuf>>
                "hivm.hir.wait_flag"() <{set_pipe = #hivm.pipe<PIPE_MTE1>, static_event_id = #hivm.event<EVENT_ID2>, wait_pipe = #hivm.pipe<PIPE_MTE2>}> : () -> ()
                "hivm.hir.vbrc"(%427, %576) <{broadcast_dims = array<i64>}> : (bf16, memref<16384xbf16, #hivm.address_space<cbuf>>) -> ()
                "hivm.hir.pipe_barrier"() <{pipe = #hivm.pipe<PIPE_MTE2>}> : () -> ()
                "scf.yield"() : () -> ()
              }, {
              }) {hivm.unlikely_condition} : (i1) -> ()
              "hivm.hir.wait_flag"(%510) <{set_pipe = #hivm.pipe<PIPE_MTE1>, wait_pipe = #hivm.pipe<PIPE_MTE2>}> : (i64) -> ()
              "hivm.hir.nd2nz"(%560, %565) <{dst_continuous, init_out_buffer = false, operandSegmentSizes = array<i32: 1, 1, 0, 0>}> : (memref<?x256xbf16, strided<[?, 1], offset: ?>, #hivm.address_space<gm>>, memref<?x?x?x?xbf16, strided<[?, ?, ?, 1], offset: ?>, #hivm.address_space<cbuf>>) -> ()
              "hivm.hir.set_flag"() <{set_pipe = #hivm.pipe<PIPE_MTE2>, static_event_id = #hivm.event<EVENT_ID0>, wait_pipe = #hivm.pipe<PIPE_MTE1>}> : () -> ()
              "hivm.hir.sync_block_wait"() <{pipe = #hivm.pipe<PIPE_MTE1>, static_flag_id = 1 : i64, tcore_type = #hivm.tcore_type<CUBE>, tpipe = #hivm.pipe<PIPE_MTE3>}> : () -> ()
              %566 = "memref.cast"(%505) : (memref<16x1x16x16xf32, #hivm.address_space<cc>>) -> memref<?x?x?x?xf32, #hivm.address_space<cc>>
              "hivm.hir.wait_flag"(%509) <{set_pipe = #hivm.pipe<PIPE_FIX>, wait_pipe = #hivm.pipe<PIPE_M>}> : (i64) -> ()
              "hivm.hir.mmadL1"(%495, %556, %438, %421, %430, %429, %566, %411, %441, %411, %510, %411, %411, %411) <{operandSegmentSizes = array<i32: 1, 1, 1, 1, 1, 1, 1, 7, 0, 0>}> {already_set_real_mkn, normalized_in_L0C} : (memref<4x1x16x16xbf16, #hivm.address_space<cbuf>>, memref<?x?x?x?xbf16, #hivm.address_space<cbuf>>, i1, index, index, index, memref<?x?x?x?xf32, #hivm.address_space<cc>>, i64, i64, i64, i64, i64, i64, i64) -> ()
              "hivm.hir.set_flag"() <{set_pipe = #hivm.pipe<PIPE_M>, static_event_id = #hivm.event<EVENT_ID0>, wait_pipe = #hivm.pipe<PIPE_FIX>}> : () -> ()
              "hivm.hir.sync_block_set"() <{operandSegmentSizes = array<i32: 0, 0>, pipe = #hivm.pipe<PIPE_MTE3>, static_flag_id = 1 : i64, tcore_type = #hivm.tcore_type<CUBE>, tpipe = #hivm.pipe<PIPE_M>}> : () -> ()
              "hivm.hir.sync_block_wait"() <{pipe = #hivm.pipe<PIPE_FIX>, static_flag_id = 3 : i64, tcore_type = #hivm.tcore_type<CUBE>, tpipe = #hivm.pipe<PIPE_V>}> : () -> ()
              "hivm.hir.wait_flag"() <{set_pipe = #hivm.pipe<PIPE_M>, static_event_id = #hivm.event<EVENT_ID0>, wait_pipe = #hivm.pipe<PIPE_FIX>}> : () -> ()
              "hivm.hir.pipe_barrier"() <{pipe = #hivm.pipe<PIPE_FIX>}> : () -> ()
              "hivm.hir.fixpipe"(%505, %497) <{dma_mode = #hivm.dma_mode<nz2nd>, operandSegmentSizes = array<i32: 1, 1, 0, 0>}> : (memref<16x1x16x16xf32, #hivm.address_space<cc>>, memref<6x256xf32, #hivm.address_space<ub>>) -> ()
              "hivm.hir.set_flag"(%509) <{set_pipe = #hivm.pipe<PIPE_FIX>, wait_pipe = #hivm.pipe<PIPE_M>}> : (i64) -> ()
              "hivm.hir.sync_block_set"() <{operandSegmentSizes = array<i32: 0, 0>, pipe = #hivm.pipe<PIPE_V>, static_flag_id = 3 : i64, tcore_type = #hivm.tcore_type<CUBE>, tpipe = #hivm.pipe<PIPE_FIX>}> : () -> ()
              %567 = "llvm.load"(%462) <{ordering = 0 : i64, volatile_}> : (!llvm.ptr<11>) -> i32
              %568 = "llvm.load"(%463) <{ordering = 0 : i64, volatile_}> : (!llvm.ptr<11>) -> i32
              %569 = "arith.subi"(%567, %436) <{overflowFlags = #arith.overflow<none>}> : (i32, i32) -> i32
              %570 = "arith.subi"(%568, %436) <{overflowFlags = #arith.overflow<none>}> : (i32, i32) -> i32
              "llvm.store"(%569, %462) <{ordering = 0 : i64, volatile_}> : (i32, !llvm.ptr<11>) -> ()
              "llvm.store"(%570, %463) <{ordering = 0 : i64, volatile_}> : (i32, !llvm.ptr<11>) -> ()
              %571 = "llvm.load"(%460) <{ordering = 0 : i64, volatile_}> : (!llvm.ptr<11>) -> i32
              %572 = "llvm.load"(%461) <{ordering = 0 : i64, volatile_}> : (!llvm.ptr<11>) -> i32
              %573 = "arith.addi"(%571, %436) <{overflowFlags = #arith.overflow<none>}> : (i32, i32) -> i32
              %574 = "arith.addi"(%572, %436) <{overflowFlags = #arith.overflow<none>}> : (i32, i32) -> i32
              "llvm.store"(%573, %460) <{ordering = 0 : i64, volatile_}> : (i32, !llvm.ptr<11>) -> ()
              "llvm.store"(%574, %461) <{ordering = 0 : i64, volatile_}> : (i32, !llvm.ptr<11>) -> ()
              %575 = "arith.addi"(%arg125, %436) <{overflowFlags = #arith.overflow<none>}> : (i32, i32) -> i32
              "scf.yield"(%575) : (i32) -> ()
            }, {
              "scf.yield"(%arg125) : (i32) -> ()
            }) {hivm.matmul_limited_in_cube, ssbuffer.if = 6 : i32} : (i1) -> i32
            "hivm.hir.sync_block_set"() <{operandSegmentSizes = array<i32: 0, 0>, pipe = #hivm.pipe<PIPE_S>, static_flag_id = 15 : i64, tcore_type = #hivm.tcore_type<CUBE>, tpipe = #hivm.pipe<PIPE_S>}> : () -> ()
            %538 = "arith.addi"(%500, %416) <{overflowFlags = #arith.overflow<none>}> : (i64, i64) -> i64
            "memref.store"(%538, %442, %440) <{nontemporal = false}> : (i64, memref<1xi64>, index) -> ()
            "scf.yield"(%515, %523, %537) : (i32, i32, i32) -> ()
          }) {fixpipe_for_mmad_result_already_inserted = true} : (i32, i32, i32, i32, i32, i32) -> (i32, i32, i32)
          "hivm.hir.wait_flag"() <{set_pipe = #hivm.pipe<PIPE_FIX>, static_event_id = #hivm.event<EVENT_ID0>, wait_pipe = #hivm.pipe<PIPE_M>}> : () -> ()
          "hivm.hir.wait_flag"() <{set_pipe = #hivm.pipe<PIPE_FIX>, static_event_id = #hivm.event<EVENT_ID1>, wait_pipe = #hivm.pipe<PIPE_M>}> : () -> ()
          "hivm.hir.wait_flag"() <{set_pipe = #hivm.pipe<PIPE_FIX>, static_event_id = #hivm.event<EVENT_ID2>, wait_pipe = #hivm.pipe<PIPE_M>}> : () -> ()
          "hivm.hir.wait_flag"() <{set_pipe = #hivm.pipe<PIPE_FIX>, static_event_id = #hivm.event<EVENT_ID3>, wait_pipe = #hivm.pipe<PIPE_M>}> : () -> ()
          "hivm.hir.wait_flag"() <{set_pipe = #hivm.pipe<PIPE_MTE1>, static_event_id = #hivm.event<EVENT_ID3>, wait_pipe = #hivm.pipe<PIPE_MTE2>}> : () -> ()
          "hivm.hir.wait_flag"() <{set_pipe = #hivm.pipe<PIPE_MTE1>, static_event_id = #hivm.event<EVENT_ID4>, wait_pipe = #hivm.pipe<PIPE_MTE2>}> : () -> ()
          "hivm.hir.wait_flag"() <{set_pipe = #hivm.pipe<PIPE_MTE1>, static_event_id = #hivm.event<EVENT_ID5>, wait_pipe = #hivm.pipe<PIPE_MTE2>}> : () -> ()
          "hivm.hir.wait_flag"() <{set_pipe = #hivm.pipe<PIPE_MTE1>, static_event_id = #hivm.event<EVENT_ID6>, wait_pipe = #hivm.pipe<PIPE_MTE2>}> : () -> ()
          "hivm.hir.set_flag"(%475) <{set_pipe = #hivm.pipe<PIPE_MTE1>, wait_pipe = #hivm.pipe<PIPE_MTE2>}> : (i64) -> ()
          "hivm.hir.sync_block_wait"() <{pipe = #hivm.pipe<PIPE_S>, static_flag_id = 15 : i64, tcore_type = #hivm.tcore_type<CUBE>, tpipe = #hivm.pipe<PIPE_S>}> : () -> ()
          "hivm.hir.sync_block_wait"() <{pipe = #hivm.pipe<PIPE_FIX>, static_flag_id = 3 : i64, tcore_type = #hivm.tcore_type<CUBE>, tpipe = #hivm.pipe<PIPE_V>}> : () -> ()
          "hivm.hir.sync_block_wait"() <{pipe = #hivm.pipe<PIPE_FIX>, static_flag_id = 2 : i64, tcore_type = #hivm.tcore_type<CUBE>, tpipe = #hivm.pipe<PIPE_V>}> : () -> ()
          "scf.yield"() : () -> ()
        }, {
        }) : (i1) -> ()
        %484 = "arith.addi"(%468, %416) <{overflowFlags = #arith.overflow<none>}> : (i64, i64) -> i64
        "memref.store"(%484, %443, %440) <{nontemporal = false}> : (i64, memref<1xi64>, index) -> ()
        "scf.yield"() : () -> ()
      }) : (i32, i32, i32) -> ()
      "hivm.hir.set_ctrl"() <{enable = true, idx = 60 : i64}> : () -> ()
      "scf.yield"() : () -> ()
    }) {autoblockify.subloop} : (i32, i32, i32) -> ()
    "hivm.hir.wait_flag"() <{set_pipe = #hivm.pipe<PIPE_M>, static_event_id = #hivm.event<EVENT_ID0>, wait_pipe = #hivm.pipe<PIPE_MTE1>}> : () -> ()
    "hivm.hir.wait_flag"() <{set_pipe = #hivm.pipe<PIPE_M>, static_event_id = #hivm.event<EVENT_ID1>, wait_pipe = #hivm.pipe<PIPE_MTE1>}> : () -> ()
    "hivm.hir.wait_flag"() <{set_pipe = #hivm.pipe<PIPE_MTE1>, static_event_id = #hivm.event<EVENT_ID0>, wait_pipe = #hivm.pipe<PIPE_MTE2>}> : () -> ()
    "hivm.hir.wait_flag"() <{set_pipe = #hivm.pipe<PIPE_MTE1>, static_event_id = #hivm.event<EVENT_ID1>, wait_pipe = #hivm.pipe<PIPE_MTE2>}> : () -> ()
    "hivm.hir.pipe_barrier"() <{pipe = #hivm.pipe<PIPE_ALL>}> : () -> ()
    "func.return"() : () -> ()
  }) {SyncBlockLockArgIdx = 0 : i64, WorkspaceArgIdx = 1 : i64, func_dyn_memref_args = dense<[true, true, true, true, true, true, true, true, true, true, false, false, false, false, false, false, false, false, false, false, false, false]> : vector<22xi1>, hacc.entry, hacc.function_kind = #hacc.function_kind<DEVICE>, hivm.func_core_type = #hivm.func_core_type<AIC>, hivm.part_of_mix, hivm.vf_mode = #hivm.vf_mode<SIMD>, mix_mode = "mix", parallel_mode = "simd"} : () -> ()
  "func.func"() <{function_type = (memref<16x64xbf16, #hivm.address_space<ub>>) -> (), no_inline, sym_name = "paged_prefill_verify_grouped_kernel_mix_aiv_outlined_vf_0"}> ({
  ^bb0(%arg96: memref<16x64xbf16, #hivm.address_space<ub>>):
    %394 = "arith.constant"() <{value = dense<0.000000e+00> : vector<128xbf16>}> : () -> vector<128xbf16>
    %395 = "arith.constant"() <{value = 128 : index}> : () -> index
    %396 = "arith.constant"() <{value = 64 : index}> : () -> index
    %397 = "arith.constant"() <{value = 2 : index}> : () -> index
    %398 = "arith.constant"() <{value = 16 : index}> : () -> index
    %399 = "arith.constant"() <{value = 0 : index}> : () -> index
    "scf.for"(%399, %398, %397) ({
    ^bb0(%arg97: index):
      %400 = "memref.collapse_shape"(%arg96) <{reassociation = [[0, 1]]}> : (memref<16x64xbf16, #hivm.address_space<ub>>) -> memref<1024xbf16, #hivm.address_space<ub>>
      %401 = "arith.muli"(%arg97, %396) <{overflowFlags = #arith.overflow<none>}> : (index, index) -> index
      %402 = "memref.subview"(%400, %401, %395) <{operandSegmentSizes = array<i32: 1, 1, 1, 0>, static_offsets = array<i64: -9223372036854775808>, static_sizes = array<i64: -9223372036854775808>, static_strides = array<i64: 1>}> : (memref<1024xbf16, #hivm.address_space<ub>>, index, index) -> memref<?xbf16, strided<[1], offset: ?>, #hivm.address_space<ub>>
      "vector.transfer_write"(%394, %402, %399) <{in_bounds = [true], operandSegmentSizes = array<i32: 1, 1, 1, 0>, permutation_map = #map1}> : (vector<128xbf16>, memref<?xbf16, strided<[1], offset: ?>, #hivm.address_space<ub>>, index) -> ()
      "scf.yield"() : () -> ()
    }) : (index, index, index) -> ()
    "func.return"() : () -> ()
  }) {hivm.func_core_type = #hivm.func_core_type<AIV>, hivm.vector_function} : () -> ()
  "func.func"() <{function_type = (memref<6xf32, #hivm.address_space<ub>>) -> (), no_inline, sym_name = "paged_prefill_verify_grouped_kernel_mix_aiv_outlined_vf_1"}> ({
  ^bb0(%arg95: memref<6xf32, #hivm.address_space<ub>>):
    %391 = "arith.constant"() <{value = dense<1.000000e+00> : vector<64xf32>}> : () -> vector<64xf32>
    %392 = "arith.constant"() <{value = 0 : index}> : () -> index
    %393 = "vector.constant_mask"() <{mask_dim_sizes = [6]}> : () -> vector<64xi1>
    "annotation.mark"(%393) <{effects = ["write"]}> {mask_op_idx = 0 : i32} : (vector<64xi1>) -> ()
    "vector.transfer_write"(%391, %arg95, %392, %393) <{in_bounds = [true], operandSegmentSizes = array<i32: 1, 1, 1, 1>, permutation_map = #map1}> : (vector<64xf32>, memref<6xf32, #hivm.address_space<ub>>, index, vector<64xi1>) -> ()
    "func.return"() : () -> ()
  }) {hivm.func_core_type = #hivm.func_core_type<AIV>, hivm.vector_function} : () -> ()
  "func.func"() <{function_type = (memref<6x256xf32, #hivm.address_space<ub>>) -> (), no_inline, sym_name = "paged_prefill_verify_grouped_kernel_mix_aiv_outlined_vf_2"}> ({
  ^bb0(%arg92: memref<6x256xf32, #hivm.address_space<ub>>):
    %383 = "arith.constant"() <{value = dense<0.000000e+00> : vector<64xf32>}> : () -> vector<64xf32>
    %384 = "arith.constant"() <{value = 1 : index}> : () -> index
    %385 = "arith.constant"() <{value = 6 : index}> : () -> index
    %386 = "arith.constant"() <{value = 64 : index}> : () -> index
    %387 = "arith.constant"() <{value = 256 : index}> : () -> index
    %388 = "arith.constant"() <{value = 0 : index}> : () -> index
    "scf.for"(%388, %385, %384) ({
    ^bb0(%arg93: index):
      "scf.for"(%388, %387, %386) ({
      ^bb0(%arg94: index):
        %389 = "memref.subview"(%arg92, %arg93, %arg94) <{operandSegmentSizes = array<i32: 1, 2, 0, 0>, static_offsets = array<i64: -9223372036854775808, -9223372036854775808>, static_sizes = array<i64: 1, 64>, static_strides = array<i64: 1, 1>}> : (memref<6x256xf32, #hivm.address_space<ub>>, index, index) -> memref<1x64xf32, strided<[256, 1], offset: ?>, #hivm.address_space<ub>>
        %390 = "memref.subview"(%389) <{operandSegmentSizes = array<i32: 1, 0, 0, 0>, static_offsets = array<i64: 0, 0>, static_sizes = array<i64: 1, 64>, static_strides = array<i64: 1, 1>}> : (memref<1x64xf32, strided<[256, 1], offset: ?>, #hivm.address_space<ub>>) -> memref<64xf32, #map, #hivm.address_space<ub>>
        "vector.transfer_write"(%383, %390, %388) <{in_bounds = [true], operandSegmentSizes = array<i32: 1, 1, 1, 0>, permutation_map = #map1}> : (vector<64xf32>, memref<64xf32, #map, #hivm.address_space<ub>>, index) -> ()
        "scf.yield"() : () -> ()
      }) : (index, index, index) -> ()
      "scf.yield"() : () -> ()
    }) : (index, index, index) -> ()
    "func.return"() : () -> ()
  }) {hivm.func_core_type = #hivm.func_core_type<AIV>, hivm.vector_function} : () -> ()
  "func.func"() <{function_type = (memref<6xi32, #hivm.address_space<ub>>) -> (), no_inline, sym_name = "paged_prefill_verify_grouped_kernel_mix_aiv_outlined_vf_3"}> ({
  ^bb0(%arg91: memref<6xi32, #hivm.address_space<ub>>):
    %378 = "arith.constant"() <{value = dense<[0, 1, 2, 3, 4, 5, 6, 7, 8, 9, 10, 11, 12, 13, 14, 15, 16, 17, 18, 19, 20, 21, 22, 23, 24, 25, 26, 27, 28, 29, 30, 31, 32, 33, 34, 35, 36, 37, 38, 39, 40, 41, 42, 43, 44, 45, 46, 47, 48, 49, 50, 51, 52, 53, 54, 55, 56, 57, 58, 59, 60, 61, 62, 63]> : vector<64xi32>}> : () -> vector<64xi32>
    %379 = "arith.constant"() <{value = dense<0> : vector<64xi32>}> : () -> vector<64xi32>
    %380 = "arith.constant"() <{value = 0 : index}> : () -> index
    %381 = "vector.constant_mask"() <{mask_dim_sizes = [6]}> : () -> vector<64xi1>
    "annotation.mark"(%381) <{effects = ["write"]}> {mask_op_idx = 0 : i32} : (vector<64xi1>) -> ()
    %382 = "arith.addi"(%379, %378) <{overflowFlags = #arith.overflow<none>}> : (vector<64xi32>, vector<64xi32>) -> vector<64xi32>
    "annotation.mark"(%382) <{effects = ["write"]}> {reached_mask_ops_idx = 0 : i32} : (vector<64xi32>) -> ()
    "vector.transfer_write"(%382, %arg91, %380, %381) <{in_bounds = [true], operandSegmentSizes = array<i32: 1, 1, 1, 1>, permutation_map = #map1}> : (vector<64xi32>, memref<6xi32, #hivm.address_space<ub>>, index, vector<64xi1>) -> ()
    "func.return"() : () -> ()
  }) {hivm.func_core_type = #hivm.func_core_type<AIV>, hivm.vector_function} : () -> ()
  "func.func"() <{function_type = (memref<6xi32, #hivm.address_space<ub>>, memref<6xi32, #hivm.address_space<ub>>) -> (), no_inline, sym_name = "paged_prefill_verify_grouped_kernel_mix_aiv_outlined_vf_4"}> ({
  ^bb0(%arg89: memref<6xi32, #hivm.address_space<ub>>, %arg90: memref<6xi32, #hivm.address_space<ub>>):
    %372 = "arith.constant"() <{value = dense<6> : vector<64xi32>}> : () -> vector<64xi32>
    %373 = "arith.constant"() <{value = 0 : i32}> : () -> i32
    %374 = "arith.constant"() <{value = 0 : index}> : () -> index
    %375 = "vector.constant_mask"() <{mask_dim_sizes = [6]}> : () -> vector<64xi1>
    "annotation.mark"(%375) <{effects = ["write"]}> {mask_op_idx = 0 : i32} : (vector<64xi1>) -> ()
    %376 = "vector.transfer_read"(%arg89, %374, %373, %375) <{in_bounds = [true], operandSegmentSizes = array<i32: 1, 1, 1, 1>, permutation_map = #map1}> : (memref<6xi32, #hivm.address_space<ub>>, index, i32, vector<64xi1>) -> vector<64xi32>
    "annotation.mark"(%376) <{effects = ["write"]}> {reached_mask_ops_idx = 0 : i32} : (vector<64xi32>) -> ()
    %377 = "arith.divsi"(%376, %372) : (vector<64xi32>, vector<64xi32>) -> vector<64xi32>
    "annotation.mark"(%377) <{effects = ["write"]}> {reached_mask_ops_idx = 0 : i32} : (vector<64xi32>) -> ()
    "vector.transfer_write"(%377, %arg90, %374, %375) <{in_bounds = [true], operandSegmentSizes = array<i32: 1, 1, 1, 1>, permutation_map = #map1}> : (vector<64xi32>, memref<6xi32, #hivm.address_space<ub>>, index, vector<64xi1>) -> ()
    "func.return"() : () -> ()
  }) {hivm.func_core_type = #hivm.func_core_type<AIV>, hivm.vector_function} : () -> ()
  "func.func"() <{function_type = (memref<6xi32, #hivm.address_space<ub>>, memref<6xi32, #hivm.address_space<ub>>, f32, f32, f32, f32, f32, f32, memref<6xf32, #hivm.address_space<ub>>) -> (), no_inline, sym_name = "paged_prefill_verify_grouped_kernel_mix_aiv_outlined_vf_5"}> ({
  ^bb0(%arg80: memref<6xi32, #hivm.address_space<ub>>, %arg81: memref<6xi32, #hivm.address_space<ub>>, %arg82: f32, %arg83: f32, %arg84: f32, %arg85: f32, %arg86: f32, %arg87: f32, %arg88: memref<6xf32, #hivm.address_space<ub>>):
    %343 = "arith.constant"() <{value = dense<1> : vector<64xi32>}> : () -> vector<64xi32>
    %344 = "arith.constant"() <{value = dense<2> : vector<64xi32>}> : () -> vector<64xi32>
    %345 = "arith.constant"() <{value = dense<3> : vector<64xi32>}> : () -> vector<64xi32>
    %346 = "arith.constant"() <{value = dense<4> : vector<64xi32>}> : () -> vector<64xi32>
    %347 = "arith.constant"() <{value = dense<5> : vector<64xi32>}> : () -> vector<64xi32>
    %348 = "arith.constant"() <{value = dense<6> : vector<64xi32>}> : () -> vector<64xi32>
    %349 = "arith.constant"() <{value = 0 : i32}> : () -> i32
    %350 = "arith.constant"() <{value = 0 : index}> : () -> index
    %351 = "vector.constant_mask"() <{mask_dim_sizes = [6]}> : () -> vector<64xi1>
    "annotation.mark"(%351) <{effects = ["write"]}> {mask_op_idx = 0 : i32} : (vector<64xi1>) -> ()
    %352 = "vector.transfer_read"(%arg80, %350, %349, %351) <{in_bounds = [true], operandSegmentSizes = array<i32: 1, 1, 1, 1>, permutation_map = #map1}> : (memref<6xi32, #hivm.address_space<ub>>, index, i32, vector<64xi1>) -> vector<64xi32>
    "annotation.mark"(%352) <{effects = ["write"]}> {reached_mask_ops_idx = 0 : i32} : (vector<64xi32>) -> ()
    %353 = "vector.transfer_read"(%arg81, %350, %349, %351) <{in_bounds = [true], operandSegmentSizes = array<i32: 1, 1, 1, 1>, permutation_map = #map1}> : (memref<6xi32, #hivm.address_space<ub>>, index, i32, vector<64xi1>) -> vector<64xi32>
    "annotation.mark"(%353) <{effects = ["write"]}> {reached_mask_ops_idx = 0 : i32} : (vector<64xi32>) -> ()
    %354 = "arith.muli"(%353, %348) <{overflowFlags = #arith.overflow<none>}> : (vector<64xi32>, vector<64xi32>) -> vector<64xi32>
    "annotation.mark"(%354) <{effects = ["write"]}> {reached_mask_ops_idx = 0 : i32} : (vector<64xi32>) -> ()
    %355 = "arith.subi"(%352, %354) <{overflowFlags = #arith.overflow<none>}> : (vector<64xi32>, vector<64xi32>) -> vector<64xi32>
    "annotation.mark"(%355) <{effects = ["write"]}> {reached_mask_ops_idx = 0 : i32} : (vector<64xi32>) -> ()
    %356 = "arith.cmpi"(%355, %347) <{predicate = 2 : i64}> : (vector<64xi32>, vector<64xi32>) -> vector<64xi1>
    "annotation.mark"(%356) <{effects = ["write"]}> {reached_mask_ops_idx = 0 : i32} : (vector<64xi1>) -> ()
    %357 = "vector.broadcast"(%arg82) : (f32) -> vector<64xf32>
    "annotation.mark"(%357) <{effects = ["write"]}> {reached_mask_ops_idx = 0 : i32} : (vector<64xf32>) -> ()
    %358 = "vector.broadcast"(%arg83) : (f32) -> vector<64xf32>
    "annotation.mark"(%358) <{effects = ["write"]}> {reached_mask_ops_idx = 0 : i32} : (vector<64xf32>) -> ()
    %359 = "arith.select"(%356, %357, %358) : (vector<64xi1>, vector<64xf32>, vector<64xf32>) -> vector<64xf32>
    "annotation.mark"(%359) <{effects = ["write"]}> {reached_mask_ops_idx = 0 : i32} : (vector<64xf32>) -> ()
    %360 = "arith.cmpi"(%355, %346) <{predicate = 2 : i64}> : (vector<64xi32>, vector<64xi32>) -> vector<64xi1>
    "annotation.mark"(%360) <{effects = ["write"]}> {reached_mask_ops_idx = 0 : i32} : (vector<64xi1>) -> ()
    %361 = "vector.broadcast"(%arg84) : (f32) -> vector<64xf32>
    "annotation.mark"(%361) <{effects = ["write"]}> {reached_mask_ops_idx = 0 : i32} : (vector<64xf32>) -> ()
    %362 = "arith.select"(%360, %361, %359) : (vector<64xi1>, vector<64xf32>, vector<64xf32>) -> vector<64xf32>
    "annotation.mark"(%362) <{effects = ["write"]}> {reached_mask_ops_idx = 0 : i32} : (vector<64xf32>) -> ()
    %363 = "arith.cmpi"(%355, %345) <{predicate = 2 : i64}> : (vector<64xi32>, vector<64xi32>) -> vector<64xi1>
    "annotation.mark"(%363) <{effects = ["write"]}> {reached_mask_ops_idx = 0 : i32} : (vector<64xi1>) -> ()
    %364 = "vector.broadcast"(%arg85) : (f32) -> vector<64xf32>
    "annotation.mark"(%364) <{effects = ["write"]}> {reached_mask_ops_idx = 0 : i32} : (vector<64xf32>) -> ()
    %365 = "arith.select"(%363, %364, %362) : (vector<64xi1>, vector<64xf32>, vector<64xf32>) -> vector<64xf32>
    "annotation.mark"(%365) <{effects = ["write"]}> {reached_mask_ops_idx = 0 : i32} : (vector<64xf32>) -> ()
    %366 = "arith.cmpi"(%355, %344) <{predicate = 2 : i64}> : (vector<64xi32>, vector<64xi32>) -> vector<64xi1>
    "annotation.mark"(%366) <{effects = ["write"]}> {reached_mask_ops_idx = 0 : i32} : (vector<64xi1>) -> ()
    %367 = "vector.broadcast"(%arg86) : (f32) -> vector<64xf32>
    "annotation.mark"(%367) <{effects = ["write"]}> {reached_mask_ops_idx = 0 : i32} : (vector<64xf32>) -> ()
    %368 = "arith.select"(%366, %367, %365) : (vector<64xi1>, vector<64xf32>, vector<64xf32>) -> vector<64xf32>
    "annotation.mark"(%368) <{effects = ["write"]}> {reached_mask_ops_idx = 0 : i32} : (vector<64xf32>) -> ()
    %369 = "arith.cmpi"(%355, %343) <{predicate = 2 : i64}> : (vector<64xi32>, vector<64xi32>) -> vector<64xi1>
    "annotation.mark"(%369) <{effects = ["write"]}> {reached_mask_ops_idx = 0 : i32} : (vector<64xi1>) -> ()
    %370 = "vector.broadcast"(%arg87) : (f32) -> vector<64xf32>
    "annotation.mark"(%370) <{effects = ["write"]}> {reached_mask_ops_idx = 0 : i32} : (vector<64xf32>) -> ()
    %371 = "arith.select"(%369, %370, %368) : (vector<64xi1>, vector<64xf32>, vector<64xf32>) -> vector<64xf32>
    "annotation.mark"(%371) <{effects = ["write"]}> {reached_mask_ops_idx = 0 : i32} : (vector<64xf32>) -> ()
    "vector.transfer_write"(%371, %arg88, %350, %351) <{in_bounds = [true], operandSegmentSizes = array<i32: 1, 1, 1, 1>, permutation_map = #map1}> : (vector<64xf32>, memref<6xf32, #hivm.address_space<ub>>, index, vector<64xi1>) -> ()
    "func.return"() : () -> ()
  }) {hivm.func_core_type = #hivm.func_core_type<AIV>, hivm.vector_function} : () -> ()
  "func.func"() <{function_type = (memref<64xi32, #hivm.address_space<ub>>) -> (), no_inline, sym_name = "paged_prefill_verify_grouped_kernel_mix_aiv_outlined_vf_6"}> ({
  ^bb0(%arg79: memref<64xi32, #hivm.address_space<ub>>):
    %339 = "arith.constant"() <{value = 0 : index}> : () -> index
    %340 = "arith.constant"() <{value = dense<0> : vector<64xi32>}> : () -> vector<64xi32>
    %341 = "arith.constant"() <{value = dense<[0, 1, 2, 3, 4, 5, 6, 7, 8, 9, 10, 11, 12, 13, 14, 15, 16, 17, 18, 19, 20, 21, 22, 23, 24, 25, 26, 27, 28, 29, 30, 31, 32, 33, 34, 35, 36, 37, 38, 39, 40, 41, 42, 43, 44, 45, 46, 47, 48, 49, 50, 51, 52, 53, 54, 55, 56, 57, 58, 59, 60, 61, 62, 63]> : vector<64xi32>}> : () -> vector<64xi32>
    %342 = "arith.addi"(%340, %341) <{overflowFlags = #arith.overflow<none>}> : (vector<64xi32>, vector<64xi32>) -> vector<64xi32>
    "vector.transfer_write"(%342, %arg79, %339) <{in_bounds = [true], operandSegmentSizes = array<i32: 1, 1, 1, 0>, permutation_map = #map1}> : (vector<64xi32>, memref<64xi32, #hivm.address_space<ub>>, index) -> ()
    "func.return"() : () -> ()
  }) {hivm.func_core_type = #hivm.func_core_type<AIV>, hivm.vector_function} : () -> ()
  "func.func"() <{function_type = (memref<6xi32, #hivm.address_space<ub>>, i32, memref<6xi32, #hivm.address_space<ub>>) -> (), no_inline, sym_name = "paged_prefill_verify_grouped_kernel_mix_aiv_outlined_vf_7"}> ({
  ^bb0(%arg76: memref<6xi32, #hivm.address_space<ub>>, %arg77: i32, %arg78: memref<6xi32, #hivm.address_space<ub>>):
    %333 = "arith.constant"() <{value = 0 : i32}> : () -> i32
    %334 = "arith.constant"() <{value = 0 : index}> : () -> index
    %335 = "vector.constant_mask"() <{mask_dim_sizes = [6]}> : () -> vector<64xi1>
    "annotation.mark"(%335) <{effects = ["write"]}> {mask_op_idx = 0 : i32} : (vector<64xi1>) -> ()
    %336 = "vector.transfer_read"(%arg76, %334, %333, %335) <{in_bounds = [true], operandSegmentSizes = array<i32: 1, 1, 1, 1>, permutation_map = #map1}> : (memref<6xi32, #hivm.address_space<ub>>, index, i32, vector<64xi1>) -> vector<64xi32>
    "annotation.mark"(%336) <{effects = ["write"]}> {reached_mask_ops_idx = 0 : i32} : (vector<64xi32>) -> ()
    %337 = "vector.broadcast"(%arg77) : (i32) -> vector<64xi32>
    "annotation.mark"(%337) <{effects = ["write"]}> {reached_mask_ops_idx = 0 : i32} : (vector<64xi32>) -> ()
    %338 = "arith.addi"(%336, %337) <{overflowFlags = #arith.overflow<none>}> : (vector<64xi32>, vector<64xi32>) -> vector<64xi32>
    "annotation.mark"(%338) <{effects = ["write"]}> {reached_mask_ops_idx = 0 : i32} : (vector<64xi32>) -> ()
    "vector.transfer_write"(%338, %arg78, %334, %335) <{in_bounds = [true], operandSegmentSizes = array<i32: 1, 1, 1, 1>, permutation_map = #map1}> : (vector<64xi32>, memref<6xi32, #hivm.address_space<ub>>, index, vector<64xi1>) -> ()
    "func.return"() : () -> ()
  }) {hivm.func_core_type = #hivm.func_core_type<AIV>, hivm.vector_function} : () -> ()
  "func.func"() <{function_type = (memref<6x1xi32, #hivm.address_space<ub>>, memref<6x1xf32, #hivm.address_space<ub>>) -> (), no_inline, sym_name = "paged_prefill_verify_grouped_kernel_mix_aiv_outlined_vf_8"}> ({
  ^bb0(%arg73: memref<6x1xi32, #hivm.address_space<ub>>, %arg74: memref<6x1xf32, #hivm.address_space<ub>>):
    %321 = "arith.constant"() <{value = 0 : i32}> : () -> i32
    %322 = "arith.constant"() <{value = 6 : index}> : () -> index
    %323 = "arith.constant"() <{value = 1 : index}> : () -> index
    %324 = "arith.constant"() <{value = 0 : index}> : () -> index
    "scf.for"(%324, %322, %323) ({
    ^bb0(%arg75: index):
      %325 = "memref.subview"(%arg73, %arg75) <{operandSegmentSizes = array<i32: 1, 1, 0, 0>, static_offsets = array<i64: -9223372036854775808, 0>, static_sizes = array<i64: 1, 1>, static_strides = array<i64: 1, 1>}> : (memref<6x1xi32, #hivm.address_space<ub>>, index) -> memref<1x1xi32, strided<[1, 1], offset: ?>, #hivm.address_space<ub>>
      %326 = "memref.subview"(%arg74, %arg75) <{operandSegmentSizes = array<i32: 1, 1, 0, 0>, static_offsets = array<i64: -9223372036854775808, 0>, static_sizes = array<i64: 1, 1>, static_strides = array<i64: 1, 1>}> : (memref<6x1xf32, #hivm.address_space<ub>>, index) -> memref<1x1xf32, strided<[1, 1], offset: ?>, #hivm.address_space<ub>>
      %327 = "vector.constant_mask"() <{mask_dim_sizes = [1]}> : () -> vector<64xi1>
      %328 = "vector.shape_cast"(%327) : (vector<64xi1>) -> vector<1x64xi1>
      "annotation.mark"(%328) <{effects = ["write"]}> {mask_op_idx = -1 : i32} : (vector<1x64xi1>) -> ()
      %329 = "vector.transfer_read"(%325, %324, %324, %321, %328) <{in_bounds = [true, true], operandSegmentSizes = array<i32: 1, 2, 1, 1>, permutation_map = #map11}> : (memref<1x1xi32, strided<[1, 1], offset: ?>, #hivm.address_space<ub>>, index, index, i32, vector<1x64xi1>) -> vector<1x64xi32>
      %330 = "vector.shape_cast"(%329) : (vector<1x64xi32>) -> vector<64xi32>
      %331 = "arith.sitofp"(%330) {enable_saturate = false, round_mode = #hfusion.round_mode<rint>, unsigned_mode = #hfusion.unsigned_mode<si2si>} : (vector<64xi32>) -> vector<64xf32>
      %332 = "vector.shape_cast"(%331) : (vector<64xf32>) -> vector<1x64xf32>
      "vector.transfer_write"(%332, %326, %324, %324, %328) <{in_bounds = [true, true], operandSegmentSizes = array<i32: 1, 1, 2, 1>, permutation_map = #map11}> : (vector<1x64xf32>, memref<1x1xf32, strided<[1, 1], offset: ?>, #hivm.address_space<ub>>, index, index, vector<1x64xi1>) -> ()
      "scf.yield"() : () -> ()
    }) : (index, index, index) -> ()
    "func.return"() : () -> ()
  }) {hivm.func_core_type = #hivm.func_core_type<AIV>, hivm.vector_function} : () -> ()
  "func.func"() <{function_type = (memref<64xi32, #hivm.address_space<ub>>, i32, memref<64xi32, #hivm.address_space<ub>>) -> (), no_inline, sym_name = "paged_prefill_verify_grouped_kernel_mix_aiv_outlined_vf_9"}> ({
  ^bb0(%arg70: memref<64xi32, #hivm.address_space<ub>>, %arg71: i32, %arg72: memref<64xi32, #hivm.address_space<ub>>):
    %316 = "arith.constant"() <{value = 0 : i32}> : () -> i32
    %317 = "arith.constant"() <{value = 0 : index}> : () -> index
    %318 = "vector.transfer_read"(%arg70, %317, %316) <{in_bounds = [true], operandSegmentSizes = array<i32: 1, 1, 1, 0>, permutation_map = #map1}> : (memref<64xi32, #hivm.address_space<ub>>, index, i32) -> vector<64xi32>
    %319 = "vector.broadcast"(%arg71) : (i32) -> vector<64xi32>
    %320 = "arith.addi"(%318, %319) <{overflowFlags = #arith.overflow<none>}> : (vector<64xi32>, vector<64xi32>) -> vector<64xi32>
    "vector.transfer_write"(%320, %arg72, %317) <{in_bounds = [true], operandSegmentSizes = array<i32: 1, 1, 1, 0>, permutation_map = #map1}> : (vector<64xi32>, memref<64xi32, #hivm.address_space<ub>>, index) -> ()
    "func.return"() : () -> ()
  }) {hivm.func_core_type = #hivm.func_core_type<AIV>, hivm.vector_function} : () -> ()
  "func.func"() <{function_type = (memref<1x64xi32, #hivm.address_space<ub>>, memref<1x64xf32, #hivm.address_space<ub>>) -> (), no_inline, sym_name = "paged_prefill_verify_grouped_kernel_mix_aiv_outlined_vf_10"}> ({
  ^bb0(%arg68: memref<1x64xi32, #hivm.address_space<ub>>, %arg69: memref<1x64xf32, #hivm.address_space<ub>>):
    %310 = "arith.constant"() <{value = 0 : index}> : () -> index
    %311 = "arith.constant"() <{value = 0 : i32}> : () -> i32
    %312 = "memref.subview"(%arg68) <{operandSegmentSizes = array<i32: 1, 0, 0, 0>, static_offsets = array<i64: 0, 0>, static_sizes = array<i64: 1, 64>, static_strides = array<i64: 1, 1>}> : (memref<1x64xi32, #hivm.address_space<ub>>) -> memref<64xi32, strided<[1]>, #hivm.address_space<ub>>
    %313 = "vector.transfer_read"(%312, %310, %311) <{in_bounds = [true], operandSegmentSizes = array<i32: 1, 1, 1, 0>, permutation_map = #map1}> : (memref<64xi32, strided<[1]>, #hivm.address_space<ub>>, index, i32) -> vector<64xi32>
    %314 = "arith.sitofp"(%313) {enable_saturate = false, round_mode = #hfusion.round_mode<rint>, unsigned_mode = #hfusion.unsigned_mode<si2si>} : (vector<64xi32>) -> vector<64xf32>
    %315 = "memref.subview"(%arg69) <{operandSegmentSizes = array<i32: 1, 0, 0, 0>, static_offsets = array<i64: 0, 0>, static_sizes = array<i64: 1, 64>, static_strides = array<i64: 1, 1>}> : (memref<1x64xf32, #hivm.address_space<ub>>) -> memref<64xf32, strided<[1]>, #hivm.address_space<ub>>
    "vector.transfer_write"(%314, %315, %310) <{in_bounds = [true], operandSegmentSizes = array<i32: 1, 1, 1, 0>, permutation_map = #map1}> : (vector<64xf32>, memref<64xf32, strided<[1]>, #hivm.address_space<ub>>, index) -> ()
    "func.return"() : () -> ()
  }) {hivm.func_core_type = #hivm.func_core_type<AIV>, hivm.vector_function} : () -> ()
  "func.func"() <{function_type = (memref<6x1xf32, #hivm.address_space<ub>>, memref<1x64xf32, #hivm.address_space<ub>>, memref<6x64xi1, strided<[256, 1]>, #hivm.address_space<ub>>) -> (), no_inline, sym_name = "paged_prefill_verify_grouped_kernel_mix_aiv_outlined_vf_11"}> ({
  ^bb0(%arg64: memref<6x1xf32, #hivm.address_space<ub>>, %arg65: memref<1x64xf32, #hivm.address_space<ub>>, %arg66: memref<6x64xi1, strided<[256, 1]>, #hivm.address_space<ub>>):
    %298 = "arith.constant"() <{value = 0.000000e+00 : f32}> : () -> f32
    %299 = "arith.constant"() <{value = 1 : index}> : () -> index
    %300 = "arith.constant"() <{value = 6 : index}> : () -> index
    %301 = "arith.constant"() <{value = 0 : index}> : () -> index
    "scf.for"(%301, %300, %299) ({
    ^bb0(%arg67: index):
      %302 = "memref.subview"(%arg64, %arg67) <{operandSegmentSizes = array<i32: 1, 1, 0, 0>, static_offsets = array<i64: -9223372036854775808, 0>, static_sizes = array<i64: 1, 1>, static_strides = array<i64: 1, 1>}> : (memref<6x1xf32, #hivm.address_space<ub>>, index) -> memref<1x1xf32, strided<[1, 1], offset: ?>, #hivm.address_space<ub>>
      %303 = "memref.subview"(%arg66, %arg67) <{operandSegmentSizes = array<i32: 1, 1, 0, 0>, static_offsets = array<i64: -9223372036854775808, 0>, static_sizes = array<i64: 1, 64>, static_strides = array<i64: 1, 1>}> : (memref<6x64xi1, strided<[256, 1]>, #hivm.address_space<ub>>, index) -> memref<1x64xi1, strided<[256, 1], offset: ?>, #hivm.address_space<ub>>
      %304 = "vector.transfer_read"(%arg65, %301, %301, %298) <{in_bounds = [true, true], operandSegmentSizes = array<i32: 1, 2, 1, 0>, permutation_map = #map12}> : (memref<1x64xf32, #hivm.address_space<ub>>, index, index, f32) -> vector<1x64xf32>
      %305 = "vector.transfer_read"(%302, %301, %301, %298) <{in_bounds = [true, true], operandSegmentSizes = array<i32: 1, 2, 1, 0>, permutation_map = #map13}> : (memref<1x1xf32, strided<[1, 1], offset: ?>, #hivm.address_space<ub>>, index, index, f32) -> vector<1x64xf32>
      %306 = "vector.shape_cast"(%304) : (vector<1x64xf32>) -> vector<64xf32>
      %307 = "vector.shape_cast"(%305) : (vector<1x64xf32>) -> vector<64xf32>
      %308 = "arith.cmpf"(%306, %307) <{fastmath = #arith.fastmath<none>, predicate = 5 : i64}> : (vector<64xf32>, vector<64xf32>) -> vector<64xi1>
      %309 = "memref.subview"(%303) <{operandSegmentSizes = array<i32: 1, 0, 0, 0>, static_offsets = array<i64: 0, 0>, static_sizes = array<i64: 1, 64>, static_strides = array<i64: 1, 1>}> : (memref<1x64xi1, strided<[256, 1], offset: ?>, #hivm.address_space<ub>>) -> memref<64xi1, #map, #hivm.address_space<ub>>
      "vector.transfer_write"(%308, %309, %301) <{in_bounds = [true], operandSegmentSizes = array<i32: 1, 1, 1, 0>, permutation_map = #map1}> : (vector<64xi1>, memref<64xi1, #map, #hivm.address_space<ub>>, index) -> ()
      "scf.yield"() : () -> ()
    }) : (index, index, index) -> ()
    "func.return"() : () -> ()
  }) {hivm.func_core_type = #hivm.func_core_type<AIV>, hivm.vector_function} : () -> ()
  "func.func"() <{function_type = (memref<1x64xf32, #hivm.address_space<ub>>, f32, memref<1x64xi1, #hivm.address_space<ub>>) -> (), no_inline, sym_name = "paged_prefill_verify_grouped_kernel_mix_aiv_outlined_vf_12"}> ({
  ^bb0(%arg61: memref<1x64xf32, #hivm.address_space<ub>>, %arg62: f32, %arg63: memref<1x64xi1, #hivm.address_space<ub>>):
    %291 = "arith.constant"() <{value = 0 : index}> : () -> index
    %292 = "arith.constant"() <{value = 0.000000e+00 : f32}> : () -> f32
    %293 = "memref.subview"(%arg61) <{operandSegmentSizes = array<i32: 1, 0, 0, 0>, static_offsets = array<i64: 0, 0>, static_sizes = array<i64: 1, 64>, static_strides = array<i64: 1, 1>}> : (memref<1x64xf32, #hivm.address_space<ub>>) -> memref<64xf32, strided<[1]>, #hivm.address_space<ub>>
    %294 = "vector.transfer_read"(%293, %291, %292) <{in_bounds = [true], operandSegmentSizes = array<i32: 1, 1, 1, 0>, permutation_map = #map1}> : (memref<64xf32, strided<[1]>, #hivm.address_space<ub>>, index, f32) -> vector<64xf32>
    %295 = "vector.broadcast"(%arg62) : (f32) -> vector<64xf32>
    %296 = "arith.cmpf"(%294, %295) <{fastmath = #arith.fastmath<none>, predicate = 4 : i64}> : (vector<64xf32>, vector<64xf32>) -> vector<64xi1>
    %297 = "memref.subview"(%arg63) <{operandSegmentSizes = array<i32: 1, 0, 0, 0>, static_offsets = array<i64: 0, 0>, static_sizes = array<i64: 1, 64>, static_strides = array<i64: 1, 1>}> : (memref<1x64xi1, #hivm.address_space<ub>>) -> memref<64xi1, strided<[1]>, #hivm.address_space<ub>>
    "vector.transfer_write"(%296, %297, %291) <{in_bounds = [true], operandSegmentSizes = array<i32: 1, 1, 1, 0>, permutation_map = #map1}> : (vector<64xi1>, memref<64xi1, strided<[1]>, #hivm.address_space<ub>>, index) -> ()
    "func.return"() : () -> ()
  }) {hivm.func_core_type = #hivm.func_core_type<AIV>, hivm.vector_function} : () -> ()
  "func.func"() <{function_type = (memref<6x64xi1, strided<[256, 1]>, #hivm.address_space<ub>>, memref<64xi1, #hivm.address_space<ub>>, memref<6x64xi1, strided<[256, 1]>, #hivm.address_space<ub>>, memref<6x64xi1, strided<[256, 1]>, #hivm.address_space<ub>>) -> (), no_inline, sym_name = "paged_prefill_verify_grouped_kernel_mix_aiv_outlined_vf_13"}> ({
  ^bb0(%arg56: memref<6x64xi1, strided<[256, 1]>, #hivm.address_space<ub>>, %arg57: memref<64xi1, #hivm.address_space<ub>>, %arg58: memref<6x64xi1, strided<[256, 1]>, #hivm.address_space<ub>>, %arg59: memref<6x64xi1, strided<[256, 1]>, #hivm.address_space<ub>>):
    %270 = "arith.constant"() <{value = dense<0.000000e+00> : vector<128xf16>}> : () -> vector<128xf16>
    %271 = "arith.constant"() <{value = dense<-1.000000e+00> : vector<128xf16>}> : () -> vector<128xf16>
    %272 = "arith.constant"() <{value = false}> : () -> i1
    %273 = "arith.constant"() <{value = 1 : index}> : () -> index
    %274 = "arith.constant"() <{value = 6 : index}> : () -> index
    %275 = "arith.constant"() <{value = 0 : index}> : () -> index
    "scf.for"(%275, %274, %273) ({
    ^bb0(%arg60: index):
      %276 = "memref.subview"(%arg56, %arg60) <{operandSegmentSizes = array<i32: 1, 1, 0, 0>, static_offsets = array<i64: -9223372036854775808, 0>, static_sizes = array<i64: 1, 64>, static_strides = array<i64: 1, 1>}> : (memref<6x64xi1, strided<[256, 1]>, #hivm.address_space<ub>>, index) -> memref<1x64xi1, strided<[256, 1], offset: ?>, #hivm.address_space<ub>>
      %277 = "memref.subview"(%arg58, %arg60) <{operandSegmentSizes = array<i32: 1, 1, 0, 0>, static_offsets = array<i64: -9223372036854775808, 0>, static_sizes = array<i64: 1, 64>, static_strides = array<i64: 1, 1>}> : (memref<6x64xi1, strided<[256, 1]>, #hivm.address_space<ub>>, index) -> memref<1x64xi1, strided<[256, 1], offset: ?>, #hivm.address_space<ub>>
      %278 = "vector.constant_mask"() <{mask_dim_sizes = [64]}> : () -> vector<128xi1>
      "annotation.mark"(%278) <{effects = ["write"]}> {mask_op_idx = 0 : i32} : (vector<128xi1>) -> ()
      %279 = "vector.transfer_read"(%arg57, %275, %272, %278) <{in_bounds = [true, true], operandSegmentSizes = array<i32: 1, 1, 1, 1>, permutation_map = #map14}> : (memref<64xi1, #hivm.address_space<ub>>, index, i1, vector<128xi1>) -> vector<1x128xi1>
      "annotation.mark"(%279) <{effects = ["write"]}> {reached_mask_ops_idx = 0 : i32} : (vector<1x128xi1>) -> ()
      %280 = "vector.shape_cast"(%279) : (vector<1x128xi1>) -> vector<128xi1>
      "annotation.mark"(%280) <{effects = ["write"]}> {reached_mask_ops_idx = 0 : i32} : (vector<128xi1>) -> ()
      %281 = "arith.select"(%280, %271, %270) : (vector<128xi1>, vector<128xf16>, vector<128xf16>) -> vector<128xf16>
      "annotation.mark"(%281) <{effects = ["write"]}> {reached_mask_ops_idx = 0 : i32} : (vector<128xf16>) -> ()
      %282 = "arith.cmpf"(%281, %270) <{fastmath = #arith.fastmath<none>, predicate = 13 : i64}> : (vector<128xf16>, vector<128xf16>) -> vector<128xi1>
      "annotation.mark"(%282) <{effects = ["write"]}> {reached_mask_ops_idx = 0 : i32} : (vector<128xi1>) -> ()
      %283 = "memref.subview"(%277) <{operandSegmentSizes = array<i32: 1, 0, 0, 0>, static_offsets = array<i64: 0, 0>, static_sizes = array<i64: 1, 64>, static_strides = array<i64: 1, 1>}> : (memref<1x64xi1, strided<[256, 1], offset: ?>, #hivm.address_space<ub>>) -> memref<64xi1, #map, #hivm.address_space<ub>>
      "vector.transfer_write"(%282, %283, %275, %278) <{in_bounds = [true], operandSegmentSizes = array<i32: 1, 1, 1, 1>, permutation_map = #map1}> : (vector<128xi1>, memref<64xi1, #map, #hivm.address_space<ub>>, index, vector<128xi1>) -> ()
      %284 = "memref.subview"(%arg59, %arg60) <{operandSegmentSizes = array<i32: 1, 1, 0, 0>, static_offsets = array<i64: -9223372036854775808, 0>, static_sizes = array<i64: 1, 64>, static_strides = array<i64: 1, 1>}> : (memref<6x64xi1, strided<[256, 1]>, #hivm.address_space<ub>>, index) -> memref<1x64xi1, strided<[256, 1], offset: ?>, #hivm.address_space<ub>>
      %285 = "vector.constant_mask"() <{mask_dim_sizes = [64]}> : () -> vector<256xi1>
      "annotation.mark"(%285) <{effects = ["write"]}> {mask_op_idx = 1 : i32} : (vector<256xi1>) -> ()
      %286 = "memref.subview"(%276) <{operandSegmentSizes = array<i32: 1, 0, 0, 0>, static_offsets = array<i64: 0, 0>, static_sizes = array<i64: 1, 64>, static_strides = array<i64: 1, 1>}> : (memref<1x64xi1, strided<[256, 1], offset: ?>, #hivm.address_space<ub>>) -> memref<64xi1, #map, #hivm.address_space<ub>>
      %287 = "vector.transfer_read"(%286, %275, %272, %285) <{in_bounds = [true], operandSegmentSizes = array<i32: 1, 1, 1, 1>, permutation_map = #map1}> : (memref<64xi1, #map, #hivm.address_space<ub>>, index, i1, vector<256xi1>) -> vector<256xi1>
      "annotation.mark"(%287) <{effects = ["write"]}> {reached_mask_ops_idx = 1 : i32} : (vector<256xi1>) -> ()
      %288 = "vector.transfer_read"(%283, %275, %272, %285) <{in_bounds = [true], operandSegmentSizes = array<i32: 1, 1, 1, 1>, permutation_map = #map1}> : (memref<64xi1, #map, #hivm.address_space<ub>>, index, i1, vector<256xi1>) -> vector<256xi1>
      "annotation.mark"(%288) <{effects = ["write"]}> {reached_mask_ops_idx = 1 : i32} : (vector<256xi1>) -> ()
      %289 = "arith.andi"(%287, %288) : (vector<256xi1>, vector<256xi1>) -> vector<256xi1>
      "annotation.mark"(%289) <{effects = ["write"]}> {reached_mask_ops_idx = 1 : i32} : (vector<256xi1>) -> ()
      %290 = "memref.subview"(%284) <{operandSegmentSizes = array<i32: 1, 0, 0, 0>, static_offsets = array<i64: 0, 0>, static_sizes = array<i64: 1, 64>, static_strides = array<i64: 1, 1>}> : (memref<1x64xi1, strided<[256, 1], offset: ?>, #hivm.address_space<ub>>) -> memref<64xi1, #map, #hivm.address_space<ub>>
      "vector.transfer_write"(%289, %290, %275, %285) <{in_bounds = [true], operandSegmentSizes = array<i32: 1, 1, 1, 1>, permutation_map = #map1}> : (vector<256xi1>, memref<64xi1, #map, #hivm.address_space<ub>>, index, vector<256xi1>) -> ()
      "scf.yield"() : () -> ()
    }) : (index, index, index) -> ()
    "func.return"() : () -> ()
  }) {hivm.func_core_type = #hivm.func_core_type<AIV>, hivm.vector_function} : () -> ()
  "func.func"() <{function_type = (memref<6x64xi1, strided<[256, 1]>, #hivm.address_space<ub>>, memref<6x64xf32, #hivm.address_space<ub>>, f32, memref<6x64xf32, #hivm.address_space<ub>>) -> (), no_inline, sym_name = "paged_prefill_verify_grouped_kernel_mix_aiv_outlined_vf_14"}> ({
  ^bb0(%arg51: memref<6x64xi1, strided<[256, 1]>, #hivm.address_space<ub>>, %arg52: memref<6x64xf32, #hivm.address_space<ub>>, %arg53: f32, %arg54: memref<6x64xf32, #hivm.address_space<ub>>):
    %253 = "arith.constant"() <{value = dense<-1.000000e+06> : vector<64xf32>}> : () -> vector<64xf32>
    %254 = "arith.constant"() <{value = 0.000000e+00 : f32}> : () -> f32
    %255 = "arith.constant"() <{value = false}> : () -> i1
    %256 = "arith.constant"() <{value = 1 : index}> : () -> index
    %257 = "arith.constant"() <{value = 6 : index}> : () -> index
    %258 = "arith.constant"() <{value = 0 : index}> : () -> index
    "scf.for"(%258, %257, %256) ({
    ^bb0(%arg55: index):
      %259 = "memref.subview"(%arg51, %arg55) <{operandSegmentSizes = array<i32: 1, 1, 0, 0>, static_offsets = array<i64: -9223372036854775808, 0>, static_sizes = array<i64: 1, 64>, static_strides = array<i64: 1, 1>}> : (memref<6x64xi1, strided<[256, 1]>, #hivm.address_space<ub>>, index) -> memref<1x64xi1, strided<[256, 1], offset: ?>, #hivm.address_space<ub>>
      %260 = "memref.subview"(%arg52, %arg55) <{operandSegmentSizes = array<i32: 1, 1, 0, 0>, static_offsets = array<i64: -9223372036854775808, 0>, static_sizes = array<i64: 1, 64>, static_strides = array<i64: 1, 1>}> : (memref<6x64xf32, #hivm.address_space<ub>>, index) -> memref<1x64xf32, strided<[64, 1], offset: ?>, #hivm.address_space<ub>>
      %261 = "memref.subview"(%arg54, %arg55) <{operandSegmentSizes = array<i32: 1, 1, 0, 0>, static_offsets = array<i64: -9223372036854775808, 0>, static_sizes = array<i64: 1, 64>, static_strides = array<i64: 1, 1>}> : (memref<6x64xf32, #hivm.address_space<ub>>, index) -> memref<1x64xf32, strided<[64, 1], offset: ?>, #hivm.address_space<ub>>
      %262 = "memref.subview"(%259) <{operandSegmentSizes = array<i32: 1, 0, 0, 0>, static_offsets = array<i64: 0, 0>, static_sizes = array<i64: 1, 64>, static_strides = array<i64: 1, 1>}> : (memref<1x64xi1, strided<[256, 1], offset: ?>, #hivm.address_space<ub>>) -> memref<64xi1, #map, #hivm.address_space<ub>>
      %263 = "vector.transfer_read"(%262, %258, %255) <{in_bounds = [true], operandSegmentSizes = array<i32: 1, 1, 1, 0>, permutation_map = #map1}> : (memref<64xi1, #map, #hivm.address_space<ub>>, index, i1) -> vector<64xi1>
      %264 = "memref.subview"(%260) <{operandSegmentSizes = array<i32: 1, 0, 0, 0>, static_offsets = array<i64: 0, 0>, static_sizes = array<i64: 1, 64>, static_strides = array<i64: 1, 1>}> : (memref<1x64xf32, strided<[64, 1], offset: ?>, #hivm.address_space<ub>>) -> memref<64xf32, #map, #hivm.address_space<ub>>
      %265 = "vector.transfer_read"(%264, %258, %254) <{in_bounds = [true], operandSegmentSizes = array<i32: 1, 1, 1, 0>, permutation_map = #map1}> : (memref<64xf32, #map, #hivm.address_space<ub>>, index, f32) -> vector<64xf32>
      %266 = "vector.broadcast"(%arg53) : (f32) -> vector<64xf32>
      %267 = "arith.mulf"(%265, %266) <{fastmath = #arith.fastmath<none>}> : (vector<64xf32>, vector<64xf32>) -> vector<64xf32>
      %268 = "arith.select"(%263, %267, %253) : (vector<64xi1>, vector<64xf32>, vector<64xf32>) -> vector<64xf32>
      %269 = "memref.subview"(%261) <{operandSegmentSizes = array<i32: 1, 0, 0, 0>, static_offsets = array<i64: 0, 0>, static_sizes = array<i64: 1, 64>, static_strides = array<i64: 1, 1>}> : (memref<1x64xf32, strided<[64, 1], offset: ?>, #hivm.address_space<ub>>) -> memref<64xf32, #map, #hivm.address_space<ub>>
      "vector.transfer_write"(%268, %269, %258) <{in_bounds = [true], operandSegmentSizes = array<i32: 1, 1, 1, 0>, permutation_map = #map1}> : (vector<64xf32>, memref<64xf32, #map, #hivm.address_space<ub>>, index) -> ()
      "scf.yield"() : () -> ()
    }) : (index, index, index) -> ()
    "func.return"() : () -> ()
  }) {hivm.func_core_type = #hivm.func_core_type<AIV>, hivm.vector_function} : () -> ()
  "func.func"() <{function_type = (memref<6xf32, #hivm.address_space<ub>>, memref<6xf32, #hivm.address_space<ub>>, memref<6x64xf32, #hivm.address_space<ub>>, memref<6xf32, #hivm.address_space<ub>>) -> (), no_inline, sym_name = "paged_prefill_verify_grouped_kernel_mix_aiv_outlined_vf_15"}> ({
  ^bb0(%arg46: memref<6xf32, #hivm.address_space<ub>>, %arg47: memref<6xf32, #hivm.address_space<ub>>, %arg48: memref<6x64xf32, #hivm.address_space<ub>>, %arg49: memref<6xf32, #hivm.address_space<ub>>):
    %234 = "arith.constant"() <{value = 0.000000e+00 : f32}> : () -> f32
    %235 = "arith.constant"() <{value = 1 : index}> : () -> index
    %236 = "arith.constant"() <{value = 0 : index}> : () -> index
    %237 = "arith.constant"() <{value = 6 : index}> : () -> index
    "scf.for"(%236, %237, %235) ({
    ^bb0(%arg50: index):
      %242 = "memref.subview"(%arg47, %arg50) <{operandSegmentSizes = array<i32: 1, 1, 0, 0>, static_offsets = array<i64: -9223372036854775808>, static_sizes = array<i64: 1>, static_strides = array<i64: 1>}> : (memref<6xf32, #hivm.address_space<ub>>, index) -> memref<1xf32, strided<[1], offset: ?>, #hivm.address_space<ub>>
      %243 = "memref.subview"(%arg48, %arg50) <{operandSegmentSizes = array<i32: 1, 1, 0, 0>, static_offsets = array<i64: -9223372036854775808, 0>, static_sizes = array<i64: 1, 64>, static_strides = array<i64: 1, 1>}> : (memref<6x64xf32, #hivm.address_space<ub>>, index) -> memref<1x64xf32, strided<[64, 1], offset: ?>, #hivm.address_space<ub>>
      %244 = "memref.subview"(%243) <{operandSegmentSizes = array<i32: 1, 0, 0, 0>, static_offsets = array<i64: 0, 0>, static_sizes = array<i64: 1, 64>, static_strides = array<i64: 1, 1>}> : (memref<1x64xf32, strided<[64, 1], offset: ?>, #hivm.address_space<ub>>) -> memref<64xf32, #map, #hivm.address_space<ub>>
      %245 = "vector.transfer_read"(%244, %236, %234) <{in_bounds = [true], operandSegmentSizes = array<i32: 1, 1, 1, 0>, permutation_map = #map1}> : (memref<64xf32, #map, #hivm.address_space<ub>>, index, f32) -> vector<64xf32>
      %246 = "memref.subview"(%242) <{operandSegmentSizes = array<i32: 1, 0, 0, 0>, static_offsets = array<i64: 0>, static_sizes = array<i64: 1>, static_strides = array<i64: 1>}> : (memref<1xf32, strided<[1], offset: ?>, #hivm.address_space<ub>>) -> memref<f32, strided<[], offset: ?>, #hivm.address_space<ub>>
      %247 = "vector.transfer_read"(%246, %234) <{in_bounds = [], operandSegmentSizes = array<i32: 1, 0, 1, 0>, permutation_map = #map2}> : (memref<f32, strided<[], offset: ?>, #hivm.address_space<ub>>, f32) -> vector<f32>
      %248 = "vector.shape_cast"(%247) : (vector<f32>) -> vector<1xf32>
      %249 = "builtin.unrealized_conversion_cast"(%248) : (vector<1xf32>) -> f32
      %250 = "vector.reduction"(%245, %249) <{fastmath = #arith.fastmath<none>, kind = #vector.kind<maximumf>}> {withoutInitMergeOp} : (vector<64xf32>, f32) -> f32
      %251 = "builtin.unrealized_conversion_cast"(%250) : (f32) -> vector<1xf32>
      %252 = "vector.shape_cast"(%251) : (vector<1xf32>) -> vector<f32>
      "vector.transfer_write"(%252, %246) <{in_bounds = [], operandSegmentSizes = array<i32: 1, 1, 0, 0>, permutation_map = #map2}> : (vector<f32>, memref<f32, strided<[], offset: ?>, #hivm.address_space<ub>>) -> ()
      "scf.yield"() : () -> ()
    }) : (index, index, index) -> ()
    %238 = "vector.constant_mask"() <{mask_dim_sizes = [6]}> : () -> vector<64xi1>
    "annotation.mark"(%238) <{effects = ["write"]}> {mask_op_idx = 0 : i32} : (vector<64xi1>) -> ()
    %239 = "vector.transfer_read"(%arg46, %236, %234, %238) <{in_bounds = [true], operandSegmentSizes = array<i32: 1, 1, 1, 1>, permutation_map = #map1}> : (memref<6xf32, #hivm.address_space<ub>>, index, f32, vector<64xi1>) -> vector<64xf32>
    "annotation.mark"(%239) <{effects = ["write"]}> {reached_mask_ops_idx = 0 : i32} : (vector<64xf32>) -> ()
    %240 = "vector.transfer_read"(%arg47, %236, %234, %238) <{in_bounds = [true], operandSegmentSizes = array<i32: 1, 1, 1, 1>, permutation_map = #map1}> : (memref<6xf32, #hivm.address_space<ub>>, index, f32, vector<64xi1>) -> vector<64xf32>
    "annotation.mark"(%240) <{effects = ["write"]}> {reached_mask_ops_idx = 0 : i32} : (vector<64xf32>) -> ()
    %241 = "arith.maximumf"(%239, %240) <{fastmath = #arith.fastmath<none>}> : (vector<64xf32>, vector<64xf32>) -> vector<64xf32>
    "annotation.mark"(%241) <{effects = ["write"]}> {reached_mask_ops_idx = 0 : i32} : (vector<64xf32>) -> ()
    "vector.transfer_write"(%241, %arg49, %236, %238) <{in_bounds = [true], operandSegmentSizes = array<i32: 1, 1, 1, 1>, permutation_map = #map1}> : (vector<64xf32>, memref<6xf32, #hivm.address_space<ub>>, index, vector<64xi1>) -> ()
    "func.return"() : () -> ()
  }) {hivm.func_core_type = #hivm.func_core_type<AIV>, hivm.vector_function} : () -> ()
  "func.func"() <{function_type = (memref<6xf32, #hivm.address_space<ub>>, memref<6x64xf32, #hivm.address_space<ub>>, memref<6x64xf32, #hivm.address_space<ub>>) -> (), no_inline, sym_name = "paged_prefill_verify_grouped_kernel_mix_aiv_outlined_vf_16"}> ({
  ^bb0(%arg42: memref<6xf32, #hivm.address_space<ub>>, %arg43: memref<6x64xf32, #hivm.address_space<ub>>, %arg44: memref<6x64xf32, #hivm.address_space<ub>>):
    %220 = "arith.constant"() <{value = 0.000000e+00 : f32}> : () -> f32
    %221 = "arith.constant"() <{value = 1 : index}> : () -> index
    %222 = "arith.constant"() <{value = 6 : index}> : () -> index
    %223 = "arith.constant"() <{value = 0 : index}> : () -> index
    "scf.for"(%223, %222, %221) ({
    ^bb0(%arg45: index):
      %224 = "memref.subview"(%arg42, %arg45) <{operandSegmentSizes = array<i32: 1, 1, 0, 0>, static_offsets = array<i64: -9223372036854775808>, static_sizes = array<i64: 1>, static_strides = array<i64: 1>}> : (memref<6xf32, #hivm.address_space<ub>>, index) -> memref<1xf32, strided<[1], offset: ?>, #hivm.address_space<ub>>
      %225 = "memref.subview"(%arg43, %arg45) <{operandSegmentSizes = array<i32: 1, 1, 0, 0>, static_offsets = array<i64: -9223372036854775808, 0>, static_sizes = array<i64: 1, 64>, static_strides = array<i64: 1, 1>}> : (memref<6x64xf32, #hivm.address_space<ub>>, index) -> memref<1x64xf32, strided<[64, 1], offset: ?>, #hivm.address_space<ub>>
      %226 = "memref.subview"(%arg44, %arg45) <{operandSegmentSizes = array<i32: 1, 1, 0, 0>, static_offsets = array<i64: -9223372036854775808, 0>, static_sizes = array<i64: 1, 64>, static_strides = array<i64: 1, 1>}> : (memref<6x64xf32, #hivm.address_space<ub>>, index) -> memref<1x64xf32, strided<[64, 1], offset: ?>, #hivm.address_space<ub>>
      %227 = "memref.subview"(%225) <{operandSegmentSizes = array<i32: 1, 0, 0, 0>, static_offsets = array<i64: 0, 0>, static_sizes = array<i64: 1, 64>, static_strides = array<i64: 1, 1>}> : (memref<1x64xf32, strided<[64, 1], offset: ?>, #hivm.address_space<ub>>) -> memref<64xf32, #map, #hivm.address_space<ub>>
      %228 = "vector.transfer_read"(%227, %223, %220) <{in_bounds = [true], operandSegmentSizes = array<i32: 1, 1, 1, 0>, permutation_map = #map1}> : (memref<64xf32, #map, #hivm.address_space<ub>>, index, f32) -> vector<64xf32>
      %229 = "vector.transfer_read"(%224, %223, %220) <{in_bounds = [true, true], operandSegmentSizes = array<i32: 1, 1, 1, 0>, permutation_map = #map4}> : (memref<1xf32, strided<[1], offset: ?>, #hivm.address_space<ub>>, index, f32) -> vector<1x64xf32>
      %230 = "vector.shape_cast"(%229) : (vector<1x64xf32>) -> vector<64xf32>
      %231 = "arith.subf"(%228, %230) <{fastmath = #arith.fastmath<none>}> : (vector<64xf32>, vector<64xf32>) -> vector<64xf32>
      %232 = "math.exp"(%231) <{fastmath = #arith.fastmath<none>}> : (vector<64xf32>) -> vector<64xf32>
      %233 = "memref.subview"(%226) <{operandSegmentSizes = array<i32: 1, 0, 0, 0>, static_offsets = array<i64: 0, 0>, static_sizes = array<i64: 1, 64>, static_strides = array<i64: 1, 1>}> : (memref<1x64xf32, strided<[64, 1], offset: ?>, #hivm.address_space<ub>>) -> memref<64xf32, #map, #hivm.address_space<ub>>
      "vector.transfer_write"(%232, %233, %223) <{in_bounds = [true], operandSegmentSizes = array<i32: 1, 1, 1, 0>, permutation_map = #map1}> : (vector<64xf32>, memref<64xf32, #map, #hivm.address_space<ub>>, index) -> ()
      "scf.yield"() : () -> ()
    }) : (index, index, index) -> ()
    "func.return"() : () -> ()
  }) {hivm.func_core_type = #hivm.func_core_type<AIV>, hivm.vector_function} : () -> ()
  "func.func"() <{function_type = (memref<6x64xf32, #hivm.address_space<ub>>, memref<6x64xbf16, #hivm.address_space<ub>>) -> (), no_inline, sym_name = "paged_prefill_verify_grouped_kernel_mix_aiv_outlined_vf_17"}> ({
  ^bb0(%arg39: memref<6x64xf32, #hivm.address_space<ub>>, %arg40: memref<6x64xbf16, #hivm.address_space<ub>>):
    %210 = "arith.constant"() <{value = 0.000000e+00 : f32}> : () -> f32
    %211 = "arith.constant"() <{value = 1 : index}> : () -> index
    %212 = "arith.constant"() <{value = 6 : index}> : () -> index
    %213 = "arith.constant"() <{value = 0 : index}> : () -> index
    "scf.for"(%213, %212, %211) ({
    ^bb0(%arg41: index):
      %214 = "memref.subview"(%arg39, %arg41) <{operandSegmentSizes = array<i32: 1, 1, 0, 0>, static_offsets = array<i64: -9223372036854775808, 0>, static_sizes = array<i64: 1, 64>, static_strides = array<i64: 1, 1>}> : (memref<6x64xf32, #hivm.address_space<ub>>, index) -> memref<1x64xf32, strided<[64, 1], offset: ?>, #hivm.address_space<ub>>
      %215 = "memref.subview"(%arg40, %arg41) <{operandSegmentSizes = array<i32: 1, 1, 0, 0>, static_offsets = array<i64: -9223372036854775808, 0>, static_sizes = array<i64: 1, 64>, static_strides = array<i64: 1, 1>}> : (memref<6x64xbf16, #hivm.address_space<ub>>, index) -> memref<1x64xbf16, strided<[64, 1], offset: ?>, #hivm.address_space<ub>>
      %216 = "memref.subview"(%214) <{operandSegmentSizes = array<i32: 1, 0, 0, 0>, static_offsets = array<i64: 0, 0>, static_sizes = array<i64: 1, 64>, static_strides = array<i64: 1, 1>}> : (memref<1x64xf32, strided<[64, 1], offset: ?>, #hivm.address_space<ub>>) -> memref<64xf32, #map, #hivm.address_space<ub>>
      %217 = "vector.transfer_read"(%216, %213, %210) <{in_bounds = [true], operandSegmentSizes = array<i32: 1, 1, 1, 0>, permutation_map = #map1}> : (memref<64xf32, #map, #hivm.address_space<ub>>, index, f32) -> vector<64xf32>
      %218 = "arith.truncf"(%217) {enable_saturate = false, round_mode = #hfusion.round_mode<rint>, unsigned_mode = #hfusion.unsigned_mode<si2si>} : (vector<64xf32>) -> vector<64xbf16>
      %219 = "memref.subview"(%215) <{operandSegmentSizes = array<i32: 1, 0, 0, 0>, static_offsets = array<i64: 0, 0>, static_sizes = array<i64: 1, 64>, static_strides = array<i64: 1, 1>}> : (memref<1x64xbf16, strided<[64, 1], offset: ?>, #hivm.address_space<ub>>) -> memref<64xbf16, #map, #hivm.address_space<ub>>
      "vector.transfer_write"(%218, %219, %213) <{in_bounds = [true], operandSegmentSizes = array<i32: 1, 1, 1, 0>, permutation_map = #map1}> : (vector<64xbf16>, memref<64xbf16, #map, #hivm.address_space<ub>>, index) -> ()
      "scf.yield"() : () -> ()
    }) : (index, index, index) -> ()
    "func.return"() : () -> ()
  }) {hivm.func_core_type = #hivm.func_core_type<AIV>, hivm.vector_function} : () -> ()
  "func.func"() <{function_type = (memref<6xf32, #hivm.address_space<ub>>, memref<6xf32, #hivm.address_space<ub>>) -> (), no_inline, sym_name = "paged_prefill_verify_grouped_kernel_mix_aiv_outlined_vf_21"}> ({
  ^bb0(%arg37: memref<6xf32, #hivm.address_space<ub>>, %arg38: memref<6xf32, #hivm.address_space<ub>>):
    %205 = "arith.constant"() <{value = 0.000000e+00 : f32}> : () -> f32
    %206 = "arith.constant"() <{value = 0 : index}> : () -> index
    %207 = "vector.constant_mask"() <{mask_dim_sizes = [6]}> : () -> vector<64xi1>
    "annotation.mark"(%207) <{effects = ["write"]}> {mask_op_idx = 0 : i32} : (vector<64xi1>) -> ()
    %208 = "vector.transfer_read"(%arg37, %206, %205, %207) <{in_bounds = [true], operandSegmentSizes = array<i32: 1, 1, 1, 1>, permutation_map = #map1}> : (memref<6xf32, #hivm.address_space<ub>>, index, f32, vector<64xi1>) -> vector<64xf32>
    "annotation.mark"(%208) <{effects = ["write"]}> {reached_mask_ops_idx = 0 : i32} : (vector<64xf32>) -> ()
    %209 = "math.exp"(%208) <{fastmath = #arith.fastmath<none>}> : (vector<64xf32>) -> vector<64xf32>
    "annotation.mark"(%209) <{effects = ["write"]}> {reached_mask_ops_idx = 0 : i32} : (vector<64xf32>) -> ()
    "vector.transfer_write"(%209, %arg38, %206, %207) <{in_bounds = [true], operandSegmentSizes = array<i32: 1, 1, 1, 1>, permutation_map = #map1}> : (vector<64xf32>, memref<6xf32, #hivm.address_space<ub>>, index, vector<64xi1>) -> ()
    "func.return"() : () -> ()
  }) {hivm.func_core_type = #hivm.func_core_type<AIV>, hivm.vector_function} : () -> ()
  "func.func"() <{function_type = (memref<6xf32, #hivm.address_space<ub>>, memref<6x256xf32, #hivm.address_space<ub>>, memref<6x256xbf16, #hivm.address_space<ub>>) -> (), no_inline, sym_name = "paged_prefill_verify_grouped_kernel_mix_aiv_outlined_vf_24"}> ({
  ^bb0(%arg32: memref<6xf32, #hivm.address_space<ub>>, %arg33: memref<6x256xf32, #hivm.address_space<ub>>, %arg34: memref<6x256xbf16, #hivm.address_space<ub>>):
    %189 = "arith.constant"() <{value = 0.000000e+00 : f32}> : () -> f32
    %190 = "arith.constant"() <{value = 1 : index}> : () -> index
    %191 = "arith.constant"() <{value = 6 : index}> : () -> index
    %192 = "arith.constant"() <{value = 64 : index}> : () -> index
    %193 = "arith.constant"() <{value = 256 : index}> : () -> index
    %194 = "arith.constant"() <{value = 0 : index}> : () -> index
    "scf.for"(%194, %191, %190) ({
    ^bb0(%arg35: index):
      %195 = "memref.subview"(%arg32, %arg35) <{operandSegmentSizes = array<i32: 1, 1, 0, 0>, static_offsets = array<i64: -9223372036854775808>, static_sizes = array<i64: 1>, static_strides = array<i64: 1>}> : (memref<6xf32, #hivm.address_space<ub>>, index) -> memref<1xf32, strided<[1], offset: ?>, #hivm.address_space<ub>>
      "scf.for"(%194, %193, %192) ({
      ^bb0(%arg36: index):
        %196 = "memref.subview"(%arg33, %arg35, %arg36) <{operandSegmentSizes = array<i32: 1, 2, 0, 0>, static_offsets = array<i64: -9223372036854775808, -9223372036854775808>, static_sizes = array<i64: 1, 64>, static_strides = array<i64: 1, 1>}> : (memref<6x256xf32, #hivm.address_space<ub>>, index, index) -> memref<1x64xf32, strided<[256, 1], offset: ?>, #hivm.address_space<ub>>
        %197 = "memref.subview"(%arg34, %arg35, %arg36) <{operandSegmentSizes = array<i32: 1, 2, 0, 0>, static_offsets = array<i64: -9223372036854775808, -9223372036854775808>, static_sizes = array<i64: 1, 64>, static_strides = array<i64: 1, 1>}> : (memref<6x256xbf16, #hivm.address_space<ub>>, index, index) -> memref<1x64xbf16, strided<[256, 1], offset: ?>, #hivm.address_space<ub>>
        %198 = "memref.subview"(%196) <{operandSegmentSizes = array<i32: 1, 0, 0, 0>, static_offsets = array<i64: 0, 0>, static_sizes = array<i64: 1, 64>, static_strides = array<i64: 1, 1>}> : (memref<1x64xf32, strided<[256, 1], offset: ?>, #hivm.address_space<ub>>) -> memref<64xf32, #map, #hivm.address_space<ub>>
        %199 = "vector.transfer_read"(%198, %194, %189) <{in_bounds = [true], operandSegmentSizes = array<i32: 1, 1, 1, 0>, permutation_map = #map1}> : (memref<64xf32, #map, #hivm.address_space<ub>>, index, f32) -> vector<64xf32>
        %200 = "vector.transfer_read"(%195, %194, %189) <{in_bounds = [true, true], operandSegmentSizes = array<i32: 1, 1, 1, 0>, permutation_map = #map4}> : (memref<1xf32, strided<[1], offset: ?>, #hivm.address_space<ub>>, index, f32) -> vector<1x64xf32>
        %201 = "vector.shape_cast"(%200) : (vector<1x64xf32>) -> vector<64xf32>
        %202 = "arith.divf"(%199, %201) <{fastmath = #arith.fastmath<none>}> : (vector<64xf32>, vector<64xf32>) -> vector<64xf32>
        %203 = "arith.truncf"(%202) {enable_saturate = false, round_mode = #hfusion.round_mode<rint>, unsigned_mode = #hfusion.unsigned_mode<si2si>} : (vector<64xf32>) -> vector<64xbf16>
        %204 = "memref.subview"(%197) <{operandSegmentSizes = array<i32: 1, 0, 0, 0>, static_offsets = array<i64: 0, 0>, static_sizes = array<i64: 1, 64>, static_strides = array<i64: 1, 1>}> : (memref<1x64xbf16, strided<[256, 1], offset: ?>, #hivm.address_space<ub>>) -> memref<64xbf16, #map, #hivm.address_space<ub>>
        "vector.transfer_write"(%203, %204, %194) <{in_bounds = [true], operandSegmentSizes = array<i32: 1, 1, 1, 0>, permutation_map = #map1}> : (vector<64xbf16>, memref<64xbf16, #map, #hivm.address_space<ub>>, index) -> ()
        "scf.yield"() : () -> ()
      }) : (index, index, index) -> ()
      "scf.yield"() : () -> ()
    }) : (index, index, index) -> ()
    "func.return"() : () -> ()
  }) {hivm.func_core_type = #hivm.func_core_type<AIV>, hivm.vector_function} : () -> ()
  "func.func"() <{arg_attrs = [{hacc.arg_type = #hacc.arg_type<sync_block_lock>}, {hacc.arg_type = #hacc.arg_type<workspace>}, {tt.divisibility = 16 : i32, tt.tensor_kind = 0 : i32}, {tt.divisibility = 16 : i32, tt.tensor_kind = 0 : i32}, {tt.divisibility = 16 : i32, tt.tensor_kind = 0 : i32}, {tt.divisibility = 16 : i32, tt.tensor_kind = 1 : i32}, {tt.divisibility = 16 : i32, tt.tensor_kind = 0 : i32}, {tt.divisibility = 16 : i32, tt.tensor_kind = 0 : i32}, {tt.divisibility = 16 : i32, tt.tensor_kind = 0 : i32}, {tt.divisibility = 16 : i32, tt.tensor_kind = 0 : i32}, {tt.divisibility = 16 : i32}, {tt.divisibility = 16 : i32}, {tt.divisibility = 16 : i32}, {tt.divisibility = 16 : i32}, {tt.divisibility = 16 : i32}, {tt.divisibility = 16 : i32}, {tt.divisibility = 16 : i32}, {tt.divisibility = 16 : i32}, {}, {}, {}, {}], function_type = (memref<?xi8, #hivm.address_space<gm>>, memref<?xi8, #hivm.address_space<gm>>, memref<?xbf16, #hivm.address_space<gm>>, memref<?xbf16, #hivm.address_space<gm>>, memref<?xbf16, #hivm.address_space<gm>>, memref<?xbf16, #hivm.address_space<gm>>, memref<?xi32, #hivm.address_space<gm>>, memref<?xi32, #hivm.address_space<gm>>, memref<?xi32, #hivm.address_space<gm>>, memref<?xf32, #hivm.address_space<gm>>, i32, i32, i32, i32, i32, i32, i32, i32, f32, i32, i32, i32) -> (), sym_name = "paged_prefill_verify_grouped_kernel_mix_aiv"}> ({
  ^bb0(%arg0: memref<?xi8, #hivm.address_space<gm>>, %arg1: memref<?xi8, #hivm.address_space<gm>>, %arg2: memref<?xbf16, #hivm.address_space<gm>>, %arg3: memref<?xbf16, #hivm.address_space<gm>>, %arg4: memref<?xbf16, #hivm.address_space<gm>>, %arg5: memref<?xbf16, #hivm.address_space<gm>>, %arg6: memref<?xi32, #hivm.address_space<gm>>, %arg7: memref<?xi32, #hivm.address_space<gm>>, %arg8: memref<?xi32, #hivm.address_space<gm>>, %arg9: memref<?xf32, #hivm.address_space<gm>>, %arg10: i32, %arg11: i32, %arg12: i32, %arg13: i32, %arg14: i32, %arg15: i32, %arg16: i32, %arg17: i32, %arg18: f32, %arg19: i32, %arg20: i32, %arg21: i32):
    %0 = "arith.constant"() <{value = 21536 : i64}> : () -> i64
    %1 = "arith.constant"() <{value = 15296 : i64}> : () -> i64
    %2 = "arith.constant"() <{value = 13216 : i64}> : () -> i64
    %3 = "arith.constant"() <{value = 13184 : i64}> : () -> i64
    %4 = "arith.constant"() <{value = 13152 : i64}> : () -> i64
    %5 = "arith.constant"() <{value = 11104 : i64}> : () -> i64
    %6 = "arith.constant"() <{value = 10336 : i64}> : () -> i64
    %7 = "arith.constant"() <{value = 15264 : i64}> : () -> i64
    %8 = "arith.constant"() <{value = 10304 : i64}> : () -> i64
    %9 = "arith.constant"() <{value = 8768 : i64}> : () -> i64
    %10 = "arith.constant"() <{value = 8576 : i64}> : () -> i64
    %11 = "arith.constant"() <{value = 8384 : i64}> : () -> i64
    %12 = "arith.constant"() <{value = 8128 : i64}> : () -> i64
    %13 = "arith.constant"() <{value = 15328 : i64}> : () -> i64
    %14 = "arith.constant"() <{value = 15360 : i64}> : () -> i64
    %15 = "arith.constant"() <{value = 8096 : i64}> : () -> i64
    %16 = "arith.constant"() <{value = 8064 : i64}> : () -> i64
    %17 = "arith.constant"() <{value = 8032 : i64}> : () -> i64
    %18 = "arith.constant"() <{value = 8000 : i64}> : () -> i64
    %19 = "arith.constant"() <{value = 1856 : i64}> : () -> i64
    %20 = "arith.constant"() <{value = 320 : i64}> : () -> i64
    %21 = "arith.constant"() <{value = 8192 : i64}> : () -> i64
    %22 = "arith.constant"() <{value = 64 : i64}> : () -> i64
    %23 = "arith.constant"() <{value = 21504 : i64}> : () -> i64
    %24 = "arith.constant"() <{value = 32 : i64}> : () -> i64
    %25 = "arith.constant"() <{value = 0 : i64}> : () -> i64
    %26 = "llvm.mlir.constant"() <{value = 1024 : i64}> : () -> i64
    %27 = "llvm.mlir.constant"() <{value = 0 : i64}> : () -> i64
    %28 = "llvm.mlir.constant"() <{value = 0 : i32}> : () -> i32
    %29 = "arith.constant"() <{value = 64 : i32}> : () -> i32
    %30 = "arith.constant"() <{value = 63 : i32}> : () -> i32
    %31 = "arith.constant"() <{value = 0 : i32}> : () -> i32
    %32 = "arith.constant"() <{value = 0 : index}> : () -> index
    %33 = "llvm.mlir.constant"() <{value = 4 : i64}> : () -> i64
    %34 = "llvm.mlir.constant"() <{value = 1028 : i64}> : () -> i64
    %35 = "llvm.mlir.constant"() <{value = 8 : i64}> : () -> i64
    %36 = "llvm.mlir.constant"() <{value = 1032 : i64}> : () -> i64
    %37 = "arith.constant"() <{value = 1024 : i64}> : () -> i64
    %38 = "arith.constant"() <{value = 4 : i64}> : () -> i64
    %39 = "arith.constant"() <{value = 8 : i64}> : () -> i64
    %40 = "arith.constant"() <{value = 3 : i32}> : () -> i32
    %41 = "arith.constant"() <{value = 2 : i32}> : () -> i32
    %42 = "arith.constant"() <{value = 1 : i32}> : () -> i32
    %43 = "arith.constant"() <{value = 28 : i32}> : () -> i32
    %44 = "arith.muli"(%arg19, %arg20) <{overflowFlags = #arith.overflow<none>}> : (i32, i32) -> i32
    %45 = "arith.muli"(%44, %arg21) <{overflowFlags = #arith.overflow<none>}> : (i32, i32) -> i32
    "annotation.mark"(%45) <{effects = ["write"]}> {logical_block_num} : (i32) -> ()
    %46 = "hivm.hir.get_block_idx"() : () -> i64
    %47 = "arith.trunci"(%46) : (i64) -> i32
    %48 = "llvm.inttoptr"(%27) : (i64) -> !llvm.ptr<11>
    %49 = "llvm.inttoptr"(%26) : (i64) -> !llvm.ptr<11>
    %50 = "llvm.inttoptr"(%33) : (i64) -> !llvm.ptr<11>
    %51 = "llvm.inttoptr"(%34) : (i64) -> !llvm.ptr<11>
    %52 = "llvm.inttoptr"(%35) : (i64) -> !llvm.ptr<11>
    %53 = "llvm.inttoptr"(%36) : (i64) -> !llvm.ptr<11>
    %54 = "hivm.hir.get_sub_block_idx"() : () -> i64
    %55 = "arith.muli"(%54, %37) <{overflowFlags = #arith.overflow<none>}> : (i64, i64) -> i64
    %56 = "arith.addi"(%55, %38) <{overflowFlags = #arith.overflow<none>}> : (i64, i64) -> i64
    %57 = "llvm.inttoptr"(%56) : (i64) -> !llvm.ptr<11>
    %58 = "llvm.inttoptr"(%55) : (i64) -> !llvm.ptr<11>
    %59 = "arith.addi"(%55, %39) <{overflowFlags = #arith.overflow<none>}> : (i64, i64) -> i64
    %60 = "llvm.inttoptr"(%59) : (i64) -> !llvm.ptr<11>
    "scf.for"(%47, %45, %43) ({
    ^bb0(%arg22: i32):
      "hivm.hir.set_ctrl"() <{enable = false, idx = 60 : i64}> : () -> ()
      "hivm.hir.set_ctrl"() <{enable = true, idx = 48 : i64}> : () -> ()
      %61 = "arith.remsi"(%arg22, %arg19) : (i32, i32) -> i32
      "llvm.store"(%28, %48) <{ordering = 0 : i64, volatile_}> : (i32, !llvm.ptr<11>) -> ()
      "llvm.store"(%28, %49) <{ordering = 0 : i64, volatile_}> : (i32, !llvm.ptr<11>) -> ()
      "llvm.store"(%28, %50) <{ordering = 0 : i64, volatile_}> : (i32, !llvm.ptr<11>) -> ()
      "llvm.store"(%28, %51) <{ordering = 0 : i64, volatile_}> : (i32, !llvm.ptr<11>) -> ()
      "llvm.store"(%28, %52) <{ordering = 0 : i64, volatile_}> : (i32, !llvm.ptr<11>) -> ()
      "llvm.store"(%28, %53) <{ordering = 0 : i64, volatile_}> : (i32, !llvm.ptr<11>) -> ()
      %62 = "arith.divsi"(%61, %arg19) : (i32, i32) -> i32
      %63 = "arith.addi"(%61, %42) <{overflowFlags = #arith.overflow<none>}> : (i32, i32) -> i32
      %64 = "arith.divsi"(%63, %arg19) : (i32, i32) -> i32
      "scf.for"(%62, %64, %42) ({
      ^bb0(%arg23: i32):
        %65 = "arith.index_cast"(%arg23) : (i32) -> index
        %66 = "memref.reinterpret_cast"(%arg6, %65) <{operandSegmentSizes = array<i32: 1, 1, 0, 0>, static_offsets = array<i64: -9223372036854775808>, static_sizes = array<i64: 1>, static_strides = array<i64: 1>}> : (memref<?xi32, #hivm.address_space<gm>>, index) -> memref<1xi32, strided<[1], offset: ?>, #hivm.address_space<gm>>
        %67 = "memref.load"(%66, %32) : (memref<1xi32, strided<[1], offset: ?>, #hivm.address_space<gm>>, index) -> i32
        %68 = "affine.apply"(%65) <{map = #map5}> : (index) -> index
        %69 = "memref.reinterpret_cast"(%arg6, %68) <{operandSegmentSizes = array<i32: 1, 1, 0, 0>, static_offsets = array<i64: -9223372036854775808>, static_sizes = array<i64: 1>, static_strides = array<i64: 1>}> : (memref<?xi32, #hivm.address_space<gm>>, index) -> memref<1xi32, strided<[1], offset: ?>, #hivm.address_space<gm>>
        %70 = "memref.load"(%69, %32) : (memref<1xi32, strided<[1], offset: ?>, #hivm.address_space<gm>>, index) -> i32
        %71 = "arith.subi"(%70, %67) <{overflowFlags = #arith.overflow<none>}> : (i32, i32) -> i32
        %72 = "arith.cmpi"(%71, %31) <{predicate = 4 : i64}> : (i32, i32) -> i1
        "scf.if"(%72) ({
          %73 = "hivm.hir.pointer_cast"(%25) <{operandSegmentSizes = array<i32: 1, 0>}> : (i64) -> memref<6xi32, #hivm.address_space<ub>>
          "func.call"(%73) <{callee = @paged_prefill_verify_grouped_kernel_mix_aiv_outlined_vf_3, no_inline}> {hivm.vector_function} : (memref<6xi32, #hivm.address_space<ub>>) -> ()
          %74 = "hivm.hir.pointer_cast"(%24) <{operandSegmentSizes = array<i32: 1, 0>}> : (i64) -> memref<6xi32, #hivm.address_space<ub>>
          "func.call"(%73, %74) <{callee = @paged_prefill_verify_grouped_kernel_mix_aiv_outlined_vf_4, no_inline}> {hivm.vector_function} : (memref<6xi32, #hivm.address_space<ub>>, memref<6xi32, #hivm.address_space<ub>>) -> ()
          %75 = "memref.reinterpret_cast"(%arg9) <{operandSegmentSizes = array<i32: 1, 0, 0, 0>, static_offsets = array<i64: 0>, static_sizes = array<i64: 1>, static_strides = array<i64: 1>}> : (memref<?xf32, #hivm.address_space<gm>>) -> memref<1xf32, strided<[1]>, #hivm.address_space<gm>>
          %76 = "memref.load"(%75, %32) : (memref<1xf32, strided<[1]>, #hivm.address_space<gm>>, index) -> f32
          %77 = "memref.reinterpret_cast"(%arg9) <{operandSegmentSizes = array<i32: 1, 0, 0, 0>, static_offsets = array<i64: 1>, static_sizes = array<i64: 1>, static_strides = array<i64: 1>}> : (memref<?xf32, #hivm.address_space<gm>>) -> memref<1xf32, strided<[1], offset: 1>, #hivm.address_space<gm>>
          %78 = "memref.load"(%77, %32) : (memref<1xf32, strided<[1], offset: 1>, #hivm.address_space<gm>>, index) -> f32
          %79 = "memref.reinterpret_cast"(%arg9) <{operandSegmentSizes = array<i32: 1, 0, 0, 0>, static_offsets = array<i64: 2>, static_sizes = array<i64: 1>, static_strides = array<i64: 1>}> : (memref<?xf32, #hivm.address_space<gm>>) -> memref<1xf32, strided<[1], offset: 2>, #hivm.address_space<gm>>
          %80 = "memref.load"(%79, %32) : (memref<1xf32, strided<[1], offset: 2>, #hivm.address_space<gm>>, index) -> f32
          %81 = "memref.reinterpret_cast"(%arg9) <{operandSegmentSizes = array<i32: 1, 0, 0, 0>, static_offsets = array<i64: 3>, static_sizes = array<i64: 1>, static_strides = array<i64: 1>}> : (memref<?xf32, #hivm.address_space<gm>>) -> memref<1xf32, strided<[1], offset: 3>, #hivm.address_space<gm>>
          %82 = "memref.load"(%81, %32) : (memref<1xf32, strided<[1], offset: 3>, #hivm.address_space<gm>>, index) -> f32
          %83 = "memref.reinterpret_cast"(%arg9) <{operandSegmentSizes = array<i32: 1, 0, 0, 0>, static_offsets = array<i64: 4>, static_sizes = array<i64: 1>, static_strides = array<i64: 1>}> : (memref<?xf32, #hivm.address_space<gm>>) -> memref<1xf32, strided<[1], offset: 4>, #hivm.address_space<gm>>
          %84 = "memref.load"(%83, %32) : (memref<1xf32, strided<[1], offset: 4>, #hivm.address_space<gm>>, index) -> f32
          %85 = "memref.reinterpret_cast"(%arg9) <{operandSegmentSizes = array<i32: 1, 0, 0, 0>, static_offsets = array<i64: 5>, static_sizes = array<i64: 1>, static_strides = array<i64: 1>}> : (memref<?xf32, #hivm.address_space<gm>>) -> memref<1xf32, strided<[1], offset: 5>, #hivm.address_space<gm>>
          %86 = "memref.load"(%85, %32) : (memref<1xf32, strided<[1], offset: 5>, #hivm.address_space<gm>>, index) -> f32
          %87 = "hivm.hir.pointer_cast"(%23) <{operandSegmentSizes = array<i32: 1, 0>}> : (i64) -> memref<6xf32, #hivm.address_space<ub>>
          "func.call"(%73, %74, %84, %86, %82, %80, %78, %76, %87) <{callee = @paged_prefill_verify_grouped_kernel_mix_aiv_outlined_vf_5, no_inline}> {hivm.vector_function} : (memref<6xi32, #hivm.address_space<ub>>, memref<6xi32, #hivm.address_space<ub>>, f32, f32, f32, f32, f32, f32, memref<6xf32, #hivm.address_space<ub>>) -> ()
          %88 = "memref.reinterpret_cast"(%arg7, %65) <{operandSegmentSizes = array<i32: 1, 1, 0, 0>, static_offsets = array<i64: -9223372036854775808>, static_sizes = array<i64: 1>, static_strides = array<i64: 1>}> : (memref<?xi32, #hivm.address_space<gm>>, index) -> memref<1xi32, strided<[1], offset: ?>, #hivm.address_space<gm>>
          %89 = "memref.load"(%88, %32) : (memref<1xi32, strided<[1], offset: ?>, #hivm.address_space<gm>>, index) -> i32
          %90 = "arith.subi"(%89, %71) <{overflowFlags = #arith.overflow<none>}> : (i32, i32) -> i32
          %91 = "arith.addi"(%89, %30) <{overflowFlags = #arith.overflow<none>}> : (i32, i32) -> i32
          %92 = "arith.divsi"(%91, %29) : (i32, i32) -> i32
          %93 = "hivm.hir.pointer_cast"(%22) <{operandSegmentSizes = array<i32: 1, 0>}> : (i64) -> memref<64xi32, #hivm.address_space<ub>>
          "func.call"(%93) <{callee = @paged_prefill_verify_grouped_kernel_mix_aiv_outlined_vf_6, no_inline}> {hivm.vector_function} : (memref<64xi32, #hivm.address_space<ub>>) -> ()
          %94 = "hivm.hir.pointer_cast"(%24) <{operandSegmentSizes = array<i32: 1, 0>}> : (i64) -> memref<6xi32, #hivm.address_space<ub>>
          "func.call"(%74, %90, %94) <{callee = @paged_prefill_verify_grouped_kernel_mix_aiv_outlined_vf_7, no_inline}> {hivm.vector_function} : (memref<6xi32, #hivm.address_space<ub>>, i32, memref<6xi32, #hivm.address_space<ub>>) -> ()
          %95 = "memref.expand_shape"(%94) <{reassociation = [[0, 1]], static_output_shape = array<i64: 6, 1>}> : (memref<6xi32, #hivm.address_space<ub>>) -> memref<6x1xi32, #hivm.address_space<ub>>
          %96 = "hivm.hir.pointer_cast"(%24) <{operandSegmentSizes = array<i32: 1, 0>}> : (i64) -> memref<6x1xf32, #hivm.address_space<ub>>
          "func.call"(%95, %96) <{callee = @paged_prefill_verify_grouped_kernel_mix_aiv_outlined_vf_8, no_inline}> {hivm.vector_function} : (memref<6x1xi32, #hivm.address_space<ub>>, memref<6x1xf32, #hivm.address_space<ub>>) -> ()
          %97 = "arith.sitofp"(%89) : (i32) -> f32
          %98 = "hivm.hir.pointer_cast"(%21) <{operandSegmentSizes = array<i32: 1, 0>}> : (i64) -> memref<4x1x16x16xbf16, #hivm.address_space<cbuf>>
          "annotation.mark"(%98) <{effects = ["write", "read"]}> {hivm.tightly_coupled_buffer = #hivm.tightly_coupled_buffer<0>} : (memref<4x1x16x16xbf16, #hivm.address_space<cbuf>>) -> ()
          %99 = "hivm.hir.pointer_cast"(%20) <{operandSegmentSizes = array<i32: 1, 0>}> : (i64) -> memref<6x64xf32, #hivm.address_space<ub>>
          "annotation.mark"(%99) <{effects = ["write", "read"]}> {hivm.tightly_coupled_buffer = #hivm.tightly_coupled_buffer<1>} : (memref<6x64xf32, #hivm.address_space<ub>>) -> ()
          "hivm.hir.sync_block_set"() <{operandSegmentSizes = array<i32: 0, 0>, pipe = #hivm.pipe<PIPE_FIX>, static_flag_id = 2 : i64, tcore_type = #hivm.tcore_type<VECTOR>, tpipe = #hivm.pipe<PIPE_V>}> : () -> ()
          %100 = "hivm.hir.pointer_cast"(%19) <{operandSegmentSizes = array<i32: 1, 0>}> : (i64) -> memref<6x256xf32, #hivm.address_space<ub>>
          "annotation.mark"(%100) <{effects = ["write", "read"]}> {hivm.tightly_coupled_buffer = #hivm.tightly_coupled_buffer<2>} : (memref<6x256xf32, #hivm.address_space<ub>>) -> ()
          "hivm.hir.sync_block_set"() <{operandSegmentSizes = array<i32: 0, 0>, pipe = #hivm.pipe<PIPE_FIX>, static_flag_id = 3 : i64, tcore_type = #hivm.tcore_type<VECTOR>, tpipe = #hivm.pipe<PIPE_V>}> : () -> ()
          %101 = "hivm.hir.pointer_cast"(%18) <{operandSegmentSizes = array<i32: 1, 0>}> : (i64) -> memref<6xf32, #hivm.address_space<ub>>
          "annotation.mark"(%101) <{effects = ["write", "read"]}> {hivm.tightly_coupled_buffer = #hivm.tightly_coupled_buffer<3>} : (memref<6xf32, #hivm.address_space<ub>>) -> ()
          %102 = "hivm.hir.pointer_cast"(%17) <{operandSegmentSizes = array<i32: 1, 0>}> : (i64) -> memref<6xf32, #hivm.address_space<ub>>
          "annotation.mark"(%102) <{effects = ["write", "read"]}> {hivm.tightly_coupled_buffer = #hivm.tightly_coupled_buffer<4>} : (memref<6xf32, #hivm.address_space<ub>>) -> ()
          %103 = "hivm.hir.pointer_cast"(%16) <{operandSegmentSizes = array<i32: 1, 0>}> : (i64) -> memref<6xf32, #hivm.address_space<ub>>
          "annotation.mark"(%103) <{effects = ["write", "read"]}> {hivm.tightly_coupled_buffer = #hivm.tightly_coupled_buffer<5>} : (memref<6xf32, #hivm.address_space<ub>>) -> ()
          %104 = "hivm.hir.pointer_cast"(%15) <{operandSegmentSizes = array<i32: 1, 0>}> : (i64) -> memref<6xf32, #hivm.address_space<ub>>
          "annotation.mark"(%104) <{effects = ["write", "read"]}> {hivm.tightly_coupled_buffer = #hivm.tightly_coupled_buffer<6>} : (memref<6xf32, #hivm.address_space<ub>>) -> ()
          "hivm.hir.sync_block_set"() <{operandSegmentSizes = array<i32: 0, 0>, pipe = #hivm.pipe<PIPE_S>, static_flag_id = 15 : i64, tcore_type = #hivm.tcore_type<VECTOR>, tpipe = #hivm.pipe<PIPE_S>}> : () -> ()
          %105 = "arith.addi"(%92, %40) <{overflowFlags = #arith.overflow<none>}> : (i32, i32) -> i32
          %106 = "hivm.hir.pointer_cast"(%14) <{operandSegmentSizes = array<i32: 1, 0>}> : (i64) -> memref<6x256xf32, #hivm.address_space<ub>>
          "func.call"(%106) <{callee = @paged_prefill_verify_grouped_kernel_mix_aiv_outlined_vf_2, no_inline}> {hivm.vector_function} : (memref<6x256xf32, #hivm.address_space<ub>>) -> ()
          %107 = "hivm.hir.pointer_cast"(%13) <{operandSegmentSizes = array<i32: 1, 0>}> : (i64) -> memref<6xf32, #hivm.address_space<ub>>
          "func.call"(%107) <{callee = @paged_prefill_verify_grouped_kernel_mix_aiv_outlined_vf_1, no_inline}> {hivm.vector_function} : (memref<6xf32, #hivm.address_space<ub>>) -> ()
          "hivm.hir.set_flag"() <{set_pipe = #hivm.pipe<PIPE_MTE3>, static_event_id = #hivm.event<EVENT_ID0>, wait_pipe = #hivm.pipe<PIPE_V>}> : () -> ()
          %108:7 = "scf.for"(%31, %105, %42, %107, %106, %87, %31, %31, %31, %31) ({
          ^bb0(%arg24: i32, %arg25: memref<6xf32, #hivm.address_space<ub>>, %arg26: memref<6x256xf32, #hivm.address_space<ub>>, %arg27: memref<6xf32, #hivm.address_space<ub>>, %arg28: i32, %arg29: i32, %arg30: i32, %arg31: i32):
            "hivm.hir.sync_block_wait"() <{pipe = #hivm.pipe<PIPE_S>, static_flag_id = 15 : i64, tcore_type = #hivm.tcore_type<VECTOR>, tpipe = #hivm.pipe<PIPE_S>}> : () -> ()
            %116 = "llvm.load"(%58) <{ordering = 0 : i64, volatile_}> : (!llvm.ptr<11>) -> i32
            %117 = "arith.cmpi"(%116, %31) <{predicate = 4 : i64}> : (i32, i32) -> i1
            %118 = "llvm.load"(%60) <{ordering = 0 : i64, volatile_}> : (!llvm.ptr<11>) -> i32
            %119 = "arith.cmpi"(%118, %42) <{predicate = 2 : i64}> : (i32, i32) -> i1
            %120 = "arith.andi"(%117, %119) : (i1, i1) -> i1
            %121 = "arith.cmpi"(%arg30, %41) <{predicate = 2 : i64}> : (i32, i32) -> i1
            %122 = "arith.cmpi"(%arg31, %41) <{predicate = 2 : i64}> : (i32, i32) -> i1
            %123 = "arith.andi"(%121, %122) : (i1, i1) -> i1
            %124 = "arith.cmpi"(%arg28, %92) <{predicate = 2 : i64}> : (i32, i32) -> i1
            %125 = "arith.andi"(%120, %123) : (i1, i1) -> i1
            %126 = "arith.andi"(%125, %124) : (i1, i1) -> i1
            %127:4 = "scf.if"(%126) ({
              "hivm.hir.sync_block_wait"() <{pipe = #hivm.pipe<PIPE_V>, static_flag_id = 2 : i64, tcore_type = #hivm.tcore_type<VECTOR>, tpipe = #hivm.pipe<PIPE_FIX>}> : () -> ()
              %151 = "arith.muli"(%arg28, %29) <{overflowFlags = #arith.overflow<none>}> : (i32, i32) -> i32
              %152 = "hivm.hir.pointer_cast"(%12) <{operandSegmentSizes = array<i32: 1, 0>}> : (i64) -> memref<64xi32, #hivm.address_space<ub>>
              "func.call"(%93, %151, %152) <{callee = @paged_prefill_verify_grouped_kernel_mix_aiv_outlined_vf_9, no_inline}> {hivm.vector_function} : (memref<64xi32, #hivm.address_space<ub>>, i32, memref<64xi32, #hivm.address_space<ub>>) -> ()
              %153 = "memref.expand_shape"(%152) <{reassociation = [[0, 1]], static_output_shape = array<i64: 1, 64>}> : (memref<64xi32, #hivm.address_space<ub>>) -> memref<1x64xi32, #hivm.address_space<ub>>
              %154 = "hivm.hir.pointer_cast"(%12) <{operandSegmentSizes = array<i32: 1, 0>}> : (i64) -> memref<1x64xf32, #hivm.address_space<ub>>
              "func.call"(%153, %154) <{callee = @paged_prefill_verify_grouped_kernel_mix_aiv_outlined_vf_10, no_inline}> {hivm.vector_function} : (memref<1x64xi32, #hivm.address_space<ub>>, memref<1x64xf32, #hivm.address_space<ub>>) -> ()
              %155 = "hivm.hir.pointer_cast"(%11) <{operandSegmentSizes = array<i32: 1, 0>}> : (i64) -> memref<6x256x1xi1, #hivm.address_space<ub>>
              %156 = "memref.subview"(%155) <{operandSegmentSizes = array<i32: 1, 0, 0, 0>, static_offsets = array<i64: 0, 0, 0>, static_sizes = array<i64: 6, 64, 1>, static_strides = array<i64: 1, 1, 1>}> : (memref<6x256x1xi1, #hivm.address_space<ub>>) -> memref<6x64xi1, strided<[256, 1]>, #hivm.address_space<ub>>
              "func.call"(%96, %154, %156) <{callee = @paged_prefill_verify_grouped_kernel_mix_aiv_outlined_vf_11, no_inline}> {hivm.vector_function} : (memref<6x1xf32, #hivm.address_space<ub>>, memref<1x64xf32, #hivm.address_space<ub>>, memref<6x64xi1, strided<[256, 1]>, #hivm.address_space<ub>>) -> ()
              %157 = "hivm.hir.pointer_cast"(%12) <{operandSegmentSizes = array<i32: 1, 0>}> : (i64) -> memref<1x64xi1, #hivm.address_space<ub>>
              "func.call"(%154, %97, %157) <{callee = @paged_prefill_verify_grouped_kernel_mix_aiv_outlined_vf_12, no_inline}> {hivm.vector_function} : (memref<1x64xf32, #hivm.address_space<ub>>, f32, memref<1x64xi1, #hivm.address_space<ub>>) -> ()
              %158 = "memref.collapse_shape"(%157) <{reassociation = [[0, 1]]}> : (memref<1x64xi1, #hivm.address_space<ub>>) -> memref<64xi1, #hivm.address_space<ub>>
              %159 = "hivm.hir.pointer_cast"(%10) <{operandSegmentSizes = array<i32: 1, 0>}> : (i64) -> memref<6x256x1xi1, #hivm.address_space<ub>>
              %160 = "memref.subview"(%159) <{operandSegmentSizes = array<i32: 1, 0, 0, 0>, static_offsets = array<i64: 0, 0, 0>, static_sizes = array<i64: 6, 64, 1>, static_strides = array<i64: 1, 1, 1>}> : (memref<6x256x1xi1, #hivm.address_space<ub>>) -> memref<6x64xi1, strided<[256, 1]>, #hivm.address_space<ub>>
              %161 = "hivm.hir.pointer_cast"(%11) <{operandSegmentSizes = array<i32: 1, 0>}> : (i64) -> memref<6x256x1xi1, #hivm.address_space<ub>>
              %162 = "memref.subview"(%161) <{operandSegmentSizes = array<i32: 1, 0, 0, 0>, static_offsets = array<i64: 0, 0, 0>, static_sizes = array<i64: 6, 64, 1>, static_strides = array<i64: 1, 1, 1>}> : (memref<6x256x1xi1, #hivm.address_space<ub>>) -> memref<6x64xi1, strided<[256, 1]>, #hivm.address_space<ub>>
              "func.call"(%156, %158, %160, %162) <{callee = @paged_prefill_verify_grouped_kernel_mix_aiv_outlined_vf_13, no_inline}> {hivm.vector_function} : (memref<6x64xi1, strided<[256, 1]>, #hivm.address_space<ub>>, memref<64xi1, #hivm.address_space<ub>>, memref<6x64xi1, strided<[256, 1]>, #hivm.address_space<ub>>, memref<6x64xi1, strided<[256, 1]>, #hivm.address_space<ub>>) -> ()
              %163 = "hivm.hir.pointer_cast"(%9) <{operandSegmentSizes = array<i32: 1, 0>}> : (i64) -> memref<6x64xf32, #hivm.address_space<ub>>
              "func.call"(%162, %99, %arg18, %163) <{callee = @paged_prefill_verify_grouped_kernel_mix_aiv_outlined_vf_14, no_inline}> {hivm.vector_function} : (memref<6x64xi1, strided<[256, 1]>, #hivm.address_space<ub>>, memref<6x64xf32, #hivm.address_space<ub>>, f32, memref<6x64xf32, #hivm.address_space<ub>>) -> ()
              %164 = "hivm.hir.pointer_cast"(%8) <{operandSegmentSizes = array<i32: 1, 0>}> : (i64) -> memref<6xf32, #hivm.address_space<ub>>
              %165 = "hivm.hir.pointer_cast"(%7) <{operandSegmentSizes = array<i32: 1, 0>}> : (i64) -> memref<6xf32, #hivm.address_space<ub>>
              "func.call"(%arg27, %164, %163, %165) <{callee = @paged_prefill_verify_grouped_kernel_mix_aiv_outlined_vf_15, no_inline}> {hivm.vector_function} : (memref<6xf32, #hivm.address_space<ub>>, memref<6xf32, #hivm.address_space<ub>>, memref<6x64xf32, #hivm.address_space<ub>>, memref<6xf32, #hivm.address_space<ub>>) -> ()
              %166 = "hivm.hir.pointer_cast"(%9) <{operandSegmentSizes = array<i32: 1, 0>}> : (i64) -> memref<6x64xf32, #hivm.address_space<ub>>
              "func.call"(%165, %163, %166) <{callee = @paged_prefill_verify_grouped_kernel_mix_aiv_outlined_vf_16, no_inline}> {hivm.vector_function} : (memref<6xf32, #hivm.address_space<ub>>, memref<6x64xf32, #hivm.address_space<ub>>, memref<6x64xf32, #hivm.address_space<ub>>) -> ()
              %167 = "hivm.hir.pointer_cast"(%6) <{operandSegmentSizes = array<i32: 1, 0>}> : (i64) -> memref<6x64xbf16, #hivm.address_space<ub>>
              "func.call"(%166, %167) <{callee = @paged_prefill_verify_grouped_kernel_mix_aiv_outlined_vf_17, no_inline}> {hivm.vector_function} : (memref<6x64xf32, #hivm.address_space<ub>>, memref<6x64xbf16, #hivm.address_space<ub>>) -> ()
              %168 = "hivm.hir.pointer_cast"(%5) <{operandSegmentSizes = array<i32: 1, 0>}> : (i64) -> memref<16x64xbf16, #hivm.address_space<ub>>
              "func.call"(%168) <{callee = @paged_prefill_verify_grouped_kernel_mix_aiv_outlined_vf_0, no_inline}> {hivm.vector_function} : (memref<16x64xbf16, #hivm.address_space<ub>>) -> ()
              %169 = "memref.subview"(%168) <{operandSegmentSizes = array<i32: 1, 0, 0, 0>, static_offsets = array<i64: 0, 0>, static_sizes = array<i64: 6, 64>, static_strides = array<i64: 1, 1>}> : (memref<16x64xbf16, #hivm.address_space<ub>>) -> memref<6x64xbf16, strided<[64, 1]>, #hivm.address_space<ub>>
              %170 = "memref.collapse_shape"(%167) <{reassociation = [[0, 1]]}> : (memref<6x64xbf16, #hivm.address_space<ub>>) -> memref<384xbf16, #hivm.address_space<ub>>
              %171 = "memref.collapse_shape"(%169) <{reassociation = [[0, 1]]}> : (memref<6x64xbf16, strided<[64, 1]>, #hivm.address_space<ub>>) -> memref<384xbf16, strided<[1]>, #hivm.address_space<ub>>
              "hivm.hir.copy"(%170, %171) : (memref<384xbf16, #hivm.address_space<ub>>, memref<384xbf16, strided<[1]>, #hivm.address_space<ub>>) -> ()
              %172 = "hivm.hir.pointer_cast"(%4) <{operandSegmentSizes = array<i32: 1, 0>}> : (i64) -> memref<6xf32, #hivm.address_space<ub>>
              %173 = "arith.remsi"(%arg28, %41) : (i32, i32) -> i32
              %174 = "arith.cmpi"(%173, %31) <{predicate = 0 : i64}> : (i32, i32) -> i1
              %175 = "hivm.hir.pointer_cast"(%3) <{operandSegmentSizes = array<i32: 1, 0>}> : (i64) -> memref<6xf32, #hivm.address_space<ub>>
              %176 = "memref.expand_shape"(%168) <{reassociation = [[0], [1, 2]], static_output_shape = array<i64: 16, 4, 16>}> : (memref<16x64xbf16, #hivm.address_space<ub>>) -> memref<16x4x16xbf16, #hivm.address_space<ub>>
              %177 = "hivm.hir.pointer_cast"(%2) <{operandSegmentSizes = array<i32: 1, 0>}> : (i64) -> memref<4x16x16xbf16, #hivm.address_space<ub>>
              "hivm.hir.wait_flag"() <{set_pipe = #hivm.pipe<PIPE_MTE3>, static_event_id = #hivm.event<EVENT_ID0>, wait_pipe = #hivm.pipe<PIPE_V>}> : () -> ()
              "func.call"(%166, %172, %arg27, %165, %175, %176, %177) <{callee = @paged_prefill_verify_grouped_kernel_mix_aiv_outlined_merged_merged_vf_0, no_inline}> {hivm.vector_function, ptc_simdvf} : (memref<6x64xf32, #hivm.address_space<ub>>, memref<6xf32, #hivm.address_space<ub>>, memref<6xf32, #hivm.address_space<ub>>, memref<6xf32, #hivm.address_space<ub>>, memref<6xf32, #hivm.address_space<ub>>, memref<16x4x16xbf16, #hivm.address_space<ub>>, memref<4x16x16xbf16, #hivm.address_space<ub>>) -> ()
              "hivm.hir.set_flag"() <{set_pipe = #hivm.pipe<PIPE_V>, static_event_id = #hivm.event<EVENT_ID0>, wait_pipe = #hivm.pipe<PIPE_MTE3>}> : () -> ()
              "scf.if"(%174) ({
                "hivm.hir.copy"(%172, %103) : (memref<6xf32, #hivm.address_space<ub>>, memref<6xf32, #hivm.address_space<ub>>) -> ()
                "hivm.hir.copy"(%175, %101) : (memref<6xf32, #hivm.address_space<ub>>, memref<6xf32, #hivm.address_space<ub>>) -> ()
                "scf.yield"() : () -> ()
              }, {
                "hivm.hir.copy"(%172, %104) : (memref<6xf32, #hivm.address_space<ub>>, memref<6xf32, #hivm.address_space<ub>>) -> ()
                "hivm.hir.copy"(%175, %102) : (memref<6xf32, #hivm.address_space<ub>>, memref<6xf32, #hivm.address_space<ub>>) -> ()
                "scf.yield"() : () -> ()
              }) : (i1) -> ()
              "hivm.hir.sync_block_wait"() <{pipe = #hivm.pipe<PIPE_MTE3>, static_flag_id = 1 : i64, tcore_type = #hivm.tcore_type<VECTOR>, tpipe = #hivm.pipe<PIPE_M>}> : () -> ()
              %178 = "arith.index_cast"(%54) : (i64) -> index
              %179 = "arith.cmpi"(%178, %32) <{predicate = 0 : i64}> : (index, index) -> i1
              "hivm.hir.wait_flag"() <{set_pipe = #hivm.pipe<PIPE_V>, static_event_id = #hivm.event<EVENT_ID0>, wait_pipe = #hivm.pipe<PIPE_MTE3>}> : () -> ()
              "scf.if"(%179) ({
                %187 = "memref.collapse_shape"(%177) <{reassociation = [[0, 1, 2]]}> : (memref<4x16x16xbf16, #hivm.address_space<ub>>) -> memref<1024xbf16, #hivm.address_space<ub>>
                %188 = "memref.collapse_shape"(%98) <{reassociation = [[0, 1, 2, 3]]}> : (memref<4x1x16x16xbf16, #hivm.address_space<cbuf>>) -> memref<1024xbf16, #hivm.address_space<cbuf>>
                "hivm.hir.copy"(%187, %188) : (memref<1024xbf16, #hivm.address_space<ub>>, memref<1024xbf16, #hivm.address_space<cbuf>>) -> ()
                "scf.yield"() : () -> ()
              }, {
              }) {limit_sub_block_id0} : (i1) -> ()
              "hivm.hir.set_flag"() <{set_pipe = #hivm.pipe<PIPE_MTE3>, static_event_id = #hivm.event<EVENT_ID0>, wait_pipe = #hivm.pipe<PIPE_V>}> : () -> ()
              "hivm.hir.sync_block_set"() <{operandSegmentSizes = array<i32: 0, 0>, pipe = #hivm.pipe<PIPE_MTE1>, static_flag_id = 1 : i64, tcore_type = #hivm.tcore_type<VECTOR>, tpipe = #hivm.pipe<PIPE_MTE3>}> : () -> ()
              "hivm.hir.sync_block_set"() <{operandSegmentSizes = array<i32: 0, 0>, pipe = #hivm.pipe<PIPE_FIX>, static_flag_id = 2 : i64, tcore_type = #hivm.tcore_type<VECTOR>, tpipe = #hivm.pipe<PIPE_V>}> : () -> ()
              %180 = "llvm.load"(%58) <{ordering = 0 : i64, volatile_}> : (!llvm.ptr<11>) -> i32
              %181 = "arith.subi"(%180, %42) <{overflowFlags = #arith.overflow<none>}> : (i32, i32) -> i32
              "llvm.store"(%181, %58) <{ordering = 0 : i64, volatile_}> : (i32, !llvm.ptr<11>) -> ()
              %182 = "llvm.load"(%60) <{ordering = 0 : i64, volatile_}> : (!llvm.ptr<11>) -> i32
              %183 = "arith.addi"(%182, %42) <{overflowFlags = #arith.overflow<none>}> : (i32, i32) -> i32
              "llvm.store"(%183, %60) <{ordering = 0 : i64, volatile_}> : (i32, !llvm.ptr<11>) -> ()
              %184 = "arith.addi"(%arg31, %42) <{overflowFlags = #arith.overflow<none>}> : (i32, i32) -> i32
              %185 = "arith.addi"(%arg30, %42) <{overflowFlags = #arith.overflow<none>}> : (i32, i32) -> i32
              %186 = "arith.addi"(%arg28, %42) <{overflowFlags = #arith.overflow<none>}> : (i32, i32) -> i32
              "scf.yield"(%165, %184, %185, %186) : (memref<6xf32, #hivm.address_space<ub>>, i32, i32, i32) -> ()
            }, {
              %150 = "hivm.hir.pointer_cast"(%7) <{operandSegmentSizes = array<i32: 1, 0>}> : (i64) -> memref<6xf32, #hivm.address_space<ub>>
              "hivm.hir.copy"(%arg27, %150) : (memref<6xf32, #hivm.address_space<ub>>, memref<6xf32, #hivm.address_space<ub>>) -> ()
              "scf.yield"(%150, %arg31, %arg30, %arg28) : (memref<6xf32, #hivm.address_space<ub>>, i32, i32, i32) -> ()
            }) : (i1) -> (memref<6xf32, #hivm.address_space<ub>>, i32, i32, i32)
            %128 = "llvm.load"(%57) <{ordering = 0 : i64, volatile_}> : (!llvm.ptr<11>) -> i32
            %129 = "arith.cmpi"(%128, %31) <{predicate = 4 : i64}> : (i32, i32) -> i1
            %130 = "arith.cmpi"(%127#2, %31) <{predicate = 4 : i64}> : (i32, i32) -> i1
            %131 = "arith.cmpi"(%127#1, %31) <{predicate = 4 : i64}> : (i32, i32) -> i1
            %132 = "arith.andi"(%130, %131) : (i1, i1) -> i1
            %133 = "arith.cmpi"(%arg29, %92) <{predicate = 2 : i64}> : (i32, i32) -> i1
            %134 = "arith.andi"(%129, %132) : (i1, i1) -> i1
            %135 = "arith.andi"(%134, %133) : (i1, i1) -> i1
            %136:5 = "scf.if"(%135) ({
              "hivm.hir.sync_block_wait"() <{pipe = #hivm.pipe<PIPE_V>, static_flag_id = 3 : i64, tcore_type = #hivm.tcore_type<VECTOR>, tpipe = #hivm.pipe<PIPE_FIX>}> : () -> ()
              %138 = "arith.remsi"(%arg29, %41) : (i32, i32) -> i32
              %139 = "arith.cmpi"(%138, %31) <{predicate = 0 : i64}> : (i32, i32) -> i1
              %140 = "arith.select"(%139, %101, %102) : (i1, memref<6xf32, #hivm.address_space<ub>>, memref<6xf32, #hivm.address_space<ub>>) -> memref<6xf32, #hivm.address_space<ub>>
              %141 = "hivm.hir.pointer_cast"(%1) <{operandSegmentSizes = array<i32: 1, 0>}> : (i64) -> memref<6xf32, #hivm.address_space<ub>>
              "func.call"(%140, %141) <{callee = @paged_prefill_verify_grouped_kernel_mix_aiv_outlined_vf_21, no_inline}> {hivm.vector_function} : (memref<6xf32, #hivm.address_space<ub>>, memref<6xf32, #hivm.address_space<ub>>) -> ()
              %142 = "arith.select"(%139, %103, %104) : (i1, memref<6xf32, #hivm.address_space<ub>>, memref<6xf32, #hivm.address_space<ub>>) -> memref<6xf32, #hivm.address_space<ub>>
              %143 = "hivm.hir.pointer_cast"(%13) <{operandSegmentSizes = array<i32: 1, 0>}> : (i64) -> memref<6xf32, #hivm.address_space<ub>>
              %144 = "hivm.hir.pointer_cast"(%14) <{operandSegmentSizes = array<i32: 1, 0>}> : (i64) -> memref<6x256xf32, #hivm.address_space<ub>>
              "func.call"(%arg25, %141, %142, %143, %141, %100, %arg26, %144) <{callee = @paged_prefill_verify_grouped_kernel_mix_aiv_outlined_merged_vf_1, no_inline}> {hivm.vector_function, ptc_simdvf} : (memref<6xf32, #hivm.address_space<ub>>, memref<6xf32, #hivm.address_space<ub>>, memref<6xf32, #hivm.address_space<ub>>, memref<6xf32, #hivm.address_space<ub>>, memref<6xf32, #hivm.address_space<ub>>, memref<6x256xf32, #hivm.address_space<ub>>, memref<6x256xf32, #hivm.address_space<ub>>, memref<6x256xf32, #hivm.address_space<ub>>) -> ()
              "hivm.hir.sync_block_set"() <{operandSegmentSizes = array<i32: 0, 0>, pipe = #hivm.pipe<PIPE_FIX>, static_flag_id = 3 : i64, tcore_type = #hivm.tcore_type<VECTOR>, tpipe = #hivm.pipe<PIPE_V>}> : () -> ()
              %145 = "llvm.load"(%57) <{ordering = 0 : i64, volatile_}> : (!llvm.ptr<11>) -> i32
              %146 = "arith.subi"(%145, %42) <{overflowFlags = #arith.overflow<none>}> : (i32, i32) -> i32
              "llvm.store"(%146, %57) <{ordering = 0 : i64, volatile_}> : (i32, !llvm.ptr<11>) -> ()
              %147 = "arith.subi"(%127#1, %42) <{overflowFlags = #arith.overflow<none>}> : (i32, i32) -> i32
              %148 = "arith.subi"(%127#2, %42) <{overflowFlags = #arith.overflow<none>}> : (i32, i32) -> i32
              %149 = "arith.addi"(%arg29, %42) <{overflowFlags = #arith.overflow<none>}> : (i32, i32) -> i32
              "scf.yield"(%143, %144, %147, %148, %149) : (memref<6xf32, #hivm.address_space<ub>>, memref<6x256xf32, #hivm.address_space<ub>>, i32, i32, i32) -> ()
            }, {
              "scf.yield"(%arg25, %arg26, %127#1, %127#2, %arg29) : (memref<6xf32, #hivm.address_space<ub>>, memref<6x256xf32, #hivm.address_space<ub>>, i32, i32, i32) -> ()
            }) : (i1) -> (memref<6xf32, #hivm.address_space<ub>>, memref<6x256xf32, #hivm.address_space<ub>>, i32, i32, i32)
            "hivm.hir.sync_block_set"() <{operandSegmentSizes = array<i32: 0, 0>, pipe = #hivm.pipe<PIPE_S>, static_flag_id = 15 : i64, tcore_type = #hivm.tcore_type<VECTOR>, tpipe = #hivm.pipe<PIPE_S>}> : () -> ()
            %137 = "hivm.hir.pointer_cast"(%23) <{operandSegmentSizes = array<i32: 1, 0>}> : (i64) -> memref<6xf32, #hivm.address_space<ub>>
            "hivm.hir.copy"(%127#0, %137) : (memref<6xf32, #hivm.address_space<ub>>, memref<6xf32, #hivm.address_space<ub>>) -> ()
            "scf.yield"(%136#0, %136#1, %137, %127#3, %136#4, %136#3, %136#2) : (memref<6xf32, #hivm.address_space<ub>>, memref<6x256xf32, #hivm.address_space<ub>>, memref<6xf32, #hivm.address_space<ub>>, i32, i32, i32, i32) -> ()
          }) : (i32, i32, i32, memref<6xf32, #hivm.address_space<ub>>, memref<6x256xf32, #hivm.address_space<ub>>, memref<6xf32, #hivm.address_space<ub>>, i32, i32, i32, i32) -> (memref<6xf32, #hivm.address_space<ub>>, memref<6x256xf32, #hivm.address_space<ub>>, memref<6xf32, #hivm.address_space<ub>>, i32, i32, i32, i32)
          "hivm.hir.wait_flag"() <{set_pipe = #hivm.pipe<PIPE_MTE3>, static_event_id = #hivm.event<EVENT_ID0>, wait_pipe = #hivm.pipe<PIPE_V>}> : () -> ()
          "hivm.hir.sync_block_wait"() <{pipe = #hivm.pipe<PIPE_MTE3>, static_flag_id = 1 : i64, tcore_type = #hivm.tcore_type<VECTOR>, tpipe = #hivm.pipe<PIPE_M>}> : () -> ()
          %109 = "arith.muli"(%67, %arg16) <{overflowFlags = #arith.overflow<none>}> : (i32, i32) -> i32
          %110 = "arith.index_cast"(%109) : (i32) -> index
          %111 = "arith.index_cast"(%arg17) : (i32) -> index
          %112 = "memref.reinterpret_cast"(%arg5, %110, %111) <{operandSegmentSizes = array<i32: 1, 1, 0, 1>, static_offsets = array<i64: -9223372036854775808>, static_sizes = array<i64: 6, 256>, static_strides = array<i64: -9223372036854775808, 1>}> : (memref<?xbf16, #hivm.address_space<gm>>, index, index) -> memref<6x256xbf16, strided<[?, 1], offset: ?>, #hivm.address_space<gm>>
          %113 = "hivm.hir.pointer_cast"(%0) <{operandSegmentSizes = array<i32: 1, 0>}> : (i64) -> memref<6x256xbf16, #hivm.address_space<ub>>
          "func.call"(%108#0, %108#1, %113) <{callee = @paged_prefill_verify_grouped_kernel_mix_aiv_outlined_vf_24, no_inline}> {hivm.vector_function} : (memref<6xf32, #hivm.address_space<ub>>, memref<6x256xf32, #hivm.address_space<ub>>, memref<6x256xbf16, #hivm.address_space<ub>>) -> ()
          "hivm.hir.set_flag"() <{set_pipe = #hivm.pipe<PIPE_V>, static_event_id = #hivm.event<EVENT_ID0>, wait_pipe = #hivm.pipe<PIPE_MTE3>}> : () -> ()
          %114 = "arith.index_cast"(%54) : (i64) -> index
          %115 = "arith.cmpi"(%114, %32) <{predicate = 0 : i64}> : (index, index) -> i1
          "hivm.hir.wait_flag"() <{set_pipe = #hivm.pipe<PIPE_V>, static_event_id = #hivm.event<EVENT_ID0>, wait_pipe = #hivm.pipe<PIPE_MTE3>}> : () -> ()
          "scf.if"(%115) ({
            "hivm.hir.store"(%113, %112) : (memref<6x256xbf16, #hivm.address_space<ub>>, memref<6x256xbf16, strided<[?, 1], offset: ?>, #hivm.address_space<gm>>) -> ()
            "scf.yield"() : () -> ()
          }, {
          }) {limit_sub_block_id0} : (i1) -> ()
          "scf.yield"() : () -> ()
        }, {
        }) : (i1) -> ()
        "scf.yield"() : () -> ()
      }) : (i32, i32, i32) -> ()
      "hivm.hir.set_ctrl"() <{enable = true, idx = 60 : i64}> : () -> ()
      "scf.yield"() : () -> ()
    }) {autoblockify.subloop} : (i32, i32, i32) -> ()
    "hivm.hir.pipe_barrier"() <{pipe = #hivm.pipe<PIPE_ALL>}> : () -> ()
    "func.return"() : () -> ()
  }) {SyncBlockLockArgIdx = 0 : i64, WorkspaceArgIdx = 1 : i64, func_dyn_memref_args = dense<[true, true, true, true, true, true, true, true, true, true, false, false, false, false, false, false, false, false, false, false, false, false]> : vector<22xi1>, hacc.entry, hacc.function_kind = #hacc.function_kind<DEVICE>, hivm.func_core_type = #hivm.func_core_type<AIV>, hivm.part_of_mix, hivm.vf_mode = #hivm.vf_mode<SIMD>, mix_mode = "mix", parallel_mode = "simd"} : () -> ()
}) {dlti.target_system_spec = #dlti.target_system_spec<"NPU" : #hacc.target_device_spec<#dlti.dl_entry<"AI_CORE_COUNT", 28 : i32>, #dlti.dl_entry<"CUBE_CORE_COUNT", 28 : i32>, #dlti.dl_entry<"VECTOR_CORE_COUNT", 56 : i32>, #dlti.dl_entry<"UB_SIZE", 2031616 : i32>, #dlti.dl_entry<"L1_SIZE", 4194304 : i32>, #dlti.dl_entry<"L0A_SIZE", 524288 : i32>, #dlti.dl_entry<"L0B_SIZE", 524288 : i32>, #dlti.dl_entry<"L0C_SIZE", 2097152 : i32>, #dlti.dl_entry<"UB_ALIGN_SIZE", 256 : i32>, #dlti.dl_entry<"L1_ALIGN_SIZE", 256 : i32>, #dlti.dl_entry<"L0C_ALIGN_SIZE", 4096 : i32>, #dlti.dl_entry<"MINIMAL_D_CACHE_SIZE", 262144 : i32>, #dlti.dl_entry<"MAXIMUM_D_CACHE_SIZE", 983040 : i32>, #dlti.dl_entry<"ARCH", "dav-c310">>>, hacc.target = #hacc.target<"Ascend950PR_957b">, hivm.module_core_type = #hivm.module_core_type<MIX>} : () -> ()


loc("/data2/hw_lly/testfiles/welmv4_prefill_attention_candidate.py":611:0): error: Failed to run buildFinalHIVMPipelines pipeline

loc("/data2/hw_lly/testfiles/welmv4_prefill_attention_candidate.py":792:33): error: 'vector.transfer_write' op requires a permutation_map with result dims of the same rank as the vector type
loc("/data2/hw_lly/testfiles/welmv4_prefill_attention_candidate.py":778:23): error: operations cannot be fused
loc("/data2/hw_lly/testfiles/welmv4_prefill_attention_candidate.py":611:0): error: Failed to run buildFinalHIVMPipelines pipeline

loc("/data2/hw_lly/testfiles/welmv4_prefill_attention_candidate.py":792:33): error: 'vector.transfer_write' op requires a permutation_map with result dims of the same rank as the vector type
loc("/data2/hw_lly/testfiles/welmv4_prefill_attention_candidate.py":778:23): error: operations cannot be fused
loc("/data2/hw_lly/testfiles/welmv4_prefill_attention_candidate.py":611:0): error: Failed to run buildFinalHIVMPipelines pipeline

loc("/data2/hw_lly/testfiles/welmv4_prefill_attention_candidate.py":792:33): error: 'vector.transfer_write' op requires a permutation_map with result dims of the same rank as the vector type
loc("/data2/hw_lly/testfiles/welmv4_prefill_attention_candidate.py":778:23): error: operations cannot be fused
loc("/data2/hw_lly/testfiles/welmv4_prefill_attention_candidate.py":611:0): error: Failed to run buildFinalHIVMPipelines pipeline

loc("/data2/hw_lly/testfiles/welmv4_prefill_attention_candidate.py":792:33): error: 'vector.transfer_write' op requires a permutation_map with result dims of the same rank as the vector type
loc("/data2/hw_lly/testfiles/welmv4_prefill_attention_candidate.py":778:23): error: operations cannot be fused
loc("/data2/hw_lly/testfiles/welmv4_prefill_attention_candidate.py":611:0): error: Failed to run buildFinalHIVMPipelines pipeline

loc("/data2/hw_lly/testfiles/welmv4_prefill_attention_candidate.py":792:33): error: 'vector.transfer_write' op requires a permutation_map with result dims of the same rank as the vector type
loc("/data2/hw_lly/testfiles/welmv4_prefill_attention_candidate.py":778:23): error: operations cannot be fused
[ERROR] Failed to run BiShengIR pipeline
[ERROR] Executing: /usr/local/python3.11.10/lib/python3.11/site-packages/triton/backends/ascend/bishengir/bin/bishengir-compile-a5 /tmp/tmprjm6mpnb/kernel.ttadapter.mlir --target=Ascend950PR_957b --enable-auto-multi-buffer=True --enable-auto-bind-sub-block=True --disable-ffts --set-workspace-multibuffer=0 --limit-auto-multi-buffer-of-local-buffer=no-limit --enable-mixed-cv=True --disable-auto-inject-block-sync=True --enable-auto-blockify-loop --enable-hfusion-compile=true --enable-triton-kernel-compile=true --append-bisheng-options=-cce-link-aicore-ll-module /usr/local/python3.11.10/lib/python3.11/site-packages/triton/backends/ascend/lib/libdevice.10.bc --mlir-print-ir-after-failure --mlir-print-stacktrace-on-diagnostic -o /tmp/tmprjm6mpnb/kernel --enable-vf-merge-level=1


[INFO]: The compiled kernel cache is in /root/.triton/cache/Cl8MZvrEE5YQ6nUBgl8BJAfVVXQsvlx7FQ-t2RORa6A

///------------------[ERROR][Triton][END]------------------

[ERROR] 2026-08-29-16:06:34 (PID:919327, Device:5, RankID:-1) ERR99999 UNKNOWN applicaiton exception
