attention,baseline_cosine_similarity,baseline_host_prepare_submit_ms,baseline_max_abs_error,baseline_max_rel_error,baseline_mean_abs_error,baseline_nonfinite_count,baseline_sha256,baseline_vs_reference,benchmark_base,block_table_stride,block_table_width,cache_layout,candidate_cosine_similarity,candidate_host_prepare_submit_ms,candidate_max_abs_error,candidate_max_rel_error,candidate_mean_abs_error,candidate_nonfinite_count,candidate_sha256,candidate_vs_baseline,candidate_vs_reference,cann_version,capture_kv_lens,capture_q_lens,case,causal,device,device_index,device_name,draft_width,dtype,gqa_interleave,head_dim,kv_cache_stride,kv_length,length_pattern,m,min_runtime_kv_length,num_cube_cores,num_kv_heads,num_q_heads,num_vector_cores,page_size,pair_cosine_similarity,pair_max_abs_error,pair_max_rel_error,pair_mean_abs_error,pair_nonfinite_count,physical_pages,python_version,q_buffer_rows,q_stride,real_batch_size,record_type,runtime_kv_lens,runtime_q_lens,scheduled_batch_size,schema_version,seed,sink_dtype,softmax_scale,status,swa_left_window,table_width_mode,topology,torch_npu_version,torch_version,tp_size,triton_version,workspace_commit
full,0.9999973177909851,5.621251882985234,0.00390625,8.287449836730957,0.00024920946452766657,0.0,c47f9bdcfb879eb73723521240a48a9bae99349d094a1fb82563535aabde82ec,True,b091d09e267569ce9e3df929901f3feaccc8ac45,"[1, 1]",1,native_NHD_then_page_head_token_dim_permute,0.9999973177909851,0.4404608625918627,0.00390625,8.287449836730957,0.00024920946452766657,0.0,f70ab89eb4b0f99a03654153298587b38f22209f20916ac1e97e0f6e1454d198,True,True,9.1.0,[63],[1],full_dense_m1_kv63_uniform_compact_tp4,True,npu:5,5,Ascend950PR_957b,,bfloat16,False,256,"[16384, 256, 256, 1]",63,uniform,1,63,28,1,6,56,64,0.9999999403953552,0.0,0.0,0.0,0.0,2,3.11.10,1,"[1536, 256, 1]",1,correctness,[63],[1],1,1,20260829,float32,0.09119556747428784,PASS,,compact,dense,2.10.0.post4.dev20260715,2.10.0+cpu,4,3.2.0,b091d09e267569ce9e3df929901f3feaccc8ac45
full,0.999997615814209,0.2455851063132286,0.00390625,1.5099999904632568,0.0002514440566301346,0.0,c47f9bdcfb879eb73723521240a48a9bae99349d094a1fb82563535aabde82ec,True,b091d09e267569ce9e3df929901f3feaccc8ac45,"[1, 1]",1,native_NHD_then_page_head_token_dim_permute,0.999997615814209,0.18624612130224705,0.00390625,1.5099999904632568,0.0002514440566301346,0.0,f70ab89eb4b0f99a03654153298587b38f22209f20916ac1e97e0f6e1454d198,True,True,9.1.0,[64],[1],full_dense_m1_kv64_uniform_compact_tp4,True,npu:5,5,Ascend950PR_957b,,bfloat16,False,256,"[16384, 256, 256, 1]",64,uniform,1,64,28,1,6,56,64,0.9999999403953552,0.0,0.0,0.0,0.0,2,3.11.10,1,"[1536, 256, 1]",1,correctness,[64],[1],1,1,20260829,float32,0.09119556747428784,PASS,,compact,dense,2.10.0.post4.dev20260715,2.10.0+cpu,4,3.2.0,b091d09e267569ce9e3df929901f3feaccc8ac45
full,0.9999980926513672,0.25077490136027336,0.0078125,0.6282051205635071,0.00025298510445281863,0.0,c47f9bdcfb879eb73723521240a48a9bae99349d094a1fb82563535aabde82ec,True,b091d09e267569ce9e3df929901f3feaccc8ac45,"[2, 1]",2,native_NHD_then_page_head_token_dim_permute,0.9999980926513672,0.2020259853452444,0.0078125,0.6282051205635071,0.00025298510445281863,0.0,f70ab89eb4b0f99a03654153298587b38f22209f20916ac1e97e0f6e1454d198,True,True,9.1.0,[65],[1],full_dense_m1_kv65_uniform_compact_tp4,True,npu:5,5,Ascend950PR_957b,,bfloat16,False,256,"[16384, 256, 256, 1]",65,uniform,1,65,28,1,6,56,64,1.0,0.0,0.0,0.0,0.0,3,3.11.10,1,"[1536, 256, 1]",1,correctness,[65],[1],1,1,20260829,float32,0.09119556747428784,PASS,,compact,dense,2.10.0.post4.dev20260715,2.10.0+cpu,4,3.2.0,b091d09e267569ce9e3df929901f3feaccc8ac45
swa,0.9999976754188538,0.0,0.001953125,6.098445415496826,0.00010370409290771931,0.0,c47f9bdcfb879eb73723521240a48a9bae99349d094a1fb82563535aabde82ec,True,b091d09e267569ce9e3df929901f3feaccc8ac45,"[8, 1]",8,native_NHD_then_page_head_token_dim_permute,0.9999976754188538,0.0,0.001953125,6.098445415496826,0.00010370409290771931,0.0,f70ab89eb4b0f99a03654153298587b38f22209f20916ac1e97e0f6e1454d198,True,True,9.1.0,[511],[1],swa_dense_m1_kv511_uniform_compact_tp4,True,npu:5,5,Ascend950PR_957b,,bfloat16,False,256,"[16384, 256, 256, 1]",511,uniform,1,511,28,1,6,56,64,1.0000001192092896,0.0,0.0,0.0,0.0,9,3.11.10,1,"[1536, 256, 1]",1,correctness,[511],[1],1,1,20260829,float32,0.09119556747428784,PASS,511,compact,dense,2.10.0.post4.dev20260715,2.10.0+cpu,4,3.2.0,b091d09e267569ce9e3df929901f3feaccc8ac45
swa,0.9999984502792358,0.0,0.001953125,2.6577539443969727,9.938797302311286e-05,0.0,c47f9bdcfb879eb73723521240a48a9bae99349d094a1fb82563535aabde82ec,True,b091d09e267569ce9e3df929901f3feaccc8ac45,"[8, 1]",8,native_NHD_then_page_head_token_dim_permute,0.9999984502792358,0.0,0.001953125,2.6577539443969727,9.938797302311286e-05,0.0,f70ab89eb4b0f99a03654153298587b38f22209f20916ac1e97e0f6e1454d198,True,True,9.1.0,[512],[1],swa_dense_m1_kv512_uniform_compact_tp4,True,npu:5,5,Ascend950PR_957b,,bfloat16,False,256,"[16384, 256, 256, 1]",512,uniform,1,512,28,1,6,56,64,0.9999999403953552,0.0,0.0,0.0,0.0,9,3.11.10,1,"[1536, 256, 1]",1,correctness,[512],[1],1,1,20260829,float32,0.09119556747428784,PASS,511,compact,dense,2.10.0.post4.dev20260715,2.10.0+cpu,4,3.2.0,b091d09e267569ce9e3df929901f3feaccc8ac45
swa,0.9999974966049194,0.0,0.001953125,6.333333492279053,0.00011008644651155919,0.0,c47f9bdcfb879eb73723521240a48a9bae99349d094a1fb82563535aabde82ec,True,b091d09e267569ce9e3df929901f3feaccc8ac45,"[9, 1]",9,native_NHD_then_page_head_token_dim_permute,0.9999974966049194,0.0,0.001953125,6.333333492279053,0.00011008644651155919,0.0,f70ab89eb4b0f99a03654153298587b38f22209f20916ac1e97e0f6e1454d198,True,True,9.1.0,[513],[1],swa_dense_m1_kv513_uniform_compact_tp4,True,npu:5,5,Ascend950PR_957b,,bfloat16,False,256,"[16384, 256, 256, 1]",513,uniform,1,513,28,1,6,56,64,0.9999998807907104,0.0,0.0,0.0,0.0,10,3.11.10,1,"[1536, 256, 1]",1,correctness,[513],[1],1,1,20260829,float32,0.09119556747428784,PASS,511,compact,dense,2.10.0.post4.dev20260715,2.10.0+cpu,4,3.2.0,b091d09e267569ce9e3df929901f3feaccc8ac45
swa,0.9999976754188538,0.0,0.001953125,4.047210216522217,0.00011235410056542605,0.0,c47f9bdcfb879eb73723521240a48a9bae99349d094a1fb82563535aabde82ec,True,b091d09e267569ce9e3df929901f3feaccc8ac45,"[9, 1]",9,native_NHD_then_page_head_token_dim_permute,0.9999976754188538,0.0,0.001953125,4.047210216522217,0.00011235410056542605,0.0,f70ab89eb4b0f99a03654153298587b38f22209f20916ac1e97e0f6e1454d198,True,True,9.1.0,[575],[1],swa_dense_m1_kv575_uniform_compact_tp4,True,npu:5,5,Ascend950PR_957b,,bfloat16,False,256,"[16384, 256, 256, 1]",575,uniform,1,575,28,1,6,56,64,0.9999998807907104,0.0,0.0,0.0,0.0,10,3.11.10,1,"[1536, 256, 1]",1,correctness,[575],[1],1,1,20260829,float32,0.09119556747428784,PASS,511,compact,dense,2.10.0.post4.dev20260715,2.10.0+cpu,4,3.2.0,b091d09e267569ce9e3df929901f3feaccc8ac45
swa,0.9999975562095642,0.0,0.001953125,0.42222222685813904,0.00011383013043086976,0.0,c47f9bdcfb879eb73723521240a48a9bae99349d094a1fb82563535aabde82ec,True,b091d09e267569ce9e3df929901f3feaccc8ac45,"[9, 1]",9,native_NHD_then_page_head_token_dim_permute,0.9999975562095642,0.0,0.001953125,0.42222222685813904,0.00011383013043086976,0.0,f70ab89eb4b0f99a03654153298587b38f22209f20916ac1e97e0f6e1454d198,True,True,9.1.0,[576],[1],swa_dense_m1_kv576_uniform_compact_tp4,True,npu:5,5,Ascend950PR_957b,,bfloat16,False,256,"[16384, 256, 256, 1]",576,uniform,1,576,28,1,6,56,64,0.9999999403953552,0.0,0.0,0.0,0.0,9,3.11.10,1,"[1536, 256, 1]",1,correctness,[576],[1],1,1,20260829,float32,0.09119556747428784,PASS,511,compact,dense,2.10.0.post4.dev20260715,2.10.0+cpu,4,3.2.0,b091d09e267569ce9e3df929901f3feaccc8ac45
swa,0.9999987483024597,0.0,0.00390625,2.151515245437622,9.32374969124794e-05,0.0,c47f9bdcfb879eb73723521240a48a9bae99349d094a1fb82563535aabde82ec,True,b091d09e267569ce9e3df929901f3feaccc8ac45,"[10, 1]",10,native_NHD_then_page_head_token_dim_permute,0.9999987483024597,0.0,0.00390625,2.151515245437622,9.32374969124794e-05,0.0,f70ab89eb4b0f99a03654153298587b38f22209f20916ac1e97e0f6e1454d198,True,True,9.1.0,[577],[1],swa_dense_m1_kv577_uniform_compact_tp4,True,npu:5,5,Ascend950PR_957b,,bfloat16,False,256,"[16384, 256, 256, 1]",577,uniform,1,577,28,1,6,56,64,1.0000001192092896,0.0,0.0,0.0,0.0,10,3.11.10,1,"[1536, 256, 1]",1,correctness,[577],[1],1,1,20260829,float32,0.09119556747428784,PASS,511,compact,dense,2.10.0.post4.dev20260715,2.10.0+cpu,4,3.2.0,b091d09e267569ce9e3df929901f3feaccc8ac45
full,0.9999974370002747,0.30649290420114994,0.001953125,135.1721649169922,4.8010744649218395e-05,0.0,c47f9bdcfb879eb73723521240a48a9bae99349d094a1fb82563535aabde82ec,True,b091d09e267569ce9e3df929901f3feaccc8ac45,"[64, 1]",64,native_NHD_then_page_head_token_dim_permute,0.9999974370002747,0.34769298508763313,0.001953125,135.1721649169922,4.8010744649218395e-05,0.0,f70ab89eb4b0f99a03654153298587b38f22209f20916ac1e97e0f6e1454d198,True,True,9.1.0,"[4079, 4042, 4005, 3968, 3931, 3894, 3857]","[18, 19, 18, 18, 19, 18, 19]",full_ragged_prefill_b7_m129_kv4096_ragged_compact_tp4,True,npu:5,5,Ascend950PR_957b,,bfloat16,False,256,"[16384, 256, 256, 1]",4096,ragged,129,3857,28,1,6,56,64,1.0,0.0,0.0,0.0,0.0,438,3.11.10,129,"[1536, 256, 1]",7,correctness,"[4079, 4042, 4005, 3968, 3931, 3894, 3857]","[18, 19, 18, 18, 19, 18, 19]",7,1,20260829,float32,0.09119556747428784,PASS,,compact,ragged_prefill,2.10.0.post4.dev20260715,2.10.0+cpu,4,3.2.0,b091d09e267569ce9e3df929901f3feaccc8ac45
full,0.9999974966049194,0.5328890401870012,0.001953125,85.81206512451172,3.545907384250313e-05,0.0,c47f9bdcfb879eb73723521240a48a9bae99349d094a1fb82563535aabde82ec,True,b091d09e267569ce9e3df929901f3feaccc8ac45,"[128, 1]",128,native_NHD_then_page_head_token_dim_permute,0.9999974966049194,1.4699290040880442,0.001953125,85.81206512451172,3.545907384250313e-05,0.0,f70ab89eb4b0f99a03654153298587b38f22209f20916ac1e97e0f6e1454d198,True,True,9.1.0,"[8175, 8138, 8101, 8064, 8027, 7990, 7953, 8173, 8136, 8099, 8062, 8025, 7988, 7951, 8171, 8134, 8097, 8060, 8023, 7986, 7949, 8169, 8132, 8095, 8058, 8021, 7984, 7947, 8167, 8130, 8093, 8056]","[16, 17, 16, 16, 16, 16, 16, 16, 16, 16, 16, 16, 16, 16, 16, 16, 16, 16, 16, 16, 16, 16, 16, 16, 16, 16, 16, 16, 16, 16, 16, 16]",full_ragged_prefill_b32_m513_kv8192_ragged_compact_tp4,True,npu:5,5,Ascend950PR_957b,,bfloat16,False,256,"[16384, 256, 256, 1]",8192,ragged,513,7947,28,1,6,56,64,1.0,0.0,0.0,0.0,0.0,4050,3.11.10,513,"[1536, 256, 1]",32,correctness,"[8175, 8138, 8101, 8064, 8027, 7990, 7953, 8173, 8136, 8099, 8062, 8025, 7988, 7951, 8171, 8134, 8097, 8060, 8023, 7986, 7949, 8169, 8132, 8095, 8058, 8021, 7984, 7947, 8167, 8130, 8093, 8056]","[16, 17, 16, 16, 16, 16, 16, 16, 16, 16, 16, 16, 16, 16, 16, 16, 16, 16, 16, 16, 16, 16, 16, 16, 16, 16, 16, 16, 16, 16, 16, 16]",32,1,20260829,float32,0.09119556747428784,PASS,,compact,ragged_prefill,2.10.0.post4.dev20260715,2.10.0+cpu,4,3.2.0,b091d09e267569ce9e3df929901f3feaccc8ac45
full,0.9999974370002747,0.75388397090137,0.001953125,150.30242919921875,4.828747478313744e-05,0.0,c47f9bdcfb879eb73723521240a48a9bae99349d094a1fb82563535aabde82ec,True,b091d09e267569ce9e3df929901f3feaccc8ac45,"[64, 1]",64,native_NHD_then_page_head_token_dim_permute,0.9999974370002747,1.3035328593105078,0.001953125,150.30242919921875,4.828747478313744e-05,0.0,f70ab89eb4b0f99a03654153298587b38f22209f20916ac1e97e0f6e1454d198,True,True,9.1.0,"[4079, 4042, 4005, 3968, 3931, 3894, 3857, 4077, 4040, 4003, 3966, 3929, 3892, 3855, 4075, 4038, 4001, 3964, 3927, 3890, 3853, 4073, 4036, 3999, 3962, 3925, 3888, 3851, 4071, 4034, 3997, 3960, 3923, 3886, 3849, 4069, 4032, 3995, 3958, 3921, 3884, 3847, 4067, 4030, 3993, 3956, 3919, 3882, 3845, 4065, 4028, 3991, 3954, 3917, 3880, 3843]","[19, 19, 18, 18, 18, 19, 19, 18, 18, 18, 19, 19, 18, 18, 18, 19, 19, 18, 18, 18, 19, 19, 18, 18, 18, 18, 19, 18, 18, 18, 18, 19, 18, 18, 18, 18, 19, 18, 18, 18, 18, 19, 18, 18, 18, 18, 19, 18, 18, 18, 18, 19, 18, 18, 18, 18]",full_ragged_prefill_b56_m1024_kv4096_ragged_compact_tp4,True,npu:5,5,Ascend950PR_957b,,bfloat16,False,256,"[16384, 256, 256, 1]",4096,ragged,1024,3843,28,1,6,56,64,0.9999999403953552,0.0,0.0,0.0,0.0,3494,3.11.10,1024,"[1536, 256, 1]",56,correctness,"[4079, 4042, 4005, 3968, 3931, 3894, 3857, 4077, 4040, 4003, 3966, 3929, 3892, 3855, 4075, 4038, 4001, 3964, 3927, 3890, 3853, 4073, 4036, 3999, 3962, 3925, 3888, 3851, 4071, 4034, 3997, 3960, 3923, 3886, 3849, 4069, 4032, 3995, 3958, 3921, 3884, 3847, 4067, 4030, 3993, 3956, 3919, 3882, 3845, 4065, 4028, 3991, 3954, 3917, 3880, 3843]","[19, 19, 18, 18, 18, 19, 19, 18, 18, 18, 19, 19, 18, 18, 18, 19, 19, 18, 18, 18, 19, 19, 18, 18, 18, 18, 19, 18, 18, 18, 18, 19, 18, 18, 18, 18, 19, 18, 18, 18, 18, 19, 18, 18, 18, 18, 19, 18, 18, 18, 18, 19, 18, 18, 18, 18]",56,1,20260829,float32,0.09119556747428784,PASS,,compact,ragged_prefill,2.10.0.post4.dev20260715,2.10.0+cpu,4,3.2.0,b091d09e267569ce9e3df929901f3feaccc8ac45
swa,0.9999977946281433,0.0,0.00390625,45.98113250732422,0.00011049532622564584,0.0,c47f9bdcfb879eb73723521240a48a9bae99349d094a1fb82563535aabde82ec,True,b091d09e267569ce9e3df929901f3feaccc8ac45,"[64, 1]",64,native_NHD_then_page_head_token_dim_permute,0.9999977946281433,0.0,0.00390625,45.98113250732422,0.00011049532622564584,0.0,f70ab89eb4b0f99a03654153298587b38f22209f20916ac1e97e0f6e1454d198,True,True,9.1.0,"[4079, 4042, 4005, 3968, 3931, 3894, 3857]","[18, 19, 18, 18, 19, 18, 19]",swa_ragged_prefill_b7_m129_kv4096_ragged_compact_tp4,True,npu:5,5,Ascend950PR_957b,,bfloat16,False,256,"[16384, 256, 256, 1]",4096,ragged,129,3857,28,1,6,56,64,0.9999999403953552,0.0,0.0,0.0,0.0,66,3.11.10,129,"[1536, 256, 1]",7,correctness,"[4079, 4042, 4005, 3968, 3931, 3894, 3857]","[18, 19, 18, 18, 19, 18, 19]",7,1,20260829,float32,0.09119556747428784,PASS,511,compact,ragged_prefill,2.10.0.post4.dev20260715,2.10.0+cpu,4,3.2.0,b091d09e267569ce9e3df929901f3feaccc8ac45
swa,0.9999979138374329,0.0,0.00390625,264.7135314941406,0.00011090237967437133,0.0,c47f9bdcfb879eb73723521240a48a9bae99349d094a1fb82563535aabde82ec,True,b091d09e267569ce9e3df929901f3feaccc8ac45,"[128, 1]",128,native_NHD_then_page_head_token_dim_permute,0.9999979138374329,0.0,0.00390625,264.7135314941406,0.00011090237967437133,0.0,f70ab89eb4b0f99a03654153298587b38f22209f20916ac1e97e0f6e1454d198,True,True,9.1.0,"[8175, 8138, 8101, 8064, 8027, 7990, 7953, 8173, 8136, 8099, 8062, 8025, 7988, 7951, 8171, 8134, 8097, 8060, 8023, 7986, 7949, 8169, 8132, 8095, 8058, 8021, 7984, 7947, 8167, 8130, 8093, 8056]","[16, 17, 16, 16, 16, 16, 16, 16, 16, 16, 16, 16, 16, 16, 16, 16, 16, 16, 16, 16, 16, 16, 16, 16, 16, 16, 16, 16, 16, 16, 16, 16]",swa_ragged_prefill_b32_m513_kv8192_ragged_compact_tp4,True,npu:5,5,Ascend950PR_957b,,bfloat16,False,256,"[16384, 256, 256, 1]",8192,ragged,513,7947,28,1,6,56,64,1.0,0.0,0.0,0.0,0.0,296,3.11.10,513,"[1536, 256, 1]",32,correctness,"[8175, 8138, 8101, 8064, 8027, 7990, 7953, 8173, 8136, 8099, 8062, 8025, 7988, 7951, 8171, 8134, 8097, 8060, 8023, 7986, 7949, 8169, 8132, 8095, 8058, 8021, 7984, 7947, 8167, 8130, 8093, 8056]","[16, 17, 16, 16, 16, 16, 16, 16, 16, 16, 16, 16, 16, 16, 16, 16, 16, 16, 16, 16, 16, 16, 16, 16, 16, 16, 16, 16, 16, 16, 16, 16]",32,1,20260829,float32,0.09119556747428784,PASS,511,compact,ragged_prefill,2.10.0.post4.dev20260715,2.10.0+cpu,4,3.2.0,b091d09e267569ce9e3df929901f3feaccc8ac45
swa,0.9999978542327881,0.0,0.0078125,334.62579345703125,0.00011045255814678967,0.0,c47f9bdcfb879eb73723521240a48a9bae99349d094a1fb82563535aabde82ec,True,b091d09e267569ce9e3df929901f3feaccc8ac45,"[64, 1]",64,native_NHD_then_page_head_token_dim_permute,0.9999978542327881,0.0,0.0078125,334.62579345703125,0.00011045255814678967,0.0,f70ab89eb4b0f99a03654153298587b38f22209f20916ac1e97e0f6e1454d198,True,True,9.1.0,"[4079, 4042, 4005, 3968, 3931, 3894, 3857, 4077, 4040, 4003, 3966, 3929, 3892, 3855, 4075, 4038, 4001, 3964, 3927, 3890, 3853, 4073, 4036, 3999, 3962, 3925, 3888, 3851, 4071, 4034, 3997, 3960, 3923, 3886, 3849, 4069, 4032, 3995, 3958, 3921, 3884, 3847, 4067, 4030, 3993, 3956, 3919, 3882, 3845, 4065, 4028, 3991, 3954, 3917, 3880, 3843]","[19, 19, 18, 18, 18, 19, 19, 18, 18, 18, 19, 19, 18, 18, 18, 19, 19, 18, 18, 18, 19, 19, 18, 18, 18, 18, 19, 18, 18, 18, 18, 19, 18, 18, 18, 18, 19, 18, 18, 18, 18, 19, 18, 18, 18, 18, 19, 18, 18, 18, 18, 19, 18, 18, 18, 18]",swa_ragged_prefill_b56_m1024_kv4096_ragged_compact_tp4,True,npu:5,5,Ascend950PR_957b,,bfloat16,False,256,"[16384, 256, 256, 1]",4096,ragged,1024,3843,28,1,6,56,64,1.0,0.0,0.0,0.0,0.0,520,3.11.10,1024,"[1536, 256, 1]",56,correctness,"[4079, 4042, 4005, 3968, 3931, 3894, 3857, 4077, 4040, 4003, 3966, 3929, 3892, 3855, 4075, 4038, 4001, 3964, 3927, 3890, 3853, 4073, 4036, 3999, 3962, 3925, 3888, 3851, 4071, 4034, 3997, 3960, 3923, 3886, 3849, 4069, 4032, 3995, 3958, 3921, 3884, 3847, 4067, 4030, 3993, 3956, 3919, 3882, 3845, 4065, 4028, 3991, 3954, 3917, 3880, 3843]","[19, 19, 18, 18, 18, 19, 19, 18, 18, 18, 19, 19, 18, 18, 18, 19, 19, 18, 18, 18, 19, 19, 18, 18, 18, 18, 19, 18, 18, 18, 18, 19, 18, 18, 18, 18, 19, 18, 18, 18, 18, 19, 18, 18, 18, 18, 19, 18, 18, 18, 18, 19, 18, 18, 18, 18]",56,1,20260829,float32,0.09119556747428784,PASS,511,compact,ragged_prefill,2.10.0.post4.dev20260715,2.10.0+cpu,4,3.2.0,b091d09e267569ce9e3df929901f3feaccc8ac45
full,0.999997079372406,0.2261749468743801,0.0009765625,2.3333332538604736,5.393816900323145e-05,0.0,c47f9bdcfb879eb73723521240a48a9bae99349d094a1fb82563535aabde82ec,True,b091d09e267569ce9e3df929901f3feaccc8ac45,"[64, 1]",64,native_NHD_then_page_head_token_dim_permute,0.999997079372406,0.23624603636562824,0.0009765625,2.3333332538604736,5.393816900323145e-05,0.0,f70ab89eb4b0f99a03654153298587b38f22209f20916ac1e97e0f6e1454d198,True,True,9.1.0,[4096],[1],full_dense_m1_kv4096_uniform_compact_tp4,True,npu:5,5,Ascend950PR_957b,,bfloat16,False,256,"[16384, 256, 256, 1]",4096,uniform,1,4096,28,1,6,56,64,1.0,0.0,0.0,0.0,0.0,65,3.11.10,1,"[1536, 256, 1]",1,correctness,[4096],[1],1,1,20260829,float32,0.09119556747428784,PASS,,compact,dense,2.10.0.post4.dev20260715,2.10.0+cpu,4,3.2.0,b091d09e267569ce9e3df929901f3feaccc8ac45
full,0.9999969005584717,0.2515348605811596,0.0009765625,4.540669918060303,5.208838774706237e-05,0.0,c47f9bdcfb879eb73723521240a48a9bae99349d094a1fb82563535aabde82ec,True,b091d09e267569ce9e3df929901f3feaccc8ac45,"[64, 1]",64,native_NHD_then_page_head_token_dim_permute,0.9999969005584717,0.225176103413105,0.0009765625,4.540669918060303,5.208838774706237e-05,0.0,f70ab89eb4b0f99a03654153298587b38f22209f20916ac1e97e0f6e1454d198,True,True,9.1.0,[4096],[2],full_dense_m2_kv4096_uniform_compact_tp4,True,npu:5,5,Ascend950PR_957b,,bfloat16,False,256,"[16384, 256, 256, 1]",4096,uniform,2,4096,28,1,6,56,64,0.9999999403953552,0.0,0.0,0.0,0.0,65,3.11.10,2,"[1536, 256, 1]",1,correctness,[4096],[2],1,1,20260829,float32,0.09119556747428784,PASS,,compact,dense,2.10.0.post4.dev20260715,2.10.0+cpu,4,3.2.0,b091d09e267569ce9e3df929901f3feaccc8ac45
full,0.9999976754188538,0.24394504725933075,0.001953125,67.78165435791016,4.796831126441248e-05,0.0,c47f9bdcfb879eb73723521240a48a9bae99349d094a1fb82563535aabde82ec,True,b091d09e267569ce9e3df929901f3feaccc8ac45,"[64, 1]",64,native_NHD_then_page_head_token_dim_permute,0.9999976754188538,0.2385750412940979,0.001953125,67.78165435791016,4.796831126441248e-05,0.0,f70ab89eb4b0f99a03654153298587b38f22209f20916ac1e97e0f6e1454d198,True,True,9.1.0,[4096],[3],full_dense_m3_kv4096_uniform_compact_tp4,True,npu:5,5,Ascend950PR_957b,,bfloat16,False,256,"[16384, 256, 256, 1]",4096,uniform,3,4096,28,1,6,56,64,1.0,0.0,0.0,0.0,0.0,65,3.11.10,3,"[1536, 256, 1]",1,correctness,[4096],[3],1,1,20260829,float32,0.09119556747428784,PASS,,compact,dense,2.10.0.post4.dev20260715,2.10.0+cpu,4,3.2.0,b091d09e267569ce9e3df929901f3feaccc8ac45
full,0.9999974966049194,0.27957395650446415,0.0009765625,3.076555013656616,4.7484878450632095e-05,0.0,c47f9bdcfb879eb73723521240a48a9bae99349d094a1fb82563535aabde82ec,True,b091d09e267569ce9e3df929901f3feaccc8ac45,"[64, 1]",64,native_NHD_then_page_head_token_dim_permute,0.9999974966049194,0.23402506485581398,0.0009765625,3.076555013656616,4.7484878450632095e-05,0.0,f70ab89eb4b0f99a03654153298587b38f22209f20916ac1e97e0f6e1454d198,True,True,9.1.0,[4096],[7],full_dense_m7_kv4096_uniform_compact_tp4,True,npu:5,5,Ascend950PR_957b,,bfloat16,False,256,"[16384, 256, 256, 1]",4096,uniform,7,4096,28,1,6,56,64,1.0000001192092896,0.0,0.0,0.0,0.0,65,3.11.10,7,"[1536, 256, 1]",1,correctness,[4096],[7],1,1,20260829,float32,0.09119556747428784,PASS,,compact,dense,2.10.0.post4.dev20260715,2.10.0+cpu,4,3.2.0,b091d09e267569ce9e3df929901f3feaccc8ac45
full,0.999997615814209,0.26193493977189064,0.0009765625,25.66666603088379,4.610943142324686e-05,0.0,c47f9bdcfb879eb73723521240a48a9bae99349d094a1fb82563535aabde82ec,True,b091d09e267569ce9e3df929901f3feaccc8ac45,"[64, 1]",64,native_NHD_then_page_head_token_dim_permute,0.999997615814209,0.22053509019315243,0.0009765625,25.66666603088379,4.610943142324686e-05,0.0,f70ab89eb4b0f99a03654153298587b38f22209f20916ac1e97e0f6e1454d198,True,True,9.1.0,[4096],[8],full_dense_m8_kv4096_uniform_compact_tp4,True,npu:5,5,Ascend950PR_957b,,bfloat16,False,256,"[16384, 256, 256, 1]",4096,uniform,8,4096,28,1,6,56,64,1.0,0.0,0.0,0.0,0.0,65,3.11.10,8,"[1536, 256, 1]",1,correctness,[4096],[8],1,1,20260829,float32,0.09119556747428784,PASS,,compact,dense,2.10.0.post4.dev20260715,2.10.0+cpu,4,3.2.0,b091d09e267569ce9e3df929901f3feaccc8ac45
full,0.9999974966049194,0.26522413827478886,0.0009765625,11.325358390808105,4.889132105745375e-05,0.0,c47f9bdcfb879eb73723521240a48a9bae99349d094a1fb82563535aabde82ec,True,b091d09e267569ce9e3df929901f3feaccc8ac45,"[64, 1]",64,native_NHD_then_page_head_token_dim_permute,0.9999974966049194,0.23613497614860535,0.0009765625,11.325358390808105,4.889132105745375e-05,0.0,f70ab89eb4b0f99a03654153298587b38f22209f20916ac1e97e0f6e1454d198,True,True,9.1.0,[4096],[15],full_dense_m15_kv4096_uniform_compact_tp4,True,npu:5,5,Ascend950PR_957b,,bfloat16,False,256,"[16384, 256, 256, 1]",4096,uniform,15,4096,28,1,6,56,64,0.9999999403953552,0.0,0.0,0.0,0.0,65,3.11.10,15,"[1536, 256, 1]",1,correctness,[4096],[15],1,1,20260829,float32,0.09119556747428784,PASS,,compact,dense,2.10.0.post4.dev20260715,2.10.0+cpu,4,3.2.0,b091d09e267569ce9e3df929901f3feaccc8ac45
full,0.9999974966049194,0.2723541110754013,0.0009765625,23.0,4.7835193981882185e-05,0.0,c47f9bdcfb879eb73723521240a48a9bae99349d094a1fb82563535aabde82ec,True,b091d09e267569ce9e3df929901f3feaccc8ac45,"[64, 1]",64,native_NHD_then_page_head_token_dim_permute,0.9999974966049194,0.21812506020069122,0.0009765625,23.0,4.7835193981882185e-05,0.0,f70ab89eb4b0f99a03654153298587b38f22209f20916ac1e97e0f6e1454d198,True,True,9.1.0,[4096],[16],full_dense_m16_kv4096_uniform_compact_tp4,True,npu:5,5,Ascend950PR_957b,,bfloat16,False,256,"[16384, 256, 256, 1]",4096,uniform,16,4096,28,1,6,56,64,1.0,0.0,0.0,0.0,0.0,65,3.11.10,16,"[1536, 256, 1]",1,correctness,[4096],[16],1,1,20260829,float32,0.09119556747428784,PASS,,compact,dense,2.10.0.post4.dev20260715,2.10.0+cpu,4,3.2.0,b091d09e267569ce9e3df929901f3feaccc8ac45
full,0.9999974966049194,0.2684840001165867,0.0009765625,44.010990142822266,4.8539637646172196e-05,0.0,c47f9bdcfb879eb73723521240a48a9bae99349d094a1fb82563535aabde82ec,True,b091d09e267569ce9e3df929901f3feaccc8ac45,"[64, 1]",64,native_NHD_then_page_head_token_dim_permute,0.9999974966049194,0.23897504433989525,0.0009765625,44.010990142822266,4.8539637646172196e-05,0.0,f70ab89eb4b0f99a03654153298587b38f22209f20916ac1e97e0f6e1454d198,True,True,9.1.0,[4096],[31],full_dense_m31_kv4096_uniform_compact_tp4,True,npu:5,5,Ascend950PR_957b,,bfloat16,False,256,"[16384, 256, 256, 1]",4096,uniform,31,4096,28,1,6,56,64,1.0,0.0,0.0,0.0,0.0,65,3.11.10,31,"[1536, 256, 1]",1,correctness,[4096],[31],1,1,20260829,float32,0.09119556747428784,PASS,,compact,dense,2.10.0.post4.dev20260715,2.10.0+cpu,4,3.2.0,b091d09e267569ce9e3df929901f3feaccc8ac45
full,0.9999973773956299,0.27707405388355255,0.0009765625,37.08450698852539,4.6868673962308094e-05,0.0,c47f9bdcfb879eb73723521240a48a9bae99349d094a1fb82563535aabde82ec,True,b091d09e267569ce9e3df929901f3feaccc8ac45,"[64, 1]",64,native_NHD_then_page_head_token_dim_permute,0.9999973773956299,0.2277649473398924,0.0009765625,37.08450698852539,4.6868673962308094e-05,0.0,f70ab89eb4b0f99a03654153298587b38f22209f20916ac1e97e0f6e1454d198,True,True,9.1.0,[4096],[32],full_dense_m32_kv4096_uniform_compact_tp4,True,npu:5,5,Ascend950PR_957b,,bfloat16,False,256,"[16384, 256, 256, 1]",4096,uniform,32,4096,28,1,6,56,64,1.0,0.0,0.0,0.0,0.0,65,3.11.10,32,"[1536, 256, 1]",1,correctness,[4096],[32],1,1,20260829,float32,0.09119556747428784,PASS,,compact,dense,2.10.0.post4.dev20260715,2.10.0+cpu,4,3.2.0,b091d09e267569ce9e3df929901f3feaccc8ac45
full,0.9999974966049194,0.22589601576328278,0.0009765625,20.68674659729004,4.7133849875535816e-05,0.0,c47f9bdcfb879eb73723521240a48a9bae99349d094a1fb82563535aabde82ec,True,b091d09e267569ce9e3df929901f3feaccc8ac45,"[64, 1]",64,native_NHD_then_page_head_token_dim_permute,0.9999974966049194,0.234255101531744,0.0009765625,20.68674659729004,4.7133849875535816e-05,0.0,f70ab89eb4b0f99a03654153298587b38f22209f20916ac1e97e0f6e1454d198,True,True,9.1.0,[4096],[63],full_dense_m63_kv4096_uniform_compact_tp4,True,npu:5,5,Ascend950PR_957b,,bfloat16,False,256,"[16384, 256, 256, 1]",4096,uniform,63,4096,28,1,6,56,64,1.0000001192092896,0.0,0.0,0.0,0.0,65,3.11.10,63,"[1536, 256, 1]",1,correctness,[4096],[63],1,1,20260829,float32,0.09119556747428784,PASS,,compact,dense,2.10.0.post4.dev20260715,2.10.0+cpu,4,3.2.0,b091d09e267569ce9e3df929901f3feaccc8ac45
full,0.9999974966049194,0.2068360336124897,0.001953125,95.38605499267578,4.81888055219315e-05,0.0,c47f9bdcfb879eb73723521240a48a9bae99349d094a1fb82563535aabde82ec,True,b091d09e267569ce9e3df929901f3feaccc8ac45,"[64, 1]",64,native_NHD_then_page_head_token_dim_permute,0.9999974966049194,0.23282505571842194,0.001953125,95.38605499267578,4.81888055219315e-05,0.0,f70ab89eb4b0f99a03654153298587b38f22209f20916ac1e97e0f6e1454d198,True,True,9.1.0,[4096],[64],full_dense_m64_kv4096_uniform_compact_tp4,True,npu:5,5,Ascend950PR_957b,,bfloat16,False,256,"[16384, 256, 256, 1]",4096,uniform,64,4096,28,1,6,56,64,1.0,0.0,0.0,0.0,0.0,65,3.11.10,64,"[1536, 256, 1]",1,correctness,[4096],[64],1,1,20260829,float32,0.09119556747428784,PASS,,compact,dense,2.10.0.post4.dev20260715,2.10.0+cpu,4,3.2.0,b091d09e267569ce9e3df929901f3feaccc8ac45
full,0.9999973773956299,0.21599605679512024,0.0009765625,54.48237228393555,4.816549699171446e-05,0.0,c47f9bdcfb879eb73723521240a48a9bae99349d094a1fb82563535aabde82ec,True,b091d09e267569ce9e3df929901f3feaccc8ac45,"[64, 1]",64,native_NHD_then_page_head_token_dim_permute,0.9999973773956299,0.21984498016536236,0.0009765625,54.48237228393555,4.816549699171446e-05,0.0,f70ab89eb4b0f99a03654153298587b38f22209f20916ac1e97e0f6e1454d198,True,True,9.1.0,[4096],[65],full_dense_m65_kv4096_uniform_compact_tp4,True,npu:5,5,Ascend950PR_957b,,bfloat16,False,256,"[16384, 256, 256, 1]",4096,uniform,65,4096,28,1,6,56,64,0.9999999403953552,0.0,0.0,0.0,0.0,65,3.11.10,65,"[1536, 256, 1]",1,correctness,[4096],[65],1,1,20260829,float32,0.09119556747428784,PASS,,compact,dense,2.10.0.post4.dev20260715,2.10.0+cpu,4,3.2.0,b091d09e267569ce9e3df929901f3feaccc8ac45
full,0.9999974966049194,0.2188151702284813,0.0009765625,179.88868713378906,4.797289875568822e-05,0.0,c47f9bdcfb879eb73723521240a48a9bae99349d094a1fb82563535aabde82ec,True,b091d09e267569ce9e3df929901f3feaccc8ac45,"[64, 1]",64,native_NHD_then_page_head_token_dim_permute,0.9999974966049194,0.2325158566236496,0.0009765625,179.88868713378906,4.797289875568822e-05,0.0,f70ab89eb4b0f99a03654153298587b38f22209f20916ac1e97e0f6e1454d198,True,True,9.1.0,[4096],[127],full_dense_m127_kv4096_uniform_compact_tp4,True,npu:5,5,Ascend950PR_957b,,bfloat16,False,256,"[16384, 256, 256, 1]",4096,uniform,127,4096,28,1,6,56,64,1.0,0.0,0.0,0.0,0.0,65,3.11.10,127,"[1536, 256, 1]",1,correctness,[4096],[127],1,1,20260829,float32,0.09119556747428784,PASS,,compact,dense,2.10.0.post4.dev20260715,2.10.0+cpu,4,3.2.0,b091d09e267569ce9e3df929901f3feaccc8ac45
full,0.9999974370002747,0.21782494150102139,0.0009765625,99.46154022216797,4.8426718421978876e-05,0.0,c47f9bdcfb879eb73723521240a48a9bae99349d094a1fb82563535aabde82ec,True,b091d09e267569ce9e3df929901f3feaccc8ac45,"[64, 1]",64,native_NHD_then_page_head_token_dim_permute,0.9999974370002747,0.23502507247030735,0.0009765625,99.46154022216797,4.8426718421978876e-05,0.0,f70ab89eb4b0f99a03654153298587b38f22209f20916ac1e97e0f6e1454d198,True,True,9.1.0,[4096],[128],full_dense_m128_kv4096_uniform_compact_tp4,True,npu:5,5,Ascend950PR_957b,,bfloat16,False,256,"[16384, 256, 256, 1]",4096,uniform,128,4096,28,1,6,56,64,0.9999999403953552,0.0,0.0,0.0,0.0,65,3.11.10,128,"[1536, 256, 1]",1,correctness,[4096],[128],1,1,20260829,float32,0.09119556747428784,PASS,,compact,dense,2.10.0.post4.dev20260715,2.10.0+cpu,4,3.2.0,b091d09e267569ce9e3df929901f3feaccc8ac45
full,0.9999975562095642,0.22314488887786865,0.001953125,95.88888549804688,4.789744343725033e-05,0.0,c47f9bdcfb879eb73723521240a48a9bae99349d094a1fb82563535aabde82ec,True,b091d09e267569ce9e3df929901f3feaccc8ac45,"[64, 1]",64,native_NHD_then_page_head_token_dim_permute,0.9999975562095642,0.21842587739229202,0.001953125,95.88888549804688,4.789744343725033e-05,0.0,f70ab89eb4b0f99a03654153298587b38f22209f20916ac1e97e0f6e1454d198,True,True,9.1.0,[4096],[129],full_dense_m129_kv4096_uniform_compact_tp4,True,npu:5,5,Ascend950PR_957b,,bfloat16,False,256,"[16384, 256, 256, 1]",4096,uniform,129,4096,28,1,6,56,64,1.0,0.0,0.0,0.0,0.0,65,3.11.10,129,"[1536, 256, 1]",1,correctness,[4096],[129],1,1,20260829,float32,0.09119556747428784,PASS,,compact,dense,2.10.0.post4.dev20260715,2.10.0+cpu,4,3.2.0,b091d09e267569ce9e3df929901f3feaccc8ac45
full,0.9999974966049194,0.23902510292828083,0.0009765625,146.0425567626953,4.7534202167298645e-05,0.0,c47f9bdcfb879eb73723521240a48a9bae99349d094a1fb82563535aabde82ec,True,b091d09e267569ce9e3df929901f3feaccc8ac45,"[64, 1]",64,native_NHD_then_page_head_token_dim_permute,0.9999974966049194,0.22909510880708694,0.0009765625,146.0425567626953,4.7534202167298645e-05,0.0,f70ab89eb4b0f99a03654153298587b38f22209f20916ac1e97e0f6e1454d198,True,True,9.1.0,[4096],[191],full_dense_m191_kv4096_uniform_compact_tp4,True,npu:5,5,Ascend950PR_957b,,bfloat16,False,256,"[16384, 256, 256, 1]",4096,uniform,191,4096,28,1,6,56,64,0.9999998807907104,0.0,0.0,0.0,0.0,65,3.11.10,191,"[1536, 256, 1]",1,correctness,[4096],[191],1,1,20260829,float32,0.09119556747428784,PASS,,compact,dense,2.10.0.post4.dev20260715,2.10.0+cpu,4,3.2.0,b091d09e267569ce9e3df929901f3feaccc8ac45
full,0.9999974370002747,0.22969511337578297,0.0009765625,92.90873718261719,4.784996417583898e-05,0.0,c47f9bdcfb879eb73723521240a48a9bae99349d094a1fb82563535aabde82ec,True,b091d09e267569ce9e3df929901f3feaccc8ac45,"[64, 1]",64,native_NHD_then_page_head_token_dim_permute,0.9999974370002747,0.22991490550339222,0.0009765625,92.90873718261719,4.784996417583898e-05,0.0,f70ab89eb4b0f99a03654153298587b38f22209f20916ac1e97e0f6e1454d198,True,True,9.1.0,[4096],[192],full_dense_m192_kv4096_uniform_compact_tp4,True,npu:5,5,Ascend950PR_957b,,bfloat16,False,256,"[16384, 256, 256, 1]",4096,uniform,192,4096,28,1,6,56,64,1.0,0.0,0.0,0.0,0.0,65,3.11.10,192,"[1536, 256, 1]",1,correctness,[4096],[192],1,1,20260829,float32,0.09119556747428784,PASS,,compact,dense,2.10.0.post4.dev20260715,2.10.0+cpu,4,3.2.0,b091d09e267569ce9e3df929901f3feaccc8ac45
full,0.9999974370002747,0.22839498706161976,0.001953125,113.07746124267578,4.813790656044148e-05,0.0,c47f9bdcfb879eb73723521240a48a9bae99349d094a1fb82563535aabde82ec,True,b091d09e267569ce9e3df929901f3feaccc8ac45,"[64, 1]",64,native_NHD_then_page_head_token_dim_permute,0.9999974370002747,0.21802494302392006,0.001953125,113.07746124267578,4.813790656044148e-05,0.0,f70ab89eb4b0f99a03654153298587b38f22209f20916ac1e97e0f6e1454d198,True,True,9.1.0,[4096],[255],full_dense_m255_kv4096_uniform_compact_tp4,True,npu:5,5,Ascend950PR_957b,,bfloat16,False,256,"[16384, 256, 256, 1]",4096,uniform,255,4096,28,1,6,56,64,1.0,0.0,0.0,0.0,0.0,65,3.11.10,255,"[1536, 256, 1]",1,correctness,[4096],[255],1,1,20260829,float32,0.09119556747428784,PASS,,compact,dense,2.10.0.post4.dev20260715,2.10.0+cpu,4,3.2.0,b091d09e267569ce9e3df929901f3feaccc8ac45
full,0.9999974966049194,0.22013485431671143,0.001953125,89.62489318847656,4.8011395847424865e-05,0.0,c47f9bdcfb879eb73723521240a48a9bae99349d094a1fb82563535aabde82ec,True,b091d09e267569ce9e3df929901f3feaccc8ac45,"[64, 1]",64,native_NHD_then_page_head_token_dim_permute,0.9999974966049194,0.23901509121060371,0.001953125,89.62489318847656,4.8011395847424865e-05,0.0,f70ab89eb4b0f99a03654153298587b38f22209f20916ac1e97e0f6e1454d198,True,True,9.1.0,[4096],[256],full_dense_m256_kv4096_uniform_compact_tp4,True,npu:5,5,Ascend950PR_957b,,bfloat16,False,256,"[16384, 256, 256, 1]",4096,uniform,256,4096,28,1,6,56,64,1.0,0.0,0.0,0.0,0.0,65,3.11.10,256,"[1536, 256, 1]",1,correctness,[4096],[256],1,1,20260829,float32,0.09119556747428784,PASS,,compact,dense,2.10.0.post4.dev20260715,2.10.0+cpu,4,3.2.0,b091d09e267569ce9e3df929901f3feaccc8ac45
full,0.9999974966049194,0.23610517382621765,0.001953125,87.0567398071289,4.8538160626776516e-05,0.0,c47f9bdcfb879eb73723521240a48a9bae99349d094a1fb82563535aabde82ec,True,b091d09e267569ce9e3df929901f3feaccc8ac45,"[64, 1]",64,native_NHD_then_page_head_token_dim_permute,0.9999974966049194,0.21796580404043198,0.001953125,87.0567398071289,4.8538160626776516e-05,0.0,f70ab89eb4b0f99a03654153298587b38f22209f20916ac1e97e0f6e1454d198,True,True,9.1.0,[4096],[257],full_dense_m257_kv4096_uniform_compact_tp4,True,npu:5,5,Ascend950PR_957b,,bfloat16,False,256,"[16384, 256, 256, 1]",4096,uniform,257,4096,28,1,6,56,64,0.9999998807907104,0.0,0.0,0.0,0.0,65,3.11.10,257,"[1536, 256, 1]",1,correctness,[4096],[257],1,1,20260829,float32,0.09119556747428784,PASS,,compact,dense,2.10.0.post4.dev20260715,2.10.0+cpu,4,3.2.0,b091d09e267569ce9e3df929901f3feaccc8ac45
full,0.9999974966049194,0.25848415680229664,0.001953125,122.3284683227539,4.8854504711925983e-05,0.0,c47f9bdcfb879eb73723521240a48a9bae99349d094a1fb82563535aabde82ec,True,b091d09e267569ce9e3df929901f3feaccc8ac45,"[64, 1]",64,native_NHD_then_page_head_token_dim_permute,0.9999974966049194,0.23226509802043438,0.001953125,122.3284683227539,4.8854504711925983e-05,0.0,f70ab89eb4b0f99a03654153298587b38f22209f20916ac1e97e0f6e1454d198,True,True,9.1.0,[4096],[511],full_dense_m511_kv4096_uniform_compact_tp4,True,npu:5,5,Ascend950PR_957b,,bfloat16,False,256,"[16384, 256, 256, 1]",4096,uniform,511,4096,28,1,6,56,64,1.0,0.0,0.0,0.0,0.0,65,3.11.10,511,"[1536, 256, 1]",1,correctness,[4096],[511],1,1,20260829,float32,0.09119556747428784,PASS,,compact,dense,2.10.0.post4.dev20260715,2.10.0+cpu,4,3.2.0,b091d09e267569ce9e3df929901f3feaccc8ac45
full,0.9999975562095642,0.23020501248538494,0.001953125,140.73028564453125,4.8976791731547564e-05,0.0,c47f9bdcfb879eb73723521240a48a9bae99349d094a1fb82563535aabde82ec,True,b091d09e267569ce9e3df929901f3feaccc8ac45,"[64, 1]",64,native_NHD_then_page_head_token_dim_permute,0.9999975562095642,0.23790518753230572,0.001953125,140.73028564453125,4.8976791731547564e-05,0.0,f70ab89eb4b0f99a03654153298587b38f22209f20916ac1e97e0f6e1454d198,True,True,9.1.0,[4096],[512],full_dense_m512_kv4096_uniform_compact_tp4,True,npu:5,5,Ascend950PR_957b,,bfloat16,False,256,"[16384, 256, 256, 1]",4096,uniform,512,4096,28,1,6,56,64,0.9999999403953552,0.0,0.0,0.0,0.0,65,3.11.10,512,"[1536, 256, 1]",1,correctness,[4096],[512],1,1,20260829,float32,0.09119556747428784,PASS,,compact,dense,2.10.0.post4.dev20260715,2.10.0+cpu,4,3.2.0,b091d09e267569ce9e3df929901f3feaccc8ac45
full,0.9999974966049194,0.24067494086921215,0.001953125,199.58056640625,4.904248271486722e-05,0.0,c47f9bdcfb879eb73723521240a48a9bae99349d094a1fb82563535aabde82ec,True,b091d09e267569ce9e3df929901f3feaccc8ac45,"[64, 1]",64,native_NHD_then_page_head_token_dim_permute,0.9999974966049194,0.30523398891091347,0.001953125,199.58056640625,4.904248271486722e-05,0.0,f70ab89eb4b0f99a03654153298587b38f22209f20916ac1e97e0f6e1454d198,True,True,9.1.0,[4096],[513],full_dense_m513_kv4096_uniform_compact_tp4,True,npu:5,5,Ascend950PR_957b,,bfloat16,False,256,"[16384, 256, 256, 1]",4096,uniform,513,4096,28,1,6,56,64,1.0000001192092896,0.0,0.0,0.0,0.0,65,3.11.10,513,"[1536, 256, 1]",1,correctness,[4096],[513],1,1,20260829,float32,0.09119556747428784,PASS,,compact,dense,2.10.0.post4.dev20260715,2.10.0+cpu,4,3.2.0,b091d09e267569ce9e3df929901f3feaccc8ac45
full,0.9999973773956299,0.26158406399190426,0.00390625,139.5922088623047,4.957917190040462e-05,0.0,c47f9bdcfb879eb73723521240a48a9bae99349d094a1fb82563535aabde82ec,True,b091d09e267569ce9e3df929901f3feaccc8ac45,"[64, 1]",64,native_NHD_then_page_head_token_dim_permute,0.9999973773956299,0.30181300826370716,0.00390625,139.5922088623047,4.957917190040462e-05,0.0,f70ab89eb4b0f99a03654153298587b38f22209f20916ac1e97e0f6e1454d198,True,True,9.1.0,[4096],[767],full_dense_m767_kv4096_uniform_compact_tp4,True,npu:5,5,Ascend950PR_957b,,bfloat16,False,256,"[16384, 256, 256, 1]",4096,uniform,767,4096,28,1,6,56,64,0.9999999403953552,0.0,0.0,0.0,0.0,65,3.11.10,767,"[1536, 256, 1]",1,correctness,[4096],[767],1,1,20260829,float32,0.09119556747428784,PASS,,compact,dense,2.10.0.post4.dev20260715,2.10.0+cpu,4,3.2.0,b091d09e267569ce9e3df929901f3feaccc8ac45
full,0.9999974966049194,0.25211507454514503,0.001953125,142.42156982421875,4.9671991291688755e-05,0.0,c47f9bdcfb879eb73723521240a48a9bae99349d094a1fb82563535aabde82ec,True,b091d09e267569ce9e3df929901f3feaccc8ac45,"[64, 1]",64,native_NHD_then_page_head_token_dim_permute,0.9999974966049194,0.29520411044359207,0.001953125,142.42156982421875,4.9671991291688755e-05,0.0,f70ab89eb4b0f99a03654153298587b38f22209f20916ac1e97e0f6e1454d198,True,True,9.1.0,[4096],[768],full_dense_m768_kv4096_uniform_compact_tp4,True,npu:5,5,Ascend950PR_957b,,bfloat16,False,256,"[16384, 256, 256, 1]",4096,uniform,768,4096,28,1,6,56,64,1.0,0.0,0.0,0.0,0.0,65,3.11.10,768,"[1536, 256, 1]",1,correctness,[4096],[768],1,1,20260829,float32,0.09119556747428784,PASS,,compact,dense,2.10.0.post4.dev20260715,2.10.0+cpu,4,3.2.0,b091d09e267569ce9e3df929901f3feaccc8ac45
full,0.9999974966049194,0.2561339642852545,0.001953125,119.7755355834961,4.9701437092153355e-05,0.0,c47f9bdcfb879eb73723521240a48a9bae99349d094a1fb82563535aabde82ec,True,b091d09e267569ce9e3df929901f3feaccc8ac45,"[64, 1]",64,native_NHD_then_page_head_token_dim_permute,0.9999974966049194,0.30981283634901047,0.001953125,119.7755355834961,4.9701437092153355e-05,0.0,f70ab89eb4b0f99a03654153298587b38f22209f20916ac1e97e0f6e1454d198,True,True,9.1.0,[4096],[769],full_dense_m769_kv4096_uniform_compact_tp4,True,npu:5,5,Ascend950PR_957b,,bfloat16,False,256,"[16384, 256, 256, 1]",4096,uniform,769,4096,28,1,6,56,64,1.0,0.0,0.0,0.0,0.0,65,3.11.10,769,"[1536, 256, 1]",1,correctness,[4096],[769],1,1,20260829,float32,0.09119556747428784,PASS,,compact,dense,2.10.0.post4.dev20260715,2.10.0+cpu,4,3.2.0,b091d09e267569ce9e3df929901f3feaccc8ac45
full,0.999997615814209,0.28388388454914093,0.00390625,164.26109313964844,5.030612737755291e-05,0.0,c47f9bdcfb879eb73723521240a48a9bae99349d094a1fb82563535aabde82ec,True,b091d09e267569ce9e3df929901f3feaccc8ac45,"[64, 1]",64,native_NHD_then_page_head_token_dim_permute,0.999997615814209,0.3140841145068407,0.00390625,164.26109313964844,5.030612737755291e-05,0.0,f70ab89eb4b0f99a03654153298587b38f22209f20916ac1e97e0f6e1454d198,True,True,9.1.0,[4096],[1023],full_dense_m1023_kv4096_uniform_compact_tp4,True,npu:5,5,Ascend950PR_957b,,bfloat16,False,256,"[16384, 256, 256, 1]",4096,uniform,1023,4096,28,1,6,56,64,1.0,0.0,0.0,0.0,0.0,65,3.11.10,1023,"[1536, 256, 1]",1,correctness,[4096],[1023],1,1,20260829,float32,0.09119556747428784,PASS,,compact,dense,2.10.0.post4.dev20260715,2.10.0+cpu,4,3.2.0,b091d09e267569ce9e3df929901f3feaccc8ac45
full,0.9999975562095642,0.28636399656534195,0.001953125,173.01365661621094,5.045817670179531e-05,0.0,c47f9bdcfb879eb73723521240a48a9bae99349d094a1fb82563535aabde82ec,True,b091d09e267569ce9e3df929901f3feaccc8ac45,"[64, 1]",64,native_NHD_then_page_head_token_dim_permute,0.9999975562095642,0.29844394885003567,0.001953125,173.01365661621094,5.045817670179531e-05,0.0,f70ab89eb4b0f99a03654153298587b38f22209f20916ac1e97e0f6e1454d198,True,True,9.1.0,[4096],[1024],full_dense_m1024_kv4096_uniform_compact_tp4,True,npu:5,5,Ascend950PR_957b,,bfloat16,False,256,"[16384, 256, 256, 1]",4096,uniform,1024,4096,28,1,6,56,64,1.0,0.0,0.0,0.0,0.0,65,3.11.10,1024,"[1536, 256, 1]",1,correctness,[4096],[1024],1,1,20260829,float32,0.09119556747428784,PASS,,compact,dense,2.10.0.post4.dev20260715,2.10.0+cpu,4,3.2.0,b091d09e267569ce9e3df929901f3feaccc8ac45
swa,0.9999970197677612,0.0,0.001953125,0.7540106773376465,0.00011972284119110554,0.0,c47f9bdcfb879eb73723521240a48a9bae99349d094a1fb82563535aabde82ec,True,b091d09e267569ce9e3df929901f3feaccc8ac45,"[64, 1]",64,native_NHD_then_page_head_token_dim_permute,0.9999970197677612,0.0,0.001953125,0.7540106773376465,0.00011972284119110554,0.0,f70ab89eb4b0f99a03654153298587b38f22209f20916ac1e97e0f6e1454d198,True,True,9.1.0,[4096],[1],swa_dense_m1_kv4096_uniform_compact_tp4,True,npu:5,5,Ascend950PR_957b,,bfloat16,False,256,"[16384, 256, 256, 1]",4096,uniform,1,4096,28,1,6,56,64,0.9999999403953552,0.0,0.0,0.0,0.0,9,3.11.10,1,"[1536, 256, 1]",1,correctness,[4096],[1],1,1,20260829,float32,0.09119556747428784,PASS,511,compact,dense,2.10.0.post4.dev20260715,2.10.0+cpu,4,3.2.0,b091d09e267569ce9e3df929901f3feaccc8ac45
swa,0.9999974966049194,0.0,0.001953125,1.4299064874649048,0.00012605567462742329,0.0,c47f9bdcfb879eb73723521240a48a9bae99349d094a1fb82563535aabde82ec,True,b091d09e267569ce9e3df929901f3feaccc8ac45,"[64, 1]",64,native_NHD_then_page_head_token_dim_permute,0.9999974966049194,0.0,0.001953125,1.4299064874649048,0.00012605567462742329,0.0,f70ab89eb4b0f99a03654153298587b38f22209f20916ac1e97e0f6e1454d198,True,True,9.1.0,[4096],[2],swa_dense_m2_kv4096_uniform_compact_tp4,True,npu:5,5,Ascend950PR_957b,,bfloat16,False,256,"[16384, 256, 256, 1]",4096,uniform,2,4096,28,1,6,56,64,1.0,0.0,0.0,0.0,0.0,10,3.11.10,2,"[1536, 256, 1]",1,correctness,[4096],[2],1,1,20260829,float32,0.09119556747428784,PASS,511,compact,dense,2.10.0.post4.dev20260715,2.10.0+cpu,4,3.2.0,b091d09e267569ce9e3df929901f3feaccc8ac45
swa,0.9999983310699463,0.0,0.001953125,8.600000381469727,0.00010503244266146794,0.0,c47f9bdcfb879eb73723521240a48a9bae99349d094a1fb82563535aabde82ec,True,b091d09e267569ce9e3df929901f3feaccc8ac45,"[64, 1]",64,native_NHD_then_page_head_token_dim_permute,0.9999983310699463,0.0,0.001953125,8.600000381469727,0.00010503244266146794,0.0,f70ab89eb4b0f99a03654153298587b38f22209f20916ac1e97e0f6e1454d198,True,True,9.1.0,[4096],[3],swa_dense_m3_kv4096_uniform_compact_tp4,True,npu:5,5,Ascend950PR_957b,,bfloat16,False,256,"[16384, 256, 256, 1]",4096,uniform,3,4096,28,1,6,56,64,0.9999998807907104,0.0,0.0,0.0,0.0,10,3.11.10,3,"[1536, 256, 1]",1,correctness,[4096],[3],1,1,20260829,float32,0.09119556747428784,PASS,511,compact,dense,2.10.0.post4.dev20260715,2.10.0+cpu,4,3.2.0,b091d09e267569ce9e3df929901f3feaccc8ac45
swa,0.9999979734420776,0.0,0.001953125,26.17766571044922,0.00011097855167463422,0.0,c47f9bdcfb879eb73723521240a48a9bae99349d094a1fb82563535aabde82ec,True,b091d09e267569ce9e3df929901f3feaccc8ac45,"[64, 1]",64,native_NHD_then_page_head_token_dim_permute,0.9999979734420776,0.0,0.001953125,26.17766571044922,0.00011097855167463422,0.0,f70ab89eb4b0f99a03654153298587b38f22209f20916ac1e97e0f6e1454d198,True,True,9.1.0,[4096],[7],swa_dense_m7_kv4096_uniform_compact_tp4,True,npu:5,5,Ascend950PR_957b,,bfloat16,False,256,"[16384, 256, 256, 1]",4096,uniform,7,4096,28,1,6,56,64,1.0000001192092896,0.0,0.0,0.0,0.0,10,3.11.10,7,"[1536, 256, 1]",1,correctness,[4096],[7],1,1,20260829,float32,0.09119556747428784,PASS,511,compact,dense,2.10.0.post4.dev20260715,2.10.0+cpu,4,3.2.0,b091d09e267569ce9e3df929901f3feaccc8ac45
swa,0.9999977946281433,0.0,0.001953125,76.4871826171875,0.00010869772813748568,0.0,c47f9bdcfb879eb73723521240a48a9bae99349d094a1fb82563535aabde82ec,True,b091d09e267569ce9e3df929901f3feaccc8ac45,"[64, 1]",64,native_NHD_then_page_head_token_dim_permute,0.9999977946281433,0.0,0.001953125,76.4871826171875,0.00010869772813748568,0.0,f70ab89eb4b0f99a03654153298587b38f22209f20916ac1e97e0f6e1454d198,True,True,9.1.0,[4096],[8],swa_dense_m8_kv4096_uniform_compact_tp4,True,npu:5,5,Ascend950PR_957b,,bfloat16,False,256,"[16384, 256, 256, 1]",4096,uniform,8,4096,28,1,6,56,64,0.9999998807907104,0.0,0.0,0.0,0.0,10,3.11.10,8,"[1536, 256, 1]",1,correctness,[4096],[8],1,1,20260829,float32,0.09119556747428784,PASS,511,compact,dense,2.10.0.post4.dev20260715,2.10.0+cpu,4,3.2.0,b091d09e267569ce9e3df929901f3feaccc8ac45
swa,0.9999979734420776,0.0,0.00390625,18.26553726196289,0.0001098621214623563,0.0,c47f9bdcfb879eb73723521240a48a9bae99349d094a1fb82563535aabde82ec,True,b091d09e267569ce9e3df929901f3feaccc8ac45,"[64, 1]",64,native_NHD_then_page_head_token_dim_permute,0.9999979734420776,0.0,0.00390625,18.26553726196289,0.0001098621214623563,0.0,f70ab89eb4b0f99a03654153298587b38f22209f20916ac1e97e0f6e1454d198,True,True,9.1.0,[4096],[15],swa_dense_m15_kv4096_uniform_compact_tp4,True,npu:5,5,Ascend950PR_957b,,bfloat16,False,256,"[16384, 256, 256, 1]",4096,uniform,15,4096,28,1,6,56,64,1.0,0.0,0.0,0.0,0.0,10,3.11.10,15,"[1536, 256, 1]",1,correctness,[4096],[15],1,1,20260829,float32,0.09119556747428784,PASS,511,compact,dense,2.10.0.post4.dev20260715,2.10.0+cpu,4,3.2.0,b091d09e267569ce9e3df929901f3feaccc8ac45
swa,0.9999978542327881,0.0,0.001953125,126.19708251953125,0.00010347141505917534,0.0,c47f9bdcfb879eb73723521240a48a9bae99349d094a1fb82563535aabde82ec,True,b091d09e267569ce9e3df929901f3feaccc8ac45,"[64, 1]",64,native_NHD_then_page_head_token_dim_permute,0.9999978542327881,0.0,0.001953125,126.19708251953125,0.00010347141505917534,0.0,f70ab89eb4b0f99a03654153298587b38f22209f20916ac1e97e0f6e1454d198,True,True,9.1.0,[4096],[16],swa_dense_m16_kv4096_uniform_compact_tp4,True,npu:5,5,Ascend950PR_957b,,bfloat16,False,256,"[16384, 256, 256, 1]",4096,uniform,16,4096,28,1,6,56,64,1.0,0.0,0.0,0.0,0.0,10,3.11.10,16,"[1536, 256, 1]",1,correctness,[4096],[16],1,1,20260829,float32,0.09119556747428784,PASS,511,compact,dense,2.10.0.post4.dev20260715,2.10.0+cpu,4,3.2.0,b091d09e267569ce9e3df929901f3feaccc8ac45
swa,0.9999977350234985,0.0,0.00390625,99.05174255371094,0.00011101473501184955,0.0,c47f9bdcfb879eb73723521240a48a9bae99349d094a1fb82563535aabde82ec,True,b091d09e267569ce9e3df929901f3feaccc8ac45,"[64, 1]",64,native_NHD_then_page_head_token_dim_permute,0.9999977350234985,0.0,0.00390625,99.05174255371094,0.00011101473501184955,0.0,f70ab89eb4b0f99a03654153298587b38f22209f20916ac1e97e0f6e1454d198,True,True,9.1.0,[4096],[31],swa_dense_m31_kv4096_uniform_compact_tp4,True,npu:5,5,Ascend950PR_957b,,bfloat16,False,256,"[16384, 256, 256, 1]",4096,uniform,31,4096,28,1,6,56,64,1.0,0.0,0.0,0.0,0.0,10,3.11.10,31,"[1536, 256, 1]",1,correctness,[4096],[31],1,1,20260829,float32,0.09119556747428784,PASS,511,compact,dense,2.10.0.post4.dev20260715,2.10.0+cpu,4,3.2.0,b091d09e267569ce9e3df929901f3feaccc8ac45
swa,0.9999977350234985,0.0,0.001953125,104.03734588623047,0.00010826572543010116,0.0,c47f9bdcfb879eb73723521240a48a9bae99349d094a1fb82563535aabde82ec,True,b091d09e267569ce9e3df929901f3feaccc8ac45,"[64, 1]",64,native_NHD_then_page_head_token_dim_permute,0.9999977350234985,0.0,0.001953125,104.03734588623047,0.00010826572543010116,0.0,f70ab89eb4b0f99a03654153298587b38f22209f20916ac1e97e0f6e1454d198,True,True,9.1.0,[4096],[32],swa_dense_m32_kv4096_uniform_compact_tp4,True,npu:5,5,Ascend950PR_957b,,bfloat16,False,256,"[16384, 256, 256, 1]",4096,uniform,32,4096,28,1,6,56,64,1.0,0.0,0.0,0.0,0.0,10,3.11.10,32,"[1536, 256, 1]",1,correctness,[4096],[32],1,1,20260829,float32,0.09119556747428784,PASS,511,compact,dense,2.10.0.post4.dev20260715,2.10.0+cpu,4,3.2.0,b091d09e267569ce9e3df929901f3feaccc8ac45
swa,0.9999978542327881,0.0,0.00390625,115.89005279541016,0.00011129816994071007,0.0,c47f9bdcfb879eb73723521240a48a9bae99349d094a1fb82563535aabde82ec,True,b091d09e267569ce9e3df929901f3feaccc8ac45,"[64, 1]",64,native_NHD_then_page_head_token_dim_permute,0.9999978542327881,0.0,0.00390625,115.89005279541016,0.00011129816994071007,0.0,f70ab89eb4b0f99a03654153298587b38f22209f20916ac1e97e0f6e1454d198,True,True,9.1.0,[4096],[63],swa_dense_m63_kv4096_uniform_compact_tp4,True,npu:5,5,Ascend950PR_957b,,bfloat16,False,256,"[16384, 256, 256, 1]",4096,uniform,63,4096,28,1,6,56,64,0.9999998807907104,0.0,0.0,0.0,0.0,10,3.11.10,63,"[1536, 256, 1]",1,correctness,[4096],[63],1,1,20260829,float32,0.09119556747428784,PASS,511,compact,dense,2.10.0.post4.dev20260715,2.10.0+cpu,4,3.2.0,b091d09e267569ce9e3df929901f3feaccc8ac45
swa,0.9999977946281433,0.0,0.00390625,99.46154022216797,0.00011327682295814157,0.0,c47f9bdcfb879eb73723521240a48a9bae99349d094a1fb82563535aabde82ec,True,b091d09e267569ce9e3df929901f3feaccc8ac45,"[64, 1]",64,native_NHD_then_page_head_token_dim_permute,0.9999977946281433,0.0,0.00390625,99.46154022216797,0.00011327682295814157,0.0,f70ab89eb4b0f99a03654153298587b38f22209f20916ac1e97e0f6e1454d198,True,True,9.1.0,[4096],[64],swa_dense_m64_kv4096_uniform_compact_tp4,True,npu:5,5,Ascend950PR_957b,,bfloat16,False,256,"[16384, 256, 256, 1]",4096,uniform,64,4096,28,1,6,56,64,1.0,0.0,0.0,0.0,0.0,10,3.11.10,64,"[1536, 256, 1]",1,correctness,[4096],[64],1,1,20260829,float32,0.09119556747428784,PASS,511,compact,dense,2.10.0.post4.dev20260715,2.10.0+cpu,4,3.2.0,b091d09e267569ce9e3df929901f3feaccc8ac45
swa,0.9999979734420776,0.0,0.00390625,39.24242401123047,0.00010937954357359558,0.0,c47f9bdcfb879eb73723521240a48a9bae99349d094a1fb82563535aabde82ec,True,b091d09e267569ce9e3df929901f3feaccc8ac45,"[64, 1]",64,native_NHD_then_page_head_token_dim_permute,0.9999979734420776,0.0,0.00390625,39.24242401123047,0.00010937954357359558,0.0,f70ab89eb4b0f99a03654153298587b38f22209f20916ac1e97e0f6e1454d198,True,True,9.1.0,[4096],[65],swa_dense_m65_kv4096_uniform_compact_tp4,True,npu:5,5,Ascend950PR_957b,,bfloat16,False,256,"[16384, 256, 256, 1]",4096,uniform,65,4096,28,1,6,56,64,1.0000001192092896,0.0,0.0,0.0,0.0,10,3.11.10,65,"[1536, 256, 1]",1,correctness,[4096],[65],1,1,20260829,float32,0.09119556747428784,PASS,511,compact,dense,2.10.0.post4.dev20260715,2.10.0+cpu,4,3.2.0,b091d09e267569ce9e3df929901f3feaccc8ac45
swa,0.9999978542327881,0.0,0.00390625,85.30345153808594,0.00011076545342803001,0.0,c47f9bdcfb879eb73723521240a48a9bae99349d094a1fb82563535aabde82ec,True,b091d09e267569ce9e3df929901f3feaccc8ac45,"[64, 1]",64,native_NHD_then_page_head_token_dim_permute,0.9999978542327881,0.0,0.00390625,85.30345153808594,0.00011076545342803001,0.0,f70ab89eb4b0f99a03654153298587b38f22209f20916ac1e97e0f6e1454d198,True,True,9.1.0,[4096],[127],swa_dense_m127_kv4096_uniform_compact_tp4,True,npu:5,5,Ascend950PR_957b,,bfloat16,False,256,"[16384, 256, 256, 1]",4096,uniform,127,4096,28,1,6,56,64,1.0000001192092896,0.0,0.0,0.0,0.0,11,3.11.10,127,"[1536, 256, 1]",1,correctness,[4096],[127],1,1,20260829,float32,0.09119556747428784,PASS,511,compact,dense,2.10.0.post4.dev20260715,2.10.0+cpu,4,3.2.0,b091d09e267569ce9e3df929901f3feaccc8ac45
swa,0.9999977350234985,0.0,0.00390625,125.27027130126953,0.0001110680605052039,0.0,c47f9bdcfb879eb73723521240a48a9bae99349d094a1fb82563535aabde82ec,True,b091d09e267569ce9e3df929901f3feaccc8ac45,"[64, 1]",64,native_NHD_then_page_head_token_dim_permute,0.9999977350234985,0.0,0.00390625,125.27027130126953,0.0001110680605052039,0.0,f70ab89eb4b0f99a03654153298587b38f22209f20916ac1e97e0f6e1454d198,True,True,9.1.0,[4096],[128],swa_dense_m128_kv4096_uniform_compact_tp4,True,npu:5,5,Ascend950PR_957b,,bfloat16,False,256,"[16384, 256, 256, 1]",4096,uniform,128,4096,28,1,6,56,64,1.0,0.0,0.0,0.0,0.0,11,3.11.10,128,"[1536, 256, 1]",1,correctness,[4096],[128],1,1,20260829,float32,0.09119556747428784,PASS,511,compact,dense,2.10.0.post4.dev20260715,2.10.0+cpu,4,3.2.0,b091d09e267569ce9e3df929901f3feaccc8ac45
swa,0.9999978542327881,0.0,0.00390625,303.0365295410156,0.00010979306534864008,0.0,c47f9bdcfb879eb73723521240a48a9bae99349d094a1fb82563535aabde82ec,True,b091d09e267569ce9e3df929901f3feaccc8ac45,"[64, 1]",64,native_NHD_then_page_head_token_dim_permute,0.9999978542327881,0.0,0.00390625,303.0365295410156,0.00010979306534864008,0.0,f70ab89eb4b0f99a03654153298587b38f22209f20916ac1e97e0f6e1454d198,True,True,9.1.0,[4096],[129],swa_dense_m129_kv4096_uniform_compact_tp4,True,npu:5,5,Ascend950PR_957b,,bfloat16,False,256,"[16384, 256, 256, 1]",4096,uniform,129,4096,28,1,6,56,64,1.0,0.0,0.0,0.0,0.0,11,3.11.10,129,"[1536, 256, 1]",1,correctness,[4096],[129],1,1,20260829,float32,0.09119556747428784,PASS,511,compact,dense,2.10.0.post4.dev20260715,2.10.0+cpu,4,3.2.0,b091d09e267569ce9e3df929901f3feaccc8ac45
swa,0.9999978542327881,0.0,0.00390625,152.3029022216797,0.00011070626351283863,0.0,c47f9bdcfb879eb73723521240a48a9bae99349d094a1fb82563535aabde82ec,True,b091d09e267569ce9e3df929901f3feaccc8ac45,"[64, 1]",64,native_NHD_then_page_head_token_dim_permute,0.9999978542327881,0.0,0.00390625,152.3029022216797,0.00011070626351283863,0.0,f70ab89eb4b0f99a03654153298587b38f22209f20916ac1e97e0f6e1454d198,True,True,9.1.0,[4096],[191],swa_dense_m191_kv4096_uniform_compact_tp4,True,npu:5,5,Ascend950PR_957b,,bfloat16,False,256,"[16384, 256, 256, 1]",4096,uniform,191,4096,28,1,6,56,64,1.0,0.0,0.0,0.0,0.0,12,3.11.10,191,"[1536, 256, 1]",1,correctness,[4096],[191],1,1,20260829,float32,0.09119556747428784,PASS,511,compact,dense,2.10.0.post4.dev20260715,2.10.0+cpu,4,3.2.0,b091d09e267569ce9e3df929901f3feaccc8ac45
swa,0.9999979138374329,0.0,0.00390625,327.1369934082031,0.00011172764061484486,0.0,c47f9bdcfb879eb73723521240a48a9bae99349d094a1fb82563535aabde82ec,True,b091d09e267569ce9e3df929901f3feaccc8ac45,"[64, 1]",64,native_NHD_then_page_head_token_dim_permute,0.9999979138374329,0.0,0.00390625,327.1369934082031,0.00011172764061484486,0.0,f70ab89eb4b0f99a03654153298587b38f22209f20916ac1e97e0f6e1454d198,True,True,9.1.0,[4096],[192],swa_dense_m192_kv4096_uniform_compact_tp4,True,npu:5,5,Ascend950PR_957b,,bfloat16,False,256,"[16384, 256, 256, 1]",4096,uniform,192,4096,28,1,6,56,64,1.0000001192092896,0.0,0.0,0.0,0.0,12,3.11.10,192,"[1536, 256, 1]",1,correctness,[4096],[192],1,1,20260829,float32,0.09119556747428784,PASS,511,compact,dense,2.10.0.post4.dev20260715,2.10.0+cpu,4,3.2.0,b091d09e267569ce9e3df929901f3feaccc8ac45
swa,0.9999978542327881,0.0,0.00390625,224.7041473388672,0.00010983005631715059,0.0,c47f9bdcfb879eb73723521240a48a9bae99349d094a1fb82563535aabde82ec,True,b091d09e267569ce9e3df929901f3feaccc8ac45,"[64, 1]",64,native_NHD_then_page_head_token_dim_permute,0.9999978542327881,0.0,0.00390625,224.7041473388672,0.00010983005631715059,0.0,f70ab89eb4b0f99a03654153298587b38f22209f20916ac1e97e0f6e1454d198,True,True,9.1.0,[4096],[255],swa_dense_m255_kv4096_uniform_compact_tp4,True,npu:5,5,Ascend950PR_957b,,bfloat16,False,256,"[16384, 256, 256, 1]",4096,uniform,255,4096,28,1,6,56,64,1.0,0.0,0.0,0.0,0.0,13,3.11.10,255,"[1536, 256, 1]",1,correctness,[4096],[255],1,1,20260829,float32,0.09119556747428784,PASS,511,compact,dense,2.10.0.post4.dev20260715,2.10.0+cpu,4,3.2.0,b091d09e267569ce9e3df929901f3feaccc8ac45
swa,0.9999978542327881,0.0,0.00390625,200.26416015625,0.00011043295671697706,0.0,c47f9bdcfb879eb73723521240a48a9bae99349d094a1fb82563535aabde82ec,True,b091d09e267569ce9e3df929901f3feaccc8ac45,"[64, 1]",64,native_NHD_then_page_head_token_dim_permute,0.9999978542327881,0.0,0.00390625,200.26416015625,0.00011043295671697706,0.0,f70ab89eb4b0f99a03654153298587b38f22209f20916ac1e97e0f6e1454d198,True,True,9.1.0,[4096],[256],swa_dense_m256_kv4096_uniform_compact_tp4,True,npu:5,5,Ascend950PR_957b,,bfloat16,False,256,"[16384, 256, 256, 1]",4096,uniform,256,4096,28,1,6,56,64,0.9999999403953552,0.0,0.0,0.0,0.0,13,3.11.10,256,"[1536, 256, 1]",1,correctness,[4096],[256],1,1,20260829,float32,0.09119556747428784,PASS,511,compact,dense,2.10.0.post4.dev20260715,2.10.0+cpu,4,3.2.0,b091d09e267569ce9e3df929901f3feaccc8ac45
swa,0.9999979138374329,0.0,0.00390625,195.66807556152344,0.00011082768469350412,0.0,c47f9bdcfb879eb73723521240a48a9bae99349d094a1fb82563535aabde82ec,True,b091d09e267569ce9e3df929901f3feaccc8ac45,"[64, 1]",64,native_NHD_then_page_head_token_dim_permute,0.9999979138374329,0.0,0.00390625,195.66807556152344,0.00011082768469350412,0.0,f70ab89eb4b0f99a03654153298587b38f22209f20916ac1e97e0f6e1454d198,True,True,9.1.0,[4096],[257],swa_dense_m257_kv4096_uniform_compact_tp4,True,npu:5,5,Ascend950PR_957b,,bfloat16,False,256,"[16384, 256, 256, 1]",4096,uniform,257,4096,28,1,6,56,64,1.0,0.0,0.0,0.0,0.0,13,3.11.10,257,"[1536, 256, 1]",1,correctness,[4096],[257],1,1,20260829,float32,0.09119556747428784,PASS,511,compact,dense,2.10.0.post4.dev20260715,2.10.0+cpu,4,3.2.0,b091d09e267569ce9e3df929901f3feaccc8ac45
swa,0.9999977350234985,0.0,0.00390625,191.01052856445312,0.00011040588287869468,0.0,c47f9bdcfb879eb73723521240a48a9bae99349d094a1fb82563535aabde82ec,True,b091d09e267569ce9e3df929901f3feaccc8ac45,"[64, 1]",64,native_NHD_then_page_head_token_dim_permute,0.9999977350234985,0.0,0.00390625,191.01052856445312,0.00011040588287869468,0.0,f70ab89eb4b0f99a03654153298587b38f22209f20916ac1e97e0f6e1454d198,True,True,9.1.0,[4096],[511],swa_dense_m511_kv4096_uniform_compact_tp4,True,npu:5,5,Ascend950PR_957b,,bfloat16,False,256,"[16384, 256, 256, 1]",4096,uniform,511,4096,28,1,6,56,64,0.9999998807907104,0.0,0.0,0.0,0.0,17,3.11.10,511,"[1536, 256, 1]",1,correctness,[4096],[511],1,1,20260829,float32,0.09119556747428784,PASS,511,compact,dense,2.10.0.post4.dev20260715,2.10.0+cpu,4,3.2.0,b091d09e267569ce9e3df929901f3feaccc8ac45
swa,0.9999977350234985,0.0,0.0078125,238.5079803466797,0.00011020254896720871,0.0,c47f9bdcfb879eb73723521240a48a9bae99349d094a1fb82563535aabde82ec,True,b091d09e267569ce9e3df929901f3feaccc8ac45,"[64, 1]",64,native_NHD_then_page_head_token_dim_permute,0.9999977350234985,0.0,0.0078125,238.5079803466797,0.00011020254896720871,0.0,f70ab89eb4b0f99a03654153298587b38f22209f20916ac1e97e0f6e1454d198,True,True,9.1.0,[4096],[512],swa_dense_m512_kv4096_uniform_compact_tp4,True,npu:5,5,Ascend950PR_957b,,bfloat16,False,256,"[16384, 256, 256, 1]",4096,uniform,512,4096,28,1,6,56,64,1.0,0.0,0.0,0.0,0.0,17,3.11.10,512,"[1536, 256, 1]",1,correctness,[4096],[512],1,1,20260829,float32,0.09119556747428784,PASS,511,compact,dense,2.10.0.post4.dev20260715,2.10.0+cpu,4,3.2.0,b091d09e267569ce9e3df929901f3feaccc8ac45
swa,0.9999977946281433,0.0,0.00390625,140.63636779785156,0.00011070812615798786,0.0,c47f9bdcfb879eb73723521240a48a9bae99349d094a1fb82563535aabde82ec,True,b091d09e267569ce9e3df929901f3feaccc8ac45,"[64, 1]",64,native_NHD_then_page_head_token_dim_permute,0.9999977946281433,0.0,0.00390625,140.63636779785156,0.00011070812615798786,0.0,f70ab89eb4b0f99a03654153298587b38f22209f20916ac1e97e0f6e1454d198,True,True,9.1.0,[4096],[513],swa_dense_m513_kv4096_uniform_compact_tp4,True,npu:5,5,Ascend950PR_957b,,bfloat16,False,256,"[16384, 256, 256, 1]",4096,uniform,513,4096,28,1,6,56,64,1.0,0.0,0.0,0.0,0.0,17,3.11.10,513,"[1536, 256, 1]",1,correctness,[4096],[513],1,1,20260829,float32,0.09119556747428784,PASS,511,compact,dense,2.10.0.post4.dev20260715,2.10.0+cpu,4,3.2.0,b091d09e267569ce9e3df929901f3feaccc8ac45
swa,0.9999977946281433,0.0,0.00390625,388.64837646484375,0.00011046685540350154,0.0,c47f9bdcfb879eb73723521240a48a9bae99349d094a1fb82563535aabde82ec,True,b091d09e267569ce9e3df929901f3feaccc8ac45,"[64, 1]",64,native_NHD_then_page_head_token_dim_permute,0.9999977946281433,0.0,0.00390625,388.64837646484375,0.00011046685540350154,0.0,f70ab89eb4b0f99a03654153298587b38f22209f20916ac1e97e0f6e1454d198,True,True,9.1.0,[4096],[767],swa_dense_m767_kv4096_uniform_compact_tp4,True,npu:5,5,Ascend950PR_957b,,bfloat16,False,256,"[16384, 256, 256, 1]",4096,uniform,767,4096,28,1,6,56,64,1.0,0.0,0.0,0.0,0.0,21,3.11.10,767,"[1536, 256, 1]",1,correctness,[4096],[767],1,1,20260829,float32,0.09119556747428784,PASS,511,compact,dense,2.10.0.post4.dev20260715,2.10.0+cpu,4,3.2.0,b091d09e267569ce9e3df929901f3feaccc8ac45
swa,0.9999978542327881,0.0,0.00390625,282.6000061035156,0.00011016260395990685,0.0,c47f9bdcfb879eb73723521240a48a9bae99349d094a1fb82563535aabde82ec,True,b091d09e267569ce9e3df929901f3feaccc8ac45,"[64, 1]",64,native_NHD_then_page_head_token_dim_permute,0.9999978542327881,0.0,0.00390625,282.6000061035156,0.00011016260395990685,0.0,f70ab89eb4b0f99a03654153298587b38f22209f20916ac1e97e0f6e1454d198,True,True,9.1.0,[4096],[768],swa_dense_m768_kv4096_uniform_compact_tp4,True,npu:5,5,Ascend950PR_957b,,bfloat16,False,256,"[16384, 256, 256, 1]",4096,uniform,768,4096,28,1,6,56,64,1.0,0.0,0.0,0.0,0.0,21,3.11.10,768,"[1536, 256, 1]",1,correctness,[4096],[768],1,1,20260829,float32,0.09119556747428784,PASS,511,compact,dense,2.10.0.post4.dev20260715,2.10.0+cpu,4,3.2.0,b091d09e267569ce9e3df929901f3feaccc8ac45
swa,0.9999979138374329,0.0,0.0078125,214.73411560058594,0.00011043013364542276,0.0,c47f9bdcfb879eb73723521240a48a9bae99349d094a1fb82563535aabde82ec,True,b091d09e267569ce9e3df929901f3feaccc8ac45,"[64, 1]",64,native_NHD_then_page_head_token_dim_permute,0.9999979138374329,0.0,0.0078125,214.73411560058594,0.00011043013364542276,0.0,f70ab89eb4b0f99a03654153298587b38f22209f20916ac1e97e0f6e1454d198,True,True,9.1.0,[4096],[769],swa_dense_m769_kv4096_uniform_compact_tp4,True,npu:5,5,Ascend950PR_957b,,bfloat16,False,256,"[16384, 256, 256, 1]",4096,uniform,769,4096,28,1,6,56,64,0.9999998807907104,0.0,0.0,0.0,0.0,21,3.11.10,769,"[1536, 256, 1]",1,correctness,[4096],[769],1,1,20260829,float32,0.09119556747428784,PASS,511,compact,dense,2.10.0.post4.dev20260715,2.10.0+cpu,4,3.2.0,b091d09e267569ce9e3df929901f3feaccc8ac45
swa,0.9999978542327881,0.0,0.00390625,261.6064453125,0.00010966447734972462,0.0,c47f9bdcfb879eb73723521240a48a9bae99349d094a1fb82563535aabde82ec,True,b091d09e267569ce9e3df929901f3feaccc8ac45,"[64, 1]",64,native_NHD_then_page_head_token_dim_permute,0.9999978542327881,0.0,0.00390625,261.6064453125,0.00010966447734972462,0.0,f70ab89eb4b0f99a03654153298587b38f22209f20916ac1e97e0f6e1454d198,True,True,9.1.0,[4096],[1023],swa_dense_m1023_kv4096_uniform_compact_tp4,True,npu:5,5,Ascend950PR_957b,,bfloat16,False,256,"[16384, 256, 256, 1]",4096,uniform,1023,4096,28,1,6,56,64,1.0000001192092896,0.0,0.0,0.0,0.0,25,3.11.10,1023,"[1536, 256, 1]",1,correctness,[4096],[1023],1,1,20260829,float32,0.09119556747428784,PASS,511,compact,dense,2.10.0.post4.dev20260715,2.10.0+cpu,4,3.2.0,b091d09e267569ce9e3df929901f3feaccc8ac45
swa,0.9999978542327881,0.0,0.00390625,315.4315185546875,0.00010931447468465194,0.0,c47f9bdcfb879eb73723521240a48a9bae99349d094a1fb82563535aabde82ec,True,b091d09e267569ce9e3df929901f3feaccc8ac45,"[64, 1]",64,native_NHD_then_page_head_token_dim_permute,0.9999978542327881,0.0,0.00390625,315.4315185546875,0.00010931447468465194,0.0,f70ab89eb4b0f99a03654153298587b38f22209f20916ac1e97e0f6e1454d198,True,True,9.1.0,[4096],[1024],swa_dense_m1024_kv4096_uniform_compact_tp4,True,npu:5,5,Ascend950PR_957b,,bfloat16,False,256,"[16384, 256, 256, 1]",4096,uniform,1024,4096,28,1,6,56,64,1.0,0.0,0.0,0.0,0.0,25,3.11.10,1024,"[1536, 256, 1]",1,correctness,[4096],[1024],1,1,20260829,float32,0.09119556747428784,PASS,511,compact,dense,2.10.0.post4.dev20260715,2.10.0+cpu,4,3.2.0,b091d09e267569ce9e3df929901f3feaccc8ac45
full,0.9999971389770508,0.31590298749506474,0.0009765625,1.472081184387207,5.1880993851227686e-05,0.0,c47f9bdcfb879eb73723521240a48a9bae99349d094a1fb82563535aabde82ec,True,b091d09e267569ce9e3df929901f3feaccc8ac45,"[64, 1]",64,native_NHD_then_page_head_token_dim_permute,0.9999971389770508,0.22822502069175243,0.0009765625,1.472081184387207,5.1880993851227686e-05,0.0,f70ab89eb4b0f99a03654153298587b38f22209f20916ac1e97e0f6e1454d198,True,True,9.1.0,[4096],[2],full_verify_d2_m2_kv4096_uniform_compact_tp4,True,npu:5,5,Ascend950PR_957b,2,bfloat16,False,256,"[16384, 256, 256, 1]",4096,uniform,2,4096,28,1,6,56,64,0.9999999403953552,0.0,0.0,0.0,0.0,65,3.11.10,2,"[1536, 256, 1]",1,correctness,[4096],[2],1,1,20260829,float32,0.09119556747428784,PASS,,compact,verify_d2,2.10.0.post4.dev20260715,2.10.0+cpu,4,3.2.0,b091d09e267569ce9e3df929901f3feaccc8ac45
full,0.9999975562095642,0.233114929869771,0.0009765625,8.66906452178955,4.75599299534224e-05,0.0,c47f9bdcfb879eb73723521240a48a9bae99349d094a1fb82563535aabde82ec,True,b091d09e267569ce9e3df929901f3feaccc8ac45,"[64, 1]",64,native_NHD_then_page_head_token_dim_permute,0.9999975562095642,0.23831520229578018,0.0009765625,8.66906452178955,4.75599299534224e-05,0.0,f70ab89eb4b0f99a03654153298587b38f22209f20916ac1e97e0f6e1454d198,True,True,9.1.0,"[4096, 4096]","[2, 2]",full_verify_d2_m4_kv4096_uniform_compact_tp4,True,npu:5,5,Ascend950PR_957b,2,bfloat16,False,256,"[16384, 256, 256, 1]",4096,uniform,4,4096,28,1,6,56,64,1.0,0.0,0.0,0.0,0.0,129,3.11.10,4,"[1536, 256, 1]",2,correctness,"[4096, 4096]","[2, 2]",2,1,20260829,float32,0.09119556747428784,PASS,,compact,verify_d2,2.10.0.post4.dev20260715,2.10.0+cpu,4,3.2.0,b091d09e267569ce9e3df929901f3feaccc8ac45
full,0.9999973773956299,0.24143490009009838,0.0009765625,33.81938171386719,4.6327433665283024e-05,0.0,c47f9bdcfb879eb73723521240a48a9bae99349d094a1fb82563535aabde82ec,True,b091d09e267569ce9e3df929901f3feaccc8ac45,"[64, 1]",64,native_NHD_then_page_head_token_dim_permute,0.9999973773956299,0.2313549630343914,0.0009765625,33.81938171386719,4.6327433665283024e-05,0.0,f70ab89eb4b0f99a03654153298587b38f22209f20916ac1e97e0f6e1454d198,True,True,9.1.0,"[4096, 4096, 4096, 4096]","[2, 2, 2, 2]",full_verify_d2_m8_kv4096_uniform_compact_tp4,True,npu:5,5,Ascend950PR_957b,2,bfloat16,False,256,"[16384, 256, 256, 1]",4096,uniform,8,4096,28,1,6,56,64,1.0,0.0,0.0,0.0,0.0,257,3.11.10,8,"[1536, 256, 1]",4,correctness,"[4096, 4096, 4096, 4096]","[2, 2, 2, 2]",4,1,20260829,float32,0.09119556747428784,PASS,,compact,verify_d2,2.10.0.post4.dev20260715,2.10.0+cpu,4,3.2.0,b091d09e267569ce9e3df929901f3feaccc8ac45
full,0.9999974966049194,0.256015220656991,0.0009765625,56.46479034423828,4.829329554922879e-05,0.0,c47f9bdcfb879eb73723521240a48a9bae99349d094a1fb82563535aabde82ec,True,b091d09e267569ce9e3df929901f3feaccc8ac45,"[64, 1]",64,native_NHD_then_page_head_token_dim_permute,0.9999974966049194,0.322503037750721,0.0009765625,56.46479034423828,4.829329554922879e-05,0.0,f70ab89eb4b0f99a03654153298587b38f22209f20916ac1e97e0f6e1454d198,True,True,9.1.0,"[4096, 4096, 4096, 4096, 4096, 4096, 4096, 4096]","[2, 2, 2, 2, 2, 2, 2, 2]",full_verify_d2_m16_kv4096_uniform_compact_tp4,True,npu:5,5,Ascend950PR_957b,2,bfloat16,False,256,"[16384, 256, 256, 1]",4096,uniform,16,4096,28,1,6,56,64,1.0,0.0,0.0,0.0,0.0,513,3.11.10,16,"[1536, 256, 1]",8,correctness,"[4096, 4096, 4096, 4096, 4096, 4096, 4096, 4096]","[2, 2, 2, 2, 2, 2, 2, 2]",8,1,20260829,float32,0.09119556747428784,PASS,,compact,verify_d2,2.10.0.post4.dev20260715,2.10.0+cpu,4,3.2.0,b091d09e267569ce9e3df929901f3feaccc8ac45
full,0.9999974370002747,0.29701413586735725,0.0009765625,33.76603317260742,4.67957288492471e-05,0.0,c47f9bdcfb879eb73723521240a48a9bae99349d094a1fb82563535aabde82ec,True,b091d09e267569ce9e3df929901f3feaccc8ac45,"[64, 1]",64,native_NHD_then_page_head_token_dim_permute,0.9999974370002747,0.4566810093820095,0.0009765625,33.76603317260742,4.67957288492471e-05,0.0,f70ab89eb4b0f99a03654153298587b38f22209f20916ac1e97e0f6e1454d198,True,True,9.1.0,"[4096, 4096, 4096, 4096, 4096, 4096, 4096, 4096, 4096, 4096, 4096, 4096]","[2, 2, 2, 2, 2, 2, 2, 2, 2, 2, 2, 2]",full_verify_d2_m24_kv4096_uniform_compact_tp4,True,npu:5,5,Ascend950PR_957b,2,bfloat16,False,256,"[16384, 256, 256, 1]",4096,uniform,24,4096,28,1,6,56,64,1.0,0.0,0.0,0.0,0.0,769,3.11.10,24,"[1536, 256, 1]",12,correctness,"[4096, 4096, 4096, 4096, 4096, 4096, 4096, 4096, 4096, 4096, 4096, 4096]","[2, 2, 2, 2, 2, 2, 2, 2, 2, 2, 2, 2]",12,1,20260829,float32,0.09119556747428784,PASS,,compact,verify_d2,2.10.0.post4.dev20260715,2.10.0+cpu,4,3.2.0,b091d09e267569ce9e3df929901f3feaccc8ac45
full,0.9999974966049194,0.3180431667715311,0.0009765625,46.120880126953125,4.6603170630987734e-05,0.0,c47f9bdcfb879eb73723521240a48a9bae99349d094a1fb82563535aabde82ec,True,b091d09e267569ce9e3df929901f3feaccc8ac45,"[64, 1]",64,native_NHD_then_page_head_token_dim_permute,0.9999974966049194,0.533978920429945,0.0009765625,46.120880126953125,4.6603170630987734e-05,0.0,f70ab89eb4b0f99a03654153298587b38f22209f20916ac1e97e0f6e1454d198,True,True,9.1.0,"[4096, 4096, 4096, 4096, 4096, 4096, 4096, 4096, 4096, 4096, 4096, 4096, 4096, 4096, 4096, 4096]","[2, 2, 2, 2, 2, 2, 2, 2, 2, 2, 2, 2, 2, 2, 2, 2]",full_verify_d2_m32_kv4096_uniform_compact_tp4,True,npu:5,5,Ascend950PR_957b,2,bfloat16,False,256,"[16384, 256, 256, 1]",4096,uniform,32,4096,28,1,6,56,64,1.0,0.0,0.0,0.0,0.0,1025,3.11.10,32,"[1536, 256, 1]",16,correctness,"[4096, 4096, 4096, 4096, 4096, 4096, 4096, 4096, 4096, 4096, 4096, 4096, 4096, 4096, 4096, 4096]","[2, 2, 2, 2, 2, 2, 2, 2, 2, 2, 2, 2, 2, 2, 2, 2]",16,1,20260829,float32,0.09119556747428784,PASS,,compact,verify_d2,2.10.0.post4.dev20260715,2.10.0+cpu,4,3.2.0,b091d09e267569ce9e3df929901f3feaccc8ac45
full,0.9999973773956299,0.3760519903153181,0.0009765625,90.69590759277344,4.7597233788110316e-05,0.0,c47f9bdcfb879eb73723521240a48a9bae99349d094a1fb82563535aabde82ec,True,b091d09e267569ce9e3df929901f3feaccc8ac45,"[64, 1]",64,native_NHD_then_page_head_token_dim_permute,0.9999973773956299,0.7187051232904196,0.0009765625,90.69590759277344,4.7597233788110316e-05,0.0,f70ab89eb4b0f99a03654153298587b38f22209f20916ac1e97e0f6e1454d198,True,True,9.1.0,"[4096, 4096, 4096, 4096, 4096, 4096, 4096, 4096, 4096, 4096, 4096, 4096, 4096, 4096, 4096, 4096, 4096, 4096, 4096, 4096, 4096, 4096, 4096, 4096]","[2, 2, 2, 2, 2, 2, 2, 2, 2, 2, 2, 2, 2, 2, 2, 2, 2, 2, 2, 2, 2, 2, 2, 2]",full_verify_d2_m48_kv4096_uniform_compact_tp4,True,npu:5,5,Ascend950PR_957b,2,bfloat16,False,256,"[16384, 256, 256, 1]",4096,uniform,48,4096,28,1,6,56,64,0.9999999403953552,0.0,0.0,0.0,0.0,1537,3.11.10,48,"[1536, 256, 1]",24,correctness,"[4096, 4096, 4096, 4096, 4096, 4096, 4096, 4096, 4096, 4096, 4096, 4096, 4096, 4096, 4096, 4096, 4096, 4096, 4096, 4096, 4096, 4096, 4096, 4096]","[2, 2, 2, 2, 2, 2, 2, 2, 2, 2, 2, 2, 2, 2, 2, 2, 2, 2, 2, 2, 2, 2, 2, 2]",24,1,20260829,float32,0.09119556747428784,PASS,,compact,verify_d2,2.10.0.post4.dev20260715,2.10.0+cpu,4,3.2.0,b091d09e267569ce9e3df929901f3feaccc8ac45
full,0.999997615814209,0.45029097236692905,0.0009765625,50.6363639831543,4.719028947874904e-05,0.0,c47f9bdcfb879eb73723521240a48a9bae99349d094a1fb82563535aabde82ec,True,b091d09e267569ce9e3df929901f3feaccc8ac45,"[64, 1]",64,native_NHD_then_page_head_token_dim_permute,0.999997615814209,0.83535211160779,0.0009765625,50.6363639831543,4.719028947874904e-05,0.0,f70ab89eb4b0f99a03654153298587b38f22209f20916ac1e97e0f6e1454d198,True,True,9.1.0,"[4096, 4096, 4096, 4096, 4096, 4096, 4096, 4096, 4096, 4096, 4096, 4096, 4096, 4096, 4096, 4096, 4096, 4096, 4096, 4096, 4096, 4096, 4096, 4096, 4096, 4096, 4096, 4096, 4096, 4096, 4096, 4096]","[2, 2, 2, 2, 2, 2, 2, 2, 2, 2, 2, 2, 2, 2, 2, 2, 2, 2, 2, 2, 2, 2, 2, 2, 2, 2, 2, 2, 2, 2, 2, 2]",full_verify_d2_m64_kv4096_uniform_compact_tp4,True,npu:5,5,Ascend950PR_957b,2,bfloat16,False,256,"[16384, 256, 256, 1]",4096,uniform,64,4096,28,1,6,56,64,0.9999998807907104,0.0,0.0,0.0,0.0,2049,3.11.10,64,"[1536, 256, 1]",32,correctness,"[4096, 4096, 4096, 4096, 4096, 4096, 4096, 4096, 4096, 4096, 4096, 4096, 4096, 4096, 4096, 4096, 4096, 4096, 4096, 4096, 4096, 4096, 4096, 4096, 4096, 4096, 4096, 4096, 4096, 4096, 4096, 4096]","[2, 2, 2, 2, 2, 2, 2, 2, 2, 2, 2, 2, 2, 2, 2, 2, 2, 2, 2, 2, 2, 2, 2, 2, 2, 2, 2, 2, 2, 2, 2, 2]",32,1,20260829,float32,0.09119556747428784,PASS,,compact,verify_d2,2.10.0.post4.dev20260715,2.10.0+cpu,4,3.2.0,b091d09e267569ce9e3df929901f3feaccc8ac45
full,0.9999976754188538,0.47274003736674786,0.001953125,23.382022857666016,4.7154251660685986e-05,0.0,c47f9bdcfb879eb73723521240a48a9bae99349d094a1fb82563535aabde82ec,True,b091d09e267569ce9e3df929901f3feaccc8ac45,"[64, 1]",64,native_NHD_then_page_head_token_dim_permute,0.9999976754188538,0.904211075976491,0.001953125,23.382022857666016,4.7154251660685986e-05,0.0,f70ab89eb4b0f99a03654153298587b38f22209f20916ac1e97e0f6e1454d198,True,True,9.1.0,"[4096, 4096, 4096, 4096, 4096, 4096, 4096, 4096, 4096, 4096, 4096, 4096, 4096, 4096, 4096, 4096, 4096, 4096, 4096, 4096, 4096, 4096, 4096, 4096, 4096, 4096, 4096, 4096, 4096, 4096, 4096, 4096, 4096, 4096, 4096, 4096]","[2, 2, 2, 2, 2, 2, 2, 2, 2, 2, 2, 2, 2, 2, 2, 2, 2, 2, 2, 2, 2, 2, 2, 2, 2, 2, 2, 2, 2, 2, 2, 2, 2, 2, 2, 2]",full_verify_d2_m72_kv4096_uniform_compact_tp4,True,npu:5,5,Ascend950PR_957b,2,bfloat16,False,256,"[16384, 256, 256, 1]",4096,uniform,72,4096,28,1,6,56,64,1.0000001192092896,0.0,0.0,0.0,0.0,2305,3.11.10,72,"[1536, 256, 1]",36,correctness,"[4096, 4096, 4096, 4096, 4096, 4096, 4096, 4096, 4096, 4096, 4096, 4096, 4096, 4096, 4096, 4096, 4096, 4096, 4096, 4096, 4096, 4096, 4096, 4096, 4096, 4096, 4096, 4096, 4096, 4096, 4096, 4096, 4096, 4096, 4096, 4096]","[2, 2, 2, 2, 2, 2, 2, 2, 2, 2, 2, 2, 2, 2, 2, 2, 2, 2, 2, 2, 2, 2, 2, 2, 2, 2, 2, 2, 2, 2, 2, 2, 2, 2, 2, 2]",36,1,20260829,float32,0.09119556747428784,PASS,,compact,verify_d2,2.10.0.post4.dev20260715,2.10.0+cpu,4,3.2.0,b091d09e267569ce9e3df929901f3feaccc8ac45
full,0.9999974966049194,0.5056189838796854,0.001953125,82.54498291015625,4.83339827042073e-05,0.0,c47f9bdcfb879eb73723521240a48a9bae99349d094a1fb82563535aabde82ec,True,b091d09e267569ce9e3df929901f3feaccc8ac45,"[64, 1]",64,native_NHD_then_page_head_token_dim_permute,0.9999974966049194,1.0092679876834154,0.001953125,82.54498291015625,4.83339827042073e-05,0.0,f70ab89eb4b0f99a03654153298587b38f22209f20916ac1e97e0f6e1454d198,True,True,9.1.0,"[4096, 4096, 4096, 4096, 4096, 4096, 4096, 4096, 4096, 4096, 4096, 4096, 4096, 4096, 4096, 4096, 4096, 4096, 4096, 4096, 4096, 4096, 4096, 4096, 4096, 4096, 4096, 4096, 4096, 4096, 4096, 4096, 4096, 4096, 4096, 4096, 4096, 4096, 4096, 4096]","[2, 2, 2, 2, 2, 2, 2, 2, 2, 2, 2, 2, 2, 2, 2, 2, 2, 2, 2, 2, 2, 2, 2, 2, 2, 2, 2, 2, 2, 2, 2, 2, 2, 2, 2, 2, 2, 2, 2, 2]",full_verify_d2_m80_kv4096_uniform_compact_tp4,True,npu:5,5,Ascend950PR_957b,2,bfloat16,False,256,"[16384, 256, 256, 1]",4096,uniform,80,4096,28,1,6,56,64,1.0,0.0,0.0,0.0,0.0,2561,3.11.10,80,"[1536, 256, 1]",40,correctness,"[4096, 4096, 4096, 4096, 4096, 4096, 4096, 4096, 4096, 4096, 4096, 4096, 4096, 4096, 4096, 4096, 4096, 4096, 4096, 4096, 4096, 4096, 4096, 4096, 4096, 4096, 4096, 4096, 4096, 4096, 4096, 4096, 4096, 4096, 4096, 4096, 4096, 4096, 4096, 4096]","[2, 2, 2, 2, 2, 2, 2, 2, 2, 2, 2, 2, 2, 2, 2, 2, 2, 2, 2, 2, 2, 2, 2, 2, 2, 2, 2, 2, 2, 2, 2, 2, 2, 2, 2, 2, 2, 2, 2, 2]",40,1,20260829,float32,0.09119556747428784,PASS,,compact,verify_d2,2.10.0.post4.dev20260715,2.10.0+cpu,4,3.2.0,b091d09e267569ce9e3df929901f3feaccc8ac45
full,0.9999975562095642,0.5658580921590328,0.0009765625,84.61624145507812,4.7569788875989616e-05,0.0,c47f9bdcfb879eb73723521240a48a9bae99349d094a1fb82563535aabde82ec,True,b091d09e267569ce9e3df929901f3feaccc8ac45,"[64, 1]",64,native_NHD_then_page_head_token_dim_permute,0.9999975562095642,1.20972516015172,0.0009765625,84.61624145507812,4.7569788875989616e-05,0.0,f70ab89eb4b0f99a03654153298587b38f22209f20916ac1e97e0f6e1454d198,True,True,9.1.0,"[4096, 4096, 4096, 4096, 4096, 4096, 4096, 4096, 4096, 4096, 4096, 4096, 4096, 4096, 4096, 4096, 4096, 4096, 4096, 4096, 4096, 4096, 4096, 4096, 4096, 4096, 4096, 4096, 4096, 4096, 4096, 4096, 4096, 4096, 4096, 4096, 4096, 4096, 4096, 4096, 4096, 4096, 4096, 4096, 4096, 4096, 4096, 4096]","[2, 2, 2, 2, 2, 2, 2, 2, 2, 2, 2, 2, 2, 2, 2, 2, 2, 2, 2, 2, 2, 2, 2, 2, 2, 2, 2, 2, 2, 2, 2, 2, 2, 2, 2, 2, 2, 2, 2, 2, 2, 2, 2, 2, 2, 2, 2, 2]",full_verify_d2_m96_kv4096_uniform_compact_tp4,True,npu:5,5,Ascend950PR_957b,2,bfloat16,False,256,"[16384, 256, 256, 1]",4096,uniform,96,4096,28,1,6,56,64,1.0,0.0,0.0,0.0,0.0,3073,3.11.10,96,"[1536, 256, 1]",48,correctness,"[4096, 4096, 4096, 4096, 4096, 4096, 4096, 4096, 4096, 4096, 4096, 4096, 4096, 4096, 4096, 4096, 4096, 4096, 4096, 4096, 4096, 4096, 4096, 4096, 4096, 4096, 4096, 4096, 4096, 4096, 4096, 4096, 4096, 4096, 4096, 4096, 4096, 4096, 4096, 4096, 4096, 4096, 4096, 4096, 4096, 4096, 4096, 4096]","[2, 2, 2, 2, 2, 2, 2, 2, 2, 2, 2, 2, 2, 2, 2, 2, 2, 2, 2, 2, 2, 2, 2, 2, 2, 2, 2, 2, 2, 2, 2, 2, 2, 2, 2, 2, 2, 2, 2, 2, 2, 2, 2, 2, 2, 2, 2, 2]",48,1,20260829,float32,0.09119556747428784,PASS,,compact,verify_d2,2.10.0.post4.dev20260715,2.10.0+cpu,4,3.2.0,b091d09e267569ce9e3df929901f3feaccc8ac45
full,0.9999973773956299,0.6436759140342474,0.0009765625,115.37223815917969,4.7695830289740115e-05,0.0,c47f9bdcfb879eb73723521240a48a9bae99349d094a1fb82563535aabde82ec,True,b091d09e267569ce9e3df929901f3feaccc8ac45,"[64, 1]",64,native_NHD_then_page_head_token_dim_permute,0.9999973773956299,1.3275521341711283,0.0009765625,115.37223815917969,4.7695830289740115e-05,0.0,f70ab89eb4b0f99a03654153298587b38f22209f20916ac1e97e0f6e1454d198,True,True,9.1.0,"[4096, 4096, 4096, 4096, 4096, 4096, 4096, 4096, 4096, 4096, 4096, 4096, 4096, 4096, 4096, 4096, 4096, 4096, 4096, 4096, 4096, 4096, 4096, 4096, 4096, 4096, 4096, 4096, 4096, 4096, 4096, 4096, 4096, 4096, 4096, 4096, 4096, 4096, 4096, 4096, 4096, 4096, 4096, 4096, 4096, 4096, 4096, 4096, 4096, 4096, 4096, 4096, 4096, 4096, 4096, 4096]","[2, 2, 2, 2, 2, 2, 2, 2, 2, 2, 2, 2, 2, 2, 2, 2, 2, 2, 2, 2, 2, 2, 2, 2, 2, 2, 2, 2, 2, 2, 2, 2, 2, 2, 2, 2, 2, 2, 2, 2, 2, 2, 2, 2, 2, 2, 2, 2, 2, 2, 2, 2, 2, 2, 2, 2]",full_verify_d2_m112_kv4096_uniform_compact_tp4,True,npu:5,5,Ascend950PR_957b,2,bfloat16,False,256,"[16384, 256, 256, 1]",4096,uniform,112,4096,28,1,6,56,64,0.9999999403953552,0.0,0.0,0.0,0.0,3585,3.11.10,112,"[1536, 256, 1]",56,correctness,"[4096, 4096, 4096, 4096, 4096, 4096, 4096, 4096, 4096, 4096, 4096, 4096, 4096, 4096, 4096, 4096, 4096, 4096, 4096, 4096, 4096, 4096, 4096, 4096, 4096, 4096, 4096, 4096, 4096, 4096, 4096, 4096, 4096, 4096, 4096, 4096, 4096, 4096, 4096, 4096, 4096, 4096, 4096, 4096, 4096, 4096, 4096, 4096, 4096, 4096, 4096, 4096, 4096, 4096, 4096, 4096]","[2, 2, 2, 2, 2, 2, 2, 2, 2, 2, 2, 2, 2, 2, 2, 2, 2, 2, 2, 2, 2, 2, 2, 2, 2, 2, 2, 2, 2, 2, 2, 2, 2, 2, 2, 2, 2, 2, 2, 2, 2, 2, 2, 2, 2, 2, 2, 2, 2, 2, 2, 2, 2, 2, 2, 2]",56,1,20260829,float32,0.09119556747428784,PASS,,compact,verify_d2,2.10.0.post4.dev20260715,2.10.0+cpu,4,3.2.0,b091d09e267569ce9e3df929901f3feaccc8ac45
swa,0.9999984502792358,0.0,0.001953125,8.149999618530273,0.00010134982585441321,0.0,c47f9bdcfb879eb73723521240a48a9bae99349d094a1fb82563535aabde82ec,True,b091d09e267569ce9e3df929901f3feaccc8ac45,"[64, 1]",64,native_NHD_then_page_head_token_dim_permute,0.9999984502792358,0.0,0.001953125,8.149999618530273,0.00010134982585441321,0.0,f70ab89eb4b0f99a03654153298587b38f22209f20916ac1e97e0f6e1454d198,True,True,9.1.0,[4096],[2],swa_verify_d2_m2_kv4096_uniform_compact_tp4,True,npu:5,5,Ascend950PR_957b,2,bfloat16,False,256,"[16384, 256, 256, 1]",4096,uniform,2,4096,28,1,6,56,64,1.0,0.0,0.0,0.0,0.0,10,3.11.10,2,"[1536, 256, 1]",1,correctness,[4096],[2],1,1,20260829,float32,0.09119556747428784,PASS,511,compact,verify_d2,2.10.0.post4.dev20260715,2.10.0+cpu,4,3.2.0,b091d09e267569ce9e3df929901f3feaccc8ac45
swa,0.9999980926513672,0.0,0.001953125,15.257425308227539,9.879990830086172e-05,0.0,c47f9bdcfb879eb73723521240a48a9bae99349d094a1fb82563535aabde82ec,True,b091d09e267569ce9e3df929901f3feaccc8ac45,"[64, 1]",64,native_NHD_then_page_head_token_dim_permute,0.9999980926513672,0.0,0.001953125,15.257425308227539,9.879990830086172e-05,0.0,f70ab89eb4b0f99a03654153298587b38f22209f20916ac1e97e0f6e1454d198,True,True,9.1.0,"[4096, 4096]","[2, 2]",swa_verify_d2_m4_kv4096_uniform_compact_tp4,True,npu:5,5,Ascend950PR_957b,2,bfloat16,False,256,"[16384, 256, 256, 1]",4096,uniform,4,4096,28,1,6,56,64,1.0,0.0,0.0,0.0,0.0,19,3.11.10,4,"[1536, 256, 1]",2,correctness,"[4096, 4096]","[2, 2]",2,1,20260829,float32,0.09119556747428784,PASS,511,compact,verify_d2,2.10.0.post4.dev20260715,2.10.0+cpu,4,3.2.0,b091d09e267569ce9e3df929901f3feaccc8ac45
swa,0.9999977350234985,0.0,0.001953125,26.600000381469727,0.00011048328451579437,0.0,c47f9bdcfb879eb73723521240a48a9bae99349d094a1fb82563535aabde82ec,True,b091d09e267569ce9e3df929901f3feaccc8ac45,"[64, 1]",64,native_NHD_then_page_head_token_dim_permute,0.9999977350234985,0.0,0.001953125,26.600000381469727,0.00011048328451579437,0.0,f70ab89eb4b0f99a03654153298587b38f22209f20916ac1e97e0f6e1454d198,True,True,9.1.0,"[4096, 4096, 4096, 4096]","[2, 2, 2, 2]",swa_verify_d2_m8_kv4096_uniform_compact_tp4,True,npu:5,5,Ascend950PR_957b,2,bfloat16,False,256,"[16384, 256, 256, 1]",4096,uniform,8,4096,28,1,6,56,64,1.0,0.0,0.0,0.0,0.0,37,3.11.10,8,"[1536, 256, 1]",4,correctness,"[4096, 4096, 4096, 4096]","[2, 2, 2, 2]",4,1,20260829,float32,0.09119556747428784,PASS,511,compact,verify_d2,2.10.0.post4.dev20260715,2.10.0+cpu,4,3.2.0,b091d09e267569ce9e3df929901f3feaccc8ac45
swa,0.9999980330467224,0.0,0.00390625,11.686131477355957,0.00010940141510218382,0.0,c47f9bdcfb879eb73723521240a48a9bae99349d094a1fb82563535aabde82ec,True,b091d09e267569ce9e3df929901f3feaccc8ac45,"[64, 1]",64,native_NHD_then_page_head_token_dim_permute,0.9999980330467224,0.0,0.00390625,11.686131477355957,0.00010940141510218382,0.0,f70ab89eb4b0f99a03654153298587b38f22209f20916ac1e97e0f6e1454d198,True,True,9.1.0,"[4096, 4096, 4096, 4096, 4096, 4096, 4096, 4096]","[2, 2, 2, 2, 2, 2, 2, 2]",swa_verify_d2_m16_kv4096_uniform_compact_tp4,True,npu:5,5,Ascend950PR_957b,2,bfloat16,False,256,"[16384, 256, 256, 1]",4096,uniform,16,4096,28,1,6,56,64,1.0,0.0,0.0,0.0,0.0,73,3.11.10,16,"[1536, 256, 1]",8,correctness,"[4096, 4096, 4096, 4096, 4096, 4096, 4096, 4096]","[2, 2, 2, 2, 2, 2, 2, 2]",8,1,20260829,float32,0.09119556747428784,PASS,511,compact,verify_d2,2.10.0.post4.dev20260715,2.10.0+cpu,4,3.2.0,b091d09e267569ce9e3df929901f3feaccc8ac45
swa,0.9999978542327881,0.0,0.00390625,21.898202896118164,0.00010941953951260075,0.0,c47f9bdcfb879eb73723521240a48a9bae99349d094a1fb82563535aabde82ec,True,b091d09e267569ce9e3df929901f3feaccc8ac45,"[64, 1]",64,native_NHD_then_page_head_token_dim_permute,0.9999978542327881,0.0,0.00390625,21.898202896118164,0.00010941953951260075,0.0,f70ab89eb4b0f99a03654153298587b38f22209f20916ac1e97e0f6e1454d198,True,True,9.1.0,"[4096, 4096, 4096, 4096, 4096, 4096, 4096, 4096, 4096, 4096, 4096, 4096]","[2, 2, 2, 2, 2, 2, 2, 2, 2, 2, 2, 2]",swa_verify_d2_m24_kv4096_uniform_compact_tp4,True,npu:5,5,Ascend950PR_957b,2,bfloat16,False,256,"[16384, 256, 256, 1]",4096,uniform,24,4096,28,1,6,56,64,1.0,0.0,0.0,0.0,0.0,109,3.11.10,24,"[1536, 256, 1]",12,correctness,"[4096, 4096, 4096, 4096, 4096, 4096, 4096, 4096, 4096, 4096, 4096, 4096]","[2, 2, 2, 2, 2, 2, 2, 2, 2, 2, 2, 2]",12,1,20260829,float32,0.09119556747428784,PASS,511,compact,verify_d2,2.10.0.post4.dev20260715,2.10.0+cpu,4,3.2.0,b091d09e267569ce9e3df929901f3feaccc8ac45
swa,0.9999980926513672,0.0,0.00390625,21.398406982421875,0.00010825791105162352,0.0,c47f9bdcfb879eb73723521240a48a9bae99349d094a1fb82563535aabde82ec,True,b091d09e267569ce9e3df929901f3feaccc8ac45,"[64, 1]",64,native_NHD_then_page_head_token_dim_permute,0.9999980926513672,0.0,0.00390625,21.398406982421875,0.00010825791105162352,0.0,f70ab89eb4b0f99a03654153298587b38f22209f20916ac1e97e0f6e1454d198,True,True,9.1.0,"[4096, 4096, 4096, 4096, 4096, 4096, 4096, 4096, 4096, 4096, 4096, 4096, 4096, 4096, 4096, 4096]","[2, 2, 2, 2, 2, 2, 2, 2, 2, 2, 2, 2, 2, 2, 2, 2]",swa_verify_d2_m32_kv4096_uniform_compact_tp4,True,npu:5,5,Ascend950PR_957b,2,bfloat16,False,256,"[16384, 256, 256, 1]",4096,uniform,32,4096,28,1,6,56,64,1.0000001192092896,0.0,0.0,0.0,0.0,145,3.11.10,32,"[1536, 256, 1]",16,correctness,"[4096, 4096, 4096, 4096, 4096, 4096, 4096, 4096, 4096, 4096, 4096, 4096, 4096, 4096, 4096, 4096]","[2, 2, 2, 2, 2, 2, 2, 2, 2, 2, 2, 2, 2, 2, 2, 2]",16,1,20260829,float32,0.09119556747428784,PASS,511,compact,verify_d2,2.10.0.post4.dev20260715,2.10.0+cpu,4,3.2.0,b091d09e267569ce9e3df929901f3feaccc8ac45
swa,0.9999978542327881,0.0,0.00390625,17.214765548706055,0.00011021077079931274,0.0,c47f9bdcfb879eb73723521240a48a9bae99349d094a1fb82563535aabde82ec,True,b091d09e267569ce9e3df929901f3feaccc8ac45,"[64, 1]",64,native_NHD_then_page_head_token_dim_permute,0.9999978542327881,0.0,0.00390625,17.214765548706055,0.00011021077079931274,0.0,f70ab89eb4b0f99a03654153298587b38f22209f20916ac1e97e0f6e1454d198,True,True,9.1.0,"[4096, 4096, 4096, 4096, 4096, 4096, 4096, 4096, 4096, 4096, 4096, 4096, 4096, 4096, 4096, 4096, 4096, 4096, 4096, 4096, 4096, 4096, 4096, 4096]","[2, 2, 2, 2, 2, 2, 2, 2, 2, 2, 2, 2, 2, 2, 2, 2, 2, 2, 2, 2, 2, 2, 2, 2]",swa_verify_d2_m48_kv4096_uniform_compact_tp4,True,npu:5,5,Ascend950PR_957b,2,bfloat16,False,256,"[16384, 256, 256, 1]",4096,uniform,48,4096,28,1,6,56,64,1.0,0.0,0.0,0.0,0.0,217,3.11.10,48,"[1536, 256, 1]",24,correctness,"[4096, 4096, 4096, 4096, 4096, 4096, 4096, 4096, 4096, 4096, 4096, 4096, 4096, 4096, 4096, 4096, 4096, 4096, 4096, 4096, 4096, 4096, 4096, 4096]","[2, 2, 2, 2, 2, 2, 2, 2, 2, 2, 2, 2, 2, 2, 2, 2, 2, 2, 2, 2, 2, 2, 2, 2]",24,1,20260829,float32,0.09119556747428784,PASS,511,compact,verify_d2,2.10.0.post4.dev20260715,2.10.0+cpu,4,3.2.0,b091d09e267569ce9e3df929901f3feaccc8ac45
swa,0.9999978542327881,0.0,0.00390625,59.29457473754883,0.00010822703916346654,0.0,c47f9bdcfb879eb73723521240a48a9bae99349d094a1fb82563535aabde82ec,True,b091d09e267569ce9e3df929901f3feaccc8ac45,"[64, 1]",64,native_NHD_then_page_head_token_dim_permute,0.9999978542327881,0.0,0.00390625,59.29457473754883,0.00010822703916346654,0.0,f70ab89eb4b0f99a03654153298587b38f22209f20916ac1e97e0f6e1454d198,True,True,9.1.0,"[4096, 4096, 4096, 4096, 4096, 4096, 4096, 4096, 4096, 4096, 4096, 4096, 4096, 4096, 4096, 4096, 4096, 4096, 4096, 4096, 4096, 4096, 4096, 4096, 4096, 4096, 4096, 4096, 4096, 4096, 4096, 4096]","[2, 2, 2, 2, 2, 2, 2, 2, 2, 2, 2, 2, 2, 2, 2, 2, 2, 2, 2, 2, 2, 2, 2, 2, 2, 2, 2, 2, 2, 2, 2, 2]",swa_verify_d2_m64_kv4096_uniform_compact_tp4,True,npu:5,5,Ascend950PR_957b,2,bfloat16,False,256,"[16384, 256, 256, 1]",4096,uniform,64,4096,28,1,6,56,64,0.9999999403953552,0.0,0.0,0.0,0.0,289,3.11.10,64,"[1536, 256, 1]",32,correctness,"[4096, 4096, 4096, 4096, 4096, 4096, 4096, 4096, 4096, 4096, 4096, 4096, 4096, 4096, 4096, 4096, 4096, 4096, 4096, 4096, 4096, 4096, 4096, 4096, 4096, 4096, 4096, 4096, 4096, 4096, 4096, 4096]","[2, 2, 2, 2, 2, 2, 2, 2, 2, 2, 2, 2, 2, 2, 2, 2, 2, 2, 2, 2, 2, 2, 2, 2, 2, 2, 2, 2, 2, 2, 2, 2]",32,1,20260829,float32,0.09119556747428784,PASS,511,compact,verify_d2,2.10.0.post4.dev20260715,2.10.0+cpu,4,3.2.0,b091d09e267569ce9e3df929901f3feaccc8ac45
swa,0.9999977350234985,0.0,0.00390625,34.77777862548828,0.00010889172699535266,0.0,c47f9bdcfb879eb73723521240a48a9bae99349d094a1fb82563535aabde82ec,True,b091d09e267569ce9e3df929901f3feaccc8ac45,"[64, 1]",64,native_NHD_then_page_head_token_dim_permute,0.9999977350234985,0.0,0.00390625,34.77777862548828,0.00010889172699535266,0.0,f70ab89eb4b0f99a03654153298587b38f22209f20916ac1e97e0f6e1454d198,True,True,9.1.0,"[4096, 4096, 4096, 4096, 4096, 4096, 4096, 4096, 4096, 4096, 4096, 4096, 4096, 4096, 4096, 4096, 4096, 4096, 4096, 4096, 4096, 4096, 4096, 4096, 4096, 4096, 4096, 4096, 4096, 4096, 4096, 4096, 4096, 4096, 4096, 4096]","[2, 2, 2, 2, 2, 2, 2, 2, 2, 2, 2, 2, 2, 2, 2, 2, 2, 2, 2, 2, 2, 2, 2, 2, 2, 2, 2, 2, 2, 2, 2, 2, 2, 2, 2, 2]",swa_verify_d2_m72_kv4096_uniform_compact_tp4,True,npu:5,5,Ascend950PR_957b,2,bfloat16,False,256,"[16384, 256, 256, 1]",4096,uniform,72,4096,28,1,6,56,64,1.0,0.0,0.0,0.0,0.0,325,3.11.10,72,"[1536, 256, 1]",36,correctness,"[4096, 4096, 4096, 4096, 4096, 4096, 4096, 4096, 4096, 4096, 4096, 4096, 4096, 4096, 4096, 4096, 4096, 4096, 4096, 4096, 4096, 4096, 4096, 4096, 4096, 4096, 4096, 4096, 4096, 4096, 4096, 4096, 4096, 4096, 4096, 4096]","[2, 2, 2, 2, 2, 2, 2, 2, 2, 2, 2, 2, 2, 2, 2, 2, 2, 2, 2, 2, 2, 2, 2, 2, 2, 2, 2, 2, 2, 2, 2, 2, 2, 2, 2, 2]",36,1,20260829,float32,0.09119556747428784,PASS,511,compact,verify_d2,2.10.0.post4.dev20260715,2.10.0+cpu,4,3.2.0,b091d09e267569ce9e3df929901f3feaccc8ac45
swa,0.9999978542327881,0.0,0.00390625,110.19222259521484,0.00010989140719175339,0.0,c47f9bdcfb879eb73723521240a48a9bae99349d094a1fb82563535aabde82ec,True,b091d09e267569ce9e3df929901f3feaccc8ac45,"[64, 1]",64,native_NHD_then_page_head_token_dim_permute,0.9999978542327881,0.0,0.00390625,110.19222259521484,0.00010989140719175339,0.0,f70ab89eb4b0f99a03654153298587b38f22209f20916ac1e97e0f6e1454d198,True,True,9.1.0,"[4096, 4096, 4096, 4096, 4096, 4096, 4096, 4096, 4096, 4096, 4096, 4096, 4096, 4096, 4096, 4096, 4096, 4096, 4096, 4096, 4096, 4096, 4096, 4096, 4096, 4096, 4096, 4096, 4096, 4096, 4096, 4096, 4096, 4096, 4096, 4096, 4096, 4096, 4096, 4096]","[2, 2, 2, 2, 2, 2, 2, 2, 2, 2, 2, 2, 2, 2, 2, 2, 2, 2, 2, 2, 2, 2, 2, 2, 2, 2, 2, 2, 2, 2, 2, 2, 2, 2, 2, 2, 2, 2, 2, 2]",swa_verify_d2_m80_kv4096_uniform_compact_tp4,True,npu:5,5,Ascend950PR_957b,2,bfloat16,False,256,"[16384, 256, 256, 1]",4096,uniform,80,4096,28,1,6,56,64,0.9999999403953552,0.0,0.0,0.0,0.0,361,3.11.10,80,"[1536, 256, 1]",40,correctness,"[4096, 4096, 4096, 4096, 4096, 4096, 4096, 4096, 4096, 4096, 4096, 4096, 4096, 4096, 4096, 4096, 4096, 4096, 4096, 4096, 4096, 4096, 4096, 4096, 4096, 4096, 4096, 4096, 4096, 4096, 4096, 4096, 4096, 4096, 4096, 4096, 4096, 4096, 4096, 4096]","[2, 2, 2, 2, 2, 2, 2, 2, 2, 2, 2, 2, 2, 2, 2, 2, 2, 2, 2, 2, 2, 2, 2, 2, 2, 2, 2, 2, 2, 2, 2, 2, 2, 2, 2, 2, 2, 2, 2, 2]",40,1,20260829,float32,0.09119556747428784,PASS,511,compact,verify_d2,2.10.0.post4.dev20260715,2.10.0+cpu,4,3.2.0,b091d09e267569ce9e3df929901f3feaccc8ac45
swa,0.9999978542327881,0.0,0.00390625,113.4000015258789,0.00010988591384375468,0.0,c47f9bdcfb879eb73723521240a48a9bae99349d094a1fb82563535aabde82ec,True,b091d09e267569ce9e3df929901f3feaccc8ac45,"[64, 1]",64,native_NHD_then_page_head_token_dim_permute,0.9999978542327881,0.0,0.00390625,113.4000015258789,0.00010988591384375468,0.0,f70ab89eb4b0f99a03654153298587b38f22209f20916ac1e97e0f6e1454d198,True,True,9.1.0,"[4096, 4096, 4096, 4096, 4096, 4096, 4096, 4096, 4096, 4096, 4096, 4096, 4096, 4096, 4096, 4096, 4096, 4096, 4096, 4096, 4096, 4096, 4096, 4096, 4096, 4096, 4096, 4096, 4096, 4096, 4096, 4096, 4096, 4096, 4096, 4096, 4096, 4096, 4096, 4096, 4096, 4096, 4096, 4096, 4096, 4096, 4096, 4096]","[2, 2, 2, 2, 2, 2, 2, 2, 2, 2, 2, 2, 2, 2, 2, 2, 2, 2, 2, 2, 2, 2, 2, 2, 2, 2, 2, 2, 2, 2, 2, 2, 2, 2, 2, 2, 2, 2, 2, 2, 2, 2, 2, 2, 2, 2, 2, 2]",swa_verify_d2_m96_kv4096_uniform_compact_tp4,True,npu:5,5,Ascend950PR_957b,2,bfloat16,False,256,"[16384, 256, 256, 1]",4096,uniform,96,4096,28,1,6,56,64,0.9999999403953552,0.0,0.0,0.0,0.0,433,3.11.10,96,"[1536, 256, 1]",48,correctness,"[4096, 4096, 4096, 4096, 4096, 4096, 4096, 4096, 4096, 4096, 4096, 4096, 4096, 4096, 4096, 4096, 4096, 4096, 4096, 4096, 4096, 4096, 4096, 4096, 4096, 4096, 4096, 4096, 4096, 4096, 4096, 4096, 4096, 4096, 4096, 4096, 4096, 4096, 4096, 4096, 4096, 4096, 4096, 4096, 4096, 4096, 4096, 4096]","[2, 2, 2, 2, 2, 2, 2, 2, 2, 2, 2, 2, 2, 2, 2, 2, 2, 2, 2, 2, 2, 2, 2, 2, 2, 2, 2, 2, 2, 2, 2, 2, 2, 2, 2, 2, 2, 2, 2, 2, 2, 2, 2, 2, 2, 2, 2, 2]",48,1,20260829,float32,0.09119556747428784,PASS,511,compact,verify_d2,2.10.0.post4.dev20260715,2.10.0+cpu,4,3.2.0,b091d09e267569ce9e3df929901f3feaccc8ac45
swa,0.9999980926513672,0.0,0.00390625,88.6246566772461,0.00010981019295286387,0.0,c47f9bdcfb879eb73723521240a48a9bae99349d094a1fb82563535aabde82ec,True,b091d09e267569ce9e3df929901f3feaccc8ac45,"[64, 1]",64,native_NHD_then_page_head_token_dim_permute,0.9999980926513672,0.0,0.00390625,88.6246566772461,0.00010981019295286387,0.0,f70ab89eb4b0f99a03654153298587b38f22209f20916ac1e97e0f6e1454d198,True,True,9.1.0,"[4096, 4096, 4096, 4096, 4096, 4096, 4096, 4096, 4096, 4096, 4096, 4096, 4096, 4096, 4096, 4096, 4096, 4096, 4096, 4096, 4096, 4096, 4096, 4096, 4096, 4096, 4096, 4096, 4096, 4096, 4096, 4096, 4096, 4096, 4096, 4096, 4096, 4096, 4096, 4096, 4096, 4096, 4096, 4096, 4096, 4096, 4096, 4096, 4096, 4096, 4096, 4096, 4096, 4096, 4096, 4096]","[2, 2, 2, 2, 2, 2, 2, 2, 2, 2, 2, 2, 2, 2, 2, 2, 2, 2, 2, 2, 2, 2, 2, 2, 2, 2, 2, 2, 2, 2, 2, 2, 2, 2, 2, 2, 2, 2, 2, 2, 2, 2, 2, 2, 2, 2, 2, 2, 2, 2, 2, 2, 2, 2, 2, 2]",swa_verify_d2_m112_kv4096_uniform_compact_tp4,True,npu:5,5,Ascend950PR_957b,2,bfloat16,False,256,"[16384, 256, 256, 1]",4096,uniform,112,4096,28,1,6,56,64,1.0000001192092896,0.0,0.0,0.0,0.0,505,3.11.10,112,"[1536, 256, 1]",56,correctness,"[4096, 4096, 4096, 4096, 4096, 4096, 4096, 4096, 4096, 4096, 4096, 4096, 4096, 4096, 4096, 4096, 4096, 4096, 4096, 4096, 4096, 4096, 4096, 4096, 4096, 4096, 4096, 4096, 4096, 4096, 4096, 4096, 4096, 4096, 4096, 4096, 4096, 4096, 4096, 4096, 4096, 4096, 4096, 4096, 4096, 4096, 4096, 4096, 4096, 4096, 4096, 4096, 4096, 4096, 4096, 4096]","[2, 2, 2, 2, 2, 2, 2, 2, 2, 2, 2, 2, 2, 2, 2, 2, 2, 2, 2, 2, 2, 2, 2, 2, 2, 2, 2, 2, 2, 2, 2, 2, 2, 2, 2, 2, 2, 2, 2, 2, 2, 2, 2, 2, 2, 2, 2, 2, 2, 2, 2, 2, 2, 2, 2, 2]",56,1,20260829,float32,0.09119556747428784,PASS,511,compact,verify_d2,2.10.0.post4.dev20260715,2.10.0+cpu,4,3.2.0,b091d09e267569ce9e3df929901f3feaccc8ac45
full,0.9999974370002747,0.2647440414875746,0.0009765625,1.8053691387176514,4.8156613047467545e-05,0.0,c47f9bdcfb879eb73723521240a48a9bae99349d094a1fb82563535aabde82ec,True,b091d09e267569ce9e3df929901f3feaccc8ac45,"[64, 1]",64,native_NHD_then_page_head_token_dim_permute,0.9999974370002747,0.2340648788958788,0.0009765625,1.8053691387176514,4.8156613047467545e-05,0.0,f70ab89eb4b0f99a03654153298587b38f22209f20916ac1e97e0f6e1454d198,True,True,9.1.0,[4096],[3],full_verify_d3_m3_kv4096_uniform_compact_tp4,True,npu:5,5,Ascend950PR_957b,3,bfloat16,False,256,"[16384, 256, 256, 1]",4096,uniform,3,4096,28,1,6,56,64,1.0,0.0,0.0,0.0,0.0,65,3.11.10,3,"[1536, 256, 1]",1,correctness,[4096],[3],1,1,20260829,float32,0.09119556747428784,PASS,,compact,verify_d3,2.10.0.post4.dev20260715,2.10.0+cpu,4,3.2.0,b091d09e267569ce9e3df929901f3feaccc8ac45
full,0.9999973773956299,0.22566597908735275,0.0009765625,107.16470336914062,4.707729021902196e-05,0.0,c47f9bdcfb879eb73723521240a48a9bae99349d094a1fb82563535aabde82ec,True,b091d09e267569ce9e3df929901f3feaccc8ac45,"[64, 1]",64,native_NHD_then_page_head_token_dim_permute,0.9999973773956299,0.22626598365604877,0.0009765625,107.16470336914062,4.707729021902196e-05,0.0,f70ab89eb4b0f99a03654153298587b38f22209f20916ac1e97e0f6e1454d198,True,True,9.1.0,"[4096, 4096]","[3, 3]",full_verify_d3_m6_kv4096_uniform_compact_tp4,True,npu:5,5,Ascend950PR_957b,3,bfloat16,False,256,"[16384, 256, 256, 1]",4096,uniform,6,4096,28,1,6,56,64,1.0,0.0,0.0,0.0,0.0,129,3.11.10,6,"[1536, 256, 1]",2,correctness,"[4096, 4096]","[3, 3]",2,1,20260829,float32,0.09119556747428784,PASS,,compact,verify_d3,2.10.0.post4.dev20260715,2.10.0+cpu,4,3.2.0,b091d09e267569ce9e3df929901f3feaccc8ac45
full,0.9999974370002747,0.2482051495462656,0.0009765625,102.80683898925781,4.695057941717096e-05,0.0,c47f9bdcfb879eb73723521240a48a9bae99349d094a1fb82563535aabde82ec,True,b091d09e267569ce9e3df929901f3feaccc8ac45,"[64, 1]",64,native_NHD_then_page_head_token_dim_permute,0.9999974370002747,0.23486604914069176,0.0009765625,102.80683898925781,4.695057941717096e-05,0.0,f70ab89eb4b0f99a03654153298587b38f22209f20916ac1e97e0f6e1454d198,True,True,9.1.0,"[4096, 4096, 4096, 4096]","[3, 3, 3, 3]",full_verify_d3_m12_kv4096_uniform_compact_tp4,True,npu:5,5,Ascend950PR_957b,3,bfloat16,False,256,"[16384, 256, 256, 1]",4096,uniform,12,4096,28,1,6,56,64,0.9999999403953552,0.0,0.0,0.0,0.0,257,3.11.10,12,"[1536, 256, 1]",4,correctness,"[4096, 4096, 4096, 4096]","[3, 3, 3, 3]",4,1,20260829,float32,0.09119556747428784,PASS,,compact,verify_d3,2.10.0.post4.dev20260715,2.10.0+cpu,4,3.2.0,b091d09e267569ce9e3df929901f3feaccc8ac45
full,0.9999974370002747,0.2697438467293978,0.0009765625,43.5523681640625,4.7740413720021024e-05,0.0,c47f9bdcfb879eb73723521240a48a9bae99349d094a1fb82563535aabde82ec,True,b091d09e267569ce9e3df929901f3feaccc8ac45,"[64, 1]",64,native_NHD_then_page_head_token_dim_permute,0.9999974370002747,0.32190303318202496,0.0009765625,43.5523681640625,4.7740413720021024e-05,0.0,f70ab89eb4b0f99a03654153298587b38f22209f20916ac1e97e0f6e1454d198,True,True,9.1.0,"[4096, 4096, 4096, 4096, 4096, 4096, 4096, 4096]","[3, 3, 3, 3, 3, 3, 3, 3]",full_verify_d3_m24_kv4096_uniform_compact_tp4,True,npu:5,5,Ascend950PR_957b,3,bfloat16,False,256,"[16384, 256, 256, 1]",4096,uniform,24,4096,28,1,6,56,64,1.0,0.0,0.0,0.0,0.0,513,3.11.10,24,"[1536, 256, 1]",8,correctness,"[4096, 4096, 4096, 4096, 4096, 4096, 4096, 4096]","[3, 3, 3, 3, 3, 3, 3, 3]",8,1,20260829,float32,0.09119556747428784,PASS,,compact,verify_d3,2.10.0.post4.dev20260715,2.10.0+cpu,4,3.2.0,b091d09e267569ce9e3df929901f3feaccc8ac45
full,0.9999974966049194,0.2844240516424179,0.0009765625,131.4654998779297,4.688234184868634e-05,0.0,c47f9bdcfb879eb73723521240a48a9bae99349d094a1fb82563535aabde82ec,True,b091d09e267569ce9e3df929901f3feaccc8ac45,"[64, 1]",64,native_NHD_then_page_head_token_dim_permute,0.9999974966049194,0.4270009230822325,0.0009765625,131.4654998779297,4.688234184868634e-05,0.0,f70ab89eb4b0f99a03654153298587b38f22209f20916ac1e97e0f6e1454d198,True,True,9.1.0,"[4096, 4096, 4096, 4096, 4096, 4096, 4096, 4096, 4096, 4096, 4096, 4096]","[3, 3, 3, 3, 3, 3, 3, 3, 3, 3, 3, 3]",full_verify_d3_m36_kv4096_uniform_compact_tp4,True,npu:5,5,Ascend950PR_957b,3,bfloat16,False,256,"[16384, 256, 256, 1]",4096,uniform,36,4096,28,1,6,56,64,1.0,0.0,0.0,0.0,0.0,769,3.11.10,36,"[1536, 256, 1]",12,correctness,"[4096, 4096, 4096, 4096, 4096, 4096, 4096, 4096, 4096, 4096, 4096, 4096]","[3, 3, 3, 3, 3, 3, 3, 3, 3, 3, 3, 3]",12,1,20260829,float32,0.09119556747428784,PASS,,compact,verify_d3,2.10.0.post4.dev20260715,2.10.0+cpu,4,3.2.0,b091d09e267569ce9e3df929901f3feaccc8ac45
full,0.9999973773956299,0.32103294506669044,0.001953125,19.122699737548828,4.804473792319186e-05,0.0,c47f9bdcfb879eb73723521240a48a9bae99349d094a1fb82563535aabde82ec,True,b091d09e267569ce9e3df929901f3feaccc8ac45,"[64, 1]",64,native_NHD_then_page_head_token_dim_permute,0.9999973773956299,0.5095298402011395,0.001953125,19.122699737548828,4.804473792319186e-05,0.0,f70ab89eb4b0f99a03654153298587b38f22209f20916ac1e97e0f6e1454d198,True,True,9.1.0,"[4096, 4096, 4096, 4096, 4096, 4096, 4096, 4096, 4096, 4096, 4096, 4096, 4096, 4096, 4096, 4096]","[3, 3, 3, 3, 3, 3, 3, 3, 3, 3, 3, 3, 3, 3, 3, 3]",full_verify_d3_m48_kv4096_uniform_compact_tp4,True,npu:5,5,Ascend950PR_957b,3,bfloat16,False,256,"[16384, 256, 256, 1]",4096,uniform,48,4096,28,1,6,56,64,0.9999998807907104,0.0,0.0,0.0,0.0,1025,3.11.10,48,"[1536, 256, 1]",16,correctness,"[4096, 4096, 4096, 4096, 4096, 4096, 4096, 4096, 4096, 4096, 4096, 4096, 4096, 4096, 4096, 4096]","[3, 3, 3, 3, 3, 3, 3, 3, 3, 3, 3, 3, 3, 3, 3, 3]",16,1,20260829,float32,0.09119556747428784,PASS,,compact,verify_d3,2.10.0.post4.dev20260715,2.10.0+cpu,4,3.2.0,b091d09e267569ce9e3df929901f3feaccc8ac45
full,0.9999974370002747,0.36924309097230434,0.001953125,77.3448257446289,4.804261334356852e-05,0.0,c47f9bdcfb879eb73723521240a48a9bae99349d094a1fb82563535aabde82ec,True,b091d09e267569ce9e3df929901f3feaccc8ac45,"[64, 1]",64,native_NHD_then_page_head_token_dim_permute,0.9999974370002747,0.7054151501506567,0.001953125,77.3448257446289,4.804261334356852e-05,0.0,f70ab89eb4b0f99a03654153298587b38f22209f20916ac1e97e0f6e1454d198,True,True,9.1.0,"[4096, 4096, 4096, 4096, 4096, 4096, 4096, 4096, 4096, 4096, 4096, 4096, 4096, 4096, 4096, 4096, 4096, 4096, 4096, 4096, 4096, 4096, 4096, 4096]","[3, 3, 3, 3, 3, 3, 3, 3, 3, 3, 3, 3, 3, 3, 3, 3, 3, 3, 3, 3, 3, 3, 3, 3]",full_verify_d3_m72_kv4096_uniform_compact_tp4,True,npu:5,5,Ascend950PR_957b,3,bfloat16,False,256,"[16384, 256, 256, 1]",4096,uniform,72,4096,28,1,6,56,64,1.0,0.0,0.0,0.0,0.0,1537,3.11.10,72,"[1536, 256, 1]",24,correctness,"[4096, 4096, 4096, 4096, 4096, 4096, 4096, 4096, 4096, 4096, 4096, 4096, 4096, 4096, 4096, 4096, 4096, 4096, 4096, 4096, 4096, 4096, 4096, 4096]","[3, 3, 3, 3, 3, 3, 3, 3, 3, 3, 3, 3, 3, 3, 3, 3, 3, 3, 3, 3, 3, 3, 3, 3]",24,1,20260829,float32,0.09119556747428784,PASS,,compact,verify_d3,2.10.0.post4.dev20260715,2.10.0+cpu,4,3.2.0,b091d09e267569ce9e3df929901f3feaccc8ac45
full,0.9999974966049194,0.43168081901967525,0.0009765625,103.24921417236328,4.751678352477029e-05,0.0,c47f9bdcfb879eb73723521240a48a9bae99349d094a1fb82563535aabde82ec,True,b091d09e267569ce9e3df929901f3feaccc8ac45,"[64, 1]",64,native_NHD_then_page_head_token_dim_permute,0.9999974966049194,0.8259129244834185,0.0009765625,103.24921417236328,4.751678352477029e-05,0.0,f70ab89eb4b0f99a03654153298587b38f22209f20916ac1e97e0f6e1454d198,True,True,9.1.0,"[4096, 4096, 4096, 4096, 4096, 4096, 4096, 4096, 4096, 4096, 4096, 4096, 4096, 4096, 4096, 4096, 4096, 4096, 4096, 4096, 4096, 4096, 4096, 4096, 4096, 4096, 4096, 4096, 4096, 4096, 4096, 4096]","[3, 3, 3, 3, 3, 3, 3, 3, 3, 3, 3, 3, 3, 3, 3, 3, 3, 3, 3, 3, 3, 3, 3, 3, 3, 3, 3, 3, 3, 3, 3, 3]",full_verify_d3_m96_kv4096_uniform_compact_tp4,True,npu:5,5,Ascend950PR_957b,3,bfloat16,False,256,"[16384, 256, 256, 1]",4096,uniform,96,4096,28,1,6,56,64,1.0,0.0,0.0,0.0,0.0,2049,3.11.10,96,"[1536, 256, 1]",32,correctness,"[4096, 4096, 4096, 4096, 4096, 4096, 4096, 4096, 4096, 4096, 4096, 4096, 4096, 4096, 4096, 4096, 4096, 4096, 4096, 4096, 4096, 4096, 4096, 4096, 4096, 4096, 4096, 4096, 4096, 4096, 4096, 4096]","[3, 3, 3, 3, 3, 3, 3, 3, 3, 3, 3, 3, 3, 3, 3, 3, 3, 3, 3, 3, 3, 3, 3, 3, 3, 3, 3, 3, 3, 3, 3, 3]",32,1,20260829,float32,0.09119556747428784,PASS,,compact,verify_d3,2.10.0.post4.dev20260715,2.10.0+cpu,4,3.2.0,b091d09e267569ce9e3df929901f3feaccc8ac45
full,0.9999973773956299,0.4803100600838661,0.0009765625,69.66292572021484,4.749418803839944e-05,0.0,c47f9bdcfb879eb73723521240a48a9bae99349d094a1fb82563535aabde82ec,True,b091d09e267569ce9e3df929901f3feaccc8ac45,"[64, 1]",64,native_NHD_then_page_head_token_dim_permute,0.9999973773956299,0.9124809876084328,0.0009765625,69.66292572021484,4.749418803839944e-05,0.0,f70ab89eb4b0f99a03654153298587b38f22209f20916ac1e97e0f6e1454d198,True,True,9.1.0,"[4096, 4096, 4096, 4096, 4096, 4096, 4096, 4096, 4096, 4096, 4096, 4096, 4096, 4096, 4096, 4096, 4096, 4096, 4096, 4096, 4096, 4096, 4096, 4096, 4096, 4096, 4096, 4096, 4096, 4096, 4096, 4096, 4096, 4096, 4096, 4096]","[3, 3, 3, 3, 3, 3, 3, 3, 3, 3, 3, 3, 3, 3, 3, 3, 3, 3, 3, 3, 3, 3, 3, 3, 3, 3, 3, 3, 3, 3, 3, 3, 3, 3, 3, 3]",full_verify_d3_m108_kv4096_uniform_compact_tp4,True,npu:5,5,Ascend950PR_957b,3,bfloat16,False,256,"[16384, 256, 256, 1]",4096,uniform,108,4096,28,1,6,56,64,0.9999999403953552,0.0,0.0,0.0,0.0,2305,3.11.10,108,"[1536, 256, 1]",36,correctness,"[4096, 4096, 4096, 4096, 4096, 4096, 4096, 4096, 4096, 4096, 4096, 4096, 4096, 4096, 4096, 4096, 4096, 4096, 4096, 4096, 4096, 4096, 4096, 4096, 4096, 4096, 4096, 4096, 4096, 4096, 4096, 4096, 4096, 4096, 4096, 4096]","[3, 3, 3, 3, 3, 3, 3, 3, 3, 3, 3, 3, 3, 3, 3, 3, 3, 3, 3, 3, 3, 3, 3, 3, 3, 3, 3, 3, 3, 3, 3, 3, 3, 3, 3, 3]",36,1,20260829,float32,0.09119556747428784,PASS,,compact,verify_d3,2.10.0.post4.dev20260715,2.10.0+cpu,4,3.2.0,b091d09e267569ce9e3df929901f3feaccc8ac45
full,0.9999974966049194,0.517598818987608,0.001953125,81.06977081298828,4.7518478822894394e-05,0.0,c47f9bdcfb879eb73723521240a48a9bae99349d094a1fb82563535aabde82ec,True,b091d09e267569ce9e3df929901f3feaccc8ac45,"[64, 1]",64,native_NHD_then_page_head_token_dim_permute,0.9999974966049194,1.0254390072077513,0.001953125,81.06977081298828,4.7518478822894394e-05,0.0,f70ab89eb4b0f99a03654153298587b38f22209f20916ac1e97e0f6e1454d198,True,True,9.1.0,"[4096, 4096, 4096, 4096, 4096, 4096, 4096, 4096, 4096, 4096, 4096, 4096, 4096, 4096, 4096, 4096, 4096, 4096, 4096, 4096, 4096, 4096, 4096, 4096, 4096, 4096, 4096, 4096, 4096, 4096, 4096, 4096, 4096, 4096, 4096, 4096, 4096, 4096, 4096, 4096]","[3, 3, 3, 3, 3, 3, 3, 3, 3, 3, 3, 3, 3, 3, 3, 3, 3, 3, 3, 3, 3, 3, 3, 3, 3, 3, 3, 3, 3, 3, 3, 3, 3, 3, 3, 3, 3, 3, 3, 3]",full_verify_d3_m120_kv4096_uniform_compact_tp4,True,npu:5,5,Ascend950PR_957b,3,bfloat16,False,256,"[16384, 256, 256, 1]",4096,uniform,120,4096,28,1,6,56,64,1.0,0.0,0.0,0.0,0.0,2561,3.11.10,120,"[1536, 256, 1]",40,correctness,"[4096, 4096, 4096, 4096, 4096, 4096, 4096, 4096, 4096, 4096, 4096, 4096, 4096, 4096, 4096, 4096, 4096, 4096, 4096, 4096, 4096, 4096, 4096, 4096, 4096, 4096, 4096, 4096, 4096, 4096, 4096, 4096, 4096, 4096, 4096, 4096, 4096, 4096, 4096, 4096]","[3, 3, 3, 3, 3, 3, 3, 3, 3, 3, 3, 3, 3, 3, 3, 3, 3, 3, 3, 3, 3, 3, 3, 3, 3, 3, 3, 3, 3, 3, 3, 3, 3, 3, 3, 3, 3, 3, 3, 3]",40,1,20260829,float32,0.09119556747428784,PASS,,compact,verify_d3,2.10.0.post4.dev20260715,2.10.0+cpu,4,3.2.0,b091d09e267569ce9e3df929901f3feaccc8ac45
full,0.9999974370002747,0.5712180864065886,0.001953125,61.59394836425781,4.779957816936076e-05,0.0,c47f9bdcfb879eb73723521240a48a9bae99349d094a1fb82563535aabde82ec,True,b091d09e267569ce9e3df929901f3feaccc8ac45,"[64, 1]",64,native_NHD_then_page_head_token_dim_permute,0.9999974370002747,1.2042250018566847,0.001953125,61.59394836425781,4.779957816936076e-05,0.0,f70ab89eb4b0f99a03654153298587b38f22209f20916ac1e97e0f6e1454d198,True,True,9.1.0,"[4096, 4096, 4096, 4096, 4096, 4096, 4096, 4096, 4096, 4096, 4096, 4096, 4096, 4096, 4096, 4096, 4096, 4096, 4096, 4096, 4096, 4096, 4096, 4096, 4096, 4096, 4096, 4096, 4096, 4096, 4096, 4096, 4096, 4096, 4096, 4096, 4096, 4096, 4096, 4096, 4096, 4096, 4096, 4096, 4096, 4096, 4096, 4096]","[3, 3, 3, 3, 3, 3, 3, 3, 3, 3, 3, 3, 3, 3, 3, 3, 3, 3, 3, 3, 3, 3, 3, 3, 3, 3, 3, 3, 3, 3, 3, 3, 3, 3, 3, 3, 3, 3, 3, 3, 3, 3, 3, 3, 3, 3, 3, 3]",full_verify_d3_m144_kv4096_uniform_compact_tp4,True,npu:5,5,Ascend950PR_957b,3,bfloat16,False,256,"[16384, 256, 256, 1]",4096,uniform,144,4096,28,1,6,56,64,1.0,0.0,0.0,0.0,0.0,3073,3.11.10,144,"[1536, 256, 1]",48,correctness,"[4096, 4096, 4096, 4096, 4096, 4096, 4096, 4096, 4096, 4096, 4096, 4096, 4096, 4096, 4096, 4096, 4096, 4096, 4096, 4096, 4096, 4096, 4096, 4096, 4096, 4096, 4096, 4096, 4096, 4096, 4096, 4096, 4096, 4096, 4096, 4096, 4096, 4096, 4096, 4096, 4096, 4096, 4096, 4096, 4096, 4096, 4096, 4096]","[3, 3, 3, 3, 3, 3, 3, 3, 3, 3, 3, 3, 3, 3, 3, 3, 3, 3, 3, 3, 3, 3, 3, 3, 3, 3, 3, 3, 3, 3, 3, 3, 3, 3, 3, 3, 3, 3, 3, 3, 3, 3, 3, 3, 3, 3, 3, 3]",48,1,20260829,float32,0.09119556747428784,PASS,,compact,verify_d3,2.10.0.post4.dev20260715,2.10.0+cpu,4,3.2.0,b091d09e267569ce9e3df929901f3feaccc8ac45
full,0.999997615814209,0.6465560290962458,0.001953125,124.49919891357422,4.754785550176166e-05,0.0,c47f9bdcfb879eb73723521240a48a9bae99349d094a1fb82563535aabde82ec,True,b091d09e267569ce9e3df929901f3feaccc8ac45,"[64, 1]",64,native_NHD_then_page_head_token_dim_permute,0.999997615814209,1.3050429988652468,0.001953125,124.49919891357422,4.754785550176166e-05,0.0,f70ab89eb4b0f99a03654153298587b38f22209f20916ac1e97e0f6e1454d198,True,True,9.1.0,"[4096, 4096, 4096, 4096, 4096, 4096, 4096, 4096, 4096, 4096, 4096, 4096, 4096, 4096, 4096, 4096, 4096, 4096, 4096, 4096, 4096, 4096, 4096, 4096, 4096, 4096, 4096, 4096, 4096, 4096, 4096, 4096, 4096, 4096, 4096, 4096, 4096, 4096, 4096, 4096, 4096, 4096, 4096, 4096, 4096, 4096, 4096, 4096, 4096, 4096, 4096, 4096, 4096, 4096, 4096, 4096]","[3, 3, 3, 3, 3, 3, 3, 3, 3, 3, 3, 3, 3, 3, 3, 3, 3, 3, 3, 3, 3, 3, 3, 3, 3, 3, 3, 3, 3, 3, 3, 3, 3, 3, 3, 3, 3, 3, 3, 3, 3, 3, 3, 3, 3, 3, 3, 3, 3, 3, 3, 3, 3, 3, 3, 3]",full_verify_d3_m168_kv4096_uniform_compact_tp4,True,npu:5,5,Ascend950PR_957b,3,bfloat16,False,256,"[16384, 256, 256, 1]",4096,uniform,168,4096,28,1,6,56,64,1.000000238418579,0.0,0.0,0.0,0.0,3585,3.11.10,168,"[1536, 256, 1]",56,correctness,"[4096, 4096, 4096, 4096, 4096, 4096, 4096, 4096, 4096, 4096, 4096, 4096, 4096, 4096, 4096, 4096, 4096, 4096, 4096, 4096, 4096, 4096, 4096, 4096, 4096, 4096, 4096, 4096, 4096, 4096, 4096, 4096, 4096, 4096, 4096, 4096, 4096, 4096, 4096, 4096, 4096, 4096, 4096, 4096, 4096, 4096, 4096, 4096, 4096, 4096, 4096, 4096, 4096, 4096, 4096, 4096]","[3, 3, 3, 3, 3, 3, 3, 3, 3, 3, 3, 3, 3, 3, 3, 3, 3, 3, 3, 3, 3, 3, 3, 3, 3, 3, 3, 3, 3, 3, 3, 3, 3, 3, 3, 3, 3, 3, 3, 3, 3, 3, 3, 3, 3, 3, 3, 3, 3, 3, 3, 3, 3, 3, 3, 3]",56,1,20260829,float32,0.09119556747428784,PASS,,compact,verify_d3,2.10.0.post4.dev20260715,2.10.0+cpu,4,3.2.0,b091d09e267569ce9e3df929901f3feaccc8ac45
swa,0.9999978542327881,0.0,0.001953125,3.4526748657226562,0.00010298987763235345,0.0,c47f9bdcfb879eb73723521240a48a9bae99349d094a1fb82563535aabde82ec,True,b091d09e267569ce9e3df929901f3feaccc8ac45,"[64, 1]",64,native_NHD_then_page_head_token_dim_permute,0.9999978542327881,0.0,0.001953125,3.4526748657226562,0.00010298987763235345,0.0,f70ab89eb4b0f99a03654153298587b38f22209f20916ac1e97e0f6e1454d198,True,True,9.1.0,[4096],[3],swa_verify_d3_m3_kv4096_uniform_compact_tp4,True,npu:5,5,Ascend950PR_957b,3,bfloat16,False,256,"[16384, 256, 256, 1]",4096,uniform,3,4096,28,1,6,56,64,1.0,0.0,0.0,0.0,0.0,10,3.11.10,3,"[1536, 256, 1]",1,correctness,[4096],[3],1,1,20260829,float32,0.09119556747428784,PASS,511,compact,verify_d3,2.10.0.post4.dev20260715,2.10.0+cpu,4,3.2.0,b091d09e267569ce9e3df929901f3feaccc8ac45
swa,0.9999977350234985,0.0,0.001953125,34.53191375732422,0.00011610201181611046,0.0,c47f9bdcfb879eb73723521240a48a9bae99349d094a1fb82563535aabde82ec,True,b091d09e267569ce9e3df929901f3feaccc8ac45,"[64, 1]",64,native_NHD_then_page_head_token_dim_permute,0.9999977350234985,0.0,0.001953125,34.53191375732422,0.00011610201181611046,0.0,f70ab89eb4b0f99a03654153298587b38f22209f20916ac1e97e0f6e1454d198,True,True,9.1.0,"[4096, 4096]","[3, 3]",swa_verify_d3_m6_kv4096_uniform_compact_tp4,True,npu:5,5,Ascend950PR_957b,3,bfloat16,False,256,"[16384, 256, 256, 1]",4096,uniform,6,4096,28,1,6,56,64,1.0,0.0,0.0,0.0,0.0,19,3.11.10,6,"[1536, 256, 1]",2,correctness,"[4096, 4096]","[3, 3]",2,1,20260829,float32,0.09119556747428784,PASS,511,compact,verify_d3,2.10.0.post4.dev20260715,2.10.0+cpu,4,3.2.0,b091d09e267569ce9e3df929901f3feaccc8ac45
swa,0.9999979734420776,0.0,0.00390625,259.19732666015625,0.00011088311293860897,0.0,c47f9bdcfb879eb73723521240a48a9bae99349d094a1fb82563535aabde82ec,True,b091d09e267569ce9e3df929901f3feaccc8ac45,"[64, 1]",64,native_NHD_then_page_head_token_dim_permute,0.9999979734420776,0.0,0.00390625,259.19732666015625,0.00011088311293860897,0.0,f70ab89eb4b0f99a03654153298587b38f22209f20916ac1e97e0f6e1454d198,True,True,9.1.0,"[4096, 4096, 4096, 4096]","[3, 3, 3, 3]",swa_verify_d3_m12_kv4096_uniform_compact_tp4,True,npu:5,5,Ascend950PR_957b,3,bfloat16,False,256,"[16384, 256, 256, 1]",4096,uniform,12,4096,28,1,6,56,64,1.0,0.0,0.0,0.0,0.0,37,3.11.10,12,"[1536, 256, 1]",4,correctness,"[4096, 4096, 4096, 4096]","[3, 3, 3, 3]",4,1,20260829,float32,0.09119556747428784,PASS,511,compact,verify_d3,2.10.0.post4.dev20260715,2.10.0+cpu,4,3.2.0,b091d09e267569ce9e3df929901f3feaccc8ac45
swa,0.9999977946281433,0.0,0.001953125,71.5882339477539,0.00011102300049969926,0.0,c47f9bdcfb879eb73723521240a48a9bae99349d094a1fb82563535aabde82ec,True,b091d09e267569ce9e3df929901f3feaccc8ac45,"[64, 1]",64,native_NHD_then_page_head_token_dim_permute,0.9999977946281433,0.0,0.001953125,71.5882339477539,0.00011102300049969926,0.0,f70ab89eb4b0f99a03654153298587b38f22209f20916ac1e97e0f6e1454d198,True,True,9.1.0,"[4096, 4096, 4096, 4096, 4096, 4096, 4096, 4096]","[3, 3, 3, 3, 3, 3, 3, 3]",swa_verify_d3_m24_kv4096_uniform_compact_tp4,True,npu:5,5,Ascend950PR_957b,3,bfloat16,False,256,"[16384, 256, 256, 1]",4096,uniform,24,4096,28,1,6,56,64,1.0,0.0,0.0,0.0,0.0,73,3.11.10,24,"[1536, 256, 1]",8,correctness,"[4096, 4096, 4096, 4096, 4096, 4096, 4096, 4096]","[3, 3, 3, 3, 3, 3, 3, 3]",8,1,20260829,float32,0.09119556747428784,PASS,511,compact,verify_d3,2.10.0.post4.dev20260715,2.10.0+cpu,4,3.2.0,b091d09e267569ce9e3df929901f3feaccc8ac45
swa,0.9999978542327881,0.0,0.00390625,20.81818199157715,0.00011330506822559983,0.0,c47f9bdcfb879eb73723521240a48a9bae99349d094a1fb82563535aabde82ec,True,b091d09e267569ce9e3df929901f3feaccc8ac45,"[64, 1]",64,native_NHD_then_page_head_token_dim_permute,0.9999978542327881,0.0,0.00390625,20.81818199157715,0.00011330506822559983,0.0,f70ab89eb4b0f99a03654153298587b38f22209f20916ac1e97e0f6e1454d198,True,True,9.1.0,"[4096, 4096, 4096, 4096, 4096, 4096, 4096, 4096, 4096, 4096, 4096, 4096]","[3, 3, 3, 3, 3, 3, 3, 3, 3, 3, 3, 3]",swa_verify_d3_m36_kv4096_uniform_compact_tp4,True,npu:5,5,Ascend950PR_957b,3,bfloat16,False,256,"[16384, 256, 256, 1]",4096,uniform,36,4096,28,1,6,56,64,1.0,0.0,0.0,0.0,0.0,109,3.11.10,36,"[1536, 256, 1]",12,correctness,"[4096, 4096, 4096, 4096, 4096, 4096, 4096, 4096, 4096, 4096, 4096, 4096]","[3, 3, 3, 3, 3, 3, 3, 3, 3, 3, 3, 3]",12,1,20260829,float32,0.09119556747428784,PASS,511,compact,verify_d3,2.10.0.post4.dev20260715,2.10.0+cpu,4,3.2.0,b091d09e267569ce9e3df929901f3feaccc8ac45
swa,0.9999978542327881,0.0,0.00390625,96.4887466430664,0.00011091030319221318,0.0,c47f9bdcfb879eb73723521240a48a9bae99349d094a1fb82563535aabde82ec,True,b091d09e267569ce9e3df929901f3feaccc8ac45,"[64, 1]",64,native_NHD_then_page_head_token_dim_permute,0.9999978542327881,0.0,0.00390625,96.4887466430664,0.00011091030319221318,0.0,f70ab89eb4b0f99a03654153298587b38f22209f20916ac1e97e0f6e1454d198,True,True,9.1.0,"[4096, 4096, 4096, 4096, 4096, 4096, 4096, 4096, 4096, 4096, 4096, 4096, 4096, 4096, 4096, 4096]","[3, 3, 3, 3, 3, 3, 3, 3, 3, 3, 3, 3, 3, 3, 3, 3]",swa_verify_d3_m48_kv4096_uniform_compact_tp4,True,npu:5,5,Ascend950PR_957b,3,bfloat16,False,256,"[16384, 256, 256, 1]",4096,uniform,48,4096,28,1,6,56,64,1.0,0.0,0.0,0.0,0.0,145,3.11.10,48,"[1536, 256, 1]",16,correctness,"[4096, 4096, 4096, 4096, 4096, 4096, 4096, 4096, 4096, 4096, 4096, 4096, 4096, 4096, 4096, 4096]","[3, 3, 3, 3, 3, 3, 3, 3, 3, 3, 3, 3, 3, 3, 3, 3]",16,1,20260829,float32,0.09119556747428784,PASS,511,compact,verify_d3,2.10.0.post4.dev20260715,2.10.0+cpu,4,3.2.0,b091d09e267569ce9e3df929901f3feaccc8ac45
swa,0.9999979138374329,0.0,0.00390625,174.38182067871094,0.00010969889262923971,0.0,c47f9bdcfb879eb73723521240a48a9bae99349d094a1fb82563535aabde82ec,True,b091d09e267569ce9e3df929901f3feaccc8ac45,"[64, 1]",64,native_NHD_then_page_head_token_dim_permute,0.9999979138374329,0.0,0.00390625,174.38182067871094,0.00010969889262923971,0.0,f70ab89eb4b0f99a03654153298587b38f22209f20916ac1e97e0f6e1454d198,True,True,9.1.0,"[4096, 4096, 4096, 4096, 4096, 4096, 4096, 4096, 4096, 4096, 4096, 4096, 4096, 4096, 4096, 4096, 4096, 4096, 4096, 4096, 4096, 4096, 4096, 4096]","[3, 3, 3, 3, 3, 3, 3, 3, 3, 3, 3, 3, 3, 3, 3, 3, 3, 3, 3, 3, 3, 3, 3, 3]",swa_verify_d3_m72_kv4096_uniform_compact_tp4,True,npu:5,5,Ascend950PR_957b,3,bfloat16,False,256,"[16384, 256, 256, 1]",4096,uniform,72,4096,28,1,6,56,64,1.0,0.0,0.0,0.0,0.0,217,3.11.10,72,"[1536, 256, 1]",24,correctness,"[4096, 4096, 4096, 4096, 4096, 4096, 4096, 4096, 4096, 4096, 4096, 4096, 4096, 4096, 4096, 4096, 4096, 4096, 4096, 4096, 4096, 4096, 4096, 4096]","[3, 3, 3, 3, 3, 3, 3, 3, 3, 3, 3, 3, 3, 3, 3, 3, 3, 3, 3, 3, 3, 3, 3, 3]",24,1,20260829,float32,0.09119556747428784,PASS,511,compact,verify_d3,2.10.0.post4.dev20260715,2.10.0+cpu,4,3.2.0,b091d09e267569ce9e3df929901f3feaccc8ac45
swa,0.9999979734420776,0.0,0.00390625,84.89473724365234,0.00011024739069398493,0.0,c47f9bdcfb879eb73723521240a48a9bae99349d094a1fb82563535aabde82ec,True,b091d09e267569ce9e3df929901f3feaccc8ac45,"[64, 1]",64,native_NHD_then_page_head_token_dim_permute,0.9999979734420776,0.0,0.00390625,84.89473724365234,0.00011024739069398493,0.0,f70ab89eb4b0f99a03654153298587b38f22209f20916ac1e97e0f6e1454d198,True,True,9.1.0,"[4096, 4096, 4096, 4096, 4096, 4096, 4096, 4096, 4096, 4096, 4096, 4096, 4096, 4096, 4096, 4096, 4096, 4096, 4096, 4096, 4096, 4096, 4096, 4096, 4096, 4096, 4096, 4096, 4096, 4096, 4096, 4096]","[3, 3, 3, 3, 3, 3, 3, 3, 3, 3, 3, 3, 3, 3, 3, 3, 3, 3, 3, 3, 3, 3, 3, 3, 3, 3, 3, 3, 3, 3, 3, 3]",swa_verify_d3_m96_kv4096_uniform_compact_tp4,True,npu:5,5,Ascend950PR_957b,3,bfloat16,False,256,"[16384, 256, 256, 1]",4096,uniform,96,4096,28,1,6,56,64,1.0,0.0,0.0,0.0,0.0,289,3.11.10,96,"[1536, 256, 1]",32,correctness,"[4096, 4096, 4096, 4096, 4096, 4096, 4096, 4096, 4096, 4096, 4096, 4096, 4096, 4096, 4096, 4096, 4096, 4096, 4096, 4096, 4096, 4096, 4096, 4096, 4096, 4096, 4096, 4096, 4096, 4096, 4096, 4096]","[3, 3, 3, 3, 3, 3, 3, 3, 3, 3, 3, 3, 3, 3, 3, 3, 3, 3, 3, 3, 3, 3, 3, 3, 3, 3, 3, 3, 3, 3, 3, 3]",32,1,20260829,float32,0.09119556747428784,PASS,511,compact,verify_d3,2.10.0.post4.dev20260715,2.10.0+cpu,4,3.2.0,b091d09e267569ce9e3df929901f3feaccc8ac45
swa,0.9999978542327881,0.0,0.00390625,328.2325439453125,0.0001115518607548438,0.0,c47f9bdcfb879eb73723521240a48a9bae99349d094a1fb82563535aabde82ec,True,b091d09e267569ce9e3df929901f3feaccc8ac45,"[64, 1]",64,native_NHD_then_page_head_token_dim_permute,0.9999978542327881,0.0,0.00390625,328.2325439453125,0.0001115518607548438,0.0,f70ab89eb4b0f99a03654153298587b38f22209f20916ac1e97e0f6e1454d198,True,True,9.1.0,"[4096, 4096, 4096, 4096, 4096, 4096, 4096, 4096, 4096, 4096, 4096, 4096, 4096, 4096, 4096, 4096, 4096, 4096, 4096, 4096, 4096, 4096, 4096, 4096, 4096, 4096, 4096, 4096, 4096, 4096, 4096, 4096, 4096, 4096, 4096, 4096]","[3, 3, 3, 3, 3, 3, 3, 3, 3, 3, 3, 3, 3, 3, 3, 3, 3, 3, 3, 3, 3, 3, 3, 3, 3, 3, 3, 3, 3, 3, 3, 3, 3, 3, 3, 3]",swa_verify_d3_m108_kv4096_uniform_compact_tp4,True,npu:5,5,Ascend950PR_957b,3,bfloat16,False,256,"[16384, 256, 256, 1]",4096,uniform,108,4096,28,1,6,56,64,0.9999998807907104,0.0,0.0,0.0,0.0,325,3.11.10,108,"[1536, 256, 1]",36,correctness,"[4096, 4096, 4096, 4096, 4096, 4096, 4096, 4096, 4096, 4096, 4096, 4096, 4096, 4096, 4096, 4096, 4096, 4096, 4096, 4096, 4096, 4096, 4096, 4096, 4096, 4096, 4096, 4096, 4096, 4096, 4096, 4096, 4096, 4096, 4096, 4096]","[3, 3, 3, 3, 3, 3, 3, 3, 3, 3, 3, 3, 3, 3, 3, 3, 3, 3, 3, 3, 3, 3, 3, 3, 3, 3, 3, 3, 3, 3, 3, 3, 3, 3, 3, 3]",36,1,20260829,float32,0.09119556747428784,PASS,511,compact,verify_d3,2.10.0.post4.dev20260715,2.10.0+cpu,4,3.2.0,b091d09e267569ce9e3df929901f3feaccc8ac45
swa,0.9999980330467224,0.0,0.00390625,156.90977478027344,0.00011040175741072744,0.0,c47f9bdcfb879eb73723521240a48a9bae99349d094a1fb82563535aabde82ec,True,b091d09e267569ce9e3df929901f3feaccc8ac45,"[64, 1]",64,native_NHD_then_page_head_token_dim_permute,0.9999980330467224,0.0,0.00390625,156.90977478027344,0.00011040175741072744,0.0,f70ab89eb4b0f99a03654153298587b38f22209f20916ac1e97e0f6e1454d198,True,True,9.1.0,"[4096, 4096, 4096, 4096, 4096, 4096, 4096, 4096, 4096, 4096, 4096, 4096, 4096, 4096, 4096, 4096, 4096, 4096, 4096, 4096, 4096, 4096, 4096, 4096, 4096, 4096, 4096, 4096, 4096, 4096, 4096, 4096, 4096, 4096, 4096, 4096, 4096, 4096, 4096, 4096]","[3, 3, 3, 3, 3, 3, 3, 3, 3, 3, 3, 3, 3, 3, 3, 3, 3, 3, 3, 3, 3, 3, 3, 3, 3, 3, 3, 3, 3, 3, 3, 3, 3, 3, 3, 3, 3, 3, 3, 3]",swa_verify_d3_m120_kv4096_uniform_compact_tp4,True,npu:5,5,Ascend950PR_957b,3,bfloat16,False,256,"[16384, 256, 256, 1]",4096,uniform,120,4096,28,1,6,56,64,1.0,0.0,0.0,0.0,0.0,361,3.11.10,120,"[1536, 256, 1]",40,correctness,"[4096, 4096, 4096, 4096, 4096, 4096, 4096, 4096, 4096, 4096, 4096, 4096, 4096, 4096, 4096, 4096, 4096, 4096, 4096, 4096, 4096, 4096, 4096, 4096, 4096, 4096, 4096, 4096, 4096, 4096, 4096, 4096, 4096, 4096, 4096, 4096, 4096, 4096, 4096, 4096]","[3, 3, 3, 3, 3, 3, 3, 3, 3, 3, 3, 3, 3, 3, 3, 3, 3, 3, 3, 3, 3, 3, 3, 3, 3, 3, 3, 3, 3, 3, 3, 3, 3, 3, 3, 3, 3, 3, 3, 3]",40,1,20260829,float32,0.09119556747428784,PASS,511,compact,verify_d3,2.10.0.post4.dev20260715,2.10.0+cpu,4,3.2.0,b091d09e267569ce9e3df929901f3feaccc8ac45
swa,0.9999979734420776,0.0,0.00390625,221.48992919921875,0.00011035780335078016,0.0,c47f9bdcfb879eb73723521240a48a9bae99349d094a1fb82563535aabde82ec,True,b091d09e267569ce9e3df929901f3feaccc8ac45,"[64, 1]",64,native_NHD_then_page_head_token_dim_permute,0.9999979734420776,0.0,0.00390625,221.48992919921875,0.00011035780335078016,0.0,f70ab89eb4b0f99a03654153298587b38f22209f20916ac1e97e0f6e1454d198,True,True,9.1.0,"[4096, 4096, 4096, 4096, 4096, 4096, 4096, 4096, 4096, 4096, 4096, 4096, 4096, 4096, 4096, 4096, 4096, 4096, 4096, 4096, 4096, 4096, 4096, 4096, 4096, 4096, 4096, 4096, 4096, 4096, 4096, 4096, 4096, 4096, 4096, 4096, 4096, 4096, 4096, 4096, 4096, 4096, 4096, 4096, 4096, 4096, 4096, 4096]","[3, 3, 3, 3, 3, 3, 3, 3, 3, 3, 3, 3, 3, 3, 3, 3, 3, 3, 3, 3, 3, 3, 3, 3, 3, 3, 3, 3, 3, 3, 3, 3, 3, 3, 3, 3, 3, 3, 3, 3, 3, 3, 3, 3, 3, 3, 3, 3]",swa_verify_d3_m144_kv4096_uniform_compact_tp4,True,npu:5,5,Ascend950PR_957b,3,bfloat16,False,256,"[16384, 256, 256, 1]",4096,uniform,144,4096,28,1,6,56,64,1.0,0.0,0.0,0.0,0.0,433,3.11.10,144,"[1536, 256, 1]",48,correctness,"[4096, 4096, 4096, 4096, 4096, 4096, 4096, 4096, 4096, 4096, 4096, 4096, 4096, 4096, 4096, 4096, 4096, 4096, 4096, 4096, 4096, 4096, 4096, 4096, 4096, 4096, 4096, 4096, 4096, 4096, 4096, 4096, 4096, 4096, 4096, 4096, 4096, 4096, 4096, 4096, 4096, 4096, 4096, 4096, 4096, 4096, 4096, 4096]","[3, 3, 3, 3, 3, 3, 3, 3, 3, 3, 3, 3, 3, 3, 3, 3, 3, 3, 3, 3, 3, 3, 3, 3, 3, 3, 3, 3, 3, 3, 3, 3, 3, 3, 3, 3, 3, 3, 3, 3, 3, 3, 3, 3, 3, 3, 3, 3]",48,1,20260829,float32,0.09119556747428784,PASS,511,compact,verify_d3,2.10.0.post4.dev20260715,2.10.0+cpu,4,3.2.0,b091d09e267569ce9e3df929901f3feaccc8ac45
swa,0.9999978542327881,0.0,0.00390625,77.0952377319336,0.00010992626630468294,0.0,c47f9bdcfb879eb73723521240a48a9bae99349d094a1fb82563535aabde82ec,True,b091d09e267569ce9e3df929901f3feaccc8ac45,"[64, 1]",64,native_NHD_then_page_head_token_dim_permute,0.9999978542327881,0.0,0.00390625,77.0952377319336,0.00010992626630468294,0.0,f70ab89eb4b0f99a03654153298587b38f22209f20916ac1e97e0f6e1454d198,True,True,9.1.0,"[4096, 4096, 4096, 4096, 4096, 4096, 4096, 4096, 4096, 4096, 4096, 4096, 4096, 4096, 4096, 4096, 4096, 4096, 4096, 4096, 4096, 4096, 4096, 4096, 4096, 4096, 4096, 4096, 4096, 4096, 4096, 4096, 4096, 4096, 4096, 4096, 4096, 4096, 4096, 4096, 4096, 4096, 4096, 4096, 4096, 4096, 4096, 4096, 4096, 4096, 4096, 4096, 4096, 4096, 4096, 4096]","[3, 3, 3, 3, 3, 3, 3, 3, 3, 3, 3, 3, 3, 3, 3, 3, 3, 3, 3, 3, 3, 3, 3, 3, 3, 3, 3, 3, 3, 3, 3, 3, 3, 3, 3, 3, 3, 3, 3, 3, 3, 3, 3, 3, 3, 3, 3, 3, 3, 3, 3, 3, 3, 3, 3, 3]",swa_verify_d3_m168_kv4096_uniform_compact_tp4,True,npu:5,5,Ascend950PR_957b,3,bfloat16,False,256,"[16384, 256, 256, 1]",4096,uniform,168,4096,28,1,6,56,64,1.0,0.0,0.0,0.0,0.0,505,3.11.10,168,"[1536, 256, 1]",56,correctness,"[4096, 4096, 4096, 4096, 4096, 4096, 4096, 4096, 4096, 4096, 4096, 4096, 4096, 4096, 4096, 4096, 4096, 4096, 4096, 4096, 4096, 4096, 4096, 4096, 4096, 4096, 4096, 4096, 4096, 4096, 4096, 4096, 4096, 4096, 4096, 4096, 4096, 4096, 4096, 4096, 4096, 4096, 4096, 4096, 4096, 4096, 4096, 4096, 4096, 4096, 4096, 4096, 4096, 4096, 4096, 4096]","[3, 3, 3, 3, 3, 3, 3, 3, 3, 3, 3, 3, 3, 3, 3, 3, 3, 3, 3, 3, 3, 3, 3, 3, 3, 3, 3, 3, 3, 3, 3, 3, 3, 3, 3, 3, 3, 3, 3, 3, 3, 3, 3, 3, 3, 3, 3, 3, 3, 3, 3, 3, 3, 3, 3, 3]",56,1,20260829,float32,0.09119556747428784,PASS,511,compact,verify_d3,2.10.0.post4.dev20260715,2.10.0+cpu,4,3.2.0,b091d09e267569ce9e3df929901f3feaccc8ac45
full,0.9999982118606567,0.29817409813404083,0.0078125,2.200000047683716,0.00024285346444230527,0.0,c47f9bdcfb879eb73723521240a48a9bae99349d094a1fb82563535aabde82ec,True,b091d09e267569ce9e3df929901f3feaccc8ac45,"[1, 1]",1,native_NHD_then_page_head_token_dim_permute,0.9999982118606567,0.16869697719812393,0.0078125,2.200000047683716,0.00024285346444230527,0.0,f70ab89eb4b0f99a03654153298587b38f22209f20916ac1e97e0f6e1454d198,True,True,9.1.0,[47],[2],full_verify_d2_m2_kv64_ragged_compact_tp4,True,npu:5,5,Ascend950PR_957b,2,bfloat16,False,256,"[16384, 256, 256, 1]",64,ragged,2,47,28,1,6,56,64,1.0,0.0,0.0,0.0,0.0,2,3.11.10,2,"[1536, 256, 1]",1,correctness,[47],[2],1,1,20260829,float32,0.09119556747428784,PASS,,compact,verify_d2,2.10.0.post4.dev20260715,2.10.0+cpu,4,3.2.0,b091d09e267569ce9e3df929901f3feaccc8ac45
full,0.999998927116394,0.35502295941114426,0.015625,13.123348236083984,0.0002470820036251098,0.0,c47f9bdcfb879eb73723521240a48a9bae99349d094a1fb82563535aabde82ec,True,b091d09e267569ce9e3df929901f3feaccc8ac45,"[1, 1]",1,native_NHD_then_page_head_token_dim_permute,0.999998927116394,0.2609048970043659,0.015625,13.123348236083984,0.0002470820036251098,0.0,f70ab89eb4b0f99a03654153298587b38f22209f20916ac1e97e0f6e1454d198,True,True,9.1.0,"[47, 10, 2, 2, 2, 2, 2, 45, 8, 2, 2, 2, 2, 2, 43, 6]","[2, 2, 2, 2, 2, 2, 2, 2, 2, 2, 2, 2, 2, 2, 2, 2]",full_verify_d2_m32_kv64_ragged_compact_tp4,True,npu:5,5,Ascend950PR_957b,2,bfloat16,False,256,"[16384, 256, 256, 1]",64,ragged,32,2,28,1,6,56,64,1.0,0.0,0.0,0.0,0.0,17,3.11.10,32,"[1536, 256, 1]",16,correctness,"[47, 10, 2, 2, 2, 2, 2, 45, 8, 2, 2, 2, 2, 2, 43, 6]","[2, 2, 2, 2, 2, 2, 2, 2, 2, 2, 2, 2, 2, 2, 2, 2]",16,1,20260829,float32,0.09119556747428784,PASS,,compact,verify_d2,2.10.0.post4.dev20260715,2.10.0+cpu,4,3.2.0,b091d09e267569ce9e3df929901f3feaccc8ac45
full,0.9999992847442627,0.65953703597188,0.015625,79.6956558227539,0.00020216507255099714,0.0,c47f9bdcfb879eb73723521240a48a9bae99349d094a1fb82563535aabde82ec,True,b091d09e267569ce9e3df929901f3feaccc8ac45,"[1, 1]",1,native_NHD_then_page_head_token_dim_permute,0.9999992847442627,0.44195004738867283,0.015625,79.6956558227539,0.00020216507255099714,0.0,f70ab89eb4b0f99a03654153298587b38f22209f20916ac1e97e0f6e1454d198,True,True,9.1.0,"[47, 10, 2, 2, 2, 2, 2, 45, 8, 2, 2, 2, 2, 2, 43, 6, 2, 2, 2, 2, 2, 41, 4, 2, 2, 2, 2, 2, 39, 2, 2, 2, 2, 2, 2, 37, 2, 2, 2, 2, 2, 2, 35, 2, 2, 2, 2, 2, 2, 33, 2, 2, 2, 2, 2, 2]","[2, 2, 2, 2, 2, 2, 2, 2, 2, 2, 2, 2, 2, 2, 2, 2, 2, 2, 2, 2, 2, 2, 2, 2, 2, 2, 2, 2, 2, 2, 2, 2, 2, 2, 2, 2, 2, 2, 2, 2, 2, 2, 2, 2, 2, 2, 2, 2, 2, 2, 2, 2, 2, 2, 2, 2]",full_verify_d2_m112_kv64_ragged_compact_tp4,True,npu:5,5,Ascend950PR_957b,2,bfloat16,False,256,"[16384, 256, 256, 1]",64,ragged,112,2,28,1,6,56,64,1.0,0.0,0.0,0.0,0.0,57,3.11.10,112,"[1536, 256, 1]",56,correctness,"[47, 10, 2, 2, 2, 2, 2, 45, 8, 2, 2, 2, 2, 2, 43, 6, 2, 2, 2, 2, 2, 41, 4, 2, 2, 2, 2, 2, 39, 2, 2, 2, 2, 2, 2, 37, 2, 2, 2, 2, 2, 2, 35, 2, 2, 2, 2, 2, 2, 33, 2, 2, 2, 2, 2, 2]","[2, 2, 2, 2, 2, 2, 2, 2, 2, 2, 2, 2, 2, 2, 2, 2, 2, 2, 2, 2, 2, 2, 2, 2, 2, 2, 2, 2, 2, 2, 2, 2, 2, 2, 2, 2, 2, 2, 2, 2, 2, 2, 2, 2, 2, 2, 2, 2, 2, 2, 2, 2, 2, 2, 2, 2]",56,1,20260829,float32,0.09119556747428784,PASS,,compact,verify_d2,2.10.0.post4.dev20260715,2.10.0+cpu,4,3.2.0,b091d09e267569ce9e3df929901f3feaccc8ac45
full,0.9999982118606567,0.2889540046453476,0.001953125,4.8947367668151855,0.00010208337334915996,0.0,c47f9bdcfb879eb73723521240a48a9bae99349d094a1fb82563535aabde82ec,True,b091d09e267569ce9e3df929901f3feaccc8ac45,"[8, 1]",8,native_NHD_then_page_head_token_dim_permute,0.9999982118606567,0.1746159978210926,0.001953125,4.8947367668151855,0.00010208337334915996,0.0,f70ab89eb4b0f99a03654153298587b38f22209f20916ac1e97e0f6e1454d198,True,True,9.1.0,[494],[2],full_verify_d2_m2_kv511_ragged_compact_tp4,True,npu:5,5,Ascend950PR_957b,2,bfloat16,False,256,"[16384, 256, 256, 1]",511,ragged,2,494,28,1,6,56,64,1.0,0.0,0.0,0.0,0.0,9,3.11.10,2,"[1536, 256, 1]",1,correctness,[494],[2],1,1,20260829,float32,0.09119556747428784,PASS,,compact,verify_d2,2.10.0.post4.dev20260715,2.10.0+cpu,4,3.2.0,b091d09e267569ce9e3df929901f3feaccc8ac45
full,0.9999983906745911,0.35872310400009155,0.00390625,48.61317443847656,0.00011828594142571092,0.0,c47f9bdcfb879eb73723521240a48a9bae99349d094a1fb82563535aabde82ec,True,b091d09e267569ce9e3df929901f3feaccc8ac45,"[8, 1]",8,native_NHD_then_page_head_token_dim_permute,0.9999983906745911,0.2578948624432087,0.00390625,48.61317443847656,0.00011828594142571092,0.0,f70ab89eb4b0f99a03654153298587b38f22209f20916ac1e97e0f6e1454d198,True,True,9.1.0,"[494, 457, 420, 383, 346, 309, 272, 492, 455, 418, 381, 344, 307, 270, 490, 453]","[2, 2, 2, 2, 2, 2, 2, 2, 2, 2, 2, 2, 2, 2, 2, 2]",full_verify_d2_m32_kv511_ragged_compact_tp4,True,npu:5,5,Ascend950PR_957b,2,bfloat16,False,256,"[16384, 256, 256, 1]",511,ragged,32,270,28,1,6,56,64,1.0000001192092896,0.0,0.0,0.0,0.0,107,3.11.10,32,"[1536, 256, 1]",16,correctness,"[494, 457, 420, 383, 346, 309, 272, 492, 455, 418, 381, 344, 307, 270, 490, 453]","[2, 2, 2, 2, 2, 2, 2, 2, 2, 2, 2, 2, 2, 2, 2, 2]",16,1,20260829,float32,0.09119556747428784,PASS,,compact,verify_d2,2.10.0.post4.dev20260715,2.10.0+cpu,4,3.2.0,b091d09e267569ce9e3df929901f3feaccc8ac45
full,0.9999979734420776,0.7245249580591917,0.00390625,117.28571319580078,0.0001223127037519589,0.0,c47f9bdcfb879eb73723521240a48a9bae99349d094a1fb82563535aabde82ec,True,b091d09e267569ce9e3df929901f3feaccc8ac45,"[8, 1]",8,native_NHD_then_page_head_token_dim_permute,0.9999979734420776,0.47500990331172943,0.00390625,117.28571319580078,0.0001223127037519589,0.0,f70ab89eb4b0f99a03654153298587b38f22209f20916ac1e97e0f6e1454d198,True,True,9.1.0,"[494, 457, 420, 383, 346, 309, 272, 492, 455, 418, 381, 344, 307, 270, 490, 453, 416, 379, 342, 305, 268, 488, 451, 414, 377, 340, 303, 266, 486, 449, 412, 375, 338, 301, 264, 484, 447, 410, 373, 336, 299, 262, 482, 445, 408, 371, 334, 297, 260, 480, 443, 406, 369, 332, 295, 258]","[2, 2, 2, 2, 2, 2, 2, 2, 2, 2, 2, 2, 2, 2, 2, 2, 2, 2, 2, 2, 2, 2, 2, 2, 2, 2, 2, 2, 2, 2, 2, 2, 2, 2, 2, 2, 2, 2, 2, 2, 2, 2, 2, 2, 2, 2, 2, 2, 2, 2, 2, 2, 2, 2, 2, 2]",full_verify_d2_m112_kv511_ragged_compact_tp4,True,npu:5,5,Ascend950PR_957b,2,bfloat16,False,256,"[16384, 256, 256, 1]",511,ragged,112,258,28,1,6,56,64,1.0,0.0,0.0,0.0,0.0,358,3.11.10,112,"[1536, 256, 1]",56,correctness,"[494, 457, 420, 383, 346, 309, 272, 492, 455, 418, 381, 344, 307, 270, 490, 453, 416, 379, 342, 305, 268, 488, 451, 414, 377, 340, 303, 266, 486, 449, 412, 375, 338, 301, 264, 484, 447, 410, 373, 336, 299, 262, 482, 445, 408, 371, 334, 297, 260, 480, 443, 406, 369, 332, 295, 258]","[2, 2, 2, 2, 2, 2, 2, 2, 2, 2, 2, 2, 2, 2, 2, 2, 2, 2, 2, 2, 2, 2, 2, 2, 2, 2, 2, 2, 2, 2, 2, 2, 2, 2, 2, 2, 2, 2, 2, 2, 2, 2, 2, 2, 2, 2, 2, 2, 2, 2, 2, 2, 2, 2, 2, 2]",56,1,20260829,float32,0.09119556747428784,PASS,,compact,verify_d2,2.10.0.post4.dev20260715,2.10.0+cpu,4,3.2.0,b091d09e267569ce9e3df929901f3feaccc8ac45
full,0.9999988675117493,0.3004430327564478,0.00390625,31.61870574951172,0.00010845727956620976,0.0,c47f9bdcfb879eb73723521240a48a9bae99349d094a1fb82563535aabde82ec,True,b091d09e267569ce9e3df929901f3feaccc8ac45,"[8, 1]",8,native_NHD_then_page_head_token_dim_permute,0.9999988675117493,0.18104584887623787,0.00390625,31.61870574951172,0.00010845727956620976,0.0,f70ab89eb4b0f99a03654153298587b38f22209f20916ac1e97e0f6e1454d198,True,True,9.1.0,[495],[2],full_verify_d2_m2_kv512_ragged_compact_tp4,True,npu:5,5,Ascend950PR_957b,2,bfloat16,False,256,"[16384, 256, 256, 1]",512,ragged,2,495,28,1,6,56,64,1.0,0.0,0.0,0.0,0.0,9,3.11.10,2,"[1536, 256, 1]",1,correctness,[495],[2],1,1,20260829,float32,0.09119556747428784,PASS,,compact,verify_d2,2.10.0.post4.dev20260715,2.10.0+cpu,4,3.2.0,b091d09e267569ce9e3df929901f3feaccc8ac45
full,0.9999979734420776,0.35866303369402885,0.00390625,173.3787384033203,0.00012228096602484584,0.0,c47f9bdcfb879eb73723521240a48a9bae99349d094a1fb82563535aabde82ec,True,b091d09e267569ce9e3df929901f3feaccc8ac45,"[8, 1]",8,native_NHD_then_page_head_token_dim_permute,0.9999979734420776,0.25095511227846146,0.00390625,173.3787384033203,0.00012228096602484584,0.0,f70ab89eb4b0f99a03654153298587b38f22209f20916ac1e97e0f6e1454d198,True,True,9.1.0,"[495, 458, 421, 384, 347, 310, 273, 493, 456, 419, 382, 345, 308, 271, 491, 454]","[2, 2, 2, 2, 2, 2, 2, 2, 2, 2, 2, 2, 2, 2, 2, 2]",full_verify_d2_m32_kv512_ragged_compact_tp4,True,npu:5,5,Ascend950PR_957b,2,bfloat16,False,256,"[16384, 256, 256, 1]",512,ragged,32,271,28,1,6,56,64,1.0,0.0,0.0,0.0,0.0,107,3.11.10,32,"[1536, 256, 1]",16,correctness,"[495, 458, 421, 384, 347, 310, 273, 493, 456, 419, 382, 345, 308, 271, 491, 454]","[2, 2, 2, 2, 2, 2, 2, 2, 2, 2, 2, 2, 2, 2, 2, 2]",16,1,20260829,float32,0.09119556747428784,PASS,,compact,verify_d2,2.10.0.post4.dev20260715,2.10.0+cpu,4,3.2.0,b091d09e267569ce9e3df929901f3feaccc8ac45
full,0.9999979138374329,0.7144049741327763,0.0078125,33.59812927246094,0.00012251752195879817,0.0,c47f9bdcfb879eb73723521240a48a9bae99349d094a1fb82563535aabde82ec,True,b091d09e267569ce9e3df929901f3feaccc8ac45,"[8, 1]",8,native_NHD_then_page_head_token_dim_permute,0.9999979138374329,0.499179121106863,0.0078125,33.59812927246094,0.00012251752195879817,0.0,f70ab89eb4b0f99a03654153298587b38f22209f20916ac1e97e0f6e1454d198,True,True,9.1.0,"[495, 458, 421, 384, 347, 310, 273, 493, 456, 419, 382, 345, 308, 271, 491, 454, 417, 380, 343, 306, 269, 489, 452, 415, 378, 341, 304, 267, 487, 450, 413, 376, 339, 302, 265, 485, 448, 411, 374, 337, 300, 263, 483, 446, 409, 372, 335, 298, 261, 481, 444, 407, 370, 333, 296, 259]","[2, 2, 2, 2, 2, 2, 2, 2, 2, 2, 2, 2, 2, 2, 2, 2, 2, 2, 2, 2, 2, 2, 2, 2, 2, 2, 2, 2, 2, 2, 2, 2, 2, 2, 2, 2, 2, 2, 2, 2, 2, 2, 2, 2, 2, 2, 2, 2, 2, 2, 2, 2, 2, 2, 2, 2]",full_verify_d2_m112_kv512_ragged_compact_tp4,True,npu:5,5,Ascend950PR_957b,2,bfloat16,False,256,"[16384, 256, 256, 1]",512,ragged,112,259,28,1,6,56,64,0.9999999403953552,0.0,0.0,0.0,0.0,358,3.11.10,112,"[1536, 256, 1]",56,correctness,"[495, 458, 421, 384, 347, 310, 273, 493, 456, 419, 382, 345, 308, 271, 491, 454, 417, 380, 343, 306, 269, 489, 452, 415, 378, 341, 304, 267, 487, 450, 413, 376, 339, 302, 265, 485, 448, 411, 374, 337, 300, 263, 483, 446, 409, 372, 335, 298, 261, 481, 444, 407, 370, 333, 296, 259]","[2, 2, 2, 2, 2, 2, 2, 2, 2, 2, 2, 2, 2, 2, 2, 2, 2, 2, 2, 2, 2, 2, 2, 2, 2, 2, 2, 2, 2, 2, 2, 2, 2, 2, 2, 2, 2, 2, 2, 2, 2, 2, 2, 2, 2, 2, 2, 2, 2, 2, 2, 2, 2, 2, 2, 2]",56,1,20260829,float32,0.09119556747428784,PASS,,compact,verify_d2,2.10.0.post4.dev20260715,2.10.0+cpu,4,3.2.0,b091d09e267569ce9e3df929901f3feaccc8ac45
full,0.9999977350234985,0.2982339356094599,0.001953125,0.644444465637207,0.00010947736154776067,0.0,c47f9bdcfb879eb73723521240a48a9bae99349d094a1fb82563535aabde82ec,True,b091d09e267569ce9e3df929901f3feaccc8ac45,"[8, 1]",8,native_NHD_then_page_head_token_dim_permute,0.9999977350234985,0.17870590090751648,0.001953125,0.644444465637207,0.00010947736154776067,0.0,f70ab89eb4b0f99a03654153298587b38f22209f20916ac1e97e0f6e1454d198,True,True,9.1.0,[496],[2],full_verify_d2_m2_kv513_ragged_compact_tp4,True,npu:5,5,Ascend950PR_957b,2,bfloat16,False,256,"[16384, 256, 256, 1]",513,ragged,2,496,28,1,6,56,64,1.0,0.0,0.0,0.0,0.0,9,3.11.10,2,"[1536, 256, 1]",1,correctness,[496],[2],1,1,20260829,float32,0.09119556747428784,PASS,,compact,verify_d2,2.10.0.post4.dev20260715,2.10.0+cpu,4,3.2.0,b091d09e267569ce9e3df929901f3feaccc8ac45
full,0.9999979138374329,0.34675304777920246,0.001953125,13.436018943786621,0.00011745830852305517,0.0,c47f9bdcfb879eb73723521240a48a9bae99349d094a1fb82563535aabde82ec,True,b091d09e267569ce9e3df929901f3feaccc8ac45,"[8, 1]",8,native_NHD_then_page_head_token_dim_permute,0.9999979138374329,0.2609540242701769,0.001953125,13.436018943786621,0.00011745830852305517,0.0,f70ab89eb4b0f99a03654153298587b38f22209f20916ac1e97e0f6e1454d198,True,True,9.1.0,"[496, 459, 422, 385, 348, 311, 274, 494, 457, 420, 383, 346, 309, 272, 492, 455]","[2, 2, 2, 2, 2, 2, 2, 2, 2, 2, 2, 2, 2, 2, 2, 2]",full_verify_d2_m32_kv513_ragged_compact_tp4,True,npu:5,5,Ascend950PR_957b,2,bfloat16,False,256,"[16384, 256, 256, 1]",513,ragged,32,272,28,1,6,56,64,1.0,0.0,0.0,0.0,0.0,108,3.11.10,32,"[1536, 256, 1]",16,correctness,"[496, 459, 422, 385, 348, 311, 274, 494, 457, 420, 383, 346, 309, 272, 492, 455]","[2, 2, 2, 2, 2, 2, 2, 2, 2, 2, 2, 2, 2, 2, 2, 2]",16,1,20260829,float32,0.09119556747428784,PASS,,compact,verify_d2,2.10.0.post4.dev20260715,2.10.0+cpu,4,3.2.0,b091d09e267569ce9e3df929901f3feaccc8ac45
full,0.9999980926513672,0.6821660790592432,0.00390625,29.776119232177734,0.0001222222053911537,0.0,c47f9bdcfb879eb73723521240a48a9bae99349d094a1fb82563535aabde82ec,True,b091d09e267569ce9e3df929901f3feaccc8ac45,"[8, 1]",8,native_NHD_then_page_head_token_dim_permute,0.9999980926513672,0.4758599679917097,0.00390625,29.776119232177734,0.0001222222053911537,0.0,f70ab89eb4b0f99a03654153298587b38f22209f20916ac1e97e0f6e1454d198,True,True,9.1.0,"[496, 459, 422, 385, 348, 311, 274, 494, 457, 420, 383, 346, 309, 272, 492, 455, 418, 381, 344, 307, 270, 490, 453, 416, 379, 342, 305, 268, 488, 451, 414, 377, 340, 303, 266, 486, 449, 412, 375, 338, 301, 264, 484, 447, 410, 373, 336, 299, 262, 482, 445, 408, 371, 334, 297, 260]","[2, 2, 2, 2, 2, 2, 2, 2, 2, 2, 2, 2, 2, 2, 2, 2, 2, 2, 2, 2, 2, 2, 2, 2, 2, 2, 2, 2, 2, 2, 2, 2, 2, 2, 2, 2, 2, 2, 2, 2, 2, 2, 2, 2, 2, 2, 2, 2, 2, 2, 2, 2, 2, 2, 2, 2]",full_verify_d2_m112_kv513_ragged_compact_tp4,True,npu:5,5,Ascend950PR_957b,2,bfloat16,False,256,"[16384, 256, 256, 1]",513,ragged,112,260,28,1,6,56,64,1.0,0.0,0.0,0.0,0.0,360,3.11.10,112,"[1536, 256, 1]",56,correctness,"[496, 459, 422, 385, 348, 311, 274, 494, 457, 420, 383, 346, 309, 272, 492, 455, 418, 381, 344, 307, 270, 490, 453, 416, 379, 342, 305, 268, 488, 451, 414, 377, 340, 303, 266, 486, 449, 412, 375, 338, 301, 264, 484, 447, 410, 373, 336, 299, 262, 482, 445, 408, 371, 334, 297, 260]","[2, 2, 2, 2, 2, 2, 2, 2, 2, 2, 2, 2, 2, 2, 2, 2, 2, 2, 2, 2, 2, 2, 2, 2, 2, 2, 2, 2, 2, 2, 2, 2, 2, 2, 2, 2, 2, 2, 2, 2, 2, 2, 2, 2, 2, 2, 2, 2, 2, 2, 2, 2, 2, 2, 2, 2]",56,1,20260829,float32,0.09119556747428784,PASS,,compact,verify_d2,2.10.0.post4.dev20260715,2.10.0+cpu,4,3.2.0,b091d09e267569ce9e3df929901f3feaccc8ac45
full,0.9999974966049194,0.31493278220295906,0.00048828125,26.883041381835938,3.496680437820032e-05,0.0,c47f9bdcfb879eb73723521240a48a9bae99349d094a1fb82563535aabde82ec,True,b091d09e267569ce9e3df929901f3feaccc8ac45,"[128, 1]",128,native_NHD_then_page_head_token_dim_permute,0.9999974966049194,0.31423289328813553,0.00048828125,26.883041381835938,3.496680437820032e-05,0.0,f70ab89eb4b0f99a03654153298587b38f22209f20916ac1e97e0f6e1454d198,True,True,9.1.0,[8175],[2],full_verify_d2_m2_kv8192_ragged_compact_tp4,True,npu:5,5,Ascend950PR_957b,2,bfloat16,False,256,"[16384, 256, 256, 1]",8192,ragged,2,8175,28,1,6,56,64,1.0000001192092896,0.0,0.0,0.0,0.0,129,3.11.10,2,"[1536, 256, 1]",1,correctness,[8175],[2],1,1,20260829,float32,0.09119556747428784,PASS,,compact,verify_d2,2.10.0.post4.dev20260715,2.10.0+cpu,4,3.2.0,b091d09e267569ce9e3df929901f3feaccc8ac45
full,0.9999973773956299,0.36297296173870564,0.0009765625,39.23008728027344,3.4982273064088076e-05,0.0,c47f9bdcfb879eb73723521240a48a9bae99349d094a1fb82563535aabde82ec,True,b091d09e267569ce9e3df929901f3feaccc8ac45,"[128, 1]",128,native_NHD_then_page_head_token_dim_permute,0.9999973773956299,0.8756108582019806,0.0009765625,39.23008728027344,3.4982273064088076e-05,0.0,f70ab89eb4b0f99a03654153298587b38f22209f20916ac1e97e0f6e1454d198,True,True,9.1.0,"[8175, 8138, 8101, 8064, 8027, 7990, 7953, 8173, 8136, 8099, 8062, 8025, 7988, 7951, 8171, 8134]","[2, 2, 2, 2, 2, 2, 2, 2, 2, 2, 2, 2, 2, 2, 2, 2]",full_verify_d2_m32_kv8192_ragged_compact_tp4,True,npu:5,5,Ascend950PR_957b,2,bfloat16,False,256,"[16384, 256, 256, 1]",8192,ragged,32,7951,28,1,6,56,64,1.0,0.0,0.0,0.0,0.0,2027,3.11.10,32,"[1536, 256, 1]",16,correctness,"[8175, 8138, 8101, 8064, 8027, 7990, 7953, 8173, 8136, 8099, 8062, 8025, 7988, 7951, 8171, 8134]","[2, 2, 2, 2, 2, 2, 2, 2, 2, 2, 2, 2, 2, 2, 2, 2]",16,1,20260829,float32,0.09119556747428784,PASS,,compact,verify_d2,2.10.0.post4.dev20260715,2.10.0+cpu,4,3.2.0,b091d09e267569ce9e3df929901f3feaccc8ac45
full,0.9999973177909851,0.7449050899595022,0.0009765625,62.722713470458984,3.57027274731081e-05,0.0,c47f9bdcfb879eb73723521240a48a9bae99349d094a1fb82563535aabde82ec,True,b091d09e267569ce9e3df929901f3feaccc8ac45,"[128, 1]",128,native_NHD_then_page_head_token_dim_permute,0.9999973177909851,2.371649956330657,0.0009765625,62.722713470458984,3.57027274731081e-05,0.0,f70ab89eb4b0f99a03654153298587b38f22209f20916ac1e97e0f6e1454d198,True,True,9.1.0,"[8175, 8138, 8101, 8064, 8027, 7990, 7953, 8173, 8136, 8099, 8062, 8025, 7988, 7951, 8171, 8134, 8097, 8060, 8023, 7986, 7949, 8169, 8132, 8095, 8058, 8021, 7984, 7947, 8167, 8130, 8093, 8056, 8019, 7982, 7945, 8165, 8128, 8091, 8054, 8017, 7980, 7943, 8163, 8126, 8089, 8052, 8015, 7978, 7941, 8161, 8124, 8087, 8050, 8013, 7976, 7939]","[2, 2, 2, 2, 2, 2, 2, 2, 2, 2, 2, 2, 2, 2, 2, 2, 2, 2, 2, 2, 2, 2, 2, 2, 2, 2, 2, 2, 2, 2, 2, 2, 2, 2, 2, 2, 2, 2, 2, 2, 2, 2, 2, 2, 2, 2, 2, 2, 2, 2, 2, 2, 2, 2, 2, 2]",full_verify_d2_m112_kv8192_ragged_compact_tp4,True,npu:5,5,Ascend950PR_957b,2,bfloat16,False,256,"[16384, 256, 256, 1]",8192,ragged,112,7939,28,1,6,56,64,1.0,0.0,0.0,0.0,0.0,7078,3.11.10,112,"[1536, 256, 1]",56,correctness,"[8175, 8138, 8101, 8064, 8027, 7990, 7953, 8173, 8136, 8099, 8062, 8025, 7988, 7951, 8171, 8134, 8097, 8060, 8023, 7986, 7949, 8169, 8132, 8095, 8058, 8021, 7984, 7947, 8167, 8130, 8093, 8056, 8019, 7982, 7945, 8165, 8128, 8091, 8054, 8017, 7980, 7943, 8163, 8126, 8089, 8052, 8015, 7978, 7941, 8161, 8124, 8087, 8050, 8013, 7976, 7939]","[2, 2, 2, 2, 2, 2, 2, 2, 2, 2, 2, 2, 2, 2, 2, 2, 2, 2, 2, 2, 2, 2, 2, 2, 2, 2, 2, 2, 2, 2, 2, 2, 2, 2, 2, 2, 2, 2, 2, 2, 2, 2, 2, 2, 2, 2, 2, 2, 2, 2, 2, 2, 2, 2, 2, 2]",56,1,20260829,float32,0.09119556747428784,PASS,,compact,verify_d2,2.10.0.post4.dev20260715,2.10.0+cpu,4,3.2.0,b091d09e267569ce9e3df929901f3feaccc8ac45
swa,0.9999980926513672,0.0,0.0078125,1.2745097875595093,0.0002646807988639921,0.0,c47f9bdcfb879eb73723521240a48a9bae99349d094a1fb82563535aabde82ec,True,b091d09e267569ce9e3df929901f3feaccc8ac45,"[1, 1]",1,native_NHD_then_page_head_token_dim_permute,0.9999980926513672,0.0,0.0078125,1.2745097875595093,0.0002646807988639921,0.0,f70ab89eb4b0f99a03654153298587b38f22209f20916ac1e97e0f6e1454d198,True,True,9.1.0,[47],[2],swa_verify_d2_m2_kv64_ragged_compact_tp4,True,npu:5,5,Ascend950PR_957b,2,bfloat16,False,256,"[16384, 256, 256, 1]",64,ragged,2,47,28,1,6,56,64,1.0,0.0,0.0,0.0,0.0,2,3.11.10,2,"[1536, 256, 1]",1,correctness,[47],[2],1,1,20260829,float32,0.09119556747428784,PASS,511,compact,verify_d2,2.10.0.post4.dev20260715,2.10.0+cpu,4,3.2.0,b091d09e267569ce9e3df929901f3feaccc8ac45
swa,0.9999992251396179,0.0,0.015625,22.56589126586914,0.00022665387950837612,0.0,c47f9bdcfb879eb73723521240a48a9bae99349d094a1fb82563535aabde82ec,True,b091d09e267569ce9e3df929901f3feaccc8ac45,"[1, 1]",1,native_NHD_then_page_head_token_dim_permute,0.9999992251396179,0.0,0.015625,22.56589126586914,0.00022665387950837612,0.0,f70ab89eb4b0f99a03654153298587b38f22209f20916ac1e97e0f6e1454d198,True,True,9.1.0,"[47, 10, 2, 2, 2, 2, 2, 45, 8, 2, 2, 2, 2, 2, 43, 6]","[2, 2, 2, 2, 2, 2, 2, 2, 2, 2, 2, 2, 2, 2, 2, 2]",swa_verify_d2_m32_kv64_ragged_compact_tp4,True,npu:5,5,Ascend950PR_957b,2,bfloat16,False,256,"[16384, 256, 256, 1]",64,ragged,32,2,28,1,6,56,64,1.0000001192092896,0.0,0.0,0.0,0.0,17,3.11.10,32,"[1536, 256, 1]",16,correctness,"[47, 10, 2, 2, 2, 2, 2, 45, 8, 2, 2, 2, 2, 2, 43, 6]","[2, 2, 2, 2, 2, 2, 2, 2, 2, 2, 2, 2, 2, 2, 2, 2]",16,1,20260829,float32,0.09119556747428784,PASS,511,compact,verify_d2,2.10.0.post4.dev20260715,2.10.0+cpu,4,3.2.0,b091d09e267569ce9e3df929901f3feaccc8ac45
swa,0.9999992251396179,0.0,0.015625,43.82014465332031,0.00020137737737968564,0.0,c47f9bdcfb879eb73723521240a48a9bae99349d094a1fb82563535aabde82ec,True,b091d09e267569ce9e3df929901f3feaccc8ac45,"[1, 1]",1,native_NHD_then_page_head_token_dim_permute,0.9999992251396179,0.0,0.015625,43.82014465332031,0.00020137737737968564,0.0,f70ab89eb4b0f99a03654153298587b38f22209f20916ac1e97e0f6e1454d198,True,True,9.1.0,"[47, 10, 2, 2, 2, 2, 2, 45, 8, 2, 2, 2, 2, 2, 43, 6, 2, 2, 2, 2, 2, 41, 4, 2, 2, 2, 2, 2, 39, 2, 2, 2, 2, 2, 2, 37, 2, 2, 2, 2, 2, 2, 35, 2, 2, 2, 2, 2, 2, 33, 2, 2, 2, 2, 2, 2]","[2, 2, 2, 2, 2, 2, 2, 2, 2, 2, 2, 2, 2, 2, 2, 2, 2, 2, 2, 2, 2, 2, 2, 2, 2, 2, 2, 2, 2, 2, 2, 2, 2, 2, 2, 2, 2, 2, 2, 2, 2, 2, 2, 2, 2, 2, 2, 2, 2, 2, 2, 2, 2, 2, 2, 2]",swa_verify_d2_m112_kv64_ragged_compact_tp4,True,npu:5,5,Ascend950PR_957b,2,bfloat16,False,256,"[16384, 256, 256, 1]",64,ragged,112,2,28,1,6,56,64,1.0,0.0,0.0,0.0,0.0,57,3.11.10,112,"[1536, 256, 1]",56,correctness,"[47, 10, 2, 2, 2, 2, 2, 45, 8, 2, 2, 2, 2, 2, 43, 6, 2, 2, 2, 2, 2, 41, 4, 2, 2, 2, 2, 2, 39, 2, 2, 2, 2, 2, 2, 37, 2, 2, 2, 2, 2, 2, 35, 2, 2, 2, 2, 2, 2, 33, 2, 2, 2, 2, 2, 2]","[2, 2, 2, 2, 2, 2, 2, 2, 2, 2, 2, 2, 2, 2, 2, 2, 2, 2, 2, 2, 2, 2, 2, 2, 2, 2, 2, 2, 2, 2, 2, 2, 2, 2, 2, 2, 2, 2, 2, 2, 2, 2, 2, 2, 2, 2, 2, 2, 2, 2, 2, 2, 2, 2, 2, 2]",56,1,20260829,float32,0.09119556747428784,PASS,511,compact,verify_d2,2.10.0.post4.dev20260715,2.10.0+cpu,4,3.2.0,b091d09e267569ce9e3df929901f3feaccc8ac45
swa,0.9999979734420776,0.0,0.001953125,2.2863850593566895,0.00010886089876294136,0.0,c47f9bdcfb879eb73723521240a48a9bae99349d094a1fb82563535aabde82ec,True,b091d09e267569ce9e3df929901f3feaccc8ac45,"[8, 1]",8,native_NHD_then_page_head_token_dim_permute,0.9999979734420776,0.0,0.001953125,2.2863850593566895,0.00010886089876294136,0.0,f70ab89eb4b0f99a03654153298587b38f22209f20916ac1e97e0f6e1454d198,True,True,9.1.0,[494],[2],swa_verify_d2_m2_kv511_ragged_compact_tp4,True,npu:5,5,Ascend950PR_957b,2,bfloat16,False,256,"[16384, 256, 256, 1]",511,ragged,2,494,28,1,6,56,64,1.0,0.0,0.0,0.0,0.0,9,3.11.10,2,"[1536, 256, 1]",1,correctness,[494],[2],1,1,20260829,float32,0.09119556747428784,PASS,511,compact,verify_d2,2.10.0.post4.dev20260715,2.10.0+cpu,4,3.2.0,b091d09e267569ce9e3df929901f3feaccc8ac45
swa,0.9999979138374329,0.0,0.00390625,225.91604614257812,0.00012567854719236493,0.0,c47f9bdcfb879eb73723521240a48a9bae99349d094a1fb82563535aabde82ec,True,b091d09e267569ce9e3df929901f3feaccc8ac45,"[8, 1]",8,native_NHD_then_page_head_token_dim_permute,0.9999979138374329,0.0,0.00390625,225.91604614257812,0.00012567854719236493,0.0,f70ab89eb4b0f99a03654153298587b38f22209f20916ac1e97e0f6e1454d198,True,True,9.1.0,"[494, 457, 420, 383, 346, 309, 272, 492, 455, 418, 381, 344, 307, 270, 490, 453]","[2, 2, 2, 2, 2, 2, 2, 2, 2, 2, 2, 2, 2, 2, 2, 2]",swa_verify_d2_m32_kv511_ragged_compact_tp4,True,npu:5,5,Ascend950PR_957b,2,bfloat16,False,256,"[16384, 256, 256, 1]",511,ragged,32,270,28,1,6,56,64,1.0000001192092896,0.0,0.0,0.0,0.0,107,3.11.10,32,"[1536, 256, 1]",16,correctness,"[494, 457, 420, 383, 346, 309, 272, 492, 455, 418, 381, 344, 307, 270, 490, 453]","[2, 2, 2, 2, 2, 2, 2, 2, 2, 2, 2, 2, 2, 2, 2, 2]",16,1,20260829,float32,0.09119556747428784,PASS,511,compact,verify_d2,2.10.0.post4.dev20260715,2.10.0+cpu,4,3.2.0,b091d09e267569ce9e3df929901f3feaccc8ac45
swa,0.9999980330467224,0.0,0.00390625,217.84706115722656,0.0001254630769835785,0.0,c47f9bdcfb879eb73723521240a48a9bae99349d094a1fb82563535aabde82ec,True,b091d09e267569ce9e3df929901f3feaccc8ac45,"[8, 1]",8,native_NHD_then_page_head_token_dim_permute,0.9999980330467224,0.0,0.00390625,217.84706115722656,0.0001254630769835785,0.0,f70ab89eb4b0f99a03654153298587b38f22209f20916ac1e97e0f6e1454d198,True,True,9.1.0,"[494, 457, 420, 383, 346, 309, 272, 492, 455, 418, 381, 344, 307, 270, 490, 453, 416, 379, 342, 305, 268, 488, 451, 414, 377, 340, 303, 266, 486, 449, 412, 375, 338, 301, 264, 484, 447, 410, 373, 336, 299, 262, 482, 445, 408, 371, 334, 297, 260, 480, 443, 406, 369, 332, 295, 258]","[2, 2, 2, 2, 2, 2, 2, 2, 2, 2, 2, 2, 2, 2, 2, 2, 2, 2, 2, 2, 2, 2, 2, 2, 2, 2, 2, 2, 2, 2, 2, 2, 2, 2, 2, 2, 2, 2, 2, 2, 2, 2, 2, 2, 2, 2, 2, 2, 2, 2, 2, 2, 2, 2, 2, 2]",swa_verify_d2_m112_kv511_ragged_compact_tp4,True,npu:5,5,Ascend950PR_957b,2,bfloat16,False,256,"[16384, 256, 256, 1]",511,ragged,112,258,28,1,6,56,64,1.0,0.0,0.0,0.0,0.0,358,3.11.10,112,"[1536, 256, 1]",56,correctness,"[494, 457, 420, 383, 346, 309, 272, 492, 455, 418, 381, 344, 307, 270, 490, 453, 416, 379, 342, 305, 268, 488, 451, 414, 377, 340, 303, 266, 486, 449, 412, 375, 338, 301, 264, 484, 447, 410, 373, 336, 299, 262, 482, 445, 408, 371, 334, 297, 260, 480, 443, 406, 369, 332, 295, 258]","[2, 2, 2, 2, 2, 2, 2, 2, 2, 2, 2, 2, 2, 2, 2, 2, 2, 2, 2, 2, 2, 2, 2, 2, 2, 2, 2, 2, 2, 2, 2, 2, 2, 2, 2, 2, 2, 2, 2, 2, 2, 2, 2, 2, 2, 2, 2, 2, 2, 2, 2, 2, 2, 2, 2, 2]",56,1,20260829,float32,0.09119556747428784,PASS,511,compact,verify_d2,2.10.0.post4.dev20260715,2.10.0+cpu,4,3.2.0,b091d09e267569ce9e3df929901f3feaccc8ac45
swa,0.9999983310699463,0.0,0.001953125,6.568862438201904,0.00011498355161165819,0.0,c47f9bdcfb879eb73723521240a48a9bae99349d094a1fb82563535aabde82ec,True,b091d09e267569ce9e3df929901f3feaccc8ac45,"[8, 1]",8,native_NHD_then_page_head_token_dim_permute,0.9999983310699463,0.0,0.001953125,6.568862438201904,0.00011498355161165819,0.0,f70ab89eb4b0f99a03654153298587b38f22209f20916ac1e97e0f6e1454d198,True,True,9.1.0,[495],[2],swa_verify_d2_m2_kv512_ragged_compact_tp4,True,npu:5,5,Ascend950PR_957b,2,bfloat16,False,256,"[16384, 256, 256, 1]",512,ragged,2,495,28,1,6,56,64,1.0,0.0,0.0,0.0,0.0,9,3.11.10,2,"[1536, 256, 1]",1,correctness,[495],[2],1,1,20260829,float32,0.09119556747428784,PASS,511,compact,verify_d2,2.10.0.post4.dev20260715,2.10.0+cpu,4,3.2.0,b091d09e267569ce9e3df929901f3feaccc8ac45
swa,0.9999978542327881,0.0,0.00390625,22.812244415283203,0.000123434147099033,0.0,c47f9bdcfb879eb73723521240a48a9bae99349d094a1fb82563535aabde82ec,True,b091d09e267569ce9e3df929901f3feaccc8ac45,"[8, 1]",8,native_NHD_then_page_head_token_dim_permute,0.9999978542327881,0.0,0.00390625,22.812244415283203,0.000123434147099033,0.0,f70ab89eb4b0f99a03654153298587b38f22209f20916ac1e97e0f6e1454d198,True,True,9.1.0,"[495, 458, 421, 384, 347, 310, 273, 493, 456, 419, 382, 345, 308, 271, 491, 454]","[2, 2, 2, 2, 2, 2, 2, 2, 2, 2, 2, 2, 2, 2, 2, 2]",swa_verify_d2_m32_kv512_ragged_compact_tp4,True,npu:5,5,Ascend950PR_957b,2,bfloat16,False,256,"[16384, 256, 256, 1]",512,ragged,32,271,28,1,6,56,64,1.0,0.0,0.0,0.0,0.0,107,3.11.10,32,"[1536, 256, 1]",16,correctness,"[495, 458, 421, 384, 347, 310, 273, 493, 456, 419, 382, 345, 308, 271, 491, 454]","[2, 2, 2, 2, 2, 2, 2, 2, 2, 2, 2, 2, 2, 2, 2, 2]",16,1,20260829,float32,0.09119556747428784,PASS,511,compact,verify_d2,2.10.0.post4.dev20260715,2.10.0+cpu,4,3.2.0,b091d09e267569ce9e3df929901f3feaccc8ac45
swa,0.9999979734420776,0.0,0.0078125,144.22833251953125,0.00012519069423433393,0.0,c47f9bdcfb879eb73723521240a48a9bae99349d094a1fb82563535aabde82ec,True,b091d09e267569ce9e3df929901f3feaccc8ac45,"[8, 1]",8,native_NHD_then_page_head_token_dim_permute,0.9999979734420776,0.0,0.0078125,144.22833251953125,0.00012519069423433393,0.0,f70ab89eb4b0f99a03654153298587b38f22209f20916ac1e97e0f6e1454d198,True,True,9.1.0,"[495, 458, 421, 384, 347, 310, 273, 493, 456, 419, 382, 345, 308, 271, 491, 454, 417, 380, 343, 306, 269, 489, 452, 415, 378, 341, 304, 267, 487, 450, 413, 376, 339, 302, 265, 485, 448, 411, 374, 337, 300, 263, 483, 446, 409, 372, 335, 298, 261, 481, 444, 407, 370, 333, 296, 259]","[2, 2, 2, 2, 2, 2, 2, 2, 2, 2, 2, 2, 2, 2, 2, 2, 2, 2, 2, 2, 2, 2, 2, 2, 2, 2, 2, 2, 2, 2, 2, 2, 2, 2, 2, 2, 2, 2, 2, 2, 2, 2, 2, 2, 2, 2, 2, 2, 2, 2, 2, 2, 2, 2, 2, 2]",swa_verify_d2_m112_kv512_ragged_compact_tp4,True,npu:5,5,Ascend950PR_957b,2,bfloat16,False,256,"[16384, 256, 256, 1]",512,ragged,112,259,28,1,6,56,64,1.0,0.0,0.0,0.0,0.0,358,3.11.10,112,"[1536, 256, 1]",56,correctness,"[495, 458, 421, 384, 347, 310, 273, 493, 456, 419, 382, 345, 308, 271, 491, 454, 417, 380, 343, 306, 269, 489, 452, 415, 378, 341, 304, 267, 487, 450, 413, 376, 339, 302, 265, 485, 448, 411, 374, 337, 300, 263, 483, 446, 409, 372, 335, 298, 261, 481, 444, 407, 370, 333, 296, 259]","[2, 2, 2, 2, 2, 2, 2, 2, 2, 2, 2, 2, 2, 2, 2, 2, 2, 2, 2, 2, 2, 2, 2, 2, 2, 2, 2, 2, 2, 2, 2, 2, 2, 2, 2, 2, 2, 2, 2, 2, 2, 2, 2, 2, 2, 2, 2, 2, 2, 2, 2, 2, 2, 2, 2, 2]",56,1,20260829,float32,0.09119556747428784,PASS,511,compact,verify_d2,2.10.0.post4.dev20260715,2.10.0+cpu,4,3.2.0,b091d09e267569ce9e3df929901f3feaccc8ac45
swa,0.9999979734420776,0.0,0.001953125,5.681318759918213,0.00011504325084388256,0.0,c47f9bdcfb879eb73723521240a48a9bae99349d094a1fb82563535aabde82ec,True,b091d09e267569ce9e3df929901f3feaccc8ac45,"[8, 1]",8,native_NHD_then_page_head_token_dim_permute,0.9999979734420776,0.0,0.001953125,5.681318759918213,0.00011504325084388256,0.0,f70ab89eb4b0f99a03654153298587b38f22209f20916ac1e97e0f6e1454d198,True,True,9.1.0,[496],[2],swa_verify_d2_m2_kv513_ragged_compact_tp4,True,npu:5,5,Ascend950PR_957b,2,bfloat16,False,256,"[16384, 256, 256, 1]",513,ragged,2,496,28,1,6,56,64,0.9999998807907104,0.0,0.0,0.0,0.0,9,3.11.10,2,"[1536, 256, 1]",1,correctness,[496],[2],1,1,20260829,float32,0.09119556747428784,PASS,511,compact,verify_d2,2.10.0.post4.dev20260715,2.10.0+cpu,4,3.2.0,b091d09e267569ce9e3df929901f3feaccc8ac45
swa,0.9999977350234985,0.0,0.00390625,55.44720458984375,0.00012341668480075896,0.0,c47f9bdcfb879eb73723521240a48a9bae99349d094a1fb82563535aabde82ec,True,b091d09e267569ce9e3df929901f3feaccc8ac45,"[8, 1]",8,native_NHD_then_page_head_token_dim_permute,0.9999977350234985,0.0,0.00390625,55.44720458984375,0.00012341668480075896,0.0,f70ab89eb4b0f99a03654153298587b38f22209f20916ac1e97e0f6e1454d198,True,True,9.1.0,"[496, 459, 422, 385, 348, 311, 274, 494, 457, 420, 383, 346, 309, 272, 492, 455]","[2, 2, 2, 2, 2, 2, 2, 2, 2, 2, 2, 2, 2, 2, 2, 2]",swa_verify_d2_m32_kv513_ragged_compact_tp4,True,npu:5,5,Ascend950PR_957b,2,bfloat16,False,256,"[16384, 256, 256, 1]",513,ragged,32,272,28,1,6,56,64,1.0,0.0,0.0,0.0,0.0,108,3.11.10,32,"[1536, 256, 1]",16,correctness,"[496, 459, 422, 385, 348, 311, 274, 494, 457, 420, 383, 346, 309, 272, 492, 455]","[2, 2, 2, 2, 2, 2, 2, 2, 2, 2, 2, 2, 2, 2, 2, 2]",16,1,20260829,float32,0.09119556747428784,PASS,511,compact,verify_d2,2.10.0.post4.dev20260715,2.10.0+cpu,4,3.2.0,b091d09e267569ce9e3df929901f3feaccc8ac45
swa,0.9999979734420776,0.0,0.00390625,63.0,0.00012658095511142164,0.0,c47f9bdcfb879eb73723521240a48a9bae99349d094a1fb82563535aabde82ec,True,b091d09e267569ce9e3df929901f3feaccc8ac45,"[8, 1]",8,native_NHD_then_page_head_token_dim_permute,0.9999979734420776,0.0,0.00390625,63.0,0.00012658095511142164,0.0,f70ab89eb4b0f99a03654153298587b38f22209f20916ac1e97e0f6e1454d198,True,True,9.1.0,"[496, 459, 422, 385, 348, 311, 274, 494, 457, 420, 383, 346, 309, 272, 492, 455, 418, 381, 344, 307, 270, 490, 453, 416, 379, 342, 305, 268, 488, 451, 414, 377, 340, 303, 266, 486, 449, 412, 375, 338, 301, 264, 484, 447, 410, 373, 336, 299, 262, 482, 445, 408, 371, 334, 297, 260]","[2, 2, 2, 2, 2, 2, 2, 2, 2, 2, 2, 2, 2, 2, 2, 2, 2, 2, 2, 2, 2, 2, 2, 2, 2, 2, 2, 2, 2, 2, 2, 2, 2, 2, 2, 2, 2, 2, 2, 2, 2, 2, 2, 2, 2, 2, 2, 2, 2, 2, 2, 2, 2, 2, 2, 2]",swa_verify_d2_m112_kv513_ragged_compact_tp4,True,npu:5,5,Ascend950PR_957b,2,bfloat16,False,256,"[16384, 256, 256, 1]",513,ragged,112,260,28,1,6,56,64,1.0000001192092896,0.0,0.0,0.0,0.0,360,3.11.10,112,"[1536, 256, 1]",56,correctness,"[496, 459, 422, 385, 348, 311, 274, 494, 457, 420, 383, 346, 309, 272, 492, 455, 418, 381, 344, 307, 270, 490, 453, 416, 379, 342, 305, 268, 488, 451, 414, 377, 340, 303, 266, 486, 449, 412, 375, 338, 301, 264, 484, 447, 410, 373, 336, 299, 262, 482, 445, 408, 371, 334, 297, 260]","[2, 2, 2, 2, 2, 2, 2, 2, 2, 2, 2, 2, 2, 2, 2, 2, 2, 2, 2, 2, 2, 2, 2, 2, 2, 2, 2, 2, 2, 2, 2, 2, 2, 2, 2, 2, 2, 2, 2, 2, 2, 2, 2, 2, 2, 2, 2, 2, 2, 2, 2, 2, 2, 2, 2, 2]",56,1,20260829,float32,0.09119556747428784,PASS,511,compact,verify_d2,2.10.0.post4.dev20260715,2.10.0+cpu,4,3.2.0,b091d09e267569ce9e3df929901f3feaccc8ac45
swa,0.9999977350234985,0.0,0.001953125,27.61313819885254,0.00011059653479605913,0.0,c47f9bdcfb879eb73723521240a48a9bae99349d094a1fb82563535aabde82ec,True,b091d09e267569ce9e3df929901f3feaccc8ac45,"[128, 1]",128,native_NHD_then_page_head_token_dim_permute,0.9999977350234985,0.0,0.001953125,27.61313819885254,0.00011059653479605913,0.0,f70ab89eb4b0f99a03654153298587b38f22209f20916ac1e97e0f6e1454d198,True,True,9.1.0,[8175],[2],swa_verify_d2_m2_kv8192_ragged_compact_tp4,True,npu:5,5,Ascend950PR_957b,2,bfloat16,False,256,"[16384, 256, 256, 1]",8192,ragged,2,8175,28,1,6,56,64,1.0,0.0,0.0,0.0,0.0,10,3.11.10,2,"[1536, 256, 1]",1,correctness,[8175],[2],1,1,20260829,float32,0.09119556747428784,PASS,511,compact,verify_d2,2.10.0.post4.dev20260715,2.10.0+cpu,4,3.2.0,b091d09e267569ce9e3df929901f3feaccc8ac45
swa,0.9999979138374329,0.0,0.00390625,15.629920959472656,0.00010940815263893455,0.0,c47f9bdcfb879eb73723521240a48a9bae99349d094a1fb82563535aabde82ec,True,b091d09e267569ce9e3df929901f3feaccc8ac45,"[128, 1]",128,native_NHD_then_page_head_token_dim_permute,0.9999979138374329,0.0,0.00390625,15.629920959472656,0.00010940815263893455,0.0,f70ab89eb4b0f99a03654153298587b38f22209f20916ac1e97e0f6e1454d198,True,True,9.1.0,"[8175, 8138, 8101, 8064, 8027, 7990, 7953, 8173, 8136, 8099, 8062, 8025, 7988, 7951, 8171, 8134]","[2, 2, 2, 2, 2, 2, 2, 2, 2, 2, 2, 2, 2, 2, 2, 2]",swa_verify_d2_m32_kv8192_ragged_compact_tp4,True,npu:5,5,Ascend950PR_957b,2,bfloat16,False,256,"[16384, 256, 256, 1]",8192,ragged,32,7951,28,1,6,56,64,1.0,0.0,0.0,0.0,0.0,145,3.11.10,32,"[1536, 256, 1]",16,correctness,"[8175, 8138, 8101, 8064, 8027, 7990, 7953, 8173, 8136, 8099, 8062, 8025, 7988, 7951, 8171, 8134]","[2, 2, 2, 2, 2, 2, 2, 2, 2, 2, 2, 2, 2, 2, 2, 2]",16,1,20260829,float32,0.09119556747428784,PASS,511,compact,verify_d2,2.10.0.post4.dev20260715,2.10.0+cpu,4,3.2.0,b091d09e267569ce9e3df929901f3feaccc8ac45
swa,0.9999979138374329,0.0,0.00390625,179.5254669189453,0.00011014250048901886,0.0,c47f9bdcfb879eb73723521240a48a9bae99349d094a1fb82563535aabde82ec,True,b091d09e267569ce9e3df929901f3feaccc8ac45,"[128, 1]",128,native_NHD_then_page_head_token_dim_permute,0.9999979138374329,0.0,0.00390625,179.5254669189453,0.00011014250048901886,0.0,f70ab89eb4b0f99a03654153298587b38f22209f20916ac1e97e0f6e1454d198,True,True,9.1.0,"[8175, 8138, 8101, 8064, 8027, 7990, 7953, 8173, 8136, 8099, 8062, 8025, 7988, 7951, 8171, 8134, 8097, 8060, 8023, 7986, 7949, 8169, 8132, 8095, 8058, 8021, 7984, 7947, 8167, 8130, 8093, 8056, 8019, 7982, 7945, 8165, 8128, 8091, 8054, 8017, 7980, 7943, 8163, 8126, 8089, 8052, 8015, 7978, 7941, 8161, 8124, 8087, 8050, 8013, 7976, 7939]","[2, 2, 2, 2, 2, 2, 2, 2, 2, 2, 2, 2, 2, 2, 2, 2, 2, 2, 2, 2, 2, 2, 2, 2, 2, 2, 2, 2, 2, 2, 2, 2, 2, 2, 2, 2, 2, 2, 2, 2, 2, 2, 2, 2, 2, 2, 2, 2, 2, 2, 2, 2, 2, 2, 2, 2]",swa_verify_d2_m112_kv8192_ragged_compact_tp4,True,npu:5,5,Ascend950PR_957b,2,bfloat16,False,256,"[16384, 256, 256, 1]",8192,ragged,112,7939,28,1,6,56,64,1.0,0.0,0.0,0.0,0.0,505,3.11.10,112,"[1536, 256, 1]",56,correctness,"[8175, 8138, 8101, 8064, 8027, 7990, 7953, 8173, 8136, 8099, 8062, 8025, 7988, 7951, 8171, 8134, 8097, 8060, 8023, 7986, 7949, 8169, 8132, 8095, 8058, 8021, 7984, 7947, 8167, 8130, 8093, 8056, 8019, 7982, 7945, 8165, 8128, 8091, 8054, 8017, 7980, 7943, 8163, 8126, 8089, 8052, 8015, 7978, 7941, 8161, 8124, 8087, 8050, 8013, 7976, 7939]","[2, 2, 2, 2, 2, 2, 2, 2, 2, 2, 2, 2, 2, 2, 2, 2, 2, 2, 2, 2, 2, 2, 2, 2, 2, 2, 2, 2, 2, 2, 2, 2, 2, 2, 2, 2, 2, 2, 2, 2, 2, 2, 2, 2, 2, 2, 2, 2, 2, 2, 2, 2, 2, 2, 2, 2]",56,1,20260829,float32,0.09119556747428784,PASS,511,compact,verify_d2,2.10.0.post4.dev20260715,2.10.0+cpu,4,3.2.0,b091d09e267569ce9e3df929901f3feaccc8ac45
full,0.9999972581863403,0.30272314324975014,0.00048828125,2.661764621734619,3.172719880240038e-05,0.0,c47f9bdcfb879eb73723521240a48a9bae99349d094a1fb82563535aabde82ec,True,b091d09e267569ce9e3df929901f3feaccc8ac45,"[160, 1]",160,native_NHD_then_page_head_token_dim_permute,0.9999972581863403,0.37309201434254646,0.00048828125,2.661764621734619,3.172719880240038e-05,0.0,f70ab89eb4b0f99a03654153298587b38f22209f20916ac1e97e0f6e1454d198,True,True,9.1.0,[10223],[2],full_verify_d2_m2_kv10240_ragged_compact_tp4,True,npu:5,5,Ascend950PR_957b,2,bfloat16,False,256,"[16384, 256, 256, 1]",10240,ragged,2,10223,28,1,6,56,64,1.0,0.0,0.0,0.0,0.0,161,3.11.10,2,"[1536, 256, 1]",1,correctness,[10223],[2],1,1,20260829,float32,0.09119556747428784,PASS,,compact,verify_d2,2.10.0.post4.dev20260715,2.10.0+cpu,4,3.2.0,b091d09e267569ce9e3df929901f3feaccc8ac45
full,0.9999972581863403,0.3495120909065008,0.00048828125,60.87124252319336,3.241454396629706e-05,0.0,c47f9bdcfb879eb73723521240a48a9bae99349d094a1fb82563535aabde82ec,True,b091d09e267569ce9e3df929901f3feaccc8ac45,"[160, 1]",160,native_NHD_then_page_head_token_dim_permute,0.9999972581863403,1.0702270083129406,0.00048828125,60.87124252319336,3.241454396629706e-05,0.0,f70ab89eb4b0f99a03654153298587b38f22209f20916ac1e97e0f6e1454d198,True,True,9.1.0,"[10223, 10186, 10149, 10112, 10075, 10038, 10001, 10221, 10184, 10147, 10110, 10073, 10036, 9999, 10219, 10182]","[2, 2, 2, 2, 2, 2, 2, 2, 2, 2, 2, 2, 2, 2, 2, 2]",full_verify_d2_m32_kv10240_ragged_compact_tp4,True,npu:5,5,Ascend950PR_957b,2,bfloat16,False,256,"[16384, 256, 256, 1]",10240,ragged,32,9999,28,1,6,56,64,0.9999998807907104,0.0,0.0,0.0,0.0,2539,3.11.10,32,"[1536, 256, 1]",16,correctness,"[10223, 10186, 10149, 10112, 10075, 10038, 10001, 10221, 10184, 10147, 10110, 10073, 10036, 9999, 10219, 10182]","[2, 2, 2, 2, 2, 2, 2, 2, 2, 2, 2, 2, 2, 2, 2, 2]",16,1,20260829,float32,0.09119556747428784,PASS,,compact,verify_d2,2.10.0.post4.dev20260715,2.10.0+cpu,4,3.2.0,b091d09e267569ce9e3df929901f3feaccc8ac45
full,0.9999972581863403,0.7439239416271448,0.0009765625,59.775508880615234,3.201513027306646e-05,0.0,c47f9bdcfb879eb73723521240a48a9bae99349d094a1fb82563535aabde82ec,True,b091d09e267569ce9e3df929901f3feaccc8ac45,"[160, 1]",160,native_NHD_then_page_head_token_dim_permute,0.9999972581863403,2.9349680989980698,0.0009765625,59.775508880615234,3.201513027306646e-05,0.0,f70ab89eb4b0f99a03654153298587b38f22209f20916ac1e97e0f6e1454d198,True,True,9.1.0,"[10223, 10186, 10149, 10112, 10075, 10038, 10001, 10221, 10184, 10147, 10110, 10073, 10036, 9999, 10219, 10182, 10145, 10108, 10071, 10034, 9997, 10217, 10180, 10143, 10106, 10069, 10032, 9995, 10215, 10178, 10141, 10104, 10067, 10030, 9993, 10213, 10176, 10139, 10102, 10065, 10028, 9991, 10211, 10174, 10137, 10100, 10063, 10026, 9989, 10209, 10172, 10135, 10098, 10061, 10024, 9987]","[2, 2, 2, 2, 2, 2, 2, 2, 2, 2, 2, 2, 2, 2, 2, 2, 2, 2, 2, 2, 2, 2, 2, 2, 2, 2, 2, 2, 2, 2, 2, 2, 2, 2, 2, 2, 2, 2, 2, 2, 2, 2, 2, 2, 2, 2, 2, 2, 2, 2, 2, 2, 2, 2, 2, 2]",full_verify_d2_m112_kv10240_ragged_compact_tp4,True,npu:5,5,Ascend950PR_957b,2,bfloat16,False,256,"[16384, 256, 256, 1]",10240,ragged,112,9987,28,1,6,56,64,0.9999998807907104,0.0,0.0,0.0,0.0,8870,3.11.10,112,"[1536, 256, 1]",56,correctness,"[10223, 10186, 10149, 10112, 10075, 10038, 10001, 10221, 10184, 10147, 10110, 10073, 10036, 9999, 10219, 10182, 10145, 10108, 10071, 10034, 9997, 10217, 10180, 10143, 10106, 10069, 10032, 9995, 10215, 10178, 10141, 10104, 10067, 10030, 9993, 10213, 10176, 10139, 10102, 10065, 10028, 9991, 10211, 10174, 10137, 10100, 10063, 10026, 9989, 10209, 10172, 10135, 10098, 10061, 10024, 9987]","[2, 2, 2, 2, 2, 2, 2, 2, 2, 2, 2, 2, 2, 2, 2, 2, 2, 2, 2, 2, 2, 2, 2, 2, 2, 2, 2, 2, 2, 2, 2, 2, 2, 2, 2, 2, 2, 2, 2, 2, 2, 2, 2, 2, 2, 2, 2, 2, 2, 2, 2, 2, 2, 2, 2, 2]",56,1,20260829,float32,0.09119556747428784,PASS,,compact,verify_d2,2.10.0.post4.dev20260715,2.10.0+cpu,4,3.2.0,b091d09e267569ce9e3df929901f3feaccc8ac45
full,0.9999968409538269,0.30977395363152027,0.00048828125,1.651685357093811,3.4409051295369864e-05,0.0,c47f9bdcfb879eb73723521240a48a9bae99349d094a1fb82563535aabde82ec,True,b091d09e267569ce9e3df929901f3feaccc8ac45,"[176, 1]",176,native_NHD_then_page_head_token_dim_permute,0.9999968409538269,0.3750021569430828,0.00048828125,1.651685357093811,3.4409051295369864e-05,0.0,f70ab89eb4b0f99a03654153298587b38f22209f20916ac1e97e0f6e1454d198,True,True,9.1.0,[11247],[2],full_verify_d2_m2_kv11264_ragged_compact_tp4,True,npu:5,5,Ascend950PR_957b,2,bfloat16,False,256,"[16384, 256, 256, 1]",11264,ragged,2,11247,28,1,6,56,64,1.0,0.0,0.0,0.0,0.0,177,3.11.10,2,"[1536, 256, 1]",1,correctness,[11247],[2],1,1,20260829,float32,0.09119556747428784,PASS,,compact,verify_d2,2.10.0.post4.dev20260715,2.10.0+cpu,4,3.2.0,b091d09e267569ce9e3df929901f3feaccc8ac45
full,0.9999972581863403,0.3701432142406702,0.0009765625,77.89209747314453,3.117599044344388e-05,0.0,c47f9bdcfb879eb73723521240a48a9bae99349d094a1fb82563535aabde82ec,True,b091d09e267569ce9e3df929901f3feaccc8ac45,"[176, 1]",176,native_NHD_then_page_head_token_dim_permute,0.9999972581863403,1.1514651123434305,0.0009765625,77.89209747314453,3.117599044344388e-05,0.0,f70ab89eb4b0f99a03654153298587b38f22209f20916ac1e97e0f6e1454d198,True,True,9.1.0,"[11247, 11210, 11173, 11136, 11099, 11062, 11025, 11245, 11208, 11171, 11134, 11097, 11060, 11023, 11243, 11206]","[2, 2, 2, 2, 2, 2, 2, 2, 2, 2, 2, 2, 2, 2, 2, 2]",full_verify_d2_m32_kv11264_ragged_compact_tp4,True,npu:5,5,Ascend950PR_957b,2,bfloat16,False,256,"[16384, 256, 256, 1]",11264,ragged,32,11023,28,1,6,56,64,1.0,0.0,0.0,0.0,0.0,2795,3.11.10,32,"[1536, 256, 1]",16,correctness,"[11247, 11210, 11173, 11136, 11099, 11062, 11025, 11245, 11208, 11171, 11134, 11097, 11060, 11023, 11243, 11206]","[2, 2, 2, 2, 2, 2, 2, 2, 2, 2, 2, 2, 2, 2, 2, 2]",16,1,20260829,float32,0.09119556747428784,PASS,,compact,verify_d2,2.10.0.post4.dev20260715,2.10.0+cpu,4,3.2.0,b091d09e267569ce9e3df929901f3feaccc8ac45
full,0.9999972581863403,0.7601040415465832,0.0009765625,79.07673645019531,3.0922488804208115e-05,0.0,c47f9bdcfb879eb73723521240a48a9bae99349d094a1fb82563535aabde82ec,True,b091d09e267569ce9e3df929901f3feaccc8ac45,"[176, 1]",176,native_NHD_then_page_head_token_dim_permute,0.9999972581863403,3.196772886440158,0.0009765625,79.07673645019531,3.0922488804208115e-05,0.0,f70ab89eb4b0f99a03654153298587b38f22209f20916ac1e97e0f6e1454d198,True,True,9.1.0,"[11247, 11210, 11173, 11136, 11099, 11062, 11025, 11245, 11208, 11171, 11134, 11097, 11060, 11023, 11243, 11206, 11169, 11132, 11095, 11058, 11021, 11241, 11204, 11167, 11130, 11093, 11056, 11019, 11239, 11202, 11165, 11128, 11091, 11054, 11017, 11237, 11200, 11163, 11126, 11089, 11052, 11015, 11235, 11198, 11161, 11124, 11087, 11050, 11013, 11233, 11196, 11159, 11122, 11085, 11048, 11011]","[2, 2, 2, 2, 2, 2, 2, 2, 2, 2, 2, 2, 2, 2, 2, 2, 2, 2, 2, 2, 2, 2, 2, 2, 2, 2, 2, 2, 2, 2, 2, 2, 2, 2, 2, 2, 2, 2, 2, 2, 2, 2, 2, 2, 2, 2, 2, 2, 2, 2, 2, 2, 2, 2, 2, 2]",full_verify_d2_m112_kv11264_ragged_compact_tp4,True,npu:5,5,Ascend950PR_957b,2,bfloat16,False,256,"[16384, 256, 256, 1]",11264,ragged,112,11011,28,1,6,56,64,1.0,0.0,0.0,0.0,0.0,9766,3.11.10,112,"[1536, 256, 1]",56,correctness,"[11247, 11210, 11173, 11136, 11099, 11062, 11025, 11245, 11208, 11171, 11134, 11097, 11060, 11023, 11243, 11206, 11169, 11132, 11095, 11058, 11021, 11241, 11204, 11167, 11130, 11093, 11056, 11019, 11239, 11202, 11165, 11128, 11091, 11054, 11017, 11237, 11200, 11163, 11126, 11089, 11052, 11015, 11235, 11198, 11161, 11124, 11087, 11050, 11013, 11233, 11196, 11159, 11122, 11085, 11048, 11011]","[2, 2, 2, 2, 2, 2, 2, 2, 2, 2, 2, 2, 2, 2, 2, 2, 2, 2, 2, 2, 2, 2, 2, 2, 2, 2, 2, 2, 2, 2, 2, 2, 2, 2, 2, 2, 2, 2, 2, 2, 2, 2, 2, 2, 2, 2, 2, 2, 2, 2, 2, 2, 2, 2, 2, 2]",56,1,20260829,float32,0.09119556747428784,PASS,,compact,verify_d2,2.10.0.post4.dev20260715,2.10.0+cpu,4,3.2.0,b091d09e267569ce9e3df929901f3feaccc8ac45
full,0.9999973773956299,0.3089329693466425,0.00048828125,4.28384256362915,2.8739101253449917e-05,0.0,c47f9bdcfb879eb73723521240a48a9bae99349d094a1fb82563535aabde82ec,True,b091d09e267569ce9e3df929901f3feaccc8ac45,"[192, 1]",192,native_NHD_then_page_head_token_dim_permute,0.9999973773956299,0.40803197771310806,0.00048828125,4.28384256362915,2.8739101253449917e-05,0.0,f70ab89eb4b0f99a03654153298587b38f22209f20916ac1e97e0f6e1454d198,True,True,9.1.0,[12271],[2],full_verify_d2_m2_kv12288_ragged_compact_tp4,True,npu:5,5,Ascend950PR_957b,2,bfloat16,False,256,"[16384, 256, 256, 1]",12288,ragged,2,12271,28,1,6,56,64,1.0,0.0,0.0,0.0,0.0,193,3.11.10,2,"[1536, 256, 1]",1,correctness,[12271],[2],1,1,20260829,float32,0.09119556747428784,PASS,,compact,verify_d2,2.10.0.post4.dev20260715,2.10.0+cpu,4,3.2.0,b091d09e267569ce9e3df929901f3feaccc8ac45
full,0.9999973773956299,0.36153197288513184,0.00048828125,60.914894104003906,2.9157992685213685e-05,0.0,c47f9bdcfb879eb73723521240a48a9bae99349d094a1fb82563535aabde82ec,True,b091d09e267569ce9e3df929901f3feaccc8ac45,"[192, 1]",192,native_NHD_then_page_head_token_dim_permute,0.9999973773956299,1.2331041507422924,0.00048828125,60.914894104003906,2.9157992685213685e-05,0.0,f70ab89eb4b0f99a03654153298587b38f22209f20916ac1e97e0f6e1454d198,True,True,9.1.0,"[12271, 12234, 12197, 12160, 12123, 12086, 12049, 12269, 12232, 12195, 12158, 12121, 12084, 12047, 12267, 12230]","[2, 2, 2, 2, 2, 2, 2, 2, 2, 2, 2, 2, 2, 2, 2, 2]",full_verify_d2_m32_kv12288_ragged_compact_tp4,True,npu:5,5,Ascend950PR_957b,2,bfloat16,False,256,"[16384, 256, 256, 1]",12288,ragged,32,12047,28,1,6,56,64,1.0000001192092896,0.0,0.0,0.0,0.0,3051,3.11.10,32,"[1536, 256, 1]",16,correctness,"[12271, 12234, 12197, 12160, 12123, 12086, 12049, 12269, 12232, 12195, 12158, 12121, 12084, 12047, 12267, 12230]","[2, 2, 2, 2, 2, 2, 2, 2, 2, 2, 2, 2, 2, 2, 2, 2]",16,1,20260829,float32,0.09119556747428784,PASS,,compact,verify_d2,2.10.0.post4.dev20260715,2.10.0+cpu,4,3.2.0,b091d09e267569ce9e3df929901f3feaccc8ac45
full,0.9999973177909851,0.7470240816473961,0.0009765625,62.68674850463867,2.979558121296577e-05,0.0,c47f9bdcfb879eb73723521240a48a9bae99349d094a1fb82563535aabde82ec,True,b091d09e267569ce9e3df929901f3feaccc8ac45,"[192, 1]",192,native_NHD_then_page_head_token_dim_permute,0.9999973177909851,3.4759677946567535,0.0009765625,62.68674850463867,2.979558121296577e-05,0.0,f70ab89eb4b0f99a03654153298587b38f22209f20916ac1e97e0f6e1454d198,True,True,9.1.0,"[12271, 12234, 12197, 12160, 12123, 12086, 12049, 12269, 12232, 12195, 12158, 12121, 12084, 12047, 12267, 12230, 12193, 12156, 12119, 12082, 12045, 12265, 12228, 12191, 12154, 12117, 12080, 12043, 12263, 12226, 12189, 12152, 12115, 12078, 12041, 12261, 12224, 12187, 12150, 12113, 12076, 12039, 12259, 12222, 12185, 12148, 12111, 12074, 12037, 12257, 12220, 12183, 12146, 12109, 12072, 12035]","[2, 2, 2, 2, 2, 2, 2, 2, 2, 2, 2, 2, 2, 2, 2, 2, 2, 2, 2, 2, 2, 2, 2, 2, 2, 2, 2, 2, 2, 2, 2, 2, 2, 2, 2, 2, 2, 2, 2, 2, 2, 2, 2, 2, 2, 2, 2, 2, 2, 2, 2, 2, 2, 2, 2, 2]",full_verify_d2_m112_kv12288_ragged_compact_tp4,True,npu:5,5,Ascend950PR_957b,2,bfloat16,False,256,"[16384, 256, 256, 1]",12288,ragged,112,12035,28,1,6,56,64,1.0,0.0,0.0,0.0,0.0,10662,3.11.10,112,"[1536, 256, 1]",56,correctness,"[12271, 12234, 12197, 12160, 12123, 12086, 12049, 12269, 12232, 12195, 12158, 12121, 12084, 12047, 12267, 12230, 12193, 12156, 12119, 12082, 12045, 12265, 12228, 12191, 12154, 12117, 12080, 12043, 12263, 12226, 12189, 12152, 12115, 12078, 12041, 12261, 12224, 12187, 12150, 12113, 12076, 12039, 12259, 12222, 12185, 12148, 12111, 12074, 12037, 12257, 12220, 12183, 12146, 12109, 12072, 12035]","[2, 2, 2, 2, 2, 2, 2, 2, 2, 2, 2, 2, 2, 2, 2, 2, 2, 2, 2, 2, 2, 2, 2, 2, 2, 2, 2, 2, 2, 2, 2, 2, 2, 2, 2, 2, 2, 2, 2, 2, 2, 2, 2, 2, 2, 2, 2, 2, 2, 2, 2, 2, 2, 2, 2, 2]",56,1,20260829,float32,0.09119556747428784,PASS,,compact,verify_d2,2.10.0.post4.dev20260715,2.10.0+cpu,4,3.2.0,b091d09e267569ce9e3df929901f3feaccc8ac45
full,0.9999974370002747,0.3906711935997009,0.000244140625,4.448818683624268,2.5555695174261928e-05,0.0,c47f9bdcfb879eb73723521240a48a9bae99349d094a1fb82563535aabde82ec,True,b091d09e267569ce9e3df929901f3feaccc8ac45,"[240, 1]",240,native_NHD_then_page_head_token_dim_permute,0.9999974370002747,0.48349006101489067,0.000244140625,4.448818683624268,2.5555695174261928e-05,0.0,f70ab89eb4b0f99a03654153298587b38f22209f20916ac1e97e0f6e1454d198,True,True,9.1.0,[15343],[2],full_verify_d2_m2_kv15360_ragged_compact_tp4,True,npu:5,5,Ascend950PR_957b,2,bfloat16,False,256,"[16384, 256, 256, 1]",15360,ragged,2,15343,28,1,6,56,64,1.0000001192092896,0.0,0.0,0.0,0.0,241,3.11.10,2,"[1536, 256, 1]",1,correctness,[15343],[2],1,1,20260829,float32,0.09119556747428784,PASS,,compact,verify_d2,2.10.0.post4.dev20260715,2.10.0+cpu,4,3.2.0,b091d09e267569ce9e3df929901f3feaccc8ac45
full,0.9999971389770508,0.3172638826072216,0.00048828125,34.62657165527344,2.6628342311596498e-05,0.0,c47f9bdcfb879eb73723521240a48a9bae99349d094a1fb82563535aabde82ec,True,b091d09e267569ce9e3df929901f3feaccc8ac45,"[240, 1]",240,native_NHD_then_page_head_token_dim_permute,0.9999971389770508,1.5187079552561045,0.00048828125,34.62657165527344,2.6628342311596498e-05,0.0,f70ab89eb4b0f99a03654153298587b38f22209f20916ac1e97e0f6e1454d198,True,True,9.1.0,"[15343, 15306, 15269, 15232, 15195, 15158, 15121, 15341, 15304, 15267, 15230, 15193, 15156, 15119, 15339, 15302]","[2, 2, 2, 2, 2, 2, 2, 2, 2, 2, 2, 2, 2, 2, 2, 2]",full_verify_d2_m32_kv15360_ragged_compact_tp4,True,npu:5,5,Ascend950PR_957b,2,bfloat16,False,256,"[16384, 256, 256, 1]",15360,ragged,32,15119,28,1,6,56,64,1.0,0.0,0.0,0.0,0.0,3819,3.11.10,32,"[1536, 256, 1]",16,correctness,"[15343, 15306, 15269, 15232, 15195, 15158, 15121, 15341, 15304, 15267, 15230, 15193, 15156, 15119, 15339, 15302]","[2, 2, 2, 2, 2, 2, 2, 2, 2, 2, 2, 2, 2, 2, 2, 2]",16,1,20260829,float32,0.09119556747428784,PASS,,compact,verify_d2,2.10.0.post4.dev20260715,2.10.0+cpu,4,3.2.0,b091d09e267569ce9e3df929901f3feaccc8ac45
full,0.9999973177909851,0.685655977576971,0.00048828125,59.105262756347656,2.6776475351653062e-05,0.0,c47f9bdcfb879eb73723521240a48a9bae99349d094a1fb82563535aabde82ec,True,b091d09e267569ce9e3df929901f3feaccc8ac45,"[240, 1]",240,native_NHD_then_page_head_token_dim_permute,0.9999973177909851,4.300199914723635,0.00048828125,59.105262756347656,2.6776475351653062e-05,0.0,f70ab89eb4b0f99a03654153298587b38f22209f20916ac1e97e0f6e1454d198,True,True,9.1.0,"[15343, 15306, 15269, 15232, 15195, 15158, 15121, 15341, 15304, 15267, 15230, 15193, 15156, 15119, 15339, 15302, 15265, 15228, 15191, 15154, 15117, 15337, 15300, 15263, 15226, 15189, 15152, 15115, 15335, 15298, 15261, 15224, 15187, 15150, 15113, 15333, 15296, 15259, 15222, 15185, 15148, 15111, 15331, 15294, 15257, 15220, 15183, 15146, 15109, 15329, 15292, 15255, 15218, 15181, 15144, 15107]","[2, 2, 2, 2, 2, 2, 2, 2, 2, 2, 2, 2, 2, 2, 2, 2, 2, 2, 2, 2, 2, 2, 2, 2, 2, 2, 2, 2, 2, 2, 2, 2, 2, 2, 2, 2, 2, 2, 2, 2, 2, 2, 2, 2, 2, 2, 2, 2, 2, 2, 2, 2, 2, 2, 2, 2]",full_verify_d2_m112_kv15360_ragged_compact_tp4,True,npu:5,5,Ascend950PR_957b,2,bfloat16,False,256,"[16384, 256, 256, 1]",15360,ragged,112,15107,28,1,6,56,64,1.0000001192092896,0.0,0.0,0.0,0.0,13350,3.11.10,112,"[1536, 256, 1]",56,correctness,"[15343, 15306, 15269, 15232, 15195, 15158, 15121, 15341, 15304, 15267, 15230, 15193, 15156, 15119, 15339, 15302, 15265, 15228, 15191, 15154, 15117, 15337, 15300, 15263, 15226, 15189, 15152, 15115, 15335, 15298, 15261, 15224, 15187, 15150, 15113, 15333, 15296, 15259, 15222, 15185, 15148, 15111, 15331, 15294, 15257, 15220, 15183, 15146, 15109, 15329, 15292, 15255, 15218, 15181, 15144, 15107]","[2, 2, 2, 2, 2, 2, 2, 2, 2, 2, 2, 2, 2, 2, 2, 2, 2, 2, 2, 2, 2, 2, 2, 2, 2, 2, 2, 2, 2, 2, 2, 2, 2, 2, 2, 2, 2, 2, 2, 2, 2, 2, 2, 2, 2, 2, 2, 2, 2, 2, 2, 2, 2, 2, 2, 2]",56,1,20260829,float32,0.09119556747428784,PASS,,compact,verify_d2,2.10.0.post4.dev20260715,2.10.0+cpu,4,3.2.0,b091d09e267569ce9e3df929901f3feaccc8ac45
full,0.999997615814209,0.3470031078904867,0.000244140625,1.3696682453155518,2.4574575945734978e-05,0.0,c47f9bdcfb879eb73723521240a48a9bae99349d094a1fb82563535aabde82ec,True,b091d09e267569ce9e3df929901f3feaccc8ac45,"[264, 1]",264,native_NHD_then_page_head_token_dim_permute,0.999997615814209,0.49796001985669136,0.000244140625,1.3696682453155518,2.4574575945734978e-05,0.0,f70ab89eb4b0f99a03654153298587b38f22209f20916ac1e97e0f6e1454d198,True,True,9.1.0,[16879],[2],full_verify_d2_m2_kv16896_ragged_compact_tp4,True,npu:5,5,Ascend950PR_957b,2,bfloat16,False,256,"[16384, 256, 256, 1]",16896,ragged,2,16879,28,1,6,56,64,1.0000001192092896,0.0,0.0,0.0,0.0,265,3.11.10,2,"[1536, 256, 1]",1,correctness,[16879],[2],1,1,20260829,float32,0.09119556747428784,PASS,,compact,verify_d2,2.10.0.post4.dev20260715,2.10.0+cpu,4,3.2.0,b091d09e267569ce9e3df929901f3feaccc8ac45
full,0.9999973773956299,0.34609297290444374,0.00048828125,17.331125259399414,2.558835331001319e-05,0.0,c47f9bdcfb879eb73723521240a48a9bae99349d094a1fb82563535aabde82ec,True,b091d09e267569ce9e3df929901f3feaccc8ac45,"[264, 1]",264,native_NHD_then_page_head_token_dim_permute,0.9999973773956299,1.6513548325747252,0.00048828125,17.331125259399414,2.558835331001319e-05,0.0,f70ab89eb4b0f99a03654153298587b38f22209f20916ac1e97e0f6e1454d198,True,True,9.1.0,"[16879, 16842, 16805, 16768, 16731, 16694, 16657, 16877, 16840, 16803, 16766, 16729, 16692, 16655, 16875, 16838]","[2, 2, 2, 2, 2, 2, 2, 2, 2, 2, 2, 2, 2, 2, 2, 2]",full_verify_d2_m32_kv16896_ragged_compact_tp4,True,npu:5,5,Ascend950PR_957b,2,bfloat16,False,256,"[16384, 256, 256, 1]",16896,ragged,32,16655,28,1,6,56,64,1.0000001192092896,0.0,0.0,0.0,0.0,4203,3.11.10,32,"[1536, 256, 1]",16,correctness,"[16879, 16842, 16805, 16768, 16731, 16694, 16657, 16877, 16840, 16803, 16766, 16729, 16692, 16655, 16875, 16838]","[2, 2, 2, 2, 2, 2, 2, 2, 2, 2, 2, 2, 2, 2, 2, 2]",16,1,20260829,float32,0.09119556747428784,PASS,,compact,verify_d2,2.10.0.post4.dev20260715,2.10.0+cpu,4,3.2.0,b091d09e267569ce9e3df929901f3feaccc8ac45
full,0.9999972581863403,0.7093050517141819,0.00048828125,73.76712036132812,2.54974565905286e-05,0.0,c47f9bdcfb879eb73723521240a48a9bae99349d094a1fb82563535aabde82ec,True,b091d09e267569ce9e3df929901f3feaccc8ac45,"[264, 1]",264,native_NHD_then_page_head_token_dim_permute,0.9999972581863403,4.702751990407705,0.00048828125,73.76712036132812,2.54974565905286e-05,0.0,f70ab89eb4b0f99a03654153298587b38f22209f20916ac1e97e0f6e1454d198,True,True,9.1.0,"[16879, 16842, 16805, 16768, 16731, 16694, 16657, 16877, 16840, 16803, 16766, 16729, 16692, 16655, 16875, 16838, 16801, 16764, 16727, 16690, 16653, 16873, 16836, 16799, 16762, 16725, 16688, 16651, 16871, 16834, 16797, 16760, 16723, 16686, 16649, 16869, 16832, 16795, 16758, 16721, 16684, 16647, 16867, 16830, 16793, 16756, 16719, 16682, 16645, 16865, 16828, 16791, 16754, 16717, 16680, 16643]","[2, 2, 2, 2, 2, 2, 2, 2, 2, 2, 2, 2, 2, 2, 2, 2, 2, 2, 2, 2, 2, 2, 2, 2, 2, 2, 2, 2, 2, 2, 2, 2, 2, 2, 2, 2, 2, 2, 2, 2, 2, 2, 2, 2, 2, 2, 2, 2, 2, 2, 2, 2, 2, 2, 2, 2]",full_verify_d2_m112_kv16896_ragged_compact_tp4,True,npu:5,5,Ascend950PR_957b,2,bfloat16,False,256,"[16384, 256, 256, 1]",16896,ragged,112,16643,28,1,6,56,64,0.9999998807907104,0.0,0.0,0.0,0.0,14694,3.11.10,112,"[1536, 256, 1]",56,correctness,"[16879, 16842, 16805, 16768, 16731, 16694, 16657, 16877, 16840, 16803, 16766, 16729, 16692, 16655, 16875, 16838, 16801, 16764, 16727, 16690, 16653, 16873, 16836, 16799, 16762, 16725, 16688, 16651, 16871, 16834, 16797, 16760, 16723, 16686, 16649, 16869, 16832, 16795, 16758, 16721, 16684, 16647, 16867, 16830, 16793, 16756, 16719, 16682, 16645, 16865, 16828, 16791, 16754, 16717, 16680, 16643]","[2, 2, 2, 2, 2, 2, 2, 2, 2, 2, 2, 2, 2, 2, 2, 2, 2, 2, 2, 2, 2, 2, 2, 2, 2, 2, 2, 2, 2, 2, 2, 2, 2, 2, 2, 2, 2, 2, 2, 2, 2, 2, 2, 2, 2, 2, 2, 2, 2, 2, 2, 2, 2, 2, 2, 2]",56,1,20260829,float32,0.09119556747428784,PASS,,compact,verify_d2,2.10.0.post4.dev20260715,2.10.0+cpu,4,3.2.0,b091d09e267569ce9e3df929901f3feaccc8ac45
full,0.9999972581863403,0.36556203849613667,0.000244140625,1.1571969985961914,2.4122349714161828e-05,0.0,c47f9bdcfb879eb73723521240a48a9bae99349d094a1fb82563535aabde82ec,True,b091d09e267569ce9e3df929901f3feaccc8ac45,"[288, 1]",288,native_NHD_then_page_head_token_dim_permute,0.9999972581863403,0.538908876478672,0.000244140625,1.1571969985961914,2.4122349714161828e-05,0.0,f70ab89eb4b0f99a03654153298587b38f22209f20916ac1e97e0f6e1454d198,True,True,9.1.0,[18415],[2],full_verify_d2_m2_kv18432_ragged_compact_tp4,True,npu:5,5,Ascend950PR_957b,2,bfloat16,False,256,"[16384, 256, 256, 1]",18432,ragged,2,18415,28,1,6,56,64,1.0,0.0,0.0,0.0,0.0,289,3.11.10,2,"[1536, 256, 1]",1,correctness,[18415],[2],1,1,20260829,float32,0.09119556747428784,PASS,,compact,verify_d2,2.10.0.post4.dev20260715,2.10.0+cpu,4,3.2.0,b091d09e267569ce9e3df929901f3feaccc8ac45
full,0.999997079372406,0.3787118475884199,0.00048828125,42.44595718383789,2.4371362087549642e-05,0.0,c47f9bdcfb879eb73723521240a48a9bae99349d094a1fb82563535aabde82ec,True,b091d09e267569ce9e3df929901f3feaccc8ac45,"[288, 1]",288,native_NHD_then_page_head_token_dim_permute,0.999997079372406,1.7868329305201769,0.00048828125,42.44595718383789,2.4371362087549642e-05,0.0,f70ab89eb4b0f99a03654153298587b38f22209f20916ac1e97e0f6e1454d198,True,True,9.1.0,"[18415, 18378, 18341, 18304, 18267, 18230, 18193, 18413, 18376, 18339, 18302, 18265, 18228, 18191, 18411, 18374]","[2, 2, 2, 2, 2, 2, 2, 2, 2, 2, 2, 2, 2, 2, 2, 2]",full_verify_d2_m32_kv18432_ragged_compact_tp4,True,npu:5,5,Ascend950PR_957b,2,bfloat16,False,256,"[16384, 256, 256, 1]",18432,ragged,32,18191,28,1,6,56,64,0.9999998807907104,0.0,0.0,0.0,0.0,4587,3.11.10,32,"[1536, 256, 1]",16,correctness,"[18415, 18378, 18341, 18304, 18267, 18230, 18193, 18413, 18376, 18339, 18302, 18265, 18228, 18191, 18411, 18374]","[2, 2, 2, 2, 2, 2, 2, 2, 2, 2, 2, 2, 2, 2, 2, 2]",16,1,20260829,float32,0.09119556747428784,PASS,,compact,verify_d2,2.10.0.post4.dev20260715,2.10.0+cpu,4,3.2.0,b091d09e267569ce9e3df929901f3feaccc8ac45
full,0.9999971985816956,0.7010858971625566,0.00048828125,46.154483795166016,2.4982191462186165e-05,0.0,c47f9bdcfb879eb73723521240a48a9bae99349d094a1fb82563535aabde82ec,True,b091d09e267569ce9e3df929901f3feaccc8ac45,"[288, 1]",288,native_NHD_then_page_head_token_dim_permute,0.9999971985816956,5.096343113109469,0.00048828125,46.154483795166016,2.4982191462186165e-05,0.0,f70ab89eb4b0f99a03654153298587b38f22209f20916ac1e97e0f6e1454d198,True,True,9.1.0,"[18415, 18378, 18341, 18304, 18267, 18230, 18193, 18413, 18376, 18339, 18302, 18265, 18228, 18191, 18411, 18374, 18337, 18300, 18263, 18226, 18189, 18409, 18372, 18335, 18298, 18261, 18224, 18187, 18407, 18370, 18333, 18296, 18259, 18222, 18185, 18405, 18368, 18331, 18294, 18257, 18220, 18183, 18403, 18366, 18329, 18292, 18255, 18218, 18181, 18401, 18364, 18327, 18290, 18253, 18216, 18179]","[2, 2, 2, 2, 2, 2, 2, 2, 2, 2, 2, 2, 2, 2, 2, 2, 2, 2, 2, 2, 2, 2, 2, 2, 2, 2, 2, 2, 2, 2, 2, 2, 2, 2, 2, 2, 2, 2, 2, 2, 2, 2, 2, 2, 2, 2, 2, 2, 2, 2, 2, 2, 2, 2, 2, 2]",full_verify_d2_m112_kv18432_ragged_compact_tp4,True,npu:5,5,Ascend950PR_957b,2,bfloat16,False,256,"[16384, 256, 256, 1]",18432,ragged,112,18179,28,1,6,56,64,1.0,0.0,0.0,0.0,0.0,16038,3.11.10,112,"[1536, 256, 1]",56,correctness,"[18415, 18378, 18341, 18304, 18267, 18230, 18193, 18413, 18376, 18339, 18302, 18265, 18228, 18191, 18411, 18374, 18337, 18300, 18263, 18226, 18189, 18409, 18372, 18335, 18298, 18261, 18224, 18187, 18407, 18370, 18333, 18296, 18259, 18222, 18185, 18405, 18368, 18331, 18294, 18257, 18220, 18183, 18403, 18366, 18329, 18292, 18255, 18218, 18181, 18401, 18364, 18327, 18290, 18253, 18216, 18179]","[2, 2, 2, 2, 2, 2, 2, 2, 2, 2, 2, 2, 2, 2, 2, 2, 2, 2, 2, 2, 2, 2, 2, 2, 2, 2, 2, 2, 2, 2, 2, 2, 2, 2, 2, 2, 2, 2, 2, 2, 2, 2, 2, 2, 2, 2, 2, 2, 2, 2, 2, 2, 2, 2, 2, 2]",56,1,20260829,float32,0.09119556747428784,PASS,,compact,verify_d2,2.10.0.post4.dev20260715,2.10.0+cpu,4,3.2.0,b091d09e267569ce9e3df929901f3feaccc8ac45
full,0.9999969601631165,0.45311986468732357,0.000244140625,10.600000381469727,2.209891317761503e-05,0.0,c47f9bdcfb879eb73723521240a48a9bae99349d094a1fb82563535aabde82ec,True,b091d09e267569ce9e3df929901f3feaccc8ac45,"[384, 1]",384,native_NHD_then_page_head_token_dim_permute,0.9999969601631165,0.6899349391460419,0.000244140625,10.600000381469727,2.209891317761503e-05,0.0,f70ab89eb4b0f99a03654153298587b38f22209f20916ac1e97e0f6e1454d198,True,True,9.1.0,[24559],[2],full_verify_d2_m2_kv24576_ragged_compact_tp4,True,npu:5,5,Ascend950PR_957b,2,bfloat16,False,256,"[16384, 256, 256, 1]",24576,ragged,2,24559,28,1,6,56,64,1.0,0.0,0.0,0.0,0.0,385,3.11.10,2,"[1536, 256, 1]",1,correctness,[24559],[2],1,1,20260829,float32,0.09119556747428784,PASS,,compact,verify_d2,2.10.0.post4.dev20260715,2.10.0+cpu,4,3.2.0,b091d09e267569ce9e3df929901f3feaccc8ac45
full,0.9999971985816956,3.51573689840734,0.00048828125,34.015872955322266,2.172603490180336e-05,0.0,c47f9bdcfb879eb73723521240a48a9bae99349d094a1fb82563535aabde82ec,True,b091d09e267569ce9e3df929901f3feaccc8ac45,"[384, 1]",384,native_NHD_then_page_head_token_dim_permute,0.9999971985816956,2.329701092094183,0.00048828125,34.015872955322266,2.172603490180336e-05,0.0,f70ab89eb4b0f99a03654153298587b38f22209f20916ac1e97e0f6e1454d198,True,True,9.1.0,"[24559, 24522, 24485, 24448, 24411, 24374, 24337, 24557, 24520, 24483, 24446, 24409, 24372, 24335, 24555, 24518]","[2, 2, 2, 2, 2, 2, 2, 2, 2, 2, 2, 2, 2, 2, 2, 2]",full_verify_d2_m32_kv24576_ragged_compact_tp4,True,npu:5,5,Ascend950PR_957b,2,bfloat16,False,256,"[16384, 256, 256, 1]",24576,ragged,32,24335,28,1,6,56,64,1.0,0.0,0.0,0.0,0.0,6123,3.11.10,32,"[1536, 256, 1]",16,correctness,"[24559, 24522, 24485, 24448, 24411, 24374, 24337, 24557, 24520, 24483, 24446, 24409, 24372, 24335, 24555, 24518]","[2, 2, 2, 2, 2, 2, 2, 2, 2, 2, 2, 2, 2, 2, 2, 2]",16,1,20260829,float32,0.09119556747428784,PASS,,compact,verify_d2,2.10.0.post4.dev20260715,2.10.0+cpu,4,3.2.0,b091d09e267569ce9e3df929901f3feaccc8ac45
full,0.9999973773956299,12.047328054904938,0.00048828125,49.031341552734375,2.1617719539790414e-05,0.0,c47f9bdcfb879eb73723521240a48a9bae99349d094a1fb82563535aabde82ec,True,b091d09e267569ce9e3df929901f3feaccc8ac45,"[384, 1]",384,native_NHD_then_page_head_token_dim_permute,0.9999973773956299,6.763718090951443,0.00048828125,49.031341552734375,2.1617719539790414e-05,0.0,f70ab89eb4b0f99a03654153298587b38f22209f20916ac1e97e0f6e1454d198,True,True,9.1.0,"[24559, 24522, 24485, 24448, 24411, 24374, 24337, 24557, 24520, 24483, 24446, 24409, 24372, 24335, 24555, 24518, 24481, 24444, 24407, 24370, 24333, 24553, 24516, 24479, 24442, 24405, 24368, 24331, 24551, 24514, 24477, 24440, 24403, 24366, 24329, 24549, 24512, 24475, 24438, 24401, 24364, 24327, 24547, 24510, 24473, 24436, 24399, 24362, 24325, 24545, 24508, 24471, 24434, 24397, 24360, 24323]","[2, 2, 2, 2, 2, 2, 2, 2, 2, 2, 2, 2, 2, 2, 2, 2, 2, 2, 2, 2, 2, 2, 2, 2, 2, 2, 2, 2, 2, 2, 2, 2, 2, 2, 2, 2, 2, 2, 2, 2, 2, 2, 2, 2, 2, 2, 2, 2, 2, 2, 2, 2, 2, 2, 2, 2]",full_verify_d2_m112_kv24576_ragged_compact_tp4,True,npu:5,5,Ascend950PR_957b,2,bfloat16,False,256,"[16384, 256, 256, 1]",24576,ragged,112,24323,28,1,6,56,64,1.0000001192092896,0.0,0.0,0.0,0.0,21414,3.11.10,112,"[1536, 256, 1]",56,correctness,"[24559, 24522, 24485, 24448, 24411, 24374, 24337, 24557, 24520, 24483, 24446, 24409, 24372, 24335, 24555, 24518, 24481, 24444, 24407, 24370, 24333, 24553, 24516, 24479, 24442, 24405, 24368, 24331, 24551, 24514, 24477, 24440, 24403, 24366, 24329, 24549, 24512, 24475, 24438, 24401, 24364, 24327, 24547, 24510, 24473, 24436, 24399, 24362, 24325, 24545, 24508, 24471, 24434, 24397, 24360, 24323]","[2, 2, 2, 2, 2, 2, 2, 2, 2, 2, 2, 2, 2, 2, 2, 2, 2, 2, 2, 2, 2, 2, 2, 2, 2, 2, 2, 2, 2, 2, 2, 2, 2, 2, 2, 2, 2, 2, 2, 2, 2, 2, 2, 2, 2, 2, 2, 2, 2, 2, 2, 2, 2, 2, 2, 2]",56,1,20260829,float32,0.09119556747428784,PASS,,compact,verify_d2,2.10.0.post4.dev20260715,2.10.0+cpu,4,3.2.0,b091d09e267569ce9e3df929901f3feaccc8ac45
full,0.9999967217445374,0.5003400146961212,0.000244140625,1.0636792182922363,2.191208113799803e-05,0.0,c47f9bdcfb879eb73723521240a48a9bae99349d094a1fb82563535aabde82ec,True,b091d09e267569ce9e3df929901f3feaccc8ac45,"[416, 1]",416,native_NHD_then_page_head_token_dim_permute,0.9999967217445374,0.7320349104702473,0.000244140625,1.0636792182922363,2.191208113799803e-05,0.0,f70ab89eb4b0f99a03654153298587b38f22209f20916ac1e97e0f6e1454d198,True,True,9.1.0,[26607],[2],full_verify_d2_m2_kv26624_ragged_compact_tp4,True,npu:5,5,Ascend950PR_957b,2,bfloat16,False,256,"[16384, 256, 256, 1]",26624,ragged,2,26607,28,1,6,56,64,1.0,0.0,0.0,0.0,0.0,417,3.11.10,2,"[1536, 256, 1]",1,correctness,[26607],[2],1,1,20260829,float32,0.09119556747428784,PASS,,compact,verify_d2,2.10.0.post4.dev20260715,2.10.0+cpu,4,3.2.0,b091d09e267569ce9e3df929901f3feaccc8ac45
full,0.9999971389770508,5.076023051515222,0.00048828125,41.11602783203125,2.0834244423895143e-05,0.0,c47f9bdcfb879eb73723521240a48a9bae99349d094a1fb82563535aabde82ec,True,b091d09e267569ce9e3df929901f3feaccc8ac45,"[416, 1]",416,native_NHD_then_page_head_token_dim_permute,0.9999971389770508,2.5270869955420494,0.00048828125,41.11602783203125,2.0834244423895143e-05,0.0,f70ab89eb4b0f99a03654153298587b38f22209f20916ac1e97e0f6e1454d198,True,True,9.1.0,"[26607, 26570, 26533, 26496, 26459, 26422, 26385, 26605, 26568, 26531, 26494, 26457, 26420, 26383, 26603, 26566]","[2, 2, 2, 2, 2, 2, 2, 2, 2, 2, 2, 2, 2, 2, 2, 2]",full_verify_d2_m32_kv26624_ragged_compact_tp4,True,npu:5,5,Ascend950PR_957b,2,bfloat16,False,256,"[16384, 256, 256, 1]",26624,ragged,32,26383,28,1,6,56,64,1.0,0.0,0.0,0.0,0.0,6635,3.11.10,32,"[1536, 256, 1]",16,correctness,"[26607, 26570, 26533, 26496, 26459, 26422, 26385, 26605, 26568, 26531, 26494, 26457, 26420, 26383, 26603, 26566]","[2, 2, 2, 2, 2, 2, 2, 2, 2, 2, 2, 2, 2, 2, 2, 2]",16,1,20260829,float32,0.09119556747428784,PASS,,compact,verify_d2,2.10.0.post4.dev20260715,2.10.0+cpu,4,3.2.0,b091d09e267569ce9e3df929901f3feaccc8ac45
full,0.9999971985816956,17.488413956016302,0.00048828125,38.59321975708008,2.107595901179593e-05,0.0,c47f9bdcfb879eb73723521240a48a9bae99349d094a1fb82563535aabde82ec,True,b091d09e267569ce9e3df929901f3feaccc8ac45,"[416, 1]",416,native_NHD_then_page_head_token_dim_permute,0.9999971985816956,7.350035943090916,0.00048828125,38.59321975708008,2.107595901179593e-05,0.0,f70ab89eb4b0f99a03654153298587b38f22209f20916ac1e97e0f6e1454d198,True,True,9.1.0,"[26607, 26570, 26533, 26496, 26459, 26422, 26385, 26605, 26568, 26531, 26494, 26457, 26420, 26383, 26603, 26566, 26529, 26492, 26455, 26418, 26381, 26601, 26564, 26527, 26490, 26453, 26416, 26379, 26599, 26562, 26525, 26488, 26451, 26414, 26377, 26597, 26560, 26523, 26486, 26449, 26412, 26375, 26595, 26558, 26521, 26484, 26447, 26410, 26373, 26593, 26556, 26519, 26482, 26445, 26408, 26371]","[2, 2, 2, 2, 2, 2, 2, 2, 2, 2, 2, 2, 2, 2, 2, 2, 2, 2, 2, 2, 2, 2, 2, 2, 2, 2, 2, 2, 2, 2, 2, 2, 2, 2, 2, 2, 2, 2, 2, 2, 2, 2, 2, 2, 2, 2, 2, 2, 2, 2, 2, 2, 2, 2, 2, 2]",full_verify_d2_m112_kv26624_ragged_compact_tp4,True,npu:5,5,Ascend950PR_957b,2,bfloat16,False,256,"[16384, 256, 256, 1]",26624,ragged,112,26371,28,1,6,56,64,1.0,0.0,0.0,0.0,0.0,23206,3.11.10,112,"[1536, 256, 1]",56,correctness,"[26607, 26570, 26533, 26496, 26459, 26422, 26385, 26605, 26568, 26531, 26494, 26457, 26420, 26383, 26603, 26566, 26529, 26492, 26455, 26418, 26381, 26601, 26564, 26527, 26490, 26453, 26416, 26379, 26599, 26562, 26525, 26488, 26451, 26414, 26377, 26597, 26560, 26523, 26486, 26449, 26412, 26375, 26595, 26558, 26521, 26484, 26447, 26410, 26373, 26593, 26556, 26519, 26482, 26445, 26408, 26371]","[2, 2, 2, 2, 2, 2, 2, 2, 2, 2, 2, 2, 2, 2, 2, 2, 2, 2, 2, 2, 2, 2, 2, 2, 2, 2, 2, 2, 2, 2, 2, 2, 2, 2, 2, 2, 2, 2, 2, 2, 2, 2, 2, 2, 2, 2, 2, 2, 2, 2, 2, 2, 2, 2, 2, 2]",56,1,20260829,float32,0.09119556747428784,PASS,,compact,verify_d2,2.10.0.post4.dev20260715,2.10.0+cpu,4,3.2.0,b091d09e267569ce9e3df929901f3feaccc8ac45
full,0.9999970197677612,0.5287581589072943,0.000244140625,34.53845977783203,2.005695569096133e-05,0.0,c47f9bdcfb879eb73723521240a48a9bae99349d094a1fb82563535aabde82ec,True,b091d09e267569ce9e3df929901f3feaccc8ac45,"[448, 1]",448,native_NHD_then_page_head_token_dim_permute,0.9999970197677612,0.7622241973876953,0.000244140625,34.53845977783203,2.005695569096133e-05,0.0,f70ab89eb4b0f99a03654153298587b38f22209f20916ac1e97e0f6e1454d198,True,True,9.1.0,[28655],[2],full_verify_d2_m2_kv28672_ragged_compact_tp4,True,npu:5,5,Ascend950PR_957b,2,bfloat16,False,256,"[16384, 256, 256, 1]",28672,ragged,2,28655,28,1,6,56,64,0.9999998807907104,0.0,0.0,0.0,0.0,449,3.11.10,2,"[1536, 256, 1]",1,correctness,[28655],[2],1,1,20260829,float32,0.09119556747428784,PASS,,compact,verify_d2,2.10.0.post4.dev20260715,2.10.0+cpu,4,3.2.0,b091d09e267569ce9e3df929901f3feaccc8ac45
full,0.9999971389770508,7.4654140044003725,0.00048828125,32.39047622680664,2.0514427887974307e-05,0.0,c47f9bdcfb879eb73723521240a48a9bae99349d094a1fb82563535aabde82ec,True,b091d09e267569ce9e3df929901f3feaccc8ac45,"[448, 1]",448,native_NHD_then_page_head_token_dim_permute,0.9999971389770508,2.698402851819992,0.00048828125,32.39047622680664,2.0514427887974307e-05,0.0,f70ab89eb4b0f99a03654153298587b38f22209f20916ac1e97e0f6e1454d198,True,True,9.1.0,"[28655, 28618, 28581, 28544, 28507, 28470, 28433, 28653, 28616, 28579, 28542, 28505, 28468, 28431, 28651, 28614]","[2, 2, 2, 2, 2, 2, 2, 2, 2, 2, 2, 2, 2, 2, 2, 2]",full_verify_d2_m32_kv28672_ragged_compact_tp4,True,npu:5,5,Ascend950PR_957b,2,bfloat16,False,256,"[16384, 256, 256, 1]",28672,ragged,32,28431,28,1,6,56,64,1.0,0.0,0.0,0.0,0.0,7147,3.11.10,32,"[1536, 256, 1]",16,correctness,"[28655, 28618, 28581, 28544, 28507, 28470, 28433, 28653, 28616, 28579, 28542, 28505, 28468, 28431, 28651, 28614]","[2, 2, 2, 2, 2, 2, 2, 2, 2, 2, 2, 2, 2, 2, 2, 2]",16,1,20260829,float32,0.09119556747428784,PASS,,compact,verify_d2,2.10.0.post4.dev20260715,2.10.0+cpu,4,3.2.0,b091d09e267569ce9e3df929901f3feaccc8ac45
full,0.9999971389770508,26.260551065206528,0.00048828125,73.8166275024414,2.02424889721442e-05,0.0,c47f9bdcfb879eb73723521240a48a9bae99349d094a1fb82563535aabde82ec,True,b091d09e267569ce9e3df929901f3feaccc8ac45,"[448, 1]",448,native_NHD_then_page_head_token_dim_permute,0.9999971389770508,7.858116179704666,0.00048828125,73.8166275024414,2.02424889721442e-05,0.0,f70ab89eb4b0f99a03654153298587b38f22209f20916ac1e97e0f6e1454d198,True,True,9.1.0,"[28655, 28618, 28581, 28544, 28507, 28470, 28433, 28653, 28616, 28579, 28542, 28505, 28468, 28431, 28651, 28614, 28577, 28540, 28503, 28466, 28429, 28649, 28612, 28575, 28538, 28501, 28464, 28427, 28647, 28610, 28573, 28536, 28499, 28462, 28425, 28645, 28608, 28571, 28534, 28497, 28460, 28423, 28643, 28606, 28569, 28532, 28495, 28458, 28421, 28641, 28604, 28567, 28530, 28493, 28456, 28419]","[2, 2, 2, 2, 2, 2, 2, 2, 2, 2, 2, 2, 2, 2, 2, 2, 2, 2, 2, 2, 2, 2, 2, 2, 2, 2, 2, 2, 2, 2, 2, 2, 2, 2, 2, 2, 2, 2, 2, 2, 2, 2, 2, 2, 2, 2, 2, 2, 2, 2, 2, 2, 2, 2, 2, 2]",full_verify_d2_m112_kv28672_ragged_compact_tp4,True,npu:5,5,Ascend950PR_957b,2,bfloat16,False,256,"[16384, 256, 256, 1]",28672,ragged,112,28419,28,1,6,56,64,0.9999999403953552,0.0,0.0,0.0,0.0,24998,3.11.10,112,"[1536, 256, 1]",56,correctness,"[28655, 28618, 28581, 28544, 28507, 28470, 28433, 28653, 28616, 28579, 28542, 28505, 28468, 28431, 28651, 28614, 28577, 28540, 28503, 28466, 28429, 28649, 28612, 28575, 28538, 28501, 28464, 28427, 28647, 28610, 28573, 28536, 28499, 28462, 28425, 28645, 28608, 28571, 28534, 28497, 28460, 28423, 28643, 28606, 28569, 28532, 28495, 28458, 28421, 28641, 28604, 28567, 28530, 28493, 28456, 28419]","[2, 2, 2, 2, 2, 2, 2, 2, 2, 2, 2, 2, 2, 2, 2, 2, 2, 2, 2, 2, 2, 2, 2, 2, 2, 2, 2, 2, 2, 2, 2, 2, 2, 2, 2, 2, 2, 2, 2, 2, 2, 2, 2, 2, 2, 2, 2, 2, 2, 2, 2, 2, 2, 2, 2, 2]",56,1,20260829,float32,0.09119556747428784,PASS,,compact,verify_d2,2.10.0.post4.dev20260715,2.10.0+cpu,4,3.2.0,b091d09e267569ce9e3df929901f3feaccc8ac45
swa,0.9999978542327881,0.0,0.001953125,18.44827651977539,0.00010796880815178156,0.0,c47f9bdcfb879eb73723521240a48a9bae99349d094a1fb82563535aabde82ec,True,b091d09e267569ce9e3df929901f3feaccc8ac45,"[160, 1]",160,native_NHD_then_page_head_token_dim_permute,0.9999978542327881,0.0,0.001953125,18.44827651977539,0.00010796880815178156,0.0,f70ab89eb4b0f99a03654153298587b38f22209f20916ac1e97e0f6e1454d198,True,True,9.1.0,[10223],[2],swa_verify_d2_m2_kv10240_ragged_compact_tp4,True,npu:5,5,Ascend950PR_957b,2,bfloat16,False,256,"[16384, 256, 256, 1]",10240,ragged,2,10223,28,1,6,56,64,1.0000001192092896,0.0,0.0,0.0,0.0,10,3.11.10,2,"[1536, 256, 1]",1,correctness,[10223],[2],1,1,20260829,float32,0.09119556747428784,PASS,511,compact,verify_d2,2.10.0.post4.dev20260715,2.10.0+cpu,4,3.2.0,b091d09e267569ce9e3df929901f3feaccc8ac45
swa,0.9999978542327881,0.0,0.00390625,11.585987091064453,0.00010823042248375714,0.0,c47f9bdcfb879eb73723521240a48a9bae99349d094a1fb82563535aabde82ec,True,b091d09e267569ce9e3df929901f3feaccc8ac45,"[160, 1]",160,native_NHD_then_page_head_token_dim_permute,0.9999978542327881,0.0,0.00390625,11.585987091064453,0.00010823042248375714,0.0,f70ab89eb4b0f99a03654153298587b38f22209f20916ac1e97e0f6e1454d198,True,True,9.1.0,"[10223, 10186, 10149, 10112, 10075, 10038, 10001, 10221, 10184, 10147, 10110, 10073, 10036, 9999, 10219, 10182]","[2, 2, 2, 2, 2, 2, 2, 2, 2, 2, 2, 2, 2, 2, 2, 2]",swa_verify_d2_m32_kv10240_ragged_compact_tp4,True,npu:5,5,Ascend950PR_957b,2,bfloat16,False,256,"[16384, 256, 256, 1]",10240,ragged,32,9999,28,1,6,56,64,0.9999999403953552,0.0,0.0,0.0,0.0,145,3.11.10,32,"[1536, 256, 1]",16,correctness,"[10223, 10186, 10149, 10112, 10075, 10038, 10001, 10221, 10184, 10147, 10110, 10073, 10036, 9999, 10219, 10182]","[2, 2, 2, 2, 2, 2, 2, 2, 2, 2, 2, 2, 2, 2, 2, 2]",16,1,20260829,float32,0.09119556747428784,PASS,511,compact,verify_d2,2.10.0.post4.dev20260715,2.10.0+cpu,4,3.2.0,b091d09e267569ce9e3df929901f3feaccc8ac45
swa,0.9999976754188538,0.0,0.00390625,175.81507873535156,0.00011224528134334832,0.0,c47f9bdcfb879eb73723521240a48a9bae99349d094a1fb82563535aabde82ec,True,b091d09e267569ce9e3df929901f3feaccc8ac45,"[160, 1]",160,native_NHD_then_page_head_token_dim_permute,0.9999976754188538,0.0,0.00390625,175.81507873535156,0.00011224528134334832,0.0,f70ab89eb4b0f99a03654153298587b38f22209f20916ac1e97e0f6e1454d198,True,True,9.1.0,"[10223, 10186, 10149, 10112, 10075, 10038, 10001, 10221, 10184, 10147, 10110, 10073, 10036, 9999, 10219, 10182, 10145, 10108, 10071, 10034, 9997, 10217, 10180, 10143, 10106, 10069, 10032, 9995, 10215, 10178, 10141, 10104, 10067, 10030, 9993, 10213, 10176, 10139, 10102, 10065, 10028, 9991, 10211, 10174, 10137, 10100, 10063, 10026, 9989, 10209, 10172, 10135, 10098, 10061, 10024, 9987]","[2, 2, 2, 2, 2, 2, 2, 2, 2, 2, 2, 2, 2, 2, 2, 2, 2, 2, 2, 2, 2, 2, 2, 2, 2, 2, 2, 2, 2, 2, 2, 2, 2, 2, 2, 2, 2, 2, 2, 2, 2, 2, 2, 2, 2, 2, 2, 2, 2, 2, 2, 2, 2, 2, 2, 2]",swa_verify_d2_m112_kv10240_ragged_compact_tp4,True,npu:5,5,Ascend950PR_957b,2,bfloat16,False,256,"[16384, 256, 256, 1]",10240,ragged,112,9987,28,1,6,56,64,0.9999998807907104,0.0,0.0,0.0,0.0,505,3.11.10,112,"[1536, 256, 1]",56,correctness,"[10223, 10186, 10149, 10112, 10075, 10038, 10001, 10221, 10184, 10147, 10110, 10073, 10036, 9999, 10219, 10182, 10145, 10108, 10071, 10034, 9997, 10217, 10180, 10143, 10106, 10069, 10032, 9995, 10215, 10178, 10141, 10104, 10067, 10030, 9993, 10213, 10176, 10139, 10102, 10065, 10028, 9991, 10211, 10174, 10137, 10100, 10063, 10026, 9989, 10209, 10172, 10135, 10098, 10061, 10024, 9987]","[2, 2, 2, 2, 2, 2, 2, 2, 2, 2, 2, 2, 2, 2, 2, 2, 2, 2, 2, 2, 2, 2, 2, 2, 2, 2, 2, 2, 2, 2, 2, 2, 2, 2, 2, 2, 2, 2, 2, 2, 2, 2, 2, 2, 2, 2, 2, 2, 2, 2, 2, 2, 2, 2, 2, 2]",56,1,20260829,float32,0.09119556747428784,PASS,511,compact,verify_d2,2.10.0.post4.dev20260715,2.10.0+cpu,4,3.2.0,b091d09e267569ce9e3df929901f3feaccc8ac45
swa,0.9999982118606567,0.0,0.001953125,2.9515151977539062,0.00011686456855386496,0.0,c47f9bdcfb879eb73723521240a48a9bae99349d094a1fb82563535aabde82ec,True,b091d09e267569ce9e3df929901f3feaccc8ac45,"[176, 1]",176,native_NHD_then_page_head_token_dim_permute,0.9999982118606567,0.0,0.001953125,2.9515151977539062,0.00011686456855386496,0.0,f70ab89eb4b0f99a03654153298587b38f22209f20916ac1e97e0f6e1454d198,True,True,9.1.0,[11247],[2],swa_verify_d2_m2_kv11264_ragged_compact_tp4,True,npu:5,5,Ascend950PR_957b,2,bfloat16,False,256,"[16384, 256, 256, 1]",11264,ragged,2,11247,28,1,6,56,64,1.0000001192092896,0.0,0.0,0.0,0.0,10,3.11.10,2,"[1536, 256, 1]",1,correctness,[11247],[2],1,1,20260829,float32,0.09119556747428784,PASS,511,compact,verify_d2,2.10.0.post4.dev20260715,2.10.0+cpu,4,3.2.0,b091d09e267569ce9e3df929901f3feaccc8ac45
swa,0.9999978542327881,0.0,0.00390625,29.1156063079834,0.00011168907803948969,0.0,c47f9bdcfb879eb73723521240a48a9bae99349d094a1fb82563535aabde82ec,True,b091d09e267569ce9e3df929901f3feaccc8ac45,"[176, 1]",176,native_NHD_then_page_head_token_dim_permute,0.9999978542327881,0.0,0.00390625,29.1156063079834,0.00011168907803948969,0.0,f70ab89eb4b0f99a03654153298587b38f22209f20916ac1e97e0f6e1454d198,True,True,9.1.0,"[11247, 11210, 11173, 11136, 11099, 11062, 11025, 11245, 11208, 11171, 11134, 11097, 11060, 11023, 11243, 11206]","[2, 2, 2, 2, 2, 2, 2, 2, 2, 2, 2, 2, 2, 2, 2, 2]",swa_verify_d2_m32_kv11264_ragged_compact_tp4,True,npu:5,5,Ascend950PR_957b,2,bfloat16,False,256,"[16384, 256, 256, 1]",11264,ragged,32,11023,28,1,6,56,64,1.0000001192092896,0.0,0.0,0.0,0.0,145,3.11.10,32,"[1536, 256, 1]",16,correctness,"[11247, 11210, 11173, 11136, 11099, 11062, 11025, 11245, 11208, 11171, 11134, 11097, 11060, 11023, 11243, 11206]","[2, 2, 2, 2, 2, 2, 2, 2, 2, 2, 2, 2, 2, 2, 2, 2]",16,1,20260829,float32,0.09119556747428784,PASS,511,compact,verify_d2,2.10.0.post4.dev20260715,2.10.0+cpu,4,3.2.0,b091d09e267569ce9e3df929901f3feaccc8ac45
swa,0.9999979734420776,0.0,0.00390625,46.35652160644531,0.00010815061978064477,0.0,c47f9bdcfb879eb73723521240a48a9bae99349d094a1fb82563535aabde82ec,True,b091d09e267569ce9e3df929901f3feaccc8ac45,"[176, 1]",176,native_NHD_then_page_head_token_dim_permute,0.9999979734420776,0.0,0.00390625,46.35652160644531,0.00010815061978064477,0.0,f70ab89eb4b0f99a03654153298587b38f22209f20916ac1e97e0f6e1454d198,True,True,9.1.0,"[11247, 11210, 11173, 11136, 11099, 11062, 11025, 11245, 11208, 11171, 11134, 11097, 11060, 11023, 11243, 11206, 11169, 11132, 11095, 11058, 11021, 11241, 11204, 11167, 11130, 11093, 11056, 11019, 11239, 11202, 11165, 11128, 11091, 11054, 11017, 11237, 11200, 11163, 11126, 11089, 11052, 11015, 11235, 11198, 11161, 11124, 11087, 11050, 11013, 11233, 11196, 11159, 11122, 11085, 11048, 11011]","[2, 2, 2, 2, 2, 2, 2, 2, 2, 2, 2, 2, 2, 2, 2, 2, 2, 2, 2, 2, 2, 2, 2, 2, 2, 2, 2, 2, 2, 2, 2, 2, 2, 2, 2, 2, 2, 2, 2, 2, 2, 2, 2, 2, 2, 2, 2, 2, 2, 2, 2, 2, 2, 2, 2, 2]",swa_verify_d2_m112_kv11264_ragged_compact_tp4,True,npu:5,5,Ascend950PR_957b,2,bfloat16,False,256,"[16384, 256, 256, 1]",11264,ragged,112,11011,28,1,6,56,64,0.9999998211860657,0.0,0.0,0.0,0.0,505,3.11.10,112,"[1536, 256, 1]",56,correctness,"[11247, 11210, 11173, 11136, 11099, 11062, 11025, 11245, 11208, 11171, 11134, 11097, 11060, 11023, 11243, 11206, 11169, 11132, 11095, 11058, 11021, 11241, 11204, 11167, 11130, 11093, 11056, 11019, 11239, 11202, 11165, 11128, 11091, 11054, 11017, 11237, 11200, 11163, 11126, 11089, 11052, 11015, 11235, 11198, 11161, 11124, 11087, 11050, 11013, 11233, 11196, 11159, 11122, 11085, 11048, 11011]","[2, 2, 2, 2, 2, 2, 2, 2, 2, 2, 2, 2, 2, 2, 2, 2, 2, 2, 2, 2, 2, 2, 2, 2, 2, 2, 2, 2, 2, 2, 2, 2, 2, 2, 2, 2, 2, 2, 2, 2, 2, 2, 2, 2, 2, 2, 2, 2, 2, 2, 2, 2, 2, 2, 2, 2]",56,1,20260829,float32,0.09119556747428784,PASS,511,compact,verify_d2,2.10.0.post4.dev20260715,2.10.0+cpu,4,3.2.0,b091d09e267569ce9e3df929901f3feaccc8ac45
swa,0.9999977946281433,0.0,0.001953125,6.119999885559082,0.00011183181777596474,0.0,c47f9bdcfb879eb73723521240a48a9bae99349d094a1fb82563535aabde82ec,True,b091d09e267569ce9e3df929901f3feaccc8ac45,"[192, 1]",192,native_NHD_then_page_head_token_dim_permute,0.9999977946281433,0.0,0.001953125,6.119999885559082,0.00011183181777596474,0.0,f70ab89eb4b0f99a03654153298587b38f22209f20916ac1e97e0f6e1454d198,True,True,9.1.0,[12271],[2],swa_verify_d2_m2_kv12288_ragged_compact_tp4,True,npu:5,5,Ascend950PR_957b,2,bfloat16,False,256,"[16384, 256, 256, 1]",12288,ragged,2,12271,28,1,6,56,64,0.9999999403953552,0.0,0.0,0.0,0.0,10,3.11.10,2,"[1536, 256, 1]",1,correctness,[12271],[2],1,1,20260829,float32,0.09119556747428784,PASS,511,compact,verify_d2,2.10.0.post4.dev20260715,2.10.0+cpu,4,3.2.0,b091d09e267569ce9e3df929901f3feaccc8ac45
swa,0.9999979734420776,0.0,0.00390625,19.2608699798584,0.00010937213664874434,0.0,c47f9bdcfb879eb73723521240a48a9bae99349d094a1fb82563535aabde82ec,True,b091d09e267569ce9e3df929901f3feaccc8ac45,"[192, 1]",192,native_NHD_then_page_head_token_dim_permute,0.9999979734420776,0.0,0.00390625,19.2608699798584,0.00010937213664874434,0.0,f70ab89eb4b0f99a03654153298587b38f22209f20916ac1e97e0f6e1454d198,True,True,9.1.0,"[12271, 12234, 12197, 12160, 12123, 12086, 12049, 12269, 12232, 12195, 12158, 12121, 12084, 12047, 12267, 12230]","[2, 2, 2, 2, 2, 2, 2, 2, 2, 2, 2, 2, 2, 2, 2, 2]",swa_verify_d2_m32_kv12288_ragged_compact_tp4,True,npu:5,5,Ascend950PR_957b,2,bfloat16,False,256,"[16384, 256, 256, 1]",12288,ragged,32,12047,28,1,6,56,64,1.0,0.0,0.0,0.0,0.0,145,3.11.10,32,"[1536, 256, 1]",16,correctness,"[12271, 12234, 12197, 12160, 12123, 12086, 12049, 12269, 12232, 12195, 12158, 12121, 12084, 12047, 12267, 12230]","[2, 2, 2, 2, 2, 2, 2, 2, 2, 2, 2, 2, 2, 2, 2, 2]",16,1,20260829,float32,0.09119556747428784,PASS,511,compact,verify_d2,2.10.0.post4.dev20260715,2.10.0+cpu,4,3.2.0,b091d09e267569ce9e3df929901f3feaccc8ac45
swa,0.9999977350234985,0.0,0.00390625,243.38812255859375,0.00010996264609275386,0.0,c47f9bdcfb879eb73723521240a48a9bae99349d094a1fb82563535aabde82ec,True,b091d09e267569ce9e3df929901f3feaccc8ac45,"[192, 1]",192,native_NHD_then_page_head_token_dim_permute,0.9999977350234985,0.0,0.00390625,243.38812255859375,0.00010996264609275386,0.0,f70ab89eb4b0f99a03654153298587b38f22209f20916ac1e97e0f6e1454d198,True,True,9.1.0,"[12271, 12234, 12197, 12160, 12123, 12086, 12049, 12269, 12232, 12195, 12158, 12121, 12084, 12047, 12267, 12230, 12193, 12156, 12119, 12082, 12045, 12265, 12228, 12191, 12154, 12117, 12080, 12043, 12263, 12226, 12189, 12152, 12115, 12078, 12041, 12261, 12224, 12187, 12150, 12113, 12076, 12039, 12259, 12222, 12185, 12148, 12111, 12074, 12037, 12257, 12220, 12183, 12146, 12109, 12072, 12035]","[2, 2, 2, 2, 2, 2, 2, 2, 2, 2, 2, 2, 2, 2, 2, 2, 2, 2, 2, 2, 2, 2, 2, 2, 2, 2, 2, 2, 2, 2, 2, 2, 2, 2, 2, 2, 2, 2, 2, 2, 2, 2, 2, 2, 2, 2, 2, 2, 2, 2, 2, 2, 2, 2, 2, 2]",swa_verify_d2_m112_kv12288_ragged_compact_tp4,True,npu:5,5,Ascend950PR_957b,2,bfloat16,False,256,"[16384, 256, 256, 1]",12288,ragged,112,12035,28,1,6,56,64,1.0,0.0,0.0,0.0,0.0,505,3.11.10,112,"[1536, 256, 1]",56,correctness,"[12271, 12234, 12197, 12160, 12123, 12086, 12049, 12269, 12232, 12195, 12158, 12121, 12084, 12047, 12267, 12230, 12193, 12156, 12119, 12082, 12045, 12265, 12228, 12191, 12154, 12117, 12080, 12043, 12263, 12226, 12189, 12152, 12115, 12078, 12041, 12261, 12224, 12187, 12150, 12113, 12076, 12039, 12259, 12222, 12185, 12148, 12111, 12074, 12037, 12257, 12220, 12183, 12146, 12109, 12072, 12035]","[2, 2, 2, 2, 2, 2, 2, 2, 2, 2, 2, 2, 2, 2, 2, 2, 2, 2, 2, 2, 2, 2, 2, 2, 2, 2, 2, 2, 2, 2, 2, 2, 2, 2, 2, 2, 2, 2, 2, 2, 2, 2, 2, 2, 2, 2, 2, 2, 2, 2, 2, 2, 2, 2, 2, 2]",56,1,20260829,float32,0.09119556747428784,PASS,511,compact,verify_d2,2.10.0.post4.dev20260715,2.10.0+cpu,4,3.2.0,b091d09e267569ce9e3df929901f3feaccc8ac45
swa,0.9999975562095642,0.0,0.001953125,15.081218719482422,0.00012438397970981896,0.0,c47f9bdcfb879eb73723521240a48a9bae99349d094a1fb82563535aabde82ec,True,b091d09e267569ce9e3df929901f3feaccc8ac45,"[240, 1]",240,native_NHD_then_page_head_token_dim_permute,0.9999975562095642,0.0,0.001953125,15.081218719482422,0.00012438397970981896,0.0,f70ab89eb4b0f99a03654153298587b38f22209f20916ac1e97e0f6e1454d198,True,True,9.1.0,[15343],[2],swa_verify_d2_m2_kv15360_ragged_compact_tp4,True,npu:5,5,Ascend950PR_957b,2,bfloat16,False,256,"[16384, 256, 256, 1]",15360,ragged,2,15343,28,1,6,56,64,1.0000001192092896,0.0,0.0,0.0,0.0,10,3.11.10,2,"[1536, 256, 1]",1,correctness,[15343],[2],1,1,20260829,float32,0.09119556747428784,PASS,511,compact,verify_d2,2.10.0.post4.dev20260715,2.10.0+cpu,4,3.2.0,b091d09e267569ce9e3df929901f3feaccc8ac45
swa,0.9999978542327881,0.0,0.00390625,48.02644348144531,0.00010771436791401356,0.0,c47f9bdcfb879eb73723521240a48a9bae99349d094a1fb82563535aabde82ec,True,b091d09e267569ce9e3df929901f3feaccc8ac45,"[240, 1]",240,native_NHD_then_page_head_token_dim_permute,0.9999978542327881,0.0,0.00390625,48.02644348144531,0.00010771436791401356,0.0,f70ab89eb4b0f99a03654153298587b38f22209f20916ac1e97e0f6e1454d198,True,True,9.1.0,"[15343, 15306, 15269, 15232, 15195, 15158, 15121, 15341, 15304, 15267, 15230, 15193, 15156, 15119, 15339, 15302]","[2, 2, 2, 2, 2, 2, 2, 2, 2, 2, 2, 2, 2, 2, 2, 2]",swa_verify_d2_m32_kv15360_ragged_compact_tp4,True,npu:5,5,Ascend950PR_957b,2,bfloat16,False,256,"[16384, 256, 256, 1]",15360,ragged,32,15119,28,1,6,56,64,1.0,0.0,0.0,0.0,0.0,145,3.11.10,32,"[1536, 256, 1]",16,correctness,"[15343, 15306, 15269, 15232, 15195, 15158, 15121, 15341, 15304, 15267, 15230, 15193, 15156, 15119, 15339, 15302]","[2, 2, 2, 2, 2, 2, 2, 2, 2, 2, 2, 2, 2, 2, 2, 2]",16,1,20260829,float32,0.09119556747428784,PASS,511,compact,verify_d2,2.10.0.post4.dev20260715,2.10.0+cpu,4,3.2.0,b091d09e267569ce9e3df929901f3feaccc8ac45
swa,0.9999977350234985,0.0,0.00390625,98.17550659179688,0.00011157285916851833,0.0,c47f9bdcfb879eb73723521240a48a9bae99349d094a1fb82563535aabde82ec,True,b091d09e267569ce9e3df929901f3feaccc8ac45,"[240, 1]",240,native_NHD_then_page_head_token_dim_permute,0.9999977350234985,0.0,0.00390625,98.17550659179688,0.00011157285916851833,0.0,f70ab89eb4b0f99a03654153298587b38f22209f20916ac1e97e0f6e1454d198,True,True,9.1.0,"[15343, 15306, 15269, 15232, 15195, 15158, 15121, 15341, 15304, 15267, 15230, 15193, 15156, 15119, 15339, 15302, 15265, 15228, 15191, 15154, 15117, 15337, 15300, 15263, 15226, 15189, 15152, 15115, 15335, 15298, 15261, 15224, 15187, 15150, 15113, 15333, 15296, 15259, 15222, 15185, 15148, 15111, 15331, 15294, 15257, 15220, 15183, 15146, 15109, 15329, 15292, 15255, 15218, 15181, 15144, 15107]","[2, 2, 2, 2, 2, 2, 2, 2, 2, 2, 2, 2, 2, 2, 2, 2, 2, 2, 2, 2, 2, 2, 2, 2, 2, 2, 2, 2, 2, 2, 2, 2, 2, 2, 2, 2, 2, 2, 2, 2, 2, 2, 2, 2, 2, 2, 2, 2, 2, 2, 2, 2, 2, 2, 2, 2]",swa_verify_d2_m112_kv15360_ragged_compact_tp4,True,npu:5,5,Ascend950PR_957b,2,bfloat16,False,256,"[16384, 256, 256, 1]",15360,ragged,112,15107,28,1,6,56,64,0.9999999403953552,0.0,0.0,0.0,0.0,505,3.11.10,112,"[1536, 256, 1]",56,correctness,"[15343, 15306, 15269, 15232, 15195, 15158, 15121, 15341, 15304, 15267, 15230, 15193, 15156, 15119, 15339, 15302, 15265, 15228, 15191, 15154, 15117, 15337, 15300, 15263, 15226, 15189, 15152, 15115, 15335, 15298, 15261, 15224, 15187, 15150, 15113, 15333, 15296, 15259, 15222, 15185, 15148, 15111, 15331, 15294, 15257, 15220, 15183, 15146, 15109, 15329, 15292, 15255, 15218, 15181, 15144, 15107]","[2, 2, 2, 2, 2, 2, 2, 2, 2, 2, 2, 2, 2, 2, 2, 2, 2, 2, 2, 2, 2, 2, 2, 2, 2, 2, 2, 2, 2, 2, 2, 2, 2, 2, 2, 2, 2, 2, 2, 2, 2, 2, 2, 2, 2, 2, 2, 2, 2, 2, 2, 2, 2, 2, 2, 2]",56,1,20260829,float32,0.09119556747428784,PASS,511,compact,verify_d2,2.10.0.post4.dev20260715,2.10.0+cpu,4,3.2.0,b091d09e267569ce9e3df929901f3feaccc8ac45
swa,0.9999977350234985,0.0,0.001953125,5.6745100021362305,0.00011918296513613313,0.0,c47f9bdcfb879eb73723521240a48a9bae99349d094a1fb82563535aabde82ec,True,b091d09e267569ce9e3df929901f3feaccc8ac45,"[264, 1]",264,native_NHD_then_page_head_token_dim_permute,0.9999977350234985,0.0,0.001953125,5.6745100021362305,0.00011918296513613313,0.0,f70ab89eb4b0f99a03654153298587b38f22209f20916ac1e97e0f6e1454d198,True,True,9.1.0,[16879],[2],swa_verify_d2_m2_kv16896_ragged_compact_tp4,True,npu:5,5,Ascend950PR_957b,2,bfloat16,False,256,"[16384, 256, 256, 1]",16896,ragged,2,16879,28,1,6,56,64,1.0,0.0,0.0,0.0,0.0,10,3.11.10,2,"[1536, 256, 1]",1,correctness,[16879],[2],1,1,20260829,float32,0.09119556747428784,PASS,511,compact,verify_d2,2.10.0.post4.dev20260715,2.10.0+cpu,4,3.2.0,b091d09e267569ce9e3df929901f3feaccc8ac45
swa,0.9999979734420776,0.0,0.00390625,22.68000030517578,0.00010937388287857175,0.0,c47f9bdcfb879eb73723521240a48a9bae99349d094a1fb82563535aabde82ec,True,b091d09e267569ce9e3df929901f3feaccc8ac45,"[264, 1]",264,native_NHD_then_page_head_token_dim_permute,0.9999979734420776,0.0,0.00390625,22.68000030517578,0.00010937388287857175,0.0,f70ab89eb4b0f99a03654153298587b38f22209f20916ac1e97e0f6e1454d198,True,True,9.1.0,"[16879, 16842, 16805, 16768, 16731, 16694, 16657, 16877, 16840, 16803, 16766, 16729, 16692, 16655, 16875, 16838]","[2, 2, 2, 2, 2, 2, 2, 2, 2, 2, 2, 2, 2, 2, 2, 2]",swa_verify_d2_m32_kv16896_ragged_compact_tp4,True,npu:5,5,Ascend950PR_957b,2,bfloat16,False,256,"[16384, 256, 256, 1]",16896,ragged,32,16655,28,1,6,56,64,1.000000238418579,0.0,0.0,0.0,0.0,145,3.11.10,32,"[1536, 256, 1]",16,correctness,"[16879, 16842, 16805, 16768, 16731, 16694, 16657, 16877, 16840, 16803, 16766, 16729, 16692, 16655, 16875, 16838]","[2, 2, 2, 2, 2, 2, 2, 2, 2, 2, 2, 2, 2, 2, 2, 2]",16,1,20260829,float32,0.09119556747428784,PASS,511,compact,verify_d2,2.10.0.post4.dev20260715,2.10.0+cpu,4,3.2.0,b091d09e267569ce9e3df929901f3feaccc8ac45
swa,0.9999978542327881,0.0,0.00390625,118.66167449951172,0.00010998077050317079,0.0,c47f9bdcfb879eb73723521240a48a9bae99349d094a1fb82563535aabde82ec,True,b091d09e267569ce9e3df929901f3feaccc8ac45,"[264, 1]",264,native_NHD_then_page_head_token_dim_permute,0.9999978542327881,0.0,0.00390625,118.66167449951172,0.00010998077050317079,0.0,f70ab89eb4b0f99a03654153298587b38f22209f20916ac1e97e0f6e1454d198,True,True,9.1.0,"[16879, 16842, 16805, 16768, 16731, 16694, 16657, 16877, 16840, 16803, 16766, 16729, 16692, 16655, 16875, 16838, 16801, 16764, 16727, 16690, 16653, 16873, 16836, 16799, 16762, 16725, 16688, 16651, 16871, 16834, 16797, 16760, 16723, 16686, 16649, 16869, 16832, 16795, 16758, 16721, 16684, 16647, 16867, 16830, 16793, 16756, 16719, 16682, 16645, 16865, 16828, 16791, 16754, 16717, 16680, 16643]","[2, 2, 2, 2, 2, 2, 2, 2, 2, 2, 2, 2, 2, 2, 2, 2, 2, 2, 2, 2, 2, 2, 2, 2, 2, 2, 2, 2, 2, 2, 2, 2, 2, 2, 2, 2, 2, 2, 2, 2, 2, 2, 2, 2, 2, 2, 2, 2, 2, 2, 2, 2, 2, 2, 2, 2]",swa_verify_d2_m112_kv16896_ragged_compact_tp4,True,npu:5,5,Ascend950PR_957b,2,bfloat16,False,256,"[16384, 256, 256, 1]",16896,ragged,112,16643,28,1,6,56,64,1.0,0.0,0.0,0.0,0.0,505,3.11.10,112,"[1536, 256, 1]",56,correctness,"[16879, 16842, 16805, 16768, 16731, 16694, 16657, 16877, 16840, 16803, 16766, 16729, 16692, 16655, 16875, 16838, 16801, 16764, 16727, 16690, 16653, 16873, 16836, 16799, 16762, 16725, 16688, 16651, 16871, 16834, 16797, 16760, 16723, 16686, 16649, 16869, 16832, 16795, 16758, 16721, 16684, 16647, 16867, 16830, 16793, 16756, 16719, 16682, 16645, 16865, 16828, 16791, 16754, 16717, 16680, 16643]","[2, 2, 2, 2, 2, 2, 2, 2, 2, 2, 2, 2, 2, 2, 2, 2, 2, 2, 2, 2, 2, 2, 2, 2, 2, 2, 2, 2, 2, 2, 2, 2, 2, 2, 2, 2, 2, 2, 2, 2, 2, 2, 2, 2, 2, 2, 2, 2, 2, 2, 2, 2, 2, 2, 2, 2]",56,1,20260829,float32,0.09119556747428784,PASS,511,compact,verify_d2,2.10.0.post4.dev20260715,2.10.0+cpu,4,3.2.0,b091d09e267569ce9e3df929901f3feaccc8ac45
swa,0.9999974966049194,0.0,0.001953125,2.2066116333007812,0.00011357769835740328,0.0,c47f9bdcfb879eb73723521240a48a9bae99349d094a1fb82563535aabde82ec,True,b091d09e267569ce9e3df929901f3feaccc8ac45,"[288, 1]",288,native_NHD_then_page_head_token_dim_permute,0.9999974966049194,0.0,0.001953125,2.2066116333007812,0.00011357769835740328,0.0,f70ab89eb4b0f99a03654153298587b38f22209f20916ac1e97e0f6e1454d198,True,True,9.1.0,[18415],[2],swa_verify_d2_m2_kv18432_ragged_compact_tp4,True,npu:5,5,Ascend950PR_957b,2,bfloat16,False,256,"[16384, 256, 256, 1]",18432,ragged,2,18415,28,1,6,56,64,1.0000001192092896,0.0,0.0,0.0,0.0,10,3.11.10,2,"[1536, 256, 1]",1,correctness,[18415],[2],1,1,20260829,float32,0.09119556747428784,PASS,511,compact,verify_d2,2.10.0.post4.dev20260715,2.10.0+cpu,4,3.2.0,b091d09e267569ce9e3df929901f3feaccc8ac45
swa,0.9999977946281433,0.0,0.00390625,49.42424392700195,0.00010943915549432859,0.0,c47f9bdcfb879eb73723521240a48a9bae99349d094a1fb82563535aabde82ec,True,b091d09e267569ce9e3df929901f3feaccc8ac45,"[288, 1]",288,native_NHD_then_page_head_token_dim_permute,0.9999977946281433,0.0,0.00390625,49.42424392700195,0.00010943915549432859,0.0,f70ab89eb4b0f99a03654153298587b38f22209f20916ac1e97e0f6e1454d198,True,True,9.1.0,"[18415, 18378, 18341, 18304, 18267, 18230, 18193, 18413, 18376, 18339, 18302, 18265, 18228, 18191, 18411, 18374]","[2, 2, 2, 2, 2, 2, 2, 2, 2, 2, 2, 2, 2, 2, 2, 2]",swa_verify_d2_m32_kv18432_ragged_compact_tp4,True,npu:5,5,Ascend950PR_957b,2,bfloat16,False,256,"[16384, 256, 256, 1]",18432,ragged,32,18191,28,1,6,56,64,0.9999998807907104,0.0,0.0,0.0,0.0,145,3.11.10,32,"[1536, 256, 1]",16,correctness,"[18415, 18378, 18341, 18304, 18267, 18230, 18193, 18413, 18376, 18339, 18302, 18265, 18228, 18191, 18411, 18374]","[2, 2, 2, 2, 2, 2, 2, 2, 2, 2, 2, 2, 2, 2, 2, 2]",16,1,20260829,float32,0.09119556747428784,PASS,511,compact,verify_d2,2.10.0.post4.dev20260715,2.10.0+cpu,4,3.2.0,b091d09e267569ce9e3df929901f3feaccc8ac45
swa,0.9999978542327881,0.0,0.00390625,67.76923370361328,0.00011251352407271042,0.0,c47f9bdcfb879eb73723521240a48a9bae99349d094a1fb82563535aabde82ec,True,b091d09e267569ce9e3df929901f3feaccc8ac45,"[288, 1]",288,native_NHD_then_page_head_token_dim_permute,0.9999978542327881,0.0,0.00390625,67.76923370361328,0.00011251352407271042,0.0,f70ab89eb4b0f99a03654153298587b38f22209f20916ac1e97e0f6e1454d198,True,True,9.1.0,"[18415, 18378, 18341, 18304, 18267, 18230, 18193, 18413, 18376, 18339, 18302, 18265, 18228, 18191, 18411, 18374, 18337, 18300, 18263, 18226, 18189, 18409, 18372, 18335, 18298, 18261, 18224, 18187, 18407, 18370, 18333, 18296, 18259, 18222, 18185, 18405, 18368, 18331, 18294, 18257, 18220, 18183, 18403, 18366, 18329, 18292, 18255, 18218, 18181, 18401, 18364, 18327, 18290, 18253, 18216, 18179]","[2, 2, 2, 2, 2, 2, 2, 2, 2, 2, 2, 2, 2, 2, 2, 2, 2, 2, 2, 2, 2, 2, 2, 2, 2, 2, 2, 2, 2, 2, 2, 2, 2, 2, 2, 2, 2, 2, 2, 2, 2, 2, 2, 2, 2, 2, 2, 2, 2, 2, 2, 2, 2, 2, 2, 2]",swa_verify_d2_m112_kv18432_ragged_compact_tp4,True,npu:5,5,Ascend950PR_957b,2,bfloat16,False,256,"[16384, 256, 256, 1]",18432,ragged,112,18179,28,1,6,56,64,1.000000238418579,0.0,0.0,0.0,0.0,505,3.11.10,112,"[1536, 256, 1]",56,correctness,"[18415, 18378, 18341, 18304, 18267, 18230, 18193, 18413, 18376, 18339, 18302, 18265, 18228, 18191, 18411, 18374, 18337, 18300, 18263, 18226, 18189, 18409, 18372, 18335, 18298, 18261, 18224, 18187, 18407, 18370, 18333, 18296, 18259, 18222, 18185, 18405, 18368, 18331, 18294, 18257, 18220, 18183, 18403, 18366, 18329, 18292, 18255, 18218, 18181, 18401, 18364, 18327, 18290, 18253, 18216, 18179]","[2, 2, 2, 2, 2, 2, 2, 2, 2, 2, 2, 2, 2, 2, 2, 2, 2, 2, 2, 2, 2, 2, 2, 2, 2, 2, 2, 2, 2, 2, 2, 2, 2, 2, 2, 2, 2, 2, 2, 2, 2, 2, 2, 2, 2, 2, 2, 2, 2, 2, 2, 2, 2, 2, 2, 2]",56,1,20260829,float32,0.09119556747428784,PASS,511,compact,verify_d2,2.10.0.post4.dev20260715,2.10.0+cpu,4,3.2.0,b091d09e267569ce9e3df929901f3feaccc8ac45
swa,0.9999979138374329,0.0,0.001953125,0.9605911374092102,0.00010602641850709915,0.0,c47f9bdcfb879eb73723521240a48a9bae99349d094a1fb82563535aabde82ec,True,b091d09e267569ce9e3df929901f3feaccc8ac45,"[384, 1]",384,native_NHD_then_page_head_token_dim_permute,0.9999979138374329,0.0,0.001953125,0.9605911374092102,0.00010602641850709915,0.0,f70ab89eb4b0f99a03654153298587b38f22209f20916ac1e97e0f6e1454d198,True,True,9.1.0,[24559],[2],swa_verify_d2_m2_kv24576_ragged_compact_tp4,True,npu:5,5,Ascend950PR_957b,2,bfloat16,False,256,"[16384, 256, 256, 1]",24576,ragged,2,24559,28,1,6,56,64,1.0,0.0,0.0,0.0,0.0,10,3.11.10,2,"[1536, 256, 1]",1,correctness,[24559],[2],1,1,20260829,float32,0.09119556747428784,PASS,511,compact,verify_d2,2.10.0.post4.dev20260715,2.10.0+cpu,4,3.2.0,b091d09e267569ce9e3df929901f3feaccc8ac45
swa,0.9999978542327881,0.0,0.001953125,77.76923370361328,0.00010965920228045434,0.0,c47f9bdcfb879eb73723521240a48a9bae99349d094a1fb82563535aabde82ec,True,b091d09e267569ce9e3df929901f3feaccc8ac45,"[384, 1]",384,native_NHD_then_page_head_token_dim_permute,0.9999978542327881,0.0,0.001953125,77.76923370361328,0.00010965920228045434,0.0,f70ab89eb4b0f99a03654153298587b38f22209f20916ac1e97e0f6e1454d198,True,True,9.1.0,"[24559, 24522, 24485, 24448, 24411, 24374, 24337, 24557, 24520, 24483, 24446, 24409, 24372, 24335, 24555, 24518]","[2, 2, 2, 2, 2, 2, 2, 2, 2, 2, 2, 2, 2, 2, 2, 2]",swa_verify_d2_m32_kv24576_ragged_compact_tp4,True,npu:5,5,Ascend950PR_957b,2,bfloat16,False,256,"[16384, 256, 256, 1]",24576,ragged,32,24335,28,1,6,56,64,1.0,0.0,0.0,0.0,0.0,145,3.11.10,32,"[1536, 256, 1]",16,correctness,"[24559, 24522, 24485, 24448, 24411, 24374, 24337, 24557, 24520, 24483, 24446, 24409, 24372, 24335, 24555, 24518]","[2, 2, 2, 2, 2, 2, 2, 2, 2, 2, 2, 2, 2, 2, 2, 2]",16,1,20260829,float32,0.09119556747428784,PASS,511,compact,verify_d2,2.10.0.post4.dev20260715,2.10.0+cpu,4,3.2.0,b091d09e267569ce9e3df929901f3feaccc8ac45
swa,0.9999978542327881,0.0,0.00390625,82.85408020019531,0.00010906235547736287,0.0,c47f9bdcfb879eb73723521240a48a9bae99349d094a1fb82563535aabde82ec,True,b091d09e267569ce9e3df929901f3feaccc8ac45,"[384, 1]",384,native_NHD_then_page_head_token_dim_permute,0.9999978542327881,0.0,0.00390625,82.85408020019531,0.00010906235547736287,0.0,f70ab89eb4b0f99a03654153298587b38f22209f20916ac1e97e0f6e1454d198,True,True,9.1.0,"[24559, 24522, 24485, 24448, 24411, 24374, 24337, 24557, 24520, 24483, 24446, 24409, 24372, 24335, 24555, 24518, 24481, 24444, 24407, 24370, 24333, 24553, 24516, 24479, 24442, 24405, 24368, 24331, 24551, 24514, 24477, 24440, 24403, 24366, 24329, 24549, 24512, 24475, 24438, 24401, 24364, 24327, 24547, 24510, 24473, 24436, 24399, 24362, 24325, 24545, 24508, 24471, 24434, 24397, 24360, 24323]","[2, 2, 2, 2, 2, 2, 2, 2, 2, 2, 2, 2, 2, 2, 2, 2, 2, 2, 2, 2, 2, 2, 2, 2, 2, 2, 2, 2, 2, 2, 2, 2, 2, 2, 2, 2, 2, 2, 2, 2, 2, 2, 2, 2, 2, 2, 2, 2, 2, 2, 2, 2, 2, 2, 2, 2]",swa_verify_d2_m112_kv24576_ragged_compact_tp4,True,npu:5,5,Ascend950PR_957b,2,bfloat16,False,256,"[16384, 256, 256, 1]",24576,ragged,112,24323,28,1,6,56,64,1.0,0.0,0.0,0.0,0.0,505,3.11.10,112,"[1536, 256, 1]",56,correctness,"[24559, 24522, 24485, 24448, 24411, 24374, 24337, 24557, 24520, 24483, 24446, 24409, 24372, 24335, 24555, 24518, 24481, 24444, 24407, 24370, 24333, 24553, 24516, 24479, 24442, 24405, 24368, 24331, 24551, 24514, 24477, 24440, 24403, 24366, 24329, 24549, 24512, 24475, 24438, 24401, 24364, 24327, 24547, 24510, 24473, 24436, 24399, 24362, 24325, 24545, 24508, 24471, 24434, 24397, 24360, 24323]","[2, 2, 2, 2, 2, 2, 2, 2, 2, 2, 2, 2, 2, 2, 2, 2, 2, 2, 2, 2, 2, 2, 2, 2, 2, 2, 2, 2, 2, 2, 2, 2, 2, 2, 2, 2, 2, 2, 2, 2, 2, 2, 2, 2, 2, 2, 2, 2, 2, 2, 2, 2, 2, 2, 2, 2]",56,1,20260829,float32,0.09119556747428784,PASS,511,compact,verify_d2,2.10.0.post4.dev20260715,2.10.0+cpu,4,3.2.0,b091d09e267569ce9e3df929901f3feaccc8ac45
swa,0.9999975562095642,0.0,0.001953125,16.21379280090332,0.0001174058998003602,0.0,c47f9bdcfb879eb73723521240a48a9bae99349d094a1fb82563535aabde82ec,True,b091d09e267569ce9e3df929901f3feaccc8ac45,"[416, 1]",416,native_NHD_then_page_head_token_dim_permute,0.9999975562095642,0.0,0.001953125,16.21379280090332,0.0001174058998003602,0.0,f70ab89eb4b0f99a03654153298587b38f22209f20916ac1e97e0f6e1454d198,True,True,9.1.0,[26607],[2],swa_verify_d2_m2_kv26624_ragged_compact_tp4,True,npu:5,5,Ascend950PR_957b,2,bfloat16,False,256,"[16384, 256, 256, 1]",26624,ragged,2,26607,28,1,6,56,64,1.0,0.0,0.0,0.0,0.0,10,3.11.10,2,"[1536, 256, 1]",1,correctness,[26607],[2],1,1,20260829,float32,0.09119556747428784,PASS,511,compact,verify_d2,2.10.0.post4.dev20260715,2.10.0+cpu,4,3.2.0,b091d09e267569ce9e3df929901f3feaccc8ac45
swa,0.9999979138374329,0.0,0.00390625,27.9061222076416,0.0001086780393961817,0.0,c47f9bdcfb879eb73723521240a48a9bae99349d094a1fb82563535aabde82ec,True,b091d09e267569ce9e3df929901f3feaccc8ac45,"[416, 1]",416,native_NHD_then_page_head_token_dim_permute,0.9999979138374329,0.0,0.00390625,27.9061222076416,0.0001086780393961817,0.0,f70ab89eb4b0f99a03654153298587b38f22209f20916ac1e97e0f6e1454d198,True,True,9.1.0,"[26607, 26570, 26533, 26496, 26459, 26422, 26385, 26605, 26568, 26531, 26494, 26457, 26420, 26383, 26603, 26566]","[2, 2, 2, 2, 2, 2, 2, 2, 2, 2, 2, 2, 2, 2, 2, 2]",swa_verify_d2_m32_kv26624_ragged_compact_tp4,True,npu:5,5,Ascend950PR_957b,2,bfloat16,False,256,"[16384, 256, 256, 1]",26624,ragged,32,26383,28,1,6,56,64,0.9999999403953552,0.0,0.0,0.0,0.0,145,3.11.10,32,"[1536, 256, 1]",16,correctness,"[26607, 26570, 26533, 26496, 26459, 26422, 26385, 26605, 26568, 26531, 26494, 26457, 26420, 26383, 26603, 26566]","[2, 2, 2, 2, 2, 2, 2, 2, 2, 2, 2, 2, 2, 2, 2, 2]",16,1,20260829,float32,0.09119556747428784,PASS,511,compact,verify_d2,2.10.0.post4.dev20260715,2.10.0+cpu,4,3.2.0,b091d09e267569ce9e3df929901f3feaccc8ac45
swa,0.9999976754188538,0.0,0.00390625,290.75146484375,0.00011139008711325005,0.0,c47f9bdcfb879eb73723521240a48a9bae99349d094a1fb82563535aabde82ec,True,b091d09e267569ce9e3df929901f3feaccc8ac45,"[416, 1]",416,native_NHD_then_page_head_token_dim_permute,0.9999976754188538,0.0,0.00390625,290.75146484375,0.00011139008711325005,0.0,f70ab89eb4b0f99a03654153298587b38f22209f20916ac1e97e0f6e1454d198,True,True,9.1.0,"[26607, 26570, 26533, 26496, 26459, 26422, 26385, 26605, 26568, 26531, 26494, 26457, 26420, 26383, 26603, 26566, 26529, 26492, 26455, 26418, 26381, 26601, 26564, 26527, 26490, 26453, 26416, 26379, 26599, 26562, 26525, 26488, 26451, 26414, 26377, 26597, 26560, 26523, 26486, 26449, 26412, 26375, 26595, 26558, 26521, 26484, 26447, 26410, 26373, 26593, 26556, 26519, 26482, 26445, 26408, 26371]","[2, 2, 2, 2, 2, 2, 2, 2, 2, 2, 2, 2, 2, 2, 2, 2, 2, 2, 2, 2, 2, 2, 2, 2, 2, 2, 2, 2, 2, 2, 2, 2, 2, 2, 2, 2, 2, 2, 2, 2, 2, 2, 2, 2, 2, 2, 2, 2, 2, 2, 2, 2, 2, 2, 2, 2]",swa_verify_d2_m112_kv26624_ragged_compact_tp4,True,npu:5,5,Ascend950PR_957b,2,bfloat16,False,256,"[16384, 256, 256, 1]",26624,ragged,112,26371,28,1,6,56,64,1.0,0.0,0.0,0.0,0.0,505,3.11.10,112,"[1536, 256, 1]",56,correctness,"[26607, 26570, 26533, 26496, 26459, 26422, 26385, 26605, 26568, 26531, 26494, 26457, 26420, 26383, 26603, 26566, 26529, 26492, 26455, 26418, 26381, 26601, 26564, 26527, 26490, 26453, 26416, 26379, 26599, 26562, 26525, 26488, 26451, 26414, 26377, 26597, 26560, 26523, 26486, 26449, 26412, 26375, 26595, 26558, 26521, 26484, 26447, 26410, 26373, 26593, 26556, 26519, 26482, 26445, 26408, 26371]","[2, 2, 2, 2, 2, 2, 2, 2, 2, 2, 2, 2, 2, 2, 2, 2, 2, 2, 2, 2, 2, 2, 2, 2, 2, 2, 2, 2, 2, 2, 2, 2, 2, 2, 2, 2, 2, 2, 2, 2, 2, 2, 2, 2, 2, 2, 2, 2, 2, 2, 2, 2, 2, 2, 2, 2]",56,1,20260829,float32,0.09119556747428784,PASS,511,compact,verify_d2,2.10.0.post4.dev20260715,2.10.0+cpu,4,3.2.0,b091d09e267569ce9e3df929901f3feaccc8ac45
swa,0.9999978542327881,0.0,0.001953125,48.230770111083984,0.00011569946946110576,0.0,c47f9bdcfb879eb73723521240a48a9bae99349d094a1fb82563535aabde82ec,True,b091d09e267569ce9e3df929901f3feaccc8ac45,"[448, 1]",448,native_NHD_then_page_head_token_dim_permute,0.9999978542327881,0.0,0.001953125,48.230770111083984,0.00011569946946110576,0.0,f70ab89eb4b0f99a03654153298587b38f22209f20916ac1e97e0f6e1454d198,True,True,9.1.0,[28655],[2],swa_verify_d2_m2_kv28672_ragged_compact_tp4,True,npu:5,5,Ascend950PR_957b,2,bfloat16,False,256,"[16384, 256, 256, 1]",28672,ragged,2,28655,28,1,6,56,64,1.0,0.0,0.0,0.0,0.0,10,3.11.10,2,"[1536, 256, 1]",1,correctness,[28655],[2],1,1,20260829,float32,0.09119556747428784,PASS,511,compact,verify_d2,2.10.0.post4.dev20260715,2.10.0+cpu,4,3.2.0,b091d09e267569ce9e3df929901f3feaccc8ac45
swa,0.9999977946281433,0.0,0.00390625,122.48148345947266,0.00011208083014935255,0.0,c47f9bdcfb879eb73723521240a48a9bae99349d094a1fb82563535aabde82ec,True,b091d09e267569ce9e3df929901f3feaccc8ac45,"[448, 1]",448,native_NHD_then_page_head_token_dim_permute,0.9999977946281433,0.0,0.00390625,122.48148345947266,0.00011208083014935255,0.0,f70ab89eb4b0f99a03654153298587b38f22209f20916ac1e97e0f6e1454d198,True,True,9.1.0,"[28655, 28618, 28581, 28544, 28507, 28470, 28433, 28653, 28616, 28579, 28542, 28505, 28468, 28431, 28651, 28614]","[2, 2, 2, 2, 2, 2, 2, 2, 2, 2, 2, 2, 2, 2, 2, 2]",swa_verify_d2_m32_kv28672_ragged_compact_tp4,True,npu:5,5,Ascend950PR_957b,2,bfloat16,False,256,"[16384, 256, 256, 1]",28672,ragged,32,28431,28,1,6,56,64,1.0,0.0,0.0,0.0,0.0,145,3.11.10,32,"[1536, 256, 1]",16,correctness,"[28655, 28618, 28581, 28544, 28507, 28470, 28433, 28653, 28616, 28579, 28542, 28505, 28468, 28431, 28651, 28614]","[2, 2, 2, 2, 2, 2, 2, 2, 2, 2, 2, 2, 2, 2, 2, 2]",16,1,20260829,float32,0.09119556747428784,PASS,511,compact,verify_d2,2.10.0.post4.dev20260715,2.10.0+cpu,4,3.2.0,b091d09e267569ce9e3df929901f3feaccc8ac45
swa,0.9999979734420776,0.0,0.00390625,151.8358154296875,0.0001107023490476422,0.0,c47f9bdcfb879eb73723521240a48a9bae99349d094a1fb82563535aabde82ec,True,b091d09e267569ce9e3df929901f3feaccc8ac45,"[448, 1]",448,native_NHD_then_page_head_token_dim_permute,0.9999979734420776,0.0,0.00390625,151.8358154296875,0.0001107023490476422,0.0,f70ab89eb4b0f99a03654153298587b38f22209f20916ac1e97e0f6e1454d198,True,True,9.1.0,"[28655, 28618, 28581, 28544, 28507, 28470, 28433, 28653, 28616, 28579, 28542, 28505, 28468, 28431, 28651, 28614, 28577, 28540, 28503, 28466, 28429, 28649, 28612, 28575, 28538, 28501, 28464, 28427, 28647, 28610, 28573, 28536, 28499, 28462, 28425, 28645, 28608, 28571, 28534, 28497, 28460, 28423, 28643, 28606, 28569, 28532, 28495, 28458, 28421, 28641, 28604, 28567, 28530, 28493, 28456, 28419]","[2, 2, 2, 2, 2, 2, 2, 2, 2, 2, 2, 2, 2, 2, 2, 2, 2, 2, 2, 2, 2, 2, 2, 2, 2, 2, 2, 2, 2, 2, 2, 2, 2, 2, 2, 2, 2, 2, 2, 2, 2, 2, 2, 2, 2, 2, 2, 2, 2, 2, 2, 2, 2, 2, 2, 2]",swa_verify_d2_m112_kv28672_ragged_compact_tp4,True,npu:5,5,Ascend950PR_957b,2,bfloat16,False,256,"[16384, 256, 256, 1]",28672,ragged,112,28419,28,1,6,56,64,1.0,0.0,0.0,0.0,0.0,505,3.11.10,112,"[1536, 256, 1]",56,correctness,"[28655, 28618, 28581, 28544, 28507, 28470, 28433, 28653, 28616, 28579, 28542, 28505, 28468, 28431, 28651, 28614, 28577, 28540, 28503, 28466, 28429, 28649, 28612, 28575, 28538, 28501, 28464, 28427, 28647, 28610, 28573, 28536, 28499, 28462, 28425, 28645, 28608, 28571, 28534, 28497, 28460, 28423, 28643, 28606, 28569, 28532, 28495, 28458, 28421, 28641, 28604, 28567, 28530, 28493, 28456, 28419]","[2, 2, 2, 2, 2, 2, 2, 2, 2, 2, 2, 2, 2, 2, 2, 2, 2, 2, 2, 2, 2, 2, 2, 2, 2, 2, 2, 2, 2, 2, 2, 2, 2, 2, 2, 2, 2, 2, 2, 2, 2, 2, 2, 2, 2, 2, 2, 2, 2, 2, 2, 2, 2, 2, 2, 2]",56,1,20260829,float32,0.09119556747428784,PASS,511,compact,verify_d2,2.10.0.post4.dev20260715,2.10.0+cpu,4,3.2.0,b091d09e267569ce9e3df929901f3feaccc8ac45
full,0.9999974370002747,0.6088470108807087,0.0009765625,21.769229888916016,8.440597980552411e-07,0.0,c47f9bdcfb879eb73723521240a48a9bae99349d094a1fb82563535aabde82ec,True,b091d09e267569ce9e3df929901f3feaccc8ac45,"[4097, 1]",4097,native_NHD_then_page_head_token_dim_permute,0.9999974370002747,0.45804097317159176,0.0009765625,21.769229888916016,8.440597980552411e-07,0.0,f70ab89eb4b0f99a03654153298587b38f22209f20916ac1e97e0f6e1454d198,True,True,9.1.0,"[2, 2, 2, 2, 2, 2, 2, 2, 2, 2, 2, 2, 2, 2, 2, 2, 2, 2, 2, 2, 2, 2, 2, 2, 2, 2, 2, 2, 2, 2, 2, 2, 2, 2, 2, 2, 2, 2, 2, 2, 2, 2, 2, 2, 2, 2, 2, 2, 2, 2, 2, 2, 2, 2, 2, 2]","[2, 2, 2, 2, 2, 2, 2, 2, 2, 2, 2, 2, 2, 2, 2, 2, 2, 2, 2, 2, 2, 2, 2, 2, 2, 2, 2, 2, 2, 2, 2, 2, 2, 2, 2, 2, 2, 2, 2, 2, 2, 2, 2, 2, 2, 2, 2, 2, 2, 2, 2, 2, 2, 2, 2, 2]",full_graph_d2_bcap56_m2_kv4096_ragged_graph_tp4,True,npu:5,5,Ascend950PR_957b,2,bfloat16,False,256,"[16384, 256, 256, 1]",4096,ragged,2,2,28,1,6,56,64,1.0,0.0,0.0,0.0,0.0,65,3.11.10,112,"[1536, 256, 1]",1,correctness,"[4079, 2, 2, 2, 2, 2, 2, 2, 2, 2, 2, 2, 2, 2, 2, 2, 2, 2, 2, 2, 2, 2, 2, 2, 2, 2, 2, 2, 2, 2, 2, 2, 2, 2, 2, 2, 2, 2, 2, 2, 2, 2, 2, 2, 2, 2, 2, 2, 2, 2, 2, 2, 2, 2, 2, 2]","[2, 0, 0, 0, 0, 0, 0, 0, 0, 0, 0, 0, 0, 0, 0, 0, 0, 0, 0, 0, 0, 0, 0, 0, 0, 0, 0, 0, 0, 0, 0, 0, 0, 0, 0, 0, 0, 0, 0, 0, 0, 0, 0, 0, 0, 0, 0, 0, 0, 0, 0, 0, 0, 0, 0, 0]",56,1,20260829,float32,0.09119556747428784,PASS,,graph,graph_d2,2.10.0.post4.dev20260715,2.10.0+cpu,4,3.2.0,b091d09e267569ce9e3df929901f3feaccc8ac45
full,0.9999974966049194,0.5980678834021091,0.001953125,42.28323745727539,1.3429831597022712e-05,0.0,c47f9bdcfb879eb73723521240a48a9bae99349d094a1fb82563535aabde82ec,True,b091d09e267569ce9e3df929901f3feaccc8ac45,"[4097, 1]",4097,native_NHD_then_page_head_token_dim_permute,0.9999974966049194,0.546787865459919,0.001953125,42.28323745727539,1.3429831597022712e-05,0.0,f70ab89eb4b0f99a03654153298587b38f22209f20916ac1e97e0f6e1454d198,True,True,9.1.0,"[2, 2, 2, 2, 2, 2, 2, 2, 2, 2, 2, 2, 2, 2, 2, 2, 2, 2, 2, 2, 2, 2, 2, 2, 2, 2, 2, 2, 2, 2, 2, 2, 2, 2, 2, 2, 2, 2, 2, 2, 2, 2, 2, 2, 2, 2, 2, 2, 2, 2, 2, 2, 2, 2, 2, 2]","[2, 2, 2, 2, 2, 2, 2, 2, 2, 2, 2, 2, 2, 2, 2, 2, 2, 2, 2, 2, 2, 2, 2, 2, 2, 2, 2, 2, 2, 2, 2, 2, 2, 2, 2, 2, 2, 2, 2, 2, 2, 2, 2, 2, 2, 2, 2, 2, 2, 2, 2, 2, 2, 2, 2, 2]",full_graph_d2_bcap56_m32_kv4096_ragged_graph_tp4,True,npu:5,5,Ascend950PR_957b,2,bfloat16,False,256,"[16384, 256, 256, 1]",4096,ragged,32,2,28,1,6,56,64,1.0,0.0,0.0,0.0,0.0,1003,3.11.10,112,"[1536, 256, 1]",16,correctness,"[4079, 4042, 4005, 3968, 3931, 3894, 3857, 4077, 4040, 4003, 3966, 3929, 3892, 3855, 4075, 4038, 2, 2, 2, 2, 2, 2, 2, 2, 2, 2, 2, 2, 2, 2, 2, 2, 2, 2, 2, 2, 2, 2, 2, 2, 2, 2, 2, 2, 2, 2, 2, 2, 2, 2, 2, 2, 2, 2, 2, 2]","[2, 2, 2, 2, 2, 2, 2, 2, 2, 2, 2, 2, 2, 2, 2, 2, 0, 0, 0, 0, 0, 0, 0, 0, 0, 0, 0, 0, 0, 0, 0, 0, 0, 0, 0, 0, 0, 0, 0, 0, 0, 0, 0, 0, 0, 0, 0, 0, 0, 0, 0, 0, 0, 0, 0, 0]",56,1,20260829,float32,0.09119556747428784,PASS,,graph,graph_d2,2.10.0.post4.dev20260715,2.10.0+cpu,4,3.2.0,b091d09e267569ce9e3df929901f3feaccc8ac45
full,0.9999974966049194,0.5894580390304327,0.0009765625,20.869346618652344,3.412818841752596e-05,0.0,c47f9bdcfb879eb73723521240a48a9bae99349d094a1fb82563535aabde82ec,True,b091d09e267569ce9e3df929901f3feaccc8ac45,"[4097, 1]",4097,native_NHD_then_page_head_token_dim_permute,0.9999974966049194,0.9968699887394905,0.0009765625,20.869346618652344,3.412818841752596e-05,0.0,f70ab89eb4b0f99a03654153298587b38f22209f20916ac1e97e0f6e1454d198,True,True,9.1.0,"[2, 2, 2, 2, 2, 2, 2, 2, 2, 2, 2, 2, 2, 2, 2, 2, 2, 2, 2, 2, 2, 2, 2, 2, 2, 2, 2, 2, 2, 2, 2, 2, 2, 2, 2, 2, 2, 2, 2, 2, 2, 2, 2, 2, 2, 2, 2, 2, 2, 2, 2, 2, 2, 2, 2, 2]","[2, 2, 2, 2, 2, 2, 2, 2, 2, 2, 2, 2, 2, 2, 2, 2, 2, 2, 2, 2, 2, 2, 2, 2, 2, 2, 2, 2, 2, 2, 2, 2, 2, 2, 2, 2, 2, 2, 2, 2, 2, 2, 2, 2, 2, 2, 2, 2, 2, 2, 2, 2, 2, 2, 2, 2]",full_graph_d2_bcap56_m80_kv4096_ragged_graph_tp4,True,npu:5,5,Ascend950PR_957b,2,bfloat16,False,256,"[16384, 256, 256, 1]",4096,ragged,80,2,28,1,6,56,64,0.9999999403953552,0.0,0.0,0.0,0.0,2500,3.11.10,112,"[1536, 256, 1]",40,correctness,"[4079, 4042, 4005, 3968, 3931, 3894, 3857, 4077, 4040, 4003, 3966, 3929, 3892, 3855, 4075, 4038, 4001, 3964, 3927, 3890, 3853, 4073, 4036, 3999, 3962, 3925, 3888, 3851, 4071, 4034, 3997, 3960, 3923, 3886, 3849, 4069, 4032, 3995, 3958, 3921, 2, 2, 2, 2, 2, 2, 2, 2, 2, 2, 2, 2, 2, 2, 2, 2]","[2, 2, 2, 2, 2, 2, 2, 2, 2, 2, 2, 2, 2, 2, 2, 2, 2, 2, 2, 2, 2, 2, 2, 2, 2, 2, 2, 2, 2, 2, 2, 2, 2, 2, 2, 2, 2, 2, 2, 2, 0, 0, 0, 0, 0, 0, 0, 0, 0, 0, 0, 0, 0, 0, 0, 0]",56,1,20260829,float32,0.09119556747428784,PASS,,graph,graph_d2,2.10.0.post4.dev20260715,2.10.0+cpu,4,3.2.0,b091d09e267569ce9e3df929901f3feaccc8ac45
swa,0.9999975562095642,0.0,0.001953125,1.2647058963775635,1.9253354821557878e-06,0.0,c47f9bdcfb879eb73723521240a48a9bae99349d094a1fb82563535aabde82ec,True,b091d09e267569ce9e3df929901f3feaccc8ac45,"[4097, 1]",4097,native_NHD_then_page_head_token_dim_permute,0.9999975562095642,0.0,0.001953125,1.2647058963775635,1.9253354821557878e-06,0.0,f70ab89eb4b0f99a03654153298587b38f22209f20916ac1e97e0f6e1454d198,True,True,9.1.0,"[2, 2, 2, 2, 2, 2, 2, 2, 2, 2, 2, 2, 2, 2, 2, 2, 2, 2, 2, 2, 2, 2, 2, 2, 2, 2, 2, 2, 2, 2, 2, 2, 2, 2, 2, 2, 2, 2, 2, 2, 2, 2, 2, 2, 2, 2, 2, 2, 2, 2, 2, 2, 2, 2, 2, 2]","[2, 2, 2, 2, 2, 2, 2, 2, 2, 2, 2, 2, 2, 2, 2, 2, 2, 2, 2, 2, 2, 2, 2, 2, 2, 2, 2, 2, 2, 2, 2, 2, 2, 2, 2, 2, 2, 2, 2, 2, 2, 2, 2, 2, 2, 2, 2, 2, 2, 2, 2, 2, 2, 2, 2, 2]",swa_graph_d2_bcap56_m2_kv4096_ragged_graph_tp4,True,npu:5,5,Ascend950PR_957b,2,bfloat16,False,256,"[16384, 256, 256, 1]",4096,ragged,2,2,28,1,6,56,64,1.0,0.0,0.0,0.0,0.0,10,3.11.10,112,"[1536, 256, 1]",1,correctness,"[4079, 2, 2, 2, 2, 2, 2, 2, 2, 2, 2, 2, 2, 2, 2, 2, 2, 2, 2, 2, 2, 2, 2, 2, 2, 2, 2, 2, 2, 2, 2, 2, 2, 2, 2, 2, 2, 2, 2, 2, 2, 2, 2, 2, 2, 2, 2, 2, 2, 2, 2, 2, 2, 2, 2, 2]","[2, 0, 0, 0, 0, 0, 0, 0, 0, 0, 0, 0, 0, 0, 0, 0, 0, 0, 0, 0, 0, 0, 0, 0, 0, 0, 0, 0, 0, 0, 0, 0, 0, 0, 0, 0, 0, 0, 0, 0, 0, 0, 0, 0, 0, 0, 0, 0, 0, 0, 0, 0, 0, 0, 0, 0]",56,1,20260829,float32,0.09119556747428784,PASS,511,graph,graph_d2,2.10.0.post4.dev20260715,2.10.0+cpu,4,3.2.0,b091d09e267569ce9e3df929901f3feaccc8ac45
swa,0.9999977350234985,0.0,0.00390625,105.34782409667969,3.0949533538660035e-05,0.0,c47f9bdcfb879eb73723521240a48a9bae99349d094a1fb82563535aabde82ec,True,b091d09e267569ce9e3df929901f3feaccc8ac45,"[4097, 1]",4097,native_NHD_then_page_head_token_dim_permute,0.9999977350234985,0.0,0.00390625,105.34782409667969,3.0949533538660035e-05,0.0,f70ab89eb4b0f99a03654153298587b38f22209f20916ac1e97e0f6e1454d198,True,True,9.1.0,"[2, 2, 2, 2, 2, 2, 2, 2, 2, 2, 2, 2, 2, 2, 2, 2, 2, 2, 2, 2, 2, 2, 2, 2, 2, 2, 2, 2, 2, 2, 2, 2, 2, 2, 2, 2, 2, 2, 2, 2, 2, 2, 2, 2, 2, 2, 2, 2, 2, 2, 2, 2, 2, 2, 2, 2]","[2, 2, 2, 2, 2, 2, 2, 2, 2, 2, 2, 2, 2, 2, 2, 2, 2, 2, 2, 2, 2, 2, 2, 2, 2, 2, 2, 2, 2, 2, 2, 2, 2, 2, 2, 2, 2, 2, 2, 2, 2, 2, 2, 2, 2, 2, 2, 2, 2, 2, 2, 2, 2, 2, 2, 2]",swa_graph_d2_bcap56_m32_kv4096_ragged_graph_tp4,True,npu:5,5,Ascend950PR_957b,2,bfloat16,False,256,"[16384, 256, 256, 1]",4096,ragged,32,2,28,1,6,56,64,0.9999998211860657,0.0,0.0,0.0,0.0,145,3.11.10,112,"[1536, 256, 1]",16,correctness,"[4079, 4042, 4005, 3968, 3931, 3894, 3857, 4077, 4040, 4003, 3966, 3929, 3892, 3855, 4075, 4038, 2, 2, 2, 2, 2, 2, 2, 2, 2, 2, 2, 2, 2, 2, 2, 2, 2, 2, 2, 2, 2, 2, 2, 2, 2, 2, 2, 2, 2, 2, 2, 2, 2, 2, 2, 2, 2, 2, 2, 2]","[2, 2, 2, 2, 2, 2, 2, 2, 2, 2, 2, 2, 2, 2, 2, 2, 0, 0, 0, 0, 0, 0, 0, 0, 0, 0, 0, 0, 0, 0, 0, 0, 0, 0, 0, 0, 0, 0, 0, 0, 0, 0, 0, 0, 0, 0, 0, 0, 0, 0, 0, 0, 0, 0, 0, 0]",56,1,20260829,float32,0.09119556747428784,PASS,511,graph,graph_d2,2.10.0.post4.dev20260715,2.10.0+cpu,4,3.2.0,b091d09e267569ce9e3df929901f3feaccc8ac45
swa,0.9999980330467224,0.0,0.00390625,29.318584442138672,8.0231147876475e-05,0.0,c47f9bdcfb879eb73723521240a48a9bae99349d094a1fb82563535aabde82ec,True,b091d09e267569ce9e3df929901f3feaccc8ac45,"[4097, 1]",4097,native_NHD_then_page_head_token_dim_permute,0.9999980330467224,0.0,0.00390625,29.318584442138672,8.0231147876475e-05,0.0,f70ab89eb4b0f99a03654153298587b38f22209f20916ac1e97e0f6e1454d198,True,True,9.1.0,"[2, 2, 2, 2, 2, 2, 2, 2, 2, 2, 2, 2, 2, 2, 2, 2, 2, 2, 2, 2, 2, 2, 2, 2, 2, 2, 2, 2, 2, 2, 2, 2, 2, 2, 2, 2, 2, 2, 2, 2, 2, 2, 2, 2, 2, 2, 2, 2, 2, 2, 2, 2, 2, 2, 2, 2]","[2, 2, 2, 2, 2, 2, 2, 2, 2, 2, 2, 2, 2, 2, 2, 2, 2, 2, 2, 2, 2, 2, 2, 2, 2, 2, 2, 2, 2, 2, 2, 2, 2, 2, 2, 2, 2, 2, 2, 2, 2, 2, 2, 2, 2, 2, 2, 2, 2, 2, 2, 2, 2, 2, 2, 2]",swa_graph_d2_bcap56_m80_kv4096_ragged_graph_tp4,True,npu:5,5,Ascend950PR_957b,2,bfloat16,False,256,"[16384, 256, 256, 1]",4096,ragged,80,2,28,1,6,56,64,1.0000001192092896,0.0,0.0,0.0,0.0,361,3.11.10,112,"[1536, 256, 1]",40,correctness,"[4079, 4042, 4005, 3968, 3931, 3894, 3857, 4077, 4040, 4003, 3966, 3929, 3892, 3855, 4075, 4038, 4001, 3964, 3927, 3890, 3853, 4073, 4036, 3999, 3962, 3925, 3888, 3851, 4071, 4034, 3997, 3960, 3923, 3886, 3849, 4069, 4032, 3995, 3958, 3921, 2, 2, 2, 2, 2, 2, 2, 2, 2, 2, 2, 2, 2, 2, 2, 2]","[2, 2, 2, 2, 2, 2, 2, 2, 2, 2, 2, 2, 2, 2, 2, 2, 2, 2, 2, 2, 2, 2, 2, 2, 2, 2, 2, 2, 2, 2, 2, 2, 2, 2, 2, 2, 2, 2, 2, 2, 0, 0, 0, 0, 0, 0, 0, 0, 0, 0, 0, 0, 0, 0, 0, 0]",56,1,20260829,float32,0.09119556747428784,PASS,511,graph,graph_d2,2.10.0.post4.dev20260715,2.10.0+cpu,4,3.2.0,b091d09e267569ce9e3df929901f3feaccc8ac45
full,0.9999971389770508,0.6165369413793087,0.00048828125,2.1848740577697754,8.997430995805189e-07,0.0,c47f9bdcfb879eb73723521240a48a9bae99349d094a1fb82563535aabde82ec,True,b091d09e267569ce9e3df929901f3feaccc8ac45,"[4097, 1]",4097,native_NHD_then_page_head_token_dim_permute,0.9999971389770508,0.4762699827551842,0.00048828125,2.1848740577697754,8.997430995805189e-07,0.0,f70ab89eb4b0f99a03654153298587b38f22209f20916ac1e97e0f6e1454d198,True,True,9.1.0,"[3, 3, 3, 3, 3, 3, 3, 3, 3, 3, 3, 3, 3, 3, 3, 3, 3, 3, 3, 3, 3, 3, 3, 3, 3, 3, 3, 3, 3, 3, 3, 3, 3, 3, 3, 3, 3, 3, 3, 3, 3, 3, 3, 3, 3, 3, 3, 3, 3, 3, 3, 3, 3, 3, 3, 3]","[3, 3, 3, 3, 3, 3, 3, 3, 3, 3, 3, 3, 3, 3, 3, 3, 3, 3, 3, 3, 3, 3, 3, 3, 3, 3, 3, 3, 3, 3, 3, 3, 3, 3, 3, 3, 3, 3, 3, 3, 3, 3, 3, 3, 3, 3, 3, 3, 3, 3, 3, 3, 3, 3, 3, 3]",full_graph_d3_bcap56_m3_kv4096_ragged_graph_tp4,True,npu:5,5,Ascend950PR_957b,3,bfloat16,False,256,"[16384, 256, 256, 1]",4096,ragged,3,3,28,1,6,56,64,1.0,0.0,0.0,0.0,0.0,65,3.11.10,168,"[1536, 256, 1]",1,correctness,"[4079, 3, 3, 3, 3, 3, 3, 3, 3, 3, 3, 3, 3, 3, 3, 3, 3, 3, 3, 3, 3, 3, 3, 3, 3, 3, 3, 3, 3, 3, 3, 3, 3, 3, 3, 3, 3, 3, 3, 3, 3, 3, 3, 3, 3, 3, 3, 3, 3, 3, 3, 3, 3, 3, 3, 3]","[3, 0, 0, 0, 0, 0, 0, 0, 0, 0, 0, 0, 0, 0, 0, 0, 0, 0, 0, 0, 0, 0, 0, 0, 0, 0, 0, 0, 0, 0, 0, 0, 0, 0, 0, 0, 0, 0, 0, 0, 0, 0, 0, 0, 0, 0, 0, 0, 0, 0, 0, 0, 0, 0, 0, 0]",56,1,20260829,float32,0.09119556747428784,PASS,,graph,graph_d3,2.10.0.post4.dev20260715,2.10.0+cpu,4,3.2.0,b091d09e267569ce9e3df929901f3feaccc8ac45
full,0.9999973773956299,0.5881679244339466,0.0009765625,72.42635345458984,1.3617081094707828e-05,0.0,c47f9bdcfb879eb73723521240a48a9bae99349d094a1fb82563535aabde82ec,True,b091d09e267569ce9e3df929901f3feaccc8ac45,"[4097, 1]",4097,native_NHD_then_page_head_token_dim_permute,0.9999973773956299,0.5411489401012659,0.0009765625,72.42635345458984,1.3617081094707828e-05,0.0,f70ab89eb4b0f99a03654153298587b38f22209f20916ac1e97e0f6e1454d198,True,True,9.1.0,"[3, 3, 3, 3, 3, 3, 3, 3, 3, 3, 3, 3, 3, 3, 3, 3, 3, 3, 3, 3, 3, 3, 3, 3, 3, 3, 3, 3, 3, 3, 3, 3, 3, 3, 3, 3, 3, 3, 3, 3, 3, 3, 3, 3, 3, 3, 3, 3, 3, 3, 3, 3, 3, 3, 3, 3]","[3, 3, 3, 3, 3, 3, 3, 3, 3, 3, 3, 3, 3, 3, 3, 3, 3, 3, 3, 3, 3, 3, 3, 3, 3, 3, 3, 3, 3, 3, 3, 3, 3, 3, 3, 3, 3, 3, 3, 3, 3, 3, 3, 3, 3, 3, 3, 3, 3, 3, 3, 3, 3, 3, 3, 3]",full_graph_d3_bcap56_m48_kv4096_ragged_graph_tp4,True,npu:5,5,Ascend950PR_957b,3,bfloat16,False,256,"[16384, 256, 256, 1]",4096,ragged,48,3,28,1,6,56,64,1.0,0.0,0.0,0.0,0.0,1003,3.11.10,168,"[1536, 256, 1]",16,correctness,"[4079, 4042, 4005, 3968, 3931, 3894, 3857, 4077, 4040, 4003, 3966, 3929, 3892, 3855, 4075, 4038, 3, 3, 3, 3, 3, 3, 3, 3, 3, 3, 3, 3, 3, 3, 3, 3, 3, 3, 3, 3, 3, 3, 3, 3, 3, 3, 3, 3, 3, 3, 3, 3, 3, 3, 3, 3, 3, 3, 3, 3]","[3, 3, 3, 3, 3, 3, 3, 3, 3, 3, 3, 3, 3, 3, 3, 3, 0, 0, 0, 0, 0, 0, 0, 0, 0, 0, 0, 0, 0, 0, 0, 0, 0, 0, 0, 0, 0, 0, 0, 0, 0, 0, 0, 0, 0, 0, 0, 0, 0, 0, 0, 0, 0, 0, 0, 0]",56,1,20260829,float32,0.09119556747428784,PASS,,graph,graph_d3,2.10.0.post4.dev20260715,2.10.0+cpu,4,3.2.0,b091d09e267569ce9e3df929901f3feaccc8ac45
full,0.9999974966049194,0.5879378877580166,0.001953125,104.89610290527344,3.4392272937111557e-05,0.0,c47f9bdcfb879eb73723521240a48a9bae99349d094a1fb82563535aabde82ec,True,b091d09e267569ce9e3df929901f3feaccc8ac45,"[4097, 1]",4097,native_NHD_then_page_head_token_dim_permute,0.9999974966049194,0.9993088897317648,0.001953125,104.89610290527344,3.4392272937111557e-05,0.0,f70ab89eb4b0f99a03654153298587b38f22209f20916ac1e97e0f6e1454d198,True,True,9.1.0,"[3, 3, 3, 3, 3, 3, 3, 3, 3, 3, 3, 3, 3, 3, 3, 3, 3, 3, 3, 3, 3, 3, 3, 3, 3, 3, 3, 3, 3, 3, 3, 3, 3, 3, 3, 3, 3, 3, 3, 3, 3, 3, 3, 3, 3, 3, 3, 3, 3, 3, 3, 3, 3, 3, 3, 3]","[3, 3, 3, 3, 3, 3, 3, 3, 3, 3, 3, 3, 3, 3, 3, 3, 3, 3, 3, 3, 3, 3, 3, 3, 3, 3, 3, 3, 3, 3, 3, 3, 3, 3, 3, 3, 3, 3, 3, 3, 3, 3, 3, 3, 3, 3, 3, 3, 3, 3, 3, 3, 3, 3, 3, 3]",full_graph_d3_bcap56_m120_kv4096_ragged_graph_tp4,True,npu:5,5,Ascend950PR_957b,3,bfloat16,False,256,"[16384, 256, 256, 1]",4096,ragged,120,3,28,1,6,56,64,0.9999998807907104,0.0,0.0,0.0,0.0,2500,3.11.10,168,"[1536, 256, 1]",40,correctness,"[4079, 4042, 4005, 3968, 3931, 3894, 3857, 4077, 4040, 4003, 3966, 3929, 3892, 3855, 4075, 4038, 4001, 3964, 3927, 3890, 3853, 4073, 4036, 3999, 3962, 3925, 3888, 3851, 4071, 4034, 3997, 3960, 3923, 3886, 3849, 4069, 4032, 3995, 3958, 3921, 3, 3, 3, 3, 3, 3, 3, 3, 3, 3, 3, 3, 3, 3, 3, 3]","[3, 3, 3, 3, 3, 3, 3, 3, 3, 3, 3, 3, 3, 3, 3, 3, 3, 3, 3, 3, 3, 3, 3, 3, 3, 3, 3, 3, 3, 3, 3, 3, 3, 3, 3, 3, 3, 3, 3, 3, 0, 0, 0, 0, 0, 0, 0, 0, 0, 0, 0, 0, 0, 0, 0, 0]",56,1,20260829,float32,0.09119556747428784,PASS,,graph,graph_d3,2.10.0.post4.dev20260715,2.10.0+cpu,4,3.2.0,b091d09e267569ce9e3df929901f3feaccc8ac45
swa,0.9999979734420776,0.0,0.001953125,7.532751083374023,1.9551791865524137e-06,0.0,c47f9bdcfb879eb73723521240a48a9bae99349d094a1fb82563535aabde82ec,True,b091d09e267569ce9e3df929901f3feaccc8ac45,"[4097, 1]",4097,native_NHD_then_page_head_token_dim_permute,0.9999979734420776,0.0,0.001953125,7.532751083374023,1.9551791865524137e-06,0.0,f70ab89eb4b0f99a03654153298587b38f22209f20916ac1e97e0f6e1454d198,True,True,9.1.0,"[3, 3, 3, 3, 3, 3, 3, 3, 3, 3, 3, 3, 3, 3, 3, 3, 3, 3, 3, 3, 3, 3, 3, 3, 3, 3, 3, 3, 3, 3, 3, 3, 3, 3, 3, 3, 3, 3, 3, 3, 3, 3, 3, 3, 3, 3, 3, 3, 3, 3, 3, 3, 3, 3, 3, 3]","[3, 3, 3, 3, 3, 3, 3, 3, 3, 3, 3, 3, 3, 3, 3, 3, 3, 3, 3, 3, 3, 3, 3, 3, 3, 3, 3, 3, 3, 3, 3, 3, 3, 3, 3, 3, 3, 3, 3, 3, 3, 3, 3, 3, 3, 3, 3, 3, 3, 3, 3, 3, 3, 3, 3, 3]",swa_graph_d3_bcap56_m3_kv4096_ragged_graph_tp4,True,npu:5,5,Ascend950PR_957b,3,bfloat16,False,256,"[16384, 256, 256, 1]",4096,ragged,3,3,28,1,6,56,64,1.0,0.0,0.0,0.0,0.0,10,3.11.10,168,"[1536, 256, 1]",1,correctness,"[4079, 3, 3, 3, 3, 3, 3, 3, 3, 3, 3, 3, 3, 3, 3, 3, 3, 3, 3, 3, 3, 3, 3, 3, 3, 3, 3, 3, 3, 3, 3, 3, 3, 3, 3, 3, 3, 3, 3, 3, 3, 3, 3, 3, 3, 3, 3, 3, 3, 3, 3, 3, 3, 3, 3, 3]","[3, 0, 0, 0, 0, 0, 0, 0, 0, 0, 0, 0, 0, 0, 0, 0, 0, 0, 0, 0, 0, 0, 0, 0, 0, 0, 0, 0, 0, 0, 0, 0, 0, 0, 0, 0, 0, 0, 0, 0, 0, 0, 0, 0, 0, 0, 0, 0, 0, 0, 0, 0, 0, 0, 0, 0]",56,1,20260829,float32,0.09119556747428784,PASS,511,graph,graph_d3,2.10.0.post4.dev20260715,2.10.0+cpu,4,3.2.0,b091d09e267569ce9e3df929901f3feaccc8ac45
swa,0.9999977350234985,0.0,0.00390625,50.0684928894043,3.1740353733766824e-05,0.0,c47f9bdcfb879eb73723521240a48a9bae99349d094a1fb82563535aabde82ec,True,b091d09e267569ce9e3df929901f3feaccc8ac45,"[4097, 1]",4097,native_NHD_then_page_head_token_dim_permute,0.9999977350234985,0.0,0.00390625,50.0684928894043,3.1740353733766824e-05,0.0,f70ab89eb4b0f99a03654153298587b38f22209f20916ac1e97e0f6e1454d198,True,True,9.1.0,"[3, 3, 3, 3, 3, 3, 3, 3, 3, 3, 3, 3, 3, 3, 3, 3, 3, 3, 3, 3, 3, 3, 3, 3, 3, 3, 3, 3, 3, 3, 3, 3, 3, 3, 3, 3, 3, 3, 3, 3, 3, 3, 3, 3, 3, 3, 3, 3, 3, 3, 3, 3, 3, 3, 3, 3]","[3, 3, 3, 3, 3, 3, 3, 3, 3, 3, 3, 3, 3, 3, 3, 3, 3, 3, 3, 3, 3, 3, 3, 3, 3, 3, 3, 3, 3, 3, 3, 3, 3, 3, 3, 3, 3, 3, 3, 3, 3, 3, 3, 3, 3, 3, 3, 3, 3, 3, 3, 3, 3, 3, 3, 3]",swa_graph_d3_bcap56_m48_kv4096_ragged_graph_tp4,True,npu:5,5,Ascend950PR_957b,3,bfloat16,False,256,"[16384, 256, 256, 1]",4096,ragged,48,3,28,1,6,56,64,1.0,0.0,0.0,0.0,0.0,145,3.11.10,168,"[1536, 256, 1]",16,correctness,"[4079, 4042, 4005, 3968, 3931, 3894, 3857, 4077, 4040, 4003, 3966, 3929, 3892, 3855, 4075, 4038, 3, 3, 3, 3, 3, 3, 3, 3, 3, 3, 3, 3, 3, 3, 3, 3, 3, 3, 3, 3, 3, 3, 3, 3, 3, 3, 3, 3, 3, 3, 3, 3, 3, 3, 3, 3, 3, 3, 3, 3]","[3, 3, 3, 3, 3, 3, 3, 3, 3, 3, 3, 3, 3, 3, 3, 3, 0, 0, 0, 0, 0, 0, 0, 0, 0, 0, 0, 0, 0, 0, 0, 0, 0, 0, 0, 0, 0, 0, 0, 0, 0, 0, 0, 0, 0, 0, 0, 0, 0, 0, 0, 0, 0, 0, 0, 0]",56,1,20260829,float32,0.09119556747428784,PASS,511,graph,graph_d3,2.10.0.post4.dev20260715,2.10.0+cpu,4,3.2.0,b091d09e267569ce9e3df929901f3feaccc8ac45
swa,0.9999978542327881,0.0,0.00390625,54.0748291015625,7.845529762562364e-05,0.0,c47f9bdcfb879eb73723521240a48a9bae99349d094a1fb82563535aabde82ec,True,b091d09e267569ce9e3df929901f3feaccc8ac45,"[4097, 1]",4097,native_NHD_then_page_head_token_dim_permute,0.9999978542327881,0.0,0.00390625,54.0748291015625,7.845529762562364e-05,0.0,f70ab89eb4b0f99a03654153298587b38f22209f20916ac1e97e0f6e1454d198,True,True,9.1.0,"[3, 3, 3, 3, 3, 3, 3, 3, 3, 3, 3, 3, 3, 3, 3, 3, 3, 3, 3, 3, 3, 3, 3, 3, 3, 3, 3, 3, 3, 3, 3, 3, 3, 3, 3, 3, 3, 3, 3, 3, 3, 3, 3, 3, 3, 3, 3, 3, 3, 3, 3, 3, 3, 3, 3, 3]","[3, 3, 3, 3, 3, 3, 3, 3, 3, 3, 3, 3, 3, 3, 3, 3, 3, 3, 3, 3, 3, 3, 3, 3, 3, 3, 3, 3, 3, 3, 3, 3, 3, 3, 3, 3, 3, 3, 3, 3, 3, 3, 3, 3, 3, 3, 3, 3, 3, 3, 3, 3, 3, 3, 3, 3]",swa_graph_d3_bcap56_m120_kv4096_ragged_graph_tp4,True,npu:5,5,Ascend950PR_957b,3,bfloat16,False,256,"[16384, 256, 256, 1]",4096,ragged,120,3,28,1,6,56,64,1.0,0.0,0.0,0.0,0.0,361,3.11.10,168,"[1536, 256, 1]",40,correctness,"[4079, 4042, 4005, 3968, 3931, 3894, 3857, 4077, 4040, 4003, 3966, 3929, 3892, 3855, 4075, 4038, 4001, 3964, 3927, 3890, 3853, 4073, 4036, 3999, 3962, 3925, 3888, 3851, 4071, 4034, 3997, 3960, 3923, 3886, 3849, 4069, 4032, 3995, 3958, 3921, 3, 3, 3, 3, 3, 3, 3, 3, 3, 3, 3, 3, 3, 3, 3, 3]","[3, 3, 3, 3, 3, 3, 3, 3, 3, 3, 3, 3, 3, 3, 3, 3, 3, 3, 3, 3, 3, 3, 3, 3, 3, 3, 3, 3, 3, 3, 3, 3, 3, 3, 3, 3, 3, 3, 3, 3, 0, 0, 0, 0, 0, 0, 0, 0, 0, 0, 0, 0, 0, 0, 0, 0]",56,1,20260829,float32,0.09119556747428784,PASS,511,graph,graph_d3,2.10.0.post4.dev20260715,2.10.0+cpu,4,3.2.0,b091d09e267569ce9e3df929901f3feaccc8ac45
