attention,baseline_sha256,benchmark_base,block_table_width,cache_layout,candidate_sha256,cann_version,capture_kv_lens,capture_q_lens,capture_returncode,case,causal,device,device_index,device_name,draft_width,dtype,gqa_interleave,head_dim,kernel_name,kv_length,length_pattern,m,max_q_len,min_runtime_kv_length,num_cube_cores,num_kv_heads,num_q_heads,num_vector_cores,page_size,path,provider,python_version,q_buffer_rows,real_batch_size,record_type,runtime_kv_lens,runtime_q_lens,sample_count,scheduled_batch_size,schema_version,seed,sha256,sink_dtype,size_bytes,softmax_scale,status,swa_left_window,table_width_mode,task_max_us,task_mean_us,task_min_us,task_p50_us,timing_authority,topology,torch_npu_version,torch_version,tp_size,triton_version,workspace_commit
full,c47f9bdcfb879eb73723521240a48a9bae99349d094a1fb82563535aabde82ec,6b5219f487b5b3ac57679a6a4387bc1d5d3a75f9,64,native_NHD_then_page_head_token_dim_permute,82f9e00dd9c169444330b20b411fdeeade867cd0d7fc3bfb55371c5c1a8d00fa,9.1.0,[4096],[2],0,full_verify_d2_m2_kv4096_uniform_compact_tp4,True,npu:5,5,Ascend950PR_957b,2,bfloat16,False,256,paged_prefill_page_aggregation_kernel,4096,uniform,2,2,4096,28,1,6,56,64,msprof/baseline/paged_prefill_page_aggregation_kernel.log.gz,baseline,3.11.10,2,1,msprof_primary_kernel,[4096],[2],3,1,1,20260829,15bb98ecb29785db4a18130c0499eaf71f0aafc22901a4355e2ce6d8b98cd312,float32,7597,0.09119556747428784,MEASURED,,compact,97.556,97.070666,96.594002,97.061996,msprof_op_task_duration_acceptance,verify_d2,2.10.0.post4.dev20260715,2.10.0+cpu,4,3.2.0,6b5219f487b5b3ac57679a6a4387bc1d5d3a75f9
full,c47f9bdcfb879eb73723521240a48a9bae99349d094a1fb82563535aabde82ec,6b5219f487b5b3ac57679a6a4387bc1d5d3a75f9,64,native_NHD_then_page_head_token_dim_permute,82f9e00dd9c169444330b20b411fdeeade867cd0d7fc3bfb55371c5c1a8d00fa,9.1.0,"[4096, 4096, 4096, 4096, 4096, 4096, 4096, 4096, 4096, 4096, 4096, 4096, 4096, 4096, 4096, 4096, 4096, 4096, 4096, 4096, 4096, 4096, 4096, 4096, 4096, 4096, 4096, 4096, 4096, 4096, 4096, 4096, 4096, 4096, 4096, 4096, 4096, 4096, 4096, 4096, 4096, 4096, 4096, 4096, 4096, 4096, 4096, 4096]","[2, 2, 2, 2, 2, 2, 2, 2, 2, 2, 2, 2, 2, 2, 2, 2, 2, 2, 2, 2, 2, 2, 2, 2, 2, 2, 2, 2, 2, 2, 2, 2, 2, 2, 2, 2, 2, 2, 2, 2, 2, 2, 2, 2, 2, 2, 2, 2]",0,full_verify_d2_m96_kv4096_uniform_compact_tp4,True,npu:5,5,Ascend950PR_957b,2,bfloat16,False,256,paged_prefill_page_aggregation_kernel,4096,uniform,96,2,4096,28,1,6,56,64,msprof/baseline/paged_prefill_page_aggregation_kernel.log.gz,baseline,3.11.10,96,48,msprof_primary_kernel,"[4096, 4096, 4096, 4096, 4096, 4096, 4096, 4096, 4096, 4096, 4096, 4096, 4096, 4096, 4096, 4096, 4096, 4096, 4096, 4096, 4096, 4096, 4096, 4096, 4096, 4096, 4096, 4096, 4096, 4096, 4096, 4096, 4096, 4096, 4096, 4096, 4096, 4096, 4096, 4096, 4096, 4096, 4096, 4096, 4096, 4096, 4096, 4096]","[2, 2, 2, 2, 2, 2, 2, 2, 2, 2, 2, 2, 2, 2, 2, 2, 2, 2, 2, 2, 2, 2, 2, 2, 2, 2, 2, 2, 2, 2, 2, 2, 2, 2, 2, 2, 2, 2, 2, 2, 2, 2, 2, 2, 2, 2, 2, 2]",3,48,1,20260829,15bb98ecb29785db4a18130c0499eaf71f0aafc22901a4355e2ce6d8b98cd312,float32,7597,0.09119556747428784,MEASURED,,compact,1023.226013,1022.9073283333333,1022.531006,1022.964966,msprof_op_task_duration_acceptance,verify_d2,2.10.0.post4.dev20260715,2.10.0+cpu,4,3.2.0,6b5219f487b5b3ac57679a6a4387bc1d5d3a75f9
full,c47f9bdcfb879eb73723521240a48a9bae99349d094a1fb82563535aabde82ec,6b5219f487b5b3ac57679a6a4387bc1d5d3a75f9,64,native_NHD_then_page_head_token_dim_permute,82f9e00dd9c169444330b20b411fdeeade867cd0d7fc3bfb55371c5c1a8d00fa,9.1.0,"[4096, 4096, 4096, 4096, 4096, 4096, 4096, 4096, 4096, 4096, 4096, 4096, 4096, 4096, 4096, 4096, 4096, 4096, 4096, 4096, 4096, 4096, 4096, 4096, 4096, 4096, 4096, 4096, 4096, 4096, 4096, 4096, 4096, 4096, 4096, 4096, 4096, 4096, 4096, 4096, 4096, 4096, 4096, 4096, 4096, 4096, 4096, 4096]","[3, 3, 3, 3, 3, 3, 3, 3, 3, 3, 3, 3, 3, 3, 3, 3, 3, 3, 3, 3, 3, 3, 3, 3, 3, 3, 3, 3, 3, 3, 3, 3, 3, 3, 3, 3, 3, 3, 3, 3, 3, 3, 3, 3, 3, 3, 3, 3]",0,full_verify_d3_m144_kv4096_uniform_compact_tp4,True,npu:5,5,Ascend950PR_957b,3,bfloat16,False,256,paged_prefill_page_aggregation_kernel,4096,uniform,144,3,4096,28,1,6,56,64,msprof/baseline/paged_prefill_page_aggregation_kernel.log.gz,baseline,3.11.10,144,48,msprof_primary_kernel,"[4096, 4096, 4096, 4096, 4096, 4096, 4096, 4096, 4096, 4096, 4096, 4096, 4096, 4096, 4096, 4096, 4096, 4096, 4096, 4096, 4096, 4096, 4096, 4096, 4096, 4096, 4096, 4096, 4096, 4096, 4096, 4096, 4096, 4096, 4096, 4096, 4096, 4096, 4096, 4096, 4096, 4096, 4096, 4096, 4096, 4096, 4096, 4096]","[3, 3, 3, 3, 3, 3, 3, 3, 3, 3, 3, 3, 3, 3, 3, 3, 3, 3, 3, 3, 3, 3, 3, 3, 3, 3, 3, 3, 3, 3, 3, 3, 3, 3, 3, 3, 3, 3, 3, 3, 3, 3, 3, 3, 3, 3, 3, 3]",3,48,1,20260829,15bb98ecb29785db4a18130c0499eaf71f0aafc22901a4355e2ce6d8b98cd312,float32,7597,0.09119556747428784,MEASURED,,compact,1023.39502,1023.1393433333333,1022.973022,1023.049988,msprof_op_task_duration_acceptance,verify_d3,2.10.0.post4.dev20260715,2.10.0+cpu,4,3.2.0,6b5219f487b5b3ac57679a6a4387bc1d5d3a75f9
full,c47f9bdcfb879eb73723521240a48a9bae99349d094a1fb82563535aabde82ec,6b5219f487b5b3ac57679a6a4387bc1d5d3a75f9,64,native_NHD_then_page_head_token_dim_permute,82f9e00dd9c169444330b20b411fdeeade867cd0d7fc3bfb55371c5c1a8d00fa,9.1.0,"[4096, 4096, 4096, 4096, 4096, 4096, 4096, 4096, 4096, 4096, 4096, 4096, 4096, 4096, 4096, 4096, 4096, 4096, 4096, 4096, 4096, 4096, 4096, 4096, 4096, 4096, 4096, 4096, 4096, 4096, 4096, 4096, 4096, 4096, 4096, 4096, 4096, 4096, 4096, 4096, 4096, 4096, 4096, 4096, 4096, 4096, 4096, 4096, 4096, 4096, 4096, 4096, 4096, 4096, 4096, 4096]","[2, 2, 2, 2, 2, 2, 2, 2, 2, 2, 2, 2, 2, 2, 2, 2, 2, 2, 2, 2, 2, 2, 2, 2, 2, 2, 2, 2, 2, 2, 2, 2, 2, 2, 2, 2, 2, 2, 2, 2, 2, 2, 2, 2, 2, 2, 2, 2, 2, 2, 2, 2, 2, 2, 2, 2]",0,full_verify_d2_m112_kv4096_uniform_compact_tp4,True,npu:5,5,Ascend950PR_957b,2,bfloat16,False,256,paged_prefill_page_aggregation_kernel,4096,uniform,112,2,4096,28,1,6,56,64,msprof/baseline/paged_prefill_page_aggregation_kernel.log.gz,baseline,3.11.10,112,56,msprof_primary_kernel,"[4096, 4096, 4096, 4096, 4096, 4096, 4096, 4096, 4096, 4096, 4096, 4096, 4096, 4096, 4096, 4096, 4096, 4096, 4096, 4096, 4096, 4096, 4096, 4096, 4096, 4096, 4096, 4096, 4096, 4096, 4096, 4096, 4096, 4096, 4096, 4096, 4096, 4096, 4096, 4096, 4096, 4096, 4096, 4096, 4096, 4096, 4096, 4096, 4096, 4096, 4096, 4096, 4096, 4096, 4096, 4096]","[2, 2, 2, 2, 2, 2, 2, 2, 2, 2, 2, 2, 2, 2, 2, 2, 2, 2, 2, 2, 2, 2, 2, 2, 2, 2, 2, 2, 2, 2, 2, 2, 2, 2, 2, 2, 2, 2, 2, 2, 2, 2, 2, 2, 2, 2, 2, 2, 2, 2, 2, 2, 2, 2, 2, 2]",3,56,1,20260829,15bb98ecb29785db4a18130c0499eaf71f0aafc22901a4355e2ce6d8b98cd312,float32,7597,0.09119556747428784,MEASURED,,compact,1117.954102,1117.7816976666666,1117.53894,1117.852051,msprof_op_task_duration_acceptance,verify_d2,2.10.0.post4.dev20260715,2.10.0+cpu,4,3.2.0,6b5219f487b5b3ac57679a6a4387bc1d5d3a75f9
full,c47f9bdcfb879eb73723521240a48a9bae99349d094a1fb82563535aabde82ec,6b5219f487b5b3ac57679a6a4387bc1d5d3a75f9,64,native_NHD_then_page_head_token_dim_permute,82f9e00dd9c169444330b20b411fdeeade867cd0d7fc3bfb55371c5c1a8d00fa,9.1.0,"[4096, 4096, 4096, 4096, 4096, 4096, 4096, 4096, 4096, 4096, 4096, 4096, 4096, 4096, 4096, 4096, 4096, 4096, 4096, 4096, 4096, 4096, 4096, 4096, 4096, 4096, 4096, 4096, 4096, 4096, 4096, 4096, 4096, 4096, 4096, 4096, 4096, 4096, 4096, 4096, 4096, 4096, 4096, 4096, 4096, 4096, 4096, 4096, 4096, 4096, 4096, 4096, 4096, 4096, 4096, 4096]","[3, 3, 3, 3, 3, 3, 3, 3, 3, 3, 3, 3, 3, 3, 3, 3, 3, 3, 3, 3, 3, 3, 3, 3, 3, 3, 3, 3, 3, 3, 3, 3, 3, 3, 3, 3, 3, 3, 3, 3, 3, 3, 3, 3, 3, 3, 3, 3, 3, 3, 3, 3, 3, 3, 3, 3]",0,full_verify_d3_m168_kv4096_uniform_compact_tp4,True,npu:5,5,Ascend950PR_957b,3,bfloat16,False,256,paged_prefill_page_aggregation_kernel,4096,uniform,168,3,4096,28,1,6,56,64,msprof/baseline/paged_prefill_page_aggregation_kernel.log.gz,baseline,3.11.10,168,56,msprof_primary_kernel,"[4096, 4096, 4096, 4096, 4096, 4096, 4096, 4096, 4096, 4096, 4096, 4096, 4096, 4096, 4096, 4096, 4096, 4096, 4096, 4096, 4096, 4096, 4096, 4096, 4096, 4096, 4096, 4096, 4096, 4096, 4096, 4096, 4096, 4096, 4096, 4096, 4096, 4096, 4096, 4096, 4096, 4096, 4096, 4096, 4096, 4096, 4096, 4096, 4096, 4096, 4096, 4096, 4096, 4096, 4096, 4096]","[3, 3, 3, 3, 3, 3, 3, 3, 3, 3, 3, 3, 3, 3, 3, 3, 3, 3, 3, 3, 3, 3, 3, 3, 3, 3, 3, 3, 3, 3, 3, 3, 3, 3, 3, 3, 3, 3, 3, 3, 3, 3, 3, 3, 3, 3, 3, 3, 3, 3, 3, 3, 3, 3, 3, 3]",3,56,1,20260829,15bb98ecb29785db4a18130c0499eaf71f0aafc22901a4355e2ce6d8b98cd312,float32,7597,0.09119556747428784,MEASURED,,compact,1118.264038,1117.7563883333332,1117.430054,1117.575073,msprof_op_task_duration_acceptance,verify_d3,2.10.0.post4.dev20260715,2.10.0+cpu,4,3.2.0,6b5219f487b5b3ac57679a6a4387bc1d5d3a75f9
full,c47f9bdcfb879eb73723521240a48a9bae99349d094a1fb82563535aabde82ec,6b5219f487b5b3ac57679a6a4387bc1d5d3a75f9,64,native_NHD_then_page_head_token_dim_permute,82f9e00dd9c169444330b20b411fdeeade867cd0d7fc3bfb55371c5c1a8d00fa,9.1.0,[4096],[1024],0,full_dense_m1024_kv4096_uniform_compact_tp4,True,npu:5,5,Ascend950PR_957b,,bfloat16,False,256,paged_prefill_page_aggregation_kernel,4096,uniform,1024,1024,4096,28,1,6,56,64,msprof/baseline/paged_prefill_page_aggregation_kernel.log.gz,baseline,3.11.10,1024,1,msprof_primary_kernel,[4096],[1024],3,1,1,20260829,15bb98ecb29785db4a18130c0499eaf71f0aafc22901a4355e2ce6d8b98cd312,float32,7597,0.09119556747428784,MEASURED,,compact,169.880005,169.546997,169.220001,169.540985,msprof_op_task_duration_acceptance,dense,2.10.0.post4.dev20260715,2.10.0+cpu,4,3.2.0,6b5219f487b5b3ac57679a6a4387bc1d5d3a75f9
full,c47f9bdcfb879eb73723521240a48a9bae99349d094a1fb82563535aabde82ec,6b5219f487b5b3ac57679a6a4387bc1d5d3a75f9,264,native_NHD_then_page_head_token_dim_permute,82f9e00dd9c169444330b20b411fdeeade867cd0d7fc3bfb55371c5c1a8d00fa,9.1.0,[16879],[1024],0,full_dense_m1024_kv16896_ragged_compact_tp4,True,npu:5,5,Ascend950PR_957b,,bfloat16,False,256,paged_prefill_page_aggregation_kernel,16896,ragged,1024,1024,16879,28,1,6,56,64,msprof/baseline/paged_prefill_page_aggregation_kernel.log.gz,baseline,3.11.10,1024,1,msprof_primary_kernel,[16879],[1024],3,1,1,20260829,15bb98ecb29785db4a18130c0499eaf71f0aafc22901a4355e2ce6d8b98cd312,float32,7597,0.09119556747428784,MEASURED,,compact,738.330994,738.1989953333333,737.974976,738.291016,msprof_op_task_duration_acceptance,dense,2.10.0.post4.dev20260715,2.10.0+cpu,4,3.2.0,6b5219f487b5b3ac57679a6a4387bc1d5d3a75f9
full,c47f9bdcfb879eb73723521240a48a9bae99349d094a1fb82563535aabde82ec,6b5219f487b5b3ac57679a6a4387bc1d5d3a75f9,64,native_NHD_then_page_head_token_dim_permute,82f9e00dd9c169444330b20b411fdeeade867cd0d7fc3bfb55371c5c1a8d00fa,9.1.0,"[4079, 4042, 4005, 3968, 3931, 3894, 3857, 4077, 4040, 4003, 3966, 3929, 3892, 3855, 4075, 4038]","[16, 17, 16, 16, 16, 16, 16, 16, 16, 16, 16, 16, 16, 16, 16, 16]",0,full_ragged_prefill_b16_m257_kv4096_ragged_compact_tp4,True,npu:5,5,Ascend950PR_957b,,bfloat16,False,256,paged_prefill_page_aggregation_kernel,4096,ragged,257,17,3855,28,1,6,56,64,msprof/baseline/paged_prefill_page_aggregation_kernel.log.gz,baseline,3.11.10,257,16,msprof_primary_kernel,"[4079, 4042, 4005, 3968, 3931, 3894, 3857, 4077, 4040, 4003, 3966, 3929, 3892, 3855, 4075, 4038]","[16, 17, 16, 16, 16, 16, 16, 16, 16, 16, 16, 16, 16, 16, 16, 16]",3,16,1,20260829,15bb98ecb29785db4a18130c0499eaf71f0aafc22901a4355e2ce6d8b98cd312,float32,7597,0.09119556747428784,MEASURED,,compact,365.870026,365.3806763333334,364.897003,365.375,msprof_op_task_duration_acceptance,ragged_prefill,2.10.0.post4.dev20260715,2.10.0+cpu,4,3.2.0,6b5219f487b5b3ac57679a6a4387bc1d5d3a75f9
full,c47f9bdcfb879eb73723521240a48a9bae99349d094a1fb82563535aabde82ec,6b5219f487b5b3ac57679a6a4387bc1d5d3a75f9,176,native_NHD_then_page_head_token_dim_permute,82f9e00dd9c169444330b20b411fdeeade867cd0d7fc3bfb55371c5c1a8d00fa,9.1.0,"[11247, 11210, 11173, 11136, 11099, 11062, 11025, 11245, 11208, 11171, 11134, 11097, 11060, 11023, 11243, 11206, 11169, 11132, 11095, 11058, 11021, 11241, 11204, 11167, 11130, 11093, 11056, 11019, 11239, 11202, 11165, 11128, 11091, 11054, 11017, 11237, 11200, 11163, 11126, 11089, 11052, 11015, 11235, 11198, 11161, 11124, 11087, 11050, 11013, 11233, 11196, 11159, 11122, 11085, 11048, 11011]","[2, 2, 2, 2, 2, 2, 2, 2, 2, 2, 2, 2, 2, 2, 2, 2, 2, 2, 2, 2, 2, 2, 2, 2, 2, 2, 2, 2, 2, 2, 2, 2, 2, 2, 2, 2, 2, 2, 2, 2, 2, 2, 2, 2, 2, 2, 2, 2, 2, 2, 2, 2, 2, 2, 2, 2]",0,full_verify_d2_m112_kv11264_ragged_compact_tp4,True,npu:5,5,Ascend950PR_957b,2,bfloat16,False,256,paged_prefill_page_aggregation_kernel,11264,ragged,112,2,11011,28,1,6,56,64,msprof/baseline/paged_prefill_page_aggregation_kernel.log.gz,baseline,3.11.10,112,56,msprof_primary_kernel,"[11247, 11210, 11173, 11136, 11099, 11062, 11025, 11245, 11208, 11171, 11134, 11097, 11060, 11023, 11243, 11206, 11169, 11132, 11095, 11058, 11021, 11241, 11204, 11167, 11130, 11093, 11056, 11019, 11239, 11202, 11165, 11128, 11091, 11054, 11017, 11237, 11200, 11163, 11126, 11089, 11052, 11015, 11235, 11198, 11161, 11124, 11087, 11050, 11013, 11233, 11196, 11159, 11122, 11085, 11048, 11011]","[2, 2, 2, 2, 2, 2, 2, 2, 2, 2, 2, 2, 2, 2, 2, 2, 2, 2, 2, 2, 2, 2, 2, 2, 2, 2, 2, 2, 2, 2, 2, 2, 2, 2, 2, 2, 2, 2, 2, 2, 2, 2, 2, 2, 2, 2, 2, 2, 2, 2, 2, 2, 2, 2, 2, 2]",3,56,1,20260829,15bb98ecb29785db4a18130c0499eaf71f0aafc22901a4355e2ce6d8b98cd312,float32,7597,0.09119556747428784,MEASURED,,compact,3004.797852,3004.5973310000004,3004.451172,3004.542969,msprof_op_task_duration_acceptance,verify_d2,2.10.0.post4.dev20260715,2.10.0+cpu,4,3.2.0,6b5219f487b5b3ac57679a6a4387bc1d5d3a75f9
full,c47f9bdcfb879eb73723521240a48a9bae99349d094a1fb82563535aabde82ec,6b5219f487b5b3ac57679a6a4387bc1d5d3a75f9,264,native_NHD_then_page_head_token_dim_permute,82f9e00dd9c169444330b20b411fdeeade867cd0d7fc3bfb55371c5c1a8d00fa,9.1.0,"[16879, 16842, 16805, 16768, 16731, 16694, 16657, 16877, 16840, 16803, 16766, 16729, 16692, 16655, 16875, 16838, 16801, 16764, 16727, 16690, 16653, 16873, 16836, 16799, 16762, 16725, 16688, 16651, 16871, 16834, 16797, 16760, 16723, 16686, 16649, 16869, 16832, 16795, 16758, 16721, 16684, 16647, 16867, 16830, 16793, 16756, 16719, 16682, 16645, 16865, 16828, 16791, 16754, 16717, 16680, 16643]","[2, 2, 2, 2, 2, 2, 2, 2, 2, 2, 2, 2, 2, 2, 2, 2, 2, 2, 2, 2, 2, 2, 2, 2, 2, 2, 2, 2, 2, 2, 2, 2, 2, 2, 2, 2, 2, 2, 2, 2, 2, 2, 2, 2, 2, 2, 2, 2, 2, 2, 2, 2, 2, 2, 2, 2]",0,full_verify_d2_m112_kv16896_ragged_compact_tp4,True,npu:5,5,Ascend950PR_957b,2,bfloat16,False,256,paged_prefill_page_aggregation_kernel,16896,ragged,112,2,16643,28,1,6,56,64,msprof/baseline/paged_prefill_page_aggregation_kernel.log.gz,baseline,3.11.10,112,56,msprof_primary_kernel,"[16879, 16842, 16805, 16768, 16731, 16694, 16657, 16877, 16840, 16803, 16766, 16729, 16692, 16655, 16875, 16838, 16801, 16764, 16727, 16690, 16653, 16873, 16836, 16799, 16762, 16725, 16688, 16651, 16871, 16834, 16797, 16760, 16723, 16686, 16649, 16869, 16832, 16795, 16758, 16721, 16684, 16647, 16867, 16830, 16793, 16756, 16719, 16682, 16645, 16865, 16828, 16791, 16754, 16717, 16680, 16643]","[2, 2, 2, 2, 2, 2, 2, 2, 2, 2, 2, 2, 2, 2, 2, 2, 2, 2, 2, 2, 2, 2, 2, 2, 2, 2, 2, 2, 2, 2, 2, 2, 2, 2, 2, 2, 2, 2, 2, 2, 2, 2, 2, 2, 2, 2, 2, 2, 2, 2, 2, 2, 2, 2, 2, 2]",3,56,1,20260829,15bb98ecb29785db4a18130c0499eaf71f0aafc22901a4355e2ce6d8b98cd312,float32,7597,0.09119556747428784,MEASURED,,compact,4508.01709,4507.677409,4507.144043,4507.871094,msprof_op_task_duration_acceptance,verify_d2,2.10.0.post4.dev20260715,2.10.0+cpu,4,3.2.0,6b5219f487b5b3ac57679a6a4387bc1d5d3a75f9
full,c47f9bdcfb879eb73723521240a48a9bae99349d094a1fb82563535aabde82ec,6b5219f487b5b3ac57679a6a4387bc1d5d3a75f9,416,native_NHD_then_page_head_token_dim_permute,82f9e00dd9c169444330b20b411fdeeade867cd0d7fc3bfb55371c5c1a8d00fa,9.1.0,"[26607, 26570, 26533, 26496, 26459, 26422, 26385, 26605, 26568, 26531, 26494, 26457, 26420, 26383, 26603, 26566, 26529, 26492, 26455, 26418, 26381, 26601, 26564, 26527, 26490, 26453, 26416, 26379, 26599, 26562, 26525, 26488, 26451, 26414, 26377, 26597, 26560, 26523, 26486, 26449, 26412, 26375, 26595, 26558, 26521, 26484, 26447, 26410, 26373, 26593, 26556, 26519, 26482, 26445, 26408, 26371]","[2, 2, 2, 2, 2, 2, 2, 2, 2, 2, 2, 2, 2, 2, 2, 2, 2, 2, 2, 2, 2, 2, 2, 2, 2, 2, 2, 2, 2, 2, 2, 2, 2, 2, 2, 2, 2, 2, 2, 2, 2, 2, 2, 2, 2, 2, 2, 2, 2, 2, 2, 2, 2, 2, 2, 2]",0,full_verify_d2_m112_kv26624_ragged_compact_tp4,True,npu:5,5,Ascend950PR_957b,2,bfloat16,False,256,paged_prefill_page_aggregation_kernel,26624,ragged,112,2,26371,28,1,6,56,64,msprof/baseline/paged_prefill_page_aggregation_kernel.log.gz,baseline,3.11.10,112,56,msprof_primary_kernel,"[26607, 26570, 26533, 26496, 26459, 26422, 26385, 26605, 26568, 26531, 26494, 26457, 26420, 26383, 26603, 26566, 26529, 26492, 26455, 26418, 26381, 26601, 26564, 26527, 26490, 26453, 26416, 26379, 26599, 26562, 26525, 26488, 26451, 26414, 26377, 26597, 26560, 26523, 26486, 26449, 26412, 26375, 26595, 26558, 26521, 26484, 26447, 26410, 26373, 26593, 26556, 26519, 26482, 26445, 26408, 26371]","[2, 2, 2, 2, 2, 2, 2, 2, 2, 2, 2, 2, 2, 2, 2, 2, 2, 2, 2, 2, 2, 2, 2, 2, 2, 2, 2, 2, 2, 2, 2, 2, 2, 2, 2, 2, 2, 2, 2, 2, 2, 2, 2, 2, 2, 2, 2, 2, 2, 2, 2, 2, 2, 2, 2, 2]",3,56,1,20260829,15bb98ecb29785db4a18130c0499eaf71f0aafc22901a4355e2ce6d8b98cd312,float32,7597,0.09119556747428784,MEASURED,,compact,7105.706055,7105.643392333334,7105.544434,7105.679688,msprof_op_task_duration_acceptance,verify_d2,2.10.0.post4.dev20260715,2.10.0+cpu,4,3.2.0,6b5219f487b5b3ac57679a6a4387bc1d5d3a75f9
full,c47f9bdcfb879eb73723521240a48a9bae99349d094a1fb82563535aabde82ec,6b5219f487b5b3ac57679a6a4387bc1d5d3a75f9,176,native_NHD_then_page_head_token_dim_permute,82f9e00dd9c169444330b20b411fdeeade867cd0d7fc3bfb55371c5c1a8d00fa,9.1.0,"[11247, 11210, 11173, 11136, 11099, 11062, 11025, 11245, 11208, 11171, 11134, 11097, 11060, 11023, 11243, 11206, 11169, 11132, 11095, 11058, 11021, 11241, 11204, 11167, 11130, 11093, 11056, 11019, 11239, 11202, 11165, 11128, 11091, 11054, 11017, 11237, 11200, 11163, 11126, 11089, 11052, 11015, 11235, 11198, 11161, 11124, 11087, 11050]","[2, 2, 2, 2, 2, 2, 2, 2, 2, 2, 2, 2, 2, 2, 2, 2, 2, 2, 2, 2, 2, 2, 2, 2, 2, 2, 2, 2, 2, 2, 2, 2, 2, 2, 2, 2, 2, 2, 2, 2, 2, 2, 2, 2, 2, 2, 2, 2]",0,full_verify_d2_m96_kv11264_ragged_compact_tp4,True,npu:5,5,Ascend950PR_957b,2,bfloat16,False,256,paged_prefill_page_aggregation_kernel,11264,ragged,96,2,11015,28,1,6,56,64,msprof/baseline/paged_prefill_page_aggregation_kernel.log.gz,baseline,3.11.10,96,48,msprof_primary_kernel,"[11247, 11210, 11173, 11136, 11099, 11062, 11025, 11245, 11208, 11171, 11134, 11097, 11060, 11023, 11243, 11206, 11169, 11132, 11095, 11058, 11021, 11241, 11204, 11167, 11130, 11093, 11056, 11019, 11239, 11202, 11165, 11128, 11091, 11054, 11017, 11237, 11200, 11163, 11126, 11089, 11052, 11015, 11235, 11198, 11161, 11124, 11087, 11050]","[2, 2, 2, 2, 2, 2, 2, 2, 2, 2, 2, 2, 2, 2, 2, 2, 2, 2, 2, 2, 2, 2, 2, 2, 2, 2, 2, 2, 2, 2, 2, 2, 2, 2, 2, 2, 2, 2, 2, 2, 2, 2, 2, 2, 2, 2, 2, 2]",3,48,1,20260829,15bb98ecb29785db4a18130c0499eaf71f0aafc22901a4355e2ce6d8b98cd312,float32,7597,0.09119556747428784,MEASURED,,compact,2751.819092,2751.5354003333337,2751.3479,2751.439209,msprof_op_task_duration_acceptance,verify_d2,2.10.0.post4.dev20260715,2.10.0+cpu,4,3.2.0,6b5219f487b5b3ac57679a6a4387bc1d5d3a75f9
full,c47f9bdcfb879eb73723521240a48a9bae99349d094a1fb82563535aabde82ec,6b5219f487b5b3ac57679a6a4387bc1d5d3a75f9,264,native_NHD_then_page_head_token_dim_permute,82f9e00dd9c169444330b20b411fdeeade867cd0d7fc3bfb55371c5c1a8d00fa,9.1.0,"[16879, 16842, 16805, 16768, 16731, 16694, 16657, 16877, 16840, 16803, 16766, 16729, 16692, 16655, 16875, 16838, 16801, 16764, 16727, 16690, 16653, 16873, 16836, 16799, 16762, 16725, 16688, 16651, 16871, 16834, 16797, 16760, 16723, 16686, 16649, 16869, 16832, 16795, 16758, 16721, 16684, 16647, 16867, 16830, 16793, 16756, 16719, 16682]","[2, 2, 2, 2, 2, 2, 2, 2, 2, 2, 2, 2, 2, 2, 2, 2, 2, 2, 2, 2, 2, 2, 2, 2, 2, 2, 2, 2, 2, 2, 2, 2, 2, 2, 2, 2, 2, 2, 2, 2, 2, 2, 2, 2, 2, 2, 2, 2]",0,full_verify_d2_m96_kv16896_ragged_compact_tp4,True,npu:5,5,Ascend950PR_957b,2,bfloat16,False,256,paged_prefill_page_aggregation_kernel,16896,ragged,96,2,16647,28,1,6,56,64,msprof/baseline/paged_prefill_page_aggregation_kernel.log.gz,baseline,3.11.10,96,48,msprof_primary_kernel,"[16879, 16842, 16805, 16768, 16731, 16694, 16657, 16877, 16840, 16803, 16766, 16729, 16692, 16655, 16875, 16838, 16801, 16764, 16727, 16690, 16653, 16873, 16836, 16799, 16762, 16725, 16688, 16651, 16871, 16834, 16797, 16760, 16723, 16686, 16649, 16869, 16832, 16795, 16758, 16721, 16684, 16647, 16867, 16830, 16793, 16756, 16719, 16682]","[2, 2, 2, 2, 2, 2, 2, 2, 2, 2, 2, 2, 2, 2, 2, 2, 2, 2, 2, 2, 2, 2, 2, 2, 2, 2, 2, 2, 2, 2, 2, 2, 2, 2, 2, 2, 2, 2, 2, 2, 2, 2, 2, 2, 2, 2, 2, 2]",3,48,1,20260829,15bb98ecb29785db4a18130c0499eaf71f0aafc22901a4355e2ce6d8b98cd312,float32,7597,0.09119556747428784,MEASURED,,compact,4131.286133,4130.554036333333,4130.018066,4130.35791,msprof_op_task_duration_acceptance,verify_d2,2.10.0.post4.dev20260715,2.10.0+cpu,4,3.2.0,6b5219f487b5b3ac57679a6a4387bc1d5d3a75f9
full,c47f9bdcfb879eb73723521240a48a9bae99349d094a1fb82563535aabde82ec,6b5219f487b5b3ac57679a6a4387bc1d5d3a75f9,416,native_NHD_then_page_head_token_dim_permute,82f9e00dd9c169444330b20b411fdeeade867cd0d7fc3bfb55371c5c1a8d00fa,9.1.0,"[26607, 26570, 26533, 26496, 26459, 26422, 26385, 26605, 26568, 26531, 26494, 26457, 26420, 26383, 26603, 26566, 26529, 26492, 26455, 26418, 26381, 26601, 26564, 26527, 26490, 26453, 26416, 26379, 26599, 26562, 26525, 26488, 26451, 26414, 26377, 26597, 26560, 26523, 26486, 26449, 26412, 26375, 26595, 26558, 26521, 26484, 26447, 26410]","[2, 2, 2, 2, 2, 2, 2, 2, 2, 2, 2, 2, 2, 2, 2, 2, 2, 2, 2, 2, 2, 2, 2, 2, 2, 2, 2, 2, 2, 2, 2, 2, 2, 2, 2, 2, 2, 2, 2, 2, 2, 2, 2, 2, 2, 2, 2, 2]",0,full_verify_d2_m96_kv26624_ragged_compact_tp4,True,npu:5,5,Ascend950PR_957b,2,bfloat16,False,256,paged_prefill_page_aggregation_kernel,26624,ragged,96,2,26375,28,1,6,56,64,msprof/baseline/paged_prefill_page_aggregation_kernel.log.gz,baseline,3.11.10,96,48,msprof_primary_kernel,"[26607, 26570, 26533, 26496, 26459, 26422, 26385, 26605, 26568, 26531, 26494, 26457, 26420, 26383, 26603, 26566, 26529, 26492, 26455, 26418, 26381, 26601, 26564, 26527, 26490, 26453, 26416, 26379, 26599, 26562, 26525, 26488, 26451, 26414, 26377, 26597, 26560, 26523, 26486, 26449, 26412, 26375, 26595, 26558, 26521, 26484, 26447, 26410]","[2, 2, 2, 2, 2, 2, 2, 2, 2, 2, 2, 2, 2, 2, 2, 2, 2, 2, 2, 2, 2, 2, 2, 2, 2, 2, 2, 2, 2, 2, 2, 2, 2, 2, 2, 2, 2, 2, 2, 2, 2, 2, 2, 2, 2, 2, 2, 2]",3,48,1,20260829,15bb98ecb29785db4a18130c0499eaf71f0aafc22901a4355e2ce6d8b98cd312,float32,7597,0.09119556747428784,MEASURED,,compact,6512.297852,6511.232910333333,6509.793945,6511.606934,msprof_op_task_duration_acceptance,verify_d2,2.10.0.post4.dev20260715,2.10.0+cpu,4,3.2.0,6b5219f487b5b3ac57679a6a4387bc1d5d3a75f9
full,c47f9bdcfb879eb73723521240a48a9bae99349d094a1fb82563535aabde82ec,6b5219f487b5b3ac57679a6a4387bc1d5d3a75f9,64,native_NHD_then_page_head_token_dim_permute,82f9e00dd9c169444330b20b411fdeeade867cd0d7fc3bfb55371c5c1a8d00fa,9.1.0,[4096],[1],0,full_dense_m1_kv4096_uniform_compact_tp4,True,npu:5,5,Ascend950PR_957b,,bfloat16,False,256,paged_prefill_page_aggregation_kernel,4096,uniform,1,1,4096,28,1,6,56,64,msprof/baseline/paged_prefill_page_aggregation_kernel.log.gz,baseline,3.11.10,1,1,msprof_primary_kernel,[4096],[1],3,1,1,20260829,15bb98ecb29785db4a18130c0499eaf71f0aafc22901a4355e2ce6d8b98cd312,float32,7597,0.09119556747428784,MEASURED,,compact,97.709999,97.11533333333334,96.748001,96.888,msprof_op_task_duration_acceptance,dense,2.10.0.post4.dev20260715,2.10.0+cpu,4,3.2.0,6b5219f487b5b3ac57679a6a4387bc1d5d3a75f9
full,c47f9bdcfb879eb73723521240a48a9bae99349d094a1fb82563535aabde82ec,6b5219f487b5b3ac57679a6a4387bc1d5d3a75f9,64,native_NHD_then_page_head_token_dim_permute,82f9e00dd9c169444330b20b411fdeeade867cd0d7fc3bfb55371c5c1a8d00fa,9.1.0,[4096],[2],0,full_dense_m2_kv4096_uniform_compact_tp4,True,npu:5,5,Ascend950PR_957b,,bfloat16,False,256,paged_prefill_page_aggregation_kernel,4096,uniform,2,2,4096,28,1,6,56,64,msprof/baseline/paged_prefill_page_aggregation_kernel.log.gz,baseline,3.11.10,2,1,msprof_primary_kernel,[4096],[2],3,1,1,20260829,15bb98ecb29785db4a18130c0499eaf71f0aafc22901a4355e2ce6d8b98cd312,float32,7597,0.09119556747428784,MEASURED,,compact,97.372002,96.91533433333332,96.441002,96.932999,msprof_op_task_duration_acceptance,dense,2.10.0.post4.dev20260715,2.10.0+cpu,4,3.2.0,6b5219f487b5b3ac57679a6a4387bc1d5d3a75f9
full,c47f9bdcfb879eb73723521240a48a9bae99349d094a1fb82563535aabde82ec,6b5219f487b5b3ac57679a6a4387bc1d5d3a75f9,64,native_NHD_then_page_head_token_dim_permute,82f9e00dd9c169444330b20b411fdeeade867cd0d7fc3bfb55371c5c1a8d00fa,9.1.0,[4096],[3],0,full_dense_m3_kv4096_uniform_compact_tp4,True,npu:5,5,Ascend950PR_957b,,bfloat16,False,256,paged_prefill_page_aggregation_kernel,4096,uniform,3,3,4096,28,1,6,56,64,msprof/baseline/paged_prefill_page_aggregation_kernel.log.gz,baseline,3.11.10,3,1,msprof_primary_kernel,[4096],[3],3,1,1,20260829,15bb98ecb29785db4a18130c0499eaf71f0aafc22901a4355e2ce6d8b98cd312,float32,7597,0.09119556747428784,MEASURED,,compact,97.623001,97.195666,96.835999,97.127998,msprof_op_task_duration_acceptance,dense,2.10.0.post4.dev20260715,2.10.0+cpu,4,3.2.0,6b5219f487b5b3ac57679a6a4387bc1d5d3a75f9
full,c47f9bdcfb879eb73723521240a48a9bae99349d094a1fb82563535aabde82ec,6b5219f487b5b3ac57679a6a4387bc1d5d3a75f9,64,native_NHD_then_page_head_token_dim_permute,82f9e00dd9c169444330b20b411fdeeade867cd0d7fc3bfb55371c5c1a8d00fa,9.1.0,[4096],[4],0,full_dense_m4_kv4096_uniform_compact_tp4,True,npu:5,5,Ascend950PR_957b,,bfloat16,False,256,paged_prefill_page_aggregation_kernel,4096,uniform,4,4,4096,28,1,6,56,64,msprof/baseline/paged_prefill_page_aggregation_kernel.log.gz,baseline,3.11.10,4,1,msprof_primary_kernel,[4096],[4],3,1,1,20260829,15bb98ecb29785db4a18130c0499eaf71f0aafc22901a4355e2ce6d8b98cd312,float32,7597,0.09119556747428784,MEASURED,,compact,97.099998,96.79033133333333,96.572998,96.697998,msprof_op_task_duration_acceptance,dense,2.10.0.post4.dev20260715,2.10.0+cpu,4,3.2.0,6b5219f487b5b3ac57679a6a4387bc1d5d3a75f9
full,c47f9bdcfb879eb73723521240a48a9bae99349d094a1fb82563535aabde82ec,6b5219f487b5b3ac57679a6a4387bc1d5d3a75f9,64,native_NHD_then_page_head_token_dim_permute,82f9e00dd9c169444330b20b411fdeeade867cd0d7fc3bfb55371c5c1a8d00fa,9.1.0,[4096],[5],0,full_dense_m5_kv4096_uniform_compact_tp4,True,npu:5,5,Ascend950PR_957b,,bfloat16,False,256,paged_prefill_page_aggregation_kernel,4096,uniform,5,5,4096,28,1,6,56,64,msprof/baseline/paged_prefill_page_aggregation_kernel.log.gz,baseline,3.11.10,5,1,msprof_primary_kernel,[4096],[5],3,1,1,20260829,15bb98ecb29785db4a18130c0499eaf71f0aafc22901a4355e2ce6d8b98cd312,float32,7597,0.09119556747428784,MEASURED,,compact,97.418999,97.17899866666666,96.906998,97.210999,msprof_op_task_duration_acceptance,dense,2.10.0.post4.dev20260715,2.10.0+cpu,4,3.2.0,6b5219f487b5b3ac57679a6a4387bc1d5d3a75f9
full,c47f9bdcfb879eb73723521240a48a9bae99349d094a1fb82563535aabde82ec,6b5219f487b5b3ac57679a6a4387bc1d5d3a75f9,64,native_NHD_then_page_head_token_dim_permute,82f9e00dd9c169444330b20b411fdeeade867cd0d7fc3bfb55371c5c1a8d00fa,9.1.0,[4096],[7],0,full_dense_m7_kv4096_uniform_compact_tp4,True,npu:5,5,Ascend950PR_957b,,bfloat16,False,256,paged_prefill_page_aggregation_kernel,4096,uniform,7,7,4096,28,1,6,56,64,msprof/baseline/paged_prefill_page_aggregation_kernel.log.gz,baseline,3.11.10,7,1,msprof_primary_kernel,[4096],[7],3,1,1,20260829,15bb98ecb29785db4a18130c0499eaf71f0aafc22901a4355e2ce6d8b98cd312,float32,7597,0.09119556747428784,MEASURED,,compact,98.0,97.41100033333333,96.829002,97.403999,msprof_op_task_duration_acceptance,dense,2.10.0.post4.dev20260715,2.10.0+cpu,4,3.2.0,6b5219f487b5b3ac57679a6a4387bc1d5d3a75f9
full,c47f9bdcfb879eb73723521240a48a9bae99349d094a1fb82563535aabde82ec,6b5219f487b5b3ac57679a6a4387bc1d5d3a75f9,64,native_NHD_then_page_head_token_dim_permute,82f9e00dd9c169444330b20b411fdeeade867cd0d7fc3bfb55371c5c1a8d00fa,9.1.0,[4096],[8],0,full_dense_m8_kv4096_uniform_compact_tp4,True,npu:5,5,Ascend950PR_957b,,bfloat16,False,256,paged_prefill_page_aggregation_kernel,4096,uniform,8,8,4096,28,1,6,56,64,msprof/baseline/paged_prefill_page_aggregation_kernel.log.gz,baseline,3.11.10,8,1,msprof_primary_kernel,[4096],[8],3,1,1,20260829,15bb98ecb29785db4a18130c0499eaf71f0aafc22901a4355e2ce6d8b98cd312,float32,7597,0.09119556747428784,MEASURED,,compact,97.962997,97.29033399999999,96.675003,97.233002,msprof_op_task_duration_acceptance,dense,2.10.0.post4.dev20260715,2.10.0+cpu,4,3.2.0,6b5219f487b5b3ac57679a6a4387bc1d5d3a75f9
full,c47f9bdcfb879eb73723521240a48a9bae99349d094a1fb82563535aabde82ec,6b5219f487b5b3ac57679a6a4387bc1d5d3a75f9,64,native_NHD_then_page_head_token_dim_permute,82f9e00dd9c169444330b20b411fdeeade867cd0d7fc3bfb55371c5c1a8d00fa,9.1.0,[4096],[15],0,full_dense_m15_kv4096_uniform_compact_tp4,True,npu:5,5,Ascend950PR_957b,,bfloat16,False,256,paged_prefill_page_aggregation_kernel,4096,uniform,15,15,4096,28,1,6,56,64,msprof/baseline/paged_prefill_page_aggregation_kernel.log.gz,baseline,3.11.10,15,1,msprof_primary_kernel,[4096],[15],3,1,1,20260829,15bb98ecb29785db4a18130c0499eaf71f0aafc22901a4355e2ce6d8b98cd312,float32,7597,0.09119556747428784,MEASURED,,compact,97.778999,97.31033033333334,96.700996,97.450996,msprof_op_task_duration_acceptance,dense,2.10.0.post4.dev20260715,2.10.0+cpu,4,3.2.0,6b5219f487b5b3ac57679a6a4387bc1d5d3a75f9
full,c47f9bdcfb879eb73723521240a48a9bae99349d094a1fb82563535aabde82ec,6b5219f487b5b3ac57679a6a4387bc1d5d3a75f9,64,native_NHD_then_page_head_token_dim_permute,82f9e00dd9c169444330b20b411fdeeade867cd0d7fc3bfb55371c5c1a8d00fa,9.1.0,[4096],[16],0,full_dense_m16_kv4096_uniform_compact_tp4,True,npu:5,5,Ascend950PR_957b,,bfloat16,False,256,paged_prefill_page_aggregation_kernel,4096,uniform,16,16,4096,28,1,6,56,64,msprof/baseline/paged_prefill_page_aggregation_kernel.log.gz,baseline,3.11.10,16,1,msprof_primary_kernel,[4096],[16],3,1,1,20260829,15bb98ecb29785db4a18130c0499eaf71f0aafc22901a4355e2ce6d8b98cd312,float32,7597,0.09119556747428784,MEASURED,,compact,97.641998,97.31233466666667,97.107002,97.188004,msprof_op_task_duration_acceptance,dense,2.10.0.post4.dev20260715,2.10.0+cpu,4,3.2.0,6b5219f487b5b3ac57679a6a4387bc1d5d3a75f9
full,c47f9bdcfb879eb73723521240a48a9bae99349d094a1fb82563535aabde82ec,6b5219f487b5b3ac57679a6a4387bc1d5d3a75f9,64,native_NHD_then_page_head_token_dim_permute,82f9e00dd9c169444330b20b411fdeeade867cd0d7fc3bfb55371c5c1a8d00fa,9.1.0,[4096],[17],0,full_dense_m17_kv4096_uniform_compact_tp4,True,npu:5,5,Ascend950PR_957b,,bfloat16,False,256,paged_prefill_page_aggregation_kernel,4096,uniform,17,17,4096,28,1,6,56,64,msprof/baseline/paged_prefill_page_aggregation_kernel.log.gz,baseline,3.11.10,17,1,msprof_primary_kernel,[4096],[17],3,1,1,20260829,15bb98ecb29785db4a18130c0499eaf71f0aafc22901a4355e2ce6d8b98cd312,float32,7597,0.09119556747428784,MEASURED,,compact,97.783997,97.27966566666667,96.901001,97.153999,msprof_op_task_duration_acceptance,dense,2.10.0.post4.dev20260715,2.10.0+cpu,4,3.2.0,6b5219f487b5b3ac57679a6a4387bc1d5d3a75f9
full,c47f9bdcfb879eb73723521240a48a9bae99349d094a1fb82563535aabde82ec,6b5219f487b5b3ac57679a6a4387bc1d5d3a75f9,64,native_NHD_then_page_head_token_dim_permute,82f9e00dd9c169444330b20b411fdeeade867cd0d7fc3bfb55371c5c1a8d00fa,9.1.0,[4096],[23],0,full_dense_m23_kv4096_uniform_compact_tp4,True,npu:5,5,Ascend950PR_957b,,bfloat16,False,256,paged_prefill_page_aggregation_kernel,4096,uniform,23,23,4096,28,1,6,56,64,msprof/baseline/paged_prefill_page_aggregation_kernel.log.gz,baseline,3.11.10,23,1,msprof_primary_kernel,[4096],[23],3,1,1,20260829,15bb98ecb29785db4a18130c0499eaf71f0aafc22901a4355e2ce6d8b98cd312,float32,7597,0.09119556747428784,MEASURED,,compact,98.228996,97.812665,97.402,97.806999,msprof_op_task_duration_acceptance,dense,2.10.0.post4.dev20260715,2.10.0+cpu,4,3.2.0,6b5219f487b5b3ac57679a6a4387bc1d5d3a75f9
full,c47f9bdcfb879eb73723521240a48a9bae99349d094a1fb82563535aabde82ec,6b5219f487b5b3ac57679a6a4387bc1d5d3a75f9,64,native_NHD_then_page_head_token_dim_permute,82f9e00dd9c169444330b20b411fdeeade867cd0d7fc3bfb55371c5c1a8d00fa,9.1.0,[4096],[31],0,full_dense_m31_kv4096_uniform_compact_tp4,True,npu:5,5,Ascend950PR_957b,,bfloat16,False,256,paged_prefill_page_aggregation_kernel,4096,uniform,31,31,4096,28,1,6,56,64,msprof/baseline/paged_prefill_page_aggregation_kernel.log.gz,baseline,3.11.10,31,1,msprof_primary_kernel,[4096],[31],3,1,1,20260829,15bb98ecb29785db4a18130c0499eaf71f0aafc22901a4355e2ce6d8b98cd312,float32,7597,0.09119556747428784,MEASURED,,compact,98.244003,97.583333,97.030998,97.474998,msprof_op_task_duration_acceptance,dense,2.10.0.post4.dev20260715,2.10.0+cpu,4,3.2.0,6b5219f487b5b3ac57679a6a4387bc1d5d3a75f9
full,c47f9bdcfb879eb73723521240a48a9bae99349d094a1fb82563535aabde82ec,6b5219f487b5b3ac57679a6a4387bc1d5d3a75f9,64,native_NHD_then_page_head_token_dim_permute,82f9e00dd9c169444330b20b411fdeeade867cd0d7fc3bfb55371c5c1a8d00fa,9.1.0,[4096],[32],0,full_dense_m32_kv4096_uniform_compact_tp4,True,npu:5,5,Ascend950PR_957b,,bfloat16,False,256,paged_prefill_page_aggregation_kernel,4096,uniform,32,32,4096,28,1,6,56,64,msprof/baseline/paged_prefill_page_aggregation_kernel.log.gz,baseline,3.11.10,32,1,msprof_primary_kernel,[4096],[32],3,1,1,20260829,15bb98ecb29785db4a18130c0499eaf71f0aafc22901a4355e2ce6d8b98cd312,float32,7597,0.09119556747428784,MEASURED,,compact,99.014,98.86099999999999,98.681,98.888,msprof_op_task_duration_acceptance,dense,2.10.0.post4.dev20260715,2.10.0+cpu,4,3.2.0,6b5219f487b5b3ac57679a6a4387bc1d5d3a75f9
full,c47f9bdcfb879eb73723521240a48a9bae99349d094a1fb82563535aabde82ec,6b5219f487b5b3ac57679a6a4387bc1d5d3a75f9,64,native_NHD_then_page_head_token_dim_permute,82f9e00dd9c169444330b20b411fdeeade867cd0d7fc3bfb55371c5c1a8d00fa,9.1.0,[4096],[33],0,full_dense_m33_kv4096_uniform_compact_tp4,True,npu:5,5,Ascend950PR_957b,,bfloat16,False,256,paged_prefill_page_aggregation_kernel,4096,uniform,33,33,4096,28,1,6,56,64,msprof/baseline/paged_prefill_page_aggregation_kernel.log.gz,baseline,3.11.10,33,1,msprof_primary_kernel,[4096],[33],3,1,1,20260829,15bb98ecb29785db4a18130c0499eaf71f0aafc22901a4355e2ce6d8b98cd312,float32,7597,0.09119556747428784,MEASURED,,compact,98.484001,97.80366766666667,97.190002,97.737,msprof_op_task_duration_acceptance,dense,2.10.0.post4.dev20260715,2.10.0+cpu,4,3.2.0,6b5219f487b5b3ac57679a6a4387bc1d5d3a75f9
full,c47f9bdcfb879eb73723521240a48a9bae99349d094a1fb82563535aabde82ec,6b5219f487b5b3ac57679a6a4387bc1d5d3a75f9,64,native_NHD_then_page_head_token_dim_permute,82f9e00dd9c169444330b20b411fdeeade867cd0d7fc3bfb55371c5c1a8d00fa,9.1.0,[4096],[37],0,full_dense_m37_kv4096_uniform_compact_tp4,True,npu:5,5,Ascend950PR_957b,,bfloat16,False,256,paged_prefill_page_aggregation_kernel,4096,uniform,37,37,4096,28,1,6,56,64,msprof/baseline/paged_prefill_page_aggregation_kernel.log.gz,baseline,3.11.10,37,1,msprof_primary_kernel,[4096],[37],3,1,1,20260829,15bb98ecb29785db4a18130c0499eaf71f0aafc22901a4355e2ce6d8b98cd312,float32,7597,0.09119556747428784,MEASURED,,compact,98.403999,97.57566566666667,97.089996,97.233002,msprof_op_task_duration_acceptance,dense,2.10.0.post4.dev20260715,2.10.0+cpu,4,3.2.0,6b5219f487b5b3ac57679a6a4387bc1d5d3a75f9
full,c47f9bdcfb879eb73723521240a48a9bae99349d094a1fb82563535aabde82ec,6b5219f487b5b3ac57679a6a4387bc1d5d3a75f9,64,native_NHD_then_page_head_token_dim_permute,82f9e00dd9c169444330b20b411fdeeade867cd0d7fc3bfb55371c5c1a8d00fa,9.1.0,[4096],[47],0,full_dense_m47_kv4096_uniform_compact_tp4,True,npu:5,5,Ascend950PR_957b,,bfloat16,False,256,paged_prefill_page_aggregation_kernel,4096,uniform,47,47,4096,28,1,6,56,64,msprof/baseline/paged_prefill_page_aggregation_kernel.log.gz,baseline,3.11.10,47,1,msprof_primary_kernel,[4096],[47],3,1,1,20260829,15bb98ecb29785db4a18130c0499eaf71f0aafc22901a4355e2ce6d8b98cd312,float32,7597,0.09119556747428784,MEASURED,,compact,97.862,97.34600066666667,96.772003,97.403999,msprof_op_task_duration_acceptance,dense,2.10.0.post4.dev20260715,2.10.0+cpu,4,3.2.0,6b5219f487b5b3ac57679a6a4387bc1d5d3a75f9
full,c47f9bdcfb879eb73723521240a48a9bae99349d094a1fb82563535aabde82ec,6b5219f487b5b3ac57679a6a4387bc1d5d3a75f9,64,native_NHD_then_page_head_token_dim_permute,82f9e00dd9c169444330b20b411fdeeade867cd0d7fc3bfb55371c5c1a8d00fa,9.1.0,[4096],[48],0,full_dense_m48_kv4096_uniform_compact_tp4,True,npu:5,5,Ascend950PR_957b,,bfloat16,False,256,paged_prefill_page_aggregation_kernel,4096,uniform,48,48,4096,28,1,6,56,64,msprof/baseline/paged_prefill_page_aggregation_kernel.log.gz,baseline,3.11.10,48,1,msprof_primary_kernel,[4096],[48],3,1,1,20260829,15bb98ecb29785db4a18130c0499eaf71f0aafc22901a4355e2ce6d8b98cd312,float32,7597,0.09119556747428784,MEASURED,,compact,98.035004,97.292333,96.893997,96.947998,msprof_op_task_duration_acceptance,dense,2.10.0.post4.dev20260715,2.10.0+cpu,4,3.2.0,6b5219f487b5b3ac57679a6a4387bc1d5d3a75f9
full,c47f9bdcfb879eb73723521240a48a9bae99349d094a1fb82563535aabde82ec,6b5219f487b5b3ac57679a6a4387bc1d5d3a75f9,64,native_NHD_then_page_head_token_dim_permute,82f9e00dd9c169444330b20b411fdeeade867cd0d7fc3bfb55371c5c1a8d00fa,9.1.0,[4096],[49],0,full_dense_m49_kv4096_uniform_compact_tp4,True,npu:5,5,Ascend950PR_957b,,bfloat16,False,256,paged_prefill_page_aggregation_kernel,4096,uniform,49,49,4096,28,1,6,56,64,msprof/baseline/paged_prefill_page_aggregation_kernel.log.gz,baseline,3.11.10,49,1,msprof_primary_kernel,[4096],[49],3,1,1,20260829,15bb98ecb29785db4a18130c0499eaf71f0aafc22901a4355e2ce6d8b98cd312,float32,7597,0.09119556747428784,MEASURED,,compact,97.866997,97.44933333333334,97.038002,97.443001,msprof_op_task_duration_acceptance,dense,2.10.0.post4.dev20260715,2.10.0+cpu,4,3.2.0,6b5219f487b5b3ac57679a6a4387bc1d5d3a75f9
full,c47f9bdcfb879eb73723521240a48a9bae99349d094a1fb82563535aabde82ec,6b5219f487b5b3ac57679a6a4387bc1d5d3a75f9,64,native_NHD_then_page_head_token_dim_permute,82f9e00dd9c169444330b20b411fdeeade867cd0d7fc3bfb55371c5c1a8d00fa,9.1.0,[4096],[63],0,full_dense_m63_kv4096_uniform_compact_tp4,True,npu:5,5,Ascend950PR_957b,,bfloat16,False,256,paged_prefill_page_aggregation_kernel,4096,uniform,63,63,4096,28,1,6,56,64,msprof/baseline/paged_prefill_page_aggregation_kernel.log.gz,baseline,3.11.10,63,1,msprof_primary_kernel,[4096],[63],3,1,1,20260829,15bb98ecb29785db4a18130c0499eaf71f0aafc22901a4355e2ce6d8b98cd312,float32,7597,0.09119556747428784,MEASURED,,compact,98.214996,97.39599833333334,96.944,97.028999,msprof_op_task_duration_acceptance,dense,2.10.0.post4.dev20260715,2.10.0+cpu,4,3.2.0,6b5219f487b5b3ac57679a6a4387bc1d5d3a75f9
full,c47f9bdcfb879eb73723521240a48a9bae99349d094a1fb82563535aabde82ec,6b5219f487b5b3ac57679a6a4387bc1d5d3a75f9,64,native_NHD_then_page_head_token_dim_permute,82f9e00dd9c169444330b20b411fdeeade867cd0d7fc3bfb55371c5c1a8d00fa,9.1.0,[4096],[64],0,full_dense_m64_kv4096_uniform_compact_tp4,True,npu:5,5,Ascend950PR_957b,,bfloat16,False,256,paged_prefill_page_aggregation_kernel,4096,uniform,64,64,4096,28,1,6,56,64,msprof/baseline/paged_prefill_page_aggregation_kernel.log.gz,baseline,3.11.10,64,1,msprof_primary_kernel,[4096],[64],3,1,1,20260829,15bb98ecb29785db4a18130c0499eaf71f0aafc22901a4355e2ce6d8b98cd312,float32,7597,0.09119556747428784,MEASURED,,compact,98.871002,98.27566766666666,97.621002,98.334999,msprof_op_task_duration_acceptance,dense,2.10.0.post4.dev20260715,2.10.0+cpu,4,3.2.0,6b5219f487b5b3ac57679a6a4387bc1d5d3a75f9
full,c47f9bdcfb879eb73723521240a48a9bae99349d094a1fb82563535aabde82ec,6b5219f487b5b3ac57679a6a4387bc1d5d3a75f9,64,native_NHD_then_page_head_token_dim_permute,82f9e00dd9c169444330b20b411fdeeade867cd0d7fc3bfb55371c5c1a8d00fa,9.1.0,[4096],[65],0,full_dense_m65_kv4096_uniform_compact_tp4,True,npu:5,5,Ascend950PR_957b,,bfloat16,False,256,paged_prefill_page_aggregation_kernel,4096,uniform,65,65,4096,28,1,6,56,64,msprof/baseline/paged_prefill_page_aggregation_kernel.log.gz,baseline,3.11.10,65,1,msprof_primary_kernel,[4096],[65],3,1,1,20260829,15bb98ecb29785db4a18130c0499eaf71f0aafc22901a4355e2ce6d8b98cd312,float32,7597,0.09119556747428784,MEASURED,,compact,98.113998,97.66366533333333,97.013,97.863998,msprof_op_task_duration_acceptance,dense,2.10.0.post4.dev20260715,2.10.0+cpu,4,3.2.0,6b5219f487b5b3ac57679a6a4387bc1d5d3a75f9
full,c47f9bdcfb879eb73723521240a48a9bae99349d094a1fb82563535aabde82ec,6b5219f487b5b3ac57679a6a4387bc1d5d3a75f9,64,native_NHD_then_page_head_token_dim_permute,82f9e00dd9c169444330b20b411fdeeade867cd0d7fc3bfb55371c5c1a8d00fa,9.1.0,[4096],[73],0,full_dense_m73_kv4096_uniform_compact_tp4,True,npu:5,5,Ascend950PR_957b,,bfloat16,False,256,paged_prefill_page_aggregation_kernel,4096,uniform,73,73,4096,28,1,6,56,64,msprof/baseline/paged_prefill_page_aggregation_kernel.log.gz,baseline,3.11.10,73,1,msprof_primary_kernel,[4096],[73],3,1,1,20260829,15bb98ecb29785db4a18130c0499eaf71f0aafc22901a4355e2ce6d8b98cd312,float32,7597,0.09119556747428784,MEASURED,,compact,97.592003,97.38100166666668,97.028999,97.522003,msprof_op_task_duration_acceptance,dense,2.10.0.post4.dev20260715,2.10.0+cpu,4,3.2.0,6b5219f487b5b3ac57679a6a4387bc1d5d3a75f9
full,c47f9bdcfb879eb73723521240a48a9bae99349d094a1fb82563535aabde82ec,6b5219f487b5b3ac57679a6a4387bc1d5d3a75f9,64,native_NHD_then_page_head_token_dim_permute,82f9e00dd9c169444330b20b411fdeeade867cd0d7fc3bfb55371c5c1a8d00fa,9.1.0,[4096],[95],0,full_dense_m95_kv4096_uniform_compact_tp4,True,npu:5,5,Ascend950PR_957b,,bfloat16,False,256,paged_prefill_page_aggregation_kernel,4096,uniform,95,95,4096,28,1,6,56,64,msprof/baseline/paged_prefill_page_aggregation_kernel.log.gz,baseline,3.11.10,95,1,msprof_primary_kernel,[4096],[95],3,1,1,20260829,15bb98ecb29785db4a18130c0499eaf71f0aafc22901a4355e2ce6d8b98cd312,float32,7597,0.09119556747428784,MEASURED,,compact,97.860001,97.44266766666665,97.028999,97.439003,msprof_op_task_duration_acceptance,dense,2.10.0.post4.dev20260715,2.10.0+cpu,4,3.2.0,6b5219f487b5b3ac57679a6a4387bc1d5d3a75f9
full,c47f9bdcfb879eb73723521240a48a9bae99349d094a1fb82563535aabde82ec,6b5219f487b5b3ac57679a6a4387bc1d5d3a75f9,64,native_NHD_then_page_head_token_dim_permute,82f9e00dd9c169444330b20b411fdeeade867cd0d7fc3bfb55371c5c1a8d00fa,9.1.0,[4096],[111],0,full_dense_m111_kv4096_uniform_compact_tp4,True,npu:5,5,Ascend950PR_957b,,bfloat16,False,256,paged_prefill_page_aggregation_kernel,4096,uniform,111,111,4096,28,1,6,56,64,msprof/baseline/paged_prefill_page_aggregation_kernel.log.gz,baseline,3.11.10,111,1,msprof_primary_kernel,[4096],[111],3,1,1,20260829,15bb98ecb29785db4a18130c0499eaf71f0aafc22901a4355e2ce6d8b98cd312,float32,7597,0.09119556747428784,MEASURED,,compact,98.085999,97.64966600000001,97.416,97.446999,msprof_op_task_duration_acceptance,dense,2.10.0.post4.dev20260715,2.10.0+cpu,4,3.2.0,6b5219f487b5b3ac57679a6a4387bc1d5d3a75f9
full,c47f9bdcfb879eb73723521240a48a9bae99349d094a1fb82563535aabde82ec,6b5219f487b5b3ac57679a6a4387bc1d5d3a75f9,64,native_NHD_then_page_head_token_dim_permute,82f9e00dd9c169444330b20b411fdeeade867cd0d7fc3bfb55371c5c1a8d00fa,9.1.0,[4096],[127],0,full_dense_m127_kv4096_uniform_compact_tp4,True,npu:5,5,Ascend950PR_957b,,bfloat16,False,256,paged_prefill_page_aggregation_kernel,4096,uniform,127,127,4096,28,1,6,56,64,msprof/baseline/paged_prefill_page_aggregation_kernel.log.gz,baseline,3.11.10,127,1,msprof_primary_kernel,[4096],[127],3,1,1,20260829,15bb98ecb29785db4a18130c0499eaf71f0aafc22901a4355e2ce6d8b98cd312,float32,7597,0.09119556747428784,MEASURED,,compact,98.127998,98.01700066666668,97.940002,97.983002,msprof_op_task_duration_acceptance,dense,2.10.0.post4.dev20260715,2.10.0+cpu,4,3.2.0,6b5219f487b5b3ac57679a6a4387bc1d5d3a75f9
full,c47f9bdcfb879eb73723521240a48a9bae99349d094a1fb82563535aabde82ec,6b5219f487b5b3ac57679a6a4387bc1d5d3a75f9,64,native_NHD_then_page_head_token_dim_permute,82f9e00dd9c169444330b20b411fdeeade867cd0d7fc3bfb55371c5c1a8d00fa,9.1.0,[4096],[128],0,full_dense_m128_kv4096_uniform_compact_tp4,True,npu:5,5,Ascend950PR_957b,,bfloat16,False,256,paged_prefill_page_aggregation_kernel,4096,uniform,128,128,4096,28,1,6,56,64,msprof/baseline/paged_prefill_page_aggregation_kernel.log.gz,baseline,3.11.10,128,1,msprof_primary_kernel,[4096],[128],3,1,1,20260829,15bb98ecb29785db4a18130c0499eaf71f0aafc22901a4355e2ce6d8b98cd312,float32,7597,0.09119556747428784,MEASURED,,compact,98.654999,98.215668,97.632004,98.360001,msprof_op_task_duration_acceptance,dense,2.10.0.post4.dev20260715,2.10.0+cpu,4,3.2.0,6b5219f487b5b3ac57679a6a4387bc1d5d3a75f9
full,c47f9bdcfb879eb73723521240a48a9bae99349d094a1fb82563535aabde82ec,6b5219f487b5b3ac57679a6a4387bc1d5d3a75f9,64,native_NHD_then_page_head_token_dim_permute,82f9e00dd9c169444330b20b411fdeeade867cd0d7fc3bfb55371c5c1a8d00fa,9.1.0,[4096],[129],0,full_dense_m129_kv4096_uniform_compact_tp4,True,npu:5,5,Ascend950PR_957b,,bfloat16,False,256,paged_prefill_page_aggregation_kernel,4096,uniform,129,129,4096,28,1,6,56,64,msprof/baseline/paged_prefill_page_aggregation_kernel.log.gz,baseline,3.11.10,129,1,msprof_primary_kernel,[4096],[129],3,1,1,20260829,15bb98ecb29785db4a18130c0499eaf71f0aafc22901a4355e2ce6d8b98cd312,float32,7597,0.09119556747428784,MEASURED,,compact,98.116997,97.829,97.648003,97.722,msprof_op_task_duration_acceptance,dense,2.10.0.post4.dev20260715,2.10.0+cpu,4,3.2.0,6b5219f487b5b3ac57679a6a4387bc1d5d3a75f9
full,c47f9bdcfb879eb73723521240a48a9bae99349d094a1fb82563535aabde82ec,6b5219f487b5b3ac57679a6a4387bc1d5d3a75f9,64,native_NHD_then_page_head_token_dim_permute,82f9e00dd9c169444330b20b411fdeeade867cd0d7fc3bfb55371c5c1a8d00fa,9.1.0,[4096],[191],0,full_dense_m191_kv4096_uniform_compact_tp4,True,npu:5,5,Ascend950PR_957b,,bfloat16,False,256,paged_prefill_page_aggregation_kernel,4096,uniform,191,191,4096,28,1,6,56,64,msprof/baseline/paged_prefill_page_aggregation_kernel.log.gz,baseline,3.11.10,191,1,msprof_primary_kernel,[4096],[191],3,1,1,20260829,15bb98ecb29785db4a18130c0499eaf71f0aafc22901a4355e2ce6d8b98cd312,float32,7597,0.09119556747428784,MEASURED,,compact,98.806,97.94066633333334,97.484001,97.531998,msprof_op_task_duration_acceptance,dense,2.10.0.post4.dev20260715,2.10.0+cpu,4,3.2.0,6b5219f487b5b3ac57679a6a4387bc1d5d3a75f9
full,c47f9bdcfb879eb73723521240a48a9bae99349d094a1fb82563535aabde82ec,6b5219f487b5b3ac57679a6a4387bc1d5d3a75f9,64,native_NHD_then_page_head_token_dim_permute,82f9e00dd9c169444330b20b411fdeeade867cd0d7fc3bfb55371c5c1a8d00fa,9.1.0,[4096],[192],0,full_dense_m192_kv4096_uniform_compact_tp4,True,npu:5,5,Ascend950PR_957b,,bfloat16,False,256,paged_prefill_page_aggregation_kernel,4096,uniform,192,192,4096,28,1,6,56,64,msprof/baseline/paged_prefill_page_aggregation_kernel.log.gz,baseline,3.11.10,192,1,msprof_primary_kernel,[4096],[192],3,1,1,20260829,15bb98ecb29785db4a18130c0499eaf71f0aafc22901a4355e2ce6d8b98cd312,float32,7597,0.09119556747428784,MEASURED,,compact,98.276001,98.09066766666666,97.772003,98.223999,msprof_op_task_duration_acceptance,dense,2.10.0.post4.dev20260715,2.10.0+cpu,4,3.2.0,6b5219f487b5b3ac57679a6a4387bc1d5d3a75f9
full,c47f9bdcfb879eb73723521240a48a9bae99349d094a1fb82563535aabde82ec,6b5219f487b5b3ac57679a6a4387bc1d5d3a75f9,64,native_NHD_then_page_head_token_dim_permute,82f9e00dd9c169444330b20b411fdeeade867cd0d7fc3bfb55371c5c1a8d00fa,9.1.0,[4096],[193],0,full_dense_m193_kv4096_uniform_compact_tp4,True,npu:5,5,Ascend950PR_957b,,bfloat16,False,256,paged_prefill_page_aggregation_kernel,4096,uniform,193,193,4096,28,1,6,56,64,msprof/baseline/paged_prefill_page_aggregation_kernel.log.gz,baseline,3.11.10,193,1,msprof_primary_kernel,[4096],[193],3,1,1,20260829,15bb98ecb29785db4a18130c0499eaf71f0aafc22901a4355e2ce6d8b98cd312,float32,7597,0.09119556747428784,MEASURED,,compact,98.699997,98.13933333333334,97.511002,98.207001,msprof_op_task_duration_acceptance,dense,2.10.0.post4.dev20260715,2.10.0+cpu,4,3.2.0,6b5219f487b5b3ac57679a6a4387bc1d5d3a75f9
full,c47f9bdcfb879eb73723521240a48a9bae99349d094a1fb82563535aabde82ec,6b5219f487b5b3ac57679a6a4387bc1d5d3a75f9,64,native_NHD_then_page_head_token_dim_permute,82f9e00dd9c169444330b20b411fdeeade867cd0d7fc3bfb55371c5c1a8d00fa,9.1.0,[4096],[255],0,full_dense_m255_kv4096_uniform_compact_tp4,True,npu:5,5,Ascend950PR_957b,,bfloat16,False,256,paged_prefill_page_aggregation_kernel,4096,uniform,255,255,4096,28,1,6,56,64,msprof/baseline/paged_prefill_page_aggregation_kernel.log.gz,baseline,3.11.10,255,1,msprof_primary_kernel,[4096],[255],3,1,1,20260829,15bb98ecb29785db4a18130c0499eaf71f0aafc22901a4355e2ce6d8b98cd312,float32,7597,0.09119556747428784,MEASURED,,compact,99.113998,98.41633333333334,97.932999,98.202003,msprof_op_task_duration_acceptance,dense,2.10.0.post4.dev20260715,2.10.0+cpu,4,3.2.0,6b5219f487b5b3ac57679a6a4387bc1d5d3a75f9
full,c47f9bdcfb879eb73723521240a48a9bae99349d094a1fb82563535aabde82ec,6b5219f487b5b3ac57679a6a4387bc1d5d3a75f9,64,native_NHD_then_page_head_token_dim_permute,82f9e00dd9c169444330b20b411fdeeade867cd0d7fc3bfb55371c5c1a8d00fa,9.1.0,[4096],[256],0,full_dense_m256_kv4096_uniform_compact_tp4,True,npu:5,5,Ascend950PR_957b,,bfloat16,False,256,paged_prefill_page_aggregation_kernel,4096,uniform,256,256,4096,28,1,6,56,64,msprof/baseline/paged_prefill_page_aggregation_kernel.log.gz,baseline,3.11.10,256,1,msprof_primary_kernel,[4096],[256],3,1,1,20260829,15bb98ecb29785db4a18130c0499eaf71f0aafc22901a4355e2ce6d8b98cd312,float32,7597,0.09119556747428784,MEASURED,,compact,99.418999,98.93866466666667,98.044998,99.351997,msprof_op_task_duration_acceptance,dense,2.10.0.post4.dev20260715,2.10.0+cpu,4,3.2.0,6b5219f487b5b3ac57679a6a4387bc1d5d3a75f9
full,c47f9bdcfb879eb73723521240a48a9bae99349d094a1fb82563535aabde82ec,6b5219f487b5b3ac57679a6a4387bc1d5d3a75f9,64,native_NHD_then_page_head_token_dim_permute,82f9e00dd9c169444330b20b411fdeeade867cd0d7fc3bfb55371c5c1a8d00fa,9.1.0,[4096],[257],0,full_dense_m257_kv4096_uniform_compact_tp4,True,npu:5,5,Ascend950PR_957b,,bfloat16,False,256,paged_prefill_page_aggregation_kernel,4096,uniform,257,257,4096,28,1,6,56,64,msprof/baseline/paged_prefill_page_aggregation_kernel.log.gz,baseline,3.11.10,257,1,msprof_primary_kernel,[4096],[257],3,1,1,20260829,15bb98ecb29785db4a18130c0499eaf71f0aafc22901a4355e2ce6d8b98cd312,float32,7597,0.09119556747428784,MEASURED,,compact,98.192001,97.87866700000001,97.706001,97.737999,msprof_op_task_duration_acceptance,dense,2.10.0.post4.dev20260715,2.10.0+cpu,4,3.2.0,6b5219f487b5b3ac57679a6a4387bc1d5d3a75f9
full,c47f9bdcfb879eb73723521240a48a9bae99349d094a1fb82563535aabde82ec,6b5219f487b5b3ac57679a6a4387bc1d5d3a75f9,64,native_NHD_then_page_head_token_dim_permute,82f9e00dd9c169444330b20b411fdeeade867cd0d7fc3bfb55371c5c1a8d00fa,9.1.0,[4096],[383],0,full_dense_m383_kv4096_uniform_compact_tp4,True,npu:5,5,Ascend950PR_957b,,bfloat16,False,256,paged_prefill_page_aggregation_kernel,4096,uniform,383,383,4096,28,1,6,56,64,msprof/baseline/paged_prefill_page_aggregation_kernel.log.gz,baseline,3.11.10,383,1,msprof_primary_kernel,[4096],[383],3,1,1,20260829,15bb98ecb29785db4a18130c0499eaf71f0aafc22901a4355e2ce6d8b98cd312,float32,7597,0.09119556747428784,MEASURED,,compact,98.167999,97.74099999999999,97.485001,97.57,msprof_op_task_duration_acceptance,dense,2.10.0.post4.dev20260715,2.10.0+cpu,4,3.2.0,6b5219f487b5b3ac57679a6a4387bc1d5d3a75f9
full,c47f9bdcfb879eb73723521240a48a9bae99349d094a1fb82563535aabde82ec,6b5219f487b5b3ac57679a6a4387bc1d5d3a75f9,64,native_NHD_then_page_head_token_dim_permute,82f9e00dd9c169444330b20b411fdeeade867cd0d7fc3bfb55371c5c1a8d00fa,9.1.0,[4096],[511],0,full_dense_m511_kv4096_uniform_compact_tp4,True,npu:5,5,Ascend950PR_957b,,bfloat16,False,256,paged_prefill_page_aggregation_kernel,4096,uniform,511,511,4096,28,1,6,56,64,msprof/baseline/paged_prefill_page_aggregation_kernel.log.gz,baseline,3.11.10,511,1,msprof_primary_kernel,[4096],[511],3,1,1,20260829,15bb98ecb29785db4a18130c0499eaf71f0aafc22901a4355e2ce6d8b98cd312,float32,7597,0.09119556747428784,MEASURED,,compact,98.858002,98.37933366666665,97.597,98.682999,msprof_op_task_duration_acceptance,dense,2.10.0.post4.dev20260715,2.10.0+cpu,4,3.2.0,6b5219f487b5b3ac57679a6a4387bc1d5d3a75f9
full,c47f9bdcfb879eb73723521240a48a9bae99349d094a1fb82563535aabde82ec,6b5219f487b5b3ac57679a6a4387bc1d5d3a75f9,64,native_NHD_then_page_head_token_dim_permute,82f9e00dd9c169444330b20b411fdeeade867cd0d7fc3bfb55371c5c1a8d00fa,9.1.0,[4096],[512],0,full_dense_m512_kv4096_uniform_compact_tp4,True,npu:5,5,Ascend950PR_957b,,bfloat16,False,256,paged_prefill_page_aggregation_kernel,4096,uniform,512,512,4096,28,1,6,56,64,msprof/baseline/paged_prefill_page_aggregation_kernel.log.gz,baseline,3.11.10,512,1,msprof_primary_kernel,[4096],[512],3,1,1,20260829,15bb98ecb29785db4a18130c0499eaf71f0aafc22901a4355e2ce6d8b98cd312,float32,7597,0.09119556747428784,MEASURED,,compact,98.885002,98.28833533333334,97.896004,98.084,msprof_op_task_duration_acceptance,dense,2.10.0.post4.dev20260715,2.10.0+cpu,4,3.2.0,6b5219f487b5b3ac57679a6a4387bc1d5d3a75f9
full,c47f9bdcfb879eb73723521240a48a9bae99349d094a1fb82563535aabde82ec,6b5219f487b5b3ac57679a6a4387bc1d5d3a75f9,64,native_NHD_then_page_head_token_dim_permute,82f9e00dd9c169444330b20b411fdeeade867cd0d7fc3bfb55371c5c1a8d00fa,9.1.0,[4096],[513],0,full_dense_m513_kv4096_uniform_compact_tp4,True,npu:5,5,Ascend950PR_957b,,bfloat16,False,256,paged_prefill_page_aggregation_kernel,4096,uniform,513,513,4096,28,1,6,56,64,msprof/baseline/paged_prefill_page_aggregation_kernel.log.gz,baseline,3.11.10,513,1,msprof_primary_kernel,[4096],[513],3,1,1,20260829,15bb98ecb29785db4a18130c0499eaf71f0aafc22901a4355e2ce6d8b98cd312,float32,7597,0.09119556747428784,MEASURED,,compact,173.953995,173.28999866666666,172.604996,173.311005,msprof_op_task_duration_acceptance,dense,2.10.0.post4.dev20260715,2.10.0+cpu,4,3.2.0,6b5219f487b5b3ac57679a6a4387bc1d5d3a75f9
full,c47f9bdcfb879eb73723521240a48a9bae99349d094a1fb82563535aabde82ec,6b5219f487b5b3ac57679a6a4387bc1d5d3a75f9,64,native_NHD_then_page_head_token_dim_permute,82f9e00dd9c169444330b20b411fdeeade867cd0d7fc3bfb55371c5c1a8d00fa,9.1.0,[4096],[641],0,full_dense_m641_kv4096_uniform_compact_tp4,True,npu:5,5,Ascend950PR_957b,,bfloat16,False,256,paged_prefill_page_aggregation_kernel,4096,uniform,641,641,4096,28,1,6,56,64,msprof/baseline/paged_prefill_page_aggregation_kernel.log.gz,baseline,3.11.10,641,1,msprof_primary_kernel,[4096],[641],3,1,1,20260829,15bb98ecb29785db4a18130c0499eaf71f0aafc22901a4355e2ce6d8b98cd312,float32,7597,0.09119556747428784,MEASURED,,compact,173.964996,173.78833533333332,173.464005,173.936005,msprof_op_task_duration_acceptance,dense,2.10.0.post4.dev20260715,2.10.0+cpu,4,3.2.0,6b5219f487b5b3ac57679a6a4387bc1d5d3a75f9
full,c47f9bdcfb879eb73723521240a48a9bae99349d094a1fb82563535aabde82ec,6b5219f487b5b3ac57679a6a4387bc1d5d3a75f9,64,native_NHD_then_page_head_token_dim_permute,82f9e00dd9c169444330b20b411fdeeade867cd0d7fc3bfb55371c5c1a8d00fa,9.1.0,[4096],[767],0,full_dense_m767_kv4096_uniform_compact_tp4,True,npu:5,5,Ascend950PR_957b,,bfloat16,False,256,paged_prefill_page_aggregation_kernel,4096,uniform,767,767,4096,28,1,6,56,64,msprof/baseline/paged_prefill_page_aggregation_kernel.log.gz,baseline,3.11.10,767,1,msprof_primary_kernel,[4096],[767],3,1,1,20260829,15bb98ecb29785db4a18130c0499eaf71f0aafc22901a4355e2ce6d8b98cd312,float32,7597,0.09119556747428784,MEASURED,,compact,171.587997,170.96933466666667,170.46701,170.852997,msprof_op_task_duration_acceptance,dense,2.10.0.post4.dev20260715,2.10.0+cpu,4,3.2.0,6b5219f487b5b3ac57679a6a4387bc1d5d3a75f9
full,c47f9bdcfb879eb73723521240a48a9bae99349d094a1fb82563535aabde82ec,6b5219f487b5b3ac57679a6a4387bc1d5d3a75f9,64,native_NHD_then_page_head_token_dim_permute,82f9e00dd9c169444330b20b411fdeeade867cd0d7fc3bfb55371c5c1a8d00fa,9.1.0,[4096],[1023],0,full_dense_m1023_kv4096_uniform_compact_tp4,True,npu:5,5,Ascend950PR_957b,,bfloat16,False,256,paged_prefill_page_aggregation_kernel,4096,uniform,1023,1023,4096,28,1,6,56,64,msprof/baseline/paged_prefill_page_aggregation_kernel.log.gz,baseline,3.11.10,1023,1,msprof_primary_kernel,[4096],[1023],3,1,1,20260829,15bb98ecb29785db4a18130c0499eaf71f0aafc22901a4355e2ce6d8b98cd312,float32,7597,0.09119556747428784,MEASURED,,compact,171.268005,171.00566566666666,170.792007,170.956985,msprof_op_task_duration_acceptance,dense,2.10.0.post4.dev20260715,2.10.0+cpu,4,3.2.0,6b5219f487b5b3ac57679a6a4387bc1d5d3a75f9
full,c47f9bdcfb879eb73723521240a48a9bae99349d094a1fb82563535aabde82ec,6b5219f487b5b3ac57679a6a4387bc1d5d3a75f9,64,native_NHD_then_page_head_token_dim_permute,82f9e00dd9c169444330b20b411fdeeade867cd0d7fc3bfb55371c5c1a8d00fa,9.1.0,"[4079, 4042, 4005, 3968, 3931, 3894, 3857]","[2, 3, 2, 2, 2, 2, 2]",0,full_ragged_prefill_b7_m15_kv4096_ragged_compact_tp4,True,npu:5,5,Ascend950PR_957b,,bfloat16,False,256,paged_prefill_page_aggregation_kernel,4096,ragged,15,3,3857,28,1,6,56,64,msprof/baseline/paged_prefill_page_aggregation_kernel.log.gz,baseline,3.11.10,15,7,msprof_primary_kernel,"[4079, 4042, 4005, 3968, 3931, 3894, 3857]","[2, 3, 2, 2, 2, 2, 2]",3,7,1,20260829,15bb98ecb29785db4a18130c0499eaf71f0aafc22901a4355e2ce6d8b98cd312,float32,7597,0.09119556747428784,MEASURED,,compact,184.768005,184.53499866666667,184.332993,184.503998,msprof_op_task_duration_acceptance,ragged_prefill,2.10.0.post4.dev20260715,2.10.0+cpu,4,3.2.0,6b5219f487b5b3ac57679a6a4387bc1d5d3a75f9
full,c47f9bdcfb879eb73723521240a48a9bae99349d094a1fb82563535aabde82ec,6b5219f487b5b3ac57679a6a4387bc1d5d3a75f9,64,native_NHD_then_page_head_token_dim_permute,82f9e00dd9c169444330b20b411fdeeade867cd0d7fc3bfb55371c5c1a8d00fa,9.1.0,"[4079, 4042, 4005, 3968, 3931, 3894, 3857]","[5, 6, 5, 5, 5, 5, 6]",0,full_ragged_prefill_b7_m37_kv4096_ragged_compact_tp4,True,npu:5,5,Ascend950PR_957b,,bfloat16,False,256,paged_prefill_page_aggregation_kernel,4096,ragged,37,6,3857,28,1,6,56,64,msprof/baseline/paged_prefill_page_aggregation_kernel.log.gz,baseline,3.11.10,37,7,msprof_primary_kernel,"[4079, 4042, 4005, 3968, 3931, 3894, 3857]","[5, 6, 5, 5, 5, 5, 6]",3,7,1,20260829,15bb98ecb29785db4a18130c0499eaf71f0aafc22901a4355e2ce6d8b98cd312,float32,7597,0.09119556747428784,MEASURED,,compact,184.924988,184.80932633333336,184.602005,184.900986,msprof_op_task_duration_acceptance,ragged_prefill,2.10.0.post4.dev20260715,2.10.0+cpu,4,3.2.0,6b5219f487b5b3ac57679a6a4387bc1d5d3a75f9
full,c47f9bdcfb879eb73723521240a48a9bae99349d094a1fb82563535aabde82ec,6b5219f487b5b3ac57679a6a4387bc1d5d3a75f9,64,native_NHD_then_page_head_token_dim_permute,82f9e00dd9c169444330b20b411fdeeade867cd0d7fc3bfb55371c5c1a8d00fa,9.1.0,"[4079, 4042, 4005, 3968, 3931, 3894, 3857]","[9, 9, 9, 9, 9, 9, 9]",0,full_ragged_prefill_b7_m63_kv4096_ragged_compact_tp4,True,npu:5,5,Ascend950PR_957b,,bfloat16,False,256,paged_prefill_page_aggregation_kernel,4096,ragged,63,9,3857,28,1,6,56,64,msprof/baseline/paged_prefill_page_aggregation_kernel.log.gz,baseline,3.11.10,63,7,msprof_primary_kernel,"[4079, 4042, 4005, 3968, 3931, 3894, 3857]","[9, 9, 9, 9, 9, 9, 9]",3,7,1,20260829,15bb98ecb29785db4a18130c0499eaf71f0aafc22901a4355e2ce6d8b98cd312,float32,7597,0.09119556747428784,MEASURED,,compact,185.110001,184.67466733333333,184.442001,184.472,msprof_op_task_duration_acceptance,ragged_prefill,2.10.0.post4.dev20260715,2.10.0+cpu,4,3.2.0,6b5219f487b5b3ac57679a6a4387bc1d5d3a75f9
full,c47f9bdcfb879eb73723521240a48a9bae99349d094a1fb82563535aabde82ec,6b5219f487b5b3ac57679a6a4387bc1d5d3a75f9,64,native_NHD_then_page_head_token_dim_permute,82f9e00dd9c169444330b20b411fdeeade867cd0d7fc3bfb55371c5c1a8d00fa,9.1.0,"[4079, 4042, 4005, 3968, 3931, 3894, 3857]","[18, 19, 18, 18, 18, 18, 18]",0,full_ragged_prefill_b7_m127_kv4096_ragged_compact_tp4,True,npu:5,5,Ascend950PR_957b,,bfloat16,False,256,paged_prefill_page_aggregation_kernel,4096,ragged,127,19,3857,28,1,6,56,64,msprof/baseline/paged_prefill_page_aggregation_kernel.log.gz,baseline,3.11.10,127,7,msprof_primary_kernel,"[4079, 4042, 4005, 3968, 3931, 3894, 3857]","[18, 19, 18, 18, 18, 18, 18]",3,7,1,20260829,15bb98ecb29785db4a18130c0499eaf71f0aafc22901a4355e2ce6d8b98cd312,float32,7597,0.09119556747428784,MEASURED,,compact,184.712006,184.53700266666667,184.279007,184.619995,msprof_op_task_duration_acceptance,ragged_prefill,2.10.0.post4.dev20260715,2.10.0+cpu,4,3.2.0,6b5219f487b5b3ac57679a6a4387bc1d5d3a75f9
full,c47f9bdcfb879eb73723521240a48a9bae99349d094a1fb82563535aabde82ec,6b5219f487b5b3ac57679a6a4387bc1d5d3a75f9,64,native_NHD_then_page_head_token_dim_permute,82f9e00dd9c169444330b20b411fdeeade867cd0d7fc3bfb55371c5c1a8d00fa,9.1.0,"[4079, 4042, 4005, 3968, 3931, 3894, 3857, 4077, 4040, 4003, 3966, 3929, 3892, 3855, 4075, 4038]","[3, 3, 3, 3, 3, 3, 3, 3, 3, 3, 3, 3, 3, 3, 3, 3]",0,full_ragged_prefill_b16_m48_kv4096_ragged_compact_tp4,True,npu:5,5,Ascend950PR_957b,,bfloat16,False,256,paged_prefill_page_aggregation_kernel,4096,ragged,48,3,3855,28,1,6,56,64,msprof/baseline/paged_prefill_page_aggregation_kernel.log.gz,baseline,3.11.10,48,16,msprof_primary_kernel,"[4079, 4042, 4005, 3968, 3931, 3894, 3857, 4077, 4040, 4003, 3966, 3929, 3892, 3855, 4075, 4038]","[3, 3, 3, 3, 3, 3, 3, 3, 3, 3, 3, 3, 3, 3, 3, 3]",3,16,1,20260829,15bb98ecb29785db4a18130c0499eaf71f0aafc22901a4355e2ce6d8b98cd312,float32,7597,0.09119556747428784,MEASURED,,compact,366.312988,365.7933346666667,365.100006,365.96701,msprof_op_task_duration_acceptance,ragged_prefill,2.10.0.post4.dev20260715,2.10.0+cpu,4,3.2.0,6b5219f487b5b3ac57679a6a4387bc1d5d3a75f9
full,c47f9bdcfb879eb73723521240a48a9bae99349d094a1fb82563535aabde82ec,6b5219f487b5b3ac57679a6a4387bc1d5d3a75f9,64,native_NHD_then_page_head_token_dim_permute,82f9e00dd9c169444330b20b411fdeeade867cd0d7fc3bfb55371c5c1a8d00fa,9.1.0,"[4079, 4042, 4005, 3968, 3931, 3894, 3857, 4077, 4040, 4003, 3966, 3929, 3892, 3855, 4075, 4038]","[5, 5, 4, 4, 5, 5, 5, 4, 4, 5, 5, 5, 4, 4, 4, 5]",0,full_ragged_prefill_b16_m73_kv4096_ragged_compact_tp4,True,npu:5,5,Ascend950PR_957b,,bfloat16,False,256,paged_prefill_page_aggregation_kernel,4096,ragged,73,5,3855,28,1,6,56,64,msprof/baseline/paged_prefill_page_aggregation_kernel.log.gz,baseline,3.11.10,73,16,msprof_primary_kernel,"[4079, 4042, 4005, 3968, 3931, 3894, 3857, 4077, 4040, 4003, 3966, 3929, 3892, 3855, 4075, 4038]","[5, 5, 4, 4, 5, 5, 5, 4, 4, 5, 5, 5, 4, 4, 4, 5]",3,16,1,20260829,15bb98ecb29785db4a18130c0499eaf71f0aafc22901a4355e2ce6d8b98cd312,float32,7597,0.09119556747428784,MEASURED,,compact,366.951996,365.7620136666667,364.779022,365.555023,msprof_op_task_duration_acceptance,ragged_prefill,2.10.0.post4.dev20260715,2.10.0+cpu,4,3.2.0,6b5219f487b5b3ac57679a6a4387bc1d5d3a75f9
full,c47f9bdcfb879eb73723521240a48a9bae99349d094a1fb82563535aabde82ec,6b5219f487b5b3ac57679a6a4387bc1d5d3a75f9,64,native_NHD_then_page_head_token_dim_permute,82f9e00dd9c169444330b20b411fdeeade867cd0d7fc3bfb55371c5c1a8d00fa,9.1.0,"[4079, 4042, 4005, 3968, 3931, 3894, 3857, 4077, 4040, 4003, 3966, 3929, 3892, 3855, 4075, 4038]","[8, 8, 8, 8, 8, 8, 8, 8, 8, 8, 8, 8, 8, 8, 8, 8]",0,full_ragged_prefill_b16_m128_kv4096_ragged_compact_tp4,True,npu:5,5,Ascend950PR_957b,,bfloat16,False,256,paged_prefill_page_aggregation_kernel,4096,ragged,128,8,3855,28,1,6,56,64,msprof/baseline/paged_prefill_page_aggregation_kernel.log.gz,baseline,3.11.10,128,16,msprof_primary_kernel,"[4079, 4042, 4005, 3968, 3931, 3894, 3857, 4077, 4040, 4003, 3966, 3929, 3892, 3855, 4075, 4038]","[8, 8, 8, 8, 8, 8, 8, 8, 8, 8, 8, 8, 8, 8, 8, 8]",3,16,1,20260829,15bb98ecb29785db4a18130c0499eaf71f0aafc22901a4355e2ce6d8b98cd312,float32,7597,0.09119556747428784,MEASURED,,compact,366.173004,365.7103273333333,364.881989,366.075989,msprof_op_task_duration_acceptance,ragged_prefill,2.10.0.post4.dev20260715,2.10.0+cpu,4,3.2.0,6b5219f487b5b3ac57679a6a4387bc1d5d3a75f9
full,c47f9bdcfb879eb73723521240a48a9bae99349d094a1fb82563535aabde82ec,6b5219f487b5b3ac57679a6a4387bc1d5d3a75f9,64,native_NHD_then_page_head_token_dim_permute,82f9e00dd9c169444330b20b411fdeeade867cd0d7fc3bfb55371c5c1a8d00fa,9.1.0,"[4079, 4042, 4005, 3968, 3931, 3894, 3857, 4077, 4040, 4003, 3966, 3929, 3892, 3855, 4075, 4038]","[32, 33, 32, 32, 32, 32, 32, 32, 32, 32, 32, 32, 32, 32, 32, 32]",0,full_ragged_prefill_b16_m513_kv4096_ragged_compact_tp4,True,npu:5,5,Ascend950PR_957b,,bfloat16,False,256,paged_prefill_page_aggregation_kernel,4096,ragged,513,33,3855,28,1,6,56,64,msprof/baseline/paged_prefill_page_aggregation_kernel.log.gz,baseline,3.11.10,513,16,msprof_primary_kernel,"[4079, 4042, 4005, 3968, 3931, 3894, 3857, 4077, 4040, 4003, 3966, 3929, 3892, 3855, 4075, 4038]","[32, 33, 32, 32, 32, 32, 32, 32, 32, 32, 32, 32, 32, 32, 32, 32]",3,16,1,20260829,15bb98ecb29785db4a18130c0499eaf71f0aafc22901a4355e2ce6d8b98cd312,float32,7597,0.09119556747428784,MEASURED,,compact,365.772003,365.22233066666666,364.923004,364.971985,msprof_op_task_duration_acceptance,ragged_prefill,2.10.0.post4.dev20260715,2.10.0+cpu,4,3.2.0,6b5219f487b5b3ac57679a6a4387bc1d5d3a75f9
full,c47f9bdcfb879eb73723521240a48a9bae99349d094a1fb82563535aabde82ec,6b5219f487b5b3ac57679a6a4387bc1d5d3a75f9,64,native_NHD_then_page_head_token_dim_permute,82f9e00dd9c169444330b20b411fdeeade867cd0d7fc3bfb55371c5c1a8d00fa,9.1.0,"[4079, 4042, 4005, 3968, 3931, 3894, 3857, 4077, 4040, 4003, 3966, 3929, 3892, 3855, 4075, 4038]","[64, 64, 64, 64, 64, 64, 64, 64, 64, 64, 64, 64, 64, 64, 64, 64]",0,full_ragged_prefill_b16_m1024_kv4096_ragged_compact_tp4,True,npu:5,5,Ascend950PR_957b,,bfloat16,False,256,paged_prefill_page_aggregation_kernel,4096,ragged,1024,64,3855,28,1,6,56,64,msprof/baseline/paged_prefill_page_aggregation_kernel.log.gz,baseline,3.11.10,1024,16,msprof_primary_kernel,"[4079, 4042, 4005, 3968, 3931, 3894, 3857, 4077, 4040, 4003, 3966, 3929, 3892, 3855, 4075, 4038]","[64, 64, 64, 64, 64, 64, 64, 64, 64, 64, 64, 64, 64, 64, 64, 64]",3,16,1,20260829,15bb98ecb29785db4a18130c0499eaf71f0aafc22901a4355e2ce6d8b98cd312,float32,7597,0.09119556747428784,MEASURED,,compact,366.486023,366.0460103333333,365.320007,366.332001,msprof_op_task_duration_acceptance,ragged_prefill,2.10.0.post4.dev20260715,2.10.0+cpu,4,3.2.0,6b5219f487b5b3ac57679a6a4387bc1d5d3a75f9
full,c47f9bdcfb879eb73723521240a48a9bae99349d094a1fb82563535aabde82ec,6b5219f487b5b3ac57679a6a4387bc1d5d3a75f9,64,native_NHD_then_page_head_token_dim_permute,82f9e00dd9c169444330b20b411fdeeade867cd0d7fc3bfb55371c5c1a8d00fa,9.1.0,"[4079, 4042, 4005, 3968, 3931, 3894, 3857, 4077, 4040, 4003, 3966, 3929, 3892, 3855, 4075, 4038, 4001, 3964, 3927, 3890, 3853, 4073, 4036, 3999, 3962, 3925, 3888, 3851, 4071, 4034, 3997, 3960, 3923, 3886, 3849, 4069, 4032, 3995, 3958, 3921, 3884, 3847, 4067, 4030, 3993, 3956, 3919, 3882, 3845, 4065, 4028, 3991, 3954, 3917, 3880, 3843]","[3, 3, 2, 2, 2, 3, 3, 2, 2, 2, 3, 3, 2, 2, 2, 3, 3, 2, 2, 2, 3, 3, 2, 2, 2, 2, 3, 2, 2, 2, 2, 3, 2, 2, 2, 2, 3, 2, 2, 2, 2, 3, 2, 2, 2, 2, 3, 2, 2, 2, 2, 3, 2, 2, 2, 2]",0,full_ragged_prefill_b56_m128_kv4096_ragged_compact_tp4,True,npu:5,5,Ascend950PR_957b,,bfloat16,False,256,paged_prefill_page_aggregation_kernel,4096,ragged,128,3,3843,28,1,6,56,64,msprof/baseline/paged_prefill_page_aggregation_kernel.log.gz,baseline,3.11.10,128,56,msprof_primary_kernel,"[4079, 4042, 4005, 3968, 3931, 3894, 3857, 4077, 4040, 4003, 3966, 3929, 3892, 3855, 4075, 4038, 4001, 3964, 3927, 3890, 3853, 4073, 4036, 3999, 3962, 3925, 3888, 3851, 4071, 4034, 3997, 3960, 3923, 3886, 3849, 4069, 4032, 3995, 3958, 3921, 3884, 3847, 4067, 4030, 3993, 3956, 3919, 3882, 3845, 4065, 4028, 3991, 3954, 3917, 3880, 3843]","[3, 3, 2, 2, 2, 3, 3, 2, 2, 2, 3, 3, 2, 2, 2, 3, 3, 2, 2, 2, 3, 3, 2, 2, 2, 2, 3, 2, 2, 2, 2, 3, 2, 2, 2, 2, 3, 2, 2, 2, 2, 3, 2, 2, 2, 2, 3, 2, 2, 2, 2, 3, 2, 2, 2, 2]",3,56,1,20260829,15bb98ecb29785db4a18130c0499eaf71f0aafc22901a4355e2ce6d8b98cd312,float32,7597,0.09119556747428784,MEASURED,,compact,1090.414917,1090.0229900000002,1089.541016,1090.113037,msprof_op_task_duration_acceptance,ragged_prefill,2.10.0.post4.dev20260715,2.10.0+cpu,4,3.2.0,6b5219f487b5b3ac57679a6a4387bc1d5d3a75f9
full,c47f9bdcfb879eb73723521240a48a9bae99349d094a1fb82563535aabde82ec,6b5219f487b5b3ac57679a6a4387bc1d5d3a75f9,64,native_NHD_then_page_head_token_dim_permute,82f9e00dd9c169444330b20b411fdeeade867cd0d7fc3bfb55371c5c1a8d00fa,9.1.0,"[4079, 4042, 4005, 3968, 3931, 3894, 3857, 4077, 4040, 4003, 3966, 3929, 3892, 3855, 4075, 4038, 4001, 3964, 3927, 3890, 3853, 4073, 4036, 3999, 3962, 3925, 3888, 3851, 4071, 4034, 3997, 3960, 3923, 3886, 3849, 4069, 4032, 3995, 3958, 3921, 3884, 3847, 4067, 4030, 3993, 3956, 3919, 3882, 3845, 4065, 4028, 3991, 3954, 3917, 3880, 3843]","[5, 5, 4, 4, 5, 5, 5, 4, 4, 5, 5, 5, 4, 4, 5, 5, 5, 4, 4, 5, 5, 5, 4, 4, 5, 5, 5, 4, 4, 5, 5, 5, 4, 4, 5, 5, 5, 4, 4, 5, 5, 5, 4, 4, 5, 5, 5, 4, 4, 5, 5, 5, 4, 4, 4, 5]",0,full_ragged_prefill_b56_m257_kv4096_ragged_compact_tp4,True,npu:5,5,Ascend950PR_957b,,bfloat16,False,256,paged_prefill_page_aggregation_kernel,4096,ragged,257,5,3843,28,1,6,56,64,msprof/baseline/paged_prefill_page_aggregation_kernel.log.gz,baseline,3.11.10,257,56,msprof_primary_kernel,"[4079, 4042, 4005, 3968, 3931, 3894, 3857, 4077, 4040, 4003, 3966, 3929, 3892, 3855, 4075, 4038, 4001, 3964, 3927, 3890, 3853, 4073, 4036, 3999, 3962, 3925, 3888, 3851, 4071, 4034, 3997, 3960, 3923, 3886, 3849, 4069, 4032, 3995, 3958, 3921, 3884, 3847, 4067, 4030, 3993, 3956, 3919, 3882, 3845, 4065, 4028, 3991, 3954, 3917, 3880, 3843]","[5, 5, 4, 4, 5, 5, 5, 4, 4, 5, 5, 5, 4, 4, 5, 5, 5, 4, 4, 5, 5, 5, 4, 4, 5, 5, 5, 4, 4, 5, 5, 5, 4, 4, 5, 5, 5, 4, 4, 5, 5, 5, 4, 4, 5, 5, 5, 4, 4, 5, 5, 5, 4, 4, 4, 5]",3,56,1,20260829,15bb98ecb29785db4a18130c0499eaf71f0aafc22901a4355e2ce6d8b98cd312,float32,7597,0.09119556747428784,MEASURED,,compact,1089.894043,1089.817993,1089.733032,1089.826904,msprof_op_task_duration_acceptance,ragged_prefill,2.10.0.post4.dev20260715,2.10.0+cpu,4,3.2.0,6b5219f487b5b3ac57679a6a4387bc1d5d3a75f9
full,c47f9bdcfb879eb73723521240a48a9bae99349d094a1fb82563535aabde82ec,6b5219f487b5b3ac57679a6a4387bc1d5d3a75f9,64,native_NHD_then_page_head_token_dim_permute,82f9e00dd9c169444330b20b411fdeeade867cd0d7fc3bfb55371c5c1a8d00fa,9.1.0,"[4079, 4042, 4005, 3968, 3931, 3894, 3857, 4077, 4040, 4003, 3966, 3929, 3892, 3855, 4075, 4038, 4001, 3964, 3927, 3890, 3853, 4073, 4036, 3999, 3962, 3925, 3888, 3851, 4071, 4034, 3997, 3960, 3923, 3886, 3849, 4069, 4032, 3995, 3958, 3921, 3884, 3847, 4067, 4030, 3993, 3956, 3919, 3882, 3845, 4065, 4028, 3991, 3954, 3917, 3880, 3843]","[9, 10, 9, 9, 9, 9, 10, 9, 9, 9, 9, 10, 9, 9, 9, 9, 10, 9, 9, 9, 9, 10, 9, 9, 9, 9, 10, 9, 9, 9, 9, 10, 9, 9, 9, 9, 9, 9, 9, 9, 9, 9, 9, 9, 9, 9, 9, 9, 9, 9, 9, 9, 9, 9, 9, 9]",0,full_ragged_prefill_b56_m511_kv4096_ragged_compact_tp4,True,npu:5,5,Ascend950PR_957b,,bfloat16,False,256,paged_prefill_page_aggregation_kernel,4096,ragged,511,10,3843,28,1,6,56,64,msprof/baseline/paged_prefill_page_aggregation_kernel.log.gz,baseline,3.11.10,511,56,msprof_primary_kernel,"[4079, 4042, 4005, 3968, 3931, 3894, 3857, 4077, 4040, 4003, 3966, 3929, 3892, 3855, 4075, 4038, 4001, 3964, 3927, 3890, 3853, 4073, 4036, 3999, 3962, 3925, 3888, 3851, 4071, 4034, 3997, 3960, 3923, 3886, 3849, 4069, 4032, 3995, 3958, 3921, 3884, 3847, 4067, 4030, 3993, 3956, 3919, 3882, 3845, 4065, 4028, 3991, 3954, 3917, 3880, 3843]","[9, 10, 9, 9, 9, 9, 10, 9, 9, 9, 9, 10, 9, 9, 9, 9, 10, 9, 9, 9, 9, 10, 9, 9, 9, 9, 10, 9, 9, 9, 9, 10, 9, 9, 9, 9, 9, 9, 9, 9, 9, 9, 9, 9, 9, 9, 9, 9, 9, 9, 9, 9, 9, 9, 9, 9]",3,56,1,20260829,15bb98ecb29785db4a18130c0499eaf71f0aafc22901a4355e2ce6d8b98cd312,float32,7597,0.09119556747428784,MEASURED,,compact,1089.807007,1089.6713053333333,1089.416992,1089.789917,msprof_op_task_duration_acceptance,ragged_prefill,2.10.0.post4.dev20260715,2.10.0+cpu,4,3.2.0,6b5219f487b5b3ac57679a6a4387bc1d5d3a75f9
full,c47f9bdcfb879eb73723521240a48a9bae99349d094a1fb82563535aabde82ec,6b5219f487b5b3ac57679a6a4387bc1d5d3a75f9,64,native_NHD_then_page_head_token_dim_permute,82f9e00dd9c169444330b20b411fdeeade867cd0d7fc3bfb55371c5c1a8d00fa,9.1.0,"[4079, 4042, 4005, 3968, 3931, 3894, 3857, 4077, 4040, 4003, 3966, 3929, 3892, 3855, 4075, 4038, 4001, 3964, 3927, 3890, 3853, 4073, 4036, 3999, 3962, 3925, 3888, 3851, 4071, 4034, 3997, 3960, 3923, 3886, 3849, 4069, 4032, 3995, 3958, 3921, 3884, 3847, 4067, 4030, 3993, 3956, 3919, 3882, 3845, 4065, 4028, 3991, 3954, 3917, 3880, 3843]","[19, 19, 18, 18, 18, 19, 19, 18, 18, 18, 19, 19, 18, 18, 18, 19, 19, 18, 18, 18, 19, 19, 18, 18, 18, 18, 19, 18, 18, 18, 18, 19, 18, 18, 18, 18, 19, 18, 18, 18, 18, 19, 18, 18, 18, 18, 19, 18, 18, 18, 18, 19, 18, 18, 18, 18]",0,full_ragged_prefill_b56_m1024_kv4096_ragged_compact_tp4,True,npu:5,5,Ascend950PR_957b,,bfloat16,False,256,paged_prefill_page_aggregation_kernel,4096,ragged,1024,19,3843,28,1,6,56,64,msprof/baseline/paged_prefill_page_aggregation_kernel.log.gz,baseline,3.11.10,1024,56,msprof_primary_kernel,"[4079, 4042, 4005, 3968, 3931, 3894, 3857, 4077, 4040, 4003, 3966, 3929, 3892, 3855, 4075, 4038, 4001, 3964, 3927, 3890, 3853, 4073, 4036, 3999, 3962, 3925, 3888, 3851, 4071, 4034, 3997, 3960, 3923, 3886, 3849, 4069, 4032, 3995, 3958, 3921, 3884, 3847, 4067, 4030, 3993, 3956, 3919, 3882, 3845, 4065, 4028, 3991, 3954, 3917, 3880, 3843]","[19, 19, 18, 18, 18, 19, 19, 18, 18, 18, 19, 19, 18, 18, 18, 19, 19, 18, 18, 18, 19, 19, 18, 18, 18, 18, 19, 18, 18, 18, 18, 19, 18, 18, 18, 18, 19, 18, 18, 18, 18, 19, 18, 18, 18, 18, 19, 18, 18, 18, 18, 19, 18, 18, 18, 18]",3,56,1,20260829,15bb98ecb29785db4a18130c0499eaf71f0aafc22901a4355e2ce6d8b98cd312,float32,7597,0.09119556747428784,MEASURED,,compact,1090.855957,1090.3863523333332,1090.098022,1090.205078,msprof_op_task_duration_acceptance,ragged_prefill,2.10.0.post4.dev20260715,2.10.0+cpu,4,3.2.0,6b5219f487b5b3ac57679a6a4387bc1d5d3a75f9
full,c47f9bdcfb879eb73723521240a48a9bae99349d094a1fb82563535aabde82ec,6b5219f487b5b3ac57679a6a4387bc1d5d3a75f9,64,native_NHD_then_page_head_token_dim_permute,82f9e00dd9c169444330b20b411fdeeade867cd0d7fc3bfb55371c5c1a8d00fa,9.1.0,"[4096, 4096, 4096, 4096, 4096, 4096, 4096, 4096, 4096, 4096, 4096, 4096, 4096, 4096, 4096, 4096, 4096, 4096, 4096, 4096, 4096, 4096, 4096, 4096, 4096, 4096, 4096, 4096, 4096, 4096, 4096, 4096, 4096, 4096, 4096, 4096, 4096, 4096, 4096, 4096, 4096, 4096, 4096, 4096, 4096, 4096, 4096, 4096, 4096, 4096, 4096, 4096, 4096, 4096, 4096, 4096, 4096, 4096, 4096, 4096, 4096, 4096, 4096, 4096]","[2, 2, 2, 2, 2, 2, 2, 2, 2, 2, 2, 2, 2, 2, 2, 2, 2, 2, 2, 2, 2, 2, 2, 2, 2, 2, 2, 2, 2, 2, 2, 2, 2, 2, 2, 2, 2, 2, 2, 2, 2, 2, 2, 2, 2, 2, 2, 2, 2, 2, 2, 2, 2, 2, 2, 2, 2, 2, 2, 2, 2, 2, 2, 2]",0,full_verify_d2_m128_kv4096_uniform_compact_tp4,True,npu:5,5,Ascend950PR_957b,2,bfloat16,False,256,paged_prefill_page_aggregation_kernel,4096,uniform,128,2,4096,28,1,6,56,64,msprof/baseline/paged_prefill_page_aggregation_kernel.log.gz,baseline,3.11.10,128,64,msprof_primary_kernel,"[4096, 4096, 4096, 4096, 4096, 4096, 4096, 4096, 4096, 4096, 4096, 4096, 4096, 4096, 4096, 4096, 4096, 4096, 4096, 4096, 4096, 4096, 4096, 4096, 4096, 4096, 4096, 4096, 4096, 4096, 4096, 4096, 4096, 4096, 4096, 4096, 4096, 4096, 4096, 4096, 4096, 4096, 4096, 4096, 4096, 4096, 4096, 4096, 4096, 4096, 4096, 4096, 4096, 4096, 4096, 4096, 4096, 4096, 4096, 4096, 4096, 4096, 4096, 4096]","[2, 2, 2, 2, 2, 2, 2, 2, 2, 2, 2, 2, 2, 2, 2, 2, 2, 2, 2, 2, 2, 2, 2, 2, 2, 2, 2, 2, 2, 2, 2, 2, 2, 2, 2, 2, 2, 2, 2, 2, 2, 2, 2, 2, 2, 2, 2, 2, 2, 2, 2, 2, 2, 2, 2, 2, 2, 2, 2, 2, 2, 2, 2, 2]",3,64,1,20260829,15bb98ecb29785db4a18130c0499eaf71f0aafc22901a4355e2ce6d8b98cd312,float32,7597,0.09119556747428784,MEASURED,,compact,1302.269043,1302.0343423333334,1301.809082,1302.024902,msprof_op_task_duration_acceptance,verify_d2,2.10.0.post4.dev20260715,2.10.0+cpu,4,3.2.0,6b5219f487b5b3ac57679a6a4387bc1d5d3a75f9
full,c47f9bdcfb879eb73723521240a48a9bae99349d094a1fb82563535aabde82ec,6b5219f487b5b3ac57679a6a4387bc1d5d3a75f9,64,native_NHD_then_page_head_token_dim_permute,82f9e00dd9c169444330b20b411fdeeade867cd0d7fc3bfb55371c5c1a8d00fa,9.1.0,"[4096, 4096, 4096, 4096, 4096, 4096, 4096, 4096, 4096, 4096, 4096, 4096, 4096, 4096, 4096, 4096, 4096, 4096, 4096, 4096, 4096, 4096, 4096, 4096, 4096, 4096, 4096, 4096, 4096, 4096, 4096, 4096, 4096, 4096, 4096, 4096, 4096, 4096, 4096, 4096, 4096, 4096, 4096, 4096, 4096, 4096, 4096, 4096, 4096, 4096, 4096, 4096, 4096, 4096, 4096, 4096, 4096, 4096, 4096, 4096, 4096, 4096, 4096, 4096, 4096]","[2, 2, 2, 2, 2, 2, 2, 2, 2, 2, 2, 2, 2, 2, 2, 2, 2, 2, 2, 2, 2, 2, 2, 2, 2, 2, 2, 2, 2, 2, 2, 2, 2, 2, 2, 2, 2, 2, 2, 2, 2, 2, 2, 2, 2, 2, 2, 2, 2, 2, 2, 2, 2, 2, 2, 2, 2, 2, 2, 2, 2, 2, 2, 2, 2]",0,full_verify_d2_m130_kv4096_uniform_compact_tp4,True,npu:5,5,Ascend950PR_957b,2,bfloat16,False,256,paged_prefill_page_aggregation_kernel,4096,uniform,130,2,4096,28,1,6,56,64,msprof/baseline/paged_prefill_page_aggregation_kernel.log.gz,baseline,3.11.10,130,65,msprof_primary_kernel,"[4096, 4096, 4096, 4096, 4096, 4096, 4096, 4096, 4096, 4096, 4096, 4096, 4096, 4096, 4096, 4096, 4096, 4096, 4096, 4096, 4096, 4096, 4096, 4096, 4096, 4096, 4096, 4096, 4096, 4096, 4096, 4096, 4096, 4096, 4096, 4096, 4096, 4096, 4096, 4096, 4096, 4096, 4096, 4096, 4096, 4096, 4096, 4096, 4096, 4096, 4096, 4096, 4096, 4096, 4096, 4096, 4096, 4096, 4096, 4096, 4096, 4096, 4096, 4096, 4096]","[2, 2, 2, 2, 2, 2, 2, 2, 2, 2, 2, 2, 2, 2, 2, 2, 2, 2, 2, 2, 2, 2, 2, 2, 2, 2, 2, 2, 2, 2, 2, 2, 2, 2, 2, 2, 2, 2, 2, 2, 2, 2, 2, 2, 2, 2, 2, 2, 2, 2, 2, 2, 2, 2, 2, 2, 2, 2, 2, 2, 2, 2, 2, 2, 2]",3,65,1,20260829,15bb98ecb29785db4a18130c0499eaf71f0aafc22901a4355e2ce6d8b98cd312,float32,7597,0.09119556747428784,MEASURED,,compact,1303.395996,1302.6126299999999,1301.958984,1302.48291,msprof_op_task_duration_acceptance,verify_d2,2.10.0.post4.dev20260715,2.10.0+cpu,4,3.2.0,6b5219f487b5b3ac57679a6a4387bc1d5d3a75f9
full,c47f9bdcfb879eb73723521240a48a9bae99349d094a1fb82563535aabde82ec,6b5219f487b5b3ac57679a6a4387bc1d5d3a75f9,64,native_NHD_then_page_head_token_dim_permute,82f9e00dd9c169444330b20b411fdeeade867cd0d7fc3bfb55371c5c1a8d00fa,9.1.0,"[4096, 4096, 4096, 4096, 4096, 4096, 4096, 4096, 4096, 4096, 4096, 4096, 4096, 4096, 4096, 4096, 4096, 4096, 4096, 4096, 4096, 4096, 4096, 4096, 4096, 4096, 4096, 4096, 4096, 4096, 4096, 4096, 4096, 4096, 4096, 4096, 4096, 4096, 4096, 4096, 4096, 4096, 4096, 4096, 4096, 4096, 4096, 4096, 4096, 4096, 4096, 4096, 4096, 4096, 4096, 4096, 4096, 4096, 4096, 4096, 4096, 4096, 4096, 4096, 4096, 4096, 4096, 4096, 4096, 4096, 4096, 4096, 4096, 4096, 4096, 4096, 4096, 4096, 4096, 4096, 4096, 4096, 4096, 4096, 4096, 4096, 4096, 4096, 4096, 4096, 4096, 4096, 4096, 4096, 4096, 4096, 4096, 4096, 4096, 4096, 4096, 4096, 4096, 4096, 4096, 4096, 4096, 4096, 4096, 4096, 4096, 4096, 4096, 4096, 4096, 4096, 4096, 4096, 4096, 4096, 4096, 4096, 4096, 4096, 4096, 4096, 4096, 4096]","[2, 2, 2, 2, 2, 2, 2, 2, 2, 2, 2, 2, 2, 2, 2, 2, 2, 2, 2, 2, 2, 2, 2, 2, 2, 2, 2, 2, 2, 2, 2, 2, 2, 2, 2, 2, 2, 2, 2, 2, 2, 2, 2, 2, 2, 2, 2, 2, 2, 2, 2, 2, 2, 2, 2, 2, 2, 2, 2, 2, 2, 2, 2, 2, 2, 2, 2, 2, 2, 2, 2, 2, 2, 2, 2, 2, 2, 2, 2, 2, 2, 2, 2, 2, 2, 2, 2, 2, 2, 2, 2, 2, 2, 2, 2, 2, 2, 2, 2, 2, 2, 2, 2, 2, 2, 2, 2, 2, 2, 2, 2, 2, 2, 2, 2, 2, 2, 2, 2, 2, 2, 2, 2, 2, 2, 2, 2, 2]",0,full_verify_d2_m256_kv4096_uniform_compact_tp4,True,npu:5,5,Ascend950PR_957b,2,bfloat16,False,256,paged_prefill_page_aggregation_kernel,4096,uniform,256,2,4096,28,1,6,56,64,msprof/baseline/paged_prefill_page_aggregation_kernel.log.gz,baseline,3.11.10,256,128,msprof_primary_kernel,"[4096, 4096, 4096, 4096, 4096, 4096, 4096, 4096, 4096, 4096, 4096, 4096, 4096, 4096, 4096, 4096, 4096, 4096, 4096, 4096, 4096, 4096, 4096, 4096, 4096, 4096, 4096, 4096, 4096, 4096, 4096, 4096, 4096, 4096, 4096, 4096, 4096, 4096, 4096, 4096, 4096, 4096, 4096, 4096, 4096, 4096, 4096, 4096, 4096, 4096, 4096, 4096, 4096, 4096, 4096, 4096, 4096, 4096, 4096, 4096, 4096, 4096, 4096, 4096, 4096, 4096, 4096, 4096, 4096, 4096, 4096, 4096, 4096, 4096, 4096, 4096, 4096, 4096, 4096, 4096, 4096, 4096, 4096, 4096, 4096, 4096, 4096, 4096, 4096, 4096, 4096, 4096, 4096, 4096, 4096, 4096, 4096, 4096, 4096, 4096, 4096, 4096, 4096, 4096, 4096, 4096, 4096, 4096, 4096, 4096, 4096, 4096, 4096, 4096, 4096, 4096, 4096, 4096, 4096, 4096, 4096, 4096, 4096, 4096, 4096, 4096, 4096, 4096]","[2, 2, 2, 2, 2, 2, 2, 2, 2, 2, 2, 2, 2, 2, 2, 2, 2, 2, 2, 2, 2, 2, 2, 2, 2, 2, 2, 2, 2, 2, 2, 2, 2, 2, 2, 2, 2, 2, 2, 2, 2, 2, 2, 2, 2, 2, 2, 2, 2, 2, 2, 2, 2, 2, 2, 2, 2, 2, 2, 2, 2, 2, 2, 2, 2, 2, 2, 2, 2, 2, 2, 2, 2, 2, 2, 2, 2, 2, 2, 2, 2, 2, 2, 2, 2, 2, 2, 2, 2, 2, 2, 2, 2, 2, 2, 2, 2, 2, 2, 2, 2, 2, 2, 2, 2, 2, 2, 2, 2, 2, 2, 2, 2, 2, 2, 2, 2, 2, 2, 2, 2, 2, 2, 2, 2, 2, 2, 2]",3,128,1,20260829,15bb98ecb29785db4a18130c0499eaf71f0aafc22901a4355e2ce6d8b98cd312,float32,7597,0.09119556747428784,MEASURED,,compact,2597.108887,2596.901611333333,2596.689941,2596.906006,msprof_op_task_duration_acceptance,verify_d2,2.10.0.post4.dev20260715,2.10.0+cpu,4,3.2.0,6b5219f487b5b3ac57679a6a4387bc1d5d3a75f9
full,c47f9bdcfb879eb73723521240a48a9bae99349d094a1fb82563535aabde82ec,6b5219f487b5b3ac57679a6a4387bc1d5d3a75f9,64,native_NHD_then_page_head_token_dim_permute,82f9e00dd9c169444330b20b411fdeeade867cd0d7fc3bfb55371c5c1a8d00fa,9.1.0,"[4096, 4096, 4096, 4096, 4096, 4096, 4096, 4096, 4096, 4096, 4096, 4096, 4096, 4096, 4096, 4096, 4096, 4096, 4096, 4096, 4096, 4096, 4096, 4096, 4096, 4096, 4096, 4096, 4096, 4096, 4096, 4096, 4096, 4096, 4096, 4096, 4096, 4096, 4096, 4096, 4096, 4096, 4096, 4096, 4096, 4096, 4096, 4096, 4096, 4096, 4096, 4096, 4096, 4096, 4096, 4096, 4096, 4096, 4096, 4096, 4096, 4096, 4096, 4096, 4096, 4096, 4096, 4096, 4096, 4096, 4096, 4096, 4096, 4096, 4096, 4096, 4096, 4096, 4096, 4096, 4096, 4096, 4096, 4096, 4096, 4096, 4096, 4096, 4096, 4096, 4096, 4096, 4096, 4096, 4096, 4096, 4096, 4096, 4096, 4096, 4096, 4096, 4096, 4096, 4096, 4096, 4096, 4096, 4096, 4096, 4096, 4096, 4096, 4096, 4096, 4096, 4096, 4096, 4096, 4096, 4096, 4096, 4096, 4096, 4096, 4096, 4096, 4096, 4096, 4096, 4096, 4096, 4096, 4096, 4096, 4096, 4096, 4096, 4096, 4096, 4096, 4096, 4096, 4096, 4096, 4096, 4096, 4096, 4096, 4096, 4096, 4096, 4096, 4096, 4096, 4096, 4096, 4096, 4096, 4096, 4096, 4096, 4096, 4096, 4096, 4096, 4096, 4096, 4096, 4096, 4096, 4096, 4096, 4096, 4096, 4096, 4096, 4096, 4096, 4096, 4096, 4096, 4096, 4096, 4096, 4096, 4096, 4096, 4096, 4096, 4096, 4096, 4096, 4096, 4096, 4096, 4096, 4096, 4096, 4096, 4096, 4096, 4096, 4096, 4096, 4096, 4096, 4096, 4096, 4096, 4096, 4096, 4096, 4096, 4096, 4096, 4096, 4096, 4096, 4096, 4096, 4096, 4096, 4096, 4096, 4096, 4096, 4096, 4096, 4096, 4096, 4096, 4096, 4096, 4096, 4096, 4096, 4096, 4096, 4096, 4096, 4096, 4096, 4096, 4096, 4096, 4096, 4096, 4096, 4096, 4096, 4096, 4096, 4096, 4096, 4096]","[2, 2, 2, 2, 2, 2, 2, 2, 2, 2, 2, 2, 2, 2, 2, 2, 2, 2, 2, 2, 2, 2, 2, 2, 2, 2, 2, 2, 2, 2, 2, 2, 2, 2, 2, 2, 2, 2, 2, 2, 2, 2, 2, 2, 2, 2, 2, 2, 2, 2, 2, 2, 2, 2, 2, 2, 2, 2, 2, 2, 2, 2, 2, 2, 2, 2, 2, 2, 2, 2, 2, 2, 2, 2, 2, 2, 2, 2, 2, 2, 2, 2, 2, 2, 2, 2, 2, 2, 2, 2, 2, 2, 2, 2, 2, 2, 2, 2, 2, 2, 2, 2, 2, 2, 2, 2, 2, 2, 2, 2, 2, 2, 2, 2, 2, 2, 2, 2, 2, 2, 2, 2, 2, 2, 2, 2, 2, 2, 2, 2, 2, 2, 2, 2, 2, 2, 2, 2, 2, 2, 2, 2, 2, 2, 2, 2, 2, 2, 2, 2, 2, 2, 2, 2, 2, 2, 2, 2, 2, 2, 2, 2, 2, 2, 2, 2, 2, 2, 2, 2, 2, 2, 2, 2, 2, 2, 2, 2, 2, 2, 2, 2, 2, 2, 2, 2, 2, 2, 2, 2, 2, 2, 2, 2, 2, 2, 2, 2, 2, 2, 2, 2, 2, 2, 2, 2, 2, 2, 2, 2, 2, 2, 2, 2, 2, 2, 2, 2, 2, 2, 2, 2, 2, 2, 2, 2, 2, 2, 2, 2, 2, 2, 2, 2, 2, 2, 2, 2, 2, 2, 2, 2, 2, 2, 2, 2, 2, 2, 2, 2, 2, 2, 2, 2, 2, 2]",0,full_verify_d2_m512_kv4096_uniform_compact_tp4,True,npu:5,5,Ascend950PR_957b,2,bfloat16,False,256,paged_prefill_page_aggregation_kernel,4096,uniform,512,2,4096,28,1,6,56,64,msprof/baseline/paged_prefill_page_aggregation_kernel.log.gz,baseline,3.11.10,512,256,msprof_primary_kernel,"[4096, 4096, 4096, 4096, 4096, 4096, 4096, 4096, 4096, 4096, 4096, 4096, 4096, 4096, 4096, 4096, 4096, 4096, 4096, 4096, 4096, 4096, 4096, 4096, 4096, 4096, 4096, 4096, 4096, 4096, 4096, 4096, 4096, 4096, 4096, 4096, 4096, 4096, 4096, 4096, 4096, 4096, 4096, 4096, 4096, 4096, 4096, 4096, 4096, 4096, 4096, 4096, 4096, 4096, 4096, 4096, 4096, 4096, 4096, 4096, 4096, 4096, 4096, 4096, 4096, 4096, 4096, 4096, 4096, 4096, 4096, 4096, 4096, 4096, 4096, 4096, 4096, 4096, 4096, 4096, 4096, 4096, 4096, 4096, 4096, 4096, 4096, 4096, 4096, 4096, 4096, 4096, 4096, 4096, 4096, 4096, 4096, 4096, 4096, 4096, 4096, 4096, 4096, 4096, 4096, 4096, 4096, 4096, 4096, 4096, 4096, 4096, 4096, 4096, 4096, 4096, 4096, 4096, 4096, 4096, 4096, 4096, 4096, 4096, 4096, 4096, 4096, 4096, 4096, 4096, 4096, 4096, 4096, 4096, 4096, 4096, 4096, 4096, 4096, 4096, 4096, 4096, 4096, 4096, 4096, 4096, 4096, 4096, 4096, 4096, 4096, 4096, 4096, 4096, 4096, 4096, 4096, 4096, 4096, 4096, 4096, 4096, 4096, 4096, 4096, 4096, 4096, 4096, 4096, 4096, 4096, 4096, 4096, 4096, 4096, 4096, 4096, 4096, 4096, 4096, 4096, 4096, 4096, 4096, 4096, 4096, 4096, 4096, 4096, 4096, 4096, 4096, 4096, 4096, 4096, 4096, 4096, 4096, 4096, 4096, 4096, 4096, 4096, 4096, 4096, 4096, 4096, 4096, 4096, 4096, 4096, 4096, 4096, 4096, 4096, 4096, 4096, 4096, 4096, 4096, 4096, 4096, 4096, 4096, 4096, 4096, 4096, 4096, 4096, 4096, 4096, 4096, 4096, 4096, 4096, 4096, 4096, 4096, 4096, 4096, 4096, 4096, 4096, 4096, 4096, 4096, 4096, 4096, 4096, 4096, 4096, 4096, 4096, 4096, 4096, 4096]","[2, 2, 2, 2, 2, 2, 2, 2, 2, 2, 2, 2, 2, 2, 2, 2, 2, 2, 2, 2, 2, 2, 2, 2, 2, 2, 2, 2, 2, 2, 2, 2, 2, 2, 2, 2, 2, 2, 2, 2, 2, 2, 2, 2, 2, 2, 2, 2, 2, 2, 2, 2, 2, 2, 2, 2, 2, 2, 2, 2, 2, 2, 2, 2, 2, 2, 2, 2, 2, 2, 2, 2, 2, 2, 2, 2, 2, 2, 2, 2, 2, 2, 2, 2, 2, 2, 2, 2, 2, 2, 2, 2, 2, 2, 2, 2, 2, 2, 2, 2, 2, 2, 2, 2, 2, 2, 2, 2, 2, 2, 2, 2, 2, 2, 2, 2, 2, 2, 2, 2, 2, 2, 2, 2, 2, 2, 2, 2, 2, 2, 2, 2, 2, 2, 2, 2, 2, 2, 2, 2, 2, 2, 2, 2, 2, 2, 2, 2, 2, 2, 2, 2, 2, 2, 2, 2, 2, 2, 2, 2, 2, 2, 2, 2, 2, 2, 2, 2, 2, 2, 2, 2, 2, 2, 2, 2, 2, 2, 2, 2, 2, 2, 2, 2, 2, 2, 2, 2, 2, 2, 2, 2, 2, 2, 2, 2, 2, 2, 2, 2, 2, 2, 2, 2, 2, 2, 2, 2, 2, 2, 2, 2, 2, 2, 2, 2, 2, 2, 2, 2, 2, 2, 2, 2, 2, 2, 2, 2, 2, 2, 2, 2, 2, 2, 2, 2, 2, 2, 2, 2, 2, 2, 2, 2, 2, 2, 2, 2, 2, 2, 2, 2, 2, 2, 2, 2]",3,256,1,20260829,15bb98ecb29785db4a18130c0499eaf71f0aafc22901a4355e2ce6d8b98cd312,float32,7597,0.09119556747428784,MEASURED,,compact,5099.727051,5099.236491,5098.560059,5099.422363,msprof_op_task_duration_acceptance,verify_d2,2.10.0.post4.dev20260715,2.10.0+cpu,4,3.2.0,6b5219f487b5b3ac57679a6a4387bc1d5d3a75f9
full,c47f9bdcfb879eb73723521240a48a9bae99349d094a1fb82563535aabde82ec,6b5219f487b5b3ac57679a6a4387bc1d5d3a75f9,64,native_NHD_then_page_head_token_dim_permute,82f9e00dd9c169444330b20b411fdeeade867cd0d7fc3bfb55371c5c1a8d00fa,9.1.0,"[4096, 4096, 4096, 4096, 4096, 4096, 4096, 4096, 4096, 4096, 4096, 4096, 4096, 4096, 4096, 4096, 4096, 4096, 4096, 4096, 4096, 4096, 4096, 4096, 4096, 4096, 4096, 4096, 4096, 4096, 4096, 4096, 4096, 4096, 4096, 4096, 4096, 4096, 4096, 4096, 4096, 4096, 4096, 4096, 4096, 4096, 4096, 4096, 4096, 4096, 4096, 4096, 4096, 4096, 4096, 4096, 4096, 4096, 4096, 4096, 4096, 4096, 4096, 4096, 4096, 4096, 4096, 4096, 4096, 4096, 4096, 4096, 4096, 4096, 4096, 4096, 4096, 4096, 4096, 4096, 4096, 4096, 4096, 4096, 4096, 4096, 4096, 4096, 4096, 4096, 4096, 4096, 4096, 4096, 4096, 4096, 4096, 4096, 4096, 4096, 4096, 4096, 4096, 4096, 4096, 4096, 4096, 4096, 4096, 4096, 4096, 4096, 4096, 4096, 4096, 4096, 4096, 4096, 4096, 4096, 4096, 4096, 4096, 4096, 4096, 4096, 4096, 4096, 4096, 4096, 4096, 4096, 4096, 4096, 4096, 4096, 4096, 4096, 4096, 4096, 4096, 4096, 4096, 4096, 4096, 4096, 4096, 4096, 4096, 4096, 4096, 4096, 4096, 4096, 4096, 4096, 4096, 4096, 4096, 4096, 4096, 4096, 4096, 4096, 4096, 4096, 4096, 4096, 4096, 4096, 4096, 4096, 4096, 4096, 4096, 4096, 4096, 4096, 4096, 4096, 4096, 4096, 4096, 4096, 4096, 4096, 4096, 4096, 4096, 4096, 4096, 4096, 4096, 4096, 4096, 4096, 4096, 4096, 4096, 4096, 4096, 4096, 4096, 4096, 4096, 4096, 4096, 4096, 4096, 4096, 4096, 4096, 4096, 4096, 4096, 4096, 4096, 4096, 4096, 4096, 4096, 4096, 4096, 4096, 4096, 4096, 4096, 4096, 4096, 4096, 4096, 4096, 4096, 4096, 4096, 4096, 4096, 4096, 4096, 4096, 4096, 4096, 4096, 4096, 4096, 4096, 4096, 4096, 4096, 4096, 4096, 4096, 4096, 4096, 4096, 4096, 4096, 4096, 4096, 4096, 4096, 4096, 4096, 4096, 4096, 4096, 4096, 4096, 4096, 4096, 4096, 4096, 4096, 4096, 4096, 4096, 4096, 4096, 4096, 4096, 4096, 4096, 4096, 4096, 4096, 4096, 4096, 4096, 4096, 4096, 4096, 4096, 4096, 4096, 4096, 4096, 4096, 4096, 4096, 4096, 4096, 4096, 4096, 4096, 4096, 4096, 4096, 4096, 4096, 4096, 4096, 4096, 4096, 4096, 4096, 4096, 4096, 4096, 4096, 4096, 4096, 4096, 4096, 4096, 4096, 4096, 4096, 4096, 4096, 4096, 4096, 4096, 4096, 4096, 4096, 4096, 4096, 4096, 4096, 4096, 4096, 4096, 4096, 4096, 4096, 4096, 4096, 4096, 4096, 4096, 4096, 4096, 4096, 4096, 4096, 4096, 4096, 4096, 4096, 4096, 4096, 4096, 4096, 4096, 4096, 4096, 4096, 4096, 4096, 4096, 4096, 4096, 4096, 4096, 4096, 4096, 4096, 4096, 4096, 4096, 4096, 4096, 4096, 4096, 4096, 4096, 4096, 4096, 4096, 4096, 4096, 4096, 4096, 4096, 4096, 4096, 4096, 4096, 4096, 4096, 4096, 4096, 4096, 4096, 4096, 4096, 4096, 4096, 4096, 4096, 4096, 4096, 4096, 4096, 4096, 4096, 4096, 4096, 4096, 4096, 4096, 4096, 4096, 4096, 4096, 4096, 4096, 4096, 4096, 4096, 4096, 4096, 4096, 4096, 4096, 4096, 4096, 4096, 4096, 4096, 4096, 4096, 4096, 4096, 4096, 4096, 4096, 4096, 4096, 4096, 4096, 4096, 4096, 4096, 4096, 4096, 4096, 4096, 4096, 4096, 4096, 4096, 4096, 4096, 4096, 4096, 4096, 4096, 4096, 4096, 4096, 4096, 4096, 4096, 4096, 4096, 4096, 4096, 4096, 4096, 4096, 4096, 4096, 4096, 4096, 4096, 4096, 4096, 4096, 4096, 4096, 4096, 4096, 4096, 4096, 4096, 4096, 4096, 4096, 4096, 4096, 4096, 4096, 4096, 4096, 4096, 4096, 4096, 4096, 4096, 4096, 4096]","[2, 2, 2, 2, 2, 2, 2, 2, 2, 2, 2, 2, 2, 2, 2, 2, 2, 2, 2, 2, 2, 2, 2, 2, 2, 2, 2, 2, 2, 2, 2, 2, 2, 2, 2, 2, 2, 2, 2, 2, 2, 2, 2, 2, 2, 2, 2, 2, 2, 2, 2, 2, 2, 2, 2, 2, 2, 2, 2, 2, 2, 2, 2, 2, 2, 2, 2, 2, 2, 2, 2, 2, 2, 2, 2, 2, 2, 2, 2, 2, 2, 2, 2, 2, 2, 2, 2, 2, 2, 2, 2, 2, 2, 2, 2, 2, 2, 2, 2, 2, 2, 2, 2, 2, 2, 2, 2, 2, 2, 2, 2, 2, 2, 2, 2, 2, 2, 2, 2, 2, 2, 2, 2, 2, 2, 2, 2, 2, 2, 2, 2, 2, 2, 2, 2, 2, 2, 2, 2, 2, 2, 2, 2, 2, 2, 2, 2, 2, 2, 2, 2, 2, 2, 2, 2, 2, 2, 2, 2, 2, 2, 2, 2, 2, 2, 2, 2, 2, 2, 2, 2, 2, 2, 2, 2, 2, 2, 2, 2, 2, 2, 2, 2, 2, 2, 2, 2, 2, 2, 2, 2, 2, 2, 2, 2, 2, 2, 2, 2, 2, 2, 2, 2, 2, 2, 2, 2, 2, 2, 2, 2, 2, 2, 2, 2, 2, 2, 2, 2, 2, 2, 2, 2, 2, 2, 2, 2, 2, 2, 2, 2, 2, 2, 2, 2, 2, 2, 2, 2, 2, 2, 2, 2, 2, 2, 2, 2, 2, 2, 2, 2, 2, 2, 2, 2, 2, 2, 2, 2, 2, 2, 2, 2, 2, 2, 2, 2, 2, 2, 2, 2, 2, 2, 2, 2, 2, 2, 2, 2, 2, 2, 2, 2, 2, 2, 2, 2, 2, 2, 2, 2, 2, 2, 2, 2, 2, 2, 2, 2, 2, 2, 2, 2, 2, 2, 2, 2, 2, 2, 2, 2, 2, 2, 2, 2, 2, 2, 2, 2, 2, 2, 2, 2, 2, 2, 2, 2, 2, 2, 2, 2, 2, 2, 2, 2, 2, 2, 2, 2, 2, 2, 2, 2, 2, 2, 2, 2, 2, 2, 2, 2, 2, 2, 2, 2, 2, 2, 2, 2, 2, 2, 2, 2, 2, 2, 2, 2, 2, 2, 2, 2, 2, 2, 2, 2, 2, 2, 2, 2, 2, 2, 2, 2, 2, 2, 2, 2, 2, 2, 2, 2, 2, 2, 2, 2, 2, 2, 2, 2, 2, 2, 2, 2, 2, 2, 2, 2, 2, 2, 2, 2, 2, 2, 2, 2, 2, 2, 2, 2, 2, 2, 2, 2, 2, 2, 2, 2, 2, 2, 2, 2, 2, 2, 2, 2, 2, 2, 2, 2, 2, 2, 2, 2, 2, 2, 2, 2, 2, 2, 2, 2, 2, 2, 2, 2, 2, 2, 2, 2, 2, 2, 2, 2, 2, 2, 2, 2, 2, 2, 2, 2, 2, 2, 2, 2, 2, 2, 2, 2, 2, 2, 2, 2, 2, 2, 2, 2, 2, 2, 2, 2, 2, 2, 2, 2, 2, 2, 2, 2, 2, 2, 2, 2, 2, 2, 2, 2, 2, 2, 2, 2, 2]",0,full_verify_d2_m1024_kv4096_uniform_compact_tp4,True,npu:5,5,Ascend950PR_957b,2,bfloat16,False,256,paged_prefill_page_aggregation_kernel,4096,uniform,1024,2,4096,28,1,6,56,64,msprof/baseline/paged_prefill_page_aggregation_kernel.log.gz,baseline,3.11.10,1024,512,msprof_primary_kernel,"[4096, 4096, 4096, 4096, 4096, 4096, 4096, 4096, 4096, 4096, 4096, 4096, 4096, 4096, 4096, 4096, 4096, 4096, 4096, 4096, 4096, 4096, 4096, 4096, 4096, 4096, 4096, 4096, 4096, 4096, 4096, 4096, 4096, 4096, 4096, 4096, 4096, 4096, 4096, 4096, 4096, 4096, 4096, 4096, 4096, 4096, 4096, 4096, 4096, 4096, 4096, 4096, 4096, 4096, 4096, 4096, 4096, 4096, 4096, 4096, 4096, 4096, 4096, 4096, 4096, 4096, 4096, 4096, 4096, 4096, 4096, 4096, 4096, 4096, 4096, 4096, 4096, 4096, 4096, 4096, 4096, 4096, 4096, 4096, 4096, 4096, 4096, 4096, 4096, 4096, 4096, 4096, 4096, 4096, 4096, 4096, 4096, 4096, 4096, 4096, 4096, 4096, 4096, 4096, 4096, 4096, 4096, 4096, 4096, 4096, 4096, 4096, 4096, 4096, 4096, 4096, 4096, 4096, 4096, 4096, 4096, 4096, 4096, 4096, 4096, 4096, 4096, 4096, 4096, 4096, 4096, 4096, 4096, 4096, 4096, 4096, 4096, 4096, 4096, 4096, 4096, 4096, 4096, 4096, 4096, 4096, 4096, 4096, 4096, 4096, 4096, 4096, 4096, 4096, 4096, 4096, 4096, 4096, 4096, 4096, 4096, 4096, 4096, 4096, 4096, 4096, 4096, 4096, 4096, 4096, 4096, 4096, 4096, 4096, 4096, 4096, 4096, 4096, 4096, 4096, 4096, 4096, 4096, 4096, 4096, 4096, 4096, 4096, 4096, 4096, 4096, 4096, 4096, 4096, 4096, 4096, 4096, 4096, 4096, 4096, 4096, 4096, 4096, 4096, 4096, 4096, 4096, 4096, 4096, 4096, 4096, 4096, 4096, 4096, 4096, 4096, 4096, 4096, 4096, 4096, 4096, 4096, 4096, 4096, 4096, 4096, 4096, 4096, 4096, 4096, 4096, 4096, 4096, 4096, 4096, 4096, 4096, 4096, 4096, 4096, 4096, 4096, 4096, 4096, 4096, 4096, 4096, 4096, 4096, 4096, 4096, 4096, 4096, 4096, 4096, 4096, 4096, 4096, 4096, 4096, 4096, 4096, 4096, 4096, 4096, 4096, 4096, 4096, 4096, 4096, 4096, 4096, 4096, 4096, 4096, 4096, 4096, 4096, 4096, 4096, 4096, 4096, 4096, 4096, 4096, 4096, 4096, 4096, 4096, 4096, 4096, 4096, 4096, 4096, 4096, 4096, 4096, 4096, 4096, 4096, 4096, 4096, 4096, 4096, 4096, 4096, 4096, 4096, 4096, 4096, 4096, 4096, 4096, 4096, 4096, 4096, 4096, 4096, 4096, 4096, 4096, 4096, 4096, 4096, 4096, 4096, 4096, 4096, 4096, 4096, 4096, 4096, 4096, 4096, 4096, 4096, 4096, 4096, 4096, 4096, 4096, 4096, 4096, 4096, 4096, 4096, 4096, 4096, 4096, 4096, 4096, 4096, 4096, 4096, 4096, 4096, 4096, 4096, 4096, 4096, 4096, 4096, 4096, 4096, 4096, 4096, 4096, 4096, 4096, 4096, 4096, 4096, 4096, 4096, 4096, 4096, 4096, 4096, 4096, 4096, 4096, 4096, 4096, 4096, 4096, 4096, 4096, 4096, 4096, 4096, 4096, 4096, 4096, 4096, 4096, 4096, 4096, 4096, 4096, 4096, 4096, 4096, 4096, 4096, 4096, 4096, 4096, 4096, 4096, 4096, 4096, 4096, 4096, 4096, 4096, 4096, 4096, 4096, 4096, 4096, 4096, 4096, 4096, 4096, 4096, 4096, 4096, 4096, 4096, 4096, 4096, 4096, 4096, 4096, 4096, 4096, 4096, 4096, 4096, 4096, 4096, 4096, 4096, 4096, 4096, 4096, 4096, 4096, 4096, 4096, 4096, 4096, 4096, 4096, 4096, 4096, 4096, 4096, 4096, 4096, 4096, 4096, 4096, 4096, 4096, 4096, 4096, 4096, 4096, 4096, 4096, 4096, 4096, 4096, 4096, 4096, 4096, 4096, 4096, 4096, 4096, 4096, 4096, 4096, 4096, 4096, 4096, 4096, 4096, 4096, 4096, 4096, 4096, 4096, 4096, 4096, 4096, 4096, 4096, 4096, 4096, 4096, 4096, 4096, 4096, 4096, 4096, 4096, 4096, 4096, 4096, 4096]","[2, 2, 2, 2, 2, 2, 2, 2, 2, 2, 2, 2, 2, 2, 2, 2, 2, 2, 2, 2, 2, 2, 2, 2, 2, 2, 2, 2, 2, 2, 2, 2, 2, 2, 2, 2, 2, 2, 2, 2, 2, 2, 2, 2, 2, 2, 2, 2, 2, 2, 2, 2, 2, 2, 2, 2, 2, 2, 2, 2, 2, 2, 2, 2, 2, 2, 2, 2, 2, 2, 2, 2, 2, 2, 2, 2, 2, 2, 2, 2, 2, 2, 2, 2, 2, 2, 2, 2, 2, 2, 2, 2, 2, 2, 2, 2, 2, 2, 2, 2, 2, 2, 2, 2, 2, 2, 2, 2, 2, 2, 2, 2, 2, 2, 2, 2, 2, 2, 2, 2, 2, 2, 2, 2, 2, 2, 2, 2, 2, 2, 2, 2, 2, 2, 2, 2, 2, 2, 2, 2, 2, 2, 2, 2, 2, 2, 2, 2, 2, 2, 2, 2, 2, 2, 2, 2, 2, 2, 2, 2, 2, 2, 2, 2, 2, 2, 2, 2, 2, 2, 2, 2, 2, 2, 2, 2, 2, 2, 2, 2, 2, 2, 2, 2, 2, 2, 2, 2, 2, 2, 2, 2, 2, 2, 2, 2, 2, 2, 2, 2, 2, 2, 2, 2, 2, 2, 2, 2, 2, 2, 2, 2, 2, 2, 2, 2, 2, 2, 2, 2, 2, 2, 2, 2, 2, 2, 2, 2, 2, 2, 2, 2, 2, 2, 2, 2, 2, 2, 2, 2, 2, 2, 2, 2, 2, 2, 2, 2, 2, 2, 2, 2, 2, 2, 2, 2, 2, 2, 2, 2, 2, 2, 2, 2, 2, 2, 2, 2, 2, 2, 2, 2, 2, 2, 2, 2, 2, 2, 2, 2, 2, 2, 2, 2, 2, 2, 2, 2, 2, 2, 2, 2, 2, 2, 2, 2, 2, 2, 2, 2, 2, 2, 2, 2, 2, 2, 2, 2, 2, 2, 2, 2, 2, 2, 2, 2, 2, 2, 2, 2, 2, 2, 2, 2, 2, 2, 2, 2, 2, 2, 2, 2, 2, 2, 2, 2, 2, 2, 2, 2, 2, 2, 2, 2, 2, 2, 2, 2, 2, 2, 2, 2, 2, 2, 2, 2, 2, 2, 2, 2, 2, 2, 2, 2, 2, 2, 2, 2, 2, 2, 2, 2, 2, 2, 2, 2, 2, 2, 2, 2, 2, 2, 2, 2, 2, 2, 2, 2, 2, 2, 2, 2, 2, 2, 2, 2, 2, 2, 2, 2, 2, 2, 2, 2, 2, 2, 2, 2, 2, 2, 2, 2, 2, 2, 2, 2, 2, 2, 2, 2, 2, 2, 2, 2, 2, 2, 2, 2, 2, 2, 2, 2, 2, 2, 2, 2, 2, 2, 2, 2, 2, 2, 2, 2, 2, 2, 2, 2, 2, 2, 2, 2, 2, 2, 2, 2, 2, 2, 2, 2, 2, 2, 2, 2, 2, 2, 2, 2, 2, 2, 2, 2, 2, 2, 2, 2, 2, 2, 2, 2, 2, 2, 2, 2, 2, 2, 2, 2, 2, 2, 2, 2, 2, 2, 2, 2, 2, 2, 2, 2, 2, 2, 2, 2, 2, 2, 2, 2, 2, 2, 2, 2]",3,512,1,20260829,15bb98ecb29785db4a18130c0499eaf71f0aafc22901a4355e2ce6d8b98cd312,float32,7597,0.09119556747428784,MEASURED,,compact,10192.936523,10192.717773333334,10192.398438,10192.818359,msprof_op_task_duration_acceptance,verify_d2,2.10.0.post4.dev20260715,2.10.0+cpu,4,3.2.0,6b5219f487b5b3ac57679a6a4387bc1d5d3a75f9
full,c47f9bdcfb879eb73723521240a48a9bae99349d094a1fb82563535aabde82ec,6b5219f487b5b3ac57679a6a4387bc1d5d3a75f9,64,native_NHD_then_page_head_token_dim_permute,82f9e00dd9c169444330b20b411fdeeade867cd0d7fc3bfb55371c5c1a8d00fa,9.1.0,"[4096, 4096, 4096, 4096, 4096, 4096, 4096, 4096, 4096, 4096, 4096, 4096, 4096, 4096, 4096, 4096, 4096, 4096, 4096, 4096, 4096, 4096, 4096, 4096, 4096, 4096, 4096, 4096, 4096, 4096, 4096, 4096, 4096, 4096, 4096, 4096, 4096, 4096, 4096, 4096, 4096, 4096, 4096]","[3, 3, 3, 3, 3, 3, 3, 3, 3, 3, 3, 3, 3, 3, 3, 3, 3, 3, 3, 3, 3, 3, 3, 3, 3, 3, 3, 3, 3, 3, 3, 3, 3, 3, 3, 3, 3, 3, 3, 3, 3, 3, 3]",0,full_verify_d3_m129_kv4096_uniform_compact_tp4,True,npu:5,5,Ascend950PR_957b,3,bfloat16,False,256,paged_prefill_page_aggregation_kernel,4096,uniform,129,3,4096,28,1,6,56,64,msprof/baseline/paged_prefill_page_aggregation_kernel.log.gz,baseline,3.11.10,129,43,msprof_primary_kernel,"[4096, 4096, 4096, 4096, 4096, 4096, 4096, 4096, 4096, 4096, 4096, 4096, 4096, 4096, 4096, 4096, 4096, 4096, 4096, 4096, 4096, 4096, 4096, 4096, 4096, 4096, 4096, 4096, 4096, 4096, 4096, 4096, 4096, 4096, 4096, 4096, 4096, 4096, 4096, 4096, 4096, 4096, 4096]","[3, 3, 3, 3, 3, 3, 3, 3, 3, 3, 3, 3, 3, 3, 3, 3, 3, 3, 3, 3, 3, 3, 3, 3, 3, 3, 3, 3, 3, 3, 3, 3, 3, 3, 3, 3, 3, 3, 3, 3, 3, 3, 3]",3,43,1,20260829,15bb98ecb29785db4a18130c0499eaf71f0aafc22901a4355e2ce6d8b98cd312,float32,7597,0.09119556747428784,MEASURED,,compact,931.38501,930.7980143333333,930.294006,930.715027,msprof_op_task_duration_acceptance,verify_d3,2.10.0.post4.dev20260715,2.10.0+cpu,4,3.2.0,6b5219f487b5b3ac57679a6a4387bc1d5d3a75f9
full,c47f9bdcfb879eb73723521240a48a9bae99349d094a1fb82563535aabde82ec,6b5219f487b5b3ac57679a6a4387bc1d5d3a75f9,64,native_NHD_then_page_head_token_dim_permute,82f9e00dd9c169444330b20b411fdeeade867cd0d7fc3bfb55371c5c1a8d00fa,9.1.0,"[4096, 4096, 4096, 4096, 4096, 4096, 4096, 4096, 4096, 4096, 4096, 4096, 4096, 4096, 4096, 4096, 4096, 4096, 4096, 4096, 4096, 4096, 4096, 4096, 4096, 4096, 4096, 4096, 4096, 4096, 4096, 4096, 4096, 4096, 4096, 4096, 4096, 4096, 4096, 4096, 4096, 4096, 4096, 4096, 4096, 4096, 4096, 4096, 4096, 4096, 4096, 4096, 4096, 4096, 4096, 4096, 4096, 4096, 4096, 4096, 4096, 4096, 4096, 4096, 4096, 4096, 4096, 4096, 4096, 4096, 4096, 4096, 4096, 4096, 4096, 4096, 4096, 4096, 4096, 4096, 4096, 4096, 4096, 4096, 4096]","[3, 3, 3, 3, 3, 3, 3, 3, 3, 3, 3, 3, 3, 3, 3, 3, 3, 3, 3, 3, 3, 3, 3, 3, 3, 3, 3, 3, 3, 3, 3, 3, 3, 3, 3, 3, 3, 3, 3, 3, 3, 3, 3, 3, 3, 3, 3, 3, 3, 3, 3, 3, 3, 3, 3, 3, 3, 3, 3, 3, 3, 3, 3, 3, 3, 3, 3, 3, 3, 3, 3, 3, 3, 3, 3, 3, 3, 3, 3, 3, 3, 3, 3, 3, 3]",0,full_verify_d3_m255_kv4096_uniform_compact_tp4,True,npu:5,5,Ascend950PR_957b,3,bfloat16,False,256,paged_prefill_page_aggregation_kernel,4096,uniform,255,3,4096,28,1,6,56,64,msprof/baseline/paged_prefill_page_aggregation_kernel.log.gz,baseline,3.11.10,255,85,msprof_primary_kernel,"[4096, 4096, 4096, 4096, 4096, 4096, 4096, 4096, 4096, 4096, 4096, 4096, 4096, 4096, 4096, 4096, 4096, 4096, 4096, 4096, 4096, 4096, 4096, 4096, 4096, 4096, 4096, 4096, 4096, 4096, 4096, 4096, 4096, 4096, 4096, 4096, 4096, 4096, 4096, 4096, 4096, 4096, 4096, 4096, 4096, 4096, 4096, 4096, 4096, 4096, 4096, 4096, 4096, 4096, 4096, 4096, 4096, 4096, 4096, 4096, 4096, 4096, 4096, 4096, 4096, 4096, 4096, 4096, 4096, 4096, 4096, 4096, 4096, 4096, 4096, 4096, 4096, 4096, 4096, 4096, 4096, 4096, 4096, 4096, 4096]","[3, 3, 3, 3, 3, 3, 3, 3, 3, 3, 3, 3, 3, 3, 3, 3, 3, 3, 3, 3, 3, 3, 3, 3, 3, 3, 3, 3, 3, 3, 3, 3, 3, 3, 3, 3, 3, 3, 3, 3, 3, 3, 3, 3, 3, 3, 3, 3, 3, 3, 3, 3, 3, 3, 3, 3, 3, 3, 3, 3, 3, 3, 3, 3, 3, 3, 3, 3, 3, 3, 3, 3, 3, 3, 3, 3, 3, 3, 3, 3, 3, 3, 3, 3, 3]",3,85,1,20260829,15bb98ecb29785db4a18130c0499eaf71f0aafc22901a4355e2ce6d8b98cd312,float32,7597,0.09119556747428784,MEASURED,,compact,1764.347046,1763.9167076666665,1763.501099,1763.901978,msprof_op_task_duration_acceptance,verify_d3,2.10.0.post4.dev20260715,2.10.0+cpu,4,3.2.0,6b5219f487b5b3ac57679a6a4387bc1d5d3a75f9
full,c47f9bdcfb879eb73723521240a48a9bae99349d094a1fb82563535aabde82ec,6b5219f487b5b3ac57679a6a4387bc1d5d3a75f9,64,native_NHD_then_page_head_token_dim_permute,82f9e00dd9c169444330b20b411fdeeade867cd0d7fc3bfb55371c5c1a8d00fa,9.1.0,"[4096, 4096, 4096, 4096, 4096, 4096, 4096, 4096, 4096, 4096, 4096, 4096, 4096, 4096, 4096, 4096, 4096, 4096, 4096, 4096, 4096, 4096, 4096, 4096, 4096, 4096, 4096, 4096, 4096, 4096, 4096, 4096, 4096, 4096, 4096, 4096, 4096, 4096, 4096, 4096, 4096, 4096, 4096, 4096, 4096, 4096, 4096, 4096, 4096, 4096, 4096, 4096, 4096, 4096, 4096, 4096, 4096, 4096, 4096, 4096, 4096, 4096, 4096, 4096, 4096, 4096, 4096, 4096, 4096, 4096, 4096, 4096, 4096, 4096, 4096, 4096, 4096, 4096, 4096, 4096, 4096, 4096, 4096, 4096, 4096, 4096, 4096, 4096, 4096, 4096, 4096, 4096, 4096, 4096, 4096, 4096, 4096, 4096, 4096, 4096, 4096, 4096, 4096, 4096, 4096, 4096, 4096, 4096, 4096, 4096, 4096, 4096, 4096, 4096, 4096, 4096, 4096, 4096, 4096, 4096, 4096, 4096, 4096, 4096, 4096, 4096, 4096, 4096, 4096, 4096, 4096, 4096, 4096, 4096, 4096, 4096, 4096, 4096, 4096, 4096, 4096, 4096, 4096, 4096, 4096, 4096, 4096, 4096, 4096, 4096, 4096, 4096, 4096, 4096, 4096, 4096, 4096, 4096, 4096, 4096, 4096, 4096, 4096, 4096, 4096, 4096, 4096, 4096, 4096, 4096, 4096]","[3, 3, 3, 3, 3, 3, 3, 3, 3, 3, 3, 3, 3, 3, 3, 3, 3, 3, 3, 3, 3, 3, 3, 3, 3, 3, 3, 3, 3, 3, 3, 3, 3, 3, 3, 3, 3, 3, 3, 3, 3, 3, 3, 3, 3, 3, 3, 3, 3, 3, 3, 3, 3, 3, 3, 3, 3, 3, 3, 3, 3, 3, 3, 3, 3, 3, 3, 3, 3, 3, 3, 3, 3, 3, 3, 3, 3, 3, 3, 3, 3, 3, 3, 3, 3, 3, 3, 3, 3, 3, 3, 3, 3, 3, 3, 3, 3, 3, 3, 3, 3, 3, 3, 3, 3, 3, 3, 3, 3, 3, 3, 3, 3, 3, 3, 3, 3, 3, 3, 3, 3, 3, 3, 3, 3, 3, 3, 3, 3, 3, 3, 3, 3, 3, 3, 3, 3, 3, 3, 3, 3, 3, 3, 3, 3, 3, 3, 3, 3, 3, 3, 3, 3, 3, 3, 3, 3, 3, 3, 3, 3, 3, 3, 3, 3, 3, 3, 3, 3, 3, 3]",0,full_verify_d3_m513_kv4096_uniform_compact_tp4,True,npu:5,5,Ascend950PR_957b,3,bfloat16,False,256,paged_prefill_page_aggregation_kernel,4096,uniform,513,3,4096,28,1,6,56,64,msprof/baseline/paged_prefill_page_aggregation_kernel.log.gz,baseline,3.11.10,513,171,msprof_primary_kernel,"[4096, 4096, 4096, 4096, 4096, 4096, 4096, 4096, 4096, 4096, 4096, 4096, 4096, 4096, 4096, 4096, 4096, 4096, 4096, 4096, 4096, 4096, 4096, 4096, 4096, 4096, 4096, 4096, 4096, 4096, 4096, 4096, 4096, 4096, 4096, 4096, 4096, 4096, 4096, 4096, 4096, 4096, 4096, 4096, 4096, 4096, 4096, 4096, 4096, 4096, 4096, 4096, 4096, 4096, 4096, 4096, 4096, 4096, 4096, 4096, 4096, 4096, 4096, 4096, 4096, 4096, 4096, 4096, 4096, 4096, 4096, 4096, 4096, 4096, 4096, 4096, 4096, 4096, 4096, 4096, 4096, 4096, 4096, 4096, 4096, 4096, 4096, 4096, 4096, 4096, 4096, 4096, 4096, 4096, 4096, 4096, 4096, 4096, 4096, 4096, 4096, 4096, 4096, 4096, 4096, 4096, 4096, 4096, 4096, 4096, 4096, 4096, 4096, 4096, 4096, 4096, 4096, 4096, 4096, 4096, 4096, 4096, 4096, 4096, 4096, 4096, 4096, 4096, 4096, 4096, 4096, 4096, 4096, 4096, 4096, 4096, 4096, 4096, 4096, 4096, 4096, 4096, 4096, 4096, 4096, 4096, 4096, 4096, 4096, 4096, 4096, 4096, 4096, 4096, 4096, 4096, 4096, 4096, 4096, 4096, 4096, 4096, 4096, 4096, 4096, 4096, 4096, 4096, 4096, 4096, 4096]","[3, 3, 3, 3, 3, 3, 3, 3, 3, 3, 3, 3, 3, 3, 3, 3, 3, 3, 3, 3, 3, 3, 3, 3, 3, 3, 3, 3, 3, 3, 3, 3, 3, 3, 3, 3, 3, 3, 3, 3, 3, 3, 3, 3, 3, 3, 3, 3, 3, 3, 3, 3, 3, 3, 3, 3, 3, 3, 3, 3, 3, 3, 3, 3, 3, 3, 3, 3, 3, 3, 3, 3, 3, 3, 3, 3, 3, 3, 3, 3, 3, 3, 3, 3, 3, 3, 3, 3, 3, 3, 3, 3, 3, 3, 3, 3, 3, 3, 3, 3, 3, 3, 3, 3, 3, 3, 3, 3, 3, 3, 3, 3, 3, 3, 3, 3, 3, 3, 3, 3, 3, 3, 3, 3, 3, 3, 3, 3, 3, 3, 3, 3, 3, 3, 3, 3, 3, 3, 3, 3, 3, 3, 3, 3, 3, 3, 3, 3, 3, 3, 3, 3, 3, 3, 3, 3, 3, 3, 3, 3, 3, 3, 3, 3, 3, 3, 3, 3, 3, 3, 3]",3,171,1,20260829,15bb98ecb29785db4a18130c0499eaf71f0aafc22901a4355e2ce6d8b98cd312,float32,7597,0.09119556747428784,MEASURED,,compact,3432.161133,3431.9584149999996,3431.773926,3431.940186,msprof_op_task_duration_acceptance,verify_d3,2.10.0.post4.dev20260715,2.10.0+cpu,4,3.2.0,6b5219f487b5b3ac57679a6a4387bc1d5d3a75f9
full,c47f9bdcfb879eb73723521240a48a9bae99349d094a1fb82563535aabde82ec,6b5219f487b5b3ac57679a6a4387bc1d5d3a75f9,64,native_NHD_then_page_head_token_dim_permute,82f9e00dd9c169444330b20b411fdeeade867cd0d7fc3bfb55371c5c1a8d00fa,9.1.0,"[4096, 4096, 4096, 4096, 4096, 4096, 4096, 4096, 4096, 4096, 4096, 4096, 4096, 4096, 4096, 4096, 4096, 4096, 4096, 4096, 4096, 4096, 4096, 4096, 4096, 4096, 4096, 4096, 4096, 4096, 4096, 4096, 4096, 4096, 4096, 4096, 4096, 4096, 4096, 4096, 4096, 4096, 4096, 4096, 4096, 4096, 4096, 4096, 4096, 4096, 4096, 4096, 4096, 4096, 4096, 4096, 4096, 4096, 4096, 4096, 4096, 4096, 4096, 4096, 4096, 4096, 4096, 4096, 4096, 4096, 4096, 4096, 4096, 4096, 4096, 4096, 4096, 4096, 4096, 4096, 4096, 4096, 4096, 4096, 4096, 4096, 4096, 4096, 4096, 4096, 4096, 4096, 4096, 4096, 4096, 4096, 4096, 4096, 4096, 4096, 4096, 4096, 4096, 4096, 4096, 4096, 4096, 4096, 4096, 4096, 4096, 4096, 4096, 4096, 4096, 4096, 4096, 4096, 4096, 4096, 4096, 4096, 4096, 4096, 4096, 4096, 4096, 4096, 4096, 4096, 4096, 4096, 4096, 4096, 4096, 4096, 4096, 4096, 4096, 4096, 4096, 4096, 4096, 4096, 4096, 4096, 4096, 4096, 4096, 4096, 4096, 4096, 4096, 4096, 4096, 4096, 4096, 4096, 4096, 4096, 4096, 4096, 4096, 4096, 4096, 4096, 4096, 4096, 4096, 4096, 4096, 4096, 4096, 4096, 4096, 4096, 4096, 4096, 4096, 4096, 4096, 4096, 4096, 4096, 4096, 4096, 4096, 4096, 4096, 4096, 4096, 4096, 4096, 4096, 4096, 4096, 4096, 4096, 4096, 4096, 4096, 4096, 4096, 4096, 4096, 4096, 4096, 4096, 4096, 4096, 4096, 4096, 4096, 4096, 4096, 4096, 4096, 4096, 4096, 4096, 4096, 4096, 4096, 4096, 4096, 4096, 4096, 4096, 4096, 4096, 4096, 4096, 4096, 4096, 4096, 4096, 4096, 4096, 4096, 4096, 4096, 4096, 4096, 4096, 4096, 4096, 4096, 4096, 4096, 4096, 4096, 4096, 4096, 4096, 4096, 4096, 4096, 4096, 4096, 4096, 4096, 4096, 4096, 4096, 4096, 4096, 4096, 4096, 4096, 4096, 4096, 4096, 4096, 4096, 4096, 4096, 4096, 4096, 4096, 4096, 4096, 4096, 4096, 4096, 4096, 4096, 4096, 4096, 4096, 4096, 4096, 4096, 4096, 4096, 4096, 4096, 4096, 4096, 4096, 4096, 4096, 4096, 4096, 4096, 4096, 4096, 4096, 4096, 4096, 4096, 4096, 4096, 4096, 4096, 4096, 4096, 4096, 4096, 4096, 4096, 4096, 4096, 4096, 4096, 4096, 4096, 4096, 4096, 4096, 4096, 4096, 4096, 4096, 4096, 4096, 4096, 4096, 4096, 4096, 4096, 4096]","[3, 3, 3, 3, 3, 3, 3, 3, 3, 3, 3, 3, 3, 3, 3, 3, 3, 3, 3, 3, 3, 3, 3, 3, 3, 3, 3, 3, 3, 3, 3, 3, 3, 3, 3, 3, 3, 3, 3, 3, 3, 3, 3, 3, 3, 3, 3, 3, 3, 3, 3, 3, 3, 3, 3, 3, 3, 3, 3, 3, 3, 3, 3, 3, 3, 3, 3, 3, 3, 3, 3, 3, 3, 3, 3, 3, 3, 3, 3, 3, 3, 3, 3, 3, 3, 3, 3, 3, 3, 3, 3, 3, 3, 3, 3, 3, 3, 3, 3, 3, 3, 3, 3, 3, 3, 3, 3, 3, 3, 3, 3, 3, 3, 3, 3, 3, 3, 3, 3, 3, 3, 3, 3, 3, 3, 3, 3, 3, 3, 3, 3, 3, 3, 3, 3, 3, 3, 3, 3, 3, 3, 3, 3, 3, 3, 3, 3, 3, 3, 3, 3, 3, 3, 3, 3, 3, 3, 3, 3, 3, 3, 3, 3, 3, 3, 3, 3, 3, 3, 3, 3, 3, 3, 3, 3, 3, 3, 3, 3, 3, 3, 3, 3, 3, 3, 3, 3, 3, 3, 3, 3, 3, 3, 3, 3, 3, 3, 3, 3, 3, 3, 3, 3, 3, 3, 3, 3, 3, 3, 3, 3, 3, 3, 3, 3, 3, 3, 3, 3, 3, 3, 3, 3, 3, 3, 3, 3, 3, 3, 3, 3, 3, 3, 3, 3, 3, 3, 3, 3, 3, 3, 3, 3, 3, 3, 3, 3, 3, 3, 3, 3, 3, 3, 3, 3, 3, 3, 3, 3, 3, 3, 3, 3, 3, 3, 3, 3, 3, 3, 3, 3, 3, 3, 3, 3, 3, 3, 3, 3, 3, 3, 3, 3, 3, 3, 3, 3, 3, 3, 3, 3, 3, 3, 3, 3, 3, 3, 3, 3, 3, 3, 3, 3, 3, 3, 3, 3, 3, 3, 3, 3, 3, 3, 3, 3, 3, 3, 3, 3, 3, 3, 3, 3, 3, 3, 3, 3, 3, 3, 3, 3, 3, 3, 3, 3, 3, 3, 3, 3, 3, 3]",0,full_verify_d3_m1023_kv4096_uniform_compact_tp4,True,npu:5,5,Ascend950PR_957b,3,bfloat16,False,256,paged_prefill_page_aggregation_kernel,4096,uniform,1023,3,4096,28,1,6,56,64,msprof/baseline/paged_prefill_page_aggregation_kernel.log.gz,baseline,3.11.10,1023,341,msprof_primary_kernel,"[4096, 4096, 4096, 4096, 4096, 4096, 4096, 4096, 4096, 4096, 4096, 4096, 4096, 4096, 4096, 4096, 4096, 4096, 4096, 4096, 4096, 4096, 4096, 4096, 4096, 4096, 4096, 4096, 4096, 4096, 4096, 4096, 4096, 4096, 4096, 4096, 4096, 4096, 4096, 4096, 4096, 4096, 4096, 4096, 4096, 4096, 4096, 4096, 4096, 4096, 4096, 4096, 4096, 4096, 4096, 4096, 4096, 4096, 4096, 4096, 4096, 4096, 4096, 4096, 4096, 4096, 4096, 4096, 4096, 4096, 4096, 4096, 4096, 4096, 4096, 4096, 4096, 4096, 4096, 4096, 4096, 4096, 4096, 4096, 4096, 4096, 4096, 4096, 4096, 4096, 4096, 4096, 4096, 4096, 4096, 4096, 4096, 4096, 4096, 4096, 4096, 4096, 4096, 4096, 4096, 4096, 4096, 4096, 4096, 4096, 4096, 4096, 4096, 4096, 4096, 4096, 4096, 4096, 4096, 4096, 4096, 4096, 4096, 4096, 4096, 4096, 4096, 4096, 4096, 4096, 4096, 4096, 4096, 4096, 4096, 4096, 4096, 4096, 4096, 4096, 4096, 4096, 4096, 4096, 4096, 4096, 4096, 4096, 4096, 4096, 4096, 4096, 4096, 4096, 4096, 4096, 4096, 4096, 4096, 4096, 4096, 4096, 4096, 4096, 4096, 4096, 4096, 4096, 4096, 4096, 4096, 4096, 4096, 4096, 4096, 4096, 4096, 4096, 4096, 4096, 4096, 4096, 4096, 4096, 4096, 4096, 4096, 4096, 4096, 4096, 4096, 4096, 4096, 4096, 4096, 4096, 4096, 4096, 4096, 4096, 4096, 4096, 4096, 4096, 4096, 4096, 4096, 4096, 4096, 4096, 4096, 4096, 4096, 4096, 4096, 4096, 4096, 4096, 4096, 4096, 4096, 4096, 4096, 4096, 4096, 4096, 4096, 4096, 4096, 4096, 4096, 4096, 4096, 4096, 4096, 4096, 4096, 4096, 4096, 4096, 4096, 4096, 4096, 4096, 4096, 4096, 4096, 4096, 4096, 4096, 4096, 4096, 4096, 4096, 4096, 4096, 4096, 4096, 4096, 4096, 4096, 4096, 4096, 4096, 4096, 4096, 4096, 4096, 4096, 4096, 4096, 4096, 4096, 4096, 4096, 4096, 4096, 4096, 4096, 4096, 4096, 4096, 4096, 4096, 4096, 4096, 4096, 4096, 4096, 4096, 4096, 4096, 4096, 4096, 4096, 4096, 4096, 4096, 4096, 4096, 4096, 4096, 4096, 4096, 4096, 4096, 4096, 4096, 4096, 4096, 4096, 4096, 4096, 4096, 4096, 4096, 4096, 4096, 4096, 4096, 4096, 4096, 4096, 4096, 4096, 4096, 4096, 4096, 4096, 4096, 4096, 4096, 4096, 4096, 4096, 4096, 4096, 4096, 4096, 4096, 4096]","[3, 3, 3, 3, 3, 3, 3, 3, 3, 3, 3, 3, 3, 3, 3, 3, 3, 3, 3, 3, 3, 3, 3, 3, 3, 3, 3, 3, 3, 3, 3, 3, 3, 3, 3, 3, 3, 3, 3, 3, 3, 3, 3, 3, 3, 3, 3, 3, 3, 3, 3, 3, 3, 3, 3, 3, 3, 3, 3, 3, 3, 3, 3, 3, 3, 3, 3, 3, 3, 3, 3, 3, 3, 3, 3, 3, 3, 3, 3, 3, 3, 3, 3, 3, 3, 3, 3, 3, 3, 3, 3, 3, 3, 3, 3, 3, 3, 3, 3, 3, 3, 3, 3, 3, 3, 3, 3, 3, 3, 3, 3, 3, 3, 3, 3, 3, 3, 3, 3, 3, 3, 3, 3, 3, 3, 3, 3, 3, 3, 3, 3, 3, 3, 3, 3, 3, 3, 3, 3, 3, 3, 3, 3, 3, 3, 3, 3, 3, 3, 3, 3, 3, 3, 3, 3, 3, 3, 3, 3, 3, 3, 3, 3, 3, 3, 3, 3, 3, 3, 3, 3, 3, 3, 3, 3, 3, 3, 3, 3, 3, 3, 3, 3, 3, 3, 3, 3, 3, 3, 3, 3, 3, 3, 3, 3, 3, 3, 3, 3, 3, 3, 3, 3, 3, 3, 3, 3, 3, 3, 3, 3, 3, 3, 3, 3, 3, 3, 3, 3, 3, 3, 3, 3, 3, 3, 3, 3, 3, 3, 3, 3, 3, 3, 3, 3, 3, 3, 3, 3, 3, 3, 3, 3, 3, 3, 3, 3, 3, 3, 3, 3, 3, 3, 3, 3, 3, 3, 3, 3, 3, 3, 3, 3, 3, 3, 3, 3, 3, 3, 3, 3, 3, 3, 3, 3, 3, 3, 3, 3, 3, 3, 3, 3, 3, 3, 3, 3, 3, 3, 3, 3, 3, 3, 3, 3, 3, 3, 3, 3, 3, 3, 3, 3, 3, 3, 3, 3, 3, 3, 3, 3, 3, 3, 3, 3, 3, 3, 3, 3, 3, 3, 3, 3, 3, 3, 3, 3, 3, 3, 3, 3, 3, 3, 3, 3, 3, 3, 3, 3, 3, 3]",3,341,1,20260829,15bb98ecb29785db4a18130c0499eaf71f0aafc22901a4355e2ce6d8b98cd312,float32,7597,0.09119556747428784,MEASURED,,compact,6856.375977,6854.579915666666,6853.529297,6853.834473,msprof_op_task_duration_acceptance,verify_d3,2.10.0.post4.dev20260715,2.10.0+cpu,4,3.2.0,6b5219f487b5b3ac57679a6a4387bc1d5d3a75f9
full,c47f9bdcfb879eb73723521240a48a9bae99349d094a1fb82563535aabde82ec,6b5219f487b5b3ac57679a6a4387bc1d5d3a75f9,264,native_NHD_then_page_head_token_dim_permute,82f9e00dd9c169444330b20b411fdeeade867cd0d7fc3bfb55371c5c1a8d00fa,9.1.0,[16879],[64],0,full_dense_m64_kv16896_ragged_compact_tp4,True,npu:5,5,Ascend950PR_957b,,bfloat16,False,256,paged_prefill_page_aggregation_kernel,16896,ragged,64,64,16879,28,1,6,56,64,msprof/baseline/paged_prefill_page_aggregation_kernel.log.gz,baseline,3.11.10,64,1,msprof_primary_kernel,[16879],[64],3,1,1,20260829,15bb98ecb29785db4a18130c0499eaf71f0aafc22901a4355e2ce6d8b98cd312,float32,7597,0.09119556747428784,MEASURED,,compact,383.260986,382.54465733333336,382.148987,382.223999,msprof_op_task_duration_acceptance,dense,2.10.0.post4.dev20260715,2.10.0+cpu,4,3.2.0,6b5219f487b5b3ac57679a6a4387bc1d5d3a75f9
full,c47f9bdcfb879eb73723521240a48a9bae99349d094a1fb82563535aabde82ec,6b5219f487b5b3ac57679a6a4387bc1d5d3a75f9,264,native_NHD_then_page_head_token_dim_permute,82f9e00dd9c169444330b20b411fdeeade867cd0d7fc3bfb55371c5c1a8d00fa,9.1.0,[16879],[257],0,full_dense_m257_kv16896_ragged_compact_tp4,True,npu:5,5,Ascend950PR_957b,,bfloat16,False,256,paged_prefill_page_aggregation_kernel,16896,ragged,257,257,16879,28,1,6,56,64,msprof/baseline/paged_prefill_page_aggregation_kernel.log.gz,baseline,3.11.10,257,1,msprof_primary_kernel,[16879],[257],3,1,1,20260829,15bb98ecb29785db4a18130c0499eaf71f0aafc22901a4355e2ce6d8b98cd312,float32,7597,0.09119556747428784,MEASURED,,compact,383.182007,382.7253316666667,381.968994,383.024994,msprof_op_task_duration_acceptance,dense,2.10.0.post4.dev20260715,2.10.0+cpu,4,3.2.0,6b5219f487b5b3ac57679a6a4387bc1d5d3a75f9
full,c47f9bdcfb879eb73723521240a48a9bae99349d094a1fb82563535aabde82ec,6b5219f487b5b3ac57679a6a4387bc1d5d3a75f9,416,native_NHD_then_page_head_token_dim_permute,82f9e00dd9c169444330b20b411fdeeade867cd0d7fc3bfb55371c5c1a8d00fa,9.1.0,[26607],[64],0,full_dense_m64_kv26624_ragged_compact_tp4,True,npu:5,5,Ascend950PR_957b,,bfloat16,False,256,paged_prefill_page_aggregation_kernel,26624,ragged,64,64,26607,28,1,6,56,64,msprof/baseline/paged_prefill_page_aggregation_kernel.log.gz,baseline,3.11.10,64,1,msprof_primary_kernel,[26607],[64],3,1,1,20260829,15bb98ecb29785db4a18130c0499eaf71f0aafc22901a4355e2ce6d8b98cd312,float32,7597,0.09119556747428784,MEASURED,,compact,599.578979,598.8953243333334,598.404968,598.702026,msprof_op_task_duration_acceptance,dense,2.10.0.post4.dev20260715,2.10.0+cpu,4,3.2.0,6b5219f487b5b3ac57679a6a4387bc1d5d3a75f9
full,c47f9bdcfb879eb73723521240a48a9bae99349d094a1fb82563535aabde82ec,6b5219f487b5b3ac57679a6a4387bc1d5d3a75f9,416,native_NHD_then_page_head_token_dim_permute,82f9e00dd9c169444330b20b411fdeeade867cd0d7fc3bfb55371c5c1a8d00fa,9.1.0,[26607],[257],0,full_dense_m257_kv26624_ragged_compact_tp4,True,npu:5,5,Ascend950PR_957b,,bfloat16,False,256,paged_prefill_page_aggregation_kernel,26624,ragged,257,257,26607,28,1,6,56,64,msprof/baseline/paged_prefill_page_aggregation_kernel.log.gz,baseline,3.11.10,257,1,msprof_primary_kernel,[26607],[257],3,1,1,20260829,15bb98ecb29785db4a18130c0499eaf71f0aafc22901a4355e2ce6d8b98cd312,float32,7597,0.09119556747428784,MEASURED,,compact,599.611023,599.4130046666667,599.226013,599.401978,msprof_op_task_duration_acceptance,dense,2.10.0.post4.dev20260715,2.10.0+cpu,4,3.2.0,6b5219f487b5b3ac57679a6a4387bc1d5d3a75f9
full,c47f9bdcfb879eb73723521240a48a9bae99349d094a1fb82563535aabde82ec,6b5219f487b5b3ac57679a6a4387bc1d5d3a75f9,176,native_NHD_then_page_head_token_dim_permute,82f9e00dd9c169444330b20b411fdeeade867cd0d7fc3bfb55371c5c1a8d00fa,9.1.0,[11247],[128],0,full_dense_m128_kv11264_ragged_compact_tp4,True,npu:5,5,Ascend950PR_957b,,bfloat16,False,256,paged_prefill_page_aggregation_kernel,11264,ragged,128,128,11247,28,1,6,56,64,msprof/baseline/paged_prefill_page_aggregation_kernel.log.gz,baseline,3.11.10,128,1,msprof_primary_kernel,[11247],[128],3,1,1,20260829,15bb98ecb29785db4a18130c0499eaf71f0aafc22901a4355e2ce6d8b98cd312,float32,7597,0.09119556747428784,MEASURED,,compact,258.994995,258.4836626666667,258.16098,258.295013,msprof_op_task_duration_acceptance,dense,2.10.0.post4.dev20260715,2.10.0+cpu,4,3.2.0,6b5219f487b5b3ac57679a6a4387bc1d5d3a75f9
full,c47f9bdcfb879eb73723521240a48a9bae99349d094a1fb82563535aabde82ec,6b5219f487b5b3ac57679a6a4387bc1d5d3a75f9,264,native_NHD_then_page_head_token_dim_permute,82f9e00dd9c169444330b20b411fdeeade867cd0d7fc3bfb55371c5c1a8d00fa,9.1.0,[16879],[128],0,full_dense_m128_kv16896_ragged_compact_tp4,True,npu:5,5,Ascend950PR_957b,,bfloat16,False,256,paged_prefill_page_aggregation_kernel,16896,ragged,128,128,16879,28,1,6,56,64,msprof/baseline/paged_prefill_page_aggregation_kernel.log.gz,baseline,3.11.10,128,1,msprof_primary_kernel,[16879],[128],3,1,1,20260829,15bb98ecb29785db4a18130c0499eaf71f0aafc22901a4355e2ce6d8b98cd312,float32,7597,0.09119556747428784,MEASURED,,compact,382.656006,382.46866866666664,382.292999,382.457001,msprof_op_task_duration_acceptance,dense,2.10.0.post4.dev20260715,2.10.0+cpu,4,3.2.0,6b5219f487b5b3ac57679a6a4387bc1d5d3a75f9
full,c47f9bdcfb879eb73723521240a48a9bae99349d094a1fb82563535aabde82ec,6b5219f487b5b3ac57679a6a4387bc1d5d3a75f9,416,native_NHD_then_page_head_token_dim_permute,82f9e00dd9c169444330b20b411fdeeade867cd0d7fc3bfb55371c5c1a8d00fa,9.1.0,[26607],[128],0,full_dense_m128_kv26624_ragged_compact_tp4,True,npu:5,5,Ascend950PR_957b,,bfloat16,False,256,paged_prefill_page_aggregation_kernel,26624,ragged,128,128,26607,28,1,6,56,64,msprof/baseline/paged_prefill_page_aggregation_kernel.log.gz,baseline,3.11.10,128,1,msprof_primary_kernel,[26607],[128],3,1,1,20260829,15bb98ecb29785db4a18130c0499eaf71f0aafc22901a4355e2ce6d8b98cd312,float32,7597,0.09119556747428784,MEASURED,,compact,599.867004,599.47701,598.707031,599.856995,msprof_op_task_duration_acceptance,dense,2.10.0.post4.dev20260715,2.10.0+cpu,4,3.2.0,6b5219f487b5b3ac57679a6a4387bc1d5d3a75f9
full,c47f9bdcfb879eb73723521240a48a9bae99349d094a1fb82563535aabde82ec,6b5219f487b5b3ac57679a6a4387bc1d5d3a75f9,176,native_NHD_then_page_head_token_dim_permute,82f9e00dd9c169444330b20b411fdeeade867cd0d7fc3bfb55371c5c1a8d00fa,9.1.0,[11247],[256],0,full_dense_m256_kv11264_ragged_compact_tp4,True,npu:5,5,Ascend950PR_957b,,bfloat16,False,256,paged_prefill_page_aggregation_kernel,11264,ragged,256,256,11247,28,1,6,56,64,msprof/baseline/paged_prefill_page_aggregation_kernel.log.gz,baseline,3.11.10,256,1,msprof_primary_kernel,[11247],[256],3,1,1,20260829,15bb98ecb29785db4a18130c0499eaf71f0aafc22901a4355e2ce6d8b98cd312,float32,7597,0.09119556747428784,MEASURED,,compact,258.735992,257.783335,257.096008,257.518005,msprof_op_task_duration_acceptance,dense,2.10.0.post4.dev20260715,2.10.0+cpu,4,3.2.0,6b5219f487b5b3ac57679a6a4387bc1d5d3a75f9
full,c47f9bdcfb879eb73723521240a48a9bae99349d094a1fb82563535aabde82ec,6b5219f487b5b3ac57679a6a4387bc1d5d3a75f9,264,native_NHD_then_page_head_token_dim_permute,82f9e00dd9c169444330b20b411fdeeade867cd0d7fc3bfb55371c5c1a8d00fa,9.1.0,[16879],[256],0,full_dense_m256_kv16896_ragged_compact_tp4,True,npu:5,5,Ascend950PR_957b,,bfloat16,False,256,paged_prefill_page_aggregation_kernel,16896,ragged,256,256,16879,28,1,6,56,64,msprof/baseline/paged_prefill_page_aggregation_kernel.log.gz,baseline,3.11.10,256,1,msprof_primary_kernel,[16879],[256],3,1,1,20260829,15bb98ecb29785db4a18130c0499eaf71f0aafc22901a4355e2ce6d8b98cd312,float32,7597,0.09119556747428784,MEASURED,,compact,383.606018,382.90567000000004,382.264984,382.846008,msprof_op_task_duration_acceptance,dense,2.10.0.post4.dev20260715,2.10.0+cpu,4,3.2.0,6b5219f487b5b3ac57679a6a4387bc1d5d3a75f9
full,c47f9bdcfb879eb73723521240a48a9bae99349d094a1fb82563535aabde82ec,6b5219f487b5b3ac57679a6a4387bc1d5d3a75f9,416,native_NHD_then_page_head_token_dim_permute,82f9e00dd9c169444330b20b411fdeeade867cd0d7fc3bfb55371c5c1a8d00fa,9.1.0,[26607],[256],0,full_dense_m256_kv26624_ragged_compact_tp4,True,npu:5,5,Ascend950PR_957b,,bfloat16,False,256,paged_prefill_page_aggregation_kernel,26624,ragged,256,256,26607,28,1,6,56,64,msprof/baseline/paged_prefill_page_aggregation_kernel.log.gz,baseline,3.11.10,256,1,msprof_primary_kernel,[26607],[256],3,1,1,20260829,15bb98ecb29785db4a18130c0499eaf71f0aafc22901a4355e2ce6d8b98cd312,float32,7597,0.09119556747428784,MEASURED,,compact,600.060974,599.5589799999999,599.135986,599.47998,msprof_op_task_duration_acceptance,dense,2.10.0.post4.dev20260715,2.10.0+cpu,4,3.2.0,6b5219f487b5b3ac57679a6a4387bc1d5d3a75f9
full,c47f9bdcfb879eb73723521240a48a9bae99349d094a1fb82563535aabde82ec,6b5219f487b5b3ac57679a6a4387bc1d5d3a75f9,176,native_NHD_then_page_head_token_dim_permute,82f9e00dd9c169444330b20b411fdeeade867cd0d7fc3bfb55371c5c1a8d00fa,9.1.0,"[11247, 11210, 11173, 11136, 11099, 11062, 11025, 11245, 11208, 11171, 11134, 11097, 11060, 11023, 11243, 11206]","[4, 4, 4, 4, 4, 4, 4, 4, 4, 4, 4, 4, 4, 4, 4, 4]",0,full_ragged_prefill_b16_m64_kv11264_ragged_compact_tp4,True,npu:5,5,Ascend950PR_957b,,bfloat16,False,256,paged_prefill_page_aggregation_kernel,11264,ragged,64,4,11023,28,1,6,56,64,msprof/baseline/paged_prefill_page_aggregation_kernel.log.gz,baseline,3.11.10,64,16,msprof_primary_kernel,"[11247, 11210, 11173, 11136, 11099, 11062, 11025, 11245, 11208, 11171, 11134, 11097, 11060, 11023, 11243, 11206]","[4, 4, 4, 4, 4, 4, 4, 4, 4, 4, 4, 4, 4, 4, 4, 4]",3,16,1,20260829,15bb98ecb29785db4a18130c0499eaf71f0aafc22901a4355e2ce6d8b98cd312,float32,7597,0.09119556747428784,MEASURED,,compact,1004.101013,1003.3880206666666,1002.742004,1003.321045,msprof_op_task_duration_acceptance,ragged_prefill,2.10.0.post4.dev20260715,2.10.0+cpu,4,3.2.0,6b5219f487b5b3ac57679a6a4387bc1d5d3a75f9
full,c47f9bdcfb879eb73723521240a48a9bae99349d094a1fb82563535aabde82ec,6b5219f487b5b3ac57679a6a4387bc1d5d3a75f9,176,native_NHD_then_page_head_token_dim_permute,82f9e00dd9c169444330b20b411fdeeade867cd0d7fc3bfb55371c5c1a8d00fa,9.1.0,"[11247, 11210, 11173, 11136, 11099, 11062, 11025, 11245, 11208, 11171, 11134, 11097, 11060, 11023, 11243, 11206]","[16, 17, 16, 16, 16, 16, 16, 16, 16, 16, 16, 16, 16, 16, 16, 16]",0,full_ragged_prefill_b16_m257_kv11264_ragged_compact_tp4,True,npu:5,5,Ascend950PR_957b,,bfloat16,False,256,paged_prefill_page_aggregation_kernel,11264,ragged,257,17,11023,28,1,6,56,64,msprof/baseline/paged_prefill_page_aggregation_kernel.log.gz,baseline,3.11.10,257,16,msprof_primary_kernel,"[11247, 11210, 11173, 11136, 11099, 11062, 11025, 11245, 11208, 11171, 11134, 11097, 11060, 11023, 11243, 11206]","[16, 17, 16, 16, 16, 16, 16, 16, 16, 16, 16, 16, 16, 16, 16, 16]",3,16,1,20260829,15bb98ecb29785db4a18130c0499eaf71f0aafc22901a4355e2ce6d8b98cd312,float32,7597,0.09119556747428784,MEASURED,,compact,1004.184998,1003.6356609999999,1003.359985,1003.362,msprof_op_task_duration_acceptance,ragged_prefill,2.10.0.post4.dev20260715,2.10.0+cpu,4,3.2.0,6b5219f487b5b3ac57679a6a4387bc1d5d3a75f9
full,c47f9bdcfb879eb73723521240a48a9bae99349d094a1fb82563535aabde82ec,6b5219f487b5b3ac57679a6a4387bc1d5d3a75f9,264,native_NHD_then_page_head_token_dim_permute,82f9e00dd9c169444330b20b411fdeeade867cd0d7fc3bfb55371c5c1a8d00fa,9.1.0,"[16879, 16842, 16805, 16768, 16731, 16694, 16657, 16877, 16840, 16803, 16766, 16729, 16692, 16655, 16875, 16838]","[4, 4, 4, 4, 4, 4, 4, 4, 4, 4, 4, 4, 4, 4, 4, 4]",0,full_ragged_prefill_b16_m64_kv16896_ragged_compact_tp4,True,npu:5,5,Ascend950PR_957b,,bfloat16,False,256,paged_prefill_page_aggregation_kernel,16896,ragged,64,4,16655,28,1,6,56,64,msprof/baseline/paged_prefill_page_aggregation_kernel.log.gz,baseline,3.11.10,64,16,msprof_primary_kernel,"[16879, 16842, 16805, 16768, 16731, 16694, 16657, 16877, 16840, 16803, 16766, 16729, 16692, 16655, 16875, 16838]","[4, 4, 4, 4, 4, 4, 4, 4, 4, 4, 4, 4, 4, 4, 4, 4]",3,16,1,20260829,15bb98ecb29785db4a18130c0499eaf71f0aafc22901a4355e2ce6d8b98cd312,float32,7597,0.09119556747428784,MEASURED,,compact,1508.685913,1505.98999,1504.410034,1504.874023,msprof_op_task_duration_acceptance,ragged_prefill,2.10.0.post4.dev20260715,2.10.0+cpu,4,3.2.0,6b5219f487b5b3ac57679a6a4387bc1d5d3a75f9
full,c47f9bdcfb879eb73723521240a48a9bae99349d094a1fb82563535aabde82ec,6b5219f487b5b3ac57679a6a4387bc1d5d3a75f9,264,native_NHD_then_page_head_token_dim_permute,82f9e00dd9c169444330b20b411fdeeade867cd0d7fc3bfb55371c5c1a8d00fa,9.1.0,"[16879, 16842, 16805, 16768, 16731, 16694, 16657, 16877, 16840, 16803, 16766, 16729, 16692, 16655, 16875, 16838]","[16, 17, 16, 16, 16, 16, 16, 16, 16, 16, 16, 16, 16, 16, 16, 16]",0,full_ragged_prefill_b16_m257_kv16896_ragged_compact_tp4,True,npu:5,5,Ascend950PR_957b,,bfloat16,False,256,paged_prefill_page_aggregation_kernel,16896,ragged,257,17,16655,28,1,6,56,64,msprof/baseline/paged_prefill_page_aggregation_kernel.log.gz,baseline,3.11.10,257,16,msprof_primary_kernel,"[16879, 16842, 16805, 16768, 16731, 16694, 16657, 16877, 16840, 16803, 16766, 16729, 16692, 16655, 16875, 16838]","[16, 17, 16, 16, 16, 16, 16, 16, 16, 16, 16, 16, 16, 16, 16, 16]",3,16,1,20260829,15bb98ecb29785db4a18130c0499eaf71f0aafc22901a4355e2ce6d8b98cd312,float32,7597,0.09119556747428784,MEASURED,,compact,1505.090088,1504.8533936666665,1504.513062,1504.957031,msprof_op_task_duration_acceptance,ragged_prefill,2.10.0.post4.dev20260715,2.10.0+cpu,4,3.2.0,6b5219f487b5b3ac57679a6a4387bc1d5d3a75f9
full,c47f9bdcfb879eb73723521240a48a9bae99349d094a1fb82563535aabde82ec,6b5219f487b5b3ac57679a6a4387bc1d5d3a75f9,416,native_NHD_then_page_head_token_dim_permute,82f9e00dd9c169444330b20b411fdeeade867cd0d7fc3bfb55371c5c1a8d00fa,9.1.0,"[26607, 26570, 26533, 26496, 26459, 26422, 26385, 26605, 26568, 26531, 26494, 26457, 26420, 26383, 26603, 26566]","[4, 4, 4, 4, 4, 4, 4, 4, 4, 4, 4, 4, 4, 4, 4, 4]",0,full_ragged_prefill_b16_m64_kv26624_ragged_compact_tp4,True,npu:5,5,Ascend950PR_957b,,bfloat16,False,256,paged_prefill_page_aggregation_kernel,26624,ragged,64,4,26383,28,1,6,56,64,msprof/baseline/paged_prefill_page_aggregation_kernel.log.gz,baseline,3.11.10,64,16,msprof_primary_kernel,"[26607, 26570, 26533, 26496, 26459, 26422, 26385, 26605, 26568, 26531, 26494, 26457, 26420, 26383, 26603, 26566]","[4, 4, 4, 4, 4, 4, 4, 4, 4, 4, 4, 4, 4, 4, 4, 4]",3,16,1,20260829,15bb98ecb29785db4a18130c0499eaf71f0aafc22901a4355e2ce6d8b98cd312,float32,7597,0.09119556747428784,MEASURED,,compact,2371.224121,2370.9951173333334,2370.786133,2370.975098,msprof_op_task_duration_acceptance,ragged_prefill,2.10.0.post4.dev20260715,2.10.0+cpu,4,3.2.0,6b5219f487b5b3ac57679a6a4387bc1d5d3a75f9
full,c47f9bdcfb879eb73723521240a48a9bae99349d094a1fb82563535aabde82ec,6b5219f487b5b3ac57679a6a4387bc1d5d3a75f9,416,native_NHD_then_page_head_token_dim_permute,82f9e00dd9c169444330b20b411fdeeade867cd0d7fc3bfb55371c5c1a8d00fa,9.1.0,"[26607, 26570, 26533, 26496, 26459, 26422, 26385, 26605, 26568, 26531, 26494, 26457, 26420, 26383, 26603, 26566]","[16, 17, 16, 16, 16, 16, 16, 16, 16, 16, 16, 16, 16, 16, 16, 16]",0,full_ragged_prefill_b16_m257_kv26624_ragged_compact_tp4,True,npu:5,5,Ascend950PR_957b,,bfloat16,False,256,paged_prefill_page_aggregation_kernel,26624,ragged,257,17,26383,28,1,6,56,64,msprof/baseline/paged_prefill_page_aggregation_kernel.log.gz,baseline,3.11.10,257,16,msprof_primary_kernel,"[26607, 26570, 26533, 26496, 26459, 26422, 26385, 26605, 26568, 26531, 26494, 26457, 26420, 26383, 26603, 26566]","[16, 17, 16, 16, 16, 16, 16, 16, 16, 16, 16, 16, 16, 16, 16, 16]",3,16,1,20260829,15bb98ecb29785db4a18130c0499eaf71f0aafc22901a4355e2ce6d8b98cd312,float32,7597,0.09119556747428784,MEASURED,,compact,2372.3479,2371.5402016666667,2370.810791,2371.461914,msprof_op_task_duration_acceptance,ragged_prefill,2.10.0.post4.dev20260715,2.10.0+cpu,4,3.2.0,6b5219f487b5b3ac57679a6a4387bc1d5d3a75f9
swa,c47f9bdcfb879eb73723521240a48a9bae99349d094a1fb82563535aabde82ec,6b5219f487b5b3ac57679a6a4387bc1d5d3a75f9,64,native_NHD_then_page_head_token_dim_permute,82f9e00dd9c169444330b20b411fdeeade867cd0d7fc3bfb55371c5c1a8d00fa,9.1.0,[4096],[2],0,swa_verify_d2_m2_kv4096_uniform_compact_tp4,True,npu:5,5,Ascend950PR_957b,2,bfloat16,False,256,_swa_paged_prefill_aggregation_sink_kernel,4096,uniform,2,2,4096,28,1,6,56,64,msprof/baseline/_swa_paged_prefill_aggregation_sink_kernel.log.gz,baseline,3.11.10,2,1,msprof_primary_kernel,[4096],[2],3,1,1,20260829,55506d3552e30139761587656f00c212eaa67a91a0b2d655dd2ba630722884cd,float32,6861,0.09119556747428784,MEASURED,511,compact,15.458,15.033999999999999,14.62,15.024,msprof_op_task_duration_acceptance,verify_d2,2.10.0.post4.dev20260715,2.10.0+cpu,4,3.2.0,6b5219f487b5b3ac57679a6a4387bc1d5d3a75f9
swa,c47f9bdcfb879eb73723521240a48a9bae99349d094a1fb82563535aabde82ec,6b5219f487b5b3ac57679a6a4387bc1d5d3a75f9,64,native_NHD_then_page_head_token_dim_permute,82f9e00dd9c169444330b20b411fdeeade867cd0d7fc3bfb55371c5c1a8d00fa,9.1.0,"[4096, 4096, 4096, 4096, 4096, 4096, 4096, 4096, 4096, 4096, 4096, 4096, 4096, 4096, 4096, 4096, 4096, 4096, 4096, 4096, 4096, 4096, 4096, 4096, 4096, 4096, 4096, 4096, 4096, 4096, 4096, 4096, 4096, 4096, 4096, 4096, 4096, 4096, 4096, 4096, 4096, 4096, 4096, 4096, 4096, 4096, 4096, 4096]","[2, 2, 2, 2, 2, 2, 2, 2, 2, 2, 2, 2, 2, 2, 2, 2, 2, 2, 2, 2, 2, 2, 2, 2, 2, 2, 2, 2, 2, 2, 2, 2, 2, 2, 2, 2, 2, 2, 2, 2, 2, 2, 2, 2, 2, 2, 2, 2]",0,swa_verify_d2_m96_kv4096_uniform_compact_tp4,True,npu:5,5,Ascend950PR_957b,2,bfloat16,False,256,_swa_paged_prefill_aggregation_sink_kernel,4096,uniform,96,2,4096,28,1,6,56,64,msprof/baseline/_swa_paged_prefill_aggregation_sink_kernel.log.gz,baseline,3.11.10,96,48,msprof_primary_kernel,"[4096, 4096, 4096, 4096, 4096, 4096, 4096, 4096, 4096, 4096, 4096, 4096, 4096, 4096, 4096, 4096, 4096, 4096, 4096, 4096, 4096, 4096, 4096, 4096, 4096, 4096, 4096, 4096, 4096, 4096, 4096, 4096, 4096, 4096, 4096, 4096, 4096, 4096, 4096, 4096, 4096, 4096, 4096, 4096, 4096, 4096, 4096, 4096]","[2, 2, 2, 2, 2, 2, 2, 2, 2, 2, 2, 2, 2, 2, 2, 2, 2, 2, 2, 2, 2, 2, 2, 2, 2, 2, 2, 2, 2, 2, 2, 2, 2, 2, 2, 2, 2, 2, 2, 2, 2, 2, 2, 2, 2, 2, 2, 2]",3,48,1,20260829,55506d3552e30139761587656f00c212eaa67a91a0b2d655dd2ba630722884cd,float32,6861,0.09119556747428784,MEASURED,511,compact,488.084991,487.81399533333337,487.296997,488.059998,msprof_op_task_duration_acceptance,verify_d2,2.10.0.post4.dev20260715,2.10.0+cpu,4,3.2.0,6b5219f487b5b3ac57679a6a4387bc1d5d3a75f9
swa,c47f9bdcfb879eb73723521240a48a9bae99349d094a1fb82563535aabde82ec,6b5219f487b5b3ac57679a6a4387bc1d5d3a75f9,64,native_NHD_then_page_head_token_dim_permute,82f9e00dd9c169444330b20b411fdeeade867cd0d7fc3bfb55371c5c1a8d00fa,9.1.0,"[4096, 4096, 4096, 4096, 4096, 4096, 4096, 4096, 4096, 4096, 4096, 4096, 4096, 4096, 4096, 4096, 4096, 4096, 4096, 4096, 4096, 4096, 4096, 4096, 4096, 4096, 4096, 4096, 4096, 4096, 4096, 4096, 4096, 4096, 4096, 4096, 4096, 4096, 4096, 4096, 4096, 4096, 4096, 4096, 4096, 4096, 4096, 4096]","[3, 3, 3, 3, 3, 3, 3, 3, 3, 3, 3, 3, 3, 3, 3, 3, 3, 3, 3, 3, 3, 3, 3, 3, 3, 3, 3, 3, 3, 3, 3, 3, 3, 3, 3, 3, 3, 3, 3, 3, 3, 3, 3, 3, 3, 3, 3, 3]",0,swa_verify_d3_m144_kv4096_uniform_compact_tp4,True,npu:5,5,Ascend950PR_957b,3,bfloat16,False,256,_swa_paged_prefill_aggregation_sink_kernel,4096,uniform,144,3,4096,28,1,6,56,64,msprof/baseline/_swa_paged_prefill_aggregation_sink_kernel.log.gz,baseline,3.11.10,144,48,msprof_primary_kernel,"[4096, 4096, 4096, 4096, 4096, 4096, 4096, 4096, 4096, 4096, 4096, 4096, 4096, 4096, 4096, 4096, 4096, 4096, 4096, 4096, 4096, 4096, 4096, 4096, 4096, 4096, 4096, 4096, 4096, 4096, 4096, 4096, 4096, 4096, 4096, 4096, 4096, 4096, 4096, 4096, 4096, 4096, 4096, 4096, 4096, 4096, 4096, 4096]","[3, 3, 3, 3, 3, 3, 3, 3, 3, 3, 3, 3, 3, 3, 3, 3, 3, 3, 3, 3, 3, 3, 3, 3, 3, 3, 3, 3, 3, 3, 3, 3, 3, 3, 3, 3, 3, 3, 3, 3, 3, 3, 3, 3, 3, 3, 3, 3]",3,48,1,20260829,55506d3552e30139761587656f00c212eaa67a91a0b2d655dd2ba630722884cd,float32,6861,0.09119556747428784,MEASURED,511,compact,247.5,247.27866633333335,247.029999,247.306,msprof_op_task_duration_acceptance,verify_d3,2.10.0.post4.dev20260715,2.10.0+cpu,4,3.2.0,6b5219f487b5b3ac57679a6a4387bc1d5d3a75f9
swa,c47f9bdcfb879eb73723521240a48a9bae99349d094a1fb82563535aabde82ec,6b5219f487b5b3ac57679a6a4387bc1d5d3a75f9,64,native_NHD_then_page_head_token_dim_permute,82f9e00dd9c169444330b20b411fdeeade867cd0d7fc3bfb55371c5c1a8d00fa,9.1.0,"[4096, 4096, 4096, 4096, 4096, 4096, 4096, 4096, 4096, 4096, 4096, 4096, 4096, 4096, 4096, 4096, 4096, 4096, 4096, 4096, 4096, 4096, 4096, 4096, 4096, 4096, 4096, 4096, 4096, 4096, 4096, 4096, 4096, 4096, 4096, 4096, 4096, 4096, 4096, 4096, 4096, 4096, 4096, 4096, 4096, 4096, 4096, 4096, 4096, 4096, 4096, 4096, 4096, 4096, 4096, 4096]","[2, 2, 2, 2, 2, 2, 2, 2, 2, 2, 2, 2, 2, 2, 2, 2, 2, 2, 2, 2, 2, 2, 2, 2, 2, 2, 2, 2, 2, 2, 2, 2, 2, 2, 2, 2, 2, 2, 2, 2, 2, 2, 2, 2, 2, 2, 2, 2, 2, 2, 2, 2, 2, 2, 2, 2]",0,swa_verify_d2_m112_kv4096_uniform_compact_tp4,True,npu:5,5,Ascend950PR_957b,2,bfloat16,False,256,_swa_paged_prefill_aggregation_sink_kernel,4096,uniform,112,2,4096,28,1,6,56,64,msprof/baseline/_swa_paged_prefill_aggregation_sink_kernel.log.gz,baseline,3.11.10,112,56,msprof_primary_kernel,"[4096, 4096, 4096, 4096, 4096, 4096, 4096, 4096, 4096, 4096, 4096, 4096, 4096, 4096, 4096, 4096, 4096, 4096, 4096, 4096, 4096, 4096, 4096, 4096, 4096, 4096, 4096, 4096, 4096, 4096, 4096, 4096, 4096, 4096, 4096, 4096, 4096, 4096, 4096, 4096, 4096, 4096, 4096, 4096, 4096, 4096, 4096, 4096, 4096, 4096, 4096, 4096, 4096, 4096, 4096, 4096]","[2, 2, 2, 2, 2, 2, 2, 2, 2, 2, 2, 2, 2, 2, 2, 2, 2, 2, 2, 2, 2, 2, 2, 2, 2, 2, 2, 2, 2, 2, 2, 2, 2, 2, 2, 2, 2, 2, 2, 2, 2, 2, 2, 2, 2, 2, 2, 2, 2, 2, 2, 2, 2, 2, 2, 2]",3,56,1,20260829,55506d3552e30139761587656f00c212eaa67a91a0b2d655dd2ba630722884cd,float32,6861,0.09119556747428784,MEASURED,511,compact,568.546997,567.889323,567.412964,567.708008,msprof_op_task_duration_acceptance,verify_d2,2.10.0.post4.dev20260715,2.10.0+cpu,4,3.2.0,6b5219f487b5b3ac57679a6a4387bc1d5d3a75f9
swa,c47f9bdcfb879eb73723521240a48a9bae99349d094a1fb82563535aabde82ec,6b5219f487b5b3ac57679a6a4387bc1d5d3a75f9,64,native_NHD_then_page_head_token_dim_permute,82f9e00dd9c169444330b20b411fdeeade867cd0d7fc3bfb55371c5c1a8d00fa,9.1.0,"[4096, 4096, 4096, 4096, 4096, 4096, 4096, 4096, 4096, 4096, 4096, 4096, 4096, 4096, 4096, 4096, 4096, 4096, 4096, 4096, 4096, 4096, 4096, 4096, 4096, 4096, 4096, 4096, 4096, 4096, 4096, 4096, 4096, 4096, 4096, 4096, 4096, 4096, 4096, 4096, 4096, 4096, 4096, 4096, 4096, 4096, 4096, 4096, 4096, 4096, 4096, 4096, 4096, 4096, 4096, 4096]","[3, 3, 3, 3, 3, 3, 3, 3, 3, 3, 3, 3, 3, 3, 3, 3, 3, 3, 3, 3, 3, 3, 3, 3, 3, 3, 3, 3, 3, 3, 3, 3, 3, 3, 3, 3, 3, 3, 3, 3, 3, 3, 3, 3, 3, 3, 3, 3, 3, 3, 3, 3, 3, 3, 3, 3]",0,swa_verify_d3_m168_kv4096_uniform_compact_tp4,True,npu:5,5,Ascend950PR_957b,3,bfloat16,False,256,_swa_paged_prefill_aggregation_sink_kernel,4096,uniform,168,3,4096,28,1,6,56,64,msprof/baseline/_swa_paged_prefill_aggregation_sink_kernel.log.gz,baseline,3.11.10,168,56,msprof_primary_kernel,"[4096, 4096, 4096, 4096, 4096, 4096, 4096, 4096, 4096, 4096, 4096, 4096, 4096, 4096, 4096, 4096, 4096, 4096, 4096, 4096, 4096, 4096, 4096, 4096, 4096, 4096, 4096, 4096, 4096, 4096, 4096, 4096, 4096, 4096, 4096, 4096, 4096, 4096, 4096, 4096, 4096, 4096, 4096, 4096, 4096, 4096, 4096, 4096, 4096, 4096, 4096, 4096, 4096, 4096, 4096, 4096]","[3, 3, 3, 3, 3, 3, 3, 3, 3, 3, 3, 3, 3, 3, 3, 3, 3, 3, 3, 3, 3, 3, 3, 3, 3, 3, 3, 3, 3, 3, 3, 3, 3, 3, 3, 3, 3, 3, 3, 3, 3, 3, 3, 3, 3, 3, 3, 3, 3, 3, 3, 3, 3, 3, 3, 3]",3,56,1,20260829,55506d3552e30139761587656f00c212eaa67a91a0b2d655dd2ba630722884cd,float32,6861,0.09119556747428784,MEASURED,511,compact,287.835022,287.64034,287.319,287.766998,msprof_op_task_duration_acceptance,verify_d3,2.10.0.post4.dev20260715,2.10.0+cpu,4,3.2.0,6b5219f487b5b3ac57679a6a4387bc1d5d3a75f9
swa,c47f9bdcfb879eb73723521240a48a9bae99349d094a1fb82563535aabde82ec,6b5219f487b5b3ac57679a6a4387bc1d5d3a75f9,64,native_NHD_then_page_head_token_dim_permute,82f9e00dd9c169444330b20b411fdeeade867cd0d7fc3bfb55371c5c1a8d00fa,9.1.0,[4096],[1024],0,swa_dense_m1024_kv4096_uniform_compact_tp4,True,npu:5,5,Ascend950PR_957b,,bfloat16,False,256,_swa_paged_prefill_aggregation_sink_kernel,4096,uniform,1024,1024,4096,28,1,6,56,64,msprof/baseline/_swa_paged_prefill_aggregation_sink_kernel.log.gz,baseline,3.11.10,1024,1,msprof_primary_kernel,[4096],[1024],3,1,1,20260829,55506d3552e30139761587656f00c212eaa67a91a0b2d655dd2ba630722884cd,float32,6861,0.09119556747428784,MEASURED,511,compact,27.562,27.095333666666665,26.735001,26.989,msprof_op_task_duration_acceptance,dense,2.10.0.post4.dev20260715,2.10.0+cpu,4,3.2.0,6b5219f487b5b3ac57679a6a4387bc1d5d3a75f9
swa,c47f9bdcfb879eb73723521240a48a9bae99349d094a1fb82563535aabde82ec,6b5219f487b5b3ac57679a6a4387bc1d5d3a75f9,264,native_NHD_then_page_head_token_dim_permute,82f9e00dd9c169444330b20b411fdeeade867cd0d7fc3bfb55371c5c1a8d00fa,9.1.0,[16879],[1024],0,swa_dense_m1024_kv16896_ragged_compact_tp4,True,npu:5,5,Ascend950PR_957b,,bfloat16,False,256,_swa_paged_prefill_aggregation_sink_kernel,16896,ragged,1024,1024,16879,28,1,6,56,64,msprof/baseline/_swa_paged_prefill_aggregation_sink_kernel.log.gz,baseline,3.11.10,1024,1,msprof_primary_kernel,[16879],[1024],3,1,1,20260829,55506d3552e30139761587656f00c212eaa67a91a0b2d655dd2ba630722884cd,float32,6861,0.09119556747428784,MEASURED,511,compact,30.319,30.178667,29.933001,30.284,msprof_op_task_duration_acceptance,dense,2.10.0.post4.dev20260715,2.10.0+cpu,4,3.2.0,6b5219f487b5b3ac57679a6a4387bc1d5d3a75f9
swa,c47f9bdcfb879eb73723521240a48a9bae99349d094a1fb82563535aabde82ec,6b5219f487b5b3ac57679a6a4387bc1d5d3a75f9,64,native_NHD_then_page_head_token_dim_permute,82f9e00dd9c169444330b20b411fdeeade867cd0d7fc3bfb55371c5c1a8d00fa,9.1.0,"[4079, 4042, 4005, 3968, 3931, 3894, 3857, 4077, 4040, 4003, 3966, 3929, 3892, 3855, 4075, 4038]","[16, 17, 16, 16, 16, 16, 16, 16, 16, 16, 16, 16, 16, 16, 16, 16]",0,swa_ragged_prefill_b16_m257_kv4096_ragged_compact_tp4,True,npu:5,5,Ascend950PR_957b,,bfloat16,False,256,_swa_paged_prefill_aggregation_sink_kernel,4096,ragged,257,17,3855,28,1,6,56,64,msprof/baseline/_swa_paged_prefill_aggregation_sink_kernel.log.gz,baseline,3.11.10,257,16,msprof_primary_kernel,"[4079, 4042, 4005, 3968, 3931, 3894, 3857, 4077, 4040, 4003, 3966, 3929, 3892, 3855, 4075, 4038]","[16, 17, 16, 16, 16, 16, 16, 16, 16, 16, 16, 16, 16, 16, 16, 16]",3,16,1,20260829,55506d3552e30139761587656f00c212eaa67a91a0b2d655dd2ba630722884cd,float32,6861,0.09119556747428784,MEASURED,511,compact,66.681,66.28766633333333,65.553001,66.628998,msprof_op_task_duration_acceptance,ragged_prefill,2.10.0.post4.dev20260715,2.10.0+cpu,4,3.2.0,6b5219f487b5b3ac57679a6a4387bc1d5d3a75f9
swa,c47f9bdcfb879eb73723521240a48a9bae99349d094a1fb82563535aabde82ec,6b5219f487b5b3ac57679a6a4387bc1d5d3a75f9,176,native_NHD_then_page_head_token_dim_permute,82f9e00dd9c169444330b20b411fdeeade867cd0d7fc3bfb55371c5c1a8d00fa,9.1.0,"[11247, 11210, 11173, 11136, 11099, 11062, 11025, 11245, 11208, 11171, 11134, 11097, 11060, 11023, 11243, 11206, 11169, 11132, 11095, 11058, 11021, 11241, 11204, 11167, 11130, 11093, 11056, 11019, 11239, 11202, 11165, 11128, 11091, 11054, 11017, 11237, 11200, 11163, 11126, 11089, 11052, 11015, 11235, 11198, 11161, 11124, 11087, 11050, 11013, 11233, 11196, 11159, 11122, 11085, 11048, 11011]","[2, 2, 2, 2, 2, 2, 2, 2, 2, 2, 2, 2, 2, 2, 2, 2, 2, 2, 2, 2, 2, 2, 2, 2, 2, 2, 2, 2, 2, 2, 2, 2, 2, 2, 2, 2, 2, 2, 2, 2, 2, 2, 2, 2, 2, 2, 2, 2, 2, 2, 2, 2, 2, 2, 2, 2]",0,swa_verify_d2_m112_kv11264_ragged_compact_tp4,True,npu:5,5,Ascend950PR_957b,2,bfloat16,False,256,_swa_paged_prefill_aggregation_sink_kernel,11264,ragged,112,2,11011,28,1,6,56,64,msprof/baseline/_swa_paged_prefill_aggregation_sink_kernel.log.gz,baseline,3.11.10,112,56,msprof_primary_kernel,"[11247, 11210, 11173, 11136, 11099, 11062, 11025, 11245, 11208, 11171, 11134, 11097, 11060, 11023, 11243, 11206, 11169, 11132, 11095, 11058, 11021, 11241, 11204, 11167, 11130, 11093, 11056, 11019, 11239, 11202, 11165, 11128, 11091, 11054, 11017, 11237, 11200, 11163, 11126, 11089, 11052, 11015, 11235, 11198, 11161, 11124, 11087, 11050, 11013, 11233, 11196, 11159, 11122, 11085, 11048, 11011]","[2, 2, 2, 2, 2, 2, 2, 2, 2, 2, 2, 2, 2, 2, 2, 2, 2, 2, 2, 2, 2, 2, 2, 2, 2, 2, 2, 2, 2, 2, 2, 2, 2, 2, 2, 2, 2, 2, 2, 2, 2, 2, 2, 2, 2, 2, 2, 2, 2, 2, 2, 2, 2, 2, 2, 2]",3,56,1,20260829,55506d3552e30139761587656f00c212eaa67a91a0b2d655dd2ba630722884cd,float32,6861,0.09119556747428784,MEASURED,511,compact,568.750977,568.4223226666667,567.937988,568.578003,msprof_op_task_duration_acceptance,verify_d2,2.10.0.post4.dev20260715,2.10.0+cpu,4,3.2.0,6b5219f487b5b3ac57679a6a4387bc1d5d3a75f9
swa,c47f9bdcfb879eb73723521240a48a9bae99349d094a1fb82563535aabde82ec,6b5219f487b5b3ac57679a6a4387bc1d5d3a75f9,264,native_NHD_then_page_head_token_dim_permute,82f9e00dd9c169444330b20b411fdeeade867cd0d7fc3bfb55371c5c1a8d00fa,9.1.0,"[16879, 16842, 16805, 16768, 16731, 16694, 16657, 16877, 16840, 16803, 16766, 16729, 16692, 16655, 16875, 16838, 16801, 16764, 16727, 16690, 16653, 16873, 16836, 16799, 16762, 16725, 16688, 16651, 16871, 16834, 16797, 16760, 16723, 16686, 16649, 16869, 16832, 16795, 16758, 16721, 16684, 16647, 16867, 16830, 16793, 16756, 16719, 16682, 16645, 16865, 16828, 16791, 16754, 16717, 16680, 16643]","[2, 2, 2, 2, 2, 2, 2, 2, 2, 2, 2, 2, 2, 2, 2, 2, 2, 2, 2, 2, 2, 2, 2, 2, 2, 2, 2, 2, 2, 2, 2, 2, 2, 2, 2, 2, 2, 2, 2, 2, 2, 2, 2, 2, 2, 2, 2, 2, 2, 2, 2, 2, 2, 2, 2, 2]",0,swa_verify_d2_m112_kv16896_ragged_compact_tp4,True,npu:5,5,Ascend950PR_957b,2,bfloat16,False,256,_swa_paged_prefill_aggregation_sink_kernel,16896,ragged,112,2,16643,28,1,6,56,64,msprof/baseline/_swa_paged_prefill_aggregation_sink_kernel.log.gz,baseline,3.11.10,112,56,msprof_primary_kernel,"[16879, 16842, 16805, 16768, 16731, 16694, 16657, 16877, 16840, 16803, 16766, 16729, 16692, 16655, 16875, 16838, 16801, 16764, 16727, 16690, 16653, 16873, 16836, 16799, 16762, 16725, 16688, 16651, 16871, 16834, 16797, 16760, 16723, 16686, 16649, 16869, 16832, 16795, 16758, 16721, 16684, 16647, 16867, 16830, 16793, 16756, 16719, 16682, 16645, 16865, 16828, 16791, 16754, 16717, 16680, 16643]","[2, 2, 2, 2, 2, 2, 2, 2, 2, 2, 2, 2, 2, 2, 2, 2, 2, 2, 2, 2, 2, 2, 2, 2, 2, 2, 2, 2, 2, 2, 2, 2, 2, 2, 2, 2, 2, 2, 2, 2, 2, 2, 2, 2, 2, 2, 2, 2, 2, 2, 2, 2, 2, 2, 2, 2]",3,56,1,20260829,55506d3552e30139761587656f00c212eaa67a91a0b2d655dd2ba630722884cd,float32,6861,0.09119556747428784,MEASURED,511,compact,569.875977,569.0399779999999,568.286987,568.95697,msprof_op_task_duration_acceptance,verify_d2,2.10.0.post4.dev20260715,2.10.0+cpu,4,3.2.0,6b5219f487b5b3ac57679a6a4387bc1d5d3a75f9
swa,c47f9bdcfb879eb73723521240a48a9bae99349d094a1fb82563535aabde82ec,6b5219f487b5b3ac57679a6a4387bc1d5d3a75f9,416,native_NHD_then_page_head_token_dim_permute,82f9e00dd9c169444330b20b411fdeeade867cd0d7fc3bfb55371c5c1a8d00fa,9.1.0,"[26607, 26570, 26533, 26496, 26459, 26422, 26385, 26605, 26568, 26531, 26494, 26457, 26420, 26383, 26603, 26566, 26529, 26492, 26455, 26418, 26381, 26601, 26564, 26527, 26490, 26453, 26416, 26379, 26599, 26562, 26525, 26488, 26451, 26414, 26377, 26597, 26560, 26523, 26486, 26449, 26412, 26375, 26595, 26558, 26521, 26484, 26447, 26410, 26373, 26593, 26556, 26519, 26482, 26445, 26408, 26371]","[2, 2, 2, 2, 2, 2, 2, 2, 2, 2, 2, 2, 2, 2, 2, 2, 2, 2, 2, 2, 2, 2, 2, 2, 2, 2, 2, 2, 2, 2, 2, 2, 2, 2, 2, 2, 2, 2, 2, 2, 2, 2, 2, 2, 2, 2, 2, 2, 2, 2, 2, 2, 2, 2, 2, 2]",0,swa_verify_d2_m112_kv26624_ragged_compact_tp4,True,npu:5,5,Ascend950PR_957b,2,bfloat16,False,256,_swa_paged_prefill_aggregation_sink_kernel,26624,ragged,112,2,26371,28,1,6,56,64,msprof/baseline/_swa_paged_prefill_aggregation_sink_kernel.log.gz,baseline,3.11.10,112,56,msprof_primary_kernel,"[26607, 26570, 26533, 26496, 26459, 26422, 26385, 26605, 26568, 26531, 26494, 26457, 26420, 26383, 26603, 26566, 26529, 26492, 26455, 26418, 26381, 26601, 26564, 26527, 26490, 26453, 26416, 26379, 26599, 26562, 26525, 26488, 26451, 26414, 26377, 26597, 26560, 26523, 26486, 26449, 26412, 26375, 26595, 26558, 26521, 26484, 26447, 26410, 26373, 26593, 26556, 26519, 26482, 26445, 26408, 26371]","[2, 2, 2, 2, 2, 2, 2, 2, 2, 2, 2, 2, 2, 2, 2, 2, 2, 2, 2, 2, 2, 2, 2, 2, 2, 2, 2, 2, 2, 2, 2, 2, 2, 2, 2, 2, 2, 2, 2, 2, 2, 2, 2, 2, 2, 2, 2, 2, 2, 2, 2, 2, 2, 2, 2, 2]",3,56,1,20260829,55506d3552e30139761587656f00c212eaa67a91a0b2d655dd2ba630722884cd,float32,6861,0.09119556747428784,MEASURED,511,compact,568.803955,567.9446206666667,567.425964,567.603943,msprof_op_task_duration_acceptance,verify_d2,2.10.0.post4.dev20260715,2.10.0+cpu,4,3.2.0,6b5219f487b5b3ac57679a6a4387bc1d5d3a75f9
swa,c47f9bdcfb879eb73723521240a48a9bae99349d094a1fb82563535aabde82ec,6b5219f487b5b3ac57679a6a4387bc1d5d3a75f9,64,native_NHD_then_page_head_token_dim_permute,82f9e00dd9c169444330b20b411fdeeade867cd0d7fc3bfb55371c5c1a8d00fa,9.1.0,[4096],[1],0,swa_dense_m1_kv4096_uniform_compact_tp4,True,npu:5,5,Ascend950PR_957b,,bfloat16,False,256,_swa_paged_prefill_aggregation_sink_kernel,4096,uniform,1,1,4096,28,1,6,56,64,msprof/baseline/_swa_paged_prefill_aggregation_sink_kernel.log.gz,baseline,3.11.10,1,1,msprof_primary_kernel,[4096],[1],3,1,1,20260829,55506d3552e30139761587656f00c212eaa67a91a0b2d655dd2ba630722884cd,float32,6861,0.09119556747428784,MEASURED,511,compact,13.866,13.443333333333333,12.8,13.664,msprof_op_task_duration_acceptance,dense,2.10.0.post4.dev20260715,2.10.0+cpu,4,3.2.0,6b5219f487b5b3ac57679a6a4387bc1d5d3a75f9
swa,c47f9bdcfb879eb73723521240a48a9bae99349d094a1fb82563535aabde82ec,6b5219f487b5b3ac57679a6a4387bc1d5d3a75f9,64,native_NHD_then_page_head_token_dim_permute,82f9e00dd9c169444330b20b411fdeeade867cd0d7fc3bfb55371c5c1a8d00fa,9.1.0,[4096],[2],0,swa_dense_m2_kv4096_uniform_compact_tp4,True,npu:5,5,Ascend950PR_957b,,bfloat16,False,256,_swa_paged_prefill_aggregation_sink_kernel,4096,uniform,2,2,4096,28,1,6,56,64,msprof/baseline/_swa_paged_prefill_aggregation_sink_kernel.log.gz,baseline,3.11.10,2,1,msprof_primary_kernel,[4096],[2],3,1,1,20260829,55506d3552e30139761587656f00c212eaa67a91a0b2d655dd2ba630722884cd,float32,6861,0.09119556747428784,MEASURED,511,compact,14.953,14.593333333333334,14.265,14.562,msprof_op_task_duration_acceptance,dense,2.10.0.post4.dev20260715,2.10.0+cpu,4,3.2.0,6b5219f487b5b3ac57679a6a4387bc1d5d3a75f9
swa,c47f9bdcfb879eb73723521240a48a9bae99349d094a1fb82563535aabde82ec,6b5219f487b5b3ac57679a6a4387bc1d5d3a75f9,64,native_NHD_then_page_head_token_dim_permute,82f9e00dd9c169444330b20b411fdeeade867cd0d7fc3bfb55371c5c1a8d00fa,9.1.0,[4096],[3],0,swa_dense_m3_kv4096_uniform_compact_tp4,True,npu:5,5,Ascend950PR_957b,,bfloat16,False,256,_swa_paged_prefill_aggregation_sink_kernel,4096,uniform,3,3,4096,28,1,6,56,64,msprof/baseline/_swa_paged_prefill_aggregation_sink_kernel.log.gz,baseline,3.11.10,3,1,msprof_primary_kernel,[4096],[3],3,1,1,20260829,55506d3552e30139761587656f00c212eaa67a91a0b2d655dd2ba630722884cd,float32,6861,0.09119556747428784,MEASURED,511,compact,15.758,15.080333333333334,14.399,15.084,msprof_op_task_duration_acceptance,dense,2.10.0.post4.dev20260715,2.10.0+cpu,4,3.2.0,6b5219f487b5b3ac57679a6a4387bc1d5d3a75f9
swa,c47f9bdcfb879eb73723521240a48a9bae99349d094a1fb82563535aabde82ec,6b5219f487b5b3ac57679a6a4387bc1d5d3a75f9,64,native_NHD_then_page_head_token_dim_permute,82f9e00dd9c169444330b20b411fdeeade867cd0d7fc3bfb55371c5c1a8d00fa,9.1.0,[4096],[4],0,swa_dense_m4_kv4096_uniform_compact_tp4,True,npu:5,5,Ascend950PR_957b,,bfloat16,False,256,_swa_paged_prefill_aggregation_sink_kernel,4096,uniform,4,4,4096,28,1,6,56,64,msprof/baseline/_swa_paged_prefill_aggregation_sink_kernel.log.gz,baseline,3.11.10,4,1,msprof_primary_kernel,[4096],[4],3,1,1,20260829,55506d3552e30139761587656f00c212eaa67a91a0b2d655dd2ba630722884cd,float32,6861,0.09119556747428784,MEASURED,511,compact,15.219,14.782333333333334,14.377,14.751,msprof_op_task_duration_acceptance,dense,2.10.0.post4.dev20260715,2.10.0+cpu,4,3.2.0,6b5219f487b5b3ac57679a6a4387bc1d5d3a75f9
swa,c47f9bdcfb879eb73723521240a48a9bae99349d094a1fb82563535aabde82ec,6b5219f487b5b3ac57679a6a4387bc1d5d3a75f9,64,native_NHD_then_page_head_token_dim_permute,82f9e00dd9c169444330b20b411fdeeade867cd0d7fc3bfb55371c5c1a8d00fa,9.1.0,[4096],[5],0,swa_dense_m5_kv4096_uniform_compact_tp4,True,npu:5,5,Ascend950PR_957b,,bfloat16,False,256,_swa_paged_prefill_aggregation_sink_kernel,4096,uniform,5,5,4096,28,1,6,56,64,msprof/baseline/_swa_paged_prefill_aggregation_sink_kernel.log.gz,baseline,3.11.10,5,1,msprof_primary_kernel,[4096],[5],3,1,1,20260829,55506d3552e30139761587656f00c212eaa67a91a0b2d655dd2ba630722884cd,float32,6861,0.09119556747428784,MEASURED,511,compact,15.583,14.927,14.337,14.861,msprof_op_task_duration_acceptance,dense,2.10.0.post4.dev20260715,2.10.0+cpu,4,3.2.0,6b5219f487b5b3ac57679a6a4387bc1d5d3a75f9
swa,c47f9bdcfb879eb73723521240a48a9bae99349d094a1fb82563535aabde82ec,6b5219f487b5b3ac57679a6a4387bc1d5d3a75f9,64,native_NHD_then_page_head_token_dim_permute,82f9e00dd9c169444330b20b411fdeeade867cd0d7fc3bfb55371c5c1a8d00fa,9.1.0,[4096],[7],0,swa_dense_m7_kv4096_uniform_compact_tp4,True,npu:5,5,Ascend950PR_957b,,bfloat16,False,256,_swa_paged_prefill_aggregation_sink_kernel,4096,uniform,7,7,4096,28,1,6,56,64,msprof/baseline/_swa_paged_prefill_aggregation_sink_kernel.log.gz,baseline,3.11.10,7,1,msprof_primary_kernel,[4096],[7],3,1,1,20260829,55506d3552e30139761587656f00c212eaa67a91a0b2d655dd2ba630722884cd,float32,6861,0.09119556747428784,MEASURED,511,compact,14.619,14.511333333333333,14.443,14.472,msprof_op_task_duration_acceptance,dense,2.10.0.post4.dev20260715,2.10.0+cpu,4,3.2.0,6b5219f487b5b3ac57679a6a4387bc1d5d3a75f9
swa,c47f9bdcfb879eb73723521240a48a9bae99349d094a1fb82563535aabde82ec,6b5219f487b5b3ac57679a6a4387bc1d5d3a75f9,64,native_NHD_then_page_head_token_dim_permute,82f9e00dd9c169444330b20b411fdeeade867cd0d7fc3bfb55371c5c1a8d00fa,9.1.0,[4096],[8],0,swa_dense_m8_kv4096_uniform_compact_tp4,True,npu:5,5,Ascend950PR_957b,,bfloat16,False,256,_swa_paged_prefill_aggregation_sink_kernel,4096,uniform,8,8,4096,28,1,6,56,64,msprof/baseline/_swa_paged_prefill_aggregation_sink_kernel.log.gz,baseline,3.11.10,8,1,msprof_primary_kernel,[4096],[8],3,1,1,20260829,55506d3552e30139761587656f00c212eaa67a91a0b2d655dd2ba630722884cd,float32,6861,0.09119556747428784,MEASURED,511,compact,16.712999,15.535333,14.936,14.957,msprof_op_task_duration_acceptance,dense,2.10.0.post4.dev20260715,2.10.0+cpu,4,3.2.0,6b5219f487b5b3ac57679a6a4387bc1d5d3a75f9
swa,c47f9bdcfb879eb73723521240a48a9bae99349d094a1fb82563535aabde82ec,6b5219f487b5b3ac57679a6a4387bc1d5d3a75f9,64,native_NHD_then_page_head_token_dim_permute,82f9e00dd9c169444330b20b411fdeeade867cd0d7fc3bfb55371c5c1a8d00fa,9.1.0,[4096],[15],0,swa_dense_m15_kv4096_uniform_compact_tp4,True,npu:5,5,Ascend950PR_957b,,bfloat16,False,256,_swa_paged_prefill_aggregation_sink_kernel,4096,uniform,15,15,4096,28,1,6,56,64,msprof/baseline/_swa_paged_prefill_aggregation_sink_kernel.log.gz,baseline,3.11.10,15,1,msprof_primary_kernel,[4096],[15],3,1,1,20260829,55506d3552e30139761587656f00c212eaa67a91a0b2d655dd2ba630722884cd,float32,6861,0.09119556747428784,MEASURED,511,compact,14.599,14.557,14.535,14.537,msprof_op_task_duration_acceptance,dense,2.10.0.post4.dev20260715,2.10.0+cpu,4,3.2.0,6b5219f487b5b3ac57679a6a4387bc1d5d3a75f9
swa,c47f9bdcfb879eb73723521240a48a9bae99349d094a1fb82563535aabde82ec,6b5219f487b5b3ac57679a6a4387bc1d5d3a75f9,64,native_NHD_then_page_head_token_dim_permute,82f9e00dd9c169444330b20b411fdeeade867cd0d7fc3bfb55371c5c1a8d00fa,9.1.0,[4096],[16],0,swa_dense_m16_kv4096_uniform_compact_tp4,True,npu:5,5,Ascend950PR_957b,,bfloat16,False,256,_swa_paged_prefill_aggregation_sink_kernel,4096,uniform,16,16,4096,28,1,6,56,64,msprof/baseline/_swa_paged_prefill_aggregation_sink_kernel.log.gz,baseline,3.11.10,16,1,msprof_primary_kernel,[4096],[16],3,1,1,20260829,55506d3552e30139761587656f00c212eaa67a91a0b2d655dd2ba630722884cd,float32,6861,0.09119556747428784,MEASURED,511,compact,15.121,14.842333333333334,14.411,14.995,msprof_op_task_duration_acceptance,dense,2.10.0.post4.dev20260715,2.10.0+cpu,4,3.2.0,6b5219f487b5b3ac57679a6a4387bc1d5d3a75f9
swa,c47f9bdcfb879eb73723521240a48a9bae99349d094a1fb82563535aabde82ec,6b5219f487b5b3ac57679a6a4387bc1d5d3a75f9,64,native_NHD_then_page_head_token_dim_permute,82f9e00dd9c169444330b20b411fdeeade867cd0d7fc3bfb55371c5c1a8d00fa,9.1.0,[4096],[17],0,swa_dense_m17_kv4096_uniform_compact_tp4,True,npu:5,5,Ascend950PR_957b,,bfloat16,False,256,_swa_paged_prefill_aggregation_sink_kernel,4096,uniform,17,17,4096,28,1,6,56,64,msprof/baseline/_swa_paged_prefill_aggregation_sink_kernel.log.gz,baseline,3.11.10,17,1,msprof_primary_kernel,[4096],[17],3,1,1,20260829,55506d3552e30139761587656f00c212eaa67a91a0b2d655dd2ba630722884cd,float32,6861,0.09119556747428784,MEASURED,511,compact,15.113,14.886333333333333,14.561,14.985,msprof_op_task_duration_acceptance,dense,2.10.0.post4.dev20260715,2.10.0+cpu,4,3.2.0,6b5219f487b5b3ac57679a6a4387bc1d5d3a75f9
swa,c47f9bdcfb879eb73723521240a48a9bae99349d094a1fb82563535aabde82ec,6b5219f487b5b3ac57679a6a4387bc1d5d3a75f9,64,native_NHD_then_page_head_token_dim_permute,82f9e00dd9c169444330b20b411fdeeade867cd0d7fc3bfb55371c5c1a8d00fa,9.1.0,[4096],[23],0,swa_dense_m23_kv4096_uniform_compact_tp4,True,npu:5,5,Ascend950PR_957b,,bfloat16,False,256,_swa_paged_prefill_aggregation_sink_kernel,4096,uniform,23,23,4096,28,1,6,56,64,msprof/baseline/_swa_paged_prefill_aggregation_sink_kernel.log.gz,baseline,3.11.10,23,1,msprof_primary_kernel,[4096],[23],3,1,1,20260829,55506d3552e30139761587656f00c212eaa67a91a0b2d655dd2ba630722884cd,float32,6861,0.09119556747428784,MEASURED,511,compact,16.249001,15.307000333333335,14.515,15.157,msprof_op_task_duration_acceptance,dense,2.10.0.post4.dev20260715,2.10.0+cpu,4,3.2.0,6b5219f487b5b3ac57679a6a4387bc1d5d3a75f9
swa,c47f9bdcfb879eb73723521240a48a9bae99349d094a1fb82563535aabde82ec,6b5219f487b5b3ac57679a6a4387bc1d5d3a75f9,64,native_NHD_then_page_head_token_dim_permute,82f9e00dd9c169444330b20b411fdeeade867cd0d7fc3bfb55371c5c1a8d00fa,9.1.0,[4096],[31],0,swa_dense_m31_kv4096_uniform_compact_tp4,True,npu:5,5,Ascend950PR_957b,,bfloat16,False,256,_swa_paged_prefill_aggregation_sink_kernel,4096,uniform,31,31,4096,28,1,6,56,64,msprof/baseline/_swa_paged_prefill_aggregation_sink_kernel.log.gz,baseline,3.11.10,31,1,msprof_primary_kernel,[4096],[31],3,1,1,20260829,55506d3552e30139761587656f00c212eaa67a91a0b2d655dd2ba630722884cd,float32,6861,0.09119556747428784,MEASURED,511,compact,15.466,15.087333333333333,14.693,15.103,msprof_op_task_duration_acceptance,dense,2.10.0.post4.dev20260715,2.10.0+cpu,4,3.2.0,6b5219f487b5b3ac57679a6a4387bc1d5d3a75f9
swa,c47f9bdcfb879eb73723521240a48a9bae99349d094a1fb82563535aabde82ec,6b5219f487b5b3ac57679a6a4387bc1d5d3a75f9,64,native_NHD_then_page_head_token_dim_permute,82f9e00dd9c169444330b20b411fdeeade867cd0d7fc3bfb55371c5c1a8d00fa,9.1.0,[4096],[32],0,swa_dense_m32_kv4096_uniform_compact_tp4,True,npu:5,5,Ascend950PR_957b,,bfloat16,False,256,_swa_paged_prefill_aggregation_sink_kernel,4096,uniform,32,32,4096,28,1,6,56,64,msprof/baseline/_swa_paged_prefill_aggregation_sink_kernel.log.gz,baseline,3.11.10,32,1,msprof_primary_kernel,[4096],[32],3,1,1,20260829,55506d3552e30139761587656f00c212eaa67a91a0b2d655dd2ba630722884cd,float32,6861,0.09119556747428784,MEASURED,511,compact,14.895,14.729333333333335,14.503,14.79,msprof_op_task_duration_acceptance,dense,2.10.0.post4.dev20260715,2.10.0+cpu,4,3.2.0,6b5219f487b5b3ac57679a6a4387bc1d5d3a75f9
swa,c47f9bdcfb879eb73723521240a48a9bae99349d094a1fb82563535aabde82ec,6b5219f487b5b3ac57679a6a4387bc1d5d3a75f9,64,native_NHD_then_page_head_token_dim_permute,82f9e00dd9c169444330b20b411fdeeade867cd0d7fc3bfb55371c5c1a8d00fa,9.1.0,[4096],[33],0,swa_dense_m33_kv4096_uniform_compact_tp4,True,npu:5,5,Ascend950PR_957b,,bfloat16,False,256,_swa_paged_prefill_aggregation_sink_kernel,4096,uniform,33,33,4096,28,1,6,56,64,msprof/baseline/_swa_paged_prefill_aggregation_sink_kernel.log.gz,baseline,3.11.10,33,1,msprof_primary_kernel,[4096],[33],3,1,1,20260829,55506d3552e30139761587656f00c212eaa67a91a0b2d655dd2ba630722884cd,float32,6861,0.09119556747428784,MEASURED,511,compact,15.346,15.075666666666669,14.78,15.101,msprof_op_task_duration_acceptance,dense,2.10.0.post4.dev20260715,2.10.0+cpu,4,3.2.0,6b5219f487b5b3ac57679a6a4387bc1d5d3a75f9
swa,c47f9bdcfb879eb73723521240a48a9bae99349d094a1fb82563535aabde82ec,6b5219f487b5b3ac57679a6a4387bc1d5d3a75f9,64,native_NHD_then_page_head_token_dim_permute,82f9e00dd9c169444330b20b411fdeeade867cd0d7fc3bfb55371c5c1a8d00fa,9.1.0,[4096],[37],0,swa_dense_m37_kv4096_uniform_compact_tp4,True,npu:5,5,Ascend950PR_957b,,bfloat16,False,256,_swa_paged_prefill_aggregation_sink_kernel,4096,uniform,37,37,4096,28,1,6,56,64,msprof/baseline/_swa_paged_prefill_aggregation_sink_kernel.log.gz,baseline,3.11.10,37,1,msprof_primary_kernel,[4096],[37],3,1,1,20260829,55506d3552e30139761587656f00c212eaa67a91a0b2d655dd2ba630722884cd,float32,6861,0.09119556747428784,MEASURED,511,compact,16.052999,15.261333,14.699,15.032,msprof_op_task_duration_acceptance,dense,2.10.0.post4.dev20260715,2.10.0+cpu,4,3.2.0,6b5219f487b5b3ac57679a6a4387bc1d5d3a75f9
swa,c47f9bdcfb879eb73723521240a48a9bae99349d094a1fb82563535aabde82ec,6b5219f487b5b3ac57679a6a4387bc1d5d3a75f9,64,native_NHD_then_page_head_token_dim_permute,82f9e00dd9c169444330b20b411fdeeade867cd0d7fc3bfb55371c5c1a8d00fa,9.1.0,[4096],[47],0,swa_dense_m47_kv4096_uniform_compact_tp4,True,npu:5,5,Ascend950PR_957b,,bfloat16,False,256,_swa_paged_prefill_aggregation_sink_kernel,4096,uniform,47,47,4096,28,1,6,56,64,msprof/baseline/_swa_paged_prefill_aggregation_sink_kernel.log.gz,baseline,3.11.10,47,1,msprof_primary_kernel,[4096],[47],3,1,1,20260829,55506d3552e30139761587656f00c212eaa67a91a0b2d655dd2ba630722884cd,float32,6861,0.09119556747428784,MEASURED,511,compact,14.949,14.815333333333333,14.578,14.919,msprof_op_task_duration_acceptance,dense,2.10.0.post4.dev20260715,2.10.0+cpu,4,3.2.0,6b5219f487b5b3ac57679a6a4387bc1d5d3a75f9
swa,c47f9bdcfb879eb73723521240a48a9bae99349d094a1fb82563535aabde82ec,6b5219f487b5b3ac57679a6a4387bc1d5d3a75f9,64,native_NHD_then_page_head_token_dim_permute,82f9e00dd9c169444330b20b411fdeeade867cd0d7fc3bfb55371c5c1a8d00fa,9.1.0,[4096],[48],0,swa_dense_m48_kv4096_uniform_compact_tp4,True,npu:5,5,Ascend950PR_957b,,bfloat16,False,256,_swa_paged_prefill_aggregation_sink_kernel,4096,uniform,48,48,4096,28,1,6,56,64,msprof/baseline/_swa_paged_prefill_aggregation_sink_kernel.log.gz,baseline,3.11.10,48,1,msprof_primary_kernel,[4096],[48],3,1,1,20260829,55506d3552e30139761587656f00c212eaa67a91a0b2d655dd2ba630722884cd,float32,6861,0.09119556747428784,MEASURED,511,compact,15.654,15.273000000000001,15.043,15.122,msprof_op_task_duration_acceptance,dense,2.10.0.post4.dev20260715,2.10.0+cpu,4,3.2.0,6b5219f487b5b3ac57679a6a4387bc1d5d3a75f9
swa,c47f9bdcfb879eb73723521240a48a9bae99349d094a1fb82563535aabde82ec,6b5219f487b5b3ac57679a6a4387bc1d5d3a75f9,64,native_NHD_then_page_head_token_dim_permute,82f9e00dd9c169444330b20b411fdeeade867cd0d7fc3bfb55371c5c1a8d00fa,9.1.0,[4096],[49],0,swa_dense_m49_kv4096_uniform_compact_tp4,True,npu:5,5,Ascend950PR_957b,,bfloat16,False,256,_swa_paged_prefill_aggregation_sink_kernel,4096,uniform,49,49,4096,28,1,6,56,64,msprof/baseline/_swa_paged_prefill_aggregation_sink_kernel.log.gz,baseline,3.11.10,49,1,msprof_primary_kernel,[4096],[49],3,1,1,20260829,55506d3552e30139761587656f00c212eaa67a91a0b2d655dd2ba630722884cd,float32,6861,0.09119556747428784,MEASURED,511,compact,15.628,15.266333333333334,14.605,15.566,msprof_op_task_duration_acceptance,dense,2.10.0.post4.dev20260715,2.10.0+cpu,4,3.2.0,6b5219f487b5b3ac57679a6a4387bc1d5d3a75f9
swa,c47f9bdcfb879eb73723521240a48a9bae99349d094a1fb82563535aabde82ec,6b5219f487b5b3ac57679a6a4387bc1d5d3a75f9,64,native_NHD_then_page_head_token_dim_permute,82f9e00dd9c169444330b20b411fdeeade867cd0d7fc3bfb55371c5c1a8d00fa,9.1.0,[4096],[63],0,swa_dense_m63_kv4096_uniform_compact_tp4,True,npu:5,5,Ascend950PR_957b,,bfloat16,False,256,_swa_paged_prefill_aggregation_sink_kernel,4096,uniform,63,63,4096,28,1,6,56,64,msprof/baseline/_swa_paged_prefill_aggregation_sink_kernel.log.gz,baseline,3.11.10,63,1,msprof_primary_kernel,[4096],[63],3,1,1,20260829,55506d3552e30139761587656f00c212eaa67a91a0b2d655dd2ba630722884cd,float32,6861,0.09119556747428784,MEASURED,511,compact,14.881,14.783000000000001,14.726,14.742,msprof_op_task_duration_acceptance,dense,2.10.0.post4.dev20260715,2.10.0+cpu,4,3.2.0,6b5219f487b5b3ac57679a6a4387bc1d5d3a75f9
swa,c47f9bdcfb879eb73723521240a48a9bae99349d094a1fb82563535aabde82ec,6b5219f487b5b3ac57679a6a4387bc1d5d3a75f9,64,native_NHD_then_page_head_token_dim_permute,82f9e00dd9c169444330b20b411fdeeade867cd0d7fc3bfb55371c5c1a8d00fa,9.1.0,[4096],[64],0,swa_dense_m64_kv4096_uniform_compact_tp4,True,npu:5,5,Ascend950PR_957b,,bfloat16,False,256,_swa_paged_prefill_aggregation_sink_kernel,4096,uniform,64,64,4096,28,1,6,56,64,msprof/baseline/_swa_paged_prefill_aggregation_sink_kernel.log.gz,baseline,3.11.10,64,1,msprof_primary_kernel,[4096],[64],3,1,1,20260829,55506d3552e30139761587656f00c212eaa67a91a0b2d655dd2ba630722884cd,float32,6861,0.09119556747428784,MEASURED,511,compact,14.966,14.814,14.713,14.763,msprof_op_task_duration_acceptance,dense,2.10.0.post4.dev20260715,2.10.0+cpu,4,3.2.0,6b5219f487b5b3ac57679a6a4387bc1d5d3a75f9
swa,c47f9bdcfb879eb73723521240a48a9bae99349d094a1fb82563535aabde82ec,6b5219f487b5b3ac57679a6a4387bc1d5d3a75f9,64,native_NHD_then_page_head_token_dim_permute,82f9e00dd9c169444330b20b411fdeeade867cd0d7fc3bfb55371c5c1a8d00fa,9.1.0,[4096],[65],0,swa_dense_m65_kv4096_uniform_compact_tp4,True,npu:5,5,Ascend950PR_957b,,bfloat16,False,256,_swa_paged_prefill_aggregation_sink_kernel,4096,uniform,65,65,4096,28,1,6,56,64,msprof/baseline/_swa_paged_prefill_aggregation_sink_kernel.log.gz,baseline,3.11.10,65,1,msprof_primary_kernel,[4096],[65],3,1,1,20260829,55506d3552e30139761587656f00c212eaa67a91a0b2d655dd2ba630722884cd,float32,6861,0.09119556747428784,MEASURED,511,compact,15.897,15.261666666666665,14.916,14.972,msprof_op_task_duration_acceptance,dense,2.10.0.post4.dev20260715,2.10.0+cpu,4,3.2.0,6b5219f487b5b3ac57679a6a4387bc1d5d3a75f9
swa,c47f9bdcfb879eb73723521240a48a9bae99349d094a1fb82563535aabde82ec,6b5219f487b5b3ac57679a6a4387bc1d5d3a75f9,64,native_NHD_then_page_head_token_dim_permute,82f9e00dd9c169444330b20b411fdeeade867cd0d7fc3bfb55371c5c1a8d00fa,9.1.0,[4096],[73],0,swa_dense_m73_kv4096_uniform_compact_tp4,True,npu:5,5,Ascend950PR_957b,,bfloat16,False,256,_swa_paged_prefill_aggregation_sink_kernel,4096,uniform,73,73,4096,28,1,6,56,64,msprof/baseline/_swa_paged_prefill_aggregation_sink_kernel.log.gz,baseline,3.11.10,73,1,msprof_primary_kernel,[4096],[73],3,1,1,20260829,55506d3552e30139761587656f00c212eaa67a91a0b2d655dd2ba630722884cd,float32,6861,0.09119556747428784,MEASURED,511,compact,15.248,15.209333333333333,15.155,15.225,msprof_op_task_duration_acceptance,dense,2.10.0.post4.dev20260715,2.10.0+cpu,4,3.2.0,6b5219f487b5b3ac57679a6a4387bc1d5d3a75f9
swa,c47f9bdcfb879eb73723521240a48a9bae99349d094a1fb82563535aabde82ec,6b5219f487b5b3ac57679a6a4387bc1d5d3a75f9,64,native_NHD_then_page_head_token_dim_permute,82f9e00dd9c169444330b20b411fdeeade867cd0d7fc3bfb55371c5c1a8d00fa,9.1.0,[4096],[95],0,swa_dense_m95_kv4096_uniform_compact_tp4,True,npu:5,5,Ascend950PR_957b,,bfloat16,False,256,_swa_paged_prefill_aggregation_sink_kernel,4096,uniform,95,95,4096,28,1,6,56,64,msprof/baseline/_swa_paged_prefill_aggregation_sink_kernel.log.gz,baseline,3.11.10,95,1,msprof_primary_kernel,[4096],[95],3,1,1,20260829,55506d3552e30139761587656f00c212eaa67a91a0b2d655dd2ba630722884cd,float32,6861,0.09119556747428784,MEASURED,511,compact,15.542,15.408666666666667,15.307,15.377,msprof_op_task_duration_acceptance,dense,2.10.0.post4.dev20260715,2.10.0+cpu,4,3.2.0,6b5219f487b5b3ac57679a6a4387bc1d5d3a75f9
swa,c47f9bdcfb879eb73723521240a48a9bae99349d094a1fb82563535aabde82ec,6b5219f487b5b3ac57679a6a4387bc1d5d3a75f9,64,native_NHD_then_page_head_token_dim_permute,82f9e00dd9c169444330b20b411fdeeade867cd0d7fc3bfb55371c5c1a8d00fa,9.1.0,[4096],[111],0,swa_dense_m111_kv4096_uniform_compact_tp4,True,npu:5,5,Ascend950PR_957b,,bfloat16,False,256,_swa_paged_prefill_aggregation_sink_kernel,4096,uniform,111,111,4096,28,1,6,56,64,msprof/baseline/_swa_paged_prefill_aggregation_sink_kernel.log.gz,baseline,3.11.10,111,1,msprof_primary_kernel,[4096],[111],3,1,1,20260829,55506d3552e30139761587656f00c212eaa67a91a0b2d655dd2ba630722884cd,float32,6861,0.09119556747428784,MEASURED,511,compact,15.233,15.063,14.869,15.087,msprof_op_task_duration_acceptance,dense,2.10.0.post4.dev20260715,2.10.0+cpu,4,3.2.0,6b5219f487b5b3ac57679a6a4387bc1d5d3a75f9
swa,c47f9bdcfb879eb73723521240a48a9bae99349d094a1fb82563535aabde82ec,6b5219f487b5b3ac57679a6a4387bc1d5d3a75f9,64,native_NHD_then_page_head_token_dim_permute,82f9e00dd9c169444330b20b411fdeeade867cd0d7fc3bfb55371c5c1a8d00fa,9.1.0,[4096],[127],0,swa_dense_m127_kv4096_uniform_compact_tp4,True,npu:5,5,Ascend950PR_957b,,bfloat16,False,256,_swa_paged_prefill_aggregation_sink_kernel,4096,uniform,127,127,4096,28,1,6,56,64,msprof/baseline/_swa_paged_prefill_aggregation_sink_kernel.log.gz,baseline,3.11.10,127,1,msprof_primary_kernel,[4096],[127],3,1,1,20260829,55506d3552e30139761587656f00c212eaa67a91a0b2d655dd2ba630722884cd,float32,6861,0.09119556747428784,MEASURED,511,compact,15.928,15.599333333333334,15.22,15.65,msprof_op_task_duration_acceptance,dense,2.10.0.post4.dev20260715,2.10.0+cpu,4,3.2.0,6b5219f487b5b3ac57679a6a4387bc1d5d3a75f9
swa,c47f9bdcfb879eb73723521240a48a9bae99349d094a1fb82563535aabde82ec,6b5219f487b5b3ac57679a6a4387bc1d5d3a75f9,64,native_NHD_then_page_head_token_dim_permute,82f9e00dd9c169444330b20b411fdeeade867cd0d7fc3bfb55371c5c1a8d00fa,9.1.0,[4096],[128],0,swa_dense_m128_kv4096_uniform_compact_tp4,True,npu:5,5,Ascend950PR_957b,,bfloat16,False,256,_swa_paged_prefill_aggregation_sink_kernel,4096,uniform,128,128,4096,28,1,6,56,64,msprof/baseline/_swa_paged_prefill_aggregation_sink_kernel.log.gz,baseline,3.11.10,128,1,msprof_primary_kernel,[4096],[128],3,1,1,20260829,55506d3552e30139761587656f00c212eaa67a91a0b2d655dd2ba630722884cd,float32,6861,0.09119556747428784,MEASURED,511,compact,15.311,15.054666666666668,14.897,14.956,msprof_op_task_duration_acceptance,dense,2.10.0.post4.dev20260715,2.10.0+cpu,4,3.2.0,6b5219f487b5b3ac57679a6a4387bc1d5d3a75f9
swa,c47f9bdcfb879eb73723521240a48a9bae99349d094a1fb82563535aabde82ec,6b5219f487b5b3ac57679a6a4387bc1d5d3a75f9,64,native_NHD_then_page_head_token_dim_permute,82f9e00dd9c169444330b20b411fdeeade867cd0d7fc3bfb55371c5c1a8d00fa,9.1.0,[4096],[129],0,swa_dense_m129_kv4096_uniform_compact_tp4,True,npu:5,5,Ascend950PR_957b,,bfloat16,False,256,_swa_paged_prefill_aggregation_sink_kernel,4096,uniform,129,129,4096,28,1,6,56,64,msprof/baseline/_swa_paged_prefill_aggregation_sink_kernel.log.gz,baseline,3.11.10,129,1,msprof_primary_kernel,[4096],[129],3,1,1,20260829,55506d3552e30139761587656f00c212eaa67a91a0b2d655dd2ba630722884cd,float32,6861,0.09119556747428784,MEASURED,511,compact,15.507,15.194333333333333,14.974,15.102,msprof_op_task_duration_acceptance,dense,2.10.0.post4.dev20260715,2.10.0+cpu,4,3.2.0,6b5219f487b5b3ac57679a6a4387bc1d5d3a75f9
swa,c47f9bdcfb879eb73723521240a48a9bae99349d094a1fb82563535aabde82ec,6b5219f487b5b3ac57679a6a4387bc1d5d3a75f9,64,native_NHD_then_page_head_token_dim_permute,82f9e00dd9c169444330b20b411fdeeade867cd0d7fc3bfb55371c5c1a8d00fa,9.1.0,[4096],[191],0,swa_dense_m191_kv4096_uniform_compact_tp4,True,npu:5,5,Ascend950PR_957b,,bfloat16,False,256,_swa_paged_prefill_aggregation_sink_kernel,4096,uniform,191,191,4096,28,1,6,56,64,msprof/baseline/_swa_paged_prefill_aggregation_sink_kernel.log.gz,baseline,3.11.10,191,1,msprof_primary_kernel,[4096],[191],3,1,1,20260829,55506d3552e30139761587656f00c212eaa67a91a0b2d655dd2ba630722884cd,float32,6861,0.09119556747428784,MEASURED,511,compact,17.040001,16.726666666666667,16.569,16.570999,msprof_op_task_duration_acceptance,dense,2.10.0.post4.dev20260715,2.10.0+cpu,4,3.2.0,6b5219f487b5b3ac57679a6a4387bc1d5d3a75f9
swa,c47f9bdcfb879eb73723521240a48a9bae99349d094a1fb82563535aabde82ec,6b5219f487b5b3ac57679a6a4387bc1d5d3a75f9,64,native_NHD_then_page_head_token_dim_permute,82f9e00dd9c169444330b20b411fdeeade867cd0d7fc3bfb55371c5c1a8d00fa,9.1.0,[4096],[192],0,swa_dense_m192_kv4096_uniform_compact_tp4,True,npu:5,5,Ascend950PR_957b,,bfloat16,False,256,_swa_paged_prefill_aggregation_sink_kernel,4096,uniform,192,192,4096,28,1,6,56,64,msprof/baseline/_swa_paged_prefill_aggregation_sink_kernel.log.gz,baseline,3.11.10,192,1,msprof_primary_kernel,[4096],[192],3,1,1,20260829,55506d3552e30139761587656f00c212eaa67a91a0b2d655dd2ba630722884cd,float32,6861,0.09119556747428784,MEASURED,511,compact,15.996,15.6,15.272,15.532,msprof_op_task_duration_acceptance,dense,2.10.0.post4.dev20260715,2.10.0+cpu,4,3.2.0,6b5219f487b5b3ac57679a6a4387bc1d5d3a75f9
swa,c47f9bdcfb879eb73723521240a48a9bae99349d094a1fb82563535aabde82ec,6b5219f487b5b3ac57679a6a4387bc1d5d3a75f9,64,native_NHD_then_page_head_token_dim_permute,82f9e00dd9c169444330b20b411fdeeade867cd0d7fc3bfb55371c5c1a8d00fa,9.1.0,[4096],[193],0,swa_dense_m193_kv4096_uniform_compact_tp4,True,npu:5,5,Ascend950PR_957b,,bfloat16,False,256,_swa_paged_prefill_aggregation_sink_kernel,4096,uniform,193,193,4096,28,1,6,56,64,msprof/baseline/_swa_paged_prefill_aggregation_sink_kernel.log.gz,baseline,3.11.10,193,1,msprof_primary_kernel,[4096],[193],3,1,1,20260829,55506d3552e30139761587656f00c212eaa67a91a0b2d655dd2ba630722884cd,float32,6861,0.09119556747428784,MEASURED,511,compact,16.002001,15.846666999999998,15.758,15.78,msprof_op_task_duration_acceptance,dense,2.10.0.post4.dev20260715,2.10.0+cpu,4,3.2.0,6b5219f487b5b3ac57679a6a4387bc1d5d3a75f9
swa,c47f9bdcfb879eb73723521240a48a9bae99349d094a1fb82563535aabde82ec,6b5219f487b5b3ac57679a6a4387bc1d5d3a75f9,64,native_NHD_then_page_head_token_dim_permute,82f9e00dd9c169444330b20b411fdeeade867cd0d7fc3bfb55371c5c1a8d00fa,9.1.0,[4096],[255],0,swa_dense_m255_kv4096_uniform_compact_tp4,True,npu:5,5,Ascend950PR_957b,,bfloat16,False,256,_swa_paged_prefill_aggregation_sink_kernel,4096,uniform,255,255,4096,28,1,6,56,64,msprof/baseline/_swa_paged_prefill_aggregation_sink_kernel.log.gz,baseline,3.11.10,255,1,msprof_primary_kernel,[4096],[255],3,1,1,20260829,55506d3552e30139761587656f00c212eaa67a91a0b2d655dd2ba630722884cd,float32,6861,0.09119556747428784,MEASURED,511,compact,17.205,16.91333333333333,16.636,16.899,msprof_op_task_duration_acceptance,dense,2.10.0.post4.dev20260715,2.10.0+cpu,4,3.2.0,6b5219f487b5b3ac57679a6a4387bc1d5d3a75f9
swa,c47f9bdcfb879eb73723521240a48a9bae99349d094a1fb82563535aabde82ec,6b5219f487b5b3ac57679a6a4387bc1d5d3a75f9,64,native_NHD_then_page_head_token_dim_permute,82f9e00dd9c169444330b20b411fdeeade867cd0d7fc3bfb55371c5c1a8d00fa,9.1.0,[4096],[256],0,swa_dense_m256_kv4096_uniform_compact_tp4,True,npu:5,5,Ascend950PR_957b,,bfloat16,False,256,_swa_paged_prefill_aggregation_sink_kernel,4096,uniform,256,256,4096,28,1,6,56,64,msprof/baseline/_swa_paged_prefill_aggregation_sink_kernel.log.gz,baseline,3.11.10,256,1,msprof_primary_kernel,[4096],[256],3,1,1,20260829,55506d3552e30139761587656f00c212eaa67a91a0b2d655dd2ba630722884cd,float32,6861,0.09119556747428784,MEASURED,511,compact,15.416,15.328666666666669,15.226,15.344,msprof_op_task_duration_acceptance,dense,2.10.0.post4.dev20260715,2.10.0+cpu,4,3.2.0,6b5219f487b5b3ac57679a6a4387bc1d5d3a75f9
swa,c47f9bdcfb879eb73723521240a48a9bae99349d094a1fb82563535aabde82ec,6b5219f487b5b3ac57679a6a4387bc1d5d3a75f9,64,native_NHD_then_page_head_token_dim_permute,82f9e00dd9c169444330b20b411fdeeade867cd0d7fc3bfb55371c5c1a8d00fa,9.1.0,[4096],[257],0,swa_dense_m257_kv4096_uniform_compact_tp4,True,npu:5,5,Ascend950PR_957b,,bfloat16,False,256,_swa_paged_prefill_aggregation_sink_kernel,4096,uniform,257,257,4096,28,1,6,56,64,msprof/baseline/_swa_paged_prefill_aggregation_sink_kernel.log.gz,baseline,3.11.10,257,1,msprof_primary_kernel,[4096],[257],3,1,1,20260829,55506d3552e30139761587656f00c212eaa67a91a0b2d655dd2ba630722884cd,float32,6861,0.09119556747428784,MEASURED,511,compact,15.934,15.616666666666667,15.452,15.464,msprof_op_task_duration_acceptance,dense,2.10.0.post4.dev20260715,2.10.0+cpu,4,3.2.0,6b5219f487b5b3ac57679a6a4387bc1d5d3a75f9
swa,c47f9bdcfb879eb73723521240a48a9bae99349d094a1fb82563535aabde82ec,6b5219f487b5b3ac57679a6a4387bc1d5d3a75f9,64,native_NHD_then_page_head_token_dim_permute,82f9e00dd9c169444330b20b411fdeeade867cd0d7fc3bfb55371c5c1a8d00fa,9.1.0,[4096],[383],0,swa_dense_m383_kv4096_uniform_compact_tp4,True,npu:5,5,Ascend950PR_957b,,bfloat16,False,256,_swa_paged_prefill_aggregation_sink_kernel,4096,uniform,383,383,4096,28,1,6,56,64,msprof/baseline/_swa_paged_prefill_aggregation_sink_kernel.log.gz,baseline,3.11.10,383,1,msprof_primary_kernel,[4096],[383],3,1,1,20260829,55506d3552e30139761587656f00c212eaa67a91a0b2d655dd2ba630722884cd,float32,6861,0.09119556747428784,MEASURED,511,compact,17.51,17.387666666666664,17.322001,17.330999,msprof_op_task_duration_acceptance,dense,2.10.0.post4.dev20260715,2.10.0+cpu,4,3.2.0,6b5219f487b5b3ac57679a6a4387bc1d5d3a75f9
swa,c47f9bdcfb879eb73723521240a48a9bae99349d094a1fb82563535aabde82ec,6b5219f487b5b3ac57679a6a4387bc1d5d3a75f9,64,native_NHD_then_page_head_token_dim_permute,82f9e00dd9c169444330b20b411fdeeade867cd0d7fc3bfb55371c5c1a8d00fa,9.1.0,[4096],[511],0,swa_dense_m511_kv4096_uniform_compact_tp4,True,npu:5,5,Ascend950PR_957b,,bfloat16,False,256,_swa_paged_prefill_aggregation_sink_kernel,4096,uniform,511,511,4096,28,1,6,56,64,msprof/baseline/_swa_paged_prefill_aggregation_sink_kernel.log.gz,baseline,3.11.10,511,1,msprof_primary_kernel,[4096],[511],3,1,1,20260829,55506d3552e30139761587656f00c212eaa67a91a0b2d655dd2ba630722884cd,float32,6861,0.09119556747428784,MEASURED,511,compact,18.804001,18.181667333333333,17.714001,18.027,msprof_op_task_duration_acceptance,dense,2.10.0.post4.dev20260715,2.10.0+cpu,4,3.2.0,6b5219f487b5b3ac57679a6a4387bc1d5d3a75f9
swa,c47f9bdcfb879eb73723521240a48a9bae99349d094a1fb82563535aabde82ec,6b5219f487b5b3ac57679a6a4387bc1d5d3a75f9,64,native_NHD_then_page_head_token_dim_permute,82f9e00dd9c169444330b20b411fdeeade867cd0d7fc3bfb55371c5c1a8d00fa,9.1.0,[4096],[512],0,swa_dense_m512_kv4096_uniform_compact_tp4,True,npu:5,5,Ascend950PR_957b,,bfloat16,False,256,_swa_paged_prefill_aggregation_sink_kernel,4096,uniform,512,512,4096,28,1,6,56,64,msprof/baseline/_swa_paged_prefill_aggregation_sink_kernel.log.gz,baseline,3.11.10,512,1,msprof_primary_kernel,[4096],[512],3,1,1,20260829,55506d3552e30139761587656f00c212eaa67a91a0b2d655dd2ba630722884cd,float32,6861,0.09119556747428784,MEASURED,511,compact,16.861,16.837667,16.808001,16.844,msprof_op_task_duration_acceptance,dense,2.10.0.post4.dev20260715,2.10.0+cpu,4,3.2.0,6b5219f487b5b3ac57679a6a4387bc1d5d3a75f9
swa,c47f9bdcfb879eb73723521240a48a9bae99349d094a1fb82563535aabde82ec,6b5219f487b5b3ac57679a6a4387bc1d5d3a75f9,64,native_NHD_then_page_head_token_dim_permute,82f9e00dd9c169444330b20b411fdeeade867cd0d7fc3bfb55371c5c1a8d00fa,9.1.0,[4096],[513],0,swa_dense_m513_kv4096_uniform_compact_tp4,True,npu:5,5,Ascend950PR_957b,,bfloat16,False,256,_swa_paged_prefill_aggregation_sink_kernel,4096,uniform,513,513,4096,28,1,6,56,64,msprof/baseline/_swa_paged_prefill_aggregation_sink_kernel.log.gz,baseline,3.11.10,513,1,msprof_primary_kernel,[4096],[513],3,1,1,20260829,55506d3552e30139761587656f00c212eaa67a91a0b2d655dd2ba630722884cd,float32,6861,0.09119556747428784,MEASURED,511,compact,24.725,24.135333333333335,23.379,24.302,msprof_op_task_duration_acceptance,dense,2.10.0.post4.dev20260715,2.10.0+cpu,4,3.2.0,6b5219f487b5b3ac57679a6a4387bc1d5d3a75f9
swa,c47f9bdcfb879eb73723521240a48a9bae99349d094a1fb82563535aabde82ec,6b5219f487b5b3ac57679a6a4387bc1d5d3a75f9,64,native_NHD_then_page_head_token_dim_permute,82f9e00dd9c169444330b20b411fdeeade867cd0d7fc3bfb55371c5c1a8d00fa,9.1.0,[4096],[641],0,swa_dense_m641_kv4096_uniform_compact_tp4,True,npu:5,5,Ascend950PR_957b,,bfloat16,False,256,_swa_paged_prefill_aggregation_sink_kernel,4096,uniform,641,641,4096,28,1,6,56,64,msprof/baseline/_swa_paged_prefill_aggregation_sink_kernel.log.gz,baseline,3.11.10,641,1,msprof_primary_kernel,[4096],[641],3,1,1,20260829,55506d3552e30139761587656f00c212eaa67a91a0b2d655dd2ba630722884cd,float32,6861,0.09119556747428784,MEASURED,511,compact,26.285999,26.014666333333334,25.539,26.219,msprof_op_task_duration_acceptance,dense,2.10.0.post4.dev20260715,2.10.0+cpu,4,3.2.0,6b5219f487b5b3ac57679a6a4387bc1d5d3a75f9
swa,c47f9bdcfb879eb73723521240a48a9bae99349d094a1fb82563535aabde82ec,6b5219f487b5b3ac57679a6a4387bc1d5d3a75f9,64,native_NHD_then_page_head_token_dim_permute,82f9e00dd9c169444330b20b411fdeeade867cd0d7fc3bfb55371c5c1a8d00fa,9.1.0,[4096],[767],0,swa_dense_m767_kv4096_uniform_compact_tp4,True,npu:5,5,Ascend950PR_957b,,bfloat16,False,256,_swa_paged_prefill_aggregation_sink_kernel,4096,uniform,767,767,4096,28,1,6,56,64,msprof/baseline/_swa_paged_prefill_aggregation_sink_kernel.log.gz,baseline,3.11.10,767,1,msprof_primary_kernel,[4096],[767],3,1,1,20260829,55506d3552e30139761587656f00c212eaa67a91a0b2d655dd2ba630722884cd,float32,6861,0.09119556747428784,MEASURED,511,compact,29.922001,29.305000333333336,28.950001,29.042999,msprof_op_task_duration_acceptance,dense,2.10.0.post4.dev20260715,2.10.0+cpu,4,3.2.0,6b5219f487b5b3ac57679a6a4387bc1d5d3a75f9
swa,c47f9bdcfb879eb73723521240a48a9bae99349d094a1fb82563535aabde82ec,6b5219f487b5b3ac57679a6a4387bc1d5d3a75f9,64,native_NHD_then_page_head_token_dim_permute,82f9e00dd9c169444330b20b411fdeeade867cd0d7fc3bfb55371c5c1a8d00fa,9.1.0,[4096],[1023],0,swa_dense_m1023_kv4096_uniform_compact_tp4,True,npu:5,5,Ascend950PR_957b,,bfloat16,False,256,_swa_paged_prefill_aggregation_sink_kernel,4096,uniform,1023,1023,4096,28,1,6,56,64,msprof/baseline/_swa_paged_prefill_aggregation_sink_kernel.log.gz,baseline,3.11.10,1023,1,msprof_primary_kernel,[4096],[1023],3,1,1,20260829,55506d3552e30139761587656f00c212eaa67a91a0b2d655dd2ba630722884cd,float32,6861,0.09119556747428784,MEASURED,511,compact,29.913,29.685000000000002,29.51,29.632,msprof_op_task_duration_acceptance,dense,2.10.0.post4.dev20260715,2.10.0+cpu,4,3.2.0,6b5219f487b5b3ac57679a6a4387bc1d5d3a75f9
swa,c47f9bdcfb879eb73723521240a48a9bae99349d094a1fb82563535aabde82ec,6b5219f487b5b3ac57679a6a4387bc1d5d3a75f9,64,native_NHD_then_page_head_token_dim_permute,82f9e00dd9c169444330b20b411fdeeade867cd0d7fc3bfb55371c5c1a8d00fa,9.1.0,"[4079, 4042, 4005, 3968, 3931, 3894, 3857]","[2, 3, 2, 2, 2, 2, 2]",0,swa_ragged_prefill_b7_m15_kv4096_ragged_compact_tp4,True,npu:5,5,Ascend950PR_957b,,bfloat16,False,256,_swa_paged_prefill_aggregation_sink_kernel,4096,ragged,15,3,3857,28,1,6,56,64,msprof/baseline/_swa_paged_prefill_aggregation_sink_kernel.log.gz,baseline,3.11.10,15,7,msprof_primary_kernel,"[4079, 4042, 4005, 3968, 3931, 3894, 3857]","[2, 3, 2, 2, 2, 2, 2]",3,7,1,20260829,55506d3552e30139761587656f00c212eaa67a91a0b2d655dd2ba630722884cd,float32,6861,0.09119556747428784,MEASURED,511,compact,76.622002,75.68466966666666,75.119003,75.313004,msprof_op_task_duration_acceptance,ragged_prefill,2.10.0.post4.dev20260715,2.10.0+cpu,4,3.2.0,6b5219f487b5b3ac57679a6a4387bc1d5d3a75f9
swa,c47f9bdcfb879eb73723521240a48a9bae99349d094a1fb82563535aabde82ec,6b5219f487b5b3ac57679a6a4387bc1d5d3a75f9,64,native_NHD_then_page_head_token_dim_permute,82f9e00dd9c169444330b20b411fdeeade867cd0d7fc3bfb55371c5c1a8d00fa,9.1.0,"[4079, 4042, 4005, 3968, 3931, 3894, 3857]","[5, 6, 5, 5, 5, 5, 6]",0,swa_ragged_prefill_b7_m37_kv4096_ragged_compact_tp4,True,npu:5,5,Ascend950PR_957b,,bfloat16,False,256,_swa_paged_prefill_aggregation_sink_kernel,4096,ragged,37,6,3857,28,1,6,56,64,msprof/baseline/_swa_paged_prefill_aggregation_sink_kernel.log.gz,baseline,3.11.10,37,7,msprof_primary_kernel,"[4079, 4042, 4005, 3968, 3931, 3894, 3857]","[5, 6, 5, 5, 5, 5, 6]",3,7,1,20260829,55506d3552e30139761587656f00c212eaa67a91a0b2d655dd2ba630722884cd,float32,6861,0.09119556747428784,MEASURED,511,compact,76.328003,75.31366733333333,74.560997,75.052002,msprof_op_task_duration_acceptance,ragged_prefill,2.10.0.post4.dev20260715,2.10.0+cpu,4,3.2.0,6b5219f487b5b3ac57679a6a4387bc1d5d3a75f9
swa,c47f9bdcfb879eb73723521240a48a9bae99349d094a1fb82563535aabde82ec,6b5219f487b5b3ac57679a6a4387bc1d5d3a75f9,64,native_NHD_then_page_head_token_dim_permute,82f9e00dd9c169444330b20b411fdeeade867cd0d7fc3bfb55371c5c1a8d00fa,9.1.0,"[4079, 4042, 4005, 3968, 3931, 3894, 3857]","[9, 9, 9, 9, 9, 9, 9]",0,swa_ragged_prefill_b7_m63_kv4096_ragged_compact_tp4,True,npu:5,5,Ascend950PR_957b,,bfloat16,False,256,_swa_paged_prefill_aggregation_sink_kernel,4096,ragged,63,9,3857,28,1,6,56,64,msprof/baseline/_swa_paged_prefill_aggregation_sink_kernel.log.gz,baseline,3.11.10,63,7,msprof_primary_kernel,"[4079, 4042, 4005, 3968, 3931, 3894, 3857]","[9, 9, 9, 9, 9, 9, 9]",3,7,1,20260829,55506d3552e30139761587656f00c212eaa67a91a0b2d655dd2ba630722884cd,float32,6861,0.09119556747428784,MEASURED,511,compact,74.93,74.790334,74.704002,74.737,msprof_op_task_duration_acceptance,ragged_prefill,2.10.0.post4.dev20260715,2.10.0+cpu,4,3.2.0,6b5219f487b5b3ac57679a6a4387bc1d5d3a75f9
swa,c47f9bdcfb879eb73723521240a48a9bae99349d094a1fb82563535aabde82ec,6b5219f487b5b3ac57679a6a4387bc1d5d3a75f9,64,native_NHD_then_page_head_token_dim_permute,82f9e00dd9c169444330b20b411fdeeade867cd0d7fc3bfb55371c5c1a8d00fa,9.1.0,"[4079, 4042, 4005, 3968, 3931, 3894, 3857]","[18, 19, 18, 18, 18, 18, 18]",0,swa_ragged_prefill_b7_m127_kv4096_ragged_compact_tp4,True,npu:5,5,Ascend950PR_957b,,bfloat16,False,256,_swa_paged_prefill_aggregation_sink_kernel,4096,ragged,127,19,3857,28,1,6,56,64,msprof/baseline/_swa_paged_prefill_aggregation_sink_kernel.log.gz,baseline,3.11.10,127,7,msprof_primary_kernel,"[4079, 4042, 4005, 3968, 3931, 3894, 3857]","[18, 19, 18, 18, 18, 18, 18]",3,7,1,20260829,55506d3552e30139761587656f00c212eaa67a91a0b2d655dd2ba630722884cd,float32,6861,0.09119556747428784,MEASURED,511,compact,75.536003,75.13100166666666,74.855003,75.001999,msprof_op_task_duration_acceptance,ragged_prefill,2.10.0.post4.dev20260715,2.10.0+cpu,4,3.2.0,6b5219f487b5b3ac57679a6a4387bc1d5d3a75f9
swa,c47f9bdcfb879eb73723521240a48a9bae99349d094a1fb82563535aabde82ec,6b5219f487b5b3ac57679a6a4387bc1d5d3a75f9,64,native_NHD_then_page_head_token_dim_permute,82f9e00dd9c169444330b20b411fdeeade867cd0d7fc3bfb55371c5c1a8d00fa,9.1.0,"[4079, 4042, 4005, 3968, 3931, 3894, 3857, 4077, 4040, 4003, 3966, 3929, 3892, 3855, 4075, 4038]","[3, 3, 3, 3, 3, 3, 3, 3, 3, 3, 3, 3, 3, 3, 3, 3]",0,swa_ragged_prefill_b16_m48_kv4096_ragged_compact_tp4,True,npu:5,5,Ascend950PR_957b,,bfloat16,False,256,_swa_paged_prefill_aggregation_sink_kernel,4096,ragged,48,3,3855,28,1,6,56,64,msprof/baseline/_swa_paged_prefill_aggregation_sink_kernel.log.gz,baseline,3.11.10,48,16,msprof_primary_kernel,"[4079, 4042, 4005, 3968, 3931, 3894, 3857, 4077, 4040, 4003, 3966, 3929, 3892, 3855, 4075, 4038]","[3, 3, 3, 3, 3, 3, 3, 3, 3, 3, 3, 3, 3, 3, 3, 3]",3,16,1,20260829,55506d3552e30139761587656f00c212eaa67a91a0b2d655dd2ba630722884cd,float32,6861,0.09119556747428784,MEASURED,511,compact,166.415009,166.06966166666666,165.86499,165.928986,msprof_op_task_duration_acceptance,ragged_prefill,2.10.0.post4.dev20260715,2.10.0+cpu,4,3.2.0,6b5219f487b5b3ac57679a6a4387bc1d5d3a75f9
swa,c47f9bdcfb879eb73723521240a48a9bae99349d094a1fb82563535aabde82ec,6b5219f487b5b3ac57679a6a4387bc1d5d3a75f9,64,native_NHD_then_page_head_token_dim_permute,82f9e00dd9c169444330b20b411fdeeade867cd0d7fc3bfb55371c5c1a8d00fa,9.1.0,"[4079, 4042, 4005, 3968, 3931, 3894, 3857, 4077, 4040, 4003, 3966, 3929, 3892, 3855, 4075, 4038]","[5, 5, 4, 4, 5, 5, 5, 4, 4, 5, 5, 5, 4, 4, 4, 5]",0,swa_ragged_prefill_b16_m73_kv4096_ragged_compact_tp4,True,npu:5,5,Ascend950PR_957b,,bfloat16,False,256,_swa_paged_prefill_aggregation_sink_kernel,4096,ragged,73,5,3855,28,1,6,56,64,msprof/baseline/_swa_paged_prefill_aggregation_sink_kernel.log.gz,baseline,3.11.10,73,16,msprof_primary_kernel,"[4079, 4042, 4005, 3968, 3931, 3894, 3857, 4077, 4040, 4003, 3966, 3929, 3892, 3855, 4075, 4038]","[5, 5, 4, 4, 5, 5, 5, 4, 4, 5, 5, 5, 4, 4, 4, 5]",3,16,1,20260829,55506d3552e30139761587656f00c212eaa67a91a0b2d655dd2ba630722884cd,float32,6861,0.09119556747428784,MEASURED,511,compact,166.147003,165.98700433333332,165.798004,166.016006,msprof_op_task_duration_acceptance,ragged_prefill,2.10.0.post4.dev20260715,2.10.0+cpu,4,3.2.0,6b5219f487b5b3ac57679a6a4387bc1d5d3a75f9
swa,c47f9bdcfb879eb73723521240a48a9bae99349d094a1fb82563535aabde82ec,6b5219f487b5b3ac57679a6a4387bc1d5d3a75f9,64,native_NHD_then_page_head_token_dim_permute,82f9e00dd9c169444330b20b411fdeeade867cd0d7fc3bfb55371c5c1a8d00fa,9.1.0,"[4079, 4042, 4005, 3968, 3931, 3894, 3857, 4077, 4040, 4003, 3966, 3929, 3892, 3855, 4075, 4038]","[8, 8, 8, 8, 8, 8, 8, 8, 8, 8, 8, 8, 8, 8, 8, 8]",0,swa_ragged_prefill_b16_m128_kv4096_ragged_compact_tp4,True,npu:5,5,Ascend950PR_957b,,bfloat16,False,256,_swa_paged_prefill_aggregation_sink_kernel,4096,ragged,128,8,3855,28,1,6,56,64,msprof/baseline/_swa_paged_prefill_aggregation_sink_kernel.log.gz,baseline,3.11.10,128,16,msprof_primary_kernel,"[4079, 4042, 4005, 3968, 3931, 3894, 3857, 4077, 4040, 4003, 3966, 3929, 3892, 3855, 4075, 4038]","[8, 8, 8, 8, 8, 8, 8, 8, 8, 8, 8, 8, 8, 8, 8, 8]",3,16,1,20260829,55506d3552e30139761587656f00c212eaa67a91a0b2d655dd2ba630722884cd,float32,6861,0.09119556747428784,MEASURED,511,compact,165.867996,165.49767066666666,165.306,165.319016,msprof_op_task_duration_acceptance,ragged_prefill,2.10.0.post4.dev20260715,2.10.0+cpu,4,3.2.0,6b5219f487b5b3ac57679a6a4387bc1d5d3a75f9
swa,c47f9bdcfb879eb73723521240a48a9bae99349d094a1fb82563535aabde82ec,6b5219f487b5b3ac57679a6a4387bc1d5d3a75f9,64,native_NHD_then_page_head_token_dim_permute,82f9e00dd9c169444330b20b411fdeeade867cd0d7fc3bfb55371c5c1a8d00fa,9.1.0,"[4079, 4042, 4005, 3968, 3931, 3894, 3857, 4077, 4040, 4003, 3966, 3929, 3892, 3855, 4075, 4038]","[32, 33, 32, 32, 32, 32, 32, 32, 32, 32, 32, 32, 32, 32, 32, 32]",0,swa_ragged_prefill_b16_m513_kv4096_ragged_compact_tp4,True,npu:5,5,Ascend950PR_957b,,bfloat16,False,256,_swa_paged_prefill_aggregation_sink_kernel,4096,ragged,513,33,3855,28,1,6,56,64,msprof/baseline/_swa_paged_prefill_aggregation_sink_kernel.log.gz,baseline,3.11.10,513,16,msprof_primary_kernel,"[4079, 4042, 4005, 3968, 3931, 3894, 3857, 4077, 4040, 4003, 3966, 3929, 3892, 3855, 4075, 4038]","[32, 33, 32, 32, 32, 32, 32, 32, 32, 32, 32, 32, 32, 32, 32, 32]",3,16,1,20260829,55506d3552e30139761587656f00c212eaa67a91a0b2d655dd2ba630722884cd,float32,6861,0.09119556747428784,MEASURED,511,compact,47.109001,46.58666733333333,45.969002,46.681999,msprof_op_task_duration_acceptance,ragged_prefill,2.10.0.post4.dev20260715,2.10.0+cpu,4,3.2.0,6b5219f487b5b3ac57679a6a4387bc1d5d3a75f9
swa,c47f9bdcfb879eb73723521240a48a9bae99349d094a1fb82563535aabde82ec,6b5219f487b5b3ac57679a6a4387bc1d5d3a75f9,64,native_NHD_then_page_head_token_dim_permute,82f9e00dd9c169444330b20b411fdeeade867cd0d7fc3bfb55371c5c1a8d00fa,9.1.0,"[4079, 4042, 4005, 3968, 3931, 3894, 3857, 4077, 4040, 4003, 3966, 3929, 3892, 3855, 4075, 4038]","[64, 64, 64, 64, 64, 64, 64, 64, 64, 64, 64, 64, 64, 64, 64, 64]",0,swa_ragged_prefill_b16_m1024_kv4096_ragged_compact_tp4,True,npu:5,5,Ascend950PR_957b,,bfloat16,False,256,_swa_paged_prefill_aggregation_sink_kernel,4096,ragged,1024,64,3855,28,1,6,56,64,msprof/baseline/_swa_paged_prefill_aggregation_sink_kernel.log.gz,baseline,3.11.10,1024,16,msprof_primary_kernel,"[4079, 4042, 4005, 3968, 3931, 3894, 3857, 4077, 4040, 4003, 3966, 3929, 3892, 3855, 4075, 4038]","[64, 64, 64, 64, 64, 64, 64, 64, 64, 64, 64, 64, 64, 64, 64, 64]",3,16,1,20260829,55506d3552e30139761587656f00c212eaa67a91a0b2d655dd2ba630722884cd,float32,6861,0.09119556747428784,MEASURED,511,compact,48.398998,47.850333,46.983002,48.168999,msprof_op_task_duration_acceptance,ragged_prefill,2.10.0.post4.dev20260715,2.10.0+cpu,4,3.2.0,6b5219f487b5b3ac57679a6a4387bc1d5d3a75f9
swa,c47f9bdcfb879eb73723521240a48a9bae99349d094a1fb82563535aabde82ec,6b5219f487b5b3ac57679a6a4387bc1d5d3a75f9,64,native_NHD_then_page_head_token_dim_permute,82f9e00dd9c169444330b20b411fdeeade867cd0d7fc3bfb55371c5c1a8d00fa,9.1.0,"[4079, 4042, 4005, 3968, 3931, 3894, 3857, 4077, 4040, 4003, 3966, 3929, 3892, 3855, 4075, 4038, 4001, 3964, 3927, 3890, 3853, 4073, 4036, 3999, 3962, 3925, 3888, 3851, 4071, 4034, 3997, 3960, 3923, 3886, 3849, 4069, 4032, 3995, 3958, 3921, 3884, 3847, 4067, 4030, 3993, 3956, 3919, 3882, 3845, 4065, 4028, 3991, 3954, 3917, 3880, 3843]","[3, 3, 2, 2, 2, 3, 3, 2, 2, 2, 3, 3, 2, 2, 2, 3, 3, 2, 2, 2, 3, 3, 2, 2, 2, 2, 3, 2, 2, 2, 2, 3, 2, 2, 2, 2, 3, 2, 2, 2, 2, 3, 2, 2, 2, 2, 3, 2, 2, 2, 2, 3, 2, 2, 2, 2]",0,swa_ragged_prefill_b56_m128_kv4096_ragged_compact_tp4,True,npu:5,5,Ascend950PR_957b,,bfloat16,False,256,_swa_paged_prefill_aggregation_sink_kernel,4096,ragged,128,3,3843,28,1,6,56,64,msprof/baseline/_swa_paged_prefill_aggregation_sink_kernel.log.gz,baseline,3.11.10,128,56,msprof_primary_kernel,"[4079, 4042, 4005, 3968, 3931, 3894, 3857, 4077, 4040, 4003, 3966, 3929, 3892, 3855, 4075, 4038, 4001, 3964, 3927, 3890, 3853, 4073, 4036, 3999, 3962, 3925, 3888, 3851, 4071, 4034, 3997, 3960, 3923, 3886, 3849, 4069, 4032, 3995, 3958, 3921, 3884, 3847, 4067, 4030, 3993, 3956, 3919, 3882, 3845, 4065, 4028, 3991, 3954, 3917, 3880, 3843]","[3, 3, 2, 2, 2, 3, 3, 2, 2, 2, 3, 3, 2, 2, 2, 3, 3, 2, 2, 2, 3, 3, 2, 2, 2, 2, 3, 2, 2, 2, 2, 3, 2, 2, 2, 2, 3, 2, 2, 2, 2, 3, 2, 2, 2, 2, 3, 2, 2, 2, 2, 3, 2, 2, 2, 2]",3,56,1,20260829,55506d3552e30139761587656f00c212eaa67a91a0b2d655dd2ba630722884cd,float32,6861,0.09119556747428784,MEASURED,511,compact,569.10199,568.5236616666667,567.790955,568.67804,msprof_op_task_duration_acceptance,ragged_prefill,2.10.0.post4.dev20260715,2.10.0+cpu,4,3.2.0,6b5219f487b5b3ac57679a6a4387bc1d5d3a75f9
swa,c47f9bdcfb879eb73723521240a48a9bae99349d094a1fb82563535aabde82ec,6b5219f487b5b3ac57679a6a4387bc1d5d3a75f9,64,native_NHD_then_page_head_token_dim_permute,82f9e00dd9c169444330b20b411fdeeade867cd0d7fc3bfb55371c5c1a8d00fa,9.1.0,"[4079, 4042, 4005, 3968, 3931, 3894, 3857, 4077, 4040, 4003, 3966, 3929, 3892, 3855, 4075, 4038, 4001, 3964, 3927, 3890, 3853, 4073, 4036, 3999, 3962, 3925, 3888, 3851, 4071, 4034, 3997, 3960, 3923, 3886, 3849, 4069, 4032, 3995, 3958, 3921, 3884, 3847, 4067, 4030, 3993, 3956, 3919, 3882, 3845, 4065, 4028, 3991, 3954, 3917, 3880, 3843]","[5, 5, 4, 4, 5, 5, 5, 4, 4, 5, 5, 5, 4, 4, 5, 5, 5, 4, 4, 5, 5, 5, 4, 4, 5, 5, 5, 4, 4, 5, 5, 5, 4, 4, 5, 5, 5, 4, 4, 5, 5, 5, 4, 4, 5, 5, 5, 4, 4, 5, 5, 5, 4, 4, 4, 5]",0,swa_ragged_prefill_b56_m257_kv4096_ragged_compact_tp4,True,npu:5,5,Ascend950PR_957b,,bfloat16,False,256,_swa_paged_prefill_aggregation_sink_kernel,4096,ragged,257,5,3843,28,1,6,56,64,msprof/baseline/_swa_paged_prefill_aggregation_sink_kernel.log.gz,baseline,3.11.10,257,56,msprof_primary_kernel,"[4079, 4042, 4005, 3968, 3931, 3894, 3857, 4077, 4040, 4003, 3966, 3929, 3892, 3855, 4075, 4038, 4001, 3964, 3927, 3890, 3853, 4073, 4036, 3999, 3962, 3925, 3888, 3851, 4071, 4034, 3997, 3960, 3923, 3886, 3849, 4069, 4032, 3995, 3958, 3921, 3884, 3847, 4067, 4030, 3993, 3956, 3919, 3882, 3845, 4065, 4028, 3991, 3954, 3917, 3880, 3843]","[5, 5, 4, 4, 5, 5, 5, 4, 4, 5, 5, 5, 4, 4, 5, 5, 5, 4, 4, 5, 5, 5, 4, 4, 5, 5, 5, 4, 4, 5, 5, 5, 4, 4, 5, 5, 5, 4, 4, 5, 5, 5, 4, 4, 5, 5, 5, 4, 4, 5, 5, 5, 4, 4, 4, 5]",3,56,1,20260829,55506d3552e30139761587656f00c212eaa67a91a0b2d655dd2ba630722884cd,float32,6861,0.09119556747428784,MEASURED,511,compact,197.035004,196.67199733333334,196.152985,196.828003,msprof_op_task_duration_acceptance,ragged_prefill,2.10.0.post4.dev20260715,2.10.0+cpu,4,3.2.0,6b5219f487b5b3ac57679a6a4387bc1d5d3a75f9
swa,c47f9bdcfb879eb73723521240a48a9bae99349d094a1fb82563535aabde82ec,6b5219f487b5b3ac57679a6a4387bc1d5d3a75f9,64,native_NHD_then_page_head_token_dim_permute,82f9e00dd9c169444330b20b411fdeeade867cd0d7fc3bfb55371c5c1a8d00fa,9.1.0,"[4079, 4042, 4005, 3968, 3931, 3894, 3857, 4077, 4040, 4003, 3966, 3929, 3892, 3855, 4075, 4038, 4001, 3964, 3927, 3890, 3853, 4073, 4036, 3999, 3962, 3925, 3888, 3851, 4071, 4034, 3997, 3960, 3923, 3886, 3849, 4069, 4032, 3995, 3958, 3921, 3884, 3847, 4067, 4030, 3993, 3956, 3919, 3882, 3845, 4065, 4028, 3991, 3954, 3917, 3880, 3843]","[9, 10, 9, 9, 9, 9, 10, 9, 9, 9, 9, 10, 9, 9, 9, 9, 10, 9, 9, 9, 9, 10, 9, 9, 9, 9, 10, 9, 9, 9, 9, 10, 9, 9, 9, 9, 9, 9, 9, 9, 9, 9, 9, 9, 9, 9, 9, 9, 9, 9, 9, 9, 9, 9, 9, 9]",0,swa_ragged_prefill_b56_m511_kv4096_ragged_compact_tp4,True,npu:5,5,Ascend950PR_957b,,bfloat16,False,256,_swa_paged_prefill_aggregation_sink_kernel,4096,ragged,511,10,3843,28,1,6,56,64,msprof/baseline/_swa_paged_prefill_aggregation_sink_kernel.log.gz,baseline,3.11.10,511,56,msprof_primary_kernel,"[4079, 4042, 4005, 3968, 3931, 3894, 3857, 4077, 4040, 4003, 3966, 3929, 3892, 3855, 4075, 4038, 4001, 3964, 3927, 3890, 3853, 4073, 4036, 3999, 3962, 3925, 3888, 3851, 4071, 4034, 3997, 3960, 3923, 3886, 3849, 4069, 4032, 3995, 3958, 3921, 3884, 3847, 4067, 4030, 3993, 3956, 3919, 3882, 3845, 4065, 4028, 3991, 3954, 3917, 3880, 3843]","[9, 10, 9, 9, 9, 9, 10, 9, 9, 9, 9, 10, 9, 9, 9, 9, 10, 9, 9, 9, 9, 10, 9, 9, 9, 9, 10, 9, 9, 9, 9, 10, 9, 9, 9, 9, 9, 9, 9, 9, 9, 9, 9, 9, 9, 9, 9, 9, 9, 9, 9, 9, 9, 9, 9, 9]",3,56,1,20260829,55506d3552e30139761587656f00c212eaa67a91a0b2d655dd2ba630722884cd,float32,6861,0.09119556747428784,MEASURED,511,compact,147.868988,147.70233133333332,147.468002,147.770004,msprof_op_task_duration_acceptance,ragged_prefill,2.10.0.post4.dev20260715,2.10.0+cpu,4,3.2.0,6b5219f487b5b3ac57679a6a4387bc1d5d3a75f9
swa,c47f9bdcfb879eb73723521240a48a9bae99349d094a1fb82563535aabde82ec,6b5219f487b5b3ac57679a6a4387bc1d5d3a75f9,64,native_NHD_then_page_head_token_dim_permute,82f9e00dd9c169444330b20b411fdeeade867cd0d7fc3bfb55371c5c1a8d00fa,9.1.0,"[4079, 4042, 4005, 3968, 3931, 3894, 3857, 4077, 4040, 4003, 3966, 3929, 3892, 3855, 4075, 4038, 4001, 3964, 3927, 3890, 3853, 4073, 4036, 3999, 3962, 3925, 3888, 3851, 4071, 4034, 3997, 3960, 3923, 3886, 3849, 4069, 4032, 3995, 3958, 3921, 3884, 3847, 4067, 4030, 3993, 3956, 3919, 3882, 3845, 4065, 4028, 3991, 3954, 3917, 3880, 3843]","[19, 19, 18, 18, 18, 19, 19, 18, 18, 18, 19, 19, 18, 18, 18, 19, 19, 18, 18, 18, 19, 19, 18, 18, 18, 18, 19, 18, 18, 18, 18, 19, 18, 18, 18, 18, 19, 18, 18, 18, 18, 19, 18, 18, 18, 18, 19, 18, 18, 18, 18, 19, 18, 18, 18, 18]",0,swa_ragged_prefill_b56_m1024_kv4096_ragged_compact_tp4,True,npu:5,5,Ascend950PR_957b,,bfloat16,False,256,_swa_paged_prefill_aggregation_sink_kernel,4096,ragged,1024,19,3843,28,1,6,56,64,msprof/baseline/_swa_paged_prefill_aggregation_sink_kernel.log.gz,baseline,3.11.10,1024,56,msprof_primary_kernel,"[4079, 4042, 4005, 3968, 3931, 3894, 3857, 4077, 4040, 4003, 3966, 3929, 3892, 3855, 4075, 4038, 4001, 3964, 3927, 3890, 3853, 4073, 4036, 3999, 3962, 3925, 3888, 3851, 4071, 4034, 3997, 3960, 3923, 3886, 3849, 4069, 4032, 3995, 3958, 3921, 3884, 3847, 4067, 4030, 3993, 3956, 3919, 3882, 3845, 4065, 4028, 3991, 3954, 3917, 3880, 3843]","[19, 19, 18, 18, 18, 19, 19, 18, 18, 18, 19, 19, 18, 18, 18, 19, 19, 18, 18, 18, 19, 19, 18, 18, 18, 18, 19, 18, 18, 18, 18, 19, 18, 18, 18, 18, 19, 18, 18, 18, 18, 19, 18, 18, 18, 18, 19, 18, 18, 18, 18, 19, 18, 18, 18, 18]",3,56,1,20260829,55506d3552e30139761587656f00c212eaa67a91a0b2d655dd2ba630722884cd,float32,6861,0.09119556747428784,MEASURED,511,compact,130.192001,128.856336,127.939003,128.438004,msprof_op_task_duration_acceptance,ragged_prefill,2.10.0.post4.dev20260715,2.10.0+cpu,4,3.2.0,6b5219f487b5b3ac57679a6a4387bc1d5d3a75f9
swa,c47f9bdcfb879eb73723521240a48a9bae99349d094a1fb82563535aabde82ec,6b5219f487b5b3ac57679a6a4387bc1d5d3a75f9,64,native_NHD_then_page_head_token_dim_permute,82f9e00dd9c169444330b20b411fdeeade867cd0d7fc3bfb55371c5c1a8d00fa,9.1.0,"[4096, 4096, 4096, 4096, 4096, 4096, 4096, 4096, 4096, 4096, 4096, 4096, 4096, 4096, 4096, 4096, 4096, 4096, 4096, 4096, 4096, 4096, 4096, 4096, 4096, 4096, 4096, 4096, 4096, 4096, 4096, 4096, 4096, 4096, 4096, 4096, 4096, 4096, 4096, 4096, 4096, 4096, 4096, 4096, 4096, 4096, 4096, 4096, 4096, 4096, 4096, 4096, 4096, 4096, 4096, 4096, 4096, 4096, 4096, 4096, 4096, 4096, 4096, 4096]","[2, 2, 2, 2, 2, 2, 2, 2, 2, 2, 2, 2, 2, 2, 2, 2, 2, 2, 2, 2, 2, 2, 2, 2, 2, 2, 2, 2, 2, 2, 2, 2, 2, 2, 2, 2, 2, 2, 2, 2, 2, 2, 2, 2, 2, 2, 2, 2, 2, 2, 2, 2, 2, 2, 2, 2, 2, 2, 2, 2, 2, 2, 2, 2]",0,swa_verify_d2_m128_kv4096_uniform_compact_tp4,True,npu:5,5,Ascend950PR_957b,2,bfloat16,False,256,_swa_paged_prefill_aggregation_sink_kernel,4096,uniform,128,2,4096,28,1,6,56,64,msprof/baseline/_swa_paged_prefill_aggregation_sink_kernel.log.gz,baseline,3.11.10,128,64,msprof_primary_kernel,"[4096, 4096, 4096, 4096, 4096, 4096, 4096, 4096, 4096, 4096, 4096, 4096, 4096, 4096, 4096, 4096, 4096, 4096, 4096, 4096, 4096, 4096, 4096, 4096, 4096, 4096, 4096, 4096, 4096, 4096, 4096, 4096, 4096, 4096, 4096, 4096, 4096, 4096, 4096, 4096, 4096, 4096, 4096, 4096, 4096, 4096, 4096, 4096, 4096, 4096, 4096, 4096, 4096, 4096, 4096, 4096, 4096, 4096, 4096, 4096, 4096, 4096, 4096, 4096]","[2, 2, 2, 2, 2, 2, 2, 2, 2, 2, 2, 2, 2, 2, 2, 2, 2, 2, 2, 2, 2, 2, 2, 2, 2, 2, 2, 2, 2, 2, 2, 2, 2, 2, 2, 2, 2, 2, 2, 2, 2, 2, 2, 2, 2, 2, 2, 2, 2, 2, 2, 2, 2, 2, 2, 2, 2, 2, 2, 2, 2, 2, 2, 2]",3,64,1,20260829,55506d3552e30139761587656f00c212eaa67a91a0b2d655dd2ba630722884cd,float32,6861,0.09119556747428784,MEASURED,511,compact,649.481995,648.9226683333333,648.169006,649.117004,msprof_op_task_duration_acceptance,verify_d2,2.10.0.post4.dev20260715,2.10.0+cpu,4,3.2.0,6b5219f487b5b3ac57679a6a4387bc1d5d3a75f9
swa,c47f9bdcfb879eb73723521240a48a9bae99349d094a1fb82563535aabde82ec,6b5219f487b5b3ac57679a6a4387bc1d5d3a75f9,64,native_NHD_then_page_head_token_dim_permute,82f9e00dd9c169444330b20b411fdeeade867cd0d7fc3bfb55371c5c1a8d00fa,9.1.0,"[4096, 4096, 4096, 4096, 4096, 4096, 4096, 4096, 4096, 4096, 4096, 4096, 4096, 4096, 4096, 4096, 4096, 4096, 4096, 4096, 4096, 4096, 4096, 4096, 4096, 4096, 4096, 4096, 4096, 4096, 4096, 4096, 4096, 4096, 4096, 4096, 4096, 4096, 4096, 4096, 4096, 4096, 4096, 4096, 4096, 4096, 4096, 4096, 4096, 4096, 4096, 4096, 4096, 4096, 4096, 4096, 4096, 4096, 4096, 4096, 4096, 4096, 4096, 4096, 4096]","[2, 2, 2, 2, 2, 2, 2, 2, 2, 2, 2, 2, 2, 2, 2, 2, 2, 2, 2, 2, 2, 2, 2, 2, 2, 2, 2, 2, 2, 2, 2, 2, 2, 2, 2, 2, 2, 2, 2, 2, 2, 2, 2, 2, 2, 2, 2, 2, 2, 2, 2, 2, 2, 2, 2, 2, 2, 2, 2, 2, 2, 2, 2, 2, 2]",0,swa_verify_d2_m130_kv4096_uniform_compact_tp4,True,npu:5,5,Ascend950PR_957b,2,bfloat16,False,256,_swa_paged_prefill_aggregation_sink_kernel,4096,uniform,130,2,4096,28,1,6,56,64,msprof/baseline/_swa_paged_prefill_aggregation_sink_kernel.log.gz,baseline,3.11.10,130,65,msprof_primary_kernel,"[4096, 4096, 4096, 4096, 4096, 4096, 4096, 4096, 4096, 4096, 4096, 4096, 4096, 4096, 4096, 4096, 4096, 4096, 4096, 4096, 4096, 4096, 4096, 4096, 4096, 4096, 4096, 4096, 4096, 4096, 4096, 4096, 4096, 4096, 4096, 4096, 4096, 4096, 4096, 4096, 4096, 4096, 4096, 4096, 4096, 4096, 4096, 4096, 4096, 4096, 4096, 4096, 4096, 4096, 4096, 4096, 4096, 4096, 4096, 4096, 4096, 4096, 4096, 4096, 4096]","[2, 2, 2, 2, 2, 2, 2, 2, 2, 2, 2, 2, 2, 2, 2, 2, 2, 2, 2, 2, 2, 2, 2, 2, 2, 2, 2, 2, 2, 2, 2, 2, 2, 2, 2, 2, 2, 2, 2, 2, 2, 2, 2, 2, 2, 2, 2, 2, 2, 2, 2, 2, 2, 2, 2, 2, 2, 2, 2, 2, 2, 2, 2, 2, 2]",3,65,1,20260829,55506d3552e30139761587656f00c212eaa67a91a0b2d655dd2ba630722884cd,float32,6861,0.09119556747428784,MEASURED,511,compact,337.919006,337.0820106666667,336.28302,337.044006,msprof_op_task_duration_acceptance,verify_d2,2.10.0.post4.dev20260715,2.10.0+cpu,4,3.2.0,6b5219f487b5b3ac57679a6a4387bc1d5d3a75f9
swa,c47f9bdcfb879eb73723521240a48a9bae99349d094a1fb82563535aabde82ec,6b5219f487b5b3ac57679a6a4387bc1d5d3a75f9,64,native_NHD_then_page_head_token_dim_permute,82f9e00dd9c169444330b20b411fdeeade867cd0d7fc3bfb55371c5c1a8d00fa,9.1.0,"[4096, 4096, 4096, 4096, 4096, 4096, 4096, 4096, 4096, 4096, 4096, 4096, 4096, 4096, 4096, 4096, 4096, 4096, 4096, 4096, 4096, 4096, 4096, 4096, 4096, 4096, 4096, 4096, 4096, 4096, 4096, 4096, 4096, 4096, 4096, 4096, 4096, 4096, 4096, 4096, 4096, 4096, 4096, 4096, 4096, 4096, 4096, 4096, 4096, 4096, 4096, 4096, 4096, 4096, 4096, 4096, 4096, 4096, 4096, 4096, 4096, 4096, 4096, 4096, 4096, 4096, 4096, 4096, 4096, 4096, 4096, 4096, 4096, 4096, 4096, 4096, 4096, 4096, 4096, 4096, 4096, 4096, 4096, 4096, 4096, 4096, 4096, 4096, 4096, 4096, 4096, 4096, 4096, 4096, 4096, 4096, 4096, 4096, 4096, 4096, 4096, 4096, 4096, 4096, 4096, 4096, 4096, 4096, 4096, 4096, 4096, 4096, 4096, 4096, 4096, 4096, 4096, 4096, 4096, 4096, 4096, 4096, 4096, 4096, 4096, 4096, 4096, 4096]","[2, 2, 2, 2, 2, 2, 2, 2, 2, 2, 2, 2, 2, 2, 2, 2, 2, 2, 2, 2, 2, 2, 2, 2, 2, 2, 2, 2, 2, 2, 2, 2, 2, 2, 2, 2, 2, 2, 2, 2, 2, 2, 2, 2, 2, 2, 2, 2, 2, 2, 2, 2, 2, 2, 2, 2, 2, 2, 2, 2, 2, 2, 2, 2, 2, 2, 2, 2, 2, 2, 2, 2, 2, 2, 2, 2, 2, 2, 2, 2, 2, 2, 2, 2, 2, 2, 2, 2, 2, 2, 2, 2, 2, 2, 2, 2, 2, 2, 2, 2, 2, 2, 2, 2, 2, 2, 2, 2, 2, 2, 2, 2, 2, 2, 2, 2, 2, 2, 2, 2, 2, 2, 2, 2, 2, 2, 2, 2]",0,swa_verify_d2_m256_kv4096_uniform_compact_tp4,True,npu:5,5,Ascend950PR_957b,2,bfloat16,False,256,_swa_paged_prefill_aggregation_sink_kernel,4096,uniform,256,2,4096,28,1,6,56,64,msprof/baseline/_swa_paged_prefill_aggregation_sink_kernel.log.gz,baseline,3.11.10,256,128,msprof_primary_kernel,"[4096, 4096, 4096, 4096, 4096, 4096, 4096, 4096, 4096, 4096, 4096, 4096, 4096, 4096, 4096, 4096, 4096, 4096, 4096, 4096, 4096, 4096, 4096, 4096, 4096, 4096, 4096, 4096, 4096, 4096, 4096, 4096, 4096, 4096, 4096, 4096, 4096, 4096, 4096, 4096, 4096, 4096, 4096, 4096, 4096, 4096, 4096, 4096, 4096, 4096, 4096, 4096, 4096, 4096, 4096, 4096, 4096, 4096, 4096, 4096, 4096, 4096, 4096, 4096, 4096, 4096, 4096, 4096, 4096, 4096, 4096, 4096, 4096, 4096, 4096, 4096, 4096, 4096, 4096, 4096, 4096, 4096, 4096, 4096, 4096, 4096, 4096, 4096, 4096, 4096, 4096, 4096, 4096, 4096, 4096, 4096, 4096, 4096, 4096, 4096, 4096, 4096, 4096, 4096, 4096, 4096, 4096, 4096, 4096, 4096, 4096, 4096, 4096, 4096, 4096, 4096, 4096, 4096, 4096, 4096, 4096, 4096, 4096, 4096, 4096, 4096, 4096, 4096]","[2, 2, 2, 2, 2, 2, 2, 2, 2, 2, 2, 2, 2, 2, 2, 2, 2, 2, 2, 2, 2, 2, 2, 2, 2, 2, 2, 2, 2, 2, 2, 2, 2, 2, 2, 2, 2, 2, 2, 2, 2, 2, 2, 2, 2, 2, 2, 2, 2, 2, 2, 2, 2, 2, 2, 2, 2, 2, 2, 2, 2, 2, 2, 2, 2, 2, 2, 2, 2, 2, 2, 2, 2, 2, 2, 2, 2, 2, 2, 2, 2, 2, 2, 2, 2, 2, 2, 2, 2, 2, 2, 2, 2, 2, 2, 2, 2, 2, 2, 2, 2, 2, 2, 2, 2, 2, 2, 2, 2, 2, 2, 2, 2, 2, 2, 2, 2, 2, 2, 2, 2, 2, 2, 2, 2, 2, 2, 2]",3,128,1,20260829,55506d3552e30139761587656f00c212eaa67a91a0b2d655dd2ba630722884cd,float32,6861,0.09119556747428784,MEASURED,511,compact,649.790039,649.7056680000001,649.546997,649.779968,msprof_op_task_duration_acceptance,verify_d2,2.10.0.post4.dev20260715,2.10.0+cpu,4,3.2.0,6b5219f487b5b3ac57679a6a4387bc1d5d3a75f9
swa,c47f9bdcfb879eb73723521240a48a9bae99349d094a1fb82563535aabde82ec,6b5219f487b5b3ac57679a6a4387bc1d5d3a75f9,64,native_NHD_then_page_head_token_dim_permute,82f9e00dd9c169444330b20b411fdeeade867cd0d7fc3bfb55371c5c1a8d00fa,9.1.0,"[4096, 4096, 4096, 4096, 4096, 4096, 4096, 4096, 4096, 4096, 4096, 4096, 4096, 4096, 4096, 4096, 4096, 4096, 4096, 4096, 4096, 4096, 4096, 4096, 4096, 4096, 4096, 4096, 4096, 4096, 4096, 4096, 4096, 4096, 4096, 4096, 4096, 4096, 4096, 4096, 4096, 4096, 4096, 4096, 4096, 4096, 4096, 4096, 4096, 4096, 4096, 4096, 4096, 4096, 4096, 4096, 4096, 4096, 4096, 4096, 4096, 4096, 4096, 4096, 4096, 4096, 4096, 4096, 4096, 4096, 4096, 4096, 4096, 4096, 4096, 4096, 4096, 4096, 4096, 4096, 4096, 4096, 4096, 4096, 4096, 4096, 4096, 4096, 4096, 4096, 4096, 4096, 4096, 4096, 4096, 4096, 4096, 4096, 4096, 4096, 4096, 4096, 4096, 4096, 4096, 4096, 4096, 4096, 4096, 4096, 4096, 4096, 4096, 4096, 4096, 4096, 4096, 4096, 4096, 4096, 4096, 4096, 4096, 4096, 4096, 4096, 4096, 4096, 4096, 4096, 4096, 4096, 4096, 4096, 4096, 4096, 4096, 4096, 4096, 4096, 4096, 4096, 4096, 4096, 4096, 4096, 4096, 4096, 4096, 4096, 4096, 4096, 4096, 4096, 4096, 4096, 4096, 4096, 4096, 4096, 4096, 4096, 4096, 4096, 4096, 4096, 4096, 4096, 4096, 4096, 4096, 4096, 4096, 4096, 4096, 4096, 4096, 4096, 4096, 4096, 4096, 4096, 4096, 4096, 4096, 4096, 4096, 4096, 4096, 4096, 4096, 4096, 4096, 4096, 4096, 4096, 4096, 4096, 4096, 4096, 4096, 4096, 4096, 4096, 4096, 4096, 4096, 4096, 4096, 4096, 4096, 4096, 4096, 4096, 4096, 4096, 4096, 4096, 4096, 4096, 4096, 4096, 4096, 4096, 4096, 4096, 4096, 4096, 4096, 4096, 4096, 4096, 4096, 4096, 4096, 4096, 4096, 4096, 4096, 4096, 4096, 4096, 4096, 4096, 4096, 4096, 4096, 4096, 4096, 4096, 4096, 4096, 4096, 4096, 4096, 4096]","[2, 2, 2, 2, 2, 2, 2, 2, 2, 2, 2, 2, 2, 2, 2, 2, 2, 2, 2, 2, 2, 2, 2, 2, 2, 2, 2, 2, 2, 2, 2, 2, 2, 2, 2, 2, 2, 2, 2, 2, 2, 2, 2, 2, 2, 2, 2, 2, 2, 2, 2, 2, 2, 2, 2, 2, 2, 2, 2, 2, 2, 2, 2, 2, 2, 2, 2, 2, 2, 2, 2, 2, 2, 2, 2, 2, 2, 2, 2, 2, 2, 2, 2, 2, 2, 2, 2, 2, 2, 2, 2, 2, 2, 2, 2, 2, 2, 2, 2, 2, 2, 2, 2, 2, 2, 2, 2, 2, 2, 2, 2, 2, 2, 2, 2, 2, 2, 2, 2, 2, 2, 2, 2, 2, 2, 2, 2, 2, 2, 2, 2, 2, 2, 2, 2, 2, 2, 2, 2, 2, 2, 2, 2, 2, 2, 2, 2, 2, 2, 2, 2, 2, 2, 2, 2, 2, 2, 2, 2, 2, 2, 2, 2, 2, 2, 2, 2, 2, 2, 2, 2, 2, 2, 2, 2, 2, 2, 2, 2, 2, 2, 2, 2, 2, 2, 2, 2, 2, 2, 2, 2, 2, 2, 2, 2, 2, 2, 2, 2, 2, 2, 2, 2, 2, 2, 2, 2, 2, 2, 2, 2, 2, 2, 2, 2, 2, 2, 2, 2, 2, 2, 2, 2, 2, 2, 2, 2, 2, 2, 2, 2, 2, 2, 2, 2, 2, 2, 2, 2, 2, 2, 2, 2, 2, 2, 2, 2, 2, 2, 2, 2, 2, 2, 2, 2, 2]",0,swa_verify_d2_m512_kv4096_uniform_compact_tp4,True,npu:5,5,Ascend950PR_957b,2,bfloat16,False,256,_swa_paged_prefill_aggregation_sink_kernel,4096,uniform,512,2,4096,28,1,6,56,64,msprof/baseline/_swa_paged_prefill_aggregation_sink_kernel.log.gz,baseline,3.11.10,512,256,msprof_primary_kernel,"[4096, 4096, 4096, 4096, 4096, 4096, 4096, 4096, 4096, 4096, 4096, 4096, 4096, 4096, 4096, 4096, 4096, 4096, 4096, 4096, 4096, 4096, 4096, 4096, 4096, 4096, 4096, 4096, 4096, 4096, 4096, 4096, 4096, 4096, 4096, 4096, 4096, 4096, 4096, 4096, 4096, 4096, 4096, 4096, 4096, 4096, 4096, 4096, 4096, 4096, 4096, 4096, 4096, 4096, 4096, 4096, 4096, 4096, 4096, 4096, 4096, 4096, 4096, 4096, 4096, 4096, 4096, 4096, 4096, 4096, 4096, 4096, 4096, 4096, 4096, 4096, 4096, 4096, 4096, 4096, 4096, 4096, 4096, 4096, 4096, 4096, 4096, 4096, 4096, 4096, 4096, 4096, 4096, 4096, 4096, 4096, 4096, 4096, 4096, 4096, 4096, 4096, 4096, 4096, 4096, 4096, 4096, 4096, 4096, 4096, 4096, 4096, 4096, 4096, 4096, 4096, 4096, 4096, 4096, 4096, 4096, 4096, 4096, 4096, 4096, 4096, 4096, 4096, 4096, 4096, 4096, 4096, 4096, 4096, 4096, 4096, 4096, 4096, 4096, 4096, 4096, 4096, 4096, 4096, 4096, 4096, 4096, 4096, 4096, 4096, 4096, 4096, 4096, 4096, 4096, 4096, 4096, 4096, 4096, 4096, 4096, 4096, 4096, 4096, 4096, 4096, 4096, 4096, 4096, 4096, 4096, 4096, 4096, 4096, 4096, 4096, 4096, 4096, 4096, 4096, 4096, 4096, 4096, 4096, 4096, 4096, 4096, 4096, 4096, 4096, 4096, 4096, 4096, 4096, 4096, 4096, 4096, 4096, 4096, 4096, 4096, 4096, 4096, 4096, 4096, 4096, 4096, 4096, 4096, 4096, 4096, 4096, 4096, 4096, 4096, 4096, 4096, 4096, 4096, 4096, 4096, 4096, 4096, 4096, 4096, 4096, 4096, 4096, 4096, 4096, 4096, 4096, 4096, 4096, 4096, 4096, 4096, 4096, 4096, 4096, 4096, 4096, 4096, 4096, 4096, 4096, 4096, 4096, 4096, 4096, 4096, 4096, 4096, 4096, 4096, 4096]","[2, 2, 2, 2, 2, 2, 2, 2, 2, 2, 2, 2, 2, 2, 2, 2, 2, 2, 2, 2, 2, 2, 2, 2, 2, 2, 2, 2, 2, 2, 2, 2, 2, 2, 2, 2, 2, 2, 2, 2, 2, 2, 2, 2, 2, 2, 2, 2, 2, 2, 2, 2, 2, 2, 2, 2, 2, 2, 2, 2, 2, 2, 2, 2, 2, 2, 2, 2, 2, 2, 2, 2, 2, 2, 2, 2, 2, 2, 2, 2, 2, 2, 2, 2, 2, 2, 2, 2, 2, 2, 2, 2, 2, 2, 2, 2, 2, 2, 2, 2, 2, 2, 2, 2, 2, 2, 2, 2, 2, 2, 2, 2, 2, 2, 2, 2, 2, 2, 2, 2, 2, 2, 2, 2, 2, 2, 2, 2, 2, 2, 2, 2, 2, 2, 2, 2, 2, 2, 2, 2, 2, 2, 2, 2, 2, 2, 2, 2, 2, 2, 2, 2, 2, 2, 2, 2, 2, 2, 2, 2, 2, 2, 2, 2, 2, 2, 2, 2, 2, 2, 2, 2, 2, 2, 2, 2, 2, 2, 2, 2, 2, 2, 2, 2, 2, 2, 2, 2, 2, 2, 2, 2, 2, 2, 2, 2, 2, 2, 2, 2, 2, 2, 2, 2, 2, 2, 2, 2, 2, 2, 2, 2, 2, 2, 2, 2, 2, 2, 2, 2, 2, 2, 2, 2, 2, 2, 2, 2, 2, 2, 2, 2, 2, 2, 2, 2, 2, 2, 2, 2, 2, 2, 2, 2, 2, 2, 2, 2, 2, 2, 2, 2, 2, 2, 2, 2]",3,256,1,20260829,55506d3552e30139761587656f00c212eaa67a91a0b2d655dd2ba630722884cd,float32,6861,0.09119556747428784,MEASURED,511,compact,651.257996,650.8629963333333,650.424011,650.906982,msprof_op_task_duration_acceptance,verify_d2,2.10.0.post4.dev20260715,2.10.0+cpu,4,3.2.0,6b5219f487b5b3ac57679a6a4387bc1d5d3a75f9
swa,c47f9bdcfb879eb73723521240a48a9bae99349d094a1fb82563535aabde82ec,6b5219f487b5b3ac57679a6a4387bc1d5d3a75f9,64,native_NHD_then_page_head_token_dim_permute,82f9e00dd9c169444330b20b411fdeeade867cd0d7fc3bfb55371c5c1a8d00fa,9.1.0,"[4096, 4096, 4096, 4096, 4096, 4096, 4096, 4096, 4096, 4096, 4096, 4096, 4096, 4096, 4096, 4096, 4096, 4096, 4096, 4096, 4096, 4096, 4096, 4096, 4096, 4096, 4096, 4096, 4096, 4096, 4096, 4096, 4096, 4096, 4096, 4096, 4096, 4096, 4096, 4096, 4096, 4096, 4096, 4096, 4096, 4096, 4096, 4096, 4096, 4096, 4096, 4096, 4096, 4096, 4096, 4096, 4096, 4096, 4096, 4096, 4096, 4096, 4096, 4096, 4096, 4096, 4096, 4096, 4096, 4096, 4096, 4096, 4096, 4096, 4096, 4096, 4096, 4096, 4096, 4096, 4096, 4096, 4096, 4096, 4096, 4096, 4096, 4096, 4096, 4096, 4096, 4096, 4096, 4096, 4096, 4096, 4096, 4096, 4096, 4096, 4096, 4096, 4096, 4096, 4096, 4096, 4096, 4096, 4096, 4096, 4096, 4096, 4096, 4096, 4096, 4096, 4096, 4096, 4096, 4096, 4096, 4096, 4096, 4096, 4096, 4096, 4096, 4096, 4096, 4096, 4096, 4096, 4096, 4096, 4096, 4096, 4096, 4096, 4096, 4096, 4096, 4096, 4096, 4096, 4096, 4096, 4096, 4096, 4096, 4096, 4096, 4096, 4096, 4096, 4096, 4096, 4096, 4096, 4096, 4096, 4096, 4096, 4096, 4096, 4096, 4096, 4096, 4096, 4096, 4096, 4096, 4096, 4096, 4096, 4096, 4096, 4096, 4096, 4096, 4096, 4096, 4096, 4096, 4096, 4096, 4096, 4096, 4096, 4096, 4096, 4096, 4096, 4096, 4096, 4096, 4096, 4096, 4096, 4096, 4096, 4096, 4096, 4096, 4096, 4096, 4096, 4096, 4096, 4096, 4096, 4096, 4096, 4096, 4096, 4096, 4096, 4096, 4096, 4096, 4096, 4096, 4096, 4096, 4096, 4096, 4096, 4096, 4096, 4096, 4096, 4096, 4096, 4096, 4096, 4096, 4096, 4096, 4096, 4096, 4096, 4096, 4096, 4096, 4096, 4096, 4096, 4096, 4096, 4096, 4096, 4096, 4096, 4096, 4096, 4096, 4096, 4096, 4096, 4096, 4096, 4096, 4096, 4096, 4096, 4096, 4096, 4096, 4096, 4096, 4096, 4096, 4096, 4096, 4096, 4096, 4096, 4096, 4096, 4096, 4096, 4096, 4096, 4096, 4096, 4096, 4096, 4096, 4096, 4096, 4096, 4096, 4096, 4096, 4096, 4096, 4096, 4096, 4096, 4096, 4096, 4096, 4096, 4096, 4096, 4096, 4096, 4096, 4096, 4096, 4096, 4096, 4096, 4096, 4096, 4096, 4096, 4096, 4096, 4096, 4096, 4096, 4096, 4096, 4096, 4096, 4096, 4096, 4096, 4096, 4096, 4096, 4096, 4096, 4096, 4096, 4096, 4096, 4096, 4096, 4096, 4096, 4096, 4096, 4096, 4096, 4096, 4096, 4096, 4096, 4096, 4096, 4096, 4096, 4096, 4096, 4096, 4096, 4096, 4096, 4096, 4096, 4096, 4096, 4096, 4096, 4096, 4096, 4096, 4096, 4096, 4096, 4096, 4096, 4096, 4096, 4096, 4096, 4096, 4096, 4096, 4096, 4096, 4096, 4096, 4096, 4096, 4096, 4096, 4096, 4096, 4096, 4096, 4096, 4096, 4096, 4096, 4096, 4096, 4096, 4096, 4096, 4096, 4096, 4096, 4096, 4096, 4096, 4096, 4096, 4096, 4096, 4096, 4096, 4096, 4096, 4096, 4096, 4096, 4096, 4096, 4096, 4096, 4096, 4096, 4096, 4096, 4096, 4096, 4096, 4096, 4096, 4096, 4096, 4096, 4096, 4096, 4096, 4096, 4096, 4096, 4096, 4096, 4096, 4096, 4096, 4096, 4096, 4096, 4096, 4096, 4096, 4096, 4096, 4096, 4096, 4096, 4096, 4096, 4096, 4096, 4096, 4096, 4096, 4096, 4096, 4096, 4096, 4096, 4096, 4096, 4096, 4096, 4096, 4096, 4096, 4096, 4096, 4096, 4096, 4096, 4096, 4096, 4096, 4096, 4096, 4096, 4096, 4096, 4096, 4096, 4096, 4096, 4096, 4096, 4096, 4096, 4096, 4096, 4096, 4096, 4096, 4096, 4096, 4096, 4096, 4096, 4096, 4096, 4096, 4096, 4096, 4096]","[2, 2, 2, 2, 2, 2, 2, 2, 2, 2, 2, 2, 2, 2, 2, 2, 2, 2, 2, 2, 2, 2, 2, 2, 2, 2, 2, 2, 2, 2, 2, 2, 2, 2, 2, 2, 2, 2, 2, 2, 2, 2, 2, 2, 2, 2, 2, 2, 2, 2, 2, 2, 2, 2, 2, 2, 2, 2, 2, 2, 2, 2, 2, 2, 2, 2, 2, 2, 2, 2, 2, 2, 2, 2, 2, 2, 2, 2, 2, 2, 2, 2, 2, 2, 2, 2, 2, 2, 2, 2, 2, 2, 2, 2, 2, 2, 2, 2, 2, 2, 2, 2, 2, 2, 2, 2, 2, 2, 2, 2, 2, 2, 2, 2, 2, 2, 2, 2, 2, 2, 2, 2, 2, 2, 2, 2, 2, 2, 2, 2, 2, 2, 2, 2, 2, 2, 2, 2, 2, 2, 2, 2, 2, 2, 2, 2, 2, 2, 2, 2, 2, 2, 2, 2, 2, 2, 2, 2, 2, 2, 2, 2, 2, 2, 2, 2, 2, 2, 2, 2, 2, 2, 2, 2, 2, 2, 2, 2, 2, 2, 2, 2, 2, 2, 2, 2, 2, 2, 2, 2, 2, 2, 2, 2, 2, 2, 2, 2, 2, 2, 2, 2, 2, 2, 2, 2, 2, 2, 2, 2, 2, 2, 2, 2, 2, 2, 2, 2, 2, 2, 2, 2, 2, 2, 2, 2, 2, 2, 2, 2, 2, 2, 2, 2, 2, 2, 2, 2, 2, 2, 2, 2, 2, 2, 2, 2, 2, 2, 2, 2, 2, 2, 2, 2, 2, 2, 2, 2, 2, 2, 2, 2, 2, 2, 2, 2, 2, 2, 2, 2, 2, 2, 2, 2, 2, 2, 2, 2, 2, 2, 2, 2, 2, 2, 2, 2, 2, 2, 2, 2, 2, 2, 2, 2, 2, 2, 2, 2, 2, 2, 2, 2, 2, 2, 2, 2, 2, 2, 2, 2, 2, 2, 2, 2, 2, 2, 2, 2, 2, 2, 2, 2, 2, 2, 2, 2, 2, 2, 2, 2, 2, 2, 2, 2, 2, 2, 2, 2, 2, 2, 2, 2, 2, 2, 2, 2, 2, 2, 2, 2, 2, 2, 2, 2, 2, 2, 2, 2, 2, 2, 2, 2, 2, 2, 2, 2, 2, 2, 2, 2, 2, 2, 2, 2, 2, 2, 2, 2, 2, 2, 2, 2, 2, 2, 2, 2, 2, 2, 2, 2, 2, 2, 2, 2, 2, 2, 2, 2, 2, 2, 2, 2, 2, 2, 2, 2, 2, 2, 2, 2, 2, 2, 2, 2, 2, 2, 2, 2, 2, 2, 2, 2, 2, 2, 2, 2, 2, 2, 2, 2, 2, 2, 2, 2, 2, 2, 2, 2, 2, 2, 2, 2, 2, 2, 2, 2, 2, 2, 2, 2, 2, 2, 2, 2, 2, 2, 2, 2, 2, 2, 2, 2, 2, 2, 2, 2, 2, 2, 2, 2, 2, 2, 2, 2, 2, 2, 2, 2, 2, 2, 2, 2, 2, 2, 2, 2, 2, 2, 2, 2, 2, 2, 2, 2, 2, 2, 2, 2, 2, 2, 2, 2, 2, 2, 2, 2, 2, 2, 2, 2, 2, 2]",0,swa_verify_d2_m1024_kv4096_uniform_compact_tp4,True,npu:5,5,Ascend950PR_957b,2,bfloat16,False,256,_swa_paged_prefill_aggregation_sink_kernel,4096,uniform,1024,2,4096,28,1,6,56,64,msprof/baseline/_swa_paged_prefill_aggregation_sink_kernel.log.gz,baseline,3.11.10,1024,512,msprof_primary_kernel,"[4096, 4096, 4096, 4096, 4096, 4096, 4096, 4096, 4096, 4096, 4096, 4096, 4096, 4096, 4096, 4096, 4096, 4096, 4096, 4096, 4096, 4096, 4096, 4096, 4096, 4096, 4096, 4096, 4096, 4096, 4096, 4096, 4096, 4096, 4096, 4096, 4096, 4096, 4096, 4096, 4096, 4096, 4096, 4096, 4096, 4096, 4096, 4096, 4096, 4096, 4096, 4096, 4096, 4096, 4096, 4096, 4096, 4096, 4096, 4096, 4096, 4096, 4096, 4096, 4096, 4096, 4096, 4096, 4096, 4096, 4096, 4096, 4096, 4096, 4096, 4096, 4096, 4096, 4096, 4096, 4096, 4096, 4096, 4096, 4096, 4096, 4096, 4096, 4096, 4096, 4096, 4096, 4096, 4096, 4096, 4096, 4096, 4096, 4096, 4096, 4096, 4096, 4096, 4096, 4096, 4096, 4096, 4096, 4096, 4096, 4096, 4096, 4096, 4096, 4096, 4096, 4096, 4096, 4096, 4096, 4096, 4096, 4096, 4096, 4096, 4096, 4096, 4096, 4096, 4096, 4096, 4096, 4096, 4096, 4096, 4096, 4096, 4096, 4096, 4096, 4096, 4096, 4096, 4096, 4096, 4096, 4096, 4096, 4096, 4096, 4096, 4096, 4096, 4096, 4096, 4096, 4096, 4096, 4096, 4096, 4096, 4096, 4096, 4096, 4096, 4096, 4096, 4096, 4096, 4096, 4096, 4096, 4096, 4096, 4096, 4096, 4096, 4096, 4096, 4096, 4096, 4096, 4096, 4096, 4096, 4096, 4096, 4096, 4096, 4096, 4096, 4096, 4096, 4096, 4096, 4096, 4096, 4096, 4096, 4096, 4096, 4096, 4096, 4096, 4096, 4096, 4096, 4096, 4096, 4096, 4096, 4096, 4096, 4096, 4096, 4096, 4096, 4096, 4096, 4096, 4096, 4096, 4096, 4096, 4096, 4096, 4096, 4096, 4096, 4096, 4096, 4096, 4096, 4096, 4096, 4096, 4096, 4096, 4096, 4096, 4096, 4096, 4096, 4096, 4096, 4096, 4096, 4096, 4096, 4096, 4096, 4096, 4096, 4096, 4096, 4096, 4096, 4096, 4096, 4096, 4096, 4096, 4096, 4096, 4096, 4096, 4096, 4096, 4096, 4096, 4096, 4096, 4096, 4096, 4096, 4096, 4096, 4096, 4096, 4096, 4096, 4096, 4096, 4096, 4096, 4096, 4096, 4096, 4096, 4096, 4096, 4096, 4096, 4096, 4096, 4096, 4096, 4096, 4096, 4096, 4096, 4096, 4096, 4096, 4096, 4096, 4096, 4096, 4096, 4096, 4096, 4096, 4096, 4096, 4096, 4096, 4096, 4096, 4096, 4096, 4096, 4096, 4096, 4096, 4096, 4096, 4096, 4096, 4096, 4096, 4096, 4096, 4096, 4096, 4096, 4096, 4096, 4096, 4096, 4096, 4096, 4096, 4096, 4096, 4096, 4096, 4096, 4096, 4096, 4096, 4096, 4096, 4096, 4096, 4096, 4096, 4096, 4096, 4096, 4096, 4096, 4096, 4096, 4096, 4096, 4096, 4096, 4096, 4096, 4096, 4096, 4096, 4096, 4096, 4096, 4096, 4096, 4096, 4096, 4096, 4096, 4096, 4096, 4096, 4096, 4096, 4096, 4096, 4096, 4096, 4096, 4096, 4096, 4096, 4096, 4096, 4096, 4096, 4096, 4096, 4096, 4096, 4096, 4096, 4096, 4096, 4096, 4096, 4096, 4096, 4096, 4096, 4096, 4096, 4096, 4096, 4096, 4096, 4096, 4096, 4096, 4096, 4096, 4096, 4096, 4096, 4096, 4096, 4096, 4096, 4096, 4096, 4096, 4096, 4096, 4096, 4096, 4096, 4096, 4096, 4096, 4096, 4096, 4096, 4096, 4096, 4096, 4096, 4096, 4096, 4096, 4096, 4096, 4096, 4096, 4096, 4096, 4096, 4096, 4096, 4096, 4096, 4096, 4096, 4096, 4096, 4096, 4096, 4096, 4096, 4096, 4096, 4096, 4096, 4096, 4096, 4096, 4096, 4096, 4096, 4096, 4096, 4096, 4096, 4096, 4096, 4096, 4096, 4096, 4096, 4096, 4096, 4096, 4096, 4096, 4096, 4096, 4096, 4096, 4096, 4096, 4096, 4096, 4096, 4096, 4096, 4096, 4096, 4096, 4096, 4096, 4096]","[2, 2, 2, 2, 2, 2, 2, 2, 2, 2, 2, 2, 2, 2, 2, 2, 2, 2, 2, 2, 2, 2, 2, 2, 2, 2, 2, 2, 2, 2, 2, 2, 2, 2, 2, 2, 2, 2, 2, 2, 2, 2, 2, 2, 2, 2, 2, 2, 2, 2, 2, 2, 2, 2, 2, 2, 2, 2, 2, 2, 2, 2, 2, 2, 2, 2, 2, 2, 2, 2, 2, 2, 2, 2, 2, 2, 2, 2, 2, 2, 2, 2, 2, 2, 2, 2, 2, 2, 2, 2, 2, 2, 2, 2, 2, 2, 2, 2, 2, 2, 2, 2, 2, 2, 2, 2, 2, 2, 2, 2, 2, 2, 2, 2, 2, 2, 2, 2, 2, 2, 2, 2, 2, 2, 2, 2, 2, 2, 2, 2, 2, 2, 2, 2, 2, 2, 2, 2, 2, 2, 2, 2, 2, 2, 2, 2, 2, 2, 2, 2, 2, 2, 2, 2, 2, 2, 2, 2, 2, 2, 2, 2, 2, 2, 2, 2, 2, 2, 2, 2, 2, 2, 2, 2, 2, 2, 2, 2, 2, 2, 2, 2, 2, 2, 2, 2, 2, 2, 2, 2, 2, 2, 2, 2, 2, 2, 2, 2, 2, 2, 2, 2, 2, 2, 2, 2, 2, 2, 2, 2, 2, 2, 2, 2, 2, 2, 2, 2, 2, 2, 2, 2, 2, 2, 2, 2, 2, 2, 2, 2, 2, 2, 2, 2, 2, 2, 2, 2, 2, 2, 2, 2, 2, 2, 2, 2, 2, 2, 2, 2, 2, 2, 2, 2, 2, 2, 2, 2, 2, 2, 2, 2, 2, 2, 2, 2, 2, 2, 2, 2, 2, 2, 2, 2, 2, 2, 2, 2, 2, 2, 2, 2, 2, 2, 2, 2, 2, 2, 2, 2, 2, 2, 2, 2, 2, 2, 2, 2, 2, 2, 2, 2, 2, 2, 2, 2, 2, 2, 2, 2, 2, 2, 2, 2, 2, 2, 2, 2, 2, 2, 2, 2, 2, 2, 2, 2, 2, 2, 2, 2, 2, 2, 2, 2, 2, 2, 2, 2, 2, 2, 2, 2, 2, 2, 2, 2, 2, 2, 2, 2, 2, 2, 2, 2, 2, 2, 2, 2, 2, 2, 2, 2, 2, 2, 2, 2, 2, 2, 2, 2, 2, 2, 2, 2, 2, 2, 2, 2, 2, 2, 2, 2, 2, 2, 2, 2, 2, 2, 2, 2, 2, 2, 2, 2, 2, 2, 2, 2, 2, 2, 2, 2, 2, 2, 2, 2, 2, 2, 2, 2, 2, 2, 2, 2, 2, 2, 2, 2, 2, 2, 2, 2, 2, 2, 2, 2, 2, 2, 2, 2, 2, 2, 2, 2, 2, 2, 2, 2, 2, 2, 2, 2, 2, 2, 2, 2, 2, 2, 2, 2, 2, 2, 2, 2, 2, 2, 2, 2, 2, 2, 2, 2, 2, 2, 2, 2, 2, 2, 2, 2, 2, 2, 2, 2, 2, 2, 2, 2, 2, 2, 2, 2, 2, 2, 2, 2, 2, 2, 2, 2, 2, 2, 2, 2, 2, 2, 2, 2, 2, 2, 2, 2, 2, 2, 2, 2, 2, 2, 2, 2, 2, 2]",3,512,1,20260829,55506d3552e30139761587656f00c212eaa67a91a0b2d655dd2ba630722884cd,float32,6861,0.09119556747428784,MEASURED,511,compact,1111.341064,1109.6340736666668,1108.637085,1108.924072,msprof_op_task_duration_acceptance,verify_d2,2.10.0.post4.dev20260715,2.10.0+cpu,4,3.2.0,6b5219f487b5b3ac57679a6a4387bc1d5d3a75f9
swa,c47f9bdcfb879eb73723521240a48a9bae99349d094a1fb82563535aabde82ec,6b5219f487b5b3ac57679a6a4387bc1d5d3a75f9,64,native_NHD_then_page_head_token_dim_permute,82f9e00dd9c169444330b20b411fdeeade867cd0d7fc3bfb55371c5c1a8d00fa,9.1.0,"[4096, 4096, 4096, 4096, 4096, 4096, 4096, 4096, 4096, 4096, 4096, 4096, 4096, 4096, 4096, 4096, 4096, 4096, 4096, 4096, 4096, 4096, 4096, 4096, 4096, 4096, 4096, 4096, 4096, 4096, 4096, 4096, 4096, 4096, 4096, 4096, 4096, 4096, 4096, 4096, 4096, 4096, 4096]","[3, 3, 3, 3, 3, 3, 3, 3, 3, 3, 3, 3, 3, 3, 3, 3, 3, 3, 3, 3, 3, 3, 3, 3, 3, 3, 3, 3, 3, 3, 3, 3, 3, 3, 3, 3, 3, 3, 3, 3, 3, 3, 3]",0,swa_verify_d3_m129_kv4096_uniform_compact_tp4,True,npu:5,5,Ascend950PR_957b,3,bfloat16,False,256,_swa_paged_prefill_aggregation_sink_kernel,4096,uniform,129,3,4096,28,1,6,56,64,msprof/baseline/_swa_paged_prefill_aggregation_sink_kernel.log.gz,baseline,3.11.10,129,43,msprof_primary_kernel,"[4096, 4096, 4096, 4096, 4096, 4096, 4096, 4096, 4096, 4096, 4096, 4096, 4096, 4096, 4096, 4096, 4096, 4096, 4096, 4096, 4096, 4096, 4096, 4096, 4096, 4096, 4096, 4096, 4096, 4096, 4096, 4096, 4096, 4096, 4096, 4096, 4096, 4096, 4096, 4096, 4096, 4096, 4096]","[3, 3, 3, 3, 3, 3, 3, 3, 3, 3, 3, 3, 3, 3, 3, 3, 3, 3, 3, 3, 3, 3, 3, 3, 3, 3, 3, 3, 3, 3, 3, 3, 3, 3, 3, 3, 3, 3, 3, 3, 3, 3, 3]",3,43,1,20260829,55506d3552e30139761587656f00c212eaa67a91a0b2d655dd2ba630722884cd,float32,6861,0.09119556747428784,MEASURED,511,compact,226.463013,226.371338,226.227997,226.423004,msprof_op_task_duration_acceptance,verify_d3,2.10.0.post4.dev20260715,2.10.0+cpu,4,3.2.0,6b5219f487b5b3ac57679a6a4387bc1d5d3a75f9
swa,c47f9bdcfb879eb73723521240a48a9bae99349d094a1fb82563535aabde82ec,6b5219f487b5b3ac57679a6a4387bc1d5d3a75f9,64,native_NHD_then_page_head_token_dim_permute,82f9e00dd9c169444330b20b411fdeeade867cd0d7fc3bfb55371c5c1a8d00fa,9.1.0,"[4096, 4096, 4096, 4096, 4096, 4096, 4096, 4096, 4096, 4096, 4096, 4096, 4096, 4096, 4096, 4096, 4096, 4096, 4096, 4096, 4096, 4096, 4096, 4096, 4096, 4096, 4096, 4096, 4096, 4096, 4096, 4096, 4096, 4096, 4096, 4096, 4096, 4096, 4096, 4096, 4096, 4096, 4096, 4096, 4096, 4096, 4096, 4096, 4096, 4096, 4096, 4096, 4096, 4096, 4096, 4096, 4096, 4096, 4096, 4096, 4096, 4096, 4096, 4096, 4096, 4096, 4096, 4096, 4096, 4096, 4096, 4096, 4096, 4096, 4096, 4096, 4096, 4096, 4096, 4096, 4096, 4096, 4096, 4096, 4096]","[3, 3, 3, 3, 3, 3, 3, 3, 3, 3, 3, 3, 3, 3, 3, 3, 3, 3, 3, 3, 3, 3, 3, 3, 3, 3, 3, 3, 3, 3, 3, 3, 3, 3, 3, 3, 3, 3, 3, 3, 3, 3, 3, 3, 3, 3, 3, 3, 3, 3, 3, 3, 3, 3, 3, 3, 3, 3, 3, 3, 3, 3, 3, 3, 3, 3, 3, 3, 3, 3, 3, 3, 3, 3, 3, 3, 3, 3, 3, 3, 3, 3, 3, 3, 3]",0,swa_verify_d3_m255_kv4096_uniform_compact_tp4,True,npu:5,5,Ascend950PR_957b,3,bfloat16,False,256,_swa_paged_prefill_aggregation_sink_kernel,4096,uniform,255,3,4096,28,1,6,56,64,msprof/baseline/_swa_paged_prefill_aggregation_sink_kernel.log.gz,baseline,3.11.10,255,85,msprof_primary_kernel,"[4096, 4096, 4096, 4096, 4096, 4096, 4096, 4096, 4096, 4096, 4096, 4096, 4096, 4096, 4096, 4096, 4096, 4096, 4096, 4096, 4096, 4096, 4096, 4096, 4096, 4096, 4096, 4096, 4096, 4096, 4096, 4096, 4096, 4096, 4096, 4096, 4096, 4096, 4096, 4096, 4096, 4096, 4096, 4096, 4096, 4096, 4096, 4096, 4096, 4096, 4096, 4096, 4096, 4096, 4096, 4096, 4096, 4096, 4096, 4096, 4096, 4096, 4096, 4096, 4096, 4096, 4096, 4096, 4096, 4096, 4096, 4096, 4096, 4096, 4096, 4096, 4096, 4096, 4096, 4096, 4096, 4096, 4096, 4096, 4096]","[3, 3, 3, 3, 3, 3, 3, 3, 3, 3, 3, 3, 3, 3, 3, 3, 3, 3, 3, 3, 3, 3, 3, 3, 3, 3, 3, 3, 3, 3, 3, 3, 3, 3, 3, 3, 3, 3, 3, 3, 3, 3, 3, 3, 3, 3, 3, 3, 3, 3, 3, 3, 3, 3, 3, 3, 3, 3, 3, 3, 3, 3, 3, 3, 3, 3, 3, 3, 3, 3, 3, 3, 3, 3, 3, 3, 3, 3, 3, 3, 3, 3, 3, 3, 3]",3,85,1,20260829,55506d3552e30139761587656f00c212eaa67a91a0b2d655dd2ba630722884cd,float32,6861,0.09119556747428784,MEASURED,511,compact,438.588013,438.1690066666667,437.462006,438.457001,msprof_op_task_duration_acceptance,verify_d3,2.10.0.post4.dev20260715,2.10.0+cpu,4,3.2.0,6b5219f487b5b3ac57679a6a4387bc1d5d3a75f9
swa,c47f9bdcfb879eb73723521240a48a9bae99349d094a1fb82563535aabde82ec,6b5219f487b5b3ac57679a6a4387bc1d5d3a75f9,64,native_NHD_then_page_head_token_dim_permute,82f9e00dd9c169444330b20b411fdeeade867cd0d7fc3bfb55371c5c1a8d00fa,9.1.0,"[4096, 4096, 4096, 4096, 4096, 4096, 4096, 4096, 4096, 4096, 4096, 4096, 4096, 4096, 4096, 4096, 4096, 4096, 4096, 4096, 4096, 4096, 4096, 4096, 4096, 4096, 4096, 4096, 4096, 4096, 4096, 4096, 4096, 4096, 4096, 4096, 4096, 4096, 4096, 4096, 4096, 4096, 4096, 4096, 4096, 4096, 4096, 4096, 4096, 4096, 4096, 4096, 4096, 4096, 4096, 4096, 4096, 4096, 4096, 4096, 4096, 4096, 4096, 4096, 4096, 4096, 4096, 4096, 4096, 4096, 4096, 4096, 4096, 4096, 4096, 4096, 4096, 4096, 4096, 4096, 4096, 4096, 4096, 4096, 4096, 4096, 4096, 4096, 4096, 4096, 4096, 4096, 4096, 4096, 4096, 4096, 4096, 4096, 4096, 4096, 4096, 4096, 4096, 4096, 4096, 4096, 4096, 4096, 4096, 4096, 4096, 4096, 4096, 4096, 4096, 4096, 4096, 4096, 4096, 4096, 4096, 4096, 4096, 4096, 4096, 4096, 4096, 4096, 4096, 4096, 4096, 4096, 4096, 4096, 4096, 4096, 4096, 4096, 4096, 4096, 4096, 4096, 4096, 4096, 4096, 4096, 4096, 4096, 4096, 4096, 4096, 4096, 4096, 4096, 4096, 4096, 4096, 4096, 4096, 4096, 4096, 4096, 4096, 4096, 4096, 4096, 4096, 4096, 4096, 4096, 4096]","[3, 3, 3, 3, 3, 3, 3, 3, 3, 3, 3, 3, 3, 3, 3, 3, 3, 3, 3, 3, 3, 3, 3, 3, 3, 3, 3, 3, 3, 3, 3, 3, 3, 3, 3, 3, 3, 3, 3, 3, 3, 3, 3, 3, 3, 3, 3, 3, 3, 3, 3, 3, 3, 3, 3, 3, 3, 3, 3, 3, 3, 3, 3, 3, 3, 3, 3, 3, 3, 3, 3, 3, 3, 3, 3, 3, 3, 3, 3, 3, 3, 3, 3, 3, 3, 3, 3, 3, 3, 3, 3, 3, 3, 3, 3, 3, 3, 3, 3, 3, 3, 3, 3, 3, 3, 3, 3, 3, 3, 3, 3, 3, 3, 3, 3, 3, 3, 3, 3, 3, 3, 3, 3, 3, 3, 3, 3, 3, 3, 3, 3, 3, 3, 3, 3, 3, 3, 3, 3, 3, 3, 3, 3, 3, 3, 3, 3, 3, 3, 3, 3, 3, 3, 3, 3, 3, 3, 3, 3, 3, 3, 3, 3, 3, 3, 3, 3, 3, 3, 3, 3]",0,swa_verify_d3_m513_kv4096_uniform_compact_tp4,True,npu:5,5,Ascend950PR_957b,3,bfloat16,False,256,_swa_paged_prefill_aggregation_sink_kernel,4096,uniform,513,3,4096,28,1,6,56,64,msprof/baseline/_swa_paged_prefill_aggregation_sink_kernel.log.gz,baseline,3.11.10,513,171,msprof_primary_kernel,"[4096, 4096, 4096, 4096, 4096, 4096, 4096, 4096, 4096, 4096, 4096, 4096, 4096, 4096, 4096, 4096, 4096, 4096, 4096, 4096, 4096, 4096, 4096, 4096, 4096, 4096, 4096, 4096, 4096, 4096, 4096, 4096, 4096, 4096, 4096, 4096, 4096, 4096, 4096, 4096, 4096, 4096, 4096, 4096, 4096, 4096, 4096, 4096, 4096, 4096, 4096, 4096, 4096, 4096, 4096, 4096, 4096, 4096, 4096, 4096, 4096, 4096, 4096, 4096, 4096, 4096, 4096, 4096, 4096, 4096, 4096, 4096, 4096, 4096, 4096, 4096, 4096, 4096, 4096, 4096, 4096, 4096, 4096, 4096, 4096, 4096, 4096, 4096, 4096, 4096, 4096, 4096, 4096, 4096, 4096, 4096, 4096, 4096, 4096, 4096, 4096, 4096, 4096, 4096, 4096, 4096, 4096, 4096, 4096, 4096, 4096, 4096, 4096, 4096, 4096, 4096, 4096, 4096, 4096, 4096, 4096, 4096, 4096, 4096, 4096, 4096, 4096, 4096, 4096, 4096, 4096, 4096, 4096, 4096, 4096, 4096, 4096, 4096, 4096, 4096, 4096, 4096, 4096, 4096, 4096, 4096, 4096, 4096, 4096, 4096, 4096, 4096, 4096, 4096, 4096, 4096, 4096, 4096, 4096, 4096, 4096, 4096, 4096, 4096, 4096, 4096, 4096, 4096, 4096, 4096, 4096]","[3, 3, 3, 3, 3, 3, 3, 3, 3, 3, 3, 3, 3, 3, 3, 3, 3, 3, 3, 3, 3, 3, 3, 3, 3, 3, 3, 3, 3, 3, 3, 3, 3, 3, 3, 3, 3, 3, 3, 3, 3, 3, 3, 3, 3, 3, 3, 3, 3, 3, 3, 3, 3, 3, 3, 3, 3, 3, 3, 3, 3, 3, 3, 3, 3, 3, 3, 3, 3, 3, 3, 3, 3, 3, 3, 3, 3, 3, 3, 3, 3, 3, 3, 3, 3, 3, 3, 3, 3, 3, 3, 3, 3, 3, 3, 3, 3, 3, 3, 3, 3, 3, 3, 3, 3, 3, 3, 3, 3, 3, 3, 3, 3, 3, 3, 3, 3, 3, 3, 3, 3, 3, 3, 3, 3, 3, 3, 3, 3, 3, 3, 3, 3, 3, 3, 3, 3, 3, 3, 3, 3, 3, 3, 3, 3, 3, 3, 3, 3, 3, 3, 3, 3, 3, 3, 3, 3, 3, 3, 3, 3, 3, 3, 3, 3, 3, 3, 3, 3, 3, 3]",3,171,1,20260829,55506d3552e30139761587656f00c212eaa67a91a0b2d655dd2ba630722884cd,float32,6861,0.09119556747428784,MEASURED,511,compact,378.656006,378.2976683333333,377.968994,378.268005,msprof_op_task_duration_acceptance,verify_d3,2.10.0.post4.dev20260715,2.10.0+cpu,4,3.2.0,6b5219f487b5b3ac57679a6a4387bc1d5d3a75f9
swa,c47f9bdcfb879eb73723521240a48a9bae99349d094a1fb82563535aabde82ec,6b5219f487b5b3ac57679a6a4387bc1d5d3a75f9,64,native_NHD_then_page_head_token_dim_permute,82f9e00dd9c169444330b20b411fdeeade867cd0d7fc3bfb55371c5c1a8d00fa,9.1.0,"[4096, 4096, 4096, 4096, 4096, 4096, 4096, 4096, 4096, 4096, 4096, 4096, 4096, 4096, 4096, 4096, 4096, 4096, 4096, 4096, 4096, 4096, 4096, 4096, 4096, 4096, 4096, 4096, 4096, 4096, 4096, 4096, 4096, 4096, 4096, 4096, 4096, 4096, 4096, 4096, 4096, 4096, 4096, 4096, 4096, 4096, 4096, 4096, 4096, 4096, 4096, 4096, 4096, 4096, 4096, 4096, 4096, 4096, 4096, 4096, 4096, 4096, 4096, 4096, 4096, 4096, 4096, 4096, 4096, 4096, 4096, 4096, 4096, 4096, 4096, 4096, 4096, 4096, 4096, 4096, 4096, 4096, 4096, 4096, 4096, 4096, 4096, 4096, 4096, 4096, 4096, 4096, 4096, 4096, 4096, 4096, 4096, 4096, 4096, 4096, 4096, 4096, 4096, 4096, 4096, 4096, 4096, 4096, 4096, 4096, 4096, 4096, 4096, 4096, 4096, 4096, 4096, 4096, 4096, 4096, 4096, 4096, 4096, 4096, 4096, 4096, 4096, 4096, 4096, 4096, 4096, 4096, 4096, 4096, 4096, 4096, 4096, 4096, 4096, 4096, 4096, 4096, 4096, 4096, 4096, 4096, 4096, 4096, 4096, 4096, 4096, 4096, 4096, 4096, 4096, 4096, 4096, 4096, 4096, 4096, 4096, 4096, 4096, 4096, 4096, 4096, 4096, 4096, 4096, 4096, 4096, 4096, 4096, 4096, 4096, 4096, 4096, 4096, 4096, 4096, 4096, 4096, 4096, 4096, 4096, 4096, 4096, 4096, 4096, 4096, 4096, 4096, 4096, 4096, 4096, 4096, 4096, 4096, 4096, 4096, 4096, 4096, 4096, 4096, 4096, 4096, 4096, 4096, 4096, 4096, 4096, 4096, 4096, 4096, 4096, 4096, 4096, 4096, 4096, 4096, 4096, 4096, 4096, 4096, 4096, 4096, 4096, 4096, 4096, 4096, 4096, 4096, 4096, 4096, 4096, 4096, 4096, 4096, 4096, 4096, 4096, 4096, 4096, 4096, 4096, 4096, 4096, 4096, 4096, 4096, 4096, 4096, 4096, 4096, 4096, 4096, 4096, 4096, 4096, 4096, 4096, 4096, 4096, 4096, 4096, 4096, 4096, 4096, 4096, 4096, 4096, 4096, 4096, 4096, 4096, 4096, 4096, 4096, 4096, 4096, 4096, 4096, 4096, 4096, 4096, 4096, 4096, 4096, 4096, 4096, 4096, 4096, 4096, 4096, 4096, 4096, 4096, 4096, 4096, 4096, 4096, 4096, 4096, 4096, 4096, 4096, 4096, 4096, 4096, 4096, 4096, 4096, 4096, 4096, 4096, 4096, 4096, 4096, 4096, 4096, 4096, 4096, 4096, 4096, 4096, 4096, 4096, 4096, 4096, 4096, 4096, 4096, 4096, 4096, 4096, 4096, 4096, 4096, 4096, 4096, 4096]","[3, 3, 3, 3, 3, 3, 3, 3, 3, 3, 3, 3, 3, 3, 3, 3, 3, 3, 3, 3, 3, 3, 3, 3, 3, 3, 3, 3, 3, 3, 3, 3, 3, 3, 3, 3, 3, 3, 3, 3, 3, 3, 3, 3, 3, 3, 3, 3, 3, 3, 3, 3, 3, 3, 3, 3, 3, 3, 3, 3, 3, 3, 3, 3, 3, 3, 3, 3, 3, 3, 3, 3, 3, 3, 3, 3, 3, 3, 3, 3, 3, 3, 3, 3, 3, 3, 3, 3, 3, 3, 3, 3, 3, 3, 3, 3, 3, 3, 3, 3, 3, 3, 3, 3, 3, 3, 3, 3, 3, 3, 3, 3, 3, 3, 3, 3, 3, 3, 3, 3, 3, 3, 3, 3, 3, 3, 3, 3, 3, 3, 3, 3, 3, 3, 3, 3, 3, 3, 3, 3, 3, 3, 3, 3, 3, 3, 3, 3, 3, 3, 3, 3, 3, 3, 3, 3, 3, 3, 3, 3, 3, 3, 3, 3, 3, 3, 3, 3, 3, 3, 3, 3, 3, 3, 3, 3, 3, 3, 3, 3, 3, 3, 3, 3, 3, 3, 3, 3, 3, 3, 3, 3, 3, 3, 3, 3, 3, 3, 3, 3, 3, 3, 3, 3, 3, 3, 3, 3, 3, 3, 3, 3, 3, 3, 3, 3, 3, 3, 3, 3, 3, 3, 3, 3, 3, 3, 3, 3, 3, 3, 3, 3, 3, 3, 3, 3, 3, 3, 3, 3, 3, 3, 3, 3, 3, 3, 3, 3, 3, 3, 3, 3, 3, 3, 3, 3, 3, 3, 3, 3, 3, 3, 3, 3, 3, 3, 3, 3, 3, 3, 3, 3, 3, 3, 3, 3, 3, 3, 3, 3, 3, 3, 3, 3, 3, 3, 3, 3, 3, 3, 3, 3, 3, 3, 3, 3, 3, 3, 3, 3, 3, 3, 3, 3, 3, 3, 3, 3, 3, 3, 3, 3, 3, 3, 3, 3, 3, 3, 3, 3, 3, 3, 3, 3, 3, 3, 3, 3, 3, 3, 3, 3, 3, 3, 3, 3, 3, 3, 3, 3, 3]",0,swa_verify_d3_m1023_kv4096_uniform_compact_tp4,True,npu:5,5,Ascend950PR_957b,3,bfloat16,False,256,_swa_paged_prefill_aggregation_sink_kernel,4096,uniform,1023,3,4096,28,1,6,56,64,msprof/baseline/_swa_paged_prefill_aggregation_sink_kernel.log.gz,baseline,3.11.10,1023,341,msprof_primary_kernel,"[4096, 4096, 4096, 4096, 4096, 4096, 4096, 4096, 4096, 4096, 4096, 4096, 4096, 4096, 4096, 4096, 4096, 4096, 4096, 4096, 4096, 4096, 4096, 4096, 4096, 4096, 4096, 4096, 4096, 4096, 4096, 4096, 4096, 4096, 4096, 4096, 4096, 4096, 4096, 4096, 4096, 4096, 4096, 4096, 4096, 4096, 4096, 4096, 4096, 4096, 4096, 4096, 4096, 4096, 4096, 4096, 4096, 4096, 4096, 4096, 4096, 4096, 4096, 4096, 4096, 4096, 4096, 4096, 4096, 4096, 4096, 4096, 4096, 4096, 4096, 4096, 4096, 4096, 4096, 4096, 4096, 4096, 4096, 4096, 4096, 4096, 4096, 4096, 4096, 4096, 4096, 4096, 4096, 4096, 4096, 4096, 4096, 4096, 4096, 4096, 4096, 4096, 4096, 4096, 4096, 4096, 4096, 4096, 4096, 4096, 4096, 4096, 4096, 4096, 4096, 4096, 4096, 4096, 4096, 4096, 4096, 4096, 4096, 4096, 4096, 4096, 4096, 4096, 4096, 4096, 4096, 4096, 4096, 4096, 4096, 4096, 4096, 4096, 4096, 4096, 4096, 4096, 4096, 4096, 4096, 4096, 4096, 4096, 4096, 4096, 4096, 4096, 4096, 4096, 4096, 4096, 4096, 4096, 4096, 4096, 4096, 4096, 4096, 4096, 4096, 4096, 4096, 4096, 4096, 4096, 4096, 4096, 4096, 4096, 4096, 4096, 4096, 4096, 4096, 4096, 4096, 4096, 4096, 4096, 4096, 4096, 4096, 4096, 4096, 4096, 4096, 4096, 4096, 4096, 4096, 4096, 4096, 4096, 4096, 4096, 4096, 4096, 4096, 4096, 4096, 4096, 4096, 4096, 4096, 4096, 4096, 4096, 4096, 4096, 4096, 4096, 4096, 4096, 4096, 4096, 4096, 4096, 4096, 4096, 4096, 4096, 4096, 4096, 4096, 4096, 4096, 4096, 4096, 4096, 4096, 4096, 4096, 4096, 4096, 4096, 4096, 4096, 4096, 4096, 4096, 4096, 4096, 4096, 4096, 4096, 4096, 4096, 4096, 4096, 4096, 4096, 4096, 4096, 4096, 4096, 4096, 4096, 4096, 4096, 4096, 4096, 4096, 4096, 4096, 4096, 4096, 4096, 4096, 4096, 4096, 4096, 4096, 4096, 4096, 4096, 4096, 4096, 4096, 4096, 4096, 4096, 4096, 4096, 4096, 4096, 4096, 4096, 4096, 4096, 4096, 4096, 4096, 4096, 4096, 4096, 4096, 4096, 4096, 4096, 4096, 4096, 4096, 4096, 4096, 4096, 4096, 4096, 4096, 4096, 4096, 4096, 4096, 4096, 4096, 4096, 4096, 4096, 4096, 4096, 4096, 4096, 4096, 4096, 4096, 4096, 4096, 4096, 4096, 4096, 4096, 4096, 4096, 4096, 4096, 4096, 4096]","[3, 3, 3, 3, 3, 3, 3, 3, 3, 3, 3, 3, 3, 3, 3, 3, 3, 3, 3, 3, 3, 3, 3, 3, 3, 3, 3, 3, 3, 3, 3, 3, 3, 3, 3, 3, 3, 3, 3, 3, 3, 3, 3, 3, 3, 3, 3, 3, 3, 3, 3, 3, 3, 3, 3, 3, 3, 3, 3, 3, 3, 3, 3, 3, 3, 3, 3, 3, 3, 3, 3, 3, 3, 3, 3, 3, 3, 3, 3, 3, 3, 3, 3, 3, 3, 3, 3, 3, 3, 3, 3, 3, 3, 3, 3, 3, 3, 3, 3, 3, 3, 3, 3, 3, 3, 3, 3, 3, 3, 3, 3, 3, 3, 3, 3, 3, 3, 3, 3, 3, 3, 3, 3, 3, 3, 3, 3, 3, 3, 3, 3, 3, 3, 3, 3, 3, 3, 3, 3, 3, 3, 3, 3, 3, 3, 3, 3, 3, 3, 3, 3, 3, 3, 3, 3, 3, 3, 3, 3, 3, 3, 3, 3, 3, 3, 3, 3, 3, 3, 3, 3, 3, 3, 3, 3, 3, 3, 3, 3, 3, 3, 3, 3, 3, 3, 3, 3, 3, 3, 3, 3, 3, 3, 3, 3, 3, 3, 3, 3, 3, 3, 3, 3, 3, 3, 3, 3, 3, 3, 3, 3, 3, 3, 3, 3, 3, 3, 3, 3, 3, 3, 3, 3, 3, 3, 3, 3, 3, 3, 3, 3, 3, 3, 3, 3, 3, 3, 3, 3, 3, 3, 3, 3, 3, 3, 3, 3, 3, 3, 3, 3, 3, 3, 3, 3, 3, 3, 3, 3, 3, 3, 3, 3, 3, 3, 3, 3, 3, 3, 3, 3, 3, 3, 3, 3, 3, 3, 3, 3, 3, 3, 3, 3, 3, 3, 3, 3, 3, 3, 3, 3, 3, 3, 3, 3, 3, 3, 3, 3, 3, 3, 3, 3, 3, 3, 3, 3, 3, 3, 3, 3, 3, 3, 3, 3, 3, 3, 3, 3, 3, 3, 3, 3, 3, 3, 3, 3, 3, 3, 3, 3, 3, 3, 3, 3, 3, 3, 3, 3, 3, 3]",3,341,1,20260829,55506d3552e30139761587656f00c212eaa67a91a0b2d655dd2ba630722884cd,float32,6861,0.09119556747428784,MEASURED,511,compact,742.492981,742.0620116666665,741.841003,741.852051,msprof_op_task_duration_acceptance,verify_d3,2.10.0.post4.dev20260715,2.10.0+cpu,4,3.2.0,6b5219f487b5b3ac57679a6a4387bc1d5d3a75f9
swa,c47f9bdcfb879eb73723521240a48a9bae99349d094a1fb82563535aabde82ec,6b5219f487b5b3ac57679a6a4387bc1d5d3a75f9,264,native_NHD_then_page_head_token_dim_permute,82f9e00dd9c169444330b20b411fdeeade867cd0d7fc3bfb55371c5c1a8d00fa,9.1.0,[16879],[64],0,swa_dense_m64_kv16896_ragged_compact_tp4,True,npu:5,5,Ascend950PR_957b,,bfloat16,False,256,_swa_paged_prefill_aggregation_sink_kernel,16896,ragged,64,64,16879,28,1,6,56,64,msprof/baseline/_swa_paged_prefill_aggregation_sink_kernel.log.gz,baseline,3.11.10,64,1,msprof_primary_kernel,[16879],[64],3,1,1,20260829,55506d3552e30139761587656f00c212eaa67a91a0b2d655dd2ba630722884cd,float32,6861,0.09119556747428784,MEASURED,511,compact,16.118,15.706333333333333,15.241,15.76,msprof_op_task_duration_acceptance,dense,2.10.0.post4.dev20260715,2.10.0+cpu,4,3.2.0,6b5219f487b5b3ac57679a6a4387bc1d5d3a75f9
swa,c47f9bdcfb879eb73723521240a48a9bae99349d094a1fb82563535aabde82ec,6b5219f487b5b3ac57679a6a4387bc1d5d3a75f9,264,native_NHD_then_page_head_token_dim_permute,82f9e00dd9c169444330b20b411fdeeade867cd0d7fc3bfb55371c5c1a8d00fa,9.1.0,[16879],[257],0,swa_dense_m257_kv16896_ragged_compact_tp4,True,npu:5,5,Ascend950PR_957b,,bfloat16,False,256,_swa_paged_prefill_aggregation_sink_kernel,16896,ragged,257,257,16879,28,1,6,56,64,msprof/baseline/_swa_paged_prefill_aggregation_sink_kernel.log.gz,baseline,3.11.10,257,1,msprof_primary_kernel,[16879],[257],3,1,1,20260829,55506d3552e30139761587656f00c212eaa67a91a0b2d655dd2ba630722884cd,float32,6861,0.09119556747428784,MEASURED,511,compact,17.32,17.266000333333334,17.16,17.318001,msprof_op_task_duration_acceptance,dense,2.10.0.post4.dev20260715,2.10.0+cpu,4,3.2.0,6b5219f487b5b3ac57679a6a4387bc1d5d3a75f9
swa,c47f9bdcfb879eb73723521240a48a9bae99349d094a1fb82563535aabde82ec,6b5219f487b5b3ac57679a6a4387bc1d5d3a75f9,416,native_NHD_then_page_head_token_dim_permute,82f9e00dd9c169444330b20b411fdeeade867cd0d7fc3bfb55371c5c1a8d00fa,9.1.0,[26607],[64],0,swa_dense_m64_kv26624_ragged_compact_tp4,True,npu:5,5,Ascend950PR_957b,,bfloat16,False,256,_swa_paged_prefill_aggregation_sink_kernel,26624,ragged,64,64,26607,28,1,6,56,64,msprof/baseline/_swa_paged_prefill_aggregation_sink_kernel.log.gz,baseline,3.11.10,64,1,msprof_primary_kernel,[26607],[64],3,1,1,20260829,55506d3552e30139761587656f00c212eaa67a91a0b2d655dd2ba630722884cd,float32,6861,0.09119556747428784,MEASURED,511,compact,15.954,15.531333333333334,15.156,15.484,msprof_op_task_duration_acceptance,dense,2.10.0.post4.dev20260715,2.10.0+cpu,4,3.2.0,6b5219f487b5b3ac57679a6a4387bc1d5d3a75f9
swa,c47f9bdcfb879eb73723521240a48a9bae99349d094a1fb82563535aabde82ec,6b5219f487b5b3ac57679a6a4387bc1d5d3a75f9,416,native_NHD_then_page_head_token_dim_permute,82f9e00dd9c169444330b20b411fdeeade867cd0d7fc3bfb55371c5c1a8d00fa,9.1.0,[26607],[257],0,swa_dense_m257_kv26624_ragged_compact_tp4,True,npu:5,5,Ascend950PR_957b,,bfloat16,False,256,_swa_paged_prefill_aggregation_sink_kernel,26624,ragged,257,257,26607,28,1,6,56,64,msprof/baseline/_swa_paged_prefill_aggregation_sink_kernel.log.gz,baseline,3.11.10,257,1,msprof_primary_kernel,[26607],[257],3,1,1,20260829,55506d3552e30139761587656f00c212eaa67a91a0b2d655dd2ba630722884cd,float32,6861,0.09119556747428784,MEASURED,511,compact,17.693001,17.408000666666666,17.183001,17.348,msprof_op_task_duration_acceptance,dense,2.10.0.post4.dev20260715,2.10.0+cpu,4,3.2.0,6b5219f487b5b3ac57679a6a4387bc1d5d3a75f9
swa,c47f9bdcfb879eb73723521240a48a9bae99349d094a1fb82563535aabde82ec,6b5219f487b5b3ac57679a6a4387bc1d5d3a75f9,176,native_NHD_then_page_head_token_dim_permute,82f9e00dd9c169444330b20b411fdeeade867cd0d7fc3bfb55371c5c1a8d00fa,9.1.0,"[11247, 11210, 11173, 11136, 11099, 11062, 11025, 11245, 11208, 11171, 11134, 11097, 11060, 11023, 11243, 11206]","[4, 4, 4, 4, 4, 4, 4, 4, 4, 4, 4, 4, 4, 4, 4, 4]",0,swa_ragged_prefill_b16_m64_kv11264_ragged_compact_tp4,True,npu:5,5,Ascend950PR_957b,,bfloat16,False,256,_swa_paged_prefill_aggregation_sink_kernel,11264,ragged,64,4,11023,28,1,6,56,64,msprof/baseline/_swa_paged_prefill_aggregation_sink_kernel.log.gz,baseline,3.11.10,64,16,msprof_primary_kernel,"[11247, 11210, 11173, 11136, 11099, 11062, 11025, 11245, 11208, 11171, 11134, 11097, 11060, 11023, 11243, 11206]","[4, 4, 4, 4, 4, 4, 4, 4, 4, 4, 4, 4, 4, 4, 4, 4]",3,16,1,20260829,55506d3552e30139761587656f00c212eaa67a91a0b2d655dd2ba630722884cd,float32,6861,0.09119556747428784,MEASURED,511,compact,166.747009,165.755666,164.956985,165.563004,msprof_op_task_duration_acceptance,ragged_prefill,2.10.0.post4.dev20260715,2.10.0+cpu,4,3.2.0,6b5219f487b5b3ac57679a6a4387bc1d5d3a75f9
swa,c47f9bdcfb879eb73723521240a48a9bae99349d094a1fb82563535aabde82ec,6b5219f487b5b3ac57679a6a4387bc1d5d3a75f9,176,native_NHD_then_page_head_token_dim_permute,82f9e00dd9c169444330b20b411fdeeade867cd0d7fc3bfb55371c5c1a8d00fa,9.1.0,"[11247, 11210, 11173, 11136, 11099, 11062, 11025, 11245, 11208, 11171, 11134, 11097, 11060, 11023, 11243, 11206]","[16, 17, 16, 16, 16, 16, 16, 16, 16, 16, 16, 16, 16, 16, 16, 16]",0,swa_ragged_prefill_b16_m257_kv11264_ragged_compact_tp4,True,npu:5,5,Ascend950PR_957b,,bfloat16,False,256,_swa_paged_prefill_aggregation_sink_kernel,11264,ragged,257,17,11023,28,1,6,56,64,msprof/baseline/_swa_paged_prefill_aggregation_sink_kernel.log.gz,baseline,3.11.10,257,16,msprof_primary_kernel,"[11247, 11210, 11173, 11136, 11099, 11062, 11025, 11245, 11208, 11171, 11134, 11097, 11060, 11023, 11243, 11206]","[16, 17, 16, 16, 16, 16, 16, 16, 16, 16, 16, 16, 16, 16, 16, 16]",3,16,1,20260829,55506d3552e30139761587656f00c212eaa67a91a0b2d655dd2ba630722884cd,float32,6861,0.09119556747428784,MEASURED,511,compact,65.421997,65.25066633333334,64.959,65.371002,msprof_op_task_duration_acceptance,ragged_prefill,2.10.0.post4.dev20260715,2.10.0+cpu,4,3.2.0,6b5219f487b5b3ac57679a6a4387bc1d5d3a75f9
swa,c47f9bdcfb879eb73723521240a48a9bae99349d094a1fb82563535aabde82ec,6b5219f487b5b3ac57679a6a4387bc1d5d3a75f9,264,native_NHD_then_page_head_token_dim_permute,82f9e00dd9c169444330b20b411fdeeade867cd0d7fc3bfb55371c5c1a8d00fa,9.1.0,"[16879, 16842, 16805, 16768, 16731, 16694, 16657, 16877, 16840, 16803, 16766, 16729, 16692, 16655, 16875, 16838]","[4, 4, 4, 4, 4, 4, 4, 4, 4, 4, 4, 4, 4, 4, 4, 4]",0,swa_ragged_prefill_b16_m64_kv16896_ragged_compact_tp4,True,npu:5,5,Ascend950PR_957b,,bfloat16,False,256,_swa_paged_prefill_aggregation_sink_kernel,16896,ragged,64,4,16655,28,1,6,56,64,msprof/baseline/_swa_paged_prefill_aggregation_sink_kernel.log.gz,baseline,3.11.10,64,16,msprof_primary_kernel,"[16879, 16842, 16805, 16768, 16731, 16694, 16657, 16877, 16840, 16803, 16766, 16729, 16692, 16655, 16875, 16838]","[4, 4, 4, 4, 4, 4, 4, 4, 4, 4, 4, 4, 4, 4, 4, 4]",3,16,1,20260829,55506d3552e30139761587656f00c212eaa67a91a0b2d655dd2ba630722884cd,float32,6861,0.09119556747428784,MEASURED,511,compact,166.10701,165.79834,165.606003,165.682007,msprof_op_task_duration_acceptance,ragged_prefill,2.10.0.post4.dev20260715,2.10.0+cpu,4,3.2.0,6b5219f487b5b3ac57679a6a4387bc1d5d3a75f9
swa,c47f9bdcfb879eb73723521240a48a9bae99349d094a1fb82563535aabde82ec,6b5219f487b5b3ac57679a6a4387bc1d5d3a75f9,264,native_NHD_then_page_head_token_dim_permute,82f9e00dd9c169444330b20b411fdeeade867cd0d7fc3bfb55371c5c1a8d00fa,9.1.0,"[16879, 16842, 16805, 16768, 16731, 16694, 16657, 16877, 16840, 16803, 16766, 16729, 16692, 16655, 16875, 16838]","[16, 17, 16, 16, 16, 16, 16, 16, 16, 16, 16, 16, 16, 16, 16, 16]",0,swa_ragged_prefill_b16_m257_kv16896_ragged_compact_tp4,True,npu:5,5,Ascend950PR_957b,,bfloat16,False,256,_swa_paged_prefill_aggregation_sink_kernel,16896,ragged,257,17,16655,28,1,6,56,64,msprof/baseline/_swa_paged_prefill_aggregation_sink_kernel.log.gz,baseline,3.11.10,257,16,msprof_primary_kernel,"[16879, 16842, 16805, 16768, 16731, 16694, 16657, 16877, 16840, 16803, 16766, 16729, 16692, 16655, 16875, 16838]","[16, 17, 16, 16, 16, 16, 16, 16, 16, 16, 16, 16, 16, 16, 16, 16]",3,16,1,20260829,55506d3552e30139761587656f00c212eaa67a91a0b2d655dd2ba630722884cd,float32,6861,0.09119556747428784,MEASURED,511,compact,65.681999,65.59633366666667,65.522003,65.584999,msprof_op_task_duration_acceptance,ragged_prefill,2.10.0.post4.dev20260715,2.10.0+cpu,4,3.2.0,6b5219f487b5b3ac57679a6a4387bc1d5d3a75f9
swa,c47f9bdcfb879eb73723521240a48a9bae99349d094a1fb82563535aabde82ec,6b5219f487b5b3ac57679a6a4387bc1d5d3a75f9,416,native_NHD_then_page_head_token_dim_permute,82f9e00dd9c169444330b20b411fdeeade867cd0d7fc3bfb55371c5c1a8d00fa,9.1.0,"[26607, 26570, 26533, 26496, 26459, 26422, 26385, 26605, 26568, 26531, 26494, 26457, 26420, 26383, 26603, 26566]","[4, 4, 4, 4, 4, 4, 4, 4, 4, 4, 4, 4, 4, 4, 4, 4]",0,swa_ragged_prefill_b16_m64_kv26624_ragged_compact_tp4,True,npu:5,5,Ascend950PR_957b,,bfloat16,False,256,_swa_paged_prefill_aggregation_sink_kernel,26624,ragged,64,4,26383,28,1,6,56,64,msprof/baseline/_swa_paged_prefill_aggregation_sink_kernel.log.gz,baseline,3.11.10,64,16,msprof_primary_kernel,"[26607, 26570, 26533, 26496, 26459, 26422, 26385, 26605, 26568, 26531, 26494, 26457, 26420, 26383, 26603, 26566]","[4, 4, 4, 4, 4, 4, 4, 4, 4, 4, 4, 4, 4, 4, 4, 4]",3,16,1,20260829,55506d3552e30139761587656f00c212eaa67a91a0b2d655dd2ba630722884cd,float32,6861,0.09119556747428784,MEASURED,511,compact,168.255997,166.39500433333333,165.431015,165.498001,msprof_op_task_duration_acceptance,ragged_prefill,2.10.0.post4.dev20260715,2.10.0+cpu,4,3.2.0,6b5219f487b5b3ac57679a6a4387bc1d5d3a75f9
swa,c47f9bdcfb879eb73723521240a48a9bae99349d094a1fb82563535aabde82ec,6b5219f487b5b3ac57679a6a4387bc1d5d3a75f9,416,native_NHD_then_page_head_token_dim_permute,82f9e00dd9c169444330b20b411fdeeade867cd0d7fc3bfb55371c5c1a8d00fa,9.1.0,"[26607, 26570, 26533, 26496, 26459, 26422, 26385, 26605, 26568, 26531, 26494, 26457, 26420, 26383, 26603, 26566]","[16, 17, 16, 16, 16, 16, 16, 16, 16, 16, 16, 16, 16, 16, 16, 16]",0,swa_ragged_prefill_b16_m257_kv26624_ragged_compact_tp4,True,npu:5,5,Ascend950PR_957b,,bfloat16,False,256,_swa_paged_prefill_aggregation_sink_kernel,26624,ragged,257,17,26383,28,1,6,56,64,msprof/baseline/_swa_paged_prefill_aggregation_sink_kernel.log.gz,baseline,3.11.10,257,16,msprof_primary_kernel,"[26607, 26570, 26533, 26496, 26459, 26422, 26385, 26605, 26568, 26531, 26494, 26457, 26420, 26383, 26603, 26566]","[16, 17, 16, 16, 16, 16, 16, 16, 16, 16, 16, 16, 16, 16, 16, 16]",3,16,1,20260829,55506d3552e30139761587656f00c212eaa67a91a0b2d655dd2ba630722884cd,float32,6861,0.09119556747428784,MEASURED,511,compact,66.061996,65.70633199999999,65.259003,65.797997,msprof_op_task_duration_acceptance,ragged_prefill,2.10.0.post4.dev20260715,2.10.0+cpu,4,3.2.0,6b5219f487b5b3ac57679a6a4387bc1d5d3a75f9
full,c47f9bdcfb879eb73723521240a48a9bae99349d094a1fb82563535aabde82ec,6b5219f487b5b3ac57679a6a4387bc1d5d3a75f9,64,native_NHD_then_page_head_token_dim_permute,82f9e00dd9c169444330b20b411fdeeade867cd0d7fc3bfb55371c5c1a8d00fa,9.1.0,[4096],[2],0,full_verify_d2_m2_kv4096_uniform_compact_tp4,True,npu:5,5,Ascend950PR_957b,2,bfloat16,False,256,paged_prefill_small_q_grouped_kernel,4096,uniform,2,2,4096,28,1,6,56,64,msprof/candidate/paged_prefill_small_q_grouped_kernel.log.gz,candidate,3.11.10,2,1,msprof_primary_kernel,[4096],[2],3,1,1,20260829,01790a8822d05f1567800eede766c1833c2bfc129382eaddc1f7a0692343ca1e,float32,3682,0.09119556747428784,MEASURED,,compact,36.348999,36.155333000000006,35.959999,36.157001,msprof_op_task_duration_acceptance,verify_d2,2.10.0.post4.dev20260715,2.10.0+cpu,4,3.2.0,6b5219f487b5b3ac57679a6a4387bc1d5d3a75f9
full,c47f9bdcfb879eb73723521240a48a9bae99349d094a1fb82563535aabde82ec,6b5219f487b5b3ac57679a6a4387bc1d5d3a75f9,64,native_NHD_then_page_head_token_dim_permute,82f9e00dd9c169444330b20b411fdeeade867cd0d7fc3bfb55371c5c1a8d00fa,9.1.0,"[4096, 4096, 4096, 4096, 4096, 4096, 4096, 4096, 4096, 4096, 4096, 4096, 4096, 4096, 4096, 4096, 4096, 4096, 4096, 4096, 4096, 4096, 4096, 4096, 4096, 4096, 4096, 4096, 4096, 4096, 4096, 4096, 4096, 4096, 4096, 4096, 4096, 4096, 4096, 4096, 4096, 4096, 4096, 4096, 4096, 4096, 4096, 4096]","[2, 2, 2, 2, 2, 2, 2, 2, 2, 2, 2, 2, 2, 2, 2, 2, 2, 2, 2, 2, 2, 2, 2, 2, 2, 2, 2, 2, 2, 2, 2, 2, 2, 2, 2, 2, 2, 2, 2, 2, 2, 2, 2, 2, 2, 2, 2, 2]",0,full_verify_d2_m96_kv4096_uniform_compact_tp4,True,npu:5,5,Ascend950PR_957b,2,bfloat16,False,256,paged_prefill_small_q_grouped_kernel,4096,uniform,96,2,4096,28,1,6,56,64,msprof/candidate/paged_prefill_small_q_grouped_kernel.log.gz,candidate,3.11.10,96,48,msprof_primary_kernel,"[4096, 4096, 4096, 4096, 4096, 4096, 4096, 4096, 4096, 4096, 4096, 4096, 4096, 4096, 4096, 4096, 4096, 4096, 4096, 4096, 4096, 4096, 4096, 4096, 4096, 4096, 4096, 4096, 4096, 4096, 4096, 4096, 4096, 4096, 4096, 4096, 4096, 4096, 4096, 4096, 4096, 4096, 4096, 4096, 4096, 4096, 4096, 4096]","[2, 2, 2, 2, 2, 2, 2, 2, 2, 2, 2, 2, 2, 2, 2, 2, 2, 2, 2, 2, 2, 2, 2, 2, 2, 2, 2, 2, 2, 2, 2, 2, 2, 2, 2, 2, 2, 2, 2, 2, 2, 2, 2, 2, 2, 2, 2, 2]",3,48,1,20260829,01790a8822d05f1567800eede766c1833c2bfc129382eaddc1f7a0692343ca1e,float32,3682,0.09119556747428784,MEASURED,,compact,167.440994,166.44999666666666,165.888992,166.020004,msprof_op_task_duration_acceptance,verify_d2,2.10.0.post4.dev20260715,2.10.0+cpu,4,3.2.0,6b5219f487b5b3ac57679a6a4387bc1d5d3a75f9
full,c47f9bdcfb879eb73723521240a48a9bae99349d094a1fb82563535aabde82ec,6b5219f487b5b3ac57679a6a4387bc1d5d3a75f9,64,native_NHD_then_page_head_token_dim_permute,82f9e00dd9c169444330b20b411fdeeade867cd0d7fc3bfb55371c5c1a8d00fa,9.1.0,"[4096, 4096, 4096, 4096, 4096, 4096, 4096, 4096, 4096, 4096, 4096, 4096, 4096, 4096, 4096, 4096, 4096, 4096, 4096, 4096, 4096, 4096, 4096, 4096, 4096, 4096, 4096, 4096, 4096, 4096, 4096, 4096, 4096, 4096, 4096, 4096, 4096, 4096, 4096, 4096, 4096, 4096, 4096, 4096, 4096, 4096, 4096, 4096]","[3, 3, 3, 3, 3, 3, 3, 3, 3, 3, 3, 3, 3, 3, 3, 3, 3, 3, 3, 3, 3, 3, 3, 3, 3, 3, 3, 3, 3, 3, 3, 3, 3, 3, 3, 3, 3, 3, 3, 3, 3, 3, 3, 3, 3, 3, 3, 3]",0,full_verify_d3_m144_kv4096_uniform_compact_tp4,True,npu:5,5,Ascend950PR_957b,3,bfloat16,False,256,paged_prefill_small_q_grouped_kernel,4096,uniform,144,3,4096,28,1,6,56,64,msprof/candidate/paged_prefill_small_q_grouped_kernel.log.gz,candidate,3.11.10,144,48,msprof_primary_kernel,"[4096, 4096, 4096, 4096, 4096, 4096, 4096, 4096, 4096, 4096, 4096, 4096, 4096, 4096, 4096, 4096, 4096, 4096, 4096, 4096, 4096, 4096, 4096, 4096, 4096, 4096, 4096, 4096, 4096, 4096, 4096, 4096, 4096, 4096, 4096, 4096, 4096, 4096, 4096, 4096, 4096, 4096, 4096, 4096, 4096, 4096, 4096, 4096]","[3, 3, 3, 3, 3, 3, 3, 3, 3, 3, 3, 3, 3, 3, 3, 3, 3, 3, 3, 3, 3, 3, 3, 3, 3, 3, 3, 3, 3, 3, 3, 3, 3, 3, 3, 3, 3, 3, 3, 3, 3, 3, 3, 3, 3, 3, 3, 3]",3,48,1,20260829,01790a8822d05f1567800eede766c1833c2bfc129382eaddc1f7a0692343ca1e,float32,3682,0.09119556747428784,MEASURED,,compact,174.686005,174.35300199999998,173.988998,174.384003,msprof_op_task_duration_acceptance,verify_d3,2.10.0.post4.dev20260715,2.10.0+cpu,4,3.2.0,6b5219f487b5b3ac57679a6a4387bc1d5d3a75f9
full,c47f9bdcfb879eb73723521240a48a9bae99349d094a1fb82563535aabde82ec,6b5219f487b5b3ac57679a6a4387bc1d5d3a75f9,64,native_NHD_then_page_head_token_dim_permute,82f9e00dd9c169444330b20b411fdeeade867cd0d7fc3bfb55371c5c1a8d00fa,9.1.0,"[4096, 4096, 4096, 4096, 4096, 4096, 4096, 4096, 4096, 4096, 4096, 4096, 4096, 4096, 4096, 4096, 4096, 4096, 4096, 4096, 4096, 4096, 4096, 4096, 4096, 4096, 4096, 4096, 4096, 4096, 4096, 4096, 4096, 4096, 4096, 4096, 4096, 4096, 4096, 4096, 4096, 4096, 4096, 4096, 4096, 4096, 4096, 4096, 4096, 4096, 4096, 4096, 4096, 4096, 4096, 4096]","[2, 2, 2, 2, 2, 2, 2, 2, 2, 2, 2, 2, 2, 2, 2, 2, 2, 2, 2, 2, 2, 2, 2, 2, 2, 2, 2, 2, 2, 2, 2, 2, 2, 2, 2, 2, 2, 2, 2, 2, 2, 2, 2, 2, 2, 2, 2, 2, 2, 2, 2, 2, 2, 2, 2, 2]",0,full_verify_d2_m112_kv4096_uniform_compact_tp4,True,npu:5,5,Ascend950PR_957b,2,bfloat16,False,256,paged_prefill_small_q_grouped_kernel,4096,uniform,112,2,4096,28,1,6,56,64,msprof/candidate/paged_prefill_small_q_grouped_kernel.log.gz,candidate,3.11.10,112,56,msprof_primary_kernel,"[4096, 4096, 4096, 4096, 4096, 4096, 4096, 4096, 4096, 4096, 4096, 4096, 4096, 4096, 4096, 4096, 4096, 4096, 4096, 4096, 4096, 4096, 4096, 4096, 4096, 4096, 4096, 4096, 4096, 4096, 4096, 4096, 4096, 4096, 4096, 4096, 4096, 4096, 4096, 4096, 4096, 4096, 4096, 4096, 4096, 4096, 4096, 4096, 4096, 4096, 4096, 4096, 4096, 4096, 4096, 4096]","[2, 2, 2, 2, 2, 2, 2, 2, 2, 2, 2, 2, 2, 2, 2, 2, 2, 2, 2, 2, 2, 2, 2, 2, 2, 2, 2, 2, 2, 2, 2, 2, 2, 2, 2, 2, 2, 2, 2, 2, 2, 2, 2, 2, 2, 2, 2, 2, 2, 2, 2, 2, 2, 2, 2, 2]",3,56,1,20260829,01790a8822d05f1567800eede766c1833c2bfc129382eaddc1f7a0692343ca1e,float32,3682,0.09119556747428784,MEASURED,,compact,190.084991,189.75432833333335,189.251999,189.925995,msprof_op_task_duration_acceptance,verify_d2,2.10.0.post4.dev20260715,2.10.0+cpu,4,3.2.0,6b5219f487b5b3ac57679a6a4387bc1d5d3a75f9
full,c47f9bdcfb879eb73723521240a48a9bae99349d094a1fb82563535aabde82ec,6b5219f487b5b3ac57679a6a4387bc1d5d3a75f9,64,native_NHD_then_page_head_token_dim_permute,82f9e00dd9c169444330b20b411fdeeade867cd0d7fc3bfb55371c5c1a8d00fa,9.1.0,"[4096, 4096, 4096, 4096, 4096, 4096, 4096, 4096, 4096, 4096, 4096, 4096, 4096, 4096, 4096, 4096, 4096, 4096, 4096, 4096, 4096, 4096, 4096, 4096, 4096, 4096, 4096, 4096, 4096, 4096, 4096, 4096, 4096, 4096, 4096, 4096, 4096, 4096, 4096, 4096, 4096, 4096, 4096, 4096, 4096, 4096, 4096, 4096, 4096, 4096, 4096, 4096, 4096, 4096, 4096, 4096]","[3, 3, 3, 3, 3, 3, 3, 3, 3, 3, 3, 3, 3, 3, 3, 3, 3, 3, 3, 3, 3, 3, 3, 3, 3, 3, 3, 3, 3, 3, 3, 3, 3, 3, 3, 3, 3, 3, 3, 3, 3, 3, 3, 3, 3, 3, 3, 3, 3, 3, 3, 3, 3, 3, 3, 3]",0,full_verify_d3_m168_kv4096_uniform_compact_tp4,True,npu:5,5,Ascend950PR_957b,3,bfloat16,False,256,paged_prefill_small_q_grouped_kernel,4096,uniform,168,3,4096,28,1,6,56,64,msprof/candidate/paged_prefill_small_q_grouped_kernel.log.gz,candidate,3.11.10,168,56,msprof_primary_kernel,"[4096, 4096, 4096, 4096, 4096, 4096, 4096, 4096, 4096, 4096, 4096, 4096, 4096, 4096, 4096, 4096, 4096, 4096, 4096, 4096, 4096, 4096, 4096, 4096, 4096, 4096, 4096, 4096, 4096, 4096, 4096, 4096, 4096, 4096, 4096, 4096, 4096, 4096, 4096, 4096, 4096, 4096, 4096, 4096, 4096, 4096, 4096, 4096, 4096, 4096, 4096, 4096, 4096, 4096, 4096, 4096]","[3, 3, 3, 3, 3, 3, 3, 3, 3, 3, 3, 3, 3, 3, 3, 3, 3, 3, 3, 3, 3, 3, 3, 3, 3, 3, 3, 3, 3, 3, 3, 3, 3, 3, 3, 3, 3, 3, 3, 3, 3, 3, 3, 3, 3, 3, 3, 3, 3, 3, 3, 3, 3, 3, 3, 3]",3,56,1,20260829,01790a8822d05f1567800eede766c1833c2bfc129382eaddc1f7a0692343ca1e,float32,3682,0.09119556747428784,MEASURED,,compact,198.378006,197.6013386666667,196.186005,198.240005,msprof_op_task_duration_acceptance,verify_d3,2.10.0.post4.dev20260715,2.10.0+cpu,4,3.2.0,6b5219f487b5b3ac57679a6a4387bc1d5d3a75f9
full,c47f9bdcfb879eb73723521240a48a9bae99349d094a1fb82563535aabde82ec,6b5219f487b5b3ac57679a6a4387bc1d5d3a75f9,176,native_NHD_then_page_head_token_dim_permute,82f9e00dd9c169444330b20b411fdeeade867cd0d7fc3bfb55371c5c1a8d00fa,9.1.0,"[11247, 11210, 11173, 11136, 11099, 11062, 11025, 11245, 11208, 11171, 11134, 11097, 11060, 11023, 11243, 11206, 11169, 11132, 11095, 11058, 11021, 11241, 11204, 11167, 11130, 11093, 11056, 11019, 11239, 11202, 11165, 11128, 11091, 11054, 11017, 11237, 11200, 11163, 11126, 11089, 11052, 11015, 11235, 11198, 11161, 11124, 11087, 11050, 11013, 11233, 11196, 11159, 11122, 11085, 11048, 11011]","[2, 2, 2, 2, 2, 2, 2, 2, 2, 2, 2, 2, 2, 2, 2, 2, 2, 2, 2, 2, 2, 2, 2, 2, 2, 2, 2, 2, 2, 2, 2, 2, 2, 2, 2, 2, 2, 2, 2, 2, 2, 2, 2, 2, 2, 2, 2, 2, 2, 2, 2, 2, 2, 2, 2, 2]",0,full_verify_d2_m112_kv11264_ragged_compact_tp4,True,npu:5,5,Ascend950PR_957b,2,bfloat16,False,256,paged_prefill_small_q_grouped_kernel,11264,ragged,112,2,11011,28,1,6,56,64,msprof/candidate/paged_prefill_small_q_grouped_kernel.log.gz,candidate,3.11.10,112,56,msprof_primary_kernel,"[11247, 11210, 11173, 11136, 11099, 11062, 11025, 11245, 11208, 11171, 11134, 11097, 11060, 11023, 11243, 11206, 11169, 11132, 11095, 11058, 11021, 11241, 11204, 11167, 11130, 11093, 11056, 11019, 11239, 11202, 11165, 11128, 11091, 11054, 11017, 11237, 11200, 11163, 11126, 11089, 11052, 11015, 11235, 11198, 11161, 11124, 11087, 11050, 11013, 11233, 11196, 11159, 11122, 11085, 11048, 11011]","[2, 2, 2, 2, 2, 2, 2, 2, 2, 2, 2, 2, 2, 2, 2, 2, 2, 2, 2, 2, 2, 2, 2, 2, 2, 2, 2, 2, 2, 2, 2, 2, 2, 2, 2, 2, 2, 2, 2, 2, 2, 2, 2, 2, 2, 2, 2, 2, 2, 2, 2, 2, 2, 2, 2, 2]",3,56,1,20260829,01790a8822d05f1567800eede766c1833c2bfc129382eaddc1f7a0692343ca1e,float32,3682,0.09119556747428784,MEASURED,,compact,490.031006,489.4083353333333,488.755005,489.438995,msprof_op_task_duration_acceptance,verify_d2,2.10.0.post4.dev20260715,2.10.0+cpu,4,3.2.0,6b5219f487b5b3ac57679a6a4387bc1d5d3a75f9
full,c47f9bdcfb879eb73723521240a48a9bae99349d094a1fb82563535aabde82ec,6b5219f487b5b3ac57679a6a4387bc1d5d3a75f9,264,native_NHD_then_page_head_token_dim_permute,82f9e00dd9c169444330b20b411fdeeade867cd0d7fc3bfb55371c5c1a8d00fa,9.1.0,"[16879, 16842, 16805, 16768, 16731, 16694, 16657, 16877, 16840, 16803, 16766, 16729, 16692, 16655, 16875, 16838, 16801, 16764, 16727, 16690, 16653, 16873, 16836, 16799, 16762, 16725, 16688, 16651, 16871, 16834, 16797, 16760, 16723, 16686, 16649, 16869, 16832, 16795, 16758, 16721, 16684, 16647, 16867, 16830, 16793, 16756, 16719, 16682, 16645, 16865, 16828, 16791, 16754, 16717, 16680, 16643]","[2, 2, 2, 2, 2, 2, 2, 2, 2, 2, 2, 2, 2, 2, 2, 2, 2, 2, 2, 2, 2, 2, 2, 2, 2, 2, 2, 2, 2, 2, 2, 2, 2, 2, 2, 2, 2, 2, 2, 2, 2, 2, 2, 2, 2, 2, 2, 2, 2, 2, 2, 2, 2, 2, 2, 2]",0,full_verify_d2_m112_kv16896_ragged_compact_tp4,True,npu:5,5,Ascend950PR_957b,2,bfloat16,False,256,paged_prefill_small_q_grouped_kernel,16896,ragged,112,2,16643,28,1,6,56,64,msprof/candidate/paged_prefill_small_q_grouped_kernel.log.gz,candidate,3.11.10,112,56,msprof_primary_kernel,"[16879, 16842, 16805, 16768, 16731, 16694, 16657, 16877, 16840, 16803, 16766, 16729, 16692, 16655, 16875, 16838, 16801, 16764, 16727, 16690, 16653, 16873, 16836, 16799, 16762, 16725, 16688, 16651, 16871, 16834, 16797, 16760, 16723, 16686, 16649, 16869, 16832, 16795, 16758, 16721, 16684, 16647, 16867, 16830, 16793, 16756, 16719, 16682, 16645, 16865, 16828, 16791, 16754, 16717, 16680, 16643]","[2, 2, 2, 2, 2, 2, 2, 2, 2, 2, 2, 2, 2, 2, 2, 2, 2, 2, 2, 2, 2, 2, 2, 2, 2, 2, 2, 2, 2, 2, 2, 2, 2, 2, 2, 2, 2, 2, 2, 2, 2, 2, 2, 2, 2, 2, 2, 2, 2, 2, 2, 2, 2, 2, 2, 2]",3,56,1,20260829,01790a8822d05f1567800eede766c1833c2bfc129382eaddc1f7a0692343ca1e,float32,3682,0.09119556747428784,MEASURED,,compact,720.898987,720.6803386666667,720.302002,720.840027,msprof_op_task_duration_acceptance,verify_d2,2.10.0.post4.dev20260715,2.10.0+cpu,4,3.2.0,6b5219f487b5b3ac57679a6a4387bc1d5d3a75f9
full,c47f9bdcfb879eb73723521240a48a9bae99349d094a1fb82563535aabde82ec,6b5219f487b5b3ac57679a6a4387bc1d5d3a75f9,416,native_NHD_then_page_head_token_dim_permute,82f9e00dd9c169444330b20b411fdeeade867cd0d7fc3bfb55371c5c1a8d00fa,9.1.0,"[26607, 26570, 26533, 26496, 26459, 26422, 26385, 26605, 26568, 26531, 26494, 26457, 26420, 26383, 26603, 26566, 26529, 26492, 26455, 26418, 26381, 26601, 26564, 26527, 26490, 26453, 26416, 26379, 26599, 26562, 26525, 26488, 26451, 26414, 26377, 26597, 26560, 26523, 26486, 26449, 26412, 26375, 26595, 26558, 26521, 26484, 26447, 26410, 26373, 26593, 26556, 26519, 26482, 26445, 26408, 26371]","[2, 2, 2, 2, 2, 2, 2, 2, 2, 2, 2, 2, 2, 2, 2, 2, 2, 2, 2, 2, 2, 2, 2, 2, 2, 2, 2, 2, 2, 2, 2, 2, 2, 2, 2, 2, 2, 2, 2, 2, 2, 2, 2, 2, 2, 2, 2, 2, 2, 2, 2, 2, 2, 2, 2, 2]",0,full_verify_d2_m112_kv26624_ragged_compact_tp4,True,npu:5,5,Ascend950PR_957b,2,bfloat16,False,256,paged_prefill_small_q_grouped_kernel,26624,ragged,112,2,26371,28,1,6,56,64,msprof/candidate/paged_prefill_small_q_grouped_kernel.log.gz,candidate,3.11.10,112,56,msprof_primary_kernel,"[26607, 26570, 26533, 26496, 26459, 26422, 26385, 26605, 26568, 26531, 26494, 26457, 26420, 26383, 26603, 26566, 26529, 26492, 26455, 26418, 26381, 26601, 26564, 26527, 26490, 26453, 26416, 26379, 26599, 26562, 26525, 26488, 26451, 26414, 26377, 26597, 26560, 26523, 26486, 26449, 26412, 26375, 26595, 26558, 26521, 26484, 26447, 26410, 26373, 26593, 26556, 26519, 26482, 26445, 26408, 26371]","[2, 2, 2, 2, 2, 2, 2, 2, 2, 2, 2, 2, 2, 2, 2, 2, 2, 2, 2, 2, 2, 2, 2, 2, 2, 2, 2, 2, 2, 2, 2, 2, 2, 2, 2, 2, 2, 2, 2, 2, 2, 2, 2, 2, 2, 2, 2, 2, 2, 2, 2, 2, 2, 2, 2, 2]",3,56,1,20260829,01790a8822d05f1567800eede766c1833c2bfc129382eaddc1f7a0692343ca1e,float32,3682,0.09119556747428784,MEASURED,,compact,1127.13208,1124.5609946666666,1123.161011,1123.389893,msprof_op_task_duration_acceptance,verify_d2,2.10.0.post4.dev20260715,2.10.0+cpu,4,3.2.0,6b5219f487b5b3ac57679a6a4387bc1d5d3a75f9
full,c47f9bdcfb879eb73723521240a48a9bae99349d094a1fb82563535aabde82ec,6b5219f487b5b3ac57679a6a4387bc1d5d3a75f9,176,native_NHD_then_page_head_token_dim_permute,82f9e00dd9c169444330b20b411fdeeade867cd0d7fc3bfb55371c5c1a8d00fa,9.1.0,"[11247, 11210, 11173, 11136, 11099, 11062, 11025, 11245, 11208, 11171, 11134, 11097, 11060, 11023, 11243, 11206, 11169, 11132, 11095, 11058, 11021, 11241, 11204, 11167, 11130, 11093, 11056, 11019, 11239, 11202, 11165, 11128, 11091, 11054, 11017, 11237, 11200, 11163, 11126, 11089, 11052, 11015, 11235, 11198, 11161, 11124, 11087, 11050]","[2, 2, 2, 2, 2, 2, 2, 2, 2, 2, 2, 2, 2, 2, 2, 2, 2, 2, 2, 2, 2, 2, 2, 2, 2, 2, 2, 2, 2, 2, 2, 2, 2, 2, 2, 2, 2, 2, 2, 2, 2, 2, 2, 2, 2, 2, 2, 2]",0,full_verify_d2_m96_kv11264_ragged_compact_tp4,True,npu:5,5,Ascend950PR_957b,2,bfloat16,False,256,paged_prefill_small_q_grouped_kernel,11264,ragged,96,2,11015,28,1,6,56,64,msprof/candidate/paged_prefill_small_q_grouped_kernel.log.gz,candidate,3.11.10,96,48,msprof_primary_kernel,"[11247, 11210, 11173, 11136, 11099, 11062, 11025, 11245, 11208, 11171, 11134, 11097, 11060, 11023, 11243, 11206, 11169, 11132, 11095, 11058, 11021, 11241, 11204, 11167, 11130, 11093, 11056, 11019, 11239, 11202, 11165, 11128, 11091, 11054, 11017, 11237, 11200, 11163, 11126, 11089, 11052, 11015, 11235, 11198, 11161, 11124, 11087, 11050]","[2, 2, 2, 2, 2, 2, 2, 2, 2, 2, 2, 2, 2, 2, 2, 2, 2, 2, 2, 2, 2, 2, 2, 2, 2, 2, 2, 2, 2, 2, 2, 2, 2, 2, 2, 2, 2, 2, 2, 2, 2, 2, 2, 2, 2, 2, 2, 2]",3,48,1,20260829,01790a8822d05f1567800eede766c1833c2bfc129382eaddc1f7a0692343ca1e,float32,3682,0.09119556747428784,MEASURED,,compact,424.590027,424.136678,423.795013,424.024994,msprof_op_task_duration_acceptance,verify_d2,2.10.0.post4.dev20260715,2.10.0+cpu,4,3.2.0,6b5219f487b5b3ac57679a6a4387bc1d5d3a75f9
full,c47f9bdcfb879eb73723521240a48a9bae99349d094a1fb82563535aabde82ec,6b5219f487b5b3ac57679a6a4387bc1d5d3a75f9,264,native_NHD_then_page_head_token_dim_permute,82f9e00dd9c169444330b20b411fdeeade867cd0d7fc3bfb55371c5c1a8d00fa,9.1.0,"[16879, 16842, 16805, 16768, 16731, 16694, 16657, 16877, 16840, 16803, 16766, 16729, 16692, 16655, 16875, 16838, 16801, 16764, 16727, 16690, 16653, 16873, 16836, 16799, 16762, 16725, 16688, 16651, 16871, 16834, 16797, 16760, 16723, 16686, 16649, 16869, 16832, 16795, 16758, 16721, 16684, 16647, 16867, 16830, 16793, 16756, 16719, 16682]","[2, 2, 2, 2, 2, 2, 2, 2, 2, 2, 2, 2, 2, 2, 2, 2, 2, 2, 2, 2, 2, 2, 2, 2, 2, 2, 2, 2, 2, 2, 2, 2, 2, 2, 2, 2, 2, 2, 2, 2, 2, 2, 2, 2, 2, 2, 2, 2]",0,full_verify_d2_m96_kv16896_ragged_compact_tp4,True,npu:5,5,Ascend950PR_957b,2,bfloat16,False,256,paged_prefill_small_q_grouped_kernel,16896,ragged,96,2,16647,28,1,6,56,64,msprof/candidate/paged_prefill_small_q_grouped_kernel.log.gz,candidate,3.11.10,96,48,msprof_primary_kernel,"[16879, 16842, 16805, 16768, 16731, 16694, 16657, 16877, 16840, 16803, 16766, 16729, 16692, 16655, 16875, 16838, 16801, 16764, 16727, 16690, 16653, 16873, 16836, 16799, 16762, 16725, 16688, 16651, 16871, 16834, 16797, 16760, 16723, 16686, 16649, 16869, 16832, 16795, 16758, 16721, 16684, 16647, 16867, 16830, 16793, 16756, 16719, 16682]","[2, 2, 2, 2, 2, 2, 2, 2, 2, 2, 2, 2, 2, 2, 2, 2, 2, 2, 2, 2, 2, 2, 2, 2, 2, 2, 2, 2, 2, 2, 2, 2, 2, 2, 2, 2, 2, 2, 2, 2, 2, 2, 2, 2, 2, 2, 2, 2]",3,48,1,20260829,01790a8822d05f1567800eede766c1833c2bfc129382eaddc1f7a0692343ca1e,float32,3682,0.09119556747428784,MEASURED,,compact,631.014954,630.0159913333333,629.163025,629.869995,msprof_op_task_duration_acceptance,verify_d2,2.10.0.post4.dev20260715,2.10.0+cpu,4,3.2.0,6b5219f487b5b3ac57679a6a4387bc1d5d3a75f9
full,c47f9bdcfb879eb73723521240a48a9bae99349d094a1fb82563535aabde82ec,6b5219f487b5b3ac57679a6a4387bc1d5d3a75f9,416,native_NHD_then_page_head_token_dim_permute,82f9e00dd9c169444330b20b411fdeeade867cd0d7fc3bfb55371c5c1a8d00fa,9.1.0,"[26607, 26570, 26533, 26496, 26459, 26422, 26385, 26605, 26568, 26531, 26494, 26457, 26420, 26383, 26603, 26566, 26529, 26492, 26455, 26418, 26381, 26601, 26564, 26527, 26490, 26453, 26416, 26379, 26599, 26562, 26525, 26488, 26451, 26414, 26377, 26597, 26560, 26523, 26486, 26449, 26412, 26375, 26595, 26558, 26521, 26484, 26447, 26410]","[2, 2, 2, 2, 2, 2, 2, 2, 2, 2, 2, 2, 2, 2, 2, 2, 2, 2, 2, 2, 2, 2, 2, 2, 2, 2, 2, 2, 2, 2, 2, 2, 2, 2, 2, 2, 2, 2, 2, 2, 2, 2, 2, 2, 2, 2, 2, 2]",0,full_verify_d2_m96_kv26624_ragged_compact_tp4,True,npu:5,5,Ascend950PR_957b,2,bfloat16,False,256,paged_prefill_small_q_grouped_kernel,26624,ragged,96,2,26375,28,1,6,56,64,msprof/candidate/paged_prefill_small_q_grouped_kernel.log.gz,candidate,3.11.10,96,48,msprof_primary_kernel,"[26607, 26570, 26533, 26496, 26459, 26422, 26385, 26605, 26568, 26531, 26494, 26457, 26420, 26383, 26603, 26566, 26529, 26492, 26455, 26418, 26381, 26601, 26564, 26527, 26490, 26453, 26416, 26379, 26599, 26562, 26525, 26488, 26451, 26414, 26377, 26597, 26560, 26523, 26486, 26449, 26412, 26375, 26595, 26558, 26521, 26484, 26447, 26410]","[2, 2, 2, 2, 2, 2, 2, 2, 2, 2, 2, 2, 2, 2, 2, 2, 2, 2, 2, 2, 2, 2, 2, 2, 2, 2, 2, 2, 2, 2, 2, 2, 2, 2, 2, 2, 2, 2, 2, 2, 2, 2, 2, 2, 2, 2, 2, 2]",3,48,1,20260829,01790a8822d05f1567800eede766c1833c2bfc129382eaddc1f7a0692343ca1e,float32,3682,0.09119556747428784,MEASURED,,compact,981.117004,978.8923336666667,977.310974,978.249023,msprof_op_task_duration_acceptance,verify_d2,2.10.0.post4.dev20260715,2.10.0+cpu,4,3.2.0,6b5219f487b5b3ac57679a6a4387bc1d5d3a75f9
full,c47f9bdcfb879eb73723521240a48a9bae99349d094a1fb82563535aabde82ec,6b5219f487b5b3ac57679a6a4387bc1d5d3a75f9,64,native_NHD_then_page_head_token_dim_permute,82f9e00dd9c169444330b20b411fdeeade867cd0d7fc3bfb55371c5c1a8d00fa,9.1.0,[4096],[1],0,full_dense_m1_kv4096_uniform_compact_tp4,True,npu:5,5,Ascend950PR_957b,,bfloat16,False,256,paged_prefill_small_q_grouped_kernel,4096,uniform,1,1,4096,28,1,6,56,64,msprof/candidate/paged_prefill_small_q_grouped_kernel.log.gz,candidate,3.11.10,1,1,msprof_primary_kernel,[4096],[1],3,1,1,20260829,01790a8822d05f1567800eede766c1833c2bfc129382eaddc1f7a0692343ca1e,float32,3682,0.09119556747428784,MEASURED,,compact,37.091,36.700667,36.366001,36.645,msprof_op_task_duration_acceptance,dense,2.10.0.post4.dev20260715,2.10.0+cpu,4,3.2.0,6b5219f487b5b3ac57679a6a4387bc1d5d3a75f9
full,c47f9bdcfb879eb73723521240a48a9bae99349d094a1fb82563535aabde82ec,6b5219f487b5b3ac57679a6a4387bc1d5d3a75f9,64,native_NHD_then_page_head_token_dim_permute,82f9e00dd9c169444330b20b411fdeeade867cd0d7fc3bfb55371c5c1a8d00fa,9.1.0,[4096],[2],0,full_dense_m2_kv4096_uniform_compact_tp4,True,npu:5,5,Ascend950PR_957b,,bfloat16,False,256,paged_prefill_small_q_grouped_kernel,4096,uniform,2,2,4096,28,1,6,56,64,msprof/candidate/paged_prefill_small_q_grouped_kernel.log.gz,candidate,3.11.10,2,1,msprof_primary_kernel,[4096],[2],3,1,1,20260829,01790a8822d05f1567800eede766c1833c2bfc129382eaddc1f7a0692343ca1e,float32,3682,0.09119556747428784,MEASURED,,compact,37.07,36.786667,36.348,36.942001,msprof_op_task_duration_acceptance,dense,2.10.0.post4.dev20260715,2.10.0+cpu,4,3.2.0,6b5219f487b5b3ac57679a6a4387bc1d5d3a75f9
full,c47f9bdcfb879eb73723521240a48a9bae99349d094a1fb82563535aabde82ec,6b5219f487b5b3ac57679a6a4387bc1d5d3a75f9,64,native_NHD_then_page_head_token_dim_permute,82f9e00dd9c169444330b20b411fdeeade867cd0d7fc3bfb55371c5c1a8d00fa,9.1.0,[4096],[3],0,full_dense_m3_kv4096_uniform_compact_tp4,True,npu:5,5,Ascend950PR_957b,,bfloat16,False,256,paged_prefill_small_q_grouped_kernel,4096,uniform,3,3,4096,28,1,6,56,64,msprof/candidate/paged_prefill_small_q_grouped_kernel.log.gz,candidate,3.11.10,3,1,msprof_primary_kernel,[4096],[3],3,1,1,20260829,01790a8822d05f1567800eede766c1833c2bfc129382eaddc1f7a0692343ca1e,float32,3682,0.09119556747428784,MEASURED,,compact,47.478001,47.299999333333325,47.141998,47.279999,msprof_op_task_duration_acceptance,dense,2.10.0.post4.dev20260715,2.10.0+cpu,4,3.2.0,6b5219f487b5b3ac57679a6a4387bc1d5d3a75f9
full,c47f9bdcfb879eb73723521240a48a9bae99349d094a1fb82563535aabde82ec,6b5219f487b5b3ac57679a6a4387bc1d5d3a75f9,64,native_NHD_then_page_head_token_dim_permute,82f9e00dd9c169444330b20b411fdeeade867cd0d7fc3bfb55371c5c1a8d00fa,9.1.0,[4096],[4],0,full_dense_m4_kv4096_uniform_compact_tp4,True,npu:5,5,Ascend950PR_957b,,bfloat16,False,256,paged_prefill_small_q_grouped_kernel,4096,uniform,4,4,4096,28,1,6,56,64,msprof/candidate/paged_prefill_small_q_grouped_kernel.log.gz,candidate,3.11.10,4,1,msprof_primary_kernel,[4096],[4],3,1,1,20260829,01790a8822d05f1567800eede766c1833c2bfc129382eaddc1f7a0692343ca1e,float32,3682,0.09119556747428784,MEASURED,,compact,47.380001,47.244334,47.174,47.179001,msprof_op_task_duration_acceptance,dense,2.10.0.post4.dev20260715,2.10.0+cpu,4,3.2.0,6b5219f487b5b3ac57679a6a4387bc1d5d3a75f9
full,c47f9bdcfb879eb73723521240a48a9bae99349d094a1fb82563535aabde82ec,6b5219f487b5b3ac57679a6a4387bc1d5d3a75f9,64,native_NHD_then_page_head_token_dim_permute,82f9e00dd9c169444330b20b411fdeeade867cd0d7fc3bfb55371c5c1a8d00fa,9.1.0,"[4079, 4042, 4005, 3968, 3931, 3894, 3857]","[2, 3, 2, 2, 2, 2, 2]",0,full_ragged_prefill_b7_m15_kv4096_ragged_compact_tp4,True,npu:5,5,Ascend950PR_957b,,bfloat16,False,256,paged_prefill_small_q_grouped_kernel,4096,ragged,15,3,3857,28,1,6,56,64,msprof/candidate/paged_prefill_small_q_grouped_kernel.log.gz,candidate,3.11.10,15,7,msprof_primary_kernel,"[4079, 4042, 4005, 3968, 3931, 3894, 3857]","[2, 3, 2, 2, 2, 2, 2]",3,7,1,20260829,01790a8822d05f1567800eede766c1833c2bfc129382eaddc1f7a0692343ca1e,float32,3682,0.09119556747428784,MEASURED,,compact,47.530998,47.41699966666666,47.305,47.415001,msprof_op_task_duration_acceptance,ragged_prefill,2.10.0.post4.dev20260715,2.10.0+cpu,4,3.2.0,6b5219f487b5b3ac57679a6a4387bc1d5d3a75f9
full,c47f9bdcfb879eb73723521240a48a9bae99349d094a1fb82563535aabde82ec,6b5219f487b5b3ac57679a6a4387bc1d5d3a75f9,64,native_NHD_then_page_head_token_dim_permute,82f9e00dd9c169444330b20b411fdeeade867cd0d7fc3bfb55371c5c1a8d00fa,9.1.0,"[4079, 4042, 4005, 3968, 3931, 3894, 3857, 4077, 4040, 4003, 3966, 3929, 3892, 3855, 4075, 4038]","[3, 3, 3, 3, 3, 3, 3, 3, 3, 3, 3, 3, 3, 3, 3, 3]",0,full_ragged_prefill_b16_m48_kv4096_ragged_compact_tp4,True,npu:5,5,Ascend950PR_957b,,bfloat16,False,256,paged_prefill_small_q_grouped_kernel,4096,ragged,48,3,3855,28,1,6,56,64,msprof/candidate/paged_prefill_small_q_grouped_kernel.log.gz,candidate,3.11.10,48,16,msprof_primary_kernel,"[4079, 4042, 4005, 3968, 3931, 3894, 3857, 4077, 4040, 4003, 3966, 3929, 3892, 3855, 4075, 4038]","[3, 3, 3, 3, 3, 3, 3, 3, 3, 3, 3, 3, 3, 3, 3, 3]",3,16,1,20260829,01790a8822d05f1567800eede766c1833c2bfc129382eaddc1f7a0692343ca1e,float32,3682,0.09119556747428784,MEASURED,,compact,66.508003,65.762001,65.276001,65.501999,msprof_op_task_duration_acceptance,ragged_prefill,2.10.0.post4.dev20260715,2.10.0+cpu,4,3.2.0,6b5219f487b5b3ac57679a6a4387bc1d5d3a75f9
full,c47f9bdcfb879eb73723521240a48a9bae99349d094a1fb82563535aabde82ec,6b5219f487b5b3ac57679a6a4387bc1d5d3a75f9,64,native_NHD_then_page_head_token_dim_permute,82f9e00dd9c169444330b20b411fdeeade867cd0d7fc3bfb55371c5c1a8d00fa,9.1.0,"[4079, 4042, 4005, 3968, 3931, 3894, 3857, 4077, 4040, 4003, 3966, 3929, 3892, 3855, 4075, 4038, 4001, 3964, 3927, 3890, 3853, 4073, 4036, 3999, 3962, 3925, 3888, 3851, 4071, 4034, 3997, 3960, 3923, 3886, 3849, 4069, 4032, 3995, 3958, 3921, 3884, 3847, 4067, 4030, 3993, 3956, 3919, 3882, 3845, 4065, 4028, 3991, 3954, 3917, 3880, 3843]","[3, 3, 2, 2, 2, 3, 3, 2, 2, 2, 3, 3, 2, 2, 2, 3, 3, 2, 2, 2, 3, 3, 2, 2, 2, 2, 3, 2, 2, 2, 2, 3, 2, 2, 2, 2, 3, 2, 2, 2, 2, 3, 2, 2, 2, 2, 3, 2, 2, 2, 2, 3, 2, 2, 2, 2]",0,full_ragged_prefill_b56_m128_kv4096_ragged_compact_tp4,True,npu:5,5,Ascend950PR_957b,,bfloat16,False,256,paged_prefill_small_q_grouped_kernel,4096,ragged,128,3,3843,28,1,6,56,64,msprof/candidate/paged_prefill_small_q_grouped_kernel.log.gz,candidate,3.11.10,128,56,msprof_primary_kernel,"[4079, 4042, 4005, 3968, 3931, 3894, 3857, 4077, 4040, 4003, 3966, 3929, 3892, 3855, 4075, 4038, 4001, 3964, 3927, 3890, 3853, 4073, 4036, 3999, 3962, 3925, 3888, 3851, 4071, 4034, 3997, 3960, 3923, 3886, 3849, 4069, 4032, 3995, 3958, 3921, 3884, 3847, 4067, 4030, 3993, 3956, 3919, 3882, 3845, 4065, 4028, 3991, 3954, 3917, 3880, 3843]","[3, 3, 2, 2, 2, 3, 3, 2, 2, 2, 3, 3, 2, 2, 2, 3, 3, 2, 2, 2, 3, 3, 2, 2, 2, 2, 3, 2, 2, 2, 2, 3, 2, 2, 2, 2, 3, 2, 2, 2, 2, 3, 2, 2, 2, 2, 3, 2, 2, 2, 2, 3, 2, 2, 2, 2]",3,56,1,20260829,01790a8822d05f1567800eede766c1833c2bfc129382eaddc1f7a0692343ca1e,float32,3682,0.09119556747428784,MEASURED,,compact,193.470001,192.83433,192.143997,192.888992,msprof_op_task_duration_acceptance,ragged_prefill,2.10.0.post4.dev20260715,2.10.0+cpu,4,3.2.0,6b5219f487b5b3ac57679a6a4387bc1d5d3a75f9
full,c47f9bdcfb879eb73723521240a48a9bae99349d094a1fb82563535aabde82ec,6b5219f487b5b3ac57679a6a4387bc1d5d3a75f9,64,native_NHD_then_page_head_token_dim_permute,82f9e00dd9c169444330b20b411fdeeade867cd0d7fc3bfb55371c5c1a8d00fa,9.1.0,"[4096, 4096, 4096, 4096, 4096, 4096, 4096, 4096, 4096, 4096, 4096, 4096, 4096, 4096, 4096, 4096, 4096, 4096, 4096, 4096, 4096, 4096, 4096, 4096, 4096, 4096, 4096, 4096, 4096, 4096, 4096, 4096, 4096, 4096, 4096, 4096, 4096, 4096, 4096, 4096, 4096, 4096, 4096, 4096, 4096, 4096, 4096, 4096, 4096, 4096, 4096, 4096, 4096, 4096, 4096, 4096, 4096, 4096, 4096, 4096, 4096, 4096, 4096, 4096]","[2, 2, 2, 2, 2, 2, 2, 2, 2, 2, 2, 2, 2, 2, 2, 2, 2, 2, 2, 2, 2, 2, 2, 2, 2, 2, 2, 2, 2, 2, 2, 2, 2, 2, 2, 2, 2, 2, 2, 2, 2, 2, 2, 2, 2, 2, 2, 2, 2, 2, 2, 2, 2, 2, 2, 2, 2, 2, 2, 2, 2, 2, 2, 2]",0,full_verify_d2_m128_kv4096_uniform_compact_tp4,True,npu:5,5,Ascend950PR_957b,2,bfloat16,False,256,paged_prefill_small_q_grouped_kernel,4096,uniform,128,2,4096,28,1,6,56,64,msprof/candidate/paged_prefill_small_q_grouped_kernel.log.gz,candidate,3.11.10,128,64,msprof_primary_kernel,"[4096, 4096, 4096, 4096, 4096, 4096, 4096, 4096, 4096, 4096, 4096, 4096, 4096, 4096, 4096, 4096, 4096, 4096, 4096, 4096, 4096, 4096, 4096, 4096, 4096, 4096, 4096, 4096, 4096, 4096, 4096, 4096, 4096, 4096, 4096, 4096, 4096, 4096, 4096, 4096, 4096, 4096, 4096, 4096, 4096, 4096, 4096, 4096, 4096, 4096, 4096, 4096, 4096, 4096, 4096, 4096, 4096, 4096, 4096, 4096, 4096, 4096, 4096, 4096]","[2, 2, 2, 2, 2, 2, 2, 2, 2, 2, 2, 2, 2, 2, 2, 2, 2, 2, 2, 2, 2, 2, 2, 2, 2, 2, 2, 2, 2, 2, 2, 2, 2, 2, 2, 2, 2, 2, 2, 2, 2, 2, 2, 2, 2, 2, 2, 2, 2, 2, 2, 2, 2, 2, 2, 2, 2, 2, 2, 2, 2, 2, 2, 2]",3,64,1,20260829,01790a8822d05f1567800eede766c1833c2bfc129382eaddc1f7a0692343ca1e,float32,3682,0.09119556747428784,MEASURED,,compact,228.744995,227.89099633333333,227.040985,227.887009,msprof_op_task_duration_acceptance,verify_d2,2.10.0.post4.dev20260715,2.10.0+cpu,4,3.2.0,6b5219f487b5b3ac57679a6a4387bc1d5d3a75f9
full,c47f9bdcfb879eb73723521240a48a9bae99349d094a1fb82563535aabde82ec,6b5219f487b5b3ac57679a6a4387bc1d5d3a75f9,64,native_NHD_then_page_head_token_dim_permute,82f9e00dd9c169444330b20b411fdeeade867cd0d7fc3bfb55371c5c1a8d00fa,9.1.0,"[4096, 4096, 4096, 4096, 4096, 4096, 4096, 4096, 4096, 4096, 4096, 4096, 4096, 4096, 4096, 4096, 4096, 4096, 4096, 4096, 4096, 4096, 4096, 4096, 4096, 4096, 4096, 4096, 4096, 4096, 4096, 4096, 4096, 4096, 4096, 4096, 4096, 4096, 4096, 4096, 4096, 4096, 4096, 4096, 4096, 4096, 4096, 4096, 4096, 4096, 4096, 4096, 4096, 4096, 4096, 4096, 4096, 4096, 4096, 4096, 4096, 4096, 4096, 4096, 4096]","[2, 2, 2, 2, 2, 2, 2, 2, 2, 2, 2, 2, 2, 2, 2, 2, 2, 2, 2, 2, 2, 2, 2, 2, 2, 2, 2, 2, 2, 2, 2, 2, 2, 2, 2, 2, 2, 2, 2, 2, 2, 2, 2, 2, 2, 2, 2, 2, 2, 2, 2, 2, 2, 2, 2, 2, 2, 2, 2, 2, 2, 2, 2, 2, 2]",0,full_verify_d2_m130_kv4096_uniform_compact_tp4,True,npu:5,5,Ascend950PR_957b,2,bfloat16,False,256,paged_prefill_small_q_grouped_kernel,4096,uniform,130,2,4096,28,1,6,56,64,msprof/candidate/paged_prefill_small_q_grouped_kernel.log.gz,candidate,3.11.10,130,65,msprof_primary_kernel,"[4096, 4096, 4096, 4096, 4096, 4096, 4096, 4096, 4096, 4096, 4096, 4096, 4096, 4096, 4096, 4096, 4096, 4096, 4096, 4096, 4096, 4096, 4096, 4096, 4096, 4096, 4096, 4096, 4096, 4096, 4096, 4096, 4096, 4096, 4096, 4096, 4096, 4096, 4096, 4096, 4096, 4096, 4096, 4096, 4096, 4096, 4096, 4096, 4096, 4096, 4096, 4096, 4096, 4096, 4096, 4096, 4096, 4096, 4096, 4096, 4096, 4096, 4096, 4096, 4096]","[2, 2, 2, 2, 2, 2, 2, 2, 2, 2, 2, 2, 2, 2, 2, 2, 2, 2, 2, 2, 2, 2, 2, 2, 2, 2, 2, 2, 2, 2, 2, 2, 2, 2, 2, 2, 2, 2, 2, 2, 2, 2, 2, 2, 2, 2, 2, 2, 2, 2, 2, 2, 2, 2, 2, 2, 2, 2, 2, 2, 2, 2, 2, 2, 2]",3,65,1,20260829,01790a8822d05f1567800eede766c1833c2bfc129382eaddc1f7a0692343ca1e,float32,3682,0.09119556747428784,MEASURED,,compact,230.111008,229.405665,228.768997,229.33699,msprof_op_task_duration_acceptance,verify_d2,2.10.0.post4.dev20260715,2.10.0+cpu,4,3.2.0,6b5219f487b5b3ac57679a6a4387bc1d5d3a75f9
full,c47f9bdcfb879eb73723521240a48a9bae99349d094a1fb82563535aabde82ec,6b5219f487b5b3ac57679a6a4387bc1d5d3a75f9,64,native_NHD_then_page_head_token_dim_permute,82f9e00dd9c169444330b20b411fdeeade867cd0d7fc3bfb55371c5c1a8d00fa,9.1.0,"[4096, 4096, 4096, 4096, 4096, 4096, 4096, 4096, 4096, 4096, 4096, 4096, 4096, 4096, 4096, 4096, 4096, 4096, 4096, 4096, 4096, 4096, 4096, 4096, 4096, 4096, 4096, 4096, 4096, 4096, 4096, 4096, 4096, 4096, 4096, 4096, 4096, 4096, 4096, 4096, 4096, 4096, 4096, 4096, 4096, 4096, 4096, 4096, 4096, 4096, 4096, 4096, 4096, 4096, 4096, 4096, 4096, 4096, 4096, 4096, 4096, 4096, 4096, 4096, 4096, 4096, 4096, 4096, 4096, 4096, 4096, 4096, 4096, 4096, 4096, 4096, 4096, 4096, 4096, 4096, 4096, 4096, 4096, 4096, 4096, 4096, 4096, 4096, 4096, 4096, 4096, 4096, 4096, 4096, 4096, 4096, 4096, 4096, 4096, 4096, 4096, 4096, 4096, 4096, 4096, 4096, 4096, 4096, 4096, 4096, 4096, 4096, 4096, 4096, 4096, 4096, 4096, 4096, 4096, 4096, 4096, 4096, 4096, 4096, 4096, 4096, 4096, 4096]","[2, 2, 2, 2, 2, 2, 2, 2, 2, 2, 2, 2, 2, 2, 2, 2, 2, 2, 2, 2, 2, 2, 2, 2, 2, 2, 2, 2, 2, 2, 2, 2, 2, 2, 2, 2, 2, 2, 2, 2, 2, 2, 2, 2, 2, 2, 2, 2, 2, 2, 2, 2, 2, 2, 2, 2, 2, 2, 2, 2, 2, 2, 2, 2, 2, 2, 2, 2, 2, 2, 2, 2, 2, 2, 2, 2, 2, 2, 2, 2, 2, 2, 2, 2, 2, 2, 2, 2, 2, 2, 2, 2, 2, 2, 2, 2, 2, 2, 2, 2, 2, 2, 2, 2, 2, 2, 2, 2, 2, 2, 2, 2, 2, 2, 2, 2, 2, 2, 2, 2, 2, 2, 2, 2, 2, 2, 2, 2]",0,full_verify_d2_m256_kv4096_uniform_compact_tp4,True,npu:5,5,Ascend950PR_957b,2,bfloat16,False,256,paged_prefill_small_q_grouped_kernel,4096,uniform,256,2,4096,28,1,6,56,64,msprof/candidate/paged_prefill_small_q_grouped_kernel.log.gz,candidate,3.11.10,256,128,msprof_primary_kernel,"[4096, 4096, 4096, 4096, 4096, 4096, 4096, 4096, 4096, 4096, 4096, 4096, 4096, 4096, 4096, 4096, 4096, 4096, 4096, 4096, 4096, 4096, 4096, 4096, 4096, 4096, 4096, 4096, 4096, 4096, 4096, 4096, 4096, 4096, 4096, 4096, 4096, 4096, 4096, 4096, 4096, 4096, 4096, 4096, 4096, 4096, 4096, 4096, 4096, 4096, 4096, 4096, 4096, 4096, 4096, 4096, 4096, 4096, 4096, 4096, 4096, 4096, 4096, 4096, 4096, 4096, 4096, 4096, 4096, 4096, 4096, 4096, 4096, 4096, 4096, 4096, 4096, 4096, 4096, 4096, 4096, 4096, 4096, 4096, 4096, 4096, 4096, 4096, 4096, 4096, 4096, 4096, 4096, 4096, 4096, 4096, 4096, 4096, 4096, 4096, 4096, 4096, 4096, 4096, 4096, 4096, 4096, 4096, 4096, 4096, 4096, 4096, 4096, 4096, 4096, 4096, 4096, 4096, 4096, 4096, 4096, 4096, 4096, 4096, 4096, 4096, 4096, 4096]","[2, 2, 2, 2, 2, 2, 2, 2, 2, 2, 2, 2, 2, 2, 2, 2, 2, 2, 2, 2, 2, 2, 2, 2, 2, 2, 2, 2, 2, 2, 2, 2, 2, 2, 2, 2, 2, 2, 2, 2, 2, 2, 2, 2, 2, 2, 2, 2, 2, 2, 2, 2, 2, 2, 2, 2, 2, 2, 2, 2, 2, 2, 2, 2, 2, 2, 2, 2, 2, 2, 2, 2, 2, 2, 2, 2, 2, 2, 2, 2, 2, 2, 2, 2, 2, 2, 2, 2, 2, 2, 2, 2, 2, 2, 2, 2, 2, 2, 2, 2, 2, 2, 2, 2, 2, 2, 2, 2, 2, 2, 2, 2, 2, 2, 2, 2, 2, 2, 2, 2, 2, 2, 2, 2, 2, 2, 2, 2]",3,128,1,20260829,01790a8822d05f1567800eede766c1833c2bfc129382eaddc1f7a0692343ca1e,float32,3682,0.09119556747428784,MEASURED,,compact,422.78598,421.871989,420.571991,422.257996,msprof_op_task_duration_acceptance,verify_d2,2.10.0.post4.dev20260715,2.10.0+cpu,4,3.2.0,6b5219f487b5b3ac57679a6a4387bc1d5d3a75f9
full,c47f9bdcfb879eb73723521240a48a9bae99349d094a1fb82563535aabde82ec,6b5219f487b5b3ac57679a6a4387bc1d5d3a75f9,64,native_NHD_then_page_head_token_dim_permute,82f9e00dd9c169444330b20b411fdeeade867cd0d7fc3bfb55371c5c1a8d00fa,9.1.0,"[4096, 4096, 4096, 4096, 4096, 4096, 4096, 4096, 4096, 4096, 4096, 4096, 4096, 4096, 4096, 4096, 4096, 4096, 4096, 4096, 4096, 4096, 4096, 4096, 4096, 4096, 4096, 4096, 4096, 4096, 4096, 4096, 4096, 4096, 4096, 4096, 4096, 4096, 4096, 4096, 4096, 4096, 4096, 4096, 4096, 4096, 4096, 4096, 4096, 4096, 4096, 4096, 4096, 4096, 4096, 4096, 4096, 4096, 4096, 4096, 4096, 4096, 4096, 4096, 4096, 4096, 4096, 4096, 4096, 4096, 4096, 4096, 4096, 4096, 4096, 4096, 4096, 4096, 4096, 4096, 4096, 4096, 4096, 4096, 4096, 4096, 4096, 4096, 4096, 4096, 4096, 4096, 4096, 4096, 4096, 4096, 4096, 4096, 4096, 4096, 4096, 4096, 4096, 4096, 4096, 4096, 4096, 4096, 4096, 4096, 4096, 4096, 4096, 4096, 4096, 4096, 4096, 4096, 4096, 4096, 4096, 4096, 4096, 4096, 4096, 4096, 4096, 4096, 4096, 4096, 4096, 4096, 4096, 4096, 4096, 4096, 4096, 4096, 4096, 4096, 4096, 4096, 4096, 4096, 4096, 4096, 4096, 4096, 4096, 4096, 4096, 4096, 4096, 4096, 4096, 4096, 4096, 4096, 4096, 4096, 4096, 4096, 4096, 4096, 4096, 4096, 4096, 4096, 4096, 4096, 4096, 4096, 4096, 4096, 4096, 4096, 4096, 4096, 4096, 4096, 4096, 4096, 4096, 4096, 4096, 4096, 4096, 4096, 4096, 4096, 4096, 4096, 4096, 4096, 4096, 4096, 4096, 4096, 4096, 4096, 4096, 4096, 4096, 4096, 4096, 4096, 4096, 4096, 4096, 4096, 4096, 4096, 4096, 4096, 4096, 4096, 4096, 4096, 4096, 4096, 4096, 4096, 4096, 4096, 4096, 4096, 4096, 4096, 4096, 4096, 4096, 4096, 4096, 4096, 4096, 4096, 4096, 4096, 4096, 4096, 4096, 4096, 4096, 4096, 4096, 4096, 4096, 4096, 4096, 4096, 4096, 4096, 4096, 4096, 4096, 4096]","[2, 2, 2, 2, 2, 2, 2, 2, 2, 2, 2, 2, 2, 2, 2, 2, 2, 2, 2, 2, 2, 2, 2, 2, 2, 2, 2, 2, 2, 2, 2, 2, 2, 2, 2, 2, 2, 2, 2, 2, 2, 2, 2, 2, 2, 2, 2, 2, 2, 2, 2, 2, 2, 2, 2, 2, 2, 2, 2, 2, 2, 2, 2, 2, 2, 2, 2, 2, 2, 2, 2, 2, 2, 2, 2, 2, 2, 2, 2, 2, 2, 2, 2, 2, 2, 2, 2, 2, 2, 2, 2, 2, 2, 2, 2, 2, 2, 2, 2, 2, 2, 2, 2, 2, 2, 2, 2, 2, 2, 2, 2, 2, 2, 2, 2, 2, 2, 2, 2, 2, 2, 2, 2, 2, 2, 2, 2, 2, 2, 2, 2, 2, 2, 2, 2, 2, 2, 2, 2, 2, 2, 2, 2, 2, 2, 2, 2, 2, 2, 2, 2, 2, 2, 2, 2, 2, 2, 2, 2, 2, 2, 2, 2, 2, 2, 2, 2, 2, 2, 2, 2, 2, 2, 2, 2, 2, 2, 2, 2, 2, 2, 2, 2, 2, 2, 2, 2, 2, 2, 2, 2, 2, 2, 2, 2, 2, 2, 2, 2, 2, 2, 2, 2, 2, 2, 2, 2, 2, 2, 2, 2, 2, 2, 2, 2, 2, 2, 2, 2, 2, 2, 2, 2, 2, 2, 2, 2, 2, 2, 2, 2, 2, 2, 2, 2, 2, 2, 2, 2, 2, 2, 2, 2, 2, 2, 2, 2, 2, 2, 2, 2, 2, 2, 2, 2, 2]",0,full_verify_d2_m512_kv4096_uniform_compact_tp4,True,npu:5,5,Ascend950PR_957b,2,bfloat16,False,256,paged_prefill_small_q_grouped_kernel,4096,uniform,512,2,4096,28,1,6,56,64,msprof/candidate/paged_prefill_small_q_grouped_kernel.log.gz,candidate,3.11.10,512,256,msprof_primary_kernel,"[4096, 4096, 4096, 4096, 4096, 4096, 4096, 4096, 4096, 4096, 4096, 4096, 4096, 4096, 4096, 4096, 4096, 4096, 4096, 4096, 4096, 4096, 4096, 4096, 4096, 4096, 4096, 4096, 4096, 4096, 4096, 4096, 4096, 4096, 4096, 4096, 4096, 4096, 4096, 4096, 4096, 4096, 4096, 4096, 4096, 4096, 4096, 4096, 4096, 4096, 4096, 4096, 4096, 4096, 4096, 4096, 4096, 4096, 4096, 4096, 4096, 4096, 4096, 4096, 4096, 4096, 4096, 4096, 4096, 4096, 4096, 4096, 4096, 4096, 4096, 4096, 4096, 4096, 4096, 4096, 4096, 4096, 4096, 4096, 4096, 4096, 4096, 4096, 4096, 4096, 4096, 4096, 4096, 4096, 4096, 4096, 4096, 4096, 4096, 4096, 4096, 4096, 4096, 4096, 4096, 4096, 4096, 4096, 4096, 4096, 4096, 4096, 4096, 4096, 4096, 4096, 4096, 4096, 4096, 4096, 4096, 4096, 4096, 4096, 4096, 4096, 4096, 4096, 4096, 4096, 4096, 4096, 4096, 4096, 4096, 4096, 4096, 4096, 4096, 4096, 4096, 4096, 4096, 4096, 4096, 4096, 4096, 4096, 4096, 4096, 4096, 4096, 4096, 4096, 4096, 4096, 4096, 4096, 4096, 4096, 4096, 4096, 4096, 4096, 4096, 4096, 4096, 4096, 4096, 4096, 4096, 4096, 4096, 4096, 4096, 4096, 4096, 4096, 4096, 4096, 4096, 4096, 4096, 4096, 4096, 4096, 4096, 4096, 4096, 4096, 4096, 4096, 4096, 4096, 4096, 4096, 4096, 4096, 4096, 4096, 4096, 4096, 4096, 4096, 4096, 4096, 4096, 4096, 4096, 4096, 4096, 4096, 4096, 4096, 4096, 4096, 4096, 4096, 4096, 4096, 4096, 4096, 4096, 4096, 4096, 4096, 4096, 4096, 4096, 4096, 4096, 4096, 4096, 4096, 4096, 4096, 4096, 4096, 4096, 4096, 4096, 4096, 4096, 4096, 4096, 4096, 4096, 4096, 4096, 4096, 4096, 4096, 4096, 4096, 4096, 4096]","[2, 2, 2, 2, 2, 2, 2, 2, 2, 2, 2, 2, 2, 2, 2, 2, 2, 2, 2, 2, 2, 2, 2, 2, 2, 2, 2, 2, 2, 2, 2, 2, 2, 2, 2, 2, 2, 2, 2, 2, 2, 2, 2, 2, 2, 2, 2, 2, 2, 2, 2, 2, 2, 2, 2, 2, 2, 2, 2, 2, 2, 2, 2, 2, 2, 2, 2, 2, 2, 2, 2, 2, 2, 2, 2, 2, 2, 2, 2, 2, 2, 2, 2, 2, 2, 2, 2, 2, 2, 2, 2, 2, 2, 2, 2, 2, 2, 2, 2, 2, 2, 2, 2, 2, 2, 2, 2, 2, 2, 2, 2, 2, 2, 2, 2, 2, 2, 2, 2, 2, 2, 2, 2, 2, 2, 2, 2, 2, 2, 2, 2, 2, 2, 2, 2, 2, 2, 2, 2, 2, 2, 2, 2, 2, 2, 2, 2, 2, 2, 2, 2, 2, 2, 2, 2, 2, 2, 2, 2, 2, 2, 2, 2, 2, 2, 2, 2, 2, 2, 2, 2, 2, 2, 2, 2, 2, 2, 2, 2, 2, 2, 2, 2, 2, 2, 2, 2, 2, 2, 2, 2, 2, 2, 2, 2, 2, 2, 2, 2, 2, 2, 2, 2, 2, 2, 2, 2, 2, 2, 2, 2, 2, 2, 2, 2, 2, 2, 2, 2, 2, 2, 2, 2, 2, 2, 2, 2, 2, 2, 2, 2, 2, 2, 2, 2, 2, 2, 2, 2, 2, 2, 2, 2, 2, 2, 2, 2, 2, 2, 2, 2, 2, 2, 2, 2, 2]",3,256,1,20260829,01790a8822d05f1567800eede766c1833c2bfc129382eaddc1f7a0692343ca1e,float32,3682,0.09119556747428784,MEASURED,,compact,842.513,840.0136716666666,837.85498,839.673035,msprof_op_task_duration_acceptance,verify_d2,2.10.0.post4.dev20260715,2.10.0+cpu,4,3.2.0,6b5219f487b5b3ac57679a6a4387bc1d5d3a75f9
full,c47f9bdcfb879eb73723521240a48a9bae99349d094a1fb82563535aabde82ec,6b5219f487b5b3ac57679a6a4387bc1d5d3a75f9,64,native_NHD_then_page_head_token_dim_permute,82f9e00dd9c169444330b20b411fdeeade867cd0d7fc3bfb55371c5c1a8d00fa,9.1.0,"[4096, 4096, 4096, 4096, 4096, 4096, 4096, 4096, 4096, 4096, 4096, 4096, 4096, 4096, 4096, 4096, 4096, 4096, 4096, 4096, 4096, 4096, 4096, 4096, 4096, 4096, 4096, 4096, 4096, 4096, 4096, 4096, 4096, 4096, 4096, 4096, 4096, 4096, 4096, 4096, 4096, 4096, 4096, 4096, 4096, 4096, 4096, 4096, 4096, 4096, 4096, 4096, 4096, 4096, 4096, 4096, 4096, 4096, 4096, 4096, 4096, 4096, 4096, 4096, 4096, 4096, 4096, 4096, 4096, 4096, 4096, 4096, 4096, 4096, 4096, 4096, 4096, 4096, 4096, 4096, 4096, 4096, 4096, 4096, 4096, 4096, 4096, 4096, 4096, 4096, 4096, 4096, 4096, 4096, 4096, 4096, 4096, 4096, 4096, 4096, 4096, 4096, 4096, 4096, 4096, 4096, 4096, 4096, 4096, 4096, 4096, 4096, 4096, 4096, 4096, 4096, 4096, 4096, 4096, 4096, 4096, 4096, 4096, 4096, 4096, 4096, 4096, 4096, 4096, 4096, 4096, 4096, 4096, 4096, 4096, 4096, 4096, 4096, 4096, 4096, 4096, 4096, 4096, 4096, 4096, 4096, 4096, 4096, 4096, 4096, 4096, 4096, 4096, 4096, 4096, 4096, 4096, 4096, 4096, 4096, 4096, 4096, 4096, 4096, 4096, 4096, 4096, 4096, 4096, 4096, 4096, 4096, 4096, 4096, 4096, 4096, 4096, 4096, 4096, 4096, 4096, 4096, 4096, 4096, 4096, 4096, 4096, 4096, 4096, 4096, 4096, 4096, 4096, 4096, 4096, 4096, 4096, 4096, 4096, 4096, 4096, 4096, 4096, 4096, 4096, 4096, 4096, 4096, 4096, 4096, 4096, 4096, 4096, 4096, 4096, 4096, 4096, 4096, 4096, 4096, 4096, 4096, 4096, 4096, 4096, 4096, 4096, 4096, 4096, 4096, 4096, 4096, 4096, 4096, 4096, 4096, 4096, 4096, 4096, 4096, 4096, 4096, 4096, 4096, 4096, 4096, 4096, 4096, 4096, 4096, 4096, 4096, 4096, 4096, 4096, 4096, 4096, 4096, 4096, 4096, 4096, 4096, 4096, 4096, 4096, 4096, 4096, 4096, 4096, 4096, 4096, 4096, 4096, 4096, 4096, 4096, 4096, 4096, 4096, 4096, 4096, 4096, 4096, 4096, 4096, 4096, 4096, 4096, 4096, 4096, 4096, 4096, 4096, 4096, 4096, 4096, 4096, 4096, 4096, 4096, 4096, 4096, 4096, 4096, 4096, 4096, 4096, 4096, 4096, 4096, 4096, 4096, 4096, 4096, 4096, 4096, 4096, 4096, 4096, 4096, 4096, 4096, 4096, 4096, 4096, 4096, 4096, 4096, 4096, 4096, 4096, 4096, 4096, 4096, 4096, 4096, 4096, 4096, 4096, 4096, 4096, 4096, 4096, 4096, 4096, 4096, 4096, 4096, 4096, 4096, 4096, 4096, 4096, 4096, 4096, 4096, 4096, 4096, 4096, 4096, 4096, 4096, 4096, 4096, 4096, 4096, 4096, 4096, 4096, 4096, 4096, 4096, 4096, 4096, 4096, 4096, 4096, 4096, 4096, 4096, 4096, 4096, 4096, 4096, 4096, 4096, 4096, 4096, 4096, 4096, 4096, 4096, 4096, 4096, 4096, 4096, 4096, 4096, 4096, 4096, 4096, 4096, 4096, 4096, 4096, 4096, 4096, 4096, 4096, 4096, 4096, 4096, 4096, 4096, 4096, 4096, 4096, 4096, 4096, 4096, 4096, 4096, 4096, 4096, 4096, 4096, 4096, 4096, 4096, 4096, 4096, 4096, 4096, 4096, 4096, 4096, 4096, 4096, 4096, 4096, 4096, 4096, 4096, 4096, 4096, 4096, 4096, 4096, 4096, 4096, 4096, 4096, 4096, 4096, 4096, 4096, 4096, 4096, 4096, 4096, 4096, 4096, 4096, 4096, 4096, 4096, 4096, 4096, 4096, 4096, 4096, 4096, 4096, 4096, 4096, 4096, 4096, 4096, 4096, 4096, 4096, 4096, 4096, 4096, 4096, 4096, 4096, 4096, 4096, 4096, 4096, 4096, 4096, 4096, 4096, 4096, 4096, 4096, 4096, 4096, 4096, 4096, 4096, 4096, 4096, 4096, 4096, 4096, 4096, 4096, 4096, 4096]","[2, 2, 2, 2, 2, 2, 2, 2, 2, 2, 2, 2, 2, 2, 2, 2, 2, 2, 2, 2, 2, 2, 2, 2, 2, 2, 2, 2, 2, 2, 2, 2, 2, 2, 2, 2, 2, 2, 2, 2, 2, 2, 2, 2, 2, 2, 2, 2, 2, 2, 2, 2, 2, 2, 2, 2, 2, 2, 2, 2, 2, 2, 2, 2, 2, 2, 2, 2, 2, 2, 2, 2, 2, 2, 2, 2, 2, 2, 2, 2, 2, 2, 2, 2, 2, 2, 2, 2, 2, 2, 2, 2, 2, 2, 2, 2, 2, 2, 2, 2, 2, 2, 2, 2, 2, 2, 2, 2, 2, 2, 2, 2, 2, 2, 2, 2, 2, 2, 2, 2, 2, 2, 2, 2, 2, 2, 2, 2, 2, 2, 2, 2, 2, 2, 2, 2, 2, 2, 2, 2, 2, 2, 2, 2, 2, 2, 2, 2, 2, 2, 2, 2, 2, 2, 2, 2, 2, 2, 2, 2, 2, 2, 2, 2, 2, 2, 2, 2, 2, 2, 2, 2, 2, 2, 2, 2, 2, 2, 2, 2, 2, 2, 2, 2, 2, 2, 2, 2, 2, 2, 2, 2, 2, 2, 2, 2, 2, 2, 2, 2, 2, 2, 2, 2, 2, 2, 2, 2, 2, 2, 2, 2, 2, 2, 2, 2, 2, 2, 2, 2, 2, 2, 2, 2, 2, 2, 2, 2, 2, 2, 2, 2, 2, 2, 2, 2, 2, 2, 2, 2, 2, 2, 2, 2, 2, 2, 2, 2, 2, 2, 2, 2, 2, 2, 2, 2, 2, 2, 2, 2, 2, 2, 2, 2, 2, 2, 2, 2, 2, 2, 2, 2, 2, 2, 2, 2, 2, 2, 2, 2, 2, 2, 2, 2, 2, 2, 2, 2, 2, 2, 2, 2, 2, 2, 2, 2, 2, 2, 2, 2, 2, 2, 2, 2, 2, 2, 2, 2, 2, 2, 2, 2, 2, 2, 2, 2, 2, 2, 2, 2, 2, 2, 2, 2, 2, 2, 2, 2, 2, 2, 2, 2, 2, 2, 2, 2, 2, 2, 2, 2, 2, 2, 2, 2, 2, 2, 2, 2, 2, 2, 2, 2, 2, 2, 2, 2, 2, 2, 2, 2, 2, 2, 2, 2, 2, 2, 2, 2, 2, 2, 2, 2, 2, 2, 2, 2, 2, 2, 2, 2, 2, 2, 2, 2, 2, 2, 2, 2, 2, 2, 2, 2, 2, 2, 2, 2, 2, 2, 2, 2, 2, 2, 2, 2, 2, 2, 2, 2, 2, 2, 2, 2, 2, 2, 2, 2, 2, 2, 2, 2, 2, 2, 2, 2, 2, 2, 2, 2, 2, 2, 2, 2, 2, 2, 2, 2, 2, 2, 2, 2, 2, 2, 2, 2, 2, 2, 2, 2, 2, 2, 2, 2, 2, 2, 2, 2, 2, 2, 2, 2, 2, 2, 2, 2, 2, 2, 2, 2, 2, 2, 2, 2, 2, 2, 2, 2, 2, 2, 2, 2, 2, 2, 2, 2, 2, 2, 2, 2, 2, 2, 2, 2, 2, 2, 2, 2, 2, 2, 2, 2, 2, 2, 2, 2, 2, 2, 2, 2, 2, 2, 2, 2]",0,full_verify_d2_m1024_kv4096_uniform_compact_tp4,True,npu:5,5,Ascend950PR_957b,2,bfloat16,False,256,paged_prefill_small_q_grouped_kernel,4096,uniform,1024,2,4096,28,1,6,56,64,msprof/candidate/paged_prefill_small_q_grouped_kernel.log.gz,candidate,3.11.10,1024,512,msprof_primary_kernel,"[4096, 4096, 4096, 4096, 4096, 4096, 4096, 4096, 4096, 4096, 4096, 4096, 4096, 4096, 4096, 4096, 4096, 4096, 4096, 4096, 4096, 4096, 4096, 4096, 4096, 4096, 4096, 4096, 4096, 4096, 4096, 4096, 4096, 4096, 4096, 4096, 4096, 4096, 4096, 4096, 4096, 4096, 4096, 4096, 4096, 4096, 4096, 4096, 4096, 4096, 4096, 4096, 4096, 4096, 4096, 4096, 4096, 4096, 4096, 4096, 4096, 4096, 4096, 4096, 4096, 4096, 4096, 4096, 4096, 4096, 4096, 4096, 4096, 4096, 4096, 4096, 4096, 4096, 4096, 4096, 4096, 4096, 4096, 4096, 4096, 4096, 4096, 4096, 4096, 4096, 4096, 4096, 4096, 4096, 4096, 4096, 4096, 4096, 4096, 4096, 4096, 4096, 4096, 4096, 4096, 4096, 4096, 4096, 4096, 4096, 4096, 4096, 4096, 4096, 4096, 4096, 4096, 4096, 4096, 4096, 4096, 4096, 4096, 4096, 4096, 4096, 4096, 4096, 4096, 4096, 4096, 4096, 4096, 4096, 4096, 4096, 4096, 4096, 4096, 4096, 4096, 4096, 4096, 4096, 4096, 4096, 4096, 4096, 4096, 4096, 4096, 4096, 4096, 4096, 4096, 4096, 4096, 4096, 4096, 4096, 4096, 4096, 4096, 4096, 4096, 4096, 4096, 4096, 4096, 4096, 4096, 4096, 4096, 4096, 4096, 4096, 4096, 4096, 4096, 4096, 4096, 4096, 4096, 4096, 4096, 4096, 4096, 4096, 4096, 4096, 4096, 4096, 4096, 4096, 4096, 4096, 4096, 4096, 4096, 4096, 4096, 4096, 4096, 4096, 4096, 4096, 4096, 4096, 4096, 4096, 4096, 4096, 4096, 4096, 4096, 4096, 4096, 4096, 4096, 4096, 4096, 4096, 4096, 4096, 4096, 4096, 4096, 4096, 4096, 4096, 4096, 4096, 4096, 4096, 4096, 4096, 4096, 4096, 4096, 4096, 4096, 4096, 4096, 4096, 4096, 4096, 4096, 4096, 4096, 4096, 4096, 4096, 4096, 4096, 4096, 4096, 4096, 4096, 4096, 4096, 4096, 4096, 4096, 4096, 4096, 4096, 4096, 4096, 4096, 4096, 4096, 4096, 4096, 4096, 4096, 4096, 4096, 4096, 4096, 4096, 4096, 4096, 4096, 4096, 4096, 4096, 4096, 4096, 4096, 4096, 4096, 4096, 4096, 4096, 4096, 4096, 4096, 4096, 4096, 4096, 4096, 4096, 4096, 4096, 4096, 4096, 4096, 4096, 4096, 4096, 4096, 4096, 4096, 4096, 4096, 4096, 4096, 4096, 4096, 4096, 4096, 4096, 4096, 4096, 4096, 4096, 4096, 4096, 4096, 4096, 4096, 4096, 4096, 4096, 4096, 4096, 4096, 4096, 4096, 4096, 4096, 4096, 4096, 4096, 4096, 4096, 4096, 4096, 4096, 4096, 4096, 4096, 4096, 4096, 4096, 4096, 4096, 4096, 4096, 4096, 4096, 4096, 4096, 4096, 4096, 4096, 4096, 4096, 4096, 4096, 4096, 4096, 4096, 4096, 4096, 4096, 4096, 4096, 4096, 4096, 4096, 4096, 4096, 4096, 4096, 4096, 4096, 4096, 4096, 4096, 4096, 4096, 4096, 4096, 4096, 4096, 4096, 4096, 4096, 4096, 4096, 4096, 4096, 4096, 4096, 4096, 4096, 4096, 4096, 4096, 4096, 4096, 4096, 4096, 4096, 4096, 4096, 4096, 4096, 4096, 4096, 4096, 4096, 4096, 4096, 4096, 4096, 4096, 4096, 4096, 4096, 4096, 4096, 4096, 4096, 4096, 4096, 4096, 4096, 4096, 4096, 4096, 4096, 4096, 4096, 4096, 4096, 4096, 4096, 4096, 4096, 4096, 4096, 4096, 4096, 4096, 4096, 4096, 4096, 4096, 4096, 4096, 4096, 4096, 4096, 4096, 4096, 4096, 4096, 4096, 4096, 4096, 4096, 4096, 4096, 4096, 4096, 4096, 4096, 4096, 4096, 4096, 4096, 4096, 4096, 4096, 4096, 4096, 4096, 4096, 4096, 4096, 4096, 4096, 4096, 4096, 4096, 4096, 4096, 4096, 4096, 4096, 4096, 4096, 4096, 4096, 4096, 4096, 4096, 4096, 4096, 4096]","[2, 2, 2, 2, 2, 2, 2, 2, 2, 2, 2, 2, 2, 2, 2, 2, 2, 2, 2, 2, 2, 2, 2, 2, 2, 2, 2, 2, 2, 2, 2, 2, 2, 2, 2, 2, 2, 2, 2, 2, 2, 2, 2, 2, 2, 2, 2, 2, 2, 2, 2, 2, 2, 2, 2, 2, 2, 2, 2, 2, 2, 2, 2, 2, 2, 2, 2, 2, 2, 2, 2, 2, 2, 2, 2, 2, 2, 2, 2, 2, 2, 2, 2, 2, 2, 2, 2, 2, 2, 2, 2, 2, 2, 2, 2, 2, 2, 2, 2, 2, 2, 2, 2, 2, 2, 2, 2, 2, 2, 2, 2, 2, 2, 2, 2, 2, 2, 2, 2, 2, 2, 2, 2, 2, 2, 2, 2, 2, 2, 2, 2, 2, 2, 2, 2, 2, 2, 2, 2, 2, 2, 2, 2, 2, 2, 2, 2, 2, 2, 2, 2, 2, 2, 2, 2, 2, 2, 2, 2, 2, 2, 2, 2, 2, 2, 2, 2, 2, 2, 2, 2, 2, 2, 2, 2, 2, 2, 2, 2, 2, 2, 2, 2, 2, 2, 2, 2, 2, 2, 2, 2, 2, 2, 2, 2, 2, 2, 2, 2, 2, 2, 2, 2, 2, 2, 2, 2, 2, 2, 2, 2, 2, 2, 2, 2, 2, 2, 2, 2, 2, 2, 2, 2, 2, 2, 2, 2, 2, 2, 2, 2, 2, 2, 2, 2, 2, 2, 2, 2, 2, 2, 2, 2, 2, 2, 2, 2, 2, 2, 2, 2, 2, 2, 2, 2, 2, 2, 2, 2, 2, 2, 2, 2, 2, 2, 2, 2, 2, 2, 2, 2, 2, 2, 2, 2, 2, 2, 2, 2, 2, 2, 2, 2, 2, 2, 2, 2, 2, 2, 2, 2, 2, 2, 2, 2, 2, 2, 2, 2, 2, 2, 2, 2, 2, 2, 2, 2, 2, 2, 2, 2, 2, 2, 2, 2, 2, 2, 2, 2, 2, 2, 2, 2, 2, 2, 2, 2, 2, 2, 2, 2, 2, 2, 2, 2, 2, 2, 2, 2, 2, 2, 2, 2, 2, 2, 2, 2, 2, 2, 2, 2, 2, 2, 2, 2, 2, 2, 2, 2, 2, 2, 2, 2, 2, 2, 2, 2, 2, 2, 2, 2, 2, 2, 2, 2, 2, 2, 2, 2, 2, 2, 2, 2, 2, 2, 2, 2, 2, 2, 2, 2, 2, 2, 2, 2, 2, 2, 2, 2, 2, 2, 2, 2, 2, 2, 2, 2, 2, 2, 2, 2, 2, 2, 2, 2, 2, 2, 2, 2, 2, 2, 2, 2, 2, 2, 2, 2, 2, 2, 2, 2, 2, 2, 2, 2, 2, 2, 2, 2, 2, 2, 2, 2, 2, 2, 2, 2, 2, 2, 2, 2, 2, 2, 2, 2, 2, 2, 2, 2, 2, 2, 2, 2, 2, 2, 2, 2, 2, 2, 2, 2, 2, 2, 2, 2, 2, 2, 2, 2, 2, 2, 2, 2, 2, 2, 2, 2, 2, 2, 2, 2, 2, 2, 2, 2, 2, 2, 2, 2, 2, 2, 2, 2, 2, 2, 2, 2, 2, 2, 2, 2, 2]",3,512,1,20260829,01790a8822d05f1567800eede766c1833c2bfc129382eaddc1f7a0692343ca1e,float32,3682,0.09119556747428784,MEASURED,,compact,1630.692993,1629.1859943333332,1626.593994,1630.270996,msprof_op_task_duration_acceptance,verify_d2,2.10.0.post4.dev20260715,2.10.0+cpu,4,3.2.0,6b5219f487b5b3ac57679a6a4387bc1d5d3a75f9
full,c47f9bdcfb879eb73723521240a48a9bae99349d094a1fb82563535aabde82ec,6b5219f487b5b3ac57679a6a4387bc1d5d3a75f9,64,native_NHD_then_page_head_token_dim_permute,82f9e00dd9c169444330b20b411fdeeade867cd0d7fc3bfb55371c5c1a8d00fa,9.1.0,"[4096, 4096, 4096, 4096, 4096, 4096, 4096, 4096, 4096, 4096, 4096, 4096, 4096, 4096, 4096, 4096, 4096, 4096, 4096, 4096, 4096, 4096, 4096, 4096, 4096, 4096, 4096, 4096, 4096, 4096, 4096, 4096, 4096, 4096, 4096, 4096, 4096, 4096, 4096, 4096, 4096, 4096, 4096]","[3, 3, 3, 3, 3, 3, 3, 3, 3, 3, 3, 3, 3, 3, 3, 3, 3, 3, 3, 3, 3, 3, 3, 3, 3, 3, 3, 3, 3, 3, 3, 3, 3, 3, 3, 3, 3, 3, 3, 3, 3, 3, 3]",0,full_verify_d3_m129_kv4096_uniform_compact_tp4,True,npu:5,5,Ascend950PR_957b,3,bfloat16,False,256,paged_prefill_small_q_grouped_kernel,4096,uniform,129,3,4096,28,1,6,56,64,msprof/candidate/paged_prefill_small_q_grouped_kernel.log.gz,candidate,3.11.10,129,43,msprof_primary_kernel,"[4096, 4096, 4096, 4096, 4096, 4096, 4096, 4096, 4096, 4096, 4096, 4096, 4096, 4096, 4096, 4096, 4096, 4096, 4096, 4096, 4096, 4096, 4096, 4096, 4096, 4096, 4096, 4096, 4096, 4096, 4096, 4096, 4096, 4096, 4096, 4096, 4096, 4096, 4096, 4096, 4096, 4096, 4096]","[3, 3, 3, 3, 3, 3, 3, 3, 3, 3, 3, 3, 3, 3, 3, 3, 3, 3, 3, 3, 3, 3, 3, 3, 3, 3, 3, 3, 3, 3, 3, 3, 3, 3, 3, 3, 3, 3, 3, 3, 3, 3, 3]",3,43,1,20260829,01790a8822d05f1567800eede766c1833c2bfc129382eaddc1f7a0692343ca1e,float32,3682,0.09119556747428784,MEASURED,,compact,162.955994,162.37267066666666,161.215012,162.947006,msprof_op_task_duration_acceptance,verify_d3,2.10.0.post4.dev20260715,2.10.0+cpu,4,3.2.0,6b5219f487b5b3ac57679a6a4387bc1d5d3a75f9
full,c47f9bdcfb879eb73723521240a48a9bae99349d094a1fb82563535aabde82ec,6b5219f487b5b3ac57679a6a4387bc1d5d3a75f9,64,native_NHD_then_page_head_token_dim_permute,82f9e00dd9c169444330b20b411fdeeade867cd0d7fc3bfb55371c5c1a8d00fa,9.1.0,"[4096, 4096, 4096, 4096, 4096, 4096, 4096, 4096, 4096, 4096, 4096, 4096, 4096, 4096, 4096, 4096, 4096, 4096, 4096, 4096, 4096, 4096, 4096, 4096, 4096, 4096, 4096, 4096, 4096, 4096, 4096, 4096, 4096, 4096, 4096, 4096, 4096, 4096, 4096, 4096, 4096, 4096, 4096, 4096, 4096, 4096, 4096, 4096, 4096, 4096, 4096, 4096, 4096, 4096, 4096, 4096, 4096, 4096, 4096, 4096, 4096, 4096, 4096, 4096, 4096, 4096, 4096, 4096, 4096, 4096, 4096, 4096, 4096, 4096, 4096, 4096, 4096, 4096, 4096, 4096, 4096, 4096, 4096, 4096, 4096]","[3, 3, 3, 3, 3, 3, 3, 3, 3, 3, 3, 3, 3, 3, 3, 3, 3, 3, 3, 3, 3, 3, 3, 3, 3, 3, 3, 3, 3, 3, 3, 3, 3, 3, 3, 3, 3, 3, 3, 3, 3, 3, 3, 3, 3, 3, 3, 3, 3, 3, 3, 3, 3, 3, 3, 3, 3, 3, 3, 3, 3, 3, 3, 3, 3, 3, 3, 3, 3, 3, 3, 3, 3, 3, 3, 3, 3, 3, 3, 3, 3, 3, 3, 3, 3]",0,full_verify_d3_m255_kv4096_uniform_compact_tp4,True,npu:5,5,Ascend950PR_957b,3,bfloat16,False,256,paged_prefill_small_q_grouped_kernel,4096,uniform,255,3,4096,28,1,6,56,64,msprof/candidate/paged_prefill_small_q_grouped_kernel.log.gz,candidate,3.11.10,255,85,msprof_primary_kernel,"[4096, 4096, 4096, 4096, 4096, 4096, 4096, 4096, 4096, 4096, 4096, 4096, 4096, 4096, 4096, 4096, 4096, 4096, 4096, 4096, 4096, 4096, 4096, 4096, 4096, 4096, 4096, 4096, 4096, 4096, 4096, 4096, 4096, 4096, 4096, 4096, 4096, 4096, 4096, 4096, 4096, 4096, 4096, 4096, 4096, 4096, 4096, 4096, 4096, 4096, 4096, 4096, 4096, 4096, 4096, 4096, 4096, 4096, 4096, 4096, 4096, 4096, 4096, 4096, 4096, 4096, 4096, 4096, 4096, 4096, 4096, 4096, 4096, 4096, 4096, 4096, 4096, 4096, 4096, 4096, 4096, 4096, 4096, 4096, 4096]","[3, 3, 3, 3, 3, 3, 3, 3, 3, 3, 3, 3, 3, 3, 3, 3, 3, 3, 3, 3, 3, 3, 3, 3, 3, 3, 3, 3, 3, 3, 3, 3, 3, 3, 3, 3, 3, 3, 3, 3, 3, 3, 3, 3, 3, 3, 3, 3, 3, 3, 3, 3, 3, 3, 3, 3, 3, 3, 3, 3, 3, 3, 3, 3, 3, 3, 3, 3, 3, 3, 3, 3, 3, 3, 3, 3, 3, 3, 3, 3, 3, 3, 3, 3, 3]",3,85,1,20260829,01790a8822d05f1567800eede766c1833c2bfc129382eaddc1f7a0692343ca1e,float32,3682,0.09119556747428784,MEASURED,,compact,335.84198,333.453664,331.374023,333.144989,msprof_op_task_duration_acceptance,verify_d3,2.10.0.post4.dev20260715,2.10.0+cpu,4,3.2.0,6b5219f487b5b3ac57679a6a4387bc1d5d3a75f9
full,c47f9bdcfb879eb73723521240a48a9bae99349d094a1fb82563535aabde82ec,6b5219f487b5b3ac57679a6a4387bc1d5d3a75f9,64,native_NHD_then_page_head_token_dim_permute,82f9e00dd9c169444330b20b411fdeeade867cd0d7fc3bfb55371c5c1a8d00fa,9.1.0,"[4096, 4096, 4096, 4096, 4096, 4096, 4096, 4096, 4096, 4096, 4096, 4096, 4096, 4096, 4096, 4096, 4096, 4096, 4096, 4096, 4096, 4096, 4096, 4096, 4096, 4096, 4096, 4096, 4096, 4096, 4096, 4096, 4096, 4096, 4096, 4096, 4096, 4096, 4096, 4096, 4096, 4096, 4096, 4096, 4096, 4096, 4096, 4096, 4096, 4096, 4096, 4096, 4096, 4096, 4096, 4096, 4096, 4096, 4096, 4096, 4096, 4096, 4096, 4096, 4096, 4096, 4096, 4096, 4096, 4096, 4096, 4096, 4096, 4096, 4096, 4096, 4096, 4096, 4096, 4096, 4096, 4096, 4096, 4096, 4096, 4096, 4096, 4096, 4096, 4096, 4096, 4096, 4096, 4096, 4096, 4096, 4096, 4096, 4096, 4096, 4096, 4096, 4096, 4096, 4096, 4096, 4096, 4096, 4096, 4096, 4096, 4096, 4096, 4096, 4096, 4096, 4096, 4096, 4096, 4096, 4096, 4096, 4096, 4096, 4096, 4096, 4096, 4096, 4096, 4096, 4096, 4096, 4096, 4096, 4096, 4096, 4096, 4096, 4096, 4096, 4096, 4096, 4096, 4096, 4096, 4096, 4096, 4096, 4096, 4096, 4096, 4096, 4096, 4096, 4096, 4096, 4096, 4096, 4096, 4096, 4096, 4096, 4096, 4096, 4096, 4096, 4096, 4096, 4096, 4096, 4096]","[3, 3, 3, 3, 3, 3, 3, 3, 3, 3, 3, 3, 3, 3, 3, 3, 3, 3, 3, 3, 3, 3, 3, 3, 3, 3, 3, 3, 3, 3, 3, 3, 3, 3, 3, 3, 3, 3, 3, 3, 3, 3, 3, 3, 3, 3, 3, 3, 3, 3, 3, 3, 3, 3, 3, 3, 3, 3, 3, 3, 3, 3, 3, 3, 3, 3, 3, 3, 3, 3, 3, 3, 3, 3, 3, 3, 3, 3, 3, 3, 3, 3, 3, 3, 3, 3, 3, 3, 3, 3, 3, 3, 3, 3, 3, 3, 3, 3, 3, 3, 3, 3, 3, 3, 3, 3, 3, 3, 3, 3, 3, 3, 3, 3, 3, 3, 3, 3, 3, 3, 3, 3, 3, 3, 3, 3, 3, 3, 3, 3, 3, 3, 3, 3, 3, 3, 3, 3, 3, 3, 3, 3, 3, 3, 3, 3, 3, 3, 3, 3, 3, 3, 3, 3, 3, 3, 3, 3, 3, 3, 3, 3, 3, 3, 3, 3, 3, 3, 3, 3, 3]",0,full_verify_d3_m513_kv4096_uniform_compact_tp4,True,npu:5,5,Ascend950PR_957b,3,bfloat16,False,256,paged_prefill_small_q_grouped_kernel,4096,uniform,513,3,4096,28,1,6,56,64,msprof/candidate/paged_prefill_small_q_grouped_kernel.log.gz,candidate,3.11.10,513,171,msprof_primary_kernel,"[4096, 4096, 4096, 4096, 4096, 4096, 4096, 4096, 4096, 4096, 4096, 4096, 4096, 4096, 4096, 4096, 4096, 4096, 4096, 4096, 4096, 4096, 4096, 4096, 4096, 4096, 4096, 4096, 4096, 4096, 4096, 4096, 4096, 4096, 4096, 4096, 4096, 4096, 4096, 4096, 4096, 4096, 4096, 4096, 4096, 4096, 4096, 4096, 4096, 4096, 4096, 4096, 4096, 4096, 4096, 4096, 4096, 4096, 4096, 4096, 4096, 4096, 4096, 4096, 4096, 4096, 4096, 4096, 4096, 4096, 4096, 4096, 4096, 4096, 4096, 4096, 4096, 4096, 4096, 4096, 4096, 4096, 4096, 4096, 4096, 4096, 4096, 4096, 4096, 4096, 4096, 4096, 4096, 4096, 4096, 4096, 4096, 4096, 4096, 4096, 4096, 4096, 4096, 4096, 4096, 4096, 4096, 4096, 4096, 4096, 4096, 4096, 4096, 4096, 4096, 4096, 4096, 4096, 4096, 4096, 4096, 4096, 4096, 4096, 4096, 4096, 4096, 4096, 4096, 4096, 4096, 4096, 4096, 4096, 4096, 4096, 4096, 4096, 4096, 4096, 4096, 4096, 4096, 4096, 4096, 4096, 4096, 4096, 4096, 4096, 4096, 4096, 4096, 4096, 4096, 4096, 4096, 4096, 4096, 4096, 4096, 4096, 4096, 4096, 4096, 4096, 4096, 4096, 4096, 4096, 4096]","[3, 3, 3, 3, 3, 3, 3, 3, 3, 3, 3, 3, 3, 3, 3, 3, 3, 3, 3, 3, 3, 3, 3, 3, 3, 3, 3, 3, 3, 3, 3, 3, 3, 3, 3, 3, 3, 3, 3, 3, 3, 3, 3, 3, 3, 3, 3, 3, 3, 3, 3, 3, 3, 3, 3, 3, 3, 3, 3, 3, 3, 3, 3, 3, 3, 3, 3, 3, 3, 3, 3, 3, 3, 3, 3, 3, 3, 3, 3, 3, 3, 3, 3, 3, 3, 3, 3, 3, 3, 3, 3, 3, 3, 3, 3, 3, 3, 3, 3, 3, 3, 3, 3, 3, 3, 3, 3, 3, 3, 3, 3, 3, 3, 3, 3, 3, 3, 3, 3, 3, 3, 3, 3, 3, 3, 3, 3, 3, 3, 3, 3, 3, 3, 3, 3, 3, 3, 3, 3, 3, 3, 3, 3, 3, 3, 3, 3, 3, 3, 3, 3, 3, 3, 3, 3, 3, 3, 3, 3, 3, 3, 3, 3, 3, 3, 3, 3, 3, 3, 3, 3]",3,171,1,20260829,01790a8822d05f1567800eede766c1833c2bfc129382eaddc1f7a0692343ca1e,float32,3682,0.09119556747428784,MEASURED,,compact,610.566956,606.1166383333333,600.294983,607.487976,msprof_op_task_duration_acceptance,verify_d3,2.10.0.post4.dev20260715,2.10.0+cpu,4,3.2.0,6b5219f487b5b3ac57679a6a4387bc1d5d3a75f9
full,c47f9bdcfb879eb73723521240a48a9bae99349d094a1fb82563535aabde82ec,6b5219f487b5b3ac57679a6a4387bc1d5d3a75f9,64,native_NHD_then_page_head_token_dim_permute,82f9e00dd9c169444330b20b411fdeeade867cd0d7fc3bfb55371c5c1a8d00fa,9.1.0,"[4096, 4096, 4096, 4096, 4096, 4096, 4096, 4096, 4096, 4096, 4096, 4096, 4096, 4096, 4096, 4096, 4096, 4096, 4096, 4096, 4096, 4096, 4096, 4096, 4096, 4096, 4096, 4096, 4096, 4096, 4096, 4096, 4096, 4096, 4096, 4096, 4096, 4096, 4096, 4096, 4096, 4096, 4096, 4096, 4096, 4096, 4096, 4096, 4096, 4096, 4096, 4096, 4096, 4096, 4096, 4096, 4096, 4096, 4096, 4096, 4096, 4096, 4096, 4096, 4096, 4096, 4096, 4096, 4096, 4096, 4096, 4096, 4096, 4096, 4096, 4096, 4096, 4096, 4096, 4096, 4096, 4096, 4096, 4096, 4096, 4096, 4096, 4096, 4096, 4096, 4096, 4096, 4096, 4096, 4096, 4096, 4096, 4096, 4096, 4096, 4096, 4096, 4096, 4096, 4096, 4096, 4096, 4096, 4096, 4096, 4096, 4096, 4096, 4096, 4096, 4096, 4096, 4096, 4096, 4096, 4096, 4096, 4096, 4096, 4096, 4096, 4096, 4096, 4096, 4096, 4096, 4096, 4096, 4096, 4096, 4096, 4096, 4096, 4096, 4096, 4096, 4096, 4096, 4096, 4096, 4096, 4096, 4096, 4096, 4096, 4096, 4096, 4096, 4096, 4096, 4096, 4096, 4096, 4096, 4096, 4096, 4096, 4096, 4096, 4096, 4096, 4096, 4096, 4096, 4096, 4096, 4096, 4096, 4096, 4096, 4096, 4096, 4096, 4096, 4096, 4096, 4096, 4096, 4096, 4096, 4096, 4096, 4096, 4096, 4096, 4096, 4096, 4096, 4096, 4096, 4096, 4096, 4096, 4096, 4096, 4096, 4096, 4096, 4096, 4096, 4096, 4096, 4096, 4096, 4096, 4096, 4096, 4096, 4096, 4096, 4096, 4096, 4096, 4096, 4096, 4096, 4096, 4096, 4096, 4096, 4096, 4096, 4096, 4096, 4096, 4096, 4096, 4096, 4096, 4096, 4096, 4096, 4096, 4096, 4096, 4096, 4096, 4096, 4096, 4096, 4096, 4096, 4096, 4096, 4096, 4096, 4096, 4096, 4096, 4096, 4096, 4096, 4096, 4096, 4096, 4096, 4096, 4096, 4096, 4096, 4096, 4096, 4096, 4096, 4096, 4096, 4096, 4096, 4096, 4096, 4096, 4096, 4096, 4096, 4096, 4096, 4096, 4096, 4096, 4096, 4096, 4096, 4096, 4096, 4096, 4096, 4096, 4096, 4096, 4096, 4096, 4096, 4096, 4096, 4096, 4096, 4096, 4096, 4096, 4096, 4096, 4096, 4096, 4096, 4096, 4096, 4096, 4096, 4096, 4096, 4096, 4096, 4096, 4096, 4096, 4096, 4096, 4096, 4096, 4096, 4096, 4096, 4096, 4096, 4096, 4096, 4096, 4096, 4096, 4096, 4096, 4096, 4096, 4096, 4096, 4096]","[3, 3, 3, 3, 3, 3, 3, 3, 3, 3, 3, 3, 3, 3, 3, 3, 3, 3, 3, 3, 3, 3, 3, 3, 3, 3, 3, 3, 3, 3, 3, 3, 3, 3, 3, 3, 3, 3, 3, 3, 3, 3, 3, 3, 3, 3, 3, 3, 3, 3, 3, 3, 3, 3, 3, 3, 3, 3, 3, 3, 3, 3, 3, 3, 3, 3, 3, 3, 3, 3, 3, 3, 3, 3, 3, 3, 3, 3, 3, 3, 3, 3, 3, 3, 3, 3, 3, 3, 3, 3, 3, 3, 3, 3, 3, 3, 3, 3, 3, 3, 3, 3, 3, 3, 3, 3, 3, 3, 3, 3, 3, 3, 3, 3, 3, 3, 3, 3, 3, 3, 3, 3, 3, 3, 3, 3, 3, 3, 3, 3, 3, 3, 3, 3, 3, 3, 3, 3, 3, 3, 3, 3, 3, 3, 3, 3, 3, 3, 3, 3, 3, 3, 3, 3, 3, 3, 3, 3, 3, 3, 3, 3, 3, 3, 3, 3, 3, 3, 3, 3, 3, 3, 3, 3, 3, 3, 3, 3, 3, 3, 3, 3, 3, 3, 3, 3, 3, 3, 3, 3, 3, 3, 3, 3, 3, 3, 3, 3, 3, 3, 3, 3, 3, 3, 3, 3, 3, 3, 3, 3, 3, 3, 3, 3, 3, 3, 3, 3, 3, 3, 3, 3, 3, 3, 3, 3, 3, 3, 3, 3, 3, 3, 3, 3, 3, 3, 3, 3, 3, 3, 3, 3, 3, 3, 3, 3, 3, 3, 3, 3, 3, 3, 3, 3, 3, 3, 3, 3, 3, 3, 3, 3, 3, 3, 3, 3, 3, 3, 3, 3, 3, 3, 3, 3, 3, 3, 3, 3, 3, 3, 3, 3, 3, 3, 3, 3, 3, 3, 3, 3, 3, 3, 3, 3, 3, 3, 3, 3, 3, 3, 3, 3, 3, 3, 3, 3, 3, 3, 3, 3, 3, 3, 3, 3, 3, 3, 3, 3, 3, 3, 3, 3, 3, 3, 3, 3, 3, 3, 3, 3, 3, 3, 3, 3, 3, 3, 3, 3, 3, 3, 3]",0,full_verify_d3_m1023_kv4096_uniform_compact_tp4,True,npu:5,5,Ascend950PR_957b,3,bfloat16,False,256,paged_prefill_small_q_grouped_kernel,4096,uniform,1023,3,4096,28,1,6,56,64,msprof/candidate/paged_prefill_small_q_grouped_kernel.log.gz,candidate,3.11.10,1023,341,msprof_primary_kernel,"[4096, 4096, 4096, 4096, 4096, 4096, 4096, 4096, 4096, 4096, 4096, 4096, 4096, 4096, 4096, 4096, 4096, 4096, 4096, 4096, 4096, 4096, 4096, 4096, 4096, 4096, 4096, 4096, 4096, 4096, 4096, 4096, 4096, 4096, 4096, 4096, 4096, 4096, 4096, 4096, 4096, 4096, 4096, 4096, 4096, 4096, 4096, 4096, 4096, 4096, 4096, 4096, 4096, 4096, 4096, 4096, 4096, 4096, 4096, 4096, 4096, 4096, 4096, 4096, 4096, 4096, 4096, 4096, 4096, 4096, 4096, 4096, 4096, 4096, 4096, 4096, 4096, 4096, 4096, 4096, 4096, 4096, 4096, 4096, 4096, 4096, 4096, 4096, 4096, 4096, 4096, 4096, 4096, 4096, 4096, 4096, 4096, 4096, 4096, 4096, 4096, 4096, 4096, 4096, 4096, 4096, 4096, 4096, 4096, 4096, 4096, 4096, 4096, 4096, 4096, 4096, 4096, 4096, 4096, 4096, 4096, 4096, 4096, 4096, 4096, 4096, 4096, 4096, 4096, 4096, 4096, 4096, 4096, 4096, 4096, 4096, 4096, 4096, 4096, 4096, 4096, 4096, 4096, 4096, 4096, 4096, 4096, 4096, 4096, 4096, 4096, 4096, 4096, 4096, 4096, 4096, 4096, 4096, 4096, 4096, 4096, 4096, 4096, 4096, 4096, 4096, 4096, 4096, 4096, 4096, 4096, 4096, 4096, 4096, 4096, 4096, 4096, 4096, 4096, 4096, 4096, 4096, 4096, 4096, 4096, 4096, 4096, 4096, 4096, 4096, 4096, 4096, 4096, 4096, 4096, 4096, 4096, 4096, 4096, 4096, 4096, 4096, 4096, 4096, 4096, 4096, 4096, 4096, 4096, 4096, 4096, 4096, 4096, 4096, 4096, 4096, 4096, 4096, 4096, 4096, 4096, 4096, 4096, 4096, 4096, 4096, 4096, 4096, 4096, 4096, 4096, 4096, 4096, 4096, 4096, 4096, 4096, 4096, 4096, 4096, 4096, 4096, 4096, 4096, 4096, 4096, 4096, 4096, 4096, 4096, 4096, 4096, 4096, 4096, 4096, 4096, 4096, 4096, 4096, 4096, 4096, 4096, 4096, 4096, 4096, 4096, 4096, 4096, 4096, 4096, 4096, 4096, 4096, 4096, 4096, 4096, 4096, 4096, 4096, 4096, 4096, 4096, 4096, 4096, 4096, 4096, 4096, 4096, 4096, 4096, 4096, 4096, 4096, 4096, 4096, 4096, 4096, 4096, 4096, 4096, 4096, 4096, 4096, 4096, 4096, 4096, 4096, 4096, 4096, 4096, 4096, 4096, 4096, 4096, 4096, 4096, 4096, 4096, 4096, 4096, 4096, 4096, 4096, 4096, 4096, 4096, 4096, 4096, 4096, 4096, 4096, 4096, 4096, 4096, 4096, 4096, 4096, 4096, 4096, 4096, 4096]","[3, 3, 3, 3, 3, 3, 3, 3, 3, 3, 3, 3, 3, 3, 3, 3, 3, 3, 3, 3, 3, 3, 3, 3, 3, 3, 3, 3, 3, 3, 3, 3, 3, 3, 3, 3, 3, 3, 3, 3, 3, 3, 3, 3, 3, 3, 3, 3, 3, 3, 3, 3, 3, 3, 3, 3, 3, 3, 3, 3, 3, 3, 3, 3, 3, 3, 3, 3, 3, 3, 3, 3, 3, 3, 3, 3, 3, 3, 3, 3, 3, 3, 3, 3, 3, 3, 3, 3, 3, 3, 3, 3, 3, 3, 3, 3, 3, 3, 3, 3, 3, 3, 3, 3, 3, 3, 3, 3, 3, 3, 3, 3, 3, 3, 3, 3, 3, 3, 3, 3, 3, 3, 3, 3, 3, 3, 3, 3, 3, 3, 3, 3, 3, 3, 3, 3, 3, 3, 3, 3, 3, 3, 3, 3, 3, 3, 3, 3, 3, 3, 3, 3, 3, 3, 3, 3, 3, 3, 3, 3, 3, 3, 3, 3, 3, 3, 3, 3, 3, 3, 3, 3, 3, 3, 3, 3, 3, 3, 3, 3, 3, 3, 3, 3, 3, 3, 3, 3, 3, 3, 3, 3, 3, 3, 3, 3, 3, 3, 3, 3, 3, 3, 3, 3, 3, 3, 3, 3, 3, 3, 3, 3, 3, 3, 3, 3, 3, 3, 3, 3, 3, 3, 3, 3, 3, 3, 3, 3, 3, 3, 3, 3, 3, 3, 3, 3, 3, 3, 3, 3, 3, 3, 3, 3, 3, 3, 3, 3, 3, 3, 3, 3, 3, 3, 3, 3, 3, 3, 3, 3, 3, 3, 3, 3, 3, 3, 3, 3, 3, 3, 3, 3, 3, 3, 3, 3, 3, 3, 3, 3, 3, 3, 3, 3, 3, 3, 3, 3, 3, 3, 3, 3, 3, 3, 3, 3, 3, 3, 3, 3, 3, 3, 3, 3, 3, 3, 3, 3, 3, 3, 3, 3, 3, 3, 3, 3, 3, 3, 3, 3, 3, 3, 3, 3, 3, 3, 3, 3, 3, 3, 3, 3, 3, 3, 3, 3, 3, 3, 3, 3, 3]",3,341,1,20260829,01790a8822d05f1567800eede766c1833c2bfc129382eaddc1f7a0692343ca1e,float32,3682,0.09119556747428784,MEASURED,,compact,1135.025024,1132.4403886666666,1129.106079,1133.190063,msprof_op_task_duration_acceptance,verify_d3,2.10.0.post4.dev20260715,2.10.0+cpu,4,3.2.0,6b5219f487b5b3ac57679a6a4387bc1d5d3a75f9
full,c47f9bdcfb879eb73723521240a48a9bae99349d094a1fb82563535aabde82ec,6b5219f487b5b3ac57679a6a4387bc1d5d3a75f9,176,native_NHD_then_page_head_token_dim_permute,82f9e00dd9c169444330b20b411fdeeade867cd0d7fc3bfb55371c5c1a8d00fa,9.1.0,"[11247, 11210, 11173, 11136, 11099, 11062, 11025, 11245, 11208, 11171, 11134, 11097, 11060, 11023, 11243, 11206]","[4, 4, 4, 4, 4, 4, 4, 4, 4, 4, 4, 4, 4, 4, 4, 4]",0,full_ragged_prefill_b16_m64_kv11264_ragged_compact_tp4,True,npu:5,5,Ascend950PR_957b,,bfloat16,False,256,paged_prefill_small_q_grouped_kernel,11264,ragged,64,4,11023,28,1,6,56,64,msprof/candidate/paged_prefill_small_q_grouped_kernel.log.gz,candidate,3.11.10,64,16,msprof_primary_kernel,"[11247, 11210, 11173, 11136, 11099, 11062, 11025, 11245, 11208, 11171, 11134, 11097, 11060, 11023, 11243, 11206]","[4, 4, 4, 4, 4, 4, 4, 4, 4, 4, 4, 4, 4, 4, 4, 4]",3,16,1,20260829,01790a8822d05f1567800eede766c1833c2bfc129382eaddc1f7a0692343ca1e,float32,3682,0.09119556747428784,MEASURED,,compact,160.044006,159.72633866666666,159.324005,159.811005,msprof_op_task_duration_acceptance,ragged_prefill,2.10.0.post4.dev20260715,2.10.0+cpu,4,3.2.0,6b5219f487b5b3ac57679a6a4387bc1d5d3a75f9
full,c47f9bdcfb879eb73723521240a48a9bae99349d094a1fb82563535aabde82ec,6b5219f487b5b3ac57679a6a4387bc1d5d3a75f9,264,native_NHD_then_page_head_token_dim_permute,82f9e00dd9c169444330b20b411fdeeade867cd0d7fc3bfb55371c5c1a8d00fa,9.1.0,"[16879, 16842, 16805, 16768, 16731, 16694, 16657, 16877, 16840, 16803, 16766, 16729, 16692, 16655, 16875, 16838]","[4, 4, 4, 4, 4, 4, 4, 4, 4, 4, 4, 4, 4, 4, 4, 4]",0,full_ragged_prefill_b16_m64_kv16896_ragged_compact_tp4,True,npu:5,5,Ascend950PR_957b,,bfloat16,False,256,paged_prefill_small_q_grouped_kernel,16896,ragged,64,4,16655,28,1,6,56,64,msprof/candidate/paged_prefill_small_q_grouped_kernel.log.gz,candidate,3.11.10,64,16,msprof_primary_kernel,"[16879, 16842, 16805, 16768, 16731, 16694, 16657, 16877, 16840, 16803, 16766, 16729, 16692, 16655, 16875, 16838]","[4, 4, 4, 4, 4, 4, 4, 4, 4, 4, 4, 4, 4, 4, 4, 4]",3,16,1,20260829,01790a8822d05f1567800eede766c1833c2bfc129382eaddc1f7a0692343ca1e,float32,3682,0.09119556747428784,MEASURED,,compact,230.007004,229.09666933333332,228.292999,228.990005,msprof_op_task_duration_acceptance,ragged_prefill,2.10.0.post4.dev20260715,2.10.0+cpu,4,3.2.0,6b5219f487b5b3ac57679a6a4387bc1d5d3a75f9
full,c47f9bdcfb879eb73723521240a48a9bae99349d094a1fb82563535aabde82ec,6b5219f487b5b3ac57679a6a4387bc1d5d3a75f9,416,native_NHD_then_page_head_token_dim_permute,82f9e00dd9c169444330b20b411fdeeade867cd0d7fc3bfb55371c5c1a8d00fa,9.1.0,"[26607, 26570, 26533, 26496, 26459, 26422, 26385, 26605, 26568, 26531, 26494, 26457, 26420, 26383, 26603, 26566]","[4, 4, 4, 4, 4, 4, 4, 4, 4, 4, 4, 4, 4, 4, 4, 4]",0,full_ragged_prefill_b16_m64_kv26624_ragged_compact_tp4,True,npu:5,5,Ascend950PR_957b,,bfloat16,False,256,paged_prefill_small_q_grouped_kernel,26624,ragged,64,4,26383,28,1,6,56,64,msprof/candidate/paged_prefill_small_q_grouped_kernel.log.gz,candidate,3.11.10,64,16,msprof_primary_kernel,"[26607, 26570, 26533, 26496, 26459, 26422, 26385, 26605, 26568, 26531, 26494, 26457, 26420, 26383, 26603, 26566]","[4, 4, 4, 4, 4, 4, 4, 4, 4, 4, 4, 4, 4, 4, 4, 4]",3,16,1,20260829,01790a8822d05f1567800eede766c1833c2bfc129382eaddc1f7a0692343ca1e,float32,3682,0.09119556747428784,MEASURED,,compact,353.069,351.0856626666667,350.088989,350.098999,msprof_op_task_duration_acceptance,ragged_prefill,2.10.0.post4.dev20260715,2.10.0+cpu,4,3.2.0,6b5219f487b5b3ac57679a6a4387bc1d5d3a75f9
full,c47f9bdcfb879eb73723521240a48a9bae99349d094a1fb82563535aabde82ec,6b5219f487b5b3ac57679a6a4387bc1d5d3a75f9,64,native_NHD_then_page_head_token_dim_permute,82f9e00dd9c169444330b20b411fdeeade867cd0d7fc3bfb55371c5c1a8d00fa,9.1.0,[4096],[1024],0,full_dense_m1024_kv4096_uniform_compact_tp4,True,npu:5,5,Ascend950PR_957b,,bfloat16,False,256,paged_prefill_page_aggregation_kernel,4096,uniform,1024,1024,4096,28,1,6,56,64,msprof/candidate/paged_prefill_page_aggregation_kernel.log.gz,candidate,3.11.10,1024,1,msprof_primary_kernel,[4096],[1024],3,1,1,20260829,9b84683dac3fefff8a6721a69bbb95052b3ae4ab116697a515faa837148290d9,float32,2075,0.09119556747428784,MEASURED,,compact,169.610001,169.363668,169.063004,169.417999,msprof_op_task_duration_acceptance,dense,2.10.0.post4.dev20260715,2.10.0+cpu,4,3.2.0,6b5219f487b5b3ac57679a6a4387bc1d5d3a75f9
full,c47f9bdcfb879eb73723521240a48a9bae99349d094a1fb82563535aabde82ec,6b5219f487b5b3ac57679a6a4387bc1d5d3a75f9,264,native_NHD_then_page_head_token_dim_permute,82f9e00dd9c169444330b20b411fdeeade867cd0d7fc3bfb55371c5c1a8d00fa,9.1.0,[16879],[1024],0,full_dense_m1024_kv16896_ragged_compact_tp4,True,npu:5,5,Ascend950PR_957b,,bfloat16,False,256,paged_prefill_page_aggregation_kernel,16896,ragged,1024,1024,16879,28,1,6,56,64,msprof/candidate/paged_prefill_page_aggregation_kernel.log.gz,candidate,3.11.10,1024,1,msprof_primary_kernel,[16879],[1024],3,1,1,20260829,9b84683dac3fefff8a6721a69bbb95052b3ae4ab116697a515faa837148290d9,float32,2075,0.09119556747428784,MEASURED,,compact,738.390015,737.9213463333332,737.619019,737.755005,msprof_op_task_duration_acceptance,dense,2.10.0.post4.dev20260715,2.10.0+cpu,4,3.2.0,6b5219f487b5b3ac57679a6a4387bc1d5d3a75f9
full,c47f9bdcfb879eb73723521240a48a9bae99349d094a1fb82563535aabde82ec,6b5219f487b5b3ac57679a6a4387bc1d5d3a75f9,64,native_NHD_then_page_head_token_dim_permute,82f9e00dd9c169444330b20b411fdeeade867cd0d7fc3bfb55371c5c1a8d00fa,9.1.0,[4096],[257],0,full_dense_m257_kv4096_uniform_compact_tp4,True,npu:5,5,Ascend950PR_957b,,bfloat16,False,256,paged_prefill_page_aggregation_kernel,4096,uniform,257,257,4096,28,1,6,56,64,msprof/candidate/paged_prefill_page_aggregation_kernel.log.gz,candidate,3.11.10,257,1,msprof_primary_kernel,[4096],[257],3,1,1,20260829,9b84683dac3fefff8a6721a69bbb95052b3ae4ab116697a515faa837148290d9,float32,2075,0.09119556747428784,MEASURED,,compact,98.805,98.13400000000001,97.575996,98.021004,msprof_op_task_duration_acceptance,dense,2.10.0.post4.dev20260715,2.10.0+cpu,4,3.2.0,6b5219f487b5b3ac57679a6a4387bc1d5d3a75f9
full,c47f9bdcfb879eb73723521240a48a9bae99349d094a1fb82563535aabde82ec,6b5219f487b5b3ac57679a6a4387bc1d5d3a75f9,64,native_NHD_then_page_head_token_dim_permute,82f9e00dd9c169444330b20b411fdeeade867cd0d7fc3bfb55371c5c1a8d00fa,9.1.0,[4096],[383],0,full_dense_m383_kv4096_uniform_compact_tp4,True,npu:5,5,Ascend950PR_957b,,bfloat16,False,256,paged_prefill_page_aggregation_kernel,4096,uniform,383,383,4096,28,1,6,56,64,msprof/candidate/paged_prefill_page_aggregation_kernel.log.gz,candidate,3.11.10,383,1,msprof_primary_kernel,[4096],[383],3,1,1,20260829,9b84683dac3fefff8a6721a69bbb95052b3ae4ab116697a515faa837148290d9,float32,2075,0.09119556747428784,MEASURED,,compact,98.411003,97.97133366666667,97.603996,97.899002,msprof_op_task_duration_acceptance,dense,2.10.0.post4.dev20260715,2.10.0+cpu,4,3.2.0,6b5219f487b5b3ac57679a6a4387bc1d5d3a75f9
full,c47f9bdcfb879eb73723521240a48a9bae99349d094a1fb82563535aabde82ec,6b5219f487b5b3ac57679a6a4387bc1d5d3a75f9,64,native_NHD_then_page_head_token_dim_permute,82f9e00dd9c169444330b20b411fdeeade867cd0d7fc3bfb55371c5c1a8d00fa,9.1.0,[4096],[511],0,full_dense_m511_kv4096_uniform_compact_tp4,True,npu:5,5,Ascend950PR_957b,,bfloat16,False,256,paged_prefill_page_aggregation_kernel,4096,uniform,511,511,4096,28,1,6,56,64,msprof/candidate/paged_prefill_page_aggregation_kernel.log.gz,candidate,3.11.10,511,1,msprof_primary_kernel,[4096],[511],3,1,1,20260829,9b84683dac3fefff8a6721a69bbb95052b3ae4ab116697a515faa837148290d9,float32,2075,0.09119556747428784,MEASURED,,compact,98.664001,98.47066733333334,98.341003,98.406998,msprof_op_task_duration_acceptance,dense,2.10.0.post4.dev20260715,2.10.0+cpu,4,3.2.0,6b5219f487b5b3ac57679a6a4387bc1d5d3a75f9
full,c47f9bdcfb879eb73723521240a48a9bae99349d094a1fb82563535aabde82ec,6b5219f487b5b3ac57679a6a4387bc1d5d3a75f9,64,native_NHD_then_page_head_token_dim_permute,82f9e00dd9c169444330b20b411fdeeade867cd0d7fc3bfb55371c5c1a8d00fa,9.1.0,[4096],[512],0,full_dense_m512_kv4096_uniform_compact_tp4,True,npu:5,5,Ascend950PR_957b,,bfloat16,False,256,paged_prefill_page_aggregation_kernel,4096,uniform,512,512,4096,28,1,6,56,64,msprof/candidate/paged_prefill_page_aggregation_kernel.log.gz,candidate,3.11.10,512,1,msprof_primary_kernel,[4096],[512],3,1,1,20260829,9b84683dac3fefff8a6721a69bbb95052b3ae4ab116697a515faa837148290d9,float32,2075,0.09119556747428784,MEASURED,,compact,98.956001,98.54866533333335,97.821999,98.867996,msprof_op_task_duration_acceptance,dense,2.10.0.post4.dev20260715,2.10.0+cpu,4,3.2.0,6b5219f487b5b3ac57679a6a4387bc1d5d3a75f9
full,c47f9bdcfb879eb73723521240a48a9bae99349d094a1fb82563535aabde82ec,6b5219f487b5b3ac57679a6a4387bc1d5d3a75f9,64,native_NHD_then_page_head_token_dim_permute,82f9e00dd9c169444330b20b411fdeeade867cd0d7fc3bfb55371c5c1a8d00fa,9.1.0,[4096],[513],0,full_dense_m513_kv4096_uniform_compact_tp4,True,npu:5,5,Ascend950PR_957b,,bfloat16,False,256,paged_prefill_page_aggregation_kernel,4096,uniform,513,513,4096,28,1,6,56,64,msprof/candidate/paged_prefill_page_aggregation_kernel.log.gz,candidate,3.11.10,513,1,msprof_primary_kernel,[4096],[513],3,1,1,20260829,9b84683dac3fefff8a6721a69bbb95052b3ae4ab116697a515faa837148290d9,float32,2075,0.09119556747428784,MEASURED,,compact,173.851013,173.64567566666665,173.275009,173.811005,msprof_op_task_duration_acceptance,dense,2.10.0.post4.dev20260715,2.10.0+cpu,4,3.2.0,6b5219f487b5b3ac57679a6a4387bc1d5d3a75f9
full,c47f9bdcfb879eb73723521240a48a9bae99349d094a1fb82563535aabde82ec,6b5219f487b5b3ac57679a6a4387bc1d5d3a75f9,64,native_NHD_then_page_head_token_dim_permute,82f9e00dd9c169444330b20b411fdeeade867cd0d7fc3bfb55371c5c1a8d00fa,9.1.0,[4096],[641],0,full_dense_m641_kv4096_uniform_compact_tp4,True,npu:5,5,Ascend950PR_957b,,bfloat16,False,256,paged_prefill_page_aggregation_kernel,4096,uniform,641,641,4096,28,1,6,56,64,msprof/candidate/paged_prefill_page_aggregation_kernel.log.gz,candidate,3.11.10,641,1,msprof_primary_kernel,[4096],[641],3,1,1,20260829,9b84683dac3fefff8a6721a69bbb95052b3ae4ab116697a515faa837148290d9,float32,2075,0.09119556747428784,MEASURED,,compact,173.867996,173.56766233333335,173.145996,173.688995,msprof_op_task_duration_acceptance,dense,2.10.0.post4.dev20260715,2.10.0+cpu,4,3.2.0,6b5219f487b5b3ac57679a6a4387bc1d5d3a75f9
full,c47f9bdcfb879eb73723521240a48a9bae99349d094a1fb82563535aabde82ec,6b5219f487b5b3ac57679a6a4387bc1d5d3a75f9,64,native_NHD_then_page_head_token_dim_permute,82f9e00dd9c169444330b20b411fdeeade867cd0d7fc3bfb55371c5c1a8d00fa,9.1.0,[4096],[767],0,full_dense_m767_kv4096_uniform_compact_tp4,True,npu:5,5,Ascend950PR_957b,,bfloat16,False,256,paged_prefill_page_aggregation_kernel,4096,uniform,767,767,4096,28,1,6,56,64,msprof/candidate/paged_prefill_page_aggregation_kernel.log.gz,candidate,3.11.10,767,1,msprof_primary_kernel,[4096],[767],3,1,1,20260829,9b84683dac3fefff8a6721a69bbb95052b3ae4ab116697a515faa837148290d9,float32,2075,0.09119556747428784,MEASURED,,compact,172.057999,171.30832933333332,170.924988,170.942001,msprof_op_task_duration_acceptance,dense,2.10.0.post4.dev20260715,2.10.0+cpu,4,3.2.0,6b5219f487b5b3ac57679a6a4387bc1d5d3a75f9
full,c47f9bdcfb879eb73723521240a48a9bae99349d094a1fb82563535aabde82ec,6b5219f487b5b3ac57679a6a4387bc1d5d3a75f9,64,native_NHD_then_page_head_token_dim_permute,82f9e00dd9c169444330b20b411fdeeade867cd0d7fc3bfb55371c5c1a8d00fa,9.1.0,[4096],[1023],0,full_dense_m1023_kv4096_uniform_compact_tp4,True,npu:5,5,Ascend950PR_957b,,bfloat16,False,256,paged_prefill_page_aggregation_kernel,4096,uniform,1023,1023,4096,28,1,6,56,64,msprof/candidate/paged_prefill_page_aggregation_kernel.log.gz,candidate,3.11.10,1023,1,msprof_primary_kernel,[4096],[1023],3,1,1,20260829,9b84683dac3fefff8a6721a69bbb95052b3ae4ab116697a515faa837148290d9,float32,2075,0.09119556747428784,MEASURED,,compact,171.695999,171.34533666666667,171.047012,171.292999,msprof_op_task_duration_acceptance,dense,2.10.0.post4.dev20260715,2.10.0+cpu,4,3.2.0,6b5219f487b5b3ac57679a6a4387bc1d5d3a75f9
full,c47f9bdcfb879eb73723521240a48a9bae99349d094a1fb82563535aabde82ec,6b5219f487b5b3ac57679a6a4387bc1d5d3a75f9,264,native_NHD_then_page_head_token_dim_permute,82f9e00dd9c169444330b20b411fdeeade867cd0d7fc3bfb55371c5c1a8d00fa,9.1.0,[16879],[257],0,full_dense_m257_kv16896_ragged_compact_tp4,True,npu:5,5,Ascend950PR_957b,,bfloat16,False,256,paged_prefill_page_aggregation_kernel,16896,ragged,257,257,16879,28,1,6,56,64,msprof/candidate/paged_prefill_page_aggregation_kernel.log.gz,candidate,3.11.10,257,1,msprof_primary_kernel,[16879],[257],3,1,1,20260829,9b84683dac3fefff8a6721a69bbb95052b3ae4ab116697a515faa837148290d9,float32,2075,0.09119556747428784,MEASURED,,compact,383.153992,382.7136536666667,381.984985,383.001984,msprof_op_task_duration_acceptance,dense,2.10.0.post4.dev20260715,2.10.0+cpu,4,3.2.0,6b5219f487b5b3ac57679a6a4387bc1d5d3a75f9
full,c47f9bdcfb879eb73723521240a48a9bae99349d094a1fb82563535aabde82ec,6b5219f487b5b3ac57679a6a4387bc1d5d3a75f9,416,native_NHD_then_page_head_token_dim_permute,82f9e00dd9c169444330b20b411fdeeade867cd0d7fc3bfb55371c5c1a8d00fa,9.1.0,[26607],[257],0,full_dense_m257_kv26624_ragged_compact_tp4,True,npu:5,5,Ascend950PR_957b,,bfloat16,False,256,paged_prefill_page_aggregation_kernel,26624,ragged,257,257,26607,28,1,6,56,64,msprof/candidate/paged_prefill_page_aggregation_kernel.log.gz,candidate,3.11.10,257,1,msprof_primary_kernel,[26607],[257],3,1,1,20260829,9b84683dac3fefff8a6721a69bbb95052b3ae4ab116697a515faa837148290d9,float32,2075,0.09119556747428784,MEASURED,,compact,599.51001,599.1446736666667,598.747009,599.177002,msprof_op_task_duration_acceptance,dense,2.10.0.post4.dev20260715,2.10.0+cpu,4,3.2.0,6b5219f487b5b3ac57679a6a4387bc1d5d3a75f9
full,c47f9bdcfb879eb73723521240a48a9bae99349d094a1fb82563535aabde82ec,6b5219f487b5b3ac57679a6a4387bc1d5d3a75f9,64,native_NHD_then_page_head_token_dim_permute,82f9e00dd9c169444330b20b411fdeeade867cd0d7fc3bfb55371c5c1a8d00fa,9.1.0,"[4079, 4042, 4005, 3968, 3931, 3894, 3857, 4077, 4040, 4003, 3966, 3929, 3892, 3855, 4075, 4038]","[16, 17, 16, 16, 16, 16, 16, 16, 16, 16, 16, 16, 16, 16, 16, 16]",0,full_ragged_prefill_b16_m257_kv4096_ragged_compact_tp4,True,npu:5,5,Ascend950PR_957b,,bfloat16,False,256,paged_prefill_mid_q_grouped_kernel,4096,ragged,257,17,3855,28,1,6,56,64,msprof/candidate/paged_prefill_mid_q_grouped_kernel.log.gz,candidate,3.11.10,257,16,msprof_primary_kernel,"[4079, 4042, 4005, 3968, 3931, 3894, 3857, 4077, 4040, 4003, 3966, 3929, 3892, 3855, 4075, 4038]","[16, 17, 16, 16, 16, 16, 16, 16, 16, 16, 16, 16, 16, 16, 16, 16]",3,16,1,20260829,51aceee66f7a0ed79f5f238cae3364364c070c55080bb9afbca032b2a17a1981,float32,5079,0.09119556747428784,MEASURED,,compact,151.007996,150.67333,150.227997,150.783997,msprof_op_task_duration_acceptance,ragged_prefill,2.10.0.post4.dev20260715,2.10.0+cpu,4,3.2.0,6b5219f487b5b3ac57679a6a4387bc1d5d3a75f9
full,c47f9bdcfb879eb73723521240a48a9bae99349d094a1fb82563535aabde82ec,6b5219f487b5b3ac57679a6a4387bc1d5d3a75f9,64,native_NHD_then_page_head_token_dim_permute,82f9e00dd9c169444330b20b411fdeeade867cd0d7fc3bfb55371c5c1a8d00fa,9.1.0,[4096],[5],0,full_dense_m5_kv4096_uniform_compact_tp4,True,npu:5,5,Ascend950PR_957b,,bfloat16,False,256,paged_prefill_mid_q_grouped_kernel,4096,uniform,5,5,4096,28,1,6,56,64,msprof/candidate/paged_prefill_mid_q_grouped_kernel.log.gz,candidate,3.11.10,5,1,msprof_primary_kernel,[4096],[5],3,1,1,20260829,51aceee66f7a0ed79f5f238cae3364364c070c55080bb9afbca032b2a17a1981,float32,5079,0.09119556747428784,MEASURED,,compact,75.542,75.36833433333334,75.152,75.411003,msprof_op_task_duration_acceptance,dense,2.10.0.post4.dev20260715,2.10.0+cpu,4,3.2.0,6b5219f487b5b3ac57679a6a4387bc1d5d3a75f9
full,c47f9bdcfb879eb73723521240a48a9bae99349d094a1fb82563535aabde82ec,6b5219f487b5b3ac57679a6a4387bc1d5d3a75f9,64,native_NHD_then_page_head_token_dim_permute,82f9e00dd9c169444330b20b411fdeeade867cd0d7fc3bfb55371c5c1a8d00fa,9.1.0,[4096],[7],0,full_dense_m7_kv4096_uniform_compact_tp4,True,npu:5,5,Ascend950PR_957b,,bfloat16,False,256,paged_prefill_mid_q_grouped_kernel,4096,uniform,7,7,4096,28,1,6,56,64,msprof/candidate/paged_prefill_mid_q_grouped_kernel.log.gz,candidate,3.11.10,7,1,msprof_primary_kernel,[4096],[7],3,1,1,20260829,51aceee66f7a0ed79f5f238cae3364364c070c55080bb9afbca032b2a17a1981,float32,5079,0.09119556747428784,MEASURED,,compact,75.624001,75.54833233333333,75.463997,75.556999,msprof_op_task_duration_acceptance,dense,2.10.0.post4.dev20260715,2.10.0+cpu,4,3.2.0,6b5219f487b5b3ac57679a6a4387bc1d5d3a75f9
full,c47f9bdcfb879eb73723521240a48a9bae99349d094a1fb82563535aabde82ec,6b5219f487b5b3ac57679a6a4387bc1d5d3a75f9,64,native_NHD_then_page_head_token_dim_permute,82f9e00dd9c169444330b20b411fdeeade867cd0d7fc3bfb55371c5c1a8d00fa,9.1.0,[4096],[8],0,full_dense_m8_kv4096_uniform_compact_tp4,True,npu:5,5,Ascend950PR_957b,,bfloat16,False,256,paged_prefill_mid_q_grouped_kernel,4096,uniform,8,8,4096,28,1,6,56,64,msprof/candidate/paged_prefill_mid_q_grouped_kernel.log.gz,candidate,3.11.10,8,1,msprof_primary_kernel,[4096],[8],3,1,1,20260829,51aceee66f7a0ed79f5f238cae3364364c070c55080bb9afbca032b2a17a1981,float32,5079,0.09119556747428784,MEASURED,,compact,75.540001,75.47533433333332,75.432999,75.453003,msprof_op_task_duration_acceptance,dense,2.10.0.post4.dev20260715,2.10.0+cpu,4,3.2.0,6b5219f487b5b3ac57679a6a4387bc1d5d3a75f9
full,c47f9bdcfb879eb73723521240a48a9bae99349d094a1fb82563535aabde82ec,6b5219f487b5b3ac57679a6a4387bc1d5d3a75f9,64,native_NHD_then_page_head_token_dim_permute,82f9e00dd9c169444330b20b411fdeeade867cd0d7fc3bfb55371c5c1a8d00fa,9.1.0,[4096],[15],0,full_dense_m15_kv4096_uniform_compact_tp4,True,npu:5,5,Ascend950PR_957b,,bfloat16,False,256,paged_prefill_mid_q_grouped_kernel,4096,uniform,15,15,4096,28,1,6,56,64,msprof/candidate/paged_prefill_mid_q_grouped_kernel.log.gz,candidate,3.11.10,15,1,msprof_primary_kernel,[4096],[15],3,1,1,20260829,51aceee66f7a0ed79f5f238cae3364364c070c55080bb9afbca032b2a17a1981,float32,5079,0.09119556747428784,MEASURED,,compact,75.855003,75.68933333333332,75.560997,75.652,msprof_op_task_duration_acceptance,dense,2.10.0.post4.dev20260715,2.10.0+cpu,4,3.2.0,6b5219f487b5b3ac57679a6a4387bc1d5d3a75f9
full,c47f9bdcfb879eb73723521240a48a9bae99349d094a1fb82563535aabde82ec,6b5219f487b5b3ac57679a6a4387bc1d5d3a75f9,64,native_NHD_then_page_head_token_dim_permute,82f9e00dd9c169444330b20b411fdeeade867cd0d7fc3bfb55371c5c1a8d00fa,9.1.0,[4096],[16],0,full_dense_m16_kv4096_uniform_compact_tp4,True,npu:5,5,Ascend950PR_957b,,bfloat16,False,256,paged_prefill_mid_q_grouped_kernel,4096,uniform,16,16,4096,28,1,6,56,64,msprof/candidate/paged_prefill_mid_q_grouped_kernel.log.gz,candidate,3.11.10,16,1,msprof_primary_kernel,[4096],[16],3,1,1,20260829,51aceee66f7a0ed79f5f238cae3364364c070c55080bb9afbca032b2a17a1981,float32,5079,0.09119556747428784,MEASURED,,compact,76.282997,75.98233033333334,75.783997,75.879997,msprof_op_task_duration_acceptance,dense,2.10.0.post4.dev20260715,2.10.0+cpu,4,3.2.0,6b5219f487b5b3ac57679a6a4387bc1d5d3a75f9
full,c47f9bdcfb879eb73723521240a48a9bae99349d094a1fb82563535aabde82ec,6b5219f487b5b3ac57679a6a4387bc1d5d3a75f9,64,native_NHD_then_page_head_token_dim_permute,82f9e00dd9c169444330b20b411fdeeade867cd0d7fc3bfb55371c5c1a8d00fa,9.1.0,[4096],[17],0,full_dense_m17_kv4096_uniform_compact_tp4,True,npu:5,5,Ascend950PR_957b,,bfloat16,False,256,paged_prefill_mid_q_grouped_kernel,4096,uniform,17,17,4096,28,1,6,56,64,msprof/candidate/paged_prefill_mid_q_grouped_kernel.log.gz,candidate,3.11.10,17,1,msprof_primary_kernel,[4096],[17],3,1,1,20260829,51aceee66f7a0ed79f5f238cae3364364c070c55080bb9afbca032b2a17a1981,float32,5079,0.09119556747428784,MEASURED,,compact,76.012001,75.81866733333334,75.676003,75.767998,msprof_op_task_duration_acceptance,dense,2.10.0.post4.dev20260715,2.10.0+cpu,4,3.2.0,6b5219f487b5b3ac57679a6a4387bc1d5d3a75f9
full,c47f9bdcfb879eb73723521240a48a9bae99349d094a1fb82563535aabde82ec,6b5219f487b5b3ac57679a6a4387bc1d5d3a75f9,64,native_NHD_then_page_head_token_dim_permute,82f9e00dd9c169444330b20b411fdeeade867cd0d7fc3bfb55371c5c1a8d00fa,9.1.0,[4096],[23],0,full_dense_m23_kv4096_uniform_compact_tp4,True,npu:5,5,Ascend950PR_957b,,bfloat16,False,256,paged_prefill_mid_q_grouped_kernel,4096,uniform,23,23,4096,28,1,6,56,64,msprof/candidate/paged_prefill_mid_q_grouped_kernel.log.gz,candidate,3.11.10,23,1,msprof_primary_kernel,[4096],[23],3,1,1,20260829,51aceee66f7a0ed79f5f238cae3364364c070c55080bb9afbca032b2a17a1981,float32,5079,0.09119556747428784,MEASURED,,compact,75.723,75.70233433333333,75.676003,75.708,msprof_op_task_duration_acceptance,dense,2.10.0.post4.dev20260715,2.10.0+cpu,4,3.2.0,6b5219f487b5b3ac57679a6a4387bc1d5d3a75f9
full,c47f9bdcfb879eb73723521240a48a9bae99349d094a1fb82563535aabde82ec,6b5219f487b5b3ac57679a6a4387bc1d5d3a75f9,64,native_NHD_then_page_head_token_dim_permute,82f9e00dd9c169444330b20b411fdeeade867cd0d7fc3bfb55371c5c1a8d00fa,9.1.0,[4096],[31],0,full_dense_m31_kv4096_uniform_compact_tp4,True,npu:5,5,Ascend950PR_957b,,bfloat16,False,256,paged_prefill_mid_q_grouped_kernel,4096,uniform,31,31,4096,28,1,6,56,64,msprof/candidate/paged_prefill_mid_q_grouped_kernel.log.gz,candidate,3.11.10,31,1,msprof_primary_kernel,[4096],[31],3,1,1,20260829,51aceee66f7a0ed79f5f238cae3364364c070c55080bb9afbca032b2a17a1981,float32,5079,0.09119556747428784,MEASURED,,compact,76.336998,75.92266866666667,75.660004,75.771004,msprof_op_task_duration_acceptance,dense,2.10.0.post4.dev20260715,2.10.0+cpu,4,3.2.0,6b5219f487b5b3ac57679a6a4387bc1d5d3a75f9
full,c47f9bdcfb879eb73723521240a48a9bae99349d094a1fb82563535aabde82ec,6b5219f487b5b3ac57679a6a4387bc1d5d3a75f9,64,native_NHD_then_page_head_token_dim_permute,82f9e00dd9c169444330b20b411fdeeade867cd0d7fc3bfb55371c5c1a8d00fa,9.1.0,[4096],[32],0,full_dense_m32_kv4096_uniform_compact_tp4,True,npu:5,5,Ascend950PR_957b,,bfloat16,False,256,paged_prefill_mid_q_grouped_kernel,4096,uniform,32,32,4096,28,1,6,56,64,msprof/candidate/paged_prefill_mid_q_grouped_kernel.log.gz,candidate,3.11.10,32,1,msprof_primary_kernel,[4096],[32],3,1,1,20260829,51aceee66f7a0ed79f5f238cae3364364c070c55080bb9afbca032b2a17a1981,float32,5079,0.09119556747428784,MEASURED,,compact,76.279999,76.02899933333333,75.889999,75.917,msprof_op_task_duration_acceptance,dense,2.10.0.post4.dev20260715,2.10.0+cpu,4,3.2.0,6b5219f487b5b3ac57679a6a4387bc1d5d3a75f9
full,c47f9bdcfb879eb73723521240a48a9bae99349d094a1fb82563535aabde82ec,6b5219f487b5b3ac57679a6a4387bc1d5d3a75f9,64,native_NHD_then_page_head_token_dim_permute,82f9e00dd9c169444330b20b411fdeeade867cd0d7fc3bfb55371c5c1a8d00fa,9.1.0,[4096],[33],0,full_dense_m33_kv4096_uniform_compact_tp4,True,npu:5,5,Ascend950PR_957b,,bfloat16,False,256,paged_prefill_mid_q_grouped_kernel,4096,uniform,33,33,4096,28,1,6,56,64,msprof/candidate/paged_prefill_mid_q_grouped_kernel.log.gz,candidate,3.11.10,33,1,msprof_primary_kernel,[4096],[33],3,1,1,20260829,51aceee66f7a0ed79f5f238cae3364364c070c55080bb9afbca032b2a17a1981,float32,5079,0.09119556747428784,MEASURED,,compact,76.559998,75.78399933333333,75.237,75.555,msprof_op_task_duration_acceptance,dense,2.10.0.post4.dev20260715,2.10.0+cpu,4,3.2.0,6b5219f487b5b3ac57679a6a4387bc1d5d3a75f9
full,c47f9bdcfb879eb73723521240a48a9bae99349d094a1fb82563535aabde82ec,6b5219f487b5b3ac57679a6a4387bc1d5d3a75f9,64,native_NHD_then_page_head_token_dim_permute,82f9e00dd9c169444330b20b411fdeeade867cd0d7fc3bfb55371c5c1a8d00fa,9.1.0,[4096],[37],0,full_dense_m37_kv4096_uniform_compact_tp4,True,npu:5,5,Ascend950PR_957b,,bfloat16,False,256,paged_prefill_mid_q_grouped_kernel,4096,uniform,37,37,4096,28,1,6,56,64,msprof/candidate/paged_prefill_mid_q_grouped_kernel.log.gz,candidate,3.11.10,37,1,msprof_primary_kernel,[4096],[37],3,1,1,20260829,51aceee66f7a0ed79f5f238cae3364364c070c55080bb9afbca032b2a17a1981,float32,5079,0.09119556747428784,MEASURED,,compact,75.459,75.20466633333334,74.992996,75.162003,msprof_op_task_duration_acceptance,dense,2.10.0.post4.dev20260715,2.10.0+cpu,4,3.2.0,6b5219f487b5b3ac57679a6a4387bc1d5d3a75f9
full,c47f9bdcfb879eb73723521240a48a9bae99349d094a1fb82563535aabde82ec,6b5219f487b5b3ac57679a6a4387bc1d5d3a75f9,64,native_NHD_then_page_head_token_dim_permute,82f9e00dd9c169444330b20b411fdeeade867cd0d7fc3bfb55371c5c1a8d00fa,9.1.0,[4096],[47],0,full_dense_m47_kv4096_uniform_compact_tp4,True,npu:5,5,Ascend950PR_957b,,bfloat16,False,256,paged_prefill_mid_q_grouped_kernel,4096,uniform,47,47,4096,28,1,6,56,64,msprof/candidate/paged_prefill_mid_q_grouped_kernel.log.gz,candidate,3.11.10,47,1,msprof_primary_kernel,[4096],[47],3,1,1,20260829,51aceee66f7a0ed79f5f238cae3364364c070c55080bb9afbca032b2a17a1981,float32,5079,0.09119556747428784,MEASURED,,compact,75.622002,75.57300066666666,75.515999,75.581001,msprof_op_task_duration_acceptance,dense,2.10.0.post4.dev20260715,2.10.0+cpu,4,3.2.0,6b5219f487b5b3ac57679a6a4387bc1d5d3a75f9
full,c47f9bdcfb879eb73723521240a48a9bae99349d094a1fb82563535aabde82ec,6b5219f487b5b3ac57679a6a4387bc1d5d3a75f9,64,native_NHD_then_page_head_token_dim_permute,82f9e00dd9c169444330b20b411fdeeade867cd0d7fc3bfb55371c5c1a8d00fa,9.1.0,[4096],[48],0,full_dense_m48_kv4096_uniform_compact_tp4,True,npu:5,5,Ascend950PR_957b,,bfloat16,False,256,paged_prefill_mid_q_grouped_kernel,4096,uniform,48,48,4096,28,1,6,56,64,msprof/candidate/paged_prefill_mid_q_grouped_kernel.log.gz,candidate,3.11.10,48,1,msprof_primary_kernel,[4096],[48],3,1,1,20260829,51aceee66f7a0ed79f5f238cae3364364c070c55080bb9afbca032b2a17a1981,float32,5079,0.09119556747428784,MEASURED,,compact,75.488998,75.36333166666667,75.263,75.337997,msprof_op_task_duration_acceptance,dense,2.10.0.post4.dev20260715,2.10.0+cpu,4,3.2.0,6b5219f487b5b3ac57679a6a4387bc1d5d3a75f9
full,c47f9bdcfb879eb73723521240a48a9bae99349d094a1fb82563535aabde82ec,6b5219f487b5b3ac57679a6a4387bc1d5d3a75f9,64,native_NHD_then_page_head_token_dim_permute,82f9e00dd9c169444330b20b411fdeeade867cd0d7fc3bfb55371c5c1a8d00fa,9.1.0,[4096],[49],0,full_dense_m49_kv4096_uniform_compact_tp4,True,npu:5,5,Ascend950PR_957b,,bfloat16,False,256,paged_prefill_mid_q_grouped_kernel,4096,uniform,49,49,4096,28,1,6,56,64,msprof/candidate/paged_prefill_mid_q_grouped_kernel.log.gz,candidate,3.11.10,49,1,msprof_primary_kernel,[4096],[49],3,1,1,20260829,51aceee66f7a0ed79f5f238cae3364364c070c55080bb9afbca032b2a17a1981,float32,5079,0.09119556747428784,MEASURED,,compact,75.542999,75.45933266666667,75.32,75.514999,msprof_op_task_duration_acceptance,dense,2.10.0.post4.dev20260715,2.10.0+cpu,4,3.2.0,6b5219f487b5b3ac57679a6a4387bc1d5d3a75f9
full,c47f9bdcfb879eb73723521240a48a9bae99349d094a1fb82563535aabde82ec,6b5219f487b5b3ac57679a6a4387bc1d5d3a75f9,64,native_NHD_then_page_head_token_dim_permute,82f9e00dd9c169444330b20b411fdeeade867cd0d7fc3bfb55371c5c1a8d00fa,9.1.0,[4096],[63],0,full_dense_m63_kv4096_uniform_compact_tp4,True,npu:5,5,Ascend950PR_957b,,bfloat16,False,256,paged_prefill_mid_q_grouped_kernel,4096,uniform,63,63,4096,28,1,6,56,64,msprof/candidate/paged_prefill_mid_q_grouped_kernel.log.gz,candidate,3.11.10,63,1,msprof_primary_kernel,[4096],[63],3,1,1,20260829,51aceee66f7a0ed79f5f238cae3364364c070c55080bb9afbca032b2a17a1981,float32,5079,0.09119556747428784,MEASURED,,compact,75.642998,75.47666400000001,75.323997,75.462997,msprof_op_task_duration_acceptance,dense,2.10.0.post4.dev20260715,2.10.0+cpu,4,3.2.0,6b5219f487b5b3ac57679a6a4387bc1d5d3a75f9
full,c47f9bdcfb879eb73723521240a48a9bae99349d094a1fb82563535aabde82ec,6b5219f487b5b3ac57679a6a4387bc1d5d3a75f9,64,native_NHD_then_page_head_token_dim_permute,82f9e00dd9c169444330b20b411fdeeade867cd0d7fc3bfb55371c5c1a8d00fa,9.1.0,[4096],[64],0,full_dense_m64_kv4096_uniform_compact_tp4,True,npu:5,5,Ascend950PR_957b,,bfloat16,False,256,paged_prefill_mid_q_grouped_kernel,4096,uniform,64,64,4096,28,1,6,56,64,msprof/candidate/paged_prefill_mid_q_grouped_kernel.log.gz,candidate,3.11.10,64,1,msprof_primary_kernel,[4096],[64],3,1,1,20260829,51aceee66f7a0ed79f5f238cae3364364c070c55080bb9afbca032b2a17a1981,float32,5079,0.09119556747428784,MEASURED,,compact,75.684998,75.54266366666666,75.311996,75.630997,msprof_op_task_duration_acceptance,dense,2.10.0.post4.dev20260715,2.10.0+cpu,4,3.2.0,6b5219f487b5b3ac57679a6a4387bc1d5d3a75f9
full,c47f9bdcfb879eb73723521240a48a9bae99349d094a1fb82563535aabde82ec,6b5219f487b5b3ac57679a6a4387bc1d5d3a75f9,64,native_NHD_then_page_head_token_dim_permute,82f9e00dd9c169444330b20b411fdeeade867cd0d7fc3bfb55371c5c1a8d00fa,9.1.0,[4096],[65],0,full_dense_m65_kv4096_uniform_compact_tp4,True,npu:5,5,Ascend950PR_957b,,bfloat16,False,256,paged_prefill_mid_q_grouped_kernel,4096,uniform,65,65,4096,28,1,6,56,64,msprof/candidate/paged_prefill_mid_q_grouped_kernel.log.gz,candidate,3.11.10,65,1,msprof_primary_kernel,[4096],[65],3,1,1,20260829,51aceee66f7a0ed79f5f238cae3364364c070c55080bb9afbca032b2a17a1981,float32,5079,0.09119556747428784,MEASURED,,compact,75.622002,75.50133266666667,75.264,75.617996,msprof_op_task_duration_acceptance,dense,2.10.0.post4.dev20260715,2.10.0+cpu,4,3.2.0,6b5219f487b5b3ac57679a6a4387bc1d5d3a75f9
full,c47f9bdcfb879eb73723521240a48a9bae99349d094a1fb82563535aabde82ec,6b5219f487b5b3ac57679a6a4387bc1d5d3a75f9,64,native_NHD_then_page_head_token_dim_permute,82f9e00dd9c169444330b20b411fdeeade867cd0d7fc3bfb55371c5c1a8d00fa,9.1.0,[4096],[73],0,full_dense_m73_kv4096_uniform_compact_tp4,True,npu:5,5,Ascend950PR_957b,,bfloat16,False,256,paged_prefill_mid_q_grouped_kernel,4096,uniform,73,73,4096,28,1,6,56,64,msprof/candidate/paged_prefill_mid_q_grouped_kernel.log.gz,candidate,3.11.10,73,1,msprof_primary_kernel,[4096],[73],3,1,1,20260829,51aceee66f7a0ed79f5f238cae3364364c070c55080bb9afbca032b2a17a1981,float32,5079,0.09119556747428784,MEASURED,,compact,75.385002,75.16333266666668,74.933998,75.170998,msprof_op_task_duration_acceptance,dense,2.10.0.post4.dev20260715,2.10.0+cpu,4,3.2.0,6b5219f487b5b3ac57679a6a4387bc1d5d3a75f9
full,c47f9bdcfb879eb73723521240a48a9bae99349d094a1fb82563535aabde82ec,6b5219f487b5b3ac57679a6a4387bc1d5d3a75f9,64,native_NHD_then_page_head_token_dim_permute,82f9e00dd9c169444330b20b411fdeeade867cd0d7fc3bfb55371c5c1a8d00fa,9.1.0,[4096],[95],0,full_dense_m95_kv4096_uniform_compact_tp4,True,npu:5,5,Ascend950PR_957b,,bfloat16,False,256,paged_prefill_mid_q_grouped_kernel,4096,uniform,95,95,4096,28,1,6,56,64,msprof/candidate/paged_prefill_mid_q_grouped_kernel.log.gz,candidate,3.11.10,95,1,msprof_primary_kernel,[4096],[95],3,1,1,20260829,51aceee66f7a0ed79f5f238cae3364364c070c55080bb9afbca032b2a17a1981,float32,5079,0.09119556747428784,MEASURED,,compact,75.953003,75.78699999999999,75.686996,75.721001,msprof_op_task_duration_acceptance,dense,2.10.0.post4.dev20260715,2.10.0+cpu,4,3.2.0,6b5219f487b5b3ac57679a6a4387bc1d5d3a75f9
full,c47f9bdcfb879eb73723521240a48a9bae99349d094a1fb82563535aabde82ec,6b5219f487b5b3ac57679a6a4387bc1d5d3a75f9,64,native_NHD_then_page_head_token_dim_permute,82f9e00dd9c169444330b20b411fdeeade867cd0d7fc3bfb55371c5c1a8d00fa,9.1.0,[4096],[111],0,full_dense_m111_kv4096_uniform_compact_tp4,True,npu:5,5,Ascend950PR_957b,,bfloat16,False,256,paged_prefill_mid_q_grouped_kernel,4096,uniform,111,111,4096,28,1,6,56,64,msprof/candidate/paged_prefill_mid_q_grouped_kernel.log.gz,candidate,3.11.10,111,1,msprof_primary_kernel,[4096],[111],3,1,1,20260829,51aceee66f7a0ed79f5f238cae3364364c070c55080bb9afbca032b2a17a1981,float32,5079,0.09119556747428784,MEASURED,,compact,75.580002,75.44900033333333,75.196999,75.57,msprof_op_task_duration_acceptance,dense,2.10.0.post4.dev20260715,2.10.0+cpu,4,3.2.0,6b5219f487b5b3ac57679a6a4387bc1d5d3a75f9
full,c47f9bdcfb879eb73723521240a48a9bae99349d094a1fb82563535aabde82ec,6b5219f487b5b3ac57679a6a4387bc1d5d3a75f9,64,native_NHD_then_page_head_token_dim_permute,82f9e00dd9c169444330b20b411fdeeade867cd0d7fc3bfb55371c5c1a8d00fa,9.1.0,[4096],[127],0,full_dense_m127_kv4096_uniform_compact_tp4,True,npu:5,5,Ascend950PR_957b,,bfloat16,False,256,paged_prefill_mid_q_grouped_kernel,4096,uniform,127,127,4096,28,1,6,56,64,msprof/candidate/paged_prefill_mid_q_grouped_kernel.log.gz,candidate,3.11.10,127,1,msprof_primary_kernel,[4096],[127],3,1,1,20260829,51aceee66f7a0ed79f5f238cae3364364c070c55080bb9afbca032b2a17a1981,float32,5079,0.09119556747428784,MEASURED,,compact,75.832001,75.68433133333333,75.464996,75.755997,msprof_op_task_duration_acceptance,dense,2.10.0.post4.dev20260715,2.10.0+cpu,4,3.2.0,6b5219f487b5b3ac57679a6a4387bc1d5d3a75f9
full,c47f9bdcfb879eb73723521240a48a9bae99349d094a1fb82563535aabde82ec,6b5219f487b5b3ac57679a6a4387bc1d5d3a75f9,64,native_NHD_then_page_head_token_dim_permute,82f9e00dd9c169444330b20b411fdeeade867cd0d7fc3bfb55371c5c1a8d00fa,9.1.0,[4096],[128],0,full_dense_m128_kv4096_uniform_compact_tp4,True,npu:5,5,Ascend950PR_957b,,bfloat16,False,256,paged_prefill_mid_q_grouped_kernel,4096,uniform,128,128,4096,28,1,6,56,64,msprof/candidate/paged_prefill_mid_q_grouped_kernel.log.gz,candidate,3.11.10,128,1,msprof_primary_kernel,[4096],[128],3,1,1,20260829,51aceee66f7a0ed79f5f238cae3364364c070c55080bb9afbca032b2a17a1981,float32,5079,0.09119556747428784,MEASURED,,compact,75.710999,75.57800066666667,75.374001,75.649002,msprof_op_task_duration_acceptance,dense,2.10.0.post4.dev20260715,2.10.0+cpu,4,3.2.0,6b5219f487b5b3ac57679a6a4387bc1d5d3a75f9
full,c47f9bdcfb879eb73723521240a48a9bae99349d094a1fb82563535aabde82ec,6b5219f487b5b3ac57679a6a4387bc1d5d3a75f9,64,native_NHD_then_page_head_token_dim_permute,82f9e00dd9c169444330b20b411fdeeade867cd0d7fc3bfb55371c5c1a8d00fa,9.1.0,[4096],[129],0,full_dense_m129_kv4096_uniform_compact_tp4,True,npu:5,5,Ascend950PR_957b,,bfloat16,False,256,paged_prefill_mid_q_grouped_kernel,4096,uniform,129,129,4096,28,1,6,56,64,msprof/candidate/paged_prefill_mid_q_grouped_kernel.log.gz,candidate,3.11.10,129,1,msprof_primary_kernel,[4096],[129],3,1,1,20260829,51aceee66f7a0ed79f5f238cae3364364c070c55080bb9afbca032b2a17a1981,float32,5079,0.09119556747428784,MEASURED,,compact,76.209999,76.10899866666666,75.960999,76.155998,msprof_op_task_duration_acceptance,dense,2.10.0.post4.dev20260715,2.10.0+cpu,4,3.2.0,6b5219f487b5b3ac57679a6a4387bc1d5d3a75f9
full,c47f9bdcfb879eb73723521240a48a9bae99349d094a1fb82563535aabde82ec,6b5219f487b5b3ac57679a6a4387bc1d5d3a75f9,64,native_NHD_then_page_head_token_dim_permute,82f9e00dd9c169444330b20b411fdeeade867cd0d7fc3bfb55371c5c1a8d00fa,9.1.0,[4096],[191],0,full_dense_m191_kv4096_uniform_compact_tp4,True,npu:5,5,Ascend950PR_957b,,bfloat16,False,256,paged_prefill_mid_q_grouped_kernel,4096,uniform,191,191,4096,28,1,6,56,64,msprof/candidate/paged_prefill_mid_q_grouped_kernel.log.gz,candidate,3.11.10,191,1,msprof_primary_kernel,[4096],[191],3,1,1,20260829,51aceee66f7a0ed79f5f238cae3364364c070c55080bb9afbca032b2a17a1981,float32,5079,0.09119556747428784,MEASURED,,compact,76.301003,76.16366866666665,75.985001,76.205002,msprof_op_task_duration_acceptance,dense,2.10.0.post4.dev20260715,2.10.0+cpu,4,3.2.0,6b5219f487b5b3ac57679a6a4387bc1d5d3a75f9
full,c47f9bdcfb879eb73723521240a48a9bae99349d094a1fb82563535aabde82ec,6b5219f487b5b3ac57679a6a4387bc1d5d3a75f9,64,native_NHD_then_page_head_token_dim_permute,82f9e00dd9c169444330b20b411fdeeade867cd0d7fc3bfb55371c5c1a8d00fa,9.1.0,[4096],[192],0,full_dense_m192_kv4096_uniform_compact_tp4,True,npu:5,5,Ascend950PR_957b,,bfloat16,False,256,paged_prefill_mid_q_grouped_kernel,4096,uniform,192,192,4096,28,1,6,56,64,msprof/candidate/paged_prefill_mid_q_grouped_kernel.log.gz,candidate,3.11.10,192,1,msprof_primary_kernel,[4096],[192],3,1,1,20260829,51aceee66f7a0ed79f5f238cae3364364c070c55080bb9afbca032b2a17a1981,float32,5079,0.09119556747428784,MEASURED,,compact,75.650002,75.51766733333334,75.359001,75.543999,msprof_op_task_duration_acceptance,dense,2.10.0.post4.dev20260715,2.10.0+cpu,4,3.2.0,6b5219f487b5b3ac57679a6a4387bc1d5d3a75f9
full,c47f9bdcfb879eb73723521240a48a9bae99349d094a1fb82563535aabde82ec,6b5219f487b5b3ac57679a6a4387bc1d5d3a75f9,64,native_NHD_then_page_head_token_dim_permute,82f9e00dd9c169444330b20b411fdeeade867cd0d7fc3bfb55371c5c1a8d00fa,9.1.0,[4096],[193],0,full_dense_m193_kv4096_uniform_compact_tp4,True,npu:5,5,Ascend950PR_957b,,bfloat16,False,256,paged_prefill_mid_q_grouped_kernel,4096,uniform,193,193,4096,28,1,6,56,64,msprof/candidate/paged_prefill_mid_q_grouped_kernel.log.gz,candidate,3.11.10,193,1,msprof_primary_kernel,[4096],[193],3,1,1,20260829,51aceee66f7a0ed79f5f238cae3364364c070c55080bb9afbca032b2a17a1981,float32,5079,0.09119556747428784,MEASURED,,compact,77.467003,76.67733266666666,76.059998,76.504997,msprof_op_task_duration_acceptance,dense,2.10.0.post4.dev20260715,2.10.0+cpu,4,3.2.0,6b5219f487b5b3ac57679a6a4387bc1d5d3a75f9
full,c47f9bdcfb879eb73723521240a48a9bae99349d094a1fb82563535aabde82ec,6b5219f487b5b3ac57679a6a4387bc1d5d3a75f9,64,native_NHD_then_page_head_token_dim_permute,82f9e00dd9c169444330b20b411fdeeade867cd0d7fc3bfb55371c5c1a8d00fa,9.1.0,[4096],[255],0,full_dense_m255_kv4096_uniform_compact_tp4,True,npu:5,5,Ascend950PR_957b,,bfloat16,False,256,paged_prefill_mid_q_grouped_kernel,4096,uniform,255,255,4096,28,1,6,56,64,msprof/candidate/paged_prefill_mid_q_grouped_kernel.log.gz,candidate,3.11.10,255,1,msprof_primary_kernel,[4096],[255],3,1,1,20260829,51aceee66f7a0ed79f5f238cae3364364c070c55080bb9afbca032b2a17a1981,float32,5079,0.09119556747428784,MEASURED,,compact,77.066002,76.45900233333333,75.983002,76.328003,msprof_op_task_duration_acceptance,dense,2.10.0.post4.dev20260715,2.10.0+cpu,4,3.2.0,6b5219f487b5b3ac57679a6a4387bc1d5d3a75f9
full,c47f9bdcfb879eb73723521240a48a9bae99349d094a1fb82563535aabde82ec,6b5219f487b5b3ac57679a6a4387bc1d5d3a75f9,64,native_NHD_then_page_head_token_dim_permute,82f9e00dd9c169444330b20b411fdeeade867cd0d7fc3bfb55371c5c1a8d00fa,9.1.0,[4096],[256],0,full_dense_m256_kv4096_uniform_compact_tp4,True,npu:5,5,Ascend950PR_957b,,bfloat16,False,256,paged_prefill_mid_q_grouped_kernel,4096,uniform,256,256,4096,28,1,6,56,64,msprof/candidate/paged_prefill_mid_q_grouped_kernel.log.gz,candidate,3.11.10,256,1,msprof_primary_kernel,[4096],[256],3,1,1,20260829,51aceee66f7a0ed79f5f238cae3364364c070c55080bb9afbca032b2a17a1981,float32,5079,0.09119556747428784,MEASURED,,compact,76.586998,76.41766633333333,76.299004,76.366997,msprof_op_task_duration_acceptance,dense,2.10.0.post4.dev20260715,2.10.0+cpu,4,3.2.0,6b5219f487b5b3ac57679a6a4387bc1d5d3a75f9
full,c47f9bdcfb879eb73723521240a48a9bae99349d094a1fb82563535aabde82ec,6b5219f487b5b3ac57679a6a4387bc1d5d3a75f9,64,native_NHD_then_page_head_token_dim_permute,82f9e00dd9c169444330b20b411fdeeade867cd0d7fc3bfb55371c5c1a8d00fa,9.1.0,"[4079, 4042, 4005, 3968, 3931, 3894, 3857]","[5, 6, 5, 5, 5, 5, 6]",0,full_ragged_prefill_b7_m37_kv4096_ragged_compact_tp4,True,npu:5,5,Ascend950PR_957b,,bfloat16,False,256,paged_prefill_mid_q_grouped_kernel,4096,ragged,37,6,3857,28,1,6,56,64,msprof/candidate/paged_prefill_mid_q_grouped_kernel.log.gz,candidate,3.11.10,37,7,msprof_primary_kernel,"[4079, 4042, 4005, 3968, 3931, 3894, 3857]","[5, 6, 5, 5, 5, 5, 6]",3,7,1,20260829,51aceee66f7a0ed79f5f238cae3364364c070c55080bb9afbca032b2a17a1981,float32,5079,0.09119556747428784,MEASURED,,compact,75.842003,75.626002,75.466003,75.57,msprof_op_task_duration_acceptance,ragged_prefill,2.10.0.post4.dev20260715,2.10.0+cpu,4,3.2.0,6b5219f487b5b3ac57679a6a4387bc1d5d3a75f9
full,c47f9bdcfb879eb73723521240a48a9bae99349d094a1fb82563535aabde82ec,6b5219f487b5b3ac57679a6a4387bc1d5d3a75f9,64,native_NHD_then_page_head_token_dim_permute,82f9e00dd9c169444330b20b411fdeeade867cd0d7fc3bfb55371c5c1a8d00fa,9.1.0,"[4079, 4042, 4005, 3968, 3931, 3894, 3857]","[9, 9, 9, 9, 9, 9, 9]",0,full_ragged_prefill_b7_m63_kv4096_ragged_compact_tp4,True,npu:5,5,Ascend950PR_957b,,bfloat16,False,256,paged_prefill_mid_q_grouped_kernel,4096,ragged,63,9,3857,28,1,6,56,64,msprof/candidate/paged_prefill_mid_q_grouped_kernel.log.gz,candidate,3.11.10,63,7,msprof_primary_kernel,"[4079, 4042, 4005, 3968, 3931, 3894, 3857]","[9, 9, 9, 9, 9, 9, 9]",3,7,1,20260829,51aceee66f7a0ed79f5f238cae3364364c070c55080bb9afbca032b2a17a1981,float32,5079,0.09119556747428784,MEASURED,,compact,75.379997,74.945333,74.374001,75.082001,msprof_op_task_duration_acceptance,ragged_prefill,2.10.0.post4.dev20260715,2.10.0+cpu,4,3.2.0,6b5219f487b5b3ac57679a6a4387bc1d5d3a75f9
full,c47f9bdcfb879eb73723521240a48a9bae99349d094a1fb82563535aabde82ec,6b5219f487b5b3ac57679a6a4387bc1d5d3a75f9,64,native_NHD_then_page_head_token_dim_permute,82f9e00dd9c169444330b20b411fdeeade867cd0d7fc3bfb55371c5c1a8d00fa,9.1.0,"[4079, 4042, 4005, 3968, 3931, 3894, 3857]","[18, 19, 18, 18, 18, 18, 18]",0,full_ragged_prefill_b7_m127_kv4096_ragged_compact_tp4,True,npu:5,5,Ascend950PR_957b,,bfloat16,False,256,paged_prefill_mid_q_grouped_kernel,4096,ragged,127,19,3857,28,1,6,56,64,msprof/candidate/paged_prefill_mid_q_grouped_kernel.log.gz,candidate,3.11.10,127,7,msprof_primary_kernel,"[4079, 4042, 4005, 3968, 3931, 3894, 3857]","[18, 19, 18, 18, 18, 18, 18]",3,7,1,20260829,51aceee66f7a0ed79f5f238cae3364364c070c55080bb9afbca032b2a17a1981,float32,5079,0.09119556747428784,MEASURED,,compact,76.179001,76.00233466666667,75.667999,76.160004,msprof_op_task_duration_acceptance,ragged_prefill,2.10.0.post4.dev20260715,2.10.0+cpu,4,3.2.0,6b5219f487b5b3ac57679a6a4387bc1d5d3a75f9
full,c47f9bdcfb879eb73723521240a48a9bae99349d094a1fb82563535aabde82ec,6b5219f487b5b3ac57679a6a4387bc1d5d3a75f9,64,native_NHD_then_page_head_token_dim_permute,82f9e00dd9c169444330b20b411fdeeade867cd0d7fc3bfb55371c5c1a8d00fa,9.1.0,"[4079, 4042, 4005, 3968, 3931, 3894, 3857, 4077, 4040, 4003, 3966, 3929, 3892, 3855, 4075, 4038]","[5, 5, 4, 4, 5, 5, 5, 4, 4, 5, 5, 5, 4, 4, 4, 5]",0,full_ragged_prefill_b16_m73_kv4096_ragged_compact_tp4,True,npu:5,5,Ascend950PR_957b,,bfloat16,False,256,paged_prefill_mid_q_grouped_kernel,4096,ragged,73,5,3855,28,1,6,56,64,msprof/candidate/paged_prefill_mid_q_grouped_kernel.log.gz,candidate,3.11.10,73,16,msprof_primary_kernel,"[4079, 4042, 4005, 3968, 3931, 3894, 3857, 4077, 4040, 4003, 3966, 3929, 3892, 3855, 4075, 4038]","[5, 5, 4, 4, 5, 5, 5, 4, 4, 5, 5, 5, 4, 4, 4, 5]",3,16,1,20260829,51aceee66f7a0ed79f5f238cae3364364c070c55080bb9afbca032b2a17a1981,float32,5079,0.09119556747428784,MEASURED,,compact,76.287003,76.07166833333333,75.858002,76.07,msprof_op_task_duration_acceptance,ragged_prefill,2.10.0.post4.dev20260715,2.10.0+cpu,4,3.2.0,6b5219f487b5b3ac57679a6a4387bc1d5d3a75f9
full,c47f9bdcfb879eb73723521240a48a9bae99349d094a1fb82563535aabde82ec,6b5219f487b5b3ac57679a6a4387bc1d5d3a75f9,64,native_NHD_then_page_head_token_dim_permute,82f9e00dd9c169444330b20b411fdeeade867cd0d7fc3bfb55371c5c1a8d00fa,9.1.0,"[4079, 4042, 4005, 3968, 3931, 3894, 3857, 4077, 4040, 4003, 3966, 3929, 3892, 3855, 4075, 4038]","[8, 8, 8, 8, 8, 8, 8, 8, 8, 8, 8, 8, 8, 8, 8, 8]",0,full_ragged_prefill_b16_m128_kv4096_ragged_compact_tp4,True,npu:5,5,Ascend950PR_957b,,bfloat16,False,256,paged_prefill_mid_q_grouped_kernel,4096,ragged,128,8,3855,28,1,6,56,64,msprof/candidate/paged_prefill_mid_q_grouped_kernel.log.gz,candidate,3.11.10,128,16,msprof_primary_kernel,"[4079, 4042, 4005, 3968, 3931, 3894, 3857, 4077, 4040, 4003, 3966, 3929, 3892, 3855, 4075, 4038]","[8, 8, 8, 8, 8, 8, 8, 8, 8, 8, 8, 8, 8, 8, 8, 8]",3,16,1,20260829,51aceee66f7a0ed79f5f238cae3364364c070c55080bb9afbca032b2a17a1981,float32,5079,0.09119556747428784,MEASURED,,compact,77.127998,76.935,76.802002,76.875,msprof_op_task_duration_acceptance,ragged_prefill,2.10.0.post4.dev20260715,2.10.0+cpu,4,3.2.0,6b5219f487b5b3ac57679a6a4387bc1d5d3a75f9
full,c47f9bdcfb879eb73723521240a48a9bae99349d094a1fb82563535aabde82ec,6b5219f487b5b3ac57679a6a4387bc1d5d3a75f9,64,native_NHD_then_page_head_token_dim_permute,82f9e00dd9c169444330b20b411fdeeade867cd0d7fc3bfb55371c5c1a8d00fa,9.1.0,"[4079, 4042, 4005, 3968, 3931, 3894, 3857, 4077, 4040, 4003, 3966, 3929, 3892, 3855, 4075, 4038]","[32, 33, 32, 32, 32, 32, 32, 32, 32, 32, 32, 32, 32, 32, 32, 32]",0,full_ragged_prefill_b16_m513_kv4096_ragged_compact_tp4,True,npu:5,5,Ascend950PR_957b,,bfloat16,False,256,paged_prefill_mid_q_grouped_kernel,4096,ragged,513,33,3855,28,1,6,56,64,msprof/candidate/paged_prefill_mid_q_grouped_kernel.log.gz,candidate,3.11.10,513,16,msprof_primary_kernel,"[4079, 4042, 4005, 3968, 3931, 3894, 3857, 4077, 4040, 4003, 3966, 3929, 3892, 3855, 4075, 4038]","[32, 33, 32, 32, 32, 32, 32, 32, 32, 32, 32, 32, 32, 32, 32, 32]",3,16,1,20260829,51aceee66f7a0ed79f5f238cae3364364c070c55080bb9afbca032b2a17a1981,float32,5079,0.09119556747428784,MEASURED,,compact,296.644012,296.0870053333333,295.345001,296.272003,msprof_op_task_duration_acceptance,ragged_prefill,2.10.0.post4.dev20260715,2.10.0+cpu,4,3.2.0,6b5219f487b5b3ac57679a6a4387bc1d5d3a75f9
full,c47f9bdcfb879eb73723521240a48a9bae99349d094a1fb82563535aabde82ec,6b5219f487b5b3ac57679a6a4387bc1d5d3a75f9,64,native_NHD_then_page_head_token_dim_permute,82f9e00dd9c169444330b20b411fdeeade867cd0d7fc3bfb55371c5c1a8d00fa,9.1.0,"[4079, 4042, 4005, 3968, 3931, 3894, 3857, 4077, 4040, 4003, 3966, 3929, 3892, 3855, 4075, 4038]","[64, 64, 64, 64, 64, 64, 64, 64, 64, 64, 64, 64, 64, 64, 64, 64]",0,full_ragged_prefill_b16_m1024_kv4096_ragged_compact_tp4,True,npu:5,5,Ascend950PR_957b,,bfloat16,False,256,paged_prefill_mid_q_grouped_kernel,4096,ragged,1024,64,3855,28,1,6,56,64,msprof/candidate/paged_prefill_mid_q_grouped_kernel.log.gz,candidate,3.11.10,1024,16,msprof_primary_kernel,"[4079, 4042, 4005, 3968, 3931, 3894, 3857, 4077, 4040, 4003, 3966, 3929, 3892, 3855, 4075, 4038]","[64, 64, 64, 64, 64, 64, 64, 64, 64, 64, 64, 64, 64, 64, 64, 64]",3,16,1,20260829,51aceee66f7a0ed79f5f238cae3364364c070c55080bb9afbca032b2a17a1981,float32,5079,0.09119556747428784,MEASURED,,compact,298.196991,297.49732466666666,296.817993,297.47699,msprof_op_task_duration_acceptance,ragged_prefill,2.10.0.post4.dev20260715,2.10.0+cpu,4,3.2.0,6b5219f487b5b3ac57679a6a4387bc1d5d3a75f9
full,c47f9bdcfb879eb73723521240a48a9bae99349d094a1fb82563535aabde82ec,6b5219f487b5b3ac57679a6a4387bc1d5d3a75f9,64,native_NHD_then_page_head_token_dim_permute,82f9e00dd9c169444330b20b411fdeeade867cd0d7fc3bfb55371c5c1a8d00fa,9.1.0,"[4079, 4042, 4005, 3968, 3931, 3894, 3857, 4077, 4040, 4003, 3966, 3929, 3892, 3855, 4075, 4038, 4001, 3964, 3927, 3890, 3853, 4073, 4036, 3999, 3962, 3925, 3888, 3851, 4071, 4034, 3997, 3960, 3923, 3886, 3849, 4069, 4032, 3995, 3958, 3921, 3884, 3847, 4067, 4030, 3993, 3956, 3919, 3882, 3845, 4065, 4028, 3991, 3954, 3917, 3880, 3843]","[5, 5, 4, 4, 5, 5, 5, 4, 4, 5, 5, 5, 4, 4, 5, 5, 5, 4, 4, 5, 5, 5, 4, 4, 5, 5, 5, 4, 4, 5, 5, 5, 4, 4, 5, 5, 5, 4, 4, 5, 5, 5, 4, 4, 5, 5, 5, 4, 4, 5, 5, 5, 4, 4, 4, 5]",0,full_ragged_prefill_b56_m257_kv4096_ragged_compact_tp4,True,npu:5,5,Ascend950PR_957b,,bfloat16,False,256,paged_prefill_mid_q_grouped_kernel,4096,ragged,257,5,3843,28,1,6,56,64,msprof/candidate/paged_prefill_mid_q_grouped_kernel.log.gz,candidate,3.11.10,257,56,msprof_primary_kernel,"[4079, 4042, 4005, 3968, 3931, 3894, 3857, 4077, 4040, 4003, 3966, 3929, 3892, 3855, 4075, 4038, 4001, 3964, 3927, 3890, 3853, 4073, 4036, 3999, 3962, 3925, 3888, 3851, 4071, 4034, 3997, 3960, 3923, 3886, 3849, 4069, 4032, 3995, 3958, 3921, 3884, 3847, 4067, 4030, 3993, 3956, 3919, 3882, 3845, 4065, 4028, 3991, 3954, 3917, 3880, 3843]","[5, 5, 4, 4, 5, 5, 5, 4, 4, 5, 5, 5, 4, 4, 5, 5, 5, 4, 4, 5, 5, 5, 4, 4, 5, 5, 5, 4, 4, 5, 5, 5, 4, 4, 5, 5, 5, 4, 4, 5, 5, 5, 4, 4, 5, 5, 5, 4, 4, 5, 5, 5, 4, 4, 4, 5]",3,56,1,20260829,51aceee66f7a0ed79f5f238cae3364364c070c55080bb9afbca032b2a17a1981,float32,5079,0.09119556747428784,MEASURED,,compact,211.907013,211.02533966666667,209.985992,211.183014,msprof_op_task_duration_acceptance,ragged_prefill,2.10.0.post4.dev20260715,2.10.0+cpu,4,3.2.0,6b5219f487b5b3ac57679a6a4387bc1d5d3a75f9
full,c47f9bdcfb879eb73723521240a48a9bae99349d094a1fb82563535aabde82ec,6b5219f487b5b3ac57679a6a4387bc1d5d3a75f9,64,native_NHD_then_page_head_token_dim_permute,82f9e00dd9c169444330b20b411fdeeade867cd0d7fc3bfb55371c5c1a8d00fa,9.1.0,"[4079, 4042, 4005, 3968, 3931, 3894, 3857, 4077, 4040, 4003, 3966, 3929, 3892, 3855, 4075, 4038, 4001, 3964, 3927, 3890, 3853, 4073, 4036, 3999, 3962, 3925, 3888, 3851, 4071, 4034, 3997, 3960, 3923, 3886, 3849, 4069, 4032, 3995, 3958, 3921, 3884, 3847, 4067, 4030, 3993, 3956, 3919, 3882, 3845, 4065, 4028, 3991, 3954, 3917, 3880, 3843]","[9, 10, 9, 9, 9, 9, 10, 9, 9, 9, 9, 10, 9, 9, 9, 9, 10, 9, 9, 9, 9, 10, 9, 9, 9, 9, 10, 9, 9, 9, 9, 10, 9, 9, 9, 9, 9, 9, 9, 9, 9, 9, 9, 9, 9, 9, 9, 9, 9, 9, 9, 9, 9, 9, 9, 9]",0,full_ragged_prefill_b56_m511_kv4096_ragged_compact_tp4,True,npu:5,5,Ascend950PR_957b,,bfloat16,False,256,paged_prefill_mid_q_grouped_kernel,4096,ragged,511,10,3843,28,1,6,56,64,msprof/candidate/paged_prefill_mid_q_grouped_kernel.log.gz,candidate,3.11.10,511,56,msprof_primary_kernel,"[4079, 4042, 4005, 3968, 3931, 3894, 3857, 4077, 4040, 4003, 3966, 3929, 3892, 3855, 4075, 4038, 4001, 3964, 3927, 3890, 3853, 4073, 4036, 3999, 3962, 3925, 3888, 3851, 4071, 4034, 3997, 3960, 3923, 3886, 3849, 4069, 4032, 3995, 3958, 3921, 3884, 3847, 4067, 4030, 3993, 3956, 3919, 3882, 3845, 4065, 4028, 3991, 3954, 3917, 3880, 3843]","[9, 10, 9, 9, 9, 9, 10, 9, 9, 9, 9, 10, 9, 9, 9, 9, 10, 9, 9, 9, 9, 10, 9, 9, 9, 9, 10, 9, 9, 9, 9, 10, 9, 9, 9, 9, 9, 9, 9, 9, 9, 9, 9, 9, 9, 9, 9, 9, 9, 9, 9, 9, 9, 9, 9, 9]",3,56,1,20260829,51aceee66f7a0ed79f5f238cae3364364c070c55080bb9afbca032b2a17a1981,float32,5079,0.09119556747428784,MEASURED,,compact,501.940979,500.22698999999994,498.756989,499.983002,msprof_op_task_duration_acceptance,ragged_prefill,2.10.0.post4.dev20260715,2.10.0+cpu,4,3.2.0,6b5219f487b5b3ac57679a6a4387bc1d5d3a75f9
full,c47f9bdcfb879eb73723521240a48a9bae99349d094a1fb82563535aabde82ec,6b5219f487b5b3ac57679a6a4387bc1d5d3a75f9,64,native_NHD_then_page_head_token_dim_permute,82f9e00dd9c169444330b20b411fdeeade867cd0d7fc3bfb55371c5c1a8d00fa,9.1.0,"[4079, 4042, 4005, 3968, 3931, 3894, 3857, 4077, 4040, 4003, 3966, 3929, 3892, 3855, 4075, 4038, 4001, 3964, 3927, 3890, 3853, 4073, 4036, 3999, 3962, 3925, 3888, 3851, 4071, 4034, 3997, 3960, 3923, 3886, 3849, 4069, 4032, 3995, 3958, 3921, 3884, 3847, 4067, 4030, 3993, 3956, 3919, 3882, 3845, 4065, 4028, 3991, 3954, 3917, 3880, 3843]","[19, 19, 18, 18, 18, 19, 19, 18, 18, 18, 19, 19, 18, 18, 18, 19, 19, 18, 18, 18, 19, 19, 18, 18, 18, 18, 19, 18, 18, 18, 18, 19, 18, 18, 18, 18, 19, 18, 18, 18, 18, 19, 18, 18, 18, 18, 19, 18, 18, 18, 18, 19, 18, 18, 18, 18]",0,full_ragged_prefill_b56_m1024_kv4096_ragged_compact_tp4,True,npu:5,5,Ascend950PR_957b,,bfloat16,False,256,paged_prefill_mid_q_grouped_kernel,4096,ragged,1024,19,3843,28,1,6,56,64,msprof/candidate/paged_prefill_mid_q_grouped_kernel.log.gz,candidate,3.11.10,1024,56,msprof_primary_kernel,"[4079, 4042, 4005, 3968, 3931, 3894, 3857, 4077, 4040, 4003, 3966, 3929, 3892, 3855, 4075, 4038, 4001, 3964, 3927, 3890, 3853, 4073, 4036, 3999, 3962, 3925, 3888, 3851, 4071, 4034, 3997, 3960, 3923, 3886, 3849, 4069, 4032, 3995, 3958, 3921, 3884, 3847, 4067, 4030, 3993, 3956, 3919, 3882, 3845, 4065, 4028, 3991, 3954, 3917, 3880, 3843]","[19, 19, 18, 18, 18, 19, 19, 18, 18, 18, 19, 19, 18, 18, 18, 19, 19, 18, 18, 18, 19, 19, 18, 18, 18, 18, 19, 18, 18, 18, 18, 19, 18, 18, 18, 18, 19, 18, 18, 18, 18, 19, 18, 18, 18, 18, 19, 18, 18, 18, 18, 19, 18, 18, 18, 18]",3,56,1,20260829,51aceee66f7a0ed79f5f238cae3364364c070c55080bb9afbca032b2a17a1981,float32,5079,0.09119556747428784,MEASURED,,compact,512.777954,511.9849853333333,511.145996,512.031006,msprof_op_task_duration_acceptance,ragged_prefill,2.10.0.post4.dev20260715,2.10.0+cpu,4,3.2.0,6b5219f487b5b3ac57679a6a4387bc1d5d3a75f9
full,c47f9bdcfb879eb73723521240a48a9bae99349d094a1fb82563535aabde82ec,6b5219f487b5b3ac57679a6a4387bc1d5d3a75f9,264,native_NHD_then_page_head_token_dim_permute,82f9e00dd9c169444330b20b411fdeeade867cd0d7fc3bfb55371c5c1a8d00fa,9.1.0,[16879],[64],0,full_dense_m64_kv16896_ragged_compact_tp4,True,npu:5,5,Ascend950PR_957b,,bfloat16,False,256,paged_prefill_mid_q_grouped_kernel,16896,ragged,64,64,16879,28,1,6,56,64,msprof/candidate/paged_prefill_mid_q_grouped_kernel.log.gz,candidate,3.11.10,64,1,msprof_primary_kernel,[16879],[64],3,1,1,20260829,51aceee66f7a0ed79f5f238cae3364364c070c55080bb9afbca032b2a17a1981,float32,5079,0.09119556747428784,MEASURED,,compact,246.431015,246.05133566666666,245.809998,245.912994,msprof_op_task_duration_acceptance,dense,2.10.0.post4.dev20260715,2.10.0+cpu,4,3.2.0,6b5219f487b5b3ac57679a6a4387bc1d5d3a75f9
full,c47f9bdcfb879eb73723521240a48a9bae99349d094a1fb82563535aabde82ec,6b5219f487b5b3ac57679a6a4387bc1d5d3a75f9,416,native_NHD_then_page_head_token_dim_permute,82f9e00dd9c169444330b20b411fdeeade867cd0d7fc3bfb55371c5c1a8d00fa,9.1.0,[26607],[64],0,full_dense_m64_kv26624_ragged_compact_tp4,True,npu:5,5,Ascend950PR_957b,,bfloat16,False,256,paged_prefill_mid_q_grouped_kernel,26624,ragged,64,64,26607,28,1,6,56,64,msprof/candidate/paged_prefill_mid_q_grouped_kernel.log.gz,candidate,3.11.10,64,1,msprof_primary_kernel,[26607],[64],3,1,1,20260829,51aceee66f7a0ed79f5f238cae3364364c070c55080bb9afbca032b2a17a1981,float32,5079,0.09119556747428784,MEASURED,,compact,375.699005,375.5896706666667,375.479004,375.591003,msprof_op_task_duration_acceptance,dense,2.10.0.post4.dev20260715,2.10.0+cpu,4,3.2.0,6b5219f487b5b3ac57679a6a4387bc1d5d3a75f9
full,c47f9bdcfb879eb73723521240a48a9bae99349d094a1fb82563535aabde82ec,6b5219f487b5b3ac57679a6a4387bc1d5d3a75f9,176,native_NHD_then_page_head_token_dim_permute,82f9e00dd9c169444330b20b411fdeeade867cd0d7fc3bfb55371c5c1a8d00fa,9.1.0,[11247],[128],0,full_dense_m128_kv11264_ragged_compact_tp4,True,npu:5,5,Ascend950PR_957b,,bfloat16,False,256,paged_prefill_mid_q_grouped_kernel,11264,ragged,128,128,11247,28,1,6,56,64,msprof/candidate/paged_prefill_mid_q_grouped_kernel.log.gz,candidate,3.11.10,128,1,msprof_primary_kernel,[11247],[128],3,1,1,20260829,51aceee66f7a0ed79f5f238cae3364364c070c55080bb9afbca032b2a17a1981,float32,5079,0.09119556747428784,MEASURED,,compact,171.231003,171.13433333333333,171.035004,171.136993,msprof_op_task_duration_acceptance,dense,2.10.0.post4.dev20260715,2.10.0+cpu,4,3.2.0,6b5219f487b5b3ac57679a6a4387bc1d5d3a75f9
full,c47f9bdcfb879eb73723521240a48a9bae99349d094a1fb82563535aabde82ec,6b5219f487b5b3ac57679a6a4387bc1d5d3a75f9,264,native_NHD_then_page_head_token_dim_permute,82f9e00dd9c169444330b20b411fdeeade867cd0d7fc3bfb55371c5c1a8d00fa,9.1.0,[16879],[128],0,full_dense_m128_kv16896_ragged_compact_tp4,True,npu:5,5,Ascend950PR_957b,,bfloat16,False,256,paged_prefill_mid_q_grouped_kernel,16896,ragged,128,128,16879,28,1,6,56,64,msprof/candidate/paged_prefill_mid_q_grouped_kernel.log.gz,candidate,3.11.10,128,1,msprof_primary_kernel,[16879],[128],3,1,1,20260829,51aceee66f7a0ed79f5f238cae3364364c070c55080bb9afbca032b2a17a1981,float32,5079,0.09119556747428784,MEASURED,,compact,246.563004,246.32899999999998,246.196991,246.227005,msprof_op_task_duration_acceptance,dense,2.10.0.post4.dev20260715,2.10.0+cpu,4,3.2.0,6b5219f487b5b3ac57679a6a4387bc1d5d3a75f9
full,c47f9bdcfb879eb73723521240a48a9bae99349d094a1fb82563535aabde82ec,6b5219f487b5b3ac57679a6a4387bc1d5d3a75f9,416,native_NHD_then_page_head_token_dim_permute,82f9e00dd9c169444330b20b411fdeeade867cd0d7fc3bfb55371c5c1a8d00fa,9.1.0,[26607],[128],0,full_dense_m128_kv26624_ragged_compact_tp4,True,npu:5,5,Ascend950PR_957b,,bfloat16,False,256,paged_prefill_mid_q_grouped_kernel,26624,ragged,128,128,26607,28,1,6,56,64,msprof/candidate/paged_prefill_mid_q_grouped_kernel.log.gz,candidate,3.11.10,128,1,msprof_primary_kernel,[26607],[128],3,1,1,20260829,51aceee66f7a0ed79f5f238cae3364364c070c55080bb9afbca032b2a17a1981,float32,5079,0.09119556747428784,MEASURED,,compact,375.889984,375.653656,375.350006,375.720978,msprof_op_task_duration_acceptance,dense,2.10.0.post4.dev20260715,2.10.0+cpu,4,3.2.0,6b5219f487b5b3ac57679a6a4387bc1d5d3a75f9
full,c47f9bdcfb879eb73723521240a48a9bae99349d094a1fb82563535aabde82ec,6b5219f487b5b3ac57679a6a4387bc1d5d3a75f9,176,native_NHD_then_page_head_token_dim_permute,82f9e00dd9c169444330b20b411fdeeade867cd0d7fc3bfb55371c5c1a8d00fa,9.1.0,[11247],[256],0,full_dense_m256_kv11264_ragged_compact_tp4,True,npu:5,5,Ascend950PR_957b,,bfloat16,False,256,paged_prefill_mid_q_grouped_kernel,11264,ragged,256,256,11247,28,1,6,56,64,msprof/candidate/paged_prefill_mid_q_grouped_kernel.log.gz,candidate,3.11.10,256,1,msprof_primary_kernel,[11247],[256],3,1,1,20260829,51aceee66f7a0ed79f5f238cae3364364c070c55080bb9afbca032b2a17a1981,float32,5079,0.09119556747428784,MEASURED,,compact,172.444992,171.85566200000002,171.544998,171.576996,msprof_op_task_duration_acceptance,dense,2.10.0.post4.dev20260715,2.10.0+cpu,4,3.2.0,6b5219f487b5b3ac57679a6a4387bc1d5d3a75f9
full,c47f9bdcfb879eb73723521240a48a9bae99349d094a1fb82563535aabde82ec,6b5219f487b5b3ac57679a6a4387bc1d5d3a75f9,264,native_NHD_then_page_head_token_dim_permute,82f9e00dd9c169444330b20b411fdeeade867cd0d7fc3bfb55371c5c1a8d00fa,9.1.0,[16879],[256],0,full_dense_m256_kv16896_ragged_compact_tp4,True,npu:5,5,Ascend950PR_957b,,bfloat16,False,256,paged_prefill_mid_q_grouped_kernel,16896,ragged,256,256,16879,28,1,6,56,64,msprof/candidate/paged_prefill_mid_q_grouped_kernel.log.gz,candidate,3.11.10,256,1,msprof_primary_kernel,[16879],[256],3,1,1,20260829,51aceee66f7a0ed79f5f238cae3364364c070c55080bb9afbca032b2a17a1981,float32,5079,0.09119556747428784,MEASURED,,compact,247.39299,246.636332,246.112991,246.403015,msprof_op_task_duration_acceptance,dense,2.10.0.post4.dev20260715,2.10.0+cpu,4,3.2.0,6b5219f487b5b3ac57679a6a4387bc1d5d3a75f9
full,c47f9bdcfb879eb73723521240a48a9bae99349d094a1fb82563535aabde82ec,6b5219f487b5b3ac57679a6a4387bc1d5d3a75f9,416,native_NHD_then_page_head_token_dim_permute,82f9e00dd9c169444330b20b411fdeeade867cd0d7fc3bfb55371c5c1a8d00fa,9.1.0,[26607],[256],0,full_dense_m256_kv26624_ragged_compact_tp4,True,npu:5,5,Ascend950PR_957b,,bfloat16,False,256,paged_prefill_mid_q_grouped_kernel,26624,ragged,256,256,26607,28,1,6,56,64,msprof/candidate/paged_prefill_mid_q_grouped_kernel.log.gz,candidate,3.11.10,256,1,msprof_primary_kernel,[26607],[256],3,1,1,20260829,51aceee66f7a0ed79f5f238cae3364364c070c55080bb9afbca032b2a17a1981,float32,5079,0.09119556747428784,MEASURED,,compact,376.832001,376.633006,376.479004,376.588013,msprof_op_task_duration_acceptance,dense,2.10.0.post4.dev20260715,2.10.0+cpu,4,3.2.0,6b5219f487b5b3ac57679a6a4387bc1d5d3a75f9
full,c47f9bdcfb879eb73723521240a48a9bae99349d094a1fb82563535aabde82ec,6b5219f487b5b3ac57679a6a4387bc1d5d3a75f9,176,native_NHD_then_page_head_token_dim_permute,82f9e00dd9c169444330b20b411fdeeade867cd0d7fc3bfb55371c5c1a8d00fa,9.1.0,"[11247, 11210, 11173, 11136, 11099, 11062, 11025, 11245, 11208, 11171, 11134, 11097, 11060, 11023, 11243, 11206]","[16, 17, 16, 16, 16, 16, 16, 16, 16, 16, 16, 16, 16, 16, 16, 16]",0,full_ragged_prefill_b16_m257_kv11264_ragged_compact_tp4,True,npu:5,5,Ascend950PR_957b,,bfloat16,False,256,paged_prefill_mid_q_grouped_kernel,11264,ragged,257,17,11023,28,1,6,56,64,msprof/candidate/paged_prefill_mid_q_grouped_kernel.log.gz,candidate,3.11.10,257,16,msprof_primary_kernel,"[11247, 11210, 11173, 11136, 11099, 11062, 11025, 11245, 11208, 11171, 11134, 11097, 11060, 11023, 11243, 11206]","[16, 17, 16, 16, 16, 16, 16, 16, 16, 16, 16, 16, 16, 16, 16, 16]",3,16,1,20260829,51aceee66f7a0ed79f5f238cae3364364c070c55080bb9afbca032b2a17a1981,float32,5079,0.09119556747428784,MEASURED,,compact,341.015015,340.6389976666667,340.320984,340.580994,msprof_op_task_duration_acceptance,ragged_prefill,2.10.0.post4.dev20260715,2.10.0+cpu,4,3.2.0,6b5219f487b5b3ac57679a6a4387bc1d5d3a75f9
full,c47f9bdcfb879eb73723521240a48a9bae99349d094a1fb82563535aabde82ec,6b5219f487b5b3ac57679a6a4387bc1d5d3a75f9,264,native_NHD_then_page_head_token_dim_permute,82f9e00dd9c169444330b20b411fdeeade867cd0d7fc3bfb55371c5c1a8d00fa,9.1.0,"[16879, 16842, 16805, 16768, 16731, 16694, 16657, 16877, 16840, 16803, 16766, 16729, 16692, 16655, 16875, 16838]","[16, 17, 16, 16, 16, 16, 16, 16, 16, 16, 16, 16, 16, 16, 16, 16]",0,full_ragged_prefill_b16_m257_kv16896_ragged_compact_tp4,True,npu:5,5,Ascend950PR_957b,,bfloat16,False,256,paged_prefill_mid_q_grouped_kernel,16896,ragged,257,17,16655,28,1,6,56,64,msprof/candidate/paged_prefill_mid_q_grouped_kernel.log.gz,candidate,3.11.10,257,16,msprof_primary_kernel,"[16879, 16842, 16805, 16768, 16731, 16694, 16657, 16877, 16840, 16803, 16766, 16729, 16692, 16655, 16875, 16838]","[16, 17, 16, 16, 16, 16, 16, 16, 16, 16, 16, 16, 16, 16, 16, 16]",3,16,1,20260829,51aceee66f7a0ed79f5f238cae3364364c070c55080bb9afbca032b2a17a1981,float32,5079,0.09119556747428784,MEASURED,,compact,490.678009,490.441335,489.977997,490.667999,msprof_op_task_duration_acceptance,ragged_prefill,2.10.0.post4.dev20260715,2.10.0+cpu,4,3.2.0,6b5219f487b5b3ac57679a6a4387bc1d5d3a75f9
full,c47f9bdcfb879eb73723521240a48a9bae99349d094a1fb82563535aabde82ec,6b5219f487b5b3ac57679a6a4387bc1d5d3a75f9,416,native_NHD_then_page_head_token_dim_permute,82f9e00dd9c169444330b20b411fdeeade867cd0d7fc3bfb55371c5c1a8d00fa,9.1.0,"[26607, 26570, 26533, 26496, 26459, 26422, 26385, 26605, 26568, 26531, 26494, 26457, 26420, 26383, 26603, 26566]","[16, 17, 16, 16, 16, 16, 16, 16, 16, 16, 16, 16, 16, 16, 16, 16]",0,full_ragged_prefill_b16_m257_kv26624_ragged_compact_tp4,True,npu:5,5,Ascend950PR_957b,,bfloat16,False,256,paged_prefill_mid_q_grouped_kernel,26624,ragged,257,17,26383,28,1,6,56,64,msprof/candidate/paged_prefill_mid_q_grouped_kernel.log.gz,candidate,3.11.10,257,16,msprof_primary_kernel,"[26607, 26570, 26533, 26496, 26459, 26422, 26385, 26605, 26568, 26531, 26494, 26457, 26420, 26383, 26603, 26566]","[16, 17, 16, 16, 16, 16, 16, 16, 16, 16, 16, 16, 16, 16, 16, 16]",3,16,1,20260829,51aceee66f7a0ed79f5f238cae3364364c070c55080bb9afbca032b2a17a1981,float32,5079,0.09119556747428784,MEASURED,,compact,748.44696,747.9699906666666,747.635986,747.827026,msprof_op_task_duration_acceptance,ragged_prefill,2.10.0.post4.dev20260715,2.10.0+cpu,4,3.2.0,6b5219f487b5b3ac57679a6a4387bc1d5d3a75f9
swa,c47f9bdcfb879eb73723521240a48a9bae99349d094a1fb82563535aabde82ec,6b5219f487b5b3ac57679a6a4387bc1d5d3a75f9,64,native_NHD_then_page_head_token_dim_permute,82f9e00dd9c169444330b20b411fdeeade867cd0d7fc3bfb55371c5c1a8d00fa,9.1.0,[4096],[2],0,swa_verify_d2_m2_kv4096_uniform_compact_tp4,True,npu:5,5,Ascend950PR_957b,2,bfloat16,False,256,_swa_paged_prefill_small_q_grouped_sink_kernel,4096,uniform,2,2,4096,28,1,6,56,64,msprof/candidate/_swa_paged_prefill_small_q_grouped_sink_kernel.log.gz,candidate,3.11.10,2,1,msprof_primary_kernel,[4096],[2],3,1,1,20260829,ea0e0baffb0308bd7df133990cedf386e775353b2aabaa47c4f7ed41ea63ceaa,float32,2921,0.09119556747428784,MEASURED,511,compact,13.733,13.671666666666667,13.606,13.676,msprof_op_task_duration_acceptance,verify_d2,2.10.0.post4.dev20260715,2.10.0+cpu,4,3.2.0,6b5219f487b5b3ac57679a6a4387bc1d5d3a75f9
swa,c47f9bdcfb879eb73723521240a48a9bae99349d094a1fb82563535aabde82ec,6b5219f487b5b3ac57679a6a4387bc1d5d3a75f9,64,native_NHD_then_page_head_token_dim_permute,82f9e00dd9c169444330b20b411fdeeade867cd0d7fc3bfb55371c5c1a8d00fa,9.1.0,"[4096, 4096, 4096, 4096, 4096, 4096, 4096, 4096, 4096, 4096, 4096, 4096, 4096, 4096, 4096, 4096, 4096, 4096, 4096, 4096, 4096, 4096, 4096, 4096, 4096, 4096, 4096, 4096, 4096, 4096, 4096, 4096, 4096, 4096, 4096, 4096, 4096, 4096, 4096, 4096, 4096, 4096, 4096, 4096, 4096, 4096, 4096, 4096]","[2, 2, 2, 2, 2, 2, 2, 2, 2, 2, 2, 2, 2, 2, 2, 2, 2, 2, 2, 2, 2, 2, 2, 2, 2, 2, 2, 2, 2, 2, 2, 2, 2, 2, 2, 2, 2, 2, 2, 2, 2, 2, 2, 2, 2, 2, 2, 2]",0,swa_verify_d2_m96_kv4096_uniform_compact_tp4,True,npu:5,5,Ascend950PR_957b,2,bfloat16,False,256,_swa_paged_prefill_small_q_grouped_sink_kernel,4096,uniform,96,2,4096,28,1,6,56,64,msprof/candidate/_swa_paged_prefill_small_q_grouped_sink_kernel.log.gz,candidate,3.11.10,96,48,msprof_primary_kernel,"[4096, 4096, 4096, 4096, 4096, 4096, 4096, 4096, 4096, 4096, 4096, 4096, 4096, 4096, 4096, 4096, 4096, 4096, 4096, 4096, 4096, 4096, 4096, 4096, 4096, 4096, 4096, 4096, 4096, 4096, 4096, 4096, 4096, 4096, 4096, 4096, 4096, 4096, 4096, 4096, 4096, 4096, 4096, 4096, 4096, 4096, 4096, 4096]","[2, 2, 2, 2, 2, 2, 2, 2, 2, 2, 2, 2, 2, 2, 2, 2, 2, 2, 2, 2, 2, 2, 2, 2, 2, 2, 2, 2, 2, 2, 2, 2, 2, 2, 2, 2, 2, 2, 2, 2, 2, 2, 2, 2, 2, 2, 2, 2]",3,48,1,20260829,ea0e0baffb0308bd7df133990cedf386e775353b2aabaa47c4f7ed41ea63ceaa,float32,2921,0.09119556747428784,MEASURED,511,compact,30.121,29.712666666666667,29.167,29.85,msprof_op_task_duration_acceptance,verify_d2,2.10.0.post4.dev20260715,2.10.0+cpu,4,3.2.0,6b5219f487b5b3ac57679a6a4387bc1d5d3a75f9
swa,c47f9bdcfb879eb73723521240a48a9bae99349d094a1fb82563535aabde82ec,6b5219f487b5b3ac57679a6a4387bc1d5d3a75f9,64,native_NHD_then_page_head_token_dim_permute,82f9e00dd9c169444330b20b411fdeeade867cd0d7fc3bfb55371c5c1a8d00fa,9.1.0,"[4096, 4096, 4096, 4096, 4096, 4096, 4096, 4096, 4096, 4096, 4096, 4096, 4096, 4096, 4096, 4096, 4096, 4096, 4096, 4096, 4096, 4096, 4096, 4096, 4096, 4096, 4096, 4096, 4096, 4096, 4096, 4096, 4096, 4096, 4096, 4096, 4096, 4096, 4096, 4096, 4096, 4096, 4096, 4096, 4096, 4096, 4096, 4096]","[3, 3, 3, 3, 3, 3, 3, 3, 3, 3, 3, 3, 3, 3, 3, 3, 3, 3, 3, 3, 3, 3, 3, 3, 3, 3, 3, 3, 3, 3, 3, 3, 3, 3, 3, 3, 3, 3, 3, 3, 3, 3, 3, 3, 3, 3, 3, 3]",0,swa_verify_d3_m144_kv4096_uniform_compact_tp4,True,npu:5,5,Ascend950PR_957b,3,bfloat16,False,256,_swa_paged_prefill_small_q_grouped_sink_kernel,4096,uniform,144,3,4096,28,1,6,56,64,msprof/candidate/_swa_paged_prefill_small_q_grouped_sink_kernel.log.gz,candidate,3.11.10,144,48,msprof_primary_kernel,"[4096, 4096, 4096, 4096, 4096, 4096, 4096, 4096, 4096, 4096, 4096, 4096, 4096, 4096, 4096, 4096, 4096, 4096, 4096, 4096, 4096, 4096, 4096, 4096, 4096, 4096, 4096, 4096, 4096, 4096, 4096, 4096, 4096, 4096, 4096, 4096, 4096, 4096, 4096, 4096, 4096, 4096, 4096, 4096, 4096, 4096, 4096, 4096]","[3, 3, 3, 3, 3, 3, 3, 3, 3, 3, 3, 3, 3, 3, 3, 3, 3, 3, 3, 3, 3, 3, 3, 3, 3, 3, 3, 3, 3, 3, 3, 3, 3, 3, 3, 3, 3, 3, 3, 3, 3, 3, 3, 3, 3, 3, 3, 3]",3,48,1,20260829,ea0e0baffb0308bd7df133990cedf386e775353b2aabaa47c4f7ed41ea63ceaa,float32,2921,0.09119556747428784,MEASURED,511,compact,37.700001,37.273666666666664,36.842999,37.278,msprof_op_task_duration_acceptance,verify_d3,2.10.0.post4.dev20260715,2.10.0+cpu,4,3.2.0,6b5219f487b5b3ac57679a6a4387bc1d5d3a75f9
swa,c47f9bdcfb879eb73723521240a48a9bae99349d094a1fb82563535aabde82ec,6b5219f487b5b3ac57679a6a4387bc1d5d3a75f9,64,native_NHD_then_page_head_token_dim_permute,82f9e00dd9c169444330b20b411fdeeade867cd0d7fc3bfb55371c5c1a8d00fa,9.1.0,"[4096, 4096, 4096, 4096, 4096, 4096, 4096, 4096, 4096, 4096, 4096, 4096, 4096, 4096, 4096, 4096, 4096, 4096, 4096, 4096, 4096, 4096, 4096, 4096, 4096, 4096, 4096, 4096, 4096, 4096, 4096, 4096, 4096, 4096, 4096, 4096, 4096, 4096, 4096, 4096, 4096, 4096, 4096, 4096, 4096, 4096, 4096, 4096, 4096, 4096, 4096, 4096, 4096, 4096, 4096, 4096]","[2, 2, 2, 2, 2, 2, 2, 2, 2, 2, 2, 2, 2, 2, 2, 2, 2, 2, 2, 2, 2, 2, 2, 2, 2, 2, 2, 2, 2, 2, 2, 2, 2, 2, 2, 2, 2, 2, 2, 2, 2, 2, 2, 2, 2, 2, 2, 2, 2, 2, 2, 2, 2, 2, 2, 2]",0,swa_verify_d2_m112_kv4096_uniform_compact_tp4,True,npu:5,5,Ascend950PR_957b,2,bfloat16,False,256,_swa_paged_prefill_small_q_grouped_sink_kernel,4096,uniform,112,2,4096,28,1,6,56,64,msprof/candidate/_swa_paged_prefill_small_q_grouped_sink_kernel.log.gz,candidate,3.11.10,112,56,msprof_primary_kernel,"[4096, 4096, 4096, 4096, 4096, 4096, 4096, 4096, 4096, 4096, 4096, 4096, 4096, 4096, 4096, 4096, 4096, 4096, 4096, 4096, 4096, 4096, 4096, 4096, 4096, 4096, 4096, 4096, 4096, 4096, 4096, 4096, 4096, 4096, 4096, 4096, 4096, 4096, 4096, 4096, 4096, 4096, 4096, 4096, 4096, 4096, 4096, 4096, 4096, 4096, 4096, 4096, 4096, 4096, 4096, 4096]","[2, 2, 2, 2, 2, 2, 2, 2, 2, 2, 2, 2, 2, 2, 2, 2, 2, 2, 2, 2, 2, 2, 2, 2, 2, 2, 2, 2, 2, 2, 2, 2, 2, 2, 2, 2, 2, 2, 2, 2, 2, 2, 2, 2, 2, 2, 2, 2, 2, 2, 2, 2, 2, 2, 2, 2]",3,56,1,20260829,ea0e0baffb0308bd7df133990cedf386e775353b2aabaa47c4f7ed41ea63ceaa,float32,2921,0.09119556747428784,MEASURED,511,compact,32.485001,31.900333333333332,31.534,31.681999,msprof_op_task_duration_acceptance,verify_d2,2.10.0.post4.dev20260715,2.10.0+cpu,4,3.2.0,6b5219f487b5b3ac57679a6a4387bc1d5d3a75f9
swa,c47f9bdcfb879eb73723521240a48a9bae99349d094a1fb82563535aabde82ec,6b5219f487b5b3ac57679a6a4387bc1d5d3a75f9,64,native_NHD_then_page_head_token_dim_permute,82f9e00dd9c169444330b20b411fdeeade867cd0d7fc3bfb55371c5c1a8d00fa,9.1.0,"[4096, 4096, 4096, 4096, 4096, 4096, 4096, 4096, 4096, 4096, 4096, 4096, 4096, 4096, 4096, 4096, 4096, 4096, 4096, 4096, 4096, 4096, 4096, 4096, 4096, 4096, 4096, 4096, 4096, 4096, 4096, 4096, 4096, 4096, 4096, 4096, 4096, 4096, 4096, 4096, 4096, 4096, 4096, 4096, 4096, 4096, 4096, 4096, 4096, 4096, 4096, 4096, 4096, 4096, 4096, 4096]","[3, 3, 3, 3, 3, 3, 3, 3, 3, 3, 3, 3, 3, 3, 3, 3, 3, 3, 3, 3, 3, 3, 3, 3, 3, 3, 3, 3, 3, 3, 3, 3, 3, 3, 3, 3, 3, 3, 3, 3, 3, 3, 3, 3, 3, 3, 3, 3, 3, 3, 3, 3, 3, 3, 3, 3]",0,swa_verify_d3_m168_kv4096_uniform_compact_tp4,True,npu:5,5,Ascend950PR_957b,3,bfloat16,False,256,_swa_paged_prefill_small_q_grouped_sink_kernel,4096,uniform,168,3,4096,28,1,6,56,64,msprof/candidate/_swa_paged_prefill_small_q_grouped_sink_kernel.log.gz,candidate,3.11.10,168,56,msprof_primary_kernel,"[4096, 4096, 4096, 4096, 4096, 4096, 4096, 4096, 4096, 4096, 4096, 4096, 4096, 4096, 4096, 4096, 4096, 4096, 4096, 4096, 4096, 4096, 4096, 4096, 4096, 4096, 4096, 4096, 4096, 4096, 4096, 4096, 4096, 4096, 4096, 4096, 4096, 4096, 4096, 4096, 4096, 4096, 4096, 4096, 4096, 4096, 4096, 4096, 4096, 4096, 4096, 4096, 4096, 4096, 4096, 4096]","[3, 3, 3, 3, 3, 3, 3, 3, 3, 3, 3, 3, 3, 3, 3, 3, 3, 3, 3, 3, 3, 3, 3, 3, 3, 3, 3, 3, 3, 3, 3, 3, 3, 3, 3, 3, 3, 3, 3, 3, 3, 3, 3, 3, 3, 3, 3, 3, 3, 3, 3, 3, 3, 3, 3, 3]",3,56,1,20260829,ea0e0baffb0308bd7df133990cedf386e775353b2aabaa47c4f7ed41ea63ceaa,float32,2921,0.09119556747428784,MEASURED,511,compact,37.992001,37.817667666666665,37.727001,37.734001,msprof_op_task_duration_acceptance,verify_d3,2.10.0.post4.dev20260715,2.10.0+cpu,4,3.2.0,6b5219f487b5b3ac57679a6a4387bc1d5d3a75f9
swa,c47f9bdcfb879eb73723521240a48a9bae99349d094a1fb82563535aabde82ec,6b5219f487b5b3ac57679a6a4387bc1d5d3a75f9,176,native_NHD_then_page_head_token_dim_permute,82f9e00dd9c169444330b20b411fdeeade867cd0d7fc3bfb55371c5c1a8d00fa,9.1.0,"[11247, 11210, 11173, 11136, 11099, 11062, 11025, 11245, 11208, 11171, 11134, 11097, 11060, 11023, 11243, 11206, 11169, 11132, 11095, 11058, 11021, 11241, 11204, 11167, 11130, 11093, 11056, 11019, 11239, 11202, 11165, 11128, 11091, 11054, 11017, 11237, 11200, 11163, 11126, 11089, 11052, 11015, 11235, 11198, 11161, 11124, 11087, 11050, 11013, 11233, 11196, 11159, 11122, 11085, 11048, 11011]","[2, 2, 2, 2, 2, 2, 2, 2, 2, 2, 2, 2, 2, 2, 2, 2, 2, 2, 2, 2, 2, 2, 2, 2, 2, 2, 2, 2, 2, 2, 2, 2, 2, 2, 2, 2, 2, 2, 2, 2, 2, 2, 2, 2, 2, 2, 2, 2, 2, 2, 2, 2, 2, 2, 2, 2]",0,swa_verify_d2_m112_kv11264_ragged_compact_tp4,True,npu:5,5,Ascend950PR_957b,2,bfloat16,False,256,_swa_paged_prefill_small_q_grouped_sink_kernel,11264,ragged,112,2,11011,28,1,6,56,64,msprof/candidate/_swa_paged_prefill_small_q_grouped_sink_kernel.log.gz,candidate,3.11.10,112,56,msprof_primary_kernel,"[11247, 11210, 11173, 11136, 11099, 11062, 11025, 11245, 11208, 11171, 11134, 11097, 11060, 11023, 11243, 11206, 11169, 11132, 11095, 11058, 11021, 11241, 11204, 11167, 11130, 11093, 11056, 11019, 11239, 11202, 11165, 11128, 11091, 11054, 11017, 11237, 11200, 11163, 11126, 11089, 11052, 11015, 11235, 11198, 11161, 11124, 11087, 11050, 11013, 11233, 11196, 11159, 11122, 11085, 11048, 11011]","[2, 2, 2, 2, 2, 2, 2, 2, 2, 2, 2, 2, 2, 2, 2, 2, 2, 2, 2, 2, 2, 2, 2, 2, 2, 2, 2, 2, 2, 2, 2, 2, 2, 2, 2, 2, 2, 2, 2, 2, 2, 2, 2, 2, 2, 2, 2, 2, 2, 2, 2, 2, 2, 2, 2, 2]",3,56,1,20260829,ea0e0baffb0308bd7df133990cedf386e775353b2aabaa47c4f7ed41ea63ceaa,float32,2921,0.09119556747428784,MEASURED,511,compact,31.794001,31.607000333333332,31.291,31.736,msprof_op_task_duration_acceptance,verify_d2,2.10.0.post4.dev20260715,2.10.0+cpu,4,3.2.0,6b5219f487b5b3ac57679a6a4387bc1d5d3a75f9
swa,c47f9bdcfb879eb73723521240a48a9bae99349d094a1fb82563535aabde82ec,6b5219f487b5b3ac57679a6a4387bc1d5d3a75f9,264,native_NHD_then_page_head_token_dim_permute,82f9e00dd9c169444330b20b411fdeeade867cd0d7fc3bfb55371c5c1a8d00fa,9.1.0,"[16879, 16842, 16805, 16768, 16731, 16694, 16657, 16877, 16840, 16803, 16766, 16729, 16692, 16655, 16875, 16838, 16801, 16764, 16727, 16690, 16653, 16873, 16836, 16799, 16762, 16725, 16688, 16651, 16871, 16834, 16797, 16760, 16723, 16686, 16649, 16869, 16832, 16795, 16758, 16721, 16684, 16647, 16867, 16830, 16793, 16756, 16719, 16682, 16645, 16865, 16828, 16791, 16754, 16717, 16680, 16643]","[2, 2, 2, 2, 2, 2, 2, 2, 2, 2, 2, 2, 2, 2, 2, 2, 2, 2, 2, 2, 2, 2, 2, 2, 2, 2, 2, 2, 2, 2, 2, 2, 2, 2, 2, 2, 2, 2, 2, 2, 2, 2, 2, 2, 2, 2, 2, 2, 2, 2, 2, 2, 2, 2, 2, 2]",0,swa_verify_d2_m112_kv16896_ragged_compact_tp4,True,npu:5,5,Ascend950PR_957b,2,bfloat16,False,256,_swa_paged_prefill_small_q_grouped_sink_kernel,16896,ragged,112,2,16643,28,1,6,56,64,msprof/candidate/_swa_paged_prefill_small_q_grouped_sink_kernel.log.gz,candidate,3.11.10,112,56,msprof_primary_kernel,"[16879, 16842, 16805, 16768, 16731, 16694, 16657, 16877, 16840, 16803, 16766, 16729, 16692, 16655, 16875, 16838, 16801, 16764, 16727, 16690, 16653, 16873, 16836, 16799, 16762, 16725, 16688, 16651, 16871, 16834, 16797, 16760, 16723, 16686, 16649, 16869, 16832, 16795, 16758, 16721, 16684, 16647, 16867, 16830, 16793, 16756, 16719, 16682, 16645, 16865, 16828, 16791, 16754, 16717, 16680, 16643]","[2, 2, 2, 2, 2, 2, 2, 2, 2, 2, 2, 2, 2, 2, 2, 2, 2, 2, 2, 2, 2, 2, 2, 2, 2, 2, 2, 2, 2, 2, 2, 2, 2, 2, 2, 2, 2, 2, 2, 2, 2, 2, 2, 2, 2, 2, 2, 2, 2, 2, 2, 2, 2, 2, 2, 2]",3,56,1,20260829,ea0e0baffb0308bd7df133990cedf386e775353b2aabaa47c4f7ed41ea63ceaa,float32,2921,0.09119556747428784,MEASURED,511,compact,33.84,33.06833266666667,32.292999,33.071999,msprof_op_task_duration_acceptance,verify_d2,2.10.0.post4.dev20260715,2.10.0+cpu,4,3.2.0,6b5219f487b5b3ac57679a6a4387bc1d5d3a75f9
swa,c47f9bdcfb879eb73723521240a48a9bae99349d094a1fb82563535aabde82ec,6b5219f487b5b3ac57679a6a4387bc1d5d3a75f9,416,native_NHD_then_page_head_token_dim_permute,82f9e00dd9c169444330b20b411fdeeade867cd0d7fc3bfb55371c5c1a8d00fa,9.1.0,"[26607, 26570, 26533, 26496, 26459, 26422, 26385, 26605, 26568, 26531, 26494, 26457, 26420, 26383, 26603, 26566, 26529, 26492, 26455, 26418, 26381, 26601, 26564, 26527, 26490, 26453, 26416, 26379, 26599, 26562, 26525, 26488, 26451, 26414, 26377, 26597, 26560, 26523, 26486, 26449, 26412, 26375, 26595, 26558, 26521, 26484, 26447, 26410, 26373, 26593, 26556, 26519, 26482, 26445, 26408, 26371]","[2, 2, 2, 2, 2, 2, 2, 2, 2, 2, 2, 2, 2, 2, 2, 2, 2, 2, 2, 2, 2, 2, 2, 2, 2, 2, 2, 2, 2, 2, 2, 2, 2, 2, 2, 2, 2, 2, 2, 2, 2, 2, 2, 2, 2, 2, 2, 2, 2, 2, 2, 2, 2, 2, 2, 2]",0,swa_verify_d2_m112_kv26624_ragged_compact_tp4,True,npu:5,5,Ascend950PR_957b,2,bfloat16,False,256,_swa_paged_prefill_small_q_grouped_sink_kernel,26624,ragged,112,2,26371,28,1,6,56,64,msprof/candidate/_swa_paged_prefill_small_q_grouped_sink_kernel.log.gz,candidate,3.11.10,112,56,msprof_primary_kernel,"[26607, 26570, 26533, 26496, 26459, 26422, 26385, 26605, 26568, 26531, 26494, 26457, 26420, 26383, 26603, 26566, 26529, 26492, 26455, 26418, 26381, 26601, 26564, 26527, 26490, 26453, 26416, 26379, 26599, 26562, 26525, 26488, 26451, 26414, 26377, 26597, 26560, 26523, 26486, 26449, 26412, 26375, 26595, 26558, 26521, 26484, 26447, 26410, 26373, 26593, 26556, 26519, 26482, 26445, 26408, 26371]","[2, 2, 2, 2, 2, 2, 2, 2, 2, 2, 2, 2, 2, 2, 2, 2, 2, 2, 2, 2, 2, 2, 2, 2, 2, 2, 2, 2, 2, 2, 2, 2, 2, 2, 2, 2, 2, 2, 2, 2, 2, 2, 2, 2, 2, 2, 2, 2, 2, 2, 2, 2, 2, 2, 2, 2]",3,56,1,20260829,ea0e0baffb0308bd7df133990cedf386e775353b2aabaa47c4f7ed41ea63ceaa,float32,2921,0.09119556747428784,MEASURED,511,compact,33.213001,32.707667,31.896,33.014,msprof_op_task_duration_acceptance,verify_d2,2.10.0.post4.dev20260715,2.10.0+cpu,4,3.2.0,6b5219f487b5b3ac57679a6a4387bc1d5d3a75f9
swa,c47f9bdcfb879eb73723521240a48a9bae99349d094a1fb82563535aabde82ec,6b5219f487b5b3ac57679a6a4387bc1d5d3a75f9,64,native_NHD_then_page_head_token_dim_permute,82f9e00dd9c169444330b20b411fdeeade867cd0d7fc3bfb55371c5c1a8d00fa,9.1.0,[4096],[2],0,swa_dense_m2_kv4096_uniform_compact_tp4,True,npu:5,5,Ascend950PR_957b,,bfloat16,False,256,_swa_paged_prefill_small_q_grouped_sink_kernel,4096,uniform,2,2,4096,28,1,6,56,64,msprof/candidate/_swa_paged_prefill_small_q_grouped_sink_kernel.log.gz,candidate,3.11.10,2,1,msprof_primary_kernel,[4096],[2],3,1,1,20260829,ea0e0baffb0308bd7df133990cedf386e775353b2aabaa47c4f7ed41ea63ceaa,float32,2921,0.09119556747428784,MEASURED,511,compact,13.779,13.695,13.599,13.707,msprof_op_task_duration_acceptance,dense,2.10.0.post4.dev20260715,2.10.0+cpu,4,3.2.0,6b5219f487b5b3ac57679a6a4387bc1d5d3a75f9
swa,c47f9bdcfb879eb73723521240a48a9bae99349d094a1fb82563535aabde82ec,6b5219f487b5b3ac57679a6a4387bc1d5d3a75f9,64,native_NHD_then_page_head_token_dim_permute,82f9e00dd9c169444330b20b411fdeeade867cd0d7fc3bfb55371c5c1a8d00fa,9.1.0,"[4079, 4042, 4005, 3968, 3931, 3894, 3857]","[2, 3, 2, 2, 2, 2, 2]",0,swa_ragged_prefill_b7_m15_kv4096_ragged_compact_tp4,True,npu:5,5,Ascend950PR_957b,,bfloat16,False,256,_swa_paged_prefill_small_q_grouped_sink_kernel,4096,ragged,15,3,3857,28,1,6,56,64,msprof/candidate/_swa_paged_prefill_small_q_grouped_sink_kernel.log.gz,candidate,3.11.10,15,7,msprof_primary_kernel,"[4079, 4042, 4005, 3968, 3931, 3894, 3857]","[2, 3, 2, 2, 2, 2, 2]",3,7,1,20260829,ea0e0baffb0308bd7df133990cedf386e775353b2aabaa47c4f7ed41ea63ceaa,float32,2921,0.09119556747428784,MEASURED,511,compact,19.632999,19.607332666666668,19.587999,19.601,msprof_op_task_duration_acceptance,ragged_prefill,2.10.0.post4.dev20260715,2.10.0+cpu,4,3.2.0,6b5219f487b5b3ac57679a6a4387bc1d5d3a75f9
swa,c47f9bdcfb879eb73723521240a48a9bae99349d094a1fb82563535aabde82ec,6b5219f487b5b3ac57679a6a4387bc1d5d3a75f9,64,native_NHD_then_page_head_token_dim_permute,82f9e00dd9c169444330b20b411fdeeade867cd0d7fc3bfb55371c5c1a8d00fa,9.1.0,"[4079, 4042, 4005, 3968, 3931, 3894, 3857, 4077, 4040, 4003, 3966, 3929, 3892, 3855, 4075, 4038]","[3, 3, 3, 3, 3, 3, 3, 3, 3, 3, 3, 3, 3, 3, 3, 3]",0,swa_ragged_prefill_b16_m48_kv4096_ragged_compact_tp4,True,npu:5,5,Ascend950PR_957b,,bfloat16,False,256,_swa_paged_prefill_small_q_grouped_sink_kernel,4096,ragged,48,3,3855,28,1,6,56,64,msprof/candidate/_swa_paged_prefill_small_q_grouped_sink_kernel.log.gz,candidate,3.11.10,48,16,msprof_primary_kernel,"[4079, 4042, 4005, 3968, 3931, 3894, 3857, 4077, 4040, 4003, 3966, 3929, 3892, 3855, 4075, 4038]","[3, 3, 3, 3, 3, 3, 3, 3, 3, 3, 3, 3, 3, 3, 3, 3]",3,16,1,20260829,ea0e0baffb0308bd7df133990cedf386e775353b2aabaa47c4f7ed41ea63ceaa,float32,2921,0.09119556747428784,MEASURED,511,compact,21.290001,20.973667333333335,20.782,20.849001,msprof_op_task_duration_acceptance,ragged_prefill,2.10.0.post4.dev20260715,2.10.0+cpu,4,3.2.0,6b5219f487b5b3ac57679a6a4387bc1d5d3a75f9
swa,c47f9bdcfb879eb73723521240a48a9bae99349d094a1fb82563535aabde82ec,6b5219f487b5b3ac57679a6a4387bc1d5d3a75f9,64,native_NHD_then_page_head_token_dim_permute,82f9e00dd9c169444330b20b411fdeeade867cd0d7fc3bfb55371c5c1a8d00fa,9.1.0,"[4079, 4042, 4005, 3968, 3931, 3894, 3857, 4077, 4040, 4003, 3966, 3929, 3892, 3855, 4075, 4038, 4001, 3964, 3927, 3890, 3853, 4073, 4036, 3999, 3962, 3925, 3888, 3851, 4071, 4034, 3997, 3960, 3923, 3886, 3849, 4069, 4032, 3995, 3958, 3921, 3884, 3847, 4067, 4030, 3993, 3956, 3919, 3882, 3845, 4065, 4028, 3991, 3954, 3917, 3880, 3843]","[3, 3, 2, 2, 2, 3, 3, 2, 2, 2, 3, 3, 2, 2, 2, 3, 3, 2, 2, 2, 3, 3, 2, 2, 2, 2, 3, 2, 2, 2, 2, 3, 2, 2, 2, 2, 3, 2, 2, 2, 2, 3, 2, 2, 2, 2, 3, 2, 2, 2, 2, 3, 2, 2, 2, 2]",0,swa_ragged_prefill_b56_m128_kv4096_ragged_compact_tp4,True,npu:5,5,Ascend950PR_957b,,bfloat16,False,256,_swa_paged_prefill_small_q_grouped_sink_kernel,4096,ragged,128,3,3843,28,1,6,56,64,msprof/candidate/_swa_paged_prefill_small_q_grouped_sink_kernel.log.gz,candidate,3.11.10,128,56,msprof_primary_kernel,"[4079, 4042, 4005, 3968, 3931, 3894, 3857, 4077, 4040, 4003, 3966, 3929, 3892, 3855, 4075, 4038, 4001, 3964, 3927, 3890, 3853, 4073, 4036, 3999, 3962, 3925, 3888, 3851, 4071, 4034, 3997, 3960, 3923, 3886, 3849, 4069, 4032, 3995, 3958, 3921, 3884, 3847, 4067, 4030, 3993, 3956, 3919, 3882, 3845, 4065, 4028, 3991, 3954, 3917, 3880, 3843]","[3, 3, 2, 2, 2, 3, 3, 2, 2, 2, 3, 3, 2, 2, 2, 3, 3, 2, 2, 2, 3, 3, 2, 2, 2, 2, 3, 2, 2, 2, 2, 3, 2, 2, 2, 2, 3, 2, 2, 2, 2, 3, 2, 2, 2, 2, 3, 2, 2, 2, 2, 3, 2, 2, 2, 2]",3,56,1,20260829,ea0e0baffb0308bd7df133990cedf386e775353b2aabaa47c4f7ed41ea63ceaa,float32,2921,0.09119556747428784,MEASURED,511,compact,38.882999,38.743666,38.562,38.785999,msprof_op_task_duration_acceptance,ragged_prefill,2.10.0.post4.dev20260715,2.10.0+cpu,4,3.2.0,6b5219f487b5b3ac57679a6a4387bc1d5d3a75f9
swa,c47f9bdcfb879eb73723521240a48a9bae99349d094a1fb82563535aabde82ec,6b5219f487b5b3ac57679a6a4387bc1d5d3a75f9,64,native_NHD_then_page_head_token_dim_permute,82f9e00dd9c169444330b20b411fdeeade867cd0d7fc3bfb55371c5c1a8d00fa,9.1.0,"[4096, 4096, 4096, 4096, 4096, 4096, 4096, 4096, 4096, 4096, 4096, 4096, 4096, 4096, 4096, 4096, 4096, 4096, 4096, 4096, 4096, 4096, 4096, 4096, 4096, 4096, 4096, 4096, 4096, 4096, 4096, 4096, 4096, 4096, 4096, 4096, 4096, 4096, 4096, 4096, 4096, 4096, 4096, 4096, 4096, 4096, 4096, 4096, 4096, 4096, 4096, 4096, 4096, 4096, 4096, 4096, 4096, 4096, 4096, 4096, 4096, 4096, 4096, 4096]","[2, 2, 2, 2, 2, 2, 2, 2, 2, 2, 2, 2, 2, 2, 2, 2, 2, 2, 2, 2, 2, 2, 2, 2, 2, 2, 2, 2, 2, 2, 2, 2, 2, 2, 2, 2, 2, 2, 2, 2, 2, 2, 2, 2, 2, 2, 2, 2, 2, 2, 2, 2, 2, 2, 2, 2, 2, 2, 2, 2, 2, 2, 2, 2]",0,swa_verify_d2_m128_kv4096_uniform_compact_tp4,True,npu:5,5,Ascend950PR_957b,2,bfloat16,False,256,_swa_paged_prefill_small_q_grouped_sink_kernel,4096,uniform,128,2,4096,28,1,6,56,64,msprof/candidate/_swa_paged_prefill_small_q_grouped_sink_kernel.log.gz,candidate,3.11.10,128,64,msprof_primary_kernel,"[4096, 4096, 4096, 4096, 4096, 4096, 4096, 4096, 4096, 4096, 4096, 4096, 4096, 4096, 4096, 4096, 4096, 4096, 4096, 4096, 4096, 4096, 4096, 4096, 4096, 4096, 4096, 4096, 4096, 4096, 4096, 4096, 4096, 4096, 4096, 4096, 4096, 4096, 4096, 4096, 4096, 4096, 4096, 4096, 4096, 4096, 4096, 4096, 4096, 4096, 4096, 4096, 4096, 4096, 4096, 4096, 4096, 4096, 4096, 4096, 4096, 4096, 4096, 4096]","[2, 2, 2, 2, 2, 2, 2, 2, 2, 2, 2, 2, 2, 2, 2, 2, 2, 2, 2, 2, 2, 2, 2, 2, 2, 2, 2, 2, 2, 2, 2, 2, 2, 2, 2, 2, 2, 2, 2, 2, 2, 2, 2, 2, 2, 2, 2, 2, 2, 2, 2, 2, 2, 2, 2, 2, 2, 2, 2, 2, 2, 2, 2, 2]",3,64,1,20260829,ea0e0baffb0308bd7df133990cedf386e775353b2aabaa47c4f7ed41ea63ceaa,float32,2921,0.09119556747428784,MEASURED,511,compact,42.775002,42.564000666666665,42.412998,42.504002,msprof_op_task_duration_acceptance,verify_d2,2.10.0.post4.dev20260715,2.10.0+cpu,4,3.2.0,6b5219f487b5b3ac57679a6a4387bc1d5d3a75f9
swa,c47f9bdcfb879eb73723521240a48a9bae99349d094a1fb82563535aabde82ec,6b5219f487b5b3ac57679a6a4387bc1d5d3a75f9,64,native_NHD_then_page_head_token_dim_permute,82f9e00dd9c169444330b20b411fdeeade867cd0d7fc3bfb55371c5c1a8d00fa,9.1.0,"[4096, 4096, 4096, 4096, 4096, 4096, 4096, 4096, 4096, 4096, 4096, 4096, 4096, 4096, 4096, 4096, 4096, 4096, 4096, 4096, 4096, 4096, 4096, 4096, 4096, 4096, 4096, 4096, 4096, 4096, 4096, 4096, 4096, 4096, 4096, 4096, 4096, 4096, 4096, 4096, 4096, 4096, 4096, 4096, 4096, 4096, 4096, 4096, 4096, 4096, 4096, 4096, 4096, 4096, 4096, 4096, 4096, 4096, 4096, 4096, 4096, 4096, 4096, 4096, 4096]","[2, 2, 2, 2, 2, 2, 2, 2, 2, 2, 2, 2, 2, 2, 2, 2, 2, 2, 2, 2, 2, 2, 2, 2, 2, 2, 2, 2, 2, 2, 2, 2, 2, 2, 2, 2, 2, 2, 2, 2, 2, 2, 2, 2, 2, 2, 2, 2, 2, 2, 2, 2, 2, 2, 2, 2, 2, 2, 2, 2, 2, 2, 2, 2, 2]",0,swa_verify_d2_m130_kv4096_uniform_compact_tp4,True,npu:5,5,Ascend950PR_957b,2,bfloat16,False,256,_swa_paged_prefill_small_q_grouped_sink_kernel,4096,uniform,130,2,4096,28,1,6,56,64,msprof/candidate/_swa_paged_prefill_small_q_grouped_sink_kernel.log.gz,candidate,3.11.10,130,65,msprof_primary_kernel,"[4096, 4096, 4096, 4096, 4096, 4096, 4096, 4096, 4096, 4096, 4096, 4096, 4096, 4096, 4096, 4096, 4096, 4096, 4096, 4096, 4096, 4096, 4096, 4096, 4096, 4096, 4096, 4096, 4096, 4096, 4096, 4096, 4096, 4096, 4096, 4096, 4096, 4096, 4096, 4096, 4096, 4096, 4096, 4096, 4096, 4096, 4096, 4096, 4096, 4096, 4096, 4096, 4096, 4096, 4096, 4096, 4096, 4096, 4096, 4096, 4096, 4096, 4096, 4096, 4096]","[2, 2, 2, 2, 2, 2, 2, 2, 2, 2, 2, 2, 2, 2, 2, 2, 2, 2, 2, 2, 2, 2, 2, 2, 2, 2, 2, 2, 2, 2, 2, 2, 2, 2, 2, 2, 2, 2, 2, 2, 2, 2, 2, 2, 2, 2, 2, 2, 2, 2, 2, 2, 2, 2, 2, 2, 2, 2, 2, 2, 2, 2, 2, 2, 2]",3,65,1,20260829,ea0e0baffb0308bd7df133990cedf386e775353b2aabaa47c4f7ed41ea63ceaa,float32,2921,0.09119556747428784,MEASURED,511,compact,42.945999,42.306999,41.702999,42.271999,msprof_op_task_duration_acceptance,verify_d2,2.10.0.post4.dev20260715,2.10.0+cpu,4,3.2.0,6b5219f487b5b3ac57679a6a4387bc1d5d3a75f9
swa,c47f9bdcfb879eb73723521240a48a9bae99349d094a1fb82563535aabde82ec,6b5219f487b5b3ac57679a6a4387bc1d5d3a75f9,64,native_NHD_then_page_head_token_dim_permute,82f9e00dd9c169444330b20b411fdeeade867cd0d7fc3bfb55371c5c1a8d00fa,9.1.0,"[4096, 4096, 4096, 4096, 4096, 4096, 4096, 4096, 4096, 4096, 4096, 4096, 4096, 4096, 4096, 4096, 4096, 4096, 4096, 4096, 4096, 4096, 4096, 4096, 4096, 4096, 4096, 4096, 4096, 4096, 4096, 4096, 4096, 4096, 4096, 4096, 4096, 4096, 4096, 4096, 4096, 4096, 4096, 4096, 4096, 4096, 4096, 4096, 4096, 4096, 4096, 4096, 4096, 4096, 4096, 4096, 4096, 4096, 4096, 4096, 4096, 4096, 4096, 4096, 4096, 4096, 4096, 4096, 4096, 4096, 4096, 4096, 4096, 4096, 4096, 4096, 4096, 4096, 4096, 4096, 4096, 4096, 4096, 4096, 4096, 4096, 4096, 4096, 4096, 4096, 4096, 4096, 4096, 4096, 4096, 4096, 4096, 4096, 4096, 4096, 4096, 4096, 4096, 4096, 4096, 4096, 4096, 4096, 4096, 4096, 4096, 4096, 4096, 4096, 4096, 4096, 4096, 4096, 4096, 4096, 4096, 4096, 4096, 4096, 4096, 4096, 4096, 4096]","[2, 2, 2, 2, 2, 2, 2, 2, 2, 2, 2, 2, 2, 2, 2, 2, 2, 2, 2, 2, 2, 2, 2, 2, 2, 2, 2, 2, 2, 2, 2, 2, 2, 2, 2, 2, 2, 2, 2, 2, 2, 2, 2, 2, 2, 2, 2, 2, 2, 2, 2, 2, 2, 2, 2, 2, 2, 2, 2, 2, 2, 2, 2, 2, 2, 2, 2, 2, 2, 2, 2, 2, 2, 2, 2, 2, 2, 2, 2, 2, 2, 2, 2, 2, 2, 2, 2, 2, 2, 2, 2, 2, 2, 2, 2, 2, 2, 2, 2, 2, 2, 2, 2, 2, 2, 2, 2, 2, 2, 2, 2, 2, 2, 2, 2, 2, 2, 2, 2, 2, 2, 2, 2, 2, 2, 2, 2, 2]",0,swa_verify_d2_m256_kv4096_uniform_compact_tp4,True,npu:5,5,Ascend950PR_957b,2,bfloat16,False,256,_swa_paged_prefill_small_q_grouped_sink_kernel,4096,uniform,256,2,4096,28,1,6,56,64,msprof/candidate/_swa_paged_prefill_small_q_grouped_sink_kernel.log.gz,candidate,3.11.10,256,128,msprof_primary_kernel,"[4096, 4096, 4096, 4096, 4096, 4096, 4096, 4096, 4096, 4096, 4096, 4096, 4096, 4096, 4096, 4096, 4096, 4096, 4096, 4096, 4096, 4096, 4096, 4096, 4096, 4096, 4096, 4096, 4096, 4096, 4096, 4096, 4096, 4096, 4096, 4096, 4096, 4096, 4096, 4096, 4096, 4096, 4096, 4096, 4096, 4096, 4096, 4096, 4096, 4096, 4096, 4096, 4096, 4096, 4096, 4096, 4096, 4096, 4096, 4096, 4096, 4096, 4096, 4096, 4096, 4096, 4096, 4096, 4096, 4096, 4096, 4096, 4096, 4096, 4096, 4096, 4096, 4096, 4096, 4096, 4096, 4096, 4096, 4096, 4096, 4096, 4096, 4096, 4096, 4096, 4096, 4096, 4096, 4096, 4096, 4096, 4096, 4096, 4096, 4096, 4096, 4096, 4096, 4096, 4096, 4096, 4096, 4096, 4096, 4096, 4096, 4096, 4096, 4096, 4096, 4096, 4096, 4096, 4096, 4096, 4096, 4096, 4096, 4096, 4096, 4096, 4096, 4096]","[2, 2, 2, 2, 2, 2, 2, 2, 2, 2, 2, 2, 2, 2, 2, 2, 2, 2, 2, 2, 2, 2, 2, 2, 2, 2, 2, 2, 2, 2, 2, 2, 2, 2, 2, 2, 2, 2, 2, 2, 2, 2, 2, 2, 2, 2, 2, 2, 2, 2, 2, 2, 2, 2, 2, 2, 2, 2, 2, 2, 2, 2, 2, 2, 2, 2, 2, 2, 2, 2, 2, 2, 2, 2, 2, 2, 2, 2, 2, 2, 2, 2, 2, 2, 2, 2, 2, 2, 2, 2, 2, 2, 2, 2, 2, 2, 2, 2, 2, 2, 2, 2, 2, 2, 2, 2, 2, 2, 2, 2, 2, 2, 2, 2, 2, 2, 2, 2, 2, 2, 2, 2, 2, 2, 2, 2, 2, 2]",3,128,1,20260829,ea0e0baffb0308bd7df133990cedf386e775353b2aabaa47c4f7ed41ea63ceaa,float32,2921,0.09119556747428784,MEASURED,511,compact,72.734001,71.176,70.338997,70.455002,msprof_op_task_duration_acceptance,verify_d2,2.10.0.post4.dev20260715,2.10.0+cpu,4,3.2.0,6b5219f487b5b3ac57679a6a4387bc1d5d3a75f9
swa,c47f9bdcfb879eb73723521240a48a9bae99349d094a1fb82563535aabde82ec,6b5219f487b5b3ac57679a6a4387bc1d5d3a75f9,64,native_NHD_then_page_head_token_dim_permute,82f9e00dd9c169444330b20b411fdeeade867cd0d7fc3bfb55371c5c1a8d00fa,9.1.0,"[4096, 4096, 4096, 4096, 4096, 4096, 4096, 4096, 4096, 4096, 4096, 4096, 4096, 4096, 4096, 4096, 4096, 4096, 4096, 4096, 4096, 4096, 4096, 4096, 4096, 4096, 4096, 4096, 4096, 4096, 4096, 4096, 4096, 4096, 4096, 4096, 4096, 4096, 4096, 4096, 4096, 4096, 4096, 4096, 4096, 4096, 4096, 4096, 4096, 4096, 4096, 4096, 4096, 4096, 4096, 4096, 4096, 4096, 4096, 4096, 4096, 4096, 4096, 4096, 4096, 4096, 4096, 4096, 4096, 4096, 4096, 4096, 4096, 4096, 4096, 4096, 4096, 4096, 4096, 4096, 4096, 4096, 4096, 4096, 4096, 4096, 4096, 4096, 4096, 4096, 4096, 4096, 4096, 4096, 4096, 4096, 4096, 4096, 4096, 4096, 4096, 4096, 4096, 4096, 4096, 4096, 4096, 4096, 4096, 4096, 4096, 4096, 4096, 4096, 4096, 4096, 4096, 4096, 4096, 4096, 4096, 4096, 4096, 4096, 4096, 4096, 4096, 4096, 4096, 4096, 4096, 4096, 4096, 4096, 4096, 4096, 4096, 4096, 4096, 4096, 4096, 4096, 4096, 4096, 4096, 4096, 4096, 4096, 4096, 4096, 4096, 4096, 4096, 4096, 4096, 4096, 4096, 4096, 4096, 4096, 4096, 4096, 4096, 4096, 4096, 4096, 4096, 4096, 4096, 4096, 4096, 4096, 4096, 4096, 4096, 4096, 4096, 4096, 4096, 4096, 4096, 4096, 4096, 4096, 4096, 4096, 4096, 4096, 4096, 4096, 4096, 4096, 4096, 4096, 4096, 4096, 4096, 4096, 4096, 4096, 4096, 4096, 4096, 4096, 4096, 4096, 4096, 4096, 4096, 4096, 4096, 4096, 4096, 4096, 4096, 4096, 4096, 4096, 4096, 4096, 4096, 4096, 4096, 4096, 4096, 4096, 4096, 4096, 4096, 4096, 4096, 4096, 4096, 4096, 4096, 4096, 4096, 4096, 4096, 4096, 4096, 4096, 4096, 4096, 4096, 4096, 4096, 4096, 4096, 4096, 4096, 4096, 4096, 4096, 4096, 4096]","[2, 2, 2, 2, 2, 2, 2, 2, 2, 2, 2, 2, 2, 2, 2, 2, 2, 2, 2, 2, 2, 2, 2, 2, 2, 2, 2, 2, 2, 2, 2, 2, 2, 2, 2, 2, 2, 2, 2, 2, 2, 2, 2, 2, 2, 2, 2, 2, 2, 2, 2, 2, 2, 2, 2, 2, 2, 2, 2, 2, 2, 2, 2, 2, 2, 2, 2, 2, 2, 2, 2, 2, 2, 2, 2, 2, 2, 2, 2, 2, 2, 2, 2, 2, 2, 2, 2, 2, 2, 2, 2, 2, 2, 2, 2, 2, 2, 2, 2, 2, 2, 2, 2, 2, 2, 2, 2, 2, 2, 2, 2, 2, 2, 2, 2, 2, 2, 2, 2, 2, 2, 2, 2, 2, 2, 2, 2, 2, 2, 2, 2, 2, 2, 2, 2, 2, 2, 2, 2, 2, 2, 2, 2, 2, 2, 2, 2, 2, 2, 2, 2, 2, 2, 2, 2, 2, 2, 2, 2, 2, 2, 2, 2, 2, 2, 2, 2, 2, 2, 2, 2, 2, 2, 2, 2, 2, 2, 2, 2, 2, 2, 2, 2, 2, 2, 2, 2, 2, 2, 2, 2, 2, 2, 2, 2, 2, 2, 2, 2, 2, 2, 2, 2, 2, 2, 2, 2, 2, 2, 2, 2, 2, 2, 2, 2, 2, 2, 2, 2, 2, 2, 2, 2, 2, 2, 2, 2, 2, 2, 2, 2, 2, 2, 2, 2, 2, 2, 2, 2, 2, 2, 2, 2, 2, 2, 2, 2, 2, 2, 2, 2, 2, 2, 2, 2, 2]",0,swa_verify_d2_m512_kv4096_uniform_compact_tp4,True,npu:5,5,Ascend950PR_957b,2,bfloat16,False,256,_swa_paged_prefill_small_q_grouped_sink_kernel,4096,uniform,512,2,4096,28,1,6,56,64,msprof/candidate/_swa_paged_prefill_small_q_grouped_sink_kernel.log.gz,candidate,3.11.10,512,256,msprof_primary_kernel,"[4096, 4096, 4096, 4096, 4096, 4096, 4096, 4096, 4096, 4096, 4096, 4096, 4096, 4096, 4096, 4096, 4096, 4096, 4096, 4096, 4096, 4096, 4096, 4096, 4096, 4096, 4096, 4096, 4096, 4096, 4096, 4096, 4096, 4096, 4096, 4096, 4096, 4096, 4096, 4096, 4096, 4096, 4096, 4096, 4096, 4096, 4096, 4096, 4096, 4096, 4096, 4096, 4096, 4096, 4096, 4096, 4096, 4096, 4096, 4096, 4096, 4096, 4096, 4096, 4096, 4096, 4096, 4096, 4096, 4096, 4096, 4096, 4096, 4096, 4096, 4096, 4096, 4096, 4096, 4096, 4096, 4096, 4096, 4096, 4096, 4096, 4096, 4096, 4096, 4096, 4096, 4096, 4096, 4096, 4096, 4096, 4096, 4096, 4096, 4096, 4096, 4096, 4096, 4096, 4096, 4096, 4096, 4096, 4096, 4096, 4096, 4096, 4096, 4096, 4096, 4096, 4096, 4096, 4096, 4096, 4096, 4096, 4096, 4096, 4096, 4096, 4096, 4096, 4096, 4096, 4096, 4096, 4096, 4096, 4096, 4096, 4096, 4096, 4096, 4096, 4096, 4096, 4096, 4096, 4096, 4096, 4096, 4096, 4096, 4096, 4096, 4096, 4096, 4096, 4096, 4096, 4096, 4096, 4096, 4096, 4096, 4096, 4096, 4096, 4096, 4096, 4096, 4096, 4096, 4096, 4096, 4096, 4096, 4096, 4096, 4096, 4096, 4096, 4096, 4096, 4096, 4096, 4096, 4096, 4096, 4096, 4096, 4096, 4096, 4096, 4096, 4096, 4096, 4096, 4096, 4096, 4096, 4096, 4096, 4096, 4096, 4096, 4096, 4096, 4096, 4096, 4096, 4096, 4096, 4096, 4096, 4096, 4096, 4096, 4096, 4096, 4096, 4096, 4096, 4096, 4096, 4096, 4096, 4096, 4096, 4096, 4096, 4096, 4096, 4096, 4096, 4096, 4096, 4096, 4096, 4096, 4096, 4096, 4096, 4096, 4096, 4096, 4096, 4096, 4096, 4096, 4096, 4096, 4096, 4096, 4096, 4096, 4096, 4096, 4096, 4096]","[2, 2, 2, 2, 2, 2, 2, 2, 2, 2, 2, 2, 2, 2, 2, 2, 2, 2, 2, 2, 2, 2, 2, 2, 2, 2, 2, 2, 2, 2, 2, 2, 2, 2, 2, 2, 2, 2, 2, 2, 2, 2, 2, 2, 2, 2, 2, 2, 2, 2, 2, 2, 2, 2, 2, 2, 2, 2, 2, 2, 2, 2, 2, 2, 2, 2, 2, 2, 2, 2, 2, 2, 2, 2, 2, 2, 2, 2, 2, 2, 2, 2, 2, 2, 2, 2, 2, 2, 2, 2, 2, 2, 2, 2, 2, 2, 2, 2, 2, 2, 2, 2, 2, 2, 2, 2, 2, 2, 2, 2, 2, 2, 2, 2, 2, 2, 2, 2, 2, 2, 2, 2, 2, 2, 2, 2, 2, 2, 2, 2, 2, 2, 2, 2, 2, 2, 2, 2, 2, 2, 2, 2, 2, 2, 2, 2, 2, 2, 2, 2, 2, 2, 2, 2, 2, 2, 2, 2, 2, 2, 2, 2, 2, 2, 2, 2, 2, 2, 2, 2, 2, 2, 2, 2, 2, 2, 2, 2, 2, 2, 2, 2, 2, 2, 2, 2, 2, 2, 2, 2, 2, 2, 2, 2, 2, 2, 2, 2, 2, 2, 2, 2, 2, 2, 2, 2, 2, 2, 2, 2, 2, 2, 2, 2, 2, 2, 2, 2, 2, 2, 2, 2, 2, 2, 2, 2, 2, 2, 2, 2, 2, 2, 2, 2, 2, 2, 2, 2, 2, 2, 2, 2, 2, 2, 2, 2, 2, 2, 2, 2, 2, 2, 2, 2, 2, 2]",3,256,1,20260829,ea0e0baffb0308bd7df133990cedf386e775353b2aabaa47c4f7ed41ea63ceaa,float32,2921,0.09119556747428784,MEASURED,511,compact,139.533997,137.52366633333335,135.399002,137.638,msprof_op_task_duration_acceptance,verify_d2,2.10.0.post4.dev20260715,2.10.0+cpu,4,3.2.0,6b5219f487b5b3ac57679a6a4387bc1d5d3a75f9
swa,c47f9bdcfb879eb73723521240a48a9bae99349d094a1fb82563535aabde82ec,6b5219f487b5b3ac57679a6a4387bc1d5d3a75f9,64,native_NHD_then_page_head_token_dim_permute,82f9e00dd9c169444330b20b411fdeeade867cd0d7fc3bfb55371c5c1a8d00fa,9.1.0,"[4096, 4096, 4096, 4096, 4096, 4096, 4096, 4096, 4096, 4096, 4096, 4096, 4096, 4096, 4096, 4096, 4096, 4096, 4096, 4096, 4096, 4096, 4096, 4096, 4096, 4096, 4096, 4096, 4096, 4096, 4096, 4096, 4096, 4096, 4096, 4096, 4096, 4096, 4096, 4096, 4096, 4096, 4096, 4096, 4096, 4096, 4096, 4096, 4096, 4096, 4096, 4096, 4096, 4096, 4096, 4096, 4096, 4096, 4096, 4096, 4096, 4096, 4096, 4096, 4096, 4096, 4096, 4096, 4096, 4096, 4096, 4096, 4096, 4096, 4096, 4096, 4096, 4096, 4096, 4096, 4096, 4096, 4096, 4096, 4096, 4096, 4096, 4096, 4096, 4096, 4096, 4096, 4096, 4096, 4096, 4096, 4096, 4096, 4096, 4096, 4096, 4096, 4096, 4096, 4096, 4096, 4096, 4096, 4096, 4096, 4096, 4096, 4096, 4096, 4096, 4096, 4096, 4096, 4096, 4096, 4096, 4096, 4096, 4096, 4096, 4096, 4096, 4096, 4096, 4096, 4096, 4096, 4096, 4096, 4096, 4096, 4096, 4096, 4096, 4096, 4096, 4096, 4096, 4096, 4096, 4096, 4096, 4096, 4096, 4096, 4096, 4096, 4096, 4096, 4096, 4096, 4096, 4096, 4096, 4096, 4096, 4096, 4096, 4096, 4096, 4096, 4096, 4096, 4096, 4096, 4096, 4096, 4096, 4096, 4096, 4096, 4096, 4096, 4096, 4096, 4096, 4096, 4096, 4096, 4096, 4096, 4096, 4096, 4096, 4096, 4096, 4096, 4096, 4096, 4096, 4096, 4096, 4096, 4096, 4096, 4096, 4096, 4096, 4096, 4096, 4096, 4096, 4096, 4096, 4096, 4096, 4096, 4096, 4096, 4096, 4096, 4096, 4096, 4096, 4096, 4096, 4096, 4096, 4096, 4096, 4096, 4096, 4096, 4096, 4096, 4096, 4096, 4096, 4096, 4096, 4096, 4096, 4096, 4096, 4096, 4096, 4096, 4096, 4096, 4096, 4096, 4096, 4096, 4096, 4096, 4096, 4096, 4096, 4096, 4096, 4096, 4096, 4096, 4096, 4096, 4096, 4096, 4096, 4096, 4096, 4096, 4096, 4096, 4096, 4096, 4096, 4096, 4096, 4096, 4096, 4096, 4096, 4096, 4096, 4096, 4096, 4096, 4096, 4096, 4096, 4096, 4096, 4096, 4096, 4096, 4096, 4096, 4096, 4096, 4096, 4096, 4096, 4096, 4096, 4096, 4096, 4096, 4096, 4096, 4096, 4096, 4096, 4096, 4096, 4096, 4096, 4096, 4096, 4096, 4096, 4096, 4096, 4096, 4096, 4096, 4096, 4096, 4096, 4096, 4096, 4096, 4096, 4096, 4096, 4096, 4096, 4096, 4096, 4096, 4096, 4096, 4096, 4096, 4096, 4096, 4096, 4096, 4096, 4096, 4096, 4096, 4096, 4096, 4096, 4096, 4096, 4096, 4096, 4096, 4096, 4096, 4096, 4096, 4096, 4096, 4096, 4096, 4096, 4096, 4096, 4096, 4096, 4096, 4096, 4096, 4096, 4096, 4096, 4096, 4096, 4096, 4096, 4096, 4096, 4096, 4096, 4096, 4096, 4096, 4096, 4096, 4096, 4096, 4096, 4096, 4096, 4096, 4096, 4096, 4096, 4096, 4096, 4096, 4096, 4096, 4096, 4096, 4096, 4096, 4096, 4096, 4096, 4096, 4096, 4096, 4096, 4096, 4096, 4096, 4096, 4096, 4096, 4096, 4096, 4096, 4096, 4096, 4096, 4096, 4096, 4096, 4096, 4096, 4096, 4096, 4096, 4096, 4096, 4096, 4096, 4096, 4096, 4096, 4096, 4096, 4096, 4096, 4096, 4096, 4096, 4096, 4096, 4096, 4096, 4096, 4096, 4096, 4096, 4096, 4096, 4096, 4096, 4096, 4096, 4096, 4096, 4096, 4096, 4096, 4096, 4096, 4096, 4096, 4096, 4096, 4096, 4096, 4096, 4096, 4096, 4096, 4096, 4096, 4096, 4096, 4096, 4096, 4096, 4096, 4096, 4096, 4096, 4096, 4096, 4096, 4096, 4096, 4096, 4096, 4096, 4096, 4096, 4096, 4096, 4096, 4096, 4096, 4096, 4096, 4096, 4096, 4096, 4096, 4096, 4096, 4096, 4096]","[2, 2, 2, 2, 2, 2, 2, 2, 2, 2, 2, 2, 2, 2, 2, 2, 2, 2, 2, 2, 2, 2, 2, 2, 2, 2, 2, 2, 2, 2, 2, 2, 2, 2, 2, 2, 2, 2, 2, 2, 2, 2, 2, 2, 2, 2, 2, 2, 2, 2, 2, 2, 2, 2, 2, 2, 2, 2, 2, 2, 2, 2, 2, 2, 2, 2, 2, 2, 2, 2, 2, 2, 2, 2, 2, 2, 2, 2, 2, 2, 2, 2, 2, 2, 2, 2, 2, 2, 2, 2, 2, 2, 2, 2, 2, 2, 2, 2, 2, 2, 2, 2, 2, 2, 2, 2, 2, 2, 2, 2, 2, 2, 2, 2, 2, 2, 2, 2, 2, 2, 2, 2, 2, 2, 2, 2, 2, 2, 2, 2, 2, 2, 2, 2, 2, 2, 2, 2, 2, 2, 2, 2, 2, 2, 2, 2, 2, 2, 2, 2, 2, 2, 2, 2, 2, 2, 2, 2, 2, 2, 2, 2, 2, 2, 2, 2, 2, 2, 2, 2, 2, 2, 2, 2, 2, 2, 2, 2, 2, 2, 2, 2, 2, 2, 2, 2, 2, 2, 2, 2, 2, 2, 2, 2, 2, 2, 2, 2, 2, 2, 2, 2, 2, 2, 2, 2, 2, 2, 2, 2, 2, 2, 2, 2, 2, 2, 2, 2, 2, 2, 2, 2, 2, 2, 2, 2, 2, 2, 2, 2, 2, 2, 2, 2, 2, 2, 2, 2, 2, 2, 2, 2, 2, 2, 2, 2, 2, 2, 2, 2, 2, 2, 2, 2, 2, 2, 2, 2, 2, 2, 2, 2, 2, 2, 2, 2, 2, 2, 2, 2, 2, 2, 2, 2, 2, 2, 2, 2, 2, 2, 2, 2, 2, 2, 2, 2, 2, 2, 2, 2, 2, 2, 2, 2, 2, 2, 2, 2, 2, 2, 2, 2, 2, 2, 2, 2, 2, 2, 2, 2, 2, 2, 2, 2, 2, 2, 2, 2, 2, 2, 2, 2, 2, 2, 2, 2, 2, 2, 2, 2, 2, 2, 2, 2, 2, 2, 2, 2, 2, 2, 2, 2, 2, 2, 2, 2, 2, 2, 2, 2, 2, 2, 2, 2, 2, 2, 2, 2, 2, 2, 2, 2, 2, 2, 2, 2, 2, 2, 2, 2, 2, 2, 2, 2, 2, 2, 2, 2, 2, 2, 2, 2, 2, 2, 2, 2, 2, 2, 2, 2, 2, 2, 2, 2, 2, 2, 2, 2, 2, 2, 2, 2, 2, 2, 2, 2, 2, 2, 2, 2, 2, 2, 2, 2, 2, 2, 2, 2, 2, 2, 2, 2, 2, 2, 2, 2, 2, 2, 2, 2, 2, 2, 2, 2, 2, 2, 2, 2, 2, 2, 2, 2, 2, 2, 2, 2, 2, 2, 2, 2, 2, 2, 2, 2, 2, 2, 2, 2, 2, 2, 2, 2, 2, 2, 2, 2, 2, 2, 2, 2, 2, 2, 2, 2, 2, 2, 2, 2, 2, 2, 2, 2, 2, 2, 2, 2, 2, 2, 2, 2, 2, 2, 2, 2, 2, 2, 2, 2, 2, 2, 2, 2, 2, 2, 2, 2, 2, 2, 2, 2, 2, 2]",0,swa_verify_d2_m1024_kv4096_uniform_compact_tp4,True,npu:5,5,Ascend950PR_957b,2,bfloat16,False,256,_swa_paged_prefill_small_q_grouped_sink_kernel,4096,uniform,1024,2,4096,28,1,6,56,64,msprof/candidate/_swa_paged_prefill_small_q_grouped_sink_kernel.log.gz,candidate,3.11.10,1024,512,msprof_primary_kernel,"[4096, 4096, 4096, 4096, 4096, 4096, 4096, 4096, 4096, 4096, 4096, 4096, 4096, 4096, 4096, 4096, 4096, 4096, 4096, 4096, 4096, 4096, 4096, 4096, 4096, 4096, 4096, 4096, 4096, 4096, 4096, 4096, 4096, 4096, 4096, 4096, 4096, 4096, 4096, 4096, 4096, 4096, 4096, 4096, 4096, 4096, 4096, 4096, 4096, 4096, 4096, 4096, 4096, 4096, 4096, 4096, 4096, 4096, 4096, 4096, 4096, 4096, 4096, 4096, 4096, 4096, 4096, 4096, 4096, 4096, 4096, 4096, 4096, 4096, 4096, 4096, 4096, 4096, 4096, 4096, 4096, 4096, 4096, 4096, 4096, 4096, 4096, 4096, 4096, 4096, 4096, 4096, 4096, 4096, 4096, 4096, 4096, 4096, 4096, 4096, 4096, 4096, 4096, 4096, 4096, 4096, 4096, 4096, 4096, 4096, 4096, 4096, 4096, 4096, 4096, 4096, 4096, 4096, 4096, 4096, 4096, 4096, 4096, 4096, 4096, 4096, 4096, 4096, 4096, 4096, 4096, 4096, 4096, 4096, 4096, 4096, 4096, 4096, 4096, 4096, 4096, 4096, 4096, 4096, 4096, 4096, 4096, 4096, 4096, 4096, 4096, 4096, 4096, 4096, 4096, 4096, 4096, 4096, 4096, 4096, 4096, 4096, 4096, 4096, 4096, 4096, 4096, 4096, 4096, 4096, 4096, 4096, 4096, 4096, 4096, 4096, 4096, 4096, 4096, 4096, 4096, 4096, 4096, 4096, 4096, 4096, 4096, 4096, 4096, 4096, 4096, 4096, 4096, 4096, 4096, 4096, 4096, 4096, 4096, 4096, 4096, 4096, 4096, 4096, 4096, 4096, 4096, 4096, 4096, 4096, 4096, 4096, 4096, 4096, 4096, 4096, 4096, 4096, 4096, 4096, 4096, 4096, 4096, 4096, 4096, 4096, 4096, 4096, 4096, 4096, 4096, 4096, 4096, 4096, 4096, 4096, 4096, 4096, 4096, 4096, 4096, 4096, 4096, 4096, 4096, 4096, 4096, 4096, 4096, 4096, 4096, 4096, 4096, 4096, 4096, 4096, 4096, 4096, 4096, 4096, 4096, 4096, 4096, 4096, 4096, 4096, 4096, 4096, 4096, 4096, 4096, 4096, 4096, 4096, 4096, 4096, 4096, 4096, 4096, 4096, 4096, 4096, 4096, 4096, 4096, 4096, 4096, 4096, 4096, 4096, 4096, 4096, 4096, 4096, 4096, 4096, 4096, 4096, 4096, 4096, 4096, 4096, 4096, 4096, 4096, 4096, 4096, 4096, 4096, 4096, 4096, 4096, 4096, 4096, 4096, 4096, 4096, 4096, 4096, 4096, 4096, 4096, 4096, 4096, 4096, 4096, 4096, 4096, 4096, 4096, 4096, 4096, 4096, 4096, 4096, 4096, 4096, 4096, 4096, 4096, 4096, 4096, 4096, 4096, 4096, 4096, 4096, 4096, 4096, 4096, 4096, 4096, 4096, 4096, 4096, 4096, 4096, 4096, 4096, 4096, 4096, 4096, 4096, 4096, 4096, 4096, 4096, 4096, 4096, 4096, 4096, 4096, 4096, 4096, 4096, 4096, 4096, 4096, 4096, 4096, 4096, 4096, 4096, 4096, 4096, 4096, 4096, 4096, 4096, 4096, 4096, 4096, 4096, 4096, 4096, 4096, 4096, 4096, 4096, 4096, 4096, 4096, 4096, 4096, 4096, 4096, 4096, 4096, 4096, 4096, 4096, 4096, 4096, 4096, 4096, 4096, 4096, 4096, 4096, 4096, 4096, 4096, 4096, 4096, 4096, 4096, 4096, 4096, 4096, 4096, 4096, 4096, 4096, 4096, 4096, 4096, 4096, 4096, 4096, 4096, 4096, 4096, 4096, 4096, 4096, 4096, 4096, 4096, 4096, 4096, 4096, 4096, 4096, 4096, 4096, 4096, 4096, 4096, 4096, 4096, 4096, 4096, 4096, 4096, 4096, 4096, 4096, 4096, 4096, 4096, 4096, 4096, 4096, 4096, 4096, 4096, 4096, 4096, 4096, 4096, 4096, 4096, 4096, 4096, 4096, 4096, 4096, 4096, 4096, 4096, 4096, 4096, 4096, 4096, 4096, 4096, 4096, 4096, 4096, 4096, 4096, 4096, 4096, 4096, 4096, 4096, 4096, 4096, 4096, 4096, 4096, 4096]","[2, 2, 2, 2, 2, 2, 2, 2, 2, 2, 2, 2, 2, 2, 2, 2, 2, 2, 2, 2, 2, 2, 2, 2, 2, 2, 2, 2, 2, 2, 2, 2, 2, 2, 2, 2, 2, 2, 2, 2, 2, 2, 2, 2, 2, 2, 2, 2, 2, 2, 2, 2, 2, 2, 2, 2, 2, 2, 2, 2, 2, 2, 2, 2, 2, 2, 2, 2, 2, 2, 2, 2, 2, 2, 2, 2, 2, 2, 2, 2, 2, 2, 2, 2, 2, 2, 2, 2, 2, 2, 2, 2, 2, 2, 2, 2, 2, 2, 2, 2, 2, 2, 2, 2, 2, 2, 2, 2, 2, 2, 2, 2, 2, 2, 2, 2, 2, 2, 2, 2, 2, 2, 2, 2, 2, 2, 2, 2, 2, 2, 2, 2, 2, 2, 2, 2, 2, 2, 2, 2, 2, 2, 2, 2, 2, 2, 2, 2, 2, 2, 2, 2, 2, 2, 2, 2, 2, 2, 2, 2, 2, 2, 2, 2, 2, 2, 2, 2, 2, 2, 2, 2, 2, 2, 2, 2, 2, 2, 2, 2, 2, 2, 2, 2, 2, 2, 2, 2, 2, 2, 2, 2, 2, 2, 2, 2, 2, 2, 2, 2, 2, 2, 2, 2, 2, 2, 2, 2, 2, 2, 2, 2, 2, 2, 2, 2, 2, 2, 2, 2, 2, 2, 2, 2, 2, 2, 2, 2, 2, 2, 2, 2, 2, 2, 2, 2, 2, 2, 2, 2, 2, 2, 2, 2, 2, 2, 2, 2, 2, 2, 2, 2, 2, 2, 2, 2, 2, 2, 2, 2, 2, 2, 2, 2, 2, 2, 2, 2, 2, 2, 2, 2, 2, 2, 2, 2, 2, 2, 2, 2, 2, 2, 2, 2, 2, 2, 2, 2, 2, 2, 2, 2, 2, 2, 2, 2, 2, 2, 2, 2, 2, 2, 2, 2, 2, 2, 2, 2, 2, 2, 2, 2, 2, 2, 2, 2, 2, 2, 2, 2, 2, 2, 2, 2, 2, 2, 2, 2, 2, 2, 2, 2, 2, 2, 2, 2, 2, 2, 2, 2, 2, 2, 2, 2, 2, 2, 2, 2, 2, 2, 2, 2, 2, 2, 2, 2, 2, 2, 2, 2, 2, 2, 2, 2, 2, 2, 2, 2, 2, 2, 2, 2, 2, 2, 2, 2, 2, 2, 2, 2, 2, 2, 2, 2, 2, 2, 2, 2, 2, 2, 2, 2, 2, 2, 2, 2, 2, 2, 2, 2, 2, 2, 2, 2, 2, 2, 2, 2, 2, 2, 2, 2, 2, 2, 2, 2, 2, 2, 2, 2, 2, 2, 2, 2, 2, 2, 2, 2, 2, 2, 2, 2, 2, 2, 2, 2, 2, 2, 2, 2, 2, 2, 2, 2, 2, 2, 2, 2, 2, 2, 2, 2, 2, 2, 2, 2, 2, 2, 2, 2, 2, 2, 2, 2, 2, 2, 2, 2, 2, 2, 2, 2, 2, 2, 2, 2, 2, 2, 2, 2, 2, 2, 2, 2, 2, 2, 2, 2, 2, 2, 2, 2, 2, 2, 2, 2, 2, 2, 2, 2, 2, 2, 2, 2, 2, 2, 2, 2, 2, 2, 2, 2]",3,512,1,20260829,ea0e0baffb0308bd7df133990cedf386e775353b2aabaa47c4f7ed41ea63ceaa,float32,2921,0.09119556747428784,MEASURED,511,compact,264.061005,263.69033833333333,262.973999,264.036011,msprof_op_task_duration_acceptance,verify_d2,2.10.0.post4.dev20260715,2.10.0+cpu,4,3.2.0,6b5219f487b5b3ac57679a6a4387bc1d5d3a75f9
swa,c47f9bdcfb879eb73723521240a48a9bae99349d094a1fb82563535aabde82ec,6b5219f487b5b3ac57679a6a4387bc1d5d3a75f9,64,native_NHD_then_page_head_token_dim_permute,82f9e00dd9c169444330b20b411fdeeade867cd0d7fc3bfb55371c5c1a8d00fa,9.1.0,"[4096, 4096, 4096, 4096, 4096, 4096, 4096, 4096, 4096, 4096, 4096, 4096, 4096, 4096, 4096, 4096, 4096, 4096, 4096, 4096, 4096, 4096, 4096, 4096, 4096, 4096, 4096, 4096, 4096, 4096, 4096, 4096, 4096, 4096, 4096, 4096, 4096, 4096, 4096, 4096, 4096, 4096, 4096]","[3, 3, 3, 3, 3, 3, 3, 3, 3, 3, 3, 3, 3, 3, 3, 3, 3, 3, 3, 3, 3, 3, 3, 3, 3, 3, 3, 3, 3, 3, 3, 3, 3, 3, 3, 3, 3, 3, 3, 3, 3, 3, 3]",0,swa_verify_d3_m129_kv4096_uniform_compact_tp4,True,npu:5,5,Ascend950PR_957b,3,bfloat16,False,256,_swa_paged_prefill_small_q_grouped_sink_kernel,4096,uniform,129,3,4096,28,1,6,56,64,msprof/candidate/_swa_paged_prefill_small_q_grouped_sink_kernel.log.gz,candidate,3.11.10,129,43,msprof_primary_kernel,"[4096, 4096, 4096, 4096, 4096, 4096, 4096, 4096, 4096, 4096, 4096, 4096, 4096, 4096, 4096, 4096, 4096, 4096, 4096, 4096, 4096, 4096, 4096, 4096, 4096, 4096, 4096, 4096, 4096, 4096, 4096, 4096, 4096, 4096, 4096, 4096, 4096, 4096, 4096, 4096, 4096, 4096, 4096]","[3, 3, 3, 3, 3, 3, 3, 3, 3, 3, 3, 3, 3, 3, 3, 3, 3, 3, 3, 3, 3, 3, 3, 3, 3, 3, 3, 3, 3, 3, 3, 3, 3, 3, 3, 3, 3, 3, 3, 3, 3, 3, 3]",3,43,1,20260829,ea0e0baffb0308bd7df133990cedf386e775353b2aabaa47c4f7ed41ea63ceaa,float32,2921,0.09119556747428784,MEASURED,511,compact,37.223,36.817,36.185001,37.042999,msprof_op_task_duration_acceptance,verify_d3,2.10.0.post4.dev20260715,2.10.0+cpu,4,3.2.0,6b5219f487b5b3ac57679a6a4387bc1d5d3a75f9
swa,c47f9bdcfb879eb73723521240a48a9bae99349d094a1fb82563535aabde82ec,6b5219f487b5b3ac57679a6a4387bc1d5d3a75f9,64,native_NHD_then_page_head_token_dim_permute,82f9e00dd9c169444330b20b411fdeeade867cd0d7fc3bfb55371c5c1a8d00fa,9.1.0,"[4096, 4096, 4096, 4096, 4096, 4096, 4096, 4096, 4096, 4096, 4096, 4096, 4096, 4096, 4096, 4096, 4096, 4096, 4096, 4096, 4096, 4096, 4096, 4096, 4096, 4096, 4096, 4096, 4096, 4096, 4096, 4096, 4096, 4096, 4096, 4096, 4096, 4096, 4096, 4096, 4096, 4096, 4096, 4096, 4096, 4096, 4096, 4096, 4096, 4096, 4096, 4096, 4096, 4096, 4096, 4096, 4096, 4096, 4096, 4096, 4096, 4096, 4096, 4096, 4096, 4096, 4096, 4096, 4096, 4096, 4096, 4096, 4096, 4096, 4096, 4096, 4096, 4096, 4096, 4096, 4096, 4096, 4096, 4096, 4096]","[3, 3, 3, 3, 3, 3, 3, 3, 3, 3, 3, 3, 3, 3, 3, 3, 3, 3, 3, 3, 3, 3, 3, 3, 3, 3, 3, 3, 3, 3, 3, 3, 3, 3, 3, 3, 3, 3, 3, 3, 3, 3, 3, 3, 3, 3, 3, 3, 3, 3, 3, 3, 3, 3, 3, 3, 3, 3, 3, 3, 3, 3, 3, 3, 3, 3, 3, 3, 3, 3, 3, 3, 3, 3, 3, 3, 3, 3, 3, 3, 3, 3, 3, 3, 3]",0,swa_verify_d3_m255_kv4096_uniform_compact_tp4,True,npu:5,5,Ascend950PR_957b,3,bfloat16,False,256,_swa_paged_prefill_small_q_grouped_sink_kernel,4096,uniform,255,3,4096,28,1,6,56,64,msprof/candidate/_swa_paged_prefill_small_q_grouped_sink_kernel.log.gz,candidate,3.11.10,255,85,msprof_primary_kernel,"[4096, 4096, 4096, 4096, 4096, 4096, 4096, 4096, 4096, 4096, 4096, 4096, 4096, 4096, 4096, 4096, 4096, 4096, 4096, 4096, 4096, 4096, 4096, 4096, 4096, 4096, 4096, 4096, 4096, 4096, 4096, 4096, 4096, 4096, 4096, 4096, 4096, 4096, 4096, 4096, 4096, 4096, 4096, 4096, 4096, 4096, 4096, 4096, 4096, 4096, 4096, 4096, 4096, 4096, 4096, 4096, 4096, 4096, 4096, 4096, 4096, 4096, 4096, 4096, 4096, 4096, 4096, 4096, 4096, 4096, 4096, 4096, 4096, 4096, 4096, 4096, 4096, 4096, 4096, 4096, 4096, 4096, 4096, 4096, 4096]","[3, 3, 3, 3, 3, 3, 3, 3, 3, 3, 3, 3, 3, 3, 3, 3, 3, 3, 3, 3, 3, 3, 3, 3, 3, 3, 3, 3, 3, 3, 3, 3, 3, 3, 3, 3, 3, 3, 3, 3, 3, 3, 3, 3, 3, 3, 3, 3, 3, 3, 3, 3, 3, 3, 3, 3, 3, 3, 3, 3, 3, 3, 3, 3, 3, 3, 3, 3, 3, 3, 3, 3, 3, 3, 3, 3, 3, 3, 3, 3, 3, 3, 3, 3, 3]",3,85,1,20260829,ea0e0baffb0308bd7df133990cedf386e775353b2aabaa47c4f7ed41ea63ceaa,float32,2921,0.09119556747428784,MEASURED,511,compact,69.161003,67.57266733333334,66.109001,67.447998,msprof_op_task_duration_acceptance,verify_d3,2.10.0.post4.dev20260715,2.10.0+cpu,4,3.2.0,6b5219f487b5b3ac57679a6a4387bc1d5d3a75f9
swa,c47f9bdcfb879eb73723521240a48a9bae99349d094a1fb82563535aabde82ec,6b5219f487b5b3ac57679a6a4387bc1d5d3a75f9,64,native_NHD_then_page_head_token_dim_permute,82f9e00dd9c169444330b20b411fdeeade867cd0d7fc3bfb55371c5c1a8d00fa,9.1.0,"[4096, 4096, 4096, 4096, 4096, 4096, 4096, 4096, 4096, 4096, 4096, 4096, 4096, 4096, 4096, 4096, 4096, 4096, 4096, 4096, 4096, 4096, 4096, 4096, 4096, 4096, 4096, 4096, 4096, 4096, 4096, 4096, 4096, 4096, 4096, 4096, 4096, 4096, 4096, 4096, 4096, 4096, 4096, 4096, 4096, 4096, 4096, 4096, 4096, 4096, 4096, 4096, 4096, 4096, 4096, 4096, 4096, 4096, 4096, 4096, 4096, 4096, 4096, 4096, 4096, 4096, 4096, 4096, 4096, 4096, 4096, 4096, 4096, 4096, 4096, 4096, 4096, 4096, 4096, 4096, 4096, 4096, 4096, 4096, 4096, 4096, 4096, 4096, 4096, 4096, 4096, 4096, 4096, 4096, 4096, 4096, 4096, 4096, 4096, 4096, 4096, 4096, 4096, 4096, 4096, 4096, 4096, 4096, 4096, 4096, 4096, 4096, 4096, 4096, 4096, 4096, 4096, 4096, 4096, 4096, 4096, 4096, 4096, 4096, 4096, 4096, 4096, 4096, 4096, 4096, 4096, 4096, 4096, 4096, 4096, 4096, 4096, 4096, 4096, 4096, 4096, 4096, 4096, 4096, 4096, 4096, 4096, 4096, 4096, 4096, 4096, 4096, 4096, 4096, 4096, 4096, 4096, 4096, 4096, 4096, 4096, 4096, 4096, 4096, 4096, 4096, 4096, 4096, 4096, 4096, 4096]","[3, 3, 3, 3, 3, 3, 3, 3, 3, 3, 3, 3, 3, 3, 3, 3, 3, 3, 3, 3, 3, 3, 3, 3, 3, 3, 3, 3, 3, 3, 3, 3, 3, 3, 3, 3, 3, 3, 3, 3, 3, 3, 3, 3, 3, 3, 3, 3, 3, 3, 3, 3, 3, 3, 3, 3, 3, 3, 3, 3, 3, 3, 3, 3, 3, 3, 3, 3, 3, 3, 3, 3, 3, 3, 3, 3, 3, 3, 3, 3, 3, 3, 3, 3, 3, 3, 3, 3, 3, 3, 3, 3, 3, 3, 3, 3, 3, 3, 3, 3, 3, 3, 3, 3, 3, 3, 3, 3, 3, 3, 3, 3, 3, 3, 3, 3, 3, 3, 3, 3, 3, 3, 3, 3, 3, 3, 3, 3, 3, 3, 3, 3, 3, 3, 3, 3, 3, 3, 3, 3, 3, 3, 3, 3, 3, 3, 3, 3, 3, 3, 3, 3, 3, 3, 3, 3, 3, 3, 3, 3, 3, 3, 3, 3, 3, 3, 3, 3, 3, 3, 3]",0,swa_verify_d3_m513_kv4096_uniform_compact_tp4,True,npu:5,5,Ascend950PR_957b,3,bfloat16,False,256,_swa_paged_prefill_small_q_grouped_sink_kernel,4096,uniform,513,3,4096,28,1,6,56,64,msprof/candidate/_swa_paged_prefill_small_q_grouped_sink_kernel.log.gz,candidate,3.11.10,513,171,msprof_primary_kernel,"[4096, 4096, 4096, 4096, 4096, 4096, 4096, 4096, 4096, 4096, 4096, 4096, 4096, 4096, 4096, 4096, 4096, 4096, 4096, 4096, 4096, 4096, 4096, 4096, 4096, 4096, 4096, 4096, 4096, 4096, 4096, 4096, 4096, 4096, 4096, 4096, 4096, 4096, 4096, 4096, 4096, 4096, 4096, 4096, 4096, 4096, 4096, 4096, 4096, 4096, 4096, 4096, 4096, 4096, 4096, 4096, 4096, 4096, 4096, 4096, 4096, 4096, 4096, 4096, 4096, 4096, 4096, 4096, 4096, 4096, 4096, 4096, 4096, 4096, 4096, 4096, 4096, 4096, 4096, 4096, 4096, 4096, 4096, 4096, 4096, 4096, 4096, 4096, 4096, 4096, 4096, 4096, 4096, 4096, 4096, 4096, 4096, 4096, 4096, 4096, 4096, 4096, 4096, 4096, 4096, 4096, 4096, 4096, 4096, 4096, 4096, 4096, 4096, 4096, 4096, 4096, 4096, 4096, 4096, 4096, 4096, 4096, 4096, 4096, 4096, 4096, 4096, 4096, 4096, 4096, 4096, 4096, 4096, 4096, 4096, 4096, 4096, 4096, 4096, 4096, 4096, 4096, 4096, 4096, 4096, 4096, 4096, 4096, 4096, 4096, 4096, 4096, 4096, 4096, 4096, 4096, 4096, 4096, 4096, 4096, 4096, 4096, 4096, 4096, 4096, 4096, 4096, 4096, 4096, 4096, 4096]","[3, 3, 3, 3, 3, 3, 3, 3, 3, 3, 3, 3, 3, 3, 3, 3, 3, 3, 3, 3, 3, 3, 3, 3, 3, 3, 3, 3, 3, 3, 3, 3, 3, 3, 3, 3, 3, 3, 3, 3, 3, 3, 3, 3, 3, 3, 3, 3, 3, 3, 3, 3, 3, 3, 3, 3, 3, 3, 3, 3, 3, 3, 3, 3, 3, 3, 3, 3, 3, 3, 3, 3, 3, 3, 3, 3, 3, 3, 3, 3, 3, 3, 3, 3, 3, 3, 3, 3, 3, 3, 3, 3, 3, 3, 3, 3, 3, 3, 3, 3, 3, 3, 3, 3, 3, 3, 3, 3, 3, 3, 3, 3, 3, 3, 3, 3, 3, 3, 3, 3, 3, 3, 3, 3, 3, 3, 3, 3, 3, 3, 3, 3, 3, 3, 3, 3, 3, 3, 3, 3, 3, 3, 3, 3, 3, 3, 3, 3, 3, 3, 3, 3, 3, 3, 3, 3, 3, 3, 3, 3, 3, 3, 3, 3, 3, 3, 3, 3, 3, 3, 3]",3,171,1,20260829,ea0e0baffb0308bd7df133990cedf386e775353b2aabaa47c4f7ed41ea63ceaa,float32,2921,0.09119556747428784,MEASURED,511,compact,117.155998,116.51566566666668,115.546997,116.844002,msprof_op_task_duration_acceptance,verify_d3,2.10.0.post4.dev20260715,2.10.0+cpu,4,3.2.0,6b5219f487b5b3ac57679a6a4387bc1d5d3a75f9
swa,c47f9bdcfb879eb73723521240a48a9bae99349d094a1fb82563535aabde82ec,6b5219f487b5b3ac57679a6a4387bc1d5d3a75f9,64,native_NHD_then_page_head_token_dim_permute,82f9e00dd9c169444330b20b411fdeeade867cd0d7fc3bfb55371c5c1a8d00fa,9.1.0,"[4096, 4096, 4096, 4096, 4096, 4096, 4096, 4096, 4096, 4096, 4096, 4096, 4096, 4096, 4096, 4096, 4096, 4096, 4096, 4096, 4096, 4096, 4096, 4096, 4096, 4096, 4096, 4096, 4096, 4096, 4096, 4096, 4096, 4096, 4096, 4096, 4096, 4096, 4096, 4096, 4096, 4096, 4096, 4096, 4096, 4096, 4096, 4096, 4096, 4096, 4096, 4096, 4096, 4096, 4096, 4096, 4096, 4096, 4096, 4096, 4096, 4096, 4096, 4096, 4096, 4096, 4096, 4096, 4096, 4096, 4096, 4096, 4096, 4096, 4096, 4096, 4096, 4096, 4096, 4096, 4096, 4096, 4096, 4096, 4096, 4096, 4096, 4096, 4096, 4096, 4096, 4096, 4096, 4096, 4096, 4096, 4096, 4096, 4096, 4096, 4096, 4096, 4096, 4096, 4096, 4096, 4096, 4096, 4096, 4096, 4096, 4096, 4096, 4096, 4096, 4096, 4096, 4096, 4096, 4096, 4096, 4096, 4096, 4096, 4096, 4096, 4096, 4096, 4096, 4096, 4096, 4096, 4096, 4096, 4096, 4096, 4096, 4096, 4096, 4096, 4096, 4096, 4096, 4096, 4096, 4096, 4096, 4096, 4096, 4096, 4096, 4096, 4096, 4096, 4096, 4096, 4096, 4096, 4096, 4096, 4096, 4096, 4096, 4096, 4096, 4096, 4096, 4096, 4096, 4096, 4096, 4096, 4096, 4096, 4096, 4096, 4096, 4096, 4096, 4096, 4096, 4096, 4096, 4096, 4096, 4096, 4096, 4096, 4096, 4096, 4096, 4096, 4096, 4096, 4096, 4096, 4096, 4096, 4096, 4096, 4096, 4096, 4096, 4096, 4096, 4096, 4096, 4096, 4096, 4096, 4096, 4096, 4096, 4096, 4096, 4096, 4096, 4096, 4096, 4096, 4096, 4096, 4096, 4096, 4096, 4096, 4096, 4096, 4096, 4096, 4096, 4096, 4096, 4096, 4096, 4096, 4096, 4096, 4096, 4096, 4096, 4096, 4096, 4096, 4096, 4096, 4096, 4096, 4096, 4096, 4096, 4096, 4096, 4096, 4096, 4096, 4096, 4096, 4096, 4096, 4096, 4096, 4096, 4096, 4096, 4096, 4096, 4096, 4096, 4096, 4096, 4096, 4096, 4096, 4096, 4096, 4096, 4096, 4096, 4096, 4096, 4096, 4096, 4096, 4096, 4096, 4096, 4096, 4096, 4096, 4096, 4096, 4096, 4096, 4096, 4096, 4096, 4096, 4096, 4096, 4096, 4096, 4096, 4096, 4096, 4096, 4096, 4096, 4096, 4096, 4096, 4096, 4096, 4096, 4096, 4096, 4096, 4096, 4096, 4096, 4096, 4096, 4096, 4096, 4096, 4096, 4096, 4096, 4096, 4096, 4096, 4096, 4096, 4096, 4096, 4096, 4096, 4096, 4096, 4096, 4096]","[3, 3, 3, 3, 3, 3, 3, 3, 3, 3, 3, 3, 3, 3, 3, 3, 3, 3, 3, 3, 3, 3, 3, 3, 3, 3, 3, 3, 3, 3, 3, 3, 3, 3, 3, 3, 3, 3, 3, 3, 3, 3, 3, 3, 3, 3, 3, 3, 3, 3, 3, 3, 3, 3, 3, 3, 3, 3, 3, 3, 3, 3, 3, 3, 3, 3, 3, 3, 3, 3, 3, 3, 3, 3, 3, 3, 3, 3, 3, 3, 3, 3, 3, 3, 3, 3, 3, 3, 3, 3, 3, 3, 3, 3, 3, 3, 3, 3, 3, 3, 3, 3, 3, 3, 3, 3, 3, 3, 3, 3, 3, 3, 3, 3, 3, 3, 3, 3, 3, 3, 3, 3, 3, 3, 3, 3, 3, 3, 3, 3, 3, 3, 3, 3, 3, 3, 3, 3, 3, 3, 3, 3, 3, 3, 3, 3, 3, 3, 3, 3, 3, 3, 3, 3, 3, 3, 3, 3, 3, 3, 3, 3, 3, 3, 3, 3, 3, 3, 3, 3, 3, 3, 3, 3, 3, 3, 3, 3, 3, 3, 3, 3, 3, 3, 3, 3, 3, 3, 3, 3, 3, 3, 3, 3, 3, 3, 3, 3, 3, 3, 3, 3, 3, 3, 3, 3, 3, 3, 3, 3, 3, 3, 3, 3, 3, 3, 3, 3, 3, 3, 3, 3, 3, 3, 3, 3, 3, 3, 3, 3, 3, 3, 3, 3, 3, 3, 3, 3, 3, 3, 3, 3, 3, 3, 3, 3, 3, 3, 3, 3, 3, 3, 3, 3, 3, 3, 3, 3, 3, 3, 3, 3, 3, 3, 3, 3, 3, 3, 3, 3, 3, 3, 3, 3, 3, 3, 3, 3, 3, 3, 3, 3, 3, 3, 3, 3, 3, 3, 3, 3, 3, 3, 3, 3, 3, 3, 3, 3, 3, 3, 3, 3, 3, 3, 3, 3, 3, 3, 3, 3, 3, 3, 3, 3, 3, 3, 3, 3, 3, 3, 3, 3, 3, 3, 3, 3, 3, 3, 3, 3, 3, 3, 3, 3, 3, 3, 3, 3, 3, 3, 3]",0,swa_verify_d3_m1023_kv4096_uniform_compact_tp4,True,npu:5,5,Ascend950PR_957b,3,bfloat16,False,256,_swa_paged_prefill_small_q_grouped_sink_kernel,4096,uniform,1023,3,4096,28,1,6,56,64,msprof/candidate/_swa_paged_prefill_small_q_grouped_sink_kernel.log.gz,candidate,3.11.10,1023,341,msprof_primary_kernel,"[4096, 4096, 4096, 4096, 4096, 4096, 4096, 4096, 4096, 4096, 4096, 4096, 4096, 4096, 4096, 4096, 4096, 4096, 4096, 4096, 4096, 4096, 4096, 4096, 4096, 4096, 4096, 4096, 4096, 4096, 4096, 4096, 4096, 4096, 4096, 4096, 4096, 4096, 4096, 4096, 4096, 4096, 4096, 4096, 4096, 4096, 4096, 4096, 4096, 4096, 4096, 4096, 4096, 4096, 4096, 4096, 4096, 4096, 4096, 4096, 4096, 4096, 4096, 4096, 4096, 4096, 4096, 4096, 4096, 4096, 4096, 4096, 4096, 4096, 4096, 4096, 4096, 4096, 4096, 4096, 4096, 4096, 4096, 4096, 4096, 4096, 4096, 4096, 4096, 4096, 4096, 4096, 4096, 4096, 4096, 4096, 4096, 4096, 4096, 4096, 4096, 4096, 4096, 4096, 4096, 4096, 4096, 4096, 4096, 4096, 4096, 4096, 4096, 4096, 4096, 4096, 4096, 4096, 4096, 4096, 4096, 4096, 4096, 4096, 4096, 4096, 4096, 4096, 4096, 4096, 4096, 4096, 4096, 4096, 4096, 4096, 4096, 4096, 4096, 4096, 4096, 4096, 4096, 4096, 4096, 4096, 4096, 4096, 4096, 4096, 4096, 4096, 4096, 4096, 4096, 4096, 4096, 4096, 4096, 4096, 4096, 4096, 4096, 4096, 4096, 4096, 4096, 4096, 4096, 4096, 4096, 4096, 4096, 4096, 4096, 4096, 4096, 4096, 4096, 4096, 4096, 4096, 4096, 4096, 4096, 4096, 4096, 4096, 4096, 4096, 4096, 4096, 4096, 4096, 4096, 4096, 4096, 4096, 4096, 4096, 4096, 4096, 4096, 4096, 4096, 4096, 4096, 4096, 4096, 4096, 4096, 4096, 4096, 4096, 4096, 4096, 4096, 4096, 4096, 4096, 4096, 4096, 4096, 4096, 4096, 4096, 4096, 4096, 4096, 4096, 4096, 4096, 4096, 4096, 4096, 4096, 4096, 4096, 4096, 4096, 4096, 4096, 4096, 4096, 4096, 4096, 4096, 4096, 4096, 4096, 4096, 4096, 4096, 4096, 4096, 4096, 4096, 4096, 4096, 4096, 4096, 4096, 4096, 4096, 4096, 4096, 4096, 4096, 4096, 4096, 4096, 4096, 4096, 4096, 4096, 4096, 4096, 4096, 4096, 4096, 4096, 4096, 4096, 4096, 4096, 4096, 4096, 4096, 4096, 4096, 4096, 4096, 4096, 4096, 4096, 4096, 4096, 4096, 4096, 4096, 4096, 4096, 4096, 4096, 4096, 4096, 4096, 4096, 4096, 4096, 4096, 4096, 4096, 4096, 4096, 4096, 4096, 4096, 4096, 4096, 4096, 4096, 4096, 4096, 4096, 4096, 4096, 4096, 4096, 4096, 4096, 4096, 4096, 4096, 4096, 4096, 4096, 4096, 4096, 4096, 4096]","[3, 3, 3, 3, 3, 3, 3, 3, 3, 3, 3, 3, 3, 3, 3, 3, 3, 3, 3, 3, 3, 3, 3, 3, 3, 3, 3, 3, 3, 3, 3, 3, 3, 3, 3, 3, 3, 3, 3, 3, 3, 3, 3, 3, 3, 3, 3, 3, 3, 3, 3, 3, 3, 3, 3, 3, 3, 3, 3, 3, 3, 3, 3, 3, 3, 3, 3, 3, 3, 3, 3, 3, 3, 3, 3, 3, 3, 3, 3, 3, 3, 3, 3, 3, 3, 3, 3, 3, 3, 3, 3, 3, 3, 3, 3, 3, 3, 3, 3, 3, 3, 3, 3, 3, 3, 3, 3, 3, 3, 3, 3, 3, 3, 3, 3, 3, 3, 3, 3, 3, 3, 3, 3, 3, 3, 3, 3, 3, 3, 3, 3, 3, 3, 3, 3, 3, 3, 3, 3, 3, 3, 3, 3, 3, 3, 3, 3, 3, 3, 3, 3, 3, 3, 3, 3, 3, 3, 3, 3, 3, 3, 3, 3, 3, 3, 3, 3, 3, 3, 3, 3, 3, 3, 3, 3, 3, 3, 3, 3, 3, 3, 3, 3, 3, 3, 3, 3, 3, 3, 3, 3, 3, 3, 3, 3, 3, 3, 3, 3, 3, 3, 3, 3, 3, 3, 3, 3, 3, 3, 3, 3, 3, 3, 3, 3, 3, 3, 3, 3, 3, 3, 3, 3, 3, 3, 3, 3, 3, 3, 3, 3, 3, 3, 3, 3, 3, 3, 3, 3, 3, 3, 3, 3, 3, 3, 3, 3, 3, 3, 3, 3, 3, 3, 3, 3, 3, 3, 3, 3, 3, 3, 3, 3, 3, 3, 3, 3, 3, 3, 3, 3, 3, 3, 3, 3, 3, 3, 3, 3, 3, 3, 3, 3, 3, 3, 3, 3, 3, 3, 3, 3, 3, 3, 3, 3, 3, 3, 3, 3, 3, 3, 3, 3, 3, 3, 3, 3, 3, 3, 3, 3, 3, 3, 3, 3, 3, 3, 3, 3, 3, 3, 3, 3, 3, 3, 3, 3, 3, 3, 3, 3, 3, 3, 3, 3, 3, 3, 3, 3, 3, 3]",3,341,1,20260829,ea0e0baffb0308bd7df133990cedf386e775353b2aabaa47c4f7ed41ea63ceaa,float32,2921,0.09119556747428784,MEASURED,511,compact,212.367996,211.26666766666668,210.375015,211.056992,msprof_op_task_duration_acceptance,verify_d3,2.10.0.post4.dev20260715,2.10.0+cpu,4,3.2.0,6b5219f487b5b3ac57679a6a4387bc1d5d3a75f9
swa,c47f9bdcfb879eb73723521240a48a9bae99349d094a1fb82563535aabde82ec,6b5219f487b5b3ac57679a6a4387bc1d5d3a75f9,64,native_NHD_then_page_head_token_dim_permute,82f9e00dd9c169444330b20b411fdeeade867cd0d7fc3bfb55371c5c1a8d00fa,9.1.0,[4096],[1024],0,swa_dense_m1024_kv4096_uniform_compact_tp4,True,npu:5,5,Ascend950PR_957b,,bfloat16,False,256,_swa_paged_prefill_aggregation_sink_kernel,4096,uniform,1024,1024,4096,28,1,6,56,64,msprof/candidate/_swa_paged_prefill_aggregation_sink_kernel.log.gz,candidate,3.11.10,1024,1,msprof_primary_kernel,[4096],[1024],3,1,1,20260829,4598f080c5d9f78aff4abaae928c7c48679407227af06c074b9c749b0737f3ba,float32,5119,0.09119556747428784,MEASURED,511,compact,27.327,27.018333666666667,26.551001,27.177,msprof_op_task_duration_acceptance,dense,2.10.0.post4.dev20260715,2.10.0+cpu,4,3.2.0,6b5219f487b5b3ac57679a6a4387bc1d5d3a75f9
swa,c47f9bdcfb879eb73723521240a48a9bae99349d094a1fb82563535aabde82ec,6b5219f487b5b3ac57679a6a4387bc1d5d3a75f9,264,native_NHD_then_page_head_token_dim_permute,82f9e00dd9c169444330b20b411fdeeade867cd0d7fc3bfb55371c5c1a8d00fa,9.1.0,[16879],[1024],0,swa_dense_m1024_kv16896_ragged_compact_tp4,True,npu:5,5,Ascend950PR_957b,,bfloat16,False,256,_swa_paged_prefill_aggregation_sink_kernel,16896,ragged,1024,1024,16879,28,1,6,56,64,msprof/candidate/_swa_paged_prefill_aggregation_sink_kernel.log.gz,candidate,3.11.10,1024,1,msprof_primary_kernel,[16879],[1024],3,1,1,20260829,4598f080c5d9f78aff4abaae928c7c48679407227af06c074b9c749b0737f3ba,float32,5119,0.09119556747428784,MEASURED,511,compact,30.444,30.302667,30.115,30.349001,msprof_op_task_duration_acceptance,dense,2.10.0.post4.dev20260715,2.10.0+cpu,4,3.2.0,6b5219f487b5b3ac57679a6a4387bc1d5d3a75f9
swa,c47f9bdcfb879eb73723521240a48a9bae99349d094a1fb82563535aabde82ec,6b5219f487b5b3ac57679a6a4387bc1d5d3a75f9,64,native_NHD_then_page_head_token_dim_permute,82f9e00dd9c169444330b20b411fdeeade867cd0d7fc3bfb55371c5c1a8d00fa,9.1.0,"[4079, 4042, 4005, 3968, 3931, 3894, 3857, 4077, 4040, 4003, 3966, 3929, 3892, 3855, 4075, 4038]","[16, 17, 16, 16, 16, 16, 16, 16, 16, 16, 16, 16, 16, 16, 16, 16]",0,swa_ragged_prefill_b16_m257_kv4096_ragged_compact_tp4,True,npu:5,5,Ascend950PR_957b,,bfloat16,False,256,_swa_paged_prefill_aggregation_sink_kernel,4096,ragged,257,17,3855,28,1,6,56,64,msprof/candidate/_swa_paged_prefill_aggregation_sink_kernel.log.gz,candidate,3.11.10,257,16,msprof_primary_kernel,"[4079, 4042, 4005, 3968, 3931, 3894, 3857, 4077, 4040, 4003, 3966, 3929, 3892, 3855, 4075, 4038]","[16, 17, 16, 16, 16, 16, 16, 16, 16, 16, 16, 16, 16, 16, 16, 16]",3,16,1,20260829,4598f080c5d9f78aff4abaae928c7c48679407227af06c074b9c749b0737f3ba,float32,5119,0.09119556747428784,MEASURED,511,compact,46.672001,46.093333,45.785999,45.821999,msprof_op_task_duration_acceptance,ragged_prefill,2.10.0.post4.dev20260715,2.10.0+cpu,4,3.2.0,6b5219f487b5b3ac57679a6a4387bc1d5d3a75f9
swa,c47f9bdcfb879eb73723521240a48a9bae99349d094a1fb82563535aabde82ec,6b5219f487b5b3ac57679a6a4387bc1d5d3a75f9,64,native_NHD_then_page_head_token_dim_permute,82f9e00dd9c169444330b20b411fdeeade867cd0d7fc3bfb55371c5c1a8d00fa,9.1.0,[4096],[3],0,swa_dense_m3_kv4096_uniform_compact_tp4,True,npu:5,5,Ascend950PR_957b,,bfloat16,False,256,_swa_paged_prefill_aggregation_sink_kernel,4096,uniform,3,3,4096,28,1,6,56,64,msprof/candidate/_swa_paged_prefill_aggregation_sink_kernel.log.gz,candidate,3.11.10,3,1,msprof_primary_kernel,[4096],[3],3,1,1,20260829,4598f080c5d9f78aff4abaae928c7c48679407227af06c074b9c749b0737f3ba,float32,5119,0.09119556747428784,MEASURED,511,compact,12.363,12.242666666666667,12.128,12.237,msprof_op_task_duration_acceptance,dense,2.10.0.post4.dev20260715,2.10.0+cpu,4,3.2.0,6b5219f487b5b3ac57679a6a4387bc1d5d3a75f9
swa,c47f9bdcfb879eb73723521240a48a9bae99349d094a1fb82563535aabde82ec,6b5219f487b5b3ac57679a6a4387bc1d5d3a75f9,64,native_NHD_then_page_head_token_dim_permute,82f9e00dd9c169444330b20b411fdeeade867cd0d7fc3bfb55371c5c1a8d00fa,9.1.0,[4096],[4],0,swa_dense_m4_kv4096_uniform_compact_tp4,True,npu:5,5,Ascend950PR_957b,,bfloat16,False,256,_swa_paged_prefill_aggregation_sink_kernel,4096,uniform,4,4,4096,28,1,6,56,64,msprof/candidate/_swa_paged_prefill_aggregation_sink_kernel.log.gz,candidate,3.11.10,4,1,msprof_primary_kernel,[4096],[4],3,1,1,20260829,4598f080c5d9f78aff4abaae928c7c48679407227af06c074b9c749b0737f3ba,float32,5119,0.09119556747428784,MEASURED,511,compact,12.28,12.140333333333333,12.068,12.073,msprof_op_task_duration_acceptance,dense,2.10.0.post4.dev20260715,2.10.0+cpu,4,3.2.0,6b5219f487b5b3ac57679a6a4387bc1d5d3a75f9
swa,c47f9bdcfb879eb73723521240a48a9bae99349d094a1fb82563535aabde82ec,6b5219f487b5b3ac57679a6a4387bc1d5d3a75f9,64,native_NHD_then_page_head_token_dim_permute,82f9e00dd9c169444330b20b411fdeeade867cd0d7fc3bfb55371c5c1a8d00fa,9.1.0,[4096],[5],0,swa_dense_m5_kv4096_uniform_compact_tp4,True,npu:5,5,Ascend950PR_957b,,bfloat16,False,256,_swa_paged_prefill_aggregation_sink_kernel,4096,uniform,5,5,4096,28,1,6,56,64,msprof/candidate/_swa_paged_prefill_aggregation_sink_kernel.log.gz,candidate,3.11.10,5,1,msprof_primary_kernel,[4096],[5],3,1,1,20260829,4598f080c5d9f78aff4abaae928c7c48679407227af06c074b9c749b0737f3ba,float32,5119,0.09119556747428784,MEASURED,511,compact,15.315,15.044333333333332,14.705,15.113,msprof_op_task_duration_acceptance,dense,2.10.0.post4.dev20260715,2.10.0+cpu,4,3.2.0,6b5219f487b5b3ac57679a6a4387bc1d5d3a75f9
swa,c47f9bdcfb879eb73723521240a48a9bae99349d094a1fb82563535aabde82ec,6b5219f487b5b3ac57679a6a4387bc1d5d3a75f9,64,native_NHD_then_page_head_token_dim_permute,82f9e00dd9c169444330b20b411fdeeade867cd0d7fc3bfb55371c5c1a8d00fa,9.1.0,[4096],[7],0,swa_dense_m7_kv4096_uniform_compact_tp4,True,npu:5,5,Ascend950PR_957b,,bfloat16,False,256,_swa_paged_prefill_aggregation_sink_kernel,4096,uniform,7,7,4096,28,1,6,56,64,msprof/candidate/_swa_paged_prefill_aggregation_sink_kernel.log.gz,candidate,3.11.10,7,1,msprof_primary_kernel,[4096],[7],3,1,1,20260829,4598f080c5d9f78aff4abaae928c7c48679407227af06c074b9c749b0737f3ba,float32,5119,0.09119556747428784,MEASURED,511,compact,15.024,14.963,14.852,15.013,msprof_op_task_duration_acceptance,dense,2.10.0.post4.dev20260715,2.10.0+cpu,4,3.2.0,6b5219f487b5b3ac57679a6a4387bc1d5d3a75f9
swa,c47f9bdcfb879eb73723521240a48a9bae99349d094a1fb82563535aabde82ec,6b5219f487b5b3ac57679a6a4387bc1d5d3a75f9,64,native_NHD_then_page_head_token_dim_permute,82f9e00dd9c169444330b20b411fdeeade867cd0d7fc3bfb55371c5c1a8d00fa,9.1.0,[4096],[8],0,swa_dense_m8_kv4096_uniform_compact_tp4,True,npu:5,5,Ascend950PR_957b,,bfloat16,False,256,_swa_paged_prefill_aggregation_sink_kernel,4096,uniform,8,8,4096,28,1,6,56,64,msprof/candidate/_swa_paged_prefill_aggregation_sink_kernel.log.gz,candidate,3.11.10,8,1,msprof_primary_kernel,[4096],[8],3,1,1,20260829,4598f080c5d9f78aff4abaae928c7c48679407227af06c074b9c749b0737f3ba,float32,5119,0.09119556747428784,MEASURED,511,compact,15.001,14.918999999999999,14.835,14.921,msprof_op_task_duration_acceptance,dense,2.10.0.post4.dev20260715,2.10.0+cpu,4,3.2.0,6b5219f487b5b3ac57679a6a4387bc1d5d3a75f9
swa,c47f9bdcfb879eb73723521240a48a9bae99349d094a1fb82563535aabde82ec,6b5219f487b5b3ac57679a6a4387bc1d5d3a75f9,64,native_NHD_then_page_head_token_dim_permute,82f9e00dd9c169444330b20b411fdeeade867cd0d7fc3bfb55371c5c1a8d00fa,9.1.0,[4096],[15],0,swa_dense_m15_kv4096_uniform_compact_tp4,True,npu:5,5,Ascend950PR_957b,,bfloat16,False,256,_swa_paged_prefill_aggregation_sink_kernel,4096,uniform,15,15,4096,28,1,6,56,64,msprof/candidate/_swa_paged_prefill_aggregation_sink_kernel.log.gz,candidate,3.11.10,15,1,msprof_primary_kernel,[4096],[15],3,1,1,20260829,4598f080c5d9f78aff4abaae928c7c48679407227af06c074b9c749b0737f3ba,float32,5119,0.09119556747428784,MEASURED,511,compact,15.333,14.959666666666665,14.523,15.023,msprof_op_task_duration_acceptance,dense,2.10.0.post4.dev20260715,2.10.0+cpu,4,3.2.0,6b5219f487b5b3ac57679a6a4387bc1d5d3a75f9
swa,c47f9bdcfb879eb73723521240a48a9bae99349d094a1fb82563535aabde82ec,6b5219f487b5b3ac57679a6a4387bc1d5d3a75f9,64,native_NHD_then_page_head_token_dim_permute,82f9e00dd9c169444330b20b411fdeeade867cd0d7fc3bfb55371c5c1a8d00fa,9.1.0,[4096],[16],0,swa_dense_m16_kv4096_uniform_compact_tp4,True,npu:5,5,Ascend950PR_957b,,bfloat16,False,256,_swa_paged_prefill_aggregation_sink_kernel,4096,uniform,16,16,4096,28,1,6,56,64,msprof/candidate/_swa_paged_prefill_aggregation_sink_kernel.log.gz,candidate,3.11.10,16,1,msprof_primary_kernel,[4096],[16],3,1,1,20260829,4598f080c5d9f78aff4abaae928c7c48679407227af06c074b9c749b0737f3ba,float32,5119,0.09119556747428784,MEASURED,511,compact,14.708,14.668333333333335,14.605,14.692,msprof_op_task_duration_acceptance,dense,2.10.0.post4.dev20260715,2.10.0+cpu,4,3.2.0,6b5219f487b5b3ac57679a6a4387bc1d5d3a75f9
swa,c47f9bdcfb879eb73723521240a48a9bae99349d094a1fb82563535aabde82ec,6b5219f487b5b3ac57679a6a4387bc1d5d3a75f9,64,native_NHD_then_page_head_token_dim_permute,82f9e00dd9c169444330b20b411fdeeade867cd0d7fc3bfb55371c5c1a8d00fa,9.1.0,[4096],[17],0,swa_dense_m17_kv4096_uniform_compact_tp4,True,npu:5,5,Ascend950PR_957b,,bfloat16,False,256,_swa_paged_prefill_aggregation_sink_kernel,4096,uniform,17,17,4096,28,1,6,56,64,msprof/candidate/_swa_paged_prefill_aggregation_sink_kernel.log.gz,candidate,3.11.10,17,1,msprof_primary_kernel,[4096],[17],3,1,1,20260829,4598f080c5d9f78aff4abaae928c7c48679407227af06c074b9c749b0737f3ba,float32,5119,0.09119556747428784,MEASURED,511,compact,15.208,15.155666666666667,15.058,15.201,msprof_op_task_duration_acceptance,dense,2.10.0.post4.dev20260715,2.10.0+cpu,4,3.2.0,6b5219f487b5b3ac57679a6a4387bc1d5d3a75f9
swa,c47f9bdcfb879eb73723521240a48a9bae99349d094a1fb82563535aabde82ec,6b5219f487b5b3ac57679a6a4387bc1d5d3a75f9,64,native_NHD_then_page_head_token_dim_permute,82f9e00dd9c169444330b20b411fdeeade867cd0d7fc3bfb55371c5c1a8d00fa,9.1.0,[4096],[23],0,swa_dense_m23_kv4096_uniform_compact_tp4,True,npu:5,5,Ascend950PR_957b,,bfloat16,False,256,_swa_paged_prefill_aggregation_sink_kernel,4096,uniform,23,23,4096,28,1,6,56,64,msprof/candidate/_swa_paged_prefill_aggregation_sink_kernel.log.gz,candidate,3.11.10,23,1,msprof_primary_kernel,[4096],[23],3,1,1,20260829,4598f080c5d9f78aff4abaae928c7c48679407227af06c074b9c749b0737f3ba,float32,5119,0.09119556747428784,MEASURED,511,compact,15.08,14.884666666666666,14.519,15.055,msprof_op_task_duration_acceptance,dense,2.10.0.post4.dev20260715,2.10.0+cpu,4,3.2.0,6b5219f487b5b3ac57679a6a4387bc1d5d3a75f9
swa,c47f9bdcfb879eb73723521240a48a9bae99349d094a1fb82563535aabde82ec,6b5219f487b5b3ac57679a6a4387bc1d5d3a75f9,64,native_NHD_then_page_head_token_dim_permute,82f9e00dd9c169444330b20b411fdeeade867cd0d7fc3bfb55371c5c1a8d00fa,9.1.0,[4096],[31],0,swa_dense_m31_kv4096_uniform_compact_tp4,True,npu:5,5,Ascend950PR_957b,,bfloat16,False,256,_swa_paged_prefill_aggregation_sink_kernel,4096,uniform,31,31,4096,28,1,6,56,64,msprof/candidate/_swa_paged_prefill_aggregation_sink_kernel.log.gz,candidate,3.11.10,31,1,msprof_primary_kernel,[4096],[31],3,1,1,20260829,4598f080c5d9f78aff4abaae928c7c48679407227af06c074b9c749b0737f3ba,float32,5119,0.09119556747428784,MEASURED,511,compact,15.198,14.954666666666668,14.616,15.05,msprof_op_task_duration_acceptance,dense,2.10.0.post4.dev20260715,2.10.0+cpu,4,3.2.0,6b5219f487b5b3ac57679a6a4387bc1d5d3a75f9
swa,c47f9bdcfb879eb73723521240a48a9bae99349d094a1fb82563535aabde82ec,6b5219f487b5b3ac57679a6a4387bc1d5d3a75f9,64,native_NHD_then_page_head_token_dim_permute,82f9e00dd9c169444330b20b411fdeeade867cd0d7fc3bfb55371c5c1a8d00fa,9.1.0,[4096],[32],0,swa_dense_m32_kv4096_uniform_compact_tp4,True,npu:5,5,Ascend950PR_957b,,bfloat16,False,256,_swa_paged_prefill_aggregation_sink_kernel,4096,uniform,32,32,4096,28,1,6,56,64,msprof/candidate/_swa_paged_prefill_aggregation_sink_kernel.log.gz,candidate,3.11.10,32,1,msprof_primary_kernel,[4096],[32],3,1,1,20260829,4598f080c5d9f78aff4abaae928c7c48679407227af06c074b9c749b0737f3ba,float32,5119,0.09119556747428784,MEASURED,511,compact,15.341,15.039,14.556,15.22,msprof_op_task_duration_acceptance,dense,2.10.0.post4.dev20260715,2.10.0+cpu,4,3.2.0,6b5219f487b5b3ac57679a6a4387bc1d5d3a75f9
swa,c47f9bdcfb879eb73723521240a48a9bae99349d094a1fb82563535aabde82ec,6b5219f487b5b3ac57679a6a4387bc1d5d3a75f9,64,native_NHD_then_page_head_token_dim_permute,82f9e00dd9c169444330b20b411fdeeade867cd0d7fc3bfb55371c5c1a8d00fa,9.1.0,[4096],[33],0,swa_dense_m33_kv4096_uniform_compact_tp4,True,npu:5,5,Ascend950PR_957b,,bfloat16,False,256,_swa_paged_prefill_aggregation_sink_kernel,4096,uniform,33,33,4096,28,1,6,56,64,msprof/candidate/_swa_paged_prefill_aggregation_sink_kernel.log.gz,candidate,3.11.10,33,1,msprof_primary_kernel,[4096],[33],3,1,1,20260829,4598f080c5d9f78aff4abaae928c7c48679407227af06c074b9c749b0737f3ba,float32,5119,0.09119556747428784,MEASURED,511,compact,14.848,14.673000000000002,14.528,14.643,msprof_op_task_duration_acceptance,dense,2.10.0.post4.dev20260715,2.10.0+cpu,4,3.2.0,6b5219f487b5b3ac57679a6a4387bc1d5d3a75f9
swa,c47f9bdcfb879eb73723521240a48a9bae99349d094a1fb82563535aabde82ec,6b5219f487b5b3ac57679a6a4387bc1d5d3a75f9,64,native_NHD_then_page_head_token_dim_permute,82f9e00dd9c169444330b20b411fdeeade867cd0d7fc3bfb55371c5c1a8d00fa,9.1.0,[4096],[37],0,swa_dense_m37_kv4096_uniform_compact_tp4,True,npu:5,5,Ascend950PR_957b,,bfloat16,False,256,_swa_paged_prefill_aggregation_sink_kernel,4096,uniform,37,37,4096,28,1,6,56,64,msprof/candidate/_swa_paged_prefill_aggregation_sink_kernel.log.gz,candidate,3.11.10,37,1,msprof_primary_kernel,[4096],[37],3,1,1,20260829,4598f080c5d9f78aff4abaae928c7c48679407227af06c074b9c749b0737f3ba,float32,5119,0.09119556747428784,MEASURED,511,compact,15.574,15.197000000000001,14.906,15.111,msprof_op_task_duration_acceptance,dense,2.10.0.post4.dev20260715,2.10.0+cpu,4,3.2.0,6b5219f487b5b3ac57679a6a4387bc1d5d3a75f9
swa,c47f9bdcfb879eb73723521240a48a9bae99349d094a1fb82563535aabde82ec,6b5219f487b5b3ac57679a6a4387bc1d5d3a75f9,64,native_NHD_then_page_head_token_dim_permute,82f9e00dd9c169444330b20b411fdeeade867cd0d7fc3bfb55371c5c1a8d00fa,9.1.0,[4096],[47],0,swa_dense_m47_kv4096_uniform_compact_tp4,True,npu:5,5,Ascend950PR_957b,,bfloat16,False,256,_swa_paged_prefill_aggregation_sink_kernel,4096,uniform,47,47,4096,28,1,6,56,64,msprof/candidate/_swa_paged_prefill_aggregation_sink_kernel.log.gz,candidate,3.11.10,47,1,msprof_primary_kernel,[4096],[47],3,1,1,20260829,4598f080c5d9f78aff4abaae928c7c48679407227af06c074b9c749b0737f3ba,float32,5119,0.09119556747428784,MEASURED,511,compact,15.37,14.991333333333332,14.574,15.03,msprof_op_task_duration_acceptance,dense,2.10.0.post4.dev20260715,2.10.0+cpu,4,3.2.0,6b5219f487b5b3ac57679a6a4387bc1d5d3a75f9
swa,c47f9bdcfb879eb73723521240a48a9bae99349d094a1fb82563535aabde82ec,6b5219f487b5b3ac57679a6a4387bc1d5d3a75f9,64,native_NHD_then_page_head_token_dim_permute,82f9e00dd9c169444330b20b411fdeeade867cd0d7fc3bfb55371c5c1a8d00fa,9.1.0,[4096],[48],0,swa_dense_m48_kv4096_uniform_compact_tp4,True,npu:5,5,Ascend950PR_957b,,bfloat16,False,256,_swa_paged_prefill_aggregation_sink_kernel,4096,uniform,48,48,4096,28,1,6,56,64,msprof/candidate/_swa_paged_prefill_aggregation_sink_kernel.log.gz,candidate,3.11.10,48,1,msprof_primary_kernel,[4096],[48],3,1,1,20260829,4598f080c5d9f78aff4abaae928c7c48679407227af06c074b9c749b0737f3ba,float32,5119,0.09119556747428784,MEASURED,511,compact,14.838,14.752,14.593,14.825,msprof_op_task_duration_acceptance,dense,2.10.0.post4.dev20260715,2.10.0+cpu,4,3.2.0,6b5219f487b5b3ac57679a6a4387bc1d5d3a75f9
swa,c47f9bdcfb879eb73723521240a48a9bae99349d094a1fb82563535aabde82ec,6b5219f487b5b3ac57679a6a4387bc1d5d3a75f9,64,native_NHD_then_page_head_token_dim_permute,82f9e00dd9c169444330b20b411fdeeade867cd0d7fc3bfb55371c5c1a8d00fa,9.1.0,[4096],[49],0,swa_dense_m49_kv4096_uniform_compact_tp4,True,npu:5,5,Ascend950PR_957b,,bfloat16,False,256,_swa_paged_prefill_aggregation_sink_kernel,4096,uniform,49,49,4096,28,1,6,56,64,msprof/candidate/_swa_paged_prefill_aggregation_sink_kernel.log.gz,candidate,3.11.10,49,1,msprof_primary_kernel,[4096],[49],3,1,1,20260829,4598f080c5d9f78aff4abaae928c7c48679407227af06c074b9c749b0737f3ba,float32,5119,0.09119556747428784,MEASURED,511,compact,14.94,14.839999999999998,14.717,14.863,msprof_op_task_duration_acceptance,dense,2.10.0.post4.dev20260715,2.10.0+cpu,4,3.2.0,6b5219f487b5b3ac57679a6a4387bc1d5d3a75f9
swa,c47f9bdcfb879eb73723521240a48a9bae99349d094a1fb82563535aabde82ec,6b5219f487b5b3ac57679a6a4387bc1d5d3a75f9,64,native_NHD_then_page_head_token_dim_permute,82f9e00dd9c169444330b20b411fdeeade867cd0d7fc3bfb55371c5c1a8d00fa,9.1.0,[4096],[63],0,swa_dense_m63_kv4096_uniform_compact_tp4,True,npu:5,5,Ascend950PR_957b,,bfloat16,False,256,_swa_paged_prefill_aggregation_sink_kernel,4096,uniform,63,63,4096,28,1,6,56,64,msprof/candidate/_swa_paged_prefill_aggregation_sink_kernel.log.gz,candidate,3.11.10,63,1,msprof_primary_kernel,[4096],[63],3,1,1,20260829,4598f080c5d9f78aff4abaae928c7c48679407227af06c074b9c749b0737f3ba,float32,5119,0.09119556747428784,MEASURED,511,compact,14.895,14.815666666666667,14.677,14.875,msprof_op_task_duration_acceptance,dense,2.10.0.post4.dev20260715,2.10.0+cpu,4,3.2.0,6b5219f487b5b3ac57679a6a4387bc1d5d3a75f9
swa,c47f9bdcfb879eb73723521240a48a9bae99349d094a1fb82563535aabde82ec,6b5219f487b5b3ac57679a6a4387bc1d5d3a75f9,64,native_NHD_then_page_head_token_dim_permute,82f9e00dd9c169444330b20b411fdeeade867cd0d7fc3bfb55371c5c1a8d00fa,9.1.0,[4096],[64],0,swa_dense_m64_kv4096_uniform_compact_tp4,True,npu:5,5,Ascend950PR_957b,,bfloat16,False,256,_swa_paged_prefill_aggregation_sink_kernel,4096,uniform,64,64,4096,28,1,6,56,64,msprof/candidate/_swa_paged_prefill_aggregation_sink_kernel.log.gz,candidate,3.11.10,64,1,msprof_primary_kernel,[4096],[64],3,1,1,20260829,4598f080c5d9f78aff4abaae928c7c48679407227af06c074b9c749b0737f3ba,float32,5119,0.09119556747428784,MEASURED,511,compact,15.92,15.210999999999999,14.671,15.042,msprof_op_task_duration_acceptance,dense,2.10.0.post4.dev20260715,2.10.0+cpu,4,3.2.0,6b5219f487b5b3ac57679a6a4387bc1d5d3a75f9
swa,c47f9bdcfb879eb73723521240a48a9bae99349d094a1fb82563535aabde82ec,6b5219f487b5b3ac57679a6a4387bc1d5d3a75f9,64,native_NHD_then_page_head_token_dim_permute,82f9e00dd9c169444330b20b411fdeeade867cd0d7fc3bfb55371c5c1a8d00fa,9.1.0,[4096],[65],0,swa_dense_m65_kv4096_uniform_compact_tp4,True,npu:5,5,Ascend950PR_957b,,bfloat16,False,256,_swa_paged_prefill_aggregation_sink_kernel,4096,uniform,65,65,4096,28,1,6,56,64,msprof/candidate/_swa_paged_prefill_aggregation_sink_kernel.log.gz,candidate,3.11.10,65,1,msprof_primary_kernel,[4096],[65],3,1,1,20260829,4598f080c5d9f78aff4abaae928c7c48679407227af06c074b9c749b0737f3ba,float32,5119,0.09119556747428784,MEASURED,511,compact,15.074,14.915666666666667,14.751,14.922,msprof_op_task_duration_acceptance,dense,2.10.0.post4.dev20260715,2.10.0+cpu,4,3.2.0,6b5219f487b5b3ac57679a6a4387bc1d5d3a75f9
swa,c47f9bdcfb879eb73723521240a48a9bae99349d094a1fb82563535aabde82ec,6b5219f487b5b3ac57679a6a4387bc1d5d3a75f9,64,native_NHD_then_page_head_token_dim_permute,82f9e00dd9c169444330b20b411fdeeade867cd0d7fc3bfb55371c5c1a8d00fa,9.1.0,[4096],[73],0,swa_dense_m73_kv4096_uniform_compact_tp4,True,npu:5,5,Ascend950PR_957b,,bfloat16,False,256,_swa_paged_prefill_aggregation_sink_kernel,4096,uniform,73,73,4096,28,1,6,56,64,msprof/candidate/_swa_paged_prefill_aggregation_sink_kernel.log.gz,candidate,3.11.10,73,1,msprof_primary_kernel,[4096],[73],3,1,1,20260829,4598f080c5d9f78aff4abaae928c7c48679407227af06c074b9c749b0737f3ba,float32,5119,0.09119556747428784,MEASURED,511,compact,15.693,15.271333333333333,15.046,15.075,msprof_op_task_duration_acceptance,dense,2.10.0.post4.dev20260715,2.10.0+cpu,4,3.2.0,6b5219f487b5b3ac57679a6a4387bc1d5d3a75f9
swa,c47f9bdcfb879eb73723521240a48a9bae99349d094a1fb82563535aabde82ec,6b5219f487b5b3ac57679a6a4387bc1d5d3a75f9,64,native_NHD_then_page_head_token_dim_permute,82f9e00dd9c169444330b20b411fdeeade867cd0d7fc3bfb55371c5c1a8d00fa,9.1.0,[4096],[95],0,swa_dense_m95_kv4096_uniform_compact_tp4,True,npu:5,5,Ascend950PR_957b,,bfloat16,False,256,_swa_paged_prefill_aggregation_sink_kernel,4096,uniform,95,95,4096,28,1,6,56,64,msprof/candidate/_swa_paged_prefill_aggregation_sink_kernel.log.gz,candidate,3.11.10,95,1,msprof_primary_kernel,[4096],[95],3,1,1,20260829,4598f080c5d9f78aff4abaae928c7c48679407227af06c074b9c749b0737f3ba,float32,5119,0.09119556747428784,MEASURED,511,compact,16.193001,15.458000333333333,15.09,15.091,msprof_op_task_duration_acceptance,dense,2.10.0.post4.dev20260715,2.10.0+cpu,4,3.2.0,6b5219f487b5b3ac57679a6a4387bc1d5d3a75f9
swa,c47f9bdcfb879eb73723521240a48a9bae99349d094a1fb82563535aabde82ec,6b5219f487b5b3ac57679a6a4387bc1d5d3a75f9,64,native_NHD_then_page_head_token_dim_permute,82f9e00dd9c169444330b20b411fdeeade867cd0d7fc3bfb55371c5c1a8d00fa,9.1.0,[4096],[111],0,swa_dense_m111_kv4096_uniform_compact_tp4,True,npu:5,5,Ascend950PR_957b,,bfloat16,False,256,_swa_paged_prefill_aggregation_sink_kernel,4096,uniform,111,111,4096,28,1,6,56,64,msprof/candidate/_swa_paged_prefill_aggregation_sink_kernel.log.gz,candidate,3.11.10,111,1,msprof_primary_kernel,[4096],[111],3,1,1,20260829,4598f080c5d9f78aff4abaae928c7c48679407227af06c074b9c749b0737f3ba,float32,5119,0.09119556747428784,MEASURED,511,compact,16.318001,15.873333666666667,15.377,15.925,msprof_op_task_duration_acceptance,dense,2.10.0.post4.dev20260715,2.10.0+cpu,4,3.2.0,6b5219f487b5b3ac57679a6a4387bc1d5d3a75f9
swa,c47f9bdcfb879eb73723521240a48a9bae99349d094a1fb82563535aabde82ec,6b5219f487b5b3ac57679a6a4387bc1d5d3a75f9,64,native_NHD_then_page_head_token_dim_permute,82f9e00dd9c169444330b20b411fdeeade867cd0d7fc3bfb55371c5c1a8d00fa,9.1.0,[4096],[127],0,swa_dense_m127_kv4096_uniform_compact_tp4,True,npu:5,5,Ascend950PR_957b,,bfloat16,False,256,_swa_paged_prefill_aggregation_sink_kernel,4096,uniform,127,127,4096,28,1,6,56,64,msprof/candidate/_swa_paged_prefill_aggregation_sink_kernel.log.gz,candidate,3.11.10,127,1,msprof_primary_kernel,[4096],[127],3,1,1,20260829,4598f080c5d9f78aff4abaae928c7c48679407227af06c074b9c749b0737f3ba,float32,5119,0.09119556747428784,MEASURED,511,compact,15.317,15.231333333333334,15.148,15.229,msprof_op_task_duration_acceptance,dense,2.10.0.post4.dev20260715,2.10.0+cpu,4,3.2.0,6b5219f487b5b3ac57679a6a4387bc1d5d3a75f9
swa,c47f9bdcfb879eb73723521240a48a9bae99349d094a1fb82563535aabde82ec,6b5219f487b5b3ac57679a6a4387bc1d5d3a75f9,64,native_NHD_then_page_head_token_dim_permute,82f9e00dd9c169444330b20b411fdeeade867cd0d7fc3bfb55371c5c1a8d00fa,9.1.0,[4096],[128],0,swa_dense_m128_kv4096_uniform_compact_tp4,True,npu:5,5,Ascend950PR_957b,,bfloat16,False,256,_swa_paged_prefill_aggregation_sink_kernel,4096,uniform,128,128,4096,28,1,6,56,64,msprof/candidate/_swa_paged_prefill_aggregation_sink_kernel.log.gz,candidate,3.11.10,128,1,msprof_primary_kernel,[4096],[128],3,1,1,20260829,4598f080c5d9f78aff4abaae928c7c48679407227af06c074b9c749b0737f3ba,float32,5119,0.09119556747428784,MEASURED,511,compact,15.109,15.033666666666667,14.913,15.079,msprof_op_task_duration_acceptance,dense,2.10.0.post4.dev20260715,2.10.0+cpu,4,3.2.0,6b5219f487b5b3ac57679a6a4387bc1d5d3a75f9
swa,c47f9bdcfb879eb73723521240a48a9bae99349d094a1fb82563535aabde82ec,6b5219f487b5b3ac57679a6a4387bc1d5d3a75f9,64,native_NHD_then_page_head_token_dim_permute,82f9e00dd9c169444330b20b411fdeeade867cd0d7fc3bfb55371c5c1a8d00fa,9.1.0,[4096],[129],0,swa_dense_m129_kv4096_uniform_compact_tp4,True,npu:5,5,Ascend950PR_957b,,bfloat16,False,256,_swa_paged_prefill_aggregation_sink_kernel,4096,uniform,129,129,4096,28,1,6,56,64,msprof/candidate/_swa_paged_prefill_aggregation_sink_kernel.log.gz,candidate,3.11.10,129,1,msprof_primary_kernel,[4096],[129],3,1,1,20260829,4598f080c5d9f78aff4abaae928c7c48679407227af06c074b9c749b0737f3ba,float32,5119,0.09119556747428784,MEASURED,511,compact,15.526,15.292666666666667,14.926,15.426,msprof_op_task_duration_acceptance,dense,2.10.0.post4.dev20260715,2.10.0+cpu,4,3.2.0,6b5219f487b5b3ac57679a6a4387bc1d5d3a75f9
swa,c47f9bdcfb879eb73723521240a48a9bae99349d094a1fb82563535aabde82ec,6b5219f487b5b3ac57679a6a4387bc1d5d3a75f9,64,native_NHD_then_page_head_token_dim_permute,82f9e00dd9c169444330b20b411fdeeade867cd0d7fc3bfb55371c5c1a8d00fa,9.1.0,[4096],[191],0,swa_dense_m191_kv4096_uniform_compact_tp4,True,npu:5,5,Ascend950PR_957b,,bfloat16,False,256,_swa_paged_prefill_aggregation_sink_kernel,4096,uniform,191,191,4096,28,1,6,56,64,msprof/candidate/_swa_paged_prefill_aggregation_sink_kernel.log.gz,candidate,3.11.10,191,1,msprof_primary_kernel,[4096],[191],3,1,1,20260829,4598f080c5d9f78aff4abaae928c7c48679407227af06c074b9c749b0737f3ba,float32,5119,0.09119556747428784,MEASURED,511,compact,17.194,16.934333,16.674,16.934999,msprof_op_task_duration_acceptance,dense,2.10.0.post4.dev20260715,2.10.0+cpu,4,3.2.0,6b5219f487b5b3ac57679a6a4387bc1d5d3a75f9
swa,c47f9bdcfb879eb73723521240a48a9bae99349d094a1fb82563535aabde82ec,6b5219f487b5b3ac57679a6a4387bc1d5d3a75f9,64,native_NHD_then_page_head_token_dim_permute,82f9e00dd9c169444330b20b411fdeeade867cd0d7fc3bfb55371c5c1a8d00fa,9.1.0,[4096],[192],0,swa_dense_m192_kv4096_uniform_compact_tp4,True,npu:5,5,Ascend950PR_957b,,bfloat16,False,256,_swa_paged_prefill_aggregation_sink_kernel,4096,uniform,192,192,4096,28,1,6,56,64,msprof/candidate/_swa_paged_prefill_aggregation_sink_kernel.log.gz,candidate,3.11.10,192,1,msprof_primary_kernel,[4096],[192],3,1,1,20260829,4598f080c5d9f78aff4abaae928c7c48679407227af06c074b9c749b0737f3ba,float32,5119,0.09119556747428784,MEASURED,511,compact,15.741,15.548333333333332,15.326,15.578,msprof_op_task_duration_acceptance,dense,2.10.0.post4.dev20260715,2.10.0+cpu,4,3.2.0,6b5219f487b5b3ac57679a6a4387bc1d5d3a75f9
swa,c47f9bdcfb879eb73723521240a48a9bae99349d094a1fb82563535aabde82ec,6b5219f487b5b3ac57679a6a4387bc1d5d3a75f9,64,native_NHD_then_page_head_token_dim_permute,82f9e00dd9c169444330b20b411fdeeade867cd0d7fc3bfb55371c5c1a8d00fa,9.1.0,[4096],[193],0,swa_dense_m193_kv4096_uniform_compact_tp4,True,npu:5,5,Ascend950PR_957b,,bfloat16,False,256,_swa_paged_prefill_aggregation_sink_kernel,4096,uniform,193,193,4096,28,1,6,56,64,msprof/candidate/_swa_paged_prefill_aggregation_sink_kernel.log.gz,candidate,3.11.10,193,1,msprof_primary_kernel,[4096],[193],3,1,1,20260829,4598f080c5d9f78aff4abaae928c7c48679407227af06c074b9c749b0737f3ba,float32,5119,0.09119556747428784,MEASURED,511,compact,16.044001,15.779667000000002,15.535,15.76,msprof_op_task_duration_acceptance,dense,2.10.0.post4.dev20260715,2.10.0+cpu,4,3.2.0,6b5219f487b5b3ac57679a6a4387bc1d5d3a75f9
swa,c47f9bdcfb879eb73723521240a48a9bae99349d094a1fb82563535aabde82ec,6b5219f487b5b3ac57679a6a4387bc1d5d3a75f9,64,native_NHD_then_page_head_token_dim_permute,82f9e00dd9c169444330b20b411fdeeade867cd0d7fc3bfb55371c5c1a8d00fa,9.1.0,[4096],[255],0,swa_dense_m255_kv4096_uniform_compact_tp4,True,npu:5,5,Ascend950PR_957b,,bfloat16,False,256,_swa_paged_prefill_aggregation_sink_kernel,4096,uniform,255,255,4096,28,1,6,56,64,msprof/candidate/_swa_paged_prefill_aggregation_sink_kernel.log.gz,candidate,3.11.10,255,1,msprof_primary_kernel,[4096],[255],3,1,1,20260829,4598f080c5d9f78aff4abaae928c7c48679407227af06c074b9c749b0737f3ba,float32,5119,0.09119556747428784,MEASURED,511,compact,16.872,16.759000333333333,16.679001,16.726,msprof_op_task_duration_acceptance,dense,2.10.0.post4.dev20260715,2.10.0+cpu,4,3.2.0,6b5219f487b5b3ac57679a6a4387bc1d5d3a75f9
swa,c47f9bdcfb879eb73723521240a48a9bae99349d094a1fb82563535aabde82ec,6b5219f487b5b3ac57679a6a4387bc1d5d3a75f9,64,native_NHD_then_page_head_token_dim_permute,82f9e00dd9c169444330b20b411fdeeade867cd0d7fc3bfb55371c5c1a8d00fa,9.1.0,[4096],[256],0,swa_dense_m256_kv4096_uniform_compact_tp4,True,npu:5,5,Ascend950PR_957b,,bfloat16,False,256,_swa_paged_prefill_aggregation_sink_kernel,4096,uniform,256,256,4096,28,1,6,56,64,msprof/candidate/_swa_paged_prefill_aggregation_sink_kernel.log.gz,candidate,3.11.10,256,1,msprof_primary_kernel,[4096],[256],3,1,1,20260829,4598f080c5d9f78aff4abaae928c7c48679407227af06c074b9c749b0737f3ba,float32,5119,0.09119556747428784,MEASURED,511,compact,15.725,15.443666666666667,15.18,15.426,msprof_op_task_duration_acceptance,dense,2.10.0.post4.dev20260715,2.10.0+cpu,4,3.2.0,6b5219f487b5b3ac57679a6a4387bc1d5d3a75f9
swa,c47f9bdcfb879eb73723521240a48a9bae99349d094a1fb82563535aabde82ec,6b5219f487b5b3ac57679a6a4387bc1d5d3a75f9,64,native_NHD_then_page_head_token_dim_permute,82f9e00dd9c169444330b20b411fdeeade867cd0d7fc3bfb55371c5c1a8d00fa,9.1.0,[4096],[257],0,swa_dense_m257_kv4096_uniform_compact_tp4,True,npu:5,5,Ascend950PR_957b,,bfloat16,False,256,_swa_paged_prefill_aggregation_sink_kernel,4096,uniform,257,257,4096,28,1,6,56,64,msprof/candidate/_swa_paged_prefill_aggregation_sink_kernel.log.gz,candidate,3.11.10,257,1,msprof_primary_kernel,[4096],[257],3,1,1,20260829,4598f080c5d9f78aff4abaae928c7c48679407227af06c074b9c749b0737f3ba,float32,5119,0.09119556747428784,MEASURED,511,compact,15.914,15.665333333333331,15.437,15.645,msprof_op_task_duration_acceptance,dense,2.10.0.post4.dev20260715,2.10.0+cpu,4,3.2.0,6b5219f487b5b3ac57679a6a4387bc1d5d3a75f9
swa,c47f9bdcfb879eb73723521240a48a9bae99349d094a1fb82563535aabde82ec,6b5219f487b5b3ac57679a6a4387bc1d5d3a75f9,64,native_NHD_then_page_head_token_dim_permute,82f9e00dd9c169444330b20b411fdeeade867cd0d7fc3bfb55371c5c1a8d00fa,9.1.0,[4096],[383],0,swa_dense_m383_kv4096_uniform_compact_tp4,True,npu:5,5,Ascend950PR_957b,,bfloat16,False,256,_swa_paged_prefill_aggregation_sink_kernel,4096,uniform,383,383,4096,28,1,6,56,64,msprof/candidate/_swa_paged_prefill_aggregation_sink_kernel.log.gz,candidate,3.11.10,383,1,msprof_primary_kernel,[4096],[383],3,1,1,20260829,4598f080c5d9f78aff4abaae928c7c48679407227af06c074b9c749b0737f3ba,float32,5119,0.09119556747428784,MEASURED,511,compact,17.636,17.448999333333333,17.351999,17.358999,msprof_op_task_duration_acceptance,dense,2.10.0.post4.dev20260715,2.10.0+cpu,4,3.2.0,6b5219f487b5b3ac57679a6a4387bc1d5d3a75f9
swa,c47f9bdcfb879eb73723521240a48a9bae99349d094a1fb82563535aabde82ec,6b5219f487b5b3ac57679a6a4387bc1d5d3a75f9,64,native_NHD_then_page_head_token_dim_permute,82f9e00dd9c169444330b20b411fdeeade867cd0d7fc3bfb55371c5c1a8d00fa,9.1.0,[4096],[511],0,swa_dense_m511_kv4096_uniform_compact_tp4,True,npu:5,5,Ascend950PR_957b,,bfloat16,False,256,_swa_paged_prefill_aggregation_sink_kernel,4096,uniform,511,511,4096,28,1,6,56,64,msprof/candidate/_swa_paged_prefill_aggregation_sink_kernel.log.gz,candidate,3.11.10,511,1,msprof_primary_kernel,[4096],[511],3,1,1,20260829,4598f080c5d9f78aff4abaae928c7c48679407227af06c074b9c749b0737f3ba,float32,5119,0.09119556747428784,MEASURED,511,compact,18.250999,17.921999333333332,17.559,17.955999,msprof_op_task_duration_acceptance,dense,2.10.0.post4.dev20260715,2.10.0+cpu,4,3.2.0,6b5219f487b5b3ac57679a6a4387bc1d5d3a75f9
swa,c47f9bdcfb879eb73723521240a48a9bae99349d094a1fb82563535aabde82ec,6b5219f487b5b3ac57679a6a4387bc1d5d3a75f9,64,native_NHD_then_page_head_token_dim_permute,82f9e00dd9c169444330b20b411fdeeade867cd0d7fc3bfb55371c5c1a8d00fa,9.1.0,[4096],[512],0,swa_dense_m512_kv4096_uniform_compact_tp4,True,npu:5,5,Ascend950PR_957b,,bfloat16,False,256,_swa_paged_prefill_aggregation_sink_kernel,4096,uniform,512,512,4096,28,1,6,56,64,msprof/candidate/_swa_paged_prefill_aggregation_sink_kernel.log.gz,candidate,3.11.10,512,1,msprof_primary_kernel,[4096],[512],3,1,1,20260829,4598f080c5d9f78aff4abaae928c7c48679407227af06c074b9c749b0737f3ba,float32,5119,0.09119556747428784,MEASURED,511,compact,17.097,16.838,16.575001,16.841999,msprof_op_task_duration_acceptance,dense,2.10.0.post4.dev20260715,2.10.0+cpu,4,3.2.0,6b5219f487b5b3ac57679a6a4387bc1d5d3a75f9
swa,c47f9bdcfb879eb73723521240a48a9bae99349d094a1fb82563535aabde82ec,6b5219f487b5b3ac57679a6a4387bc1d5d3a75f9,64,native_NHD_then_page_head_token_dim_permute,82f9e00dd9c169444330b20b411fdeeade867cd0d7fc3bfb55371c5c1a8d00fa,9.1.0,[4096],[513],0,swa_dense_m513_kv4096_uniform_compact_tp4,True,npu:5,5,Ascend950PR_957b,,bfloat16,False,256,_swa_paged_prefill_aggregation_sink_kernel,4096,uniform,513,513,4096,28,1,6,56,64,msprof/candidate/_swa_paged_prefill_aggregation_sink_kernel.log.gz,candidate,3.11.10,513,1,msprof_primary_kernel,[4096],[513],3,1,1,20260829,4598f080c5d9f78aff4abaae928c7c48679407227af06c074b9c749b0737f3ba,float32,5119,0.09119556747428784,MEASURED,511,compact,24.079,23.694667,23.325001,23.68,msprof_op_task_duration_acceptance,dense,2.10.0.post4.dev20260715,2.10.0+cpu,4,3.2.0,6b5219f487b5b3ac57679a6a4387bc1d5d3a75f9
swa,c47f9bdcfb879eb73723521240a48a9bae99349d094a1fb82563535aabde82ec,6b5219f487b5b3ac57679a6a4387bc1d5d3a75f9,64,native_NHD_then_page_head_token_dim_permute,82f9e00dd9c169444330b20b411fdeeade867cd0d7fc3bfb55371c5c1a8d00fa,9.1.0,[4096],[641],0,swa_dense_m641_kv4096_uniform_compact_tp4,True,npu:5,5,Ascend950PR_957b,,bfloat16,False,256,_swa_paged_prefill_aggregation_sink_kernel,4096,uniform,641,641,4096,28,1,6,56,64,msprof/candidate/_swa_paged_prefill_aggregation_sink_kernel.log.gz,candidate,3.11.10,641,1,msprof_primary_kernel,[4096],[641],3,1,1,20260829,4598f080c5d9f78aff4abaae928c7c48679407227af06c074b9c749b0737f3ba,float32,5119,0.09119556747428784,MEASURED,511,compact,26.594999,25.88633333333333,25.336,25.728001,msprof_op_task_duration_acceptance,dense,2.10.0.post4.dev20260715,2.10.0+cpu,4,3.2.0,6b5219f487b5b3ac57679a6a4387bc1d5d3a75f9
swa,c47f9bdcfb879eb73723521240a48a9bae99349d094a1fb82563535aabde82ec,6b5219f487b5b3ac57679a6a4387bc1d5d3a75f9,64,native_NHD_then_page_head_token_dim_permute,82f9e00dd9c169444330b20b411fdeeade867cd0d7fc3bfb55371c5c1a8d00fa,9.1.0,[4096],[767],0,swa_dense_m767_kv4096_uniform_compact_tp4,True,npu:5,5,Ascend950PR_957b,,bfloat16,False,256,_swa_paged_prefill_aggregation_sink_kernel,4096,uniform,767,767,4096,28,1,6,56,64,msprof/candidate/_swa_paged_prefill_aggregation_sink_kernel.log.gz,candidate,3.11.10,767,1,msprof_primary_kernel,[4096],[767],3,1,1,20260829,4598f080c5d9f78aff4abaae928c7c48679407227af06c074b9c749b0737f3ba,float32,5119,0.09119556747428784,MEASURED,511,compact,29.886,29.600333000000003,29.417,29.497999,msprof_op_task_duration_acceptance,dense,2.10.0.post4.dev20260715,2.10.0+cpu,4,3.2.0,6b5219f487b5b3ac57679a6a4387bc1d5d3a75f9
swa,c47f9bdcfb879eb73723521240a48a9bae99349d094a1fb82563535aabde82ec,6b5219f487b5b3ac57679a6a4387bc1d5d3a75f9,64,native_NHD_then_page_head_token_dim_permute,82f9e00dd9c169444330b20b411fdeeade867cd0d7fc3bfb55371c5c1a8d00fa,9.1.0,[4096],[1023],0,swa_dense_m1023_kv4096_uniform_compact_tp4,True,npu:5,5,Ascend950PR_957b,,bfloat16,False,256,_swa_paged_prefill_aggregation_sink_kernel,4096,uniform,1023,1023,4096,28,1,6,56,64,msprof/candidate/_swa_paged_prefill_aggregation_sink_kernel.log.gz,candidate,3.11.10,1023,1,msprof_primary_kernel,[4096],[1023],3,1,1,20260829,4598f080c5d9f78aff4abaae928c7c48679407227af06c074b9c749b0737f3ba,float32,5119,0.09119556747428784,MEASURED,511,compact,30.896,30.325000333333332,29.981001,30.098,msprof_op_task_duration_acceptance,dense,2.10.0.post4.dev20260715,2.10.0+cpu,4,3.2.0,6b5219f487b5b3ac57679a6a4387bc1d5d3a75f9
swa,c47f9bdcfb879eb73723521240a48a9bae99349d094a1fb82563535aabde82ec,6b5219f487b5b3ac57679a6a4387bc1d5d3a75f9,64,native_NHD_then_page_head_token_dim_permute,82f9e00dd9c169444330b20b411fdeeade867cd0d7fc3bfb55371c5c1a8d00fa,9.1.0,"[4079, 4042, 4005, 3968, 3931, 3894, 3857]","[5, 6, 5, 5, 5, 5, 6]",0,swa_ragged_prefill_b7_m37_kv4096_ragged_compact_tp4,True,npu:5,5,Ascend950PR_957b,,bfloat16,False,256,_swa_paged_prefill_aggregation_sink_kernel,4096,ragged,37,6,3857,28,1,6,56,64,msprof/candidate/_swa_paged_prefill_aggregation_sink_kernel.log.gz,candidate,3.11.10,37,7,msprof_primary_kernel,"[4079, 4042, 4005, 3968, 3931, 3894, 3857]","[5, 6, 5, 5, 5, 5, 6]",3,7,1,20260829,4598f080c5d9f78aff4abaae928c7c48679407227af06c074b9c749b0737f3ba,float32,5119,0.09119556747428784,MEASURED,511,compact,25.966999,25.826999666666666,25.565001,25.948999,msprof_op_task_duration_acceptance,ragged_prefill,2.10.0.post4.dev20260715,2.10.0+cpu,4,3.2.0,6b5219f487b5b3ac57679a6a4387bc1d5d3a75f9
swa,c47f9bdcfb879eb73723521240a48a9bae99349d094a1fb82563535aabde82ec,6b5219f487b5b3ac57679a6a4387bc1d5d3a75f9,64,native_NHD_then_page_head_token_dim_permute,82f9e00dd9c169444330b20b411fdeeade867cd0d7fc3bfb55371c5c1a8d00fa,9.1.0,"[4079, 4042, 4005, 3968, 3931, 3894, 3857]","[9, 9, 9, 9, 9, 9, 9]",0,swa_ragged_prefill_b7_m63_kv4096_ragged_compact_tp4,True,npu:5,5,Ascend950PR_957b,,bfloat16,False,256,_swa_paged_prefill_aggregation_sink_kernel,4096,ragged,63,9,3857,28,1,6,56,64,msprof/candidate/_swa_paged_prefill_aggregation_sink_kernel.log.gz,candidate,3.11.10,63,7,msprof_primary_kernel,"[4079, 4042, 4005, 3968, 3931, 3894, 3857]","[9, 9, 9, 9, 9, 9, 9]",3,7,1,20260829,4598f080c5d9f78aff4abaae928c7c48679407227af06c074b9c749b0737f3ba,float32,5119,0.09119556747428784,MEASURED,511,compact,26.539,25.762667000000004,25.273001,25.476,msprof_op_task_duration_acceptance,ragged_prefill,2.10.0.post4.dev20260715,2.10.0+cpu,4,3.2.0,6b5219f487b5b3ac57679a6a4387bc1d5d3a75f9
swa,c47f9bdcfb879eb73723521240a48a9bae99349d094a1fb82563535aabde82ec,6b5219f487b5b3ac57679a6a4387bc1d5d3a75f9,64,native_NHD_then_page_head_token_dim_permute,82f9e00dd9c169444330b20b411fdeeade867cd0d7fc3bfb55371c5c1a8d00fa,9.1.0,"[4079, 4042, 4005, 3968, 3931, 3894, 3857]","[18, 19, 18, 18, 18, 18, 18]",0,swa_ragged_prefill_b7_m127_kv4096_ragged_compact_tp4,True,npu:5,5,Ascend950PR_957b,,bfloat16,False,256,_swa_paged_prefill_aggregation_sink_kernel,4096,ragged,127,19,3857,28,1,6,56,64,msprof/candidate/_swa_paged_prefill_aggregation_sink_kernel.log.gz,candidate,3.11.10,127,7,msprof_primary_kernel,"[4079, 4042, 4005, 3968, 3931, 3894, 3857]","[18, 19, 18, 18, 18, 18, 18]",3,7,1,20260829,4598f080c5d9f78aff4abaae928c7c48679407227af06c074b9c749b0737f3ba,float32,5119,0.09119556747428784,MEASURED,511,compact,26.565001,26.197,25.500999,26.525,msprof_op_task_duration_acceptance,ragged_prefill,2.10.0.post4.dev20260715,2.10.0+cpu,4,3.2.0,6b5219f487b5b3ac57679a6a4387bc1d5d3a75f9
swa,c47f9bdcfb879eb73723521240a48a9bae99349d094a1fb82563535aabde82ec,6b5219f487b5b3ac57679a6a4387bc1d5d3a75f9,64,native_NHD_then_page_head_token_dim_permute,82f9e00dd9c169444330b20b411fdeeade867cd0d7fc3bfb55371c5c1a8d00fa,9.1.0,"[4079, 4042, 4005, 3968, 3931, 3894, 3857, 4077, 4040, 4003, 3966, 3929, 3892, 3855, 4075, 4038]","[5, 5, 4, 4, 5, 5, 5, 4, 4, 5, 5, 5, 4, 4, 4, 5]",0,swa_ragged_prefill_b16_m73_kv4096_ragged_compact_tp4,True,npu:5,5,Ascend950PR_957b,,bfloat16,False,256,_swa_paged_prefill_aggregation_sink_kernel,4096,ragged,73,5,3855,28,1,6,56,64,msprof/candidate/_swa_paged_prefill_aggregation_sink_kernel.log.gz,candidate,3.11.10,73,16,msprof_primary_kernel,"[4079, 4042, 4005, 3968, 3931, 3894, 3857, 4077, 4040, 4003, 3966, 3929, 3892, 3855, 4075, 4038]","[5, 5, 4, 4, 5, 5, 5, 4, 4, 5, 5, 5, 4, 4, 4, 5]",3,16,1,20260829,4598f080c5d9f78aff4abaae928c7c48679407227af06c074b9c749b0737f3ba,float32,5119,0.09119556747428784,MEASURED,511,compact,46.159,45.828668,45.351002,45.976002,msprof_op_task_duration_acceptance,ragged_prefill,2.10.0.post4.dev20260715,2.10.0+cpu,4,3.2.0,6b5219f487b5b3ac57679a6a4387bc1d5d3a75f9
swa,c47f9bdcfb879eb73723521240a48a9bae99349d094a1fb82563535aabde82ec,6b5219f487b5b3ac57679a6a4387bc1d5d3a75f9,64,native_NHD_then_page_head_token_dim_permute,82f9e00dd9c169444330b20b411fdeeade867cd0d7fc3bfb55371c5c1a8d00fa,9.1.0,"[4079, 4042, 4005, 3968, 3931, 3894, 3857, 4077, 4040, 4003, 3966, 3929, 3892, 3855, 4075, 4038]","[8, 8, 8, 8, 8, 8, 8, 8, 8, 8, 8, 8, 8, 8, 8, 8]",0,swa_ragged_prefill_b16_m128_kv4096_ragged_compact_tp4,True,npu:5,5,Ascend950PR_957b,,bfloat16,False,256,_swa_paged_prefill_aggregation_sink_kernel,4096,ragged,128,8,3855,28,1,6,56,64,msprof/candidate/_swa_paged_prefill_aggregation_sink_kernel.log.gz,candidate,3.11.10,128,16,msprof_primary_kernel,"[4079, 4042, 4005, 3968, 3931, 3894, 3857, 4077, 4040, 4003, 3966, 3929, 3892, 3855, 4075, 4038]","[8, 8, 8, 8, 8, 8, 8, 8, 8, 8, 8, 8, 8, 8, 8, 8]",3,16,1,20260829,4598f080c5d9f78aff4abaae928c7c48679407227af06c074b9c749b0737f3ba,float32,5119,0.09119556747428784,MEASURED,511,compact,46.306999,45.776998999999996,45.334999,45.688999,msprof_op_task_duration_acceptance,ragged_prefill,2.10.0.post4.dev20260715,2.10.0+cpu,4,3.2.0,6b5219f487b5b3ac57679a6a4387bc1d5d3a75f9
swa,c47f9bdcfb879eb73723521240a48a9bae99349d094a1fb82563535aabde82ec,6b5219f487b5b3ac57679a6a4387bc1d5d3a75f9,64,native_NHD_then_page_head_token_dim_permute,82f9e00dd9c169444330b20b411fdeeade867cd0d7fc3bfb55371c5c1a8d00fa,9.1.0,"[4079, 4042, 4005, 3968, 3931, 3894, 3857, 4077, 4040, 4003, 3966, 3929, 3892, 3855, 4075, 4038]","[32, 33, 32, 32, 32, 32, 32, 32, 32, 32, 32, 32, 32, 32, 32, 32]",0,swa_ragged_prefill_b16_m513_kv4096_ragged_compact_tp4,True,npu:5,5,Ascend950PR_957b,,bfloat16,False,256,_swa_paged_prefill_aggregation_sink_kernel,4096,ragged,513,33,3855,28,1,6,56,64,msprof/candidate/_swa_paged_prefill_aggregation_sink_kernel.log.gz,candidate,3.11.10,513,16,msprof_primary_kernel,"[4079, 4042, 4005, 3968, 3931, 3894, 3857, 4077, 4040, 4003, 3966, 3929, 3892, 3855, 4075, 4038]","[32, 33, 32, 32, 32, 32, 32, 32, 32, 32, 32, 32, 32, 32, 32, 32]",3,16,1,20260829,4598f080c5d9f78aff4abaae928c7c48679407227af06c074b9c749b0737f3ba,float32,5119,0.09119556747428784,MEASURED,511,compact,47.157001,46.62900033333333,45.855,46.875,msprof_op_task_duration_acceptance,ragged_prefill,2.10.0.post4.dev20260715,2.10.0+cpu,4,3.2.0,6b5219f487b5b3ac57679a6a4387bc1d5d3a75f9
swa,c47f9bdcfb879eb73723521240a48a9bae99349d094a1fb82563535aabde82ec,6b5219f487b5b3ac57679a6a4387bc1d5d3a75f9,64,native_NHD_then_page_head_token_dim_permute,82f9e00dd9c169444330b20b411fdeeade867cd0d7fc3bfb55371c5c1a8d00fa,9.1.0,"[4079, 4042, 4005, 3968, 3931, 3894, 3857, 4077, 4040, 4003, 3966, 3929, 3892, 3855, 4075, 4038]","[64, 64, 64, 64, 64, 64, 64, 64, 64, 64, 64, 64, 64, 64, 64, 64]",0,swa_ragged_prefill_b16_m1024_kv4096_ragged_compact_tp4,True,npu:5,5,Ascend950PR_957b,,bfloat16,False,256,_swa_paged_prefill_aggregation_sink_kernel,4096,ragged,1024,64,3855,28,1,6,56,64,msprof/candidate/_swa_paged_prefill_aggregation_sink_kernel.log.gz,candidate,3.11.10,1024,16,msprof_primary_kernel,"[4079, 4042, 4005, 3968, 3931, 3894, 3857, 4077, 4040, 4003, 3966, 3929, 3892, 3855, 4075, 4038]","[64, 64, 64, 64, 64, 64, 64, 64, 64, 64, 64, 64, 64, 64, 64, 64]",3,16,1,20260829,4598f080c5d9f78aff4abaae928c7c48679407227af06c074b9c749b0737f3ba,float32,5119,0.09119556747428784,MEASURED,511,compact,48.543999,47.87899933333333,47.507,47.585999,msprof_op_task_duration_acceptance,ragged_prefill,2.10.0.post4.dev20260715,2.10.0+cpu,4,3.2.0,6b5219f487b5b3ac57679a6a4387bc1d5d3a75f9
swa,c47f9bdcfb879eb73723521240a48a9bae99349d094a1fb82563535aabde82ec,6b5219f487b5b3ac57679a6a4387bc1d5d3a75f9,64,native_NHD_then_page_head_token_dim_permute,82f9e00dd9c169444330b20b411fdeeade867cd0d7fc3bfb55371c5c1a8d00fa,9.1.0,"[4079, 4042, 4005, 3968, 3931, 3894, 3857, 4077, 4040, 4003, 3966, 3929, 3892, 3855, 4075, 4038, 4001, 3964, 3927, 3890, 3853, 4073, 4036, 3999, 3962, 3925, 3888, 3851, 4071, 4034, 3997, 3960, 3923, 3886, 3849, 4069, 4032, 3995, 3958, 3921, 3884, 3847, 4067, 4030, 3993, 3956, 3919, 3882, 3845, 4065, 4028, 3991, 3954, 3917, 3880, 3843]","[5, 5, 4, 4, 5, 5, 5, 4, 4, 5, 5, 5, 4, 4, 5, 5, 5, 4, 4, 5, 5, 5, 4, 4, 5, 5, 5, 4, 4, 5, 5, 5, 4, 4, 5, 5, 5, 4, 4, 5, 5, 5, 4, 4, 5, 5, 5, 4, 4, 5, 5, 5, 4, 4, 4, 5]",0,swa_ragged_prefill_b56_m257_kv4096_ragged_compact_tp4,True,npu:5,5,Ascend950PR_957b,,bfloat16,False,256,_swa_paged_prefill_aggregation_sink_kernel,4096,ragged,257,5,3843,28,1,6,56,64,msprof/candidate/_swa_paged_prefill_aggregation_sink_kernel.log.gz,candidate,3.11.10,257,56,msprof_primary_kernel,"[4079, 4042, 4005, 3968, 3931, 3894, 3857, 4077, 4040, 4003, 3966, 3929, 3892, 3855, 4075, 4038, 4001, 3964, 3927, 3890, 3853, 4073, 4036, 3999, 3962, 3925, 3888, 3851, 4071, 4034, 3997, 3960, 3923, 3886, 3849, 4069, 4032, 3995, 3958, 3921, 3884, 3847, 4067, 4030, 3993, 3956, 3919, 3882, 3845, 4065, 4028, 3991, 3954, 3917, 3880, 3843]","[5, 5, 4, 4, 5, 5, 5, 4, 4, 5, 5, 5, 4, 4, 5, 5, 5, 4, 4, 5, 5, 5, 4, 4, 5, 5, 5, 4, 4, 5, 5, 5, 4, 4, 5, 5, 5, 4, 4, 5, 5, 5, 4, 4, 5, 5, 5, 4, 4, 5, 5, 5, 4, 4, 4, 5]",3,56,1,20260829,4598f080c5d9f78aff4abaae928c7c48679407227af06c074b9c749b0737f3ba,float32,5119,0.09119556747428784,MEASURED,511,compact,128.095001,127.67999999999999,127.101997,127.843002,msprof_op_task_duration_acceptance,ragged_prefill,2.10.0.post4.dev20260715,2.10.0+cpu,4,3.2.0,6b5219f487b5b3ac57679a6a4387bc1d5d3a75f9
swa,c47f9bdcfb879eb73723521240a48a9bae99349d094a1fb82563535aabde82ec,6b5219f487b5b3ac57679a6a4387bc1d5d3a75f9,64,native_NHD_then_page_head_token_dim_permute,82f9e00dd9c169444330b20b411fdeeade867cd0d7fc3bfb55371c5c1a8d00fa,9.1.0,"[4079, 4042, 4005, 3968, 3931, 3894, 3857, 4077, 4040, 4003, 3966, 3929, 3892, 3855, 4075, 4038, 4001, 3964, 3927, 3890, 3853, 4073, 4036, 3999, 3962, 3925, 3888, 3851, 4071, 4034, 3997, 3960, 3923, 3886, 3849, 4069, 4032, 3995, 3958, 3921, 3884, 3847, 4067, 4030, 3993, 3956, 3919, 3882, 3845, 4065, 4028, 3991, 3954, 3917, 3880, 3843]","[9, 10, 9, 9, 9, 9, 10, 9, 9, 9, 9, 10, 9, 9, 9, 9, 10, 9, 9, 9, 9, 10, 9, 9, 9, 9, 10, 9, 9, 9, 9, 10, 9, 9, 9, 9, 9, 9, 9, 9, 9, 9, 9, 9, 9, 9, 9, 9, 9, 9, 9, 9, 9, 9, 9, 9]",0,swa_ragged_prefill_b56_m511_kv4096_ragged_compact_tp4,True,npu:5,5,Ascend950PR_957b,,bfloat16,False,256,_swa_paged_prefill_aggregation_sink_kernel,4096,ragged,511,10,3843,28,1,6,56,64,msprof/candidate/_swa_paged_prefill_aggregation_sink_kernel.log.gz,candidate,3.11.10,511,56,msprof_primary_kernel,"[4079, 4042, 4005, 3968, 3931, 3894, 3857, 4077, 4040, 4003, 3966, 3929, 3892, 3855, 4075, 4038, 4001, 3964, 3927, 3890, 3853, 4073, 4036, 3999, 3962, 3925, 3888, 3851, 4071, 4034, 3997, 3960, 3923, 3886, 3849, 4069, 4032, 3995, 3958, 3921, 3884, 3847, 4067, 4030, 3993, 3956, 3919, 3882, 3845, 4065, 4028, 3991, 3954, 3917, 3880, 3843]","[9, 10, 9, 9, 9, 9, 10, 9, 9, 9, 9, 10, 9, 9, 9, 9, 10, 9, 9, 9, 9, 10, 9, 9, 9, 9, 10, 9, 9, 9, 9, 10, 9, 9, 9, 9, 9, 9, 9, 9, 9, 9, 9, 9, 9, 9, 9, 9, 9, 9, 9, 9, 9, 9, 9, 9]",3,56,1,20260829,4598f080c5d9f78aff4abaae928c7c48679407227af06c074b9c749b0737f3ba,float32,5119,0.09119556747428784,MEASURED,511,compact,127.969002,127.54366800000001,127.274002,127.388,msprof_op_task_duration_acceptance,ragged_prefill,2.10.0.post4.dev20260715,2.10.0+cpu,4,3.2.0,6b5219f487b5b3ac57679a6a4387bc1d5d3a75f9
swa,c47f9bdcfb879eb73723521240a48a9bae99349d094a1fb82563535aabde82ec,6b5219f487b5b3ac57679a6a4387bc1d5d3a75f9,64,native_NHD_then_page_head_token_dim_permute,82f9e00dd9c169444330b20b411fdeeade867cd0d7fc3bfb55371c5c1a8d00fa,9.1.0,"[4079, 4042, 4005, 3968, 3931, 3894, 3857, 4077, 4040, 4003, 3966, 3929, 3892, 3855, 4075, 4038, 4001, 3964, 3927, 3890, 3853, 4073, 4036, 3999, 3962, 3925, 3888, 3851, 4071, 4034, 3997, 3960, 3923, 3886, 3849, 4069, 4032, 3995, 3958, 3921, 3884, 3847, 4067, 4030, 3993, 3956, 3919, 3882, 3845, 4065, 4028, 3991, 3954, 3917, 3880, 3843]","[19, 19, 18, 18, 18, 19, 19, 18, 18, 18, 19, 19, 18, 18, 18, 19, 19, 18, 18, 18, 19, 19, 18, 18, 18, 18, 19, 18, 18, 18, 18, 19, 18, 18, 18, 18, 19, 18, 18, 18, 18, 19, 18, 18, 18, 18, 19, 18, 18, 18, 18, 19, 18, 18, 18, 18]",0,swa_ragged_prefill_b56_m1024_kv4096_ragged_compact_tp4,True,npu:5,5,Ascend950PR_957b,,bfloat16,False,256,_swa_paged_prefill_aggregation_sink_kernel,4096,ragged,1024,19,3843,28,1,6,56,64,msprof/candidate/_swa_paged_prefill_aggregation_sink_kernel.log.gz,candidate,3.11.10,1024,56,msprof_primary_kernel,"[4079, 4042, 4005, 3968, 3931, 3894, 3857, 4077, 4040, 4003, 3966, 3929, 3892, 3855, 4075, 4038, 4001, 3964, 3927, 3890, 3853, 4073, 4036, 3999, 3962, 3925, 3888, 3851, 4071, 4034, 3997, 3960, 3923, 3886, 3849, 4069, 4032, 3995, 3958, 3921, 3884, 3847, 4067, 4030, 3993, 3956, 3919, 3882, 3845, 4065, 4028, 3991, 3954, 3917, 3880, 3843]","[19, 19, 18, 18, 18, 19, 19, 18, 18, 18, 19, 19, 18, 18, 18, 19, 19, 18, 18, 18, 19, 19, 18, 18, 18, 18, 19, 18, 18, 18, 18, 19, 18, 18, 18, 18, 19, 18, 18, 18, 18, 19, 18, 18, 18, 18, 19, 18, 18, 18, 18, 19, 18, 18, 18, 18]",3,56,1,20260829,4598f080c5d9f78aff4abaae928c7c48679407227af06c074b9c749b0737f3ba,float32,5119,0.09119556747428784,MEASURED,511,compact,128.434998,128.193998,127.814003,128.332993,msprof_op_task_duration_acceptance,ragged_prefill,2.10.0.post4.dev20260715,2.10.0+cpu,4,3.2.0,6b5219f487b5b3ac57679a6a4387bc1d5d3a75f9
swa,c47f9bdcfb879eb73723521240a48a9bae99349d094a1fb82563535aabde82ec,6b5219f487b5b3ac57679a6a4387bc1d5d3a75f9,264,native_NHD_then_page_head_token_dim_permute,82f9e00dd9c169444330b20b411fdeeade867cd0d7fc3bfb55371c5c1a8d00fa,9.1.0,[16879],[64],0,swa_dense_m64_kv16896_ragged_compact_tp4,True,npu:5,5,Ascend950PR_957b,,bfloat16,False,256,_swa_paged_prefill_aggregation_sink_kernel,16896,ragged,64,64,16879,28,1,6,56,64,msprof/candidate/_swa_paged_prefill_aggregation_sink_kernel.log.gz,candidate,3.11.10,64,1,msprof_primary_kernel,[16879],[64],3,1,1,20260829,4598f080c5d9f78aff4abaae928c7c48679407227af06c074b9c749b0737f3ba,float32,5119,0.09119556747428784,MEASURED,511,compact,16.208,15.643,15.158,15.563,msprof_op_task_duration_acceptance,dense,2.10.0.post4.dev20260715,2.10.0+cpu,4,3.2.0,6b5219f487b5b3ac57679a6a4387bc1d5d3a75f9
swa,c47f9bdcfb879eb73723521240a48a9bae99349d094a1fb82563535aabde82ec,6b5219f487b5b3ac57679a6a4387bc1d5d3a75f9,264,native_NHD_then_page_head_token_dim_permute,82f9e00dd9c169444330b20b411fdeeade867cd0d7fc3bfb55371c5c1a8d00fa,9.1.0,[16879],[257],0,swa_dense_m257_kv16896_ragged_compact_tp4,True,npu:5,5,Ascend950PR_957b,,bfloat16,False,256,_swa_paged_prefill_aggregation_sink_kernel,16896,ragged,257,257,16879,28,1,6,56,64,msprof/candidate/_swa_paged_prefill_aggregation_sink_kernel.log.gz,candidate,3.11.10,257,1,msprof_primary_kernel,[16879],[257],3,1,1,20260829,4598f080c5d9f78aff4abaae928c7c48679407227af06c074b9c749b0737f3ba,float32,5119,0.09119556747428784,MEASURED,511,compact,17.676001,17.386666666666667,17.052,17.431999,msprof_op_task_duration_acceptance,dense,2.10.0.post4.dev20260715,2.10.0+cpu,4,3.2.0,6b5219f487b5b3ac57679a6a4387bc1d5d3a75f9
swa,c47f9bdcfb879eb73723521240a48a9bae99349d094a1fb82563535aabde82ec,6b5219f487b5b3ac57679a6a4387bc1d5d3a75f9,416,native_NHD_then_page_head_token_dim_permute,82f9e00dd9c169444330b20b411fdeeade867cd0d7fc3bfb55371c5c1a8d00fa,9.1.0,[26607],[64],0,swa_dense_m64_kv26624_ragged_compact_tp4,True,npu:5,5,Ascend950PR_957b,,bfloat16,False,256,_swa_paged_prefill_aggregation_sink_kernel,26624,ragged,64,64,26607,28,1,6,56,64,msprof/candidate/_swa_paged_prefill_aggregation_sink_kernel.log.gz,candidate,3.11.10,64,1,msprof_primary_kernel,[26607],[64],3,1,1,20260829,4598f080c5d9f78aff4abaae928c7c48679407227af06c074b9c749b0737f3ba,float32,5119,0.09119556747428784,MEASURED,511,compact,15.703,15.463,15.132,15.554,msprof_op_task_duration_acceptance,dense,2.10.0.post4.dev20260715,2.10.0+cpu,4,3.2.0,6b5219f487b5b3ac57679a6a4387bc1d5d3a75f9
swa,c47f9bdcfb879eb73723521240a48a9bae99349d094a1fb82563535aabde82ec,6b5219f487b5b3ac57679a6a4387bc1d5d3a75f9,416,native_NHD_then_page_head_token_dim_permute,82f9e00dd9c169444330b20b411fdeeade867cd0d7fc3bfb55371c5c1a8d00fa,9.1.0,[26607],[257],0,swa_dense_m257_kv26624_ragged_compact_tp4,True,npu:5,5,Ascend950PR_957b,,bfloat16,False,256,_swa_paged_prefill_aggregation_sink_kernel,26624,ragged,257,257,26607,28,1,6,56,64,msprof/candidate/_swa_paged_prefill_aggregation_sink_kernel.log.gz,candidate,3.11.10,257,1,msprof_primary_kernel,[26607],[257],3,1,1,20260829,4598f080c5d9f78aff4abaae928c7c48679407227af06c074b9c749b0737f3ba,float32,5119,0.09119556747428784,MEASURED,511,compact,17.407,17.19966666666667,16.959,17.233,msprof_op_task_duration_acceptance,dense,2.10.0.post4.dev20260715,2.10.0+cpu,4,3.2.0,6b5219f487b5b3ac57679a6a4387bc1d5d3a75f9
swa,c47f9bdcfb879eb73723521240a48a9bae99349d094a1fb82563535aabde82ec,6b5219f487b5b3ac57679a6a4387bc1d5d3a75f9,176,native_NHD_then_page_head_token_dim_permute,82f9e00dd9c169444330b20b411fdeeade867cd0d7fc3bfb55371c5c1a8d00fa,9.1.0,"[11247, 11210, 11173, 11136, 11099, 11062, 11025, 11245, 11208, 11171, 11134, 11097, 11060, 11023, 11243, 11206]","[16, 17, 16, 16, 16, 16, 16, 16, 16, 16, 16, 16, 16, 16, 16, 16]",0,swa_ragged_prefill_b16_m257_kv11264_ragged_compact_tp4,True,npu:5,5,Ascend950PR_957b,,bfloat16,False,256,_swa_paged_prefill_aggregation_sink_kernel,11264,ragged,257,17,11023,28,1,6,56,64,msprof/candidate/_swa_paged_prefill_aggregation_sink_kernel.log.gz,candidate,3.11.10,257,16,msprof_primary_kernel,"[11247, 11210, 11173, 11136, 11099, 11062, 11025, 11245, 11208, 11171, 11134, 11097, 11060, 11023, 11243, 11206]","[16, 17, 16, 16, 16, 16, 16, 16, 16, 16, 16, 16, 16, 16, 16, 16]",3,16,1,20260829,4598f080c5d9f78aff4abaae928c7c48679407227af06c074b9c749b0737f3ba,float32,5119,0.09119556747428784,MEASURED,511,compact,46.604,45.954333,45.486,45.772999,msprof_op_task_duration_acceptance,ragged_prefill,2.10.0.post4.dev20260715,2.10.0+cpu,4,3.2.0,6b5219f487b5b3ac57679a6a4387bc1d5d3a75f9
swa,c47f9bdcfb879eb73723521240a48a9bae99349d094a1fb82563535aabde82ec,6b5219f487b5b3ac57679a6a4387bc1d5d3a75f9,264,native_NHD_then_page_head_token_dim_permute,82f9e00dd9c169444330b20b411fdeeade867cd0d7fc3bfb55371c5c1a8d00fa,9.1.0,"[16879, 16842, 16805, 16768, 16731, 16694, 16657, 16877, 16840, 16803, 16766, 16729, 16692, 16655, 16875, 16838]","[16, 17, 16, 16, 16, 16, 16, 16, 16, 16, 16, 16, 16, 16, 16, 16]",0,swa_ragged_prefill_b16_m257_kv16896_ragged_compact_tp4,True,npu:5,5,Ascend950PR_957b,,bfloat16,False,256,_swa_paged_prefill_aggregation_sink_kernel,16896,ragged,257,17,16655,28,1,6,56,64,msprof/candidate/_swa_paged_prefill_aggregation_sink_kernel.log.gz,candidate,3.11.10,257,16,msprof_primary_kernel,"[16879, 16842, 16805, 16768, 16731, 16694, 16657, 16877, 16840, 16803, 16766, 16729, 16692, 16655, 16875, 16838]","[16, 17, 16, 16, 16, 16, 16, 16, 16, 16, 16, 16, 16, 16, 16, 16]",3,16,1,20260829,4598f080c5d9f78aff4abaae928c7c48679407227af06c074b9c749b0737f3ba,float32,5119,0.09119556747428784,MEASURED,511,compact,46.734001,46.200667,45.869999,45.998001,msprof_op_task_duration_acceptance,ragged_prefill,2.10.0.post4.dev20260715,2.10.0+cpu,4,3.2.0,6b5219f487b5b3ac57679a6a4387bc1d5d3a75f9
swa,c47f9bdcfb879eb73723521240a48a9bae99349d094a1fb82563535aabde82ec,6b5219f487b5b3ac57679a6a4387bc1d5d3a75f9,416,native_NHD_then_page_head_token_dim_permute,82f9e00dd9c169444330b20b411fdeeade867cd0d7fc3bfb55371c5c1a8d00fa,9.1.0,"[26607, 26570, 26533, 26496, 26459, 26422, 26385, 26605, 26568, 26531, 26494, 26457, 26420, 26383, 26603, 26566]","[16, 17, 16, 16, 16, 16, 16, 16, 16, 16, 16, 16, 16, 16, 16, 16]",0,swa_ragged_prefill_b16_m257_kv26624_ragged_compact_tp4,True,npu:5,5,Ascend950PR_957b,,bfloat16,False,256,_swa_paged_prefill_aggregation_sink_kernel,26624,ragged,257,17,26383,28,1,6,56,64,msprof/candidate/_swa_paged_prefill_aggregation_sink_kernel.log.gz,candidate,3.11.10,257,16,msprof_primary_kernel,"[26607, 26570, 26533, 26496, 26459, 26422, 26385, 26605, 26568, 26531, 26494, 26457, 26420, 26383, 26603, 26566]","[16, 17, 16, 16, 16, 16, 16, 16, 16, 16, 16, 16, 16, 16, 16, 16]",3,16,1,20260829,4598f080c5d9f78aff4abaae928c7c48679407227af06c074b9c749b0737f3ba,float32,5119,0.09119556747428784,MEASURED,511,compact,46.478001,46.244001,45.948002,46.306,msprof_op_task_duration_acceptance,ragged_prefill,2.10.0.post4.dev20260715,2.10.0+cpu,4,3.2.0,6b5219f487b5b3ac57679a6a4387bc1d5d3a75f9
swa,c47f9bdcfb879eb73723521240a48a9bae99349d094a1fb82563535aabde82ec,6b5219f487b5b3ac57679a6a4387bc1d5d3a75f9,64,native_NHD_then_page_head_token_dim_permute,82f9e00dd9c169444330b20b411fdeeade867cd0d7fc3bfb55371c5c1a8d00fa,9.1.0,[4096],[1],0,swa_dense_m1_kv4096_uniform_compact_tp4,True,npu:5,5,Ascend950PR_957b,,bfloat16,False,256,_swa_paged_prefill_single_q_grouped_sink_kernel,4096,uniform,1,1,4096,28,1,6,56,64,msprof/candidate/_swa_paged_prefill_single_q_grouped_sink_kernel.log.gz,candidate,3.11.10,1,1,msprof_primary_kernel,[4096],[1],3,1,1,20260829,8ebf469ed4d56f4af654fe1b98745daa4b6937b01af13fa469d4cfd32c4819b3,float32,1417,0.09119556747428784,MEASURED,511,compact,7.644,7.617333333333334,7.598,7.61,msprof_op_task_duration_acceptance,dense,2.10.0.post4.dev20260715,2.10.0+cpu,4,3.2.0,6b5219f487b5b3ac57679a6a4387bc1d5d3a75f9
swa,c47f9bdcfb879eb73723521240a48a9bae99349d094a1fb82563535aabde82ec,6b5219f487b5b3ac57679a6a4387bc1d5d3a75f9,176,native_NHD_then_page_head_token_dim_permute,82f9e00dd9c169444330b20b411fdeeade867cd0d7fc3bfb55371c5c1a8d00fa,9.1.0,"[11247, 11210, 11173, 11136, 11099, 11062, 11025, 11245, 11208, 11171, 11134, 11097, 11060, 11023, 11243, 11206]","[4, 4, 4, 4, 4, 4, 4, 4, 4, 4, 4, 4, 4, 4, 4, 4]",0,swa_ragged_prefill_b16_m64_kv11264_ragged_compact_tp4,True,npu:5,5,Ascend950PR_957b,,bfloat16,False,256,_swa_paged_prefill_four_q_grouped_sink_kernel,11264,ragged,64,4,11023,28,1,6,56,64,msprof/candidate/_swa_paged_prefill_four_q_grouped_sink_kernel.log.gz,candidate,3.11.10,64,16,msprof_primary_kernel,"[11247, 11210, 11173, 11136, 11099, 11062, 11025, 11245, 11208, 11171, 11134, 11097, 11060, 11023, 11243, 11206]","[4, 4, 4, 4, 4, 4, 4, 4, 4, 4, 4, 4, 4, 4, 4, 4]",3,16,1,20260829,56e14891ecb8eba79ba6a37ac3297fb55fcef0f5a2db210d19c1aacc4dbb0b72,float32,1570,0.09119556747428784,MEASURED,511,compact,28.15,27.535332999999998,27.198,27.257999,msprof_op_task_duration_acceptance,ragged_prefill,2.10.0.post4.dev20260715,2.10.0+cpu,4,3.2.0,6b5219f487b5b3ac57679a6a4387bc1d5d3a75f9
swa,c47f9bdcfb879eb73723521240a48a9bae99349d094a1fb82563535aabde82ec,6b5219f487b5b3ac57679a6a4387bc1d5d3a75f9,264,native_NHD_then_page_head_token_dim_permute,82f9e00dd9c169444330b20b411fdeeade867cd0d7fc3bfb55371c5c1a8d00fa,9.1.0,"[16879, 16842, 16805, 16768, 16731, 16694, 16657, 16877, 16840, 16803, 16766, 16729, 16692, 16655, 16875, 16838]","[4, 4, 4, 4, 4, 4, 4, 4, 4, 4, 4, 4, 4, 4, 4, 4]",0,swa_ragged_prefill_b16_m64_kv16896_ragged_compact_tp4,True,npu:5,5,Ascend950PR_957b,,bfloat16,False,256,_swa_paged_prefill_four_q_grouped_sink_kernel,16896,ragged,64,4,16655,28,1,6,56,64,msprof/candidate/_swa_paged_prefill_four_q_grouped_sink_kernel.log.gz,candidate,3.11.10,64,16,msprof_primary_kernel,"[16879, 16842, 16805, 16768, 16731, 16694, 16657, 16877, 16840, 16803, 16766, 16729, 16692, 16655, 16875, 16838]","[4, 4, 4, 4, 4, 4, 4, 4, 4, 4, 4, 4, 4, 4, 4, 4]",3,16,1,20260829,56e14891ecb8eba79ba6a37ac3297fb55fcef0f5a2db210d19c1aacc4dbb0b72,float32,1570,0.09119556747428784,MEASURED,511,compact,27.955999,27.59133266666667,27.400999,27.417,msprof_op_task_duration_acceptance,ragged_prefill,2.10.0.post4.dev20260715,2.10.0+cpu,4,3.2.0,6b5219f487b5b3ac57679a6a4387bc1d5d3a75f9
swa,c47f9bdcfb879eb73723521240a48a9bae99349d094a1fb82563535aabde82ec,6b5219f487b5b3ac57679a6a4387bc1d5d3a75f9,416,native_NHD_then_page_head_token_dim_permute,82f9e00dd9c169444330b20b411fdeeade867cd0d7fc3bfb55371c5c1a8d00fa,9.1.0,"[26607, 26570, 26533, 26496, 26459, 26422, 26385, 26605, 26568, 26531, 26494, 26457, 26420, 26383, 26603, 26566]","[4, 4, 4, 4, 4, 4, 4, 4, 4, 4, 4, 4, 4, 4, 4, 4]",0,swa_ragged_prefill_b16_m64_kv26624_ragged_compact_tp4,True,npu:5,5,Ascend950PR_957b,,bfloat16,False,256,_swa_paged_prefill_four_q_grouped_sink_kernel,26624,ragged,64,4,26383,28,1,6,56,64,msprof/candidate/_swa_paged_prefill_four_q_grouped_sink_kernel.log.gz,candidate,3.11.10,64,16,msprof_primary_kernel,"[26607, 26570, 26533, 26496, 26459, 26422, 26385, 26605, 26568, 26531, 26494, 26457, 26420, 26383, 26603, 26566]","[4, 4, 4, 4, 4, 4, 4, 4, 4, 4, 4, 4, 4, 4, 4, 4]",3,16,1,20260829,56e14891ecb8eba79ba6a37ac3297fb55fcef0f5a2db210d19c1aacc4dbb0b72,float32,1570,0.09119556747428784,MEASURED,511,compact,27.41,27.251,27.09,27.253,msprof_op_task_duration_acceptance,ragged_prefill,2.10.0.post4.dev20260715,2.10.0+cpu,4,3.2.0,6b5219f487b5b3ac57679a6a4387bc1d5d3a75f9
