attention,baseline_sha256,benchmark_base,block_table_stride,block_table_width,cache_layout,candidate_sha256,cann_version,capture_kv_lens,capture_q_lens,case,causal,device,device_index,device_name,draft_width,dtype,gqa_interleave,head_dim,host_prepare_submit_ms,kernel_name,kv_cache_stride,kv_length,length_pattern,m,max_q_len,min_runtime_kv_length,num_cube_cores,num_kv_heads,num_q_heads,num_vector_cores,page_size,physical_pages,provider,python_version,q_buffer_rows,q_stride,real_batch_size,record_type,runtime_kv_lens,runtime_q_lens,scheduled_batch_size,schema_version,seed,sink_dtype,softmax_scale,status,swa_left_window,table_width_mode,timing_authority,topology,torch_npu_version,torch_version,tp_size,triton_version,workspace_commit
full,c47f9bdcfb879eb73723521240a48a9bae99349d094a1fb82563535aabde82ec,4ed83e755ec0ed2b7f4675dc9cd790f3a2f8164f,"[64, 1]",64,native_NHD_then_page_head_token_dim_permute,a7dee0e77eec04063b09e30ffadbc546426deb74203e92e778deafe3ec464207,9.1.0,[4096],[2],full_verify_d2_m2_kv4096_uniform_compact_tp4,True,npu:5,5,Ascend950PR_957b,2,bfloat16,False,256,0.18309615552425385,paged_prefill_page_aggregation_kernel,"[16384, 256, 256, 1]",4096,uniform,2,2,4096,28,1,6,56,64,65,baseline,3.11.10,2,"[1536, 256, 1]",1,performance_shape_validation,[4096],[2],1,1,20260829,float32,0.09119556747428784,VALIDATED_FOR_MSPROF,,compact,msprof_op_task_duration_acceptance,verify_d2,2.10.0.post4.dev20260715,2.10.0+cpu,4,3.2.0,4ed83e755ec0ed2b7f4675dc9cd790f3a2f8164f
full,c47f9bdcfb879eb73723521240a48a9bae99349d094a1fb82563535aabde82ec,4ed83e755ec0ed2b7f4675dc9cd790f3a2f8164f,"[64, 1]",64,native_NHD_then_page_head_token_dim_permute,a7dee0e77eec04063b09e30ffadbc546426deb74203e92e778deafe3ec464207,9.1.0,[4096],[2],full_verify_d2_m2_kv4096_uniform_compact_tp4,True,npu:5,5,Ascend950PR_957b,2,bfloat16,False,256,0.131336972117424,paged_prefill_small_q_grouped_kernel,"[16384, 256, 256, 1]",4096,uniform,2,2,4096,28,1,6,56,64,65,candidate,3.11.10,2,"[1536, 256, 1]",1,performance_shape_validation,[4096],[2],1,1,20260829,float32,0.09119556747428784,VALIDATED_FOR_MSPROF,,compact,msprof_op_task_duration_acceptance,verify_d2,2.10.0.post4.dev20260715,2.10.0+cpu,4,3.2.0,4ed83e755ec0ed2b7f4675dc9cd790f3a2f8164f
full,c47f9bdcfb879eb73723521240a48a9bae99349d094a1fb82563535aabde82ec,4ed83e755ec0ed2b7f4675dc9cd790f3a2f8164f,"[64, 1]",64,native_NHD_then_page_head_token_dim_permute,a7dee0e77eec04063b09e30ffadbc546426deb74203e92e778deafe3ec464207,9.1.0,"[4096, 4096, 4096, 4096, 4096, 4096, 4096, 4096, 4096, 4096, 4096, 4096, 4096, 4096, 4096, 4096, 4096, 4096, 4096, 4096, 4096, 4096, 4096, 4096, 4096, 4096, 4096, 4096, 4096, 4096, 4096, 4096, 4096, 4096, 4096, 4096, 4096, 4096, 4096, 4096, 4096, 4096, 4096, 4096, 4096, 4096, 4096, 4096]","[2, 2, 2, 2, 2, 2, 2, 2, 2, 2, 2, 2, 2, 2, 2, 2, 2, 2, 2, 2, 2, 2, 2, 2, 2, 2, 2, 2, 2, 2, 2, 2, 2, 2, 2, 2, 2, 2, 2, 2, 2, 2, 2, 2, 2, 2, 2, 2]",full_verify_d2_m96_kv4096_uniform_compact_tp4,True,npu:5,5,Ascend950PR_957b,2,bfloat16,False,256,0.545848160982132,paged_prefill_page_aggregation_kernel,"[16384, 256, 256, 1]",4096,uniform,96,2,4096,28,1,6,56,64,3073,baseline,3.11.10,96,"[1536, 256, 1]",48,performance_shape_validation,"[4096, 4096, 4096, 4096, 4096, 4096, 4096, 4096, 4096, 4096, 4096, 4096, 4096, 4096, 4096, 4096, 4096, 4096, 4096, 4096, 4096, 4096, 4096, 4096, 4096, 4096, 4096, 4096, 4096, 4096, 4096, 4096, 4096, 4096, 4096, 4096, 4096, 4096, 4096, 4096, 4096, 4096, 4096, 4096, 4096, 4096, 4096, 4096]","[2, 2, 2, 2, 2, 2, 2, 2, 2, 2, 2, 2, 2, 2, 2, 2, 2, 2, 2, 2, 2, 2, 2, 2, 2, 2, 2, 2, 2, 2, 2, 2, 2, 2, 2, 2, 2, 2, 2, 2, 2, 2, 2, 2, 2, 2, 2, 2]",48,1,20260829,float32,0.09119556747428784,VALIDATED_FOR_MSPROF,,compact,msprof_op_task_duration_acceptance,verify_d2,2.10.0.post4.dev20260715,2.10.0+cpu,4,3.2.0,4ed83e755ec0ed2b7f4675dc9cd790f3a2f8164f
full,c47f9bdcfb879eb73723521240a48a9bae99349d094a1fb82563535aabde82ec,4ed83e755ec0ed2b7f4675dc9cd790f3a2f8164f,"[64, 1]",64,native_NHD_then_page_head_token_dim_permute,a7dee0e77eec04063b09e30ffadbc546426deb74203e92e778deafe3ec464207,9.1.0,"[4096, 4096, 4096, 4096, 4096, 4096, 4096, 4096, 4096, 4096, 4096, 4096, 4096, 4096, 4096, 4096, 4096, 4096, 4096, 4096, 4096, 4096, 4096, 4096, 4096, 4096, 4096, 4096, 4096, 4096, 4096, 4096, 4096, 4096, 4096, 4096, 4096, 4096, 4096, 4096, 4096, 4096, 4096, 4096, 4096, 4096, 4096, 4096]","[2, 2, 2, 2, 2, 2, 2, 2, 2, 2, 2, 2, 2, 2, 2, 2, 2, 2, 2, 2, 2, 2, 2, 2, 2, 2, 2, 2, 2, 2, 2, 2, 2, 2, 2, 2, 2, 2, 2, 2, 2, 2, 2, 2, 2, 2, 2, 2]",full_verify_d2_m96_kv4096_uniform_compact_tp4,True,npu:5,5,Ascend950PR_957b,2,bfloat16,False,256,0.4082720261067152,paged_prefill_small_q_grouped_kernel,"[16384, 256, 256, 1]",4096,uniform,96,2,4096,28,1,6,56,64,3073,candidate,3.11.10,96,"[1536, 256, 1]",48,performance_shape_validation,"[4096, 4096, 4096, 4096, 4096, 4096, 4096, 4096, 4096, 4096, 4096, 4096, 4096, 4096, 4096, 4096, 4096, 4096, 4096, 4096, 4096, 4096, 4096, 4096, 4096, 4096, 4096, 4096, 4096, 4096, 4096, 4096, 4096, 4096, 4096, 4096, 4096, 4096, 4096, 4096, 4096, 4096, 4096, 4096, 4096, 4096, 4096, 4096]","[2, 2, 2, 2, 2, 2, 2, 2, 2, 2, 2, 2, 2, 2, 2, 2, 2, 2, 2, 2, 2, 2, 2, 2, 2, 2, 2, 2, 2, 2, 2, 2, 2, 2, 2, 2, 2, 2, 2, 2, 2, 2, 2, 2, 2, 2, 2, 2]",48,1,20260829,float32,0.09119556747428784,VALIDATED_FOR_MSPROF,,compact,msprof_op_task_duration_acceptance,verify_d2,2.10.0.post4.dev20260715,2.10.0+cpu,4,3.2.0,4ed83e755ec0ed2b7f4675dc9cd790f3a2f8164f
full,c47f9bdcfb879eb73723521240a48a9bae99349d094a1fb82563535aabde82ec,4ed83e755ec0ed2b7f4675dc9cd790f3a2f8164f,"[64, 1]",64,native_NHD_then_page_head_token_dim_permute,a7dee0e77eec04063b09e30ffadbc546426deb74203e92e778deafe3ec464207,9.1.0,"[4096, 4096, 4096, 4096, 4096, 4096, 4096, 4096, 4096, 4096, 4096, 4096, 4096, 4096, 4096, 4096, 4096, 4096, 4096, 4096, 4096, 4096, 4096, 4096, 4096, 4096, 4096, 4096, 4096, 4096, 4096, 4096, 4096, 4096, 4096, 4096, 4096, 4096, 4096, 4096, 4096, 4096, 4096, 4096, 4096, 4096, 4096, 4096]","[3, 3, 3, 3, 3, 3, 3, 3, 3, 3, 3, 3, 3, 3, 3, 3, 3, 3, 3, 3, 3, 3, 3, 3, 3, 3, 3, 3, 3, 3, 3, 3, 3, 3, 3, 3, 3, 3, 3, 3, 3, 3, 3, 3, 3, 3, 3, 3]",full_verify_d3_m144_kv4096_uniform_compact_tp4,True,npu:5,5,Ascend950PR_957b,3,bfloat16,False,256,0.5148900672793388,paged_prefill_page_aggregation_kernel,"[16384, 256, 256, 1]",4096,uniform,144,3,4096,28,1,6,56,64,3073,baseline,3.11.10,144,"[1536, 256, 1]",48,performance_shape_validation,"[4096, 4096, 4096, 4096, 4096, 4096, 4096, 4096, 4096, 4096, 4096, 4096, 4096, 4096, 4096, 4096, 4096, 4096, 4096, 4096, 4096, 4096, 4096, 4096, 4096, 4096, 4096, 4096, 4096, 4096, 4096, 4096, 4096, 4096, 4096, 4096, 4096, 4096, 4096, 4096, 4096, 4096, 4096, 4096, 4096, 4096, 4096, 4096]","[3, 3, 3, 3, 3, 3, 3, 3, 3, 3, 3, 3, 3, 3, 3, 3, 3, 3, 3, 3, 3, 3, 3, 3, 3, 3, 3, 3, 3, 3, 3, 3, 3, 3, 3, 3, 3, 3, 3, 3, 3, 3, 3, 3, 3, 3, 3, 3]",48,1,20260829,float32,0.09119556747428784,VALIDATED_FOR_MSPROF,,compact,msprof_op_task_duration_acceptance,verify_d3,2.10.0.post4.dev20260715,2.10.0+cpu,4,3.2.0,4ed83e755ec0ed2b7f4675dc9cd790f3a2f8164f
full,c47f9bdcfb879eb73723521240a48a9bae99349d094a1fb82563535aabde82ec,4ed83e755ec0ed2b7f4675dc9cd790f3a2f8164f,"[64, 1]",64,native_NHD_then_page_head_token_dim_permute,a7dee0e77eec04063b09e30ffadbc546426deb74203e92e778deafe3ec464207,9.1.0,"[4096, 4096, 4096, 4096, 4096, 4096, 4096, 4096, 4096, 4096, 4096, 4096, 4096, 4096, 4096, 4096, 4096, 4096, 4096, 4096, 4096, 4096, 4096, 4096, 4096, 4096, 4096, 4096, 4096, 4096, 4096, 4096, 4096, 4096, 4096, 4096, 4096, 4096, 4096, 4096, 4096, 4096, 4096, 4096, 4096, 4096, 4096, 4096]","[3, 3, 3, 3, 3, 3, 3, 3, 3, 3, 3, 3, 3, 3, 3, 3, 3, 3, 3, 3, 3, 3, 3, 3, 3, 3, 3, 3, 3, 3, 3, 3, 3, 3, 3, 3, 3, 3, 3, 3, 3, 3, 3, 3, 3, 3, 3, 3]",full_verify_d3_m144_kv4096_uniform_compact_tp4,True,npu:5,5,Ascend950PR_957b,3,bfloat16,False,256,0.39854203350842,paged_prefill_small_q_grouped_kernel,"[16384, 256, 256, 1]",4096,uniform,144,3,4096,28,1,6,56,64,3073,candidate,3.11.10,144,"[1536, 256, 1]",48,performance_shape_validation,"[4096, 4096, 4096, 4096, 4096, 4096, 4096, 4096, 4096, 4096, 4096, 4096, 4096, 4096, 4096, 4096, 4096, 4096, 4096, 4096, 4096, 4096, 4096, 4096, 4096, 4096, 4096, 4096, 4096, 4096, 4096, 4096, 4096, 4096, 4096, 4096, 4096, 4096, 4096, 4096, 4096, 4096, 4096, 4096, 4096, 4096, 4096, 4096]","[3, 3, 3, 3, 3, 3, 3, 3, 3, 3, 3, 3, 3, 3, 3, 3, 3, 3, 3, 3, 3, 3, 3, 3, 3, 3, 3, 3, 3, 3, 3, 3, 3, 3, 3, 3, 3, 3, 3, 3, 3, 3, 3, 3, 3, 3, 3, 3]",48,1,20260829,float32,0.09119556747428784,VALIDATED_FOR_MSPROF,,compact,msprof_op_task_duration_acceptance,verify_d3,2.10.0.post4.dev20260715,2.10.0+cpu,4,3.2.0,4ed83e755ec0ed2b7f4675dc9cd790f3a2f8164f
full,c47f9bdcfb879eb73723521240a48a9bae99349d094a1fb82563535aabde82ec,4ed83e755ec0ed2b7f4675dc9cd790f3a2f8164f,"[64, 1]",64,native_NHD_then_page_head_token_dim_permute,a7dee0e77eec04063b09e30ffadbc546426deb74203e92e778deafe3ec464207,9.1.0,"[4096, 4096, 4096, 4096, 4096, 4096, 4096, 4096, 4096, 4096, 4096, 4096, 4096, 4096, 4096, 4096, 4096, 4096, 4096, 4096, 4096, 4096, 4096, 4096, 4096, 4096, 4096, 4096, 4096, 4096, 4096, 4096, 4096, 4096, 4096, 4096, 4096, 4096, 4096, 4096, 4096, 4096, 4096, 4096, 4096, 4096, 4096, 4096, 4096, 4096, 4096, 4096, 4096, 4096, 4096, 4096]","[2, 2, 2, 2, 2, 2, 2, 2, 2, 2, 2, 2, 2, 2, 2, 2, 2, 2, 2, 2, 2, 2, 2, 2, 2, 2, 2, 2, 2, 2, 2, 2, 2, 2, 2, 2, 2, 2, 2, 2, 2, 2, 2, 2, 2, 2, 2, 2, 2, 2, 2, 2, 2, 2, 2, 2]",full_verify_d2_m112_kv4096_uniform_compact_tp4,True,npu:5,5,Ascend950PR_957b,2,bfloat16,False,256,0.5745980888605118,paged_prefill_page_aggregation_kernel,"[16384, 256, 256, 1]",4096,uniform,112,2,4096,28,1,6,56,64,3585,baseline,3.11.10,112,"[1536, 256, 1]",56,performance_shape_validation,"[4096, 4096, 4096, 4096, 4096, 4096, 4096, 4096, 4096, 4096, 4096, 4096, 4096, 4096, 4096, 4096, 4096, 4096, 4096, 4096, 4096, 4096, 4096, 4096, 4096, 4096, 4096, 4096, 4096, 4096, 4096, 4096, 4096, 4096, 4096, 4096, 4096, 4096, 4096, 4096, 4096, 4096, 4096, 4096, 4096, 4096, 4096, 4096, 4096, 4096, 4096, 4096, 4096, 4096, 4096, 4096]","[2, 2, 2, 2, 2, 2, 2, 2, 2, 2, 2, 2, 2, 2, 2, 2, 2, 2, 2, 2, 2, 2, 2, 2, 2, 2, 2, 2, 2, 2, 2, 2, 2, 2, 2, 2, 2, 2, 2, 2, 2, 2, 2, 2, 2, 2, 2, 2, 2, 2, 2, 2, 2, 2, 2, 2]",56,1,20260829,float32,0.09119556747428784,VALIDATED_FOR_MSPROF,,compact,msprof_op_task_duration_acceptance,verify_d2,2.10.0.post4.dev20260715,2.10.0+cpu,4,3.2.0,4ed83e755ec0ed2b7f4675dc9cd790f3a2f8164f
full,c47f9bdcfb879eb73723521240a48a9bae99349d094a1fb82563535aabde82ec,4ed83e755ec0ed2b7f4675dc9cd790f3a2f8164f,"[64, 1]",64,native_NHD_then_page_head_token_dim_permute,a7dee0e77eec04063b09e30ffadbc546426deb74203e92e778deafe3ec464207,9.1.0,"[4096, 4096, 4096, 4096, 4096, 4096, 4096, 4096, 4096, 4096, 4096, 4096, 4096, 4096, 4096, 4096, 4096, 4096, 4096, 4096, 4096, 4096, 4096, 4096, 4096, 4096, 4096, 4096, 4096, 4096, 4096, 4096, 4096, 4096, 4096, 4096, 4096, 4096, 4096, 4096, 4096, 4096, 4096, 4096, 4096, 4096, 4096, 4096, 4096, 4096, 4096, 4096, 4096, 4096, 4096, 4096]","[2, 2, 2, 2, 2, 2, 2, 2, 2, 2, 2, 2, 2, 2, 2, 2, 2, 2, 2, 2, 2, 2, 2, 2, 2, 2, 2, 2, 2, 2, 2, 2, 2, 2, 2, 2, 2, 2, 2, 2, 2, 2, 2, 2, 2, 2, 2, 2, 2, 2, 2, 2, 2, 2, 2, 2]",full_verify_d2_m112_kv4096_uniform_compact_tp4,True,npu:5,5,Ascend950PR_957b,2,bfloat16,False,256,0.44149113819003105,paged_prefill_small_q_grouped_kernel,"[16384, 256, 256, 1]",4096,uniform,112,2,4096,28,1,6,56,64,3585,candidate,3.11.10,112,"[1536, 256, 1]",56,performance_shape_validation,"[4096, 4096, 4096, 4096, 4096, 4096, 4096, 4096, 4096, 4096, 4096, 4096, 4096, 4096, 4096, 4096, 4096, 4096, 4096, 4096, 4096, 4096, 4096, 4096, 4096, 4096, 4096, 4096, 4096, 4096, 4096, 4096, 4096, 4096, 4096, 4096, 4096, 4096, 4096, 4096, 4096, 4096, 4096, 4096, 4096, 4096, 4096, 4096, 4096, 4096, 4096, 4096, 4096, 4096, 4096, 4096]","[2, 2, 2, 2, 2, 2, 2, 2, 2, 2, 2, 2, 2, 2, 2, 2, 2, 2, 2, 2, 2, 2, 2, 2, 2, 2, 2, 2, 2, 2, 2, 2, 2, 2, 2, 2, 2, 2, 2, 2, 2, 2, 2, 2, 2, 2, 2, 2, 2, 2, 2, 2, 2, 2, 2, 2]",56,1,20260829,float32,0.09119556747428784,VALIDATED_FOR_MSPROF,,compact,msprof_op_task_duration_acceptance,verify_d2,2.10.0.post4.dev20260715,2.10.0+cpu,4,3.2.0,4ed83e755ec0ed2b7f4675dc9cd790f3a2f8164f
full,c47f9bdcfb879eb73723521240a48a9bae99349d094a1fb82563535aabde82ec,4ed83e755ec0ed2b7f4675dc9cd790f3a2f8164f,"[64, 1]",64,native_NHD_then_page_head_token_dim_permute,a7dee0e77eec04063b09e30ffadbc546426deb74203e92e778deafe3ec464207,9.1.0,"[4096, 4096, 4096, 4096, 4096, 4096, 4096, 4096, 4096, 4096, 4096, 4096, 4096, 4096, 4096, 4096, 4096, 4096, 4096, 4096, 4096, 4096, 4096, 4096, 4096, 4096, 4096, 4096, 4096, 4096, 4096, 4096, 4096, 4096, 4096, 4096, 4096, 4096, 4096, 4096, 4096, 4096, 4096, 4096, 4096, 4096, 4096, 4096, 4096, 4096, 4096, 4096, 4096, 4096, 4096, 4096]","[3, 3, 3, 3, 3, 3, 3, 3, 3, 3, 3, 3, 3, 3, 3, 3, 3, 3, 3, 3, 3, 3, 3, 3, 3, 3, 3, 3, 3, 3, 3, 3, 3, 3, 3, 3, 3, 3, 3, 3, 3, 3, 3, 3, 3, 3, 3, 3, 3, 3, 3, 3, 3, 3, 3, 3]",full_verify_d3_m168_kv4096_uniform_compact_tp4,True,npu:5,5,Ascend950PR_957b,3,bfloat16,False,256,0.5752879660576582,paged_prefill_page_aggregation_kernel,"[16384, 256, 256, 1]",4096,uniform,168,3,4096,28,1,6,56,64,3585,baseline,3.11.10,168,"[1536, 256, 1]",56,performance_shape_validation,"[4096, 4096, 4096, 4096, 4096, 4096, 4096, 4096, 4096, 4096, 4096, 4096, 4096, 4096, 4096, 4096, 4096, 4096, 4096, 4096, 4096, 4096, 4096, 4096, 4096, 4096, 4096, 4096, 4096, 4096, 4096, 4096, 4096, 4096, 4096, 4096, 4096, 4096, 4096, 4096, 4096, 4096, 4096, 4096, 4096, 4096, 4096, 4096, 4096, 4096, 4096, 4096, 4096, 4096, 4096, 4096]","[3, 3, 3, 3, 3, 3, 3, 3, 3, 3, 3, 3, 3, 3, 3, 3, 3, 3, 3, 3, 3, 3, 3, 3, 3, 3, 3, 3, 3, 3, 3, 3, 3, 3, 3, 3, 3, 3, 3, 3, 3, 3, 3, 3, 3, 3, 3, 3, 3, 3, 3, 3, 3, 3, 3, 3]",56,1,20260829,float32,0.09119556747428784,VALIDATED_FOR_MSPROF,,compact,msprof_op_task_duration_acceptance,verify_d3,2.10.0.post4.dev20260715,2.10.0+cpu,4,3.2.0,4ed83e755ec0ed2b7f4675dc9cd790f3a2f8164f
full,c47f9bdcfb879eb73723521240a48a9bae99349d094a1fb82563535aabde82ec,4ed83e755ec0ed2b7f4675dc9cd790f3a2f8164f,"[64, 1]",64,native_NHD_then_page_head_token_dim_permute,a7dee0e77eec04063b09e30ffadbc546426deb74203e92e778deafe3ec464207,9.1.0,"[4096, 4096, 4096, 4096, 4096, 4096, 4096, 4096, 4096, 4096, 4096, 4096, 4096, 4096, 4096, 4096, 4096, 4096, 4096, 4096, 4096, 4096, 4096, 4096, 4096, 4096, 4096, 4096, 4096, 4096, 4096, 4096, 4096, 4096, 4096, 4096, 4096, 4096, 4096, 4096, 4096, 4096, 4096, 4096, 4096, 4096, 4096, 4096, 4096, 4096, 4096, 4096, 4096, 4096, 4096, 4096]","[3, 3, 3, 3, 3, 3, 3, 3, 3, 3, 3, 3, 3, 3, 3, 3, 3, 3, 3, 3, 3, 3, 3, 3, 3, 3, 3, 3, 3, 3, 3, 3, 3, 3, 3, 3, 3, 3, 3, 3, 3, 3, 3, 3, 3, 3, 3, 3, 3, 3, 3, 3, 3, 3, 3, 3]",full_verify_d3_m168_kv4096_uniform_compact_tp4,True,npu:5,5,Ascend950PR_957b,3,bfloat16,False,256,0.4367909859865904,paged_prefill_small_q_grouped_kernel,"[16384, 256, 256, 1]",4096,uniform,168,3,4096,28,1,6,56,64,3585,candidate,3.11.10,168,"[1536, 256, 1]",56,performance_shape_validation,"[4096, 4096, 4096, 4096, 4096, 4096, 4096, 4096, 4096, 4096, 4096, 4096, 4096, 4096, 4096, 4096, 4096, 4096, 4096, 4096, 4096, 4096, 4096, 4096, 4096, 4096, 4096, 4096, 4096, 4096, 4096, 4096, 4096, 4096, 4096, 4096, 4096, 4096, 4096, 4096, 4096, 4096, 4096, 4096, 4096, 4096, 4096, 4096, 4096, 4096, 4096, 4096, 4096, 4096, 4096, 4096]","[3, 3, 3, 3, 3, 3, 3, 3, 3, 3, 3, 3, 3, 3, 3, 3, 3, 3, 3, 3, 3, 3, 3, 3, 3, 3, 3, 3, 3, 3, 3, 3, 3, 3, 3, 3, 3, 3, 3, 3, 3, 3, 3, 3, 3, 3, 3, 3, 3, 3, 3, 3, 3, 3, 3, 3]",56,1,20260829,float32,0.09119556747428784,VALIDATED_FOR_MSPROF,,compact,msprof_op_task_duration_acceptance,verify_d3,2.10.0.post4.dev20260715,2.10.0+cpu,4,3.2.0,4ed83e755ec0ed2b7f4675dc9cd790f3a2f8164f
full,c47f9bdcfb879eb73723521240a48a9bae99349d094a1fb82563535aabde82ec,4ed83e755ec0ed2b7f4675dc9cd790f3a2f8164f,"[64, 1]",64,native_NHD_then_page_head_token_dim_permute,a7dee0e77eec04063b09e30ffadbc546426deb74203e92e778deafe3ec464207,9.1.0,[4096],[1024],full_dense_m1024_kv4096_uniform_compact_tp4,True,npu:5,5,Ascend950PR_957b,,bfloat16,False,256,0.2489248290657997,paged_prefill_page_aggregation_kernel,"[16384, 256, 256, 1]",4096,uniform,1024,1024,4096,28,1,6,56,64,65,baseline,3.11.10,1024,"[1536, 256, 1]",1,performance_shape_validation,[4096],[1024],1,1,20260829,float32,0.09119556747428784,VALIDATED_FOR_MSPROF,,compact,msprof_op_task_duration_acceptance,dense,2.10.0.post4.dev20260715,2.10.0+cpu,4,3.2.0,4ed83e755ec0ed2b7f4675dc9cd790f3a2f8164f
full,c47f9bdcfb879eb73723521240a48a9bae99349d094a1fb82563535aabde82ec,4ed83e755ec0ed2b7f4675dc9cd790f3a2f8164f,"[64, 1]",64,native_NHD_then_page_head_token_dim_permute,a7dee0e77eec04063b09e30ffadbc546426deb74203e92e778deafe3ec464207,9.1.0,[4096],[1024],full_dense_m1024_kv4096_uniform_compact_tp4,True,npu:5,5,Ascend950PR_957b,,bfloat16,False,256,0.20526605658233166,paged_prefill_page_aggregation_kernel,"[16384, 256, 256, 1]",4096,uniform,1024,1024,4096,28,1,6,56,64,65,candidate,3.11.10,1024,"[1536, 256, 1]",1,performance_shape_validation,[4096],[1024],1,1,20260829,float32,0.09119556747428784,VALIDATED_FOR_MSPROF,,compact,msprof_op_task_duration_acceptance,dense,2.10.0.post4.dev20260715,2.10.0+cpu,4,3.2.0,4ed83e755ec0ed2b7f4675dc9cd790f3a2f8164f
full,c47f9bdcfb879eb73723521240a48a9bae99349d094a1fb82563535aabde82ec,4ed83e755ec0ed2b7f4675dc9cd790f3a2f8164f,"[264, 1]",264,native_NHD_then_page_head_token_dim_permute,a7dee0e77eec04063b09e30ffadbc546426deb74203e92e778deafe3ec464207,9.1.0,[16879],[1024],full_dense_m1024_kv16896_ragged_compact_tp4,True,npu:5,5,Ascend950PR_957b,,bfloat16,False,256,0.25933398865163326,paged_prefill_page_aggregation_kernel,"[16384, 256, 256, 1]",16896,ragged,1024,1024,16879,28,1,6,56,64,265,baseline,3.11.10,1024,"[1536, 256, 1]",1,performance_shape_validation,[16879],[1024],1,1,20260829,float32,0.09119556747428784,VALIDATED_FOR_MSPROF,,compact,msprof_op_task_duration_acceptance,dense,2.10.0.post4.dev20260715,2.10.0+cpu,4,3.2.0,4ed83e755ec0ed2b7f4675dc9cd790f3a2f8164f
full,c47f9bdcfb879eb73723521240a48a9bae99349d094a1fb82563535aabde82ec,4ed83e755ec0ed2b7f4675dc9cd790f3a2f8164f,"[264, 1]",264,native_NHD_then_page_head_token_dim_permute,a7dee0e77eec04063b09e30ffadbc546426deb74203e92e778deafe3ec464207,9.1.0,[16879],[1024],full_dense_m1024_kv16896_ragged_compact_tp4,True,npu:5,5,Ascend950PR_957b,,bfloat16,False,256,0.18925592303276062,paged_prefill_page_aggregation_kernel,"[16384, 256, 256, 1]",16896,ragged,1024,1024,16879,28,1,6,56,64,265,candidate,3.11.10,1024,"[1536, 256, 1]",1,performance_shape_validation,[16879],[1024],1,1,20260829,float32,0.09119556747428784,VALIDATED_FOR_MSPROF,,compact,msprof_op_task_duration_acceptance,dense,2.10.0.post4.dev20260715,2.10.0+cpu,4,3.2.0,4ed83e755ec0ed2b7f4675dc9cd790f3a2f8164f
full,c47f9bdcfb879eb73723521240a48a9bae99349d094a1fb82563535aabde82ec,4ed83e755ec0ed2b7f4675dc9cd790f3a2f8164f,"[64, 1]",64,native_NHD_then_page_head_token_dim_permute,a7dee0e77eec04063b09e30ffadbc546426deb74203e92e778deafe3ec464207,9.1.0,"[4079, 4042, 4005, 3968, 3931, 3894, 3857, 4077, 4040, 4003, 3966, 3929, 3892, 3855, 4075, 4038]","[16, 17, 16, 16, 16, 16, 16, 16, 16, 16, 16, 16, 16, 16, 16, 16]",full_ragged_prefill_b16_m257_kv4096_ragged_compact_tp4,True,npu:5,5,Ascend950PR_957b,,bfloat16,False,256,0.28923293575644493,paged_prefill_page_aggregation_kernel,"[16384, 256, 256, 1]",4096,ragged,257,17,3855,28,1,6,56,64,1003,baseline,3.11.10,257,"[1536, 256, 1]",16,performance_shape_validation,"[4079, 4042, 4005, 3968, 3931, 3894, 3857, 4077, 4040, 4003, 3966, 3929, 3892, 3855, 4075, 4038]","[16, 17, 16, 16, 16, 16, 16, 16, 16, 16, 16, 16, 16, 16, 16, 16]",16,1,20260829,float32,0.09119556747428784,VALIDATED_FOR_MSPROF,,compact,msprof_op_task_duration_acceptance,ragged_prefill,2.10.0.post4.dev20260715,2.10.0+cpu,4,3.2.0,4ed83e755ec0ed2b7f4675dc9cd790f3a2f8164f
full,c47f9bdcfb879eb73723521240a48a9bae99349d094a1fb82563535aabde82ec,4ed83e755ec0ed2b7f4675dc9cd790f3a2f8164f,"[64, 1]",64,native_NHD_then_page_head_token_dim_permute,a7dee0e77eec04063b09e30ffadbc546426deb74203e92e778deafe3ec464207,9.1.0,"[4079, 4042, 4005, 3968, 3931, 3894, 3857, 4077, 4040, 4003, 3966, 3929, 3892, 3855, 4075, 4038]","[16, 17, 16, 16, 16, 16, 16, 16, 16, 16, 16, 16, 16, 16, 16, 16]",full_ragged_prefill_b16_m257_kv4096_ragged_compact_tp4,True,npu:5,5,Ascend950PR_957b,,bfloat16,False,256,0.23440481163561344,paged_prefill_mid_q_grouped_kernel,"[16384, 256, 256, 1]",4096,ragged,257,17,3855,28,1,6,56,64,1003,candidate,3.11.10,257,"[1536, 256, 1]",16,performance_shape_validation,"[4079, 4042, 4005, 3968, 3931, 3894, 3857, 4077, 4040, 4003, 3966, 3929, 3892, 3855, 4075, 4038]","[16, 17, 16, 16, 16, 16, 16, 16, 16, 16, 16, 16, 16, 16, 16, 16]",16,1,20260829,float32,0.09119556747428784,VALIDATED_FOR_MSPROF,,compact,msprof_op_task_duration_acceptance,ragged_prefill,2.10.0.post4.dev20260715,2.10.0+cpu,4,3.2.0,4ed83e755ec0ed2b7f4675dc9cd790f3a2f8164f
full,c47f9bdcfb879eb73723521240a48a9bae99349d094a1fb82563535aabde82ec,4ed83e755ec0ed2b7f4675dc9cd790f3a2f8164f,"[176, 1]",176,native_NHD_then_page_head_token_dim_permute,a7dee0e77eec04063b09e30ffadbc546426deb74203e92e778deafe3ec464207,9.1.0,"[11247, 11210, 11173, 11136, 11099, 11062, 11025, 11245, 11208, 11171, 11134, 11097, 11060, 11023, 11243, 11206, 11169, 11132, 11095, 11058, 11021, 11241, 11204, 11167, 11130, 11093, 11056, 11019, 11239, 11202, 11165, 11128, 11091, 11054, 11017, 11237, 11200, 11163, 11126, 11089, 11052, 11015, 11235, 11198, 11161, 11124, 11087, 11050, 11013, 11233, 11196, 11159, 11122, 11085, 11048, 11011]","[2, 2, 2, 2, 2, 2, 2, 2, 2, 2, 2, 2, 2, 2, 2, 2, 2, 2, 2, 2, 2, 2, 2, 2, 2, 2, 2, 2, 2, 2, 2, 2, 2, 2, 2, 2, 2, 2, 2, 2, 2, 2, 2, 2, 2, 2, 2, 2, 2, 2, 2, 2, 2, 2, 2, 2]",full_verify_d2_m112_kv11264_ragged_compact_tp4,True,npu:5,5,Ascend950PR_957b,2,bfloat16,False,256,0.6381359416991472,paged_prefill_page_aggregation_kernel,"[16384, 256, 256, 1]",11264,ragged,112,2,11011,28,1,6,56,64,9766,baseline,3.11.10,112,"[1536, 256, 1]",56,performance_shape_validation,"[11247, 11210, 11173, 11136, 11099, 11062, 11025, 11245, 11208, 11171, 11134, 11097, 11060, 11023, 11243, 11206, 11169, 11132, 11095, 11058, 11021, 11241, 11204, 11167, 11130, 11093, 11056, 11019, 11239, 11202, 11165, 11128, 11091, 11054, 11017, 11237, 11200, 11163, 11126, 11089, 11052, 11015, 11235, 11198, 11161, 11124, 11087, 11050, 11013, 11233, 11196, 11159, 11122, 11085, 11048, 11011]","[2, 2, 2, 2, 2, 2, 2, 2, 2, 2, 2, 2, 2, 2, 2, 2, 2, 2, 2, 2, 2, 2, 2, 2, 2, 2, 2, 2, 2, 2, 2, 2, 2, 2, 2, 2, 2, 2, 2, 2, 2, 2, 2, 2, 2, 2, 2, 2, 2, 2, 2, 2, 2, 2, 2, 2]",56,1,20260829,float32,0.09119556747428784,VALIDATED_FOR_MSPROF,,compact,msprof_op_task_duration_acceptance,verify_d2,2.10.0.post4.dev20260715,2.10.0+cpu,4,3.2.0,4ed83e755ec0ed2b7f4675dc9cd790f3a2f8164f
full,c47f9bdcfb879eb73723521240a48a9bae99349d094a1fb82563535aabde82ec,4ed83e755ec0ed2b7f4675dc9cd790f3a2f8164f,"[176, 1]",176,native_NHD_then_page_head_token_dim_permute,a7dee0e77eec04063b09e30ffadbc546426deb74203e92e778deafe3ec464207,9.1.0,"[11247, 11210, 11173, 11136, 11099, 11062, 11025, 11245, 11208, 11171, 11134, 11097, 11060, 11023, 11243, 11206, 11169, 11132, 11095, 11058, 11021, 11241, 11204, 11167, 11130, 11093, 11056, 11019, 11239, 11202, 11165, 11128, 11091, 11054, 11017, 11237, 11200, 11163, 11126, 11089, 11052, 11015, 11235, 11198, 11161, 11124, 11087, 11050, 11013, 11233, 11196, 11159, 11122, 11085, 11048, 11011]","[2, 2, 2, 2, 2, 2, 2, 2, 2, 2, 2, 2, 2, 2, 2, 2, 2, 2, 2, 2, 2, 2, 2, 2, 2, 2, 2, 2, 2, 2, 2, 2, 2, 2, 2, 2, 2, 2, 2, 2, 2, 2, 2, 2, 2, 2, 2, 2, 2, 2, 2, 2, 2, 2, 2, 2]",full_verify_d2_m112_kv11264_ragged_compact_tp4,True,npu:5,5,Ascend950PR_957b,2,bfloat16,False,256,0.48171007074415684,paged_prefill_small_q_grouped_kernel,"[16384, 256, 256, 1]",11264,ragged,112,2,11011,28,1,6,56,64,9766,candidate,3.11.10,112,"[1536, 256, 1]",56,performance_shape_validation,"[11247, 11210, 11173, 11136, 11099, 11062, 11025, 11245, 11208, 11171, 11134, 11097, 11060, 11023, 11243, 11206, 11169, 11132, 11095, 11058, 11021, 11241, 11204, 11167, 11130, 11093, 11056, 11019, 11239, 11202, 11165, 11128, 11091, 11054, 11017, 11237, 11200, 11163, 11126, 11089, 11052, 11015, 11235, 11198, 11161, 11124, 11087, 11050, 11013, 11233, 11196, 11159, 11122, 11085, 11048, 11011]","[2, 2, 2, 2, 2, 2, 2, 2, 2, 2, 2, 2, 2, 2, 2, 2, 2, 2, 2, 2, 2, 2, 2, 2, 2, 2, 2, 2, 2, 2, 2, 2, 2, 2, 2, 2, 2, 2, 2, 2, 2, 2, 2, 2, 2, 2, 2, 2, 2, 2, 2, 2, 2, 2, 2, 2]",56,1,20260829,float32,0.09119556747428784,VALIDATED_FOR_MSPROF,,compact,msprof_op_task_duration_acceptance,verify_d2,2.10.0.post4.dev20260715,2.10.0+cpu,4,3.2.0,4ed83e755ec0ed2b7f4675dc9cd790f3a2f8164f
full,c47f9bdcfb879eb73723521240a48a9bae99349d094a1fb82563535aabde82ec,4ed83e755ec0ed2b7f4675dc9cd790f3a2f8164f,"[264, 1]",264,native_NHD_then_page_head_token_dim_permute,a7dee0e77eec04063b09e30ffadbc546426deb74203e92e778deafe3ec464207,9.1.0,"[16879, 16842, 16805, 16768, 16731, 16694, 16657, 16877, 16840, 16803, 16766, 16729, 16692, 16655, 16875, 16838, 16801, 16764, 16727, 16690, 16653, 16873, 16836, 16799, 16762, 16725, 16688, 16651, 16871, 16834, 16797, 16760, 16723, 16686, 16649, 16869, 16832, 16795, 16758, 16721, 16684, 16647, 16867, 16830, 16793, 16756, 16719, 16682, 16645, 16865, 16828, 16791, 16754, 16717, 16680, 16643]","[2, 2, 2, 2, 2, 2, 2, 2, 2, 2, 2, 2, 2, 2, 2, 2, 2, 2, 2, 2, 2, 2, 2, 2, 2, 2, 2, 2, 2, 2, 2, 2, 2, 2, 2, 2, 2, 2, 2, 2, 2, 2, 2, 2, 2, 2, 2, 2, 2, 2, 2, 2, 2, 2, 2, 2]",full_verify_d2_m112_kv16896_ragged_compact_tp4,True,npu:5,5,Ascend950PR_957b,2,bfloat16,False,256,0.6407571490854025,paged_prefill_page_aggregation_kernel,"[16384, 256, 256, 1]",16896,ragged,112,2,16643,28,1,6,56,64,14694,baseline,3.11.10,112,"[1536, 256, 1]",56,performance_shape_validation,"[16879, 16842, 16805, 16768, 16731, 16694, 16657, 16877, 16840, 16803, 16766, 16729, 16692, 16655, 16875, 16838, 16801, 16764, 16727, 16690, 16653, 16873, 16836, 16799, 16762, 16725, 16688, 16651, 16871, 16834, 16797, 16760, 16723, 16686, 16649, 16869, 16832, 16795, 16758, 16721, 16684, 16647, 16867, 16830, 16793, 16756, 16719, 16682, 16645, 16865, 16828, 16791, 16754, 16717, 16680, 16643]","[2, 2, 2, 2, 2, 2, 2, 2, 2, 2, 2, 2, 2, 2, 2, 2, 2, 2, 2, 2, 2, 2, 2, 2, 2, 2, 2, 2, 2, 2, 2, 2, 2, 2, 2, 2, 2, 2, 2, 2, 2, 2, 2, 2, 2, 2, 2, 2, 2, 2, 2, 2, 2, 2, 2, 2]",56,1,20260829,float32,0.09119556747428784,VALIDATED_FOR_MSPROF,,compact,msprof_op_task_duration_acceptance,verify_d2,2.10.0.post4.dev20260715,2.10.0+cpu,4,3.2.0,4ed83e755ec0ed2b7f4675dc9cd790f3a2f8164f
full,c47f9bdcfb879eb73723521240a48a9bae99349d094a1fb82563535aabde82ec,4ed83e755ec0ed2b7f4675dc9cd790f3a2f8164f,"[264, 1]",264,native_NHD_then_page_head_token_dim_permute,a7dee0e77eec04063b09e30ffadbc546426deb74203e92e778deafe3ec464207,9.1.0,"[16879, 16842, 16805, 16768, 16731, 16694, 16657, 16877, 16840, 16803, 16766, 16729, 16692, 16655, 16875, 16838, 16801, 16764, 16727, 16690, 16653, 16873, 16836, 16799, 16762, 16725, 16688, 16651, 16871, 16834, 16797, 16760, 16723, 16686, 16649, 16869, 16832, 16795, 16758, 16721, 16684, 16647, 16867, 16830, 16793, 16756, 16719, 16682, 16645, 16865, 16828, 16791, 16754, 16717, 16680, 16643]","[2, 2, 2, 2, 2, 2, 2, 2, 2, 2, 2, 2, 2, 2, 2, 2, 2, 2, 2, 2, 2, 2, 2, 2, 2, 2, 2, 2, 2, 2, 2, 2, 2, 2, 2, 2, 2, 2, 2, 2, 2, 2, 2, 2, 2, 2, 2, 2, 2, 2, 2, 2, 2, 2, 2, 2]",full_verify_d2_m112_kv16896_ragged_compact_tp4,True,npu:5,5,Ascend950PR_957b,2,bfloat16,False,256,0.47413003630936146,paged_prefill_small_q_grouped_kernel,"[16384, 256, 256, 1]",16896,ragged,112,2,16643,28,1,6,56,64,14694,candidate,3.11.10,112,"[1536, 256, 1]",56,performance_shape_validation,"[16879, 16842, 16805, 16768, 16731, 16694, 16657, 16877, 16840, 16803, 16766, 16729, 16692, 16655, 16875, 16838, 16801, 16764, 16727, 16690, 16653, 16873, 16836, 16799, 16762, 16725, 16688, 16651, 16871, 16834, 16797, 16760, 16723, 16686, 16649, 16869, 16832, 16795, 16758, 16721, 16684, 16647, 16867, 16830, 16793, 16756, 16719, 16682, 16645, 16865, 16828, 16791, 16754, 16717, 16680, 16643]","[2, 2, 2, 2, 2, 2, 2, 2, 2, 2, 2, 2, 2, 2, 2, 2, 2, 2, 2, 2, 2, 2, 2, 2, 2, 2, 2, 2, 2, 2, 2, 2, 2, 2, 2, 2, 2, 2, 2, 2, 2, 2, 2, 2, 2, 2, 2, 2, 2, 2, 2, 2, 2, 2, 2, 2]",56,1,20260829,float32,0.09119556747428784,VALIDATED_FOR_MSPROF,,compact,msprof_op_task_duration_acceptance,verify_d2,2.10.0.post4.dev20260715,2.10.0+cpu,4,3.2.0,4ed83e755ec0ed2b7f4675dc9cd790f3a2f8164f
full,c47f9bdcfb879eb73723521240a48a9bae99349d094a1fb82563535aabde82ec,4ed83e755ec0ed2b7f4675dc9cd790f3a2f8164f,"[416, 1]",416,native_NHD_then_page_head_token_dim_permute,a7dee0e77eec04063b09e30ffadbc546426deb74203e92e778deafe3ec464207,9.1.0,"[26607, 26570, 26533, 26496, 26459, 26422, 26385, 26605, 26568, 26531, 26494, 26457, 26420, 26383, 26603, 26566, 26529, 26492, 26455, 26418, 26381, 26601, 26564, 26527, 26490, 26453, 26416, 26379, 26599, 26562, 26525, 26488, 26451, 26414, 26377, 26597, 26560, 26523, 26486, 26449, 26412, 26375, 26595, 26558, 26521, 26484, 26447, 26410, 26373, 26593, 26556, 26519, 26482, 26445, 26408, 26371]","[2, 2, 2, 2, 2, 2, 2, 2, 2, 2, 2, 2, 2, 2, 2, 2, 2, 2, 2, 2, 2, 2, 2, 2, 2, 2, 2, 2, 2, 2, 2, 2, 2, 2, 2, 2, 2, 2, 2, 2, 2, 2, 2, 2, 2, 2, 2, 2, 2, 2, 2, 2, 2, 2, 2, 2]",full_verify_d2_m112_kv26624_ragged_compact_tp4,True,npu:5,5,Ascend950PR_957b,2,bfloat16,False,256,0.6723059341311455,paged_prefill_page_aggregation_kernel,"[16384, 256, 256, 1]",26624,ragged,112,2,26371,28,1,6,56,64,23206,baseline,3.11.10,112,"[1536, 256, 1]",56,performance_shape_validation,"[26607, 26570, 26533, 26496, 26459, 26422, 26385, 26605, 26568, 26531, 26494, 26457, 26420, 26383, 26603, 26566, 26529, 26492, 26455, 26418, 26381, 26601, 26564, 26527, 26490, 26453, 26416, 26379, 26599, 26562, 26525, 26488, 26451, 26414, 26377, 26597, 26560, 26523, 26486, 26449, 26412, 26375, 26595, 26558, 26521, 26484, 26447, 26410, 26373, 26593, 26556, 26519, 26482, 26445, 26408, 26371]","[2, 2, 2, 2, 2, 2, 2, 2, 2, 2, 2, 2, 2, 2, 2, 2, 2, 2, 2, 2, 2, 2, 2, 2, 2, 2, 2, 2, 2, 2, 2, 2, 2, 2, 2, 2, 2, 2, 2, 2, 2, 2, 2, 2, 2, 2, 2, 2, 2, 2, 2, 2, 2, 2, 2, 2]",56,1,20260829,float32,0.09119556747428784,VALIDATED_FOR_MSPROF,,compact,msprof_op_task_duration_acceptance,verify_d2,2.10.0.post4.dev20260715,2.10.0+cpu,4,3.2.0,4ed83e755ec0ed2b7f4675dc9cd790f3a2f8164f
full,c47f9bdcfb879eb73723521240a48a9bae99349d094a1fb82563535aabde82ec,4ed83e755ec0ed2b7f4675dc9cd790f3a2f8164f,"[416, 1]",416,native_NHD_then_page_head_token_dim_permute,a7dee0e77eec04063b09e30ffadbc546426deb74203e92e778deafe3ec464207,9.1.0,"[26607, 26570, 26533, 26496, 26459, 26422, 26385, 26605, 26568, 26531, 26494, 26457, 26420, 26383, 26603, 26566, 26529, 26492, 26455, 26418, 26381, 26601, 26564, 26527, 26490, 26453, 26416, 26379, 26599, 26562, 26525, 26488, 26451, 26414, 26377, 26597, 26560, 26523, 26486, 26449, 26412, 26375, 26595, 26558, 26521, 26484, 26447, 26410, 26373, 26593, 26556, 26519, 26482, 26445, 26408, 26371]","[2, 2, 2, 2, 2, 2, 2, 2, 2, 2, 2, 2, 2, 2, 2, 2, 2, 2, 2, 2, 2, 2, 2, 2, 2, 2, 2, 2, 2, 2, 2, 2, 2, 2, 2, 2, 2, 2, 2, 2, 2, 2, 2, 2, 2, 2, 2, 2, 2, 2, 2, 2, 2, 2, 2, 2]",full_verify_d2_m112_kv26624_ragged_compact_tp4,True,npu:5,5,Ascend950PR_957b,2,bfloat16,False,256,0.4698499105870724,paged_prefill_small_q_grouped_kernel,"[16384, 256, 256, 1]",26624,ragged,112,2,26371,28,1,6,56,64,23206,candidate,3.11.10,112,"[1536, 256, 1]",56,performance_shape_validation,"[26607, 26570, 26533, 26496, 26459, 26422, 26385, 26605, 26568, 26531, 26494, 26457, 26420, 26383, 26603, 26566, 26529, 26492, 26455, 26418, 26381, 26601, 26564, 26527, 26490, 26453, 26416, 26379, 26599, 26562, 26525, 26488, 26451, 26414, 26377, 26597, 26560, 26523, 26486, 26449, 26412, 26375, 26595, 26558, 26521, 26484, 26447, 26410, 26373, 26593, 26556, 26519, 26482, 26445, 26408, 26371]","[2, 2, 2, 2, 2, 2, 2, 2, 2, 2, 2, 2, 2, 2, 2, 2, 2, 2, 2, 2, 2, 2, 2, 2, 2, 2, 2, 2, 2, 2, 2, 2, 2, 2, 2, 2, 2, 2, 2, 2, 2, 2, 2, 2, 2, 2, 2, 2, 2, 2, 2, 2, 2, 2, 2, 2]",56,1,20260829,float32,0.09119556747428784,VALIDATED_FOR_MSPROF,,compact,msprof_op_task_duration_acceptance,verify_d2,2.10.0.post4.dev20260715,2.10.0+cpu,4,3.2.0,4ed83e755ec0ed2b7f4675dc9cd790f3a2f8164f
full,c47f9bdcfb879eb73723521240a48a9bae99349d094a1fb82563535aabde82ec,4ed83e755ec0ed2b7f4675dc9cd790f3a2f8164f,"[176, 1]",176,native_NHD_then_page_head_token_dim_permute,a7dee0e77eec04063b09e30ffadbc546426deb74203e92e778deafe3ec464207,9.1.0,"[11247, 11210, 11173, 11136, 11099, 11062, 11025, 11245, 11208, 11171, 11134, 11097, 11060, 11023, 11243, 11206, 11169, 11132, 11095, 11058, 11021, 11241, 11204, 11167, 11130, 11093, 11056, 11019, 11239, 11202, 11165, 11128, 11091, 11054, 11017, 11237, 11200, 11163, 11126, 11089, 11052, 11015, 11235, 11198, 11161, 11124, 11087, 11050]","[2, 2, 2, 2, 2, 2, 2, 2, 2, 2, 2, 2, 2, 2, 2, 2, 2, 2, 2, 2, 2, 2, 2, 2, 2, 2, 2, 2, 2, 2, 2, 2, 2, 2, 2, 2, 2, 2, 2, 2, 2, 2, 2, 2, 2, 2, 2, 2]",full_verify_d2_m96_kv11264_ragged_compact_tp4,True,npu:5,5,Ascend950PR_957b,2,bfloat16,False,256,0.54308888502419,paged_prefill_page_aggregation_kernel,"[16384, 256, 256, 1]",11264,ragged,96,2,11015,28,1,6,56,64,8373,baseline,3.11.10,96,"[1536, 256, 1]",48,performance_shape_validation,"[11247, 11210, 11173, 11136, 11099, 11062, 11025, 11245, 11208, 11171, 11134, 11097, 11060, 11023, 11243, 11206, 11169, 11132, 11095, 11058, 11021, 11241, 11204, 11167, 11130, 11093, 11056, 11019, 11239, 11202, 11165, 11128, 11091, 11054, 11017, 11237, 11200, 11163, 11126, 11089, 11052, 11015, 11235, 11198, 11161, 11124, 11087, 11050]","[2, 2, 2, 2, 2, 2, 2, 2, 2, 2, 2, 2, 2, 2, 2, 2, 2, 2, 2, 2, 2, 2, 2, 2, 2, 2, 2, 2, 2, 2, 2, 2, 2, 2, 2, 2, 2, 2, 2, 2, 2, 2, 2, 2, 2, 2, 2, 2]",48,1,20260829,float32,0.09119556747428784,VALIDATED_FOR_MSPROF,,compact,msprof_op_task_duration_acceptance,verify_d2,2.10.0.post4.dev20260715,2.10.0+cpu,4,3.2.0,4ed83e755ec0ed2b7f4675dc9cd790f3a2f8164f
full,c47f9bdcfb879eb73723521240a48a9bae99349d094a1fb82563535aabde82ec,4ed83e755ec0ed2b7f4675dc9cd790f3a2f8164f,"[176, 1]",176,native_NHD_then_page_head_token_dim_permute,a7dee0e77eec04063b09e30ffadbc546426deb74203e92e778deafe3ec464207,9.1.0,"[11247, 11210, 11173, 11136, 11099, 11062, 11025, 11245, 11208, 11171, 11134, 11097, 11060, 11023, 11243, 11206, 11169, 11132, 11095, 11058, 11021, 11241, 11204, 11167, 11130, 11093, 11056, 11019, 11239, 11202, 11165, 11128, 11091, 11054, 11017, 11237, 11200, 11163, 11126, 11089, 11052, 11015, 11235, 11198, 11161, 11124, 11087, 11050]","[2, 2, 2, 2, 2, 2, 2, 2, 2, 2, 2, 2, 2, 2, 2, 2, 2, 2, 2, 2, 2, 2, 2, 2, 2, 2, 2, 2, 2, 2, 2, 2, 2, 2, 2, 2, 2, 2, 2, 2, 2, 2, 2, 2, 2, 2, 2, 2]",full_verify_d2_m96_kv11264_ragged_compact_tp4,True,npu:5,5,Ascend950PR_957b,2,bfloat16,False,256,0.4244409501552582,paged_prefill_small_q_grouped_kernel,"[16384, 256, 256, 1]",11264,ragged,96,2,11015,28,1,6,56,64,8373,candidate,3.11.10,96,"[1536, 256, 1]",48,performance_shape_validation,"[11247, 11210, 11173, 11136, 11099, 11062, 11025, 11245, 11208, 11171, 11134, 11097, 11060, 11023, 11243, 11206, 11169, 11132, 11095, 11058, 11021, 11241, 11204, 11167, 11130, 11093, 11056, 11019, 11239, 11202, 11165, 11128, 11091, 11054, 11017, 11237, 11200, 11163, 11126, 11089, 11052, 11015, 11235, 11198, 11161, 11124, 11087, 11050]","[2, 2, 2, 2, 2, 2, 2, 2, 2, 2, 2, 2, 2, 2, 2, 2, 2, 2, 2, 2, 2, 2, 2, 2, 2, 2, 2, 2, 2, 2, 2, 2, 2, 2, 2, 2, 2, 2, 2, 2, 2, 2, 2, 2, 2, 2, 2, 2]",48,1,20260829,float32,0.09119556747428784,VALIDATED_FOR_MSPROF,,compact,msprof_op_task_duration_acceptance,verify_d2,2.10.0.post4.dev20260715,2.10.0+cpu,4,3.2.0,4ed83e755ec0ed2b7f4675dc9cd790f3a2f8164f
full,c47f9bdcfb879eb73723521240a48a9bae99349d094a1fb82563535aabde82ec,4ed83e755ec0ed2b7f4675dc9cd790f3a2f8164f,"[264, 1]",264,native_NHD_then_page_head_token_dim_permute,a7dee0e77eec04063b09e30ffadbc546426deb74203e92e778deafe3ec464207,9.1.0,"[16879, 16842, 16805, 16768, 16731, 16694, 16657, 16877, 16840, 16803, 16766, 16729, 16692, 16655, 16875, 16838, 16801, 16764, 16727, 16690, 16653, 16873, 16836, 16799, 16762, 16725, 16688, 16651, 16871, 16834, 16797, 16760, 16723, 16686, 16649, 16869, 16832, 16795, 16758, 16721, 16684, 16647, 16867, 16830, 16793, 16756, 16719, 16682]","[2, 2, 2, 2, 2, 2, 2, 2, 2, 2, 2, 2, 2, 2, 2, 2, 2, 2, 2, 2, 2, 2, 2, 2, 2, 2, 2, 2, 2, 2, 2, 2, 2, 2, 2, 2, 2, 2, 2, 2, 2, 2, 2, 2, 2, 2, 2, 2]",full_verify_d2_m96_kv16896_ragged_compact_tp4,True,npu:5,5,Ascend950PR_957b,2,bfloat16,False,256,0.556939048692584,paged_prefill_page_aggregation_kernel,"[16384, 256, 256, 1]",16896,ragged,96,2,16647,28,1,6,56,64,12597,baseline,3.11.10,96,"[1536, 256, 1]",48,performance_shape_validation,"[16879, 16842, 16805, 16768, 16731, 16694, 16657, 16877, 16840, 16803, 16766, 16729, 16692, 16655, 16875, 16838, 16801, 16764, 16727, 16690, 16653, 16873, 16836, 16799, 16762, 16725, 16688, 16651, 16871, 16834, 16797, 16760, 16723, 16686, 16649, 16869, 16832, 16795, 16758, 16721, 16684, 16647, 16867, 16830, 16793, 16756, 16719, 16682]","[2, 2, 2, 2, 2, 2, 2, 2, 2, 2, 2, 2, 2, 2, 2, 2, 2, 2, 2, 2, 2, 2, 2, 2, 2, 2, 2, 2, 2, 2, 2, 2, 2, 2, 2, 2, 2, 2, 2, 2, 2, 2, 2, 2, 2, 2, 2, 2]",48,1,20260829,float32,0.09119556747428784,VALIDATED_FOR_MSPROF,,compact,msprof_op_task_duration_acceptance,verify_d2,2.10.0.post4.dev20260715,2.10.0+cpu,4,3.2.0,4ed83e755ec0ed2b7f4675dc9cd790f3a2f8164f
full,c47f9bdcfb879eb73723521240a48a9bae99349d094a1fb82563535aabde82ec,4ed83e755ec0ed2b7f4675dc9cd790f3a2f8164f,"[264, 1]",264,native_NHD_then_page_head_token_dim_permute,a7dee0e77eec04063b09e30ffadbc546426deb74203e92e778deafe3ec464207,9.1.0,"[16879, 16842, 16805, 16768, 16731, 16694, 16657, 16877, 16840, 16803, 16766, 16729, 16692, 16655, 16875, 16838, 16801, 16764, 16727, 16690, 16653, 16873, 16836, 16799, 16762, 16725, 16688, 16651, 16871, 16834, 16797, 16760, 16723, 16686, 16649, 16869, 16832, 16795, 16758, 16721, 16684, 16647, 16867, 16830, 16793, 16756, 16719, 16682]","[2, 2, 2, 2, 2, 2, 2, 2, 2, 2, 2, 2, 2, 2, 2, 2, 2, 2, 2, 2, 2, 2, 2, 2, 2, 2, 2, 2, 2, 2, 2, 2, 2, 2, 2, 2, 2, 2, 2, 2, 2, 2, 2, 2, 2, 2, 2, 2]",full_verify_d2_m96_kv16896_ragged_compact_tp4,True,npu:5,5,Ascend950PR_957b,2,bfloat16,False,256,0.4332300741225481,paged_prefill_small_q_grouped_kernel,"[16384, 256, 256, 1]",16896,ragged,96,2,16647,28,1,6,56,64,12597,candidate,3.11.10,96,"[1536, 256, 1]",48,performance_shape_validation,"[16879, 16842, 16805, 16768, 16731, 16694, 16657, 16877, 16840, 16803, 16766, 16729, 16692, 16655, 16875, 16838, 16801, 16764, 16727, 16690, 16653, 16873, 16836, 16799, 16762, 16725, 16688, 16651, 16871, 16834, 16797, 16760, 16723, 16686, 16649, 16869, 16832, 16795, 16758, 16721, 16684, 16647, 16867, 16830, 16793, 16756, 16719, 16682]","[2, 2, 2, 2, 2, 2, 2, 2, 2, 2, 2, 2, 2, 2, 2, 2, 2, 2, 2, 2, 2, 2, 2, 2, 2, 2, 2, 2, 2, 2, 2, 2, 2, 2, 2, 2, 2, 2, 2, 2, 2, 2, 2, 2, 2, 2, 2, 2]",48,1,20260829,float32,0.09119556747428784,VALIDATED_FOR_MSPROF,,compact,msprof_op_task_duration_acceptance,verify_d2,2.10.0.post4.dev20260715,2.10.0+cpu,4,3.2.0,4ed83e755ec0ed2b7f4675dc9cd790f3a2f8164f
full,c47f9bdcfb879eb73723521240a48a9bae99349d094a1fb82563535aabde82ec,4ed83e755ec0ed2b7f4675dc9cd790f3a2f8164f,"[416, 1]",416,native_NHD_then_page_head_token_dim_permute,a7dee0e77eec04063b09e30ffadbc546426deb74203e92e778deafe3ec464207,9.1.0,"[26607, 26570, 26533, 26496, 26459, 26422, 26385, 26605, 26568, 26531, 26494, 26457, 26420, 26383, 26603, 26566, 26529, 26492, 26455, 26418, 26381, 26601, 26564, 26527, 26490, 26453, 26416, 26379, 26599, 26562, 26525, 26488, 26451, 26414, 26377, 26597, 26560, 26523, 26486, 26449, 26412, 26375, 26595, 26558, 26521, 26484, 26447, 26410]","[2, 2, 2, 2, 2, 2, 2, 2, 2, 2, 2, 2, 2, 2, 2, 2, 2, 2, 2, 2, 2, 2, 2, 2, 2, 2, 2, 2, 2, 2, 2, 2, 2, 2, 2, 2, 2, 2, 2, 2, 2, 2, 2, 2, 2, 2, 2, 2]",full_verify_d2_m96_kv26624_ragged_compact_tp4,True,npu:5,5,Ascend950PR_957b,2,bfloat16,False,256,0.5926969461143017,paged_prefill_page_aggregation_kernel,"[16384, 256, 256, 1]",26624,ragged,96,2,26375,28,1,6,56,64,19893,baseline,3.11.10,96,"[1536, 256, 1]",48,performance_shape_validation,"[26607, 26570, 26533, 26496, 26459, 26422, 26385, 26605, 26568, 26531, 26494, 26457, 26420, 26383, 26603, 26566, 26529, 26492, 26455, 26418, 26381, 26601, 26564, 26527, 26490, 26453, 26416, 26379, 26599, 26562, 26525, 26488, 26451, 26414, 26377, 26597, 26560, 26523, 26486, 26449, 26412, 26375, 26595, 26558, 26521, 26484, 26447, 26410]","[2, 2, 2, 2, 2, 2, 2, 2, 2, 2, 2, 2, 2, 2, 2, 2, 2, 2, 2, 2, 2, 2, 2, 2, 2, 2, 2, 2, 2, 2, 2, 2, 2, 2, 2, 2, 2, 2, 2, 2, 2, 2, 2, 2, 2, 2, 2, 2]",48,1,20260829,float32,0.09119556747428784,VALIDATED_FOR_MSPROF,,compact,msprof_op_task_duration_acceptance,verify_d2,2.10.0.post4.dev20260715,2.10.0+cpu,4,3.2.0,4ed83e755ec0ed2b7f4675dc9cd790f3a2f8164f
full,c47f9bdcfb879eb73723521240a48a9bae99349d094a1fb82563535aabde82ec,4ed83e755ec0ed2b7f4675dc9cd790f3a2f8164f,"[416, 1]",416,native_NHD_then_page_head_token_dim_permute,a7dee0e77eec04063b09e30ffadbc546426deb74203e92e778deafe3ec464207,9.1.0,"[26607, 26570, 26533, 26496, 26459, 26422, 26385, 26605, 26568, 26531, 26494, 26457, 26420, 26383, 26603, 26566, 26529, 26492, 26455, 26418, 26381, 26601, 26564, 26527, 26490, 26453, 26416, 26379, 26599, 26562, 26525, 26488, 26451, 26414, 26377, 26597, 26560, 26523, 26486, 26449, 26412, 26375, 26595, 26558, 26521, 26484, 26447, 26410]","[2, 2, 2, 2, 2, 2, 2, 2, 2, 2, 2, 2, 2, 2, 2, 2, 2, 2, 2, 2, 2, 2, 2, 2, 2, 2, 2, 2, 2, 2, 2, 2, 2, 2, 2, 2, 2, 2, 2, 2, 2, 2, 2, 2, 2, 2, 2, 2]",full_verify_d2_m96_kv26624_ragged_compact_tp4,True,npu:5,5,Ascend950PR_957b,2,bfloat16,False,256,0.41744206100702286,paged_prefill_small_q_grouped_kernel,"[16384, 256, 256, 1]",26624,ragged,96,2,26375,28,1,6,56,64,19893,candidate,3.11.10,96,"[1536, 256, 1]",48,performance_shape_validation,"[26607, 26570, 26533, 26496, 26459, 26422, 26385, 26605, 26568, 26531, 26494, 26457, 26420, 26383, 26603, 26566, 26529, 26492, 26455, 26418, 26381, 26601, 26564, 26527, 26490, 26453, 26416, 26379, 26599, 26562, 26525, 26488, 26451, 26414, 26377, 26597, 26560, 26523, 26486, 26449, 26412, 26375, 26595, 26558, 26521, 26484, 26447, 26410]","[2, 2, 2, 2, 2, 2, 2, 2, 2, 2, 2, 2, 2, 2, 2, 2, 2, 2, 2, 2, 2, 2, 2, 2, 2, 2, 2, 2, 2, 2, 2, 2, 2, 2, 2, 2, 2, 2, 2, 2, 2, 2, 2, 2, 2, 2, 2, 2]",48,1,20260829,float32,0.09119556747428784,VALIDATED_FOR_MSPROF,,compact,msprof_op_task_duration_acceptance,verify_d2,2.10.0.post4.dev20260715,2.10.0+cpu,4,3.2.0,4ed83e755ec0ed2b7f4675dc9cd790f3a2f8164f
swa,c47f9bdcfb879eb73723521240a48a9bae99349d094a1fb82563535aabde82ec,4ed83e755ec0ed2b7f4675dc9cd790f3a2f8164f,"[64, 1]",64,native_NHD_then_page_head_token_dim_permute,a7dee0e77eec04063b09e30ffadbc546426deb74203e92e778deafe3ec464207,9.1.0,[4096],[2],swa_verify_d2_m2_kv4096_uniform_compact_tp4,True,npu:5,5,Ascend950PR_957b,2,bfloat16,False,256,0.0,_swa_paged_prefill_aggregation_sink_kernel,"[16384, 256, 256, 1]",4096,uniform,2,2,4096,28,1,6,56,64,10,baseline,3.11.10,2,"[1536, 256, 1]",1,performance_shape_validation,[4096],[2],1,1,20260829,float32,0.09119556747428784,VALIDATED_FOR_MSPROF,511,compact,msprof_op_task_duration_acceptance,verify_d2,2.10.0.post4.dev20260715,2.10.0+cpu,4,3.2.0,4ed83e755ec0ed2b7f4675dc9cd790f3a2f8164f
swa,c47f9bdcfb879eb73723521240a48a9bae99349d094a1fb82563535aabde82ec,4ed83e755ec0ed2b7f4675dc9cd790f3a2f8164f,"[64, 1]",64,native_NHD_then_page_head_token_dim_permute,a7dee0e77eec04063b09e30ffadbc546426deb74203e92e778deafe3ec464207,9.1.0,[4096],[2],swa_verify_d2_m2_kv4096_uniform_compact_tp4,True,npu:5,5,Ascend950PR_957b,2,bfloat16,False,256,0.0,_swa_paged_prefill_small_q_grouped_sink_kernel,"[16384, 256, 256, 1]",4096,uniform,2,2,4096,28,1,6,56,64,10,candidate,3.11.10,2,"[1536, 256, 1]",1,performance_shape_validation,[4096],[2],1,1,20260829,float32,0.09119556747428784,VALIDATED_FOR_MSPROF,511,compact,msprof_op_task_duration_acceptance,verify_d2,2.10.0.post4.dev20260715,2.10.0+cpu,4,3.2.0,4ed83e755ec0ed2b7f4675dc9cd790f3a2f8164f
swa,c47f9bdcfb879eb73723521240a48a9bae99349d094a1fb82563535aabde82ec,4ed83e755ec0ed2b7f4675dc9cd790f3a2f8164f,"[64, 1]",64,native_NHD_then_page_head_token_dim_permute,a7dee0e77eec04063b09e30ffadbc546426deb74203e92e778deafe3ec464207,9.1.0,"[4096, 4096, 4096, 4096, 4096, 4096, 4096, 4096, 4096, 4096, 4096, 4096, 4096, 4096, 4096, 4096, 4096, 4096, 4096, 4096, 4096, 4096, 4096, 4096, 4096, 4096, 4096, 4096, 4096, 4096, 4096, 4096, 4096, 4096, 4096, 4096, 4096, 4096, 4096, 4096, 4096, 4096, 4096, 4096, 4096, 4096, 4096, 4096]","[2, 2, 2, 2, 2, 2, 2, 2, 2, 2, 2, 2, 2, 2, 2, 2, 2, 2, 2, 2, 2, 2, 2, 2, 2, 2, 2, 2, 2, 2, 2, 2, 2, 2, 2, 2, 2, 2, 2, 2, 2, 2, 2, 2, 2, 2, 2, 2]",swa_verify_d2_m96_kv4096_uniform_compact_tp4,True,npu:5,5,Ascend950PR_957b,2,bfloat16,False,256,0.0,_swa_paged_prefill_aggregation_sink_kernel,"[16384, 256, 256, 1]",4096,uniform,96,2,4096,28,1,6,56,64,433,baseline,3.11.10,96,"[1536, 256, 1]",48,performance_shape_validation,"[4096, 4096, 4096, 4096, 4096, 4096, 4096, 4096, 4096, 4096, 4096, 4096, 4096, 4096, 4096, 4096, 4096, 4096, 4096, 4096, 4096, 4096, 4096, 4096, 4096, 4096, 4096, 4096, 4096, 4096, 4096, 4096, 4096, 4096, 4096, 4096, 4096, 4096, 4096, 4096, 4096, 4096, 4096, 4096, 4096, 4096, 4096, 4096]","[2, 2, 2, 2, 2, 2, 2, 2, 2, 2, 2, 2, 2, 2, 2, 2, 2, 2, 2, 2, 2, 2, 2, 2, 2, 2, 2, 2, 2, 2, 2, 2, 2, 2, 2, 2, 2, 2, 2, 2, 2, 2, 2, 2, 2, 2, 2, 2]",48,1,20260829,float32,0.09119556747428784,VALIDATED_FOR_MSPROF,511,compact,msprof_op_task_duration_acceptance,verify_d2,2.10.0.post4.dev20260715,2.10.0+cpu,4,3.2.0,4ed83e755ec0ed2b7f4675dc9cd790f3a2f8164f
swa,c47f9bdcfb879eb73723521240a48a9bae99349d094a1fb82563535aabde82ec,4ed83e755ec0ed2b7f4675dc9cd790f3a2f8164f,"[64, 1]",64,native_NHD_then_page_head_token_dim_permute,a7dee0e77eec04063b09e30ffadbc546426deb74203e92e778deafe3ec464207,9.1.0,"[4096, 4096, 4096, 4096, 4096, 4096, 4096, 4096, 4096, 4096, 4096, 4096, 4096, 4096, 4096, 4096, 4096, 4096, 4096, 4096, 4096, 4096, 4096, 4096, 4096, 4096, 4096, 4096, 4096, 4096, 4096, 4096, 4096, 4096, 4096, 4096, 4096, 4096, 4096, 4096, 4096, 4096, 4096, 4096, 4096, 4096, 4096, 4096]","[2, 2, 2, 2, 2, 2, 2, 2, 2, 2, 2, 2, 2, 2, 2, 2, 2, 2, 2, 2, 2, 2, 2, 2, 2, 2, 2, 2, 2, 2, 2, 2, 2, 2, 2, 2, 2, 2, 2, 2, 2, 2, 2, 2, 2, 2, 2, 2]",swa_verify_d2_m96_kv4096_uniform_compact_tp4,True,npu:5,5,Ascend950PR_957b,2,bfloat16,False,256,0.0,_swa_paged_prefill_small_q_grouped_sink_kernel,"[16384, 256, 256, 1]",4096,uniform,96,2,4096,28,1,6,56,64,433,candidate,3.11.10,96,"[1536, 256, 1]",48,performance_shape_validation,"[4096, 4096, 4096, 4096, 4096, 4096, 4096, 4096, 4096, 4096, 4096, 4096, 4096, 4096, 4096, 4096, 4096, 4096, 4096, 4096, 4096, 4096, 4096, 4096, 4096, 4096, 4096, 4096, 4096, 4096, 4096, 4096, 4096, 4096, 4096, 4096, 4096, 4096, 4096, 4096, 4096, 4096, 4096, 4096, 4096, 4096, 4096, 4096]","[2, 2, 2, 2, 2, 2, 2, 2, 2, 2, 2, 2, 2, 2, 2, 2, 2, 2, 2, 2, 2, 2, 2, 2, 2, 2, 2, 2, 2, 2, 2, 2, 2, 2, 2, 2, 2, 2, 2, 2, 2, 2, 2, 2, 2, 2, 2, 2]",48,1,20260829,float32,0.09119556747428784,VALIDATED_FOR_MSPROF,511,compact,msprof_op_task_duration_acceptance,verify_d2,2.10.0.post4.dev20260715,2.10.0+cpu,4,3.2.0,4ed83e755ec0ed2b7f4675dc9cd790f3a2f8164f
swa,c47f9bdcfb879eb73723521240a48a9bae99349d094a1fb82563535aabde82ec,4ed83e755ec0ed2b7f4675dc9cd790f3a2f8164f,"[64, 1]",64,native_NHD_then_page_head_token_dim_permute,a7dee0e77eec04063b09e30ffadbc546426deb74203e92e778deafe3ec464207,9.1.0,"[4096, 4096, 4096, 4096, 4096, 4096, 4096, 4096, 4096, 4096, 4096, 4096, 4096, 4096, 4096, 4096, 4096, 4096, 4096, 4096, 4096, 4096, 4096, 4096, 4096, 4096, 4096, 4096, 4096, 4096, 4096, 4096, 4096, 4096, 4096, 4096, 4096, 4096, 4096, 4096, 4096, 4096, 4096, 4096, 4096, 4096, 4096, 4096]","[3, 3, 3, 3, 3, 3, 3, 3, 3, 3, 3, 3, 3, 3, 3, 3, 3, 3, 3, 3, 3, 3, 3, 3, 3, 3, 3, 3, 3, 3, 3, 3, 3, 3, 3, 3, 3, 3, 3, 3, 3, 3, 3, 3, 3, 3, 3, 3]",swa_verify_d3_m144_kv4096_uniform_compact_tp4,True,npu:5,5,Ascend950PR_957b,3,bfloat16,False,256,0.0,_swa_paged_prefill_aggregation_sink_kernel,"[16384, 256, 256, 1]",4096,uniform,144,3,4096,28,1,6,56,64,433,baseline,3.11.10,144,"[1536, 256, 1]",48,performance_shape_validation,"[4096, 4096, 4096, 4096, 4096, 4096, 4096, 4096, 4096, 4096, 4096, 4096, 4096, 4096, 4096, 4096, 4096, 4096, 4096, 4096, 4096, 4096, 4096, 4096, 4096, 4096, 4096, 4096, 4096, 4096, 4096, 4096, 4096, 4096, 4096, 4096, 4096, 4096, 4096, 4096, 4096, 4096, 4096, 4096, 4096, 4096, 4096, 4096]","[3, 3, 3, 3, 3, 3, 3, 3, 3, 3, 3, 3, 3, 3, 3, 3, 3, 3, 3, 3, 3, 3, 3, 3, 3, 3, 3, 3, 3, 3, 3, 3, 3, 3, 3, 3, 3, 3, 3, 3, 3, 3, 3, 3, 3, 3, 3, 3]",48,1,20260829,float32,0.09119556747428784,VALIDATED_FOR_MSPROF,511,compact,msprof_op_task_duration_acceptance,verify_d3,2.10.0.post4.dev20260715,2.10.0+cpu,4,3.2.0,4ed83e755ec0ed2b7f4675dc9cd790f3a2f8164f
swa,c47f9bdcfb879eb73723521240a48a9bae99349d094a1fb82563535aabde82ec,4ed83e755ec0ed2b7f4675dc9cd790f3a2f8164f,"[64, 1]",64,native_NHD_then_page_head_token_dim_permute,a7dee0e77eec04063b09e30ffadbc546426deb74203e92e778deafe3ec464207,9.1.0,"[4096, 4096, 4096, 4096, 4096, 4096, 4096, 4096, 4096, 4096, 4096, 4096, 4096, 4096, 4096, 4096, 4096, 4096, 4096, 4096, 4096, 4096, 4096, 4096, 4096, 4096, 4096, 4096, 4096, 4096, 4096, 4096, 4096, 4096, 4096, 4096, 4096, 4096, 4096, 4096, 4096, 4096, 4096, 4096, 4096, 4096, 4096, 4096]","[3, 3, 3, 3, 3, 3, 3, 3, 3, 3, 3, 3, 3, 3, 3, 3, 3, 3, 3, 3, 3, 3, 3, 3, 3, 3, 3, 3, 3, 3, 3, 3, 3, 3, 3, 3, 3, 3, 3, 3, 3, 3, 3, 3, 3, 3, 3, 3]",swa_verify_d3_m144_kv4096_uniform_compact_tp4,True,npu:5,5,Ascend950PR_957b,3,bfloat16,False,256,0.0,_swa_paged_prefill_small_q_grouped_sink_kernel,"[16384, 256, 256, 1]",4096,uniform,144,3,4096,28,1,6,56,64,433,candidate,3.11.10,144,"[1536, 256, 1]",48,performance_shape_validation,"[4096, 4096, 4096, 4096, 4096, 4096, 4096, 4096, 4096, 4096, 4096, 4096, 4096, 4096, 4096, 4096, 4096, 4096, 4096, 4096, 4096, 4096, 4096, 4096, 4096, 4096, 4096, 4096, 4096, 4096, 4096, 4096, 4096, 4096, 4096, 4096, 4096, 4096, 4096, 4096, 4096, 4096, 4096, 4096, 4096, 4096, 4096, 4096]","[3, 3, 3, 3, 3, 3, 3, 3, 3, 3, 3, 3, 3, 3, 3, 3, 3, 3, 3, 3, 3, 3, 3, 3, 3, 3, 3, 3, 3, 3, 3, 3, 3, 3, 3, 3, 3, 3, 3, 3, 3, 3, 3, 3, 3, 3, 3, 3]",48,1,20260829,float32,0.09119556747428784,VALIDATED_FOR_MSPROF,511,compact,msprof_op_task_duration_acceptance,verify_d3,2.10.0.post4.dev20260715,2.10.0+cpu,4,3.2.0,4ed83e755ec0ed2b7f4675dc9cd790f3a2f8164f
swa,c47f9bdcfb879eb73723521240a48a9bae99349d094a1fb82563535aabde82ec,4ed83e755ec0ed2b7f4675dc9cd790f3a2f8164f,"[64, 1]",64,native_NHD_then_page_head_token_dim_permute,a7dee0e77eec04063b09e30ffadbc546426deb74203e92e778deafe3ec464207,9.1.0,"[4096, 4096, 4096, 4096, 4096, 4096, 4096, 4096, 4096, 4096, 4096, 4096, 4096, 4096, 4096, 4096, 4096, 4096, 4096, 4096, 4096, 4096, 4096, 4096, 4096, 4096, 4096, 4096, 4096, 4096, 4096, 4096, 4096, 4096, 4096, 4096, 4096, 4096, 4096, 4096, 4096, 4096, 4096, 4096, 4096, 4096, 4096, 4096, 4096, 4096, 4096, 4096, 4096, 4096, 4096, 4096]","[2, 2, 2, 2, 2, 2, 2, 2, 2, 2, 2, 2, 2, 2, 2, 2, 2, 2, 2, 2, 2, 2, 2, 2, 2, 2, 2, 2, 2, 2, 2, 2, 2, 2, 2, 2, 2, 2, 2, 2, 2, 2, 2, 2, 2, 2, 2, 2, 2, 2, 2, 2, 2, 2, 2, 2]",swa_verify_d2_m112_kv4096_uniform_compact_tp4,True,npu:5,5,Ascend950PR_957b,2,bfloat16,False,256,0.0,_swa_paged_prefill_aggregation_sink_kernel,"[16384, 256, 256, 1]",4096,uniform,112,2,4096,28,1,6,56,64,505,baseline,3.11.10,112,"[1536, 256, 1]",56,performance_shape_validation,"[4096, 4096, 4096, 4096, 4096, 4096, 4096, 4096, 4096, 4096, 4096, 4096, 4096, 4096, 4096, 4096, 4096, 4096, 4096, 4096, 4096, 4096, 4096, 4096, 4096, 4096, 4096, 4096, 4096, 4096, 4096, 4096, 4096, 4096, 4096, 4096, 4096, 4096, 4096, 4096, 4096, 4096, 4096, 4096, 4096, 4096, 4096, 4096, 4096, 4096, 4096, 4096, 4096, 4096, 4096, 4096]","[2, 2, 2, 2, 2, 2, 2, 2, 2, 2, 2, 2, 2, 2, 2, 2, 2, 2, 2, 2, 2, 2, 2, 2, 2, 2, 2, 2, 2, 2, 2, 2, 2, 2, 2, 2, 2, 2, 2, 2, 2, 2, 2, 2, 2, 2, 2, 2, 2, 2, 2, 2, 2, 2, 2, 2]",56,1,20260829,float32,0.09119556747428784,VALIDATED_FOR_MSPROF,511,compact,msprof_op_task_duration_acceptance,verify_d2,2.10.0.post4.dev20260715,2.10.0+cpu,4,3.2.0,4ed83e755ec0ed2b7f4675dc9cd790f3a2f8164f
swa,c47f9bdcfb879eb73723521240a48a9bae99349d094a1fb82563535aabde82ec,4ed83e755ec0ed2b7f4675dc9cd790f3a2f8164f,"[64, 1]",64,native_NHD_then_page_head_token_dim_permute,a7dee0e77eec04063b09e30ffadbc546426deb74203e92e778deafe3ec464207,9.1.0,"[4096, 4096, 4096, 4096, 4096, 4096, 4096, 4096, 4096, 4096, 4096, 4096, 4096, 4096, 4096, 4096, 4096, 4096, 4096, 4096, 4096, 4096, 4096, 4096, 4096, 4096, 4096, 4096, 4096, 4096, 4096, 4096, 4096, 4096, 4096, 4096, 4096, 4096, 4096, 4096, 4096, 4096, 4096, 4096, 4096, 4096, 4096, 4096, 4096, 4096, 4096, 4096, 4096, 4096, 4096, 4096]","[2, 2, 2, 2, 2, 2, 2, 2, 2, 2, 2, 2, 2, 2, 2, 2, 2, 2, 2, 2, 2, 2, 2, 2, 2, 2, 2, 2, 2, 2, 2, 2, 2, 2, 2, 2, 2, 2, 2, 2, 2, 2, 2, 2, 2, 2, 2, 2, 2, 2, 2, 2, 2, 2, 2, 2]",swa_verify_d2_m112_kv4096_uniform_compact_tp4,True,npu:5,5,Ascend950PR_957b,2,bfloat16,False,256,0.0,_swa_paged_prefill_small_q_grouped_sink_kernel,"[16384, 256, 256, 1]",4096,uniform,112,2,4096,28,1,6,56,64,505,candidate,3.11.10,112,"[1536, 256, 1]",56,performance_shape_validation,"[4096, 4096, 4096, 4096, 4096, 4096, 4096, 4096, 4096, 4096, 4096, 4096, 4096, 4096, 4096, 4096, 4096, 4096, 4096, 4096, 4096, 4096, 4096, 4096, 4096, 4096, 4096, 4096, 4096, 4096, 4096, 4096, 4096, 4096, 4096, 4096, 4096, 4096, 4096, 4096, 4096, 4096, 4096, 4096, 4096, 4096, 4096, 4096, 4096, 4096, 4096, 4096, 4096, 4096, 4096, 4096]","[2, 2, 2, 2, 2, 2, 2, 2, 2, 2, 2, 2, 2, 2, 2, 2, 2, 2, 2, 2, 2, 2, 2, 2, 2, 2, 2, 2, 2, 2, 2, 2, 2, 2, 2, 2, 2, 2, 2, 2, 2, 2, 2, 2, 2, 2, 2, 2, 2, 2, 2, 2, 2, 2, 2, 2]",56,1,20260829,float32,0.09119556747428784,VALIDATED_FOR_MSPROF,511,compact,msprof_op_task_duration_acceptance,verify_d2,2.10.0.post4.dev20260715,2.10.0+cpu,4,3.2.0,4ed83e755ec0ed2b7f4675dc9cd790f3a2f8164f
swa,c47f9bdcfb879eb73723521240a48a9bae99349d094a1fb82563535aabde82ec,4ed83e755ec0ed2b7f4675dc9cd790f3a2f8164f,"[64, 1]",64,native_NHD_then_page_head_token_dim_permute,a7dee0e77eec04063b09e30ffadbc546426deb74203e92e778deafe3ec464207,9.1.0,"[4096, 4096, 4096, 4096, 4096, 4096, 4096, 4096, 4096, 4096, 4096, 4096, 4096, 4096, 4096, 4096, 4096, 4096, 4096, 4096, 4096, 4096, 4096, 4096, 4096, 4096, 4096, 4096, 4096, 4096, 4096, 4096, 4096, 4096, 4096, 4096, 4096, 4096, 4096, 4096, 4096, 4096, 4096, 4096, 4096, 4096, 4096, 4096, 4096, 4096, 4096, 4096, 4096, 4096, 4096, 4096]","[3, 3, 3, 3, 3, 3, 3, 3, 3, 3, 3, 3, 3, 3, 3, 3, 3, 3, 3, 3, 3, 3, 3, 3, 3, 3, 3, 3, 3, 3, 3, 3, 3, 3, 3, 3, 3, 3, 3, 3, 3, 3, 3, 3, 3, 3, 3, 3, 3, 3, 3, 3, 3, 3, 3, 3]",swa_verify_d3_m168_kv4096_uniform_compact_tp4,True,npu:5,5,Ascend950PR_957b,3,bfloat16,False,256,0.0,_swa_paged_prefill_aggregation_sink_kernel,"[16384, 256, 256, 1]",4096,uniform,168,3,4096,28,1,6,56,64,505,baseline,3.11.10,168,"[1536, 256, 1]",56,performance_shape_validation,"[4096, 4096, 4096, 4096, 4096, 4096, 4096, 4096, 4096, 4096, 4096, 4096, 4096, 4096, 4096, 4096, 4096, 4096, 4096, 4096, 4096, 4096, 4096, 4096, 4096, 4096, 4096, 4096, 4096, 4096, 4096, 4096, 4096, 4096, 4096, 4096, 4096, 4096, 4096, 4096, 4096, 4096, 4096, 4096, 4096, 4096, 4096, 4096, 4096, 4096, 4096, 4096, 4096, 4096, 4096, 4096]","[3, 3, 3, 3, 3, 3, 3, 3, 3, 3, 3, 3, 3, 3, 3, 3, 3, 3, 3, 3, 3, 3, 3, 3, 3, 3, 3, 3, 3, 3, 3, 3, 3, 3, 3, 3, 3, 3, 3, 3, 3, 3, 3, 3, 3, 3, 3, 3, 3, 3, 3, 3, 3, 3, 3, 3]",56,1,20260829,float32,0.09119556747428784,VALIDATED_FOR_MSPROF,511,compact,msprof_op_task_duration_acceptance,verify_d3,2.10.0.post4.dev20260715,2.10.0+cpu,4,3.2.0,4ed83e755ec0ed2b7f4675dc9cd790f3a2f8164f
swa,c47f9bdcfb879eb73723521240a48a9bae99349d094a1fb82563535aabde82ec,4ed83e755ec0ed2b7f4675dc9cd790f3a2f8164f,"[64, 1]",64,native_NHD_then_page_head_token_dim_permute,a7dee0e77eec04063b09e30ffadbc546426deb74203e92e778deafe3ec464207,9.1.0,"[4096, 4096, 4096, 4096, 4096, 4096, 4096, 4096, 4096, 4096, 4096, 4096, 4096, 4096, 4096, 4096, 4096, 4096, 4096, 4096, 4096, 4096, 4096, 4096, 4096, 4096, 4096, 4096, 4096, 4096, 4096, 4096, 4096, 4096, 4096, 4096, 4096, 4096, 4096, 4096, 4096, 4096, 4096, 4096, 4096, 4096, 4096, 4096, 4096, 4096, 4096, 4096, 4096, 4096, 4096, 4096]","[3, 3, 3, 3, 3, 3, 3, 3, 3, 3, 3, 3, 3, 3, 3, 3, 3, 3, 3, 3, 3, 3, 3, 3, 3, 3, 3, 3, 3, 3, 3, 3, 3, 3, 3, 3, 3, 3, 3, 3, 3, 3, 3, 3, 3, 3, 3, 3, 3, 3, 3, 3, 3, 3, 3, 3]",swa_verify_d3_m168_kv4096_uniform_compact_tp4,True,npu:5,5,Ascend950PR_957b,3,bfloat16,False,256,0.0,_swa_paged_prefill_small_q_grouped_sink_kernel,"[16384, 256, 256, 1]",4096,uniform,168,3,4096,28,1,6,56,64,505,candidate,3.11.10,168,"[1536, 256, 1]",56,performance_shape_validation,"[4096, 4096, 4096, 4096, 4096, 4096, 4096, 4096, 4096, 4096, 4096, 4096, 4096, 4096, 4096, 4096, 4096, 4096, 4096, 4096, 4096, 4096, 4096, 4096, 4096, 4096, 4096, 4096, 4096, 4096, 4096, 4096, 4096, 4096, 4096, 4096, 4096, 4096, 4096, 4096, 4096, 4096, 4096, 4096, 4096, 4096, 4096, 4096, 4096, 4096, 4096, 4096, 4096, 4096, 4096, 4096]","[3, 3, 3, 3, 3, 3, 3, 3, 3, 3, 3, 3, 3, 3, 3, 3, 3, 3, 3, 3, 3, 3, 3, 3, 3, 3, 3, 3, 3, 3, 3, 3, 3, 3, 3, 3, 3, 3, 3, 3, 3, 3, 3, 3, 3, 3, 3, 3, 3, 3, 3, 3, 3, 3, 3, 3]",56,1,20260829,float32,0.09119556747428784,VALIDATED_FOR_MSPROF,511,compact,msprof_op_task_duration_acceptance,verify_d3,2.10.0.post4.dev20260715,2.10.0+cpu,4,3.2.0,4ed83e755ec0ed2b7f4675dc9cd790f3a2f8164f
swa,c47f9bdcfb879eb73723521240a48a9bae99349d094a1fb82563535aabde82ec,4ed83e755ec0ed2b7f4675dc9cd790f3a2f8164f,"[64, 1]",64,native_NHD_then_page_head_token_dim_permute,a7dee0e77eec04063b09e30ffadbc546426deb74203e92e778deafe3ec464207,9.1.0,[4096],[1024],swa_dense_m1024_kv4096_uniform_compact_tp4,True,npu:5,5,Ascend950PR_957b,,bfloat16,False,256,0.0,_swa_paged_prefill_aggregation_sink_kernel,"[16384, 256, 256, 1]",4096,uniform,1024,1024,4096,28,1,6,56,64,25,baseline,3.11.10,1024,"[1536, 256, 1]",1,performance_shape_validation,[4096],[1024],1,1,20260829,float32,0.09119556747428784,VALIDATED_FOR_MSPROF,511,compact,msprof_op_task_duration_acceptance,dense,2.10.0.post4.dev20260715,2.10.0+cpu,4,3.2.0,4ed83e755ec0ed2b7f4675dc9cd790f3a2f8164f
swa,c47f9bdcfb879eb73723521240a48a9bae99349d094a1fb82563535aabde82ec,4ed83e755ec0ed2b7f4675dc9cd790f3a2f8164f,"[64, 1]",64,native_NHD_then_page_head_token_dim_permute,a7dee0e77eec04063b09e30ffadbc546426deb74203e92e778deafe3ec464207,9.1.0,[4096],[1024],swa_dense_m1024_kv4096_uniform_compact_tp4,True,npu:5,5,Ascend950PR_957b,,bfloat16,False,256,0.0,_swa_paged_prefill_aggregation_sink_kernel,"[16384, 256, 256, 1]",4096,uniform,1024,1024,4096,28,1,6,56,64,25,candidate,3.11.10,1024,"[1536, 256, 1]",1,performance_shape_validation,[4096],[1024],1,1,20260829,float32,0.09119556747428784,VALIDATED_FOR_MSPROF,511,compact,msprof_op_task_duration_acceptance,dense,2.10.0.post4.dev20260715,2.10.0+cpu,4,3.2.0,4ed83e755ec0ed2b7f4675dc9cd790f3a2f8164f
swa,c47f9bdcfb879eb73723521240a48a9bae99349d094a1fb82563535aabde82ec,4ed83e755ec0ed2b7f4675dc9cd790f3a2f8164f,"[264, 1]",264,native_NHD_then_page_head_token_dim_permute,a7dee0e77eec04063b09e30ffadbc546426deb74203e92e778deafe3ec464207,9.1.0,[16879],[1024],swa_dense_m1024_kv16896_ragged_compact_tp4,True,npu:5,5,Ascend950PR_957b,,bfloat16,False,256,0.0,_swa_paged_prefill_aggregation_sink_kernel,"[16384, 256, 256, 1]",16896,ragged,1024,1024,16879,28,1,6,56,64,26,baseline,3.11.10,1024,"[1536, 256, 1]",1,performance_shape_validation,[16879],[1024],1,1,20260829,float32,0.09119556747428784,VALIDATED_FOR_MSPROF,511,compact,msprof_op_task_duration_acceptance,dense,2.10.0.post4.dev20260715,2.10.0+cpu,4,3.2.0,4ed83e755ec0ed2b7f4675dc9cd790f3a2f8164f
swa,c47f9bdcfb879eb73723521240a48a9bae99349d094a1fb82563535aabde82ec,4ed83e755ec0ed2b7f4675dc9cd790f3a2f8164f,"[264, 1]",264,native_NHD_then_page_head_token_dim_permute,a7dee0e77eec04063b09e30ffadbc546426deb74203e92e778deafe3ec464207,9.1.0,[16879],[1024],swa_dense_m1024_kv16896_ragged_compact_tp4,True,npu:5,5,Ascend950PR_957b,,bfloat16,False,256,0.0,_swa_paged_prefill_aggregation_sink_kernel,"[16384, 256, 256, 1]",16896,ragged,1024,1024,16879,28,1,6,56,64,26,candidate,3.11.10,1024,"[1536, 256, 1]",1,performance_shape_validation,[16879],[1024],1,1,20260829,float32,0.09119556747428784,VALIDATED_FOR_MSPROF,511,compact,msprof_op_task_duration_acceptance,dense,2.10.0.post4.dev20260715,2.10.0+cpu,4,3.2.0,4ed83e755ec0ed2b7f4675dc9cd790f3a2f8164f
swa,c47f9bdcfb879eb73723521240a48a9bae99349d094a1fb82563535aabde82ec,4ed83e755ec0ed2b7f4675dc9cd790f3a2f8164f,"[64, 1]",64,native_NHD_then_page_head_token_dim_permute,a7dee0e77eec04063b09e30ffadbc546426deb74203e92e778deafe3ec464207,9.1.0,"[4079, 4042, 4005, 3968, 3931, 3894, 3857, 4077, 4040, 4003, 3966, 3929, 3892, 3855, 4075, 4038]","[16, 17, 16, 16, 16, 16, 16, 16, 16, 16, 16, 16, 16, 16, 16, 16]",swa_ragged_prefill_b16_m257_kv4096_ragged_compact_tp4,True,npu:5,5,Ascend950PR_957b,,bfloat16,False,256,0.0,_swa_paged_prefill_aggregation_sink_kernel,"[16384, 256, 256, 1]",4096,ragged,257,17,3855,28,1,6,56,64,148,baseline,3.11.10,257,"[1536, 256, 1]",16,performance_shape_validation,"[4079, 4042, 4005, 3968, 3931, 3894, 3857, 4077, 4040, 4003, 3966, 3929, 3892, 3855, 4075, 4038]","[16, 17, 16, 16, 16, 16, 16, 16, 16, 16, 16, 16, 16, 16, 16, 16]",16,1,20260829,float32,0.09119556747428784,VALIDATED_FOR_MSPROF,511,compact,msprof_op_task_duration_acceptance,ragged_prefill,2.10.0.post4.dev20260715,2.10.0+cpu,4,3.2.0,4ed83e755ec0ed2b7f4675dc9cd790f3a2f8164f
swa,c47f9bdcfb879eb73723521240a48a9bae99349d094a1fb82563535aabde82ec,4ed83e755ec0ed2b7f4675dc9cd790f3a2f8164f,"[64, 1]",64,native_NHD_then_page_head_token_dim_permute,a7dee0e77eec04063b09e30ffadbc546426deb74203e92e778deafe3ec464207,9.1.0,"[4079, 4042, 4005, 3968, 3931, 3894, 3857, 4077, 4040, 4003, 3966, 3929, 3892, 3855, 4075, 4038]","[16, 17, 16, 16, 16, 16, 16, 16, 16, 16, 16, 16, 16, 16, 16, 16]",swa_ragged_prefill_b16_m257_kv4096_ragged_compact_tp4,True,npu:5,5,Ascend950PR_957b,,bfloat16,False,256,0.0,_swa_paged_prefill_aggregation_sink_kernel,"[16384, 256, 256, 1]",4096,ragged,257,17,3855,28,1,6,56,64,148,candidate,3.11.10,257,"[1536, 256, 1]",16,performance_shape_validation,"[4079, 4042, 4005, 3968, 3931, 3894, 3857, 4077, 4040, 4003, 3966, 3929, 3892, 3855, 4075, 4038]","[16, 17, 16, 16, 16, 16, 16, 16, 16, 16, 16, 16, 16, 16, 16, 16]",16,1,20260829,float32,0.09119556747428784,VALIDATED_FOR_MSPROF,511,compact,msprof_op_task_duration_acceptance,ragged_prefill,2.10.0.post4.dev20260715,2.10.0+cpu,4,3.2.0,4ed83e755ec0ed2b7f4675dc9cd790f3a2f8164f
swa,c47f9bdcfb879eb73723521240a48a9bae99349d094a1fb82563535aabde82ec,4ed83e755ec0ed2b7f4675dc9cd790f3a2f8164f,"[176, 1]",176,native_NHD_then_page_head_token_dim_permute,a7dee0e77eec04063b09e30ffadbc546426deb74203e92e778deafe3ec464207,9.1.0,"[11247, 11210, 11173, 11136, 11099, 11062, 11025, 11245, 11208, 11171, 11134, 11097, 11060, 11023, 11243, 11206, 11169, 11132, 11095, 11058, 11021, 11241, 11204, 11167, 11130, 11093, 11056, 11019, 11239, 11202, 11165, 11128, 11091, 11054, 11017, 11237, 11200, 11163, 11126, 11089, 11052, 11015, 11235, 11198, 11161, 11124, 11087, 11050, 11013, 11233, 11196, 11159, 11122, 11085, 11048, 11011]","[2, 2, 2, 2, 2, 2, 2, 2, 2, 2, 2, 2, 2, 2, 2, 2, 2, 2, 2, 2, 2, 2, 2, 2, 2, 2, 2, 2, 2, 2, 2, 2, 2, 2, 2, 2, 2, 2, 2, 2, 2, 2, 2, 2, 2, 2, 2, 2, 2, 2, 2, 2, 2, 2, 2, 2]",swa_verify_d2_m112_kv11264_ragged_compact_tp4,True,npu:5,5,Ascend950PR_957b,2,bfloat16,False,256,0.0,_swa_paged_prefill_aggregation_sink_kernel,"[16384, 256, 256, 1]",11264,ragged,112,2,11011,28,1,6,56,64,505,baseline,3.11.10,112,"[1536, 256, 1]",56,performance_shape_validation,"[11247, 11210, 11173, 11136, 11099, 11062, 11025, 11245, 11208, 11171, 11134, 11097, 11060, 11023, 11243, 11206, 11169, 11132, 11095, 11058, 11021, 11241, 11204, 11167, 11130, 11093, 11056, 11019, 11239, 11202, 11165, 11128, 11091, 11054, 11017, 11237, 11200, 11163, 11126, 11089, 11052, 11015, 11235, 11198, 11161, 11124, 11087, 11050, 11013, 11233, 11196, 11159, 11122, 11085, 11048, 11011]","[2, 2, 2, 2, 2, 2, 2, 2, 2, 2, 2, 2, 2, 2, 2, 2, 2, 2, 2, 2, 2, 2, 2, 2, 2, 2, 2, 2, 2, 2, 2, 2, 2, 2, 2, 2, 2, 2, 2, 2, 2, 2, 2, 2, 2, 2, 2, 2, 2, 2, 2, 2, 2, 2, 2, 2]",56,1,20260829,float32,0.09119556747428784,VALIDATED_FOR_MSPROF,511,compact,msprof_op_task_duration_acceptance,verify_d2,2.10.0.post4.dev20260715,2.10.0+cpu,4,3.2.0,4ed83e755ec0ed2b7f4675dc9cd790f3a2f8164f
swa,c47f9bdcfb879eb73723521240a48a9bae99349d094a1fb82563535aabde82ec,4ed83e755ec0ed2b7f4675dc9cd790f3a2f8164f,"[176, 1]",176,native_NHD_then_page_head_token_dim_permute,a7dee0e77eec04063b09e30ffadbc546426deb74203e92e778deafe3ec464207,9.1.0,"[11247, 11210, 11173, 11136, 11099, 11062, 11025, 11245, 11208, 11171, 11134, 11097, 11060, 11023, 11243, 11206, 11169, 11132, 11095, 11058, 11021, 11241, 11204, 11167, 11130, 11093, 11056, 11019, 11239, 11202, 11165, 11128, 11091, 11054, 11017, 11237, 11200, 11163, 11126, 11089, 11052, 11015, 11235, 11198, 11161, 11124, 11087, 11050, 11013, 11233, 11196, 11159, 11122, 11085, 11048, 11011]","[2, 2, 2, 2, 2, 2, 2, 2, 2, 2, 2, 2, 2, 2, 2, 2, 2, 2, 2, 2, 2, 2, 2, 2, 2, 2, 2, 2, 2, 2, 2, 2, 2, 2, 2, 2, 2, 2, 2, 2, 2, 2, 2, 2, 2, 2, 2, 2, 2, 2, 2, 2, 2, 2, 2, 2]",swa_verify_d2_m112_kv11264_ragged_compact_tp4,True,npu:5,5,Ascend950PR_957b,2,bfloat16,False,256,0.0,_swa_paged_prefill_small_q_grouped_sink_kernel,"[16384, 256, 256, 1]",11264,ragged,112,2,11011,28,1,6,56,64,505,candidate,3.11.10,112,"[1536, 256, 1]",56,performance_shape_validation,"[11247, 11210, 11173, 11136, 11099, 11062, 11025, 11245, 11208, 11171, 11134, 11097, 11060, 11023, 11243, 11206, 11169, 11132, 11095, 11058, 11021, 11241, 11204, 11167, 11130, 11093, 11056, 11019, 11239, 11202, 11165, 11128, 11091, 11054, 11017, 11237, 11200, 11163, 11126, 11089, 11052, 11015, 11235, 11198, 11161, 11124, 11087, 11050, 11013, 11233, 11196, 11159, 11122, 11085, 11048, 11011]","[2, 2, 2, 2, 2, 2, 2, 2, 2, 2, 2, 2, 2, 2, 2, 2, 2, 2, 2, 2, 2, 2, 2, 2, 2, 2, 2, 2, 2, 2, 2, 2, 2, 2, 2, 2, 2, 2, 2, 2, 2, 2, 2, 2, 2, 2, 2, 2, 2, 2, 2, 2, 2, 2, 2, 2]",56,1,20260829,float32,0.09119556747428784,VALIDATED_FOR_MSPROF,511,compact,msprof_op_task_duration_acceptance,verify_d2,2.10.0.post4.dev20260715,2.10.0+cpu,4,3.2.0,4ed83e755ec0ed2b7f4675dc9cd790f3a2f8164f
swa,c47f9bdcfb879eb73723521240a48a9bae99349d094a1fb82563535aabde82ec,4ed83e755ec0ed2b7f4675dc9cd790f3a2f8164f,"[264, 1]",264,native_NHD_then_page_head_token_dim_permute,a7dee0e77eec04063b09e30ffadbc546426deb74203e92e778deafe3ec464207,9.1.0,"[16879, 16842, 16805, 16768, 16731, 16694, 16657, 16877, 16840, 16803, 16766, 16729, 16692, 16655, 16875, 16838, 16801, 16764, 16727, 16690, 16653, 16873, 16836, 16799, 16762, 16725, 16688, 16651, 16871, 16834, 16797, 16760, 16723, 16686, 16649, 16869, 16832, 16795, 16758, 16721, 16684, 16647, 16867, 16830, 16793, 16756, 16719, 16682, 16645, 16865, 16828, 16791, 16754, 16717, 16680, 16643]","[2, 2, 2, 2, 2, 2, 2, 2, 2, 2, 2, 2, 2, 2, 2, 2, 2, 2, 2, 2, 2, 2, 2, 2, 2, 2, 2, 2, 2, 2, 2, 2, 2, 2, 2, 2, 2, 2, 2, 2, 2, 2, 2, 2, 2, 2, 2, 2, 2, 2, 2, 2, 2, 2, 2, 2]",swa_verify_d2_m112_kv16896_ragged_compact_tp4,True,npu:5,5,Ascend950PR_957b,2,bfloat16,False,256,0.0,_swa_paged_prefill_aggregation_sink_kernel,"[16384, 256, 256, 1]",16896,ragged,112,2,16643,28,1,6,56,64,505,baseline,3.11.10,112,"[1536, 256, 1]",56,performance_shape_validation,"[16879, 16842, 16805, 16768, 16731, 16694, 16657, 16877, 16840, 16803, 16766, 16729, 16692, 16655, 16875, 16838, 16801, 16764, 16727, 16690, 16653, 16873, 16836, 16799, 16762, 16725, 16688, 16651, 16871, 16834, 16797, 16760, 16723, 16686, 16649, 16869, 16832, 16795, 16758, 16721, 16684, 16647, 16867, 16830, 16793, 16756, 16719, 16682, 16645, 16865, 16828, 16791, 16754, 16717, 16680, 16643]","[2, 2, 2, 2, 2, 2, 2, 2, 2, 2, 2, 2, 2, 2, 2, 2, 2, 2, 2, 2, 2, 2, 2, 2, 2, 2, 2, 2, 2, 2, 2, 2, 2, 2, 2, 2, 2, 2, 2, 2, 2, 2, 2, 2, 2, 2, 2, 2, 2, 2, 2, 2, 2, 2, 2, 2]",56,1,20260829,float32,0.09119556747428784,VALIDATED_FOR_MSPROF,511,compact,msprof_op_task_duration_acceptance,verify_d2,2.10.0.post4.dev20260715,2.10.0+cpu,4,3.2.0,4ed83e755ec0ed2b7f4675dc9cd790f3a2f8164f
swa,c47f9bdcfb879eb73723521240a48a9bae99349d094a1fb82563535aabde82ec,4ed83e755ec0ed2b7f4675dc9cd790f3a2f8164f,"[264, 1]",264,native_NHD_then_page_head_token_dim_permute,a7dee0e77eec04063b09e30ffadbc546426deb74203e92e778deafe3ec464207,9.1.0,"[16879, 16842, 16805, 16768, 16731, 16694, 16657, 16877, 16840, 16803, 16766, 16729, 16692, 16655, 16875, 16838, 16801, 16764, 16727, 16690, 16653, 16873, 16836, 16799, 16762, 16725, 16688, 16651, 16871, 16834, 16797, 16760, 16723, 16686, 16649, 16869, 16832, 16795, 16758, 16721, 16684, 16647, 16867, 16830, 16793, 16756, 16719, 16682, 16645, 16865, 16828, 16791, 16754, 16717, 16680, 16643]","[2, 2, 2, 2, 2, 2, 2, 2, 2, 2, 2, 2, 2, 2, 2, 2, 2, 2, 2, 2, 2, 2, 2, 2, 2, 2, 2, 2, 2, 2, 2, 2, 2, 2, 2, 2, 2, 2, 2, 2, 2, 2, 2, 2, 2, 2, 2, 2, 2, 2, 2, 2, 2, 2, 2, 2]",swa_verify_d2_m112_kv16896_ragged_compact_tp4,True,npu:5,5,Ascend950PR_957b,2,bfloat16,False,256,0.0,_swa_paged_prefill_small_q_grouped_sink_kernel,"[16384, 256, 256, 1]",16896,ragged,112,2,16643,28,1,6,56,64,505,candidate,3.11.10,112,"[1536, 256, 1]",56,performance_shape_validation,"[16879, 16842, 16805, 16768, 16731, 16694, 16657, 16877, 16840, 16803, 16766, 16729, 16692, 16655, 16875, 16838, 16801, 16764, 16727, 16690, 16653, 16873, 16836, 16799, 16762, 16725, 16688, 16651, 16871, 16834, 16797, 16760, 16723, 16686, 16649, 16869, 16832, 16795, 16758, 16721, 16684, 16647, 16867, 16830, 16793, 16756, 16719, 16682, 16645, 16865, 16828, 16791, 16754, 16717, 16680, 16643]","[2, 2, 2, 2, 2, 2, 2, 2, 2, 2, 2, 2, 2, 2, 2, 2, 2, 2, 2, 2, 2, 2, 2, 2, 2, 2, 2, 2, 2, 2, 2, 2, 2, 2, 2, 2, 2, 2, 2, 2, 2, 2, 2, 2, 2, 2, 2, 2, 2, 2, 2, 2, 2, 2, 2, 2]",56,1,20260829,float32,0.09119556747428784,VALIDATED_FOR_MSPROF,511,compact,msprof_op_task_duration_acceptance,verify_d2,2.10.0.post4.dev20260715,2.10.0+cpu,4,3.2.0,4ed83e755ec0ed2b7f4675dc9cd790f3a2f8164f
swa,c47f9bdcfb879eb73723521240a48a9bae99349d094a1fb82563535aabde82ec,4ed83e755ec0ed2b7f4675dc9cd790f3a2f8164f,"[416, 1]",416,native_NHD_then_page_head_token_dim_permute,a7dee0e77eec04063b09e30ffadbc546426deb74203e92e778deafe3ec464207,9.1.0,"[26607, 26570, 26533, 26496, 26459, 26422, 26385, 26605, 26568, 26531, 26494, 26457, 26420, 26383, 26603, 26566, 26529, 26492, 26455, 26418, 26381, 26601, 26564, 26527, 26490, 26453, 26416, 26379, 26599, 26562, 26525, 26488, 26451, 26414, 26377, 26597, 26560, 26523, 26486, 26449, 26412, 26375, 26595, 26558, 26521, 26484, 26447, 26410, 26373, 26593, 26556, 26519, 26482, 26445, 26408, 26371]","[2, 2, 2, 2, 2, 2, 2, 2, 2, 2, 2, 2, 2, 2, 2, 2, 2, 2, 2, 2, 2, 2, 2, 2, 2, 2, 2, 2, 2, 2, 2, 2, 2, 2, 2, 2, 2, 2, 2, 2, 2, 2, 2, 2, 2, 2, 2, 2, 2, 2, 2, 2, 2, 2, 2, 2]",swa_verify_d2_m112_kv26624_ragged_compact_tp4,True,npu:5,5,Ascend950PR_957b,2,bfloat16,False,256,0.0,_swa_paged_prefill_aggregation_sink_kernel,"[16384, 256, 256, 1]",26624,ragged,112,2,26371,28,1,6,56,64,505,baseline,3.11.10,112,"[1536, 256, 1]",56,performance_shape_validation,"[26607, 26570, 26533, 26496, 26459, 26422, 26385, 26605, 26568, 26531, 26494, 26457, 26420, 26383, 26603, 26566, 26529, 26492, 26455, 26418, 26381, 26601, 26564, 26527, 26490, 26453, 26416, 26379, 26599, 26562, 26525, 26488, 26451, 26414, 26377, 26597, 26560, 26523, 26486, 26449, 26412, 26375, 26595, 26558, 26521, 26484, 26447, 26410, 26373, 26593, 26556, 26519, 26482, 26445, 26408, 26371]","[2, 2, 2, 2, 2, 2, 2, 2, 2, 2, 2, 2, 2, 2, 2, 2, 2, 2, 2, 2, 2, 2, 2, 2, 2, 2, 2, 2, 2, 2, 2, 2, 2, 2, 2, 2, 2, 2, 2, 2, 2, 2, 2, 2, 2, 2, 2, 2, 2, 2, 2, 2, 2, 2, 2, 2]",56,1,20260829,float32,0.09119556747428784,VALIDATED_FOR_MSPROF,511,compact,msprof_op_task_duration_acceptance,verify_d2,2.10.0.post4.dev20260715,2.10.0+cpu,4,3.2.0,4ed83e755ec0ed2b7f4675dc9cd790f3a2f8164f
swa,c47f9bdcfb879eb73723521240a48a9bae99349d094a1fb82563535aabde82ec,4ed83e755ec0ed2b7f4675dc9cd790f3a2f8164f,"[416, 1]",416,native_NHD_then_page_head_token_dim_permute,a7dee0e77eec04063b09e30ffadbc546426deb74203e92e778deafe3ec464207,9.1.0,"[26607, 26570, 26533, 26496, 26459, 26422, 26385, 26605, 26568, 26531, 26494, 26457, 26420, 26383, 26603, 26566, 26529, 26492, 26455, 26418, 26381, 26601, 26564, 26527, 26490, 26453, 26416, 26379, 26599, 26562, 26525, 26488, 26451, 26414, 26377, 26597, 26560, 26523, 26486, 26449, 26412, 26375, 26595, 26558, 26521, 26484, 26447, 26410, 26373, 26593, 26556, 26519, 26482, 26445, 26408, 26371]","[2, 2, 2, 2, 2, 2, 2, 2, 2, 2, 2, 2, 2, 2, 2, 2, 2, 2, 2, 2, 2, 2, 2, 2, 2, 2, 2, 2, 2, 2, 2, 2, 2, 2, 2, 2, 2, 2, 2, 2, 2, 2, 2, 2, 2, 2, 2, 2, 2, 2, 2, 2, 2, 2, 2, 2]",swa_verify_d2_m112_kv26624_ragged_compact_tp4,True,npu:5,5,Ascend950PR_957b,2,bfloat16,False,256,0.0,_swa_paged_prefill_small_q_grouped_sink_kernel,"[16384, 256, 256, 1]",26624,ragged,112,2,26371,28,1,6,56,64,505,candidate,3.11.10,112,"[1536, 256, 1]",56,performance_shape_validation,"[26607, 26570, 26533, 26496, 26459, 26422, 26385, 26605, 26568, 26531, 26494, 26457, 26420, 26383, 26603, 26566, 26529, 26492, 26455, 26418, 26381, 26601, 26564, 26527, 26490, 26453, 26416, 26379, 26599, 26562, 26525, 26488, 26451, 26414, 26377, 26597, 26560, 26523, 26486, 26449, 26412, 26375, 26595, 26558, 26521, 26484, 26447, 26410, 26373, 26593, 26556, 26519, 26482, 26445, 26408, 26371]","[2, 2, 2, 2, 2, 2, 2, 2, 2, 2, 2, 2, 2, 2, 2, 2, 2, 2, 2, 2, 2, 2, 2, 2, 2, 2, 2, 2, 2, 2, 2, 2, 2, 2, 2, 2, 2, 2, 2, 2, 2, 2, 2, 2, 2, 2, 2, 2, 2, 2, 2, 2, 2, 2, 2, 2]",56,1,20260829,float32,0.09119556747428784,VALIDATED_FOR_MSPROF,511,compact,msprof_op_task_duration_acceptance,verify_d2,2.10.0.post4.dev20260715,2.10.0+cpu,4,3.2.0,4ed83e755ec0ed2b7f4675dc9cd790f3a2f8164f
full,c47f9bdcfb879eb73723521240a48a9bae99349d094a1fb82563535aabde82ec,4ed83e755ec0ed2b7f4675dc9cd790f3a2f8164f,"[64, 1]",64,native_NHD_then_page_head_token_dim_permute,a7dee0e77eec04063b09e30ffadbc546426deb74203e92e778deafe3ec464207,9.1.0,[4096],[1],full_dense_m1_kv4096_uniform_compact_tp4,True,npu:5,5,Ascend950PR_957b,,bfloat16,False,256,0.19424501806497574,paged_prefill_page_aggregation_kernel,"[16384, 256, 256, 1]",4096,uniform,1,1,4096,28,1,6,56,64,65,baseline,3.11.10,1,"[1536, 256, 1]",1,performance_shape_validation,[4096],[1],1,1,20260829,float32,0.09119556747428784,VALIDATED_FOR_MSPROF,,compact,msprof_op_task_duration_acceptance,dense,2.10.0.post4.dev20260715,2.10.0+cpu,4,3.2.0,4ed83e755ec0ed2b7f4675dc9cd790f3a2f8164f
full,c47f9bdcfb879eb73723521240a48a9bae99349d094a1fb82563535aabde82ec,4ed83e755ec0ed2b7f4675dc9cd790f3a2f8164f,"[64, 1]",64,native_NHD_then_page_head_token_dim_permute,a7dee0e77eec04063b09e30ffadbc546426deb74203e92e778deafe3ec464207,9.1.0,[4096],[1],full_dense_m1_kv4096_uniform_compact_tp4,True,npu:5,5,Ascend950PR_957b,,bfloat16,False,256,0.14962698332965374,paged_prefill_small_q_grouped_kernel,"[16384, 256, 256, 1]",4096,uniform,1,1,4096,28,1,6,56,64,65,candidate,3.11.10,1,"[1536, 256, 1]",1,performance_shape_validation,[4096],[1],1,1,20260829,float32,0.09119556747428784,VALIDATED_FOR_MSPROF,,compact,msprof_op_task_duration_acceptance,dense,2.10.0.post4.dev20260715,2.10.0+cpu,4,3.2.0,4ed83e755ec0ed2b7f4675dc9cd790f3a2f8164f
full,c47f9bdcfb879eb73723521240a48a9bae99349d094a1fb82563535aabde82ec,4ed83e755ec0ed2b7f4675dc9cd790f3a2f8164f,"[64, 1]",64,native_NHD_then_page_head_token_dim_permute,a7dee0e77eec04063b09e30ffadbc546426deb74203e92e778deafe3ec464207,9.1.0,[4096],[2],full_dense_m2_kv4096_uniform_compact_tp4,True,npu:5,5,Ascend950PR_957b,,bfloat16,False,256,0.20089605823159218,paged_prefill_page_aggregation_kernel,"[16384, 256, 256, 1]",4096,uniform,2,2,4096,28,1,6,56,64,65,baseline,3.11.10,2,"[1536, 256, 1]",1,performance_shape_validation,[4096],[2],1,1,20260829,float32,0.09119556747428784,VALIDATED_FOR_MSPROF,,compact,msprof_op_task_duration_acceptance,dense,2.10.0.post4.dev20260715,2.10.0+cpu,4,3.2.0,4ed83e755ec0ed2b7f4675dc9cd790f3a2f8164f
full,c47f9bdcfb879eb73723521240a48a9bae99349d094a1fb82563535aabde82ec,4ed83e755ec0ed2b7f4675dc9cd790f3a2f8164f,"[64, 1]",64,native_NHD_then_page_head_token_dim_permute,a7dee0e77eec04063b09e30ffadbc546426deb74203e92e778deafe3ec464207,9.1.0,[4096],[2],full_dense_m2_kv4096_uniform_compact_tp4,True,npu:5,5,Ascend950PR_957b,,bfloat16,False,256,0.13721687719225883,paged_prefill_small_q_grouped_kernel,"[16384, 256, 256, 1]",4096,uniform,2,2,4096,28,1,6,56,64,65,candidate,3.11.10,2,"[1536, 256, 1]",1,performance_shape_validation,[4096],[2],1,1,20260829,float32,0.09119556747428784,VALIDATED_FOR_MSPROF,,compact,msprof_op_task_duration_acceptance,dense,2.10.0.post4.dev20260715,2.10.0+cpu,4,3.2.0,4ed83e755ec0ed2b7f4675dc9cd790f3a2f8164f
full,c47f9bdcfb879eb73723521240a48a9bae99349d094a1fb82563535aabde82ec,4ed83e755ec0ed2b7f4675dc9cd790f3a2f8164f,"[64, 1]",64,native_NHD_then_page_head_token_dim_permute,a7dee0e77eec04063b09e30ffadbc546426deb74203e92e778deafe3ec464207,9.1.0,[4096],[3],full_dense_m3_kv4096_uniform_compact_tp4,True,npu:5,5,Ascend950PR_957b,,bfloat16,False,256,0.1952259335666895,paged_prefill_page_aggregation_kernel,"[16384, 256, 256, 1]",4096,uniform,3,3,4096,28,1,6,56,64,65,baseline,3.11.10,3,"[1536, 256, 1]",1,performance_shape_validation,[4096],[3],1,1,20260829,float32,0.09119556747428784,VALIDATED_FOR_MSPROF,,compact,msprof_op_task_duration_acceptance,dense,2.10.0.post4.dev20260715,2.10.0+cpu,4,3.2.0,4ed83e755ec0ed2b7f4675dc9cd790f3a2f8164f
full,c47f9bdcfb879eb73723521240a48a9bae99349d094a1fb82563535aabde82ec,4ed83e755ec0ed2b7f4675dc9cd790f3a2f8164f,"[64, 1]",64,native_NHD_then_page_head_token_dim_permute,a7dee0e77eec04063b09e30ffadbc546426deb74203e92e778deafe3ec464207,9.1.0,[4096],[3],full_dense_m3_kv4096_uniform_compact_tp4,True,npu:5,5,Ascend950PR_957b,,bfloat16,False,256,0.15996606089174747,paged_prefill_small_q_grouped_kernel,"[16384, 256, 256, 1]",4096,uniform,3,3,4096,28,1,6,56,64,65,candidate,3.11.10,3,"[1536, 256, 1]",1,performance_shape_validation,[4096],[3],1,1,20260829,float32,0.09119556747428784,VALIDATED_FOR_MSPROF,,compact,msprof_op_task_duration_acceptance,dense,2.10.0.post4.dev20260715,2.10.0+cpu,4,3.2.0,4ed83e755ec0ed2b7f4675dc9cd790f3a2f8164f
full,c47f9bdcfb879eb73723521240a48a9bae99349d094a1fb82563535aabde82ec,4ed83e755ec0ed2b7f4675dc9cd790f3a2f8164f,"[64, 1]",64,native_NHD_then_page_head_token_dim_permute,a7dee0e77eec04063b09e30ffadbc546426deb74203e92e778deafe3ec464207,9.1.0,[4096],[4],full_dense_m4_kv4096_uniform_compact_tp4,True,npu:5,5,Ascend950PR_957b,,bfloat16,False,256,0.20238477736711502,paged_prefill_page_aggregation_kernel,"[16384, 256, 256, 1]",4096,uniform,4,4,4096,28,1,6,56,64,65,baseline,3.11.10,4,"[1536, 256, 1]",1,performance_shape_validation,[4096],[4],1,1,20260829,float32,0.09119556747428784,VALIDATED_FOR_MSPROF,,compact,msprof_op_task_duration_acceptance,dense,2.10.0.post4.dev20260715,2.10.0+cpu,4,3.2.0,4ed83e755ec0ed2b7f4675dc9cd790f3a2f8164f
full,c47f9bdcfb879eb73723521240a48a9bae99349d094a1fb82563535aabde82ec,4ed83e755ec0ed2b7f4675dc9cd790f3a2f8164f,"[64, 1]",64,native_NHD_then_page_head_token_dim_permute,a7dee0e77eec04063b09e30ffadbc546426deb74203e92e778deafe3ec464207,9.1.0,[4096],[4],full_dense_m4_kv4096_uniform_compact_tp4,True,npu:5,5,Ascend950PR_957b,,bfloat16,False,256,0.14152703806757927,paged_prefill_small_q_grouped_kernel,"[16384, 256, 256, 1]",4096,uniform,4,4,4096,28,1,6,56,64,65,candidate,3.11.10,4,"[1536, 256, 1]",1,performance_shape_validation,[4096],[4],1,1,20260829,float32,0.09119556747428784,VALIDATED_FOR_MSPROF,,compact,msprof_op_task_duration_acceptance,dense,2.10.0.post4.dev20260715,2.10.0+cpu,4,3.2.0,4ed83e755ec0ed2b7f4675dc9cd790f3a2f8164f
full,c47f9bdcfb879eb73723521240a48a9bae99349d094a1fb82563535aabde82ec,4ed83e755ec0ed2b7f4675dc9cd790f3a2f8164f,"[64, 1]",64,native_NHD_then_page_head_token_dim_permute,a7dee0e77eec04063b09e30ffadbc546426deb74203e92e778deafe3ec464207,9.1.0,[4096],[5],full_dense_m5_kv4096_uniform_compact_tp4,True,npu:5,5,Ascend950PR_957b,,bfloat16,False,256,0.19060587510466576,paged_prefill_page_aggregation_kernel,"[16384, 256, 256, 1]",4096,uniform,5,5,4096,28,1,6,56,64,65,baseline,3.11.10,5,"[1536, 256, 1]",1,performance_shape_validation,[4096],[5],1,1,20260829,float32,0.09119556747428784,VALIDATED_FOR_MSPROF,,compact,msprof_op_task_duration_acceptance,dense,2.10.0.post4.dev20260715,2.10.0+cpu,4,3.2.0,4ed83e755ec0ed2b7f4675dc9cd790f3a2f8164f
full,c47f9bdcfb879eb73723521240a48a9bae99349d094a1fb82563535aabde82ec,4ed83e755ec0ed2b7f4675dc9cd790f3a2f8164f,"[64, 1]",64,native_NHD_then_page_head_token_dim_permute,a7dee0e77eec04063b09e30ffadbc546426deb74203e92e778deafe3ec464207,9.1.0,[4096],[5],full_dense_m5_kv4096_uniform_compact_tp4,True,npu:5,5,Ascend950PR_957b,,bfloat16,False,256,0.15762611292302608,paged_prefill_mid_q_grouped_kernel,"[16384, 256, 256, 1]",4096,uniform,5,5,4096,28,1,6,56,64,65,candidate,3.11.10,5,"[1536, 256, 1]",1,performance_shape_validation,[4096],[5],1,1,20260829,float32,0.09119556747428784,VALIDATED_FOR_MSPROF,,compact,msprof_op_task_duration_acceptance,dense,2.10.0.post4.dev20260715,2.10.0+cpu,4,3.2.0,4ed83e755ec0ed2b7f4675dc9cd790f3a2f8164f
full,c47f9bdcfb879eb73723521240a48a9bae99349d094a1fb82563535aabde82ec,4ed83e755ec0ed2b7f4675dc9cd790f3a2f8164f,"[64, 1]",64,native_NHD_then_page_head_token_dim_permute,a7dee0e77eec04063b09e30ffadbc546426deb74203e92e778deafe3ec464207,9.1.0,[4096],[7],full_dense_m7_kv4096_uniform_compact_tp4,True,npu:5,5,Ascend950PR_957b,,bfloat16,False,256,0.17639598809182644,paged_prefill_page_aggregation_kernel,"[16384, 256, 256, 1]",4096,uniform,7,7,4096,28,1,6,56,64,65,baseline,3.11.10,7,"[1536, 256, 1]",1,performance_shape_validation,[4096],[7],1,1,20260829,float32,0.09119556747428784,VALIDATED_FOR_MSPROF,,compact,msprof_op_task_duration_acceptance,dense,2.10.0.post4.dev20260715,2.10.0+cpu,4,3.2.0,4ed83e755ec0ed2b7f4675dc9cd790f3a2f8164f
full,c47f9bdcfb879eb73723521240a48a9bae99349d094a1fb82563535aabde82ec,4ed83e755ec0ed2b7f4675dc9cd790f3a2f8164f,"[64, 1]",64,native_NHD_then_page_head_token_dim_permute,a7dee0e77eec04063b09e30ffadbc546426deb74203e92e778deafe3ec464207,9.1.0,[4096],[7],full_dense_m7_kv4096_uniform_compact_tp4,True,npu:5,5,Ascend950PR_957b,,bfloat16,False,256,0.14673685654997826,paged_prefill_mid_q_grouped_kernel,"[16384, 256, 256, 1]",4096,uniform,7,7,4096,28,1,6,56,64,65,candidate,3.11.10,7,"[1536, 256, 1]",1,performance_shape_validation,[4096],[7],1,1,20260829,float32,0.09119556747428784,VALIDATED_FOR_MSPROF,,compact,msprof_op_task_duration_acceptance,dense,2.10.0.post4.dev20260715,2.10.0+cpu,4,3.2.0,4ed83e755ec0ed2b7f4675dc9cd790f3a2f8164f
full,c47f9bdcfb879eb73723521240a48a9bae99349d094a1fb82563535aabde82ec,4ed83e755ec0ed2b7f4675dc9cd790f3a2f8164f,"[64, 1]",64,native_NHD_then_page_head_token_dim_permute,a7dee0e77eec04063b09e30ffadbc546426deb74203e92e778deafe3ec464207,9.1.0,[4096],[8],full_dense_m8_kv4096_uniform_compact_tp4,True,npu:5,5,Ascend950PR_957b,,bfloat16,False,256,0.1994059421122074,paged_prefill_page_aggregation_kernel,"[16384, 256, 256, 1]",4096,uniform,8,8,4096,28,1,6,56,64,65,baseline,3.11.10,8,"[1536, 256, 1]",1,performance_shape_validation,[4096],[8],1,1,20260829,float32,0.09119556747428784,VALIDATED_FOR_MSPROF,,compact,msprof_op_task_duration_acceptance,dense,2.10.0.post4.dev20260715,2.10.0+cpu,4,3.2.0,4ed83e755ec0ed2b7f4675dc9cd790f3a2f8164f
full,c47f9bdcfb879eb73723521240a48a9bae99349d094a1fb82563535aabde82ec,4ed83e755ec0ed2b7f4675dc9cd790f3a2f8164f,"[64, 1]",64,native_NHD_then_page_head_token_dim_permute,a7dee0e77eec04063b09e30ffadbc546426deb74203e92e778deafe3ec464207,9.1.0,[4096],[8],full_dense_m8_kv4096_uniform_compact_tp4,True,npu:5,5,Ascend950PR_957b,,bfloat16,False,256,0.15190709382295609,paged_prefill_mid_q_grouped_kernel,"[16384, 256, 256, 1]",4096,uniform,8,8,4096,28,1,6,56,64,65,candidate,3.11.10,8,"[1536, 256, 1]",1,performance_shape_validation,[4096],[8],1,1,20260829,float32,0.09119556747428784,VALIDATED_FOR_MSPROF,,compact,msprof_op_task_duration_acceptance,dense,2.10.0.post4.dev20260715,2.10.0+cpu,4,3.2.0,4ed83e755ec0ed2b7f4675dc9cd790f3a2f8164f
full,c47f9bdcfb879eb73723521240a48a9bae99349d094a1fb82563535aabde82ec,4ed83e755ec0ed2b7f4675dc9cd790f3a2f8164f,"[64, 1]",64,native_NHD_then_page_head_token_dim_permute,a7dee0e77eec04063b09e30ffadbc546426deb74203e92e778deafe3ec464207,9.1.0,[4096],[15],full_dense_m15_kv4096_uniform_compact_tp4,True,npu:5,5,Ascend950PR_957b,,bfloat16,False,256,0.17234589904546738,paged_prefill_page_aggregation_kernel,"[16384, 256, 256, 1]",4096,uniform,15,15,4096,28,1,6,56,64,65,baseline,3.11.10,15,"[1536, 256, 1]",1,performance_shape_validation,[4096],[15],1,1,20260829,float32,0.09119556747428784,VALIDATED_FOR_MSPROF,,compact,msprof_op_task_duration_acceptance,dense,2.10.0.post4.dev20260715,2.10.0+cpu,4,3.2.0,4ed83e755ec0ed2b7f4675dc9cd790f3a2f8164f
full,c47f9bdcfb879eb73723521240a48a9bae99349d094a1fb82563535aabde82ec,4ed83e755ec0ed2b7f4675dc9cd790f3a2f8164f,"[64, 1]",64,native_NHD_then_page_head_token_dim_permute,a7dee0e77eec04063b09e30ffadbc546426deb74203e92e778deafe3ec464207,9.1.0,[4096],[15],full_dense_m15_kv4096_uniform_compact_tp4,True,npu:5,5,Ascend950PR_957b,,bfloat16,False,256,0.14561694115400314,paged_prefill_mid_q_grouped_kernel,"[16384, 256, 256, 1]",4096,uniform,15,15,4096,28,1,6,56,64,65,candidate,3.11.10,15,"[1536, 256, 1]",1,performance_shape_validation,[4096],[15],1,1,20260829,float32,0.09119556747428784,VALIDATED_FOR_MSPROF,,compact,msprof_op_task_duration_acceptance,dense,2.10.0.post4.dev20260715,2.10.0+cpu,4,3.2.0,4ed83e755ec0ed2b7f4675dc9cd790f3a2f8164f
full,c47f9bdcfb879eb73723521240a48a9bae99349d094a1fb82563535aabde82ec,4ed83e755ec0ed2b7f4675dc9cd790f3a2f8164f,"[64, 1]",64,native_NHD_then_page_head_token_dim_permute,a7dee0e77eec04063b09e30ffadbc546426deb74203e92e778deafe3ec464207,9.1.0,[4096],[16],full_dense_m16_kv4096_uniform_compact_tp4,True,npu:5,5,Ascend950PR_957b,,bfloat16,False,256,0.1824761275202036,paged_prefill_page_aggregation_kernel,"[16384, 256, 256, 1]",4096,uniform,16,16,4096,28,1,6,56,64,65,baseline,3.11.10,16,"[1536, 256, 1]",1,performance_shape_validation,[4096],[16],1,1,20260829,float32,0.09119556747428784,VALIDATED_FOR_MSPROF,,compact,msprof_op_task_duration_acceptance,dense,2.10.0.post4.dev20260715,2.10.0+cpu,4,3.2.0,4ed83e755ec0ed2b7f4675dc9cd790f3a2f8164f
full,c47f9bdcfb879eb73723521240a48a9bae99349d094a1fb82563535aabde82ec,4ed83e755ec0ed2b7f4675dc9cd790f3a2f8164f,"[64, 1]",64,native_NHD_then_page_head_token_dim_permute,a7dee0e77eec04063b09e30ffadbc546426deb74203e92e778deafe3ec464207,9.1.0,[4096],[16],full_dense_m16_kv4096_uniform_compact_tp4,True,npu:5,5,Ascend950PR_957b,,bfloat16,False,256,0.14423695392906666,paged_prefill_mid_q_grouped_kernel,"[16384, 256, 256, 1]",4096,uniform,16,16,4096,28,1,6,56,64,65,candidate,3.11.10,16,"[1536, 256, 1]",1,performance_shape_validation,[4096],[16],1,1,20260829,float32,0.09119556747428784,VALIDATED_FOR_MSPROF,,compact,msprof_op_task_duration_acceptance,dense,2.10.0.post4.dev20260715,2.10.0+cpu,4,3.2.0,4ed83e755ec0ed2b7f4675dc9cd790f3a2f8164f
full,c47f9bdcfb879eb73723521240a48a9bae99349d094a1fb82563535aabde82ec,4ed83e755ec0ed2b7f4675dc9cd790f3a2f8164f,"[64, 1]",64,native_NHD_then_page_head_token_dim_permute,a7dee0e77eec04063b09e30ffadbc546426deb74203e92e778deafe3ec464207,9.1.0,[4096],[17],full_dense_m17_kv4096_uniform_compact_tp4,True,npu:5,5,Ascend950PR_957b,,bfloat16,False,256,0.19293604418635368,paged_prefill_page_aggregation_kernel,"[16384, 256, 256, 1]",4096,uniform,17,17,4096,28,1,6,56,64,65,baseline,3.11.10,17,"[1536, 256, 1]",1,performance_shape_validation,[4096],[17],1,1,20260829,float32,0.09119556747428784,VALIDATED_FOR_MSPROF,,compact,msprof_op_task_duration_acceptance,dense,2.10.0.post4.dev20260715,2.10.0+cpu,4,3.2.0,4ed83e755ec0ed2b7f4675dc9cd790f3a2f8164f
full,c47f9bdcfb879eb73723521240a48a9bae99349d094a1fb82563535aabde82ec,4ed83e755ec0ed2b7f4675dc9cd790f3a2f8164f,"[64, 1]",64,native_NHD_then_page_head_token_dim_permute,a7dee0e77eec04063b09e30ffadbc546426deb74203e92e778deafe3ec464207,9.1.0,[4096],[17],full_dense_m17_kv4096_uniform_compact_tp4,True,npu:5,5,Ascend950PR_957b,,bfloat16,False,256,0.13985694386065006,paged_prefill_mid_q_grouped_kernel,"[16384, 256, 256, 1]",4096,uniform,17,17,4096,28,1,6,56,64,65,candidate,3.11.10,17,"[1536, 256, 1]",1,performance_shape_validation,[4096],[17],1,1,20260829,float32,0.09119556747428784,VALIDATED_FOR_MSPROF,,compact,msprof_op_task_duration_acceptance,dense,2.10.0.post4.dev20260715,2.10.0+cpu,4,3.2.0,4ed83e755ec0ed2b7f4675dc9cd790f3a2f8164f
full,c47f9bdcfb879eb73723521240a48a9bae99349d094a1fb82563535aabde82ec,4ed83e755ec0ed2b7f4675dc9cd790f3a2f8164f,"[64, 1]",64,native_NHD_then_page_head_token_dim_permute,a7dee0e77eec04063b09e30ffadbc546426deb74203e92e778deafe3ec464207,9.1.0,[4096],[23],full_dense_m23_kv4096_uniform_compact_tp4,True,npu:5,5,Ascend950PR_957b,,bfloat16,False,256,0.2003251574933529,paged_prefill_page_aggregation_kernel,"[16384, 256, 256, 1]",4096,uniform,23,23,4096,28,1,6,56,64,65,baseline,3.11.10,23,"[1536, 256, 1]",1,performance_shape_validation,[4096],[23],1,1,20260829,float32,0.09119556747428784,VALIDATED_FOR_MSPROF,,compact,msprof_op_task_duration_acceptance,dense,2.10.0.post4.dev20260715,2.10.0+cpu,4,3.2.0,4ed83e755ec0ed2b7f4675dc9cd790f3a2f8164f
full,c47f9bdcfb879eb73723521240a48a9bae99349d094a1fb82563535aabde82ec,4ed83e755ec0ed2b7f4675dc9cd790f3a2f8164f,"[64, 1]",64,native_NHD_then_page_head_token_dim_permute,a7dee0e77eec04063b09e30ffadbc546426deb74203e92e778deafe3ec464207,9.1.0,[4096],[23],full_dense_m23_kv4096_uniform_compact_tp4,True,npu:5,5,Ascend950PR_957b,,bfloat16,False,256,0.14856690540909767,paged_prefill_mid_q_grouped_kernel,"[16384, 256, 256, 1]",4096,uniform,23,23,4096,28,1,6,56,64,65,candidate,3.11.10,23,"[1536, 256, 1]",1,performance_shape_validation,[4096],[23],1,1,20260829,float32,0.09119556747428784,VALIDATED_FOR_MSPROF,,compact,msprof_op_task_duration_acceptance,dense,2.10.0.post4.dev20260715,2.10.0+cpu,4,3.2.0,4ed83e755ec0ed2b7f4675dc9cd790f3a2f8164f
full,c47f9bdcfb879eb73723521240a48a9bae99349d094a1fb82563535aabde82ec,4ed83e755ec0ed2b7f4675dc9cd790f3a2f8164f,"[64, 1]",64,native_NHD_then_page_head_token_dim_permute,a7dee0e77eec04063b09e30ffadbc546426deb74203e92e778deafe3ec464207,9.1.0,[4096],[31],full_dense_m31_kv4096_uniform_compact_tp4,True,npu:5,5,Ascend950PR_957b,,bfloat16,False,256,0.2003558911383152,paged_prefill_page_aggregation_kernel,"[16384, 256, 256, 1]",4096,uniform,31,31,4096,28,1,6,56,64,65,baseline,3.11.10,31,"[1536, 256, 1]",1,performance_shape_validation,[4096],[31],1,1,20260829,float32,0.09119556747428784,VALIDATED_FOR_MSPROF,,compact,msprof_op_task_duration_acceptance,dense,2.10.0.post4.dev20260715,2.10.0+cpu,4,3.2.0,4ed83e755ec0ed2b7f4675dc9cd790f3a2f8164f
full,c47f9bdcfb879eb73723521240a48a9bae99349d094a1fb82563535aabde82ec,4ed83e755ec0ed2b7f4675dc9cd790f3a2f8164f,"[64, 1]",64,native_NHD_then_page_head_token_dim_permute,a7dee0e77eec04063b09e30ffadbc546426deb74203e92e778deafe3ec464207,9.1.0,[4096],[31],full_dense_m31_kv4096_uniform_compact_tp4,True,npu:5,5,Ascend950PR_957b,,bfloat16,False,256,0.15544588677585125,paged_prefill_mid_q_grouped_kernel,"[16384, 256, 256, 1]",4096,uniform,31,31,4096,28,1,6,56,64,65,candidate,3.11.10,31,"[1536, 256, 1]",1,performance_shape_validation,[4096],[31],1,1,20260829,float32,0.09119556747428784,VALIDATED_FOR_MSPROF,,compact,msprof_op_task_duration_acceptance,dense,2.10.0.post4.dev20260715,2.10.0+cpu,4,3.2.0,4ed83e755ec0ed2b7f4675dc9cd790f3a2f8164f
full,c47f9bdcfb879eb73723521240a48a9bae99349d094a1fb82563535aabde82ec,4ed83e755ec0ed2b7f4675dc9cd790f3a2f8164f,"[64, 1]",64,native_NHD_then_page_head_token_dim_permute,a7dee0e77eec04063b09e30ffadbc546426deb74203e92e778deafe3ec464207,9.1.0,[4096],[32],full_dense_m32_kv4096_uniform_compact_tp4,True,npu:5,5,Ascend950PR_957b,,bfloat16,False,256,0.19734608940780163,paged_prefill_page_aggregation_kernel,"[16384, 256, 256, 1]",4096,uniform,32,32,4096,28,1,6,56,64,65,baseline,3.11.10,32,"[1536, 256, 1]",1,performance_shape_validation,[4096],[32],1,1,20260829,float32,0.09119556747428784,VALIDATED_FOR_MSPROF,,compact,msprof_op_task_duration_acceptance,dense,2.10.0.post4.dev20260715,2.10.0+cpu,4,3.2.0,4ed83e755ec0ed2b7f4675dc9cd790f3a2f8164f
full,c47f9bdcfb879eb73723521240a48a9bae99349d094a1fb82563535aabde82ec,4ed83e755ec0ed2b7f4675dc9cd790f3a2f8164f,"[64, 1]",64,native_NHD_then_page_head_token_dim_permute,a7dee0e77eec04063b09e30ffadbc546426deb74203e92e778deafe3ec464207,9.1.0,[4096],[32],full_dense_m32_kv4096_uniform_compact_tp4,True,npu:5,5,Ascend950PR_957b,,bfloat16,False,256,0.13815704733133316,paged_prefill_mid_q_grouped_kernel,"[16384, 256, 256, 1]",4096,uniform,32,32,4096,28,1,6,56,64,65,candidate,3.11.10,32,"[1536, 256, 1]",1,performance_shape_validation,[4096],[32],1,1,20260829,float32,0.09119556747428784,VALIDATED_FOR_MSPROF,,compact,msprof_op_task_duration_acceptance,dense,2.10.0.post4.dev20260715,2.10.0+cpu,4,3.2.0,4ed83e755ec0ed2b7f4675dc9cd790f3a2f8164f
full,c47f9bdcfb879eb73723521240a48a9bae99349d094a1fb82563535aabde82ec,4ed83e755ec0ed2b7f4675dc9cd790f3a2f8164f,"[64, 1]",64,native_NHD_then_page_head_token_dim_permute,a7dee0e77eec04063b09e30ffadbc546426deb74203e92e778deafe3ec464207,9.1.0,[4096],[33],full_dense_m33_kv4096_uniform_compact_tp4,True,npu:5,5,Ascend950PR_957b,,bfloat16,False,256,0.18691597506403923,paged_prefill_page_aggregation_kernel,"[16384, 256, 256, 1]",4096,uniform,33,33,4096,28,1,6,56,64,65,baseline,3.11.10,33,"[1536, 256, 1]",1,performance_shape_validation,[4096],[33],1,1,20260829,float32,0.09119556747428784,VALIDATED_FOR_MSPROF,,compact,msprof_op_task_duration_acceptance,dense,2.10.0.post4.dev20260715,2.10.0+cpu,4,3.2.0,4ed83e755ec0ed2b7f4675dc9cd790f3a2f8164f
full,c47f9bdcfb879eb73723521240a48a9bae99349d094a1fb82563535aabde82ec,4ed83e755ec0ed2b7f4675dc9cd790f3a2f8164f,"[64, 1]",64,native_NHD_then_page_head_token_dim_permute,a7dee0e77eec04063b09e30ffadbc546426deb74203e92e778deafe3ec464207,9.1.0,[4096],[33],full_dense_m33_kv4096_uniform_compact_tp4,True,npu:5,5,Ascend950PR_957b,,bfloat16,False,256,0.1362671609967947,paged_prefill_mid_q_grouped_kernel,"[16384, 256, 256, 1]",4096,uniform,33,33,4096,28,1,6,56,64,65,candidate,3.11.10,33,"[1536, 256, 1]",1,performance_shape_validation,[4096],[33],1,1,20260829,float32,0.09119556747428784,VALIDATED_FOR_MSPROF,,compact,msprof_op_task_duration_acceptance,dense,2.10.0.post4.dev20260715,2.10.0+cpu,4,3.2.0,4ed83e755ec0ed2b7f4675dc9cd790f3a2f8164f
full,c47f9bdcfb879eb73723521240a48a9bae99349d094a1fb82563535aabde82ec,4ed83e755ec0ed2b7f4675dc9cd790f3a2f8164f,"[64, 1]",64,native_NHD_then_page_head_token_dim_permute,a7dee0e77eec04063b09e30ffadbc546426deb74203e92e778deafe3ec464207,9.1.0,[4096],[37],full_dense_m37_kv4096_uniform_compact_tp4,True,npu:5,5,Ascend950PR_957b,,bfloat16,False,256,0.1853560097515583,paged_prefill_page_aggregation_kernel,"[16384, 256, 256, 1]",4096,uniform,37,37,4096,28,1,6,56,64,65,baseline,3.11.10,37,"[1536, 256, 1]",1,performance_shape_validation,[4096],[37],1,1,20260829,float32,0.09119556747428784,VALIDATED_FOR_MSPROF,,compact,msprof_op_task_duration_acceptance,dense,2.10.0.post4.dev20260715,2.10.0+cpu,4,3.2.0,4ed83e755ec0ed2b7f4675dc9cd790f3a2f8164f
full,c47f9bdcfb879eb73723521240a48a9bae99349d094a1fb82563535aabde82ec,4ed83e755ec0ed2b7f4675dc9cd790f3a2f8164f,"[64, 1]",64,native_NHD_then_page_head_token_dim_permute,a7dee0e77eec04063b09e30ffadbc546426deb74203e92e778deafe3ec464207,9.1.0,[4096],[37],full_dense_m37_kv4096_uniform_compact_tp4,True,npu:5,5,Ascend950PR_957b,,bfloat16,False,256,0.1384869683533907,paged_prefill_mid_q_grouped_kernel,"[16384, 256, 256, 1]",4096,uniform,37,37,4096,28,1,6,56,64,65,candidate,3.11.10,37,"[1536, 256, 1]",1,performance_shape_validation,[4096],[37],1,1,20260829,float32,0.09119556747428784,VALIDATED_FOR_MSPROF,,compact,msprof_op_task_duration_acceptance,dense,2.10.0.post4.dev20260715,2.10.0+cpu,4,3.2.0,4ed83e755ec0ed2b7f4675dc9cd790f3a2f8164f
full,c47f9bdcfb879eb73723521240a48a9bae99349d094a1fb82563535aabde82ec,4ed83e755ec0ed2b7f4675dc9cd790f3a2f8164f,"[64, 1]",64,native_NHD_then_page_head_token_dim_permute,a7dee0e77eec04063b09e30ffadbc546426deb74203e92e778deafe3ec464207,9.1.0,[4096],[47],full_dense_m47_kv4096_uniform_compact_tp4,True,npu:5,5,Ascend950PR_957b,,bfloat16,False,256,0.19750604405999184,paged_prefill_page_aggregation_kernel,"[16384, 256, 256, 1]",4096,uniform,47,47,4096,28,1,6,56,64,65,baseline,3.11.10,47,"[1536, 256, 1]",1,performance_shape_validation,[4096],[47],1,1,20260829,float32,0.09119556747428784,VALIDATED_FOR_MSPROF,,compact,msprof_op_task_duration_acceptance,dense,2.10.0.post4.dev20260715,2.10.0+cpu,4,3.2.0,4ed83e755ec0ed2b7f4675dc9cd790f3a2f8164f
full,c47f9bdcfb879eb73723521240a48a9bae99349d094a1fb82563535aabde82ec,4ed83e755ec0ed2b7f4675dc9cd790f3a2f8164f,"[64, 1]",64,native_NHD_then_page_head_token_dim_permute,a7dee0e77eec04063b09e30ffadbc546426deb74203e92e778deafe3ec464207,9.1.0,[4096],[47],full_dense_m47_kv4096_uniform_compact_tp4,True,npu:5,5,Ascend950PR_957b,,bfloat16,False,256,0.13969698920845985,paged_prefill_mid_q_grouped_kernel,"[16384, 256, 256, 1]",4096,uniform,47,47,4096,28,1,6,56,64,65,candidate,3.11.10,47,"[1536, 256, 1]",1,performance_shape_validation,[4096],[47],1,1,20260829,float32,0.09119556747428784,VALIDATED_FOR_MSPROF,,compact,msprof_op_task_duration_acceptance,dense,2.10.0.post4.dev20260715,2.10.0+cpu,4,3.2.0,4ed83e755ec0ed2b7f4675dc9cd790f3a2f8164f
full,c47f9bdcfb879eb73723521240a48a9bae99349d094a1fb82563535aabde82ec,4ed83e755ec0ed2b7f4675dc9cd790f3a2f8164f,"[64, 1]",64,native_NHD_then_page_head_token_dim_permute,a7dee0e77eec04063b09e30ffadbc546426deb74203e92e778deafe3ec464207,9.1.0,[4096],[48],full_dense_m48_kv4096_uniform_compact_tp4,True,npu:5,5,Ascend950PR_957b,,bfloat16,False,256,0.18280581571161747,paged_prefill_page_aggregation_kernel,"[16384, 256, 256, 1]",4096,uniform,48,48,4096,28,1,6,56,64,65,baseline,3.11.10,48,"[1536, 256, 1]",1,performance_shape_validation,[4096],[48],1,1,20260829,float32,0.09119556747428784,VALIDATED_FOR_MSPROF,,compact,msprof_op_task_duration_acceptance,dense,2.10.0.post4.dev20260715,2.10.0+cpu,4,3.2.0,4ed83e755ec0ed2b7f4675dc9cd790f3a2f8164f
full,c47f9bdcfb879eb73723521240a48a9bae99349d094a1fb82563535aabde82ec,4ed83e755ec0ed2b7f4675dc9cd790f3a2f8164f,"[64, 1]",64,native_NHD_then_page_head_token_dim_permute,a7dee0e77eec04063b09e30ffadbc546426deb74203e92e778deafe3ec464207,9.1.0,[4096],[48],full_dense_m48_kv4096_uniform_compact_tp4,True,npu:5,5,Ascend950PR_957b,,bfloat16,False,256,0.13935682363808155,paged_prefill_mid_q_grouped_kernel,"[16384, 256, 256, 1]",4096,uniform,48,48,4096,28,1,6,56,64,65,candidate,3.11.10,48,"[1536, 256, 1]",1,performance_shape_validation,[4096],[48],1,1,20260829,float32,0.09119556747428784,VALIDATED_FOR_MSPROF,,compact,msprof_op_task_duration_acceptance,dense,2.10.0.post4.dev20260715,2.10.0+cpu,4,3.2.0,4ed83e755ec0ed2b7f4675dc9cd790f3a2f8164f
full,c47f9bdcfb879eb73723521240a48a9bae99349d094a1fb82563535aabde82ec,4ed83e755ec0ed2b7f4675dc9cd790f3a2f8164f,"[64, 1]",64,native_NHD_then_page_head_token_dim_permute,a7dee0e77eec04063b09e30ffadbc546426deb74203e92e778deafe3ec464207,9.1.0,[4096],[49],full_dense_m49_kv4096_uniform_compact_tp4,True,npu:5,5,Ascend950PR_957b,,bfloat16,False,256,0.18728617578744888,paged_prefill_page_aggregation_kernel,"[16384, 256, 256, 1]",4096,uniform,49,49,4096,28,1,6,56,64,65,baseline,3.11.10,49,"[1536, 256, 1]",1,performance_shape_validation,[4096],[49],1,1,20260829,float32,0.09119556747428784,VALIDATED_FOR_MSPROF,,compact,msprof_op_task_duration_acceptance,dense,2.10.0.post4.dev20260715,2.10.0+cpu,4,3.2.0,4ed83e755ec0ed2b7f4675dc9cd790f3a2f8164f
full,c47f9bdcfb879eb73723521240a48a9bae99349d094a1fb82563535aabde82ec,4ed83e755ec0ed2b7f4675dc9cd790f3a2f8164f,"[64, 1]",64,native_NHD_then_page_head_token_dim_permute,a7dee0e77eec04063b09e30ffadbc546426deb74203e92e778deafe3ec464207,9.1.0,[4096],[49],full_dense_m49_kv4096_uniform_compact_tp4,True,npu:5,5,Ascend950PR_957b,,bfloat16,False,256,0.14732684940099716,paged_prefill_mid_q_grouped_kernel,"[16384, 256, 256, 1]",4096,uniform,49,49,4096,28,1,6,56,64,65,candidate,3.11.10,49,"[1536, 256, 1]",1,performance_shape_validation,[4096],[49],1,1,20260829,float32,0.09119556747428784,VALIDATED_FOR_MSPROF,,compact,msprof_op_task_duration_acceptance,dense,2.10.0.post4.dev20260715,2.10.0+cpu,4,3.2.0,4ed83e755ec0ed2b7f4675dc9cd790f3a2f8164f
full,c47f9bdcfb879eb73723521240a48a9bae99349d094a1fb82563535aabde82ec,4ed83e755ec0ed2b7f4675dc9cd790f3a2f8164f,"[64, 1]",64,native_NHD_then_page_head_token_dim_permute,a7dee0e77eec04063b09e30ffadbc546426deb74203e92e778deafe3ec464207,9.1.0,[4096],[63],full_dense_m63_kv4096_uniform_compact_tp4,True,npu:5,5,Ascend950PR_957b,,bfloat16,False,256,0.1844959333539009,paged_prefill_page_aggregation_kernel,"[16384, 256, 256, 1]",4096,uniform,63,63,4096,28,1,6,56,64,65,baseline,3.11.10,63,"[1536, 256, 1]",1,performance_shape_validation,[4096],[63],1,1,20260829,float32,0.09119556747428784,VALIDATED_FOR_MSPROF,,compact,msprof_op_task_duration_acceptance,dense,2.10.0.post4.dev20260715,2.10.0+cpu,4,3.2.0,4ed83e755ec0ed2b7f4675dc9cd790f3a2f8164f
full,c47f9bdcfb879eb73723521240a48a9bae99349d094a1fb82563535aabde82ec,4ed83e755ec0ed2b7f4675dc9cd790f3a2f8164f,"[64, 1]",64,native_NHD_then_page_head_token_dim_permute,a7dee0e77eec04063b09e30ffadbc546426deb74203e92e778deafe3ec464207,9.1.0,[4096],[63],full_dense_m63_kv4096_uniform_compact_tp4,True,npu:5,5,Ascend950PR_957b,,bfloat16,False,256,0.1474770251661539,paged_prefill_mid_q_grouped_kernel,"[16384, 256, 256, 1]",4096,uniform,63,63,4096,28,1,6,56,64,65,candidate,3.11.10,63,"[1536, 256, 1]",1,performance_shape_validation,[4096],[63],1,1,20260829,float32,0.09119556747428784,VALIDATED_FOR_MSPROF,,compact,msprof_op_task_duration_acceptance,dense,2.10.0.post4.dev20260715,2.10.0+cpu,4,3.2.0,4ed83e755ec0ed2b7f4675dc9cd790f3a2f8164f
full,c47f9bdcfb879eb73723521240a48a9bae99349d094a1fb82563535aabde82ec,4ed83e755ec0ed2b7f4675dc9cd790f3a2f8164f,"[64, 1]",64,native_NHD_then_page_head_token_dim_permute,a7dee0e77eec04063b09e30ffadbc546426deb74203e92e778deafe3ec464207,9.1.0,[4096],[64],full_dense_m64_kv4096_uniform_compact_tp4,True,npu:5,5,Ascend950PR_957b,,bfloat16,False,256,0.191996106877923,paged_prefill_page_aggregation_kernel,"[16384, 256, 256, 1]",4096,uniform,64,64,4096,28,1,6,56,64,65,baseline,3.11.10,64,"[1536, 256, 1]",1,performance_shape_validation,[4096],[64],1,1,20260829,float32,0.09119556747428784,VALIDATED_FOR_MSPROF,,compact,msprof_op_task_duration_acceptance,dense,2.10.0.post4.dev20260715,2.10.0+cpu,4,3.2.0,4ed83e755ec0ed2b7f4675dc9cd790f3a2f8164f
full,c47f9bdcfb879eb73723521240a48a9bae99349d094a1fb82563535aabde82ec,4ed83e755ec0ed2b7f4675dc9cd790f3a2f8164f,"[64, 1]",64,native_NHD_then_page_head_token_dim_permute,a7dee0e77eec04063b09e30ffadbc546426deb74203e92e778deafe3ec464207,9.1.0,[4096],[64],full_dense_m64_kv4096_uniform_compact_tp4,True,npu:5,5,Ascend950PR_957b,,bfloat16,False,256,0.14628702774643898,paged_prefill_mid_q_grouped_kernel,"[16384, 256, 256, 1]",4096,uniform,64,64,4096,28,1,6,56,64,65,candidate,3.11.10,64,"[1536, 256, 1]",1,performance_shape_validation,[4096],[64],1,1,20260829,float32,0.09119556747428784,VALIDATED_FOR_MSPROF,,compact,msprof_op_task_duration_acceptance,dense,2.10.0.post4.dev20260715,2.10.0+cpu,4,3.2.0,4ed83e755ec0ed2b7f4675dc9cd790f3a2f8164f
full,c47f9bdcfb879eb73723521240a48a9bae99349d094a1fb82563535aabde82ec,4ed83e755ec0ed2b7f4675dc9cd790f3a2f8164f,"[64, 1]",64,native_NHD_then_page_head_token_dim_permute,a7dee0e77eec04063b09e30ffadbc546426deb74203e92e778deafe3ec464207,9.1.0,[4096],[65],full_dense_m65_kv4096_uniform_compact_tp4,True,npu:5,5,Ascend950PR_957b,,bfloat16,False,256,0.18945708870887756,paged_prefill_page_aggregation_kernel,"[16384, 256, 256, 1]",4096,uniform,65,65,4096,28,1,6,56,64,65,baseline,3.11.10,65,"[1536, 256, 1]",1,performance_shape_validation,[4096],[65],1,1,20260829,float32,0.09119556747428784,VALIDATED_FOR_MSPROF,,compact,msprof_op_task_duration_acceptance,dense,2.10.0.post4.dev20260715,2.10.0+cpu,4,3.2.0,4ed83e755ec0ed2b7f4675dc9cd790f3a2f8164f
full,c47f9bdcfb879eb73723521240a48a9bae99349d094a1fb82563535aabde82ec,4ed83e755ec0ed2b7f4675dc9cd790f3a2f8164f,"[64, 1]",64,native_NHD_then_page_head_token_dim_permute,a7dee0e77eec04063b09e30ffadbc546426deb74203e92e778deafe3ec464207,9.1.0,[4096],[65],full_dense_m65_kv4096_uniform_compact_tp4,True,npu:5,5,Ascend950PR_957b,,bfloat16,False,256,0.13983715325593948,paged_prefill_mid_q_grouped_kernel,"[16384, 256, 256, 1]",4096,uniform,65,65,4096,28,1,6,56,64,65,candidate,3.11.10,65,"[1536, 256, 1]",1,performance_shape_validation,[4096],[65],1,1,20260829,float32,0.09119556747428784,VALIDATED_FOR_MSPROF,,compact,msprof_op_task_duration_acceptance,dense,2.10.0.post4.dev20260715,2.10.0+cpu,4,3.2.0,4ed83e755ec0ed2b7f4675dc9cd790f3a2f8164f
full,c47f9bdcfb879eb73723521240a48a9bae99349d094a1fb82563535aabde82ec,4ed83e755ec0ed2b7f4675dc9cd790f3a2f8164f,"[64, 1]",64,native_NHD_then_page_head_token_dim_permute,a7dee0e77eec04063b09e30ffadbc546426deb74203e92e778deafe3ec464207,9.1.0,[4096],[73],full_dense_m73_kv4096_uniform_compact_tp4,True,npu:5,5,Ascend950PR_957b,,bfloat16,False,256,0.18929596990346909,paged_prefill_page_aggregation_kernel,"[16384, 256, 256, 1]",4096,uniform,73,73,4096,28,1,6,56,64,65,baseline,3.11.10,73,"[1536, 256, 1]",1,performance_shape_validation,[4096],[73],1,1,20260829,float32,0.09119556747428784,VALIDATED_FOR_MSPROF,,compact,msprof_op_task_duration_acceptance,dense,2.10.0.post4.dev20260715,2.10.0+cpu,4,3.2.0,4ed83e755ec0ed2b7f4675dc9cd790f3a2f8164f
full,c47f9bdcfb879eb73723521240a48a9bae99349d094a1fb82563535aabde82ec,4ed83e755ec0ed2b7f4675dc9cd790f3a2f8164f,"[64, 1]",64,native_NHD_then_page_head_token_dim_permute,a7dee0e77eec04063b09e30ffadbc546426deb74203e92e778deafe3ec464207,9.1.0,[4096],[73],full_dense_m73_kv4096_uniform_compact_tp4,True,npu:5,5,Ascend950PR_957b,,bfloat16,False,256,0.14353706501424313,paged_prefill_mid_q_grouped_kernel,"[16384, 256, 256, 1]",4096,uniform,73,73,4096,28,1,6,56,64,65,candidate,3.11.10,73,"[1536, 256, 1]",1,performance_shape_validation,[4096],[73],1,1,20260829,float32,0.09119556747428784,VALIDATED_FOR_MSPROF,,compact,msprof_op_task_duration_acceptance,dense,2.10.0.post4.dev20260715,2.10.0+cpu,4,3.2.0,4ed83e755ec0ed2b7f4675dc9cd790f3a2f8164f
full,c47f9bdcfb879eb73723521240a48a9bae99349d094a1fb82563535aabde82ec,4ed83e755ec0ed2b7f4675dc9cd790f3a2f8164f,"[64, 1]",64,native_NHD_then_page_head_token_dim_permute,a7dee0e77eec04063b09e30ffadbc546426deb74203e92e778deafe3ec464207,9.1.0,[4096],[95],full_dense_m95_kv4096_uniform_compact_tp4,True,npu:5,5,Ascend950PR_957b,,bfloat16,False,256,0.19652489572763443,paged_prefill_page_aggregation_kernel,"[16384, 256, 256, 1]",4096,uniform,95,95,4096,28,1,6,56,64,65,baseline,3.11.10,95,"[1536, 256, 1]",1,performance_shape_validation,[4096],[95],1,1,20260829,float32,0.09119556747428784,VALIDATED_FOR_MSPROF,,compact,msprof_op_task_duration_acceptance,dense,2.10.0.post4.dev20260715,2.10.0+cpu,4,3.2.0,4ed83e755ec0ed2b7f4675dc9cd790f3a2f8164f
full,c47f9bdcfb879eb73723521240a48a9bae99349d094a1fb82563535aabde82ec,4ed83e755ec0ed2b7f4675dc9cd790f3a2f8164f,"[64, 1]",64,native_NHD_then_page_head_token_dim_permute,a7dee0e77eec04063b09e30ffadbc546426deb74203e92e778deafe3ec464207,9.1.0,[4096],[95],full_dense_m95_kv4096_uniform_compact_tp4,True,npu:5,5,Ascend950PR_957b,,bfloat16,False,256,0.14908704906702042,paged_prefill_mid_q_grouped_kernel,"[16384, 256, 256, 1]",4096,uniform,95,95,4096,28,1,6,56,64,65,candidate,3.11.10,95,"[1536, 256, 1]",1,performance_shape_validation,[4096],[95],1,1,20260829,float32,0.09119556747428784,VALIDATED_FOR_MSPROF,,compact,msprof_op_task_duration_acceptance,dense,2.10.0.post4.dev20260715,2.10.0+cpu,4,3.2.0,4ed83e755ec0ed2b7f4675dc9cd790f3a2f8164f
full,c47f9bdcfb879eb73723521240a48a9bae99349d094a1fb82563535aabde82ec,4ed83e755ec0ed2b7f4675dc9cd790f3a2f8164f,"[64, 1]",64,native_NHD_then_page_head_token_dim_permute,a7dee0e77eec04063b09e30ffadbc546426deb74203e92e778deafe3ec464207,9.1.0,[4096],[111],full_dense_m111_kv4096_uniform_compact_tp4,True,npu:5,5,Ascend950PR_957b,,bfloat16,False,256,0.2008948940783739,paged_prefill_page_aggregation_kernel,"[16384, 256, 256, 1]",4096,uniform,111,111,4096,28,1,6,56,64,65,baseline,3.11.10,111,"[1536, 256, 1]",1,performance_shape_validation,[4096],[111],1,1,20260829,float32,0.09119556747428784,VALIDATED_FOR_MSPROF,,compact,msprof_op_task_duration_acceptance,dense,2.10.0.post4.dev20260715,2.10.0+cpu,4,3.2.0,4ed83e755ec0ed2b7f4675dc9cd790f3a2f8164f
full,c47f9bdcfb879eb73723521240a48a9bae99349d094a1fb82563535aabde82ec,4ed83e755ec0ed2b7f4675dc9cd790f3a2f8164f,"[64, 1]",64,native_NHD_then_page_head_token_dim_permute,a7dee0e77eec04063b09e30ffadbc546426deb74203e92e778deafe3ec464207,9.1.0,[4096],[111],full_dense_m111_kv4096_uniform_compact_tp4,True,npu:5,5,Ascend950PR_957b,,bfloat16,False,256,0.1371670514345169,paged_prefill_mid_q_grouped_kernel,"[16384, 256, 256, 1]",4096,uniform,111,111,4096,28,1,6,56,64,65,candidate,3.11.10,111,"[1536, 256, 1]",1,performance_shape_validation,[4096],[111],1,1,20260829,float32,0.09119556747428784,VALIDATED_FOR_MSPROF,,compact,msprof_op_task_duration_acceptance,dense,2.10.0.post4.dev20260715,2.10.0+cpu,4,3.2.0,4ed83e755ec0ed2b7f4675dc9cd790f3a2f8164f
full,c47f9bdcfb879eb73723521240a48a9bae99349d094a1fb82563535aabde82ec,4ed83e755ec0ed2b7f4675dc9cd790f3a2f8164f,"[64, 1]",64,native_NHD_then_page_head_token_dim_permute,a7dee0e77eec04063b09e30ffadbc546426deb74203e92e778deafe3ec464207,9.1.0,[4096],[127],full_dense_m127_kv4096_uniform_compact_tp4,True,npu:5,5,Ascend950PR_957b,,bfloat16,False,256,0.19209599122405052,paged_prefill_page_aggregation_kernel,"[16384, 256, 256, 1]",4096,uniform,127,127,4096,28,1,6,56,64,65,baseline,3.11.10,127,"[1536, 256, 1]",1,performance_shape_validation,[4096],[127],1,1,20260829,float32,0.09119556747428784,VALIDATED_FOR_MSPROF,,compact,msprof_op_task_duration_acceptance,dense,2.10.0.post4.dev20260715,2.10.0+cpu,4,3.2.0,4ed83e755ec0ed2b7f4675dc9cd790f3a2f8164f
full,c47f9bdcfb879eb73723521240a48a9bae99349d094a1fb82563535aabde82ec,4ed83e755ec0ed2b7f4675dc9cd790f3a2f8164f,"[64, 1]",64,native_NHD_then_page_head_token_dim_permute,a7dee0e77eec04063b09e30ffadbc546426deb74203e92e778deafe3ec464207,9.1.0,[4096],[127],full_dense_m127_kv4096_uniform_compact_tp4,True,npu:5,5,Ascend950PR_957b,,bfloat16,False,256,0.14498713426291943,paged_prefill_mid_q_grouped_kernel,"[16384, 256, 256, 1]",4096,uniform,127,127,4096,28,1,6,56,64,65,candidate,3.11.10,127,"[1536, 256, 1]",1,performance_shape_validation,[4096],[127],1,1,20260829,float32,0.09119556747428784,VALIDATED_FOR_MSPROF,,compact,msprof_op_task_duration_acceptance,dense,2.10.0.post4.dev20260715,2.10.0+cpu,4,3.2.0,4ed83e755ec0ed2b7f4675dc9cd790f3a2f8164f
full,c47f9bdcfb879eb73723521240a48a9bae99349d094a1fb82563535aabde82ec,4ed83e755ec0ed2b7f4675dc9cd790f3a2f8164f,"[64, 1]",64,native_NHD_then_page_head_token_dim_permute,a7dee0e77eec04063b09e30ffadbc546426deb74203e92e778deafe3ec464207,9.1.0,[4096],[128],full_dense_m128_kv4096_uniform_compact_tp4,True,npu:5,5,Ascend950PR_957b,,bfloat16,False,256,0.20761601626873016,paged_prefill_page_aggregation_kernel,"[16384, 256, 256, 1]",4096,uniform,128,128,4096,28,1,6,56,64,65,baseline,3.11.10,128,"[1536, 256, 1]",1,performance_shape_validation,[4096],[128],1,1,20260829,float32,0.09119556747428784,VALIDATED_FOR_MSPROF,,compact,msprof_op_task_duration_acceptance,dense,2.10.0.post4.dev20260715,2.10.0+cpu,4,3.2.0,4ed83e755ec0ed2b7f4675dc9cd790f3a2f8164f
full,c47f9bdcfb879eb73723521240a48a9bae99349d094a1fb82563535aabde82ec,4ed83e755ec0ed2b7f4675dc9cd790f3a2f8164f,"[64, 1]",64,native_NHD_then_page_head_token_dim_permute,a7dee0e77eec04063b09e30ffadbc546426deb74203e92e778deafe3ec464207,9.1.0,[4096],[128],full_dense_m128_kv4096_uniform_compact_tp4,True,npu:5,5,Ascend950PR_957b,,bfloat16,False,256,0.14199712313711643,paged_prefill_mid_q_grouped_kernel,"[16384, 256, 256, 1]",4096,uniform,128,128,4096,28,1,6,56,64,65,candidate,3.11.10,128,"[1536, 256, 1]",1,performance_shape_validation,[4096],[128],1,1,20260829,float32,0.09119556747428784,VALIDATED_FOR_MSPROF,,compact,msprof_op_task_duration_acceptance,dense,2.10.0.post4.dev20260715,2.10.0+cpu,4,3.2.0,4ed83e755ec0ed2b7f4675dc9cd790f3a2f8164f
swa,c47f9bdcfb879eb73723521240a48a9bae99349d094a1fb82563535aabde82ec,4ed83e755ec0ed2b7f4675dc9cd790f3a2f8164f,"[64, 1]",64,native_NHD_then_page_head_token_dim_permute,a7dee0e77eec04063b09e30ffadbc546426deb74203e92e778deafe3ec464207,9.1.0,[4096],[1],swa_dense_m1_kv4096_uniform_compact_tp4,True,npu:5,5,Ascend950PR_957b,,bfloat16,False,256,0.0,_swa_paged_prefill_aggregation_sink_kernel,"[16384, 256, 256, 1]",4096,uniform,1,1,4096,28,1,6,56,64,9,baseline,3.11.10,1,"[1536, 256, 1]",1,performance_shape_validation,[4096],[1],1,1,20260829,float32,0.09119556747428784,VALIDATED_FOR_MSPROF,511,compact,msprof_op_task_duration_acceptance,dense,2.10.0.post4.dev20260715,2.10.0+cpu,4,3.2.0,4ed83e755ec0ed2b7f4675dc9cd790f3a2f8164f
swa,c47f9bdcfb879eb73723521240a48a9bae99349d094a1fb82563535aabde82ec,4ed83e755ec0ed2b7f4675dc9cd790f3a2f8164f,"[64, 1]",64,native_NHD_then_page_head_token_dim_permute,a7dee0e77eec04063b09e30ffadbc546426deb74203e92e778deafe3ec464207,9.1.0,[4096],[1],swa_dense_m1_kv4096_uniform_compact_tp4,True,npu:5,5,Ascend950PR_957b,,bfloat16,False,256,0.0,_swa_paged_prefill_single_q_grouped_sink_kernel,"[16384, 256, 256, 1]",4096,uniform,1,1,4096,28,1,6,56,64,9,candidate,3.11.10,1,"[1536, 256, 1]",1,performance_shape_validation,[4096],[1],1,1,20260829,float32,0.09119556747428784,VALIDATED_FOR_MSPROF,511,compact,msprof_op_task_duration_acceptance,dense,2.10.0.post4.dev20260715,2.10.0+cpu,4,3.2.0,4ed83e755ec0ed2b7f4675dc9cd790f3a2f8164f
swa,c47f9bdcfb879eb73723521240a48a9bae99349d094a1fb82563535aabde82ec,4ed83e755ec0ed2b7f4675dc9cd790f3a2f8164f,"[64, 1]",64,native_NHD_then_page_head_token_dim_permute,a7dee0e77eec04063b09e30ffadbc546426deb74203e92e778deafe3ec464207,9.1.0,[4096],[2],swa_dense_m2_kv4096_uniform_compact_tp4,True,npu:5,5,Ascend950PR_957b,,bfloat16,False,256,0.0,_swa_paged_prefill_aggregation_sink_kernel,"[16384, 256, 256, 1]",4096,uniform,2,2,4096,28,1,6,56,64,10,baseline,3.11.10,2,"[1536, 256, 1]",1,performance_shape_validation,[4096],[2],1,1,20260829,float32,0.09119556747428784,VALIDATED_FOR_MSPROF,511,compact,msprof_op_task_duration_acceptance,dense,2.10.0.post4.dev20260715,2.10.0+cpu,4,3.2.0,4ed83e755ec0ed2b7f4675dc9cd790f3a2f8164f
swa,c47f9bdcfb879eb73723521240a48a9bae99349d094a1fb82563535aabde82ec,4ed83e755ec0ed2b7f4675dc9cd790f3a2f8164f,"[64, 1]",64,native_NHD_then_page_head_token_dim_permute,a7dee0e77eec04063b09e30ffadbc546426deb74203e92e778deafe3ec464207,9.1.0,[4096],[2],swa_dense_m2_kv4096_uniform_compact_tp4,True,npu:5,5,Ascend950PR_957b,,bfloat16,False,256,0.0,_swa_paged_prefill_small_q_grouped_sink_kernel,"[16384, 256, 256, 1]",4096,uniform,2,2,4096,28,1,6,56,64,10,candidate,3.11.10,2,"[1536, 256, 1]",1,performance_shape_validation,[4096],[2],1,1,20260829,float32,0.09119556747428784,VALIDATED_FOR_MSPROF,511,compact,msprof_op_task_duration_acceptance,dense,2.10.0.post4.dev20260715,2.10.0+cpu,4,3.2.0,4ed83e755ec0ed2b7f4675dc9cd790f3a2f8164f
swa,c47f9bdcfb879eb73723521240a48a9bae99349d094a1fb82563535aabde82ec,4ed83e755ec0ed2b7f4675dc9cd790f3a2f8164f,"[64, 1]",64,native_NHD_then_page_head_token_dim_permute,a7dee0e77eec04063b09e30ffadbc546426deb74203e92e778deafe3ec464207,9.1.0,[4096],[3],swa_dense_m3_kv4096_uniform_compact_tp4,True,npu:5,5,Ascend950PR_957b,,bfloat16,False,256,0.0,_swa_paged_prefill_aggregation_sink_kernel,"[16384, 256, 256, 1]",4096,uniform,3,3,4096,28,1,6,56,64,10,baseline,3.11.10,3,"[1536, 256, 1]",1,performance_shape_validation,[4096],[3],1,1,20260829,float32,0.09119556747428784,VALIDATED_FOR_MSPROF,511,compact,msprof_op_task_duration_acceptance,dense,2.10.0.post4.dev20260715,2.10.0+cpu,4,3.2.0,4ed83e755ec0ed2b7f4675dc9cd790f3a2f8164f
swa,c47f9bdcfb879eb73723521240a48a9bae99349d094a1fb82563535aabde82ec,4ed83e755ec0ed2b7f4675dc9cd790f3a2f8164f,"[64, 1]",64,native_NHD_then_page_head_token_dim_permute,a7dee0e77eec04063b09e30ffadbc546426deb74203e92e778deafe3ec464207,9.1.0,[4096],[3],swa_dense_m3_kv4096_uniform_compact_tp4,True,npu:5,5,Ascend950PR_957b,,bfloat16,False,256,0.0,_swa_paged_prefill_aggregation_sink_kernel,"[16384, 256, 256, 1]",4096,uniform,3,3,4096,28,1,6,56,64,10,candidate,3.11.10,3,"[1536, 256, 1]",1,performance_shape_validation,[4096],[3],1,1,20260829,float32,0.09119556747428784,VALIDATED_FOR_MSPROF,511,compact,msprof_op_task_duration_acceptance,dense,2.10.0.post4.dev20260715,2.10.0+cpu,4,3.2.0,4ed83e755ec0ed2b7f4675dc9cd790f3a2f8164f
swa,c47f9bdcfb879eb73723521240a48a9bae99349d094a1fb82563535aabde82ec,4ed83e755ec0ed2b7f4675dc9cd790f3a2f8164f,"[64, 1]",64,native_NHD_then_page_head_token_dim_permute,a7dee0e77eec04063b09e30ffadbc546426deb74203e92e778deafe3ec464207,9.1.0,[4096],[4],swa_dense_m4_kv4096_uniform_compact_tp4,True,npu:5,5,Ascend950PR_957b,,bfloat16,False,256,0.0,_swa_paged_prefill_aggregation_sink_kernel,"[16384, 256, 256, 1]",4096,uniform,4,4,4096,28,1,6,56,64,10,baseline,3.11.10,4,"[1536, 256, 1]",1,performance_shape_validation,[4096],[4],1,1,20260829,float32,0.09119556747428784,VALIDATED_FOR_MSPROF,511,compact,msprof_op_task_duration_acceptance,dense,2.10.0.post4.dev20260715,2.10.0+cpu,4,3.2.0,4ed83e755ec0ed2b7f4675dc9cd790f3a2f8164f
swa,c47f9bdcfb879eb73723521240a48a9bae99349d094a1fb82563535aabde82ec,4ed83e755ec0ed2b7f4675dc9cd790f3a2f8164f,"[64, 1]",64,native_NHD_then_page_head_token_dim_permute,a7dee0e77eec04063b09e30ffadbc546426deb74203e92e778deafe3ec464207,9.1.0,[4096],[4],swa_dense_m4_kv4096_uniform_compact_tp4,True,npu:5,5,Ascend950PR_957b,,bfloat16,False,256,0.0,_swa_paged_prefill_aggregation_sink_kernel,"[16384, 256, 256, 1]",4096,uniform,4,4,4096,28,1,6,56,64,10,candidate,3.11.10,4,"[1536, 256, 1]",1,performance_shape_validation,[4096],[4],1,1,20260829,float32,0.09119556747428784,VALIDATED_FOR_MSPROF,511,compact,msprof_op_task_duration_acceptance,dense,2.10.0.post4.dev20260715,2.10.0+cpu,4,3.2.0,4ed83e755ec0ed2b7f4675dc9cd790f3a2f8164f
swa,c47f9bdcfb879eb73723521240a48a9bae99349d094a1fb82563535aabde82ec,4ed83e755ec0ed2b7f4675dc9cd790f3a2f8164f,"[64, 1]",64,native_NHD_then_page_head_token_dim_permute,a7dee0e77eec04063b09e30ffadbc546426deb74203e92e778deafe3ec464207,9.1.0,[4096],[5],swa_dense_m5_kv4096_uniform_compact_tp4,True,npu:5,5,Ascend950PR_957b,,bfloat16,False,256,0.0,_swa_paged_prefill_aggregation_sink_kernel,"[16384, 256, 256, 1]",4096,uniform,5,5,4096,28,1,6,56,64,10,baseline,3.11.10,5,"[1536, 256, 1]",1,performance_shape_validation,[4096],[5],1,1,20260829,float32,0.09119556747428784,VALIDATED_FOR_MSPROF,511,compact,msprof_op_task_duration_acceptance,dense,2.10.0.post4.dev20260715,2.10.0+cpu,4,3.2.0,4ed83e755ec0ed2b7f4675dc9cd790f3a2f8164f
swa,c47f9bdcfb879eb73723521240a48a9bae99349d094a1fb82563535aabde82ec,4ed83e755ec0ed2b7f4675dc9cd790f3a2f8164f,"[64, 1]",64,native_NHD_then_page_head_token_dim_permute,a7dee0e77eec04063b09e30ffadbc546426deb74203e92e778deafe3ec464207,9.1.0,[4096],[5],swa_dense_m5_kv4096_uniform_compact_tp4,True,npu:5,5,Ascend950PR_957b,,bfloat16,False,256,0.0,_swa_paged_prefill_aggregation_sink_kernel,"[16384, 256, 256, 1]",4096,uniform,5,5,4096,28,1,6,56,64,10,candidate,3.11.10,5,"[1536, 256, 1]",1,performance_shape_validation,[4096],[5],1,1,20260829,float32,0.09119556747428784,VALIDATED_FOR_MSPROF,511,compact,msprof_op_task_duration_acceptance,dense,2.10.0.post4.dev20260715,2.10.0+cpu,4,3.2.0,4ed83e755ec0ed2b7f4675dc9cd790f3a2f8164f
swa,c47f9bdcfb879eb73723521240a48a9bae99349d094a1fb82563535aabde82ec,4ed83e755ec0ed2b7f4675dc9cd790f3a2f8164f,"[64, 1]",64,native_NHD_then_page_head_token_dim_permute,a7dee0e77eec04063b09e30ffadbc546426deb74203e92e778deafe3ec464207,9.1.0,[4096],[7],swa_dense_m7_kv4096_uniform_compact_tp4,True,npu:5,5,Ascend950PR_957b,,bfloat16,False,256,0.0,_swa_paged_prefill_aggregation_sink_kernel,"[16384, 256, 256, 1]",4096,uniform,7,7,4096,28,1,6,56,64,10,baseline,3.11.10,7,"[1536, 256, 1]",1,performance_shape_validation,[4096],[7],1,1,20260829,float32,0.09119556747428784,VALIDATED_FOR_MSPROF,511,compact,msprof_op_task_duration_acceptance,dense,2.10.0.post4.dev20260715,2.10.0+cpu,4,3.2.0,4ed83e755ec0ed2b7f4675dc9cd790f3a2f8164f
swa,c47f9bdcfb879eb73723521240a48a9bae99349d094a1fb82563535aabde82ec,4ed83e755ec0ed2b7f4675dc9cd790f3a2f8164f,"[64, 1]",64,native_NHD_then_page_head_token_dim_permute,a7dee0e77eec04063b09e30ffadbc546426deb74203e92e778deafe3ec464207,9.1.0,[4096],[7],swa_dense_m7_kv4096_uniform_compact_tp4,True,npu:5,5,Ascend950PR_957b,,bfloat16,False,256,0.0,_swa_paged_prefill_aggregation_sink_kernel,"[16384, 256, 256, 1]",4096,uniform,7,7,4096,28,1,6,56,64,10,candidate,3.11.10,7,"[1536, 256, 1]",1,performance_shape_validation,[4096],[7],1,1,20260829,float32,0.09119556747428784,VALIDATED_FOR_MSPROF,511,compact,msprof_op_task_duration_acceptance,dense,2.10.0.post4.dev20260715,2.10.0+cpu,4,3.2.0,4ed83e755ec0ed2b7f4675dc9cd790f3a2f8164f
swa,c47f9bdcfb879eb73723521240a48a9bae99349d094a1fb82563535aabde82ec,4ed83e755ec0ed2b7f4675dc9cd790f3a2f8164f,"[64, 1]",64,native_NHD_then_page_head_token_dim_permute,a7dee0e77eec04063b09e30ffadbc546426deb74203e92e778deafe3ec464207,9.1.0,[4096],[8],swa_dense_m8_kv4096_uniform_compact_tp4,True,npu:5,5,Ascend950PR_957b,,bfloat16,False,256,0.0,_swa_paged_prefill_aggregation_sink_kernel,"[16384, 256, 256, 1]",4096,uniform,8,8,4096,28,1,6,56,64,10,baseline,3.11.10,8,"[1536, 256, 1]",1,performance_shape_validation,[4096],[8],1,1,20260829,float32,0.09119556747428784,VALIDATED_FOR_MSPROF,511,compact,msprof_op_task_duration_acceptance,dense,2.10.0.post4.dev20260715,2.10.0+cpu,4,3.2.0,4ed83e755ec0ed2b7f4675dc9cd790f3a2f8164f
swa,c47f9bdcfb879eb73723521240a48a9bae99349d094a1fb82563535aabde82ec,4ed83e755ec0ed2b7f4675dc9cd790f3a2f8164f,"[64, 1]",64,native_NHD_then_page_head_token_dim_permute,a7dee0e77eec04063b09e30ffadbc546426deb74203e92e778deafe3ec464207,9.1.0,[4096],[8],swa_dense_m8_kv4096_uniform_compact_tp4,True,npu:5,5,Ascend950PR_957b,,bfloat16,False,256,0.0,_swa_paged_prefill_aggregation_sink_kernel,"[16384, 256, 256, 1]",4096,uniform,8,8,4096,28,1,6,56,64,10,candidate,3.11.10,8,"[1536, 256, 1]",1,performance_shape_validation,[4096],[8],1,1,20260829,float32,0.09119556747428784,VALIDATED_FOR_MSPROF,511,compact,msprof_op_task_duration_acceptance,dense,2.10.0.post4.dev20260715,2.10.0+cpu,4,3.2.0,4ed83e755ec0ed2b7f4675dc9cd790f3a2f8164f
swa,c47f9bdcfb879eb73723521240a48a9bae99349d094a1fb82563535aabde82ec,4ed83e755ec0ed2b7f4675dc9cd790f3a2f8164f,"[64, 1]",64,native_NHD_then_page_head_token_dim_permute,a7dee0e77eec04063b09e30ffadbc546426deb74203e92e778deafe3ec464207,9.1.0,[4096],[15],swa_dense_m15_kv4096_uniform_compact_tp4,True,npu:5,5,Ascend950PR_957b,,bfloat16,False,256,0.0,_swa_paged_prefill_aggregation_sink_kernel,"[16384, 256, 256, 1]",4096,uniform,15,15,4096,28,1,6,56,64,10,baseline,3.11.10,15,"[1536, 256, 1]",1,performance_shape_validation,[4096],[15],1,1,20260829,float32,0.09119556747428784,VALIDATED_FOR_MSPROF,511,compact,msprof_op_task_duration_acceptance,dense,2.10.0.post4.dev20260715,2.10.0+cpu,4,3.2.0,4ed83e755ec0ed2b7f4675dc9cd790f3a2f8164f
swa,c47f9bdcfb879eb73723521240a48a9bae99349d094a1fb82563535aabde82ec,4ed83e755ec0ed2b7f4675dc9cd790f3a2f8164f,"[64, 1]",64,native_NHD_then_page_head_token_dim_permute,a7dee0e77eec04063b09e30ffadbc546426deb74203e92e778deafe3ec464207,9.1.0,[4096],[15],swa_dense_m15_kv4096_uniform_compact_tp4,True,npu:5,5,Ascend950PR_957b,,bfloat16,False,256,0.0,_swa_paged_prefill_aggregation_sink_kernel,"[16384, 256, 256, 1]",4096,uniform,15,15,4096,28,1,6,56,64,10,candidate,3.11.10,15,"[1536, 256, 1]",1,performance_shape_validation,[4096],[15],1,1,20260829,float32,0.09119556747428784,VALIDATED_FOR_MSPROF,511,compact,msprof_op_task_duration_acceptance,dense,2.10.0.post4.dev20260715,2.10.0+cpu,4,3.2.0,4ed83e755ec0ed2b7f4675dc9cd790f3a2f8164f
swa,c47f9bdcfb879eb73723521240a48a9bae99349d094a1fb82563535aabde82ec,4ed83e755ec0ed2b7f4675dc9cd790f3a2f8164f,"[64, 1]",64,native_NHD_then_page_head_token_dim_permute,a7dee0e77eec04063b09e30ffadbc546426deb74203e92e778deafe3ec464207,9.1.0,[4096],[16],swa_dense_m16_kv4096_uniform_compact_tp4,True,npu:5,5,Ascend950PR_957b,,bfloat16,False,256,0.0,_swa_paged_prefill_aggregation_sink_kernel,"[16384, 256, 256, 1]",4096,uniform,16,16,4096,28,1,6,56,64,10,baseline,3.11.10,16,"[1536, 256, 1]",1,performance_shape_validation,[4096],[16],1,1,20260829,float32,0.09119556747428784,VALIDATED_FOR_MSPROF,511,compact,msprof_op_task_duration_acceptance,dense,2.10.0.post4.dev20260715,2.10.0+cpu,4,3.2.0,4ed83e755ec0ed2b7f4675dc9cd790f3a2f8164f
swa,c47f9bdcfb879eb73723521240a48a9bae99349d094a1fb82563535aabde82ec,4ed83e755ec0ed2b7f4675dc9cd790f3a2f8164f,"[64, 1]",64,native_NHD_then_page_head_token_dim_permute,a7dee0e77eec04063b09e30ffadbc546426deb74203e92e778deafe3ec464207,9.1.0,[4096],[16],swa_dense_m16_kv4096_uniform_compact_tp4,True,npu:5,5,Ascend950PR_957b,,bfloat16,False,256,0.0,_swa_paged_prefill_aggregation_sink_kernel,"[16384, 256, 256, 1]",4096,uniform,16,16,4096,28,1,6,56,64,10,candidate,3.11.10,16,"[1536, 256, 1]",1,performance_shape_validation,[4096],[16],1,1,20260829,float32,0.09119556747428784,VALIDATED_FOR_MSPROF,511,compact,msprof_op_task_duration_acceptance,dense,2.10.0.post4.dev20260715,2.10.0+cpu,4,3.2.0,4ed83e755ec0ed2b7f4675dc9cd790f3a2f8164f
swa,c47f9bdcfb879eb73723521240a48a9bae99349d094a1fb82563535aabde82ec,4ed83e755ec0ed2b7f4675dc9cd790f3a2f8164f,"[64, 1]",64,native_NHD_then_page_head_token_dim_permute,a7dee0e77eec04063b09e30ffadbc546426deb74203e92e778deafe3ec464207,9.1.0,[4096],[17],swa_dense_m17_kv4096_uniform_compact_tp4,True,npu:5,5,Ascend950PR_957b,,bfloat16,False,256,0.0,_swa_paged_prefill_aggregation_sink_kernel,"[16384, 256, 256, 1]",4096,uniform,17,17,4096,28,1,6,56,64,10,baseline,3.11.10,17,"[1536, 256, 1]",1,performance_shape_validation,[4096],[17],1,1,20260829,float32,0.09119556747428784,VALIDATED_FOR_MSPROF,511,compact,msprof_op_task_duration_acceptance,dense,2.10.0.post4.dev20260715,2.10.0+cpu,4,3.2.0,4ed83e755ec0ed2b7f4675dc9cd790f3a2f8164f
swa,c47f9bdcfb879eb73723521240a48a9bae99349d094a1fb82563535aabde82ec,4ed83e755ec0ed2b7f4675dc9cd790f3a2f8164f,"[64, 1]",64,native_NHD_then_page_head_token_dim_permute,a7dee0e77eec04063b09e30ffadbc546426deb74203e92e778deafe3ec464207,9.1.0,[4096],[17],swa_dense_m17_kv4096_uniform_compact_tp4,True,npu:5,5,Ascend950PR_957b,,bfloat16,False,256,0.0,_swa_paged_prefill_aggregation_sink_kernel,"[16384, 256, 256, 1]",4096,uniform,17,17,4096,28,1,6,56,64,10,candidate,3.11.10,17,"[1536, 256, 1]",1,performance_shape_validation,[4096],[17],1,1,20260829,float32,0.09119556747428784,VALIDATED_FOR_MSPROF,511,compact,msprof_op_task_duration_acceptance,dense,2.10.0.post4.dev20260715,2.10.0+cpu,4,3.2.0,4ed83e755ec0ed2b7f4675dc9cd790f3a2f8164f
swa,c47f9bdcfb879eb73723521240a48a9bae99349d094a1fb82563535aabde82ec,4ed83e755ec0ed2b7f4675dc9cd790f3a2f8164f,"[64, 1]",64,native_NHD_then_page_head_token_dim_permute,a7dee0e77eec04063b09e30ffadbc546426deb74203e92e778deafe3ec464207,9.1.0,[4096],[23],swa_dense_m23_kv4096_uniform_compact_tp4,True,npu:5,5,Ascend950PR_957b,,bfloat16,False,256,0.0,_swa_paged_prefill_aggregation_sink_kernel,"[16384, 256, 256, 1]",4096,uniform,23,23,4096,28,1,6,56,64,10,baseline,3.11.10,23,"[1536, 256, 1]",1,performance_shape_validation,[4096],[23],1,1,20260829,float32,0.09119556747428784,VALIDATED_FOR_MSPROF,511,compact,msprof_op_task_duration_acceptance,dense,2.10.0.post4.dev20260715,2.10.0+cpu,4,3.2.0,4ed83e755ec0ed2b7f4675dc9cd790f3a2f8164f
swa,c47f9bdcfb879eb73723521240a48a9bae99349d094a1fb82563535aabde82ec,4ed83e755ec0ed2b7f4675dc9cd790f3a2f8164f,"[64, 1]",64,native_NHD_then_page_head_token_dim_permute,a7dee0e77eec04063b09e30ffadbc546426deb74203e92e778deafe3ec464207,9.1.0,[4096],[23],swa_dense_m23_kv4096_uniform_compact_tp4,True,npu:5,5,Ascend950PR_957b,,bfloat16,False,256,0.0,_swa_paged_prefill_aggregation_sink_kernel,"[16384, 256, 256, 1]",4096,uniform,23,23,4096,28,1,6,56,64,10,candidate,3.11.10,23,"[1536, 256, 1]",1,performance_shape_validation,[4096],[23],1,1,20260829,float32,0.09119556747428784,VALIDATED_FOR_MSPROF,511,compact,msprof_op_task_duration_acceptance,dense,2.10.0.post4.dev20260715,2.10.0+cpu,4,3.2.0,4ed83e755ec0ed2b7f4675dc9cd790f3a2f8164f
swa,c47f9bdcfb879eb73723521240a48a9bae99349d094a1fb82563535aabde82ec,4ed83e755ec0ed2b7f4675dc9cd790f3a2f8164f,"[64, 1]",64,native_NHD_then_page_head_token_dim_permute,a7dee0e77eec04063b09e30ffadbc546426deb74203e92e778deafe3ec464207,9.1.0,[4096],[31],swa_dense_m31_kv4096_uniform_compact_tp4,True,npu:5,5,Ascend950PR_957b,,bfloat16,False,256,0.0,_swa_paged_prefill_aggregation_sink_kernel,"[16384, 256, 256, 1]",4096,uniform,31,31,4096,28,1,6,56,64,10,baseline,3.11.10,31,"[1536, 256, 1]",1,performance_shape_validation,[4096],[31],1,1,20260829,float32,0.09119556747428784,VALIDATED_FOR_MSPROF,511,compact,msprof_op_task_duration_acceptance,dense,2.10.0.post4.dev20260715,2.10.0+cpu,4,3.2.0,4ed83e755ec0ed2b7f4675dc9cd790f3a2f8164f
swa,c47f9bdcfb879eb73723521240a48a9bae99349d094a1fb82563535aabde82ec,4ed83e755ec0ed2b7f4675dc9cd790f3a2f8164f,"[64, 1]",64,native_NHD_then_page_head_token_dim_permute,a7dee0e77eec04063b09e30ffadbc546426deb74203e92e778deafe3ec464207,9.1.0,[4096],[31],swa_dense_m31_kv4096_uniform_compact_tp4,True,npu:5,5,Ascend950PR_957b,,bfloat16,False,256,0.0,_swa_paged_prefill_aggregation_sink_kernel,"[16384, 256, 256, 1]",4096,uniform,31,31,4096,28,1,6,56,64,10,candidate,3.11.10,31,"[1536, 256, 1]",1,performance_shape_validation,[4096],[31],1,1,20260829,float32,0.09119556747428784,VALIDATED_FOR_MSPROF,511,compact,msprof_op_task_duration_acceptance,dense,2.10.0.post4.dev20260715,2.10.0+cpu,4,3.2.0,4ed83e755ec0ed2b7f4675dc9cd790f3a2f8164f
swa,c47f9bdcfb879eb73723521240a48a9bae99349d094a1fb82563535aabde82ec,4ed83e755ec0ed2b7f4675dc9cd790f3a2f8164f,"[64, 1]",64,native_NHD_then_page_head_token_dim_permute,a7dee0e77eec04063b09e30ffadbc546426deb74203e92e778deafe3ec464207,9.1.0,[4096],[32],swa_dense_m32_kv4096_uniform_compact_tp4,True,npu:5,5,Ascend950PR_957b,,bfloat16,False,256,0.0,_swa_paged_prefill_aggregation_sink_kernel,"[16384, 256, 256, 1]",4096,uniform,32,32,4096,28,1,6,56,64,10,baseline,3.11.10,32,"[1536, 256, 1]",1,performance_shape_validation,[4096],[32],1,1,20260829,float32,0.09119556747428784,VALIDATED_FOR_MSPROF,511,compact,msprof_op_task_duration_acceptance,dense,2.10.0.post4.dev20260715,2.10.0+cpu,4,3.2.0,4ed83e755ec0ed2b7f4675dc9cd790f3a2f8164f
swa,c47f9bdcfb879eb73723521240a48a9bae99349d094a1fb82563535aabde82ec,4ed83e755ec0ed2b7f4675dc9cd790f3a2f8164f,"[64, 1]",64,native_NHD_then_page_head_token_dim_permute,a7dee0e77eec04063b09e30ffadbc546426deb74203e92e778deafe3ec464207,9.1.0,[4096],[32],swa_dense_m32_kv4096_uniform_compact_tp4,True,npu:5,5,Ascend950PR_957b,,bfloat16,False,256,0.0,_swa_paged_prefill_aggregation_sink_kernel,"[16384, 256, 256, 1]",4096,uniform,32,32,4096,28,1,6,56,64,10,candidate,3.11.10,32,"[1536, 256, 1]",1,performance_shape_validation,[4096],[32],1,1,20260829,float32,0.09119556747428784,VALIDATED_FOR_MSPROF,511,compact,msprof_op_task_duration_acceptance,dense,2.10.0.post4.dev20260715,2.10.0+cpu,4,3.2.0,4ed83e755ec0ed2b7f4675dc9cd790f3a2f8164f
swa,c47f9bdcfb879eb73723521240a48a9bae99349d094a1fb82563535aabde82ec,4ed83e755ec0ed2b7f4675dc9cd790f3a2f8164f,"[64, 1]",64,native_NHD_then_page_head_token_dim_permute,a7dee0e77eec04063b09e30ffadbc546426deb74203e92e778deafe3ec464207,9.1.0,[4096],[33],swa_dense_m33_kv4096_uniform_compact_tp4,True,npu:5,5,Ascend950PR_957b,,bfloat16,False,256,0.0,_swa_paged_prefill_aggregation_sink_kernel,"[16384, 256, 256, 1]",4096,uniform,33,33,4096,28,1,6,56,64,10,baseline,3.11.10,33,"[1536, 256, 1]",1,performance_shape_validation,[4096],[33],1,1,20260829,float32,0.09119556747428784,VALIDATED_FOR_MSPROF,511,compact,msprof_op_task_duration_acceptance,dense,2.10.0.post4.dev20260715,2.10.0+cpu,4,3.2.0,4ed83e755ec0ed2b7f4675dc9cd790f3a2f8164f
swa,c47f9bdcfb879eb73723521240a48a9bae99349d094a1fb82563535aabde82ec,4ed83e755ec0ed2b7f4675dc9cd790f3a2f8164f,"[64, 1]",64,native_NHD_then_page_head_token_dim_permute,a7dee0e77eec04063b09e30ffadbc546426deb74203e92e778deafe3ec464207,9.1.0,[4096],[33],swa_dense_m33_kv4096_uniform_compact_tp4,True,npu:5,5,Ascend950PR_957b,,bfloat16,False,256,0.0,_swa_paged_prefill_aggregation_sink_kernel,"[16384, 256, 256, 1]",4096,uniform,33,33,4096,28,1,6,56,64,10,candidate,3.11.10,33,"[1536, 256, 1]",1,performance_shape_validation,[4096],[33],1,1,20260829,float32,0.09119556747428784,VALIDATED_FOR_MSPROF,511,compact,msprof_op_task_duration_acceptance,dense,2.10.0.post4.dev20260715,2.10.0+cpu,4,3.2.0,4ed83e755ec0ed2b7f4675dc9cd790f3a2f8164f
swa,c47f9bdcfb879eb73723521240a48a9bae99349d094a1fb82563535aabde82ec,4ed83e755ec0ed2b7f4675dc9cd790f3a2f8164f,"[64, 1]",64,native_NHD_then_page_head_token_dim_permute,a7dee0e77eec04063b09e30ffadbc546426deb74203e92e778deafe3ec464207,9.1.0,[4096],[37],swa_dense_m37_kv4096_uniform_compact_tp4,True,npu:5,5,Ascend950PR_957b,,bfloat16,False,256,0.0,_swa_paged_prefill_aggregation_sink_kernel,"[16384, 256, 256, 1]",4096,uniform,37,37,4096,28,1,6,56,64,10,baseline,3.11.10,37,"[1536, 256, 1]",1,performance_shape_validation,[4096],[37],1,1,20260829,float32,0.09119556747428784,VALIDATED_FOR_MSPROF,511,compact,msprof_op_task_duration_acceptance,dense,2.10.0.post4.dev20260715,2.10.0+cpu,4,3.2.0,4ed83e755ec0ed2b7f4675dc9cd790f3a2f8164f
swa,c47f9bdcfb879eb73723521240a48a9bae99349d094a1fb82563535aabde82ec,4ed83e755ec0ed2b7f4675dc9cd790f3a2f8164f,"[64, 1]",64,native_NHD_then_page_head_token_dim_permute,a7dee0e77eec04063b09e30ffadbc546426deb74203e92e778deafe3ec464207,9.1.0,[4096],[37],swa_dense_m37_kv4096_uniform_compact_tp4,True,npu:5,5,Ascend950PR_957b,,bfloat16,False,256,0.0,_swa_paged_prefill_aggregation_sink_kernel,"[16384, 256, 256, 1]",4096,uniform,37,37,4096,28,1,6,56,64,10,candidate,3.11.10,37,"[1536, 256, 1]",1,performance_shape_validation,[4096],[37],1,1,20260829,float32,0.09119556747428784,VALIDATED_FOR_MSPROF,511,compact,msprof_op_task_duration_acceptance,dense,2.10.0.post4.dev20260715,2.10.0+cpu,4,3.2.0,4ed83e755ec0ed2b7f4675dc9cd790f3a2f8164f
swa,c47f9bdcfb879eb73723521240a48a9bae99349d094a1fb82563535aabde82ec,4ed83e755ec0ed2b7f4675dc9cd790f3a2f8164f,"[64, 1]",64,native_NHD_then_page_head_token_dim_permute,a7dee0e77eec04063b09e30ffadbc546426deb74203e92e778deafe3ec464207,9.1.0,[4096],[47],swa_dense_m47_kv4096_uniform_compact_tp4,True,npu:5,5,Ascend950PR_957b,,bfloat16,False,256,0.0,_swa_paged_prefill_aggregation_sink_kernel,"[16384, 256, 256, 1]",4096,uniform,47,47,4096,28,1,6,56,64,10,baseline,3.11.10,47,"[1536, 256, 1]",1,performance_shape_validation,[4096],[47],1,1,20260829,float32,0.09119556747428784,VALIDATED_FOR_MSPROF,511,compact,msprof_op_task_duration_acceptance,dense,2.10.0.post4.dev20260715,2.10.0+cpu,4,3.2.0,4ed83e755ec0ed2b7f4675dc9cd790f3a2f8164f
swa,c47f9bdcfb879eb73723521240a48a9bae99349d094a1fb82563535aabde82ec,4ed83e755ec0ed2b7f4675dc9cd790f3a2f8164f,"[64, 1]",64,native_NHD_then_page_head_token_dim_permute,a7dee0e77eec04063b09e30ffadbc546426deb74203e92e778deafe3ec464207,9.1.0,[4096],[47],swa_dense_m47_kv4096_uniform_compact_tp4,True,npu:5,5,Ascend950PR_957b,,bfloat16,False,256,0.0,_swa_paged_prefill_aggregation_sink_kernel,"[16384, 256, 256, 1]",4096,uniform,47,47,4096,28,1,6,56,64,10,candidate,3.11.10,47,"[1536, 256, 1]",1,performance_shape_validation,[4096],[47],1,1,20260829,float32,0.09119556747428784,VALIDATED_FOR_MSPROF,511,compact,msprof_op_task_duration_acceptance,dense,2.10.0.post4.dev20260715,2.10.0+cpu,4,3.2.0,4ed83e755ec0ed2b7f4675dc9cd790f3a2f8164f
swa,c47f9bdcfb879eb73723521240a48a9bae99349d094a1fb82563535aabde82ec,4ed83e755ec0ed2b7f4675dc9cd790f3a2f8164f,"[64, 1]",64,native_NHD_then_page_head_token_dim_permute,a7dee0e77eec04063b09e30ffadbc546426deb74203e92e778deafe3ec464207,9.1.0,[4096],[48],swa_dense_m48_kv4096_uniform_compact_tp4,True,npu:5,5,Ascend950PR_957b,,bfloat16,False,256,0.0,_swa_paged_prefill_aggregation_sink_kernel,"[16384, 256, 256, 1]",4096,uniform,48,48,4096,28,1,6,56,64,10,baseline,3.11.10,48,"[1536, 256, 1]",1,performance_shape_validation,[4096],[48],1,1,20260829,float32,0.09119556747428784,VALIDATED_FOR_MSPROF,511,compact,msprof_op_task_duration_acceptance,dense,2.10.0.post4.dev20260715,2.10.0+cpu,4,3.2.0,4ed83e755ec0ed2b7f4675dc9cd790f3a2f8164f
swa,c47f9bdcfb879eb73723521240a48a9bae99349d094a1fb82563535aabde82ec,4ed83e755ec0ed2b7f4675dc9cd790f3a2f8164f,"[64, 1]",64,native_NHD_then_page_head_token_dim_permute,a7dee0e77eec04063b09e30ffadbc546426deb74203e92e778deafe3ec464207,9.1.0,[4096],[48],swa_dense_m48_kv4096_uniform_compact_tp4,True,npu:5,5,Ascend950PR_957b,,bfloat16,False,256,0.0,_swa_paged_prefill_aggregation_sink_kernel,"[16384, 256, 256, 1]",4096,uniform,48,48,4096,28,1,6,56,64,10,candidate,3.11.10,48,"[1536, 256, 1]",1,performance_shape_validation,[4096],[48],1,1,20260829,float32,0.09119556747428784,VALIDATED_FOR_MSPROF,511,compact,msprof_op_task_duration_acceptance,dense,2.10.0.post4.dev20260715,2.10.0+cpu,4,3.2.0,4ed83e755ec0ed2b7f4675dc9cd790f3a2f8164f
swa,c47f9bdcfb879eb73723521240a48a9bae99349d094a1fb82563535aabde82ec,4ed83e755ec0ed2b7f4675dc9cd790f3a2f8164f,"[64, 1]",64,native_NHD_then_page_head_token_dim_permute,a7dee0e77eec04063b09e30ffadbc546426deb74203e92e778deafe3ec464207,9.1.0,[4096],[49],swa_dense_m49_kv4096_uniform_compact_tp4,True,npu:5,5,Ascend950PR_957b,,bfloat16,False,256,0.0,_swa_paged_prefill_aggregation_sink_kernel,"[16384, 256, 256, 1]",4096,uniform,49,49,4096,28,1,6,56,64,10,baseline,3.11.10,49,"[1536, 256, 1]",1,performance_shape_validation,[4096],[49],1,1,20260829,float32,0.09119556747428784,VALIDATED_FOR_MSPROF,511,compact,msprof_op_task_duration_acceptance,dense,2.10.0.post4.dev20260715,2.10.0+cpu,4,3.2.0,4ed83e755ec0ed2b7f4675dc9cd790f3a2f8164f
swa,c47f9bdcfb879eb73723521240a48a9bae99349d094a1fb82563535aabde82ec,4ed83e755ec0ed2b7f4675dc9cd790f3a2f8164f,"[64, 1]",64,native_NHD_then_page_head_token_dim_permute,a7dee0e77eec04063b09e30ffadbc546426deb74203e92e778deafe3ec464207,9.1.0,[4096],[49],swa_dense_m49_kv4096_uniform_compact_tp4,True,npu:5,5,Ascend950PR_957b,,bfloat16,False,256,0.0,_swa_paged_prefill_aggregation_sink_kernel,"[16384, 256, 256, 1]",4096,uniform,49,49,4096,28,1,6,56,64,10,candidate,3.11.10,49,"[1536, 256, 1]",1,performance_shape_validation,[4096],[49],1,1,20260829,float32,0.09119556747428784,VALIDATED_FOR_MSPROF,511,compact,msprof_op_task_duration_acceptance,dense,2.10.0.post4.dev20260715,2.10.0+cpu,4,3.2.0,4ed83e755ec0ed2b7f4675dc9cd790f3a2f8164f
swa,c47f9bdcfb879eb73723521240a48a9bae99349d094a1fb82563535aabde82ec,4ed83e755ec0ed2b7f4675dc9cd790f3a2f8164f,"[64, 1]",64,native_NHD_then_page_head_token_dim_permute,a7dee0e77eec04063b09e30ffadbc546426deb74203e92e778deafe3ec464207,9.1.0,[4096],[63],swa_dense_m63_kv4096_uniform_compact_tp4,True,npu:5,5,Ascend950PR_957b,,bfloat16,False,256,0.0,_swa_paged_prefill_aggregation_sink_kernel,"[16384, 256, 256, 1]",4096,uniform,63,63,4096,28,1,6,56,64,10,baseline,3.11.10,63,"[1536, 256, 1]",1,performance_shape_validation,[4096],[63],1,1,20260829,float32,0.09119556747428784,VALIDATED_FOR_MSPROF,511,compact,msprof_op_task_duration_acceptance,dense,2.10.0.post4.dev20260715,2.10.0+cpu,4,3.2.0,4ed83e755ec0ed2b7f4675dc9cd790f3a2f8164f
swa,c47f9bdcfb879eb73723521240a48a9bae99349d094a1fb82563535aabde82ec,4ed83e755ec0ed2b7f4675dc9cd790f3a2f8164f,"[64, 1]",64,native_NHD_then_page_head_token_dim_permute,a7dee0e77eec04063b09e30ffadbc546426deb74203e92e778deafe3ec464207,9.1.0,[4096],[63],swa_dense_m63_kv4096_uniform_compact_tp4,True,npu:5,5,Ascend950PR_957b,,bfloat16,False,256,0.0,_swa_paged_prefill_aggregation_sink_kernel,"[16384, 256, 256, 1]",4096,uniform,63,63,4096,28,1,6,56,64,10,candidate,3.11.10,63,"[1536, 256, 1]",1,performance_shape_validation,[4096],[63],1,1,20260829,float32,0.09119556747428784,VALIDATED_FOR_MSPROF,511,compact,msprof_op_task_duration_acceptance,dense,2.10.0.post4.dev20260715,2.10.0+cpu,4,3.2.0,4ed83e755ec0ed2b7f4675dc9cd790f3a2f8164f
swa,c47f9bdcfb879eb73723521240a48a9bae99349d094a1fb82563535aabde82ec,4ed83e755ec0ed2b7f4675dc9cd790f3a2f8164f,"[64, 1]",64,native_NHD_then_page_head_token_dim_permute,a7dee0e77eec04063b09e30ffadbc546426deb74203e92e778deafe3ec464207,9.1.0,[4096],[64],swa_dense_m64_kv4096_uniform_compact_tp4,True,npu:5,5,Ascend950PR_957b,,bfloat16,False,256,0.0,_swa_paged_prefill_aggregation_sink_kernel,"[16384, 256, 256, 1]",4096,uniform,64,64,4096,28,1,6,56,64,10,baseline,3.11.10,64,"[1536, 256, 1]",1,performance_shape_validation,[4096],[64],1,1,20260829,float32,0.09119556747428784,VALIDATED_FOR_MSPROF,511,compact,msprof_op_task_duration_acceptance,dense,2.10.0.post4.dev20260715,2.10.0+cpu,4,3.2.0,4ed83e755ec0ed2b7f4675dc9cd790f3a2f8164f
swa,c47f9bdcfb879eb73723521240a48a9bae99349d094a1fb82563535aabde82ec,4ed83e755ec0ed2b7f4675dc9cd790f3a2f8164f,"[64, 1]",64,native_NHD_then_page_head_token_dim_permute,a7dee0e77eec04063b09e30ffadbc546426deb74203e92e778deafe3ec464207,9.1.0,[4096],[64],swa_dense_m64_kv4096_uniform_compact_tp4,True,npu:5,5,Ascend950PR_957b,,bfloat16,False,256,0.0,_swa_paged_prefill_aggregation_sink_kernel,"[16384, 256, 256, 1]",4096,uniform,64,64,4096,28,1,6,56,64,10,candidate,3.11.10,64,"[1536, 256, 1]",1,performance_shape_validation,[4096],[64],1,1,20260829,float32,0.09119556747428784,VALIDATED_FOR_MSPROF,511,compact,msprof_op_task_duration_acceptance,dense,2.10.0.post4.dev20260715,2.10.0+cpu,4,3.2.0,4ed83e755ec0ed2b7f4675dc9cd790f3a2f8164f
swa,c47f9bdcfb879eb73723521240a48a9bae99349d094a1fb82563535aabde82ec,4ed83e755ec0ed2b7f4675dc9cd790f3a2f8164f,"[64, 1]",64,native_NHD_then_page_head_token_dim_permute,a7dee0e77eec04063b09e30ffadbc546426deb74203e92e778deafe3ec464207,9.1.0,[4096],[65],swa_dense_m65_kv4096_uniform_compact_tp4,True,npu:5,5,Ascend950PR_957b,,bfloat16,False,256,0.0,_swa_paged_prefill_aggregation_sink_kernel,"[16384, 256, 256, 1]",4096,uniform,65,65,4096,28,1,6,56,64,10,baseline,3.11.10,65,"[1536, 256, 1]",1,performance_shape_validation,[4096],[65],1,1,20260829,float32,0.09119556747428784,VALIDATED_FOR_MSPROF,511,compact,msprof_op_task_duration_acceptance,dense,2.10.0.post4.dev20260715,2.10.0+cpu,4,3.2.0,4ed83e755ec0ed2b7f4675dc9cd790f3a2f8164f
swa,c47f9bdcfb879eb73723521240a48a9bae99349d094a1fb82563535aabde82ec,4ed83e755ec0ed2b7f4675dc9cd790f3a2f8164f,"[64, 1]",64,native_NHD_then_page_head_token_dim_permute,a7dee0e77eec04063b09e30ffadbc546426deb74203e92e778deafe3ec464207,9.1.0,[4096],[65],swa_dense_m65_kv4096_uniform_compact_tp4,True,npu:5,5,Ascend950PR_957b,,bfloat16,False,256,0.0,_swa_paged_prefill_aggregation_sink_kernel,"[16384, 256, 256, 1]",4096,uniform,65,65,4096,28,1,6,56,64,10,candidate,3.11.10,65,"[1536, 256, 1]",1,performance_shape_validation,[4096],[65],1,1,20260829,float32,0.09119556747428784,VALIDATED_FOR_MSPROF,511,compact,msprof_op_task_duration_acceptance,dense,2.10.0.post4.dev20260715,2.10.0+cpu,4,3.2.0,4ed83e755ec0ed2b7f4675dc9cd790f3a2f8164f
swa,c47f9bdcfb879eb73723521240a48a9bae99349d094a1fb82563535aabde82ec,4ed83e755ec0ed2b7f4675dc9cd790f3a2f8164f,"[64, 1]",64,native_NHD_then_page_head_token_dim_permute,a7dee0e77eec04063b09e30ffadbc546426deb74203e92e778deafe3ec464207,9.1.0,[4096],[73],swa_dense_m73_kv4096_uniform_compact_tp4,True,npu:5,5,Ascend950PR_957b,,bfloat16,False,256,0.0,_swa_paged_prefill_aggregation_sink_kernel,"[16384, 256, 256, 1]",4096,uniform,73,73,4096,28,1,6,56,64,11,baseline,3.11.10,73,"[1536, 256, 1]",1,performance_shape_validation,[4096],[73],1,1,20260829,float32,0.09119556747428784,VALIDATED_FOR_MSPROF,511,compact,msprof_op_task_duration_acceptance,dense,2.10.0.post4.dev20260715,2.10.0+cpu,4,3.2.0,4ed83e755ec0ed2b7f4675dc9cd790f3a2f8164f
swa,c47f9bdcfb879eb73723521240a48a9bae99349d094a1fb82563535aabde82ec,4ed83e755ec0ed2b7f4675dc9cd790f3a2f8164f,"[64, 1]",64,native_NHD_then_page_head_token_dim_permute,a7dee0e77eec04063b09e30ffadbc546426deb74203e92e778deafe3ec464207,9.1.0,[4096],[73],swa_dense_m73_kv4096_uniform_compact_tp4,True,npu:5,5,Ascend950PR_957b,,bfloat16,False,256,0.0,_swa_paged_prefill_aggregation_sink_kernel,"[16384, 256, 256, 1]",4096,uniform,73,73,4096,28,1,6,56,64,11,candidate,3.11.10,73,"[1536, 256, 1]",1,performance_shape_validation,[4096],[73],1,1,20260829,float32,0.09119556747428784,VALIDATED_FOR_MSPROF,511,compact,msprof_op_task_duration_acceptance,dense,2.10.0.post4.dev20260715,2.10.0+cpu,4,3.2.0,4ed83e755ec0ed2b7f4675dc9cd790f3a2f8164f
swa,c47f9bdcfb879eb73723521240a48a9bae99349d094a1fb82563535aabde82ec,4ed83e755ec0ed2b7f4675dc9cd790f3a2f8164f,"[64, 1]",64,native_NHD_then_page_head_token_dim_permute,a7dee0e77eec04063b09e30ffadbc546426deb74203e92e778deafe3ec464207,9.1.0,[4096],[95],swa_dense_m95_kv4096_uniform_compact_tp4,True,npu:5,5,Ascend950PR_957b,,bfloat16,False,256,0.0,_swa_paged_prefill_aggregation_sink_kernel,"[16384, 256, 256, 1]",4096,uniform,95,95,4096,28,1,6,56,64,11,baseline,3.11.10,95,"[1536, 256, 1]",1,performance_shape_validation,[4096],[95],1,1,20260829,float32,0.09119556747428784,VALIDATED_FOR_MSPROF,511,compact,msprof_op_task_duration_acceptance,dense,2.10.0.post4.dev20260715,2.10.0+cpu,4,3.2.0,4ed83e755ec0ed2b7f4675dc9cd790f3a2f8164f
swa,c47f9bdcfb879eb73723521240a48a9bae99349d094a1fb82563535aabde82ec,4ed83e755ec0ed2b7f4675dc9cd790f3a2f8164f,"[64, 1]",64,native_NHD_then_page_head_token_dim_permute,a7dee0e77eec04063b09e30ffadbc546426deb74203e92e778deafe3ec464207,9.1.0,[4096],[95],swa_dense_m95_kv4096_uniform_compact_tp4,True,npu:5,5,Ascend950PR_957b,,bfloat16,False,256,0.0,_swa_paged_prefill_aggregation_sink_kernel,"[16384, 256, 256, 1]",4096,uniform,95,95,4096,28,1,6,56,64,11,candidate,3.11.10,95,"[1536, 256, 1]",1,performance_shape_validation,[4096],[95],1,1,20260829,float32,0.09119556747428784,VALIDATED_FOR_MSPROF,511,compact,msprof_op_task_duration_acceptance,dense,2.10.0.post4.dev20260715,2.10.0+cpu,4,3.2.0,4ed83e755ec0ed2b7f4675dc9cd790f3a2f8164f
swa,c47f9bdcfb879eb73723521240a48a9bae99349d094a1fb82563535aabde82ec,4ed83e755ec0ed2b7f4675dc9cd790f3a2f8164f,"[64, 1]",64,native_NHD_then_page_head_token_dim_permute,a7dee0e77eec04063b09e30ffadbc546426deb74203e92e778deafe3ec464207,9.1.0,[4096],[111],swa_dense_m111_kv4096_uniform_compact_tp4,True,npu:5,5,Ascend950PR_957b,,bfloat16,False,256,0.0,_swa_paged_prefill_aggregation_sink_kernel,"[16384, 256, 256, 1]",4096,uniform,111,111,4096,28,1,6,56,64,11,baseline,3.11.10,111,"[1536, 256, 1]",1,performance_shape_validation,[4096],[111],1,1,20260829,float32,0.09119556747428784,VALIDATED_FOR_MSPROF,511,compact,msprof_op_task_duration_acceptance,dense,2.10.0.post4.dev20260715,2.10.0+cpu,4,3.2.0,4ed83e755ec0ed2b7f4675dc9cd790f3a2f8164f
swa,c47f9bdcfb879eb73723521240a48a9bae99349d094a1fb82563535aabde82ec,4ed83e755ec0ed2b7f4675dc9cd790f3a2f8164f,"[64, 1]",64,native_NHD_then_page_head_token_dim_permute,a7dee0e77eec04063b09e30ffadbc546426deb74203e92e778deafe3ec464207,9.1.0,[4096],[111],swa_dense_m111_kv4096_uniform_compact_tp4,True,npu:5,5,Ascend950PR_957b,,bfloat16,False,256,0.0,_swa_paged_prefill_aggregation_sink_kernel,"[16384, 256, 256, 1]",4096,uniform,111,111,4096,28,1,6,56,64,11,candidate,3.11.10,111,"[1536, 256, 1]",1,performance_shape_validation,[4096],[111],1,1,20260829,float32,0.09119556747428784,VALIDATED_FOR_MSPROF,511,compact,msprof_op_task_duration_acceptance,dense,2.10.0.post4.dev20260715,2.10.0+cpu,4,3.2.0,4ed83e755ec0ed2b7f4675dc9cd790f3a2f8164f
swa,c47f9bdcfb879eb73723521240a48a9bae99349d094a1fb82563535aabde82ec,4ed83e755ec0ed2b7f4675dc9cd790f3a2f8164f,"[64, 1]",64,native_NHD_then_page_head_token_dim_permute,a7dee0e77eec04063b09e30ffadbc546426deb74203e92e778deafe3ec464207,9.1.0,[4096],[127],swa_dense_m127_kv4096_uniform_compact_tp4,True,npu:5,5,Ascend950PR_957b,,bfloat16,False,256,0.0,_swa_paged_prefill_aggregation_sink_kernel,"[16384, 256, 256, 1]",4096,uniform,127,127,4096,28,1,6,56,64,11,baseline,3.11.10,127,"[1536, 256, 1]",1,performance_shape_validation,[4096],[127],1,1,20260829,float32,0.09119556747428784,VALIDATED_FOR_MSPROF,511,compact,msprof_op_task_duration_acceptance,dense,2.10.0.post4.dev20260715,2.10.0+cpu,4,3.2.0,4ed83e755ec0ed2b7f4675dc9cd790f3a2f8164f
swa,c47f9bdcfb879eb73723521240a48a9bae99349d094a1fb82563535aabde82ec,4ed83e755ec0ed2b7f4675dc9cd790f3a2f8164f,"[64, 1]",64,native_NHD_then_page_head_token_dim_permute,a7dee0e77eec04063b09e30ffadbc546426deb74203e92e778deafe3ec464207,9.1.0,[4096],[127],swa_dense_m127_kv4096_uniform_compact_tp4,True,npu:5,5,Ascend950PR_957b,,bfloat16,False,256,0.0,_swa_paged_prefill_aggregation_sink_kernel,"[16384, 256, 256, 1]",4096,uniform,127,127,4096,28,1,6,56,64,11,candidate,3.11.10,127,"[1536, 256, 1]",1,performance_shape_validation,[4096],[127],1,1,20260829,float32,0.09119556747428784,VALIDATED_FOR_MSPROF,511,compact,msprof_op_task_duration_acceptance,dense,2.10.0.post4.dev20260715,2.10.0+cpu,4,3.2.0,4ed83e755ec0ed2b7f4675dc9cd790f3a2f8164f
swa,c47f9bdcfb879eb73723521240a48a9bae99349d094a1fb82563535aabde82ec,4ed83e755ec0ed2b7f4675dc9cd790f3a2f8164f,"[64, 1]",64,native_NHD_then_page_head_token_dim_permute,a7dee0e77eec04063b09e30ffadbc546426deb74203e92e778deafe3ec464207,9.1.0,[4096],[128],swa_dense_m128_kv4096_uniform_compact_tp4,True,npu:5,5,Ascend950PR_957b,,bfloat16,False,256,0.0,_swa_paged_prefill_aggregation_sink_kernel,"[16384, 256, 256, 1]",4096,uniform,128,128,4096,28,1,6,56,64,11,baseline,3.11.10,128,"[1536, 256, 1]",1,performance_shape_validation,[4096],[128],1,1,20260829,float32,0.09119556747428784,VALIDATED_FOR_MSPROF,511,compact,msprof_op_task_duration_acceptance,dense,2.10.0.post4.dev20260715,2.10.0+cpu,4,3.2.0,4ed83e755ec0ed2b7f4675dc9cd790f3a2f8164f
swa,c47f9bdcfb879eb73723521240a48a9bae99349d094a1fb82563535aabde82ec,4ed83e755ec0ed2b7f4675dc9cd790f3a2f8164f,"[64, 1]",64,native_NHD_then_page_head_token_dim_permute,a7dee0e77eec04063b09e30ffadbc546426deb74203e92e778deafe3ec464207,9.1.0,[4096],[128],swa_dense_m128_kv4096_uniform_compact_tp4,True,npu:5,5,Ascend950PR_957b,,bfloat16,False,256,0.0,_swa_paged_prefill_aggregation_sink_kernel,"[16384, 256, 256, 1]",4096,uniform,128,128,4096,28,1,6,56,64,11,candidate,3.11.10,128,"[1536, 256, 1]",1,performance_shape_validation,[4096],[128],1,1,20260829,float32,0.09119556747428784,VALIDATED_FOR_MSPROF,511,compact,msprof_op_task_duration_acceptance,dense,2.10.0.post4.dev20260715,2.10.0+cpu,4,3.2.0,4ed83e755ec0ed2b7f4675dc9cd790f3a2f8164f
full,c47f9bdcfb879eb73723521240a48a9bae99349d094a1fb82563535aabde82ec,4ed83e755ec0ed2b7f4675dc9cd790f3a2f8164f,"[64, 1]",64,native_NHD_then_page_head_token_dim_permute,a7dee0e77eec04063b09e30ffadbc546426deb74203e92e778deafe3ec464207,9.1.0,[4096],[129],full_dense_m129_kv4096_uniform_compact_tp4,True,npu:5,5,Ascend950PR_957b,,bfloat16,False,256,0.2054460346698761,paged_prefill_page_aggregation_kernel,"[16384, 256, 256, 1]",4096,uniform,129,129,4096,28,1,6,56,64,65,baseline,3.11.10,129,"[1536, 256, 1]",1,performance_shape_validation,[4096],[129],1,1,20260829,float32,0.09119556747428784,VALIDATED_FOR_MSPROF,,compact,msprof_op_task_duration_acceptance,dense,2.10.0.post4.dev20260715,2.10.0+cpu,4,3.2.0,4ed83e755ec0ed2b7f4675dc9cd790f3a2f8164f
full,c47f9bdcfb879eb73723521240a48a9bae99349d094a1fb82563535aabde82ec,4ed83e755ec0ed2b7f4675dc9cd790f3a2f8164f,"[64, 1]",64,native_NHD_then_page_head_token_dim_permute,a7dee0e77eec04063b09e30ffadbc546426deb74203e92e778deafe3ec464207,9.1.0,[4096],[129],full_dense_m129_kv4096_uniform_compact_tp4,True,npu:5,5,Ascend950PR_957b,,bfloat16,False,256,0.16258587129414082,paged_prefill_mid_q_grouped_kernel,"[16384, 256, 256, 1]",4096,uniform,129,129,4096,28,1,6,56,64,65,candidate,3.11.10,129,"[1536, 256, 1]",1,performance_shape_validation,[4096],[129],1,1,20260829,float32,0.09119556747428784,VALIDATED_FOR_MSPROF,,compact,msprof_op_task_duration_acceptance,dense,2.10.0.post4.dev20260715,2.10.0+cpu,4,3.2.0,4ed83e755ec0ed2b7f4675dc9cd790f3a2f8164f
full,c47f9bdcfb879eb73723521240a48a9bae99349d094a1fb82563535aabde82ec,4ed83e755ec0ed2b7f4675dc9cd790f3a2f8164f,"[64, 1]",64,native_NHD_then_page_head_token_dim_permute,a7dee0e77eec04063b09e30ffadbc546426deb74203e92e778deafe3ec464207,9.1.0,[4096],[191],full_dense_m191_kv4096_uniform_compact_tp4,True,npu:5,5,Ascend950PR_957b,,bfloat16,False,256,0.2020259853452444,paged_prefill_page_aggregation_kernel,"[16384, 256, 256, 1]",4096,uniform,191,191,4096,28,1,6,56,64,65,baseline,3.11.10,191,"[1536, 256, 1]",1,performance_shape_validation,[4096],[191],1,1,20260829,float32,0.09119556747428784,VALIDATED_FOR_MSPROF,,compact,msprof_op_task_duration_acceptance,dense,2.10.0.post4.dev20260715,2.10.0+cpu,4,3.2.0,4ed83e755ec0ed2b7f4675dc9cd790f3a2f8164f
full,c47f9bdcfb879eb73723521240a48a9bae99349d094a1fb82563535aabde82ec,4ed83e755ec0ed2b7f4675dc9cd790f3a2f8164f,"[64, 1]",64,native_NHD_then_page_head_token_dim_permute,a7dee0e77eec04063b09e30ffadbc546426deb74203e92e778deafe3ec464207,9.1.0,[4096],[191],full_dense_m191_kv4096_uniform_compact_tp4,True,npu:5,5,Ascend950PR_957b,,bfloat16,False,256,0.12670806609094143,paged_prefill_mid_q_grouped_kernel,"[16384, 256, 256, 1]",4096,uniform,191,191,4096,28,1,6,56,64,65,candidate,3.11.10,191,"[1536, 256, 1]",1,performance_shape_validation,[4096],[191],1,1,20260829,float32,0.09119556747428784,VALIDATED_FOR_MSPROF,,compact,msprof_op_task_duration_acceptance,dense,2.10.0.post4.dev20260715,2.10.0+cpu,4,3.2.0,4ed83e755ec0ed2b7f4675dc9cd790f3a2f8164f
full,c47f9bdcfb879eb73723521240a48a9bae99349d094a1fb82563535aabde82ec,4ed83e755ec0ed2b7f4675dc9cd790f3a2f8164f,"[64, 1]",64,native_NHD_then_page_head_token_dim_permute,a7dee0e77eec04063b09e30ffadbc546426deb74203e92e778deafe3ec464207,9.1.0,[4096],[192],full_dense_m192_kv4096_uniform_compact_tp4,True,npu:5,5,Ascend950PR_957b,,bfloat16,False,256,0.17969589680433273,paged_prefill_page_aggregation_kernel,"[16384, 256, 256, 1]",4096,uniform,192,192,4096,28,1,6,56,64,65,baseline,3.11.10,192,"[1536, 256, 1]",1,performance_shape_validation,[4096],[192],1,1,20260829,float32,0.09119556747428784,VALIDATED_FOR_MSPROF,,compact,msprof_op_task_duration_acceptance,dense,2.10.0.post4.dev20260715,2.10.0+cpu,4,3.2.0,4ed83e755ec0ed2b7f4675dc9cd790f3a2f8164f
full,c47f9bdcfb879eb73723521240a48a9bae99349d094a1fb82563535aabde82ec,4ed83e755ec0ed2b7f4675dc9cd790f3a2f8164f,"[64, 1]",64,native_NHD_then_page_head_token_dim_permute,a7dee0e77eec04063b09e30ffadbc546426deb74203e92e778deafe3ec464207,9.1.0,[4096],[192],full_dense_m192_kv4096_uniform_compact_tp4,True,npu:5,5,Ascend950PR_957b,,bfloat16,False,256,0.1482770312577486,paged_prefill_mid_q_grouped_kernel,"[16384, 256, 256, 1]",4096,uniform,192,192,4096,28,1,6,56,64,65,candidate,3.11.10,192,"[1536, 256, 1]",1,performance_shape_validation,[4096],[192],1,1,20260829,float32,0.09119556747428784,VALIDATED_FOR_MSPROF,,compact,msprof_op_task_duration_acceptance,dense,2.10.0.post4.dev20260715,2.10.0+cpu,4,3.2.0,4ed83e755ec0ed2b7f4675dc9cd790f3a2f8164f
full,c47f9bdcfb879eb73723521240a48a9bae99349d094a1fb82563535aabde82ec,4ed83e755ec0ed2b7f4675dc9cd790f3a2f8164f,"[64, 1]",64,native_NHD_then_page_head_token_dim_permute,a7dee0e77eec04063b09e30ffadbc546426deb74203e92e778deafe3ec464207,9.1.0,[4096],[193],full_dense_m193_kv4096_uniform_compact_tp4,True,npu:5,5,Ascend950PR_957b,,bfloat16,False,256,0.19192579202353954,paged_prefill_page_aggregation_kernel,"[16384, 256, 256, 1]",4096,uniform,193,193,4096,28,1,6,56,64,65,baseline,3.11.10,193,"[1536, 256, 1]",1,performance_shape_validation,[4096],[193],1,1,20260829,float32,0.09119556747428784,VALIDATED_FOR_MSPROF,,compact,msprof_op_task_duration_acceptance,dense,2.10.0.post4.dev20260715,2.10.0+cpu,4,3.2.0,4ed83e755ec0ed2b7f4675dc9cd790f3a2f8164f
full,c47f9bdcfb879eb73723521240a48a9bae99349d094a1fb82563535aabde82ec,4ed83e755ec0ed2b7f4675dc9cd790f3a2f8164f,"[64, 1]",64,native_NHD_then_page_head_token_dim_permute,a7dee0e77eec04063b09e30ffadbc546426deb74203e92e778deafe3ec464207,9.1.0,[4096],[193],full_dense_m193_kv4096_uniform_compact_tp4,True,npu:5,5,Ascend950PR_957b,,bfloat16,False,256,0.15118601731956005,paged_prefill_mid_q_grouped_kernel,"[16384, 256, 256, 1]",4096,uniform,193,193,4096,28,1,6,56,64,65,candidate,3.11.10,193,"[1536, 256, 1]",1,performance_shape_validation,[4096],[193],1,1,20260829,float32,0.09119556747428784,VALIDATED_FOR_MSPROF,,compact,msprof_op_task_duration_acceptance,dense,2.10.0.post4.dev20260715,2.10.0+cpu,4,3.2.0,4ed83e755ec0ed2b7f4675dc9cd790f3a2f8164f
full,c47f9bdcfb879eb73723521240a48a9bae99349d094a1fb82563535aabde82ec,4ed83e755ec0ed2b7f4675dc9cd790f3a2f8164f,"[64, 1]",64,native_NHD_then_page_head_token_dim_permute,a7dee0e77eec04063b09e30ffadbc546426deb74203e92e778deafe3ec464207,9.1.0,[4096],[255],full_dense_m255_kv4096_uniform_compact_tp4,True,npu:5,5,Ascend950PR_957b,,bfloat16,False,256,0.18601608462631702,paged_prefill_page_aggregation_kernel,"[16384, 256, 256, 1]",4096,uniform,255,255,4096,28,1,6,56,64,65,baseline,3.11.10,255,"[1536, 256, 1]",1,performance_shape_validation,[4096],[255],1,1,20260829,float32,0.09119556747428784,VALIDATED_FOR_MSPROF,,compact,msprof_op_task_duration_acceptance,dense,2.10.0.post4.dev20260715,2.10.0+cpu,4,3.2.0,4ed83e755ec0ed2b7f4675dc9cd790f3a2f8164f
full,c47f9bdcfb879eb73723521240a48a9bae99349d094a1fb82563535aabde82ec,4ed83e755ec0ed2b7f4675dc9cd790f3a2f8164f,"[64, 1]",64,native_NHD_then_page_head_token_dim_permute,a7dee0e77eec04063b09e30ffadbc546426deb74203e92e778deafe3ec464207,9.1.0,[4096],[255],full_dense_m255_kv4096_uniform_compact_tp4,True,npu:5,5,Ascend950PR_957b,,bfloat16,False,256,0.1575660426169634,paged_prefill_mid_q_grouped_kernel,"[16384, 256, 256, 1]",4096,uniform,255,255,4096,28,1,6,56,64,65,candidate,3.11.10,255,"[1536, 256, 1]",1,performance_shape_validation,[4096],[255],1,1,20260829,float32,0.09119556747428784,VALIDATED_FOR_MSPROF,,compact,msprof_op_task_duration_acceptance,dense,2.10.0.post4.dev20260715,2.10.0+cpu,4,3.2.0,4ed83e755ec0ed2b7f4675dc9cd790f3a2f8164f
full,c47f9bdcfb879eb73723521240a48a9bae99349d094a1fb82563535aabde82ec,4ed83e755ec0ed2b7f4675dc9cd790f3a2f8164f,"[64, 1]",64,native_NHD_then_page_head_token_dim_permute,a7dee0e77eec04063b09e30ffadbc546426deb74203e92e778deafe3ec464207,9.1.0,[4096],[256],full_dense_m256_kv4096_uniform_compact_tp4,True,npu:5,5,Ascend950PR_957b,,bfloat16,False,256,0.2040050458163023,paged_prefill_page_aggregation_kernel,"[16384, 256, 256, 1]",4096,uniform,256,256,4096,28,1,6,56,64,65,baseline,3.11.10,256,"[1536, 256, 1]",1,performance_shape_validation,[4096],[256],1,1,20260829,float32,0.09119556747428784,VALIDATED_FOR_MSPROF,,compact,msprof_op_task_duration_acceptance,dense,2.10.0.post4.dev20260715,2.10.0+cpu,4,3.2.0,4ed83e755ec0ed2b7f4675dc9cd790f3a2f8164f
full,c47f9bdcfb879eb73723521240a48a9bae99349d094a1fb82563535aabde82ec,4ed83e755ec0ed2b7f4675dc9cd790f3a2f8164f,"[64, 1]",64,native_NHD_then_page_head_token_dim_permute,a7dee0e77eec04063b09e30ffadbc546426deb74203e92e778deafe3ec464207,9.1.0,[4096],[256],full_dense_m256_kv4096_uniform_compact_tp4,True,npu:5,5,Ascend950PR_957b,,bfloat16,False,256,0.14672684483230114,paged_prefill_mid_q_grouped_kernel,"[16384, 256, 256, 1]",4096,uniform,256,256,4096,28,1,6,56,64,65,candidate,3.11.10,256,"[1536, 256, 1]",1,performance_shape_validation,[4096],[256],1,1,20260829,float32,0.09119556747428784,VALIDATED_FOR_MSPROF,,compact,msprof_op_task_duration_acceptance,dense,2.10.0.post4.dev20260715,2.10.0+cpu,4,3.2.0,4ed83e755ec0ed2b7f4675dc9cd790f3a2f8164f
full,c47f9bdcfb879eb73723521240a48a9bae99349d094a1fb82563535aabde82ec,4ed83e755ec0ed2b7f4675dc9cd790f3a2f8164f,"[64, 1]",64,native_NHD_then_page_head_token_dim_permute,a7dee0e77eec04063b09e30ffadbc546426deb74203e92e778deafe3ec464207,9.1.0,[4096],[257],full_dense_m257_kv4096_uniform_compact_tp4,True,npu:5,5,Ascend950PR_957b,,bfloat16,False,256,0.2152861561626196,paged_prefill_page_aggregation_kernel,"[16384, 256, 256, 1]",4096,uniform,257,257,4096,28,1,6,56,64,65,baseline,3.11.10,257,"[1536, 256, 1]",1,performance_shape_validation,[4096],[257],1,1,20260829,float32,0.09119556747428784,VALIDATED_FOR_MSPROF,,compact,msprof_op_task_duration_acceptance,dense,2.10.0.post4.dev20260715,2.10.0+cpu,4,3.2.0,4ed83e755ec0ed2b7f4675dc9cd790f3a2f8164f
full,c47f9bdcfb879eb73723521240a48a9bae99349d094a1fb82563535aabde82ec,4ed83e755ec0ed2b7f4675dc9cd790f3a2f8164f,"[64, 1]",64,native_NHD_then_page_head_token_dim_permute,a7dee0e77eec04063b09e30ffadbc546426deb74203e92e778deafe3ec464207,9.1.0,[4096],[257],full_dense_m257_kv4096_uniform_compact_tp4,True,npu:5,5,Ascend950PR_957b,,bfloat16,False,256,0.15336601063609123,paged_prefill_page_aggregation_kernel,"[16384, 256, 256, 1]",4096,uniform,257,257,4096,28,1,6,56,64,65,candidate,3.11.10,257,"[1536, 256, 1]",1,performance_shape_validation,[4096],[257],1,1,20260829,float32,0.09119556747428784,VALIDATED_FOR_MSPROF,,compact,msprof_op_task_duration_acceptance,dense,2.10.0.post4.dev20260715,2.10.0+cpu,4,3.2.0,4ed83e755ec0ed2b7f4675dc9cd790f3a2f8164f
full,c47f9bdcfb879eb73723521240a48a9bae99349d094a1fb82563535aabde82ec,4ed83e755ec0ed2b7f4675dc9cd790f3a2f8164f,"[64, 1]",64,native_NHD_then_page_head_token_dim_permute,a7dee0e77eec04063b09e30ffadbc546426deb74203e92e778deafe3ec464207,9.1.0,[4096],[383],full_dense_m383_kv4096_uniform_compact_tp4,True,npu:5,5,Ascend950PR_957b,,bfloat16,False,256,0.18101721070706844,paged_prefill_page_aggregation_kernel,"[16384, 256, 256, 1]",4096,uniform,383,383,4096,28,1,6,56,64,65,baseline,3.11.10,383,"[1536, 256, 1]",1,performance_shape_validation,[4096],[383],1,1,20260829,float32,0.09119556747428784,VALIDATED_FOR_MSPROF,,compact,msprof_op_task_duration_acceptance,dense,2.10.0.post4.dev20260715,2.10.0+cpu,4,3.2.0,4ed83e755ec0ed2b7f4675dc9cd790f3a2f8164f
full,c47f9bdcfb879eb73723521240a48a9bae99349d094a1fb82563535aabde82ec,4ed83e755ec0ed2b7f4675dc9cd790f3a2f8164f,"[64, 1]",64,native_NHD_then_page_head_token_dim_permute,a7dee0e77eec04063b09e30ffadbc546426deb74203e92e778deafe3ec464207,9.1.0,[4096],[383],full_dense_m383_kv4096_uniform_compact_tp4,True,npu:5,5,Ascend950PR_957b,,bfloat16,False,256,0.1523860264569521,paged_prefill_page_aggregation_kernel,"[16384, 256, 256, 1]",4096,uniform,383,383,4096,28,1,6,56,64,65,candidate,3.11.10,383,"[1536, 256, 1]",1,performance_shape_validation,[4096],[383],1,1,20260829,float32,0.09119556747428784,VALIDATED_FOR_MSPROF,,compact,msprof_op_task_duration_acceptance,dense,2.10.0.post4.dev20260715,2.10.0+cpu,4,3.2.0,4ed83e755ec0ed2b7f4675dc9cd790f3a2f8164f
full,c47f9bdcfb879eb73723521240a48a9bae99349d094a1fb82563535aabde82ec,4ed83e755ec0ed2b7f4675dc9cd790f3a2f8164f,"[64, 1]",64,native_NHD_then_page_head_token_dim_permute,a7dee0e77eec04063b09e30ffadbc546426deb74203e92e778deafe3ec464207,9.1.0,[4096],[511],full_dense_m511_kv4096_uniform_compact_tp4,True,npu:5,5,Ascend950PR_957b,,bfloat16,False,256,0.2159751020371914,paged_prefill_page_aggregation_kernel,"[16384, 256, 256, 1]",4096,uniform,511,511,4096,28,1,6,56,64,65,baseline,3.11.10,511,"[1536, 256, 1]",1,performance_shape_validation,[4096],[511],1,1,20260829,float32,0.09119556747428784,VALIDATED_FOR_MSPROF,,compact,msprof_op_task_duration_acceptance,dense,2.10.0.post4.dev20260715,2.10.0+cpu,4,3.2.0,4ed83e755ec0ed2b7f4675dc9cd790f3a2f8164f
full,c47f9bdcfb879eb73723521240a48a9bae99349d094a1fb82563535aabde82ec,4ed83e755ec0ed2b7f4675dc9cd790f3a2f8164f,"[64, 1]",64,native_NHD_then_page_head_token_dim_permute,a7dee0e77eec04063b09e30ffadbc546426deb74203e92e778deafe3ec464207,9.1.0,[4096],[511],full_dense_m511_kv4096_uniform_compact_tp4,True,npu:5,5,Ascend950PR_957b,,bfloat16,False,256,0.1534069888293743,paged_prefill_page_aggregation_kernel,"[16384, 256, 256, 1]",4096,uniform,511,511,4096,28,1,6,56,64,65,candidate,3.11.10,511,"[1536, 256, 1]",1,performance_shape_validation,[4096],[511],1,1,20260829,float32,0.09119556747428784,VALIDATED_FOR_MSPROF,,compact,msprof_op_task_duration_acceptance,dense,2.10.0.post4.dev20260715,2.10.0+cpu,4,3.2.0,4ed83e755ec0ed2b7f4675dc9cd790f3a2f8164f
full,c47f9bdcfb879eb73723521240a48a9bae99349d094a1fb82563535aabde82ec,4ed83e755ec0ed2b7f4675dc9cd790f3a2f8164f,"[64, 1]",64,native_NHD_then_page_head_token_dim_permute,a7dee0e77eec04063b09e30ffadbc546426deb74203e92e778deafe3ec464207,9.1.0,[4096],[512],full_dense_m512_kv4096_uniform_compact_tp4,True,npu:5,5,Ascend950PR_957b,,bfloat16,False,256,0.21081487648189068,paged_prefill_page_aggregation_kernel,"[16384, 256, 256, 1]",4096,uniform,512,512,4096,28,1,6,56,64,65,baseline,3.11.10,512,"[1536, 256, 1]",1,performance_shape_validation,[4096],[512],1,1,20260829,float32,0.09119556747428784,VALIDATED_FOR_MSPROF,,compact,msprof_op_task_duration_acceptance,dense,2.10.0.post4.dev20260715,2.10.0+cpu,4,3.2.0,4ed83e755ec0ed2b7f4675dc9cd790f3a2f8164f
full,c47f9bdcfb879eb73723521240a48a9bae99349d094a1fb82563535aabde82ec,4ed83e755ec0ed2b7f4675dc9cd790f3a2f8164f,"[64, 1]",64,native_NHD_then_page_head_token_dim_permute,a7dee0e77eec04063b09e30ffadbc546426deb74203e92e778deafe3ec464207,9.1.0,[4096],[512],full_dense_m512_kv4096_uniform_compact_tp4,True,npu:5,5,Ascend950PR_957b,,bfloat16,False,256,0.16478681936860085,paged_prefill_page_aggregation_kernel,"[16384, 256, 256, 1]",4096,uniform,512,512,4096,28,1,6,56,64,65,candidate,3.11.10,512,"[1536, 256, 1]",1,performance_shape_validation,[4096],[512],1,1,20260829,float32,0.09119556747428784,VALIDATED_FOR_MSPROF,,compact,msprof_op_task_duration_acceptance,dense,2.10.0.post4.dev20260715,2.10.0+cpu,4,3.2.0,4ed83e755ec0ed2b7f4675dc9cd790f3a2f8164f
full,c47f9bdcfb879eb73723521240a48a9bae99349d094a1fb82563535aabde82ec,4ed83e755ec0ed2b7f4675dc9cd790f3a2f8164f,"[64, 1]",64,native_NHD_then_page_head_token_dim_permute,a7dee0e77eec04063b09e30ffadbc546426deb74203e92e778deafe3ec464207,9.1.0,[4096],[513],full_dense_m513_kv4096_uniform_compact_tp4,True,npu:5,5,Ascend950PR_957b,,bfloat16,False,256,0.20086602307856083,paged_prefill_page_aggregation_kernel,"[16384, 256, 256, 1]",4096,uniform,513,513,4096,28,1,6,56,64,65,baseline,3.11.10,513,"[1536, 256, 1]",1,performance_shape_validation,[4096],[513],1,1,20260829,float32,0.09119556747428784,VALIDATED_FOR_MSPROF,,compact,msprof_op_task_duration_acceptance,dense,2.10.0.post4.dev20260715,2.10.0+cpu,4,3.2.0,4ed83e755ec0ed2b7f4675dc9cd790f3a2f8164f
full,c47f9bdcfb879eb73723521240a48a9bae99349d094a1fb82563535aabde82ec,4ed83e755ec0ed2b7f4675dc9cd790f3a2f8164f,"[64, 1]",64,native_NHD_then_page_head_token_dim_permute,a7dee0e77eec04063b09e30ffadbc546426deb74203e92e778deafe3ec464207,9.1.0,[4096],[513],full_dense_m513_kv4096_uniform_compact_tp4,True,npu:5,5,Ascend950PR_957b,,bfloat16,False,256,0.16539613716304302,paged_prefill_page_aggregation_kernel,"[16384, 256, 256, 1]",4096,uniform,513,513,4096,28,1,6,56,64,65,candidate,3.11.10,513,"[1536, 256, 1]",1,performance_shape_validation,[4096],[513],1,1,20260829,float32,0.09119556747428784,VALIDATED_FOR_MSPROF,,compact,msprof_op_task_duration_acceptance,dense,2.10.0.post4.dev20260715,2.10.0+cpu,4,3.2.0,4ed83e755ec0ed2b7f4675dc9cd790f3a2f8164f
full,c47f9bdcfb879eb73723521240a48a9bae99349d094a1fb82563535aabde82ec,4ed83e755ec0ed2b7f4675dc9cd790f3a2f8164f,"[64, 1]",64,native_NHD_then_page_head_token_dim_permute,a7dee0e77eec04063b09e30ffadbc546426deb74203e92e778deafe3ec464207,9.1.0,[4096],[641],full_dense_m641_kv4096_uniform_compact_tp4,True,npu:5,5,Ascend950PR_957b,,bfloat16,False,256,0.2320948988199234,paged_prefill_page_aggregation_kernel,"[16384, 256, 256, 1]",4096,uniform,641,641,4096,28,1,6,56,64,65,baseline,3.11.10,641,"[1536, 256, 1]",1,performance_shape_validation,[4096],[641],1,1,20260829,float32,0.09119556747428784,VALIDATED_FOR_MSPROF,,compact,msprof_op_task_duration_acceptance,dense,2.10.0.post4.dev20260715,2.10.0+cpu,4,3.2.0,4ed83e755ec0ed2b7f4675dc9cd790f3a2f8164f
full,c47f9bdcfb879eb73723521240a48a9bae99349d094a1fb82563535aabde82ec,4ed83e755ec0ed2b7f4675dc9cd790f3a2f8164f,"[64, 1]",64,native_NHD_then_page_head_token_dim_permute,a7dee0e77eec04063b09e30ffadbc546426deb74203e92e778deafe3ec464207,9.1.0,[4096],[641],full_dense_m641_kv4096_uniform_compact_tp4,True,npu:5,5,Ascend950PR_957b,,bfloat16,False,256,0.17787585966289043,paged_prefill_page_aggregation_kernel,"[16384, 256, 256, 1]",4096,uniform,641,641,4096,28,1,6,56,64,65,candidate,3.11.10,641,"[1536, 256, 1]",1,performance_shape_validation,[4096],[641],1,1,20260829,float32,0.09119556747428784,VALIDATED_FOR_MSPROF,,compact,msprof_op_task_duration_acceptance,dense,2.10.0.post4.dev20260715,2.10.0+cpu,4,3.2.0,4ed83e755ec0ed2b7f4675dc9cd790f3a2f8164f
full,c47f9bdcfb879eb73723521240a48a9bae99349d094a1fb82563535aabde82ec,4ed83e755ec0ed2b7f4675dc9cd790f3a2f8164f,"[64, 1]",64,native_NHD_then_page_head_token_dim_permute,a7dee0e77eec04063b09e30ffadbc546426deb74203e92e778deafe3ec464207,9.1.0,[4096],[767],full_dense_m767_kv4096_uniform_compact_tp4,True,npu:5,5,Ascend950PR_957b,,bfloat16,False,256,0.2235050778836012,paged_prefill_page_aggregation_kernel,"[16384, 256, 256, 1]",4096,uniform,767,767,4096,28,1,6,56,64,65,baseline,3.11.10,767,"[1536, 256, 1]",1,performance_shape_validation,[4096],[767],1,1,20260829,float32,0.09119556747428784,VALIDATED_FOR_MSPROF,,compact,msprof_op_task_duration_acceptance,dense,2.10.0.post4.dev20260715,2.10.0+cpu,4,3.2.0,4ed83e755ec0ed2b7f4675dc9cd790f3a2f8164f
full,c47f9bdcfb879eb73723521240a48a9bae99349d094a1fb82563535aabde82ec,4ed83e755ec0ed2b7f4675dc9cd790f3a2f8164f,"[64, 1]",64,native_NHD_then_page_head_token_dim_permute,a7dee0e77eec04063b09e30ffadbc546426deb74203e92e778deafe3ec464207,9.1.0,[4096],[767],full_dense_m767_kv4096_uniform_compact_tp4,True,npu:5,5,Ascend950PR_957b,,bfloat16,False,256,0.1638871617615223,paged_prefill_page_aggregation_kernel,"[16384, 256, 256, 1]",4096,uniform,767,767,4096,28,1,6,56,64,65,candidate,3.11.10,767,"[1536, 256, 1]",1,performance_shape_validation,[4096],[767],1,1,20260829,float32,0.09119556747428784,VALIDATED_FOR_MSPROF,,compact,msprof_op_task_duration_acceptance,dense,2.10.0.post4.dev20260715,2.10.0+cpu,4,3.2.0,4ed83e755ec0ed2b7f4675dc9cd790f3a2f8164f
full,c47f9bdcfb879eb73723521240a48a9bae99349d094a1fb82563535aabde82ec,4ed83e755ec0ed2b7f4675dc9cd790f3a2f8164f,"[64, 1]",64,native_NHD_then_page_head_token_dim_permute,a7dee0e77eec04063b09e30ffadbc546426deb74203e92e778deafe3ec464207,9.1.0,[4096],[1023],full_dense_m1023_kv4096_uniform_compact_tp4,True,npu:5,5,Ascend950PR_957b,,bfloat16,False,256,0.24594482965767384,paged_prefill_page_aggregation_kernel,"[16384, 256, 256, 1]",4096,uniform,1023,1023,4096,28,1,6,56,64,65,baseline,3.11.10,1023,"[1536, 256, 1]",1,performance_shape_validation,[4096],[1023],1,1,20260829,float32,0.09119556747428784,VALIDATED_FOR_MSPROF,,compact,msprof_op_task_duration_acceptance,dense,2.10.0.post4.dev20260715,2.10.0+cpu,4,3.2.0,4ed83e755ec0ed2b7f4675dc9cd790f3a2f8164f
full,c47f9bdcfb879eb73723521240a48a9bae99349d094a1fb82563535aabde82ec,4ed83e755ec0ed2b7f4675dc9cd790f3a2f8164f,"[64, 1]",64,native_NHD_then_page_head_token_dim_permute,a7dee0e77eec04063b09e30ffadbc546426deb74203e92e778deafe3ec464207,9.1.0,[4096],[1023],full_dense_m1023_kv4096_uniform_compact_tp4,True,npu:5,5,Ascend950PR_957b,,bfloat16,False,256,0.18348614685237408,paged_prefill_page_aggregation_kernel,"[16384, 256, 256, 1]",4096,uniform,1023,1023,4096,28,1,6,56,64,65,candidate,3.11.10,1023,"[1536, 256, 1]",1,performance_shape_validation,[4096],[1023],1,1,20260829,float32,0.09119556747428784,VALIDATED_FOR_MSPROF,,compact,msprof_op_task_duration_acceptance,dense,2.10.0.post4.dev20260715,2.10.0+cpu,4,3.2.0,4ed83e755ec0ed2b7f4675dc9cd790f3a2f8164f
swa,c47f9bdcfb879eb73723521240a48a9bae99349d094a1fb82563535aabde82ec,4ed83e755ec0ed2b7f4675dc9cd790f3a2f8164f,"[64, 1]",64,native_NHD_then_page_head_token_dim_permute,a7dee0e77eec04063b09e30ffadbc546426deb74203e92e778deafe3ec464207,9.1.0,[4096],[129],swa_dense_m129_kv4096_uniform_compact_tp4,True,npu:5,5,Ascend950PR_957b,,bfloat16,False,256,0.0,_swa_paged_prefill_aggregation_sink_kernel,"[16384, 256, 256, 1]",4096,uniform,129,129,4096,28,1,6,56,64,11,baseline,3.11.10,129,"[1536, 256, 1]",1,performance_shape_validation,[4096],[129],1,1,20260829,float32,0.09119556747428784,VALIDATED_FOR_MSPROF,511,compact,msprof_op_task_duration_acceptance,dense,2.10.0.post4.dev20260715,2.10.0+cpu,4,3.2.0,4ed83e755ec0ed2b7f4675dc9cd790f3a2f8164f
swa,c47f9bdcfb879eb73723521240a48a9bae99349d094a1fb82563535aabde82ec,4ed83e755ec0ed2b7f4675dc9cd790f3a2f8164f,"[64, 1]",64,native_NHD_then_page_head_token_dim_permute,a7dee0e77eec04063b09e30ffadbc546426deb74203e92e778deafe3ec464207,9.1.0,[4096],[129],swa_dense_m129_kv4096_uniform_compact_tp4,True,npu:5,5,Ascend950PR_957b,,bfloat16,False,256,0.0,_swa_paged_prefill_aggregation_sink_kernel,"[16384, 256, 256, 1]",4096,uniform,129,129,4096,28,1,6,56,64,11,candidate,3.11.10,129,"[1536, 256, 1]",1,performance_shape_validation,[4096],[129],1,1,20260829,float32,0.09119556747428784,VALIDATED_FOR_MSPROF,511,compact,msprof_op_task_duration_acceptance,dense,2.10.0.post4.dev20260715,2.10.0+cpu,4,3.2.0,4ed83e755ec0ed2b7f4675dc9cd790f3a2f8164f
swa,c47f9bdcfb879eb73723521240a48a9bae99349d094a1fb82563535aabde82ec,4ed83e755ec0ed2b7f4675dc9cd790f3a2f8164f,"[64, 1]",64,native_NHD_then_page_head_token_dim_permute,a7dee0e77eec04063b09e30ffadbc546426deb74203e92e778deafe3ec464207,9.1.0,[4096],[191],swa_dense_m191_kv4096_uniform_compact_tp4,True,npu:5,5,Ascend950PR_957b,,bfloat16,False,256,0.0,_swa_paged_prefill_aggregation_sink_kernel,"[16384, 256, 256, 1]",4096,uniform,191,191,4096,28,1,6,56,64,12,baseline,3.11.10,191,"[1536, 256, 1]",1,performance_shape_validation,[4096],[191],1,1,20260829,float32,0.09119556747428784,VALIDATED_FOR_MSPROF,511,compact,msprof_op_task_duration_acceptance,dense,2.10.0.post4.dev20260715,2.10.0+cpu,4,3.2.0,4ed83e755ec0ed2b7f4675dc9cd790f3a2f8164f
swa,c47f9bdcfb879eb73723521240a48a9bae99349d094a1fb82563535aabde82ec,4ed83e755ec0ed2b7f4675dc9cd790f3a2f8164f,"[64, 1]",64,native_NHD_then_page_head_token_dim_permute,a7dee0e77eec04063b09e30ffadbc546426deb74203e92e778deafe3ec464207,9.1.0,[4096],[191],swa_dense_m191_kv4096_uniform_compact_tp4,True,npu:5,5,Ascend950PR_957b,,bfloat16,False,256,0.0,_swa_paged_prefill_aggregation_sink_kernel,"[16384, 256, 256, 1]",4096,uniform,191,191,4096,28,1,6,56,64,12,candidate,3.11.10,191,"[1536, 256, 1]",1,performance_shape_validation,[4096],[191],1,1,20260829,float32,0.09119556747428784,VALIDATED_FOR_MSPROF,511,compact,msprof_op_task_duration_acceptance,dense,2.10.0.post4.dev20260715,2.10.0+cpu,4,3.2.0,4ed83e755ec0ed2b7f4675dc9cd790f3a2f8164f
swa,c47f9bdcfb879eb73723521240a48a9bae99349d094a1fb82563535aabde82ec,4ed83e755ec0ed2b7f4675dc9cd790f3a2f8164f,"[64, 1]",64,native_NHD_then_page_head_token_dim_permute,a7dee0e77eec04063b09e30ffadbc546426deb74203e92e778deafe3ec464207,9.1.0,[4096],[192],swa_dense_m192_kv4096_uniform_compact_tp4,True,npu:5,5,Ascend950PR_957b,,bfloat16,False,256,0.0,_swa_paged_prefill_aggregation_sink_kernel,"[16384, 256, 256, 1]",4096,uniform,192,192,4096,28,1,6,56,64,12,baseline,3.11.10,192,"[1536, 256, 1]",1,performance_shape_validation,[4096],[192],1,1,20260829,float32,0.09119556747428784,VALIDATED_FOR_MSPROF,511,compact,msprof_op_task_duration_acceptance,dense,2.10.0.post4.dev20260715,2.10.0+cpu,4,3.2.0,4ed83e755ec0ed2b7f4675dc9cd790f3a2f8164f
swa,c47f9bdcfb879eb73723521240a48a9bae99349d094a1fb82563535aabde82ec,4ed83e755ec0ed2b7f4675dc9cd790f3a2f8164f,"[64, 1]",64,native_NHD_then_page_head_token_dim_permute,a7dee0e77eec04063b09e30ffadbc546426deb74203e92e778deafe3ec464207,9.1.0,[4096],[192],swa_dense_m192_kv4096_uniform_compact_tp4,True,npu:5,5,Ascend950PR_957b,,bfloat16,False,256,0.0,_swa_paged_prefill_aggregation_sink_kernel,"[16384, 256, 256, 1]",4096,uniform,192,192,4096,28,1,6,56,64,12,candidate,3.11.10,192,"[1536, 256, 1]",1,performance_shape_validation,[4096],[192],1,1,20260829,float32,0.09119556747428784,VALIDATED_FOR_MSPROF,511,compact,msprof_op_task_duration_acceptance,dense,2.10.0.post4.dev20260715,2.10.0+cpu,4,3.2.0,4ed83e755ec0ed2b7f4675dc9cd790f3a2f8164f
swa,c47f9bdcfb879eb73723521240a48a9bae99349d094a1fb82563535aabde82ec,4ed83e755ec0ed2b7f4675dc9cd790f3a2f8164f,"[64, 1]",64,native_NHD_then_page_head_token_dim_permute,a7dee0e77eec04063b09e30ffadbc546426deb74203e92e778deafe3ec464207,9.1.0,[4096],[193],swa_dense_m193_kv4096_uniform_compact_tp4,True,npu:5,5,Ascend950PR_957b,,bfloat16,False,256,0.0,_swa_paged_prefill_aggregation_sink_kernel,"[16384, 256, 256, 1]",4096,uniform,193,193,4096,28,1,6,56,64,12,baseline,3.11.10,193,"[1536, 256, 1]",1,performance_shape_validation,[4096],[193],1,1,20260829,float32,0.09119556747428784,VALIDATED_FOR_MSPROF,511,compact,msprof_op_task_duration_acceptance,dense,2.10.0.post4.dev20260715,2.10.0+cpu,4,3.2.0,4ed83e755ec0ed2b7f4675dc9cd790f3a2f8164f
swa,c47f9bdcfb879eb73723521240a48a9bae99349d094a1fb82563535aabde82ec,4ed83e755ec0ed2b7f4675dc9cd790f3a2f8164f,"[64, 1]",64,native_NHD_then_page_head_token_dim_permute,a7dee0e77eec04063b09e30ffadbc546426deb74203e92e778deafe3ec464207,9.1.0,[4096],[193],swa_dense_m193_kv4096_uniform_compact_tp4,True,npu:5,5,Ascend950PR_957b,,bfloat16,False,256,0.0,_swa_paged_prefill_aggregation_sink_kernel,"[16384, 256, 256, 1]",4096,uniform,193,193,4096,28,1,6,56,64,12,candidate,3.11.10,193,"[1536, 256, 1]",1,performance_shape_validation,[4096],[193],1,1,20260829,float32,0.09119556747428784,VALIDATED_FOR_MSPROF,511,compact,msprof_op_task_duration_acceptance,dense,2.10.0.post4.dev20260715,2.10.0+cpu,4,3.2.0,4ed83e755ec0ed2b7f4675dc9cd790f3a2f8164f
swa,c47f9bdcfb879eb73723521240a48a9bae99349d094a1fb82563535aabde82ec,4ed83e755ec0ed2b7f4675dc9cd790f3a2f8164f,"[64, 1]",64,native_NHD_then_page_head_token_dim_permute,a7dee0e77eec04063b09e30ffadbc546426deb74203e92e778deafe3ec464207,9.1.0,[4096],[255],swa_dense_m255_kv4096_uniform_compact_tp4,True,npu:5,5,Ascend950PR_957b,,bfloat16,False,256,0.0,_swa_paged_prefill_aggregation_sink_kernel,"[16384, 256, 256, 1]",4096,uniform,255,255,4096,28,1,6,56,64,13,baseline,3.11.10,255,"[1536, 256, 1]",1,performance_shape_validation,[4096],[255],1,1,20260829,float32,0.09119556747428784,VALIDATED_FOR_MSPROF,511,compact,msprof_op_task_duration_acceptance,dense,2.10.0.post4.dev20260715,2.10.0+cpu,4,3.2.0,4ed83e755ec0ed2b7f4675dc9cd790f3a2f8164f
swa,c47f9bdcfb879eb73723521240a48a9bae99349d094a1fb82563535aabde82ec,4ed83e755ec0ed2b7f4675dc9cd790f3a2f8164f,"[64, 1]",64,native_NHD_then_page_head_token_dim_permute,a7dee0e77eec04063b09e30ffadbc546426deb74203e92e778deafe3ec464207,9.1.0,[4096],[255],swa_dense_m255_kv4096_uniform_compact_tp4,True,npu:5,5,Ascend950PR_957b,,bfloat16,False,256,0.0,_swa_paged_prefill_aggregation_sink_kernel,"[16384, 256, 256, 1]",4096,uniform,255,255,4096,28,1,6,56,64,13,candidate,3.11.10,255,"[1536, 256, 1]",1,performance_shape_validation,[4096],[255],1,1,20260829,float32,0.09119556747428784,VALIDATED_FOR_MSPROF,511,compact,msprof_op_task_duration_acceptance,dense,2.10.0.post4.dev20260715,2.10.0+cpu,4,3.2.0,4ed83e755ec0ed2b7f4675dc9cd790f3a2f8164f
swa,c47f9bdcfb879eb73723521240a48a9bae99349d094a1fb82563535aabde82ec,4ed83e755ec0ed2b7f4675dc9cd790f3a2f8164f,"[64, 1]",64,native_NHD_then_page_head_token_dim_permute,a7dee0e77eec04063b09e30ffadbc546426deb74203e92e778deafe3ec464207,9.1.0,[4096],[256],swa_dense_m256_kv4096_uniform_compact_tp4,True,npu:5,5,Ascend950PR_957b,,bfloat16,False,256,0.0,_swa_paged_prefill_aggregation_sink_kernel,"[16384, 256, 256, 1]",4096,uniform,256,256,4096,28,1,6,56,64,13,baseline,3.11.10,256,"[1536, 256, 1]",1,performance_shape_validation,[4096],[256],1,1,20260829,float32,0.09119556747428784,VALIDATED_FOR_MSPROF,511,compact,msprof_op_task_duration_acceptance,dense,2.10.0.post4.dev20260715,2.10.0+cpu,4,3.2.0,4ed83e755ec0ed2b7f4675dc9cd790f3a2f8164f
swa,c47f9bdcfb879eb73723521240a48a9bae99349d094a1fb82563535aabde82ec,4ed83e755ec0ed2b7f4675dc9cd790f3a2f8164f,"[64, 1]",64,native_NHD_then_page_head_token_dim_permute,a7dee0e77eec04063b09e30ffadbc546426deb74203e92e778deafe3ec464207,9.1.0,[4096],[256],swa_dense_m256_kv4096_uniform_compact_tp4,True,npu:5,5,Ascend950PR_957b,,bfloat16,False,256,0.0,_swa_paged_prefill_aggregation_sink_kernel,"[16384, 256, 256, 1]",4096,uniform,256,256,4096,28,1,6,56,64,13,candidate,3.11.10,256,"[1536, 256, 1]",1,performance_shape_validation,[4096],[256],1,1,20260829,float32,0.09119556747428784,VALIDATED_FOR_MSPROF,511,compact,msprof_op_task_duration_acceptance,dense,2.10.0.post4.dev20260715,2.10.0+cpu,4,3.2.0,4ed83e755ec0ed2b7f4675dc9cd790f3a2f8164f
swa,c47f9bdcfb879eb73723521240a48a9bae99349d094a1fb82563535aabde82ec,4ed83e755ec0ed2b7f4675dc9cd790f3a2f8164f,"[64, 1]",64,native_NHD_then_page_head_token_dim_permute,a7dee0e77eec04063b09e30ffadbc546426deb74203e92e778deafe3ec464207,9.1.0,[4096],[257],swa_dense_m257_kv4096_uniform_compact_tp4,True,npu:5,5,Ascend950PR_957b,,bfloat16,False,256,0.0,_swa_paged_prefill_aggregation_sink_kernel,"[16384, 256, 256, 1]",4096,uniform,257,257,4096,28,1,6,56,64,13,baseline,3.11.10,257,"[1536, 256, 1]",1,performance_shape_validation,[4096],[257],1,1,20260829,float32,0.09119556747428784,VALIDATED_FOR_MSPROF,511,compact,msprof_op_task_duration_acceptance,dense,2.10.0.post4.dev20260715,2.10.0+cpu,4,3.2.0,4ed83e755ec0ed2b7f4675dc9cd790f3a2f8164f
swa,c47f9bdcfb879eb73723521240a48a9bae99349d094a1fb82563535aabde82ec,4ed83e755ec0ed2b7f4675dc9cd790f3a2f8164f,"[64, 1]",64,native_NHD_then_page_head_token_dim_permute,a7dee0e77eec04063b09e30ffadbc546426deb74203e92e778deafe3ec464207,9.1.0,[4096],[257],swa_dense_m257_kv4096_uniform_compact_tp4,True,npu:5,5,Ascend950PR_957b,,bfloat16,False,256,0.0,_swa_paged_prefill_aggregation_sink_kernel,"[16384, 256, 256, 1]",4096,uniform,257,257,4096,28,1,6,56,64,13,candidate,3.11.10,257,"[1536, 256, 1]",1,performance_shape_validation,[4096],[257],1,1,20260829,float32,0.09119556747428784,VALIDATED_FOR_MSPROF,511,compact,msprof_op_task_duration_acceptance,dense,2.10.0.post4.dev20260715,2.10.0+cpu,4,3.2.0,4ed83e755ec0ed2b7f4675dc9cd790f3a2f8164f
swa,c47f9bdcfb879eb73723521240a48a9bae99349d094a1fb82563535aabde82ec,4ed83e755ec0ed2b7f4675dc9cd790f3a2f8164f,"[64, 1]",64,native_NHD_then_page_head_token_dim_permute,a7dee0e77eec04063b09e30ffadbc546426deb74203e92e778deafe3ec464207,9.1.0,[4096],[383],swa_dense_m383_kv4096_uniform_compact_tp4,True,npu:5,5,Ascend950PR_957b,,bfloat16,False,256,0.0,_swa_paged_prefill_aggregation_sink_kernel,"[16384, 256, 256, 1]",4096,uniform,383,383,4096,28,1,6,56,64,15,baseline,3.11.10,383,"[1536, 256, 1]",1,performance_shape_validation,[4096],[383],1,1,20260829,float32,0.09119556747428784,VALIDATED_FOR_MSPROF,511,compact,msprof_op_task_duration_acceptance,dense,2.10.0.post4.dev20260715,2.10.0+cpu,4,3.2.0,4ed83e755ec0ed2b7f4675dc9cd790f3a2f8164f
swa,c47f9bdcfb879eb73723521240a48a9bae99349d094a1fb82563535aabde82ec,4ed83e755ec0ed2b7f4675dc9cd790f3a2f8164f,"[64, 1]",64,native_NHD_then_page_head_token_dim_permute,a7dee0e77eec04063b09e30ffadbc546426deb74203e92e778deafe3ec464207,9.1.0,[4096],[383],swa_dense_m383_kv4096_uniform_compact_tp4,True,npu:5,5,Ascend950PR_957b,,bfloat16,False,256,0.0,_swa_paged_prefill_aggregation_sink_kernel,"[16384, 256, 256, 1]",4096,uniform,383,383,4096,28,1,6,56,64,15,candidate,3.11.10,383,"[1536, 256, 1]",1,performance_shape_validation,[4096],[383],1,1,20260829,float32,0.09119556747428784,VALIDATED_FOR_MSPROF,511,compact,msprof_op_task_duration_acceptance,dense,2.10.0.post4.dev20260715,2.10.0+cpu,4,3.2.0,4ed83e755ec0ed2b7f4675dc9cd790f3a2f8164f
swa,c47f9bdcfb879eb73723521240a48a9bae99349d094a1fb82563535aabde82ec,4ed83e755ec0ed2b7f4675dc9cd790f3a2f8164f,"[64, 1]",64,native_NHD_then_page_head_token_dim_permute,a7dee0e77eec04063b09e30ffadbc546426deb74203e92e778deafe3ec464207,9.1.0,[4096],[511],swa_dense_m511_kv4096_uniform_compact_tp4,True,npu:5,5,Ascend950PR_957b,,bfloat16,False,256,0.0,_swa_paged_prefill_aggregation_sink_kernel,"[16384, 256, 256, 1]",4096,uniform,511,511,4096,28,1,6,56,64,17,baseline,3.11.10,511,"[1536, 256, 1]",1,performance_shape_validation,[4096],[511],1,1,20260829,float32,0.09119556747428784,VALIDATED_FOR_MSPROF,511,compact,msprof_op_task_duration_acceptance,dense,2.10.0.post4.dev20260715,2.10.0+cpu,4,3.2.0,4ed83e755ec0ed2b7f4675dc9cd790f3a2f8164f
swa,c47f9bdcfb879eb73723521240a48a9bae99349d094a1fb82563535aabde82ec,4ed83e755ec0ed2b7f4675dc9cd790f3a2f8164f,"[64, 1]",64,native_NHD_then_page_head_token_dim_permute,a7dee0e77eec04063b09e30ffadbc546426deb74203e92e778deafe3ec464207,9.1.0,[4096],[511],swa_dense_m511_kv4096_uniform_compact_tp4,True,npu:5,5,Ascend950PR_957b,,bfloat16,False,256,0.0,_swa_paged_prefill_aggregation_sink_kernel,"[16384, 256, 256, 1]",4096,uniform,511,511,4096,28,1,6,56,64,17,candidate,3.11.10,511,"[1536, 256, 1]",1,performance_shape_validation,[4096],[511],1,1,20260829,float32,0.09119556747428784,VALIDATED_FOR_MSPROF,511,compact,msprof_op_task_duration_acceptance,dense,2.10.0.post4.dev20260715,2.10.0+cpu,4,3.2.0,4ed83e755ec0ed2b7f4675dc9cd790f3a2f8164f
swa,c47f9bdcfb879eb73723521240a48a9bae99349d094a1fb82563535aabde82ec,4ed83e755ec0ed2b7f4675dc9cd790f3a2f8164f,"[64, 1]",64,native_NHD_then_page_head_token_dim_permute,a7dee0e77eec04063b09e30ffadbc546426deb74203e92e778deafe3ec464207,9.1.0,[4096],[512],swa_dense_m512_kv4096_uniform_compact_tp4,True,npu:5,5,Ascend950PR_957b,,bfloat16,False,256,0.0,_swa_paged_prefill_aggregation_sink_kernel,"[16384, 256, 256, 1]",4096,uniform,512,512,4096,28,1,6,56,64,17,baseline,3.11.10,512,"[1536, 256, 1]",1,performance_shape_validation,[4096],[512],1,1,20260829,float32,0.09119556747428784,VALIDATED_FOR_MSPROF,511,compact,msprof_op_task_duration_acceptance,dense,2.10.0.post4.dev20260715,2.10.0+cpu,4,3.2.0,4ed83e755ec0ed2b7f4675dc9cd790f3a2f8164f
swa,c47f9bdcfb879eb73723521240a48a9bae99349d094a1fb82563535aabde82ec,4ed83e755ec0ed2b7f4675dc9cd790f3a2f8164f,"[64, 1]",64,native_NHD_then_page_head_token_dim_permute,a7dee0e77eec04063b09e30ffadbc546426deb74203e92e778deafe3ec464207,9.1.0,[4096],[512],swa_dense_m512_kv4096_uniform_compact_tp4,True,npu:5,5,Ascend950PR_957b,,bfloat16,False,256,0.0,_swa_paged_prefill_aggregation_sink_kernel,"[16384, 256, 256, 1]",4096,uniform,512,512,4096,28,1,6,56,64,17,candidate,3.11.10,512,"[1536, 256, 1]",1,performance_shape_validation,[4096],[512],1,1,20260829,float32,0.09119556747428784,VALIDATED_FOR_MSPROF,511,compact,msprof_op_task_duration_acceptance,dense,2.10.0.post4.dev20260715,2.10.0+cpu,4,3.2.0,4ed83e755ec0ed2b7f4675dc9cd790f3a2f8164f
swa,c47f9bdcfb879eb73723521240a48a9bae99349d094a1fb82563535aabde82ec,4ed83e755ec0ed2b7f4675dc9cd790f3a2f8164f,"[64, 1]",64,native_NHD_then_page_head_token_dim_permute,a7dee0e77eec04063b09e30ffadbc546426deb74203e92e778deafe3ec464207,9.1.0,[4096],[513],swa_dense_m513_kv4096_uniform_compact_tp4,True,npu:5,5,Ascend950PR_957b,,bfloat16,False,256,0.0,_swa_paged_prefill_aggregation_sink_kernel,"[16384, 256, 256, 1]",4096,uniform,513,513,4096,28,1,6,56,64,17,baseline,3.11.10,513,"[1536, 256, 1]",1,performance_shape_validation,[4096],[513],1,1,20260829,float32,0.09119556747428784,VALIDATED_FOR_MSPROF,511,compact,msprof_op_task_duration_acceptance,dense,2.10.0.post4.dev20260715,2.10.0+cpu,4,3.2.0,4ed83e755ec0ed2b7f4675dc9cd790f3a2f8164f
swa,c47f9bdcfb879eb73723521240a48a9bae99349d094a1fb82563535aabde82ec,4ed83e755ec0ed2b7f4675dc9cd790f3a2f8164f,"[64, 1]",64,native_NHD_then_page_head_token_dim_permute,a7dee0e77eec04063b09e30ffadbc546426deb74203e92e778deafe3ec464207,9.1.0,[4096],[513],swa_dense_m513_kv4096_uniform_compact_tp4,True,npu:5,5,Ascend950PR_957b,,bfloat16,False,256,0.0,_swa_paged_prefill_aggregation_sink_kernel,"[16384, 256, 256, 1]",4096,uniform,513,513,4096,28,1,6,56,64,17,candidate,3.11.10,513,"[1536, 256, 1]",1,performance_shape_validation,[4096],[513],1,1,20260829,float32,0.09119556747428784,VALIDATED_FOR_MSPROF,511,compact,msprof_op_task_duration_acceptance,dense,2.10.0.post4.dev20260715,2.10.0+cpu,4,3.2.0,4ed83e755ec0ed2b7f4675dc9cd790f3a2f8164f
swa,c47f9bdcfb879eb73723521240a48a9bae99349d094a1fb82563535aabde82ec,4ed83e755ec0ed2b7f4675dc9cd790f3a2f8164f,"[64, 1]",64,native_NHD_then_page_head_token_dim_permute,a7dee0e77eec04063b09e30ffadbc546426deb74203e92e778deafe3ec464207,9.1.0,[4096],[641],swa_dense_m641_kv4096_uniform_compact_tp4,True,npu:5,5,Ascend950PR_957b,,bfloat16,False,256,0.0,_swa_paged_prefill_aggregation_sink_kernel,"[16384, 256, 256, 1]",4096,uniform,641,641,4096,28,1,6,56,64,19,baseline,3.11.10,641,"[1536, 256, 1]",1,performance_shape_validation,[4096],[641],1,1,20260829,float32,0.09119556747428784,VALIDATED_FOR_MSPROF,511,compact,msprof_op_task_duration_acceptance,dense,2.10.0.post4.dev20260715,2.10.0+cpu,4,3.2.0,4ed83e755ec0ed2b7f4675dc9cd790f3a2f8164f
swa,c47f9bdcfb879eb73723521240a48a9bae99349d094a1fb82563535aabde82ec,4ed83e755ec0ed2b7f4675dc9cd790f3a2f8164f,"[64, 1]",64,native_NHD_then_page_head_token_dim_permute,a7dee0e77eec04063b09e30ffadbc546426deb74203e92e778deafe3ec464207,9.1.0,[4096],[641],swa_dense_m641_kv4096_uniform_compact_tp4,True,npu:5,5,Ascend950PR_957b,,bfloat16,False,256,0.0,_swa_paged_prefill_aggregation_sink_kernel,"[16384, 256, 256, 1]",4096,uniform,641,641,4096,28,1,6,56,64,19,candidate,3.11.10,641,"[1536, 256, 1]",1,performance_shape_validation,[4096],[641],1,1,20260829,float32,0.09119556747428784,VALIDATED_FOR_MSPROF,511,compact,msprof_op_task_duration_acceptance,dense,2.10.0.post4.dev20260715,2.10.0+cpu,4,3.2.0,4ed83e755ec0ed2b7f4675dc9cd790f3a2f8164f
swa,c47f9bdcfb879eb73723521240a48a9bae99349d094a1fb82563535aabde82ec,4ed83e755ec0ed2b7f4675dc9cd790f3a2f8164f,"[64, 1]",64,native_NHD_then_page_head_token_dim_permute,a7dee0e77eec04063b09e30ffadbc546426deb74203e92e778deafe3ec464207,9.1.0,[4096],[767],swa_dense_m767_kv4096_uniform_compact_tp4,True,npu:5,5,Ascend950PR_957b,,bfloat16,False,256,0.0,_swa_paged_prefill_aggregation_sink_kernel,"[16384, 256, 256, 1]",4096,uniform,767,767,4096,28,1,6,56,64,21,baseline,3.11.10,767,"[1536, 256, 1]",1,performance_shape_validation,[4096],[767],1,1,20260829,float32,0.09119556747428784,VALIDATED_FOR_MSPROF,511,compact,msprof_op_task_duration_acceptance,dense,2.10.0.post4.dev20260715,2.10.0+cpu,4,3.2.0,4ed83e755ec0ed2b7f4675dc9cd790f3a2f8164f
swa,c47f9bdcfb879eb73723521240a48a9bae99349d094a1fb82563535aabde82ec,4ed83e755ec0ed2b7f4675dc9cd790f3a2f8164f,"[64, 1]",64,native_NHD_then_page_head_token_dim_permute,a7dee0e77eec04063b09e30ffadbc546426deb74203e92e778deafe3ec464207,9.1.0,[4096],[767],swa_dense_m767_kv4096_uniform_compact_tp4,True,npu:5,5,Ascend950PR_957b,,bfloat16,False,256,0.0,_swa_paged_prefill_aggregation_sink_kernel,"[16384, 256, 256, 1]",4096,uniform,767,767,4096,28,1,6,56,64,21,candidate,3.11.10,767,"[1536, 256, 1]",1,performance_shape_validation,[4096],[767],1,1,20260829,float32,0.09119556747428784,VALIDATED_FOR_MSPROF,511,compact,msprof_op_task_duration_acceptance,dense,2.10.0.post4.dev20260715,2.10.0+cpu,4,3.2.0,4ed83e755ec0ed2b7f4675dc9cd790f3a2f8164f
swa,c47f9bdcfb879eb73723521240a48a9bae99349d094a1fb82563535aabde82ec,4ed83e755ec0ed2b7f4675dc9cd790f3a2f8164f,"[64, 1]",64,native_NHD_then_page_head_token_dim_permute,a7dee0e77eec04063b09e30ffadbc546426deb74203e92e778deafe3ec464207,9.1.0,[4096],[1023],swa_dense_m1023_kv4096_uniform_compact_tp4,True,npu:5,5,Ascend950PR_957b,,bfloat16,False,256,0.0,_swa_paged_prefill_aggregation_sink_kernel,"[16384, 256, 256, 1]",4096,uniform,1023,1023,4096,28,1,6,56,64,25,baseline,3.11.10,1023,"[1536, 256, 1]",1,performance_shape_validation,[4096],[1023],1,1,20260829,float32,0.09119556747428784,VALIDATED_FOR_MSPROF,511,compact,msprof_op_task_duration_acceptance,dense,2.10.0.post4.dev20260715,2.10.0+cpu,4,3.2.0,4ed83e755ec0ed2b7f4675dc9cd790f3a2f8164f
swa,c47f9bdcfb879eb73723521240a48a9bae99349d094a1fb82563535aabde82ec,4ed83e755ec0ed2b7f4675dc9cd790f3a2f8164f,"[64, 1]",64,native_NHD_then_page_head_token_dim_permute,a7dee0e77eec04063b09e30ffadbc546426deb74203e92e778deafe3ec464207,9.1.0,[4096],[1023],swa_dense_m1023_kv4096_uniform_compact_tp4,True,npu:5,5,Ascend950PR_957b,,bfloat16,False,256,0.0,_swa_paged_prefill_aggregation_sink_kernel,"[16384, 256, 256, 1]",4096,uniform,1023,1023,4096,28,1,6,56,64,25,candidate,3.11.10,1023,"[1536, 256, 1]",1,performance_shape_validation,[4096],[1023],1,1,20260829,float32,0.09119556747428784,VALIDATED_FOR_MSPROF,511,compact,msprof_op_task_duration_acceptance,dense,2.10.0.post4.dev20260715,2.10.0+cpu,4,3.2.0,4ed83e755ec0ed2b7f4675dc9cd790f3a2f8164f
full,c47f9bdcfb879eb73723521240a48a9bae99349d094a1fb82563535aabde82ec,4ed83e755ec0ed2b7f4675dc9cd790f3a2f8164f,"[64, 1]",64,native_NHD_then_page_head_token_dim_permute,a7dee0e77eec04063b09e30ffadbc546426deb74203e92e778deafe3ec464207,9.1.0,"[4079, 4042, 4005, 3968, 3931, 3894, 3857]","[2, 3, 2, 2, 2, 2, 2]",full_ragged_prefill_b7_m15_kv4096_ragged_compact_tp4,True,npu:5,5,Ascend950PR_957b,,bfloat16,False,256,0.25590392760932446,paged_prefill_page_aggregation_kernel,"[16384, 256, 256, 1]",4096,ragged,15,3,3857,28,1,6,56,64,438,baseline,3.11.10,15,"[1536, 256, 1]",7,performance_shape_validation,"[4079, 4042, 4005, 3968, 3931, 3894, 3857]","[2, 3, 2, 2, 2, 2, 2]",7,1,20260829,float32,0.09119556747428784,VALIDATED_FOR_MSPROF,,compact,msprof_op_task_duration_acceptance,ragged_prefill,2.10.0.post4.dev20260715,2.10.0+cpu,4,3.2.0,4ed83e755ec0ed2b7f4675dc9cd790f3a2f8164f
full,c47f9bdcfb879eb73723521240a48a9bae99349d094a1fb82563535aabde82ec,4ed83e755ec0ed2b7f4675dc9cd790f3a2f8164f,"[64, 1]",64,native_NHD_then_page_head_token_dim_permute,a7dee0e77eec04063b09e30ffadbc546426deb74203e92e778deafe3ec464207,9.1.0,"[4079, 4042, 4005, 3968, 3931, 3894, 3857]","[2, 3, 2, 2, 2, 2, 2]",full_ragged_prefill_b7_m15_kv4096_ragged_compact_tp4,True,npu:5,5,Ascend950PR_957b,,bfloat16,False,256,0.1774460542947054,paged_prefill_small_q_grouped_kernel,"[16384, 256, 256, 1]",4096,ragged,15,3,3857,28,1,6,56,64,438,candidate,3.11.10,15,"[1536, 256, 1]",7,performance_shape_validation,"[4079, 4042, 4005, 3968, 3931, 3894, 3857]","[2, 3, 2, 2, 2, 2, 2]",7,1,20260829,float32,0.09119556747428784,VALIDATED_FOR_MSPROF,,compact,msprof_op_task_duration_acceptance,ragged_prefill,2.10.0.post4.dev20260715,2.10.0+cpu,4,3.2.0,4ed83e755ec0ed2b7f4675dc9cd790f3a2f8164f
full,c47f9bdcfb879eb73723521240a48a9bae99349d094a1fb82563535aabde82ec,4ed83e755ec0ed2b7f4675dc9cd790f3a2f8164f,"[64, 1]",64,native_NHD_then_page_head_token_dim_permute,a7dee0e77eec04063b09e30ffadbc546426deb74203e92e778deafe3ec464207,9.1.0,"[4079, 4042, 4005, 3968, 3931, 3894, 3857]","[5, 6, 5, 5, 5, 5, 6]",full_ragged_prefill_b7_m37_kv4096_ragged_compact_tp4,True,npu:5,5,Ascend950PR_957b,,bfloat16,False,256,0.22758496925234795,paged_prefill_page_aggregation_kernel,"[16384, 256, 256, 1]",4096,ragged,37,6,3857,28,1,6,56,64,438,baseline,3.11.10,37,"[1536, 256, 1]",7,performance_shape_validation,"[4079, 4042, 4005, 3968, 3931, 3894, 3857]","[5, 6, 5, 5, 5, 5, 6]",7,1,20260829,float32,0.09119556747428784,VALIDATED_FOR_MSPROF,,compact,msprof_op_task_duration_acceptance,ragged_prefill,2.10.0.post4.dev20260715,2.10.0+cpu,4,3.2.0,4ed83e755ec0ed2b7f4675dc9cd790f3a2f8164f
full,c47f9bdcfb879eb73723521240a48a9bae99349d094a1fb82563535aabde82ec,4ed83e755ec0ed2b7f4675dc9cd790f3a2f8164f,"[64, 1]",64,native_NHD_then_page_head_token_dim_permute,a7dee0e77eec04063b09e30ffadbc546426deb74203e92e778deafe3ec464207,9.1.0,"[4079, 4042, 4005, 3968, 3931, 3894, 3857]","[5, 6, 5, 5, 5, 5, 6]",full_ragged_prefill_b7_m37_kv4096_ragged_compact_tp4,True,npu:5,5,Ascend950PR_957b,,bfloat16,False,256,0.16154698096215725,paged_prefill_mid_q_grouped_kernel,"[16384, 256, 256, 1]",4096,ragged,37,6,3857,28,1,6,56,64,438,candidate,3.11.10,37,"[1536, 256, 1]",7,performance_shape_validation,"[4079, 4042, 4005, 3968, 3931, 3894, 3857]","[5, 6, 5, 5, 5, 5, 6]",7,1,20260829,float32,0.09119556747428784,VALIDATED_FOR_MSPROF,,compact,msprof_op_task_duration_acceptance,ragged_prefill,2.10.0.post4.dev20260715,2.10.0+cpu,4,3.2.0,4ed83e755ec0ed2b7f4675dc9cd790f3a2f8164f
full,c47f9bdcfb879eb73723521240a48a9bae99349d094a1fb82563535aabde82ec,4ed83e755ec0ed2b7f4675dc9cd790f3a2f8164f,"[64, 1]",64,native_NHD_then_page_head_token_dim_permute,a7dee0e77eec04063b09e30ffadbc546426deb74203e92e778deafe3ec464207,9.1.0,"[4079, 4042, 4005, 3968, 3931, 3894, 3857]","[9, 9, 9, 9, 9, 9, 9]",full_ragged_prefill_b7_m63_kv4096_ragged_compact_tp4,True,npu:5,5,Ascend950PR_957b,,bfloat16,False,256,0.267143826931715,paged_prefill_page_aggregation_kernel,"[16384, 256, 256, 1]",4096,ragged,63,9,3857,28,1,6,56,64,438,baseline,3.11.10,63,"[1536, 256, 1]",7,performance_shape_validation,"[4079, 4042, 4005, 3968, 3931, 3894, 3857]","[9, 9, 9, 9, 9, 9, 9]",7,1,20260829,float32,0.09119556747428784,VALIDATED_FOR_MSPROF,,compact,msprof_op_task_duration_acceptance,ragged_prefill,2.10.0.post4.dev20260715,2.10.0+cpu,4,3.2.0,4ed83e755ec0ed2b7f4675dc9cd790f3a2f8164f
full,c47f9bdcfb879eb73723521240a48a9bae99349d094a1fb82563535aabde82ec,4ed83e755ec0ed2b7f4675dc9cd790f3a2f8164f,"[64, 1]",64,native_NHD_then_page_head_token_dim_permute,a7dee0e77eec04063b09e30ffadbc546426deb74203e92e778deafe3ec464207,9.1.0,"[4079, 4042, 4005, 3968, 3931, 3894, 3857]","[9, 9, 9, 9, 9, 9, 9]",full_ragged_prefill_b7_m63_kv4096_ragged_compact_tp4,True,npu:5,5,Ascend950PR_957b,,bfloat16,False,256,0.17860601656138897,paged_prefill_mid_q_grouped_kernel,"[16384, 256, 256, 1]",4096,ragged,63,9,3857,28,1,6,56,64,438,candidate,3.11.10,63,"[1536, 256, 1]",7,performance_shape_validation,"[4079, 4042, 4005, 3968, 3931, 3894, 3857]","[9, 9, 9, 9, 9, 9, 9]",7,1,20260829,float32,0.09119556747428784,VALIDATED_FOR_MSPROF,,compact,msprof_op_task_duration_acceptance,ragged_prefill,2.10.0.post4.dev20260715,2.10.0+cpu,4,3.2.0,4ed83e755ec0ed2b7f4675dc9cd790f3a2f8164f
full,c47f9bdcfb879eb73723521240a48a9bae99349d094a1fb82563535aabde82ec,4ed83e755ec0ed2b7f4675dc9cd790f3a2f8164f,"[64, 1]",64,native_NHD_then_page_head_token_dim_permute,a7dee0e77eec04063b09e30ffadbc546426deb74203e92e778deafe3ec464207,9.1.0,"[4079, 4042, 4005, 3968, 3931, 3894, 3857]","[18, 19, 18, 18, 18, 18, 18]",full_ragged_prefill_b7_m127_kv4096_ragged_compact_tp4,True,npu:5,5,Ascend950PR_957b,,bfloat16,False,256,0.2467248123139143,paged_prefill_page_aggregation_kernel,"[16384, 256, 256, 1]",4096,ragged,127,19,3857,28,1,6,56,64,438,baseline,3.11.10,127,"[1536, 256, 1]",7,performance_shape_validation,"[4079, 4042, 4005, 3968, 3931, 3894, 3857]","[18, 19, 18, 18, 18, 18, 18]",7,1,20260829,float32,0.09119556747428784,VALIDATED_FOR_MSPROF,,compact,msprof_op_task_duration_acceptance,ragged_prefill,2.10.0.post4.dev20260715,2.10.0+cpu,4,3.2.0,4ed83e755ec0ed2b7f4675dc9cd790f3a2f8164f
full,c47f9bdcfb879eb73723521240a48a9bae99349d094a1fb82563535aabde82ec,4ed83e755ec0ed2b7f4675dc9cd790f3a2f8164f,"[64, 1]",64,native_NHD_then_page_head_token_dim_permute,a7dee0e77eec04063b09e30ffadbc546426deb74203e92e778deafe3ec464207,9.1.0,"[4079, 4042, 4005, 3968, 3931, 3894, 3857]","[18, 19, 18, 18, 18, 18, 18]",full_ragged_prefill_b7_m127_kv4096_ragged_compact_tp4,True,npu:5,5,Ascend950PR_957b,,bfloat16,False,256,0.17272704280912876,paged_prefill_mid_q_grouped_kernel,"[16384, 256, 256, 1]",4096,ragged,127,19,3857,28,1,6,56,64,438,candidate,3.11.10,127,"[1536, 256, 1]",7,performance_shape_validation,"[4079, 4042, 4005, 3968, 3931, 3894, 3857]","[18, 19, 18, 18, 18, 18, 18]",7,1,20260829,float32,0.09119556747428784,VALIDATED_FOR_MSPROF,,compact,msprof_op_task_duration_acceptance,ragged_prefill,2.10.0.post4.dev20260715,2.10.0+cpu,4,3.2.0,4ed83e755ec0ed2b7f4675dc9cd790f3a2f8164f
swa,c47f9bdcfb879eb73723521240a48a9bae99349d094a1fb82563535aabde82ec,4ed83e755ec0ed2b7f4675dc9cd790f3a2f8164f,"[64, 1]",64,native_NHD_then_page_head_token_dim_permute,a7dee0e77eec04063b09e30ffadbc546426deb74203e92e778deafe3ec464207,9.1.0,"[4079, 4042, 4005, 3968, 3931, 3894, 3857]","[2, 3, 2, 2, 2, 2, 2]",swa_ragged_prefill_b7_m15_kv4096_ragged_compact_tp4,True,npu:5,5,Ascend950PR_957b,,bfloat16,False,256,0.0,_swa_paged_prefill_aggregation_sink_kernel,"[16384, 256, 256, 1]",4096,ragged,15,3,3857,28,1,6,56,64,64,baseline,3.11.10,15,"[1536, 256, 1]",7,performance_shape_validation,"[4079, 4042, 4005, 3968, 3931, 3894, 3857]","[2, 3, 2, 2, 2, 2, 2]",7,1,20260829,float32,0.09119556747428784,VALIDATED_FOR_MSPROF,511,compact,msprof_op_task_duration_acceptance,ragged_prefill,2.10.0.post4.dev20260715,2.10.0+cpu,4,3.2.0,4ed83e755ec0ed2b7f4675dc9cd790f3a2f8164f
swa,c47f9bdcfb879eb73723521240a48a9bae99349d094a1fb82563535aabde82ec,4ed83e755ec0ed2b7f4675dc9cd790f3a2f8164f,"[64, 1]",64,native_NHD_then_page_head_token_dim_permute,a7dee0e77eec04063b09e30ffadbc546426deb74203e92e778deafe3ec464207,9.1.0,"[4079, 4042, 4005, 3968, 3931, 3894, 3857]","[2, 3, 2, 2, 2, 2, 2]",swa_ragged_prefill_b7_m15_kv4096_ragged_compact_tp4,True,npu:5,5,Ascend950PR_957b,,bfloat16,False,256,0.0,_swa_paged_prefill_small_q_grouped_sink_kernel,"[16384, 256, 256, 1]",4096,ragged,15,3,3857,28,1,6,56,64,64,candidate,3.11.10,15,"[1536, 256, 1]",7,performance_shape_validation,"[4079, 4042, 4005, 3968, 3931, 3894, 3857]","[2, 3, 2, 2, 2, 2, 2]",7,1,20260829,float32,0.09119556747428784,VALIDATED_FOR_MSPROF,511,compact,msprof_op_task_duration_acceptance,ragged_prefill,2.10.0.post4.dev20260715,2.10.0+cpu,4,3.2.0,4ed83e755ec0ed2b7f4675dc9cd790f3a2f8164f
swa,c47f9bdcfb879eb73723521240a48a9bae99349d094a1fb82563535aabde82ec,4ed83e755ec0ed2b7f4675dc9cd790f3a2f8164f,"[64, 1]",64,native_NHD_then_page_head_token_dim_permute,a7dee0e77eec04063b09e30ffadbc546426deb74203e92e778deafe3ec464207,9.1.0,"[4079, 4042, 4005, 3968, 3931, 3894, 3857]","[5, 6, 5, 5, 5, 5, 6]",swa_ragged_prefill_b7_m37_kv4096_ragged_compact_tp4,True,npu:5,5,Ascend950PR_957b,,bfloat16,False,256,0.0,_swa_paged_prefill_aggregation_sink_kernel,"[16384, 256, 256, 1]",4096,ragged,37,6,3857,28,1,6,56,64,64,baseline,3.11.10,37,"[1536, 256, 1]",7,performance_shape_validation,"[4079, 4042, 4005, 3968, 3931, 3894, 3857]","[5, 6, 5, 5, 5, 5, 6]",7,1,20260829,float32,0.09119556747428784,VALIDATED_FOR_MSPROF,511,compact,msprof_op_task_duration_acceptance,ragged_prefill,2.10.0.post4.dev20260715,2.10.0+cpu,4,3.2.0,4ed83e755ec0ed2b7f4675dc9cd790f3a2f8164f
swa,c47f9bdcfb879eb73723521240a48a9bae99349d094a1fb82563535aabde82ec,4ed83e755ec0ed2b7f4675dc9cd790f3a2f8164f,"[64, 1]",64,native_NHD_then_page_head_token_dim_permute,a7dee0e77eec04063b09e30ffadbc546426deb74203e92e778deafe3ec464207,9.1.0,"[4079, 4042, 4005, 3968, 3931, 3894, 3857]","[5, 6, 5, 5, 5, 5, 6]",swa_ragged_prefill_b7_m37_kv4096_ragged_compact_tp4,True,npu:5,5,Ascend950PR_957b,,bfloat16,False,256,0.0,_swa_paged_prefill_aggregation_sink_kernel,"[16384, 256, 256, 1]",4096,ragged,37,6,3857,28,1,6,56,64,64,candidate,3.11.10,37,"[1536, 256, 1]",7,performance_shape_validation,"[4079, 4042, 4005, 3968, 3931, 3894, 3857]","[5, 6, 5, 5, 5, 5, 6]",7,1,20260829,float32,0.09119556747428784,VALIDATED_FOR_MSPROF,511,compact,msprof_op_task_duration_acceptance,ragged_prefill,2.10.0.post4.dev20260715,2.10.0+cpu,4,3.2.0,4ed83e755ec0ed2b7f4675dc9cd790f3a2f8164f
swa,c47f9bdcfb879eb73723521240a48a9bae99349d094a1fb82563535aabde82ec,4ed83e755ec0ed2b7f4675dc9cd790f3a2f8164f,"[64, 1]",64,native_NHD_then_page_head_token_dim_permute,a7dee0e77eec04063b09e30ffadbc546426deb74203e92e778deafe3ec464207,9.1.0,"[4079, 4042, 4005, 3968, 3931, 3894, 3857]","[9, 9, 9, 9, 9, 9, 9]",swa_ragged_prefill_b7_m63_kv4096_ragged_compact_tp4,True,npu:5,5,Ascend950PR_957b,,bfloat16,False,256,0.0,_swa_paged_prefill_aggregation_sink_kernel,"[16384, 256, 256, 1]",4096,ragged,63,9,3857,28,1,6,56,64,64,baseline,3.11.10,63,"[1536, 256, 1]",7,performance_shape_validation,"[4079, 4042, 4005, 3968, 3931, 3894, 3857]","[9, 9, 9, 9, 9, 9, 9]",7,1,20260829,float32,0.09119556747428784,VALIDATED_FOR_MSPROF,511,compact,msprof_op_task_duration_acceptance,ragged_prefill,2.10.0.post4.dev20260715,2.10.0+cpu,4,3.2.0,4ed83e755ec0ed2b7f4675dc9cd790f3a2f8164f
swa,c47f9bdcfb879eb73723521240a48a9bae99349d094a1fb82563535aabde82ec,4ed83e755ec0ed2b7f4675dc9cd790f3a2f8164f,"[64, 1]",64,native_NHD_then_page_head_token_dim_permute,a7dee0e77eec04063b09e30ffadbc546426deb74203e92e778deafe3ec464207,9.1.0,"[4079, 4042, 4005, 3968, 3931, 3894, 3857]","[9, 9, 9, 9, 9, 9, 9]",swa_ragged_prefill_b7_m63_kv4096_ragged_compact_tp4,True,npu:5,5,Ascend950PR_957b,,bfloat16,False,256,0.0,_swa_paged_prefill_aggregation_sink_kernel,"[16384, 256, 256, 1]",4096,ragged,63,9,3857,28,1,6,56,64,64,candidate,3.11.10,63,"[1536, 256, 1]",7,performance_shape_validation,"[4079, 4042, 4005, 3968, 3931, 3894, 3857]","[9, 9, 9, 9, 9, 9, 9]",7,1,20260829,float32,0.09119556747428784,VALIDATED_FOR_MSPROF,511,compact,msprof_op_task_duration_acceptance,ragged_prefill,2.10.0.post4.dev20260715,2.10.0+cpu,4,3.2.0,4ed83e755ec0ed2b7f4675dc9cd790f3a2f8164f
swa,c47f9bdcfb879eb73723521240a48a9bae99349d094a1fb82563535aabde82ec,4ed83e755ec0ed2b7f4675dc9cd790f3a2f8164f,"[64, 1]",64,native_NHD_then_page_head_token_dim_permute,a7dee0e77eec04063b09e30ffadbc546426deb74203e92e778deafe3ec464207,9.1.0,"[4079, 4042, 4005, 3968, 3931, 3894, 3857]","[18, 19, 18, 18, 18, 18, 18]",swa_ragged_prefill_b7_m127_kv4096_ragged_compact_tp4,True,npu:5,5,Ascend950PR_957b,,bfloat16,False,256,0.0,_swa_paged_prefill_aggregation_sink_kernel,"[16384, 256, 256, 1]",4096,ragged,127,19,3857,28,1,6,56,64,65,baseline,3.11.10,127,"[1536, 256, 1]",7,performance_shape_validation,"[4079, 4042, 4005, 3968, 3931, 3894, 3857]","[18, 19, 18, 18, 18, 18, 18]",7,1,20260829,float32,0.09119556747428784,VALIDATED_FOR_MSPROF,511,compact,msprof_op_task_duration_acceptance,ragged_prefill,2.10.0.post4.dev20260715,2.10.0+cpu,4,3.2.0,4ed83e755ec0ed2b7f4675dc9cd790f3a2f8164f
swa,c47f9bdcfb879eb73723521240a48a9bae99349d094a1fb82563535aabde82ec,4ed83e755ec0ed2b7f4675dc9cd790f3a2f8164f,"[64, 1]",64,native_NHD_then_page_head_token_dim_permute,a7dee0e77eec04063b09e30ffadbc546426deb74203e92e778deafe3ec464207,9.1.0,"[4079, 4042, 4005, 3968, 3931, 3894, 3857]","[18, 19, 18, 18, 18, 18, 18]",swa_ragged_prefill_b7_m127_kv4096_ragged_compact_tp4,True,npu:5,5,Ascend950PR_957b,,bfloat16,False,256,0.0,_swa_paged_prefill_aggregation_sink_kernel,"[16384, 256, 256, 1]",4096,ragged,127,19,3857,28,1,6,56,64,65,candidate,3.11.10,127,"[1536, 256, 1]",7,performance_shape_validation,"[4079, 4042, 4005, 3968, 3931, 3894, 3857]","[18, 19, 18, 18, 18, 18, 18]",7,1,20260829,float32,0.09119556747428784,VALIDATED_FOR_MSPROF,511,compact,msprof_op_task_duration_acceptance,ragged_prefill,2.10.0.post4.dev20260715,2.10.0+cpu,4,3.2.0,4ed83e755ec0ed2b7f4675dc9cd790f3a2f8164f
full,c47f9bdcfb879eb73723521240a48a9bae99349d094a1fb82563535aabde82ec,4ed83e755ec0ed2b7f4675dc9cd790f3a2f8164f,"[64, 1]",64,native_NHD_then_page_head_token_dim_permute,a7dee0e77eec04063b09e30ffadbc546426deb74203e92e778deafe3ec464207,9.1.0,"[4079, 4042, 4005, 3968, 3931, 3894, 3857, 4077, 4040, 4003, 3966, 3929, 3892, 3855, 4075, 4038]","[3, 3, 3, 3, 3, 3, 3, 3, 3, 3, 3, 3, 3, 3, 3, 3]",full_ragged_prefill_b16_m48_kv4096_ragged_compact_tp4,True,npu:5,5,Ascend950PR_957b,,bfloat16,False,256,0.3269040025770664,paged_prefill_page_aggregation_kernel,"[16384, 256, 256, 1]",4096,ragged,48,3,3855,28,1,6,56,64,1003,baseline,3.11.10,48,"[1536, 256, 1]",16,performance_shape_validation,"[4079, 4042, 4005, 3968, 3931, 3894, 3857, 4077, 4040, 4003, 3966, 3929, 3892, 3855, 4075, 4038]","[3, 3, 3, 3, 3, 3, 3, 3, 3, 3, 3, 3, 3, 3, 3, 3]",16,1,20260829,float32,0.09119556747428784,VALIDATED_FOR_MSPROF,,compact,msprof_op_task_duration_acceptance,ragged_prefill,2.10.0.post4.dev20260715,2.10.0+cpu,4,3.2.0,4ed83e755ec0ed2b7f4675dc9cd790f3a2f8164f
full,c47f9bdcfb879eb73723521240a48a9bae99349d094a1fb82563535aabde82ec,4ed83e755ec0ed2b7f4675dc9cd790f3a2f8164f,"[64, 1]",64,native_NHD_then_page_head_token_dim_permute,a7dee0e77eec04063b09e30ffadbc546426deb74203e92e778deafe3ec464207,9.1.0,"[4079, 4042, 4005, 3968, 3931, 3894, 3857, 4077, 4040, 4003, 3966, 3929, 3892, 3855, 4075, 4038]","[3, 3, 3, 3, 3, 3, 3, 3, 3, 3, 3, 3, 3, 3, 3, 3]",full_ragged_prefill_b16_m48_kv4096_ragged_compact_tp4,True,npu:5,5,Ascend950PR_957b,,bfloat16,False,256,0.25370391085743904,paged_prefill_small_q_grouped_kernel,"[16384, 256, 256, 1]",4096,ragged,48,3,3855,28,1,6,56,64,1003,candidate,3.11.10,48,"[1536, 256, 1]",16,performance_shape_validation,"[4079, 4042, 4005, 3968, 3931, 3894, 3857, 4077, 4040, 4003, 3966, 3929, 3892, 3855, 4075, 4038]","[3, 3, 3, 3, 3, 3, 3, 3, 3, 3, 3, 3, 3, 3, 3, 3]",16,1,20260829,float32,0.09119556747428784,VALIDATED_FOR_MSPROF,,compact,msprof_op_task_duration_acceptance,ragged_prefill,2.10.0.post4.dev20260715,2.10.0+cpu,4,3.2.0,4ed83e755ec0ed2b7f4675dc9cd790f3a2f8164f
full,c47f9bdcfb879eb73723521240a48a9bae99349d094a1fb82563535aabde82ec,4ed83e755ec0ed2b7f4675dc9cd790f3a2f8164f,"[64, 1]",64,native_NHD_then_page_head_token_dim_permute,a7dee0e77eec04063b09e30ffadbc546426deb74203e92e778deafe3ec464207,9.1.0,"[4079, 4042, 4005, 3968, 3931, 3894, 3857, 4077, 4040, 4003, 3966, 3929, 3892, 3855, 4075, 4038]","[5, 5, 4, 4, 5, 5, 5, 4, 4, 5, 5, 5, 4, 4, 4, 5]",full_ragged_prefill_b16_m73_kv4096_ragged_compact_tp4,True,npu:5,5,Ascend950PR_957b,,bfloat16,False,256,0.3075040876865387,paged_prefill_page_aggregation_kernel,"[16384, 256, 256, 1]",4096,ragged,73,5,3855,28,1,6,56,64,1003,baseline,3.11.10,73,"[1536, 256, 1]",16,performance_shape_validation,"[4079, 4042, 4005, 3968, 3931, 3894, 3857, 4077, 4040, 4003, 3966, 3929, 3892, 3855, 4075, 4038]","[5, 5, 4, 4, 5, 5, 5, 4, 4, 5, 5, 5, 4, 4, 4, 5]",16,1,20260829,float32,0.09119556747428784,VALIDATED_FOR_MSPROF,,compact,msprof_op_task_duration_acceptance,ragged_prefill,2.10.0.post4.dev20260715,2.10.0+cpu,4,3.2.0,4ed83e755ec0ed2b7f4675dc9cd790f3a2f8164f
full,c47f9bdcfb879eb73723521240a48a9bae99349d094a1fb82563535aabde82ec,4ed83e755ec0ed2b7f4675dc9cd790f3a2f8164f,"[64, 1]",64,native_NHD_then_page_head_token_dim_permute,a7dee0e77eec04063b09e30ffadbc546426deb74203e92e778deafe3ec464207,9.1.0,"[4079, 4042, 4005, 3968, 3931, 3894, 3857, 4077, 4040, 4003, 3966, 3929, 3892, 3855, 4075, 4038]","[5, 5, 4, 4, 5, 5, 5, 4, 4, 5, 5, 5, 4, 4, 4, 5]",full_ragged_prefill_b16_m73_kv4096_ragged_compact_tp4,True,npu:5,5,Ascend950PR_957b,,bfloat16,False,256,0.2385149709880352,paged_prefill_mid_q_grouped_kernel,"[16384, 256, 256, 1]",4096,ragged,73,5,3855,28,1,6,56,64,1003,candidate,3.11.10,73,"[1536, 256, 1]",16,performance_shape_validation,"[4079, 4042, 4005, 3968, 3931, 3894, 3857, 4077, 4040, 4003, 3966, 3929, 3892, 3855, 4075, 4038]","[5, 5, 4, 4, 5, 5, 5, 4, 4, 5, 5, 5, 4, 4, 4, 5]",16,1,20260829,float32,0.09119556747428784,VALIDATED_FOR_MSPROF,,compact,msprof_op_task_duration_acceptance,ragged_prefill,2.10.0.post4.dev20260715,2.10.0+cpu,4,3.2.0,4ed83e755ec0ed2b7f4675dc9cd790f3a2f8164f
full,c47f9bdcfb879eb73723521240a48a9bae99349d094a1fb82563535aabde82ec,4ed83e755ec0ed2b7f4675dc9cd790f3a2f8164f,"[64, 1]",64,native_NHD_then_page_head_token_dim_permute,a7dee0e77eec04063b09e30ffadbc546426deb74203e92e778deafe3ec464207,9.1.0,"[4079, 4042, 4005, 3968, 3931, 3894, 3857, 4077, 4040, 4003, 3966, 3929, 3892, 3855, 4075, 4038]","[8, 8, 8, 8, 8, 8, 8, 8, 8, 8, 8, 8, 8, 8, 8, 8]",full_ragged_prefill_b16_m128_kv4096_ragged_compact_tp4,True,npu:5,5,Ascend950PR_957b,,bfloat16,False,256,0.3212331794202328,paged_prefill_page_aggregation_kernel,"[16384, 256, 256, 1]",4096,ragged,128,8,3855,28,1,6,56,64,1003,baseline,3.11.10,128,"[1536, 256, 1]",16,performance_shape_validation,"[4079, 4042, 4005, 3968, 3931, 3894, 3857, 4077, 4040, 4003, 3966, 3929, 3892, 3855, 4075, 4038]","[8, 8, 8, 8, 8, 8, 8, 8, 8, 8, 8, 8, 8, 8, 8, 8]",16,1,20260829,float32,0.09119556747428784,VALIDATED_FOR_MSPROF,,compact,msprof_op_task_duration_acceptance,ragged_prefill,2.10.0.post4.dev20260715,2.10.0+cpu,4,3.2.0,4ed83e755ec0ed2b7f4675dc9cd790f3a2f8164f
full,c47f9bdcfb879eb73723521240a48a9bae99349d094a1fb82563535aabde82ec,4ed83e755ec0ed2b7f4675dc9cd790f3a2f8164f,"[64, 1]",64,native_NHD_then_page_head_token_dim_permute,a7dee0e77eec04063b09e30ffadbc546426deb74203e92e778deafe3ec464207,9.1.0,"[4079, 4042, 4005, 3968, 3931, 3894, 3857, 4077, 4040, 4003, 3966, 3929, 3892, 3855, 4075, 4038]","[8, 8, 8, 8, 8, 8, 8, 8, 8, 8, 8, 8, 8, 8, 8, 8]",full_ragged_prefill_b16_m128_kv4096_ragged_compact_tp4,True,npu:5,5,Ascend950PR_957b,,bfloat16,False,256,0.23468490689992905,paged_prefill_mid_q_grouped_kernel,"[16384, 256, 256, 1]",4096,ragged,128,8,3855,28,1,6,56,64,1003,candidate,3.11.10,128,"[1536, 256, 1]",16,performance_shape_validation,"[4079, 4042, 4005, 3968, 3931, 3894, 3857, 4077, 4040, 4003, 3966, 3929, 3892, 3855, 4075, 4038]","[8, 8, 8, 8, 8, 8, 8, 8, 8, 8, 8, 8, 8, 8, 8, 8]",16,1,20260829,float32,0.09119556747428784,VALIDATED_FOR_MSPROF,,compact,msprof_op_task_duration_acceptance,ragged_prefill,2.10.0.post4.dev20260715,2.10.0+cpu,4,3.2.0,4ed83e755ec0ed2b7f4675dc9cd790f3a2f8164f
full,c47f9bdcfb879eb73723521240a48a9bae99349d094a1fb82563535aabde82ec,4ed83e755ec0ed2b7f4675dc9cd790f3a2f8164f,"[64, 1]",64,native_NHD_then_page_head_token_dim_permute,a7dee0e77eec04063b09e30ffadbc546426deb74203e92e778deafe3ec464207,9.1.0,"[4079, 4042, 4005, 3968, 3931, 3894, 3857, 4077, 4040, 4003, 3966, 3929, 3892, 3855, 4075, 4038]","[32, 33, 32, 32, 32, 32, 32, 32, 32, 32, 32, 32, 32, 32, 32, 32]",full_ragged_prefill_b16_m513_kv4096_ragged_compact_tp4,True,npu:5,5,Ascend950PR_957b,,bfloat16,False,256,0.3180829808115959,paged_prefill_page_aggregation_kernel,"[16384, 256, 256, 1]",4096,ragged,513,33,3855,28,1,6,56,64,1003,baseline,3.11.10,513,"[1536, 256, 1]",16,performance_shape_validation,"[4079, 4042, 4005, 3968, 3931, 3894, 3857, 4077, 4040, 4003, 3966, 3929, 3892, 3855, 4075, 4038]","[32, 33, 32, 32, 32, 32, 32, 32, 32, 32, 32, 32, 32, 32, 32, 32]",16,1,20260829,float32,0.09119556747428784,VALIDATED_FOR_MSPROF,,compact,msprof_op_task_duration_acceptance,ragged_prefill,2.10.0.post4.dev20260715,2.10.0+cpu,4,3.2.0,4ed83e755ec0ed2b7f4675dc9cd790f3a2f8164f
full,c47f9bdcfb879eb73723521240a48a9bae99349d094a1fb82563535aabde82ec,4ed83e755ec0ed2b7f4675dc9cd790f3a2f8164f,"[64, 1]",64,native_NHD_then_page_head_token_dim_permute,a7dee0e77eec04063b09e30ffadbc546426deb74203e92e778deafe3ec464207,9.1.0,"[4079, 4042, 4005, 3968, 3931, 3894, 3857, 4077, 4040, 4003, 3966, 3929, 3892, 3855, 4075, 4038]","[32, 33, 32, 32, 32, 32, 32, 32, 32, 32, 32, 32, 32, 32, 32, 32]",full_ragged_prefill_b16_m513_kv4096_ragged_compact_tp4,True,npu:5,5,Ascend950PR_957b,,bfloat16,False,256,0.24036504328250885,paged_prefill_mid_q_grouped_kernel,"[16384, 256, 256, 1]",4096,ragged,513,33,3855,28,1,6,56,64,1003,candidate,3.11.10,513,"[1536, 256, 1]",16,performance_shape_validation,"[4079, 4042, 4005, 3968, 3931, 3894, 3857, 4077, 4040, 4003, 3966, 3929, 3892, 3855, 4075, 4038]","[32, 33, 32, 32, 32, 32, 32, 32, 32, 32, 32, 32, 32, 32, 32, 32]",16,1,20260829,float32,0.09119556747428784,VALIDATED_FOR_MSPROF,,compact,msprof_op_task_duration_acceptance,ragged_prefill,2.10.0.post4.dev20260715,2.10.0+cpu,4,3.2.0,4ed83e755ec0ed2b7f4675dc9cd790f3a2f8164f
full,c47f9bdcfb879eb73723521240a48a9bae99349d094a1fb82563535aabde82ec,4ed83e755ec0ed2b7f4675dc9cd790f3a2f8164f,"[64, 1]",64,native_NHD_then_page_head_token_dim_permute,a7dee0e77eec04063b09e30ffadbc546426deb74203e92e778deafe3ec464207,9.1.0,"[4079, 4042, 4005, 3968, 3931, 3894, 3857, 4077, 4040, 4003, 3966, 3929, 3892, 3855, 4075, 4038]","[64, 64, 64, 64, 64, 64, 64, 64, 64, 64, 64, 64, 64, 64, 64, 64]",full_ragged_prefill_b16_m1024_kv4096_ragged_compact_tp4,True,npu:5,5,Ascend950PR_957b,,bfloat16,False,256,0.323473010212183,paged_prefill_page_aggregation_kernel,"[16384, 256, 256, 1]",4096,ragged,1024,64,3855,28,1,6,56,64,1003,baseline,3.11.10,1024,"[1536, 256, 1]",16,performance_shape_validation,"[4079, 4042, 4005, 3968, 3931, 3894, 3857, 4077, 4040, 4003, 3966, 3929, 3892, 3855, 4075, 4038]","[64, 64, 64, 64, 64, 64, 64, 64, 64, 64, 64, 64, 64, 64, 64, 64]",16,1,20260829,float32,0.09119556747428784,VALIDATED_FOR_MSPROF,,compact,msprof_op_task_duration_acceptance,ragged_prefill,2.10.0.post4.dev20260715,2.10.0+cpu,4,3.2.0,4ed83e755ec0ed2b7f4675dc9cd790f3a2f8164f
full,c47f9bdcfb879eb73723521240a48a9bae99349d094a1fb82563535aabde82ec,4ed83e755ec0ed2b7f4675dc9cd790f3a2f8164f,"[64, 1]",64,native_NHD_then_page_head_token_dim_permute,a7dee0e77eec04063b09e30ffadbc546426deb74203e92e778deafe3ec464207,9.1.0,"[4079, 4042, 4005, 3968, 3931, 3894, 3857, 4077, 4040, 4003, 3966, 3929, 3892, 3855, 4075, 4038]","[64, 64, 64, 64, 64, 64, 64, 64, 64, 64, 64, 64, 64, 64, 64, 64]",full_ragged_prefill_b16_m1024_kv4096_ragged_compact_tp4,True,npu:5,5,Ascend950PR_957b,,bfloat16,False,256,0.25287503376603127,paged_prefill_mid_q_grouped_kernel,"[16384, 256, 256, 1]",4096,ragged,1024,64,3855,28,1,6,56,64,1003,candidate,3.11.10,1024,"[1536, 256, 1]",16,performance_shape_validation,"[4079, 4042, 4005, 3968, 3931, 3894, 3857, 4077, 4040, 4003, 3966, 3929, 3892, 3855, 4075, 4038]","[64, 64, 64, 64, 64, 64, 64, 64, 64, 64, 64, 64, 64, 64, 64, 64]",16,1,20260829,float32,0.09119556747428784,VALIDATED_FOR_MSPROF,,compact,msprof_op_task_duration_acceptance,ragged_prefill,2.10.0.post4.dev20260715,2.10.0+cpu,4,3.2.0,4ed83e755ec0ed2b7f4675dc9cd790f3a2f8164f
swa,c47f9bdcfb879eb73723521240a48a9bae99349d094a1fb82563535aabde82ec,4ed83e755ec0ed2b7f4675dc9cd790f3a2f8164f,"[64, 1]",64,native_NHD_then_page_head_token_dim_permute,a7dee0e77eec04063b09e30ffadbc546426deb74203e92e778deafe3ec464207,9.1.0,"[4079, 4042, 4005, 3968, 3931, 3894, 3857, 4077, 4040, 4003, 3966, 3929, 3892, 3855, 4075, 4038]","[3, 3, 3, 3, 3, 3, 3, 3, 3, 3, 3, 3, 3, 3, 3, 3]",swa_ragged_prefill_b16_m48_kv4096_ragged_compact_tp4,True,npu:5,5,Ascend950PR_957b,,bfloat16,False,256,0.0,_swa_paged_prefill_aggregation_sink_kernel,"[16384, 256, 256, 1]",4096,ragged,48,3,3855,28,1,6,56,64,145,baseline,3.11.10,48,"[1536, 256, 1]",16,performance_shape_validation,"[4079, 4042, 4005, 3968, 3931, 3894, 3857, 4077, 4040, 4003, 3966, 3929, 3892, 3855, 4075, 4038]","[3, 3, 3, 3, 3, 3, 3, 3, 3, 3, 3, 3, 3, 3, 3, 3]",16,1,20260829,float32,0.09119556747428784,VALIDATED_FOR_MSPROF,511,compact,msprof_op_task_duration_acceptance,ragged_prefill,2.10.0.post4.dev20260715,2.10.0+cpu,4,3.2.0,4ed83e755ec0ed2b7f4675dc9cd790f3a2f8164f
swa,c47f9bdcfb879eb73723521240a48a9bae99349d094a1fb82563535aabde82ec,4ed83e755ec0ed2b7f4675dc9cd790f3a2f8164f,"[64, 1]",64,native_NHD_then_page_head_token_dim_permute,a7dee0e77eec04063b09e30ffadbc546426deb74203e92e778deafe3ec464207,9.1.0,"[4079, 4042, 4005, 3968, 3931, 3894, 3857, 4077, 4040, 4003, 3966, 3929, 3892, 3855, 4075, 4038]","[3, 3, 3, 3, 3, 3, 3, 3, 3, 3, 3, 3, 3, 3, 3, 3]",swa_ragged_prefill_b16_m48_kv4096_ragged_compact_tp4,True,npu:5,5,Ascend950PR_957b,,bfloat16,False,256,0.0,_swa_paged_prefill_small_q_grouped_sink_kernel,"[16384, 256, 256, 1]",4096,ragged,48,3,3855,28,1,6,56,64,145,candidate,3.11.10,48,"[1536, 256, 1]",16,performance_shape_validation,"[4079, 4042, 4005, 3968, 3931, 3894, 3857, 4077, 4040, 4003, 3966, 3929, 3892, 3855, 4075, 4038]","[3, 3, 3, 3, 3, 3, 3, 3, 3, 3, 3, 3, 3, 3, 3, 3]",16,1,20260829,float32,0.09119556747428784,VALIDATED_FOR_MSPROF,511,compact,msprof_op_task_duration_acceptance,ragged_prefill,2.10.0.post4.dev20260715,2.10.0+cpu,4,3.2.0,4ed83e755ec0ed2b7f4675dc9cd790f3a2f8164f
swa,c47f9bdcfb879eb73723521240a48a9bae99349d094a1fb82563535aabde82ec,4ed83e755ec0ed2b7f4675dc9cd790f3a2f8164f,"[64, 1]",64,native_NHD_then_page_head_token_dim_permute,a7dee0e77eec04063b09e30ffadbc546426deb74203e92e778deafe3ec464207,9.1.0,"[4079, 4042, 4005, 3968, 3931, 3894, 3857, 4077, 4040, 4003, 3966, 3929, 3892, 3855, 4075, 4038]","[5, 5, 4, 4, 5, 5, 5, 4, 4, 5, 5, 5, 4, 4, 4, 5]",swa_ragged_prefill_b16_m73_kv4096_ragged_compact_tp4,True,npu:5,5,Ascend950PR_957b,,bfloat16,False,256,0.0,_swa_paged_prefill_aggregation_sink_kernel,"[16384, 256, 256, 1]",4096,ragged,73,5,3855,28,1,6,56,64,145,baseline,3.11.10,73,"[1536, 256, 1]",16,performance_shape_validation,"[4079, 4042, 4005, 3968, 3931, 3894, 3857, 4077, 4040, 4003, 3966, 3929, 3892, 3855, 4075, 4038]","[5, 5, 4, 4, 5, 5, 5, 4, 4, 5, 5, 5, 4, 4, 4, 5]",16,1,20260829,float32,0.09119556747428784,VALIDATED_FOR_MSPROF,511,compact,msprof_op_task_duration_acceptance,ragged_prefill,2.10.0.post4.dev20260715,2.10.0+cpu,4,3.2.0,4ed83e755ec0ed2b7f4675dc9cd790f3a2f8164f
swa,c47f9bdcfb879eb73723521240a48a9bae99349d094a1fb82563535aabde82ec,4ed83e755ec0ed2b7f4675dc9cd790f3a2f8164f,"[64, 1]",64,native_NHD_then_page_head_token_dim_permute,a7dee0e77eec04063b09e30ffadbc546426deb74203e92e778deafe3ec464207,9.1.0,"[4079, 4042, 4005, 3968, 3931, 3894, 3857, 4077, 4040, 4003, 3966, 3929, 3892, 3855, 4075, 4038]","[5, 5, 4, 4, 5, 5, 5, 4, 4, 5, 5, 5, 4, 4, 4, 5]",swa_ragged_prefill_b16_m73_kv4096_ragged_compact_tp4,True,npu:5,5,Ascend950PR_957b,,bfloat16,False,256,0.0,_swa_paged_prefill_aggregation_sink_kernel,"[16384, 256, 256, 1]",4096,ragged,73,5,3855,28,1,6,56,64,145,candidate,3.11.10,73,"[1536, 256, 1]",16,performance_shape_validation,"[4079, 4042, 4005, 3968, 3931, 3894, 3857, 4077, 4040, 4003, 3966, 3929, 3892, 3855, 4075, 4038]","[5, 5, 4, 4, 5, 5, 5, 4, 4, 5, 5, 5, 4, 4, 4, 5]",16,1,20260829,float32,0.09119556747428784,VALIDATED_FOR_MSPROF,511,compact,msprof_op_task_duration_acceptance,ragged_prefill,2.10.0.post4.dev20260715,2.10.0+cpu,4,3.2.0,4ed83e755ec0ed2b7f4675dc9cd790f3a2f8164f
swa,c47f9bdcfb879eb73723521240a48a9bae99349d094a1fb82563535aabde82ec,4ed83e755ec0ed2b7f4675dc9cd790f3a2f8164f,"[64, 1]",64,native_NHD_then_page_head_token_dim_permute,a7dee0e77eec04063b09e30ffadbc546426deb74203e92e778deafe3ec464207,9.1.0,"[4079, 4042, 4005, 3968, 3931, 3894, 3857, 4077, 4040, 4003, 3966, 3929, 3892, 3855, 4075, 4038]","[8, 8, 8, 8, 8, 8, 8, 8, 8, 8, 8, 8, 8, 8, 8, 8]",swa_ragged_prefill_b16_m128_kv4096_ragged_compact_tp4,True,npu:5,5,Ascend950PR_957b,,bfloat16,False,256,0.0,_swa_paged_prefill_aggregation_sink_kernel,"[16384, 256, 256, 1]",4096,ragged,128,8,3855,28,1,6,56,64,146,baseline,3.11.10,128,"[1536, 256, 1]",16,performance_shape_validation,"[4079, 4042, 4005, 3968, 3931, 3894, 3857, 4077, 4040, 4003, 3966, 3929, 3892, 3855, 4075, 4038]","[8, 8, 8, 8, 8, 8, 8, 8, 8, 8, 8, 8, 8, 8, 8, 8]",16,1,20260829,float32,0.09119556747428784,VALIDATED_FOR_MSPROF,511,compact,msprof_op_task_duration_acceptance,ragged_prefill,2.10.0.post4.dev20260715,2.10.0+cpu,4,3.2.0,4ed83e755ec0ed2b7f4675dc9cd790f3a2f8164f
swa,c47f9bdcfb879eb73723521240a48a9bae99349d094a1fb82563535aabde82ec,4ed83e755ec0ed2b7f4675dc9cd790f3a2f8164f,"[64, 1]",64,native_NHD_then_page_head_token_dim_permute,a7dee0e77eec04063b09e30ffadbc546426deb74203e92e778deafe3ec464207,9.1.0,"[4079, 4042, 4005, 3968, 3931, 3894, 3857, 4077, 4040, 4003, 3966, 3929, 3892, 3855, 4075, 4038]","[8, 8, 8, 8, 8, 8, 8, 8, 8, 8, 8, 8, 8, 8, 8, 8]",swa_ragged_prefill_b16_m128_kv4096_ragged_compact_tp4,True,npu:5,5,Ascend950PR_957b,,bfloat16,False,256,0.0,_swa_paged_prefill_aggregation_sink_kernel,"[16384, 256, 256, 1]",4096,ragged,128,8,3855,28,1,6,56,64,146,candidate,3.11.10,128,"[1536, 256, 1]",16,performance_shape_validation,"[4079, 4042, 4005, 3968, 3931, 3894, 3857, 4077, 4040, 4003, 3966, 3929, 3892, 3855, 4075, 4038]","[8, 8, 8, 8, 8, 8, 8, 8, 8, 8, 8, 8, 8, 8, 8, 8]",16,1,20260829,float32,0.09119556747428784,VALIDATED_FOR_MSPROF,511,compact,msprof_op_task_duration_acceptance,ragged_prefill,2.10.0.post4.dev20260715,2.10.0+cpu,4,3.2.0,4ed83e755ec0ed2b7f4675dc9cd790f3a2f8164f
swa,c47f9bdcfb879eb73723521240a48a9bae99349d094a1fb82563535aabde82ec,4ed83e755ec0ed2b7f4675dc9cd790f3a2f8164f,"[64, 1]",64,native_NHD_then_page_head_token_dim_permute,a7dee0e77eec04063b09e30ffadbc546426deb74203e92e778deafe3ec464207,9.1.0,"[4079, 4042, 4005, 3968, 3931, 3894, 3857, 4077, 4040, 4003, 3966, 3929, 3892, 3855, 4075, 4038]","[32, 33, 32, 32, 32, 32, 32, 32, 32, 32, 32, 32, 32, 32, 32, 32]",swa_ragged_prefill_b16_m513_kv4096_ragged_compact_tp4,True,npu:5,5,Ascend950PR_957b,,bfloat16,False,256,0.0,_swa_paged_prefill_aggregation_sink_kernel,"[16384, 256, 256, 1]",4096,ragged,513,33,3855,28,1,6,56,64,152,baseline,3.11.10,513,"[1536, 256, 1]",16,performance_shape_validation,"[4079, 4042, 4005, 3968, 3931, 3894, 3857, 4077, 4040, 4003, 3966, 3929, 3892, 3855, 4075, 4038]","[32, 33, 32, 32, 32, 32, 32, 32, 32, 32, 32, 32, 32, 32, 32, 32]",16,1,20260829,float32,0.09119556747428784,VALIDATED_FOR_MSPROF,511,compact,msprof_op_task_duration_acceptance,ragged_prefill,2.10.0.post4.dev20260715,2.10.0+cpu,4,3.2.0,4ed83e755ec0ed2b7f4675dc9cd790f3a2f8164f
swa,c47f9bdcfb879eb73723521240a48a9bae99349d094a1fb82563535aabde82ec,4ed83e755ec0ed2b7f4675dc9cd790f3a2f8164f,"[64, 1]",64,native_NHD_then_page_head_token_dim_permute,a7dee0e77eec04063b09e30ffadbc546426deb74203e92e778deafe3ec464207,9.1.0,"[4079, 4042, 4005, 3968, 3931, 3894, 3857, 4077, 4040, 4003, 3966, 3929, 3892, 3855, 4075, 4038]","[32, 33, 32, 32, 32, 32, 32, 32, 32, 32, 32, 32, 32, 32, 32, 32]",swa_ragged_prefill_b16_m513_kv4096_ragged_compact_tp4,True,npu:5,5,Ascend950PR_957b,,bfloat16,False,256,0.0,_swa_paged_prefill_aggregation_sink_kernel,"[16384, 256, 256, 1]",4096,ragged,513,33,3855,28,1,6,56,64,152,candidate,3.11.10,513,"[1536, 256, 1]",16,performance_shape_validation,"[4079, 4042, 4005, 3968, 3931, 3894, 3857, 4077, 4040, 4003, 3966, 3929, 3892, 3855, 4075, 4038]","[32, 33, 32, 32, 32, 32, 32, 32, 32, 32, 32, 32, 32, 32, 32, 32]",16,1,20260829,float32,0.09119556747428784,VALIDATED_FOR_MSPROF,511,compact,msprof_op_task_duration_acceptance,ragged_prefill,2.10.0.post4.dev20260715,2.10.0+cpu,4,3.2.0,4ed83e755ec0ed2b7f4675dc9cd790f3a2f8164f
swa,c47f9bdcfb879eb73723521240a48a9bae99349d094a1fb82563535aabde82ec,4ed83e755ec0ed2b7f4675dc9cd790f3a2f8164f,"[64, 1]",64,native_NHD_then_page_head_token_dim_permute,a7dee0e77eec04063b09e30ffadbc546426deb74203e92e778deafe3ec464207,9.1.0,"[4079, 4042, 4005, 3968, 3931, 3894, 3857, 4077, 4040, 4003, 3966, 3929, 3892, 3855, 4075, 4038]","[64, 64, 64, 64, 64, 64, 64, 64, 64, 64, 64, 64, 64, 64, 64, 64]",swa_ragged_prefill_b16_m1024_kv4096_ragged_compact_tp4,True,npu:5,5,Ascend950PR_957b,,bfloat16,False,256,0.0,_swa_paged_prefill_aggregation_sink_kernel,"[16384, 256, 256, 1]",4096,ragged,1024,64,3855,28,1,6,56,64,160,baseline,3.11.10,1024,"[1536, 256, 1]",16,performance_shape_validation,"[4079, 4042, 4005, 3968, 3931, 3894, 3857, 4077, 4040, 4003, 3966, 3929, 3892, 3855, 4075, 4038]","[64, 64, 64, 64, 64, 64, 64, 64, 64, 64, 64, 64, 64, 64, 64, 64]",16,1,20260829,float32,0.09119556747428784,VALIDATED_FOR_MSPROF,511,compact,msprof_op_task_duration_acceptance,ragged_prefill,2.10.0.post4.dev20260715,2.10.0+cpu,4,3.2.0,4ed83e755ec0ed2b7f4675dc9cd790f3a2f8164f
swa,c47f9bdcfb879eb73723521240a48a9bae99349d094a1fb82563535aabde82ec,4ed83e755ec0ed2b7f4675dc9cd790f3a2f8164f,"[64, 1]",64,native_NHD_then_page_head_token_dim_permute,a7dee0e77eec04063b09e30ffadbc546426deb74203e92e778deafe3ec464207,9.1.0,"[4079, 4042, 4005, 3968, 3931, 3894, 3857, 4077, 4040, 4003, 3966, 3929, 3892, 3855, 4075, 4038]","[64, 64, 64, 64, 64, 64, 64, 64, 64, 64, 64, 64, 64, 64, 64, 64]",swa_ragged_prefill_b16_m1024_kv4096_ragged_compact_tp4,True,npu:5,5,Ascend950PR_957b,,bfloat16,False,256,0.0,_swa_paged_prefill_aggregation_sink_kernel,"[16384, 256, 256, 1]",4096,ragged,1024,64,3855,28,1,6,56,64,160,candidate,3.11.10,1024,"[1536, 256, 1]",16,performance_shape_validation,"[4079, 4042, 4005, 3968, 3931, 3894, 3857, 4077, 4040, 4003, 3966, 3929, 3892, 3855, 4075, 4038]","[64, 64, 64, 64, 64, 64, 64, 64, 64, 64, 64, 64, 64, 64, 64, 64]",16,1,20260829,float32,0.09119556747428784,VALIDATED_FOR_MSPROF,511,compact,msprof_op_task_duration_acceptance,ragged_prefill,2.10.0.post4.dev20260715,2.10.0+cpu,4,3.2.0,4ed83e755ec0ed2b7f4675dc9cd790f3a2f8164f
full,c47f9bdcfb879eb73723521240a48a9bae99349d094a1fb82563535aabde82ec,4ed83e755ec0ed2b7f4675dc9cd790f3a2f8164f,"[64, 1]",64,native_NHD_then_page_head_token_dim_permute,a7dee0e77eec04063b09e30ffadbc546426deb74203e92e778deafe3ec464207,9.1.0,"[4079, 4042, 4005, 3968, 3931, 3894, 3857, 4077, 4040, 4003, 3966, 3929, 3892, 3855, 4075, 4038, 4001, 3964, 3927, 3890, 3853, 4073, 4036, 3999, 3962, 3925, 3888, 3851, 4071, 4034, 3997, 3960, 3923, 3886, 3849, 4069, 4032, 3995, 3958, 3921, 3884, 3847, 4067, 4030, 3993, 3956, 3919, 3882, 3845, 4065, 4028, 3991, 3954, 3917, 3880, 3843]","[3, 3, 2, 2, 2, 3, 3, 2, 2, 2, 3, 3, 2, 2, 2, 3, 3, 2, 2, 2, 3, 3, 2, 2, 2, 2, 3, 2, 2, 2, 2, 3, 2, 2, 2, 2, 3, 2, 2, 2, 2, 3, 2, 2, 2, 2, 3, 2, 2, 2, 2, 3, 2, 2, 2, 2]",full_ragged_prefill_b56_m128_kv4096_ragged_compact_tp4,True,npu:5,5,Ascend950PR_957b,,bfloat16,False,256,0.6310669705271721,paged_prefill_page_aggregation_kernel,"[16384, 256, 256, 1]",4096,ragged,128,3,3843,28,1,6,56,64,3494,baseline,3.11.10,128,"[1536, 256, 1]",56,performance_shape_validation,"[4079, 4042, 4005, 3968, 3931, 3894, 3857, 4077, 4040, 4003, 3966, 3929, 3892, 3855, 4075, 4038, 4001, 3964, 3927, 3890, 3853, 4073, 4036, 3999, 3962, 3925, 3888, 3851, 4071, 4034, 3997, 3960, 3923, 3886, 3849, 4069, 4032, 3995, 3958, 3921, 3884, 3847, 4067, 4030, 3993, 3956, 3919, 3882, 3845, 4065, 4028, 3991, 3954, 3917, 3880, 3843]","[3, 3, 2, 2, 2, 3, 3, 2, 2, 2, 3, 3, 2, 2, 2, 3, 3, 2, 2, 2, 3, 3, 2, 2, 2, 2, 3, 2, 2, 2, 2, 3, 2, 2, 2, 2, 3, 2, 2, 2, 2, 3, 2, 2, 2, 2, 3, 2, 2, 2, 2, 3, 2, 2, 2, 2]",56,1,20260829,float32,0.09119556747428784,VALIDATED_FOR_MSPROF,,compact,msprof_op_task_duration_acceptance,ragged_prefill,2.10.0.post4.dev20260715,2.10.0+cpu,4,3.2.0,4ed83e755ec0ed2b7f4675dc9cd790f3a2f8164f
full,c47f9bdcfb879eb73723521240a48a9bae99349d094a1fb82563535aabde82ec,4ed83e755ec0ed2b7f4675dc9cd790f3a2f8164f,"[64, 1]",64,native_NHD_then_page_head_token_dim_permute,a7dee0e77eec04063b09e30ffadbc546426deb74203e92e778deafe3ec464207,9.1.0,"[4079, 4042, 4005, 3968, 3931, 3894, 3857, 4077, 4040, 4003, 3966, 3929, 3892, 3855, 4075, 4038, 4001, 3964, 3927, 3890, 3853, 4073, 4036, 3999, 3962, 3925, 3888, 3851, 4071, 4034, 3997, 3960, 3923, 3886, 3849, 4069, 4032, 3995, 3958, 3921, 3884, 3847, 4067, 4030, 3993, 3956, 3919, 3882, 3845, 4065, 4028, 3991, 3954, 3917, 3880, 3843]","[3, 3, 2, 2, 2, 3, 3, 2, 2, 2, 3, 3, 2, 2, 2, 3, 3, 2, 2, 2, 3, 3, 2, 2, 2, 2, 3, 2, 2, 2, 2, 3, 2, 2, 2, 2, 3, 2, 2, 2, 2, 3, 2, 2, 2, 2, 3, 2, 2, 2, 2, 3, 2, 2, 2, 2]",full_ragged_prefill_b56_m128_kv4096_ragged_compact_tp4,True,npu:5,5,Ascend950PR_957b,,bfloat16,False,256,0.47352095134556293,paged_prefill_small_q_grouped_kernel,"[16384, 256, 256, 1]",4096,ragged,128,3,3843,28,1,6,56,64,3494,candidate,3.11.10,128,"[1536, 256, 1]",56,performance_shape_validation,"[4079, 4042, 4005, 3968, 3931, 3894, 3857, 4077, 4040, 4003, 3966, 3929, 3892, 3855, 4075, 4038, 4001, 3964, 3927, 3890, 3853, 4073, 4036, 3999, 3962, 3925, 3888, 3851, 4071, 4034, 3997, 3960, 3923, 3886, 3849, 4069, 4032, 3995, 3958, 3921, 3884, 3847, 4067, 4030, 3993, 3956, 3919, 3882, 3845, 4065, 4028, 3991, 3954, 3917, 3880, 3843]","[3, 3, 2, 2, 2, 3, 3, 2, 2, 2, 3, 3, 2, 2, 2, 3, 3, 2, 2, 2, 3, 3, 2, 2, 2, 2, 3, 2, 2, 2, 2, 3, 2, 2, 2, 2, 3, 2, 2, 2, 2, 3, 2, 2, 2, 2, 3, 2, 2, 2, 2, 3, 2, 2, 2, 2]",56,1,20260829,float32,0.09119556747428784,VALIDATED_FOR_MSPROF,,compact,msprof_op_task_duration_acceptance,ragged_prefill,2.10.0.post4.dev20260715,2.10.0+cpu,4,3.2.0,4ed83e755ec0ed2b7f4675dc9cd790f3a2f8164f
full,c47f9bdcfb879eb73723521240a48a9bae99349d094a1fb82563535aabde82ec,4ed83e755ec0ed2b7f4675dc9cd790f3a2f8164f,"[64, 1]",64,native_NHD_then_page_head_token_dim_permute,a7dee0e77eec04063b09e30ffadbc546426deb74203e92e778deafe3ec464207,9.1.0,"[4079, 4042, 4005, 3968, 3931, 3894, 3857, 4077, 4040, 4003, 3966, 3929, 3892, 3855, 4075, 4038, 4001, 3964, 3927, 3890, 3853, 4073, 4036, 3999, 3962, 3925, 3888, 3851, 4071, 4034, 3997, 3960, 3923, 3886, 3849, 4069, 4032, 3995, 3958, 3921, 3884, 3847, 4067, 4030, 3993, 3956, 3919, 3882, 3845, 4065, 4028, 3991, 3954, 3917, 3880, 3843]","[5, 5, 4, 4, 5, 5, 5, 4, 4, 5, 5, 5, 4, 4, 5, 5, 5, 4, 4, 5, 5, 5, 4, 4, 5, 5, 5, 4, 4, 5, 5, 5, 4, 4, 5, 5, 5, 4, 4, 5, 5, 5, 4, 4, 5, 5, 5, 4, 4, 5, 5, 5, 4, 4, 4, 5]",full_ragged_prefill_b56_m257_kv4096_ragged_compact_tp4,True,npu:5,5,Ascend950PR_957b,,bfloat16,False,256,0.614166958257556,paged_prefill_page_aggregation_kernel,"[16384, 256, 256, 1]",4096,ragged,257,5,3843,28,1,6,56,64,3494,baseline,3.11.10,257,"[1536, 256, 1]",56,performance_shape_validation,"[4079, 4042, 4005, 3968, 3931, 3894, 3857, 4077, 4040, 4003, 3966, 3929, 3892, 3855, 4075, 4038, 4001, 3964, 3927, 3890, 3853, 4073, 4036, 3999, 3962, 3925, 3888, 3851, 4071, 4034, 3997, 3960, 3923, 3886, 3849, 4069, 4032, 3995, 3958, 3921, 3884, 3847, 4067, 4030, 3993, 3956, 3919, 3882, 3845, 4065, 4028, 3991, 3954, 3917, 3880, 3843]","[5, 5, 4, 4, 5, 5, 5, 4, 4, 5, 5, 5, 4, 4, 5, 5, 5, 4, 4, 5, 5, 5, 4, 4, 5, 5, 5, 4, 4, 5, 5, 5, 4, 4, 5, 5, 5, 4, 4, 5, 5, 5, 4, 4, 5, 5, 5, 4, 4, 5, 5, 5, 4, 4, 4, 5]",56,1,20260829,float32,0.09119556747428784,VALIDATED_FOR_MSPROF,,compact,msprof_op_task_duration_acceptance,ragged_prefill,2.10.0.post4.dev20260715,2.10.0+cpu,4,3.2.0,4ed83e755ec0ed2b7f4675dc9cd790f3a2f8164f
full,c47f9bdcfb879eb73723521240a48a9bae99349d094a1fb82563535aabde82ec,4ed83e755ec0ed2b7f4675dc9cd790f3a2f8164f,"[64, 1]",64,native_NHD_then_page_head_token_dim_permute,a7dee0e77eec04063b09e30ffadbc546426deb74203e92e778deafe3ec464207,9.1.0,"[4079, 4042, 4005, 3968, 3931, 3894, 3857, 4077, 4040, 4003, 3966, 3929, 3892, 3855, 4075, 4038, 4001, 3964, 3927, 3890, 3853, 4073, 4036, 3999, 3962, 3925, 3888, 3851, 4071, 4034, 3997, 3960, 3923, 3886, 3849, 4069, 4032, 3995, 3958, 3921, 3884, 3847, 4067, 4030, 3993, 3956, 3919, 3882, 3845, 4065, 4028, 3991, 3954, 3917, 3880, 3843]","[5, 5, 4, 4, 5, 5, 5, 4, 4, 5, 5, 5, 4, 4, 5, 5, 5, 4, 4, 5, 5, 5, 4, 4, 5, 5, 5, 4, 4, 5, 5, 5, 4, 4, 5, 5, 5, 4, 4, 5, 5, 5, 4, 4, 5, 5, 5, 4, 4, 5, 5, 5, 4, 4, 4, 5]",full_ragged_prefill_b56_m257_kv4096_ragged_compact_tp4,True,npu:5,5,Ascend950PR_957b,,bfloat16,False,256,0.4788399673998356,paged_prefill_mid_q_grouped_kernel,"[16384, 256, 256, 1]",4096,ragged,257,5,3843,28,1,6,56,64,3494,candidate,3.11.10,257,"[1536, 256, 1]",56,performance_shape_validation,"[4079, 4042, 4005, 3968, 3931, 3894, 3857, 4077, 4040, 4003, 3966, 3929, 3892, 3855, 4075, 4038, 4001, 3964, 3927, 3890, 3853, 4073, 4036, 3999, 3962, 3925, 3888, 3851, 4071, 4034, 3997, 3960, 3923, 3886, 3849, 4069, 4032, 3995, 3958, 3921, 3884, 3847, 4067, 4030, 3993, 3956, 3919, 3882, 3845, 4065, 4028, 3991, 3954, 3917, 3880, 3843]","[5, 5, 4, 4, 5, 5, 5, 4, 4, 5, 5, 5, 4, 4, 5, 5, 5, 4, 4, 5, 5, 5, 4, 4, 5, 5, 5, 4, 4, 5, 5, 5, 4, 4, 5, 5, 5, 4, 4, 5, 5, 5, 4, 4, 5, 5, 5, 4, 4, 5, 5, 5, 4, 4, 4, 5]",56,1,20260829,float32,0.09119556747428784,VALIDATED_FOR_MSPROF,,compact,msprof_op_task_duration_acceptance,ragged_prefill,2.10.0.post4.dev20260715,2.10.0+cpu,4,3.2.0,4ed83e755ec0ed2b7f4675dc9cd790f3a2f8164f
full,c47f9bdcfb879eb73723521240a48a9bae99349d094a1fb82563535aabde82ec,4ed83e755ec0ed2b7f4675dc9cd790f3a2f8164f,"[64, 1]",64,native_NHD_then_page_head_token_dim_permute,a7dee0e77eec04063b09e30ffadbc546426deb74203e92e778deafe3ec464207,9.1.0,"[4079, 4042, 4005, 3968, 3931, 3894, 3857, 4077, 4040, 4003, 3966, 3929, 3892, 3855, 4075, 4038, 4001, 3964, 3927, 3890, 3853, 4073, 4036, 3999, 3962, 3925, 3888, 3851, 4071, 4034, 3997, 3960, 3923, 3886, 3849, 4069, 4032, 3995, 3958, 3921, 3884, 3847, 4067, 4030, 3993, 3956, 3919, 3882, 3845, 4065, 4028, 3991, 3954, 3917, 3880, 3843]","[9, 10, 9, 9, 9, 9, 10, 9, 9, 9, 9, 10, 9, 9, 9, 9, 10, 9, 9, 9, 9, 10, 9, 9, 9, 9, 10, 9, 9, 9, 9, 10, 9, 9, 9, 9, 9, 9, 9, 9, 9, 9, 9, 9, 9, 9, 9, 9, 9, 9, 9, 9, 9, 9, 9, 9]",full_ragged_prefill_b56_m511_kv4096_ragged_compact_tp4,True,npu:5,5,Ascend950PR_957b,,bfloat16,False,256,0.60633709654212,paged_prefill_page_aggregation_kernel,"[16384, 256, 256, 1]",4096,ragged,511,10,3843,28,1,6,56,64,3494,baseline,3.11.10,511,"[1536, 256, 1]",56,performance_shape_validation,"[4079, 4042, 4005, 3968, 3931, 3894, 3857, 4077, 4040, 4003, 3966, 3929, 3892, 3855, 4075, 4038, 4001, 3964, 3927, 3890, 3853, 4073, 4036, 3999, 3962, 3925, 3888, 3851, 4071, 4034, 3997, 3960, 3923, 3886, 3849, 4069, 4032, 3995, 3958, 3921, 3884, 3847, 4067, 4030, 3993, 3956, 3919, 3882, 3845, 4065, 4028, 3991, 3954, 3917, 3880, 3843]","[9, 10, 9, 9, 9, 9, 10, 9, 9, 9, 9, 10, 9, 9, 9, 9, 10, 9, 9, 9, 9, 10, 9, 9, 9, 9, 10, 9, 9, 9, 9, 10, 9, 9, 9, 9, 9, 9, 9, 9, 9, 9, 9, 9, 9, 9, 9, 9, 9, 9, 9, 9, 9, 9, 9, 9]",56,1,20260829,float32,0.09119556747428784,VALIDATED_FOR_MSPROF,,compact,msprof_op_task_duration_acceptance,ragged_prefill,2.10.0.post4.dev20260715,2.10.0+cpu,4,3.2.0,4ed83e755ec0ed2b7f4675dc9cd790f3a2f8164f
full,c47f9bdcfb879eb73723521240a48a9bae99349d094a1fb82563535aabde82ec,4ed83e755ec0ed2b7f4675dc9cd790f3a2f8164f,"[64, 1]",64,native_NHD_then_page_head_token_dim_permute,a7dee0e77eec04063b09e30ffadbc546426deb74203e92e778deafe3ec464207,9.1.0,"[4079, 4042, 4005, 3968, 3931, 3894, 3857, 4077, 4040, 4003, 3966, 3929, 3892, 3855, 4075, 4038, 4001, 3964, 3927, 3890, 3853, 4073, 4036, 3999, 3962, 3925, 3888, 3851, 4071, 4034, 3997, 3960, 3923, 3886, 3849, 4069, 4032, 3995, 3958, 3921, 3884, 3847, 4067, 4030, 3993, 3956, 3919, 3882, 3845, 4065, 4028, 3991, 3954, 3917, 3880, 3843]","[9, 10, 9, 9, 9, 9, 10, 9, 9, 9, 9, 10, 9, 9, 9, 9, 10, 9, 9, 9, 9, 10, 9, 9, 9, 9, 10, 9, 9, 9, 9, 10, 9, 9, 9, 9, 9, 9, 9, 9, 9, 9, 9, 9, 9, 9, 9, 9, 9, 9, 9, 9, 9, 9, 9, 9]",full_ragged_prefill_b56_m511_kv4096_ragged_compact_tp4,True,npu:5,5,Ascend950PR_957b,,bfloat16,False,256,0.4673199728131294,paged_prefill_mid_q_grouped_kernel,"[16384, 256, 256, 1]",4096,ragged,511,10,3843,28,1,6,56,64,3494,candidate,3.11.10,511,"[1536, 256, 1]",56,performance_shape_validation,"[4079, 4042, 4005, 3968, 3931, 3894, 3857, 4077, 4040, 4003, 3966, 3929, 3892, 3855, 4075, 4038, 4001, 3964, 3927, 3890, 3853, 4073, 4036, 3999, 3962, 3925, 3888, 3851, 4071, 4034, 3997, 3960, 3923, 3886, 3849, 4069, 4032, 3995, 3958, 3921, 3884, 3847, 4067, 4030, 3993, 3956, 3919, 3882, 3845, 4065, 4028, 3991, 3954, 3917, 3880, 3843]","[9, 10, 9, 9, 9, 9, 10, 9, 9, 9, 9, 10, 9, 9, 9, 9, 10, 9, 9, 9, 9, 10, 9, 9, 9, 9, 10, 9, 9, 9, 9, 10, 9, 9, 9, 9, 9, 9, 9, 9, 9, 9, 9, 9, 9, 9, 9, 9, 9, 9, 9, 9, 9, 9, 9, 9]",56,1,20260829,float32,0.09119556747428784,VALIDATED_FOR_MSPROF,,compact,msprof_op_task_duration_acceptance,ragged_prefill,2.10.0.post4.dev20260715,2.10.0+cpu,4,3.2.0,4ed83e755ec0ed2b7f4675dc9cd790f3a2f8164f
full,c47f9bdcfb879eb73723521240a48a9bae99349d094a1fb82563535aabde82ec,4ed83e755ec0ed2b7f4675dc9cd790f3a2f8164f,"[64, 1]",64,native_NHD_then_page_head_token_dim_permute,a7dee0e77eec04063b09e30ffadbc546426deb74203e92e778deafe3ec464207,9.1.0,"[4079, 4042, 4005, 3968, 3931, 3894, 3857, 4077, 4040, 4003, 3966, 3929, 3892, 3855, 4075, 4038, 4001, 3964, 3927, 3890, 3853, 4073, 4036, 3999, 3962, 3925, 3888, 3851, 4071, 4034, 3997, 3960, 3923, 3886, 3849, 4069, 4032, 3995, 3958, 3921, 3884, 3847, 4067, 4030, 3993, 3956, 3919, 3882, 3845, 4065, 4028, 3991, 3954, 3917, 3880, 3843]","[19, 19, 18, 18, 18, 19, 19, 18, 18, 18, 19, 19, 18, 18, 18, 19, 19, 18, 18, 18, 19, 19, 18, 18, 18, 18, 19, 18, 18, 18, 18, 19, 18, 18, 18, 18, 19, 18, 18, 18, 18, 19, 18, 18, 18, 18, 19, 18, 18, 18, 18, 19, 18, 18, 18, 18]",full_ragged_prefill_b56_m1024_kv4096_ragged_compact_tp4,True,npu:5,5,Ascend950PR_957b,,bfloat16,False,256,0.6002879235893488,paged_prefill_page_aggregation_kernel,"[16384, 256, 256, 1]",4096,ragged,1024,19,3843,28,1,6,56,64,3494,baseline,3.11.10,1024,"[1536, 256, 1]",56,performance_shape_validation,"[4079, 4042, 4005, 3968, 3931, 3894, 3857, 4077, 4040, 4003, 3966, 3929, 3892, 3855, 4075, 4038, 4001, 3964, 3927, 3890, 3853, 4073, 4036, 3999, 3962, 3925, 3888, 3851, 4071, 4034, 3997, 3960, 3923, 3886, 3849, 4069, 4032, 3995, 3958, 3921, 3884, 3847, 4067, 4030, 3993, 3956, 3919, 3882, 3845, 4065, 4028, 3991, 3954, 3917, 3880, 3843]","[19, 19, 18, 18, 18, 19, 19, 18, 18, 18, 19, 19, 18, 18, 18, 19, 19, 18, 18, 18, 19, 19, 18, 18, 18, 18, 19, 18, 18, 18, 18, 19, 18, 18, 18, 18, 19, 18, 18, 18, 18, 19, 18, 18, 18, 18, 19, 18, 18, 18, 18, 19, 18, 18, 18, 18]",56,1,20260829,float32,0.09119556747428784,VALIDATED_FOR_MSPROF,,compact,msprof_op_task_duration_acceptance,ragged_prefill,2.10.0.post4.dev20260715,2.10.0+cpu,4,3.2.0,4ed83e755ec0ed2b7f4675dc9cd790f3a2f8164f
full,c47f9bdcfb879eb73723521240a48a9bae99349d094a1fb82563535aabde82ec,4ed83e755ec0ed2b7f4675dc9cd790f3a2f8164f,"[64, 1]",64,native_NHD_then_page_head_token_dim_permute,a7dee0e77eec04063b09e30ffadbc546426deb74203e92e778deafe3ec464207,9.1.0,"[4079, 4042, 4005, 3968, 3931, 3894, 3857, 4077, 4040, 4003, 3966, 3929, 3892, 3855, 4075, 4038, 4001, 3964, 3927, 3890, 3853, 4073, 4036, 3999, 3962, 3925, 3888, 3851, 4071, 4034, 3997, 3960, 3923, 3886, 3849, 4069, 4032, 3995, 3958, 3921, 3884, 3847, 4067, 4030, 3993, 3956, 3919, 3882, 3845, 4065, 4028, 3991, 3954, 3917, 3880, 3843]","[19, 19, 18, 18, 18, 19, 19, 18, 18, 18, 19, 19, 18, 18, 18, 19, 19, 18, 18, 18, 19, 19, 18, 18, 18, 18, 19, 18, 18, 18, 18, 19, 18, 18, 18, 18, 19, 18, 18, 18, 18, 19, 18, 18, 18, 18, 19, 18, 18, 18, 18, 19, 18, 18, 18, 18]",full_ragged_prefill_b56_m1024_kv4096_ragged_compact_tp4,True,npu:5,5,Ascend950PR_957b,,bfloat16,False,256,0.47852005809545517,paged_prefill_mid_q_grouped_kernel,"[16384, 256, 256, 1]",4096,ragged,1024,19,3843,28,1,6,56,64,3494,candidate,3.11.10,1024,"[1536, 256, 1]",56,performance_shape_validation,"[4079, 4042, 4005, 3968, 3931, 3894, 3857, 4077, 4040, 4003, 3966, 3929, 3892, 3855, 4075, 4038, 4001, 3964, 3927, 3890, 3853, 4073, 4036, 3999, 3962, 3925, 3888, 3851, 4071, 4034, 3997, 3960, 3923, 3886, 3849, 4069, 4032, 3995, 3958, 3921, 3884, 3847, 4067, 4030, 3993, 3956, 3919, 3882, 3845, 4065, 4028, 3991, 3954, 3917, 3880, 3843]","[19, 19, 18, 18, 18, 19, 19, 18, 18, 18, 19, 19, 18, 18, 18, 19, 19, 18, 18, 18, 19, 19, 18, 18, 18, 18, 19, 18, 18, 18, 18, 19, 18, 18, 18, 18, 19, 18, 18, 18, 18, 19, 18, 18, 18, 18, 19, 18, 18, 18, 18, 19, 18, 18, 18, 18]",56,1,20260829,float32,0.09119556747428784,VALIDATED_FOR_MSPROF,,compact,msprof_op_task_duration_acceptance,ragged_prefill,2.10.0.post4.dev20260715,2.10.0+cpu,4,3.2.0,4ed83e755ec0ed2b7f4675dc9cd790f3a2f8164f
swa,c47f9bdcfb879eb73723521240a48a9bae99349d094a1fb82563535aabde82ec,4ed83e755ec0ed2b7f4675dc9cd790f3a2f8164f,"[64, 1]",64,native_NHD_then_page_head_token_dim_permute,a7dee0e77eec04063b09e30ffadbc546426deb74203e92e778deafe3ec464207,9.1.0,"[4079, 4042, 4005, 3968, 3931, 3894, 3857, 4077, 4040, 4003, 3966, 3929, 3892, 3855, 4075, 4038, 4001, 3964, 3927, 3890, 3853, 4073, 4036, 3999, 3962, 3925, 3888, 3851, 4071, 4034, 3997, 3960, 3923, 3886, 3849, 4069, 4032, 3995, 3958, 3921, 3884, 3847, 4067, 4030, 3993, 3956, 3919, 3882, 3845, 4065, 4028, 3991, 3954, 3917, 3880, 3843]","[3, 3, 2, 2, 2, 3, 3, 2, 2, 2, 3, 3, 2, 2, 2, 3, 3, 2, 2, 2, 3, 3, 2, 2, 2, 2, 3, 2, 2, 2, 2, 3, 2, 2, 2, 2, 3, 2, 2, 2, 2, 3, 2, 2, 2, 2, 3, 2, 2, 2, 2, 3, 2, 2, 2, 2]",swa_ragged_prefill_b56_m128_kv4096_ragged_compact_tp4,True,npu:5,5,Ascend950PR_957b,,bfloat16,False,256,0.0,_swa_paged_prefill_aggregation_sink_kernel,"[16384, 256, 256, 1]",4096,ragged,128,3,3843,28,1,6,56,64,505,baseline,3.11.10,128,"[1536, 256, 1]",56,performance_shape_validation,"[4079, 4042, 4005, 3968, 3931, 3894, 3857, 4077, 4040, 4003, 3966, 3929, 3892, 3855, 4075, 4038, 4001, 3964, 3927, 3890, 3853, 4073, 4036, 3999, 3962, 3925, 3888, 3851, 4071, 4034, 3997, 3960, 3923, 3886, 3849, 4069, 4032, 3995, 3958, 3921, 3884, 3847, 4067, 4030, 3993, 3956, 3919, 3882, 3845, 4065, 4028, 3991, 3954, 3917, 3880, 3843]","[3, 3, 2, 2, 2, 3, 3, 2, 2, 2, 3, 3, 2, 2, 2, 3, 3, 2, 2, 2, 3, 3, 2, 2, 2, 2, 3, 2, 2, 2, 2, 3, 2, 2, 2, 2, 3, 2, 2, 2, 2, 3, 2, 2, 2, 2, 3, 2, 2, 2, 2, 3, 2, 2, 2, 2]",56,1,20260829,float32,0.09119556747428784,VALIDATED_FOR_MSPROF,511,compact,msprof_op_task_duration_acceptance,ragged_prefill,2.10.0.post4.dev20260715,2.10.0+cpu,4,3.2.0,4ed83e755ec0ed2b7f4675dc9cd790f3a2f8164f
swa,c47f9bdcfb879eb73723521240a48a9bae99349d094a1fb82563535aabde82ec,4ed83e755ec0ed2b7f4675dc9cd790f3a2f8164f,"[64, 1]",64,native_NHD_then_page_head_token_dim_permute,a7dee0e77eec04063b09e30ffadbc546426deb74203e92e778deafe3ec464207,9.1.0,"[4079, 4042, 4005, 3968, 3931, 3894, 3857, 4077, 4040, 4003, 3966, 3929, 3892, 3855, 4075, 4038, 4001, 3964, 3927, 3890, 3853, 4073, 4036, 3999, 3962, 3925, 3888, 3851, 4071, 4034, 3997, 3960, 3923, 3886, 3849, 4069, 4032, 3995, 3958, 3921, 3884, 3847, 4067, 4030, 3993, 3956, 3919, 3882, 3845, 4065, 4028, 3991, 3954, 3917, 3880, 3843]","[3, 3, 2, 2, 2, 3, 3, 2, 2, 2, 3, 3, 2, 2, 2, 3, 3, 2, 2, 2, 3, 3, 2, 2, 2, 2, 3, 2, 2, 2, 2, 3, 2, 2, 2, 2, 3, 2, 2, 2, 2, 3, 2, 2, 2, 2, 3, 2, 2, 2, 2, 3, 2, 2, 2, 2]",swa_ragged_prefill_b56_m128_kv4096_ragged_compact_tp4,True,npu:5,5,Ascend950PR_957b,,bfloat16,False,256,0.0,_swa_paged_prefill_small_q_grouped_sink_kernel,"[16384, 256, 256, 1]",4096,ragged,128,3,3843,28,1,6,56,64,505,candidate,3.11.10,128,"[1536, 256, 1]",56,performance_shape_validation,"[4079, 4042, 4005, 3968, 3931, 3894, 3857, 4077, 4040, 4003, 3966, 3929, 3892, 3855, 4075, 4038, 4001, 3964, 3927, 3890, 3853, 4073, 4036, 3999, 3962, 3925, 3888, 3851, 4071, 4034, 3997, 3960, 3923, 3886, 3849, 4069, 4032, 3995, 3958, 3921, 3884, 3847, 4067, 4030, 3993, 3956, 3919, 3882, 3845, 4065, 4028, 3991, 3954, 3917, 3880, 3843]","[3, 3, 2, 2, 2, 3, 3, 2, 2, 2, 3, 3, 2, 2, 2, 3, 3, 2, 2, 2, 3, 3, 2, 2, 2, 2, 3, 2, 2, 2, 2, 3, 2, 2, 2, 2, 3, 2, 2, 2, 2, 3, 2, 2, 2, 2, 3, 2, 2, 2, 2, 3, 2, 2, 2, 2]",56,1,20260829,float32,0.09119556747428784,VALIDATED_FOR_MSPROF,511,compact,msprof_op_task_duration_acceptance,ragged_prefill,2.10.0.post4.dev20260715,2.10.0+cpu,4,3.2.0,4ed83e755ec0ed2b7f4675dc9cd790f3a2f8164f
swa,c47f9bdcfb879eb73723521240a48a9bae99349d094a1fb82563535aabde82ec,4ed83e755ec0ed2b7f4675dc9cd790f3a2f8164f,"[64, 1]",64,native_NHD_then_page_head_token_dim_permute,a7dee0e77eec04063b09e30ffadbc546426deb74203e92e778deafe3ec464207,9.1.0,"[4079, 4042, 4005, 3968, 3931, 3894, 3857, 4077, 4040, 4003, 3966, 3929, 3892, 3855, 4075, 4038, 4001, 3964, 3927, 3890, 3853, 4073, 4036, 3999, 3962, 3925, 3888, 3851, 4071, 4034, 3997, 3960, 3923, 3886, 3849, 4069, 4032, 3995, 3958, 3921, 3884, 3847, 4067, 4030, 3993, 3956, 3919, 3882, 3845, 4065, 4028, 3991, 3954, 3917, 3880, 3843]","[5, 5, 4, 4, 5, 5, 5, 4, 4, 5, 5, 5, 4, 4, 5, 5, 5, 4, 4, 5, 5, 5, 4, 4, 5, 5, 5, 4, 4, 5, 5, 5, 4, 4, 5, 5, 5, 4, 4, 5, 5, 5, 4, 4, 5, 5, 5, 4, 4, 5, 5, 5, 4, 4, 4, 5]",swa_ragged_prefill_b56_m257_kv4096_ragged_compact_tp4,True,npu:5,5,Ascend950PR_957b,,bfloat16,False,256,0.0,_swa_paged_prefill_aggregation_sink_kernel,"[16384, 256, 256, 1]",4096,ragged,257,5,3843,28,1,6,56,64,507,baseline,3.11.10,257,"[1536, 256, 1]",56,performance_shape_validation,"[4079, 4042, 4005, 3968, 3931, 3894, 3857, 4077, 4040, 4003, 3966, 3929, 3892, 3855, 4075, 4038, 4001, 3964, 3927, 3890, 3853, 4073, 4036, 3999, 3962, 3925, 3888, 3851, 4071, 4034, 3997, 3960, 3923, 3886, 3849, 4069, 4032, 3995, 3958, 3921, 3884, 3847, 4067, 4030, 3993, 3956, 3919, 3882, 3845, 4065, 4028, 3991, 3954, 3917, 3880, 3843]","[5, 5, 4, 4, 5, 5, 5, 4, 4, 5, 5, 5, 4, 4, 5, 5, 5, 4, 4, 5, 5, 5, 4, 4, 5, 5, 5, 4, 4, 5, 5, 5, 4, 4, 5, 5, 5, 4, 4, 5, 5, 5, 4, 4, 5, 5, 5, 4, 4, 5, 5, 5, 4, 4, 4, 5]",56,1,20260829,float32,0.09119556747428784,VALIDATED_FOR_MSPROF,511,compact,msprof_op_task_duration_acceptance,ragged_prefill,2.10.0.post4.dev20260715,2.10.0+cpu,4,3.2.0,4ed83e755ec0ed2b7f4675dc9cd790f3a2f8164f
swa,c47f9bdcfb879eb73723521240a48a9bae99349d094a1fb82563535aabde82ec,4ed83e755ec0ed2b7f4675dc9cd790f3a2f8164f,"[64, 1]",64,native_NHD_then_page_head_token_dim_permute,a7dee0e77eec04063b09e30ffadbc546426deb74203e92e778deafe3ec464207,9.1.0,"[4079, 4042, 4005, 3968, 3931, 3894, 3857, 4077, 4040, 4003, 3966, 3929, 3892, 3855, 4075, 4038, 4001, 3964, 3927, 3890, 3853, 4073, 4036, 3999, 3962, 3925, 3888, 3851, 4071, 4034, 3997, 3960, 3923, 3886, 3849, 4069, 4032, 3995, 3958, 3921, 3884, 3847, 4067, 4030, 3993, 3956, 3919, 3882, 3845, 4065, 4028, 3991, 3954, 3917, 3880, 3843]","[5, 5, 4, 4, 5, 5, 5, 4, 4, 5, 5, 5, 4, 4, 5, 5, 5, 4, 4, 5, 5, 5, 4, 4, 5, 5, 5, 4, 4, 5, 5, 5, 4, 4, 5, 5, 5, 4, 4, 5, 5, 5, 4, 4, 5, 5, 5, 4, 4, 5, 5, 5, 4, 4, 4, 5]",swa_ragged_prefill_b56_m257_kv4096_ragged_compact_tp4,True,npu:5,5,Ascend950PR_957b,,bfloat16,False,256,0.0,_swa_paged_prefill_aggregation_sink_kernel,"[16384, 256, 256, 1]",4096,ragged,257,5,3843,28,1,6,56,64,507,candidate,3.11.10,257,"[1536, 256, 1]",56,performance_shape_validation,"[4079, 4042, 4005, 3968, 3931, 3894, 3857, 4077, 4040, 4003, 3966, 3929, 3892, 3855, 4075, 4038, 4001, 3964, 3927, 3890, 3853, 4073, 4036, 3999, 3962, 3925, 3888, 3851, 4071, 4034, 3997, 3960, 3923, 3886, 3849, 4069, 4032, 3995, 3958, 3921, 3884, 3847, 4067, 4030, 3993, 3956, 3919, 3882, 3845, 4065, 4028, 3991, 3954, 3917, 3880, 3843]","[5, 5, 4, 4, 5, 5, 5, 4, 4, 5, 5, 5, 4, 4, 5, 5, 5, 4, 4, 5, 5, 5, 4, 4, 5, 5, 5, 4, 4, 5, 5, 5, 4, 4, 5, 5, 5, 4, 4, 5, 5, 5, 4, 4, 5, 5, 5, 4, 4, 5, 5, 5, 4, 4, 4, 5]",56,1,20260829,float32,0.09119556747428784,VALIDATED_FOR_MSPROF,511,compact,msprof_op_task_duration_acceptance,ragged_prefill,2.10.0.post4.dev20260715,2.10.0+cpu,4,3.2.0,4ed83e755ec0ed2b7f4675dc9cd790f3a2f8164f
swa,c47f9bdcfb879eb73723521240a48a9bae99349d094a1fb82563535aabde82ec,4ed83e755ec0ed2b7f4675dc9cd790f3a2f8164f,"[64, 1]",64,native_NHD_then_page_head_token_dim_permute,a7dee0e77eec04063b09e30ffadbc546426deb74203e92e778deafe3ec464207,9.1.0,"[4079, 4042, 4005, 3968, 3931, 3894, 3857, 4077, 4040, 4003, 3966, 3929, 3892, 3855, 4075, 4038, 4001, 3964, 3927, 3890, 3853, 4073, 4036, 3999, 3962, 3925, 3888, 3851, 4071, 4034, 3997, 3960, 3923, 3886, 3849, 4069, 4032, 3995, 3958, 3921, 3884, 3847, 4067, 4030, 3993, 3956, 3919, 3882, 3845, 4065, 4028, 3991, 3954, 3917, 3880, 3843]","[9, 10, 9, 9, 9, 9, 10, 9, 9, 9, 9, 10, 9, 9, 9, 9, 10, 9, 9, 9, 9, 10, 9, 9, 9, 9, 10, 9, 9, 9, 9, 10, 9, 9, 9, 9, 9, 9, 9, 9, 9, 9, 9, 9, 9, 9, 9, 9, 9, 9, 9, 9, 9, 9, 9, 9]",swa_ragged_prefill_b56_m511_kv4096_ragged_compact_tp4,True,npu:5,5,Ascend950PR_957b,,bfloat16,False,256,0.0,_swa_paged_prefill_aggregation_sink_kernel,"[16384, 256, 256, 1]",4096,ragged,511,10,3843,28,1,6,56,64,511,baseline,3.11.10,511,"[1536, 256, 1]",56,performance_shape_validation,"[4079, 4042, 4005, 3968, 3931, 3894, 3857, 4077, 4040, 4003, 3966, 3929, 3892, 3855, 4075, 4038, 4001, 3964, 3927, 3890, 3853, 4073, 4036, 3999, 3962, 3925, 3888, 3851, 4071, 4034, 3997, 3960, 3923, 3886, 3849, 4069, 4032, 3995, 3958, 3921, 3884, 3847, 4067, 4030, 3993, 3956, 3919, 3882, 3845, 4065, 4028, 3991, 3954, 3917, 3880, 3843]","[9, 10, 9, 9, 9, 9, 10, 9, 9, 9, 9, 10, 9, 9, 9, 9, 10, 9, 9, 9, 9, 10, 9, 9, 9, 9, 10, 9, 9, 9, 9, 10, 9, 9, 9, 9, 9, 9, 9, 9, 9, 9, 9, 9, 9, 9, 9, 9, 9, 9, 9, 9, 9, 9, 9, 9]",56,1,20260829,float32,0.09119556747428784,VALIDATED_FOR_MSPROF,511,compact,msprof_op_task_duration_acceptance,ragged_prefill,2.10.0.post4.dev20260715,2.10.0+cpu,4,3.2.0,4ed83e755ec0ed2b7f4675dc9cd790f3a2f8164f
swa,c47f9bdcfb879eb73723521240a48a9bae99349d094a1fb82563535aabde82ec,4ed83e755ec0ed2b7f4675dc9cd790f3a2f8164f,"[64, 1]",64,native_NHD_then_page_head_token_dim_permute,a7dee0e77eec04063b09e30ffadbc546426deb74203e92e778deafe3ec464207,9.1.0,"[4079, 4042, 4005, 3968, 3931, 3894, 3857, 4077, 4040, 4003, 3966, 3929, 3892, 3855, 4075, 4038, 4001, 3964, 3927, 3890, 3853, 4073, 4036, 3999, 3962, 3925, 3888, 3851, 4071, 4034, 3997, 3960, 3923, 3886, 3849, 4069, 4032, 3995, 3958, 3921, 3884, 3847, 4067, 4030, 3993, 3956, 3919, 3882, 3845, 4065, 4028, 3991, 3954, 3917, 3880, 3843]","[9, 10, 9, 9, 9, 9, 10, 9, 9, 9, 9, 10, 9, 9, 9, 9, 10, 9, 9, 9, 9, 10, 9, 9, 9, 9, 10, 9, 9, 9, 9, 10, 9, 9, 9, 9, 9, 9, 9, 9, 9, 9, 9, 9, 9, 9, 9, 9, 9, 9, 9, 9, 9, 9, 9, 9]",swa_ragged_prefill_b56_m511_kv4096_ragged_compact_tp4,True,npu:5,5,Ascend950PR_957b,,bfloat16,False,256,0.0,_swa_paged_prefill_aggregation_sink_kernel,"[16384, 256, 256, 1]",4096,ragged,511,10,3843,28,1,6,56,64,511,candidate,3.11.10,511,"[1536, 256, 1]",56,performance_shape_validation,"[4079, 4042, 4005, 3968, 3931, 3894, 3857, 4077, 4040, 4003, 3966, 3929, 3892, 3855, 4075, 4038, 4001, 3964, 3927, 3890, 3853, 4073, 4036, 3999, 3962, 3925, 3888, 3851, 4071, 4034, 3997, 3960, 3923, 3886, 3849, 4069, 4032, 3995, 3958, 3921, 3884, 3847, 4067, 4030, 3993, 3956, 3919, 3882, 3845, 4065, 4028, 3991, 3954, 3917, 3880, 3843]","[9, 10, 9, 9, 9, 9, 10, 9, 9, 9, 9, 10, 9, 9, 9, 9, 10, 9, 9, 9, 9, 10, 9, 9, 9, 9, 10, 9, 9, 9, 9, 10, 9, 9, 9, 9, 9, 9, 9, 9, 9, 9, 9, 9, 9, 9, 9, 9, 9, 9, 9, 9, 9, 9, 9, 9]",56,1,20260829,float32,0.09119556747428784,VALIDATED_FOR_MSPROF,511,compact,msprof_op_task_duration_acceptance,ragged_prefill,2.10.0.post4.dev20260715,2.10.0+cpu,4,3.2.0,4ed83e755ec0ed2b7f4675dc9cd790f3a2f8164f
swa,c47f9bdcfb879eb73723521240a48a9bae99349d094a1fb82563535aabde82ec,4ed83e755ec0ed2b7f4675dc9cd790f3a2f8164f,"[64, 1]",64,native_NHD_then_page_head_token_dim_permute,a7dee0e77eec04063b09e30ffadbc546426deb74203e92e778deafe3ec464207,9.1.0,"[4079, 4042, 4005, 3968, 3931, 3894, 3857, 4077, 4040, 4003, 3966, 3929, 3892, 3855, 4075, 4038, 4001, 3964, 3927, 3890, 3853, 4073, 4036, 3999, 3962, 3925, 3888, 3851, 4071, 4034, 3997, 3960, 3923, 3886, 3849, 4069, 4032, 3995, 3958, 3921, 3884, 3847, 4067, 4030, 3993, 3956, 3919, 3882, 3845, 4065, 4028, 3991, 3954, 3917, 3880, 3843]","[19, 19, 18, 18, 18, 19, 19, 18, 18, 18, 19, 19, 18, 18, 18, 19, 19, 18, 18, 18, 19, 19, 18, 18, 18, 18, 19, 18, 18, 18, 18, 19, 18, 18, 18, 18, 19, 18, 18, 18, 18, 19, 18, 18, 18, 18, 19, 18, 18, 18, 18, 19, 18, 18, 18, 18]",swa_ragged_prefill_b56_m1024_kv4096_ragged_compact_tp4,True,npu:5,5,Ascend950PR_957b,,bfloat16,False,256,0.0,_swa_paged_prefill_aggregation_sink_kernel,"[16384, 256, 256, 1]",4096,ragged,1024,19,3843,28,1,6,56,64,520,baseline,3.11.10,1024,"[1536, 256, 1]",56,performance_shape_validation,"[4079, 4042, 4005, 3968, 3931, 3894, 3857, 4077, 4040, 4003, 3966, 3929, 3892, 3855, 4075, 4038, 4001, 3964, 3927, 3890, 3853, 4073, 4036, 3999, 3962, 3925, 3888, 3851, 4071, 4034, 3997, 3960, 3923, 3886, 3849, 4069, 4032, 3995, 3958, 3921, 3884, 3847, 4067, 4030, 3993, 3956, 3919, 3882, 3845, 4065, 4028, 3991, 3954, 3917, 3880, 3843]","[19, 19, 18, 18, 18, 19, 19, 18, 18, 18, 19, 19, 18, 18, 18, 19, 19, 18, 18, 18, 19, 19, 18, 18, 18, 18, 19, 18, 18, 18, 18, 19, 18, 18, 18, 18, 19, 18, 18, 18, 18, 19, 18, 18, 18, 18, 19, 18, 18, 18, 18, 19, 18, 18, 18, 18]",56,1,20260829,float32,0.09119556747428784,VALIDATED_FOR_MSPROF,511,compact,msprof_op_task_duration_acceptance,ragged_prefill,2.10.0.post4.dev20260715,2.10.0+cpu,4,3.2.0,4ed83e755ec0ed2b7f4675dc9cd790f3a2f8164f
swa,c47f9bdcfb879eb73723521240a48a9bae99349d094a1fb82563535aabde82ec,4ed83e755ec0ed2b7f4675dc9cd790f3a2f8164f,"[64, 1]",64,native_NHD_then_page_head_token_dim_permute,a7dee0e77eec04063b09e30ffadbc546426deb74203e92e778deafe3ec464207,9.1.0,"[4079, 4042, 4005, 3968, 3931, 3894, 3857, 4077, 4040, 4003, 3966, 3929, 3892, 3855, 4075, 4038, 4001, 3964, 3927, 3890, 3853, 4073, 4036, 3999, 3962, 3925, 3888, 3851, 4071, 4034, 3997, 3960, 3923, 3886, 3849, 4069, 4032, 3995, 3958, 3921, 3884, 3847, 4067, 4030, 3993, 3956, 3919, 3882, 3845, 4065, 4028, 3991, 3954, 3917, 3880, 3843]","[19, 19, 18, 18, 18, 19, 19, 18, 18, 18, 19, 19, 18, 18, 18, 19, 19, 18, 18, 18, 19, 19, 18, 18, 18, 18, 19, 18, 18, 18, 18, 19, 18, 18, 18, 18, 19, 18, 18, 18, 18, 19, 18, 18, 18, 18, 19, 18, 18, 18, 18, 19, 18, 18, 18, 18]",swa_ragged_prefill_b56_m1024_kv4096_ragged_compact_tp4,True,npu:5,5,Ascend950PR_957b,,bfloat16,False,256,0.0,_swa_paged_prefill_aggregation_sink_kernel,"[16384, 256, 256, 1]",4096,ragged,1024,19,3843,28,1,6,56,64,520,candidate,3.11.10,1024,"[1536, 256, 1]",56,performance_shape_validation,"[4079, 4042, 4005, 3968, 3931, 3894, 3857, 4077, 4040, 4003, 3966, 3929, 3892, 3855, 4075, 4038, 4001, 3964, 3927, 3890, 3853, 4073, 4036, 3999, 3962, 3925, 3888, 3851, 4071, 4034, 3997, 3960, 3923, 3886, 3849, 4069, 4032, 3995, 3958, 3921, 3884, 3847, 4067, 4030, 3993, 3956, 3919, 3882, 3845, 4065, 4028, 3991, 3954, 3917, 3880, 3843]","[19, 19, 18, 18, 18, 19, 19, 18, 18, 18, 19, 19, 18, 18, 18, 19, 19, 18, 18, 18, 19, 19, 18, 18, 18, 18, 19, 18, 18, 18, 18, 19, 18, 18, 18, 18, 19, 18, 18, 18, 18, 19, 18, 18, 18, 18, 19, 18, 18, 18, 18, 19, 18, 18, 18, 18]",56,1,20260829,float32,0.09119556747428784,VALIDATED_FOR_MSPROF,511,compact,msprof_op_task_duration_acceptance,ragged_prefill,2.10.0.post4.dev20260715,2.10.0+cpu,4,3.2.0,4ed83e755ec0ed2b7f4675dc9cd790f3a2f8164f
full,c47f9bdcfb879eb73723521240a48a9bae99349d094a1fb82563535aabde82ec,4ed83e755ec0ed2b7f4675dc9cd790f3a2f8164f,"[64, 1]",64,native_NHD_then_page_head_token_dim_permute,a7dee0e77eec04063b09e30ffadbc546426deb74203e92e778deafe3ec464207,9.1.0,"[4096, 4096, 4096, 4096, 4096, 4096, 4096, 4096, 4096, 4096, 4096, 4096, 4096, 4096, 4096, 4096, 4096, 4096, 4096, 4096, 4096, 4096, 4096, 4096, 4096, 4096, 4096, 4096, 4096, 4096, 4096, 4096, 4096, 4096, 4096, 4096, 4096, 4096, 4096, 4096, 4096, 4096, 4096, 4096, 4096, 4096, 4096, 4096, 4096, 4096, 4096, 4096, 4096, 4096, 4096, 4096, 4096, 4096, 4096, 4096, 4096, 4096, 4096, 4096]","[2, 2, 2, 2, 2, 2, 2, 2, 2, 2, 2, 2, 2, 2, 2, 2, 2, 2, 2, 2, 2, 2, 2, 2, 2, 2, 2, 2, 2, 2, 2, 2, 2, 2, 2, 2, 2, 2, 2, 2, 2, 2, 2, 2, 2, 2, 2, 2, 2, 2, 2, 2, 2, 2, 2, 2, 2, 2, 2, 2, 2, 2, 2, 2]",full_verify_d2_m128_kv4096_uniform_compact_tp4,True,npu:5,5,Ascend950PR_957b,2,bfloat16,False,256,0.6615361198782921,paged_prefill_page_aggregation_kernel,"[16384, 256, 256, 1]",4096,uniform,128,2,4096,28,1,6,56,64,4097,baseline,3.11.10,128,"[1536, 256, 1]",64,performance_shape_validation,"[4096, 4096, 4096, 4096, 4096, 4096, 4096, 4096, 4096, 4096, 4096, 4096, 4096, 4096, 4096, 4096, 4096, 4096, 4096, 4096, 4096, 4096, 4096, 4096, 4096, 4096, 4096, 4096, 4096, 4096, 4096, 4096, 4096, 4096, 4096, 4096, 4096, 4096, 4096, 4096, 4096, 4096, 4096, 4096, 4096, 4096, 4096, 4096, 4096, 4096, 4096, 4096, 4096, 4096, 4096, 4096, 4096, 4096, 4096, 4096, 4096, 4096, 4096, 4096]","[2, 2, 2, 2, 2, 2, 2, 2, 2, 2, 2, 2, 2, 2, 2, 2, 2, 2, 2, 2, 2, 2, 2, 2, 2, 2, 2, 2, 2, 2, 2, 2, 2, 2, 2, 2, 2, 2, 2, 2, 2, 2, 2, 2, 2, 2, 2, 2, 2, 2, 2, 2, 2, 2, 2, 2, 2, 2, 2, 2, 2, 2, 2, 2]",64,1,20260829,float32,0.09119556747428784,VALIDATED_FOR_MSPROF,,compact,msprof_op_task_duration_acceptance,verify_d2,2.10.0.post4.dev20260715,2.10.0+cpu,4,3.2.0,4ed83e755ec0ed2b7f4675dc9cd790f3a2f8164f
full,c47f9bdcfb879eb73723521240a48a9bae99349d094a1fb82563535aabde82ec,4ed83e755ec0ed2b7f4675dc9cd790f3a2f8164f,"[64, 1]",64,native_NHD_then_page_head_token_dim_permute,a7dee0e77eec04063b09e30ffadbc546426deb74203e92e778deafe3ec464207,9.1.0,"[4096, 4096, 4096, 4096, 4096, 4096, 4096, 4096, 4096, 4096, 4096, 4096, 4096, 4096, 4096, 4096, 4096, 4096, 4096, 4096, 4096, 4096, 4096, 4096, 4096, 4096, 4096, 4096, 4096, 4096, 4096, 4096, 4096, 4096, 4096, 4096, 4096, 4096, 4096, 4096, 4096, 4096, 4096, 4096, 4096, 4096, 4096, 4096, 4096, 4096, 4096, 4096, 4096, 4096, 4096, 4096, 4096, 4096, 4096, 4096, 4096, 4096, 4096, 4096]","[2, 2, 2, 2, 2, 2, 2, 2, 2, 2, 2, 2, 2, 2, 2, 2, 2, 2, 2, 2, 2, 2, 2, 2, 2, 2, 2, 2, 2, 2, 2, 2, 2, 2, 2, 2, 2, 2, 2, 2, 2, 2, 2, 2, 2, 2, 2, 2, 2, 2, 2, 2, 2, 2, 2, 2, 2, 2, 2, 2, 2, 2, 2, 2]",full_verify_d2_m128_kv4096_uniform_compact_tp4,True,npu:5,5,Ascend950PR_957b,2,bfloat16,False,256,0.4899189807474613,paged_prefill_small_q_grouped_kernel,"[16384, 256, 256, 1]",4096,uniform,128,2,4096,28,1,6,56,64,4097,candidate,3.11.10,128,"[1536, 256, 1]",64,performance_shape_validation,"[4096, 4096, 4096, 4096, 4096, 4096, 4096, 4096, 4096, 4096, 4096, 4096, 4096, 4096, 4096, 4096, 4096, 4096, 4096, 4096, 4096, 4096, 4096, 4096, 4096, 4096, 4096, 4096, 4096, 4096, 4096, 4096, 4096, 4096, 4096, 4096, 4096, 4096, 4096, 4096, 4096, 4096, 4096, 4096, 4096, 4096, 4096, 4096, 4096, 4096, 4096, 4096, 4096, 4096, 4096, 4096, 4096, 4096, 4096, 4096, 4096, 4096, 4096, 4096]","[2, 2, 2, 2, 2, 2, 2, 2, 2, 2, 2, 2, 2, 2, 2, 2, 2, 2, 2, 2, 2, 2, 2, 2, 2, 2, 2, 2, 2, 2, 2, 2, 2, 2, 2, 2, 2, 2, 2, 2, 2, 2, 2, 2, 2, 2, 2, 2, 2, 2, 2, 2, 2, 2, 2, 2, 2, 2, 2, 2, 2, 2, 2, 2]",64,1,20260829,float32,0.09119556747428784,VALIDATED_FOR_MSPROF,,compact,msprof_op_task_duration_acceptance,verify_d2,2.10.0.post4.dev20260715,2.10.0+cpu,4,3.2.0,4ed83e755ec0ed2b7f4675dc9cd790f3a2f8164f
full,c47f9bdcfb879eb73723521240a48a9bae99349d094a1fb82563535aabde82ec,4ed83e755ec0ed2b7f4675dc9cd790f3a2f8164f,"[64, 1]",64,native_NHD_then_page_head_token_dim_permute,a7dee0e77eec04063b09e30ffadbc546426deb74203e92e778deafe3ec464207,9.1.0,"[4096, 4096, 4096, 4096, 4096, 4096, 4096, 4096, 4096, 4096, 4096, 4096, 4096, 4096, 4096, 4096, 4096, 4096, 4096, 4096, 4096, 4096, 4096, 4096, 4096, 4096, 4096, 4096, 4096, 4096, 4096, 4096, 4096, 4096, 4096, 4096, 4096, 4096, 4096, 4096, 4096, 4096, 4096, 4096, 4096, 4096, 4096, 4096, 4096, 4096, 4096, 4096, 4096, 4096, 4096, 4096, 4096, 4096, 4096, 4096, 4096, 4096, 4096, 4096, 4096]","[2, 2, 2, 2, 2, 2, 2, 2, 2, 2, 2, 2, 2, 2, 2, 2, 2, 2, 2, 2, 2, 2, 2, 2, 2, 2, 2, 2, 2, 2, 2, 2, 2, 2, 2, 2, 2, 2, 2, 2, 2, 2, 2, 2, 2, 2, 2, 2, 2, 2, 2, 2, 2, 2, 2, 2, 2, 2, 2, 2, 2, 2, 2, 2, 2]",full_verify_d2_m130_kv4096_uniform_compact_tp4,True,npu:5,5,Ascend950PR_957b,2,bfloat16,False,256,0.6661559455096722,paged_prefill_page_aggregation_kernel,"[16384, 256, 256, 1]",4096,uniform,130,2,4096,28,1,6,56,64,4161,baseline,3.11.10,130,"[1536, 256, 1]",65,performance_shape_validation,"[4096, 4096, 4096, 4096, 4096, 4096, 4096, 4096, 4096, 4096, 4096, 4096, 4096, 4096, 4096, 4096, 4096, 4096, 4096, 4096, 4096, 4096, 4096, 4096, 4096, 4096, 4096, 4096, 4096, 4096, 4096, 4096, 4096, 4096, 4096, 4096, 4096, 4096, 4096, 4096, 4096, 4096, 4096, 4096, 4096, 4096, 4096, 4096, 4096, 4096, 4096, 4096, 4096, 4096, 4096, 4096, 4096, 4096, 4096, 4096, 4096, 4096, 4096, 4096, 4096]","[2, 2, 2, 2, 2, 2, 2, 2, 2, 2, 2, 2, 2, 2, 2, 2, 2, 2, 2, 2, 2, 2, 2, 2, 2, 2, 2, 2, 2, 2, 2, 2, 2, 2, 2, 2, 2, 2, 2, 2, 2, 2, 2, 2, 2, 2, 2, 2, 2, 2, 2, 2, 2, 2, 2, 2, 2, 2, 2, 2, 2, 2, 2, 2, 2]",65,1,20260829,float32,0.09119556747428784,VALIDATED_FOR_MSPROF,,compact,msprof_op_task_duration_acceptance,verify_d2,2.10.0.post4.dev20260715,2.10.0+cpu,4,3.2.0,4ed83e755ec0ed2b7f4675dc9cd790f3a2f8164f
full,c47f9bdcfb879eb73723521240a48a9bae99349d094a1fb82563535aabde82ec,4ed83e755ec0ed2b7f4675dc9cd790f3a2f8164f,"[64, 1]",64,native_NHD_then_page_head_token_dim_permute,a7dee0e77eec04063b09e30ffadbc546426deb74203e92e778deafe3ec464207,9.1.0,"[4096, 4096, 4096, 4096, 4096, 4096, 4096, 4096, 4096, 4096, 4096, 4096, 4096, 4096, 4096, 4096, 4096, 4096, 4096, 4096, 4096, 4096, 4096, 4096, 4096, 4096, 4096, 4096, 4096, 4096, 4096, 4096, 4096, 4096, 4096, 4096, 4096, 4096, 4096, 4096, 4096, 4096, 4096, 4096, 4096, 4096, 4096, 4096, 4096, 4096, 4096, 4096, 4096, 4096, 4096, 4096, 4096, 4096, 4096, 4096, 4096, 4096, 4096, 4096, 4096]","[2, 2, 2, 2, 2, 2, 2, 2, 2, 2, 2, 2, 2, 2, 2, 2, 2, 2, 2, 2, 2, 2, 2, 2, 2, 2, 2, 2, 2, 2, 2, 2, 2, 2, 2, 2, 2, 2, 2, 2, 2, 2, 2, 2, 2, 2, 2, 2, 2, 2, 2, 2, 2, 2, 2, 2, 2, 2, 2, 2, 2, 2, 2, 2, 2]",full_verify_d2_m130_kv4096_uniform_compact_tp4,True,npu:5,5,Ascend950PR_957b,2,bfloat16,False,256,0.4891189746558666,paged_prefill_small_q_grouped_kernel,"[16384, 256, 256, 1]",4096,uniform,130,2,4096,28,1,6,56,64,4161,candidate,3.11.10,130,"[1536, 256, 1]",65,performance_shape_validation,"[4096, 4096, 4096, 4096, 4096, 4096, 4096, 4096, 4096, 4096, 4096, 4096, 4096, 4096, 4096, 4096, 4096, 4096, 4096, 4096, 4096, 4096, 4096, 4096, 4096, 4096, 4096, 4096, 4096, 4096, 4096, 4096, 4096, 4096, 4096, 4096, 4096, 4096, 4096, 4096, 4096, 4096, 4096, 4096, 4096, 4096, 4096, 4096, 4096, 4096, 4096, 4096, 4096, 4096, 4096, 4096, 4096, 4096, 4096, 4096, 4096, 4096, 4096, 4096, 4096]","[2, 2, 2, 2, 2, 2, 2, 2, 2, 2, 2, 2, 2, 2, 2, 2, 2, 2, 2, 2, 2, 2, 2, 2, 2, 2, 2, 2, 2, 2, 2, 2, 2, 2, 2, 2, 2, 2, 2, 2, 2, 2, 2, 2, 2, 2, 2, 2, 2, 2, 2, 2, 2, 2, 2, 2, 2, 2, 2, 2, 2, 2, 2, 2, 2]",65,1,20260829,float32,0.09119556747428784,VALIDATED_FOR_MSPROF,,compact,msprof_op_task_duration_acceptance,verify_d2,2.10.0.post4.dev20260715,2.10.0+cpu,4,3.2.0,4ed83e755ec0ed2b7f4675dc9cd790f3a2f8164f
full,c47f9bdcfb879eb73723521240a48a9bae99349d094a1fb82563535aabde82ec,4ed83e755ec0ed2b7f4675dc9cd790f3a2f8164f,"[64, 1]",64,native_NHD_then_page_head_token_dim_permute,a7dee0e77eec04063b09e30ffadbc546426deb74203e92e778deafe3ec464207,9.1.0,"[4096, 4096, 4096, 4096, 4096, 4096, 4096, 4096, 4096, 4096, 4096, 4096, 4096, 4096, 4096, 4096, 4096, 4096, 4096, 4096, 4096, 4096, 4096, 4096, 4096, 4096, 4096, 4096, 4096, 4096, 4096, 4096, 4096, 4096, 4096, 4096, 4096, 4096, 4096, 4096, 4096, 4096, 4096, 4096, 4096, 4096, 4096, 4096, 4096, 4096, 4096, 4096, 4096, 4096, 4096, 4096, 4096, 4096, 4096, 4096, 4096, 4096, 4096, 4096, 4096, 4096, 4096, 4096, 4096, 4096, 4096, 4096, 4096, 4096, 4096, 4096, 4096, 4096, 4096, 4096, 4096, 4096, 4096, 4096, 4096, 4096, 4096, 4096, 4096, 4096, 4096, 4096, 4096, 4096, 4096, 4096, 4096, 4096, 4096, 4096, 4096, 4096, 4096, 4096, 4096, 4096, 4096, 4096, 4096, 4096, 4096, 4096, 4096, 4096, 4096, 4096, 4096, 4096, 4096, 4096, 4096, 4096, 4096, 4096, 4096, 4096, 4096, 4096]","[2, 2, 2, 2, 2, 2, 2, 2, 2, 2, 2, 2, 2, 2, 2, 2, 2, 2, 2, 2, 2, 2, 2, 2, 2, 2, 2, 2, 2, 2, 2, 2, 2, 2, 2, 2, 2, 2, 2, 2, 2, 2, 2, 2, 2, 2, 2, 2, 2, 2, 2, 2, 2, 2, 2, 2, 2, 2, 2, 2, 2, 2, 2, 2, 2, 2, 2, 2, 2, 2, 2, 2, 2, 2, 2, 2, 2, 2, 2, 2, 2, 2, 2, 2, 2, 2, 2, 2, 2, 2, 2, 2, 2, 2, 2, 2, 2, 2, 2, 2, 2, 2, 2, 2, 2, 2, 2, 2, 2, 2, 2, 2, 2, 2, 2, 2, 2, 2, 2, 2, 2, 2, 2, 2, 2, 2, 2, 2]",full_verify_d2_m256_kv4096_uniform_compact_tp4,True,npu:5,5,Ascend950PR_957b,2,bfloat16,False,256,1.0557880159467459,paged_prefill_page_aggregation_kernel,"[16384, 256, 256, 1]",4096,uniform,256,2,4096,28,1,6,56,64,8193,baseline,3.11.10,256,"[1536, 256, 1]",128,performance_shape_validation,"[4096, 4096, 4096, 4096, 4096, 4096, 4096, 4096, 4096, 4096, 4096, 4096, 4096, 4096, 4096, 4096, 4096, 4096, 4096, 4096, 4096, 4096, 4096, 4096, 4096, 4096, 4096, 4096, 4096, 4096, 4096, 4096, 4096, 4096, 4096, 4096, 4096, 4096, 4096, 4096, 4096, 4096, 4096, 4096, 4096, 4096, 4096, 4096, 4096, 4096, 4096, 4096, 4096, 4096, 4096, 4096, 4096, 4096, 4096, 4096, 4096, 4096, 4096, 4096, 4096, 4096, 4096, 4096, 4096, 4096, 4096, 4096, 4096, 4096, 4096, 4096, 4096, 4096, 4096, 4096, 4096, 4096, 4096, 4096, 4096, 4096, 4096, 4096, 4096, 4096, 4096, 4096, 4096, 4096, 4096, 4096, 4096, 4096, 4096, 4096, 4096, 4096, 4096, 4096, 4096, 4096, 4096, 4096, 4096, 4096, 4096, 4096, 4096, 4096, 4096, 4096, 4096, 4096, 4096, 4096, 4096, 4096, 4096, 4096, 4096, 4096, 4096, 4096]","[2, 2, 2, 2, 2, 2, 2, 2, 2, 2, 2, 2, 2, 2, 2, 2, 2, 2, 2, 2, 2, 2, 2, 2, 2, 2, 2, 2, 2, 2, 2, 2, 2, 2, 2, 2, 2, 2, 2, 2, 2, 2, 2, 2, 2, 2, 2, 2, 2, 2, 2, 2, 2, 2, 2, 2, 2, 2, 2, 2, 2, 2, 2, 2, 2, 2, 2, 2, 2, 2, 2, 2, 2, 2, 2, 2, 2, 2, 2, 2, 2, 2, 2, 2, 2, 2, 2, 2, 2, 2, 2, 2, 2, 2, 2, 2, 2, 2, 2, 2, 2, 2, 2, 2, 2, 2, 2, 2, 2, 2, 2, 2, 2, 2, 2, 2, 2, 2, 2, 2, 2, 2, 2, 2, 2, 2, 2, 2]",128,1,20260829,float32,0.09119556747428784,VALIDATED_FOR_MSPROF,,compact,msprof_op_task_duration_acceptance,verify_d2,2.10.0.post4.dev20260715,2.10.0+cpu,4,3.2.0,4ed83e755ec0ed2b7f4675dc9cd790f3a2f8164f
full,c47f9bdcfb879eb73723521240a48a9bae99349d094a1fb82563535aabde82ec,4ed83e755ec0ed2b7f4675dc9cd790f3a2f8164f,"[64, 1]",64,native_NHD_then_page_head_token_dim_permute,a7dee0e77eec04063b09e30ffadbc546426deb74203e92e778deafe3ec464207,9.1.0,"[4096, 4096, 4096, 4096, 4096, 4096, 4096, 4096, 4096, 4096, 4096, 4096, 4096, 4096, 4096, 4096, 4096, 4096, 4096, 4096, 4096, 4096, 4096, 4096, 4096, 4096, 4096, 4096, 4096, 4096, 4096, 4096, 4096, 4096, 4096, 4096, 4096, 4096, 4096, 4096, 4096, 4096, 4096, 4096, 4096, 4096, 4096, 4096, 4096, 4096, 4096, 4096, 4096, 4096, 4096, 4096, 4096, 4096, 4096, 4096, 4096, 4096, 4096, 4096, 4096, 4096, 4096, 4096, 4096, 4096, 4096, 4096, 4096, 4096, 4096, 4096, 4096, 4096, 4096, 4096, 4096, 4096, 4096, 4096, 4096, 4096, 4096, 4096, 4096, 4096, 4096, 4096, 4096, 4096, 4096, 4096, 4096, 4096, 4096, 4096, 4096, 4096, 4096, 4096, 4096, 4096, 4096, 4096, 4096, 4096, 4096, 4096, 4096, 4096, 4096, 4096, 4096, 4096, 4096, 4096, 4096, 4096, 4096, 4096, 4096, 4096, 4096, 4096]","[2, 2, 2, 2, 2, 2, 2, 2, 2, 2, 2, 2, 2, 2, 2, 2, 2, 2, 2, 2, 2, 2, 2, 2, 2, 2, 2, 2, 2, 2, 2, 2, 2, 2, 2, 2, 2, 2, 2, 2, 2, 2, 2, 2, 2, 2, 2, 2, 2, 2, 2, 2, 2, 2, 2, 2, 2, 2, 2, 2, 2, 2, 2, 2, 2, 2, 2, 2, 2, 2, 2, 2, 2, 2, 2, 2, 2, 2, 2, 2, 2, 2, 2, 2, 2, 2, 2, 2, 2, 2, 2, 2, 2, 2, 2, 2, 2, 2, 2, 2, 2, 2, 2, 2, 2, 2, 2, 2, 2, 2, 2, 2, 2, 2, 2, 2, 2, 2, 2, 2, 2, 2, 2, 2, 2, 2, 2, 2]",full_verify_d2_m256_kv4096_uniform_compact_tp4,True,npu:5,5,Ascend950PR_957b,2,bfloat16,False,256,0.827473122626543,paged_prefill_small_q_grouped_kernel,"[16384, 256, 256, 1]",4096,uniform,256,2,4096,28,1,6,56,64,8193,candidate,3.11.10,256,"[1536, 256, 1]",128,performance_shape_validation,"[4096, 4096, 4096, 4096, 4096, 4096, 4096, 4096, 4096, 4096, 4096, 4096, 4096, 4096, 4096, 4096, 4096, 4096, 4096, 4096, 4096, 4096, 4096, 4096, 4096, 4096, 4096, 4096, 4096, 4096, 4096, 4096, 4096, 4096, 4096, 4096, 4096, 4096, 4096, 4096, 4096, 4096, 4096, 4096, 4096, 4096, 4096, 4096, 4096, 4096, 4096, 4096, 4096, 4096, 4096, 4096, 4096, 4096, 4096, 4096, 4096, 4096, 4096, 4096, 4096, 4096, 4096, 4096, 4096, 4096, 4096, 4096, 4096, 4096, 4096, 4096, 4096, 4096, 4096, 4096, 4096, 4096, 4096, 4096, 4096, 4096, 4096, 4096, 4096, 4096, 4096, 4096, 4096, 4096, 4096, 4096, 4096, 4096, 4096, 4096, 4096, 4096, 4096, 4096, 4096, 4096, 4096, 4096, 4096, 4096, 4096, 4096, 4096, 4096, 4096, 4096, 4096, 4096, 4096, 4096, 4096, 4096, 4096, 4096, 4096, 4096, 4096, 4096]","[2, 2, 2, 2, 2, 2, 2, 2, 2, 2, 2, 2, 2, 2, 2, 2, 2, 2, 2, 2, 2, 2, 2, 2, 2, 2, 2, 2, 2, 2, 2, 2, 2, 2, 2, 2, 2, 2, 2, 2, 2, 2, 2, 2, 2, 2, 2, 2, 2, 2, 2, 2, 2, 2, 2, 2, 2, 2, 2, 2, 2, 2, 2, 2, 2, 2, 2, 2, 2, 2, 2, 2, 2, 2, 2, 2, 2, 2, 2, 2, 2, 2, 2, 2, 2, 2, 2, 2, 2, 2, 2, 2, 2, 2, 2, 2, 2, 2, 2, 2, 2, 2, 2, 2, 2, 2, 2, 2, 2, 2, 2, 2, 2, 2, 2, 2, 2, 2, 2, 2, 2, 2, 2, 2, 2, 2, 2, 2]",128,1,20260829,float32,0.09119556747428784,VALIDATED_FOR_MSPROF,,compact,msprof_op_task_duration_acceptance,verify_d2,2.10.0.post4.dev20260715,2.10.0+cpu,4,3.2.0,4ed83e755ec0ed2b7f4675dc9cd790f3a2f8164f
full,c47f9bdcfb879eb73723521240a48a9bae99349d094a1fb82563535aabde82ec,4ed83e755ec0ed2b7f4675dc9cd790f3a2f8164f,"[64, 1]",64,native_NHD_then_page_head_token_dim_permute,a7dee0e77eec04063b09e30ffadbc546426deb74203e92e778deafe3ec464207,9.1.0,"[4096, 4096, 4096, 4096, 4096, 4096, 4096, 4096, 4096, 4096, 4096, 4096, 4096, 4096, 4096, 4096, 4096, 4096, 4096, 4096, 4096, 4096, 4096, 4096, 4096, 4096, 4096, 4096, 4096, 4096, 4096, 4096, 4096, 4096, 4096, 4096, 4096, 4096, 4096, 4096, 4096, 4096, 4096, 4096, 4096, 4096, 4096, 4096, 4096, 4096, 4096, 4096, 4096, 4096, 4096, 4096, 4096, 4096, 4096, 4096, 4096, 4096, 4096, 4096, 4096, 4096, 4096, 4096, 4096, 4096, 4096, 4096, 4096, 4096, 4096, 4096, 4096, 4096, 4096, 4096, 4096, 4096, 4096, 4096, 4096, 4096, 4096, 4096, 4096, 4096, 4096, 4096, 4096, 4096, 4096, 4096, 4096, 4096, 4096, 4096, 4096, 4096, 4096, 4096, 4096, 4096, 4096, 4096, 4096, 4096, 4096, 4096, 4096, 4096, 4096, 4096, 4096, 4096, 4096, 4096, 4096, 4096, 4096, 4096, 4096, 4096, 4096, 4096, 4096, 4096, 4096, 4096, 4096, 4096, 4096, 4096, 4096, 4096, 4096, 4096, 4096, 4096, 4096, 4096, 4096, 4096, 4096, 4096, 4096, 4096, 4096, 4096, 4096, 4096, 4096, 4096, 4096, 4096, 4096, 4096, 4096, 4096, 4096, 4096, 4096, 4096, 4096, 4096, 4096, 4096, 4096, 4096, 4096, 4096, 4096, 4096, 4096, 4096, 4096, 4096, 4096, 4096, 4096, 4096, 4096, 4096, 4096, 4096, 4096, 4096, 4096, 4096, 4096, 4096, 4096, 4096, 4096, 4096, 4096, 4096, 4096, 4096, 4096, 4096, 4096, 4096, 4096, 4096, 4096, 4096, 4096, 4096, 4096, 4096, 4096, 4096, 4096, 4096, 4096, 4096, 4096, 4096, 4096, 4096, 4096, 4096, 4096, 4096, 4096, 4096, 4096, 4096, 4096, 4096, 4096, 4096, 4096, 4096, 4096, 4096, 4096, 4096, 4096, 4096, 4096, 4096, 4096, 4096, 4096, 4096, 4096, 4096, 4096, 4096, 4096, 4096]","[2, 2, 2, 2, 2, 2, 2, 2, 2, 2, 2, 2, 2, 2, 2, 2, 2, 2, 2, 2, 2, 2, 2, 2, 2, 2, 2, 2, 2, 2, 2, 2, 2, 2, 2, 2, 2, 2, 2, 2, 2, 2, 2, 2, 2, 2, 2, 2, 2, 2, 2, 2, 2, 2, 2, 2, 2, 2, 2, 2, 2, 2, 2, 2, 2, 2, 2, 2, 2, 2, 2, 2, 2, 2, 2, 2, 2, 2, 2, 2, 2, 2, 2, 2, 2, 2, 2, 2, 2, 2, 2, 2, 2, 2, 2, 2, 2, 2, 2, 2, 2, 2, 2, 2, 2, 2, 2, 2, 2, 2, 2, 2, 2, 2, 2, 2, 2, 2, 2, 2, 2, 2, 2, 2, 2, 2, 2, 2, 2, 2, 2, 2, 2, 2, 2, 2, 2, 2, 2, 2, 2, 2, 2, 2, 2, 2, 2, 2, 2, 2, 2, 2, 2, 2, 2, 2, 2, 2, 2, 2, 2, 2, 2, 2, 2, 2, 2, 2, 2, 2, 2, 2, 2, 2, 2, 2, 2, 2, 2, 2, 2, 2, 2, 2, 2, 2, 2, 2, 2, 2, 2, 2, 2, 2, 2, 2, 2, 2, 2, 2, 2, 2, 2, 2, 2, 2, 2, 2, 2, 2, 2, 2, 2, 2, 2, 2, 2, 2, 2, 2, 2, 2, 2, 2, 2, 2, 2, 2, 2, 2, 2, 2, 2, 2, 2, 2, 2, 2, 2, 2, 2, 2, 2, 2, 2, 2, 2, 2, 2, 2, 2, 2, 2, 2, 2, 2]",full_verify_d2_m512_kv4096_uniform_compact_tp4,True,npu:5,5,Ascend950PR_957b,2,bfloat16,False,256,1.8008931074291468,paged_prefill_page_aggregation_kernel,"[16384, 256, 256, 1]",4096,uniform,512,2,4096,28,1,6,56,64,16385,baseline,3.11.10,512,"[1536, 256, 1]",256,performance_shape_validation,"[4096, 4096, 4096, 4096, 4096, 4096, 4096, 4096, 4096, 4096, 4096, 4096, 4096, 4096, 4096, 4096, 4096, 4096, 4096, 4096, 4096, 4096, 4096, 4096, 4096, 4096, 4096, 4096, 4096, 4096, 4096, 4096, 4096, 4096, 4096, 4096, 4096, 4096, 4096, 4096, 4096, 4096, 4096, 4096, 4096, 4096, 4096, 4096, 4096, 4096, 4096, 4096, 4096, 4096, 4096, 4096, 4096, 4096, 4096, 4096, 4096, 4096, 4096, 4096, 4096, 4096, 4096, 4096, 4096, 4096, 4096, 4096, 4096, 4096, 4096, 4096, 4096, 4096, 4096, 4096, 4096, 4096, 4096, 4096, 4096, 4096, 4096, 4096, 4096, 4096, 4096, 4096, 4096, 4096, 4096, 4096, 4096, 4096, 4096, 4096, 4096, 4096, 4096, 4096, 4096, 4096, 4096, 4096, 4096, 4096, 4096, 4096, 4096, 4096, 4096, 4096, 4096, 4096, 4096, 4096, 4096, 4096, 4096, 4096, 4096, 4096, 4096, 4096, 4096, 4096, 4096, 4096, 4096, 4096, 4096, 4096, 4096, 4096, 4096, 4096, 4096, 4096, 4096, 4096, 4096, 4096, 4096, 4096, 4096, 4096, 4096, 4096, 4096, 4096, 4096, 4096, 4096, 4096, 4096, 4096, 4096, 4096, 4096, 4096, 4096, 4096, 4096, 4096, 4096, 4096, 4096, 4096, 4096, 4096, 4096, 4096, 4096, 4096, 4096, 4096, 4096, 4096, 4096, 4096, 4096, 4096, 4096, 4096, 4096, 4096, 4096, 4096, 4096, 4096, 4096, 4096, 4096, 4096, 4096, 4096, 4096, 4096, 4096, 4096, 4096, 4096, 4096, 4096, 4096, 4096, 4096, 4096, 4096, 4096, 4096, 4096, 4096, 4096, 4096, 4096, 4096, 4096, 4096, 4096, 4096, 4096, 4096, 4096, 4096, 4096, 4096, 4096, 4096, 4096, 4096, 4096, 4096, 4096, 4096, 4096, 4096, 4096, 4096, 4096, 4096, 4096, 4096, 4096, 4096, 4096, 4096, 4096, 4096, 4096, 4096, 4096]","[2, 2, 2, 2, 2, 2, 2, 2, 2, 2, 2, 2, 2, 2, 2, 2, 2, 2, 2, 2, 2, 2, 2, 2, 2, 2, 2, 2, 2, 2, 2, 2, 2, 2, 2, 2, 2, 2, 2, 2, 2, 2, 2, 2, 2, 2, 2, 2, 2, 2, 2, 2, 2, 2, 2, 2, 2, 2, 2, 2, 2, 2, 2, 2, 2, 2, 2, 2, 2, 2, 2, 2, 2, 2, 2, 2, 2, 2, 2, 2, 2, 2, 2, 2, 2, 2, 2, 2, 2, 2, 2, 2, 2, 2, 2, 2, 2, 2, 2, 2, 2, 2, 2, 2, 2, 2, 2, 2, 2, 2, 2, 2, 2, 2, 2, 2, 2, 2, 2, 2, 2, 2, 2, 2, 2, 2, 2, 2, 2, 2, 2, 2, 2, 2, 2, 2, 2, 2, 2, 2, 2, 2, 2, 2, 2, 2, 2, 2, 2, 2, 2, 2, 2, 2, 2, 2, 2, 2, 2, 2, 2, 2, 2, 2, 2, 2, 2, 2, 2, 2, 2, 2, 2, 2, 2, 2, 2, 2, 2, 2, 2, 2, 2, 2, 2, 2, 2, 2, 2, 2, 2, 2, 2, 2, 2, 2, 2, 2, 2, 2, 2, 2, 2, 2, 2, 2, 2, 2, 2, 2, 2, 2, 2, 2, 2, 2, 2, 2, 2, 2, 2, 2, 2, 2, 2, 2, 2, 2, 2, 2, 2, 2, 2, 2, 2, 2, 2, 2, 2, 2, 2, 2, 2, 2, 2, 2, 2, 2, 2, 2, 2, 2, 2, 2, 2, 2]",256,1,20260829,float32,0.09119556747428784,VALIDATED_FOR_MSPROF,,compact,msprof_op_task_duration_acceptance,verify_d2,2.10.0.post4.dev20260715,2.10.0+cpu,4,3.2.0,4ed83e755ec0ed2b7f4675dc9cd790f3a2f8164f
full,c47f9bdcfb879eb73723521240a48a9bae99349d094a1fb82563535aabde82ec,4ed83e755ec0ed2b7f4675dc9cd790f3a2f8164f,"[64, 1]",64,native_NHD_then_page_head_token_dim_permute,a7dee0e77eec04063b09e30ffadbc546426deb74203e92e778deafe3ec464207,9.1.0,"[4096, 4096, 4096, 4096, 4096, 4096, 4096, 4096, 4096, 4096, 4096, 4096, 4096, 4096, 4096, 4096, 4096, 4096, 4096, 4096, 4096, 4096, 4096, 4096, 4096, 4096, 4096, 4096, 4096, 4096, 4096, 4096, 4096, 4096, 4096, 4096, 4096, 4096, 4096, 4096, 4096, 4096, 4096, 4096, 4096, 4096, 4096, 4096, 4096, 4096, 4096, 4096, 4096, 4096, 4096, 4096, 4096, 4096, 4096, 4096, 4096, 4096, 4096, 4096, 4096, 4096, 4096, 4096, 4096, 4096, 4096, 4096, 4096, 4096, 4096, 4096, 4096, 4096, 4096, 4096, 4096, 4096, 4096, 4096, 4096, 4096, 4096, 4096, 4096, 4096, 4096, 4096, 4096, 4096, 4096, 4096, 4096, 4096, 4096, 4096, 4096, 4096, 4096, 4096, 4096, 4096, 4096, 4096, 4096, 4096, 4096, 4096, 4096, 4096, 4096, 4096, 4096, 4096, 4096, 4096, 4096, 4096, 4096, 4096, 4096, 4096, 4096, 4096, 4096, 4096, 4096, 4096, 4096, 4096, 4096, 4096, 4096, 4096, 4096, 4096, 4096, 4096, 4096, 4096, 4096, 4096, 4096, 4096, 4096, 4096, 4096, 4096, 4096, 4096, 4096, 4096, 4096, 4096, 4096, 4096, 4096, 4096, 4096, 4096, 4096, 4096, 4096, 4096, 4096, 4096, 4096, 4096, 4096, 4096, 4096, 4096, 4096, 4096, 4096, 4096, 4096, 4096, 4096, 4096, 4096, 4096, 4096, 4096, 4096, 4096, 4096, 4096, 4096, 4096, 4096, 4096, 4096, 4096, 4096, 4096, 4096, 4096, 4096, 4096, 4096, 4096, 4096, 4096, 4096, 4096, 4096, 4096, 4096, 4096, 4096, 4096, 4096, 4096, 4096, 4096, 4096, 4096, 4096, 4096, 4096, 4096, 4096, 4096, 4096, 4096, 4096, 4096, 4096, 4096, 4096, 4096, 4096, 4096, 4096, 4096, 4096, 4096, 4096, 4096, 4096, 4096, 4096, 4096, 4096, 4096, 4096, 4096, 4096, 4096, 4096, 4096]","[2, 2, 2, 2, 2, 2, 2, 2, 2, 2, 2, 2, 2, 2, 2, 2, 2, 2, 2, 2, 2, 2, 2, 2, 2, 2, 2, 2, 2, 2, 2, 2, 2, 2, 2, 2, 2, 2, 2, 2, 2, 2, 2, 2, 2, 2, 2, 2, 2, 2, 2, 2, 2, 2, 2, 2, 2, 2, 2, 2, 2, 2, 2, 2, 2, 2, 2, 2, 2, 2, 2, 2, 2, 2, 2, 2, 2, 2, 2, 2, 2, 2, 2, 2, 2, 2, 2, 2, 2, 2, 2, 2, 2, 2, 2, 2, 2, 2, 2, 2, 2, 2, 2, 2, 2, 2, 2, 2, 2, 2, 2, 2, 2, 2, 2, 2, 2, 2, 2, 2, 2, 2, 2, 2, 2, 2, 2, 2, 2, 2, 2, 2, 2, 2, 2, 2, 2, 2, 2, 2, 2, 2, 2, 2, 2, 2, 2, 2, 2, 2, 2, 2, 2, 2, 2, 2, 2, 2, 2, 2, 2, 2, 2, 2, 2, 2, 2, 2, 2, 2, 2, 2, 2, 2, 2, 2, 2, 2, 2, 2, 2, 2, 2, 2, 2, 2, 2, 2, 2, 2, 2, 2, 2, 2, 2, 2, 2, 2, 2, 2, 2, 2, 2, 2, 2, 2, 2, 2, 2, 2, 2, 2, 2, 2, 2, 2, 2, 2, 2, 2, 2, 2, 2, 2, 2, 2, 2, 2, 2, 2, 2, 2, 2, 2, 2, 2, 2, 2, 2, 2, 2, 2, 2, 2, 2, 2, 2, 2, 2, 2, 2, 2, 2, 2, 2, 2]",full_verify_d2_m512_kv4096_uniform_compact_tp4,True,npu:5,5,Ascend950PR_957b,2,bfloat16,False,256,1.4351301360875368,paged_prefill_small_q_grouped_kernel,"[16384, 256, 256, 1]",4096,uniform,512,2,4096,28,1,6,56,64,16385,candidate,3.11.10,512,"[1536, 256, 1]",256,performance_shape_validation,"[4096, 4096, 4096, 4096, 4096, 4096, 4096, 4096, 4096, 4096, 4096, 4096, 4096, 4096, 4096, 4096, 4096, 4096, 4096, 4096, 4096, 4096, 4096, 4096, 4096, 4096, 4096, 4096, 4096, 4096, 4096, 4096, 4096, 4096, 4096, 4096, 4096, 4096, 4096, 4096, 4096, 4096, 4096, 4096, 4096, 4096, 4096, 4096, 4096, 4096, 4096, 4096, 4096, 4096, 4096, 4096, 4096, 4096, 4096, 4096, 4096, 4096, 4096, 4096, 4096, 4096, 4096, 4096, 4096, 4096, 4096, 4096, 4096, 4096, 4096, 4096, 4096, 4096, 4096, 4096, 4096, 4096, 4096, 4096, 4096, 4096, 4096, 4096, 4096, 4096, 4096, 4096, 4096, 4096, 4096, 4096, 4096, 4096, 4096, 4096, 4096, 4096, 4096, 4096, 4096, 4096, 4096, 4096, 4096, 4096, 4096, 4096, 4096, 4096, 4096, 4096, 4096, 4096, 4096, 4096, 4096, 4096, 4096, 4096, 4096, 4096, 4096, 4096, 4096, 4096, 4096, 4096, 4096, 4096, 4096, 4096, 4096, 4096, 4096, 4096, 4096, 4096, 4096, 4096, 4096, 4096, 4096, 4096, 4096, 4096, 4096, 4096, 4096, 4096, 4096, 4096, 4096, 4096, 4096, 4096, 4096, 4096, 4096, 4096, 4096, 4096, 4096, 4096, 4096, 4096, 4096, 4096, 4096, 4096, 4096, 4096, 4096, 4096, 4096, 4096, 4096, 4096, 4096, 4096, 4096, 4096, 4096, 4096, 4096, 4096, 4096, 4096, 4096, 4096, 4096, 4096, 4096, 4096, 4096, 4096, 4096, 4096, 4096, 4096, 4096, 4096, 4096, 4096, 4096, 4096, 4096, 4096, 4096, 4096, 4096, 4096, 4096, 4096, 4096, 4096, 4096, 4096, 4096, 4096, 4096, 4096, 4096, 4096, 4096, 4096, 4096, 4096, 4096, 4096, 4096, 4096, 4096, 4096, 4096, 4096, 4096, 4096, 4096, 4096, 4096, 4096, 4096, 4096, 4096, 4096, 4096, 4096, 4096, 4096, 4096, 4096]","[2, 2, 2, 2, 2, 2, 2, 2, 2, 2, 2, 2, 2, 2, 2, 2, 2, 2, 2, 2, 2, 2, 2, 2, 2, 2, 2, 2, 2, 2, 2, 2, 2, 2, 2, 2, 2, 2, 2, 2, 2, 2, 2, 2, 2, 2, 2, 2, 2, 2, 2, 2, 2, 2, 2, 2, 2, 2, 2, 2, 2, 2, 2, 2, 2, 2, 2, 2, 2, 2, 2, 2, 2, 2, 2, 2, 2, 2, 2, 2, 2, 2, 2, 2, 2, 2, 2, 2, 2, 2, 2, 2, 2, 2, 2, 2, 2, 2, 2, 2, 2, 2, 2, 2, 2, 2, 2, 2, 2, 2, 2, 2, 2, 2, 2, 2, 2, 2, 2, 2, 2, 2, 2, 2, 2, 2, 2, 2, 2, 2, 2, 2, 2, 2, 2, 2, 2, 2, 2, 2, 2, 2, 2, 2, 2, 2, 2, 2, 2, 2, 2, 2, 2, 2, 2, 2, 2, 2, 2, 2, 2, 2, 2, 2, 2, 2, 2, 2, 2, 2, 2, 2, 2, 2, 2, 2, 2, 2, 2, 2, 2, 2, 2, 2, 2, 2, 2, 2, 2, 2, 2, 2, 2, 2, 2, 2, 2, 2, 2, 2, 2, 2, 2, 2, 2, 2, 2, 2, 2, 2, 2, 2, 2, 2, 2, 2, 2, 2, 2, 2, 2, 2, 2, 2, 2, 2, 2, 2, 2, 2, 2, 2, 2, 2, 2, 2, 2, 2, 2, 2, 2, 2, 2, 2, 2, 2, 2, 2, 2, 2, 2, 2, 2, 2, 2, 2]",256,1,20260829,float32,0.09119556747428784,VALIDATED_FOR_MSPROF,,compact,msprof_op_task_duration_acceptance,verify_d2,2.10.0.post4.dev20260715,2.10.0+cpu,4,3.2.0,4ed83e755ec0ed2b7f4675dc9cd790f3a2f8164f
full,c47f9bdcfb879eb73723521240a48a9bae99349d094a1fb82563535aabde82ec,4ed83e755ec0ed2b7f4675dc9cd790f3a2f8164f,"[64, 1]",64,native_NHD_then_page_head_token_dim_permute,a7dee0e77eec04063b09e30ffadbc546426deb74203e92e778deafe3ec464207,9.1.0,"[4096, 4096, 4096, 4096, 4096, 4096, 4096, 4096, 4096, 4096, 4096, 4096, 4096, 4096, 4096, 4096, 4096, 4096, 4096, 4096, 4096, 4096, 4096, 4096, 4096, 4096, 4096, 4096, 4096, 4096, 4096, 4096, 4096, 4096, 4096, 4096, 4096, 4096, 4096, 4096, 4096, 4096, 4096, 4096, 4096, 4096, 4096, 4096, 4096, 4096, 4096, 4096, 4096, 4096, 4096, 4096, 4096, 4096, 4096, 4096, 4096, 4096, 4096, 4096, 4096, 4096, 4096, 4096, 4096, 4096, 4096, 4096, 4096, 4096, 4096, 4096, 4096, 4096, 4096, 4096, 4096, 4096, 4096, 4096, 4096, 4096, 4096, 4096, 4096, 4096, 4096, 4096, 4096, 4096, 4096, 4096, 4096, 4096, 4096, 4096, 4096, 4096, 4096, 4096, 4096, 4096, 4096, 4096, 4096, 4096, 4096, 4096, 4096, 4096, 4096, 4096, 4096, 4096, 4096, 4096, 4096, 4096, 4096, 4096, 4096, 4096, 4096, 4096, 4096, 4096, 4096, 4096, 4096, 4096, 4096, 4096, 4096, 4096, 4096, 4096, 4096, 4096, 4096, 4096, 4096, 4096, 4096, 4096, 4096, 4096, 4096, 4096, 4096, 4096, 4096, 4096, 4096, 4096, 4096, 4096, 4096, 4096, 4096, 4096, 4096, 4096, 4096, 4096, 4096, 4096, 4096, 4096, 4096, 4096, 4096, 4096, 4096, 4096, 4096, 4096, 4096, 4096, 4096, 4096, 4096, 4096, 4096, 4096, 4096, 4096, 4096, 4096, 4096, 4096, 4096, 4096, 4096, 4096, 4096, 4096, 4096, 4096, 4096, 4096, 4096, 4096, 4096, 4096, 4096, 4096, 4096, 4096, 4096, 4096, 4096, 4096, 4096, 4096, 4096, 4096, 4096, 4096, 4096, 4096, 4096, 4096, 4096, 4096, 4096, 4096, 4096, 4096, 4096, 4096, 4096, 4096, 4096, 4096, 4096, 4096, 4096, 4096, 4096, 4096, 4096, 4096, 4096, 4096, 4096, 4096, 4096, 4096, 4096, 4096, 4096, 4096, 4096, 4096, 4096, 4096, 4096, 4096, 4096, 4096, 4096, 4096, 4096, 4096, 4096, 4096, 4096, 4096, 4096, 4096, 4096, 4096, 4096, 4096, 4096, 4096, 4096, 4096, 4096, 4096, 4096, 4096, 4096, 4096, 4096, 4096, 4096, 4096, 4096, 4096, 4096, 4096, 4096, 4096, 4096, 4096, 4096, 4096, 4096, 4096, 4096, 4096, 4096, 4096, 4096, 4096, 4096, 4096, 4096, 4096, 4096, 4096, 4096, 4096, 4096, 4096, 4096, 4096, 4096, 4096, 4096, 4096, 4096, 4096, 4096, 4096, 4096, 4096, 4096, 4096, 4096, 4096, 4096, 4096, 4096, 4096, 4096, 4096, 4096, 4096, 4096, 4096, 4096, 4096, 4096, 4096, 4096, 4096, 4096, 4096, 4096, 4096, 4096, 4096, 4096, 4096, 4096, 4096, 4096, 4096, 4096, 4096, 4096, 4096, 4096, 4096, 4096, 4096, 4096, 4096, 4096, 4096, 4096, 4096, 4096, 4096, 4096, 4096, 4096, 4096, 4096, 4096, 4096, 4096, 4096, 4096, 4096, 4096, 4096, 4096, 4096, 4096, 4096, 4096, 4096, 4096, 4096, 4096, 4096, 4096, 4096, 4096, 4096, 4096, 4096, 4096, 4096, 4096, 4096, 4096, 4096, 4096, 4096, 4096, 4096, 4096, 4096, 4096, 4096, 4096, 4096, 4096, 4096, 4096, 4096, 4096, 4096, 4096, 4096, 4096, 4096, 4096, 4096, 4096, 4096, 4096, 4096, 4096, 4096, 4096, 4096, 4096, 4096, 4096, 4096, 4096, 4096, 4096, 4096, 4096, 4096, 4096, 4096, 4096, 4096, 4096, 4096, 4096, 4096, 4096, 4096, 4096, 4096, 4096, 4096, 4096, 4096, 4096, 4096, 4096, 4096, 4096, 4096, 4096, 4096, 4096, 4096, 4096, 4096, 4096, 4096, 4096, 4096, 4096, 4096, 4096, 4096, 4096, 4096, 4096, 4096, 4096, 4096, 4096, 4096, 4096, 4096, 4096, 4096, 4096, 4096, 4096, 4096, 4096, 4096, 4096, 4096, 4096]","[2, 2, 2, 2, 2, 2, 2, 2, 2, 2, 2, 2, 2, 2, 2, 2, 2, 2, 2, 2, 2, 2, 2, 2, 2, 2, 2, 2, 2, 2, 2, 2, 2, 2, 2, 2, 2, 2, 2, 2, 2, 2, 2, 2, 2, 2, 2, 2, 2, 2, 2, 2, 2, 2, 2, 2, 2, 2, 2, 2, 2, 2, 2, 2, 2, 2, 2, 2, 2, 2, 2, 2, 2, 2, 2, 2, 2, 2, 2, 2, 2, 2, 2, 2, 2, 2, 2, 2, 2, 2, 2, 2, 2, 2, 2, 2, 2, 2, 2, 2, 2, 2, 2, 2, 2, 2, 2, 2, 2, 2, 2, 2, 2, 2, 2, 2, 2, 2, 2, 2, 2, 2, 2, 2, 2, 2, 2, 2, 2, 2, 2, 2, 2, 2, 2, 2, 2, 2, 2, 2, 2, 2, 2, 2, 2, 2, 2, 2, 2, 2, 2, 2, 2, 2, 2, 2, 2, 2, 2, 2, 2, 2, 2, 2, 2, 2, 2, 2, 2, 2, 2, 2, 2, 2, 2, 2, 2, 2, 2, 2, 2, 2, 2, 2, 2, 2, 2, 2, 2, 2, 2, 2, 2, 2, 2, 2, 2, 2, 2, 2, 2, 2, 2, 2, 2, 2, 2, 2, 2, 2, 2, 2, 2, 2, 2, 2, 2, 2, 2, 2, 2, 2, 2, 2, 2, 2, 2, 2, 2, 2, 2, 2, 2, 2, 2, 2, 2, 2, 2, 2, 2, 2, 2, 2, 2, 2, 2, 2, 2, 2, 2, 2, 2, 2, 2, 2, 2, 2, 2, 2, 2, 2, 2, 2, 2, 2, 2, 2, 2, 2, 2, 2, 2, 2, 2, 2, 2, 2, 2, 2, 2, 2, 2, 2, 2, 2, 2, 2, 2, 2, 2, 2, 2, 2, 2, 2, 2, 2, 2, 2, 2, 2, 2, 2, 2, 2, 2, 2, 2, 2, 2, 2, 2, 2, 2, 2, 2, 2, 2, 2, 2, 2, 2, 2, 2, 2, 2, 2, 2, 2, 2, 2, 2, 2, 2, 2, 2, 2, 2, 2, 2, 2, 2, 2, 2, 2, 2, 2, 2, 2, 2, 2, 2, 2, 2, 2, 2, 2, 2, 2, 2, 2, 2, 2, 2, 2, 2, 2, 2, 2, 2, 2, 2, 2, 2, 2, 2, 2, 2, 2, 2, 2, 2, 2, 2, 2, 2, 2, 2, 2, 2, 2, 2, 2, 2, 2, 2, 2, 2, 2, 2, 2, 2, 2, 2, 2, 2, 2, 2, 2, 2, 2, 2, 2, 2, 2, 2, 2, 2, 2, 2, 2, 2, 2, 2, 2, 2, 2, 2, 2, 2, 2, 2, 2, 2, 2, 2, 2, 2, 2, 2, 2, 2, 2, 2, 2, 2, 2, 2, 2, 2, 2, 2, 2, 2, 2, 2, 2, 2, 2, 2, 2, 2, 2, 2, 2, 2, 2, 2, 2, 2, 2, 2, 2, 2, 2, 2, 2, 2, 2, 2, 2, 2, 2, 2, 2, 2, 2, 2, 2, 2, 2, 2, 2, 2, 2, 2, 2, 2, 2, 2, 2, 2, 2, 2, 2, 2, 2, 2, 2, 2, 2]",full_verify_d2_m1024_kv4096_uniform_compact_tp4,True,npu:5,5,Ascend950PR_957b,2,bfloat16,False,256,3.3511200454086065,paged_prefill_page_aggregation_kernel,"[16384, 256, 256, 1]",4096,uniform,1024,2,4096,28,1,6,56,64,32769,baseline,3.11.10,1024,"[1536, 256, 1]",512,performance_shape_validation,"[4096, 4096, 4096, 4096, 4096, 4096, 4096, 4096, 4096, 4096, 4096, 4096, 4096, 4096, 4096, 4096, 4096, 4096, 4096, 4096, 4096, 4096, 4096, 4096, 4096, 4096, 4096, 4096, 4096, 4096, 4096, 4096, 4096, 4096, 4096, 4096, 4096, 4096, 4096, 4096, 4096, 4096, 4096, 4096, 4096, 4096, 4096, 4096, 4096, 4096, 4096, 4096, 4096, 4096, 4096, 4096, 4096, 4096, 4096, 4096, 4096, 4096, 4096, 4096, 4096, 4096, 4096, 4096, 4096, 4096, 4096, 4096, 4096, 4096, 4096, 4096, 4096, 4096, 4096, 4096, 4096, 4096, 4096, 4096, 4096, 4096, 4096, 4096, 4096, 4096, 4096, 4096, 4096, 4096, 4096, 4096, 4096, 4096, 4096, 4096, 4096, 4096, 4096, 4096, 4096, 4096, 4096, 4096, 4096, 4096, 4096, 4096, 4096, 4096, 4096, 4096, 4096, 4096, 4096, 4096, 4096, 4096, 4096, 4096, 4096, 4096, 4096, 4096, 4096, 4096, 4096, 4096, 4096, 4096, 4096, 4096, 4096, 4096, 4096, 4096, 4096, 4096, 4096, 4096, 4096, 4096, 4096, 4096, 4096, 4096, 4096, 4096, 4096, 4096, 4096, 4096, 4096, 4096, 4096, 4096, 4096, 4096, 4096, 4096, 4096, 4096, 4096, 4096, 4096, 4096, 4096, 4096, 4096, 4096, 4096, 4096, 4096, 4096, 4096, 4096, 4096, 4096, 4096, 4096, 4096, 4096, 4096, 4096, 4096, 4096, 4096, 4096, 4096, 4096, 4096, 4096, 4096, 4096, 4096, 4096, 4096, 4096, 4096, 4096, 4096, 4096, 4096, 4096, 4096, 4096, 4096, 4096, 4096, 4096, 4096, 4096, 4096, 4096, 4096, 4096, 4096, 4096, 4096, 4096, 4096, 4096, 4096, 4096, 4096, 4096, 4096, 4096, 4096, 4096, 4096, 4096, 4096, 4096, 4096, 4096, 4096, 4096, 4096, 4096, 4096, 4096, 4096, 4096, 4096, 4096, 4096, 4096, 4096, 4096, 4096, 4096, 4096, 4096, 4096, 4096, 4096, 4096, 4096, 4096, 4096, 4096, 4096, 4096, 4096, 4096, 4096, 4096, 4096, 4096, 4096, 4096, 4096, 4096, 4096, 4096, 4096, 4096, 4096, 4096, 4096, 4096, 4096, 4096, 4096, 4096, 4096, 4096, 4096, 4096, 4096, 4096, 4096, 4096, 4096, 4096, 4096, 4096, 4096, 4096, 4096, 4096, 4096, 4096, 4096, 4096, 4096, 4096, 4096, 4096, 4096, 4096, 4096, 4096, 4096, 4096, 4096, 4096, 4096, 4096, 4096, 4096, 4096, 4096, 4096, 4096, 4096, 4096, 4096, 4096, 4096, 4096, 4096, 4096, 4096, 4096, 4096, 4096, 4096, 4096, 4096, 4096, 4096, 4096, 4096, 4096, 4096, 4096, 4096, 4096, 4096, 4096, 4096, 4096, 4096, 4096, 4096, 4096, 4096, 4096, 4096, 4096, 4096, 4096, 4096, 4096, 4096, 4096, 4096, 4096, 4096, 4096, 4096, 4096, 4096, 4096, 4096, 4096, 4096, 4096, 4096, 4096, 4096, 4096, 4096, 4096, 4096, 4096, 4096, 4096, 4096, 4096, 4096, 4096, 4096, 4096, 4096, 4096, 4096, 4096, 4096, 4096, 4096, 4096, 4096, 4096, 4096, 4096, 4096, 4096, 4096, 4096, 4096, 4096, 4096, 4096, 4096, 4096, 4096, 4096, 4096, 4096, 4096, 4096, 4096, 4096, 4096, 4096, 4096, 4096, 4096, 4096, 4096, 4096, 4096, 4096, 4096, 4096, 4096, 4096, 4096, 4096, 4096, 4096, 4096, 4096, 4096, 4096, 4096, 4096, 4096, 4096, 4096, 4096, 4096, 4096, 4096, 4096, 4096, 4096, 4096, 4096, 4096, 4096, 4096, 4096, 4096, 4096, 4096, 4096, 4096, 4096, 4096, 4096, 4096, 4096, 4096, 4096, 4096, 4096, 4096, 4096, 4096, 4096, 4096, 4096, 4096, 4096, 4096, 4096, 4096, 4096, 4096, 4096, 4096, 4096, 4096, 4096, 4096, 4096, 4096, 4096, 4096, 4096, 4096, 4096, 4096, 4096]","[2, 2, 2, 2, 2, 2, 2, 2, 2, 2, 2, 2, 2, 2, 2, 2, 2, 2, 2, 2, 2, 2, 2, 2, 2, 2, 2, 2, 2, 2, 2, 2, 2, 2, 2, 2, 2, 2, 2, 2, 2, 2, 2, 2, 2, 2, 2, 2, 2, 2, 2, 2, 2, 2, 2, 2, 2, 2, 2, 2, 2, 2, 2, 2, 2, 2, 2, 2, 2, 2, 2, 2, 2, 2, 2, 2, 2, 2, 2, 2, 2, 2, 2, 2, 2, 2, 2, 2, 2, 2, 2, 2, 2, 2, 2, 2, 2, 2, 2, 2, 2, 2, 2, 2, 2, 2, 2, 2, 2, 2, 2, 2, 2, 2, 2, 2, 2, 2, 2, 2, 2, 2, 2, 2, 2, 2, 2, 2, 2, 2, 2, 2, 2, 2, 2, 2, 2, 2, 2, 2, 2, 2, 2, 2, 2, 2, 2, 2, 2, 2, 2, 2, 2, 2, 2, 2, 2, 2, 2, 2, 2, 2, 2, 2, 2, 2, 2, 2, 2, 2, 2, 2, 2, 2, 2, 2, 2, 2, 2, 2, 2, 2, 2, 2, 2, 2, 2, 2, 2, 2, 2, 2, 2, 2, 2, 2, 2, 2, 2, 2, 2, 2, 2, 2, 2, 2, 2, 2, 2, 2, 2, 2, 2, 2, 2, 2, 2, 2, 2, 2, 2, 2, 2, 2, 2, 2, 2, 2, 2, 2, 2, 2, 2, 2, 2, 2, 2, 2, 2, 2, 2, 2, 2, 2, 2, 2, 2, 2, 2, 2, 2, 2, 2, 2, 2, 2, 2, 2, 2, 2, 2, 2, 2, 2, 2, 2, 2, 2, 2, 2, 2, 2, 2, 2, 2, 2, 2, 2, 2, 2, 2, 2, 2, 2, 2, 2, 2, 2, 2, 2, 2, 2, 2, 2, 2, 2, 2, 2, 2, 2, 2, 2, 2, 2, 2, 2, 2, 2, 2, 2, 2, 2, 2, 2, 2, 2, 2, 2, 2, 2, 2, 2, 2, 2, 2, 2, 2, 2, 2, 2, 2, 2, 2, 2, 2, 2, 2, 2, 2, 2, 2, 2, 2, 2, 2, 2, 2, 2, 2, 2, 2, 2, 2, 2, 2, 2, 2, 2, 2, 2, 2, 2, 2, 2, 2, 2, 2, 2, 2, 2, 2, 2, 2, 2, 2, 2, 2, 2, 2, 2, 2, 2, 2, 2, 2, 2, 2, 2, 2, 2, 2, 2, 2, 2, 2, 2, 2, 2, 2, 2, 2, 2, 2, 2, 2, 2, 2, 2, 2, 2, 2, 2, 2, 2, 2, 2, 2, 2, 2, 2, 2, 2, 2, 2, 2, 2, 2, 2, 2, 2, 2, 2, 2, 2, 2, 2, 2, 2, 2, 2, 2, 2, 2, 2, 2, 2, 2, 2, 2, 2, 2, 2, 2, 2, 2, 2, 2, 2, 2, 2, 2, 2, 2, 2, 2, 2, 2, 2, 2, 2, 2, 2, 2, 2, 2, 2, 2, 2, 2, 2, 2, 2, 2, 2, 2, 2, 2, 2, 2, 2, 2, 2, 2, 2, 2, 2, 2, 2, 2, 2, 2, 2, 2, 2, 2, 2, 2, 2, 2, 2, 2, 2]",512,1,20260829,float32,0.09119556747428784,VALIDATED_FOR_MSPROF,,compact,msprof_op_task_duration_acceptance,verify_d2,2.10.0.post4.dev20260715,2.10.0+cpu,4,3.2.0,4ed83e755ec0ed2b7f4675dc9cd790f3a2f8164f
full,c47f9bdcfb879eb73723521240a48a9bae99349d094a1fb82563535aabde82ec,4ed83e755ec0ed2b7f4675dc9cd790f3a2f8164f,"[64, 1]",64,native_NHD_then_page_head_token_dim_permute,a7dee0e77eec04063b09e30ffadbc546426deb74203e92e778deafe3ec464207,9.1.0,"[4096, 4096, 4096, 4096, 4096, 4096, 4096, 4096, 4096, 4096, 4096, 4096, 4096, 4096, 4096, 4096, 4096, 4096, 4096, 4096, 4096, 4096, 4096, 4096, 4096, 4096, 4096, 4096, 4096, 4096, 4096, 4096, 4096, 4096, 4096, 4096, 4096, 4096, 4096, 4096, 4096, 4096, 4096, 4096, 4096, 4096, 4096, 4096, 4096, 4096, 4096, 4096, 4096, 4096, 4096, 4096, 4096, 4096, 4096, 4096, 4096, 4096, 4096, 4096, 4096, 4096, 4096, 4096, 4096, 4096, 4096, 4096, 4096, 4096, 4096, 4096, 4096, 4096, 4096, 4096, 4096, 4096, 4096, 4096, 4096, 4096, 4096, 4096, 4096, 4096, 4096, 4096, 4096, 4096, 4096, 4096, 4096, 4096, 4096, 4096, 4096, 4096, 4096, 4096, 4096, 4096, 4096, 4096, 4096, 4096, 4096, 4096, 4096, 4096, 4096, 4096, 4096, 4096, 4096, 4096, 4096, 4096, 4096, 4096, 4096, 4096, 4096, 4096, 4096, 4096, 4096, 4096, 4096, 4096, 4096, 4096, 4096, 4096, 4096, 4096, 4096, 4096, 4096, 4096, 4096, 4096, 4096, 4096, 4096, 4096, 4096, 4096, 4096, 4096, 4096, 4096, 4096, 4096, 4096, 4096, 4096, 4096, 4096, 4096, 4096, 4096, 4096, 4096, 4096, 4096, 4096, 4096, 4096, 4096, 4096, 4096, 4096, 4096, 4096, 4096, 4096, 4096, 4096, 4096, 4096, 4096, 4096, 4096, 4096, 4096, 4096, 4096, 4096, 4096, 4096, 4096, 4096, 4096, 4096, 4096, 4096, 4096, 4096, 4096, 4096, 4096, 4096, 4096, 4096, 4096, 4096, 4096, 4096, 4096, 4096, 4096, 4096, 4096, 4096, 4096, 4096, 4096, 4096, 4096, 4096, 4096, 4096, 4096, 4096, 4096, 4096, 4096, 4096, 4096, 4096, 4096, 4096, 4096, 4096, 4096, 4096, 4096, 4096, 4096, 4096, 4096, 4096, 4096, 4096, 4096, 4096, 4096, 4096, 4096, 4096, 4096, 4096, 4096, 4096, 4096, 4096, 4096, 4096, 4096, 4096, 4096, 4096, 4096, 4096, 4096, 4096, 4096, 4096, 4096, 4096, 4096, 4096, 4096, 4096, 4096, 4096, 4096, 4096, 4096, 4096, 4096, 4096, 4096, 4096, 4096, 4096, 4096, 4096, 4096, 4096, 4096, 4096, 4096, 4096, 4096, 4096, 4096, 4096, 4096, 4096, 4096, 4096, 4096, 4096, 4096, 4096, 4096, 4096, 4096, 4096, 4096, 4096, 4096, 4096, 4096, 4096, 4096, 4096, 4096, 4096, 4096, 4096, 4096, 4096, 4096, 4096, 4096, 4096, 4096, 4096, 4096, 4096, 4096, 4096, 4096, 4096, 4096, 4096, 4096, 4096, 4096, 4096, 4096, 4096, 4096, 4096, 4096, 4096, 4096, 4096, 4096, 4096, 4096, 4096, 4096, 4096, 4096, 4096, 4096, 4096, 4096, 4096, 4096, 4096, 4096, 4096, 4096, 4096, 4096, 4096, 4096, 4096, 4096, 4096, 4096, 4096, 4096, 4096, 4096, 4096, 4096, 4096, 4096, 4096, 4096, 4096, 4096, 4096, 4096, 4096, 4096, 4096, 4096, 4096, 4096, 4096, 4096, 4096, 4096, 4096, 4096, 4096, 4096, 4096, 4096, 4096, 4096, 4096, 4096, 4096, 4096, 4096, 4096, 4096, 4096, 4096, 4096, 4096, 4096, 4096, 4096, 4096, 4096, 4096, 4096, 4096, 4096, 4096, 4096, 4096, 4096, 4096, 4096, 4096, 4096, 4096, 4096, 4096, 4096, 4096, 4096, 4096, 4096, 4096, 4096, 4096, 4096, 4096, 4096, 4096, 4096, 4096, 4096, 4096, 4096, 4096, 4096, 4096, 4096, 4096, 4096, 4096, 4096, 4096, 4096, 4096, 4096, 4096, 4096, 4096, 4096, 4096, 4096, 4096, 4096, 4096, 4096, 4096, 4096, 4096, 4096, 4096, 4096, 4096, 4096, 4096, 4096, 4096, 4096, 4096, 4096, 4096, 4096, 4096, 4096, 4096, 4096, 4096, 4096, 4096, 4096, 4096, 4096, 4096, 4096, 4096, 4096]","[2, 2, 2, 2, 2, 2, 2, 2, 2, 2, 2, 2, 2, 2, 2, 2, 2, 2, 2, 2, 2, 2, 2, 2, 2, 2, 2, 2, 2, 2, 2, 2, 2, 2, 2, 2, 2, 2, 2, 2, 2, 2, 2, 2, 2, 2, 2, 2, 2, 2, 2, 2, 2, 2, 2, 2, 2, 2, 2, 2, 2, 2, 2, 2, 2, 2, 2, 2, 2, 2, 2, 2, 2, 2, 2, 2, 2, 2, 2, 2, 2, 2, 2, 2, 2, 2, 2, 2, 2, 2, 2, 2, 2, 2, 2, 2, 2, 2, 2, 2, 2, 2, 2, 2, 2, 2, 2, 2, 2, 2, 2, 2, 2, 2, 2, 2, 2, 2, 2, 2, 2, 2, 2, 2, 2, 2, 2, 2, 2, 2, 2, 2, 2, 2, 2, 2, 2, 2, 2, 2, 2, 2, 2, 2, 2, 2, 2, 2, 2, 2, 2, 2, 2, 2, 2, 2, 2, 2, 2, 2, 2, 2, 2, 2, 2, 2, 2, 2, 2, 2, 2, 2, 2, 2, 2, 2, 2, 2, 2, 2, 2, 2, 2, 2, 2, 2, 2, 2, 2, 2, 2, 2, 2, 2, 2, 2, 2, 2, 2, 2, 2, 2, 2, 2, 2, 2, 2, 2, 2, 2, 2, 2, 2, 2, 2, 2, 2, 2, 2, 2, 2, 2, 2, 2, 2, 2, 2, 2, 2, 2, 2, 2, 2, 2, 2, 2, 2, 2, 2, 2, 2, 2, 2, 2, 2, 2, 2, 2, 2, 2, 2, 2, 2, 2, 2, 2, 2, 2, 2, 2, 2, 2, 2, 2, 2, 2, 2, 2, 2, 2, 2, 2, 2, 2, 2, 2, 2, 2, 2, 2, 2, 2, 2, 2, 2, 2, 2, 2, 2, 2, 2, 2, 2, 2, 2, 2, 2, 2, 2, 2, 2, 2, 2, 2, 2, 2, 2, 2, 2, 2, 2, 2, 2, 2, 2, 2, 2, 2, 2, 2, 2, 2, 2, 2, 2, 2, 2, 2, 2, 2, 2, 2, 2, 2, 2, 2, 2, 2, 2, 2, 2, 2, 2, 2, 2, 2, 2, 2, 2, 2, 2, 2, 2, 2, 2, 2, 2, 2, 2, 2, 2, 2, 2, 2, 2, 2, 2, 2, 2, 2, 2, 2, 2, 2, 2, 2, 2, 2, 2, 2, 2, 2, 2, 2, 2, 2, 2, 2, 2, 2, 2, 2, 2, 2, 2, 2, 2, 2, 2, 2, 2, 2, 2, 2, 2, 2, 2, 2, 2, 2, 2, 2, 2, 2, 2, 2, 2, 2, 2, 2, 2, 2, 2, 2, 2, 2, 2, 2, 2, 2, 2, 2, 2, 2, 2, 2, 2, 2, 2, 2, 2, 2, 2, 2, 2, 2, 2, 2, 2, 2, 2, 2, 2, 2, 2, 2, 2, 2, 2, 2, 2, 2, 2, 2, 2, 2, 2, 2, 2, 2, 2, 2, 2, 2, 2, 2, 2, 2, 2, 2, 2, 2, 2, 2, 2, 2, 2, 2, 2, 2, 2, 2, 2, 2, 2, 2, 2, 2, 2, 2, 2, 2, 2, 2, 2, 2, 2, 2, 2, 2, 2, 2]",full_verify_d2_m1024_kv4096_uniform_compact_tp4,True,npu:5,5,Ascend950PR_957b,2,bfloat16,False,256,3.0092878732830286,paged_prefill_small_q_grouped_kernel,"[16384, 256, 256, 1]",4096,uniform,1024,2,4096,28,1,6,56,64,32769,candidate,3.11.10,1024,"[1536, 256, 1]",512,performance_shape_validation,"[4096, 4096, 4096, 4096, 4096, 4096, 4096, 4096, 4096, 4096, 4096, 4096, 4096, 4096, 4096, 4096, 4096, 4096, 4096, 4096, 4096, 4096, 4096, 4096, 4096, 4096, 4096, 4096, 4096, 4096, 4096, 4096, 4096, 4096, 4096, 4096, 4096, 4096, 4096, 4096, 4096, 4096, 4096, 4096, 4096, 4096, 4096, 4096, 4096, 4096, 4096, 4096, 4096, 4096, 4096, 4096, 4096, 4096, 4096, 4096, 4096, 4096, 4096, 4096, 4096, 4096, 4096, 4096, 4096, 4096, 4096, 4096, 4096, 4096, 4096, 4096, 4096, 4096, 4096, 4096, 4096, 4096, 4096, 4096, 4096, 4096, 4096, 4096, 4096, 4096, 4096, 4096, 4096, 4096, 4096, 4096, 4096, 4096, 4096, 4096, 4096, 4096, 4096, 4096, 4096, 4096, 4096, 4096, 4096, 4096, 4096, 4096, 4096, 4096, 4096, 4096, 4096, 4096, 4096, 4096, 4096, 4096, 4096, 4096, 4096, 4096, 4096, 4096, 4096, 4096, 4096, 4096, 4096, 4096, 4096, 4096, 4096, 4096, 4096, 4096, 4096, 4096, 4096, 4096, 4096, 4096, 4096, 4096, 4096, 4096, 4096, 4096, 4096, 4096, 4096, 4096, 4096, 4096, 4096, 4096, 4096, 4096, 4096, 4096, 4096, 4096, 4096, 4096, 4096, 4096, 4096, 4096, 4096, 4096, 4096, 4096, 4096, 4096, 4096, 4096, 4096, 4096, 4096, 4096, 4096, 4096, 4096, 4096, 4096, 4096, 4096, 4096, 4096, 4096, 4096, 4096, 4096, 4096, 4096, 4096, 4096, 4096, 4096, 4096, 4096, 4096, 4096, 4096, 4096, 4096, 4096, 4096, 4096, 4096, 4096, 4096, 4096, 4096, 4096, 4096, 4096, 4096, 4096, 4096, 4096, 4096, 4096, 4096, 4096, 4096, 4096, 4096, 4096, 4096, 4096, 4096, 4096, 4096, 4096, 4096, 4096, 4096, 4096, 4096, 4096, 4096, 4096, 4096, 4096, 4096, 4096, 4096, 4096, 4096, 4096, 4096, 4096, 4096, 4096, 4096, 4096, 4096, 4096, 4096, 4096, 4096, 4096, 4096, 4096, 4096, 4096, 4096, 4096, 4096, 4096, 4096, 4096, 4096, 4096, 4096, 4096, 4096, 4096, 4096, 4096, 4096, 4096, 4096, 4096, 4096, 4096, 4096, 4096, 4096, 4096, 4096, 4096, 4096, 4096, 4096, 4096, 4096, 4096, 4096, 4096, 4096, 4096, 4096, 4096, 4096, 4096, 4096, 4096, 4096, 4096, 4096, 4096, 4096, 4096, 4096, 4096, 4096, 4096, 4096, 4096, 4096, 4096, 4096, 4096, 4096, 4096, 4096, 4096, 4096, 4096, 4096, 4096, 4096, 4096, 4096, 4096, 4096, 4096, 4096, 4096, 4096, 4096, 4096, 4096, 4096, 4096, 4096, 4096, 4096, 4096, 4096, 4096, 4096, 4096, 4096, 4096, 4096, 4096, 4096, 4096, 4096, 4096, 4096, 4096, 4096, 4096, 4096, 4096, 4096, 4096, 4096, 4096, 4096, 4096, 4096, 4096, 4096, 4096, 4096, 4096, 4096, 4096, 4096, 4096, 4096, 4096, 4096, 4096, 4096, 4096, 4096, 4096, 4096, 4096, 4096, 4096, 4096, 4096, 4096, 4096, 4096, 4096, 4096, 4096, 4096, 4096, 4096, 4096, 4096, 4096, 4096, 4096, 4096, 4096, 4096, 4096, 4096, 4096, 4096, 4096, 4096, 4096, 4096, 4096, 4096, 4096, 4096, 4096, 4096, 4096, 4096, 4096, 4096, 4096, 4096, 4096, 4096, 4096, 4096, 4096, 4096, 4096, 4096, 4096, 4096, 4096, 4096, 4096, 4096, 4096, 4096, 4096, 4096, 4096, 4096, 4096, 4096, 4096, 4096, 4096, 4096, 4096, 4096, 4096, 4096, 4096, 4096, 4096, 4096, 4096, 4096, 4096, 4096, 4096, 4096, 4096, 4096, 4096, 4096, 4096, 4096, 4096, 4096, 4096, 4096, 4096, 4096, 4096, 4096, 4096, 4096, 4096, 4096, 4096, 4096, 4096, 4096, 4096, 4096, 4096, 4096, 4096, 4096, 4096, 4096, 4096, 4096]","[2, 2, 2, 2, 2, 2, 2, 2, 2, 2, 2, 2, 2, 2, 2, 2, 2, 2, 2, 2, 2, 2, 2, 2, 2, 2, 2, 2, 2, 2, 2, 2, 2, 2, 2, 2, 2, 2, 2, 2, 2, 2, 2, 2, 2, 2, 2, 2, 2, 2, 2, 2, 2, 2, 2, 2, 2, 2, 2, 2, 2, 2, 2, 2, 2, 2, 2, 2, 2, 2, 2, 2, 2, 2, 2, 2, 2, 2, 2, 2, 2, 2, 2, 2, 2, 2, 2, 2, 2, 2, 2, 2, 2, 2, 2, 2, 2, 2, 2, 2, 2, 2, 2, 2, 2, 2, 2, 2, 2, 2, 2, 2, 2, 2, 2, 2, 2, 2, 2, 2, 2, 2, 2, 2, 2, 2, 2, 2, 2, 2, 2, 2, 2, 2, 2, 2, 2, 2, 2, 2, 2, 2, 2, 2, 2, 2, 2, 2, 2, 2, 2, 2, 2, 2, 2, 2, 2, 2, 2, 2, 2, 2, 2, 2, 2, 2, 2, 2, 2, 2, 2, 2, 2, 2, 2, 2, 2, 2, 2, 2, 2, 2, 2, 2, 2, 2, 2, 2, 2, 2, 2, 2, 2, 2, 2, 2, 2, 2, 2, 2, 2, 2, 2, 2, 2, 2, 2, 2, 2, 2, 2, 2, 2, 2, 2, 2, 2, 2, 2, 2, 2, 2, 2, 2, 2, 2, 2, 2, 2, 2, 2, 2, 2, 2, 2, 2, 2, 2, 2, 2, 2, 2, 2, 2, 2, 2, 2, 2, 2, 2, 2, 2, 2, 2, 2, 2, 2, 2, 2, 2, 2, 2, 2, 2, 2, 2, 2, 2, 2, 2, 2, 2, 2, 2, 2, 2, 2, 2, 2, 2, 2, 2, 2, 2, 2, 2, 2, 2, 2, 2, 2, 2, 2, 2, 2, 2, 2, 2, 2, 2, 2, 2, 2, 2, 2, 2, 2, 2, 2, 2, 2, 2, 2, 2, 2, 2, 2, 2, 2, 2, 2, 2, 2, 2, 2, 2, 2, 2, 2, 2, 2, 2, 2, 2, 2, 2, 2, 2, 2, 2, 2, 2, 2, 2, 2, 2, 2, 2, 2, 2, 2, 2, 2, 2, 2, 2, 2, 2, 2, 2, 2, 2, 2, 2, 2, 2, 2, 2, 2, 2, 2, 2, 2, 2, 2, 2, 2, 2, 2, 2, 2, 2, 2, 2, 2, 2, 2, 2, 2, 2, 2, 2, 2, 2, 2, 2, 2, 2, 2, 2, 2, 2, 2, 2, 2, 2, 2, 2, 2, 2, 2, 2, 2, 2, 2, 2, 2, 2, 2, 2, 2, 2, 2, 2, 2, 2, 2, 2, 2, 2, 2, 2, 2, 2, 2, 2, 2, 2, 2, 2, 2, 2, 2, 2, 2, 2, 2, 2, 2, 2, 2, 2, 2, 2, 2, 2, 2, 2, 2, 2, 2, 2, 2, 2, 2, 2, 2, 2, 2, 2, 2, 2, 2, 2, 2, 2, 2, 2, 2, 2, 2, 2, 2, 2, 2, 2, 2, 2, 2, 2, 2, 2, 2, 2, 2, 2, 2, 2, 2, 2, 2, 2, 2, 2, 2, 2, 2, 2, 2, 2, 2, 2]",512,1,20260829,float32,0.09119556747428784,VALIDATED_FOR_MSPROF,,compact,msprof_op_task_duration_acceptance,verify_d2,2.10.0.post4.dev20260715,2.10.0+cpu,4,3.2.0,4ed83e755ec0ed2b7f4675dc9cd790f3a2f8164f
swa,c47f9bdcfb879eb73723521240a48a9bae99349d094a1fb82563535aabde82ec,4ed83e755ec0ed2b7f4675dc9cd790f3a2f8164f,"[64, 1]",64,native_NHD_then_page_head_token_dim_permute,a7dee0e77eec04063b09e30ffadbc546426deb74203e92e778deafe3ec464207,9.1.0,"[4096, 4096, 4096, 4096, 4096, 4096, 4096, 4096, 4096, 4096, 4096, 4096, 4096, 4096, 4096, 4096, 4096, 4096, 4096, 4096, 4096, 4096, 4096, 4096, 4096, 4096, 4096, 4096, 4096, 4096, 4096, 4096, 4096, 4096, 4096, 4096, 4096, 4096, 4096, 4096, 4096, 4096, 4096, 4096, 4096, 4096, 4096, 4096, 4096, 4096, 4096, 4096, 4096, 4096, 4096, 4096, 4096, 4096, 4096, 4096, 4096, 4096, 4096, 4096]","[2, 2, 2, 2, 2, 2, 2, 2, 2, 2, 2, 2, 2, 2, 2, 2, 2, 2, 2, 2, 2, 2, 2, 2, 2, 2, 2, 2, 2, 2, 2, 2, 2, 2, 2, 2, 2, 2, 2, 2, 2, 2, 2, 2, 2, 2, 2, 2, 2, 2, 2, 2, 2, 2, 2, 2, 2, 2, 2, 2, 2, 2, 2, 2]",swa_verify_d2_m128_kv4096_uniform_compact_tp4,True,npu:5,5,Ascend950PR_957b,2,bfloat16,False,256,0.0,_swa_paged_prefill_aggregation_sink_kernel,"[16384, 256, 256, 1]",4096,uniform,128,2,4096,28,1,6,56,64,577,baseline,3.11.10,128,"[1536, 256, 1]",64,performance_shape_validation,"[4096, 4096, 4096, 4096, 4096, 4096, 4096, 4096, 4096, 4096, 4096, 4096, 4096, 4096, 4096, 4096, 4096, 4096, 4096, 4096, 4096, 4096, 4096, 4096, 4096, 4096, 4096, 4096, 4096, 4096, 4096, 4096, 4096, 4096, 4096, 4096, 4096, 4096, 4096, 4096, 4096, 4096, 4096, 4096, 4096, 4096, 4096, 4096, 4096, 4096, 4096, 4096, 4096, 4096, 4096, 4096, 4096, 4096, 4096, 4096, 4096, 4096, 4096, 4096]","[2, 2, 2, 2, 2, 2, 2, 2, 2, 2, 2, 2, 2, 2, 2, 2, 2, 2, 2, 2, 2, 2, 2, 2, 2, 2, 2, 2, 2, 2, 2, 2, 2, 2, 2, 2, 2, 2, 2, 2, 2, 2, 2, 2, 2, 2, 2, 2, 2, 2, 2, 2, 2, 2, 2, 2, 2, 2, 2, 2, 2, 2, 2, 2]",64,1,20260829,float32,0.09119556747428784,VALIDATED_FOR_MSPROF,511,compact,msprof_op_task_duration_acceptance,verify_d2,2.10.0.post4.dev20260715,2.10.0+cpu,4,3.2.0,4ed83e755ec0ed2b7f4675dc9cd790f3a2f8164f
swa,c47f9bdcfb879eb73723521240a48a9bae99349d094a1fb82563535aabde82ec,4ed83e755ec0ed2b7f4675dc9cd790f3a2f8164f,"[64, 1]",64,native_NHD_then_page_head_token_dim_permute,a7dee0e77eec04063b09e30ffadbc546426deb74203e92e778deafe3ec464207,9.1.0,"[4096, 4096, 4096, 4096, 4096, 4096, 4096, 4096, 4096, 4096, 4096, 4096, 4096, 4096, 4096, 4096, 4096, 4096, 4096, 4096, 4096, 4096, 4096, 4096, 4096, 4096, 4096, 4096, 4096, 4096, 4096, 4096, 4096, 4096, 4096, 4096, 4096, 4096, 4096, 4096, 4096, 4096, 4096, 4096, 4096, 4096, 4096, 4096, 4096, 4096, 4096, 4096, 4096, 4096, 4096, 4096, 4096, 4096, 4096, 4096, 4096, 4096, 4096, 4096]","[2, 2, 2, 2, 2, 2, 2, 2, 2, 2, 2, 2, 2, 2, 2, 2, 2, 2, 2, 2, 2, 2, 2, 2, 2, 2, 2, 2, 2, 2, 2, 2, 2, 2, 2, 2, 2, 2, 2, 2, 2, 2, 2, 2, 2, 2, 2, 2, 2, 2, 2, 2, 2, 2, 2, 2, 2, 2, 2, 2, 2, 2, 2, 2]",swa_verify_d2_m128_kv4096_uniform_compact_tp4,True,npu:5,5,Ascend950PR_957b,2,bfloat16,False,256,0.0,_swa_paged_prefill_small_q_grouped_sink_kernel,"[16384, 256, 256, 1]",4096,uniform,128,2,4096,28,1,6,56,64,577,candidate,3.11.10,128,"[1536, 256, 1]",64,performance_shape_validation,"[4096, 4096, 4096, 4096, 4096, 4096, 4096, 4096, 4096, 4096, 4096, 4096, 4096, 4096, 4096, 4096, 4096, 4096, 4096, 4096, 4096, 4096, 4096, 4096, 4096, 4096, 4096, 4096, 4096, 4096, 4096, 4096, 4096, 4096, 4096, 4096, 4096, 4096, 4096, 4096, 4096, 4096, 4096, 4096, 4096, 4096, 4096, 4096, 4096, 4096, 4096, 4096, 4096, 4096, 4096, 4096, 4096, 4096, 4096, 4096, 4096, 4096, 4096, 4096]","[2, 2, 2, 2, 2, 2, 2, 2, 2, 2, 2, 2, 2, 2, 2, 2, 2, 2, 2, 2, 2, 2, 2, 2, 2, 2, 2, 2, 2, 2, 2, 2, 2, 2, 2, 2, 2, 2, 2, 2, 2, 2, 2, 2, 2, 2, 2, 2, 2, 2, 2, 2, 2, 2, 2, 2, 2, 2, 2, 2, 2, 2, 2, 2]",64,1,20260829,float32,0.09119556747428784,VALIDATED_FOR_MSPROF,511,compact,msprof_op_task_duration_acceptance,verify_d2,2.10.0.post4.dev20260715,2.10.0+cpu,4,3.2.0,4ed83e755ec0ed2b7f4675dc9cd790f3a2f8164f
swa,c47f9bdcfb879eb73723521240a48a9bae99349d094a1fb82563535aabde82ec,4ed83e755ec0ed2b7f4675dc9cd790f3a2f8164f,"[64, 1]",64,native_NHD_then_page_head_token_dim_permute,a7dee0e77eec04063b09e30ffadbc546426deb74203e92e778deafe3ec464207,9.1.0,"[4096, 4096, 4096, 4096, 4096, 4096, 4096, 4096, 4096, 4096, 4096, 4096, 4096, 4096, 4096, 4096, 4096, 4096, 4096, 4096, 4096, 4096, 4096, 4096, 4096, 4096, 4096, 4096, 4096, 4096, 4096, 4096, 4096, 4096, 4096, 4096, 4096, 4096, 4096, 4096, 4096, 4096, 4096, 4096, 4096, 4096, 4096, 4096, 4096, 4096, 4096, 4096, 4096, 4096, 4096, 4096, 4096, 4096, 4096, 4096, 4096, 4096, 4096, 4096, 4096]","[2, 2, 2, 2, 2, 2, 2, 2, 2, 2, 2, 2, 2, 2, 2, 2, 2, 2, 2, 2, 2, 2, 2, 2, 2, 2, 2, 2, 2, 2, 2, 2, 2, 2, 2, 2, 2, 2, 2, 2, 2, 2, 2, 2, 2, 2, 2, 2, 2, 2, 2, 2, 2, 2, 2, 2, 2, 2, 2, 2, 2, 2, 2, 2, 2]",swa_verify_d2_m130_kv4096_uniform_compact_tp4,True,npu:5,5,Ascend950PR_957b,2,bfloat16,False,256,0.0,_swa_paged_prefill_aggregation_sink_kernel,"[16384, 256, 256, 1]",4096,uniform,130,2,4096,28,1,6,56,64,586,baseline,3.11.10,130,"[1536, 256, 1]",65,performance_shape_validation,"[4096, 4096, 4096, 4096, 4096, 4096, 4096, 4096, 4096, 4096, 4096, 4096, 4096, 4096, 4096, 4096, 4096, 4096, 4096, 4096, 4096, 4096, 4096, 4096, 4096, 4096, 4096, 4096, 4096, 4096, 4096, 4096, 4096, 4096, 4096, 4096, 4096, 4096, 4096, 4096, 4096, 4096, 4096, 4096, 4096, 4096, 4096, 4096, 4096, 4096, 4096, 4096, 4096, 4096, 4096, 4096, 4096, 4096, 4096, 4096, 4096, 4096, 4096, 4096, 4096]","[2, 2, 2, 2, 2, 2, 2, 2, 2, 2, 2, 2, 2, 2, 2, 2, 2, 2, 2, 2, 2, 2, 2, 2, 2, 2, 2, 2, 2, 2, 2, 2, 2, 2, 2, 2, 2, 2, 2, 2, 2, 2, 2, 2, 2, 2, 2, 2, 2, 2, 2, 2, 2, 2, 2, 2, 2, 2, 2, 2, 2, 2, 2, 2, 2]",65,1,20260829,float32,0.09119556747428784,VALIDATED_FOR_MSPROF,511,compact,msprof_op_task_duration_acceptance,verify_d2,2.10.0.post4.dev20260715,2.10.0+cpu,4,3.2.0,4ed83e755ec0ed2b7f4675dc9cd790f3a2f8164f
swa,c47f9bdcfb879eb73723521240a48a9bae99349d094a1fb82563535aabde82ec,4ed83e755ec0ed2b7f4675dc9cd790f3a2f8164f,"[64, 1]",64,native_NHD_then_page_head_token_dim_permute,a7dee0e77eec04063b09e30ffadbc546426deb74203e92e778deafe3ec464207,9.1.0,"[4096, 4096, 4096, 4096, 4096, 4096, 4096, 4096, 4096, 4096, 4096, 4096, 4096, 4096, 4096, 4096, 4096, 4096, 4096, 4096, 4096, 4096, 4096, 4096, 4096, 4096, 4096, 4096, 4096, 4096, 4096, 4096, 4096, 4096, 4096, 4096, 4096, 4096, 4096, 4096, 4096, 4096, 4096, 4096, 4096, 4096, 4096, 4096, 4096, 4096, 4096, 4096, 4096, 4096, 4096, 4096, 4096, 4096, 4096, 4096, 4096, 4096, 4096, 4096, 4096]","[2, 2, 2, 2, 2, 2, 2, 2, 2, 2, 2, 2, 2, 2, 2, 2, 2, 2, 2, 2, 2, 2, 2, 2, 2, 2, 2, 2, 2, 2, 2, 2, 2, 2, 2, 2, 2, 2, 2, 2, 2, 2, 2, 2, 2, 2, 2, 2, 2, 2, 2, 2, 2, 2, 2, 2, 2, 2, 2, 2, 2, 2, 2, 2, 2]",swa_verify_d2_m130_kv4096_uniform_compact_tp4,True,npu:5,5,Ascend950PR_957b,2,bfloat16,False,256,0.0,_swa_paged_prefill_small_q_grouped_sink_kernel,"[16384, 256, 256, 1]",4096,uniform,130,2,4096,28,1,6,56,64,586,candidate,3.11.10,130,"[1536, 256, 1]",65,performance_shape_validation,"[4096, 4096, 4096, 4096, 4096, 4096, 4096, 4096, 4096, 4096, 4096, 4096, 4096, 4096, 4096, 4096, 4096, 4096, 4096, 4096, 4096, 4096, 4096, 4096, 4096, 4096, 4096, 4096, 4096, 4096, 4096, 4096, 4096, 4096, 4096, 4096, 4096, 4096, 4096, 4096, 4096, 4096, 4096, 4096, 4096, 4096, 4096, 4096, 4096, 4096, 4096, 4096, 4096, 4096, 4096, 4096, 4096, 4096, 4096, 4096, 4096, 4096, 4096, 4096, 4096]","[2, 2, 2, 2, 2, 2, 2, 2, 2, 2, 2, 2, 2, 2, 2, 2, 2, 2, 2, 2, 2, 2, 2, 2, 2, 2, 2, 2, 2, 2, 2, 2, 2, 2, 2, 2, 2, 2, 2, 2, 2, 2, 2, 2, 2, 2, 2, 2, 2, 2, 2, 2, 2, 2, 2, 2, 2, 2, 2, 2, 2, 2, 2, 2, 2]",65,1,20260829,float32,0.09119556747428784,VALIDATED_FOR_MSPROF,511,compact,msprof_op_task_duration_acceptance,verify_d2,2.10.0.post4.dev20260715,2.10.0+cpu,4,3.2.0,4ed83e755ec0ed2b7f4675dc9cd790f3a2f8164f
swa,c47f9bdcfb879eb73723521240a48a9bae99349d094a1fb82563535aabde82ec,4ed83e755ec0ed2b7f4675dc9cd790f3a2f8164f,"[64, 1]",64,native_NHD_then_page_head_token_dim_permute,a7dee0e77eec04063b09e30ffadbc546426deb74203e92e778deafe3ec464207,9.1.0,"[4096, 4096, 4096, 4096, 4096, 4096, 4096, 4096, 4096, 4096, 4096, 4096, 4096, 4096, 4096, 4096, 4096, 4096, 4096, 4096, 4096, 4096, 4096, 4096, 4096, 4096, 4096, 4096, 4096, 4096, 4096, 4096, 4096, 4096, 4096, 4096, 4096, 4096, 4096, 4096, 4096, 4096, 4096, 4096, 4096, 4096, 4096, 4096, 4096, 4096, 4096, 4096, 4096, 4096, 4096, 4096, 4096, 4096, 4096, 4096, 4096, 4096, 4096, 4096, 4096, 4096, 4096, 4096, 4096, 4096, 4096, 4096, 4096, 4096, 4096, 4096, 4096, 4096, 4096, 4096, 4096, 4096, 4096, 4096, 4096, 4096, 4096, 4096, 4096, 4096, 4096, 4096, 4096, 4096, 4096, 4096, 4096, 4096, 4096, 4096, 4096, 4096, 4096, 4096, 4096, 4096, 4096, 4096, 4096, 4096, 4096, 4096, 4096, 4096, 4096, 4096, 4096, 4096, 4096, 4096, 4096, 4096, 4096, 4096, 4096, 4096, 4096, 4096]","[2, 2, 2, 2, 2, 2, 2, 2, 2, 2, 2, 2, 2, 2, 2, 2, 2, 2, 2, 2, 2, 2, 2, 2, 2, 2, 2, 2, 2, 2, 2, 2, 2, 2, 2, 2, 2, 2, 2, 2, 2, 2, 2, 2, 2, 2, 2, 2, 2, 2, 2, 2, 2, 2, 2, 2, 2, 2, 2, 2, 2, 2, 2, 2, 2, 2, 2, 2, 2, 2, 2, 2, 2, 2, 2, 2, 2, 2, 2, 2, 2, 2, 2, 2, 2, 2, 2, 2, 2, 2, 2, 2, 2, 2, 2, 2, 2, 2, 2, 2, 2, 2, 2, 2, 2, 2, 2, 2, 2, 2, 2, 2, 2, 2, 2, 2, 2, 2, 2, 2, 2, 2, 2, 2, 2, 2, 2, 2]",swa_verify_d2_m256_kv4096_uniform_compact_tp4,True,npu:5,5,Ascend950PR_957b,2,bfloat16,False,256,0.0,_swa_paged_prefill_aggregation_sink_kernel,"[16384, 256, 256, 1]",4096,uniform,256,2,4096,28,1,6,56,64,1153,baseline,3.11.10,256,"[1536, 256, 1]",128,performance_shape_validation,"[4096, 4096, 4096, 4096, 4096, 4096, 4096, 4096, 4096, 4096, 4096, 4096, 4096, 4096, 4096, 4096, 4096, 4096, 4096, 4096, 4096, 4096, 4096, 4096, 4096, 4096, 4096, 4096, 4096, 4096, 4096, 4096, 4096, 4096, 4096, 4096, 4096, 4096, 4096, 4096, 4096, 4096, 4096, 4096, 4096, 4096, 4096, 4096, 4096, 4096, 4096, 4096, 4096, 4096, 4096, 4096, 4096, 4096, 4096, 4096, 4096, 4096, 4096, 4096, 4096, 4096, 4096, 4096, 4096, 4096, 4096, 4096, 4096, 4096, 4096, 4096, 4096, 4096, 4096, 4096, 4096, 4096, 4096, 4096, 4096, 4096, 4096, 4096, 4096, 4096, 4096, 4096, 4096, 4096, 4096, 4096, 4096, 4096, 4096, 4096, 4096, 4096, 4096, 4096, 4096, 4096, 4096, 4096, 4096, 4096, 4096, 4096, 4096, 4096, 4096, 4096, 4096, 4096, 4096, 4096, 4096, 4096, 4096, 4096, 4096, 4096, 4096, 4096]","[2, 2, 2, 2, 2, 2, 2, 2, 2, 2, 2, 2, 2, 2, 2, 2, 2, 2, 2, 2, 2, 2, 2, 2, 2, 2, 2, 2, 2, 2, 2, 2, 2, 2, 2, 2, 2, 2, 2, 2, 2, 2, 2, 2, 2, 2, 2, 2, 2, 2, 2, 2, 2, 2, 2, 2, 2, 2, 2, 2, 2, 2, 2, 2, 2, 2, 2, 2, 2, 2, 2, 2, 2, 2, 2, 2, 2, 2, 2, 2, 2, 2, 2, 2, 2, 2, 2, 2, 2, 2, 2, 2, 2, 2, 2, 2, 2, 2, 2, 2, 2, 2, 2, 2, 2, 2, 2, 2, 2, 2, 2, 2, 2, 2, 2, 2, 2, 2, 2, 2, 2, 2, 2, 2, 2, 2, 2, 2]",128,1,20260829,float32,0.09119556747428784,VALIDATED_FOR_MSPROF,511,compact,msprof_op_task_duration_acceptance,verify_d2,2.10.0.post4.dev20260715,2.10.0+cpu,4,3.2.0,4ed83e755ec0ed2b7f4675dc9cd790f3a2f8164f
swa,c47f9bdcfb879eb73723521240a48a9bae99349d094a1fb82563535aabde82ec,4ed83e755ec0ed2b7f4675dc9cd790f3a2f8164f,"[64, 1]",64,native_NHD_then_page_head_token_dim_permute,a7dee0e77eec04063b09e30ffadbc546426deb74203e92e778deafe3ec464207,9.1.0,"[4096, 4096, 4096, 4096, 4096, 4096, 4096, 4096, 4096, 4096, 4096, 4096, 4096, 4096, 4096, 4096, 4096, 4096, 4096, 4096, 4096, 4096, 4096, 4096, 4096, 4096, 4096, 4096, 4096, 4096, 4096, 4096, 4096, 4096, 4096, 4096, 4096, 4096, 4096, 4096, 4096, 4096, 4096, 4096, 4096, 4096, 4096, 4096, 4096, 4096, 4096, 4096, 4096, 4096, 4096, 4096, 4096, 4096, 4096, 4096, 4096, 4096, 4096, 4096, 4096, 4096, 4096, 4096, 4096, 4096, 4096, 4096, 4096, 4096, 4096, 4096, 4096, 4096, 4096, 4096, 4096, 4096, 4096, 4096, 4096, 4096, 4096, 4096, 4096, 4096, 4096, 4096, 4096, 4096, 4096, 4096, 4096, 4096, 4096, 4096, 4096, 4096, 4096, 4096, 4096, 4096, 4096, 4096, 4096, 4096, 4096, 4096, 4096, 4096, 4096, 4096, 4096, 4096, 4096, 4096, 4096, 4096, 4096, 4096, 4096, 4096, 4096, 4096]","[2, 2, 2, 2, 2, 2, 2, 2, 2, 2, 2, 2, 2, 2, 2, 2, 2, 2, 2, 2, 2, 2, 2, 2, 2, 2, 2, 2, 2, 2, 2, 2, 2, 2, 2, 2, 2, 2, 2, 2, 2, 2, 2, 2, 2, 2, 2, 2, 2, 2, 2, 2, 2, 2, 2, 2, 2, 2, 2, 2, 2, 2, 2, 2, 2, 2, 2, 2, 2, 2, 2, 2, 2, 2, 2, 2, 2, 2, 2, 2, 2, 2, 2, 2, 2, 2, 2, 2, 2, 2, 2, 2, 2, 2, 2, 2, 2, 2, 2, 2, 2, 2, 2, 2, 2, 2, 2, 2, 2, 2, 2, 2, 2, 2, 2, 2, 2, 2, 2, 2, 2, 2, 2, 2, 2, 2, 2, 2]",swa_verify_d2_m256_kv4096_uniform_compact_tp4,True,npu:5,5,Ascend950PR_957b,2,bfloat16,False,256,0.0,_swa_paged_prefill_small_q_grouped_sink_kernel,"[16384, 256, 256, 1]",4096,uniform,256,2,4096,28,1,6,56,64,1153,candidate,3.11.10,256,"[1536, 256, 1]",128,performance_shape_validation,"[4096, 4096, 4096, 4096, 4096, 4096, 4096, 4096, 4096, 4096, 4096, 4096, 4096, 4096, 4096, 4096, 4096, 4096, 4096, 4096, 4096, 4096, 4096, 4096, 4096, 4096, 4096, 4096, 4096, 4096, 4096, 4096, 4096, 4096, 4096, 4096, 4096, 4096, 4096, 4096, 4096, 4096, 4096, 4096, 4096, 4096, 4096, 4096, 4096, 4096, 4096, 4096, 4096, 4096, 4096, 4096, 4096, 4096, 4096, 4096, 4096, 4096, 4096, 4096, 4096, 4096, 4096, 4096, 4096, 4096, 4096, 4096, 4096, 4096, 4096, 4096, 4096, 4096, 4096, 4096, 4096, 4096, 4096, 4096, 4096, 4096, 4096, 4096, 4096, 4096, 4096, 4096, 4096, 4096, 4096, 4096, 4096, 4096, 4096, 4096, 4096, 4096, 4096, 4096, 4096, 4096, 4096, 4096, 4096, 4096, 4096, 4096, 4096, 4096, 4096, 4096, 4096, 4096, 4096, 4096, 4096, 4096, 4096, 4096, 4096, 4096, 4096, 4096]","[2, 2, 2, 2, 2, 2, 2, 2, 2, 2, 2, 2, 2, 2, 2, 2, 2, 2, 2, 2, 2, 2, 2, 2, 2, 2, 2, 2, 2, 2, 2, 2, 2, 2, 2, 2, 2, 2, 2, 2, 2, 2, 2, 2, 2, 2, 2, 2, 2, 2, 2, 2, 2, 2, 2, 2, 2, 2, 2, 2, 2, 2, 2, 2, 2, 2, 2, 2, 2, 2, 2, 2, 2, 2, 2, 2, 2, 2, 2, 2, 2, 2, 2, 2, 2, 2, 2, 2, 2, 2, 2, 2, 2, 2, 2, 2, 2, 2, 2, 2, 2, 2, 2, 2, 2, 2, 2, 2, 2, 2, 2, 2, 2, 2, 2, 2, 2, 2, 2, 2, 2, 2, 2, 2, 2, 2, 2, 2]",128,1,20260829,float32,0.09119556747428784,VALIDATED_FOR_MSPROF,511,compact,msprof_op_task_duration_acceptance,verify_d2,2.10.0.post4.dev20260715,2.10.0+cpu,4,3.2.0,4ed83e755ec0ed2b7f4675dc9cd790f3a2f8164f
swa,c47f9bdcfb879eb73723521240a48a9bae99349d094a1fb82563535aabde82ec,4ed83e755ec0ed2b7f4675dc9cd790f3a2f8164f,"[64, 1]",64,native_NHD_then_page_head_token_dim_permute,a7dee0e77eec04063b09e30ffadbc546426deb74203e92e778deafe3ec464207,9.1.0,"[4096, 4096, 4096, 4096, 4096, 4096, 4096, 4096, 4096, 4096, 4096, 4096, 4096, 4096, 4096, 4096, 4096, 4096, 4096, 4096, 4096, 4096, 4096, 4096, 4096, 4096, 4096, 4096, 4096, 4096, 4096, 4096, 4096, 4096, 4096, 4096, 4096, 4096, 4096, 4096, 4096, 4096, 4096, 4096, 4096, 4096, 4096, 4096, 4096, 4096, 4096, 4096, 4096, 4096, 4096, 4096, 4096, 4096, 4096, 4096, 4096, 4096, 4096, 4096, 4096, 4096, 4096, 4096, 4096, 4096, 4096, 4096, 4096, 4096, 4096, 4096, 4096, 4096, 4096, 4096, 4096, 4096, 4096, 4096, 4096, 4096, 4096, 4096, 4096, 4096, 4096, 4096, 4096, 4096, 4096, 4096, 4096, 4096, 4096, 4096, 4096, 4096, 4096, 4096, 4096, 4096, 4096, 4096, 4096, 4096, 4096, 4096, 4096, 4096, 4096, 4096, 4096, 4096, 4096, 4096, 4096, 4096, 4096, 4096, 4096, 4096, 4096, 4096, 4096, 4096, 4096, 4096, 4096, 4096, 4096, 4096, 4096, 4096, 4096, 4096, 4096, 4096, 4096, 4096, 4096, 4096, 4096, 4096, 4096, 4096, 4096, 4096, 4096, 4096, 4096, 4096, 4096, 4096, 4096, 4096, 4096, 4096, 4096, 4096, 4096, 4096, 4096, 4096, 4096, 4096, 4096, 4096, 4096, 4096, 4096, 4096, 4096, 4096, 4096, 4096, 4096, 4096, 4096, 4096, 4096, 4096, 4096, 4096, 4096, 4096, 4096, 4096, 4096, 4096, 4096, 4096, 4096, 4096, 4096, 4096, 4096, 4096, 4096, 4096, 4096, 4096, 4096, 4096, 4096, 4096, 4096, 4096, 4096, 4096, 4096, 4096, 4096, 4096, 4096, 4096, 4096, 4096, 4096, 4096, 4096, 4096, 4096, 4096, 4096, 4096, 4096, 4096, 4096, 4096, 4096, 4096, 4096, 4096, 4096, 4096, 4096, 4096, 4096, 4096, 4096, 4096, 4096, 4096, 4096, 4096, 4096, 4096, 4096, 4096, 4096, 4096]","[2, 2, 2, 2, 2, 2, 2, 2, 2, 2, 2, 2, 2, 2, 2, 2, 2, 2, 2, 2, 2, 2, 2, 2, 2, 2, 2, 2, 2, 2, 2, 2, 2, 2, 2, 2, 2, 2, 2, 2, 2, 2, 2, 2, 2, 2, 2, 2, 2, 2, 2, 2, 2, 2, 2, 2, 2, 2, 2, 2, 2, 2, 2, 2, 2, 2, 2, 2, 2, 2, 2, 2, 2, 2, 2, 2, 2, 2, 2, 2, 2, 2, 2, 2, 2, 2, 2, 2, 2, 2, 2, 2, 2, 2, 2, 2, 2, 2, 2, 2, 2, 2, 2, 2, 2, 2, 2, 2, 2, 2, 2, 2, 2, 2, 2, 2, 2, 2, 2, 2, 2, 2, 2, 2, 2, 2, 2, 2, 2, 2, 2, 2, 2, 2, 2, 2, 2, 2, 2, 2, 2, 2, 2, 2, 2, 2, 2, 2, 2, 2, 2, 2, 2, 2, 2, 2, 2, 2, 2, 2, 2, 2, 2, 2, 2, 2, 2, 2, 2, 2, 2, 2, 2, 2, 2, 2, 2, 2, 2, 2, 2, 2, 2, 2, 2, 2, 2, 2, 2, 2, 2, 2, 2, 2, 2, 2, 2, 2, 2, 2, 2, 2, 2, 2, 2, 2, 2, 2, 2, 2, 2, 2, 2, 2, 2, 2, 2, 2, 2, 2, 2, 2, 2, 2, 2, 2, 2, 2, 2, 2, 2, 2, 2, 2, 2, 2, 2, 2, 2, 2, 2, 2, 2, 2, 2, 2, 2, 2, 2, 2, 2, 2, 2, 2, 2, 2]",swa_verify_d2_m512_kv4096_uniform_compact_tp4,True,npu:5,5,Ascend950PR_957b,2,bfloat16,False,256,0.0,_swa_paged_prefill_aggregation_sink_kernel,"[16384, 256, 256, 1]",4096,uniform,512,2,4096,28,1,6,56,64,2305,baseline,3.11.10,512,"[1536, 256, 1]",256,performance_shape_validation,"[4096, 4096, 4096, 4096, 4096, 4096, 4096, 4096, 4096, 4096, 4096, 4096, 4096, 4096, 4096, 4096, 4096, 4096, 4096, 4096, 4096, 4096, 4096, 4096, 4096, 4096, 4096, 4096, 4096, 4096, 4096, 4096, 4096, 4096, 4096, 4096, 4096, 4096, 4096, 4096, 4096, 4096, 4096, 4096, 4096, 4096, 4096, 4096, 4096, 4096, 4096, 4096, 4096, 4096, 4096, 4096, 4096, 4096, 4096, 4096, 4096, 4096, 4096, 4096, 4096, 4096, 4096, 4096, 4096, 4096, 4096, 4096, 4096, 4096, 4096, 4096, 4096, 4096, 4096, 4096, 4096, 4096, 4096, 4096, 4096, 4096, 4096, 4096, 4096, 4096, 4096, 4096, 4096, 4096, 4096, 4096, 4096, 4096, 4096, 4096, 4096, 4096, 4096, 4096, 4096, 4096, 4096, 4096, 4096, 4096, 4096, 4096, 4096, 4096, 4096, 4096, 4096, 4096, 4096, 4096, 4096, 4096, 4096, 4096, 4096, 4096, 4096, 4096, 4096, 4096, 4096, 4096, 4096, 4096, 4096, 4096, 4096, 4096, 4096, 4096, 4096, 4096, 4096, 4096, 4096, 4096, 4096, 4096, 4096, 4096, 4096, 4096, 4096, 4096, 4096, 4096, 4096, 4096, 4096, 4096, 4096, 4096, 4096, 4096, 4096, 4096, 4096, 4096, 4096, 4096, 4096, 4096, 4096, 4096, 4096, 4096, 4096, 4096, 4096, 4096, 4096, 4096, 4096, 4096, 4096, 4096, 4096, 4096, 4096, 4096, 4096, 4096, 4096, 4096, 4096, 4096, 4096, 4096, 4096, 4096, 4096, 4096, 4096, 4096, 4096, 4096, 4096, 4096, 4096, 4096, 4096, 4096, 4096, 4096, 4096, 4096, 4096, 4096, 4096, 4096, 4096, 4096, 4096, 4096, 4096, 4096, 4096, 4096, 4096, 4096, 4096, 4096, 4096, 4096, 4096, 4096, 4096, 4096, 4096, 4096, 4096, 4096, 4096, 4096, 4096, 4096, 4096, 4096, 4096, 4096, 4096, 4096, 4096, 4096, 4096, 4096]","[2, 2, 2, 2, 2, 2, 2, 2, 2, 2, 2, 2, 2, 2, 2, 2, 2, 2, 2, 2, 2, 2, 2, 2, 2, 2, 2, 2, 2, 2, 2, 2, 2, 2, 2, 2, 2, 2, 2, 2, 2, 2, 2, 2, 2, 2, 2, 2, 2, 2, 2, 2, 2, 2, 2, 2, 2, 2, 2, 2, 2, 2, 2, 2, 2, 2, 2, 2, 2, 2, 2, 2, 2, 2, 2, 2, 2, 2, 2, 2, 2, 2, 2, 2, 2, 2, 2, 2, 2, 2, 2, 2, 2, 2, 2, 2, 2, 2, 2, 2, 2, 2, 2, 2, 2, 2, 2, 2, 2, 2, 2, 2, 2, 2, 2, 2, 2, 2, 2, 2, 2, 2, 2, 2, 2, 2, 2, 2, 2, 2, 2, 2, 2, 2, 2, 2, 2, 2, 2, 2, 2, 2, 2, 2, 2, 2, 2, 2, 2, 2, 2, 2, 2, 2, 2, 2, 2, 2, 2, 2, 2, 2, 2, 2, 2, 2, 2, 2, 2, 2, 2, 2, 2, 2, 2, 2, 2, 2, 2, 2, 2, 2, 2, 2, 2, 2, 2, 2, 2, 2, 2, 2, 2, 2, 2, 2, 2, 2, 2, 2, 2, 2, 2, 2, 2, 2, 2, 2, 2, 2, 2, 2, 2, 2, 2, 2, 2, 2, 2, 2, 2, 2, 2, 2, 2, 2, 2, 2, 2, 2, 2, 2, 2, 2, 2, 2, 2, 2, 2, 2, 2, 2, 2, 2, 2, 2, 2, 2, 2, 2, 2, 2, 2, 2, 2, 2]",256,1,20260829,float32,0.09119556747428784,VALIDATED_FOR_MSPROF,511,compact,msprof_op_task_duration_acceptance,verify_d2,2.10.0.post4.dev20260715,2.10.0+cpu,4,3.2.0,4ed83e755ec0ed2b7f4675dc9cd790f3a2f8164f
swa,c47f9bdcfb879eb73723521240a48a9bae99349d094a1fb82563535aabde82ec,4ed83e755ec0ed2b7f4675dc9cd790f3a2f8164f,"[64, 1]",64,native_NHD_then_page_head_token_dim_permute,a7dee0e77eec04063b09e30ffadbc546426deb74203e92e778deafe3ec464207,9.1.0,"[4096, 4096, 4096, 4096, 4096, 4096, 4096, 4096, 4096, 4096, 4096, 4096, 4096, 4096, 4096, 4096, 4096, 4096, 4096, 4096, 4096, 4096, 4096, 4096, 4096, 4096, 4096, 4096, 4096, 4096, 4096, 4096, 4096, 4096, 4096, 4096, 4096, 4096, 4096, 4096, 4096, 4096, 4096, 4096, 4096, 4096, 4096, 4096, 4096, 4096, 4096, 4096, 4096, 4096, 4096, 4096, 4096, 4096, 4096, 4096, 4096, 4096, 4096, 4096, 4096, 4096, 4096, 4096, 4096, 4096, 4096, 4096, 4096, 4096, 4096, 4096, 4096, 4096, 4096, 4096, 4096, 4096, 4096, 4096, 4096, 4096, 4096, 4096, 4096, 4096, 4096, 4096, 4096, 4096, 4096, 4096, 4096, 4096, 4096, 4096, 4096, 4096, 4096, 4096, 4096, 4096, 4096, 4096, 4096, 4096, 4096, 4096, 4096, 4096, 4096, 4096, 4096, 4096, 4096, 4096, 4096, 4096, 4096, 4096, 4096, 4096, 4096, 4096, 4096, 4096, 4096, 4096, 4096, 4096, 4096, 4096, 4096, 4096, 4096, 4096, 4096, 4096, 4096, 4096, 4096, 4096, 4096, 4096, 4096, 4096, 4096, 4096, 4096, 4096, 4096, 4096, 4096, 4096, 4096, 4096, 4096, 4096, 4096, 4096, 4096, 4096, 4096, 4096, 4096, 4096, 4096, 4096, 4096, 4096, 4096, 4096, 4096, 4096, 4096, 4096, 4096, 4096, 4096, 4096, 4096, 4096, 4096, 4096, 4096, 4096, 4096, 4096, 4096, 4096, 4096, 4096, 4096, 4096, 4096, 4096, 4096, 4096, 4096, 4096, 4096, 4096, 4096, 4096, 4096, 4096, 4096, 4096, 4096, 4096, 4096, 4096, 4096, 4096, 4096, 4096, 4096, 4096, 4096, 4096, 4096, 4096, 4096, 4096, 4096, 4096, 4096, 4096, 4096, 4096, 4096, 4096, 4096, 4096, 4096, 4096, 4096, 4096, 4096, 4096, 4096, 4096, 4096, 4096, 4096, 4096, 4096, 4096, 4096, 4096, 4096, 4096]","[2, 2, 2, 2, 2, 2, 2, 2, 2, 2, 2, 2, 2, 2, 2, 2, 2, 2, 2, 2, 2, 2, 2, 2, 2, 2, 2, 2, 2, 2, 2, 2, 2, 2, 2, 2, 2, 2, 2, 2, 2, 2, 2, 2, 2, 2, 2, 2, 2, 2, 2, 2, 2, 2, 2, 2, 2, 2, 2, 2, 2, 2, 2, 2, 2, 2, 2, 2, 2, 2, 2, 2, 2, 2, 2, 2, 2, 2, 2, 2, 2, 2, 2, 2, 2, 2, 2, 2, 2, 2, 2, 2, 2, 2, 2, 2, 2, 2, 2, 2, 2, 2, 2, 2, 2, 2, 2, 2, 2, 2, 2, 2, 2, 2, 2, 2, 2, 2, 2, 2, 2, 2, 2, 2, 2, 2, 2, 2, 2, 2, 2, 2, 2, 2, 2, 2, 2, 2, 2, 2, 2, 2, 2, 2, 2, 2, 2, 2, 2, 2, 2, 2, 2, 2, 2, 2, 2, 2, 2, 2, 2, 2, 2, 2, 2, 2, 2, 2, 2, 2, 2, 2, 2, 2, 2, 2, 2, 2, 2, 2, 2, 2, 2, 2, 2, 2, 2, 2, 2, 2, 2, 2, 2, 2, 2, 2, 2, 2, 2, 2, 2, 2, 2, 2, 2, 2, 2, 2, 2, 2, 2, 2, 2, 2, 2, 2, 2, 2, 2, 2, 2, 2, 2, 2, 2, 2, 2, 2, 2, 2, 2, 2, 2, 2, 2, 2, 2, 2, 2, 2, 2, 2, 2, 2, 2, 2, 2, 2, 2, 2, 2, 2, 2, 2, 2, 2]",swa_verify_d2_m512_kv4096_uniform_compact_tp4,True,npu:5,5,Ascend950PR_957b,2,bfloat16,False,256,0.0,_swa_paged_prefill_small_q_grouped_sink_kernel,"[16384, 256, 256, 1]",4096,uniform,512,2,4096,28,1,6,56,64,2305,candidate,3.11.10,512,"[1536, 256, 1]",256,performance_shape_validation,"[4096, 4096, 4096, 4096, 4096, 4096, 4096, 4096, 4096, 4096, 4096, 4096, 4096, 4096, 4096, 4096, 4096, 4096, 4096, 4096, 4096, 4096, 4096, 4096, 4096, 4096, 4096, 4096, 4096, 4096, 4096, 4096, 4096, 4096, 4096, 4096, 4096, 4096, 4096, 4096, 4096, 4096, 4096, 4096, 4096, 4096, 4096, 4096, 4096, 4096, 4096, 4096, 4096, 4096, 4096, 4096, 4096, 4096, 4096, 4096, 4096, 4096, 4096, 4096, 4096, 4096, 4096, 4096, 4096, 4096, 4096, 4096, 4096, 4096, 4096, 4096, 4096, 4096, 4096, 4096, 4096, 4096, 4096, 4096, 4096, 4096, 4096, 4096, 4096, 4096, 4096, 4096, 4096, 4096, 4096, 4096, 4096, 4096, 4096, 4096, 4096, 4096, 4096, 4096, 4096, 4096, 4096, 4096, 4096, 4096, 4096, 4096, 4096, 4096, 4096, 4096, 4096, 4096, 4096, 4096, 4096, 4096, 4096, 4096, 4096, 4096, 4096, 4096, 4096, 4096, 4096, 4096, 4096, 4096, 4096, 4096, 4096, 4096, 4096, 4096, 4096, 4096, 4096, 4096, 4096, 4096, 4096, 4096, 4096, 4096, 4096, 4096, 4096, 4096, 4096, 4096, 4096, 4096, 4096, 4096, 4096, 4096, 4096, 4096, 4096, 4096, 4096, 4096, 4096, 4096, 4096, 4096, 4096, 4096, 4096, 4096, 4096, 4096, 4096, 4096, 4096, 4096, 4096, 4096, 4096, 4096, 4096, 4096, 4096, 4096, 4096, 4096, 4096, 4096, 4096, 4096, 4096, 4096, 4096, 4096, 4096, 4096, 4096, 4096, 4096, 4096, 4096, 4096, 4096, 4096, 4096, 4096, 4096, 4096, 4096, 4096, 4096, 4096, 4096, 4096, 4096, 4096, 4096, 4096, 4096, 4096, 4096, 4096, 4096, 4096, 4096, 4096, 4096, 4096, 4096, 4096, 4096, 4096, 4096, 4096, 4096, 4096, 4096, 4096, 4096, 4096, 4096, 4096, 4096, 4096, 4096, 4096, 4096, 4096, 4096, 4096]","[2, 2, 2, 2, 2, 2, 2, 2, 2, 2, 2, 2, 2, 2, 2, 2, 2, 2, 2, 2, 2, 2, 2, 2, 2, 2, 2, 2, 2, 2, 2, 2, 2, 2, 2, 2, 2, 2, 2, 2, 2, 2, 2, 2, 2, 2, 2, 2, 2, 2, 2, 2, 2, 2, 2, 2, 2, 2, 2, 2, 2, 2, 2, 2, 2, 2, 2, 2, 2, 2, 2, 2, 2, 2, 2, 2, 2, 2, 2, 2, 2, 2, 2, 2, 2, 2, 2, 2, 2, 2, 2, 2, 2, 2, 2, 2, 2, 2, 2, 2, 2, 2, 2, 2, 2, 2, 2, 2, 2, 2, 2, 2, 2, 2, 2, 2, 2, 2, 2, 2, 2, 2, 2, 2, 2, 2, 2, 2, 2, 2, 2, 2, 2, 2, 2, 2, 2, 2, 2, 2, 2, 2, 2, 2, 2, 2, 2, 2, 2, 2, 2, 2, 2, 2, 2, 2, 2, 2, 2, 2, 2, 2, 2, 2, 2, 2, 2, 2, 2, 2, 2, 2, 2, 2, 2, 2, 2, 2, 2, 2, 2, 2, 2, 2, 2, 2, 2, 2, 2, 2, 2, 2, 2, 2, 2, 2, 2, 2, 2, 2, 2, 2, 2, 2, 2, 2, 2, 2, 2, 2, 2, 2, 2, 2, 2, 2, 2, 2, 2, 2, 2, 2, 2, 2, 2, 2, 2, 2, 2, 2, 2, 2, 2, 2, 2, 2, 2, 2, 2, 2, 2, 2, 2, 2, 2, 2, 2, 2, 2, 2, 2, 2, 2, 2, 2, 2]",256,1,20260829,float32,0.09119556747428784,VALIDATED_FOR_MSPROF,511,compact,msprof_op_task_duration_acceptance,verify_d2,2.10.0.post4.dev20260715,2.10.0+cpu,4,3.2.0,4ed83e755ec0ed2b7f4675dc9cd790f3a2f8164f
swa,c47f9bdcfb879eb73723521240a48a9bae99349d094a1fb82563535aabde82ec,4ed83e755ec0ed2b7f4675dc9cd790f3a2f8164f,"[64, 1]",64,native_NHD_then_page_head_token_dim_permute,a7dee0e77eec04063b09e30ffadbc546426deb74203e92e778deafe3ec464207,9.1.0,"[4096, 4096, 4096, 4096, 4096, 4096, 4096, 4096, 4096, 4096, 4096, 4096, 4096, 4096, 4096, 4096, 4096, 4096, 4096, 4096, 4096, 4096, 4096, 4096, 4096, 4096, 4096, 4096, 4096, 4096, 4096, 4096, 4096, 4096, 4096, 4096, 4096, 4096, 4096, 4096, 4096, 4096, 4096, 4096, 4096, 4096, 4096, 4096, 4096, 4096, 4096, 4096, 4096, 4096, 4096, 4096, 4096, 4096, 4096, 4096, 4096, 4096, 4096, 4096, 4096, 4096, 4096, 4096, 4096, 4096, 4096, 4096, 4096, 4096, 4096, 4096, 4096, 4096, 4096, 4096, 4096, 4096, 4096, 4096, 4096, 4096, 4096, 4096, 4096, 4096, 4096, 4096, 4096, 4096, 4096, 4096, 4096, 4096, 4096, 4096, 4096, 4096, 4096, 4096, 4096, 4096, 4096, 4096, 4096, 4096, 4096, 4096, 4096, 4096, 4096, 4096, 4096, 4096, 4096, 4096, 4096, 4096, 4096, 4096, 4096, 4096, 4096, 4096, 4096, 4096, 4096, 4096, 4096, 4096, 4096, 4096, 4096, 4096, 4096, 4096, 4096, 4096, 4096, 4096, 4096, 4096, 4096, 4096, 4096, 4096, 4096, 4096, 4096, 4096, 4096, 4096, 4096, 4096, 4096, 4096, 4096, 4096, 4096, 4096, 4096, 4096, 4096, 4096, 4096, 4096, 4096, 4096, 4096, 4096, 4096, 4096, 4096, 4096, 4096, 4096, 4096, 4096, 4096, 4096, 4096, 4096, 4096, 4096, 4096, 4096, 4096, 4096, 4096, 4096, 4096, 4096, 4096, 4096, 4096, 4096, 4096, 4096, 4096, 4096, 4096, 4096, 4096, 4096, 4096, 4096, 4096, 4096, 4096, 4096, 4096, 4096, 4096, 4096, 4096, 4096, 4096, 4096, 4096, 4096, 4096, 4096, 4096, 4096, 4096, 4096, 4096, 4096, 4096, 4096, 4096, 4096, 4096, 4096, 4096, 4096, 4096, 4096, 4096, 4096, 4096, 4096, 4096, 4096, 4096, 4096, 4096, 4096, 4096, 4096, 4096, 4096, 4096, 4096, 4096, 4096, 4096, 4096, 4096, 4096, 4096, 4096, 4096, 4096, 4096, 4096, 4096, 4096, 4096, 4096, 4096, 4096, 4096, 4096, 4096, 4096, 4096, 4096, 4096, 4096, 4096, 4096, 4096, 4096, 4096, 4096, 4096, 4096, 4096, 4096, 4096, 4096, 4096, 4096, 4096, 4096, 4096, 4096, 4096, 4096, 4096, 4096, 4096, 4096, 4096, 4096, 4096, 4096, 4096, 4096, 4096, 4096, 4096, 4096, 4096, 4096, 4096, 4096, 4096, 4096, 4096, 4096, 4096, 4096, 4096, 4096, 4096, 4096, 4096, 4096, 4096, 4096, 4096, 4096, 4096, 4096, 4096, 4096, 4096, 4096, 4096, 4096, 4096, 4096, 4096, 4096, 4096, 4096, 4096, 4096, 4096, 4096, 4096, 4096, 4096, 4096, 4096, 4096, 4096, 4096, 4096, 4096, 4096, 4096, 4096, 4096, 4096, 4096, 4096, 4096, 4096, 4096, 4096, 4096, 4096, 4096, 4096, 4096, 4096, 4096, 4096, 4096, 4096, 4096, 4096, 4096, 4096, 4096, 4096, 4096, 4096, 4096, 4096, 4096, 4096, 4096, 4096, 4096, 4096, 4096, 4096, 4096, 4096, 4096, 4096, 4096, 4096, 4096, 4096, 4096, 4096, 4096, 4096, 4096, 4096, 4096, 4096, 4096, 4096, 4096, 4096, 4096, 4096, 4096, 4096, 4096, 4096, 4096, 4096, 4096, 4096, 4096, 4096, 4096, 4096, 4096, 4096, 4096, 4096, 4096, 4096, 4096, 4096, 4096, 4096, 4096, 4096, 4096, 4096, 4096, 4096, 4096, 4096, 4096, 4096, 4096, 4096, 4096, 4096, 4096, 4096, 4096, 4096, 4096, 4096, 4096, 4096, 4096, 4096, 4096, 4096, 4096, 4096, 4096, 4096, 4096, 4096, 4096, 4096, 4096, 4096, 4096, 4096, 4096, 4096, 4096, 4096, 4096, 4096, 4096, 4096, 4096, 4096, 4096, 4096, 4096, 4096, 4096, 4096, 4096, 4096, 4096, 4096, 4096, 4096, 4096, 4096, 4096]","[2, 2, 2, 2, 2, 2, 2, 2, 2, 2, 2, 2, 2, 2, 2, 2, 2, 2, 2, 2, 2, 2, 2, 2, 2, 2, 2, 2, 2, 2, 2, 2, 2, 2, 2, 2, 2, 2, 2, 2, 2, 2, 2, 2, 2, 2, 2, 2, 2, 2, 2, 2, 2, 2, 2, 2, 2, 2, 2, 2, 2, 2, 2, 2, 2, 2, 2, 2, 2, 2, 2, 2, 2, 2, 2, 2, 2, 2, 2, 2, 2, 2, 2, 2, 2, 2, 2, 2, 2, 2, 2, 2, 2, 2, 2, 2, 2, 2, 2, 2, 2, 2, 2, 2, 2, 2, 2, 2, 2, 2, 2, 2, 2, 2, 2, 2, 2, 2, 2, 2, 2, 2, 2, 2, 2, 2, 2, 2, 2, 2, 2, 2, 2, 2, 2, 2, 2, 2, 2, 2, 2, 2, 2, 2, 2, 2, 2, 2, 2, 2, 2, 2, 2, 2, 2, 2, 2, 2, 2, 2, 2, 2, 2, 2, 2, 2, 2, 2, 2, 2, 2, 2, 2, 2, 2, 2, 2, 2, 2, 2, 2, 2, 2, 2, 2, 2, 2, 2, 2, 2, 2, 2, 2, 2, 2, 2, 2, 2, 2, 2, 2, 2, 2, 2, 2, 2, 2, 2, 2, 2, 2, 2, 2, 2, 2, 2, 2, 2, 2, 2, 2, 2, 2, 2, 2, 2, 2, 2, 2, 2, 2, 2, 2, 2, 2, 2, 2, 2, 2, 2, 2, 2, 2, 2, 2, 2, 2, 2, 2, 2, 2, 2, 2, 2, 2, 2, 2, 2, 2, 2, 2, 2, 2, 2, 2, 2, 2, 2, 2, 2, 2, 2, 2, 2, 2, 2, 2, 2, 2, 2, 2, 2, 2, 2, 2, 2, 2, 2, 2, 2, 2, 2, 2, 2, 2, 2, 2, 2, 2, 2, 2, 2, 2, 2, 2, 2, 2, 2, 2, 2, 2, 2, 2, 2, 2, 2, 2, 2, 2, 2, 2, 2, 2, 2, 2, 2, 2, 2, 2, 2, 2, 2, 2, 2, 2, 2, 2, 2, 2, 2, 2, 2, 2, 2, 2, 2, 2, 2, 2, 2, 2, 2, 2, 2, 2, 2, 2, 2, 2, 2, 2, 2, 2, 2, 2, 2, 2, 2, 2, 2, 2, 2, 2, 2, 2, 2, 2, 2, 2, 2, 2, 2, 2, 2, 2, 2, 2, 2, 2, 2, 2, 2, 2, 2, 2, 2, 2, 2, 2, 2, 2, 2, 2, 2, 2, 2, 2, 2, 2, 2, 2, 2, 2, 2, 2, 2, 2, 2, 2, 2, 2, 2, 2, 2, 2, 2, 2, 2, 2, 2, 2, 2, 2, 2, 2, 2, 2, 2, 2, 2, 2, 2, 2, 2, 2, 2, 2, 2, 2, 2, 2, 2, 2, 2, 2, 2, 2, 2, 2, 2, 2, 2, 2, 2, 2, 2, 2, 2, 2, 2, 2, 2, 2, 2, 2, 2, 2, 2, 2, 2, 2, 2, 2, 2, 2, 2, 2, 2, 2, 2, 2, 2, 2, 2, 2, 2, 2, 2, 2, 2, 2, 2, 2, 2, 2, 2, 2, 2, 2, 2, 2, 2]",swa_verify_d2_m1024_kv4096_uniform_compact_tp4,True,npu:5,5,Ascend950PR_957b,2,bfloat16,False,256,0.0,_swa_paged_prefill_aggregation_sink_kernel,"[16384, 256, 256, 1]",4096,uniform,1024,2,4096,28,1,6,56,64,4609,baseline,3.11.10,1024,"[1536, 256, 1]",512,performance_shape_validation,"[4096, 4096, 4096, 4096, 4096, 4096, 4096, 4096, 4096, 4096, 4096, 4096, 4096, 4096, 4096, 4096, 4096, 4096, 4096, 4096, 4096, 4096, 4096, 4096, 4096, 4096, 4096, 4096, 4096, 4096, 4096, 4096, 4096, 4096, 4096, 4096, 4096, 4096, 4096, 4096, 4096, 4096, 4096, 4096, 4096, 4096, 4096, 4096, 4096, 4096, 4096, 4096, 4096, 4096, 4096, 4096, 4096, 4096, 4096, 4096, 4096, 4096, 4096, 4096, 4096, 4096, 4096, 4096, 4096, 4096, 4096, 4096, 4096, 4096, 4096, 4096, 4096, 4096, 4096, 4096, 4096, 4096, 4096, 4096, 4096, 4096, 4096, 4096, 4096, 4096, 4096, 4096, 4096, 4096, 4096, 4096, 4096, 4096, 4096, 4096, 4096, 4096, 4096, 4096, 4096, 4096, 4096, 4096, 4096, 4096, 4096, 4096, 4096, 4096, 4096, 4096, 4096, 4096, 4096, 4096, 4096, 4096, 4096, 4096, 4096, 4096, 4096, 4096, 4096, 4096, 4096, 4096, 4096, 4096, 4096, 4096, 4096, 4096, 4096, 4096, 4096, 4096, 4096, 4096, 4096, 4096, 4096, 4096, 4096, 4096, 4096, 4096, 4096, 4096, 4096, 4096, 4096, 4096, 4096, 4096, 4096, 4096, 4096, 4096, 4096, 4096, 4096, 4096, 4096, 4096, 4096, 4096, 4096, 4096, 4096, 4096, 4096, 4096, 4096, 4096, 4096, 4096, 4096, 4096, 4096, 4096, 4096, 4096, 4096, 4096, 4096, 4096, 4096, 4096, 4096, 4096, 4096, 4096, 4096, 4096, 4096, 4096, 4096, 4096, 4096, 4096, 4096, 4096, 4096, 4096, 4096, 4096, 4096, 4096, 4096, 4096, 4096, 4096, 4096, 4096, 4096, 4096, 4096, 4096, 4096, 4096, 4096, 4096, 4096, 4096, 4096, 4096, 4096, 4096, 4096, 4096, 4096, 4096, 4096, 4096, 4096, 4096, 4096, 4096, 4096, 4096, 4096, 4096, 4096, 4096, 4096, 4096, 4096, 4096, 4096, 4096, 4096, 4096, 4096, 4096, 4096, 4096, 4096, 4096, 4096, 4096, 4096, 4096, 4096, 4096, 4096, 4096, 4096, 4096, 4096, 4096, 4096, 4096, 4096, 4096, 4096, 4096, 4096, 4096, 4096, 4096, 4096, 4096, 4096, 4096, 4096, 4096, 4096, 4096, 4096, 4096, 4096, 4096, 4096, 4096, 4096, 4096, 4096, 4096, 4096, 4096, 4096, 4096, 4096, 4096, 4096, 4096, 4096, 4096, 4096, 4096, 4096, 4096, 4096, 4096, 4096, 4096, 4096, 4096, 4096, 4096, 4096, 4096, 4096, 4096, 4096, 4096, 4096, 4096, 4096, 4096, 4096, 4096, 4096, 4096, 4096, 4096, 4096, 4096, 4096, 4096, 4096, 4096, 4096, 4096, 4096, 4096, 4096, 4096, 4096, 4096, 4096, 4096, 4096, 4096, 4096, 4096, 4096, 4096, 4096, 4096, 4096, 4096, 4096, 4096, 4096, 4096, 4096, 4096, 4096, 4096, 4096, 4096, 4096, 4096, 4096, 4096, 4096, 4096, 4096, 4096, 4096, 4096, 4096, 4096, 4096, 4096, 4096, 4096, 4096, 4096, 4096, 4096, 4096, 4096, 4096, 4096, 4096, 4096, 4096, 4096, 4096, 4096, 4096, 4096, 4096, 4096, 4096, 4096, 4096, 4096, 4096, 4096, 4096, 4096, 4096, 4096, 4096, 4096, 4096, 4096, 4096, 4096, 4096, 4096, 4096, 4096, 4096, 4096, 4096, 4096, 4096, 4096, 4096, 4096, 4096, 4096, 4096, 4096, 4096, 4096, 4096, 4096, 4096, 4096, 4096, 4096, 4096, 4096, 4096, 4096, 4096, 4096, 4096, 4096, 4096, 4096, 4096, 4096, 4096, 4096, 4096, 4096, 4096, 4096, 4096, 4096, 4096, 4096, 4096, 4096, 4096, 4096, 4096, 4096, 4096, 4096, 4096, 4096, 4096, 4096, 4096, 4096, 4096, 4096, 4096, 4096, 4096, 4096, 4096, 4096, 4096, 4096, 4096, 4096, 4096, 4096, 4096, 4096, 4096, 4096, 4096, 4096, 4096, 4096, 4096, 4096]","[2, 2, 2, 2, 2, 2, 2, 2, 2, 2, 2, 2, 2, 2, 2, 2, 2, 2, 2, 2, 2, 2, 2, 2, 2, 2, 2, 2, 2, 2, 2, 2, 2, 2, 2, 2, 2, 2, 2, 2, 2, 2, 2, 2, 2, 2, 2, 2, 2, 2, 2, 2, 2, 2, 2, 2, 2, 2, 2, 2, 2, 2, 2, 2, 2, 2, 2, 2, 2, 2, 2, 2, 2, 2, 2, 2, 2, 2, 2, 2, 2, 2, 2, 2, 2, 2, 2, 2, 2, 2, 2, 2, 2, 2, 2, 2, 2, 2, 2, 2, 2, 2, 2, 2, 2, 2, 2, 2, 2, 2, 2, 2, 2, 2, 2, 2, 2, 2, 2, 2, 2, 2, 2, 2, 2, 2, 2, 2, 2, 2, 2, 2, 2, 2, 2, 2, 2, 2, 2, 2, 2, 2, 2, 2, 2, 2, 2, 2, 2, 2, 2, 2, 2, 2, 2, 2, 2, 2, 2, 2, 2, 2, 2, 2, 2, 2, 2, 2, 2, 2, 2, 2, 2, 2, 2, 2, 2, 2, 2, 2, 2, 2, 2, 2, 2, 2, 2, 2, 2, 2, 2, 2, 2, 2, 2, 2, 2, 2, 2, 2, 2, 2, 2, 2, 2, 2, 2, 2, 2, 2, 2, 2, 2, 2, 2, 2, 2, 2, 2, 2, 2, 2, 2, 2, 2, 2, 2, 2, 2, 2, 2, 2, 2, 2, 2, 2, 2, 2, 2, 2, 2, 2, 2, 2, 2, 2, 2, 2, 2, 2, 2, 2, 2, 2, 2, 2, 2, 2, 2, 2, 2, 2, 2, 2, 2, 2, 2, 2, 2, 2, 2, 2, 2, 2, 2, 2, 2, 2, 2, 2, 2, 2, 2, 2, 2, 2, 2, 2, 2, 2, 2, 2, 2, 2, 2, 2, 2, 2, 2, 2, 2, 2, 2, 2, 2, 2, 2, 2, 2, 2, 2, 2, 2, 2, 2, 2, 2, 2, 2, 2, 2, 2, 2, 2, 2, 2, 2, 2, 2, 2, 2, 2, 2, 2, 2, 2, 2, 2, 2, 2, 2, 2, 2, 2, 2, 2, 2, 2, 2, 2, 2, 2, 2, 2, 2, 2, 2, 2, 2, 2, 2, 2, 2, 2, 2, 2, 2, 2, 2, 2, 2, 2, 2, 2, 2, 2, 2, 2, 2, 2, 2, 2, 2, 2, 2, 2, 2, 2, 2, 2, 2, 2, 2, 2, 2, 2, 2, 2, 2, 2, 2, 2, 2, 2, 2, 2, 2, 2, 2, 2, 2, 2, 2, 2, 2, 2, 2, 2, 2, 2, 2, 2, 2, 2, 2, 2, 2, 2, 2, 2, 2, 2, 2, 2, 2, 2, 2, 2, 2, 2, 2, 2, 2, 2, 2, 2, 2, 2, 2, 2, 2, 2, 2, 2, 2, 2, 2, 2, 2, 2, 2, 2, 2, 2, 2, 2, 2, 2, 2, 2, 2, 2, 2, 2, 2, 2, 2, 2, 2, 2, 2, 2, 2, 2, 2, 2, 2, 2, 2, 2, 2, 2, 2, 2, 2, 2, 2, 2, 2, 2, 2, 2, 2, 2, 2, 2, 2, 2, 2, 2, 2, 2]",512,1,20260829,float32,0.09119556747428784,VALIDATED_FOR_MSPROF,511,compact,msprof_op_task_duration_acceptance,verify_d2,2.10.0.post4.dev20260715,2.10.0+cpu,4,3.2.0,4ed83e755ec0ed2b7f4675dc9cd790f3a2f8164f
swa,c47f9bdcfb879eb73723521240a48a9bae99349d094a1fb82563535aabde82ec,4ed83e755ec0ed2b7f4675dc9cd790f3a2f8164f,"[64, 1]",64,native_NHD_then_page_head_token_dim_permute,a7dee0e77eec04063b09e30ffadbc546426deb74203e92e778deafe3ec464207,9.1.0,"[4096, 4096, 4096, 4096, 4096, 4096, 4096, 4096, 4096, 4096, 4096, 4096, 4096, 4096, 4096, 4096, 4096, 4096, 4096, 4096, 4096, 4096, 4096, 4096, 4096, 4096, 4096, 4096, 4096, 4096, 4096, 4096, 4096, 4096, 4096, 4096, 4096, 4096, 4096, 4096, 4096, 4096, 4096, 4096, 4096, 4096, 4096, 4096, 4096, 4096, 4096, 4096, 4096, 4096, 4096, 4096, 4096, 4096, 4096, 4096, 4096, 4096, 4096, 4096, 4096, 4096, 4096, 4096, 4096, 4096, 4096, 4096, 4096, 4096, 4096, 4096, 4096, 4096, 4096, 4096, 4096, 4096, 4096, 4096, 4096, 4096, 4096, 4096, 4096, 4096, 4096, 4096, 4096, 4096, 4096, 4096, 4096, 4096, 4096, 4096, 4096, 4096, 4096, 4096, 4096, 4096, 4096, 4096, 4096, 4096, 4096, 4096, 4096, 4096, 4096, 4096, 4096, 4096, 4096, 4096, 4096, 4096, 4096, 4096, 4096, 4096, 4096, 4096, 4096, 4096, 4096, 4096, 4096, 4096, 4096, 4096, 4096, 4096, 4096, 4096, 4096, 4096, 4096, 4096, 4096, 4096, 4096, 4096, 4096, 4096, 4096, 4096, 4096, 4096, 4096, 4096, 4096, 4096, 4096, 4096, 4096, 4096, 4096, 4096, 4096, 4096, 4096, 4096, 4096, 4096, 4096, 4096, 4096, 4096, 4096, 4096, 4096, 4096, 4096, 4096, 4096, 4096, 4096, 4096, 4096, 4096, 4096, 4096, 4096, 4096, 4096, 4096, 4096, 4096, 4096, 4096, 4096, 4096, 4096, 4096, 4096, 4096, 4096, 4096, 4096, 4096, 4096, 4096, 4096, 4096, 4096, 4096, 4096, 4096, 4096, 4096, 4096, 4096, 4096, 4096, 4096, 4096, 4096, 4096, 4096, 4096, 4096, 4096, 4096, 4096, 4096, 4096, 4096, 4096, 4096, 4096, 4096, 4096, 4096, 4096, 4096, 4096, 4096, 4096, 4096, 4096, 4096, 4096, 4096, 4096, 4096, 4096, 4096, 4096, 4096, 4096, 4096, 4096, 4096, 4096, 4096, 4096, 4096, 4096, 4096, 4096, 4096, 4096, 4096, 4096, 4096, 4096, 4096, 4096, 4096, 4096, 4096, 4096, 4096, 4096, 4096, 4096, 4096, 4096, 4096, 4096, 4096, 4096, 4096, 4096, 4096, 4096, 4096, 4096, 4096, 4096, 4096, 4096, 4096, 4096, 4096, 4096, 4096, 4096, 4096, 4096, 4096, 4096, 4096, 4096, 4096, 4096, 4096, 4096, 4096, 4096, 4096, 4096, 4096, 4096, 4096, 4096, 4096, 4096, 4096, 4096, 4096, 4096, 4096, 4096, 4096, 4096, 4096, 4096, 4096, 4096, 4096, 4096, 4096, 4096, 4096, 4096, 4096, 4096, 4096, 4096, 4096, 4096, 4096, 4096, 4096, 4096, 4096, 4096, 4096, 4096, 4096, 4096, 4096, 4096, 4096, 4096, 4096, 4096, 4096, 4096, 4096, 4096, 4096, 4096, 4096, 4096, 4096, 4096, 4096, 4096, 4096, 4096, 4096, 4096, 4096, 4096, 4096, 4096, 4096, 4096, 4096, 4096, 4096, 4096, 4096, 4096, 4096, 4096, 4096, 4096, 4096, 4096, 4096, 4096, 4096, 4096, 4096, 4096, 4096, 4096, 4096, 4096, 4096, 4096, 4096, 4096, 4096, 4096, 4096, 4096, 4096, 4096, 4096, 4096, 4096, 4096, 4096, 4096, 4096, 4096, 4096, 4096, 4096, 4096, 4096, 4096, 4096, 4096, 4096, 4096, 4096, 4096, 4096, 4096, 4096, 4096, 4096, 4096, 4096, 4096, 4096, 4096, 4096, 4096, 4096, 4096, 4096, 4096, 4096, 4096, 4096, 4096, 4096, 4096, 4096, 4096, 4096, 4096, 4096, 4096, 4096, 4096, 4096, 4096, 4096, 4096, 4096, 4096, 4096, 4096, 4096, 4096, 4096, 4096, 4096, 4096, 4096, 4096, 4096, 4096, 4096, 4096, 4096, 4096, 4096, 4096, 4096, 4096, 4096, 4096, 4096, 4096, 4096, 4096, 4096, 4096, 4096, 4096, 4096, 4096, 4096, 4096, 4096, 4096, 4096, 4096]","[2, 2, 2, 2, 2, 2, 2, 2, 2, 2, 2, 2, 2, 2, 2, 2, 2, 2, 2, 2, 2, 2, 2, 2, 2, 2, 2, 2, 2, 2, 2, 2, 2, 2, 2, 2, 2, 2, 2, 2, 2, 2, 2, 2, 2, 2, 2, 2, 2, 2, 2, 2, 2, 2, 2, 2, 2, 2, 2, 2, 2, 2, 2, 2, 2, 2, 2, 2, 2, 2, 2, 2, 2, 2, 2, 2, 2, 2, 2, 2, 2, 2, 2, 2, 2, 2, 2, 2, 2, 2, 2, 2, 2, 2, 2, 2, 2, 2, 2, 2, 2, 2, 2, 2, 2, 2, 2, 2, 2, 2, 2, 2, 2, 2, 2, 2, 2, 2, 2, 2, 2, 2, 2, 2, 2, 2, 2, 2, 2, 2, 2, 2, 2, 2, 2, 2, 2, 2, 2, 2, 2, 2, 2, 2, 2, 2, 2, 2, 2, 2, 2, 2, 2, 2, 2, 2, 2, 2, 2, 2, 2, 2, 2, 2, 2, 2, 2, 2, 2, 2, 2, 2, 2, 2, 2, 2, 2, 2, 2, 2, 2, 2, 2, 2, 2, 2, 2, 2, 2, 2, 2, 2, 2, 2, 2, 2, 2, 2, 2, 2, 2, 2, 2, 2, 2, 2, 2, 2, 2, 2, 2, 2, 2, 2, 2, 2, 2, 2, 2, 2, 2, 2, 2, 2, 2, 2, 2, 2, 2, 2, 2, 2, 2, 2, 2, 2, 2, 2, 2, 2, 2, 2, 2, 2, 2, 2, 2, 2, 2, 2, 2, 2, 2, 2, 2, 2, 2, 2, 2, 2, 2, 2, 2, 2, 2, 2, 2, 2, 2, 2, 2, 2, 2, 2, 2, 2, 2, 2, 2, 2, 2, 2, 2, 2, 2, 2, 2, 2, 2, 2, 2, 2, 2, 2, 2, 2, 2, 2, 2, 2, 2, 2, 2, 2, 2, 2, 2, 2, 2, 2, 2, 2, 2, 2, 2, 2, 2, 2, 2, 2, 2, 2, 2, 2, 2, 2, 2, 2, 2, 2, 2, 2, 2, 2, 2, 2, 2, 2, 2, 2, 2, 2, 2, 2, 2, 2, 2, 2, 2, 2, 2, 2, 2, 2, 2, 2, 2, 2, 2, 2, 2, 2, 2, 2, 2, 2, 2, 2, 2, 2, 2, 2, 2, 2, 2, 2, 2, 2, 2, 2, 2, 2, 2, 2, 2, 2, 2, 2, 2, 2, 2, 2, 2, 2, 2, 2, 2, 2, 2, 2, 2, 2, 2, 2, 2, 2, 2, 2, 2, 2, 2, 2, 2, 2, 2, 2, 2, 2, 2, 2, 2, 2, 2, 2, 2, 2, 2, 2, 2, 2, 2, 2, 2, 2, 2, 2, 2, 2, 2, 2, 2, 2, 2, 2, 2, 2, 2, 2, 2, 2, 2, 2, 2, 2, 2, 2, 2, 2, 2, 2, 2, 2, 2, 2, 2, 2, 2, 2, 2, 2, 2, 2, 2, 2, 2, 2, 2, 2, 2, 2, 2, 2, 2, 2, 2, 2, 2, 2, 2, 2, 2, 2, 2, 2, 2, 2, 2, 2, 2, 2, 2, 2, 2, 2, 2, 2, 2, 2, 2, 2, 2, 2]",swa_verify_d2_m1024_kv4096_uniform_compact_tp4,True,npu:5,5,Ascend950PR_957b,2,bfloat16,False,256,0.0,_swa_paged_prefill_small_q_grouped_sink_kernel,"[16384, 256, 256, 1]",4096,uniform,1024,2,4096,28,1,6,56,64,4609,candidate,3.11.10,1024,"[1536, 256, 1]",512,performance_shape_validation,"[4096, 4096, 4096, 4096, 4096, 4096, 4096, 4096, 4096, 4096, 4096, 4096, 4096, 4096, 4096, 4096, 4096, 4096, 4096, 4096, 4096, 4096, 4096, 4096, 4096, 4096, 4096, 4096, 4096, 4096, 4096, 4096, 4096, 4096, 4096, 4096, 4096, 4096, 4096, 4096, 4096, 4096, 4096, 4096, 4096, 4096, 4096, 4096, 4096, 4096, 4096, 4096, 4096, 4096, 4096, 4096, 4096, 4096, 4096, 4096, 4096, 4096, 4096, 4096, 4096, 4096, 4096, 4096, 4096, 4096, 4096, 4096, 4096, 4096, 4096, 4096, 4096, 4096, 4096, 4096, 4096, 4096, 4096, 4096, 4096, 4096, 4096, 4096, 4096, 4096, 4096, 4096, 4096, 4096, 4096, 4096, 4096, 4096, 4096, 4096, 4096, 4096, 4096, 4096, 4096, 4096, 4096, 4096, 4096, 4096, 4096, 4096, 4096, 4096, 4096, 4096, 4096, 4096, 4096, 4096, 4096, 4096, 4096, 4096, 4096, 4096, 4096, 4096, 4096, 4096, 4096, 4096, 4096, 4096, 4096, 4096, 4096, 4096, 4096, 4096, 4096, 4096, 4096, 4096, 4096, 4096, 4096, 4096, 4096, 4096, 4096, 4096, 4096, 4096, 4096, 4096, 4096, 4096, 4096, 4096, 4096, 4096, 4096, 4096, 4096, 4096, 4096, 4096, 4096, 4096, 4096, 4096, 4096, 4096, 4096, 4096, 4096, 4096, 4096, 4096, 4096, 4096, 4096, 4096, 4096, 4096, 4096, 4096, 4096, 4096, 4096, 4096, 4096, 4096, 4096, 4096, 4096, 4096, 4096, 4096, 4096, 4096, 4096, 4096, 4096, 4096, 4096, 4096, 4096, 4096, 4096, 4096, 4096, 4096, 4096, 4096, 4096, 4096, 4096, 4096, 4096, 4096, 4096, 4096, 4096, 4096, 4096, 4096, 4096, 4096, 4096, 4096, 4096, 4096, 4096, 4096, 4096, 4096, 4096, 4096, 4096, 4096, 4096, 4096, 4096, 4096, 4096, 4096, 4096, 4096, 4096, 4096, 4096, 4096, 4096, 4096, 4096, 4096, 4096, 4096, 4096, 4096, 4096, 4096, 4096, 4096, 4096, 4096, 4096, 4096, 4096, 4096, 4096, 4096, 4096, 4096, 4096, 4096, 4096, 4096, 4096, 4096, 4096, 4096, 4096, 4096, 4096, 4096, 4096, 4096, 4096, 4096, 4096, 4096, 4096, 4096, 4096, 4096, 4096, 4096, 4096, 4096, 4096, 4096, 4096, 4096, 4096, 4096, 4096, 4096, 4096, 4096, 4096, 4096, 4096, 4096, 4096, 4096, 4096, 4096, 4096, 4096, 4096, 4096, 4096, 4096, 4096, 4096, 4096, 4096, 4096, 4096, 4096, 4096, 4096, 4096, 4096, 4096, 4096, 4096, 4096, 4096, 4096, 4096, 4096, 4096, 4096, 4096, 4096, 4096, 4096, 4096, 4096, 4096, 4096, 4096, 4096, 4096, 4096, 4096, 4096, 4096, 4096, 4096, 4096, 4096, 4096, 4096, 4096, 4096, 4096, 4096, 4096, 4096, 4096, 4096, 4096, 4096, 4096, 4096, 4096, 4096, 4096, 4096, 4096, 4096, 4096, 4096, 4096, 4096, 4096, 4096, 4096, 4096, 4096, 4096, 4096, 4096, 4096, 4096, 4096, 4096, 4096, 4096, 4096, 4096, 4096, 4096, 4096, 4096, 4096, 4096, 4096, 4096, 4096, 4096, 4096, 4096, 4096, 4096, 4096, 4096, 4096, 4096, 4096, 4096, 4096, 4096, 4096, 4096, 4096, 4096, 4096, 4096, 4096, 4096, 4096, 4096, 4096, 4096, 4096, 4096, 4096, 4096, 4096, 4096, 4096, 4096, 4096, 4096, 4096, 4096, 4096, 4096, 4096, 4096, 4096, 4096, 4096, 4096, 4096, 4096, 4096, 4096, 4096, 4096, 4096, 4096, 4096, 4096, 4096, 4096, 4096, 4096, 4096, 4096, 4096, 4096, 4096, 4096, 4096, 4096, 4096, 4096, 4096, 4096, 4096, 4096, 4096, 4096, 4096, 4096, 4096, 4096, 4096, 4096, 4096, 4096, 4096, 4096, 4096, 4096, 4096, 4096, 4096, 4096, 4096, 4096, 4096, 4096, 4096, 4096]","[2, 2, 2, 2, 2, 2, 2, 2, 2, 2, 2, 2, 2, 2, 2, 2, 2, 2, 2, 2, 2, 2, 2, 2, 2, 2, 2, 2, 2, 2, 2, 2, 2, 2, 2, 2, 2, 2, 2, 2, 2, 2, 2, 2, 2, 2, 2, 2, 2, 2, 2, 2, 2, 2, 2, 2, 2, 2, 2, 2, 2, 2, 2, 2, 2, 2, 2, 2, 2, 2, 2, 2, 2, 2, 2, 2, 2, 2, 2, 2, 2, 2, 2, 2, 2, 2, 2, 2, 2, 2, 2, 2, 2, 2, 2, 2, 2, 2, 2, 2, 2, 2, 2, 2, 2, 2, 2, 2, 2, 2, 2, 2, 2, 2, 2, 2, 2, 2, 2, 2, 2, 2, 2, 2, 2, 2, 2, 2, 2, 2, 2, 2, 2, 2, 2, 2, 2, 2, 2, 2, 2, 2, 2, 2, 2, 2, 2, 2, 2, 2, 2, 2, 2, 2, 2, 2, 2, 2, 2, 2, 2, 2, 2, 2, 2, 2, 2, 2, 2, 2, 2, 2, 2, 2, 2, 2, 2, 2, 2, 2, 2, 2, 2, 2, 2, 2, 2, 2, 2, 2, 2, 2, 2, 2, 2, 2, 2, 2, 2, 2, 2, 2, 2, 2, 2, 2, 2, 2, 2, 2, 2, 2, 2, 2, 2, 2, 2, 2, 2, 2, 2, 2, 2, 2, 2, 2, 2, 2, 2, 2, 2, 2, 2, 2, 2, 2, 2, 2, 2, 2, 2, 2, 2, 2, 2, 2, 2, 2, 2, 2, 2, 2, 2, 2, 2, 2, 2, 2, 2, 2, 2, 2, 2, 2, 2, 2, 2, 2, 2, 2, 2, 2, 2, 2, 2, 2, 2, 2, 2, 2, 2, 2, 2, 2, 2, 2, 2, 2, 2, 2, 2, 2, 2, 2, 2, 2, 2, 2, 2, 2, 2, 2, 2, 2, 2, 2, 2, 2, 2, 2, 2, 2, 2, 2, 2, 2, 2, 2, 2, 2, 2, 2, 2, 2, 2, 2, 2, 2, 2, 2, 2, 2, 2, 2, 2, 2, 2, 2, 2, 2, 2, 2, 2, 2, 2, 2, 2, 2, 2, 2, 2, 2, 2, 2, 2, 2, 2, 2, 2, 2, 2, 2, 2, 2, 2, 2, 2, 2, 2, 2, 2, 2, 2, 2, 2, 2, 2, 2, 2, 2, 2, 2, 2, 2, 2, 2, 2, 2, 2, 2, 2, 2, 2, 2, 2, 2, 2, 2, 2, 2, 2, 2, 2, 2, 2, 2, 2, 2, 2, 2, 2, 2, 2, 2, 2, 2, 2, 2, 2, 2, 2, 2, 2, 2, 2, 2, 2, 2, 2, 2, 2, 2, 2, 2, 2, 2, 2, 2, 2, 2, 2, 2, 2, 2, 2, 2, 2, 2, 2, 2, 2, 2, 2, 2, 2, 2, 2, 2, 2, 2, 2, 2, 2, 2, 2, 2, 2, 2, 2, 2, 2, 2, 2, 2, 2, 2, 2, 2, 2, 2, 2, 2, 2, 2, 2, 2, 2, 2, 2, 2, 2, 2, 2, 2, 2, 2, 2, 2, 2, 2, 2, 2, 2, 2, 2, 2, 2, 2, 2, 2, 2, 2]",512,1,20260829,float32,0.09119556747428784,VALIDATED_FOR_MSPROF,511,compact,msprof_op_task_duration_acceptance,verify_d2,2.10.0.post4.dev20260715,2.10.0+cpu,4,3.2.0,4ed83e755ec0ed2b7f4675dc9cd790f3a2f8164f
full,c47f9bdcfb879eb73723521240a48a9bae99349d094a1fb82563535aabde82ec,4ed83e755ec0ed2b7f4675dc9cd790f3a2f8164f,"[64, 1]",64,native_NHD_then_page_head_token_dim_permute,a7dee0e77eec04063b09e30ffadbc546426deb74203e92e778deafe3ec464207,9.1.0,"[4096, 4096, 4096, 4096, 4096, 4096, 4096, 4096, 4096, 4096, 4096, 4096, 4096, 4096, 4096, 4096, 4096, 4096, 4096, 4096, 4096, 4096, 4096, 4096, 4096, 4096, 4096, 4096, 4096, 4096, 4096, 4096, 4096, 4096, 4096, 4096, 4096, 4096, 4096, 4096, 4096, 4096, 4096]","[3, 3, 3, 3, 3, 3, 3, 3, 3, 3, 3, 3, 3, 3, 3, 3, 3, 3, 3, 3, 3, 3, 3, 3, 3, 3, 3, 3, 3, 3, 3, 3, 3, 3, 3, 3, 3, 3, 3, 3, 3, 3, 3]",full_verify_d3_m129_kv4096_uniform_compact_tp4,True,npu:5,5,Ascend950PR_957b,3,bfloat16,False,256,0.49965991638600826,paged_prefill_page_aggregation_kernel,"[16384, 256, 256, 1]",4096,uniform,129,3,4096,28,1,6,56,64,2753,baseline,3.11.10,129,"[1536, 256, 1]",43,performance_shape_validation,"[4096, 4096, 4096, 4096, 4096, 4096, 4096, 4096, 4096, 4096, 4096, 4096, 4096, 4096, 4096, 4096, 4096, 4096, 4096, 4096, 4096, 4096, 4096, 4096, 4096, 4096, 4096, 4096, 4096, 4096, 4096, 4096, 4096, 4096, 4096, 4096, 4096, 4096, 4096, 4096, 4096, 4096, 4096]","[3, 3, 3, 3, 3, 3, 3, 3, 3, 3, 3, 3, 3, 3, 3, 3, 3, 3, 3, 3, 3, 3, 3, 3, 3, 3, 3, 3, 3, 3, 3, 3, 3, 3, 3, 3, 3, 3, 3, 3, 3, 3, 3]",43,1,20260829,float32,0.09119556747428784,VALIDATED_FOR_MSPROF,,compact,msprof_op_task_duration_acceptance,verify_d3,2.10.0.post4.dev20260715,2.10.0+cpu,4,3.2.0,4ed83e755ec0ed2b7f4675dc9cd790f3a2f8164f
full,c47f9bdcfb879eb73723521240a48a9bae99349d094a1fb82563535aabde82ec,4ed83e755ec0ed2b7f4675dc9cd790f3a2f8164f,"[64, 1]",64,native_NHD_then_page_head_token_dim_permute,a7dee0e77eec04063b09e30ffadbc546426deb74203e92e778deafe3ec464207,9.1.0,"[4096, 4096, 4096, 4096, 4096, 4096, 4096, 4096, 4096, 4096, 4096, 4096, 4096, 4096, 4096, 4096, 4096, 4096, 4096, 4096, 4096, 4096, 4096, 4096, 4096, 4096, 4096, 4096, 4096, 4096, 4096, 4096, 4096, 4096, 4096, 4096, 4096, 4096, 4096, 4096, 4096, 4096, 4096]","[3, 3, 3, 3, 3, 3, 3, 3, 3, 3, 3, 3, 3, 3, 3, 3, 3, 3, 3, 3, 3, 3, 3, 3, 3, 3, 3, 3, 3, 3, 3, 3, 3, 3, 3, 3, 3, 3, 3, 3, 3, 3, 3]",full_verify_d3_m129_kv4096_uniform_compact_tp4,True,npu:5,5,Ascend950PR_957b,3,bfloat16,False,256,0.3918311558663845,paged_prefill_small_q_grouped_kernel,"[16384, 256, 256, 1]",4096,uniform,129,3,4096,28,1,6,56,64,2753,candidate,3.11.10,129,"[1536, 256, 1]",43,performance_shape_validation,"[4096, 4096, 4096, 4096, 4096, 4096, 4096, 4096, 4096, 4096, 4096, 4096, 4096, 4096, 4096, 4096, 4096, 4096, 4096, 4096, 4096, 4096, 4096, 4096, 4096, 4096, 4096, 4096, 4096, 4096, 4096, 4096, 4096, 4096, 4096, 4096, 4096, 4096, 4096, 4096, 4096, 4096, 4096]","[3, 3, 3, 3, 3, 3, 3, 3, 3, 3, 3, 3, 3, 3, 3, 3, 3, 3, 3, 3, 3, 3, 3, 3, 3, 3, 3, 3, 3, 3, 3, 3, 3, 3, 3, 3, 3, 3, 3, 3, 3, 3, 3]",43,1,20260829,float32,0.09119556747428784,VALIDATED_FOR_MSPROF,,compact,msprof_op_task_duration_acceptance,verify_d3,2.10.0.post4.dev20260715,2.10.0+cpu,4,3.2.0,4ed83e755ec0ed2b7f4675dc9cd790f3a2f8164f
full,c47f9bdcfb879eb73723521240a48a9bae99349d094a1fb82563535aabde82ec,4ed83e755ec0ed2b7f4675dc9cd790f3a2f8164f,"[64, 1]",64,native_NHD_then_page_head_token_dim_permute,a7dee0e77eec04063b09e30ffadbc546426deb74203e92e778deafe3ec464207,9.1.0,"[4096, 4096, 4096, 4096, 4096, 4096, 4096, 4096, 4096, 4096, 4096, 4096, 4096, 4096, 4096, 4096, 4096, 4096, 4096, 4096, 4096, 4096, 4096, 4096, 4096, 4096, 4096, 4096, 4096, 4096, 4096, 4096, 4096, 4096, 4096, 4096, 4096, 4096, 4096, 4096, 4096, 4096, 4096, 4096, 4096, 4096, 4096, 4096, 4096, 4096, 4096, 4096, 4096, 4096, 4096, 4096, 4096, 4096, 4096, 4096, 4096, 4096, 4096, 4096, 4096, 4096, 4096, 4096, 4096, 4096, 4096, 4096, 4096, 4096, 4096, 4096, 4096, 4096, 4096, 4096, 4096, 4096, 4096, 4096, 4096]","[3, 3, 3, 3, 3, 3, 3, 3, 3, 3, 3, 3, 3, 3, 3, 3, 3, 3, 3, 3, 3, 3, 3, 3, 3, 3, 3, 3, 3, 3, 3, 3, 3, 3, 3, 3, 3, 3, 3, 3, 3, 3, 3, 3, 3, 3, 3, 3, 3, 3, 3, 3, 3, 3, 3, 3, 3, 3, 3, 3, 3, 3, 3, 3, 3, 3, 3, 3, 3, 3, 3, 3, 3, 3, 3, 3, 3, 3, 3, 3, 3, 3, 3, 3, 3]",full_verify_d3_m255_kv4096_uniform_compact_tp4,True,npu:5,5,Ascend950PR_957b,3,bfloat16,False,256,0.7958831265568733,paged_prefill_page_aggregation_kernel,"[16384, 256, 256, 1]",4096,uniform,255,3,4096,28,1,6,56,64,5441,baseline,3.11.10,255,"[1536, 256, 1]",85,performance_shape_validation,"[4096, 4096, 4096, 4096, 4096, 4096, 4096, 4096, 4096, 4096, 4096, 4096, 4096, 4096, 4096, 4096, 4096, 4096, 4096, 4096, 4096, 4096, 4096, 4096, 4096, 4096, 4096, 4096, 4096, 4096, 4096, 4096, 4096, 4096, 4096, 4096, 4096, 4096, 4096, 4096, 4096, 4096, 4096, 4096, 4096, 4096, 4096, 4096, 4096, 4096, 4096, 4096, 4096, 4096, 4096, 4096, 4096, 4096, 4096, 4096, 4096, 4096, 4096, 4096, 4096, 4096, 4096, 4096, 4096, 4096, 4096, 4096, 4096, 4096, 4096, 4096, 4096, 4096, 4096, 4096, 4096, 4096, 4096, 4096, 4096]","[3, 3, 3, 3, 3, 3, 3, 3, 3, 3, 3, 3, 3, 3, 3, 3, 3, 3, 3, 3, 3, 3, 3, 3, 3, 3, 3, 3, 3, 3, 3, 3, 3, 3, 3, 3, 3, 3, 3, 3, 3, 3, 3, 3, 3, 3, 3, 3, 3, 3, 3, 3, 3, 3, 3, 3, 3, 3, 3, 3, 3, 3, 3, 3, 3, 3, 3, 3, 3, 3, 3, 3, 3, 3, 3, 3, 3, 3, 3, 3, 3, 3, 3, 3, 3]",85,1,20260829,float32,0.09119556747428784,VALIDATED_FOR_MSPROF,,compact,msprof_op_task_duration_acceptance,verify_d3,2.10.0.post4.dev20260715,2.10.0+cpu,4,3.2.0,4ed83e755ec0ed2b7f4675dc9cd790f3a2f8164f
full,c47f9bdcfb879eb73723521240a48a9bae99349d094a1fb82563535aabde82ec,4ed83e755ec0ed2b7f4675dc9cd790f3a2f8164f,"[64, 1]",64,native_NHD_then_page_head_token_dim_permute,a7dee0e77eec04063b09e30ffadbc546426deb74203e92e778deafe3ec464207,9.1.0,"[4096, 4096, 4096, 4096, 4096, 4096, 4096, 4096, 4096, 4096, 4096, 4096, 4096, 4096, 4096, 4096, 4096, 4096, 4096, 4096, 4096, 4096, 4096, 4096, 4096, 4096, 4096, 4096, 4096, 4096, 4096, 4096, 4096, 4096, 4096, 4096, 4096, 4096, 4096, 4096, 4096, 4096, 4096, 4096, 4096, 4096, 4096, 4096, 4096, 4096, 4096, 4096, 4096, 4096, 4096, 4096, 4096, 4096, 4096, 4096, 4096, 4096, 4096, 4096, 4096, 4096, 4096, 4096, 4096, 4096, 4096, 4096, 4096, 4096, 4096, 4096, 4096, 4096, 4096, 4096, 4096, 4096, 4096, 4096, 4096]","[3, 3, 3, 3, 3, 3, 3, 3, 3, 3, 3, 3, 3, 3, 3, 3, 3, 3, 3, 3, 3, 3, 3, 3, 3, 3, 3, 3, 3, 3, 3, 3, 3, 3, 3, 3, 3, 3, 3, 3, 3, 3, 3, 3, 3, 3, 3, 3, 3, 3, 3, 3, 3, 3, 3, 3, 3, 3, 3, 3, 3, 3, 3, 3, 3, 3, 3, 3, 3, 3, 3, 3, 3, 3, 3, 3, 3, 3, 3, 3, 3, 3, 3, 3, 3]",full_verify_d3_m255_kv4096_uniform_compact_tp4,True,npu:5,5,Ascend950PR_957b,3,bfloat16,False,256,0.6016879342496395,paged_prefill_small_q_grouped_kernel,"[16384, 256, 256, 1]",4096,uniform,255,3,4096,28,1,6,56,64,5441,candidate,3.11.10,255,"[1536, 256, 1]",85,performance_shape_validation,"[4096, 4096, 4096, 4096, 4096, 4096, 4096, 4096, 4096, 4096, 4096, 4096, 4096, 4096, 4096, 4096, 4096, 4096, 4096, 4096, 4096, 4096, 4096, 4096, 4096, 4096, 4096, 4096, 4096, 4096, 4096, 4096, 4096, 4096, 4096, 4096, 4096, 4096, 4096, 4096, 4096, 4096, 4096, 4096, 4096, 4096, 4096, 4096, 4096, 4096, 4096, 4096, 4096, 4096, 4096, 4096, 4096, 4096, 4096, 4096, 4096, 4096, 4096, 4096, 4096, 4096, 4096, 4096, 4096, 4096, 4096, 4096, 4096, 4096, 4096, 4096, 4096, 4096, 4096, 4096, 4096, 4096, 4096, 4096, 4096]","[3, 3, 3, 3, 3, 3, 3, 3, 3, 3, 3, 3, 3, 3, 3, 3, 3, 3, 3, 3, 3, 3, 3, 3, 3, 3, 3, 3, 3, 3, 3, 3, 3, 3, 3, 3, 3, 3, 3, 3, 3, 3, 3, 3, 3, 3, 3, 3, 3, 3, 3, 3, 3, 3, 3, 3, 3, 3, 3, 3, 3, 3, 3, 3, 3, 3, 3, 3, 3, 3, 3, 3, 3, 3, 3, 3, 3, 3, 3, 3, 3, 3, 3, 3, 3]",85,1,20260829,float32,0.09119556747428784,VALIDATED_FOR_MSPROF,,compact,msprof_op_task_duration_acceptance,verify_d3,2.10.0.post4.dev20260715,2.10.0+cpu,4,3.2.0,4ed83e755ec0ed2b7f4675dc9cd790f3a2f8164f
full,c47f9bdcfb879eb73723521240a48a9bae99349d094a1fb82563535aabde82ec,4ed83e755ec0ed2b7f4675dc9cd790f3a2f8164f,"[64, 1]",64,native_NHD_then_page_head_token_dim_permute,a7dee0e77eec04063b09e30ffadbc546426deb74203e92e778deafe3ec464207,9.1.0,"[4096, 4096, 4096, 4096, 4096, 4096, 4096, 4096, 4096, 4096, 4096, 4096, 4096, 4096, 4096, 4096, 4096, 4096, 4096, 4096, 4096, 4096, 4096, 4096, 4096, 4096, 4096, 4096, 4096, 4096, 4096, 4096, 4096, 4096, 4096, 4096, 4096, 4096, 4096, 4096, 4096, 4096, 4096, 4096, 4096, 4096, 4096, 4096, 4096, 4096, 4096, 4096, 4096, 4096, 4096, 4096, 4096, 4096, 4096, 4096, 4096, 4096, 4096, 4096, 4096, 4096, 4096, 4096, 4096, 4096, 4096, 4096, 4096, 4096, 4096, 4096, 4096, 4096, 4096, 4096, 4096, 4096, 4096, 4096, 4096, 4096, 4096, 4096, 4096, 4096, 4096, 4096, 4096, 4096, 4096, 4096, 4096, 4096, 4096, 4096, 4096, 4096, 4096, 4096, 4096, 4096, 4096, 4096, 4096, 4096, 4096, 4096, 4096, 4096, 4096, 4096, 4096, 4096, 4096, 4096, 4096, 4096, 4096, 4096, 4096, 4096, 4096, 4096, 4096, 4096, 4096, 4096, 4096, 4096, 4096, 4096, 4096, 4096, 4096, 4096, 4096, 4096, 4096, 4096, 4096, 4096, 4096, 4096, 4096, 4096, 4096, 4096, 4096, 4096, 4096, 4096, 4096, 4096, 4096, 4096, 4096, 4096, 4096, 4096, 4096, 4096, 4096, 4096, 4096, 4096, 4096]","[3, 3, 3, 3, 3, 3, 3, 3, 3, 3, 3, 3, 3, 3, 3, 3, 3, 3, 3, 3, 3, 3, 3, 3, 3, 3, 3, 3, 3, 3, 3, 3, 3, 3, 3, 3, 3, 3, 3, 3, 3, 3, 3, 3, 3, 3, 3, 3, 3, 3, 3, 3, 3, 3, 3, 3, 3, 3, 3, 3, 3, 3, 3, 3, 3, 3, 3, 3, 3, 3, 3, 3, 3, 3, 3, 3, 3, 3, 3, 3, 3, 3, 3, 3, 3, 3, 3, 3, 3, 3, 3, 3, 3, 3, 3, 3, 3, 3, 3, 3, 3, 3, 3, 3, 3, 3, 3, 3, 3, 3, 3, 3, 3, 3, 3, 3, 3, 3, 3, 3, 3, 3, 3, 3, 3, 3, 3, 3, 3, 3, 3, 3, 3, 3, 3, 3, 3, 3, 3, 3, 3, 3, 3, 3, 3, 3, 3, 3, 3, 3, 3, 3, 3, 3, 3, 3, 3, 3, 3, 3, 3, 3, 3, 3, 3, 3, 3, 3, 3, 3, 3]",full_verify_d3_m513_kv4096_uniform_compact_tp4,True,npu:5,5,Ascend950PR_957b,3,bfloat16,False,256,1.3385619968175888,paged_prefill_page_aggregation_kernel,"[16384, 256, 256, 1]",4096,uniform,513,3,4096,28,1,6,56,64,10945,baseline,3.11.10,513,"[1536, 256, 1]",171,performance_shape_validation,"[4096, 4096, 4096, 4096, 4096, 4096, 4096, 4096, 4096, 4096, 4096, 4096, 4096, 4096, 4096, 4096, 4096, 4096, 4096, 4096, 4096, 4096, 4096, 4096, 4096, 4096, 4096, 4096, 4096, 4096, 4096, 4096, 4096, 4096, 4096, 4096, 4096, 4096, 4096, 4096, 4096, 4096, 4096, 4096, 4096, 4096, 4096, 4096, 4096, 4096, 4096, 4096, 4096, 4096, 4096, 4096, 4096, 4096, 4096, 4096, 4096, 4096, 4096, 4096, 4096, 4096, 4096, 4096, 4096, 4096, 4096, 4096, 4096, 4096, 4096, 4096, 4096, 4096, 4096, 4096, 4096, 4096, 4096, 4096, 4096, 4096, 4096, 4096, 4096, 4096, 4096, 4096, 4096, 4096, 4096, 4096, 4096, 4096, 4096, 4096, 4096, 4096, 4096, 4096, 4096, 4096, 4096, 4096, 4096, 4096, 4096, 4096, 4096, 4096, 4096, 4096, 4096, 4096, 4096, 4096, 4096, 4096, 4096, 4096, 4096, 4096, 4096, 4096, 4096, 4096, 4096, 4096, 4096, 4096, 4096, 4096, 4096, 4096, 4096, 4096, 4096, 4096, 4096, 4096, 4096, 4096, 4096, 4096, 4096, 4096, 4096, 4096, 4096, 4096, 4096, 4096, 4096, 4096, 4096, 4096, 4096, 4096, 4096, 4096, 4096, 4096, 4096, 4096, 4096, 4096, 4096]","[3, 3, 3, 3, 3, 3, 3, 3, 3, 3, 3, 3, 3, 3, 3, 3, 3, 3, 3, 3, 3, 3, 3, 3, 3, 3, 3, 3, 3, 3, 3, 3, 3, 3, 3, 3, 3, 3, 3, 3, 3, 3, 3, 3, 3, 3, 3, 3, 3, 3, 3, 3, 3, 3, 3, 3, 3, 3, 3, 3, 3, 3, 3, 3, 3, 3, 3, 3, 3, 3, 3, 3, 3, 3, 3, 3, 3, 3, 3, 3, 3, 3, 3, 3, 3, 3, 3, 3, 3, 3, 3, 3, 3, 3, 3, 3, 3, 3, 3, 3, 3, 3, 3, 3, 3, 3, 3, 3, 3, 3, 3, 3, 3, 3, 3, 3, 3, 3, 3, 3, 3, 3, 3, 3, 3, 3, 3, 3, 3, 3, 3, 3, 3, 3, 3, 3, 3, 3, 3, 3, 3, 3, 3, 3, 3, 3, 3, 3, 3, 3, 3, 3, 3, 3, 3, 3, 3, 3, 3, 3, 3, 3, 3, 3, 3, 3, 3, 3, 3, 3, 3]",171,1,20260829,float32,0.09119556747428784,VALIDATED_FOR_MSPROF,,compact,msprof_op_task_duration_acceptance,verify_d3,2.10.0.post4.dev20260715,2.10.0+cpu,4,3.2.0,4ed83e755ec0ed2b7f4675dc9cd790f3a2f8164f
full,c47f9bdcfb879eb73723521240a48a9bae99349d094a1fb82563535aabde82ec,4ed83e755ec0ed2b7f4675dc9cd790f3a2f8164f,"[64, 1]",64,native_NHD_then_page_head_token_dim_permute,a7dee0e77eec04063b09e30ffadbc546426deb74203e92e778deafe3ec464207,9.1.0,"[4096, 4096, 4096, 4096, 4096, 4096, 4096, 4096, 4096, 4096, 4096, 4096, 4096, 4096, 4096, 4096, 4096, 4096, 4096, 4096, 4096, 4096, 4096, 4096, 4096, 4096, 4096, 4096, 4096, 4096, 4096, 4096, 4096, 4096, 4096, 4096, 4096, 4096, 4096, 4096, 4096, 4096, 4096, 4096, 4096, 4096, 4096, 4096, 4096, 4096, 4096, 4096, 4096, 4096, 4096, 4096, 4096, 4096, 4096, 4096, 4096, 4096, 4096, 4096, 4096, 4096, 4096, 4096, 4096, 4096, 4096, 4096, 4096, 4096, 4096, 4096, 4096, 4096, 4096, 4096, 4096, 4096, 4096, 4096, 4096, 4096, 4096, 4096, 4096, 4096, 4096, 4096, 4096, 4096, 4096, 4096, 4096, 4096, 4096, 4096, 4096, 4096, 4096, 4096, 4096, 4096, 4096, 4096, 4096, 4096, 4096, 4096, 4096, 4096, 4096, 4096, 4096, 4096, 4096, 4096, 4096, 4096, 4096, 4096, 4096, 4096, 4096, 4096, 4096, 4096, 4096, 4096, 4096, 4096, 4096, 4096, 4096, 4096, 4096, 4096, 4096, 4096, 4096, 4096, 4096, 4096, 4096, 4096, 4096, 4096, 4096, 4096, 4096, 4096, 4096, 4096, 4096, 4096, 4096, 4096, 4096, 4096, 4096, 4096, 4096, 4096, 4096, 4096, 4096, 4096, 4096]","[3, 3, 3, 3, 3, 3, 3, 3, 3, 3, 3, 3, 3, 3, 3, 3, 3, 3, 3, 3, 3, 3, 3, 3, 3, 3, 3, 3, 3, 3, 3, 3, 3, 3, 3, 3, 3, 3, 3, 3, 3, 3, 3, 3, 3, 3, 3, 3, 3, 3, 3, 3, 3, 3, 3, 3, 3, 3, 3, 3, 3, 3, 3, 3, 3, 3, 3, 3, 3, 3, 3, 3, 3, 3, 3, 3, 3, 3, 3, 3, 3, 3, 3, 3, 3, 3, 3, 3, 3, 3, 3, 3, 3, 3, 3, 3, 3, 3, 3, 3, 3, 3, 3, 3, 3, 3, 3, 3, 3, 3, 3, 3, 3, 3, 3, 3, 3, 3, 3, 3, 3, 3, 3, 3, 3, 3, 3, 3, 3, 3, 3, 3, 3, 3, 3, 3, 3, 3, 3, 3, 3, 3, 3, 3, 3, 3, 3, 3, 3, 3, 3, 3, 3, 3, 3, 3, 3, 3, 3, 3, 3, 3, 3, 3, 3, 3, 3, 3, 3, 3, 3]",full_verify_d3_m513_kv4096_uniform_compact_tp4,True,npu:5,5,Ascend950PR_957b,3,bfloat16,False,256,1.0147991124540567,paged_prefill_small_q_grouped_kernel,"[16384, 256, 256, 1]",4096,uniform,513,3,4096,28,1,6,56,64,10945,candidate,3.11.10,513,"[1536, 256, 1]",171,performance_shape_validation,"[4096, 4096, 4096, 4096, 4096, 4096, 4096, 4096, 4096, 4096, 4096, 4096, 4096, 4096, 4096, 4096, 4096, 4096, 4096, 4096, 4096, 4096, 4096, 4096, 4096, 4096, 4096, 4096, 4096, 4096, 4096, 4096, 4096, 4096, 4096, 4096, 4096, 4096, 4096, 4096, 4096, 4096, 4096, 4096, 4096, 4096, 4096, 4096, 4096, 4096, 4096, 4096, 4096, 4096, 4096, 4096, 4096, 4096, 4096, 4096, 4096, 4096, 4096, 4096, 4096, 4096, 4096, 4096, 4096, 4096, 4096, 4096, 4096, 4096, 4096, 4096, 4096, 4096, 4096, 4096, 4096, 4096, 4096, 4096, 4096, 4096, 4096, 4096, 4096, 4096, 4096, 4096, 4096, 4096, 4096, 4096, 4096, 4096, 4096, 4096, 4096, 4096, 4096, 4096, 4096, 4096, 4096, 4096, 4096, 4096, 4096, 4096, 4096, 4096, 4096, 4096, 4096, 4096, 4096, 4096, 4096, 4096, 4096, 4096, 4096, 4096, 4096, 4096, 4096, 4096, 4096, 4096, 4096, 4096, 4096, 4096, 4096, 4096, 4096, 4096, 4096, 4096, 4096, 4096, 4096, 4096, 4096, 4096, 4096, 4096, 4096, 4096, 4096, 4096, 4096, 4096, 4096, 4096, 4096, 4096, 4096, 4096, 4096, 4096, 4096, 4096, 4096, 4096, 4096, 4096, 4096]","[3, 3, 3, 3, 3, 3, 3, 3, 3, 3, 3, 3, 3, 3, 3, 3, 3, 3, 3, 3, 3, 3, 3, 3, 3, 3, 3, 3, 3, 3, 3, 3, 3, 3, 3, 3, 3, 3, 3, 3, 3, 3, 3, 3, 3, 3, 3, 3, 3, 3, 3, 3, 3, 3, 3, 3, 3, 3, 3, 3, 3, 3, 3, 3, 3, 3, 3, 3, 3, 3, 3, 3, 3, 3, 3, 3, 3, 3, 3, 3, 3, 3, 3, 3, 3, 3, 3, 3, 3, 3, 3, 3, 3, 3, 3, 3, 3, 3, 3, 3, 3, 3, 3, 3, 3, 3, 3, 3, 3, 3, 3, 3, 3, 3, 3, 3, 3, 3, 3, 3, 3, 3, 3, 3, 3, 3, 3, 3, 3, 3, 3, 3, 3, 3, 3, 3, 3, 3, 3, 3, 3, 3, 3, 3, 3, 3, 3, 3, 3, 3, 3, 3, 3, 3, 3, 3, 3, 3, 3, 3, 3, 3, 3, 3, 3, 3, 3, 3, 3, 3, 3]",171,1,20260829,float32,0.09119556747428784,VALIDATED_FOR_MSPROF,,compact,msprof_op_task_duration_acceptance,verify_d3,2.10.0.post4.dev20260715,2.10.0+cpu,4,3.2.0,4ed83e755ec0ed2b7f4675dc9cd790f3a2f8164f
full,c47f9bdcfb879eb73723521240a48a9bae99349d094a1fb82563535aabde82ec,4ed83e755ec0ed2b7f4675dc9cd790f3a2f8164f,"[64, 1]",64,native_NHD_then_page_head_token_dim_permute,a7dee0e77eec04063b09e30ffadbc546426deb74203e92e778deafe3ec464207,9.1.0,"[4096, 4096, 4096, 4096, 4096, 4096, 4096, 4096, 4096, 4096, 4096, 4096, 4096, 4096, 4096, 4096, 4096, 4096, 4096, 4096, 4096, 4096, 4096, 4096, 4096, 4096, 4096, 4096, 4096, 4096, 4096, 4096, 4096, 4096, 4096, 4096, 4096, 4096, 4096, 4096, 4096, 4096, 4096, 4096, 4096, 4096, 4096, 4096, 4096, 4096, 4096, 4096, 4096, 4096, 4096, 4096, 4096, 4096, 4096, 4096, 4096, 4096, 4096, 4096, 4096, 4096, 4096, 4096, 4096, 4096, 4096, 4096, 4096, 4096, 4096, 4096, 4096, 4096, 4096, 4096, 4096, 4096, 4096, 4096, 4096, 4096, 4096, 4096, 4096, 4096, 4096, 4096, 4096, 4096, 4096, 4096, 4096, 4096, 4096, 4096, 4096, 4096, 4096, 4096, 4096, 4096, 4096, 4096, 4096, 4096, 4096, 4096, 4096, 4096, 4096, 4096, 4096, 4096, 4096, 4096, 4096, 4096, 4096, 4096, 4096, 4096, 4096, 4096, 4096, 4096, 4096, 4096, 4096, 4096, 4096, 4096, 4096, 4096, 4096, 4096, 4096, 4096, 4096, 4096, 4096, 4096, 4096, 4096, 4096, 4096, 4096, 4096, 4096, 4096, 4096, 4096, 4096, 4096, 4096, 4096, 4096, 4096, 4096, 4096, 4096, 4096, 4096, 4096, 4096, 4096, 4096, 4096, 4096, 4096, 4096, 4096, 4096, 4096, 4096, 4096, 4096, 4096, 4096, 4096, 4096, 4096, 4096, 4096, 4096, 4096, 4096, 4096, 4096, 4096, 4096, 4096, 4096, 4096, 4096, 4096, 4096, 4096, 4096, 4096, 4096, 4096, 4096, 4096, 4096, 4096, 4096, 4096, 4096, 4096, 4096, 4096, 4096, 4096, 4096, 4096, 4096, 4096, 4096, 4096, 4096, 4096, 4096, 4096, 4096, 4096, 4096, 4096, 4096, 4096, 4096, 4096, 4096, 4096, 4096, 4096, 4096, 4096, 4096, 4096, 4096, 4096, 4096, 4096, 4096, 4096, 4096, 4096, 4096, 4096, 4096, 4096, 4096, 4096, 4096, 4096, 4096, 4096, 4096, 4096, 4096, 4096, 4096, 4096, 4096, 4096, 4096, 4096, 4096, 4096, 4096, 4096, 4096, 4096, 4096, 4096, 4096, 4096, 4096, 4096, 4096, 4096, 4096, 4096, 4096, 4096, 4096, 4096, 4096, 4096, 4096, 4096, 4096, 4096, 4096, 4096, 4096, 4096, 4096, 4096, 4096, 4096, 4096, 4096, 4096, 4096, 4096, 4096, 4096, 4096, 4096, 4096, 4096, 4096, 4096, 4096, 4096, 4096, 4096, 4096, 4096, 4096, 4096, 4096, 4096, 4096, 4096, 4096, 4096, 4096, 4096, 4096, 4096, 4096, 4096, 4096, 4096]","[3, 3, 3, 3, 3, 3, 3, 3, 3, 3, 3, 3, 3, 3, 3, 3, 3, 3, 3, 3, 3, 3, 3, 3, 3, 3, 3, 3, 3, 3, 3, 3, 3, 3, 3, 3, 3, 3, 3, 3, 3, 3, 3, 3, 3, 3, 3, 3, 3, 3, 3, 3, 3, 3, 3, 3, 3, 3, 3, 3, 3, 3, 3, 3, 3, 3, 3, 3, 3, 3, 3, 3, 3, 3, 3, 3, 3, 3, 3, 3, 3, 3, 3, 3, 3, 3, 3, 3, 3, 3, 3, 3, 3, 3, 3, 3, 3, 3, 3, 3, 3, 3, 3, 3, 3, 3, 3, 3, 3, 3, 3, 3, 3, 3, 3, 3, 3, 3, 3, 3, 3, 3, 3, 3, 3, 3, 3, 3, 3, 3, 3, 3, 3, 3, 3, 3, 3, 3, 3, 3, 3, 3, 3, 3, 3, 3, 3, 3, 3, 3, 3, 3, 3, 3, 3, 3, 3, 3, 3, 3, 3, 3, 3, 3, 3, 3, 3, 3, 3, 3, 3, 3, 3, 3, 3, 3, 3, 3, 3, 3, 3, 3, 3, 3, 3, 3, 3, 3, 3, 3, 3, 3, 3, 3, 3, 3, 3, 3, 3, 3, 3, 3, 3, 3, 3, 3, 3, 3, 3, 3, 3, 3, 3, 3, 3, 3, 3, 3, 3, 3, 3, 3, 3, 3, 3, 3, 3, 3, 3, 3, 3, 3, 3, 3, 3, 3, 3, 3, 3, 3, 3, 3, 3, 3, 3, 3, 3, 3, 3, 3, 3, 3, 3, 3, 3, 3, 3, 3, 3, 3, 3, 3, 3, 3, 3, 3, 3, 3, 3, 3, 3, 3, 3, 3, 3, 3, 3, 3, 3, 3, 3, 3, 3, 3, 3, 3, 3, 3, 3, 3, 3, 3, 3, 3, 3, 3, 3, 3, 3, 3, 3, 3, 3, 3, 3, 3, 3, 3, 3, 3, 3, 3, 3, 3, 3, 3, 3, 3, 3, 3, 3, 3, 3, 3, 3, 3, 3, 3, 3, 3, 3, 3, 3, 3, 3, 3, 3, 3, 3, 3, 3]",full_verify_d3_m1023_kv4096_uniform_compact_tp4,True,npu:5,5,Ascend950PR_957b,3,bfloat16,False,256,2.3517110385000706,paged_prefill_page_aggregation_kernel,"[16384, 256, 256, 1]",4096,uniform,1023,3,4096,28,1,6,56,64,21825,baseline,3.11.10,1023,"[1536, 256, 1]",341,performance_shape_validation,"[4096, 4096, 4096, 4096, 4096, 4096, 4096, 4096, 4096, 4096, 4096, 4096, 4096, 4096, 4096, 4096, 4096, 4096, 4096, 4096, 4096, 4096, 4096, 4096, 4096, 4096, 4096, 4096, 4096, 4096, 4096, 4096, 4096, 4096, 4096, 4096, 4096, 4096, 4096, 4096, 4096, 4096, 4096, 4096, 4096, 4096, 4096, 4096, 4096, 4096, 4096, 4096, 4096, 4096, 4096, 4096, 4096, 4096, 4096, 4096, 4096, 4096, 4096, 4096, 4096, 4096, 4096, 4096, 4096, 4096, 4096, 4096, 4096, 4096, 4096, 4096, 4096, 4096, 4096, 4096, 4096, 4096, 4096, 4096, 4096, 4096, 4096, 4096, 4096, 4096, 4096, 4096, 4096, 4096, 4096, 4096, 4096, 4096, 4096, 4096, 4096, 4096, 4096, 4096, 4096, 4096, 4096, 4096, 4096, 4096, 4096, 4096, 4096, 4096, 4096, 4096, 4096, 4096, 4096, 4096, 4096, 4096, 4096, 4096, 4096, 4096, 4096, 4096, 4096, 4096, 4096, 4096, 4096, 4096, 4096, 4096, 4096, 4096, 4096, 4096, 4096, 4096, 4096, 4096, 4096, 4096, 4096, 4096, 4096, 4096, 4096, 4096, 4096, 4096, 4096, 4096, 4096, 4096, 4096, 4096, 4096, 4096, 4096, 4096, 4096, 4096, 4096, 4096, 4096, 4096, 4096, 4096, 4096, 4096, 4096, 4096, 4096, 4096, 4096, 4096, 4096, 4096, 4096, 4096, 4096, 4096, 4096, 4096, 4096, 4096, 4096, 4096, 4096, 4096, 4096, 4096, 4096, 4096, 4096, 4096, 4096, 4096, 4096, 4096, 4096, 4096, 4096, 4096, 4096, 4096, 4096, 4096, 4096, 4096, 4096, 4096, 4096, 4096, 4096, 4096, 4096, 4096, 4096, 4096, 4096, 4096, 4096, 4096, 4096, 4096, 4096, 4096, 4096, 4096, 4096, 4096, 4096, 4096, 4096, 4096, 4096, 4096, 4096, 4096, 4096, 4096, 4096, 4096, 4096, 4096, 4096, 4096, 4096, 4096, 4096, 4096, 4096, 4096, 4096, 4096, 4096, 4096, 4096, 4096, 4096, 4096, 4096, 4096, 4096, 4096, 4096, 4096, 4096, 4096, 4096, 4096, 4096, 4096, 4096, 4096, 4096, 4096, 4096, 4096, 4096, 4096, 4096, 4096, 4096, 4096, 4096, 4096, 4096, 4096, 4096, 4096, 4096, 4096, 4096, 4096, 4096, 4096, 4096, 4096, 4096, 4096, 4096, 4096, 4096, 4096, 4096, 4096, 4096, 4096, 4096, 4096, 4096, 4096, 4096, 4096, 4096, 4096, 4096, 4096, 4096, 4096, 4096, 4096, 4096, 4096, 4096, 4096, 4096, 4096, 4096, 4096, 4096, 4096, 4096, 4096, 4096]","[3, 3, 3, 3, 3, 3, 3, 3, 3, 3, 3, 3, 3, 3, 3, 3, 3, 3, 3, 3, 3, 3, 3, 3, 3, 3, 3, 3, 3, 3, 3, 3, 3, 3, 3, 3, 3, 3, 3, 3, 3, 3, 3, 3, 3, 3, 3, 3, 3, 3, 3, 3, 3, 3, 3, 3, 3, 3, 3, 3, 3, 3, 3, 3, 3, 3, 3, 3, 3, 3, 3, 3, 3, 3, 3, 3, 3, 3, 3, 3, 3, 3, 3, 3, 3, 3, 3, 3, 3, 3, 3, 3, 3, 3, 3, 3, 3, 3, 3, 3, 3, 3, 3, 3, 3, 3, 3, 3, 3, 3, 3, 3, 3, 3, 3, 3, 3, 3, 3, 3, 3, 3, 3, 3, 3, 3, 3, 3, 3, 3, 3, 3, 3, 3, 3, 3, 3, 3, 3, 3, 3, 3, 3, 3, 3, 3, 3, 3, 3, 3, 3, 3, 3, 3, 3, 3, 3, 3, 3, 3, 3, 3, 3, 3, 3, 3, 3, 3, 3, 3, 3, 3, 3, 3, 3, 3, 3, 3, 3, 3, 3, 3, 3, 3, 3, 3, 3, 3, 3, 3, 3, 3, 3, 3, 3, 3, 3, 3, 3, 3, 3, 3, 3, 3, 3, 3, 3, 3, 3, 3, 3, 3, 3, 3, 3, 3, 3, 3, 3, 3, 3, 3, 3, 3, 3, 3, 3, 3, 3, 3, 3, 3, 3, 3, 3, 3, 3, 3, 3, 3, 3, 3, 3, 3, 3, 3, 3, 3, 3, 3, 3, 3, 3, 3, 3, 3, 3, 3, 3, 3, 3, 3, 3, 3, 3, 3, 3, 3, 3, 3, 3, 3, 3, 3, 3, 3, 3, 3, 3, 3, 3, 3, 3, 3, 3, 3, 3, 3, 3, 3, 3, 3, 3, 3, 3, 3, 3, 3, 3, 3, 3, 3, 3, 3, 3, 3, 3, 3, 3, 3, 3, 3, 3, 3, 3, 3, 3, 3, 3, 3, 3, 3, 3, 3, 3, 3, 3, 3, 3, 3, 3, 3, 3, 3, 3, 3, 3, 3, 3, 3, 3]",341,1,20260829,float32,0.09119556747428784,VALIDATED_FOR_MSPROF,,compact,msprof_op_task_duration_acceptance,verify_d3,2.10.0.post4.dev20260715,2.10.0+cpu,4,3.2.0,4ed83e755ec0ed2b7f4675dc9cd790f3a2f8164f
full,c47f9bdcfb879eb73723521240a48a9bae99349d094a1fb82563535aabde82ec,4ed83e755ec0ed2b7f4675dc9cd790f3a2f8164f,"[64, 1]",64,native_NHD_then_page_head_token_dim_permute,a7dee0e77eec04063b09e30ffadbc546426deb74203e92e778deafe3ec464207,9.1.0,"[4096, 4096, 4096, 4096, 4096, 4096, 4096, 4096, 4096, 4096, 4096, 4096, 4096, 4096, 4096, 4096, 4096, 4096, 4096, 4096, 4096, 4096, 4096, 4096, 4096, 4096, 4096, 4096, 4096, 4096, 4096, 4096, 4096, 4096, 4096, 4096, 4096, 4096, 4096, 4096, 4096, 4096, 4096, 4096, 4096, 4096, 4096, 4096, 4096, 4096, 4096, 4096, 4096, 4096, 4096, 4096, 4096, 4096, 4096, 4096, 4096, 4096, 4096, 4096, 4096, 4096, 4096, 4096, 4096, 4096, 4096, 4096, 4096, 4096, 4096, 4096, 4096, 4096, 4096, 4096, 4096, 4096, 4096, 4096, 4096, 4096, 4096, 4096, 4096, 4096, 4096, 4096, 4096, 4096, 4096, 4096, 4096, 4096, 4096, 4096, 4096, 4096, 4096, 4096, 4096, 4096, 4096, 4096, 4096, 4096, 4096, 4096, 4096, 4096, 4096, 4096, 4096, 4096, 4096, 4096, 4096, 4096, 4096, 4096, 4096, 4096, 4096, 4096, 4096, 4096, 4096, 4096, 4096, 4096, 4096, 4096, 4096, 4096, 4096, 4096, 4096, 4096, 4096, 4096, 4096, 4096, 4096, 4096, 4096, 4096, 4096, 4096, 4096, 4096, 4096, 4096, 4096, 4096, 4096, 4096, 4096, 4096, 4096, 4096, 4096, 4096, 4096, 4096, 4096, 4096, 4096, 4096, 4096, 4096, 4096, 4096, 4096, 4096, 4096, 4096, 4096, 4096, 4096, 4096, 4096, 4096, 4096, 4096, 4096, 4096, 4096, 4096, 4096, 4096, 4096, 4096, 4096, 4096, 4096, 4096, 4096, 4096, 4096, 4096, 4096, 4096, 4096, 4096, 4096, 4096, 4096, 4096, 4096, 4096, 4096, 4096, 4096, 4096, 4096, 4096, 4096, 4096, 4096, 4096, 4096, 4096, 4096, 4096, 4096, 4096, 4096, 4096, 4096, 4096, 4096, 4096, 4096, 4096, 4096, 4096, 4096, 4096, 4096, 4096, 4096, 4096, 4096, 4096, 4096, 4096, 4096, 4096, 4096, 4096, 4096, 4096, 4096, 4096, 4096, 4096, 4096, 4096, 4096, 4096, 4096, 4096, 4096, 4096, 4096, 4096, 4096, 4096, 4096, 4096, 4096, 4096, 4096, 4096, 4096, 4096, 4096, 4096, 4096, 4096, 4096, 4096, 4096, 4096, 4096, 4096, 4096, 4096, 4096, 4096, 4096, 4096, 4096, 4096, 4096, 4096, 4096, 4096, 4096, 4096, 4096, 4096, 4096, 4096, 4096, 4096, 4096, 4096, 4096, 4096, 4096, 4096, 4096, 4096, 4096, 4096, 4096, 4096, 4096, 4096, 4096, 4096, 4096, 4096, 4096, 4096, 4096, 4096, 4096, 4096, 4096, 4096, 4096, 4096, 4096, 4096, 4096]","[3, 3, 3, 3, 3, 3, 3, 3, 3, 3, 3, 3, 3, 3, 3, 3, 3, 3, 3, 3, 3, 3, 3, 3, 3, 3, 3, 3, 3, 3, 3, 3, 3, 3, 3, 3, 3, 3, 3, 3, 3, 3, 3, 3, 3, 3, 3, 3, 3, 3, 3, 3, 3, 3, 3, 3, 3, 3, 3, 3, 3, 3, 3, 3, 3, 3, 3, 3, 3, 3, 3, 3, 3, 3, 3, 3, 3, 3, 3, 3, 3, 3, 3, 3, 3, 3, 3, 3, 3, 3, 3, 3, 3, 3, 3, 3, 3, 3, 3, 3, 3, 3, 3, 3, 3, 3, 3, 3, 3, 3, 3, 3, 3, 3, 3, 3, 3, 3, 3, 3, 3, 3, 3, 3, 3, 3, 3, 3, 3, 3, 3, 3, 3, 3, 3, 3, 3, 3, 3, 3, 3, 3, 3, 3, 3, 3, 3, 3, 3, 3, 3, 3, 3, 3, 3, 3, 3, 3, 3, 3, 3, 3, 3, 3, 3, 3, 3, 3, 3, 3, 3, 3, 3, 3, 3, 3, 3, 3, 3, 3, 3, 3, 3, 3, 3, 3, 3, 3, 3, 3, 3, 3, 3, 3, 3, 3, 3, 3, 3, 3, 3, 3, 3, 3, 3, 3, 3, 3, 3, 3, 3, 3, 3, 3, 3, 3, 3, 3, 3, 3, 3, 3, 3, 3, 3, 3, 3, 3, 3, 3, 3, 3, 3, 3, 3, 3, 3, 3, 3, 3, 3, 3, 3, 3, 3, 3, 3, 3, 3, 3, 3, 3, 3, 3, 3, 3, 3, 3, 3, 3, 3, 3, 3, 3, 3, 3, 3, 3, 3, 3, 3, 3, 3, 3, 3, 3, 3, 3, 3, 3, 3, 3, 3, 3, 3, 3, 3, 3, 3, 3, 3, 3, 3, 3, 3, 3, 3, 3, 3, 3, 3, 3, 3, 3, 3, 3, 3, 3, 3, 3, 3, 3, 3, 3, 3, 3, 3, 3, 3, 3, 3, 3, 3, 3, 3, 3, 3, 3, 3, 3, 3, 3, 3, 3, 3, 3, 3, 3, 3, 3, 3]",full_verify_d3_m1023_kv4096_uniform_compact_tp4,True,npu:5,5,Ascend950PR_957b,3,bfloat16,False,256,1.872041029855609,paged_prefill_small_q_grouped_kernel,"[16384, 256, 256, 1]",4096,uniform,1023,3,4096,28,1,6,56,64,21825,candidate,3.11.10,1023,"[1536, 256, 1]",341,performance_shape_validation,"[4096, 4096, 4096, 4096, 4096, 4096, 4096, 4096, 4096, 4096, 4096, 4096, 4096, 4096, 4096, 4096, 4096, 4096, 4096, 4096, 4096, 4096, 4096, 4096, 4096, 4096, 4096, 4096, 4096, 4096, 4096, 4096, 4096, 4096, 4096, 4096, 4096, 4096, 4096, 4096, 4096, 4096, 4096, 4096, 4096, 4096, 4096, 4096, 4096, 4096, 4096, 4096, 4096, 4096, 4096, 4096, 4096, 4096, 4096, 4096, 4096, 4096, 4096, 4096, 4096, 4096, 4096, 4096, 4096, 4096, 4096, 4096, 4096, 4096, 4096, 4096, 4096, 4096, 4096, 4096, 4096, 4096, 4096, 4096, 4096, 4096, 4096, 4096, 4096, 4096, 4096, 4096, 4096, 4096, 4096, 4096, 4096, 4096, 4096, 4096, 4096, 4096, 4096, 4096, 4096, 4096, 4096, 4096, 4096, 4096, 4096, 4096, 4096, 4096, 4096, 4096, 4096, 4096, 4096, 4096, 4096, 4096, 4096, 4096, 4096, 4096, 4096, 4096, 4096, 4096, 4096, 4096, 4096, 4096, 4096, 4096, 4096, 4096, 4096, 4096, 4096, 4096, 4096, 4096, 4096, 4096, 4096, 4096, 4096, 4096, 4096, 4096, 4096, 4096, 4096, 4096, 4096, 4096, 4096, 4096, 4096, 4096, 4096, 4096, 4096, 4096, 4096, 4096, 4096, 4096, 4096, 4096, 4096, 4096, 4096, 4096, 4096, 4096, 4096, 4096, 4096, 4096, 4096, 4096, 4096, 4096, 4096, 4096, 4096, 4096, 4096, 4096, 4096, 4096, 4096, 4096, 4096, 4096, 4096, 4096, 4096, 4096, 4096, 4096, 4096, 4096, 4096, 4096, 4096, 4096, 4096, 4096, 4096, 4096, 4096, 4096, 4096, 4096, 4096, 4096, 4096, 4096, 4096, 4096, 4096, 4096, 4096, 4096, 4096, 4096, 4096, 4096, 4096, 4096, 4096, 4096, 4096, 4096, 4096, 4096, 4096, 4096, 4096, 4096, 4096, 4096, 4096, 4096, 4096, 4096, 4096, 4096, 4096, 4096, 4096, 4096, 4096, 4096, 4096, 4096, 4096, 4096, 4096, 4096, 4096, 4096, 4096, 4096, 4096, 4096, 4096, 4096, 4096, 4096, 4096, 4096, 4096, 4096, 4096, 4096, 4096, 4096, 4096, 4096, 4096, 4096, 4096, 4096, 4096, 4096, 4096, 4096, 4096, 4096, 4096, 4096, 4096, 4096, 4096, 4096, 4096, 4096, 4096, 4096, 4096, 4096, 4096, 4096, 4096, 4096, 4096, 4096, 4096, 4096, 4096, 4096, 4096, 4096, 4096, 4096, 4096, 4096, 4096, 4096, 4096, 4096, 4096, 4096, 4096, 4096, 4096, 4096, 4096, 4096, 4096, 4096, 4096, 4096, 4096, 4096, 4096]","[3, 3, 3, 3, 3, 3, 3, 3, 3, 3, 3, 3, 3, 3, 3, 3, 3, 3, 3, 3, 3, 3, 3, 3, 3, 3, 3, 3, 3, 3, 3, 3, 3, 3, 3, 3, 3, 3, 3, 3, 3, 3, 3, 3, 3, 3, 3, 3, 3, 3, 3, 3, 3, 3, 3, 3, 3, 3, 3, 3, 3, 3, 3, 3, 3, 3, 3, 3, 3, 3, 3, 3, 3, 3, 3, 3, 3, 3, 3, 3, 3, 3, 3, 3, 3, 3, 3, 3, 3, 3, 3, 3, 3, 3, 3, 3, 3, 3, 3, 3, 3, 3, 3, 3, 3, 3, 3, 3, 3, 3, 3, 3, 3, 3, 3, 3, 3, 3, 3, 3, 3, 3, 3, 3, 3, 3, 3, 3, 3, 3, 3, 3, 3, 3, 3, 3, 3, 3, 3, 3, 3, 3, 3, 3, 3, 3, 3, 3, 3, 3, 3, 3, 3, 3, 3, 3, 3, 3, 3, 3, 3, 3, 3, 3, 3, 3, 3, 3, 3, 3, 3, 3, 3, 3, 3, 3, 3, 3, 3, 3, 3, 3, 3, 3, 3, 3, 3, 3, 3, 3, 3, 3, 3, 3, 3, 3, 3, 3, 3, 3, 3, 3, 3, 3, 3, 3, 3, 3, 3, 3, 3, 3, 3, 3, 3, 3, 3, 3, 3, 3, 3, 3, 3, 3, 3, 3, 3, 3, 3, 3, 3, 3, 3, 3, 3, 3, 3, 3, 3, 3, 3, 3, 3, 3, 3, 3, 3, 3, 3, 3, 3, 3, 3, 3, 3, 3, 3, 3, 3, 3, 3, 3, 3, 3, 3, 3, 3, 3, 3, 3, 3, 3, 3, 3, 3, 3, 3, 3, 3, 3, 3, 3, 3, 3, 3, 3, 3, 3, 3, 3, 3, 3, 3, 3, 3, 3, 3, 3, 3, 3, 3, 3, 3, 3, 3, 3, 3, 3, 3, 3, 3, 3, 3, 3, 3, 3, 3, 3, 3, 3, 3, 3, 3, 3, 3, 3, 3, 3, 3, 3, 3, 3, 3, 3, 3, 3, 3, 3, 3, 3, 3]",341,1,20260829,float32,0.09119556747428784,VALIDATED_FOR_MSPROF,,compact,msprof_op_task_duration_acceptance,verify_d3,2.10.0.post4.dev20260715,2.10.0+cpu,4,3.2.0,4ed83e755ec0ed2b7f4675dc9cd790f3a2f8164f
swa,c47f9bdcfb879eb73723521240a48a9bae99349d094a1fb82563535aabde82ec,4ed83e755ec0ed2b7f4675dc9cd790f3a2f8164f,"[64, 1]",64,native_NHD_then_page_head_token_dim_permute,a7dee0e77eec04063b09e30ffadbc546426deb74203e92e778deafe3ec464207,9.1.0,"[4096, 4096, 4096, 4096, 4096, 4096, 4096, 4096, 4096, 4096, 4096, 4096, 4096, 4096, 4096, 4096, 4096, 4096, 4096, 4096, 4096, 4096, 4096, 4096, 4096, 4096, 4096, 4096, 4096, 4096, 4096, 4096, 4096, 4096, 4096, 4096, 4096, 4096, 4096, 4096, 4096, 4096, 4096]","[3, 3, 3, 3, 3, 3, 3, 3, 3, 3, 3, 3, 3, 3, 3, 3, 3, 3, 3, 3, 3, 3, 3, 3, 3, 3, 3, 3, 3, 3, 3, 3, 3, 3, 3, 3, 3, 3, 3, 3, 3, 3, 3]",swa_verify_d3_m129_kv4096_uniform_compact_tp4,True,npu:5,5,Ascend950PR_957b,3,bfloat16,False,256,0.0,_swa_paged_prefill_aggregation_sink_kernel,"[16384, 256, 256, 1]",4096,uniform,129,3,4096,28,1,6,56,64,388,baseline,3.11.10,129,"[1536, 256, 1]",43,performance_shape_validation,"[4096, 4096, 4096, 4096, 4096, 4096, 4096, 4096, 4096, 4096, 4096, 4096, 4096, 4096, 4096, 4096, 4096, 4096, 4096, 4096, 4096, 4096, 4096, 4096, 4096, 4096, 4096, 4096, 4096, 4096, 4096, 4096, 4096, 4096, 4096, 4096, 4096, 4096, 4096, 4096, 4096, 4096, 4096]","[3, 3, 3, 3, 3, 3, 3, 3, 3, 3, 3, 3, 3, 3, 3, 3, 3, 3, 3, 3, 3, 3, 3, 3, 3, 3, 3, 3, 3, 3, 3, 3, 3, 3, 3, 3, 3, 3, 3, 3, 3, 3, 3]",43,1,20260829,float32,0.09119556747428784,VALIDATED_FOR_MSPROF,511,compact,msprof_op_task_duration_acceptance,verify_d3,2.10.0.post4.dev20260715,2.10.0+cpu,4,3.2.0,4ed83e755ec0ed2b7f4675dc9cd790f3a2f8164f
swa,c47f9bdcfb879eb73723521240a48a9bae99349d094a1fb82563535aabde82ec,4ed83e755ec0ed2b7f4675dc9cd790f3a2f8164f,"[64, 1]",64,native_NHD_then_page_head_token_dim_permute,a7dee0e77eec04063b09e30ffadbc546426deb74203e92e778deafe3ec464207,9.1.0,"[4096, 4096, 4096, 4096, 4096, 4096, 4096, 4096, 4096, 4096, 4096, 4096, 4096, 4096, 4096, 4096, 4096, 4096, 4096, 4096, 4096, 4096, 4096, 4096, 4096, 4096, 4096, 4096, 4096, 4096, 4096, 4096, 4096, 4096, 4096, 4096, 4096, 4096, 4096, 4096, 4096, 4096, 4096]","[3, 3, 3, 3, 3, 3, 3, 3, 3, 3, 3, 3, 3, 3, 3, 3, 3, 3, 3, 3, 3, 3, 3, 3, 3, 3, 3, 3, 3, 3, 3, 3, 3, 3, 3, 3, 3, 3, 3, 3, 3, 3, 3]",swa_verify_d3_m129_kv4096_uniform_compact_tp4,True,npu:5,5,Ascend950PR_957b,3,bfloat16,False,256,0.0,_swa_paged_prefill_small_q_grouped_sink_kernel,"[16384, 256, 256, 1]",4096,uniform,129,3,4096,28,1,6,56,64,388,candidate,3.11.10,129,"[1536, 256, 1]",43,performance_shape_validation,"[4096, 4096, 4096, 4096, 4096, 4096, 4096, 4096, 4096, 4096, 4096, 4096, 4096, 4096, 4096, 4096, 4096, 4096, 4096, 4096, 4096, 4096, 4096, 4096, 4096, 4096, 4096, 4096, 4096, 4096, 4096, 4096, 4096, 4096, 4096, 4096, 4096, 4096, 4096, 4096, 4096, 4096, 4096]","[3, 3, 3, 3, 3, 3, 3, 3, 3, 3, 3, 3, 3, 3, 3, 3, 3, 3, 3, 3, 3, 3, 3, 3, 3, 3, 3, 3, 3, 3, 3, 3, 3, 3, 3, 3, 3, 3, 3, 3, 3, 3, 3]",43,1,20260829,float32,0.09119556747428784,VALIDATED_FOR_MSPROF,511,compact,msprof_op_task_duration_acceptance,verify_d3,2.10.0.post4.dev20260715,2.10.0+cpu,4,3.2.0,4ed83e755ec0ed2b7f4675dc9cd790f3a2f8164f
swa,c47f9bdcfb879eb73723521240a48a9bae99349d094a1fb82563535aabde82ec,4ed83e755ec0ed2b7f4675dc9cd790f3a2f8164f,"[64, 1]",64,native_NHD_then_page_head_token_dim_permute,a7dee0e77eec04063b09e30ffadbc546426deb74203e92e778deafe3ec464207,9.1.0,"[4096, 4096, 4096, 4096, 4096, 4096, 4096, 4096, 4096, 4096, 4096, 4096, 4096, 4096, 4096, 4096, 4096, 4096, 4096, 4096, 4096, 4096, 4096, 4096, 4096, 4096, 4096, 4096, 4096, 4096, 4096, 4096, 4096, 4096, 4096, 4096, 4096, 4096, 4096, 4096, 4096, 4096, 4096, 4096, 4096, 4096, 4096, 4096, 4096, 4096, 4096, 4096, 4096, 4096, 4096, 4096, 4096, 4096, 4096, 4096, 4096, 4096, 4096, 4096, 4096, 4096, 4096, 4096, 4096, 4096, 4096, 4096, 4096, 4096, 4096, 4096, 4096, 4096, 4096, 4096, 4096, 4096, 4096, 4096, 4096]","[3, 3, 3, 3, 3, 3, 3, 3, 3, 3, 3, 3, 3, 3, 3, 3, 3, 3, 3, 3, 3, 3, 3, 3, 3, 3, 3, 3, 3, 3, 3, 3, 3, 3, 3, 3, 3, 3, 3, 3, 3, 3, 3, 3, 3, 3, 3, 3, 3, 3, 3, 3, 3, 3, 3, 3, 3, 3, 3, 3, 3, 3, 3, 3, 3, 3, 3, 3, 3, 3, 3, 3, 3, 3, 3, 3, 3, 3, 3, 3, 3, 3, 3, 3, 3]",swa_verify_d3_m255_kv4096_uniform_compact_tp4,True,npu:5,5,Ascend950PR_957b,3,bfloat16,False,256,0.0,_swa_paged_prefill_aggregation_sink_kernel,"[16384, 256, 256, 1]",4096,uniform,255,3,4096,28,1,6,56,64,766,baseline,3.11.10,255,"[1536, 256, 1]",85,performance_shape_validation,"[4096, 4096, 4096, 4096, 4096, 4096, 4096, 4096, 4096, 4096, 4096, 4096, 4096, 4096, 4096, 4096, 4096, 4096, 4096, 4096, 4096, 4096, 4096, 4096, 4096, 4096, 4096, 4096, 4096, 4096, 4096, 4096, 4096, 4096, 4096, 4096, 4096, 4096, 4096, 4096, 4096, 4096, 4096, 4096, 4096, 4096, 4096, 4096, 4096, 4096, 4096, 4096, 4096, 4096, 4096, 4096, 4096, 4096, 4096, 4096, 4096, 4096, 4096, 4096, 4096, 4096, 4096, 4096, 4096, 4096, 4096, 4096, 4096, 4096, 4096, 4096, 4096, 4096, 4096, 4096, 4096, 4096, 4096, 4096, 4096]","[3, 3, 3, 3, 3, 3, 3, 3, 3, 3, 3, 3, 3, 3, 3, 3, 3, 3, 3, 3, 3, 3, 3, 3, 3, 3, 3, 3, 3, 3, 3, 3, 3, 3, 3, 3, 3, 3, 3, 3, 3, 3, 3, 3, 3, 3, 3, 3, 3, 3, 3, 3, 3, 3, 3, 3, 3, 3, 3, 3, 3, 3, 3, 3, 3, 3, 3, 3, 3, 3, 3, 3, 3, 3, 3, 3, 3, 3, 3, 3, 3, 3, 3, 3, 3]",85,1,20260829,float32,0.09119556747428784,VALIDATED_FOR_MSPROF,511,compact,msprof_op_task_duration_acceptance,verify_d3,2.10.0.post4.dev20260715,2.10.0+cpu,4,3.2.0,4ed83e755ec0ed2b7f4675dc9cd790f3a2f8164f
swa,c47f9bdcfb879eb73723521240a48a9bae99349d094a1fb82563535aabde82ec,4ed83e755ec0ed2b7f4675dc9cd790f3a2f8164f,"[64, 1]",64,native_NHD_then_page_head_token_dim_permute,a7dee0e77eec04063b09e30ffadbc546426deb74203e92e778deafe3ec464207,9.1.0,"[4096, 4096, 4096, 4096, 4096, 4096, 4096, 4096, 4096, 4096, 4096, 4096, 4096, 4096, 4096, 4096, 4096, 4096, 4096, 4096, 4096, 4096, 4096, 4096, 4096, 4096, 4096, 4096, 4096, 4096, 4096, 4096, 4096, 4096, 4096, 4096, 4096, 4096, 4096, 4096, 4096, 4096, 4096, 4096, 4096, 4096, 4096, 4096, 4096, 4096, 4096, 4096, 4096, 4096, 4096, 4096, 4096, 4096, 4096, 4096, 4096, 4096, 4096, 4096, 4096, 4096, 4096, 4096, 4096, 4096, 4096, 4096, 4096, 4096, 4096, 4096, 4096, 4096, 4096, 4096, 4096, 4096, 4096, 4096, 4096]","[3, 3, 3, 3, 3, 3, 3, 3, 3, 3, 3, 3, 3, 3, 3, 3, 3, 3, 3, 3, 3, 3, 3, 3, 3, 3, 3, 3, 3, 3, 3, 3, 3, 3, 3, 3, 3, 3, 3, 3, 3, 3, 3, 3, 3, 3, 3, 3, 3, 3, 3, 3, 3, 3, 3, 3, 3, 3, 3, 3, 3, 3, 3, 3, 3, 3, 3, 3, 3, 3, 3, 3, 3, 3, 3, 3, 3, 3, 3, 3, 3, 3, 3, 3, 3]",swa_verify_d3_m255_kv4096_uniform_compact_tp4,True,npu:5,5,Ascend950PR_957b,3,bfloat16,False,256,0.0,_swa_paged_prefill_small_q_grouped_sink_kernel,"[16384, 256, 256, 1]",4096,uniform,255,3,4096,28,1,6,56,64,766,candidate,3.11.10,255,"[1536, 256, 1]",85,performance_shape_validation,"[4096, 4096, 4096, 4096, 4096, 4096, 4096, 4096, 4096, 4096, 4096, 4096, 4096, 4096, 4096, 4096, 4096, 4096, 4096, 4096, 4096, 4096, 4096, 4096, 4096, 4096, 4096, 4096, 4096, 4096, 4096, 4096, 4096, 4096, 4096, 4096, 4096, 4096, 4096, 4096, 4096, 4096, 4096, 4096, 4096, 4096, 4096, 4096, 4096, 4096, 4096, 4096, 4096, 4096, 4096, 4096, 4096, 4096, 4096, 4096, 4096, 4096, 4096, 4096, 4096, 4096, 4096, 4096, 4096, 4096, 4096, 4096, 4096, 4096, 4096, 4096, 4096, 4096, 4096, 4096, 4096, 4096, 4096, 4096, 4096]","[3, 3, 3, 3, 3, 3, 3, 3, 3, 3, 3, 3, 3, 3, 3, 3, 3, 3, 3, 3, 3, 3, 3, 3, 3, 3, 3, 3, 3, 3, 3, 3, 3, 3, 3, 3, 3, 3, 3, 3, 3, 3, 3, 3, 3, 3, 3, 3, 3, 3, 3, 3, 3, 3, 3, 3, 3, 3, 3, 3, 3, 3, 3, 3, 3, 3, 3, 3, 3, 3, 3, 3, 3, 3, 3, 3, 3, 3, 3, 3, 3, 3, 3, 3, 3]",85,1,20260829,float32,0.09119556747428784,VALIDATED_FOR_MSPROF,511,compact,msprof_op_task_duration_acceptance,verify_d3,2.10.0.post4.dev20260715,2.10.0+cpu,4,3.2.0,4ed83e755ec0ed2b7f4675dc9cd790f3a2f8164f
swa,c47f9bdcfb879eb73723521240a48a9bae99349d094a1fb82563535aabde82ec,4ed83e755ec0ed2b7f4675dc9cd790f3a2f8164f,"[64, 1]",64,native_NHD_then_page_head_token_dim_permute,a7dee0e77eec04063b09e30ffadbc546426deb74203e92e778deafe3ec464207,9.1.0,"[4096, 4096, 4096, 4096, 4096, 4096, 4096, 4096, 4096, 4096, 4096, 4096, 4096, 4096, 4096, 4096, 4096, 4096, 4096, 4096, 4096, 4096, 4096, 4096, 4096, 4096, 4096, 4096, 4096, 4096, 4096, 4096, 4096, 4096, 4096, 4096, 4096, 4096, 4096, 4096, 4096, 4096, 4096, 4096, 4096, 4096, 4096, 4096, 4096, 4096, 4096, 4096, 4096, 4096, 4096, 4096, 4096, 4096, 4096, 4096, 4096, 4096, 4096, 4096, 4096, 4096, 4096, 4096, 4096, 4096, 4096, 4096, 4096, 4096, 4096, 4096, 4096, 4096, 4096, 4096, 4096, 4096, 4096, 4096, 4096, 4096, 4096, 4096, 4096, 4096, 4096, 4096, 4096, 4096, 4096, 4096, 4096, 4096, 4096, 4096, 4096, 4096, 4096, 4096, 4096, 4096, 4096, 4096, 4096, 4096, 4096, 4096, 4096, 4096, 4096, 4096, 4096, 4096, 4096, 4096, 4096, 4096, 4096, 4096, 4096, 4096, 4096, 4096, 4096, 4096, 4096, 4096, 4096, 4096, 4096, 4096, 4096, 4096, 4096, 4096, 4096, 4096, 4096, 4096, 4096, 4096, 4096, 4096, 4096, 4096, 4096, 4096, 4096, 4096, 4096, 4096, 4096, 4096, 4096, 4096, 4096, 4096, 4096, 4096, 4096, 4096, 4096, 4096, 4096, 4096, 4096]","[3, 3, 3, 3, 3, 3, 3, 3, 3, 3, 3, 3, 3, 3, 3, 3, 3, 3, 3, 3, 3, 3, 3, 3, 3, 3, 3, 3, 3, 3, 3, 3, 3, 3, 3, 3, 3, 3, 3, 3, 3, 3, 3, 3, 3, 3, 3, 3, 3, 3, 3, 3, 3, 3, 3, 3, 3, 3, 3, 3, 3, 3, 3, 3, 3, 3, 3, 3, 3, 3, 3, 3, 3, 3, 3, 3, 3, 3, 3, 3, 3, 3, 3, 3, 3, 3, 3, 3, 3, 3, 3, 3, 3, 3, 3, 3, 3, 3, 3, 3, 3, 3, 3, 3, 3, 3, 3, 3, 3, 3, 3, 3, 3, 3, 3, 3, 3, 3, 3, 3, 3, 3, 3, 3, 3, 3, 3, 3, 3, 3, 3, 3, 3, 3, 3, 3, 3, 3, 3, 3, 3, 3, 3, 3, 3, 3, 3, 3, 3, 3, 3, 3, 3, 3, 3, 3, 3, 3, 3, 3, 3, 3, 3, 3, 3, 3, 3, 3, 3, 3, 3]",swa_verify_d3_m513_kv4096_uniform_compact_tp4,True,npu:5,5,Ascend950PR_957b,3,bfloat16,False,256,0.0,_swa_paged_prefill_aggregation_sink_kernel,"[16384, 256, 256, 1]",4096,uniform,513,3,4096,28,1,6,56,64,1540,baseline,3.11.10,513,"[1536, 256, 1]",171,performance_shape_validation,"[4096, 4096, 4096, 4096, 4096, 4096, 4096, 4096, 4096, 4096, 4096, 4096, 4096, 4096, 4096, 4096, 4096, 4096, 4096, 4096, 4096, 4096, 4096, 4096, 4096, 4096, 4096, 4096, 4096, 4096, 4096, 4096, 4096, 4096, 4096, 4096, 4096, 4096, 4096, 4096, 4096, 4096, 4096, 4096, 4096, 4096, 4096, 4096, 4096, 4096, 4096, 4096, 4096, 4096, 4096, 4096, 4096, 4096, 4096, 4096, 4096, 4096, 4096, 4096, 4096, 4096, 4096, 4096, 4096, 4096, 4096, 4096, 4096, 4096, 4096, 4096, 4096, 4096, 4096, 4096, 4096, 4096, 4096, 4096, 4096, 4096, 4096, 4096, 4096, 4096, 4096, 4096, 4096, 4096, 4096, 4096, 4096, 4096, 4096, 4096, 4096, 4096, 4096, 4096, 4096, 4096, 4096, 4096, 4096, 4096, 4096, 4096, 4096, 4096, 4096, 4096, 4096, 4096, 4096, 4096, 4096, 4096, 4096, 4096, 4096, 4096, 4096, 4096, 4096, 4096, 4096, 4096, 4096, 4096, 4096, 4096, 4096, 4096, 4096, 4096, 4096, 4096, 4096, 4096, 4096, 4096, 4096, 4096, 4096, 4096, 4096, 4096, 4096, 4096, 4096, 4096, 4096, 4096, 4096, 4096, 4096, 4096, 4096, 4096, 4096, 4096, 4096, 4096, 4096, 4096, 4096]","[3, 3, 3, 3, 3, 3, 3, 3, 3, 3, 3, 3, 3, 3, 3, 3, 3, 3, 3, 3, 3, 3, 3, 3, 3, 3, 3, 3, 3, 3, 3, 3, 3, 3, 3, 3, 3, 3, 3, 3, 3, 3, 3, 3, 3, 3, 3, 3, 3, 3, 3, 3, 3, 3, 3, 3, 3, 3, 3, 3, 3, 3, 3, 3, 3, 3, 3, 3, 3, 3, 3, 3, 3, 3, 3, 3, 3, 3, 3, 3, 3, 3, 3, 3, 3, 3, 3, 3, 3, 3, 3, 3, 3, 3, 3, 3, 3, 3, 3, 3, 3, 3, 3, 3, 3, 3, 3, 3, 3, 3, 3, 3, 3, 3, 3, 3, 3, 3, 3, 3, 3, 3, 3, 3, 3, 3, 3, 3, 3, 3, 3, 3, 3, 3, 3, 3, 3, 3, 3, 3, 3, 3, 3, 3, 3, 3, 3, 3, 3, 3, 3, 3, 3, 3, 3, 3, 3, 3, 3, 3, 3, 3, 3, 3, 3, 3, 3, 3, 3, 3, 3]",171,1,20260829,float32,0.09119556747428784,VALIDATED_FOR_MSPROF,511,compact,msprof_op_task_duration_acceptance,verify_d3,2.10.0.post4.dev20260715,2.10.0+cpu,4,3.2.0,4ed83e755ec0ed2b7f4675dc9cd790f3a2f8164f
swa,c47f9bdcfb879eb73723521240a48a9bae99349d094a1fb82563535aabde82ec,4ed83e755ec0ed2b7f4675dc9cd790f3a2f8164f,"[64, 1]",64,native_NHD_then_page_head_token_dim_permute,a7dee0e77eec04063b09e30ffadbc546426deb74203e92e778deafe3ec464207,9.1.0,"[4096, 4096, 4096, 4096, 4096, 4096, 4096, 4096, 4096, 4096, 4096, 4096, 4096, 4096, 4096, 4096, 4096, 4096, 4096, 4096, 4096, 4096, 4096, 4096, 4096, 4096, 4096, 4096, 4096, 4096, 4096, 4096, 4096, 4096, 4096, 4096, 4096, 4096, 4096, 4096, 4096, 4096, 4096, 4096, 4096, 4096, 4096, 4096, 4096, 4096, 4096, 4096, 4096, 4096, 4096, 4096, 4096, 4096, 4096, 4096, 4096, 4096, 4096, 4096, 4096, 4096, 4096, 4096, 4096, 4096, 4096, 4096, 4096, 4096, 4096, 4096, 4096, 4096, 4096, 4096, 4096, 4096, 4096, 4096, 4096, 4096, 4096, 4096, 4096, 4096, 4096, 4096, 4096, 4096, 4096, 4096, 4096, 4096, 4096, 4096, 4096, 4096, 4096, 4096, 4096, 4096, 4096, 4096, 4096, 4096, 4096, 4096, 4096, 4096, 4096, 4096, 4096, 4096, 4096, 4096, 4096, 4096, 4096, 4096, 4096, 4096, 4096, 4096, 4096, 4096, 4096, 4096, 4096, 4096, 4096, 4096, 4096, 4096, 4096, 4096, 4096, 4096, 4096, 4096, 4096, 4096, 4096, 4096, 4096, 4096, 4096, 4096, 4096, 4096, 4096, 4096, 4096, 4096, 4096, 4096, 4096, 4096, 4096, 4096, 4096, 4096, 4096, 4096, 4096, 4096, 4096]","[3, 3, 3, 3, 3, 3, 3, 3, 3, 3, 3, 3, 3, 3, 3, 3, 3, 3, 3, 3, 3, 3, 3, 3, 3, 3, 3, 3, 3, 3, 3, 3, 3, 3, 3, 3, 3, 3, 3, 3, 3, 3, 3, 3, 3, 3, 3, 3, 3, 3, 3, 3, 3, 3, 3, 3, 3, 3, 3, 3, 3, 3, 3, 3, 3, 3, 3, 3, 3, 3, 3, 3, 3, 3, 3, 3, 3, 3, 3, 3, 3, 3, 3, 3, 3, 3, 3, 3, 3, 3, 3, 3, 3, 3, 3, 3, 3, 3, 3, 3, 3, 3, 3, 3, 3, 3, 3, 3, 3, 3, 3, 3, 3, 3, 3, 3, 3, 3, 3, 3, 3, 3, 3, 3, 3, 3, 3, 3, 3, 3, 3, 3, 3, 3, 3, 3, 3, 3, 3, 3, 3, 3, 3, 3, 3, 3, 3, 3, 3, 3, 3, 3, 3, 3, 3, 3, 3, 3, 3, 3, 3, 3, 3, 3, 3, 3, 3, 3, 3, 3, 3]",swa_verify_d3_m513_kv4096_uniform_compact_tp4,True,npu:5,5,Ascend950PR_957b,3,bfloat16,False,256,0.0,_swa_paged_prefill_small_q_grouped_sink_kernel,"[16384, 256, 256, 1]",4096,uniform,513,3,4096,28,1,6,56,64,1540,candidate,3.11.10,513,"[1536, 256, 1]",171,performance_shape_validation,"[4096, 4096, 4096, 4096, 4096, 4096, 4096, 4096, 4096, 4096, 4096, 4096, 4096, 4096, 4096, 4096, 4096, 4096, 4096, 4096, 4096, 4096, 4096, 4096, 4096, 4096, 4096, 4096, 4096, 4096, 4096, 4096, 4096, 4096, 4096, 4096, 4096, 4096, 4096, 4096, 4096, 4096, 4096, 4096, 4096, 4096, 4096, 4096, 4096, 4096, 4096, 4096, 4096, 4096, 4096, 4096, 4096, 4096, 4096, 4096, 4096, 4096, 4096, 4096, 4096, 4096, 4096, 4096, 4096, 4096, 4096, 4096, 4096, 4096, 4096, 4096, 4096, 4096, 4096, 4096, 4096, 4096, 4096, 4096, 4096, 4096, 4096, 4096, 4096, 4096, 4096, 4096, 4096, 4096, 4096, 4096, 4096, 4096, 4096, 4096, 4096, 4096, 4096, 4096, 4096, 4096, 4096, 4096, 4096, 4096, 4096, 4096, 4096, 4096, 4096, 4096, 4096, 4096, 4096, 4096, 4096, 4096, 4096, 4096, 4096, 4096, 4096, 4096, 4096, 4096, 4096, 4096, 4096, 4096, 4096, 4096, 4096, 4096, 4096, 4096, 4096, 4096, 4096, 4096, 4096, 4096, 4096, 4096, 4096, 4096, 4096, 4096, 4096, 4096, 4096, 4096, 4096, 4096, 4096, 4096, 4096, 4096, 4096, 4096, 4096, 4096, 4096, 4096, 4096, 4096, 4096]","[3, 3, 3, 3, 3, 3, 3, 3, 3, 3, 3, 3, 3, 3, 3, 3, 3, 3, 3, 3, 3, 3, 3, 3, 3, 3, 3, 3, 3, 3, 3, 3, 3, 3, 3, 3, 3, 3, 3, 3, 3, 3, 3, 3, 3, 3, 3, 3, 3, 3, 3, 3, 3, 3, 3, 3, 3, 3, 3, 3, 3, 3, 3, 3, 3, 3, 3, 3, 3, 3, 3, 3, 3, 3, 3, 3, 3, 3, 3, 3, 3, 3, 3, 3, 3, 3, 3, 3, 3, 3, 3, 3, 3, 3, 3, 3, 3, 3, 3, 3, 3, 3, 3, 3, 3, 3, 3, 3, 3, 3, 3, 3, 3, 3, 3, 3, 3, 3, 3, 3, 3, 3, 3, 3, 3, 3, 3, 3, 3, 3, 3, 3, 3, 3, 3, 3, 3, 3, 3, 3, 3, 3, 3, 3, 3, 3, 3, 3, 3, 3, 3, 3, 3, 3, 3, 3, 3, 3, 3, 3, 3, 3, 3, 3, 3, 3, 3, 3, 3, 3, 3]",171,1,20260829,float32,0.09119556747428784,VALIDATED_FOR_MSPROF,511,compact,msprof_op_task_duration_acceptance,verify_d3,2.10.0.post4.dev20260715,2.10.0+cpu,4,3.2.0,4ed83e755ec0ed2b7f4675dc9cd790f3a2f8164f
swa,c47f9bdcfb879eb73723521240a48a9bae99349d094a1fb82563535aabde82ec,4ed83e755ec0ed2b7f4675dc9cd790f3a2f8164f,"[64, 1]",64,native_NHD_then_page_head_token_dim_permute,a7dee0e77eec04063b09e30ffadbc546426deb74203e92e778deafe3ec464207,9.1.0,"[4096, 4096, 4096, 4096, 4096, 4096, 4096, 4096, 4096, 4096, 4096, 4096, 4096, 4096, 4096, 4096, 4096, 4096, 4096, 4096, 4096, 4096, 4096, 4096, 4096, 4096, 4096, 4096, 4096, 4096, 4096, 4096, 4096, 4096, 4096, 4096, 4096, 4096, 4096, 4096, 4096, 4096, 4096, 4096, 4096, 4096, 4096, 4096, 4096, 4096, 4096, 4096, 4096, 4096, 4096, 4096, 4096, 4096, 4096, 4096, 4096, 4096, 4096, 4096, 4096, 4096, 4096, 4096, 4096, 4096, 4096, 4096, 4096, 4096, 4096, 4096, 4096, 4096, 4096, 4096, 4096, 4096, 4096, 4096, 4096, 4096, 4096, 4096, 4096, 4096, 4096, 4096, 4096, 4096, 4096, 4096, 4096, 4096, 4096, 4096, 4096, 4096, 4096, 4096, 4096, 4096, 4096, 4096, 4096, 4096, 4096, 4096, 4096, 4096, 4096, 4096, 4096, 4096, 4096, 4096, 4096, 4096, 4096, 4096, 4096, 4096, 4096, 4096, 4096, 4096, 4096, 4096, 4096, 4096, 4096, 4096, 4096, 4096, 4096, 4096, 4096, 4096, 4096, 4096, 4096, 4096, 4096, 4096, 4096, 4096, 4096, 4096, 4096, 4096, 4096, 4096, 4096, 4096, 4096, 4096, 4096, 4096, 4096, 4096, 4096, 4096, 4096, 4096, 4096, 4096, 4096, 4096, 4096, 4096, 4096, 4096, 4096, 4096, 4096, 4096, 4096, 4096, 4096, 4096, 4096, 4096, 4096, 4096, 4096, 4096, 4096, 4096, 4096, 4096, 4096, 4096, 4096, 4096, 4096, 4096, 4096, 4096, 4096, 4096, 4096, 4096, 4096, 4096, 4096, 4096, 4096, 4096, 4096, 4096, 4096, 4096, 4096, 4096, 4096, 4096, 4096, 4096, 4096, 4096, 4096, 4096, 4096, 4096, 4096, 4096, 4096, 4096, 4096, 4096, 4096, 4096, 4096, 4096, 4096, 4096, 4096, 4096, 4096, 4096, 4096, 4096, 4096, 4096, 4096, 4096, 4096, 4096, 4096, 4096, 4096, 4096, 4096, 4096, 4096, 4096, 4096, 4096, 4096, 4096, 4096, 4096, 4096, 4096, 4096, 4096, 4096, 4096, 4096, 4096, 4096, 4096, 4096, 4096, 4096, 4096, 4096, 4096, 4096, 4096, 4096, 4096, 4096, 4096, 4096, 4096, 4096, 4096, 4096, 4096, 4096, 4096, 4096, 4096, 4096, 4096, 4096, 4096, 4096, 4096, 4096, 4096, 4096, 4096, 4096, 4096, 4096, 4096, 4096, 4096, 4096, 4096, 4096, 4096, 4096, 4096, 4096, 4096, 4096, 4096, 4096, 4096, 4096, 4096, 4096, 4096, 4096, 4096, 4096, 4096, 4096, 4096, 4096, 4096, 4096, 4096, 4096]","[3, 3, 3, 3, 3, 3, 3, 3, 3, 3, 3, 3, 3, 3, 3, 3, 3, 3, 3, 3, 3, 3, 3, 3, 3, 3, 3, 3, 3, 3, 3, 3, 3, 3, 3, 3, 3, 3, 3, 3, 3, 3, 3, 3, 3, 3, 3, 3, 3, 3, 3, 3, 3, 3, 3, 3, 3, 3, 3, 3, 3, 3, 3, 3, 3, 3, 3, 3, 3, 3, 3, 3, 3, 3, 3, 3, 3, 3, 3, 3, 3, 3, 3, 3, 3, 3, 3, 3, 3, 3, 3, 3, 3, 3, 3, 3, 3, 3, 3, 3, 3, 3, 3, 3, 3, 3, 3, 3, 3, 3, 3, 3, 3, 3, 3, 3, 3, 3, 3, 3, 3, 3, 3, 3, 3, 3, 3, 3, 3, 3, 3, 3, 3, 3, 3, 3, 3, 3, 3, 3, 3, 3, 3, 3, 3, 3, 3, 3, 3, 3, 3, 3, 3, 3, 3, 3, 3, 3, 3, 3, 3, 3, 3, 3, 3, 3, 3, 3, 3, 3, 3, 3, 3, 3, 3, 3, 3, 3, 3, 3, 3, 3, 3, 3, 3, 3, 3, 3, 3, 3, 3, 3, 3, 3, 3, 3, 3, 3, 3, 3, 3, 3, 3, 3, 3, 3, 3, 3, 3, 3, 3, 3, 3, 3, 3, 3, 3, 3, 3, 3, 3, 3, 3, 3, 3, 3, 3, 3, 3, 3, 3, 3, 3, 3, 3, 3, 3, 3, 3, 3, 3, 3, 3, 3, 3, 3, 3, 3, 3, 3, 3, 3, 3, 3, 3, 3, 3, 3, 3, 3, 3, 3, 3, 3, 3, 3, 3, 3, 3, 3, 3, 3, 3, 3, 3, 3, 3, 3, 3, 3, 3, 3, 3, 3, 3, 3, 3, 3, 3, 3, 3, 3, 3, 3, 3, 3, 3, 3, 3, 3, 3, 3, 3, 3, 3, 3, 3, 3, 3, 3, 3, 3, 3, 3, 3, 3, 3, 3, 3, 3, 3, 3, 3, 3, 3, 3, 3, 3, 3, 3, 3, 3, 3, 3, 3, 3, 3, 3, 3, 3, 3]",swa_verify_d3_m1023_kv4096_uniform_compact_tp4,True,npu:5,5,Ascend950PR_957b,3,bfloat16,False,256,0.0,_swa_paged_prefill_aggregation_sink_kernel,"[16384, 256, 256, 1]",4096,uniform,1023,3,4096,28,1,6,56,64,3070,baseline,3.11.10,1023,"[1536, 256, 1]",341,performance_shape_validation,"[4096, 4096, 4096, 4096, 4096, 4096, 4096, 4096, 4096, 4096, 4096, 4096, 4096, 4096, 4096, 4096, 4096, 4096, 4096, 4096, 4096, 4096, 4096, 4096, 4096, 4096, 4096, 4096, 4096, 4096, 4096, 4096, 4096, 4096, 4096, 4096, 4096, 4096, 4096, 4096, 4096, 4096, 4096, 4096, 4096, 4096, 4096, 4096, 4096, 4096, 4096, 4096, 4096, 4096, 4096, 4096, 4096, 4096, 4096, 4096, 4096, 4096, 4096, 4096, 4096, 4096, 4096, 4096, 4096, 4096, 4096, 4096, 4096, 4096, 4096, 4096, 4096, 4096, 4096, 4096, 4096, 4096, 4096, 4096, 4096, 4096, 4096, 4096, 4096, 4096, 4096, 4096, 4096, 4096, 4096, 4096, 4096, 4096, 4096, 4096, 4096, 4096, 4096, 4096, 4096, 4096, 4096, 4096, 4096, 4096, 4096, 4096, 4096, 4096, 4096, 4096, 4096, 4096, 4096, 4096, 4096, 4096, 4096, 4096, 4096, 4096, 4096, 4096, 4096, 4096, 4096, 4096, 4096, 4096, 4096, 4096, 4096, 4096, 4096, 4096, 4096, 4096, 4096, 4096, 4096, 4096, 4096, 4096, 4096, 4096, 4096, 4096, 4096, 4096, 4096, 4096, 4096, 4096, 4096, 4096, 4096, 4096, 4096, 4096, 4096, 4096, 4096, 4096, 4096, 4096, 4096, 4096, 4096, 4096, 4096, 4096, 4096, 4096, 4096, 4096, 4096, 4096, 4096, 4096, 4096, 4096, 4096, 4096, 4096, 4096, 4096, 4096, 4096, 4096, 4096, 4096, 4096, 4096, 4096, 4096, 4096, 4096, 4096, 4096, 4096, 4096, 4096, 4096, 4096, 4096, 4096, 4096, 4096, 4096, 4096, 4096, 4096, 4096, 4096, 4096, 4096, 4096, 4096, 4096, 4096, 4096, 4096, 4096, 4096, 4096, 4096, 4096, 4096, 4096, 4096, 4096, 4096, 4096, 4096, 4096, 4096, 4096, 4096, 4096, 4096, 4096, 4096, 4096, 4096, 4096, 4096, 4096, 4096, 4096, 4096, 4096, 4096, 4096, 4096, 4096, 4096, 4096, 4096, 4096, 4096, 4096, 4096, 4096, 4096, 4096, 4096, 4096, 4096, 4096, 4096, 4096, 4096, 4096, 4096, 4096, 4096, 4096, 4096, 4096, 4096, 4096, 4096, 4096, 4096, 4096, 4096, 4096, 4096, 4096, 4096, 4096, 4096, 4096, 4096, 4096, 4096, 4096, 4096, 4096, 4096, 4096, 4096, 4096, 4096, 4096, 4096, 4096, 4096, 4096, 4096, 4096, 4096, 4096, 4096, 4096, 4096, 4096, 4096, 4096, 4096, 4096, 4096, 4096, 4096, 4096, 4096, 4096, 4096, 4096, 4096, 4096, 4096, 4096, 4096, 4096, 4096]","[3, 3, 3, 3, 3, 3, 3, 3, 3, 3, 3, 3, 3, 3, 3, 3, 3, 3, 3, 3, 3, 3, 3, 3, 3, 3, 3, 3, 3, 3, 3, 3, 3, 3, 3, 3, 3, 3, 3, 3, 3, 3, 3, 3, 3, 3, 3, 3, 3, 3, 3, 3, 3, 3, 3, 3, 3, 3, 3, 3, 3, 3, 3, 3, 3, 3, 3, 3, 3, 3, 3, 3, 3, 3, 3, 3, 3, 3, 3, 3, 3, 3, 3, 3, 3, 3, 3, 3, 3, 3, 3, 3, 3, 3, 3, 3, 3, 3, 3, 3, 3, 3, 3, 3, 3, 3, 3, 3, 3, 3, 3, 3, 3, 3, 3, 3, 3, 3, 3, 3, 3, 3, 3, 3, 3, 3, 3, 3, 3, 3, 3, 3, 3, 3, 3, 3, 3, 3, 3, 3, 3, 3, 3, 3, 3, 3, 3, 3, 3, 3, 3, 3, 3, 3, 3, 3, 3, 3, 3, 3, 3, 3, 3, 3, 3, 3, 3, 3, 3, 3, 3, 3, 3, 3, 3, 3, 3, 3, 3, 3, 3, 3, 3, 3, 3, 3, 3, 3, 3, 3, 3, 3, 3, 3, 3, 3, 3, 3, 3, 3, 3, 3, 3, 3, 3, 3, 3, 3, 3, 3, 3, 3, 3, 3, 3, 3, 3, 3, 3, 3, 3, 3, 3, 3, 3, 3, 3, 3, 3, 3, 3, 3, 3, 3, 3, 3, 3, 3, 3, 3, 3, 3, 3, 3, 3, 3, 3, 3, 3, 3, 3, 3, 3, 3, 3, 3, 3, 3, 3, 3, 3, 3, 3, 3, 3, 3, 3, 3, 3, 3, 3, 3, 3, 3, 3, 3, 3, 3, 3, 3, 3, 3, 3, 3, 3, 3, 3, 3, 3, 3, 3, 3, 3, 3, 3, 3, 3, 3, 3, 3, 3, 3, 3, 3, 3, 3, 3, 3, 3, 3, 3, 3, 3, 3, 3, 3, 3, 3, 3, 3, 3, 3, 3, 3, 3, 3, 3, 3, 3, 3, 3, 3, 3, 3, 3, 3, 3, 3, 3, 3, 3]",341,1,20260829,float32,0.09119556747428784,VALIDATED_FOR_MSPROF,511,compact,msprof_op_task_duration_acceptance,verify_d3,2.10.0.post4.dev20260715,2.10.0+cpu,4,3.2.0,4ed83e755ec0ed2b7f4675dc9cd790f3a2f8164f
swa,c47f9bdcfb879eb73723521240a48a9bae99349d094a1fb82563535aabde82ec,4ed83e755ec0ed2b7f4675dc9cd790f3a2f8164f,"[64, 1]",64,native_NHD_then_page_head_token_dim_permute,a7dee0e77eec04063b09e30ffadbc546426deb74203e92e778deafe3ec464207,9.1.0,"[4096, 4096, 4096, 4096, 4096, 4096, 4096, 4096, 4096, 4096, 4096, 4096, 4096, 4096, 4096, 4096, 4096, 4096, 4096, 4096, 4096, 4096, 4096, 4096, 4096, 4096, 4096, 4096, 4096, 4096, 4096, 4096, 4096, 4096, 4096, 4096, 4096, 4096, 4096, 4096, 4096, 4096, 4096, 4096, 4096, 4096, 4096, 4096, 4096, 4096, 4096, 4096, 4096, 4096, 4096, 4096, 4096, 4096, 4096, 4096, 4096, 4096, 4096, 4096, 4096, 4096, 4096, 4096, 4096, 4096, 4096, 4096, 4096, 4096, 4096, 4096, 4096, 4096, 4096, 4096, 4096, 4096, 4096, 4096, 4096, 4096, 4096, 4096, 4096, 4096, 4096, 4096, 4096, 4096, 4096, 4096, 4096, 4096, 4096, 4096, 4096, 4096, 4096, 4096, 4096, 4096, 4096, 4096, 4096, 4096, 4096, 4096, 4096, 4096, 4096, 4096, 4096, 4096, 4096, 4096, 4096, 4096, 4096, 4096, 4096, 4096, 4096, 4096, 4096, 4096, 4096, 4096, 4096, 4096, 4096, 4096, 4096, 4096, 4096, 4096, 4096, 4096, 4096, 4096, 4096, 4096, 4096, 4096, 4096, 4096, 4096, 4096, 4096, 4096, 4096, 4096, 4096, 4096, 4096, 4096, 4096, 4096, 4096, 4096, 4096, 4096, 4096, 4096, 4096, 4096, 4096, 4096, 4096, 4096, 4096, 4096, 4096, 4096, 4096, 4096, 4096, 4096, 4096, 4096, 4096, 4096, 4096, 4096, 4096, 4096, 4096, 4096, 4096, 4096, 4096, 4096, 4096, 4096, 4096, 4096, 4096, 4096, 4096, 4096, 4096, 4096, 4096, 4096, 4096, 4096, 4096, 4096, 4096, 4096, 4096, 4096, 4096, 4096, 4096, 4096, 4096, 4096, 4096, 4096, 4096, 4096, 4096, 4096, 4096, 4096, 4096, 4096, 4096, 4096, 4096, 4096, 4096, 4096, 4096, 4096, 4096, 4096, 4096, 4096, 4096, 4096, 4096, 4096, 4096, 4096, 4096, 4096, 4096, 4096, 4096, 4096, 4096, 4096, 4096, 4096, 4096, 4096, 4096, 4096, 4096, 4096, 4096, 4096, 4096, 4096, 4096, 4096, 4096, 4096, 4096, 4096, 4096, 4096, 4096, 4096, 4096, 4096, 4096, 4096, 4096, 4096, 4096, 4096, 4096, 4096, 4096, 4096, 4096, 4096, 4096, 4096, 4096, 4096, 4096, 4096, 4096, 4096, 4096, 4096, 4096, 4096, 4096, 4096, 4096, 4096, 4096, 4096, 4096, 4096, 4096, 4096, 4096, 4096, 4096, 4096, 4096, 4096, 4096, 4096, 4096, 4096, 4096, 4096, 4096, 4096, 4096, 4096, 4096, 4096, 4096, 4096, 4096, 4096, 4096, 4096, 4096]","[3, 3, 3, 3, 3, 3, 3, 3, 3, 3, 3, 3, 3, 3, 3, 3, 3, 3, 3, 3, 3, 3, 3, 3, 3, 3, 3, 3, 3, 3, 3, 3, 3, 3, 3, 3, 3, 3, 3, 3, 3, 3, 3, 3, 3, 3, 3, 3, 3, 3, 3, 3, 3, 3, 3, 3, 3, 3, 3, 3, 3, 3, 3, 3, 3, 3, 3, 3, 3, 3, 3, 3, 3, 3, 3, 3, 3, 3, 3, 3, 3, 3, 3, 3, 3, 3, 3, 3, 3, 3, 3, 3, 3, 3, 3, 3, 3, 3, 3, 3, 3, 3, 3, 3, 3, 3, 3, 3, 3, 3, 3, 3, 3, 3, 3, 3, 3, 3, 3, 3, 3, 3, 3, 3, 3, 3, 3, 3, 3, 3, 3, 3, 3, 3, 3, 3, 3, 3, 3, 3, 3, 3, 3, 3, 3, 3, 3, 3, 3, 3, 3, 3, 3, 3, 3, 3, 3, 3, 3, 3, 3, 3, 3, 3, 3, 3, 3, 3, 3, 3, 3, 3, 3, 3, 3, 3, 3, 3, 3, 3, 3, 3, 3, 3, 3, 3, 3, 3, 3, 3, 3, 3, 3, 3, 3, 3, 3, 3, 3, 3, 3, 3, 3, 3, 3, 3, 3, 3, 3, 3, 3, 3, 3, 3, 3, 3, 3, 3, 3, 3, 3, 3, 3, 3, 3, 3, 3, 3, 3, 3, 3, 3, 3, 3, 3, 3, 3, 3, 3, 3, 3, 3, 3, 3, 3, 3, 3, 3, 3, 3, 3, 3, 3, 3, 3, 3, 3, 3, 3, 3, 3, 3, 3, 3, 3, 3, 3, 3, 3, 3, 3, 3, 3, 3, 3, 3, 3, 3, 3, 3, 3, 3, 3, 3, 3, 3, 3, 3, 3, 3, 3, 3, 3, 3, 3, 3, 3, 3, 3, 3, 3, 3, 3, 3, 3, 3, 3, 3, 3, 3, 3, 3, 3, 3, 3, 3, 3, 3, 3, 3, 3, 3, 3, 3, 3, 3, 3, 3, 3, 3, 3, 3, 3, 3, 3, 3, 3, 3, 3, 3, 3]",swa_verify_d3_m1023_kv4096_uniform_compact_tp4,True,npu:5,5,Ascend950PR_957b,3,bfloat16,False,256,0.0,_swa_paged_prefill_small_q_grouped_sink_kernel,"[16384, 256, 256, 1]",4096,uniform,1023,3,4096,28,1,6,56,64,3070,candidate,3.11.10,1023,"[1536, 256, 1]",341,performance_shape_validation,"[4096, 4096, 4096, 4096, 4096, 4096, 4096, 4096, 4096, 4096, 4096, 4096, 4096, 4096, 4096, 4096, 4096, 4096, 4096, 4096, 4096, 4096, 4096, 4096, 4096, 4096, 4096, 4096, 4096, 4096, 4096, 4096, 4096, 4096, 4096, 4096, 4096, 4096, 4096, 4096, 4096, 4096, 4096, 4096, 4096, 4096, 4096, 4096, 4096, 4096, 4096, 4096, 4096, 4096, 4096, 4096, 4096, 4096, 4096, 4096, 4096, 4096, 4096, 4096, 4096, 4096, 4096, 4096, 4096, 4096, 4096, 4096, 4096, 4096, 4096, 4096, 4096, 4096, 4096, 4096, 4096, 4096, 4096, 4096, 4096, 4096, 4096, 4096, 4096, 4096, 4096, 4096, 4096, 4096, 4096, 4096, 4096, 4096, 4096, 4096, 4096, 4096, 4096, 4096, 4096, 4096, 4096, 4096, 4096, 4096, 4096, 4096, 4096, 4096, 4096, 4096, 4096, 4096, 4096, 4096, 4096, 4096, 4096, 4096, 4096, 4096, 4096, 4096, 4096, 4096, 4096, 4096, 4096, 4096, 4096, 4096, 4096, 4096, 4096, 4096, 4096, 4096, 4096, 4096, 4096, 4096, 4096, 4096, 4096, 4096, 4096, 4096, 4096, 4096, 4096, 4096, 4096, 4096, 4096, 4096, 4096, 4096, 4096, 4096, 4096, 4096, 4096, 4096, 4096, 4096, 4096, 4096, 4096, 4096, 4096, 4096, 4096, 4096, 4096, 4096, 4096, 4096, 4096, 4096, 4096, 4096, 4096, 4096, 4096, 4096, 4096, 4096, 4096, 4096, 4096, 4096, 4096, 4096, 4096, 4096, 4096, 4096, 4096, 4096, 4096, 4096, 4096, 4096, 4096, 4096, 4096, 4096, 4096, 4096, 4096, 4096, 4096, 4096, 4096, 4096, 4096, 4096, 4096, 4096, 4096, 4096, 4096, 4096, 4096, 4096, 4096, 4096, 4096, 4096, 4096, 4096, 4096, 4096, 4096, 4096, 4096, 4096, 4096, 4096, 4096, 4096, 4096, 4096, 4096, 4096, 4096, 4096, 4096, 4096, 4096, 4096, 4096, 4096, 4096, 4096, 4096, 4096, 4096, 4096, 4096, 4096, 4096, 4096, 4096, 4096, 4096, 4096, 4096, 4096, 4096, 4096, 4096, 4096, 4096, 4096, 4096, 4096, 4096, 4096, 4096, 4096, 4096, 4096, 4096, 4096, 4096, 4096, 4096, 4096, 4096, 4096, 4096, 4096, 4096, 4096, 4096, 4096, 4096, 4096, 4096, 4096, 4096, 4096, 4096, 4096, 4096, 4096, 4096, 4096, 4096, 4096, 4096, 4096, 4096, 4096, 4096, 4096, 4096, 4096, 4096, 4096, 4096, 4096, 4096, 4096, 4096, 4096, 4096, 4096, 4096, 4096, 4096, 4096, 4096, 4096, 4096]","[3, 3, 3, 3, 3, 3, 3, 3, 3, 3, 3, 3, 3, 3, 3, 3, 3, 3, 3, 3, 3, 3, 3, 3, 3, 3, 3, 3, 3, 3, 3, 3, 3, 3, 3, 3, 3, 3, 3, 3, 3, 3, 3, 3, 3, 3, 3, 3, 3, 3, 3, 3, 3, 3, 3, 3, 3, 3, 3, 3, 3, 3, 3, 3, 3, 3, 3, 3, 3, 3, 3, 3, 3, 3, 3, 3, 3, 3, 3, 3, 3, 3, 3, 3, 3, 3, 3, 3, 3, 3, 3, 3, 3, 3, 3, 3, 3, 3, 3, 3, 3, 3, 3, 3, 3, 3, 3, 3, 3, 3, 3, 3, 3, 3, 3, 3, 3, 3, 3, 3, 3, 3, 3, 3, 3, 3, 3, 3, 3, 3, 3, 3, 3, 3, 3, 3, 3, 3, 3, 3, 3, 3, 3, 3, 3, 3, 3, 3, 3, 3, 3, 3, 3, 3, 3, 3, 3, 3, 3, 3, 3, 3, 3, 3, 3, 3, 3, 3, 3, 3, 3, 3, 3, 3, 3, 3, 3, 3, 3, 3, 3, 3, 3, 3, 3, 3, 3, 3, 3, 3, 3, 3, 3, 3, 3, 3, 3, 3, 3, 3, 3, 3, 3, 3, 3, 3, 3, 3, 3, 3, 3, 3, 3, 3, 3, 3, 3, 3, 3, 3, 3, 3, 3, 3, 3, 3, 3, 3, 3, 3, 3, 3, 3, 3, 3, 3, 3, 3, 3, 3, 3, 3, 3, 3, 3, 3, 3, 3, 3, 3, 3, 3, 3, 3, 3, 3, 3, 3, 3, 3, 3, 3, 3, 3, 3, 3, 3, 3, 3, 3, 3, 3, 3, 3, 3, 3, 3, 3, 3, 3, 3, 3, 3, 3, 3, 3, 3, 3, 3, 3, 3, 3, 3, 3, 3, 3, 3, 3, 3, 3, 3, 3, 3, 3, 3, 3, 3, 3, 3, 3, 3, 3, 3, 3, 3, 3, 3, 3, 3, 3, 3, 3, 3, 3, 3, 3, 3, 3, 3, 3, 3, 3, 3, 3, 3, 3, 3, 3, 3, 3, 3]",341,1,20260829,float32,0.09119556747428784,VALIDATED_FOR_MSPROF,511,compact,msprof_op_task_duration_acceptance,verify_d3,2.10.0.post4.dev20260715,2.10.0+cpu,4,3.2.0,4ed83e755ec0ed2b7f4675dc9cd790f3a2f8164f
full,c47f9bdcfb879eb73723521240a48a9bae99349d094a1fb82563535aabde82ec,4ed83e755ec0ed2b7f4675dc9cd790f3a2f8164f,"[264, 1]",264,native_NHD_then_page_head_token_dim_permute,a7dee0e77eec04063b09e30ffadbc546426deb74203e92e778deafe3ec464207,9.1.0,[16879],[64],full_dense_m64_kv16896_ragged_compact_tp4,True,npu:5,5,Ascend950PR_957b,,bfloat16,False,256,0.21220603957772255,paged_prefill_page_aggregation_kernel,"[16384, 256, 256, 1]",16896,ragged,64,64,16879,28,1,6,56,64,265,baseline,3.11.10,64,"[1536, 256, 1]",1,performance_shape_validation,[16879],[64],1,1,20260829,float32,0.09119556747428784,VALIDATED_FOR_MSPROF,,compact,msprof_op_task_duration_acceptance,dense,2.10.0.post4.dev20260715,2.10.0+cpu,4,3.2.0,4ed83e755ec0ed2b7f4675dc9cd790f3a2f8164f
full,c47f9bdcfb879eb73723521240a48a9bae99349d094a1fb82563535aabde82ec,4ed83e755ec0ed2b7f4675dc9cd790f3a2f8164f,"[264, 1]",264,native_NHD_then_page_head_token_dim_permute,a7dee0e77eec04063b09e30ffadbc546426deb74203e92e778deafe3ec464207,9.1.0,[16879],[64],full_dense_m64_kv16896_ragged_compact_tp4,True,npu:5,5,Ascend950PR_957b,,bfloat16,False,256,0.16530719585716724,paged_prefill_mid_q_grouped_kernel,"[16384, 256, 256, 1]",16896,ragged,64,64,16879,28,1,6,56,64,265,candidate,3.11.10,64,"[1536, 256, 1]",1,performance_shape_validation,[16879],[64],1,1,20260829,float32,0.09119556747428784,VALIDATED_FOR_MSPROF,,compact,msprof_op_task_duration_acceptance,dense,2.10.0.post4.dev20260715,2.10.0+cpu,4,3.2.0,4ed83e755ec0ed2b7f4675dc9cd790f3a2f8164f
full,c47f9bdcfb879eb73723521240a48a9bae99349d094a1fb82563535aabde82ec,4ed83e755ec0ed2b7f4675dc9cd790f3a2f8164f,"[264, 1]",264,native_NHD_then_page_head_token_dim_permute,a7dee0e77eec04063b09e30ffadbc546426deb74203e92e778deafe3ec464207,9.1.0,[16879],[257],full_dense_m257_kv16896_ragged_compact_tp4,True,npu:5,5,Ascend950PR_957b,,bfloat16,False,256,0.2282650675624609,paged_prefill_page_aggregation_kernel,"[16384, 256, 256, 1]",16896,ragged,257,257,16879,28,1,6,56,64,265,baseline,3.11.10,257,"[1536, 256, 1]",1,performance_shape_validation,[16879],[257],1,1,20260829,float32,0.09119556747428784,VALIDATED_FOR_MSPROF,,compact,msprof_op_task_duration_acceptance,dense,2.10.0.post4.dev20260715,2.10.0+cpu,4,3.2.0,4ed83e755ec0ed2b7f4675dc9cd790f3a2f8164f
full,c47f9bdcfb879eb73723521240a48a9bae99349d094a1fb82563535aabde82ec,4ed83e755ec0ed2b7f4675dc9cd790f3a2f8164f,"[264, 1]",264,native_NHD_then_page_head_token_dim_permute,a7dee0e77eec04063b09e30ffadbc546426deb74203e92e778deafe3ec464207,9.1.0,[16879],[257],full_dense_m257_kv16896_ragged_compact_tp4,True,npu:5,5,Ascend950PR_957b,,bfloat16,False,256,0.15198695473372936,paged_prefill_page_aggregation_kernel,"[16384, 256, 256, 1]",16896,ragged,257,257,16879,28,1,6,56,64,265,candidate,3.11.10,257,"[1536, 256, 1]",1,performance_shape_validation,[16879],[257],1,1,20260829,float32,0.09119556747428784,VALIDATED_FOR_MSPROF,,compact,msprof_op_task_duration_acceptance,dense,2.10.0.post4.dev20260715,2.10.0+cpu,4,3.2.0,4ed83e755ec0ed2b7f4675dc9cd790f3a2f8164f
full,c47f9bdcfb879eb73723521240a48a9bae99349d094a1fb82563535aabde82ec,4ed83e755ec0ed2b7f4675dc9cd790f3a2f8164f,"[416, 1]",416,native_NHD_then_page_head_token_dim_permute,a7dee0e77eec04063b09e30ffadbc546426deb74203e92e778deafe3ec464207,9.1.0,[26607],[64],full_dense_m64_kv26624_ragged_compact_tp4,True,npu:5,5,Ascend950PR_957b,,bfloat16,False,256,0.1923958770930767,paged_prefill_page_aggregation_kernel,"[16384, 256, 256, 1]",26624,ragged,64,64,26607,28,1,6,56,64,417,baseline,3.11.10,64,"[1536, 256, 1]",1,performance_shape_validation,[26607],[64],1,1,20260829,float32,0.09119556747428784,VALIDATED_FOR_MSPROF,,compact,msprof_op_task_duration_acceptance,dense,2.10.0.post4.dev20260715,2.10.0+cpu,4,3.2.0,4ed83e755ec0ed2b7f4675dc9cd790f3a2f8164f
full,c47f9bdcfb879eb73723521240a48a9bae99349d094a1fb82563535aabde82ec,4ed83e755ec0ed2b7f4675dc9cd790f3a2f8164f,"[416, 1]",416,native_NHD_then_page_head_token_dim_permute,a7dee0e77eec04063b09e30ffadbc546426deb74203e92e778deafe3ec464207,9.1.0,[26607],[64],full_dense_m64_kv26624_ragged_compact_tp4,True,npu:5,5,Ascend950PR_957b,,bfloat16,False,256,0.14305696822702885,paged_prefill_mid_q_grouped_kernel,"[16384, 256, 256, 1]",26624,ragged,64,64,26607,28,1,6,56,64,417,candidate,3.11.10,64,"[1536, 256, 1]",1,performance_shape_validation,[26607],[64],1,1,20260829,float32,0.09119556747428784,VALIDATED_FOR_MSPROF,,compact,msprof_op_task_duration_acceptance,dense,2.10.0.post4.dev20260715,2.10.0+cpu,4,3.2.0,4ed83e755ec0ed2b7f4675dc9cd790f3a2f8164f
full,c47f9bdcfb879eb73723521240a48a9bae99349d094a1fb82563535aabde82ec,4ed83e755ec0ed2b7f4675dc9cd790f3a2f8164f,"[416, 1]",416,native_NHD_then_page_head_token_dim_permute,a7dee0e77eec04063b09e30ffadbc546426deb74203e92e778deafe3ec464207,9.1.0,[26607],[257],full_dense_m257_kv26624_ragged_compact_tp4,True,npu:5,5,Ascend950PR_957b,,bfloat16,False,256,0.2096458338201046,paged_prefill_page_aggregation_kernel,"[16384, 256, 256, 1]",26624,ragged,257,257,26607,28,1,6,56,64,417,baseline,3.11.10,257,"[1536, 256, 1]",1,performance_shape_validation,[26607],[257],1,1,20260829,float32,0.09119556747428784,VALIDATED_FOR_MSPROF,,compact,msprof_op_task_duration_acceptance,dense,2.10.0.post4.dev20260715,2.10.0+cpu,4,3.2.0,4ed83e755ec0ed2b7f4675dc9cd790f3a2f8164f
full,c47f9bdcfb879eb73723521240a48a9bae99349d094a1fb82563535aabde82ec,4ed83e755ec0ed2b7f4675dc9cd790f3a2f8164f,"[416, 1]",416,native_NHD_then_page_head_token_dim_permute,a7dee0e77eec04063b09e30ffadbc546426deb74203e92e778deafe3ec464207,9.1.0,[26607],[257],full_dense_m257_kv26624_ragged_compact_tp4,True,npu:5,5,Ascend950PR_957b,,bfloat16,False,256,0.15808618627488613,paged_prefill_page_aggregation_kernel,"[16384, 256, 256, 1]",26624,ragged,257,257,26607,28,1,6,56,64,417,candidate,3.11.10,257,"[1536, 256, 1]",1,performance_shape_validation,[26607],[257],1,1,20260829,float32,0.09119556747428784,VALIDATED_FOR_MSPROF,,compact,msprof_op_task_duration_acceptance,dense,2.10.0.post4.dev20260715,2.10.0+cpu,4,3.2.0,4ed83e755ec0ed2b7f4675dc9cd790f3a2f8164f
swa,c47f9bdcfb879eb73723521240a48a9bae99349d094a1fb82563535aabde82ec,4ed83e755ec0ed2b7f4675dc9cd790f3a2f8164f,"[264, 1]",264,native_NHD_then_page_head_token_dim_permute,a7dee0e77eec04063b09e30ffadbc546426deb74203e92e778deafe3ec464207,9.1.0,[16879],[64],swa_dense_m64_kv16896_ragged_compact_tp4,True,npu:5,5,Ascend950PR_957b,,bfloat16,False,256,0.0,_swa_paged_prefill_aggregation_sink_kernel,"[16384, 256, 256, 1]",16896,ragged,64,64,16879,28,1,6,56,64,11,baseline,3.11.10,64,"[1536, 256, 1]",1,performance_shape_validation,[16879],[64],1,1,20260829,float32,0.09119556747428784,VALIDATED_FOR_MSPROF,511,compact,msprof_op_task_duration_acceptance,dense,2.10.0.post4.dev20260715,2.10.0+cpu,4,3.2.0,4ed83e755ec0ed2b7f4675dc9cd790f3a2f8164f
swa,c47f9bdcfb879eb73723521240a48a9bae99349d094a1fb82563535aabde82ec,4ed83e755ec0ed2b7f4675dc9cd790f3a2f8164f,"[264, 1]",264,native_NHD_then_page_head_token_dim_permute,a7dee0e77eec04063b09e30ffadbc546426deb74203e92e778deafe3ec464207,9.1.0,[16879],[64],swa_dense_m64_kv16896_ragged_compact_tp4,True,npu:5,5,Ascend950PR_957b,,bfloat16,False,256,0.0,_swa_paged_prefill_aggregation_sink_kernel,"[16384, 256, 256, 1]",16896,ragged,64,64,16879,28,1,6,56,64,11,candidate,3.11.10,64,"[1536, 256, 1]",1,performance_shape_validation,[16879],[64],1,1,20260829,float32,0.09119556747428784,VALIDATED_FOR_MSPROF,511,compact,msprof_op_task_duration_acceptance,dense,2.10.0.post4.dev20260715,2.10.0+cpu,4,3.2.0,4ed83e755ec0ed2b7f4675dc9cd790f3a2f8164f
swa,c47f9bdcfb879eb73723521240a48a9bae99349d094a1fb82563535aabde82ec,4ed83e755ec0ed2b7f4675dc9cd790f3a2f8164f,"[264, 1]",264,native_NHD_then_page_head_token_dim_permute,a7dee0e77eec04063b09e30ffadbc546426deb74203e92e778deafe3ec464207,9.1.0,[16879],[257],swa_dense_m257_kv16896_ragged_compact_tp4,True,npu:5,5,Ascend950PR_957b,,bfloat16,False,256,0.0,_swa_paged_prefill_aggregation_sink_kernel,"[16384, 256, 256, 1]",16896,ragged,257,257,16879,28,1,6,56,64,14,baseline,3.11.10,257,"[1536, 256, 1]",1,performance_shape_validation,[16879],[257],1,1,20260829,float32,0.09119556747428784,VALIDATED_FOR_MSPROF,511,compact,msprof_op_task_duration_acceptance,dense,2.10.0.post4.dev20260715,2.10.0+cpu,4,3.2.0,4ed83e755ec0ed2b7f4675dc9cd790f3a2f8164f
swa,c47f9bdcfb879eb73723521240a48a9bae99349d094a1fb82563535aabde82ec,4ed83e755ec0ed2b7f4675dc9cd790f3a2f8164f,"[264, 1]",264,native_NHD_then_page_head_token_dim_permute,a7dee0e77eec04063b09e30ffadbc546426deb74203e92e778deafe3ec464207,9.1.0,[16879],[257],swa_dense_m257_kv16896_ragged_compact_tp4,True,npu:5,5,Ascend950PR_957b,,bfloat16,False,256,0.0,_swa_paged_prefill_aggregation_sink_kernel,"[16384, 256, 256, 1]",16896,ragged,257,257,16879,28,1,6,56,64,14,candidate,3.11.10,257,"[1536, 256, 1]",1,performance_shape_validation,[16879],[257],1,1,20260829,float32,0.09119556747428784,VALIDATED_FOR_MSPROF,511,compact,msprof_op_task_duration_acceptance,dense,2.10.0.post4.dev20260715,2.10.0+cpu,4,3.2.0,4ed83e755ec0ed2b7f4675dc9cd790f3a2f8164f
swa,c47f9bdcfb879eb73723521240a48a9bae99349d094a1fb82563535aabde82ec,4ed83e755ec0ed2b7f4675dc9cd790f3a2f8164f,"[416, 1]",416,native_NHD_then_page_head_token_dim_permute,a7dee0e77eec04063b09e30ffadbc546426deb74203e92e778deafe3ec464207,9.1.0,[26607],[64],swa_dense_m64_kv26624_ragged_compact_tp4,True,npu:5,5,Ascend950PR_957b,,bfloat16,False,256,0.0,_swa_paged_prefill_aggregation_sink_kernel,"[16384, 256, 256, 1]",26624,ragged,64,64,26607,28,1,6,56,64,11,baseline,3.11.10,64,"[1536, 256, 1]",1,performance_shape_validation,[26607],[64],1,1,20260829,float32,0.09119556747428784,VALIDATED_FOR_MSPROF,511,compact,msprof_op_task_duration_acceptance,dense,2.10.0.post4.dev20260715,2.10.0+cpu,4,3.2.0,4ed83e755ec0ed2b7f4675dc9cd790f3a2f8164f
swa,c47f9bdcfb879eb73723521240a48a9bae99349d094a1fb82563535aabde82ec,4ed83e755ec0ed2b7f4675dc9cd790f3a2f8164f,"[416, 1]",416,native_NHD_then_page_head_token_dim_permute,a7dee0e77eec04063b09e30ffadbc546426deb74203e92e778deafe3ec464207,9.1.0,[26607],[64],swa_dense_m64_kv26624_ragged_compact_tp4,True,npu:5,5,Ascend950PR_957b,,bfloat16,False,256,0.0,_swa_paged_prefill_aggregation_sink_kernel,"[16384, 256, 256, 1]",26624,ragged,64,64,26607,28,1,6,56,64,11,candidate,3.11.10,64,"[1536, 256, 1]",1,performance_shape_validation,[26607],[64],1,1,20260829,float32,0.09119556747428784,VALIDATED_FOR_MSPROF,511,compact,msprof_op_task_duration_acceptance,dense,2.10.0.post4.dev20260715,2.10.0+cpu,4,3.2.0,4ed83e755ec0ed2b7f4675dc9cd790f3a2f8164f
swa,c47f9bdcfb879eb73723521240a48a9bae99349d094a1fb82563535aabde82ec,4ed83e755ec0ed2b7f4675dc9cd790f3a2f8164f,"[416, 1]",416,native_NHD_then_page_head_token_dim_permute,a7dee0e77eec04063b09e30ffadbc546426deb74203e92e778deafe3ec464207,9.1.0,[26607],[257],swa_dense_m257_kv26624_ragged_compact_tp4,True,npu:5,5,Ascend950PR_957b,,bfloat16,False,256,0.0,_swa_paged_prefill_aggregation_sink_kernel,"[16384, 256, 256, 1]",26624,ragged,257,257,26607,28,1,6,56,64,14,baseline,3.11.10,257,"[1536, 256, 1]",1,performance_shape_validation,[26607],[257],1,1,20260829,float32,0.09119556747428784,VALIDATED_FOR_MSPROF,511,compact,msprof_op_task_duration_acceptance,dense,2.10.0.post4.dev20260715,2.10.0+cpu,4,3.2.0,4ed83e755ec0ed2b7f4675dc9cd790f3a2f8164f
swa,c47f9bdcfb879eb73723521240a48a9bae99349d094a1fb82563535aabde82ec,4ed83e755ec0ed2b7f4675dc9cd790f3a2f8164f,"[416, 1]",416,native_NHD_then_page_head_token_dim_permute,a7dee0e77eec04063b09e30ffadbc546426deb74203e92e778deafe3ec464207,9.1.0,[26607],[257],swa_dense_m257_kv26624_ragged_compact_tp4,True,npu:5,5,Ascend950PR_957b,,bfloat16,False,256,0.0,_swa_paged_prefill_aggregation_sink_kernel,"[16384, 256, 256, 1]",26624,ragged,257,257,26607,28,1,6,56,64,14,candidate,3.11.10,257,"[1536, 256, 1]",1,performance_shape_validation,[26607],[257],1,1,20260829,float32,0.09119556747428784,VALIDATED_FOR_MSPROF,511,compact,msprof_op_task_duration_acceptance,dense,2.10.0.post4.dev20260715,2.10.0+cpu,4,3.2.0,4ed83e755ec0ed2b7f4675dc9cd790f3a2f8164f
full,c47f9bdcfb879eb73723521240a48a9bae99349d094a1fb82563535aabde82ec,4ed83e755ec0ed2b7f4675dc9cd790f3a2f8164f,"[176, 1]",176,native_NHD_then_page_head_token_dim_permute,a7dee0e77eec04063b09e30ffadbc546426deb74203e92e778deafe3ec464207,9.1.0,[11247],[128],full_dense_m128_kv11264_ragged_compact_tp4,True,npu:5,5,Ascend950PR_957b,,bfloat16,False,256,0.19351602531969547,paged_prefill_page_aggregation_kernel,"[16384, 256, 256, 1]",11264,ragged,128,128,11247,28,1,6,56,64,177,baseline,3.11.10,128,"[1536, 256, 1]",1,performance_shape_validation,[11247],[128],1,1,20260829,float32,0.09119556747428784,VALIDATED_FOR_MSPROF,,compact,msprof_op_task_duration_acceptance,dense,2.10.0.post4.dev20260715,2.10.0+cpu,4,3.2.0,4ed83e755ec0ed2b7f4675dc9cd790f3a2f8164f
full,c47f9bdcfb879eb73723521240a48a9bae99349d094a1fb82563535aabde82ec,4ed83e755ec0ed2b7f4675dc9cd790f3a2f8164f,"[176, 1]",176,native_NHD_then_page_head_token_dim_permute,a7dee0e77eec04063b09e30ffadbc546426deb74203e92e778deafe3ec464207,9.1.0,[11247],[128],full_dense_m128_kv11264_ragged_compact_tp4,True,npu:5,5,Ascend950PR_957b,,bfloat16,False,256,0.14154682867228985,paged_prefill_mid_q_grouped_kernel,"[16384, 256, 256, 1]",11264,ragged,128,128,11247,28,1,6,56,64,177,candidate,3.11.10,128,"[1536, 256, 1]",1,performance_shape_validation,[11247],[128],1,1,20260829,float32,0.09119556747428784,VALIDATED_FOR_MSPROF,,compact,msprof_op_task_duration_acceptance,dense,2.10.0.post4.dev20260715,2.10.0+cpu,4,3.2.0,4ed83e755ec0ed2b7f4675dc9cd790f3a2f8164f
full,c47f9bdcfb879eb73723521240a48a9bae99349d094a1fb82563535aabde82ec,4ed83e755ec0ed2b7f4675dc9cd790f3a2f8164f,"[264, 1]",264,native_NHD_then_page_head_token_dim_permute,a7dee0e77eec04063b09e30ffadbc546426deb74203e92e778deafe3ec464207,9.1.0,[16879],[128],full_dense_m128_kv16896_ragged_compact_tp4,True,npu:5,5,Ascend950PR_957b,,bfloat16,False,256,0.20348583348095417,paged_prefill_page_aggregation_kernel,"[16384, 256, 256, 1]",16896,ragged,128,128,16879,28,1,6,56,64,265,baseline,3.11.10,128,"[1536, 256, 1]",1,performance_shape_validation,[16879],[128],1,1,20260829,float32,0.09119556747428784,VALIDATED_FOR_MSPROF,,compact,msprof_op_task_duration_acceptance,dense,2.10.0.post4.dev20260715,2.10.0+cpu,4,3.2.0,4ed83e755ec0ed2b7f4675dc9cd790f3a2f8164f
full,c47f9bdcfb879eb73723521240a48a9bae99349d094a1fb82563535aabde82ec,4ed83e755ec0ed2b7f4675dc9cd790f3a2f8164f,"[264, 1]",264,native_NHD_then_page_head_token_dim_permute,a7dee0e77eec04063b09e30ffadbc546426deb74203e92e778deafe3ec464207,9.1.0,[16879],[128],full_dense_m128_kv16896_ragged_compact_tp4,True,npu:5,5,Ascend950PR_957b,,bfloat16,False,256,0.14646700583398342,paged_prefill_mid_q_grouped_kernel,"[16384, 256, 256, 1]",16896,ragged,128,128,16879,28,1,6,56,64,265,candidate,3.11.10,128,"[1536, 256, 1]",1,performance_shape_validation,[16879],[128],1,1,20260829,float32,0.09119556747428784,VALIDATED_FOR_MSPROF,,compact,msprof_op_task_duration_acceptance,dense,2.10.0.post4.dev20260715,2.10.0+cpu,4,3.2.0,4ed83e755ec0ed2b7f4675dc9cd790f3a2f8164f
full,c47f9bdcfb879eb73723521240a48a9bae99349d094a1fb82563535aabde82ec,4ed83e755ec0ed2b7f4675dc9cd790f3a2f8164f,"[416, 1]",416,native_NHD_then_page_head_token_dim_permute,a7dee0e77eec04063b09e30ffadbc546426deb74203e92e778deafe3ec464207,9.1.0,[26607],[128],full_dense_m128_kv26624_ragged_compact_tp4,True,npu:5,5,Ascend950PR_957b,,bfloat16,False,256,0.1897360198199749,paged_prefill_page_aggregation_kernel,"[16384, 256, 256, 1]",26624,ragged,128,128,26607,28,1,6,56,64,417,baseline,3.11.10,128,"[1536, 256, 1]",1,performance_shape_validation,[26607],[128],1,1,20260829,float32,0.09119556747428784,VALIDATED_FOR_MSPROF,,compact,msprof_op_task_duration_acceptance,dense,2.10.0.post4.dev20260715,2.10.0+cpu,4,3.2.0,4ed83e755ec0ed2b7f4675dc9cd790f3a2f8164f
full,c47f9bdcfb879eb73723521240a48a9bae99349d094a1fb82563535aabde82ec,4ed83e755ec0ed2b7f4675dc9cd790f3a2f8164f,"[416, 1]",416,native_NHD_then_page_head_token_dim_permute,a7dee0e77eec04063b09e30ffadbc546426deb74203e92e778deafe3ec464207,9.1.0,[26607],[128],full_dense_m128_kv26624_ragged_compact_tp4,True,npu:5,5,Ascend950PR_957b,,bfloat16,False,256,0.15181698836386204,paged_prefill_mid_q_grouped_kernel,"[16384, 256, 256, 1]",26624,ragged,128,128,26607,28,1,6,56,64,417,candidate,3.11.10,128,"[1536, 256, 1]",1,performance_shape_validation,[26607],[128],1,1,20260829,float32,0.09119556747428784,VALIDATED_FOR_MSPROF,,compact,msprof_op_task_duration_acceptance,dense,2.10.0.post4.dev20260715,2.10.0+cpu,4,3.2.0,4ed83e755ec0ed2b7f4675dc9cd790f3a2f8164f
full,c47f9bdcfb879eb73723521240a48a9bae99349d094a1fb82563535aabde82ec,4ed83e755ec0ed2b7f4675dc9cd790f3a2f8164f,"[176, 1]",176,native_NHD_then_page_head_token_dim_permute,a7dee0e77eec04063b09e30ffadbc546426deb74203e92e778deafe3ec464207,9.1.0,[11247],[256],full_dense_m256_kv11264_ragged_compact_tp4,True,npu:5,5,Ascend950PR_957b,,bfloat16,False,256,0.2067850437015295,paged_prefill_page_aggregation_kernel,"[16384, 256, 256, 1]",11264,ragged,256,256,11247,28,1,6,56,64,177,baseline,3.11.10,256,"[1536, 256, 1]",1,performance_shape_validation,[11247],[256],1,1,20260829,float32,0.09119556747428784,VALIDATED_FOR_MSPROF,,compact,msprof_op_task_duration_acceptance,dense,2.10.0.post4.dev20260715,2.10.0+cpu,4,3.2.0,4ed83e755ec0ed2b7f4675dc9cd790f3a2f8164f
full,c47f9bdcfb879eb73723521240a48a9bae99349d094a1fb82563535aabde82ec,4ed83e755ec0ed2b7f4675dc9cd790f3a2f8164f,"[176, 1]",176,native_NHD_then_page_head_token_dim_permute,a7dee0e77eec04063b09e30ffadbc546426deb74203e92e778deafe3ec464207,9.1.0,[11247],[256],full_dense_m256_kv11264_ragged_compact_tp4,True,npu:5,5,Ascend950PR_957b,,bfloat16,False,256,0.14112703502178192,paged_prefill_mid_q_grouped_kernel,"[16384, 256, 256, 1]",11264,ragged,256,256,11247,28,1,6,56,64,177,candidate,3.11.10,256,"[1536, 256, 1]",1,performance_shape_validation,[11247],[256],1,1,20260829,float32,0.09119556747428784,VALIDATED_FOR_MSPROF,,compact,msprof_op_task_duration_acceptance,dense,2.10.0.post4.dev20260715,2.10.0+cpu,4,3.2.0,4ed83e755ec0ed2b7f4675dc9cd790f3a2f8164f
full,c47f9bdcfb879eb73723521240a48a9bae99349d094a1fb82563535aabde82ec,4ed83e755ec0ed2b7f4675dc9cd790f3a2f8164f,"[264, 1]",264,native_NHD_then_page_head_token_dim_permute,a7dee0e77eec04063b09e30ffadbc546426deb74203e92e778deafe3ec464207,9.1.0,[16879],[256],full_dense_m256_kv16896_ragged_compact_tp4,True,npu:5,5,Ascend950PR_957b,,bfloat16,False,256,0.20910496823489666,paged_prefill_page_aggregation_kernel,"[16384, 256, 256, 1]",16896,ragged,256,256,16879,28,1,6,56,64,265,baseline,3.11.10,256,"[1536, 256, 1]",1,performance_shape_validation,[16879],[256],1,1,20260829,float32,0.09119556747428784,VALIDATED_FOR_MSPROF,,compact,msprof_op_task_duration_acceptance,dense,2.10.0.post4.dev20260715,2.10.0+cpu,4,3.2.0,4ed83e755ec0ed2b7f4675dc9cd790f3a2f8164f
full,c47f9bdcfb879eb73723521240a48a9bae99349d094a1fb82563535aabde82ec,4ed83e755ec0ed2b7f4675dc9cd790f3a2f8164f,"[264, 1]",264,native_NHD_then_page_head_token_dim_permute,a7dee0e77eec04063b09e30ffadbc546426deb74203e92e778deafe3ec464207,9.1.0,[16879],[256],full_dense_m256_kv16896_ragged_compact_tp4,True,npu:5,5,Ascend950PR_957b,,bfloat16,False,256,0.14374684542417526,paged_prefill_mid_q_grouped_kernel,"[16384, 256, 256, 1]",16896,ragged,256,256,16879,28,1,6,56,64,265,candidate,3.11.10,256,"[1536, 256, 1]",1,performance_shape_validation,[16879],[256],1,1,20260829,float32,0.09119556747428784,VALIDATED_FOR_MSPROF,,compact,msprof_op_task_duration_acceptance,dense,2.10.0.post4.dev20260715,2.10.0+cpu,4,3.2.0,4ed83e755ec0ed2b7f4675dc9cd790f3a2f8164f
full,c47f9bdcfb879eb73723521240a48a9bae99349d094a1fb82563535aabde82ec,4ed83e755ec0ed2b7f4675dc9cd790f3a2f8164f,"[416, 1]",416,native_NHD_then_page_head_token_dim_permute,a7dee0e77eec04063b09e30ffadbc546426deb74203e92e778deafe3ec464207,9.1.0,[26607],[256],full_dense_m256_kv26624_ragged_compact_tp4,True,npu:5,5,Ascend950PR_957b,,bfloat16,False,256,0.21221511997282505,paged_prefill_page_aggregation_kernel,"[16384, 256, 256, 1]",26624,ragged,256,256,26607,28,1,6,56,64,417,baseline,3.11.10,256,"[1536, 256, 1]",1,performance_shape_validation,[26607],[256],1,1,20260829,float32,0.09119556747428784,VALIDATED_FOR_MSPROF,,compact,msprof_op_task_duration_acceptance,dense,2.10.0.post4.dev20260715,2.10.0+cpu,4,3.2.0,4ed83e755ec0ed2b7f4675dc9cd790f3a2f8164f
full,c47f9bdcfb879eb73723521240a48a9bae99349d094a1fb82563535aabde82ec,4ed83e755ec0ed2b7f4675dc9cd790f3a2f8164f,"[416, 1]",416,native_NHD_then_page_head_token_dim_permute,a7dee0e77eec04063b09e30ffadbc546426deb74203e92e778deafe3ec464207,9.1.0,[26607],[256],full_dense_m256_kv26624_ragged_compact_tp4,True,npu:5,5,Ascend950PR_957b,,bfloat16,False,256,0.14498690143227577,paged_prefill_mid_q_grouped_kernel,"[16384, 256, 256, 1]",26624,ragged,256,256,26607,28,1,6,56,64,417,candidate,3.11.10,256,"[1536, 256, 1]",1,performance_shape_validation,[26607],[256],1,1,20260829,float32,0.09119556747428784,VALIDATED_FOR_MSPROF,,compact,msprof_op_task_duration_acceptance,dense,2.10.0.post4.dev20260715,2.10.0+cpu,4,3.2.0,4ed83e755ec0ed2b7f4675dc9cd790f3a2f8164f
full,c47f9bdcfb879eb73723521240a48a9bae99349d094a1fb82563535aabde82ec,4ed83e755ec0ed2b7f4675dc9cd790f3a2f8164f,"[176, 1]",176,native_NHD_then_page_head_token_dim_permute,a7dee0e77eec04063b09e30ffadbc546426deb74203e92e778deafe3ec464207,9.1.0,"[11247, 11210, 11173, 11136, 11099, 11062, 11025, 11245, 11208, 11171, 11134, 11097, 11060, 11023, 11243, 11206]","[4, 4, 4, 4, 4, 4, 4, 4, 4, 4, 4, 4, 4, 4, 4, 4]",full_ragged_prefill_b16_m64_kv11264_ragged_compact_tp4,True,npu:5,5,Ascend950PR_957b,,bfloat16,False,256,0.3061140887439251,paged_prefill_page_aggregation_kernel,"[16384, 256, 256, 1]",11264,ragged,64,4,11023,28,1,6,56,64,2795,baseline,3.11.10,64,"[1536, 256, 1]",16,performance_shape_validation,"[11247, 11210, 11173, 11136, 11099, 11062, 11025, 11245, 11208, 11171, 11134, 11097, 11060, 11023, 11243, 11206]","[4, 4, 4, 4, 4, 4, 4, 4, 4, 4, 4, 4, 4, 4, 4, 4]",16,1,20260829,float32,0.09119556747428784,VALIDATED_FOR_MSPROF,,compact,msprof_op_task_duration_acceptance,ragged_prefill,2.10.0.post4.dev20260715,2.10.0+cpu,4,3.2.0,4ed83e755ec0ed2b7f4675dc9cd790f3a2f8164f
full,c47f9bdcfb879eb73723521240a48a9bae99349d094a1fb82563535aabde82ec,4ed83e755ec0ed2b7f4675dc9cd790f3a2f8164f,"[176, 1]",176,native_NHD_then_page_head_token_dim_permute,a7dee0e77eec04063b09e30ffadbc546426deb74203e92e778deafe3ec464207,9.1.0,"[11247, 11210, 11173, 11136, 11099, 11062, 11025, 11245, 11208, 11171, 11134, 11097, 11060, 11023, 11243, 11206]","[4, 4, 4, 4, 4, 4, 4, 4, 4, 4, 4, 4, 4, 4, 4, 4]",full_ragged_prefill_b16_m64_kv11264_ragged_compact_tp4,True,npu:5,5,Ascend950PR_957b,,bfloat16,False,256,0.22216490469872952,paged_prefill_small_q_grouped_kernel,"[16384, 256, 256, 1]",11264,ragged,64,4,11023,28,1,6,56,64,2795,candidate,3.11.10,64,"[1536, 256, 1]",16,performance_shape_validation,"[11247, 11210, 11173, 11136, 11099, 11062, 11025, 11245, 11208, 11171, 11134, 11097, 11060, 11023, 11243, 11206]","[4, 4, 4, 4, 4, 4, 4, 4, 4, 4, 4, 4, 4, 4, 4, 4]",16,1,20260829,float32,0.09119556747428784,VALIDATED_FOR_MSPROF,,compact,msprof_op_task_duration_acceptance,ragged_prefill,2.10.0.post4.dev20260715,2.10.0+cpu,4,3.2.0,4ed83e755ec0ed2b7f4675dc9cd790f3a2f8164f
full,c47f9bdcfb879eb73723521240a48a9bae99349d094a1fb82563535aabde82ec,4ed83e755ec0ed2b7f4675dc9cd790f3a2f8164f,"[176, 1]",176,native_NHD_then_page_head_token_dim_permute,a7dee0e77eec04063b09e30ffadbc546426deb74203e92e778deafe3ec464207,9.1.0,"[11247, 11210, 11173, 11136, 11099, 11062, 11025, 11245, 11208, 11171, 11134, 11097, 11060, 11023, 11243, 11206]","[16, 17, 16, 16, 16, 16, 16, 16, 16, 16, 16, 16, 16, 16, 16, 16]",full_ragged_prefill_b16_m257_kv11264_ragged_compact_tp4,True,npu:5,5,Ascend950PR_957b,,bfloat16,False,256,0.31997403129935265,paged_prefill_page_aggregation_kernel,"[16384, 256, 256, 1]",11264,ragged,257,17,11023,28,1,6,56,64,2795,baseline,3.11.10,257,"[1536, 256, 1]",16,performance_shape_validation,"[11247, 11210, 11173, 11136, 11099, 11062, 11025, 11245, 11208, 11171, 11134, 11097, 11060, 11023, 11243, 11206]","[16, 17, 16, 16, 16, 16, 16, 16, 16, 16, 16, 16, 16, 16, 16, 16]",16,1,20260829,float32,0.09119556747428784,VALIDATED_FOR_MSPROF,,compact,msprof_op_task_duration_acceptance,ragged_prefill,2.10.0.post4.dev20260715,2.10.0+cpu,4,3.2.0,4ed83e755ec0ed2b7f4675dc9cd790f3a2f8164f
full,c47f9bdcfb879eb73723521240a48a9bae99349d094a1fb82563535aabde82ec,4ed83e755ec0ed2b7f4675dc9cd790f3a2f8164f,"[176, 1]",176,native_NHD_then_page_head_token_dim_permute,a7dee0e77eec04063b09e30ffadbc546426deb74203e92e778deafe3ec464207,9.1.0,"[11247, 11210, 11173, 11136, 11099, 11062, 11025, 11245, 11208, 11171, 11134, 11097, 11060, 11023, 11243, 11206]","[16, 17, 16, 16, 16, 16, 16, 16, 16, 16, 16, 16, 16, 16, 16, 16]",full_ragged_prefill_b16_m257_kv11264_ragged_compact_tp4,True,npu:5,5,Ascend950PR_957b,,bfloat16,False,256,0.2512449864298105,paged_prefill_mid_q_grouped_kernel,"[16384, 256, 256, 1]",11264,ragged,257,17,11023,28,1,6,56,64,2795,candidate,3.11.10,257,"[1536, 256, 1]",16,performance_shape_validation,"[11247, 11210, 11173, 11136, 11099, 11062, 11025, 11245, 11208, 11171, 11134, 11097, 11060, 11023, 11243, 11206]","[16, 17, 16, 16, 16, 16, 16, 16, 16, 16, 16, 16, 16, 16, 16, 16]",16,1,20260829,float32,0.09119556747428784,VALIDATED_FOR_MSPROF,,compact,msprof_op_task_duration_acceptance,ragged_prefill,2.10.0.post4.dev20260715,2.10.0+cpu,4,3.2.0,4ed83e755ec0ed2b7f4675dc9cd790f3a2f8164f
full,c47f9bdcfb879eb73723521240a48a9bae99349d094a1fb82563535aabde82ec,4ed83e755ec0ed2b7f4675dc9cd790f3a2f8164f,"[264, 1]",264,native_NHD_then_page_head_token_dim_permute,a7dee0e77eec04063b09e30ffadbc546426deb74203e92e778deafe3ec464207,9.1.0,"[16879, 16842, 16805, 16768, 16731, 16694, 16657, 16877, 16840, 16803, 16766, 16729, 16692, 16655, 16875, 16838]","[4, 4, 4, 4, 4, 4, 4, 4, 4, 4, 4, 4, 4, 4, 4, 4]",full_ragged_prefill_b16_m64_kv16896_ragged_compact_tp4,True,npu:5,5,Ascend950PR_957b,,bfloat16,False,256,0.33026281744241714,paged_prefill_page_aggregation_kernel,"[16384, 256, 256, 1]",16896,ragged,64,4,16655,28,1,6,56,64,4203,baseline,3.11.10,64,"[1536, 256, 1]",16,performance_shape_validation,"[16879, 16842, 16805, 16768, 16731, 16694, 16657, 16877, 16840, 16803, 16766, 16729, 16692, 16655, 16875, 16838]","[4, 4, 4, 4, 4, 4, 4, 4, 4, 4, 4, 4, 4, 4, 4, 4]",16,1,20260829,float32,0.09119556747428784,VALIDATED_FOR_MSPROF,,compact,msprof_op_task_duration_acceptance,ragged_prefill,2.10.0.post4.dev20260715,2.10.0+cpu,4,3.2.0,4ed83e755ec0ed2b7f4675dc9cd790f3a2f8164f
full,c47f9bdcfb879eb73723521240a48a9bae99349d094a1fb82563535aabde82ec,4ed83e755ec0ed2b7f4675dc9cd790f3a2f8164f,"[264, 1]",264,native_NHD_then_page_head_token_dim_permute,a7dee0e77eec04063b09e30ffadbc546426deb74203e92e778deafe3ec464207,9.1.0,"[16879, 16842, 16805, 16768, 16731, 16694, 16657, 16877, 16840, 16803, 16766, 16729, 16692, 16655, 16875, 16838]","[4, 4, 4, 4, 4, 4, 4, 4, 4, 4, 4, 4, 4, 4, 4, 4]",full_ragged_prefill_b16_m64_kv16896_ragged_compact_tp4,True,npu:5,5,Ascend950PR_957b,,bfloat16,False,256,0.26895408518612385,paged_prefill_small_q_grouped_kernel,"[16384, 256, 256, 1]",16896,ragged,64,4,16655,28,1,6,56,64,4203,candidate,3.11.10,64,"[1536, 256, 1]",16,performance_shape_validation,"[16879, 16842, 16805, 16768, 16731, 16694, 16657, 16877, 16840, 16803, 16766, 16729, 16692, 16655, 16875, 16838]","[4, 4, 4, 4, 4, 4, 4, 4, 4, 4, 4, 4, 4, 4, 4, 4]",16,1,20260829,float32,0.09119556747428784,VALIDATED_FOR_MSPROF,,compact,msprof_op_task_duration_acceptance,ragged_prefill,2.10.0.post4.dev20260715,2.10.0+cpu,4,3.2.0,4ed83e755ec0ed2b7f4675dc9cd790f3a2f8164f
full,c47f9bdcfb879eb73723521240a48a9bae99349d094a1fb82563535aabde82ec,4ed83e755ec0ed2b7f4675dc9cd790f3a2f8164f,"[264, 1]",264,native_NHD_then_page_head_token_dim_permute,a7dee0e77eec04063b09e30ffadbc546426deb74203e92e778deafe3ec464207,9.1.0,"[16879, 16842, 16805, 16768, 16731, 16694, 16657, 16877, 16840, 16803, 16766, 16729, 16692, 16655, 16875, 16838]","[16, 17, 16, 16, 16, 16, 16, 16, 16, 16, 16, 16, 16, 16, 16, 16]",full_ragged_prefill_b16_m257_kv16896_ragged_compact_tp4,True,npu:5,5,Ascend950PR_957b,,bfloat16,False,256,0.33449288457632065,paged_prefill_page_aggregation_kernel,"[16384, 256, 256, 1]",16896,ragged,257,17,16655,28,1,6,56,64,4203,baseline,3.11.10,257,"[1536, 256, 1]",16,performance_shape_validation,"[16879, 16842, 16805, 16768, 16731, 16694, 16657, 16877, 16840, 16803, 16766, 16729, 16692, 16655, 16875, 16838]","[16, 17, 16, 16, 16, 16, 16, 16, 16, 16, 16, 16, 16, 16, 16, 16]",16,1,20260829,float32,0.09119556747428784,VALIDATED_FOR_MSPROF,,compact,msprof_op_task_duration_acceptance,ragged_prefill,2.10.0.post4.dev20260715,2.10.0+cpu,4,3.2.0,4ed83e755ec0ed2b7f4675dc9cd790f3a2f8164f
full,c47f9bdcfb879eb73723521240a48a9bae99349d094a1fb82563535aabde82ec,4ed83e755ec0ed2b7f4675dc9cd790f3a2f8164f,"[264, 1]",264,native_NHD_then_page_head_token_dim_permute,a7dee0e77eec04063b09e30ffadbc546426deb74203e92e778deafe3ec464207,9.1.0,"[16879, 16842, 16805, 16768, 16731, 16694, 16657, 16877, 16840, 16803, 16766, 16729, 16692, 16655, 16875, 16838]","[16, 17, 16, 16, 16, 16, 16, 16, 16, 16, 16, 16, 16, 16, 16, 16]",full_ragged_prefill_b16_m257_kv16896_ragged_compact_tp4,True,npu:5,5,Ascend950PR_957b,,bfloat16,False,256,0.2681049518287182,paged_prefill_mid_q_grouped_kernel,"[16384, 256, 256, 1]",16896,ragged,257,17,16655,28,1,6,56,64,4203,candidate,3.11.10,257,"[1536, 256, 1]",16,performance_shape_validation,"[16879, 16842, 16805, 16768, 16731, 16694, 16657, 16877, 16840, 16803, 16766, 16729, 16692, 16655, 16875, 16838]","[16, 17, 16, 16, 16, 16, 16, 16, 16, 16, 16, 16, 16, 16, 16, 16]",16,1,20260829,float32,0.09119556747428784,VALIDATED_FOR_MSPROF,,compact,msprof_op_task_duration_acceptance,ragged_prefill,2.10.0.post4.dev20260715,2.10.0+cpu,4,3.2.0,4ed83e755ec0ed2b7f4675dc9cd790f3a2f8164f
full,c47f9bdcfb879eb73723521240a48a9bae99349d094a1fb82563535aabde82ec,4ed83e755ec0ed2b7f4675dc9cd790f3a2f8164f,"[416, 1]",416,native_NHD_then_page_head_token_dim_permute,a7dee0e77eec04063b09e30ffadbc546426deb74203e92e778deafe3ec464207,9.1.0,"[26607, 26570, 26533, 26496, 26459, 26422, 26385, 26605, 26568, 26531, 26494, 26457, 26420, 26383, 26603, 26566]","[4, 4, 4, 4, 4, 4, 4, 4, 4, 4, 4, 4, 4, 4, 4, 4]",full_ragged_prefill_b16_m64_kv26624_ragged_compact_tp4,True,npu:5,5,Ascend950PR_957b,,bfloat16,False,256,0.3395429812371731,paged_prefill_page_aggregation_kernel,"[16384, 256, 256, 1]",26624,ragged,64,4,26383,28,1,6,56,64,6635,baseline,3.11.10,64,"[1536, 256, 1]",16,performance_shape_validation,"[26607, 26570, 26533, 26496, 26459, 26422, 26385, 26605, 26568, 26531, 26494, 26457, 26420, 26383, 26603, 26566]","[4, 4, 4, 4, 4, 4, 4, 4, 4, 4, 4, 4, 4, 4, 4, 4]",16,1,20260829,float32,0.09119556747428784,VALIDATED_FOR_MSPROF,,compact,msprof_op_task_duration_acceptance,ragged_prefill,2.10.0.post4.dev20260715,2.10.0+cpu,4,3.2.0,4ed83e755ec0ed2b7f4675dc9cd790f3a2f8164f
full,c47f9bdcfb879eb73723521240a48a9bae99349d094a1fb82563535aabde82ec,4ed83e755ec0ed2b7f4675dc9cd790f3a2f8164f,"[416, 1]",416,native_NHD_then_page_head_token_dim_permute,a7dee0e77eec04063b09e30ffadbc546426deb74203e92e778deafe3ec464207,9.1.0,"[26607, 26570, 26533, 26496, 26459, 26422, 26385, 26605, 26568, 26531, 26494, 26457, 26420, 26383, 26603, 26566]","[4, 4, 4, 4, 4, 4, 4, 4, 4, 4, 4, 4, 4, 4, 4, 4]",full_ragged_prefill_b16_m64_kv26624_ragged_compact_tp4,True,npu:5,5,Ascend950PR_957b,,bfloat16,False,256,0.23874500766396523,paged_prefill_small_q_grouped_kernel,"[16384, 256, 256, 1]",26624,ragged,64,4,26383,28,1,6,56,64,6635,candidate,3.11.10,64,"[1536, 256, 1]",16,performance_shape_validation,"[26607, 26570, 26533, 26496, 26459, 26422, 26385, 26605, 26568, 26531, 26494, 26457, 26420, 26383, 26603, 26566]","[4, 4, 4, 4, 4, 4, 4, 4, 4, 4, 4, 4, 4, 4, 4, 4]",16,1,20260829,float32,0.09119556747428784,VALIDATED_FOR_MSPROF,,compact,msprof_op_task_duration_acceptance,ragged_prefill,2.10.0.post4.dev20260715,2.10.0+cpu,4,3.2.0,4ed83e755ec0ed2b7f4675dc9cd790f3a2f8164f
full,c47f9bdcfb879eb73723521240a48a9bae99349d094a1fb82563535aabde82ec,4ed83e755ec0ed2b7f4675dc9cd790f3a2f8164f,"[416, 1]",416,native_NHD_then_page_head_token_dim_permute,a7dee0e77eec04063b09e30ffadbc546426deb74203e92e778deafe3ec464207,9.1.0,"[26607, 26570, 26533, 26496, 26459, 26422, 26385, 26605, 26568, 26531, 26494, 26457, 26420, 26383, 26603, 26566]","[16, 17, 16, 16, 16, 16, 16, 16, 16, 16, 16, 16, 16, 16, 16, 16]",full_ragged_prefill_b16_m257_kv26624_ragged_compact_tp4,True,npu:5,5,Ascend950PR_957b,,bfloat16,False,256,0.32601412385702133,paged_prefill_page_aggregation_kernel,"[16384, 256, 256, 1]",26624,ragged,257,17,26383,28,1,6,56,64,6635,baseline,3.11.10,257,"[1536, 256, 1]",16,performance_shape_validation,"[26607, 26570, 26533, 26496, 26459, 26422, 26385, 26605, 26568, 26531, 26494, 26457, 26420, 26383, 26603, 26566]","[16, 17, 16, 16, 16, 16, 16, 16, 16, 16, 16, 16, 16, 16, 16, 16]",16,1,20260829,float32,0.09119556747428784,VALIDATED_FOR_MSPROF,,compact,msprof_op_task_duration_acceptance,ragged_prefill,2.10.0.post4.dev20260715,2.10.0+cpu,4,3.2.0,4ed83e755ec0ed2b7f4675dc9cd790f3a2f8164f
full,c47f9bdcfb879eb73723521240a48a9bae99349d094a1fb82563535aabde82ec,4ed83e755ec0ed2b7f4675dc9cd790f3a2f8164f,"[416, 1]",416,native_NHD_then_page_head_token_dim_permute,a7dee0e77eec04063b09e30ffadbc546426deb74203e92e778deafe3ec464207,9.1.0,"[26607, 26570, 26533, 26496, 26459, 26422, 26385, 26605, 26568, 26531, 26494, 26457, 26420, 26383, 26603, 26566]","[16, 17, 16, 16, 16, 16, 16, 16, 16, 16, 16, 16, 16, 16, 16, 16]",full_ragged_prefill_b16_m257_kv26624_ragged_compact_tp4,True,npu:5,5,Ascend950PR_957b,,bfloat16,False,256,0.24716416373848915,paged_prefill_mid_q_grouped_kernel,"[16384, 256, 256, 1]",26624,ragged,257,17,26383,28,1,6,56,64,6635,candidate,3.11.10,257,"[1536, 256, 1]",16,performance_shape_validation,"[26607, 26570, 26533, 26496, 26459, 26422, 26385, 26605, 26568, 26531, 26494, 26457, 26420, 26383, 26603, 26566]","[16, 17, 16, 16, 16, 16, 16, 16, 16, 16, 16, 16, 16, 16, 16, 16]",16,1,20260829,float32,0.09119556747428784,VALIDATED_FOR_MSPROF,,compact,msprof_op_task_duration_acceptance,ragged_prefill,2.10.0.post4.dev20260715,2.10.0+cpu,4,3.2.0,4ed83e755ec0ed2b7f4675dc9cd790f3a2f8164f
swa,c47f9bdcfb879eb73723521240a48a9bae99349d094a1fb82563535aabde82ec,4ed83e755ec0ed2b7f4675dc9cd790f3a2f8164f,"[176, 1]",176,native_NHD_then_page_head_token_dim_permute,a7dee0e77eec04063b09e30ffadbc546426deb74203e92e778deafe3ec464207,9.1.0,"[11247, 11210, 11173, 11136, 11099, 11062, 11025, 11245, 11208, 11171, 11134, 11097, 11060, 11023, 11243, 11206]","[4, 4, 4, 4, 4, 4, 4, 4, 4, 4, 4, 4, 4, 4, 4, 4]",swa_ragged_prefill_b16_m64_kv11264_ragged_compact_tp4,True,npu:5,5,Ascend950PR_957b,,bfloat16,False,256,0.0,_swa_paged_prefill_aggregation_sink_kernel,"[16384, 256, 256, 1]",11264,ragged,64,4,11023,28,1,6,56,64,145,baseline,3.11.10,64,"[1536, 256, 1]",16,performance_shape_validation,"[11247, 11210, 11173, 11136, 11099, 11062, 11025, 11245, 11208, 11171, 11134, 11097, 11060, 11023, 11243, 11206]","[4, 4, 4, 4, 4, 4, 4, 4, 4, 4, 4, 4, 4, 4, 4, 4]",16,1,20260829,float32,0.09119556747428784,VALIDATED_FOR_MSPROF,511,compact,msprof_op_task_duration_acceptance,ragged_prefill,2.10.0.post4.dev20260715,2.10.0+cpu,4,3.2.0,4ed83e755ec0ed2b7f4675dc9cd790f3a2f8164f
swa,c47f9bdcfb879eb73723521240a48a9bae99349d094a1fb82563535aabde82ec,4ed83e755ec0ed2b7f4675dc9cd790f3a2f8164f,"[176, 1]",176,native_NHD_then_page_head_token_dim_permute,a7dee0e77eec04063b09e30ffadbc546426deb74203e92e778deafe3ec464207,9.1.0,"[11247, 11210, 11173, 11136, 11099, 11062, 11025, 11245, 11208, 11171, 11134, 11097, 11060, 11023, 11243, 11206]","[4, 4, 4, 4, 4, 4, 4, 4, 4, 4, 4, 4, 4, 4, 4, 4]",swa_ragged_prefill_b16_m64_kv11264_ragged_compact_tp4,True,npu:5,5,Ascend950PR_957b,,bfloat16,False,256,0.0,_swa_paged_prefill_four_q_grouped_sink_kernel,"[16384, 256, 256, 1]",11264,ragged,64,4,11023,28,1,6,56,64,145,candidate,3.11.10,64,"[1536, 256, 1]",16,performance_shape_validation,"[11247, 11210, 11173, 11136, 11099, 11062, 11025, 11245, 11208, 11171, 11134, 11097, 11060, 11023, 11243, 11206]","[4, 4, 4, 4, 4, 4, 4, 4, 4, 4, 4, 4, 4, 4, 4, 4]",16,1,20260829,float32,0.09119556747428784,VALIDATED_FOR_MSPROF,511,compact,msprof_op_task_duration_acceptance,ragged_prefill,2.10.0.post4.dev20260715,2.10.0+cpu,4,3.2.0,4ed83e755ec0ed2b7f4675dc9cd790f3a2f8164f
swa,c47f9bdcfb879eb73723521240a48a9bae99349d094a1fb82563535aabde82ec,4ed83e755ec0ed2b7f4675dc9cd790f3a2f8164f,"[176, 1]",176,native_NHD_then_page_head_token_dim_permute,a7dee0e77eec04063b09e30ffadbc546426deb74203e92e778deafe3ec464207,9.1.0,"[11247, 11210, 11173, 11136, 11099, 11062, 11025, 11245, 11208, 11171, 11134, 11097, 11060, 11023, 11243, 11206]","[16, 17, 16, 16, 16, 16, 16, 16, 16, 16, 16, 16, 16, 16, 16, 16]",swa_ragged_prefill_b16_m257_kv11264_ragged_compact_tp4,True,npu:5,5,Ascend950PR_957b,,bfloat16,False,256,0.0,_swa_paged_prefill_aggregation_sink_kernel,"[16384, 256, 256, 1]",11264,ragged,257,17,11023,28,1,6,56,64,148,baseline,3.11.10,257,"[1536, 256, 1]",16,performance_shape_validation,"[11247, 11210, 11173, 11136, 11099, 11062, 11025, 11245, 11208, 11171, 11134, 11097, 11060, 11023, 11243, 11206]","[16, 17, 16, 16, 16, 16, 16, 16, 16, 16, 16, 16, 16, 16, 16, 16]",16,1,20260829,float32,0.09119556747428784,VALIDATED_FOR_MSPROF,511,compact,msprof_op_task_duration_acceptance,ragged_prefill,2.10.0.post4.dev20260715,2.10.0+cpu,4,3.2.0,4ed83e755ec0ed2b7f4675dc9cd790f3a2f8164f
swa,c47f9bdcfb879eb73723521240a48a9bae99349d094a1fb82563535aabde82ec,4ed83e755ec0ed2b7f4675dc9cd790f3a2f8164f,"[176, 1]",176,native_NHD_then_page_head_token_dim_permute,a7dee0e77eec04063b09e30ffadbc546426deb74203e92e778deafe3ec464207,9.1.0,"[11247, 11210, 11173, 11136, 11099, 11062, 11025, 11245, 11208, 11171, 11134, 11097, 11060, 11023, 11243, 11206]","[16, 17, 16, 16, 16, 16, 16, 16, 16, 16, 16, 16, 16, 16, 16, 16]",swa_ragged_prefill_b16_m257_kv11264_ragged_compact_tp4,True,npu:5,5,Ascend950PR_957b,,bfloat16,False,256,0.0,_swa_paged_prefill_aggregation_sink_kernel,"[16384, 256, 256, 1]",11264,ragged,257,17,11023,28,1,6,56,64,148,candidate,3.11.10,257,"[1536, 256, 1]",16,performance_shape_validation,"[11247, 11210, 11173, 11136, 11099, 11062, 11025, 11245, 11208, 11171, 11134, 11097, 11060, 11023, 11243, 11206]","[16, 17, 16, 16, 16, 16, 16, 16, 16, 16, 16, 16, 16, 16, 16, 16]",16,1,20260829,float32,0.09119556747428784,VALIDATED_FOR_MSPROF,511,compact,msprof_op_task_duration_acceptance,ragged_prefill,2.10.0.post4.dev20260715,2.10.0+cpu,4,3.2.0,4ed83e755ec0ed2b7f4675dc9cd790f3a2f8164f
swa,c47f9bdcfb879eb73723521240a48a9bae99349d094a1fb82563535aabde82ec,4ed83e755ec0ed2b7f4675dc9cd790f3a2f8164f,"[264, 1]",264,native_NHD_then_page_head_token_dim_permute,a7dee0e77eec04063b09e30ffadbc546426deb74203e92e778deafe3ec464207,9.1.0,"[16879, 16842, 16805, 16768, 16731, 16694, 16657, 16877, 16840, 16803, 16766, 16729, 16692, 16655, 16875, 16838]","[4, 4, 4, 4, 4, 4, 4, 4, 4, 4, 4, 4, 4, 4, 4, 4]",swa_ragged_prefill_b16_m64_kv16896_ragged_compact_tp4,True,npu:5,5,Ascend950PR_957b,,bfloat16,False,256,0.0,_swa_paged_prefill_aggregation_sink_kernel,"[16384, 256, 256, 1]",16896,ragged,64,4,16655,28,1,6,56,64,145,baseline,3.11.10,64,"[1536, 256, 1]",16,performance_shape_validation,"[16879, 16842, 16805, 16768, 16731, 16694, 16657, 16877, 16840, 16803, 16766, 16729, 16692, 16655, 16875, 16838]","[4, 4, 4, 4, 4, 4, 4, 4, 4, 4, 4, 4, 4, 4, 4, 4]",16,1,20260829,float32,0.09119556747428784,VALIDATED_FOR_MSPROF,511,compact,msprof_op_task_duration_acceptance,ragged_prefill,2.10.0.post4.dev20260715,2.10.0+cpu,4,3.2.0,4ed83e755ec0ed2b7f4675dc9cd790f3a2f8164f
swa,c47f9bdcfb879eb73723521240a48a9bae99349d094a1fb82563535aabde82ec,4ed83e755ec0ed2b7f4675dc9cd790f3a2f8164f,"[264, 1]",264,native_NHD_then_page_head_token_dim_permute,a7dee0e77eec04063b09e30ffadbc546426deb74203e92e778deafe3ec464207,9.1.0,"[16879, 16842, 16805, 16768, 16731, 16694, 16657, 16877, 16840, 16803, 16766, 16729, 16692, 16655, 16875, 16838]","[4, 4, 4, 4, 4, 4, 4, 4, 4, 4, 4, 4, 4, 4, 4, 4]",swa_ragged_prefill_b16_m64_kv16896_ragged_compact_tp4,True,npu:5,5,Ascend950PR_957b,,bfloat16,False,256,0.0,_swa_paged_prefill_four_q_grouped_sink_kernel,"[16384, 256, 256, 1]",16896,ragged,64,4,16655,28,1,6,56,64,145,candidate,3.11.10,64,"[1536, 256, 1]",16,performance_shape_validation,"[16879, 16842, 16805, 16768, 16731, 16694, 16657, 16877, 16840, 16803, 16766, 16729, 16692, 16655, 16875, 16838]","[4, 4, 4, 4, 4, 4, 4, 4, 4, 4, 4, 4, 4, 4, 4, 4]",16,1,20260829,float32,0.09119556747428784,VALIDATED_FOR_MSPROF,511,compact,msprof_op_task_duration_acceptance,ragged_prefill,2.10.0.post4.dev20260715,2.10.0+cpu,4,3.2.0,4ed83e755ec0ed2b7f4675dc9cd790f3a2f8164f
swa,c47f9bdcfb879eb73723521240a48a9bae99349d094a1fb82563535aabde82ec,4ed83e755ec0ed2b7f4675dc9cd790f3a2f8164f,"[264, 1]",264,native_NHD_then_page_head_token_dim_permute,a7dee0e77eec04063b09e30ffadbc546426deb74203e92e778deafe3ec464207,9.1.0,"[16879, 16842, 16805, 16768, 16731, 16694, 16657, 16877, 16840, 16803, 16766, 16729, 16692, 16655, 16875, 16838]","[16, 17, 16, 16, 16, 16, 16, 16, 16, 16, 16, 16, 16, 16, 16, 16]",swa_ragged_prefill_b16_m257_kv16896_ragged_compact_tp4,True,npu:5,5,Ascend950PR_957b,,bfloat16,False,256,0.0,_swa_paged_prefill_aggregation_sink_kernel,"[16384, 256, 256, 1]",16896,ragged,257,17,16655,28,1,6,56,64,148,baseline,3.11.10,257,"[1536, 256, 1]",16,performance_shape_validation,"[16879, 16842, 16805, 16768, 16731, 16694, 16657, 16877, 16840, 16803, 16766, 16729, 16692, 16655, 16875, 16838]","[16, 17, 16, 16, 16, 16, 16, 16, 16, 16, 16, 16, 16, 16, 16, 16]",16,1,20260829,float32,0.09119556747428784,VALIDATED_FOR_MSPROF,511,compact,msprof_op_task_duration_acceptance,ragged_prefill,2.10.0.post4.dev20260715,2.10.0+cpu,4,3.2.0,4ed83e755ec0ed2b7f4675dc9cd790f3a2f8164f
swa,c47f9bdcfb879eb73723521240a48a9bae99349d094a1fb82563535aabde82ec,4ed83e755ec0ed2b7f4675dc9cd790f3a2f8164f,"[264, 1]",264,native_NHD_then_page_head_token_dim_permute,a7dee0e77eec04063b09e30ffadbc546426deb74203e92e778deafe3ec464207,9.1.0,"[16879, 16842, 16805, 16768, 16731, 16694, 16657, 16877, 16840, 16803, 16766, 16729, 16692, 16655, 16875, 16838]","[16, 17, 16, 16, 16, 16, 16, 16, 16, 16, 16, 16, 16, 16, 16, 16]",swa_ragged_prefill_b16_m257_kv16896_ragged_compact_tp4,True,npu:5,5,Ascend950PR_957b,,bfloat16,False,256,0.0,_swa_paged_prefill_aggregation_sink_kernel,"[16384, 256, 256, 1]",16896,ragged,257,17,16655,28,1,6,56,64,148,candidate,3.11.10,257,"[1536, 256, 1]",16,performance_shape_validation,"[16879, 16842, 16805, 16768, 16731, 16694, 16657, 16877, 16840, 16803, 16766, 16729, 16692, 16655, 16875, 16838]","[16, 17, 16, 16, 16, 16, 16, 16, 16, 16, 16, 16, 16, 16, 16, 16]",16,1,20260829,float32,0.09119556747428784,VALIDATED_FOR_MSPROF,511,compact,msprof_op_task_duration_acceptance,ragged_prefill,2.10.0.post4.dev20260715,2.10.0+cpu,4,3.2.0,4ed83e755ec0ed2b7f4675dc9cd790f3a2f8164f
swa,c47f9bdcfb879eb73723521240a48a9bae99349d094a1fb82563535aabde82ec,4ed83e755ec0ed2b7f4675dc9cd790f3a2f8164f,"[416, 1]",416,native_NHD_then_page_head_token_dim_permute,a7dee0e77eec04063b09e30ffadbc546426deb74203e92e778deafe3ec464207,9.1.0,"[26607, 26570, 26533, 26496, 26459, 26422, 26385, 26605, 26568, 26531, 26494, 26457, 26420, 26383, 26603, 26566]","[4, 4, 4, 4, 4, 4, 4, 4, 4, 4, 4, 4, 4, 4, 4, 4]",swa_ragged_prefill_b16_m64_kv26624_ragged_compact_tp4,True,npu:5,5,Ascend950PR_957b,,bfloat16,False,256,0.0,_swa_paged_prefill_aggregation_sink_kernel,"[16384, 256, 256, 1]",26624,ragged,64,4,26383,28,1,6,56,64,145,baseline,3.11.10,64,"[1536, 256, 1]",16,performance_shape_validation,"[26607, 26570, 26533, 26496, 26459, 26422, 26385, 26605, 26568, 26531, 26494, 26457, 26420, 26383, 26603, 26566]","[4, 4, 4, 4, 4, 4, 4, 4, 4, 4, 4, 4, 4, 4, 4, 4]",16,1,20260829,float32,0.09119556747428784,VALIDATED_FOR_MSPROF,511,compact,msprof_op_task_duration_acceptance,ragged_prefill,2.10.0.post4.dev20260715,2.10.0+cpu,4,3.2.0,4ed83e755ec0ed2b7f4675dc9cd790f3a2f8164f
swa,c47f9bdcfb879eb73723521240a48a9bae99349d094a1fb82563535aabde82ec,4ed83e755ec0ed2b7f4675dc9cd790f3a2f8164f,"[416, 1]",416,native_NHD_then_page_head_token_dim_permute,a7dee0e77eec04063b09e30ffadbc546426deb74203e92e778deafe3ec464207,9.1.0,"[26607, 26570, 26533, 26496, 26459, 26422, 26385, 26605, 26568, 26531, 26494, 26457, 26420, 26383, 26603, 26566]","[4, 4, 4, 4, 4, 4, 4, 4, 4, 4, 4, 4, 4, 4, 4, 4]",swa_ragged_prefill_b16_m64_kv26624_ragged_compact_tp4,True,npu:5,5,Ascend950PR_957b,,bfloat16,False,256,0.0,_swa_paged_prefill_four_q_grouped_sink_kernel,"[16384, 256, 256, 1]",26624,ragged,64,4,26383,28,1,6,56,64,145,candidate,3.11.10,64,"[1536, 256, 1]",16,performance_shape_validation,"[26607, 26570, 26533, 26496, 26459, 26422, 26385, 26605, 26568, 26531, 26494, 26457, 26420, 26383, 26603, 26566]","[4, 4, 4, 4, 4, 4, 4, 4, 4, 4, 4, 4, 4, 4, 4, 4]",16,1,20260829,float32,0.09119556747428784,VALIDATED_FOR_MSPROF,511,compact,msprof_op_task_duration_acceptance,ragged_prefill,2.10.0.post4.dev20260715,2.10.0+cpu,4,3.2.0,4ed83e755ec0ed2b7f4675dc9cd790f3a2f8164f
swa,c47f9bdcfb879eb73723521240a48a9bae99349d094a1fb82563535aabde82ec,4ed83e755ec0ed2b7f4675dc9cd790f3a2f8164f,"[416, 1]",416,native_NHD_then_page_head_token_dim_permute,a7dee0e77eec04063b09e30ffadbc546426deb74203e92e778deafe3ec464207,9.1.0,"[26607, 26570, 26533, 26496, 26459, 26422, 26385, 26605, 26568, 26531, 26494, 26457, 26420, 26383, 26603, 26566]","[16, 17, 16, 16, 16, 16, 16, 16, 16, 16, 16, 16, 16, 16, 16, 16]",swa_ragged_prefill_b16_m257_kv26624_ragged_compact_tp4,True,npu:5,5,Ascend950PR_957b,,bfloat16,False,256,0.0,_swa_paged_prefill_aggregation_sink_kernel,"[16384, 256, 256, 1]",26624,ragged,257,17,26383,28,1,6,56,64,148,baseline,3.11.10,257,"[1536, 256, 1]",16,performance_shape_validation,"[26607, 26570, 26533, 26496, 26459, 26422, 26385, 26605, 26568, 26531, 26494, 26457, 26420, 26383, 26603, 26566]","[16, 17, 16, 16, 16, 16, 16, 16, 16, 16, 16, 16, 16, 16, 16, 16]",16,1,20260829,float32,0.09119556747428784,VALIDATED_FOR_MSPROF,511,compact,msprof_op_task_duration_acceptance,ragged_prefill,2.10.0.post4.dev20260715,2.10.0+cpu,4,3.2.0,4ed83e755ec0ed2b7f4675dc9cd790f3a2f8164f
swa,c47f9bdcfb879eb73723521240a48a9bae99349d094a1fb82563535aabde82ec,4ed83e755ec0ed2b7f4675dc9cd790f3a2f8164f,"[416, 1]",416,native_NHD_then_page_head_token_dim_permute,a7dee0e77eec04063b09e30ffadbc546426deb74203e92e778deafe3ec464207,9.1.0,"[26607, 26570, 26533, 26496, 26459, 26422, 26385, 26605, 26568, 26531, 26494, 26457, 26420, 26383, 26603, 26566]","[16, 17, 16, 16, 16, 16, 16, 16, 16, 16, 16, 16, 16, 16, 16, 16]",swa_ragged_prefill_b16_m257_kv26624_ragged_compact_tp4,True,npu:5,5,Ascend950PR_957b,,bfloat16,False,256,0.0,_swa_paged_prefill_aggregation_sink_kernel,"[16384, 256, 256, 1]",26624,ragged,257,17,26383,28,1,6,56,64,148,candidate,3.11.10,257,"[1536, 256, 1]",16,performance_shape_validation,"[26607, 26570, 26533, 26496, 26459, 26422, 26385, 26605, 26568, 26531, 26494, 26457, 26420, 26383, 26603, 26566]","[16, 17, 16, 16, 16, 16, 16, 16, 16, 16, 16, 16, 16, 16, 16, 16]",16,1,20260829,float32,0.09119556747428784,VALIDATED_FOR_MSPROF,511,compact,msprof_op_task_duration_acceptance,ragged_prefill,2.10.0.post4.dev20260715,2.10.0+cpu,4,3.2.0,4ed83e755ec0ed2b7f4675dc9cd790f3a2f8164f
