attention,baseline_sha256,benchmark_base,block_table_stride,block_table_width,cache_layout,candidate_sha256,cann_version,capture_kv_lens,capture_q_lens,case,causal,device,device_index,device_name,draft_width,dtype,gqa_interleave,head_dim,kv_cache_stride,kv_length,length_pattern,m,max_q_len,min_runtime_kv_length,num_cube_cores,num_kv_heads,num_q_heads,num_vector_cores,page_size,path,physical_pages,profile_metric,python_version,q_buffer_rows,q_stride,real_batch_size,record_type,runtime_kv_lens,runtime_q_lens,scheduled_batch_size,schema_version,seed,sha256,sink_dtype,size_bytes,softmax_scale,status,swa_left_window,table_width_mode,topology,torch_npu_version,torch_version,tp_size,triton_version,uncompressed_size_bytes,workspace_commit
full,c47f9bdcfb879eb73723521240a48a9bae99349d094a1fb82563535aabde82ec,dbdc4f0a3571c50fecb8c9565f5436a5f3bb7fd8,"[264, 1]",264,native_NHD_then_page_head_token_dim_permute,61833913fc8b068998539f6b5a78c498ae56ac7597b920e55051c1ae508788f5,9.1.0,"[16879, 16842, 16805, 16768, 16731, 16694, 16657, 16877, 16840, 16803, 16766, 16729, 16692, 16655, 16875, 16838, 16801, 16764, 16727, 16690, 16653, 16873, 16836, 16799, 16762, 16725, 16688, 16651, 16871, 16834, 16797, 16760, 16723, 16686, 16649, 16869, 16832, 16795, 16758, 16721, 16684, 16647, 16867, 16830, 16793, 16756, 16719, 16682]","[2, 2, 2, 2, 2, 2, 2, 2, 2, 2, 2, 2, 2, 2, 2, 2, 2, 2, 2, 2, 2, 2, 2, 2, 2, 2, 2, 2, 2, 2, 2, 2, 2, 2, 2, 2, 2, 2, 2, 2, 2, 2, 2, 2, 2, 2, 2, 2]",full_verify_d2_m96_kv16896_ragged_compact_tp4,True,npu:5,5,Ascend950PR_957b,2,bfloat16,False,256,"[16384, 256, 256, 1]",16896,ragged,96,2,16647,28,1,6,56,64,profile/full/full_verify_d2_m96_kv16896_ragged_compact_tp4/pipe_utilization/TENCENT64-124_1376542_20260829224259916_ascend_pt__ASCEND_PROFILER_OUTPUT__kernel_details.csv.gz,12597,pipe_utilization,3.11.10,96,"[1536, 256, 1]",48,profile_artifact,"[16879, 16842, 16805, 16768, 16731, 16694, 16657, 16877, 16840, 16803, 16766, 16729, 16692, 16655, 16875, 16838, 16801, 16764, 16727, 16690, 16653, 16873, 16836, 16799, 16762, 16725, 16688, 16651, 16871, 16834, 16797, 16760, 16723, 16686, 16649, 16869, 16832, 16795, 16758, 16721, 16684, 16647, 16867, 16830, 16793, 16756, 16719, 16682]","[2, 2, 2, 2, 2, 2, 2, 2, 2, 2, 2, 2, 2, 2, 2, 2, 2, 2, 2, 2, 2, 2, 2, 2, 2, 2, 2, 2, 2, 2, 2, 2, 2, 2, 2, 2, 2, 2, 2, 2, 2, 2, 2, 2, 2, 2, 2, 2]",48,1,20260829,a22eaa959a35db9d869a6aef27d9801e550772f62943a1526a11d89a67aa8bdb,float32,1077,0.09119556747428784,CAPTURED,,compact,verify_d2,2.10.0.post4.dev20260715,2.10.0+cpu,4,3.2.0,3078,dbdc4f0a3571c50fecb8c9565f5436a5f3bb7fd8
full,c47f9bdcfb879eb73723521240a48a9bae99349d094a1fb82563535aabde82ec,dbdc4f0a3571c50fecb8c9565f5436a5f3bb7fd8,"[264, 1]",264,native_NHD_then_page_head_token_dim_permute,61833913fc8b068998539f6b5a78c498ae56ac7597b920e55051c1ae508788f5,9.1.0,"[16879, 16842, 16805, 16768, 16731, 16694, 16657, 16877, 16840, 16803, 16766, 16729, 16692, 16655, 16875, 16838, 16801, 16764, 16727, 16690, 16653, 16873, 16836, 16799, 16762, 16725, 16688, 16651, 16871, 16834, 16797, 16760, 16723, 16686, 16649, 16869, 16832, 16795, 16758, 16721, 16684, 16647, 16867, 16830, 16793, 16756, 16719, 16682]","[2, 2, 2, 2, 2, 2, 2, 2, 2, 2, 2, 2, 2, 2, 2, 2, 2, 2, 2, 2, 2, 2, 2, 2, 2, 2, 2, 2, 2, 2, 2, 2, 2, 2, 2, 2, 2, 2, 2, 2, 2, 2, 2, 2, 2, 2, 2, 2]",full_verify_d2_m96_kv16896_ragged_compact_tp4,True,npu:5,5,Ascend950PR_957b,2,bfloat16,False,256,"[16384, 256, 256, 1]",16896,ragged,96,2,16647,28,1,6,56,64,profile/full/full_verify_d2_m96_kv16896_ragged_compact_tp4/pipe_utilization/TENCENT64-124_1376542_20260829224259916_ascend_pt__ASCEND_PROFILER_OUTPUT__l2_cache.csv.gz,12597,pipe_utilization,3.11.10,96,"[1536, 256, 1]",48,profile_artifact,"[16879, 16842, 16805, 16768, 16731, 16694, 16657, 16877, 16840, 16803, 16766, 16729, 16692, 16655, 16875, 16838, 16801, 16764, 16727, 16690, 16653, 16873, 16836, 16799, 16762, 16725, 16688, 16651, 16871, 16834, 16797, 16760, 16723, 16686, 16649, 16869, 16832, 16795, 16758, 16721, 16684, 16647, 16867, 16830, 16793, 16756, 16719, 16682]","[2, 2, 2, 2, 2, 2, 2, 2, 2, 2, 2, 2, 2, 2, 2, 2, 2, 2, 2, 2, 2, 2, 2, 2, 2, 2, 2, 2, 2, 2, 2, 2, 2, 2, 2, 2, 2, 2, 2, 2, 2, 2, 2, 2, 2, 2, 2, 2]",48,1,20260829,3510b3246582bba9d5fb57e66e3f01790f82e9599a785482a350089fc94809b2,float32,283,0.09119556747428784,CAPTURED,,compact,verify_d2,2.10.0.post4.dev20260715,2.10.0+cpu,4,3.2.0,385,dbdc4f0a3571c50fecb8c9565f5436a5f3bb7fd8
full,c47f9bdcfb879eb73723521240a48a9bae99349d094a1fb82563535aabde82ec,dbdc4f0a3571c50fecb8c9565f5436a5f3bb7fd8,"[264, 1]",264,native_NHD_then_page_head_token_dim_permute,61833913fc8b068998539f6b5a78c498ae56ac7597b920e55051c1ae508788f5,9.1.0,"[16879, 16842, 16805, 16768, 16731, 16694, 16657, 16877, 16840, 16803, 16766, 16729, 16692, 16655, 16875, 16838, 16801, 16764, 16727, 16690, 16653, 16873, 16836, 16799, 16762, 16725, 16688, 16651, 16871, 16834, 16797, 16760, 16723, 16686, 16649, 16869, 16832, 16795, 16758, 16721, 16684, 16647, 16867, 16830, 16793, 16756, 16719, 16682]","[2, 2, 2, 2, 2, 2, 2, 2, 2, 2, 2, 2, 2, 2, 2, 2, 2, 2, 2, 2, 2, 2, 2, 2, 2, 2, 2, 2, 2, 2, 2, 2, 2, 2, 2, 2, 2, 2, 2, 2, 2, 2, 2, 2, 2, 2, 2, 2]",full_verify_d2_m96_kv16896_ragged_compact_tp4,True,npu:5,5,Ascend950PR_957b,2,bfloat16,False,256,"[16384, 256, 256, 1]",16896,ragged,96,2,16647,28,1,6,56,64,profile/full/full_verify_d2_m96_kv16896_ragged_compact_tp4/pipe_utilization/TENCENT64-124_1376542_20260829224259916_ascend_pt__ASCEND_PROFILER_OUTPUT__op_statistic.csv.gz,12597,pipe_utilization,3.11.10,96,"[1536, 256, 1]",48,profile_artifact,"[16879, 16842, 16805, 16768, 16731, 16694, 16657, 16877, 16840, 16803, 16766, 16729, 16692, 16655, 16875, 16838, 16801, 16764, 16727, 16690, 16653, 16873, 16836, 16799, 16762, 16725, 16688, 16651, 16871, 16834, 16797, 16760, 16723, 16686, 16649, 16869, 16832, 16795, 16758, 16721, 16684, 16647, 16867, 16830, 16793, 16756, 16719, 16682]","[2, 2, 2, 2, 2, 2, 2, 2, 2, 2, 2, 2, 2, 2, 2, 2, 2, 2, 2, 2, 2, 2, 2, 2, 2, 2, 2, 2, 2, 2, 2, 2, 2, 2, 2, 2, 2, 2, 2, 2, 2, 2, 2, 2, 2, 2, 2, 2]",48,1,20260829,e702e876455356a30e35bae3eb0b6734a94f94fa007e8a4f4a256005a6fc0448,float32,296,0.09119556747428784,CAPTURED,,compact,verify_d2,2.10.0.post4.dev20260715,2.10.0+cpu,4,3.2.0,247,dbdc4f0a3571c50fecb8c9565f5436a5f3bb7fd8
full,c47f9bdcfb879eb73723521240a48a9bae99349d094a1fb82563535aabde82ec,dbdc4f0a3571c50fecb8c9565f5436a5f3bb7fd8,"[264, 1]",264,native_NHD_then_page_head_token_dim_permute,61833913fc8b068998539f6b5a78c498ae56ac7597b920e55051c1ae508788f5,9.1.0,"[16879, 16842, 16805, 16768, 16731, 16694, 16657, 16877, 16840, 16803, 16766, 16729, 16692, 16655, 16875, 16838, 16801, 16764, 16727, 16690, 16653, 16873, 16836, 16799, 16762, 16725, 16688, 16651, 16871, 16834, 16797, 16760, 16723, 16686, 16649, 16869, 16832, 16795, 16758, 16721, 16684, 16647, 16867, 16830, 16793, 16756, 16719, 16682]","[2, 2, 2, 2, 2, 2, 2, 2, 2, 2, 2, 2, 2, 2, 2, 2, 2, 2, 2, 2, 2, 2, 2, 2, 2, 2, 2, 2, 2, 2, 2, 2, 2, 2, 2, 2, 2, 2, 2, 2, 2, 2, 2, 2, 2, 2, 2, 2]",full_verify_d2_m96_kv16896_ragged_compact_tp4,True,npu:5,5,Ascend950PR_957b,2,bfloat16,False,256,"[16384, 256, 256, 1]",16896,ragged,96,2,16647,28,1,6,56,64,profile/full/full_verify_d2_m96_kv16896_ragged_compact_tp4/pipe_utilization/TENCENT64-124_1376542_20260829224259916_ascend_pt__ASCEND_PROFILER_OUTPUT__operator_details.csv.gz,12597,pipe_utilization,3.11.10,96,"[1536, 256, 1]",48,profile_artifact,"[16879, 16842, 16805, 16768, 16731, 16694, 16657, 16877, 16840, 16803, 16766, 16729, 16692, 16655, 16875, 16838, 16801, 16764, 16727, 16690, 16653, 16873, 16836, 16799, 16762, 16725, 16688, 16651, 16871, 16834, 16797, 16760, 16723, 16686, 16649, 16869, 16832, 16795, 16758, 16721, 16684, 16647, 16867, 16830, 16793, 16756, 16719, 16682]","[2, 2, 2, 2, 2, 2, 2, 2, 2, 2, 2, 2, 2, 2, 2, 2, 2, 2, 2, 2, 2, 2, 2, 2, 2, 2, 2, 2, 2, 2, 2, 2, 2, 2, 2, 2, 2, 2, 2, 2, 2, 2, 2, 2, 2, 2, 2, 2]",48,1,20260829,1827a953b5936dae50c6b3763bd7610ad2a390ba23531bc01895ca2c66dd7dd2,float32,569,0.09119556747428784,CAPTURED,,compact,verify_d2,2.10.0.post4.dev20260715,2.10.0+cpu,4,3.2.0,1571,dbdc4f0a3571c50fecb8c9565f5436a5f3bb7fd8
full,c47f9bdcfb879eb73723521240a48a9bae99349d094a1fb82563535aabde82ec,dbdc4f0a3571c50fecb8c9565f5436a5f3bb7fd8,"[264, 1]",264,native_NHD_then_page_head_token_dim_permute,61833913fc8b068998539f6b5a78c498ae56ac7597b920e55051c1ae508788f5,9.1.0,"[16879, 16842, 16805, 16768, 16731, 16694, 16657, 16877, 16840, 16803, 16766, 16729, 16692, 16655, 16875, 16838, 16801, 16764, 16727, 16690, 16653, 16873, 16836, 16799, 16762, 16725, 16688, 16651, 16871, 16834, 16797, 16760, 16723, 16686, 16649, 16869, 16832, 16795, 16758, 16721, 16684, 16647, 16867, 16830, 16793, 16756, 16719, 16682]","[2, 2, 2, 2, 2, 2, 2, 2, 2, 2, 2, 2, 2, 2, 2, 2, 2, 2, 2, 2, 2, 2, 2, 2, 2, 2, 2, 2, 2, 2, 2, 2, 2, 2, 2, 2, 2, 2, 2, 2, 2, 2, 2, 2, 2, 2, 2, 2]",full_verify_d2_m96_kv16896_ragged_compact_tp4,True,npu:5,5,Ascend950PR_957b,2,bfloat16,False,256,"[16384, 256, 256, 1]",16896,ragged,96,2,16647,28,1,6,56,64,profile/full/full_verify_d2_m96_kv16896_ragged_compact_tp4/pipe_utilization/TENCENT64-124_1376542_20260829224259916_ascend_pt__ASCEND_PROFILER_OUTPUT__step_trace_time.csv.gz,12597,pipe_utilization,3.11.10,96,"[1536, 256, 1]",48,profile_artifact,"[16879, 16842, 16805, 16768, 16731, 16694, 16657, 16877, 16840, 16803, 16766, 16729, 16692, 16655, 16875, 16838, 16801, 16764, 16727, 16690, 16653, 16873, 16836, 16799, 16762, 16725, 16688, 16651, 16871, 16834, 16797, 16760, 16723, 16686, 16649, 16869, 16832, 16795, 16758, 16721, 16684, 16647, 16867, 16830, 16793, 16756, 16719, 16682]","[2, 2, 2, 2, 2, 2, 2, 2, 2, 2, 2, 2, 2, 2, 2, 2, 2, 2, 2, 2, 2, 2, 2, 2, 2, 2, 2, 2, 2, 2, 2, 2, 2, 2, 2, 2, 2, 2, 2, 2, 2, 2, 2, 2, 2, 2, 2, 2]",48,1,20260829,f1a2ddfca982383a26e49016f28db2ae6f89921893884c716843c7165e134e09,float32,261,0.09119556747428784,CAPTURED,,compact,verify_d2,2.10.0.post4.dev20260715,2.10.0+cpu,4,3.2.0,217,dbdc4f0a3571c50fecb8c9565f5436a5f3bb7fd8
full,c47f9bdcfb879eb73723521240a48a9bae99349d094a1fb82563535aabde82ec,dbdc4f0a3571c50fecb8c9565f5436a5f3bb7fd8,"[264, 1]",264,native_NHD_then_page_head_token_dim_permute,61833913fc8b068998539f6b5a78c498ae56ac7597b920e55051c1ae508788f5,9.1.0,"[16879, 16842, 16805, 16768, 16731, 16694, 16657, 16877, 16840, 16803, 16766, 16729, 16692, 16655, 16875, 16838, 16801, 16764, 16727, 16690, 16653, 16873, 16836, 16799, 16762, 16725, 16688, 16651, 16871, 16834, 16797, 16760, 16723, 16686, 16649, 16869, 16832, 16795, 16758, 16721, 16684, 16647, 16867, 16830, 16793, 16756, 16719, 16682]","[2, 2, 2, 2, 2, 2, 2, 2, 2, 2, 2, 2, 2, 2, 2, 2, 2, 2, 2, 2, 2, 2, 2, 2, 2, 2, 2, 2, 2, 2, 2, 2, 2, 2, 2, 2, 2, 2, 2, 2, 2, 2, 2, 2, 2, 2, 2, 2]",full_verify_d2_m96_kv16896_ragged_compact_tp4,True,npu:5,5,Ascend950PR_957b,2,bfloat16,False,256,"[16384, 256, 256, 1]",16896,ragged,96,2,16647,28,1,6,56,64,profile/full/full_verify_d2_m96_kv16896_ragged_compact_tp4/pipe_utilization/TENCENT64-124_1376542_20260829224259916_ascend_pt__ASCEND_PROFILER_OUTPUT__trace_view.json.gz,12597,pipe_utilization,3.11.10,96,"[1536, 256, 1]",48,profile_artifact,"[16879, 16842, 16805, 16768, 16731, 16694, 16657, 16877, 16840, 16803, 16766, 16729, 16692, 16655, 16875, 16838, 16801, 16764, 16727, 16690, 16653, 16873, 16836, 16799, 16762, 16725, 16688, 16651, 16871, 16834, 16797, 16760, 16723, 16686, 16649, 16869, 16832, 16795, 16758, 16721, 16684, 16647, 16867, 16830, 16793, 16756, 16719, 16682]","[2, 2, 2, 2, 2, 2, 2, 2, 2, 2, 2, 2, 2, 2, 2, 2, 2, 2, 2, 2, 2, 2, 2, 2, 2, 2, 2, 2, 2, 2, 2, 2, 2, 2, 2, 2, 2, 2, 2, 2, 2, 2, 2, 2, 2, 2, 2, 2]",48,1,20260829,1fe1bed7307edcf881a315f127f7763d21b3b23744aeb59efb2c9018dee72c18,float32,3489,0.09119556747428784,CAPTURED,,compact,verify_d2,2.10.0.post4.dev20260715,2.10.0+cpu,4,3.2.0,41969,dbdc4f0a3571c50fecb8c9565f5436a5f3bb7fd8
full,c47f9bdcfb879eb73723521240a48a9bae99349d094a1fb82563535aabde82ec,dbdc4f0a3571c50fecb8c9565f5436a5f3bb7fd8,"[264, 1]",264,native_NHD_then_page_head_token_dim_permute,61833913fc8b068998539f6b5a78c498ae56ac7597b920e55051c1ae508788f5,9.1.0,"[16879, 16842, 16805, 16768, 16731, 16694, 16657, 16877, 16840, 16803, 16766, 16729, 16692, 16655, 16875, 16838, 16801, 16764, 16727, 16690, 16653, 16873, 16836, 16799, 16762, 16725, 16688, 16651, 16871, 16834, 16797, 16760, 16723, 16686, 16649, 16869, 16832, 16795, 16758, 16721, 16684, 16647, 16867, 16830, 16793, 16756, 16719, 16682]","[2, 2, 2, 2, 2, 2, 2, 2, 2, 2, 2, 2, 2, 2, 2, 2, 2, 2, 2, 2, 2, 2, 2, 2, 2, 2, 2, 2, 2, 2, 2, 2, 2, 2, 2, 2, 2, 2, 2, 2, 2, 2, 2, 2, 2, 2, 2, 2]",full_verify_d2_m96_kv16896_ragged_compact_tp4,True,npu:5,5,Ascend950PR_957b,2,bfloat16,False,256,"[16384, 256, 256, 1]",16896,ragged,96,2,16647,28,1,6,56,64,profile/full/full_verify_d2_m96_kv16896_ragged_compact_tp4/pipe_utilization/TENCENT64-124_1376542_20260829224259916_ascend_pt__PROF_000001_20260829224259942_01376542GACQRKDR__mindstudio_profiler_output__l2_cache_20260829224301.csv.gz,12597,pipe_utilization,3.11.10,96,"[1536, 256, 1]",48,profile_artifact,"[16879, 16842, 16805, 16768, 16731, 16694, 16657, 16877, 16840, 16803, 16766, 16729, 16692, 16655, 16875, 16838, 16801, 16764, 16727, 16690, 16653, 16873, 16836, 16799, 16762, 16725, 16688, 16651, 16871, 16834, 16797, 16760, 16723, 16686, 16649, 16869, 16832, 16795, 16758, 16721, 16684, 16647, 16867, 16830, 16793, 16756, 16719, 16682]","[2, 2, 2, 2, 2, 2, 2, 2, 2, 2, 2, 2, 2, 2, 2, 2, 2, 2, 2, 2, 2, 2, 2, 2, 2, 2, 2, 2, 2, 2, 2, 2, 2, 2, 2, 2, 2, 2, 2, 2, 2, 2, 2, 2, 2, 2, 2, 2]",48,1,20260829,5e11560d49c5f85320655783fd14589019cc488f2c6079a3f46af230025aeb30,float32,348,0.09119556747428784,CAPTURED,,compact,verify_d2,2.10.0.post4.dev20260715,2.10.0+cpu,4,3.2.0,379,dbdc4f0a3571c50fecb8c9565f5436a5f3bb7fd8
full,c47f9bdcfb879eb73723521240a48a9bae99349d094a1fb82563535aabde82ec,dbdc4f0a3571c50fecb8c9565f5436a5f3bb7fd8,"[264, 1]",264,native_NHD_then_page_head_token_dim_permute,61833913fc8b068998539f6b5a78c498ae56ac7597b920e55051c1ae508788f5,9.1.0,"[16879, 16842, 16805, 16768, 16731, 16694, 16657, 16877, 16840, 16803, 16766, 16729, 16692, 16655, 16875, 16838, 16801, 16764, 16727, 16690, 16653, 16873, 16836, 16799, 16762, 16725, 16688, 16651, 16871, 16834, 16797, 16760, 16723, 16686, 16649, 16869, 16832, 16795, 16758, 16721, 16684, 16647, 16867, 16830, 16793, 16756, 16719, 16682]","[2, 2, 2, 2, 2, 2, 2, 2, 2, 2, 2, 2, 2, 2, 2, 2, 2, 2, 2, 2, 2, 2, 2, 2, 2, 2, 2, 2, 2, 2, 2, 2, 2, 2, 2, 2, 2, 2, 2, 2, 2, 2, 2, 2, 2, 2, 2, 2]",full_verify_d2_m96_kv16896_ragged_compact_tp4,True,npu:5,5,Ascend950PR_957b,2,bfloat16,False,256,"[16384, 256, 256, 1]",16896,ragged,96,2,16647,28,1,6,56,64,profile/full/full_verify_d2_m96_kv16896_ragged_compact_tp4/pipe_utilization/TENCENT64-124_1376542_20260829224259916_ascend_pt__profiler_info.json.gz,12597,pipe_utilization,3.11.10,96,"[1536, 256, 1]",48,profile_artifact,"[16879, 16842, 16805, 16768, 16731, 16694, 16657, 16877, 16840, 16803, 16766, 16729, 16692, 16655, 16875, 16838, 16801, 16764, 16727, 16690, 16653, 16873, 16836, 16799, 16762, 16725, 16688, 16651, 16871, 16834, 16797, 16760, 16723, 16686, 16649, 16869, 16832, 16795, 16758, 16721, 16684, 16647, 16867, 16830, 16793, 16756, 16719, 16682]","[2, 2, 2, 2, 2, 2, 2, 2, 2, 2, 2, 2, 2, 2, 2, 2, 2, 2, 2, 2, 2, 2, 2, 2, 2, 2, 2, 2, 2, 2, 2, 2, 2, 2, 2, 2, 2, 2, 2, 2, 2, 2, 2, 2, 2, 2, 2, 2]",48,1,20260829,da63e6e5a30387467d0c96dcd9affa1d4dbfbc987b440d20873f17988d0e344b,float32,602,0.09119556747428784,CAPTURED,,compact,verify_d2,2.10.0.post4.dev20260715,2.10.0+cpu,4,3.2.0,1372,dbdc4f0a3571c50fecb8c9565f5436a5f3bb7fd8
full,c47f9bdcfb879eb73723521240a48a9bae99349d094a1fb82563535aabde82ec,dbdc4f0a3571c50fecb8c9565f5436a5f3bb7fd8,"[264, 1]",264,native_NHD_then_page_head_token_dim_permute,61833913fc8b068998539f6b5a78c498ae56ac7597b920e55051c1ae508788f5,9.1.0,"[16879, 16842, 16805, 16768, 16731, 16694, 16657, 16877, 16840, 16803, 16766, 16729, 16692, 16655, 16875, 16838, 16801, 16764, 16727, 16690, 16653, 16873, 16836, 16799, 16762, 16725, 16688, 16651, 16871, 16834, 16797, 16760, 16723, 16686, 16649, 16869, 16832, 16795, 16758, 16721, 16684, 16647, 16867, 16830, 16793, 16756, 16719, 16682]","[2, 2, 2, 2, 2, 2, 2, 2, 2, 2, 2, 2, 2, 2, 2, 2, 2, 2, 2, 2, 2, 2, 2, 2, 2, 2, 2, 2, 2, 2, 2, 2, 2, 2, 2, 2, 2, 2, 2, 2, 2, 2, 2, 2, 2, 2, 2, 2]",full_verify_d2_m96_kv16896_ragged_compact_tp4,True,npu:5,5,Ascend950PR_957b,2,bfloat16,False,256,"[16384, 256, 256, 1]",16896,ragged,96,2,16647,28,1,6,56,64,profile/full/full_verify_d2_m96_kv16896_ragged_compact_tp4/memory/TENCENT64-124_1376542_20260829224303634_ascend_pt__ASCEND_PROFILER_OUTPUT__kernel_details.csv.gz,12597,memory,3.11.10,96,"[1536, 256, 1]",48,profile_artifact,"[16879, 16842, 16805, 16768, 16731, 16694, 16657, 16877, 16840, 16803, 16766, 16729, 16692, 16655, 16875, 16838, 16801, 16764, 16727, 16690, 16653, 16873, 16836, 16799, 16762, 16725, 16688, 16651, 16871, 16834, 16797, 16760, 16723, 16686, 16649, 16869, 16832, 16795, 16758, 16721, 16684, 16647, 16867, 16830, 16793, 16756, 16719, 16682]","[2, 2, 2, 2, 2, 2, 2, 2, 2, 2, 2, 2, 2, 2, 2, 2, 2, 2, 2, 2, 2, 2, 2, 2, 2, 2, 2, 2, 2, 2, 2, 2, 2, 2, 2, 2, 2, 2, 2, 2, 2, 2, 2, 2, 2, 2, 2, 2]",48,1,20260829,c053f5c000866d3e4b36728a5a6587b1b843c9b1a866fddb5ca02261044144ca,float32,856,0.09119556747428784,CAPTURED,,compact,verify_d2,2.10.0.post4.dev20260715,2.10.0+cpu,4,3.2.0,2382,dbdc4f0a3571c50fecb8c9565f5436a5f3bb7fd8
full,c47f9bdcfb879eb73723521240a48a9bae99349d094a1fb82563535aabde82ec,dbdc4f0a3571c50fecb8c9565f5436a5f3bb7fd8,"[264, 1]",264,native_NHD_then_page_head_token_dim_permute,61833913fc8b068998539f6b5a78c498ae56ac7597b920e55051c1ae508788f5,9.1.0,"[16879, 16842, 16805, 16768, 16731, 16694, 16657, 16877, 16840, 16803, 16766, 16729, 16692, 16655, 16875, 16838, 16801, 16764, 16727, 16690, 16653, 16873, 16836, 16799, 16762, 16725, 16688, 16651, 16871, 16834, 16797, 16760, 16723, 16686, 16649, 16869, 16832, 16795, 16758, 16721, 16684, 16647, 16867, 16830, 16793, 16756, 16719, 16682]","[2, 2, 2, 2, 2, 2, 2, 2, 2, 2, 2, 2, 2, 2, 2, 2, 2, 2, 2, 2, 2, 2, 2, 2, 2, 2, 2, 2, 2, 2, 2, 2, 2, 2, 2, 2, 2, 2, 2, 2, 2, 2, 2, 2, 2, 2, 2, 2]",full_verify_d2_m96_kv16896_ragged_compact_tp4,True,npu:5,5,Ascend950PR_957b,2,bfloat16,False,256,"[16384, 256, 256, 1]",16896,ragged,96,2,16647,28,1,6,56,64,profile/full/full_verify_d2_m96_kv16896_ragged_compact_tp4/memory/TENCENT64-124_1376542_20260829224303634_ascend_pt__ASCEND_PROFILER_OUTPUT__l2_cache.csv.gz,12597,memory,3.11.10,96,"[1536, 256, 1]",48,profile_artifact,"[16879, 16842, 16805, 16768, 16731, 16694, 16657, 16877, 16840, 16803, 16766, 16729, 16692, 16655, 16875, 16838, 16801, 16764, 16727, 16690, 16653, 16873, 16836, 16799, 16762, 16725, 16688, 16651, 16871, 16834, 16797, 16760, 16723, 16686, 16649, 16869, 16832, 16795, 16758, 16721, 16684, 16647, 16867, 16830, 16793, 16756, 16719, 16682]","[2, 2, 2, 2, 2, 2, 2, 2, 2, 2, 2, 2, 2, 2, 2, 2, 2, 2, 2, 2, 2, 2, 2, 2, 2, 2, 2, 2, 2, 2, 2, 2, 2, 2, 2, 2, 2, 2, 2, 2, 2, 2, 2, 2, 2, 2, 2, 2]",48,1,20260829,6fab23c7ba49d8cd4ef84b0064974fd4c659358aee50add270b7b4cc421470b6,float32,282,0.09119556747428784,CAPTURED,,compact,verify_d2,2.10.0.post4.dev20260715,2.10.0+cpu,4,3.2.0,384,dbdc4f0a3571c50fecb8c9565f5436a5f3bb7fd8
full,c47f9bdcfb879eb73723521240a48a9bae99349d094a1fb82563535aabde82ec,dbdc4f0a3571c50fecb8c9565f5436a5f3bb7fd8,"[264, 1]",264,native_NHD_then_page_head_token_dim_permute,61833913fc8b068998539f6b5a78c498ae56ac7597b920e55051c1ae508788f5,9.1.0,"[16879, 16842, 16805, 16768, 16731, 16694, 16657, 16877, 16840, 16803, 16766, 16729, 16692, 16655, 16875, 16838, 16801, 16764, 16727, 16690, 16653, 16873, 16836, 16799, 16762, 16725, 16688, 16651, 16871, 16834, 16797, 16760, 16723, 16686, 16649, 16869, 16832, 16795, 16758, 16721, 16684, 16647, 16867, 16830, 16793, 16756, 16719, 16682]","[2, 2, 2, 2, 2, 2, 2, 2, 2, 2, 2, 2, 2, 2, 2, 2, 2, 2, 2, 2, 2, 2, 2, 2, 2, 2, 2, 2, 2, 2, 2, 2, 2, 2, 2, 2, 2, 2, 2, 2, 2, 2, 2, 2, 2, 2, 2, 2]",full_verify_d2_m96_kv16896_ragged_compact_tp4,True,npu:5,5,Ascend950PR_957b,2,bfloat16,False,256,"[16384, 256, 256, 1]",16896,ragged,96,2,16647,28,1,6,56,64,profile/full/full_verify_d2_m96_kv16896_ragged_compact_tp4/memory/TENCENT64-124_1376542_20260829224303634_ascend_pt__ASCEND_PROFILER_OUTPUT__op_statistic.csv.gz,12597,memory,3.11.10,96,"[1536, 256, 1]",48,profile_artifact,"[16879, 16842, 16805, 16768, 16731, 16694, 16657, 16877, 16840, 16803, 16766, 16729, 16692, 16655, 16875, 16838, 16801, 16764, 16727, 16690, 16653, 16873, 16836, 16799, 16762, 16725, 16688, 16651, 16871, 16834, 16797, 16760, 16723, 16686, 16649, 16869, 16832, 16795, 16758, 16721, 16684, 16647, 16867, 16830, 16793, 16756, 16719, 16682]","[2, 2, 2, 2, 2, 2, 2, 2, 2, 2, 2, 2, 2, 2, 2, 2, 2, 2, 2, 2, 2, 2, 2, 2, 2, 2, 2, 2, 2, 2, 2, 2, 2, 2, 2, 2, 2, 2, 2, 2, 2, 2, 2, 2, 2, 2, 2, 2]",48,1,20260829,4c6d63b478f3922d82bf9ffd21d959cac74b349b19cf430bef1eadcddf97bb56,float32,296,0.09119556747428784,CAPTURED,,compact,verify_d2,2.10.0.post4.dev20260715,2.10.0+cpu,4,3.2.0,246,dbdc4f0a3571c50fecb8c9565f5436a5f3bb7fd8
full,c47f9bdcfb879eb73723521240a48a9bae99349d094a1fb82563535aabde82ec,dbdc4f0a3571c50fecb8c9565f5436a5f3bb7fd8,"[264, 1]",264,native_NHD_then_page_head_token_dim_permute,61833913fc8b068998539f6b5a78c498ae56ac7597b920e55051c1ae508788f5,9.1.0,"[16879, 16842, 16805, 16768, 16731, 16694, 16657, 16877, 16840, 16803, 16766, 16729, 16692, 16655, 16875, 16838, 16801, 16764, 16727, 16690, 16653, 16873, 16836, 16799, 16762, 16725, 16688, 16651, 16871, 16834, 16797, 16760, 16723, 16686, 16649, 16869, 16832, 16795, 16758, 16721, 16684, 16647, 16867, 16830, 16793, 16756, 16719, 16682]","[2, 2, 2, 2, 2, 2, 2, 2, 2, 2, 2, 2, 2, 2, 2, 2, 2, 2, 2, 2, 2, 2, 2, 2, 2, 2, 2, 2, 2, 2, 2, 2, 2, 2, 2, 2, 2, 2, 2, 2, 2, 2, 2, 2, 2, 2, 2, 2]",full_verify_d2_m96_kv16896_ragged_compact_tp4,True,npu:5,5,Ascend950PR_957b,2,bfloat16,False,256,"[16384, 256, 256, 1]",16896,ragged,96,2,16647,28,1,6,56,64,profile/full/full_verify_d2_m96_kv16896_ragged_compact_tp4/memory/TENCENT64-124_1376542_20260829224303634_ascend_pt__ASCEND_PROFILER_OUTPUT__operator_details.csv.gz,12597,memory,3.11.10,96,"[1536, 256, 1]",48,profile_artifact,"[16879, 16842, 16805, 16768, 16731, 16694, 16657, 16877, 16840, 16803, 16766, 16729, 16692, 16655, 16875, 16838, 16801, 16764, 16727, 16690, 16653, 16873, 16836, 16799, 16762, 16725, 16688, 16651, 16871, 16834, 16797, 16760, 16723, 16686, 16649, 16869, 16832, 16795, 16758, 16721, 16684, 16647, 16867, 16830, 16793, 16756, 16719, 16682]","[2, 2, 2, 2, 2, 2, 2, 2, 2, 2, 2, 2, 2, 2, 2, 2, 2, 2, 2, 2, 2, 2, 2, 2, 2, 2, 2, 2, 2, 2, 2, 2, 2, 2, 2, 2, 2, 2, 2, 2, 2, 2, 2, 2, 2, 2, 2, 2]",48,1,20260829,056c261ff703cee3de695c8f87a023c1f94e6e795e8fa077b520b49d29bf47c6,float32,566,0.09119556747428784,CAPTURED,,compact,verify_d2,2.10.0.post4.dev20260715,2.10.0+cpu,4,3.2.0,1573,dbdc4f0a3571c50fecb8c9565f5436a5f3bb7fd8
full,c47f9bdcfb879eb73723521240a48a9bae99349d094a1fb82563535aabde82ec,dbdc4f0a3571c50fecb8c9565f5436a5f3bb7fd8,"[264, 1]",264,native_NHD_then_page_head_token_dim_permute,61833913fc8b068998539f6b5a78c498ae56ac7597b920e55051c1ae508788f5,9.1.0,"[16879, 16842, 16805, 16768, 16731, 16694, 16657, 16877, 16840, 16803, 16766, 16729, 16692, 16655, 16875, 16838, 16801, 16764, 16727, 16690, 16653, 16873, 16836, 16799, 16762, 16725, 16688, 16651, 16871, 16834, 16797, 16760, 16723, 16686, 16649, 16869, 16832, 16795, 16758, 16721, 16684, 16647, 16867, 16830, 16793, 16756, 16719, 16682]","[2, 2, 2, 2, 2, 2, 2, 2, 2, 2, 2, 2, 2, 2, 2, 2, 2, 2, 2, 2, 2, 2, 2, 2, 2, 2, 2, 2, 2, 2, 2, 2, 2, 2, 2, 2, 2, 2, 2, 2, 2, 2, 2, 2, 2, 2, 2, 2]",full_verify_d2_m96_kv16896_ragged_compact_tp4,True,npu:5,5,Ascend950PR_957b,2,bfloat16,False,256,"[16384, 256, 256, 1]",16896,ragged,96,2,16647,28,1,6,56,64,profile/full/full_verify_d2_m96_kv16896_ragged_compact_tp4/memory/TENCENT64-124_1376542_20260829224303634_ascend_pt__ASCEND_PROFILER_OUTPUT__step_trace_time.csv.gz,12597,memory,3.11.10,96,"[1536, 256, 1]",48,profile_artifact,"[16879, 16842, 16805, 16768, 16731, 16694, 16657, 16877, 16840, 16803, 16766, 16729, 16692, 16655, 16875, 16838, 16801, 16764, 16727, 16690, 16653, 16873, 16836, 16799, 16762, 16725, 16688, 16651, 16871, 16834, 16797, 16760, 16723, 16686, 16649, 16869, 16832, 16795, 16758, 16721, 16684, 16647, 16867, 16830, 16793, 16756, 16719, 16682]","[2, 2, 2, 2, 2, 2, 2, 2, 2, 2, 2, 2, 2, 2, 2, 2, 2, 2, 2, 2, 2, 2, 2, 2, 2, 2, 2, 2, 2, 2, 2, 2, 2, 2, 2, 2, 2, 2, 2, 2, 2, 2, 2, 2, 2, 2, 2, 2]",48,1,20260829,40d69a57ef2f3f0bdfc555b9ccf37ed96225248fe2f46d4b2a1dfe15b288ca80,float32,264,0.09119556747428784,CAPTURED,,compact,verify_d2,2.10.0.post4.dev20260715,2.10.0+cpu,4,3.2.0,227,dbdc4f0a3571c50fecb8c9565f5436a5f3bb7fd8
full,c47f9bdcfb879eb73723521240a48a9bae99349d094a1fb82563535aabde82ec,dbdc4f0a3571c50fecb8c9565f5436a5f3bb7fd8,"[264, 1]",264,native_NHD_then_page_head_token_dim_permute,61833913fc8b068998539f6b5a78c498ae56ac7597b920e55051c1ae508788f5,9.1.0,"[16879, 16842, 16805, 16768, 16731, 16694, 16657, 16877, 16840, 16803, 16766, 16729, 16692, 16655, 16875, 16838, 16801, 16764, 16727, 16690, 16653, 16873, 16836, 16799, 16762, 16725, 16688, 16651, 16871, 16834, 16797, 16760, 16723, 16686, 16649, 16869, 16832, 16795, 16758, 16721, 16684, 16647, 16867, 16830, 16793, 16756, 16719, 16682]","[2, 2, 2, 2, 2, 2, 2, 2, 2, 2, 2, 2, 2, 2, 2, 2, 2, 2, 2, 2, 2, 2, 2, 2, 2, 2, 2, 2, 2, 2, 2, 2, 2, 2, 2, 2, 2, 2, 2, 2, 2, 2, 2, 2, 2, 2, 2, 2]",full_verify_d2_m96_kv16896_ragged_compact_tp4,True,npu:5,5,Ascend950PR_957b,2,bfloat16,False,256,"[16384, 256, 256, 1]",16896,ragged,96,2,16647,28,1,6,56,64,profile/full/full_verify_d2_m96_kv16896_ragged_compact_tp4/memory/TENCENT64-124_1376542_20260829224303634_ascend_pt__ASCEND_PROFILER_OUTPUT__trace_view.json.gz,12597,memory,3.11.10,96,"[1536, 256, 1]",48,profile_artifact,"[16879, 16842, 16805, 16768, 16731, 16694, 16657, 16877, 16840, 16803, 16766, 16729, 16692, 16655, 16875, 16838, 16801, 16764, 16727, 16690, 16653, 16873, 16836, 16799, 16762, 16725, 16688, 16651, 16871, 16834, 16797, 16760, 16723, 16686, 16649, 16869, 16832, 16795, 16758, 16721, 16684, 16647, 16867, 16830, 16793, 16756, 16719, 16682]","[2, 2, 2, 2, 2, 2, 2, 2, 2, 2, 2, 2, 2, 2, 2, 2, 2, 2, 2, 2, 2, 2, 2, 2, 2, 2, 2, 2, 2, 2, 2, 2, 2, 2, 2, 2, 2, 2, 2, 2, 2, 2, 2, 2, 2, 2, 2, 2]",48,1,20260829,4d8e7100a6f39f8014702a15971119e18d52ed28ca36e508d6a6893bcceef91b,float32,3407,0.09119556747428784,CAPTURED,,compact,verify_d2,2.10.0.post4.dev20260715,2.10.0+cpu,4,3.2.0,38971,dbdc4f0a3571c50fecb8c9565f5436a5f3bb7fd8
full,c47f9bdcfb879eb73723521240a48a9bae99349d094a1fb82563535aabde82ec,dbdc4f0a3571c50fecb8c9565f5436a5f3bb7fd8,"[264, 1]",264,native_NHD_then_page_head_token_dim_permute,61833913fc8b068998539f6b5a78c498ae56ac7597b920e55051c1ae508788f5,9.1.0,"[16879, 16842, 16805, 16768, 16731, 16694, 16657, 16877, 16840, 16803, 16766, 16729, 16692, 16655, 16875, 16838, 16801, 16764, 16727, 16690, 16653, 16873, 16836, 16799, 16762, 16725, 16688, 16651, 16871, 16834, 16797, 16760, 16723, 16686, 16649, 16869, 16832, 16795, 16758, 16721, 16684, 16647, 16867, 16830, 16793, 16756, 16719, 16682]","[2, 2, 2, 2, 2, 2, 2, 2, 2, 2, 2, 2, 2, 2, 2, 2, 2, 2, 2, 2, 2, 2, 2, 2, 2, 2, 2, 2, 2, 2, 2, 2, 2, 2, 2, 2, 2, 2, 2, 2, 2, 2, 2, 2, 2, 2, 2, 2]",full_verify_d2_m96_kv16896_ragged_compact_tp4,True,npu:5,5,Ascend950PR_957b,2,bfloat16,False,256,"[16384, 256, 256, 1]",16896,ragged,96,2,16647,28,1,6,56,64,profile/full/full_verify_d2_m96_kv16896_ragged_compact_tp4/memory/TENCENT64-124_1376542_20260829224303634_ascend_pt__PROF_000002_20260829224303662_01376542MOILNOFJ__mindstudio_profiler_output__l2_cache_20260829224305.csv.gz,12597,memory,3.11.10,96,"[1536, 256, 1]",48,profile_artifact,"[16879, 16842, 16805, 16768, 16731, 16694, 16657, 16877, 16840, 16803, 16766, 16729, 16692, 16655, 16875, 16838, 16801, 16764, 16727, 16690, 16653, 16873, 16836, 16799, 16762, 16725, 16688, 16651, 16871, 16834, 16797, 16760, 16723, 16686, 16649, 16869, 16832, 16795, 16758, 16721, 16684, 16647, 16867, 16830, 16793, 16756, 16719, 16682]","[2, 2, 2, 2, 2, 2, 2, 2, 2, 2, 2, 2, 2, 2, 2, 2, 2, 2, 2, 2, 2, 2, 2, 2, 2, 2, 2, 2, 2, 2, 2, 2, 2, 2, 2, 2, 2, 2, 2, 2, 2, 2, 2, 2, 2, 2, 2, 2]",48,1,20260829,182f57b68ab94d7f005d7bf538346e0fe19772db0073871be4d4ea273c310639,float32,347,0.09119556747428784,CAPTURED,,compact,verify_d2,2.10.0.post4.dev20260715,2.10.0+cpu,4,3.2.0,378,dbdc4f0a3571c50fecb8c9565f5436a5f3bb7fd8
full,c47f9bdcfb879eb73723521240a48a9bae99349d094a1fb82563535aabde82ec,dbdc4f0a3571c50fecb8c9565f5436a5f3bb7fd8,"[264, 1]",264,native_NHD_then_page_head_token_dim_permute,61833913fc8b068998539f6b5a78c498ae56ac7597b920e55051c1ae508788f5,9.1.0,"[16879, 16842, 16805, 16768, 16731, 16694, 16657, 16877, 16840, 16803, 16766, 16729, 16692, 16655, 16875, 16838, 16801, 16764, 16727, 16690, 16653, 16873, 16836, 16799, 16762, 16725, 16688, 16651, 16871, 16834, 16797, 16760, 16723, 16686, 16649, 16869, 16832, 16795, 16758, 16721, 16684, 16647, 16867, 16830, 16793, 16756, 16719, 16682]","[2, 2, 2, 2, 2, 2, 2, 2, 2, 2, 2, 2, 2, 2, 2, 2, 2, 2, 2, 2, 2, 2, 2, 2, 2, 2, 2, 2, 2, 2, 2, 2, 2, 2, 2, 2, 2, 2, 2, 2, 2, 2, 2, 2, 2, 2, 2, 2]",full_verify_d2_m96_kv16896_ragged_compact_tp4,True,npu:5,5,Ascend950PR_957b,2,bfloat16,False,256,"[16384, 256, 256, 1]",16896,ragged,96,2,16647,28,1,6,56,64,profile/full/full_verify_d2_m96_kv16896_ragged_compact_tp4/memory/TENCENT64-124_1376542_20260829224303634_ascend_pt__profiler_info.json.gz,12597,memory,3.11.10,96,"[1536, 256, 1]",48,profile_artifact,"[16879, 16842, 16805, 16768, 16731, 16694, 16657, 16877, 16840, 16803, 16766, 16729, 16692, 16655, 16875, 16838, 16801, 16764, 16727, 16690, 16653, 16873, 16836, 16799, 16762, 16725, 16688, 16651, 16871, 16834, 16797, 16760, 16723, 16686, 16649, 16869, 16832, 16795, 16758, 16721, 16684, 16647, 16867, 16830, 16793, 16756, 16719, 16682]","[2, 2, 2, 2, 2, 2, 2, 2, 2, 2, 2, 2, 2, 2, 2, 2, 2, 2, 2, 2, 2, 2, 2, 2, 2, 2, 2, 2, 2, 2, 2, 2, 2, 2, 2, 2, 2, 2, 2, 2, 2, 2, 2, 2, 2, 2, 2, 2]",48,1,20260829,ea1d4abc58a1a04f4bdc24f3b886938d762662b2dd9b2cf5bb04f2f190f1fd8f,float32,603,0.09119556747428784,CAPTURED,,compact,verify_d2,2.10.0.post4.dev20260715,2.10.0+cpu,4,3.2.0,1372,dbdc4f0a3571c50fecb8c9565f5436a5f3bb7fd8
full,c47f9bdcfb879eb73723521240a48a9bae99349d094a1fb82563535aabde82ec,dbdc4f0a3571c50fecb8c9565f5436a5f3bb7fd8,"[264, 1]",264,native_NHD_then_page_head_token_dim_permute,61833913fc8b068998539f6b5a78c498ae56ac7597b920e55051c1ae508788f5,9.1.0,"[16879, 16842, 16805, 16768, 16731, 16694, 16657, 16877, 16840, 16803, 16766, 16729, 16692, 16655, 16875, 16838, 16801, 16764, 16727, 16690, 16653, 16873, 16836, 16799, 16762, 16725, 16688, 16651, 16871, 16834, 16797, 16760, 16723, 16686, 16649, 16869, 16832, 16795, 16758, 16721, 16684, 16647, 16867, 16830, 16793, 16756, 16719, 16682, 16645, 16865, 16828, 16791, 16754, 16717, 16680, 16643]","[2, 2, 2, 2, 2, 2, 2, 2, 2, 2, 2, 2, 2, 2, 2, 2, 2, 2, 2, 2, 2, 2, 2, 2, 2, 2, 2, 2, 2, 2, 2, 2, 2, 2, 2, 2, 2, 2, 2, 2, 2, 2, 2, 2, 2, 2, 2, 2, 2, 2, 2, 2, 2, 2, 2, 2]",full_verify_d2_m112_kv16896_ragged_compact_tp4,True,npu:5,5,Ascend950PR_957b,2,bfloat16,False,256,"[16384, 256, 256, 1]",16896,ragged,112,2,16643,28,1,6,56,64,profile/full/full_verify_d2_m112_kv16896_ragged_compact_tp4/pipe_utilization/TENCENT64-124_1376542_20260829224307644_ascend_pt__ASCEND_PROFILER_OUTPUT__kernel_details.csv.gz,14694,pipe_utilization,3.11.10,112,"[1536, 256, 1]",56,profile_artifact,"[16879, 16842, 16805, 16768, 16731, 16694, 16657, 16877, 16840, 16803, 16766, 16729, 16692, 16655, 16875, 16838, 16801, 16764, 16727, 16690, 16653, 16873, 16836, 16799, 16762, 16725, 16688, 16651, 16871, 16834, 16797, 16760, 16723, 16686, 16649, 16869, 16832, 16795, 16758, 16721, 16684, 16647, 16867, 16830, 16793, 16756, 16719, 16682, 16645, 16865, 16828, 16791, 16754, 16717, 16680, 16643]","[2, 2, 2, 2, 2, 2, 2, 2, 2, 2, 2, 2, 2, 2, 2, 2, 2, 2, 2, 2, 2, 2, 2, 2, 2, 2, 2, 2, 2, 2, 2, 2, 2, 2, 2, 2, 2, 2, 2, 2, 2, 2, 2, 2, 2, 2, 2, 2, 2, 2, 2, 2, 2, 2, 2, 2]",56,1,20260829,785649b8ee27efb11a7f79f1fa2e40034129ea37ddcbc254d0ab1f7ba3f1ac30,float32,1060,0.09119556747428784,CAPTURED,,compact,verify_d2,2.10.0.post4.dev20260715,2.10.0+cpu,4,3.2.0,3094,dbdc4f0a3571c50fecb8c9565f5436a5f3bb7fd8
full,c47f9bdcfb879eb73723521240a48a9bae99349d094a1fb82563535aabde82ec,dbdc4f0a3571c50fecb8c9565f5436a5f3bb7fd8,"[264, 1]",264,native_NHD_then_page_head_token_dim_permute,61833913fc8b068998539f6b5a78c498ae56ac7597b920e55051c1ae508788f5,9.1.0,"[16879, 16842, 16805, 16768, 16731, 16694, 16657, 16877, 16840, 16803, 16766, 16729, 16692, 16655, 16875, 16838, 16801, 16764, 16727, 16690, 16653, 16873, 16836, 16799, 16762, 16725, 16688, 16651, 16871, 16834, 16797, 16760, 16723, 16686, 16649, 16869, 16832, 16795, 16758, 16721, 16684, 16647, 16867, 16830, 16793, 16756, 16719, 16682, 16645, 16865, 16828, 16791, 16754, 16717, 16680, 16643]","[2, 2, 2, 2, 2, 2, 2, 2, 2, 2, 2, 2, 2, 2, 2, 2, 2, 2, 2, 2, 2, 2, 2, 2, 2, 2, 2, 2, 2, 2, 2, 2, 2, 2, 2, 2, 2, 2, 2, 2, 2, 2, 2, 2, 2, 2, 2, 2, 2, 2, 2, 2, 2, 2, 2, 2]",full_verify_d2_m112_kv16896_ragged_compact_tp4,True,npu:5,5,Ascend950PR_957b,2,bfloat16,False,256,"[16384, 256, 256, 1]",16896,ragged,112,2,16643,28,1,6,56,64,profile/full/full_verify_d2_m112_kv16896_ragged_compact_tp4/pipe_utilization/TENCENT64-124_1376542_20260829224307644_ascend_pt__ASCEND_PROFILER_OUTPUT__l2_cache.csv.gz,14694,pipe_utilization,3.11.10,112,"[1536, 256, 1]",56,profile_artifact,"[16879, 16842, 16805, 16768, 16731, 16694, 16657, 16877, 16840, 16803, 16766, 16729, 16692, 16655, 16875, 16838, 16801, 16764, 16727, 16690, 16653, 16873, 16836, 16799, 16762, 16725, 16688, 16651, 16871, 16834, 16797, 16760, 16723, 16686, 16649, 16869, 16832, 16795, 16758, 16721, 16684, 16647, 16867, 16830, 16793, 16756, 16719, 16682, 16645, 16865, 16828, 16791, 16754, 16717, 16680, 16643]","[2, 2, 2, 2, 2, 2, 2, 2, 2, 2, 2, 2, 2, 2, 2, 2, 2, 2, 2, 2, 2, 2, 2, 2, 2, 2, 2, 2, 2, 2, 2, 2, 2, 2, 2, 2, 2, 2, 2, 2, 2, 2, 2, 2, 2, 2, 2, 2, 2, 2, 2, 2, 2, 2, 2, 2]",56,1,20260829,db58bb36f159da94e9de46cd58afa1351b48bf91abffb730b367f671e6f6d1e4,float32,280,0.09119556747428784,CAPTURED,,compact,verify_d2,2.10.0.post4.dev20260715,2.10.0+cpu,4,3.2.0,384,dbdc4f0a3571c50fecb8c9565f5436a5f3bb7fd8
full,c47f9bdcfb879eb73723521240a48a9bae99349d094a1fb82563535aabde82ec,dbdc4f0a3571c50fecb8c9565f5436a5f3bb7fd8,"[264, 1]",264,native_NHD_then_page_head_token_dim_permute,61833913fc8b068998539f6b5a78c498ae56ac7597b920e55051c1ae508788f5,9.1.0,"[16879, 16842, 16805, 16768, 16731, 16694, 16657, 16877, 16840, 16803, 16766, 16729, 16692, 16655, 16875, 16838, 16801, 16764, 16727, 16690, 16653, 16873, 16836, 16799, 16762, 16725, 16688, 16651, 16871, 16834, 16797, 16760, 16723, 16686, 16649, 16869, 16832, 16795, 16758, 16721, 16684, 16647, 16867, 16830, 16793, 16756, 16719, 16682, 16645, 16865, 16828, 16791, 16754, 16717, 16680, 16643]","[2, 2, 2, 2, 2, 2, 2, 2, 2, 2, 2, 2, 2, 2, 2, 2, 2, 2, 2, 2, 2, 2, 2, 2, 2, 2, 2, 2, 2, 2, 2, 2, 2, 2, 2, 2, 2, 2, 2, 2, 2, 2, 2, 2, 2, 2, 2, 2, 2, 2, 2, 2, 2, 2, 2, 2]",full_verify_d2_m112_kv16896_ragged_compact_tp4,True,npu:5,5,Ascend950PR_957b,2,bfloat16,False,256,"[16384, 256, 256, 1]",16896,ragged,112,2,16643,28,1,6,56,64,profile/full/full_verify_d2_m112_kv16896_ragged_compact_tp4/pipe_utilization/TENCENT64-124_1376542_20260829224307644_ascend_pt__ASCEND_PROFILER_OUTPUT__op_statistic.csv.gz,14694,pipe_utilization,3.11.10,112,"[1536, 256, 1]",56,profile_artifact,"[16879, 16842, 16805, 16768, 16731, 16694, 16657, 16877, 16840, 16803, 16766, 16729, 16692, 16655, 16875, 16838, 16801, 16764, 16727, 16690, 16653, 16873, 16836, 16799, 16762, 16725, 16688, 16651, 16871, 16834, 16797, 16760, 16723, 16686, 16649, 16869, 16832, 16795, 16758, 16721, 16684, 16647, 16867, 16830, 16793, 16756, 16719, 16682, 16645, 16865, 16828, 16791, 16754, 16717, 16680, 16643]","[2, 2, 2, 2, 2, 2, 2, 2, 2, 2, 2, 2, 2, 2, 2, 2, 2, 2, 2, 2, 2, 2, 2, 2, 2, 2, 2, 2, 2, 2, 2, 2, 2, 2, 2, 2, 2, 2, 2, 2, 2, 2, 2, 2, 2, 2, 2, 2, 2, 2, 2, 2, 2, 2, 2, 2]",56,1,20260829,1e1d35bc5d4056935b3ff76b5dda87de8af106d00a506276afceae58d3bc7ce2,float32,296,0.09119556747428784,CAPTURED,,compact,verify_d2,2.10.0.post4.dev20260715,2.10.0+cpu,4,3.2.0,246,dbdc4f0a3571c50fecb8c9565f5436a5f3bb7fd8
full,c47f9bdcfb879eb73723521240a48a9bae99349d094a1fb82563535aabde82ec,dbdc4f0a3571c50fecb8c9565f5436a5f3bb7fd8,"[264, 1]",264,native_NHD_then_page_head_token_dim_permute,61833913fc8b068998539f6b5a78c498ae56ac7597b920e55051c1ae508788f5,9.1.0,"[16879, 16842, 16805, 16768, 16731, 16694, 16657, 16877, 16840, 16803, 16766, 16729, 16692, 16655, 16875, 16838, 16801, 16764, 16727, 16690, 16653, 16873, 16836, 16799, 16762, 16725, 16688, 16651, 16871, 16834, 16797, 16760, 16723, 16686, 16649, 16869, 16832, 16795, 16758, 16721, 16684, 16647, 16867, 16830, 16793, 16756, 16719, 16682, 16645, 16865, 16828, 16791, 16754, 16717, 16680, 16643]","[2, 2, 2, 2, 2, 2, 2, 2, 2, 2, 2, 2, 2, 2, 2, 2, 2, 2, 2, 2, 2, 2, 2, 2, 2, 2, 2, 2, 2, 2, 2, 2, 2, 2, 2, 2, 2, 2, 2, 2, 2, 2, 2, 2, 2, 2, 2, 2, 2, 2, 2, 2, 2, 2, 2, 2]",full_verify_d2_m112_kv16896_ragged_compact_tp4,True,npu:5,5,Ascend950PR_957b,2,bfloat16,False,256,"[16384, 256, 256, 1]",16896,ragged,112,2,16643,28,1,6,56,64,profile/full/full_verify_d2_m112_kv16896_ragged_compact_tp4/pipe_utilization/TENCENT64-124_1376542_20260829224307644_ascend_pt__ASCEND_PROFILER_OUTPUT__operator_details.csv.gz,14694,pipe_utilization,3.11.10,112,"[1536, 256, 1]",56,profile_artifact,"[16879, 16842, 16805, 16768, 16731, 16694, 16657, 16877, 16840, 16803, 16766, 16729, 16692, 16655, 16875, 16838, 16801, 16764, 16727, 16690, 16653, 16873, 16836, 16799, 16762, 16725, 16688, 16651, 16871, 16834, 16797, 16760, 16723, 16686, 16649, 16869, 16832, 16795, 16758, 16721, 16684, 16647, 16867, 16830, 16793, 16756, 16719, 16682, 16645, 16865, 16828, 16791, 16754, 16717, 16680, 16643]","[2, 2, 2, 2, 2, 2, 2, 2, 2, 2, 2, 2, 2, 2, 2, 2, 2, 2, 2, 2, 2, 2, 2, 2, 2, 2, 2, 2, 2, 2, 2, 2, 2, 2, 2, 2, 2, 2, 2, 2, 2, 2, 2, 2, 2, 2, 2, 2, 2, 2, 2, 2, 2, 2, 2, 2]",56,1,20260829,2236e7e199e09b147cb5180a5da5947a6272489c69308c6d13579e87ee96bad8,float32,567,0.09119556747428784,CAPTURED,,compact,verify_d2,2.10.0.post4.dev20260715,2.10.0+cpu,4,3.2.0,1579,dbdc4f0a3571c50fecb8c9565f5436a5f3bb7fd8
full,c47f9bdcfb879eb73723521240a48a9bae99349d094a1fb82563535aabde82ec,dbdc4f0a3571c50fecb8c9565f5436a5f3bb7fd8,"[264, 1]",264,native_NHD_then_page_head_token_dim_permute,61833913fc8b068998539f6b5a78c498ae56ac7597b920e55051c1ae508788f5,9.1.0,"[16879, 16842, 16805, 16768, 16731, 16694, 16657, 16877, 16840, 16803, 16766, 16729, 16692, 16655, 16875, 16838, 16801, 16764, 16727, 16690, 16653, 16873, 16836, 16799, 16762, 16725, 16688, 16651, 16871, 16834, 16797, 16760, 16723, 16686, 16649, 16869, 16832, 16795, 16758, 16721, 16684, 16647, 16867, 16830, 16793, 16756, 16719, 16682, 16645, 16865, 16828, 16791, 16754, 16717, 16680, 16643]","[2, 2, 2, 2, 2, 2, 2, 2, 2, 2, 2, 2, 2, 2, 2, 2, 2, 2, 2, 2, 2, 2, 2, 2, 2, 2, 2, 2, 2, 2, 2, 2, 2, 2, 2, 2, 2, 2, 2, 2, 2, 2, 2, 2, 2, 2, 2, 2, 2, 2, 2, 2, 2, 2, 2, 2]",full_verify_d2_m112_kv16896_ragged_compact_tp4,True,npu:5,5,Ascend950PR_957b,2,bfloat16,False,256,"[16384, 256, 256, 1]",16896,ragged,112,2,16643,28,1,6,56,64,profile/full/full_verify_d2_m112_kv16896_ragged_compact_tp4/pipe_utilization/TENCENT64-124_1376542_20260829224307644_ascend_pt__ASCEND_PROFILER_OUTPUT__step_trace_time.csv.gz,14694,pipe_utilization,3.11.10,112,"[1536, 256, 1]",56,profile_artifact,"[16879, 16842, 16805, 16768, 16731, 16694, 16657, 16877, 16840, 16803, 16766, 16729, 16692, 16655, 16875, 16838, 16801, 16764, 16727, 16690, 16653, 16873, 16836, 16799, 16762, 16725, 16688, 16651, 16871, 16834, 16797, 16760, 16723, 16686, 16649, 16869, 16832, 16795, 16758, 16721, 16684, 16647, 16867, 16830, 16793, 16756, 16719, 16682, 16645, 16865, 16828, 16791, 16754, 16717, 16680, 16643]","[2, 2, 2, 2, 2, 2, 2, 2, 2, 2, 2, 2, 2, 2, 2, 2, 2, 2, 2, 2, 2, 2, 2, 2, 2, 2, 2, 2, 2, 2, 2, 2, 2, 2, 2, 2, 2, 2, 2, 2, 2, 2, 2, 2, 2, 2, 2, 2, 2, 2, 2, 2, 2, 2, 2, 2]",56,1,20260829,7e38c6783fc63be90dd9924caa996892252d4f1b73bf32a515c4c80dd14d71b4,float32,259,0.09119556747428784,CAPTURED,,compact,verify_d2,2.10.0.post4.dev20260715,2.10.0+cpu,4,3.2.0,207,dbdc4f0a3571c50fecb8c9565f5436a5f3bb7fd8
full,c47f9bdcfb879eb73723521240a48a9bae99349d094a1fb82563535aabde82ec,dbdc4f0a3571c50fecb8c9565f5436a5f3bb7fd8,"[264, 1]",264,native_NHD_then_page_head_token_dim_permute,61833913fc8b068998539f6b5a78c498ae56ac7597b920e55051c1ae508788f5,9.1.0,"[16879, 16842, 16805, 16768, 16731, 16694, 16657, 16877, 16840, 16803, 16766, 16729, 16692, 16655, 16875, 16838, 16801, 16764, 16727, 16690, 16653, 16873, 16836, 16799, 16762, 16725, 16688, 16651, 16871, 16834, 16797, 16760, 16723, 16686, 16649, 16869, 16832, 16795, 16758, 16721, 16684, 16647, 16867, 16830, 16793, 16756, 16719, 16682, 16645, 16865, 16828, 16791, 16754, 16717, 16680, 16643]","[2, 2, 2, 2, 2, 2, 2, 2, 2, 2, 2, 2, 2, 2, 2, 2, 2, 2, 2, 2, 2, 2, 2, 2, 2, 2, 2, 2, 2, 2, 2, 2, 2, 2, 2, 2, 2, 2, 2, 2, 2, 2, 2, 2, 2, 2, 2, 2, 2, 2, 2, 2, 2, 2, 2, 2]",full_verify_d2_m112_kv16896_ragged_compact_tp4,True,npu:5,5,Ascend950PR_957b,2,bfloat16,False,256,"[16384, 256, 256, 1]",16896,ragged,112,2,16643,28,1,6,56,64,profile/full/full_verify_d2_m112_kv16896_ragged_compact_tp4/pipe_utilization/TENCENT64-124_1376542_20260829224307644_ascend_pt__ASCEND_PROFILER_OUTPUT__trace_view.json.gz,14694,pipe_utilization,3.11.10,112,"[1536, 256, 1]",56,profile_artifact,"[16879, 16842, 16805, 16768, 16731, 16694, 16657, 16877, 16840, 16803, 16766, 16729, 16692, 16655, 16875, 16838, 16801, 16764, 16727, 16690, 16653, 16873, 16836, 16799, 16762, 16725, 16688, 16651, 16871, 16834, 16797, 16760, 16723, 16686, 16649, 16869, 16832, 16795, 16758, 16721, 16684, 16647, 16867, 16830, 16793, 16756, 16719, 16682, 16645, 16865, 16828, 16791, 16754, 16717, 16680, 16643]","[2, 2, 2, 2, 2, 2, 2, 2, 2, 2, 2, 2, 2, 2, 2, 2, 2, 2, 2, 2, 2, 2, 2, 2, 2, 2, 2, 2, 2, 2, 2, 2, 2, 2, 2, 2, 2, 2, 2, 2, 2, 2, 2, 2, 2, 2, 2, 2, 2, 2, 2, 2, 2, 2, 2, 2]",56,1,20260829,258bed314f10023c365cdf9a427ad8a5b4e1e325bc149476e10ed4ed02bd50bf,float32,3458,0.09119556747428784,CAPTURED,,compact,verify_d2,2.10.0.post4.dev20260715,2.10.0+cpu,4,3.2.0,41469,dbdc4f0a3571c50fecb8c9565f5436a5f3bb7fd8
full,c47f9bdcfb879eb73723521240a48a9bae99349d094a1fb82563535aabde82ec,dbdc4f0a3571c50fecb8c9565f5436a5f3bb7fd8,"[264, 1]",264,native_NHD_then_page_head_token_dim_permute,61833913fc8b068998539f6b5a78c498ae56ac7597b920e55051c1ae508788f5,9.1.0,"[16879, 16842, 16805, 16768, 16731, 16694, 16657, 16877, 16840, 16803, 16766, 16729, 16692, 16655, 16875, 16838, 16801, 16764, 16727, 16690, 16653, 16873, 16836, 16799, 16762, 16725, 16688, 16651, 16871, 16834, 16797, 16760, 16723, 16686, 16649, 16869, 16832, 16795, 16758, 16721, 16684, 16647, 16867, 16830, 16793, 16756, 16719, 16682, 16645, 16865, 16828, 16791, 16754, 16717, 16680, 16643]","[2, 2, 2, 2, 2, 2, 2, 2, 2, 2, 2, 2, 2, 2, 2, 2, 2, 2, 2, 2, 2, 2, 2, 2, 2, 2, 2, 2, 2, 2, 2, 2, 2, 2, 2, 2, 2, 2, 2, 2, 2, 2, 2, 2, 2, 2, 2, 2, 2, 2, 2, 2, 2, 2, 2, 2]",full_verify_d2_m112_kv16896_ragged_compact_tp4,True,npu:5,5,Ascend950PR_957b,2,bfloat16,False,256,"[16384, 256, 256, 1]",16896,ragged,112,2,16643,28,1,6,56,64,profile/full/full_verify_d2_m112_kv16896_ragged_compact_tp4/pipe_utilization/TENCENT64-124_1376542_20260829224307644_ascend_pt__PROF_000003_20260829224307669_01376542PFEFAPKQ__mindstudio_profiler_output__l2_cache_20260829224309.csv.gz,14694,pipe_utilization,3.11.10,112,"[1536, 256, 1]",56,profile_artifact,"[16879, 16842, 16805, 16768, 16731, 16694, 16657, 16877, 16840, 16803, 16766, 16729, 16692, 16655, 16875, 16838, 16801, 16764, 16727, 16690, 16653, 16873, 16836, 16799, 16762, 16725, 16688, 16651, 16871, 16834, 16797, 16760, 16723, 16686, 16649, 16869, 16832, 16795, 16758, 16721, 16684, 16647, 16867, 16830, 16793, 16756, 16719, 16682, 16645, 16865, 16828, 16791, 16754, 16717, 16680, 16643]","[2, 2, 2, 2, 2, 2, 2, 2, 2, 2, 2, 2, 2, 2, 2, 2, 2, 2, 2, 2, 2, 2, 2, 2, 2, 2, 2, 2, 2, 2, 2, 2, 2, 2, 2, 2, 2, 2, 2, 2, 2, 2, 2, 2, 2, 2, 2, 2, 2, 2, 2, 2, 2, 2, 2, 2]",56,1,20260829,33f36476114155bea5601006a766dc068ded785c41c6b82d863cb0d97d5387a8,float32,345,0.09119556747428784,CAPTURED,,compact,verify_d2,2.10.0.post4.dev20260715,2.10.0+cpu,4,3.2.0,378,dbdc4f0a3571c50fecb8c9565f5436a5f3bb7fd8
full,c47f9bdcfb879eb73723521240a48a9bae99349d094a1fb82563535aabde82ec,dbdc4f0a3571c50fecb8c9565f5436a5f3bb7fd8,"[264, 1]",264,native_NHD_then_page_head_token_dim_permute,61833913fc8b068998539f6b5a78c498ae56ac7597b920e55051c1ae508788f5,9.1.0,"[16879, 16842, 16805, 16768, 16731, 16694, 16657, 16877, 16840, 16803, 16766, 16729, 16692, 16655, 16875, 16838, 16801, 16764, 16727, 16690, 16653, 16873, 16836, 16799, 16762, 16725, 16688, 16651, 16871, 16834, 16797, 16760, 16723, 16686, 16649, 16869, 16832, 16795, 16758, 16721, 16684, 16647, 16867, 16830, 16793, 16756, 16719, 16682, 16645, 16865, 16828, 16791, 16754, 16717, 16680, 16643]","[2, 2, 2, 2, 2, 2, 2, 2, 2, 2, 2, 2, 2, 2, 2, 2, 2, 2, 2, 2, 2, 2, 2, 2, 2, 2, 2, 2, 2, 2, 2, 2, 2, 2, 2, 2, 2, 2, 2, 2, 2, 2, 2, 2, 2, 2, 2, 2, 2, 2, 2, 2, 2, 2, 2, 2]",full_verify_d2_m112_kv16896_ragged_compact_tp4,True,npu:5,5,Ascend950PR_957b,2,bfloat16,False,256,"[16384, 256, 256, 1]",16896,ragged,112,2,16643,28,1,6,56,64,profile/full/full_verify_d2_m112_kv16896_ragged_compact_tp4/pipe_utilization/TENCENT64-124_1376542_20260829224307644_ascend_pt__profiler_info.json.gz,14694,pipe_utilization,3.11.10,112,"[1536, 256, 1]",56,profile_artifact,"[16879, 16842, 16805, 16768, 16731, 16694, 16657, 16877, 16840, 16803, 16766, 16729, 16692, 16655, 16875, 16838, 16801, 16764, 16727, 16690, 16653, 16873, 16836, 16799, 16762, 16725, 16688, 16651, 16871, 16834, 16797, 16760, 16723, 16686, 16649, 16869, 16832, 16795, 16758, 16721, 16684, 16647, 16867, 16830, 16793, 16756, 16719, 16682, 16645, 16865, 16828, 16791, 16754, 16717, 16680, 16643]","[2, 2, 2, 2, 2, 2, 2, 2, 2, 2, 2, 2, 2, 2, 2, 2, 2, 2, 2, 2, 2, 2, 2, 2, 2, 2, 2, 2, 2, 2, 2, 2, 2, 2, 2, 2, 2, 2, 2, 2, 2, 2, 2, 2, 2, 2, 2, 2, 2, 2, 2, 2, 2, 2, 2, 2]",56,1,20260829,4c5735343fcb026bd941c77a4a7f3714663342b6f25ff8998c7f7f7b34e62dee,float32,603,0.09119556747428784,CAPTURED,,compact,verify_d2,2.10.0.post4.dev20260715,2.10.0+cpu,4,3.2.0,1372,dbdc4f0a3571c50fecb8c9565f5436a5f3bb7fd8
full,c47f9bdcfb879eb73723521240a48a9bae99349d094a1fb82563535aabde82ec,dbdc4f0a3571c50fecb8c9565f5436a5f3bb7fd8,"[264, 1]",264,native_NHD_then_page_head_token_dim_permute,61833913fc8b068998539f6b5a78c498ae56ac7597b920e55051c1ae508788f5,9.1.0,"[16879, 16842, 16805, 16768, 16731, 16694, 16657, 16877, 16840, 16803, 16766, 16729, 16692, 16655, 16875, 16838, 16801, 16764, 16727, 16690, 16653, 16873, 16836, 16799, 16762, 16725, 16688, 16651, 16871, 16834, 16797, 16760, 16723, 16686, 16649, 16869, 16832, 16795, 16758, 16721, 16684, 16647, 16867, 16830, 16793, 16756, 16719, 16682, 16645, 16865, 16828, 16791, 16754, 16717, 16680, 16643]","[2, 2, 2, 2, 2, 2, 2, 2, 2, 2, 2, 2, 2, 2, 2, 2, 2, 2, 2, 2, 2, 2, 2, 2, 2, 2, 2, 2, 2, 2, 2, 2, 2, 2, 2, 2, 2, 2, 2, 2, 2, 2, 2, 2, 2, 2, 2, 2, 2, 2, 2, 2, 2, 2, 2, 2]",full_verify_d2_m112_kv16896_ragged_compact_tp4,True,npu:5,5,Ascend950PR_957b,2,bfloat16,False,256,"[16384, 256, 256, 1]",16896,ragged,112,2,16643,28,1,6,56,64,profile/full/full_verify_d2_m112_kv16896_ragged_compact_tp4/memory/TENCENT64-124_1376542_20260829224311353_ascend_pt__ASCEND_PROFILER_OUTPUT__kernel_details.csv.gz,14694,memory,3.11.10,112,"[1536, 256, 1]",56,profile_artifact,"[16879, 16842, 16805, 16768, 16731, 16694, 16657, 16877, 16840, 16803, 16766, 16729, 16692, 16655, 16875, 16838, 16801, 16764, 16727, 16690, 16653, 16873, 16836, 16799, 16762, 16725, 16688, 16651, 16871, 16834, 16797, 16760, 16723, 16686, 16649, 16869, 16832, 16795, 16758, 16721, 16684, 16647, 16867, 16830, 16793, 16756, 16719, 16682, 16645, 16865, 16828, 16791, 16754, 16717, 16680, 16643]","[2, 2, 2, 2, 2, 2, 2, 2, 2, 2, 2, 2, 2, 2, 2, 2, 2, 2, 2, 2, 2, 2, 2, 2, 2, 2, 2, 2, 2, 2, 2, 2, 2, 2, 2, 2, 2, 2, 2, 2, 2, 2, 2, 2, 2, 2, 2, 2, 2, 2, 2, 2, 2, 2, 2, 2]",56,1,20260829,1cdeefd3022c79715aa788b19a8be70f7a71a296390b1f4ab2f3637cd59139e0,float32,851,0.09119556747428784,CAPTURED,,compact,verify_d2,2.10.0.post4.dev20260715,2.10.0+cpu,4,3.2.0,2394,dbdc4f0a3571c50fecb8c9565f5436a5f3bb7fd8
full,c47f9bdcfb879eb73723521240a48a9bae99349d094a1fb82563535aabde82ec,dbdc4f0a3571c50fecb8c9565f5436a5f3bb7fd8,"[264, 1]",264,native_NHD_then_page_head_token_dim_permute,61833913fc8b068998539f6b5a78c498ae56ac7597b920e55051c1ae508788f5,9.1.0,"[16879, 16842, 16805, 16768, 16731, 16694, 16657, 16877, 16840, 16803, 16766, 16729, 16692, 16655, 16875, 16838, 16801, 16764, 16727, 16690, 16653, 16873, 16836, 16799, 16762, 16725, 16688, 16651, 16871, 16834, 16797, 16760, 16723, 16686, 16649, 16869, 16832, 16795, 16758, 16721, 16684, 16647, 16867, 16830, 16793, 16756, 16719, 16682, 16645, 16865, 16828, 16791, 16754, 16717, 16680, 16643]","[2, 2, 2, 2, 2, 2, 2, 2, 2, 2, 2, 2, 2, 2, 2, 2, 2, 2, 2, 2, 2, 2, 2, 2, 2, 2, 2, 2, 2, 2, 2, 2, 2, 2, 2, 2, 2, 2, 2, 2, 2, 2, 2, 2, 2, 2, 2, 2, 2, 2, 2, 2, 2, 2, 2, 2]",full_verify_d2_m112_kv16896_ragged_compact_tp4,True,npu:5,5,Ascend950PR_957b,2,bfloat16,False,256,"[16384, 256, 256, 1]",16896,ragged,112,2,16643,28,1,6,56,64,profile/full/full_verify_d2_m112_kv16896_ragged_compact_tp4/memory/TENCENT64-124_1376542_20260829224311353_ascend_pt__ASCEND_PROFILER_OUTPUT__l2_cache.csv.gz,14694,memory,3.11.10,112,"[1536, 256, 1]",56,profile_artifact,"[16879, 16842, 16805, 16768, 16731, 16694, 16657, 16877, 16840, 16803, 16766, 16729, 16692, 16655, 16875, 16838, 16801, 16764, 16727, 16690, 16653, 16873, 16836, 16799, 16762, 16725, 16688, 16651, 16871, 16834, 16797, 16760, 16723, 16686, 16649, 16869, 16832, 16795, 16758, 16721, 16684, 16647, 16867, 16830, 16793, 16756, 16719, 16682, 16645, 16865, 16828, 16791, 16754, 16717, 16680, 16643]","[2, 2, 2, 2, 2, 2, 2, 2, 2, 2, 2, 2, 2, 2, 2, 2, 2, 2, 2, 2, 2, 2, 2, 2, 2, 2, 2, 2, 2, 2, 2, 2, 2, 2, 2, 2, 2, 2, 2, 2, 2, 2, 2, 2, 2, 2, 2, 2, 2, 2, 2, 2, 2, 2, 2, 2]",56,1,20260829,656587df5c23ad5ade961a8e6c80b80d4330fa3f9dbafae495044c87fbf47e43,float32,283,0.09119556747428784,CAPTURED,,compact,verify_d2,2.10.0.post4.dev20260715,2.10.0+cpu,4,3.2.0,385,dbdc4f0a3571c50fecb8c9565f5436a5f3bb7fd8
full,c47f9bdcfb879eb73723521240a48a9bae99349d094a1fb82563535aabde82ec,dbdc4f0a3571c50fecb8c9565f5436a5f3bb7fd8,"[264, 1]",264,native_NHD_then_page_head_token_dim_permute,61833913fc8b068998539f6b5a78c498ae56ac7597b920e55051c1ae508788f5,9.1.0,"[16879, 16842, 16805, 16768, 16731, 16694, 16657, 16877, 16840, 16803, 16766, 16729, 16692, 16655, 16875, 16838, 16801, 16764, 16727, 16690, 16653, 16873, 16836, 16799, 16762, 16725, 16688, 16651, 16871, 16834, 16797, 16760, 16723, 16686, 16649, 16869, 16832, 16795, 16758, 16721, 16684, 16647, 16867, 16830, 16793, 16756, 16719, 16682, 16645, 16865, 16828, 16791, 16754, 16717, 16680, 16643]","[2, 2, 2, 2, 2, 2, 2, 2, 2, 2, 2, 2, 2, 2, 2, 2, 2, 2, 2, 2, 2, 2, 2, 2, 2, 2, 2, 2, 2, 2, 2, 2, 2, 2, 2, 2, 2, 2, 2, 2, 2, 2, 2, 2, 2, 2, 2, 2, 2, 2, 2, 2, 2, 2, 2, 2]",full_verify_d2_m112_kv16896_ragged_compact_tp4,True,npu:5,5,Ascend950PR_957b,2,bfloat16,False,256,"[16384, 256, 256, 1]",16896,ragged,112,2,16643,28,1,6,56,64,profile/full/full_verify_d2_m112_kv16896_ragged_compact_tp4/memory/TENCENT64-124_1376542_20260829224311353_ascend_pt__ASCEND_PROFILER_OUTPUT__op_statistic.csv.gz,14694,memory,3.11.10,112,"[1536, 256, 1]",56,profile_artifact,"[16879, 16842, 16805, 16768, 16731, 16694, 16657, 16877, 16840, 16803, 16766, 16729, 16692, 16655, 16875, 16838, 16801, 16764, 16727, 16690, 16653, 16873, 16836, 16799, 16762, 16725, 16688, 16651, 16871, 16834, 16797, 16760, 16723, 16686, 16649, 16869, 16832, 16795, 16758, 16721, 16684, 16647, 16867, 16830, 16793, 16756, 16719, 16682, 16645, 16865, 16828, 16791, 16754, 16717, 16680, 16643]","[2, 2, 2, 2, 2, 2, 2, 2, 2, 2, 2, 2, 2, 2, 2, 2, 2, 2, 2, 2, 2, 2, 2, 2, 2, 2, 2, 2, 2, 2, 2, 2, 2, 2, 2, 2, 2, 2, 2, 2, 2, 2, 2, 2, 2, 2, 2, 2, 2, 2, 2, 2, 2, 2, 2, 2]",56,1,20260829,a430633852732349fd1d0bdaef653f0ce1bf6e9beb0b6cdaedf41875105409e6,float32,296,0.09119556747428784,CAPTURED,,compact,verify_d2,2.10.0.post4.dev20260715,2.10.0+cpu,4,3.2.0,247,dbdc4f0a3571c50fecb8c9565f5436a5f3bb7fd8
full,c47f9bdcfb879eb73723521240a48a9bae99349d094a1fb82563535aabde82ec,dbdc4f0a3571c50fecb8c9565f5436a5f3bb7fd8,"[264, 1]",264,native_NHD_then_page_head_token_dim_permute,61833913fc8b068998539f6b5a78c498ae56ac7597b920e55051c1ae508788f5,9.1.0,"[16879, 16842, 16805, 16768, 16731, 16694, 16657, 16877, 16840, 16803, 16766, 16729, 16692, 16655, 16875, 16838, 16801, 16764, 16727, 16690, 16653, 16873, 16836, 16799, 16762, 16725, 16688, 16651, 16871, 16834, 16797, 16760, 16723, 16686, 16649, 16869, 16832, 16795, 16758, 16721, 16684, 16647, 16867, 16830, 16793, 16756, 16719, 16682, 16645, 16865, 16828, 16791, 16754, 16717, 16680, 16643]","[2, 2, 2, 2, 2, 2, 2, 2, 2, 2, 2, 2, 2, 2, 2, 2, 2, 2, 2, 2, 2, 2, 2, 2, 2, 2, 2, 2, 2, 2, 2, 2, 2, 2, 2, 2, 2, 2, 2, 2, 2, 2, 2, 2, 2, 2, 2, 2, 2, 2, 2, 2, 2, 2, 2, 2]",full_verify_d2_m112_kv16896_ragged_compact_tp4,True,npu:5,5,Ascend950PR_957b,2,bfloat16,False,256,"[16384, 256, 256, 1]",16896,ragged,112,2,16643,28,1,6,56,64,profile/full/full_verify_d2_m112_kv16896_ragged_compact_tp4/memory/TENCENT64-124_1376542_20260829224311353_ascend_pt__ASCEND_PROFILER_OUTPUT__operator_details.csv.gz,14694,memory,3.11.10,112,"[1536, 256, 1]",56,profile_artifact,"[16879, 16842, 16805, 16768, 16731, 16694, 16657, 16877, 16840, 16803, 16766, 16729, 16692, 16655, 16875, 16838, 16801, 16764, 16727, 16690, 16653, 16873, 16836, 16799, 16762, 16725, 16688, 16651, 16871, 16834, 16797, 16760, 16723, 16686, 16649, 16869, 16832, 16795, 16758, 16721, 16684, 16647, 16867, 16830, 16793, 16756, 16719, 16682, 16645, 16865, 16828, 16791, 16754, 16717, 16680, 16643]","[2, 2, 2, 2, 2, 2, 2, 2, 2, 2, 2, 2, 2, 2, 2, 2, 2, 2, 2, 2, 2, 2, 2, 2, 2, 2, 2, 2, 2, 2, 2, 2, 2, 2, 2, 2, 2, 2, 2, 2, 2, 2, 2, 2, 2, 2, 2, 2, 2, 2, 2, 2, 2, 2, 2, 2]",56,1,20260829,3195368d514d14723042bb9e3e06cdac5956fe792eb8d415b764f9a478f56822,float32,564,0.09119556747428784,CAPTURED,,compact,verify_d2,2.10.0.post4.dev20260715,2.10.0+cpu,4,3.2.0,1574,dbdc4f0a3571c50fecb8c9565f5436a5f3bb7fd8
full,c47f9bdcfb879eb73723521240a48a9bae99349d094a1fb82563535aabde82ec,dbdc4f0a3571c50fecb8c9565f5436a5f3bb7fd8,"[264, 1]",264,native_NHD_then_page_head_token_dim_permute,61833913fc8b068998539f6b5a78c498ae56ac7597b920e55051c1ae508788f5,9.1.0,"[16879, 16842, 16805, 16768, 16731, 16694, 16657, 16877, 16840, 16803, 16766, 16729, 16692, 16655, 16875, 16838, 16801, 16764, 16727, 16690, 16653, 16873, 16836, 16799, 16762, 16725, 16688, 16651, 16871, 16834, 16797, 16760, 16723, 16686, 16649, 16869, 16832, 16795, 16758, 16721, 16684, 16647, 16867, 16830, 16793, 16756, 16719, 16682, 16645, 16865, 16828, 16791, 16754, 16717, 16680, 16643]","[2, 2, 2, 2, 2, 2, 2, 2, 2, 2, 2, 2, 2, 2, 2, 2, 2, 2, 2, 2, 2, 2, 2, 2, 2, 2, 2, 2, 2, 2, 2, 2, 2, 2, 2, 2, 2, 2, 2, 2, 2, 2, 2, 2, 2, 2, 2, 2, 2, 2, 2, 2, 2, 2, 2, 2]",full_verify_d2_m112_kv16896_ragged_compact_tp4,True,npu:5,5,Ascend950PR_957b,2,bfloat16,False,256,"[16384, 256, 256, 1]",16896,ragged,112,2,16643,28,1,6,56,64,profile/full/full_verify_d2_m112_kv16896_ragged_compact_tp4/memory/TENCENT64-124_1376542_20260829224311353_ascend_pt__ASCEND_PROFILER_OUTPUT__step_trace_time.csv.gz,14694,memory,3.11.10,112,"[1536, 256, 1]",56,profile_artifact,"[16879, 16842, 16805, 16768, 16731, 16694, 16657, 16877, 16840, 16803, 16766, 16729, 16692, 16655, 16875, 16838, 16801, 16764, 16727, 16690, 16653, 16873, 16836, 16799, 16762, 16725, 16688, 16651, 16871, 16834, 16797, 16760, 16723, 16686, 16649, 16869, 16832, 16795, 16758, 16721, 16684, 16647, 16867, 16830, 16793, 16756, 16719, 16682, 16645, 16865, 16828, 16791, 16754, 16717, 16680, 16643]","[2, 2, 2, 2, 2, 2, 2, 2, 2, 2, 2, 2, 2, 2, 2, 2, 2, 2, 2, 2, 2, 2, 2, 2, 2, 2, 2, 2, 2, 2, 2, 2, 2, 2, 2, 2, 2, 2, 2, 2, 2, 2, 2, 2, 2, 2, 2, 2, 2, 2, 2, 2, 2, 2, 2, 2]",56,1,20260829,5876571a61030a4c55d696f6161e442c79862cd3e067c044b7531c701a998f25,float32,258,0.09119556747428784,CAPTURED,,compact,verify_d2,2.10.0.post4.dev20260715,2.10.0+cpu,4,3.2.0,207,dbdc4f0a3571c50fecb8c9565f5436a5f3bb7fd8
full,c47f9bdcfb879eb73723521240a48a9bae99349d094a1fb82563535aabde82ec,dbdc4f0a3571c50fecb8c9565f5436a5f3bb7fd8,"[264, 1]",264,native_NHD_then_page_head_token_dim_permute,61833913fc8b068998539f6b5a78c498ae56ac7597b920e55051c1ae508788f5,9.1.0,"[16879, 16842, 16805, 16768, 16731, 16694, 16657, 16877, 16840, 16803, 16766, 16729, 16692, 16655, 16875, 16838, 16801, 16764, 16727, 16690, 16653, 16873, 16836, 16799, 16762, 16725, 16688, 16651, 16871, 16834, 16797, 16760, 16723, 16686, 16649, 16869, 16832, 16795, 16758, 16721, 16684, 16647, 16867, 16830, 16793, 16756, 16719, 16682, 16645, 16865, 16828, 16791, 16754, 16717, 16680, 16643]","[2, 2, 2, 2, 2, 2, 2, 2, 2, 2, 2, 2, 2, 2, 2, 2, 2, 2, 2, 2, 2, 2, 2, 2, 2, 2, 2, 2, 2, 2, 2, 2, 2, 2, 2, 2, 2, 2, 2, 2, 2, 2, 2, 2, 2, 2, 2, 2, 2, 2, 2, 2, 2, 2, 2, 2]",full_verify_d2_m112_kv16896_ragged_compact_tp4,True,npu:5,5,Ascend950PR_957b,2,bfloat16,False,256,"[16384, 256, 256, 1]",16896,ragged,112,2,16643,28,1,6,56,64,profile/full/full_verify_d2_m112_kv16896_ragged_compact_tp4/memory/TENCENT64-124_1376542_20260829224311353_ascend_pt__ASCEND_PROFILER_OUTPUT__trace_view.json.gz,14694,memory,3.11.10,112,"[1536, 256, 1]",56,profile_artifact,"[16879, 16842, 16805, 16768, 16731, 16694, 16657, 16877, 16840, 16803, 16766, 16729, 16692, 16655, 16875, 16838, 16801, 16764, 16727, 16690, 16653, 16873, 16836, 16799, 16762, 16725, 16688, 16651, 16871, 16834, 16797, 16760, 16723, 16686, 16649, 16869, 16832, 16795, 16758, 16721, 16684, 16647, 16867, 16830, 16793, 16756, 16719, 16682, 16645, 16865, 16828, 16791, 16754, 16717, 16680, 16643]","[2, 2, 2, 2, 2, 2, 2, 2, 2, 2, 2, 2, 2, 2, 2, 2, 2, 2, 2, 2, 2, 2, 2, 2, 2, 2, 2, 2, 2, 2, 2, 2, 2, 2, 2, 2, 2, 2, 2, 2, 2, 2, 2, 2, 2, 2, 2, 2, 2, 2, 2, 2, 2, 2, 2, 2]",56,1,20260829,947d470ab2a8a050dab6871c93bb938669028a7c53c871f8af3698e4728fe987,float32,3438,0.09119556747428784,CAPTURED,,compact,verify_d2,2.10.0.post4.dev20260715,2.10.0+cpu,4,3.2.0,39966,dbdc4f0a3571c50fecb8c9565f5436a5f3bb7fd8
full,c47f9bdcfb879eb73723521240a48a9bae99349d094a1fb82563535aabde82ec,dbdc4f0a3571c50fecb8c9565f5436a5f3bb7fd8,"[264, 1]",264,native_NHD_then_page_head_token_dim_permute,61833913fc8b068998539f6b5a78c498ae56ac7597b920e55051c1ae508788f5,9.1.0,"[16879, 16842, 16805, 16768, 16731, 16694, 16657, 16877, 16840, 16803, 16766, 16729, 16692, 16655, 16875, 16838, 16801, 16764, 16727, 16690, 16653, 16873, 16836, 16799, 16762, 16725, 16688, 16651, 16871, 16834, 16797, 16760, 16723, 16686, 16649, 16869, 16832, 16795, 16758, 16721, 16684, 16647, 16867, 16830, 16793, 16756, 16719, 16682, 16645, 16865, 16828, 16791, 16754, 16717, 16680, 16643]","[2, 2, 2, 2, 2, 2, 2, 2, 2, 2, 2, 2, 2, 2, 2, 2, 2, 2, 2, 2, 2, 2, 2, 2, 2, 2, 2, 2, 2, 2, 2, 2, 2, 2, 2, 2, 2, 2, 2, 2, 2, 2, 2, 2, 2, 2, 2, 2, 2, 2, 2, 2, 2, 2, 2, 2]",full_verify_d2_m112_kv16896_ragged_compact_tp4,True,npu:5,5,Ascend950PR_957b,2,bfloat16,False,256,"[16384, 256, 256, 1]",16896,ragged,112,2,16643,28,1,6,56,64,profile/full/full_verify_d2_m112_kv16896_ragged_compact_tp4/memory/TENCENT64-124_1376542_20260829224311353_ascend_pt__PROF_000004_20260829224311378_01376542ADLMDMJR__mindstudio_profiler_output__l2_cache_20260829224313.csv.gz,14694,memory,3.11.10,112,"[1536, 256, 1]",56,profile_artifact,"[16879, 16842, 16805, 16768, 16731, 16694, 16657, 16877, 16840, 16803, 16766, 16729, 16692, 16655, 16875, 16838, 16801, 16764, 16727, 16690, 16653, 16873, 16836, 16799, 16762, 16725, 16688, 16651, 16871, 16834, 16797, 16760, 16723, 16686, 16649, 16869, 16832, 16795, 16758, 16721, 16684, 16647, 16867, 16830, 16793, 16756, 16719, 16682, 16645, 16865, 16828, 16791, 16754, 16717, 16680, 16643]","[2, 2, 2, 2, 2, 2, 2, 2, 2, 2, 2, 2, 2, 2, 2, 2, 2, 2, 2, 2, 2, 2, 2, 2, 2, 2, 2, 2, 2, 2, 2, 2, 2, 2, 2, 2, 2, 2, 2, 2, 2, 2, 2, 2, 2, 2, 2, 2, 2, 2, 2, 2, 2, 2, 2, 2]",56,1,20260829,227e9e80935b1d2ebc34976ea72ed568fb6b200414fd9ae1a2467a511a7100aa,float32,348,0.09119556747428784,CAPTURED,,compact,verify_d2,2.10.0.post4.dev20260715,2.10.0+cpu,4,3.2.0,379,dbdc4f0a3571c50fecb8c9565f5436a5f3bb7fd8
full,c47f9bdcfb879eb73723521240a48a9bae99349d094a1fb82563535aabde82ec,dbdc4f0a3571c50fecb8c9565f5436a5f3bb7fd8,"[264, 1]",264,native_NHD_then_page_head_token_dim_permute,61833913fc8b068998539f6b5a78c498ae56ac7597b920e55051c1ae508788f5,9.1.0,"[16879, 16842, 16805, 16768, 16731, 16694, 16657, 16877, 16840, 16803, 16766, 16729, 16692, 16655, 16875, 16838, 16801, 16764, 16727, 16690, 16653, 16873, 16836, 16799, 16762, 16725, 16688, 16651, 16871, 16834, 16797, 16760, 16723, 16686, 16649, 16869, 16832, 16795, 16758, 16721, 16684, 16647, 16867, 16830, 16793, 16756, 16719, 16682, 16645, 16865, 16828, 16791, 16754, 16717, 16680, 16643]","[2, 2, 2, 2, 2, 2, 2, 2, 2, 2, 2, 2, 2, 2, 2, 2, 2, 2, 2, 2, 2, 2, 2, 2, 2, 2, 2, 2, 2, 2, 2, 2, 2, 2, 2, 2, 2, 2, 2, 2, 2, 2, 2, 2, 2, 2, 2, 2, 2, 2, 2, 2, 2, 2, 2, 2]",full_verify_d2_m112_kv16896_ragged_compact_tp4,True,npu:5,5,Ascend950PR_957b,2,bfloat16,False,256,"[16384, 256, 256, 1]",16896,ragged,112,2,16643,28,1,6,56,64,profile/full/full_verify_d2_m112_kv16896_ragged_compact_tp4/memory/TENCENT64-124_1376542_20260829224311353_ascend_pt__profiler_info.json.gz,14694,memory,3.11.10,112,"[1536, 256, 1]",56,profile_artifact,"[16879, 16842, 16805, 16768, 16731, 16694, 16657, 16877, 16840, 16803, 16766, 16729, 16692, 16655, 16875, 16838, 16801, 16764, 16727, 16690, 16653, 16873, 16836, 16799, 16762, 16725, 16688, 16651, 16871, 16834, 16797, 16760, 16723, 16686, 16649, 16869, 16832, 16795, 16758, 16721, 16684, 16647, 16867, 16830, 16793, 16756, 16719, 16682, 16645, 16865, 16828, 16791, 16754, 16717, 16680, 16643]","[2, 2, 2, 2, 2, 2, 2, 2, 2, 2, 2, 2, 2, 2, 2, 2, 2, 2, 2, 2, 2, 2, 2, 2, 2, 2, 2, 2, 2, 2, 2, 2, 2, 2, 2, 2, 2, 2, 2, 2, 2, 2, 2, 2, 2, 2, 2, 2, 2, 2, 2, 2, 2, 2, 2, 2]",56,1,20260829,3d8bdf690e9cf653f836f1de5b57291676f73a6ce819e8b0978573e799bda9bd,float32,606,0.09119556747428784,CAPTURED,,compact,verify_d2,2.10.0.post4.dev20260715,2.10.0+cpu,4,3.2.0,1372,dbdc4f0a3571c50fecb8c9565f5436a5f3bb7fd8
full,c47f9bdcfb879eb73723521240a48a9bae99349d094a1fb82563535aabde82ec,dbdc4f0a3571c50fecb8c9565f5436a5f3bb7fd8,"[64, 1]",64,native_NHD_then_page_head_token_dim_permute,61833913fc8b068998539f6b5a78c498ae56ac7597b920e55051c1ae508788f5,9.1.0,[4096],[1024],full_dense_m1024_kv4096_uniform_compact_tp4,True,npu:5,5,Ascend950PR_957b,,bfloat16,False,256,"[16384, 256, 256, 1]",4096,uniform,1024,1024,4096,28,1,6,56,64,profile/full/full_dense_m1024_kv4096_uniform_compact_tp4/pipe_utilization/TENCENT64-124_1376542_20260829224315292_ascend_pt__ASCEND_PROFILER_OUTPUT__kernel_details.csv.gz,65,pipe_utilization,3.11.10,1024,"[1536, 256, 1]",1,profile_artifact,[4096],[1024],1,1,20260829,9aaa20cb75f5d1d82345993b114575e3c1eb42f7a39a378ad68ed87c6cc4ad68,float32,1096,0.09119556747428784,CAPTURED,,compact,dense,2.10.0.post4.dev20260715,2.10.0+cpu,4,3.2.0,3107,dbdc4f0a3571c50fecb8c9565f5436a5f3bb7fd8
full,c47f9bdcfb879eb73723521240a48a9bae99349d094a1fb82563535aabde82ec,dbdc4f0a3571c50fecb8c9565f5436a5f3bb7fd8,"[64, 1]",64,native_NHD_then_page_head_token_dim_permute,61833913fc8b068998539f6b5a78c498ae56ac7597b920e55051c1ae508788f5,9.1.0,[4096],[1024],full_dense_m1024_kv4096_uniform_compact_tp4,True,npu:5,5,Ascend950PR_957b,,bfloat16,False,256,"[16384, 256, 256, 1]",4096,uniform,1024,1024,4096,28,1,6,56,64,profile/full/full_dense_m1024_kv4096_uniform_compact_tp4/pipe_utilization/TENCENT64-124_1376542_20260829224315292_ascend_pt__ASCEND_PROFILER_OUTPUT__l2_cache.csv.gz,65,pipe_utilization,3.11.10,1024,"[1536, 256, 1]",1,profile_artifact,[4096],[1024],1,1,20260829,1ffc46878e06fc4c3fc2030f02b1a87291f40a5bd6e359731c2b3ac5498d96c5,float32,271,0.09119556747428784,CAPTURED,,compact,dense,2.10.0.post4.dev20260715,2.10.0+cpu,4,3.2.0,375,dbdc4f0a3571c50fecb8c9565f5436a5f3bb7fd8
full,c47f9bdcfb879eb73723521240a48a9bae99349d094a1fb82563535aabde82ec,dbdc4f0a3571c50fecb8c9565f5436a5f3bb7fd8,"[64, 1]",64,native_NHD_then_page_head_token_dim_permute,61833913fc8b068998539f6b5a78c498ae56ac7597b920e55051c1ae508788f5,9.1.0,[4096],[1024],full_dense_m1024_kv4096_uniform_compact_tp4,True,npu:5,5,Ascend950PR_957b,,bfloat16,False,256,"[16384, 256, 256, 1]",4096,uniform,1024,1024,4096,28,1,6,56,64,profile/full/full_dense_m1024_kv4096_uniform_compact_tp4/pipe_utilization/TENCENT64-124_1376542_20260829224315292_ascend_pt__ASCEND_PROFILER_OUTPUT__op_statistic.csv.gz,65,pipe_utilization,3.11.10,1024,"[1536, 256, 1]",1,profile_artifact,[4096],[1024],1,1,20260829,e396f2a6ec370cd56710131e4dfd8a054a26c866ee5c0671edb8aa14637a5996,float32,294,0.09119556747428784,CAPTURED,,compact,dense,2.10.0.post4.dev20260715,2.10.0+cpu,4,3.2.0,249,dbdc4f0a3571c50fecb8c9565f5436a5f3bb7fd8
full,c47f9bdcfb879eb73723521240a48a9bae99349d094a1fb82563535aabde82ec,dbdc4f0a3571c50fecb8c9565f5436a5f3bb7fd8,"[64, 1]",64,native_NHD_then_page_head_token_dim_permute,61833913fc8b068998539f6b5a78c498ae56ac7597b920e55051c1ae508788f5,9.1.0,[4096],[1024],full_dense_m1024_kv4096_uniform_compact_tp4,True,npu:5,5,Ascend950PR_957b,,bfloat16,False,256,"[16384, 256, 256, 1]",4096,uniform,1024,1024,4096,28,1,6,56,64,profile/full/full_dense_m1024_kv4096_uniform_compact_tp4/pipe_utilization/TENCENT64-124_1376542_20260829224315292_ascend_pt__ASCEND_PROFILER_OUTPUT__operator_details.csv.gz,65,pipe_utilization,3.11.10,1024,"[1536, 256, 1]",1,profile_artifact,[4096],[1024],1,1,20260829,55f88825a5a2b211656005b66a4f1eee4373817013cae5f2e46ef675d61b1db6,float32,565,0.09119556747428784,CAPTURED,,compact,dense,2.10.0.post4.dev20260715,2.10.0+cpu,4,3.2.0,1586,dbdc4f0a3571c50fecb8c9565f5436a5f3bb7fd8
full,c47f9bdcfb879eb73723521240a48a9bae99349d094a1fb82563535aabde82ec,dbdc4f0a3571c50fecb8c9565f5436a5f3bb7fd8,"[64, 1]",64,native_NHD_then_page_head_token_dim_permute,61833913fc8b068998539f6b5a78c498ae56ac7597b920e55051c1ae508788f5,9.1.0,[4096],[1024],full_dense_m1024_kv4096_uniform_compact_tp4,True,npu:5,5,Ascend950PR_957b,,bfloat16,False,256,"[16384, 256, 256, 1]",4096,uniform,1024,1024,4096,28,1,6,56,64,profile/full/full_dense_m1024_kv4096_uniform_compact_tp4/pipe_utilization/TENCENT64-124_1376542_20260829224315292_ascend_pt__ASCEND_PROFILER_OUTPUT__step_trace_time.csv.gz,65,pipe_utilization,3.11.10,1024,"[1536, 256, 1]",1,profile_artifact,[4096],[1024],1,1,20260829,292475cd39c2ce6b8ca296410d0ee1fe3612514b96e0021d97c2f414838ce0e3,float32,259,0.09119556747428784,CAPTURED,,compact,dense,2.10.0.post4.dev20260715,2.10.0+cpu,4,3.2.0,214,dbdc4f0a3571c50fecb8c9565f5436a5f3bb7fd8
full,c47f9bdcfb879eb73723521240a48a9bae99349d094a1fb82563535aabde82ec,dbdc4f0a3571c50fecb8c9565f5436a5f3bb7fd8,"[64, 1]",64,native_NHD_then_page_head_token_dim_permute,61833913fc8b068998539f6b5a78c498ae56ac7597b920e55051c1ae508788f5,9.1.0,[4096],[1024],full_dense_m1024_kv4096_uniform_compact_tp4,True,npu:5,5,Ascend950PR_957b,,bfloat16,False,256,"[16384, 256, 256, 1]",4096,uniform,1024,1024,4096,28,1,6,56,64,profile/full/full_dense_m1024_kv4096_uniform_compact_tp4/pipe_utilization/TENCENT64-124_1376542_20260829224315292_ascend_pt__ASCEND_PROFILER_OUTPUT__trace_view.json.gz,65,pipe_utilization,3.11.10,1024,"[1536, 256, 1]",1,profile_artifact,[4096],[1024],1,1,20260829,f51d672c5914f5e93f8b70f550ddc1160ec51618f5001f6b0f0efee6d2ed7d22,float32,3616,0.09119556747428784,CAPTURED,,compact,dense,2.10.0.post4.dev20260715,2.10.0+cpu,4,3.2.0,45631,dbdc4f0a3571c50fecb8c9565f5436a5f3bb7fd8
full,c47f9bdcfb879eb73723521240a48a9bae99349d094a1fb82563535aabde82ec,dbdc4f0a3571c50fecb8c9565f5436a5f3bb7fd8,"[64, 1]",64,native_NHD_then_page_head_token_dim_permute,61833913fc8b068998539f6b5a78c498ae56ac7597b920e55051c1ae508788f5,9.1.0,[4096],[1024],full_dense_m1024_kv4096_uniform_compact_tp4,True,npu:5,5,Ascend950PR_957b,,bfloat16,False,256,"[16384, 256, 256, 1]",4096,uniform,1024,1024,4096,28,1,6,56,64,profile/full/full_dense_m1024_kv4096_uniform_compact_tp4/pipe_utilization/TENCENT64-124_1376542_20260829224315292_ascend_pt__PROF_000005_20260829224315316_01376542KEEPOIAL__mindstudio_profiler_output__l2_cache_20260829224317.csv.gz,65,pipe_utilization,3.11.10,1024,"[1536, 256, 1]",1,profile_artifact,[4096],[1024],1,1,20260829,9367dfe91950ed08eafdd6750cf1c60f9760f1e3e9c0ca9b564d2606ec390313,float32,335,0.09119556747428784,CAPTURED,,compact,dense,2.10.0.post4.dev20260715,2.10.0+cpu,4,3.2.0,369,dbdc4f0a3571c50fecb8c9565f5436a5f3bb7fd8
full,c47f9bdcfb879eb73723521240a48a9bae99349d094a1fb82563535aabde82ec,dbdc4f0a3571c50fecb8c9565f5436a5f3bb7fd8,"[64, 1]",64,native_NHD_then_page_head_token_dim_permute,61833913fc8b068998539f6b5a78c498ae56ac7597b920e55051c1ae508788f5,9.1.0,[4096],[1024],full_dense_m1024_kv4096_uniform_compact_tp4,True,npu:5,5,Ascend950PR_957b,,bfloat16,False,256,"[16384, 256, 256, 1]",4096,uniform,1024,1024,4096,28,1,6,56,64,profile/full/full_dense_m1024_kv4096_uniform_compact_tp4/pipe_utilization/TENCENT64-124_1376542_20260829224315292_ascend_pt__profiler_info.json.gz,65,pipe_utilization,3.11.10,1024,"[1536, 256, 1]",1,profile_artifact,[4096],[1024],1,1,20260829,b987c64fcd506b76ff9e6829be9dd8ef1afbc7f88300a0dd8f359bdd77758f04,float32,603,0.09119556747428784,CAPTURED,,compact,dense,2.10.0.post4.dev20260715,2.10.0+cpu,4,3.2.0,1372,dbdc4f0a3571c50fecb8c9565f5436a5f3bb7fd8
full,c47f9bdcfb879eb73723521240a48a9bae99349d094a1fb82563535aabde82ec,dbdc4f0a3571c50fecb8c9565f5436a5f3bb7fd8,"[64, 1]",64,native_NHD_then_page_head_token_dim_permute,61833913fc8b068998539f6b5a78c498ae56ac7597b920e55051c1ae508788f5,9.1.0,[4096],[1024],full_dense_m1024_kv4096_uniform_compact_tp4,True,npu:5,5,Ascend950PR_957b,,bfloat16,False,256,"[16384, 256, 256, 1]",4096,uniform,1024,1024,4096,28,1,6,56,64,profile/full/full_dense_m1024_kv4096_uniform_compact_tp4/memory/TENCENT64-124_1376542_20260829224318999_ascend_pt__ASCEND_PROFILER_OUTPUT__kernel_details.csv.gz,65,memory,3.11.10,1024,"[1536, 256, 1]",1,profile_artifact,[4096],[1024],1,1,20260829,225e03c4cead9f7ea120cd409dbf8b62d6f2f27c4d642e37551ae6404655125d,float32,862,0.09119556747428784,CAPTURED,,compact,dense,2.10.0.post4.dev20260715,2.10.0+cpu,4,3.2.0,2421,dbdc4f0a3571c50fecb8c9565f5436a5f3bb7fd8
full,c47f9bdcfb879eb73723521240a48a9bae99349d094a1fb82563535aabde82ec,dbdc4f0a3571c50fecb8c9565f5436a5f3bb7fd8,"[64, 1]",64,native_NHD_then_page_head_token_dim_permute,61833913fc8b068998539f6b5a78c498ae56ac7597b920e55051c1ae508788f5,9.1.0,[4096],[1024],full_dense_m1024_kv4096_uniform_compact_tp4,True,npu:5,5,Ascend950PR_957b,,bfloat16,False,256,"[16384, 256, 256, 1]",4096,uniform,1024,1024,4096,28,1,6,56,64,profile/full/full_dense_m1024_kv4096_uniform_compact_tp4/memory/TENCENT64-124_1376542_20260829224318999_ascend_pt__ASCEND_PROFILER_OUTPUT__l2_cache.csv.gz,65,memory,3.11.10,1024,"[1536, 256, 1]",1,profile_artifact,[4096],[1024],1,1,20260829,e15ecd7e825caa14238bc5e3fbc0d647641441c150f177559a90c29e34ac8587,float32,265,0.09119556747428784,CAPTURED,,compact,dense,2.10.0.post4.dev20260715,2.10.0+cpu,4,3.2.0,374,dbdc4f0a3571c50fecb8c9565f5436a5f3bb7fd8
full,c47f9bdcfb879eb73723521240a48a9bae99349d094a1fb82563535aabde82ec,dbdc4f0a3571c50fecb8c9565f5436a5f3bb7fd8,"[64, 1]",64,native_NHD_then_page_head_token_dim_permute,61833913fc8b068998539f6b5a78c498ae56ac7597b920e55051c1ae508788f5,9.1.0,[4096],[1024],full_dense_m1024_kv4096_uniform_compact_tp4,True,npu:5,5,Ascend950PR_957b,,bfloat16,False,256,"[16384, 256, 256, 1]",4096,uniform,1024,1024,4096,28,1,6,56,64,profile/full/full_dense_m1024_kv4096_uniform_compact_tp4/memory/TENCENT64-124_1376542_20260829224318999_ascend_pt__ASCEND_PROFILER_OUTPUT__op_statistic.csv.gz,65,memory,3.11.10,1024,"[1536, 256, 1]",1,profile_artifact,[4096],[1024],1,1,20260829,22dd8ddd9bd74819fe42961b87858f6d3588ece565edf622db514b042389c05a,float32,294,0.09119556747428784,CAPTURED,,compact,dense,2.10.0.post4.dev20260715,2.10.0+cpu,4,3.2.0,247,dbdc4f0a3571c50fecb8c9565f5436a5f3bb7fd8
full,c47f9bdcfb879eb73723521240a48a9bae99349d094a1fb82563535aabde82ec,dbdc4f0a3571c50fecb8c9565f5436a5f3bb7fd8,"[64, 1]",64,native_NHD_then_page_head_token_dim_permute,61833913fc8b068998539f6b5a78c498ae56ac7597b920e55051c1ae508788f5,9.1.0,[4096],[1024],full_dense_m1024_kv4096_uniform_compact_tp4,True,npu:5,5,Ascend950PR_957b,,bfloat16,False,256,"[16384, 256, 256, 1]",4096,uniform,1024,1024,4096,28,1,6,56,64,profile/full/full_dense_m1024_kv4096_uniform_compact_tp4/memory/TENCENT64-124_1376542_20260829224318999_ascend_pt__ASCEND_PROFILER_OUTPUT__operator_details.csv.gz,65,memory,3.11.10,1024,"[1536, 256, 1]",1,profile_artifact,[4096],[1024],1,1,20260829,845c1ad8e1ad151ed4a7da51a6002730a2f1ae01bda3f852661c0db131ec535e,float32,566,0.09119556747428784,CAPTURED,,compact,dense,2.10.0.post4.dev20260715,2.10.0+cpu,4,3.2.0,1585,dbdc4f0a3571c50fecb8c9565f5436a5f3bb7fd8
full,c47f9bdcfb879eb73723521240a48a9bae99349d094a1fb82563535aabde82ec,dbdc4f0a3571c50fecb8c9565f5436a5f3bb7fd8,"[64, 1]",64,native_NHD_then_page_head_token_dim_permute,61833913fc8b068998539f6b5a78c498ae56ac7597b920e55051c1ae508788f5,9.1.0,[4096],[1024],full_dense_m1024_kv4096_uniform_compact_tp4,True,npu:5,5,Ascend950PR_957b,,bfloat16,False,256,"[16384, 256, 256, 1]",4096,uniform,1024,1024,4096,28,1,6,56,64,profile/full/full_dense_m1024_kv4096_uniform_compact_tp4/memory/TENCENT64-124_1376542_20260829224318999_ascend_pt__ASCEND_PROFILER_OUTPUT__step_trace_time.csv.gz,65,memory,3.11.10,1024,"[1536, 256, 1]",1,profile_artifact,[4096],[1024],1,1,20260829,ae1a0f7f4ba5a843d15f365b0c6b09871b44f103f1112b4ef361c7d49241047a,float32,262,0.09119556747428784,CAPTURED,,compact,dense,2.10.0.post4.dev20260715,2.10.0+cpu,4,3.2.0,218,dbdc4f0a3571c50fecb8c9565f5436a5f3bb7fd8
full,c47f9bdcfb879eb73723521240a48a9bae99349d094a1fb82563535aabde82ec,dbdc4f0a3571c50fecb8c9565f5436a5f3bb7fd8,"[64, 1]",64,native_NHD_then_page_head_token_dim_permute,61833913fc8b068998539f6b5a78c498ae56ac7597b920e55051c1ae508788f5,9.1.0,[4096],[1024],full_dense_m1024_kv4096_uniform_compact_tp4,True,npu:5,5,Ascend950PR_957b,,bfloat16,False,256,"[16384, 256, 256, 1]",4096,uniform,1024,1024,4096,28,1,6,56,64,profile/full/full_dense_m1024_kv4096_uniform_compact_tp4/memory/TENCENT64-124_1376542_20260829224318999_ascend_pt__ASCEND_PROFILER_OUTPUT__trace_view.json.gz,65,memory,3.11.10,1024,"[1536, 256, 1]",1,profile_artifact,[4096],[1024],1,1,20260829,c6f435896847f085d054f64bd0b25806215891932313636ca204423397dfc1f6,float32,3572,0.09119556747428784,CAPTURED,,compact,dense,2.10.0.post4.dev20260715,2.10.0+cpu,4,3.2.0,43641,dbdc4f0a3571c50fecb8c9565f5436a5f3bb7fd8
full,c47f9bdcfb879eb73723521240a48a9bae99349d094a1fb82563535aabde82ec,dbdc4f0a3571c50fecb8c9565f5436a5f3bb7fd8,"[64, 1]",64,native_NHD_then_page_head_token_dim_permute,61833913fc8b068998539f6b5a78c498ae56ac7597b920e55051c1ae508788f5,9.1.0,[4096],[1024],full_dense_m1024_kv4096_uniform_compact_tp4,True,npu:5,5,Ascend950PR_957b,,bfloat16,False,256,"[16384, 256, 256, 1]",4096,uniform,1024,1024,4096,28,1,6,56,64,profile/full/full_dense_m1024_kv4096_uniform_compact_tp4/memory/TENCENT64-124_1376542_20260829224318999_ascend_pt__PROF_000006_20260829224319024_01376542JJLPDCMA__mindstudio_profiler_output__l2_cache_20260829224320.csv.gz,65,memory,3.11.10,1024,"[1536, 256, 1]",1,profile_artifact,[4096],[1024],1,1,20260829,a1fc7e9c3206cc71598fbc27b9f58f5206c39652ccf81b3f94996ce71151b6d7,float32,331,0.09119556747428784,CAPTURED,,compact,dense,2.10.0.post4.dev20260715,2.10.0+cpu,4,3.2.0,368,dbdc4f0a3571c50fecb8c9565f5436a5f3bb7fd8
full,c47f9bdcfb879eb73723521240a48a9bae99349d094a1fb82563535aabde82ec,dbdc4f0a3571c50fecb8c9565f5436a5f3bb7fd8,"[64, 1]",64,native_NHD_then_page_head_token_dim_permute,61833913fc8b068998539f6b5a78c498ae56ac7597b920e55051c1ae508788f5,9.1.0,[4096],[1024],full_dense_m1024_kv4096_uniform_compact_tp4,True,npu:5,5,Ascend950PR_957b,,bfloat16,False,256,"[16384, 256, 256, 1]",4096,uniform,1024,1024,4096,28,1,6,56,64,profile/full/full_dense_m1024_kv4096_uniform_compact_tp4/memory/TENCENT64-124_1376542_20260829224318999_ascend_pt__profiler_info.json.gz,65,memory,3.11.10,1024,"[1536, 256, 1]",1,profile_artifact,[4096],[1024],1,1,20260829,ecc05c17fb67f9804b193ddd33ff03ad896fce45a85913ec76e63bb2c988f2d9,float32,607,0.09119556747428784,CAPTURED,,compact,dense,2.10.0.post4.dev20260715,2.10.0+cpu,4,3.2.0,1372,dbdc4f0a3571c50fecb8c9565f5436a5f3bb7fd8
swa,c47f9bdcfb879eb73723521240a48a9bae99349d094a1fb82563535aabde82ec,dbdc4f0a3571c50fecb8c9565f5436a5f3bb7fd8,"[264, 1]",264,native_NHD_then_page_head_token_dim_permute,61833913fc8b068998539f6b5a78c498ae56ac7597b920e55051c1ae508788f5,9.1.0,"[16879, 16842, 16805, 16768, 16731, 16694, 16657, 16877, 16840, 16803, 16766, 16729, 16692, 16655, 16875, 16838, 16801, 16764, 16727, 16690, 16653, 16873, 16836, 16799, 16762, 16725, 16688, 16651, 16871, 16834, 16797, 16760, 16723, 16686, 16649, 16869, 16832, 16795, 16758, 16721, 16684, 16647, 16867, 16830, 16793, 16756, 16719, 16682, 16645, 16865, 16828, 16791, 16754, 16717, 16680, 16643]","[2, 2, 2, 2, 2, 2, 2, 2, 2, 2, 2, 2, 2, 2, 2, 2, 2, 2, 2, 2, 2, 2, 2, 2, 2, 2, 2, 2, 2, 2, 2, 2, 2, 2, 2, 2, 2, 2, 2, 2, 2, 2, 2, 2, 2, 2, 2, 2, 2, 2, 2, 2, 2, 2, 2, 2]",swa_verify_d2_m112_kv16896_ragged_compact_tp4,True,npu:5,5,Ascend950PR_957b,2,bfloat16,False,256,"[16384, 256, 256, 1]",16896,ragged,112,2,16643,28,1,6,56,64,profile/swa/swa_verify_d2_m112_kv16896_ragged_compact_tp4/pipe_utilization/TENCENT64-124_1376542_20260829224322947_ascend_pt__ASCEND_PROFILER_OUTPUT__kernel_details.csv.gz,505,pipe_utilization,3.11.10,112,"[1536, 256, 1]",56,profile_artifact,"[16879, 16842, 16805, 16768, 16731, 16694, 16657, 16877, 16840, 16803, 16766, 16729, 16692, 16655, 16875, 16838, 16801, 16764, 16727, 16690, 16653, 16873, 16836, 16799, 16762, 16725, 16688, 16651, 16871, 16834, 16797, 16760, 16723, 16686, 16649, 16869, 16832, 16795, 16758, 16721, 16684, 16647, 16867, 16830, 16793, 16756, 16719, 16682, 16645, 16865, 16828, 16791, 16754, 16717, 16680, 16643]","[2, 2, 2, 2, 2, 2, 2, 2, 2, 2, 2, 2, 2, 2, 2, 2, 2, 2, 2, 2, 2, 2, 2, 2, 2, 2, 2, 2, 2, 2, 2, 2, 2, 2, 2, 2, 2, 2, 2, 2, 2, 2, 2, 2, 2, 2, 2, 2, 2, 2, 2, 2, 2, 2, 2, 2]",56,1,20260829,ef383432a921d5f46b5617731ec6cf648d796c1701410dee44a62e25988073d7,float32,1062,0.09119556747428784,CAPTURED,511,compact,verify_d2,2.10.0.post4.dev20260715,2.10.0+cpu,4,3.2.0,3097,dbdc4f0a3571c50fecb8c9565f5436a5f3bb7fd8
swa,c47f9bdcfb879eb73723521240a48a9bae99349d094a1fb82563535aabde82ec,dbdc4f0a3571c50fecb8c9565f5436a5f3bb7fd8,"[264, 1]",264,native_NHD_then_page_head_token_dim_permute,61833913fc8b068998539f6b5a78c498ae56ac7597b920e55051c1ae508788f5,9.1.0,"[16879, 16842, 16805, 16768, 16731, 16694, 16657, 16877, 16840, 16803, 16766, 16729, 16692, 16655, 16875, 16838, 16801, 16764, 16727, 16690, 16653, 16873, 16836, 16799, 16762, 16725, 16688, 16651, 16871, 16834, 16797, 16760, 16723, 16686, 16649, 16869, 16832, 16795, 16758, 16721, 16684, 16647, 16867, 16830, 16793, 16756, 16719, 16682, 16645, 16865, 16828, 16791, 16754, 16717, 16680, 16643]","[2, 2, 2, 2, 2, 2, 2, 2, 2, 2, 2, 2, 2, 2, 2, 2, 2, 2, 2, 2, 2, 2, 2, 2, 2, 2, 2, 2, 2, 2, 2, 2, 2, 2, 2, 2, 2, 2, 2, 2, 2, 2, 2, 2, 2, 2, 2, 2, 2, 2, 2, 2, 2, 2, 2, 2]",swa_verify_d2_m112_kv16896_ragged_compact_tp4,True,npu:5,5,Ascend950PR_957b,2,bfloat16,False,256,"[16384, 256, 256, 1]",16896,ragged,112,2,16643,28,1,6,56,64,profile/swa/swa_verify_d2_m112_kv16896_ragged_compact_tp4/pipe_utilization/TENCENT64-124_1376542_20260829224322947_ascend_pt__ASCEND_PROFILER_OUTPUT__l2_cache.csv.gz,505,pipe_utilization,3.11.10,112,"[1536, 256, 1]",56,profile_artifact,"[16879, 16842, 16805, 16768, 16731, 16694, 16657, 16877, 16840, 16803, 16766, 16729, 16692, 16655, 16875, 16838, 16801, 16764, 16727, 16690, 16653, 16873, 16836, 16799, 16762, 16725, 16688, 16651, 16871, 16834, 16797, 16760, 16723, 16686, 16649, 16869, 16832, 16795, 16758, 16721, 16684, 16647, 16867, 16830, 16793, 16756, 16719, 16682, 16645, 16865, 16828, 16791, 16754, 16717, 16680, 16643]","[2, 2, 2, 2, 2, 2, 2, 2, 2, 2, 2, 2, 2, 2, 2, 2, 2, 2, 2, 2, 2, 2, 2, 2, 2, 2, 2, 2, 2, 2, 2, 2, 2, 2, 2, 2, 2, 2, 2, 2, 2, 2, 2, 2, 2, 2, 2, 2, 2, 2, 2, 2, 2, 2, 2, 2]",56,1,20260829,b337d0e38c73f4a19dec17a698a225f2bbe197c52d7dac2d8acf14f249af26ee,float32,278,0.09119556747428784,CAPTURED,511,compact,verify_d2,2.10.0.post4.dev20260715,2.10.0+cpu,4,3.2.0,404,dbdc4f0a3571c50fecb8c9565f5436a5f3bb7fd8
swa,c47f9bdcfb879eb73723521240a48a9bae99349d094a1fb82563535aabde82ec,dbdc4f0a3571c50fecb8c9565f5436a5f3bb7fd8,"[264, 1]",264,native_NHD_then_page_head_token_dim_permute,61833913fc8b068998539f6b5a78c498ae56ac7597b920e55051c1ae508788f5,9.1.0,"[16879, 16842, 16805, 16768, 16731, 16694, 16657, 16877, 16840, 16803, 16766, 16729, 16692, 16655, 16875, 16838, 16801, 16764, 16727, 16690, 16653, 16873, 16836, 16799, 16762, 16725, 16688, 16651, 16871, 16834, 16797, 16760, 16723, 16686, 16649, 16869, 16832, 16795, 16758, 16721, 16684, 16647, 16867, 16830, 16793, 16756, 16719, 16682, 16645, 16865, 16828, 16791, 16754, 16717, 16680, 16643]","[2, 2, 2, 2, 2, 2, 2, 2, 2, 2, 2, 2, 2, 2, 2, 2, 2, 2, 2, 2, 2, 2, 2, 2, 2, 2, 2, 2, 2, 2, 2, 2, 2, 2, 2, 2, 2, 2, 2, 2, 2, 2, 2, 2, 2, 2, 2, 2, 2, 2, 2, 2, 2, 2, 2, 2]",swa_verify_d2_m112_kv16896_ragged_compact_tp4,True,npu:5,5,Ascend950PR_957b,2,bfloat16,False,256,"[16384, 256, 256, 1]",16896,ragged,112,2,16643,28,1,6,56,64,profile/swa/swa_verify_d2_m112_kv16896_ragged_compact_tp4/pipe_utilization/TENCENT64-124_1376542_20260829224322947_ascend_pt__ASCEND_PROFILER_OUTPUT__op_statistic.csv.gz,505,pipe_utilization,3.11.10,112,"[1536, 256, 1]",56,profile_artifact,"[16879, 16842, 16805, 16768, 16731, 16694, 16657, 16877, 16840, 16803, 16766, 16729, 16692, 16655, 16875, 16838, 16801, 16764, 16727, 16690, 16653, 16873, 16836, 16799, 16762, 16725, 16688, 16651, 16871, 16834, 16797, 16760, 16723, 16686, 16649, 16869, 16832, 16795, 16758, 16721, 16684, 16647, 16867, 16830, 16793, 16756, 16719, 16682, 16645, 16865, 16828, 16791, 16754, 16717, 16680, 16643]","[2, 2, 2, 2, 2, 2, 2, 2, 2, 2, 2, 2, 2, 2, 2, 2, 2, 2, 2, 2, 2, 2, 2, 2, 2, 2, 2, 2, 2, 2, 2, 2, 2, 2, 2, 2, 2, 2, 2, 2, 2, 2, 2, 2, 2, 2, 2, 2, 2, 2, 2, 2, 2, 2, 2, 2]",56,1,20260829,1998f3ca6014dc0d00e5a4abd0cb950604be0e74775e13cc69c4c07e7a7fe178,float32,300,0.09119556747428784,CAPTURED,511,compact,verify_d2,2.10.0.post4.dev20260715,2.10.0+cpu,4,3.2.0,253,dbdc4f0a3571c50fecb8c9565f5436a5f3bb7fd8
swa,c47f9bdcfb879eb73723521240a48a9bae99349d094a1fb82563535aabde82ec,dbdc4f0a3571c50fecb8c9565f5436a5f3bb7fd8,"[264, 1]",264,native_NHD_then_page_head_token_dim_permute,61833913fc8b068998539f6b5a78c498ae56ac7597b920e55051c1ae508788f5,9.1.0,"[16879, 16842, 16805, 16768, 16731, 16694, 16657, 16877, 16840, 16803, 16766, 16729, 16692, 16655, 16875, 16838, 16801, 16764, 16727, 16690, 16653, 16873, 16836, 16799, 16762, 16725, 16688, 16651, 16871, 16834, 16797, 16760, 16723, 16686, 16649, 16869, 16832, 16795, 16758, 16721, 16684, 16647, 16867, 16830, 16793, 16756, 16719, 16682, 16645, 16865, 16828, 16791, 16754, 16717, 16680, 16643]","[2, 2, 2, 2, 2, 2, 2, 2, 2, 2, 2, 2, 2, 2, 2, 2, 2, 2, 2, 2, 2, 2, 2, 2, 2, 2, 2, 2, 2, 2, 2, 2, 2, 2, 2, 2, 2, 2, 2, 2, 2, 2, 2, 2, 2, 2, 2, 2, 2, 2, 2, 2, 2, 2, 2, 2]",swa_verify_d2_m112_kv16896_ragged_compact_tp4,True,npu:5,5,Ascend950PR_957b,2,bfloat16,False,256,"[16384, 256, 256, 1]",16896,ragged,112,2,16643,28,1,6,56,64,profile/swa/swa_verify_d2_m112_kv16896_ragged_compact_tp4/pipe_utilization/TENCENT64-124_1376542_20260829224322947_ascend_pt__ASCEND_PROFILER_OUTPUT__operator_details.csv.gz,505,pipe_utilization,3.11.10,112,"[1536, 256, 1]",56,profile_artifact,"[16879, 16842, 16805, 16768, 16731, 16694, 16657, 16877, 16840, 16803, 16766, 16729, 16692, 16655, 16875, 16838, 16801, 16764, 16727, 16690, 16653, 16873, 16836, 16799, 16762, 16725, 16688, 16651, 16871, 16834, 16797, 16760, 16723, 16686, 16649, 16869, 16832, 16795, 16758, 16721, 16684, 16647, 16867, 16830, 16793, 16756, 16719, 16682, 16645, 16865, 16828, 16791, 16754, 16717, 16680, 16643]","[2, 2, 2, 2, 2, 2, 2, 2, 2, 2, 2, 2, 2, 2, 2, 2, 2, 2, 2, 2, 2, 2, 2, 2, 2, 2, 2, 2, 2, 2, 2, 2, 2, 2, 2, 2, 2, 2, 2, 2, 2, 2, 2, 2, 2, 2, 2, 2, 2, 2, 2, 2, 2, 2, 2, 2]",56,1,20260829,8848183a033d194fe4af2e55f78d10c6d6cc59e2d5e25580712df6e595e63577,float32,512,0.09119556747428784,CAPTURED,511,compact,verify_d2,2.10.0.post4.dev20260715,2.10.0+cpu,4,3.2.0,1271,dbdc4f0a3571c50fecb8c9565f5436a5f3bb7fd8
swa,c47f9bdcfb879eb73723521240a48a9bae99349d094a1fb82563535aabde82ec,dbdc4f0a3571c50fecb8c9565f5436a5f3bb7fd8,"[264, 1]",264,native_NHD_then_page_head_token_dim_permute,61833913fc8b068998539f6b5a78c498ae56ac7597b920e55051c1ae508788f5,9.1.0,"[16879, 16842, 16805, 16768, 16731, 16694, 16657, 16877, 16840, 16803, 16766, 16729, 16692, 16655, 16875, 16838, 16801, 16764, 16727, 16690, 16653, 16873, 16836, 16799, 16762, 16725, 16688, 16651, 16871, 16834, 16797, 16760, 16723, 16686, 16649, 16869, 16832, 16795, 16758, 16721, 16684, 16647, 16867, 16830, 16793, 16756, 16719, 16682, 16645, 16865, 16828, 16791, 16754, 16717, 16680, 16643]","[2, 2, 2, 2, 2, 2, 2, 2, 2, 2, 2, 2, 2, 2, 2, 2, 2, 2, 2, 2, 2, 2, 2, 2, 2, 2, 2, 2, 2, 2, 2, 2, 2, 2, 2, 2, 2, 2, 2, 2, 2, 2, 2, 2, 2, 2, 2, 2, 2, 2, 2, 2, 2, 2, 2, 2]",swa_verify_d2_m112_kv16896_ragged_compact_tp4,True,npu:5,5,Ascend950PR_957b,2,bfloat16,False,256,"[16384, 256, 256, 1]",16896,ragged,112,2,16643,28,1,6,56,64,profile/swa/swa_verify_d2_m112_kv16896_ragged_compact_tp4/pipe_utilization/TENCENT64-124_1376542_20260829224322947_ascend_pt__ASCEND_PROFILER_OUTPUT__step_trace_time.csv.gz,505,pipe_utilization,3.11.10,112,"[1536, 256, 1]",56,profile_artifact,"[16879, 16842, 16805, 16768, 16731, 16694, 16657, 16877, 16840, 16803, 16766, 16729, 16692, 16655, 16875, 16838, 16801, 16764, 16727, 16690, 16653, 16873, 16836, 16799, 16762, 16725, 16688, 16651, 16871, 16834, 16797, 16760, 16723, 16686, 16649, 16869, 16832, 16795, 16758, 16721, 16684, 16647, 16867, 16830, 16793, 16756, 16719, 16682, 16645, 16865, 16828, 16791, 16754, 16717, 16680, 16643]","[2, 2, 2, 2, 2, 2, 2, 2, 2, 2, 2, 2, 2, 2, 2, 2, 2, 2, 2, 2, 2, 2, 2, 2, 2, 2, 2, 2, 2, 2, 2, 2, 2, 2, 2, 2, 2, 2, 2, 2, 2, 2, 2, 2, 2, 2, 2, 2, 2, 2, 2, 2, 2, 2, 2, 2]",56,1,20260829,445b139198824c57b3009e681d3edfcd245c246e5a77b276799bfed213aba614,float32,259,0.09119556747428784,CAPTURED,511,compact,verify_d2,2.10.0.post4.dev20260715,2.10.0+cpu,4,3.2.0,215,dbdc4f0a3571c50fecb8c9565f5436a5f3bb7fd8
swa,c47f9bdcfb879eb73723521240a48a9bae99349d094a1fb82563535aabde82ec,dbdc4f0a3571c50fecb8c9565f5436a5f3bb7fd8,"[264, 1]",264,native_NHD_then_page_head_token_dim_permute,61833913fc8b068998539f6b5a78c498ae56ac7597b920e55051c1ae508788f5,9.1.0,"[16879, 16842, 16805, 16768, 16731, 16694, 16657, 16877, 16840, 16803, 16766, 16729, 16692, 16655, 16875, 16838, 16801, 16764, 16727, 16690, 16653, 16873, 16836, 16799, 16762, 16725, 16688, 16651, 16871, 16834, 16797, 16760, 16723, 16686, 16649, 16869, 16832, 16795, 16758, 16721, 16684, 16647, 16867, 16830, 16793, 16756, 16719, 16682, 16645, 16865, 16828, 16791, 16754, 16717, 16680, 16643]","[2, 2, 2, 2, 2, 2, 2, 2, 2, 2, 2, 2, 2, 2, 2, 2, 2, 2, 2, 2, 2, 2, 2, 2, 2, 2, 2, 2, 2, 2, 2, 2, 2, 2, 2, 2, 2, 2, 2, 2, 2, 2, 2, 2, 2, 2, 2, 2, 2, 2, 2, 2, 2, 2, 2, 2]",swa_verify_d2_m112_kv16896_ragged_compact_tp4,True,npu:5,5,Ascend950PR_957b,2,bfloat16,False,256,"[16384, 256, 256, 1]",16896,ragged,112,2,16643,28,1,6,56,64,profile/swa/swa_verify_d2_m112_kv16896_ragged_compact_tp4/pipe_utilization/TENCENT64-124_1376542_20260829224322947_ascend_pt__ASCEND_PROFILER_OUTPUT__trace_view.json.gz,505,pipe_utilization,3.11.10,112,"[1536, 256, 1]",56,profile_artifact,"[16879, 16842, 16805, 16768, 16731, 16694, 16657, 16877, 16840, 16803, 16766, 16729, 16692, 16655, 16875, 16838, 16801, 16764, 16727, 16690, 16653, 16873, 16836, 16799, 16762, 16725, 16688, 16651, 16871, 16834, 16797, 16760, 16723, 16686, 16649, 16869, 16832, 16795, 16758, 16721, 16684, 16647, 16867, 16830, 16793, 16756, 16719, 16682, 16645, 16865, 16828, 16791, 16754, 16717, 16680, 16643]","[2, 2, 2, 2, 2, 2, 2, 2, 2, 2, 2, 2, 2, 2, 2, 2, 2, 2, 2, 2, 2, 2, 2, 2, 2, 2, 2, 2, 2, 2, 2, 2, 2, 2, 2, 2, 2, 2, 2, 2, 2, 2, 2, 2, 2, 2, 2, 2, 2, 2, 2, 2, 2, 2, 2, 2]",56,1,20260829,414b48168f734e0d6013ef961c81ab26f7adbe495ec3886379558b63527e7310,float32,3350,0.09119556747428784,CAPTURED,511,compact,verify_d2,2.10.0.post4.dev20260715,2.10.0+cpu,4,3.2.0,39825,dbdc4f0a3571c50fecb8c9565f5436a5f3bb7fd8
swa,c47f9bdcfb879eb73723521240a48a9bae99349d094a1fb82563535aabde82ec,dbdc4f0a3571c50fecb8c9565f5436a5f3bb7fd8,"[264, 1]",264,native_NHD_then_page_head_token_dim_permute,61833913fc8b068998539f6b5a78c498ae56ac7597b920e55051c1ae508788f5,9.1.0,"[16879, 16842, 16805, 16768, 16731, 16694, 16657, 16877, 16840, 16803, 16766, 16729, 16692, 16655, 16875, 16838, 16801, 16764, 16727, 16690, 16653, 16873, 16836, 16799, 16762, 16725, 16688, 16651, 16871, 16834, 16797, 16760, 16723, 16686, 16649, 16869, 16832, 16795, 16758, 16721, 16684, 16647, 16867, 16830, 16793, 16756, 16719, 16682, 16645, 16865, 16828, 16791, 16754, 16717, 16680, 16643]","[2, 2, 2, 2, 2, 2, 2, 2, 2, 2, 2, 2, 2, 2, 2, 2, 2, 2, 2, 2, 2, 2, 2, 2, 2, 2, 2, 2, 2, 2, 2, 2, 2, 2, 2, 2, 2, 2, 2, 2, 2, 2, 2, 2, 2, 2, 2, 2, 2, 2, 2, 2, 2, 2, 2, 2]",swa_verify_d2_m112_kv16896_ragged_compact_tp4,True,npu:5,5,Ascend950PR_957b,2,bfloat16,False,256,"[16384, 256, 256, 1]",16896,ragged,112,2,16643,28,1,6,56,64,profile/swa/swa_verify_d2_m112_kv16896_ragged_compact_tp4/pipe_utilization/TENCENT64-124_1376542_20260829224322947_ascend_pt__PROF_000007_20260829224322971_01376542FHENNNHP__mindstudio_profiler_output__l2_cache_20260829224324.csv.gz,505,pipe_utilization,3.11.10,112,"[1536, 256, 1]",56,profile_artifact,"[16879, 16842, 16805, 16768, 16731, 16694, 16657, 16877, 16840, 16803, 16766, 16729, 16692, 16655, 16875, 16838, 16801, 16764, 16727, 16690, 16653, 16873, 16836, 16799, 16762, 16725, 16688, 16651, 16871, 16834, 16797, 16760, 16723, 16686, 16649, 16869, 16832, 16795, 16758, 16721, 16684, 16647, 16867, 16830, 16793, 16756, 16719, 16682, 16645, 16865, 16828, 16791, 16754, 16717, 16680, 16643]","[2, 2, 2, 2, 2, 2, 2, 2, 2, 2, 2, 2, 2, 2, 2, 2, 2, 2, 2, 2, 2, 2, 2, 2, 2, 2, 2, 2, 2, 2, 2, 2, 2, 2, 2, 2, 2, 2, 2, 2, 2, 2, 2, 2, 2, 2, 2, 2, 2, 2, 2, 2, 2, 2, 2, 2]",56,1,20260829,9ef29fce16f815a64908884778f6b873e17b7284c1280361c4480f66b3f8c941,float32,344,0.09119556747428784,CAPTURED,511,compact,verify_d2,2.10.0.post4.dev20260715,2.10.0+cpu,4,3.2.0,398,dbdc4f0a3571c50fecb8c9565f5436a5f3bb7fd8
swa,c47f9bdcfb879eb73723521240a48a9bae99349d094a1fb82563535aabde82ec,dbdc4f0a3571c50fecb8c9565f5436a5f3bb7fd8,"[264, 1]",264,native_NHD_then_page_head_token_dim_permute,61833913fc8b068998539f6b5a78c498ae56ac7597b920e55051c1ae508788f5,9.1.0,"[16879, 16842, 16805, 16768, 16731, 16694, 16657, 16877, 16840, 16803, 16766, 16729, 16692, 16655, 16875, 16838, 16801, 16764, 16727, 16690, 16653, 16873, 16836, 16799, 16762, 16725, 16688, 16651, 16871, 16834, 16797, 16760, 16723, 16686, 16649, 16869, 16832, 16795, 16758, 16721, 16684, 16647, 16867, 16830, 16793, 16756, 16719, 16682, 16645, 16865, 16828, 16791, 16754, 16717, 16680, 16643]","[2, 2, 2, 2, 2, 2, 2, 2, 2, 2, 2, 2, 2, 2, 2, 2, 2, 2, 2, 2, 2, 2, 2, 2, 2, 2, 2, 2, 2, 2, 2, 2, 2, 2, 2, 2, 2, 2, 2, 2, 2, 2, 2, 2, 2, 2, 2, 2, 2, 2, 2, 2, 2, 2, 2, 2]",swa_verify_d2_m112_kv16896_ragged_compact_tp4,True,npu:5,5,Ascend950PR_957b,2,bfloat16,False,256,"[16384, 256, 256, 1]",16896,ragged,112,2,16643,28,1,6,56,64,profile/swa/swa_verify_d2_m112_kv16896_ragged_compact_tp4/pipe_utilization/TENCENT64-124_1376542_20260829224322947_ascend_pt__profiler_info.json.gz,505,pipe_utilization,3.11.10,112,"[1536, 256, 1]",56,profile_artifact,"[16879, 16842, 16805, 16768, 16731, 16694, 16657, 16877, 16840, 16803, 16766, 16729, 16692, 16655, 16875, 16838, 16801, 16764, 16727, 16690, 16653, 16873, 16836, 16799, 16762, 16725, 16688, 16651, 16871, 16834, 16797, 16760, 16723, 16686, 16649, 16869, 16832, 16795, 16758, 16721, 16684, 16647, 16867, 16830, 16793, 16756, 16719, 16682, 16645, 16865, 16828, 16791, 16754, 16717, 16680, 16643]","[2, 2, 2, 2, 2, 2, 2, 2, 2, 2, 2, 2, 2, 2, 2, 2, 2, 2, 2, 2, 2, 2, 2, 2, 2, 2, 2, 2, 2, 2, 2, 2, 2, 2, 2, 2, 2, 2, 2, 2, 2, 2, 2, 2, 2, 2, 2, 2, 2, 2, 2, 2, 2, 2, 2, 2]",56,1,20260829,fdb22f45c676b252084bcdf7de1aa4acf9c4a83d9653bb31894a8ce889a4aa69,float32,604,0.09119556747428784,CAPTURED,511,compact,verify_d2,2.10.0.post4.dev20260715,2.10.0+cpu,4,3.2.0,1372,dbdc4f0a3571c50fecb8c9565f5436a5f3bb7fd8
swa,c47f9bdcfb879eb73723521240a48a9bae99349d094a1fb82563535aabde82ec,dbdc4f0a3571c50fecb8c9565f5436a5f3bb7fd8,"[264, 1]",264,native_NHD_then_page_head_token_dim_permute,61833913fc8b068998539f6b5a78c498ae56ac7597b920e55051c1ae508788f5,9.1.0,"[16879, 16842, 16805, 16768, 16731, 16694, 16657, 16877, 16840, 16803, 16766, 16729, 16692, 16655, 16875, 16838, 16801, 16764, 16727, 16690, 16653, 16873, 16836, 16799, 16762, 16725, 16688, 16651, 16871, 16834, 16797, 16760, 16723, 16686, 16649, 16869, 16832, 16795, 16758, 16721, 16684, 16647, 16867, 16830, 16793, 16756, 16719, 16682, 16645, 16865, 16828, 16791, 16754, 16717, 16680, 16643]","[2, 2, 2, 2, 2, 2, 2, 2, 2, 2, 2, 2, 2, 2, 2, 2, 2, 2, 2, 2, 2, 2, 2, 2, 2, 2, 2, 2, 2, 2, 2, 2, 2, 2, 2, 2, 2, 2, 2, 2, 2, 2, 2, 2, 2, 2, 2, 2, 2, 2, 2, 2, 2, 2, 2, 2]",swa_verify_d2_m112_kv16896_ragged_compact_tp4,True,npu:5,5,Ascend950PR_957b,2,bfloat16,False,256,"[16384, 256, 256, 1]",16896,ragged,112,2,16643,28,1,6,56,64,profile/swa/swa_verify_d2_m112_kv16896_ragged_compact_tp4/memory/TENCENT64-124_1376542_20260829224326665_ascend_pt__ASCEND_PROFILER_OUTPUT__kernel_details.csv.gz,505,memory,3.11.10,112,"[1536, 256, 1]",56,profile_artifact,"[16879, 16842, 16805, 16768, 16731, 16694, 16657, 16877, 16840, 16803, 16766, 16729, 16692, 16655, 16875, 16838, 16801, 16764, 16727, 16690, 16653, 16873, 16836, 16799, 16762, 16725, 16688, 16651, 16871, 16834, 16797, 16760, 16723, 16686, 16649, 16869, 16832, 16795, 16758, 16721, 16684, 16647, 16867, 16830, 16793, 16756, 16719, 16682, 16645, 16865, 16828, 16791, 16754, 16717, 16680, 16643]","[2, 2, 2, 2, 2, 2, 2, 2, 2, 2, 2, 2, 2, 2, 2, 2, 2, 2, 2, 2, 2, 2, 2, 2, 2, 2, 2, 2, 2, 2, 2, 2, 2, 2, 2, 2, 2, 2, 2, 2, 2, 2, 2, 2, 2, 2, 2, 2, 2, 2, 2, 2, 2, 2, 2, 2]",56,1,20260829,91f7928fa9e5b8d07103dde240703a4cb8f6616a50bd2fd2fa589f35389f9212,float32,863,0.09119556747428784,CAPTURED,511,compact,verify_d2,2.10.0.post4.dev20260715,2.10.0+cpu,4,3.2.0,2431,dbdc4f0a3571c50fecb8c9565f5436a5f3bb7fd8
swa,c47f9bdcfb879eb73723521240a48a9bae99349d094a1fb82563535aabde82ec,dbdc4f0a3571c50fecb8c9565f5436a5f3bb7fd8,"[264, 1]",264,native_NHD_then_page_head_token_dim_permute,61833913fc8b068998539f6b5a78c498ae56ac7597b920e55051c1ae508788f5,9.1.0,"[16879, 16842, 16805, 16768, 16731, 16694, 16657, 16877, 16840, 16803, 16766, 16729, 16692, 16655, 16875, 16838, 16801, 16764, 16727, 16690, 16653, 16873, 16836, 16799, 16762, 16725, 16688, 16651, 16871, 16834, 16797, 16760, 16723, 16686, 16649, 16869, 16832, 16795, 16758, 16721, 16684, 16647, 16867, 16830, 16793, 16756, 16719, 16682, 16645, 16865, 16828, 16791, 16754, 16717, 16680, 16643]","[2, 2, 2, 2, 2, 2, 2, 2, 2, 2, 2, 2, 2, 2, 2, 2, 2, 2, 2, 2, 2, 2, 2, 2, 2, 2, 2, 2, 2, 2, 2, 2, 2, 2, 2, 2, 2, 2, 2, 2, 2, 2, 2, 2, 2, 2, 2, 2, 2, 2, 2, 2, 2, 2, 2, 2]",swa_verify_d2_m112_kv16896_ragged_compact_tp4,True,npu:5,5,Ascend950PR_957b,2,bfloat16,False,256,"[16384, 256, 256, 1]",16896,ragged,112,2,16643,28,1,6,56,64,profile/swa/swa_verify_d2_m112_kv16896_ragged_compact_tp4/memory/TENCENT64-124_1376542_20260829224326665_ascend_pt__ASCEND_PROFILER_OUTPUT__l2_cache.csv.gz,505,memory,3.11.10,112,"[1536, 256, 1]",56,profile_artifact,"[16879, 16842, 16805, 16768, 16731, 16694, 16657, 16877, 16840, 16803, 16766, 16729, 16692, 16655, 16875, 16838, 16801, 16764, 16727, 16690, 16653, 16873, 16836, 16799, 16762, 16725, 16688, 16651, 16871, 16834, 16797, 16760, 16723, 16686, 16649, 16869, 16832, 16795, 16758, 16721, 16684, 16647, 16867, 16830, 16793, 16756, 16719, 16682, 16645, 16865, 16828, 16791, 16754, 16717, 16680, 16643]","[2, 2, 2, 2, 2, 2, 2, 2, 2, 2, 2, 2, 2, 2, 2, 2, 2, 2, 2, 2, 2, 2, 2, 2, 2, 2, 2, 2, 2, 2, 2, 2, 2, 2, 2, 2, 2, 2, 2, 2, 2, 2, 2, 2, 2, 2, 2, 2, 2, 2, 2, 2, 2, 2, 2, 2]",56,1,20260829,6312afc8cf88142401c82b352fac1812714be326acd0a377869fe57dc9f03e50,float32,276,0.09119556747428784,CAPTURED,511,compact,verify_d2,2.10.0.post4.dev20260715,2.10.0+cpu,4,3.2.0,403,dbdc4f0a3571c50fecb8c9565f5436a5f3bb7fd8
swa,c47f9bdcfb879eb73723521240a48a9bae99349d094a1fb82563535aabde82ec,dbdc4f0a3571c50fecb8c9565f5436a5f3bb7fd8,"[264, 1]",264,native_NHD_then_page_head_token_dim_permute,61833913fc8b068998539f6b5a78c498ae56ac7597b920e55051c1ae508788f5,9.1.0,"[16879, 16842, 16805, 16768, 16731, 16694, 16657, 16877, 16840, 16803, 16766, 16729, 16692, 16655, 16875, 16838, 16801, 16764, 16727, 16690, 16653, 16873, 16836, 16799, 16762, 16725, 16688, 16651, 16871, 16834, 16797, 16760, 16723, 16686, 16649, 16869, 16832, 16795, 16758, 16721, 16684, 16647, 16867, 16830, 16793, 16756, 16719, 16682, 16645, 16865, 16828, 16791, 16754, 16717, 16680, 16643]","[2, 2, 2, 2, 2, 2, 2, 2, 2, 2, 2, 2, 2, 2, 2, 2, 2, 2, 2, 2, 2, 2, 2, 2, 2, 2, 2, 2, 2, 2, 2, 2, 2, 2, 2, 2, 2, 2, 2, 2, 2, 2, 2, 2, 2, 2, 2, 2, 2, 2, 2, 2, 2, 2, 2, 2]",swa_verify_d2_m112_kv16896_ragged_compact_tp4,True,npu:5,5,Ascend950PR_957b,2,bfloat16,False,256,"[16384, 256, 256, 1]",16896,ragged,112,2,16643,28,1,6,56,64,profile/swa/swa_verify_d2_m112_kv16896_ragged_compact_tp4/memory/TENCENT64-124_1376542_20260829224326665_ascend_pt__ASCEND_PROFILER_OUTPUT__op_statistic.csv.gz,505,memory,3.11.10,112,"[1536, 256, 1]",56,profile_artifact,"[16879, 16842, 16805, 16768, 16731, 16694, 16657, 16877, 16840, 16803, 16766, 16729, 16692, 16655, 16875, 16838, 16801, 16764, 16727, 16690, 16653, 16873, 16836, 16799, 16762, 16725, 16688, 16651, 16871, 16834, 16797, 16760, 16723, 16686, 16649, 16869, 16832, 16795, 16758, 16721, 16684, 16647, 16867, 16830, 16793, 16756, 16719, 16682, 16645, 16865, 16828, 16791, 16754, 16717, 16680, 16643]","[2, 2, 2, 2, 2, 2, 2, 2, 2, 2, 2, 2, 2, 2, 2, 2, 2, 2, 2, 2, 2, 2, 2, 2, 2, 2, 2, 2, 2, 2, 2, 2, 2, 2, 2, 2, 2, 2, 2, 2, 2, 2, 2, 2, 2, 2, 2, 2, 2, 2, 2, 2, 2, 2, 2, 2]",56,1,20260829,b6ad1454ce04b78507dce4e212eff16314428cae3aa0f83107d9b2ed49550d87,float32,298,0.09119556747428784,CAPTURED,511,compact,verify_d2,2.10.0.post4.dev20260715,2.10.0+cpu,4,3.2.0,249,dbdc4f0a3571c50fecb8c9565f5436a5f3bb7fd8
swa,c47f9bdcfb879eb73723521240a48a9bae99349d094a1fb82563535aabde82ec,dbdc4f0a3571c50fecb8c9565f5436a5f3bb7fd8,"[264, 1]",264,native_NHD_then_page_head_token_dim_permute,61833913fc8b068998539f6b5a78c498ae56ac7597b920e55051c1ae508788f5,9.1.0,"[16879, 16842, 16805, 16768, 16731, 16694, 16657, 16877, 16840, 16803, 16766, 16729, 16692, 16655, 16875, 16838, 16801, 16764, 16727, 16690, 16653, 16873, 16836, 16799, 16762, 16725, 16688, 16651, 16871, 16834, 16797, 16760, 16723, 16686, 16649, 16869, 16832, 16795, 16758, 16721, 16684, 16647, 16867, 16830, 16793, 16756, 16719, 16682, 16645, 16865, 16828, 16791, 16754, 16717, 16680, 16643]","[2, 2, 2, 2, 2, 2, 2, 2, 2, 2, 2, 2, 2, 2, 2, 2, 2, 2, 2, 2, 2, 2, 2, 2, 2, 2, 2, 2, 2, 2, 2, 2, 2, 2, 2, 2, 2, 2, 2, 2, 2, 2, 2, 2, 2, 2, 2, 2, 2, 2, 2, 2, 2, 2, 2, 2]",swa_verify_d2_m112_kv16896_ragged_compact_tp4,True,npu:5,5,Ascend950PR_957b,2,bfloat16,False,256,"[16384, 256, 256, 1]",16896,ragged,112,2,16643,28,1,6,56,64,profile/swa/swa_verify_d2_m112_kv16896_ragged_compact_tp4/memory/TENCENT64-124_1376542_20260829224326665_ascend_pt__ASCEND_PROFILER_OUTPUT__operator_details.csv.gz,505,memory,3.11.10,112,"[1536, 256, 1]",56,profile_artifact,"[16879, 16842, 16805, 16768, 16731, 16694, 16657, 16877, 16840, 16803, 16766, 16729, 16692, 16655, 16875, 16838, 16801, 16764, 16727, 16690, 16653, 16873, 16836, 16799, 16762, 16725, 16688, 16651, 16871, 16834, 16797, 16760, 16723, 16686, 16649, 16869, 16832, 16795, 16758, 16721, 16684, 16647, 16867, 16830, 16793, 16756, 16719, 16682, 16645, 16865, 16828, 16791, 16754, 16717, 16680, 16643]","[2, 2, 2, 2, 2, 2, 2, 2, 2, 2, 2, 2, 2, 2, 2, 2, 2, 2, 2, 2, 2, 2, 2, 2, 2, 2, 2, 2, 2, 2, 2, 2, 2, 2, 2, 2, 2, 2, 2, 2, 2, 2, 2, 2, 2, 2, 2, 2, 2, 2, 2, 2, 2, 2, 2, 2]",56,1,20260829,e60d1fbc6249e67efc9efeecd58c701ea4b5895ad0b5dff71e171eb520aab229,float32,508,0.09119556747428784,CAPTURED,511,compact,verify_d2,2.10.0.post4.dev20260715,2.10.0+cpu,4,3.2.0,1265,dbdc4f0a3571c50fecb8c9565f5436a5f3bb7fd8
swa,c47f9bdcfb879eb73723521240a48a9bae99349d094a1fb82563535aabde82ec,dbdc4f0a3571c50fecb8c9565f5436a5f3bb7fd8,"[264, 1]",264,native_NHD_then_page_head_token_dim_permute,61833913fc8b068998539f6b5a78c498ae56ac7597b920e55051c1ae508788f5,9.1.0,"[16879, 16842, 16805, 16768, 16731, 16694, 16657, 16877, 16840, 16803, 16766, 16729, 16692, 16655, 16875, 16838, 16801, 16764, 16727, 16690, 16653, 16873, 16836, 16799, 16762, 16725, 16688, 16651, 16871, 16834, 16797, 16760, 16723, 16686, 16649, 16869, 16832, 16795, 16758, 16721, 16684, 16647, 16867, 16830, 16793, 16756, 16719, 16682, 16645, 16865, 16828, 16791, 16754, 16717, 16680, 16643]","[2, 2, 2, 2, 2, 2, 2, 2, 2, 2, 2, 2, 2, 2, 2, 2, 2, 2, 2, 2, 2, 2, 2, 2, 2, 2, 2, 2, 2, 2, 2, 2, 2, 2, 2, 2, 2, 2, 2, 2, 2, 2, 2, 2, 2, 2, 2, 2, 2, 2, 2, 2, 2, 2, 2, 2]",swa_verify_d2_m112_kv16896_ragged_compact_tp4,True,npu:5,5,Ascend950PR_957b,2,bfloat16,False,256,"[16384, 256, 256, 1]",16896,ragged,112,2,16643,28,1,6,56,64,profile/swa/swa_verify_d2_m112_kv16896_ragged_compact_tp4/memory/TENCENT64-124_1376542_20260829224326665_ascend_pt__ASCEND_PROFILER_OUTPUT__step_trace_time.csv.gz,505,memory,3.11.10,112,"[1536, 256, 1]",56,profile_artifact,"[16879, 16842, 16805, 16768, 16731, 16694, 16657, 16877, 16840, 16803, 16766, 16729, 16692, 16655, 16875, 16838, 16801, 16764, 16727, 16690, 16653, 16873, 16836, 16799, 16762, 16725, 16688, 16651, 16871, 16834, 16797, 16760, 16723, 16686, 16649, 16869, 16832, 16795, 16758, 16721, 16684, 16647, 16867, 16830, 16793, 16756, 16719, 16682, 16645, 16865, 16828, 16791, 16754, 16717, 16680, 16643]","[2, 2, 2, 2, 2, 2, 2, 2, 2, 2, 2, 2, 2, 2, 2, 2, 2, 2, 2, 2, 2, 2, 2, 2, 2, 2, 2, 2, 2, 2, 2, 2, 2, 2, 2, 2, 2, 2, 2, 2, 2, 2, 2, 2, 2, 2, 2, 2, 2, 2, 2, 2, 2, 2, 2, 2]",56,1,20260829,44d128cbd14ab3aaeeadbbba6d424e0c8427da80723c0a56011cb717dff79c29,float32,260,0.09119556747428784,CAPTURED,511,compact,verify_d2,2.10.0.post4.dev20260715,2.10.0+cpu,4,3.2.0,215,dbdc4f0a3571c50fecb8c9565f5436a5f3bb7fd8
swa,c47f9bdcfb879eb73723521240a48a9bae99349d094a1fb82563535aabde82ec,dbdc4f0a3571c50fecb8c9565f5436a5f3bb7fd8,"[264, 1]",264,native_NHD_then_page_head_token_dim_permute,61833913fc8b068998539f6b5a78c498ae56ac7597b920e55051c1ae508788f5,9.1.0,"[16879, 16842, 16805, 16768, 16731, 16694, 16657, 16877, 16840, 16803, 16766, 16729, 16692, 16655, 16875, 16838, 16801, 16764, 16727, 16690, 16653, 16873, 16836, 16799, 16762, 16725, 16688, 16651, 16871, 16834, 16797, 16760, 16723, 16686, 16649, 16869, 16832, 16795, 16758, 16721, 16684, 16647, 16867, 16830, 16793, 16756, 16719, 16682, 16645, 16865, 16828, 16791, 16754, 16717, 16680, 16643]","[2, 2, 2, 2, 2, 2, 2, 2, 2, 2, 2, 2, 2, 2, 2, 2, 2, 2, 2, 2, 2, 2, 2, 2, 2, 2, 2, 2, 2, 2, 2, 2, 2, 2, 2, 2, 2, 2, 2, 2, 2, 2, 2, 2, 2, 2, 2, 2, 2, 2, 2, 2, 2, 2, 2, 2]",swa_verify_d2_m112_kv16896_ragged_compact_tp4,True,npu:5,5,Ascend950PR_957b,2,bfloat16,False,256,"[16384, 256, 256, 1]",16896,ragged,112,2,16643,28,1,6,56,64,profile/swa/swa_verify_d2_m112_kv16896_ragged_compact_tp4/memory/TENCENT64-124_1376542_20260829224326665_ascend_pt__ASCEND_PROFILER_OUTPUT__trace_view.json.gz,505,memory,3.11.10,112,"[1536, 256, 1]",56,profile_artifact,"[16879, 16842, 16805, 16768, 16731, 16694, 16657, 16877, 16840, 16803, 16766, 16729, 16692, 16655, 16875, 16838, 16801, 16764, 16727, 16690, 16653, 16873, 16836, 16799, 16762, 16725, 16688, 16651, 16871, 16834, 16797, 16760, 16723, 16686, 16649, 16869, 16832, 16795, 16758, 16721, 16684, 16647, 16867, 16830, 16793, 16756, 16719, 16682, 16645, 16865, 16828, 16791, 16754, 16717, 16680, 16643]","[2, 2, 2, 2, 2, 2, 2, 2, 2, 2, 2, 2, 2, 2, 2, 2, 2, 2, 2, 2, 2, 2, 2, 2, 2, 2, 2, 2, 2, 2, 2, 2, 2, 2, 2, 2, 2, 2, 2, 2, 2, 2, 2, 2, 2, 2, 2, 2, 2, 2, 2, 2, 2, 2, 2, 2]",56,1,20260829,ae872c1d265c03aeb56588f2ebb677d507ef027aa766fed27d63e654d268a457,float32,3315,0.09119556747428784,CAPTURED,511,compact,verify_d2,2.10.0.post4.dev20260715,2.10.0+cpu,4,3.2.0,38322,dbdc4f0a3571c50fecb8c9565f5436a5f3bb7fd8
swa,c47f9bdcfb879eb73723521240a48a9bae99349d094a1fb82563535aabde82ec,dbdc4f0a3571c50fecb8c9565f5436a5f3bb7fd8,"[264, 1]",264,native_NHD_then_page_head_token_dim_permute,61833913fc8b068998539f6b5a78c498ae56ac7597b920e55051c1ae508788f5,9.1.0,"[16879, 16842, 16805, 16768, 16731, 16694, 16657, 16877, 16840, 16803, 16766, 16729, 16692, 16655, 16875, 16838, 16801, 16764, 16727, 16690, 16653, 16873, 16836, 16799, 16762, 16725, 16688, 16651, 16871, 16834, 16797, 16760, 16723, 16686, 16649, 16869, 16832, 16795, 16758, 16721, 16684, 16647, 16867, 16830, 16793, 16756, 16719, 16682, 16645, 16865, 16828, 16791, 16754, 16717, 16680, 16643]","[2, 2, 2, 2, 2, 2, 2, 2, 2, 2, 2, 2, 2, 2, 2, 2, 2, 2, 2, 2, 2, 2, 2, 2, 2, 2, 2, 2, 2, 2, 2, 2, 2, 2, 2, 2, 2, 2, 2, 2, 2, 2, 2, 2, 2, 2, 2, 2, 2, 2, 2, 2, 2, 2, 2, 2]",swa_verify_d2_m112_kv16896_ragged_compact_tp4,True,npu:5,5,Ascend950PR_957b,2,bfloat16,False,256,"[16384, 256, 256, 1]",16896,ragged,112,2,16643,28,1,6,56,64,profile/swa/swa_verify_d2_m112_kv16896_ragged_compact_tp4/memory/TENCENT64-124_1376542_20260829224326665_ascend_pt__PROF_000008_20260829224326691_01376542HHJNAPBF__mindstudio_profiler_output__l2_cache_20260829224328.csv.gz,505,memory,3.11.10,112,"[1536, 256, 1]",56,profile_artifact,"[16879, 16842, 16805, 16768, 16731, 16694, 16657, 16877, 16840, 16803, 16766, 16729, 16692, 16655, 16875, 16838, 16801, 16764, 16727, 16690, 16653, 16873, 16836, 16799, 16762, 16725, 16688, 16651, 16871, 16834, 16797, 16760, 16723, 16686, 16649, 16869, 16832, 16795, 16758, 16721, 16684, 16647, 16867, 16830, 16793, 16756, 16719, 16682, 16645, 16865, 16828, 16791, 16754, 16717, 16680, 16643]","[2, 2, 2, 2, 2, 2, 2, 2, 2, 2, 2, 2, 2, 2, 2, 2, 2, 2, 2, 2, 2, 2, 2, 2, 2, 2, 2, 2, 2, 2, 2, 2, 2, 2, 2, 2, 2, 2, 2, 2, 2, 2, 2, 2, 2, 2, 2, 2, 2, 2, 2, 2, 2, 2, 2, 2]",56,1,20260829,76a72ee8b4e22ca9699942899061cfff852988a0ef58a894f9fb5080b8f1edc9,float32,341,0.09119556747428784,CAPTURED,511,compact,verify_d2,2.10.0.post4.dev20260715,2.10.0+cpu,4,3.2.0,397,dbdc4f0a3571c50fecb8c9565f5436a5f3bb7fd8
swa,c47f9bdcfb879eb73723521240a48a9bae99349d094a1fb82563535aabde82ec,dbdc4f0a3571c50fecb8c9565f5436a5f3bb7fd8,"[264, 1]",264,native_NHD_then_page_head_token_dim_permute,61833913fc8b068998539f6b5a78c498ae56ac7597b920e55051c1ae508788f5,9.1.0,"[16879, 16842, 16805, 16768, 16731, 16694, 16657, 16877, 16840, 16803, 16766, 16729, 16692, 16655, 16875, 16838, 16801, 16764, 16727, 16690, 16653, 16873, 16836, 16799, 16762, 16725, 16688, 16651, 16871, 16834, 16797, 16760, 16723, 16686, 16649, 16869, 16832, 16795, 16758, 16721, 16684, 16647, 16867, 16830, 16793, 16756, 16719, 16682, 16645, 16865, 16828, 16791, 16754, 16717, 16680, 16643]","[2, 2, 2, 2, 2, 2, 2, 2, 2, 2, 2, 2, 2, 2, 2, 2, 2, 2, 2, 2, 2, 2, 2, 2, 2, 2, 2, 2, 2, 2, 2, 2, 2, 2, 2, 2, 2, 2, 2, 2, 2, 2, 2, 2, 2, 2, 2, 2, 2, 2, 2, 2, 2, 2, 2, 2]",swa_verify_d2_m112_kv16896_ragged_compact_tp4,True,npu:5,5,Ascend950PR_957b,2,bfloat16,False,256,"[16384, 256, 256, 1]",16896,ragged,112,2,16643,28,1,6,56,64,profile/swa/swa_verify_d2_m112_kv16896_ragged_compact_tp4/memory/TENCENT64-124_1376542_20260829224326665_ascend_pt__profiler_info.json.gz,505,memory,3.11.10,112,"[1536, 256, 1]",56,profile_artifact,"[16879, 16842, 16805, 16768, 16731, 16694, 16657, 16877, 16840, 16803, 16766, 16729, 16692, 16655, 16875, 16838, 16801, 16764, 16727, 16690, 16653, 16873, 16836, 16799, 16762, 16725, 16688, 16651, 16871, 16834, 16797, 16760, 16723, 16686, 16649, 16869, 16832, 16795, 16758, 16721, 16684, 16647, 16867, 16830, 16793, 16756, 16719, 16682, 16645, 16865, 16828, 16791, 16754, 16717, 16680, 16643]","[2, 2, 2, 2, 2, 2, 2, 2, 2, 2, 2, 2, 2, 2, 2, 2, 2, 2, 2, 2, 2, 2, 2, 2, 2, 2, 2, 2, 2, 2, 2, 2, 2, 2, 2, 2, 2, 2, 2, 2, 2, 2, 2, 2, 2, 2, 2, 2, 2, 2, 2, 2, 2, 2, 2, 2]",56,1,20260829,1b8cdd33cf9a9a557b64198d9047ffc36fb10a816b4de2f34f28aeb9cefe613b,float32,603,0.09119556747428784,CAPTURED,511,compact,verify_d2,2.10.0.post4.dev20260715,2.10.0+cpu,4,3.2.0,1372,dbdc4f0a3571c50fecb8c9565f5436a5f3bb7fd8
swa,c47f9bdcfb879eb73723521240a48a9bae99349d094a1fb82563535aabde82ec,dbdc4f0a3571c50fecb8c9565f5436a5f3bb7fd8,"[64, 1]",64,native_NHD_then_page_head_token_dim_permute,61833913fc8b068998539f6b5a78c498ae56ac7597b920e55051c1ae508788f5,9.1.0,[4096],[1024],swa_dense_m1024_kv4096_uniform_compact_tp4,True,npu:5,5,Ascend950PR_957b,,bfloat16,False,256,"[16384, 256, 256, 1]",4096,uniform,1024,1024,4096,28,1,6,56,64,profile/swa/swa_dense_m1024_kv4096_uniform_compact_tp4/pipe_utilization/TENCENT64-124_1376542_20260829224330639_ascend_pt__ASCEND_PROFILER_OUTPUT__kernel_details.csv.gz,25,pipe_utilization,3.11.10,1024,"[1536, 256, 1]",1,profile_artifact,[4096],[1024],1,1,20260829,add716f627c066f6a3f3a610a699ea57aa535b4ca6229aaf0b83a7ef06f07009,float32,1091,0.09119556747428784,CAPTURED,511,compact,dense,2.10.0.post4.dev20260715,2.10.0+cpu,4,3.2.0,3082,dbdc4f0a3571c50fecb8c9565f5436a5f3bb7fd8
swa,c47f9bdcfb879eb73723521240a48a9bae99349d094a1fb82563535aabde82ec,dbdc4f0a3571c50fecb8c9565f5436a5f3bb7fd8,"[64, 1]",64,native_NHD_then_page_head_token_dim_permute,61833913fc8b068998539f6b5a78c498ae56ac7597b920e55051c1ae508788f5,9.1.0,[4096],[1024],swa_dense_m1024_kv4096_uniform_compact_tp4,True,npu:5,5,Ascend950PR_957b,,bfloat16,False,256,"[16384, 256, 256, 1]",4096,uniform,1024,1024,4096,28,1,6,56,64,profile/swa/swa_dense_m1024_kv4096_uniform_compact_tp4/pipe_utilization/TENCENT64-124_1376542_20260829224330639_ascend_pt__ASCEND_PROFILER_OUTPUT__l2_cache.csv.gz,25,pipe_utilization,3.11.10,1024,"[1536, 256, 1]",1,profile_artifact,[4096],[1024],1,1,20260829,a270285738c9a38979305e718bcc8f092032551f153c34c284f2b175267fcdd3,float32,269,0.09119556747428784,CAPTURED,511,compact,dense,2.10.0.post4.dev20260715,2.10.0+cpu,4,3.2.0,380,dbdc4f0a3571c50fecb8c9565f5436a5f3bb7fd8
swa,c47f9bdcfb879eb73723521240a48a9bae99349d094a1fb82563535aabde82ec,dbdc4f0a3571c50fecb8c9565f5436a5f3bb7fd8,"[64, 1]",64,native_NHD_then_page_head_token_dim_permute,61833913fc8b068998539f6b5a78c498ae56ac7597b920e55051c1ae508788f5,9.1.0,[4096],[1024],swa_dense_m1024_kv4096_uniform_compact_tp4,True,npu:5,5,Ascend950PR_957b,,bfloat16,False,256,"[16384, 256, 256, 1]",4096,uniform,1024,1024,4096,28,1,6,56,64,profile/swa/swa_dense_m1024_kv4096_uniform_compact_tp4/pipe_utilization/TENCENT64-124_1376542_20260829224330639_ascend_pt__ASCEND_PROFILER_OUTPUT__op_statistic.csv.gz,25,pipe_utilization,3.11.10,1024,"[1536, 256, 1]",1,profile_artifact,[4096],[1024],1,1,20260829,55fcfd6ea4dc617b62bcd9426b7b963deec72f954165552b24a9d8b32c768f13,float32,297,0.09119556747428784,CAPTURED,511,compact,dense,2.10.0.post4.dev20260715,2.10.0+cpu,4,3.2.0,249,dbdc4f0a3571c50fecb8c9565f5436a5f3bb7fd8
swa,c47f9bdcfb879eb73723521240a48a9bae99349d094a1fb82563535aabde82ec,dbdc4f0a3571c50fecb8c9565f5436a5f3bb7fd8,"[64, 1]",64,native_NHD_then_page_head_token_dim_permute,61833913fc8b068998539f6b5a78c498ae56ac7597b920e55051c1ae508788f5,9.1.0,[4096],[1024],swa_dense_m1024_kv4096_uniform_compact_tp4,True,npu:5,5,Ascend950PR_957b,,bfloat16,False,256,"[16384, 256, 256, 1]",4096,uniform,1024,1024,4096,28,1,6,56,64,profile/swa/swa_dense_m1024_kv4096_uniform_compact_tp4/pipe_utilization/TENCENT64-124_1376542_20260829224330639_ascend_pt__ASCEND_PROFILER_OUTPUT__operator_details.csv.gz,25,pipe_utilization,3.11.10,1024,"[1536, 256, 1]",1,profile_artifact,[4096],[1024],1,1,20260829,2e8ce8362fdc9502a3f14fa137d3181f8e6df9871df1388a8ed40a66a2f2446b,float32,502,0.09119556747428784,CAPTURED,511,compact,dense,2.10.0.post4.dev20260715,2.10.0+cpu,4,3.2.0,1255,dbdc4f0a3571c50fecb8c9565f5436a5f3bb7fd8
swa,c47f9bdcfb879eb73723521240a48a9bae99349d094a1fb82563535aabde82ec,dbdc4f0a3571c50fecb8c9565f5436a5f3bb7fd8,"[64, 1]",64,native_NHD_then_page_head_token_dim_permute,61833913fc8b068998539f6b5a78c498ae56ac7597b920e55051c1ae508788f5,9.1.0,[4096],[1024],swa_dense_m1024_kv4096_uniform_compact_tp4,True,npu:5,5,Ascend950PR_957b,,bfloat16,False,256,"[16384, 256, 256, 1]",4096,uniform,1024,1024,4096,28,1,6,56,64,profile/swa/swa_dense_m1024_kv4096_uniform_compact_tp4/pipe_utilization/TENCENT64-124_1376542_20260829224330639_ascend_pt__ASCEND_PROFILER_OUTPUT__step_trace_time.csv.gz,25,pipe_utilization,3.11.10,1024,"[1536, 256, 1]",1,profile_artifact,[4096],[1024],1,1,20260829,0a6e38749c949009edaa3b6eb00fce9d74eeb35dd58d86df4dac54003d5e3bb6,float32,263,0.09119556747428784,CAPTURED,511,compact,dense,2.10.0.post4.dev20260715,2.10.0+cpu,4,3.2.0,225,dbdc4f0a3571c50fecb8c9565f5436a5f3bb7fd8
swa,c47f9bdcfb879eb73723521240a48a9bae99349d094a1fb82563535aabde82ec,dbdc4f0a3571c50fecb8c9565f5436a5f3bb7fd8,"[64, 1]",64,native_NHD_then_page_head_token_dim_permute,61833913fc8b068998539f6b5a78c498ae56ac7597b920e55051c1ae508788f5,9.1.0,[4096],[1024],swa_dense_m1024_kv4096_uniform_compact_tp4,True,npu:5,5,Ascend950PR_957b,,bfloat16,False,256,"[16384, 256, 256, 1]",4096,uniform,1024,1024,4096,28,1,6,56,64,profile/swa/swa_dense_m1024_kv4096_uniform_compact_tp4/pipe_utilization/TENCENT64-124_1376542_20260829224330639_ascend_pt__ASCEND_PROFILER_OUTPUT__trace_view.json.gz,25,pipe_utilization,3.11.10,1024,"[1536, 256, 1]",1,profile_artifact,[4096],[1024],1,1,20260829,99dba9a872f09f95afa453242ae443b3efe60238849ba8521e60893b088710ce,float32,3404,0.09119556747428784,CAPTURED,511,compact,dense,2.10.0.post4.dev20260715,2.10.0+cpu,4,3.2.0,41082,dbdc4f0a3571c50fecb8c9565f5436a5f3bb7fd8
swa,c47f9bdcfb879eb73723521240a48a9bae99349d094a1fb82563535aabde82ec,dbdc4f0a3571c50fecb8c9565f5436a5f3bb7fd8,"[64, 1]",64,native_NHD_then_page_head_token_dim_permute,61833913fc8b068998539f6b5a78c498ae56ac7597b920e55051c1ae508788f5,9.1.0,[4096],[1024],swa_dense_m1024_kv4096_uniform_compact_tp4,True,npu:5,5,Ascend950PR_957b,,bfloat16,False,256,"[16384, 256, 256, 1]",4096,uniform,1024,1024,4096,28,1,6,56,64,profile/swa/swa_dense_m1024_kv4096_uniform_compact_tp4/pipe_utilization/TENCENT64-124_1376542_20260829224330639_ascend_pt__PROF_000009_20260829224330663_01376542JKQONLFO__mindstudio_profiler_output__l2_cache_20260829224332.csv.gz,25,pipe_utilization,3.11.10,1024,"[1536, 256, 1]",1,profile_artifact,[4096],[1024],1,1,20260829,2bef6e79c66e21f858ce31a985f599d87088455a0323cf536eb1cebaf84fa6c2,float32,334,0.09119556747428784,CAPTURED,511,compact,dense,2.10.0.post4.dev20260715,2.10.0+cpu,4,3.2.0,374,dbdc4f0a3571c50fecb8c9565f5436a5f3bb7fd8
swa,c47f9bdcfb879eb73723521240a48a9bae99349d094a1fb82563535aabde82ec,dbdc4f0a3571c50fecb8c9565f5436a5f3bb7fd8,"[64, 1]",64,native_NHD_then_page_head_token_dim_permute,61833913fc8b068998539f6b5a78c498ae56ac7597b920e55051c1ae508788f5,9.1.0,[4096],[1024],swa_dense_m1024_kv4096_uniform_compact_tp4,True,npu:5,5,Ascend950PR_957b,,bfloat16,False,256,"[16384, 256, 256, 1]",4096,uniform,1024,1024,4096,28,1,6,56,64,profile/swa/swa_dense_m1024_kv4096_uniform_compact_tp4/pipe_utilization/TENCENT64-124_1376542_20260829224330639_ascend_pt__profiler_info.json.gz,25,pipe_utilization,3.11.10,1024,"[1536, 256, 1]",1,profile_artifact,[4096],[1024],1,1,20260829,b705927f2e67486b7c6de3bfb7f7aa7e1ffb0b280ecdd95865f4a77685750ff3,float32,602,0.09119556747428784,CAPTURED,511,compact,dense,2.10.0.post4.dev20260715,2.10.0+cpu,4,3.2.0,1372,dbdc4f0a3571c50fecb8c9565f5436a5f3bb7fd8
swa,c47f9bdcfb879eb73723521240a48a9bae99349d094a1fb82563535aabde82ec,dbdc4f0a3571c50fecb8c9565f5436a5f3bb7fd8,"[64, 1]",64,native_NHD_then_page_head_token_dim_permute,61833913fc8b068998539f6b5a78c498ae56ac7597b920e55051c1ae508788f5,9.1.0,[4096],[1024],swa_dense_m1024_kv4096_uniform_compact_tp4,True,npu:5,5,Ascend950PR_957b,,bfloat16,False,256,"[16384, 256, 256, 1]",4096,uniform,1024,1024,4096,28,1,6,56,64,profile/swa/swa_dense_m1024_kv4096_uniform_compact_tp4/memory/TENCENT64-124_1376542_20260829224334350_ascend_pt__ASCEND_PROFILER_OUTPUT__kernel_details.csv.gz,25,memory,3.11.10,1024,"[1536, 256, 1]",1,profile_artifact,[4096],[1024],1,1,20260829,34c27d468340d21ae89d42a4a815848bba6e43fcd7ca61358f28296b94e5a0c6,float32,877,0.09119556747428784,CAPTURED,511,compact,dense,2.10.0.post4.dev20260715,2.10.0+cpu,4,3.2.0,2418,dbdc4f0a3571c50fecb8c9565f5436a5f3bb7fd8
swa,c47f9bdcfb879eb73723521240a48a9bae99349d094a1fb82563535aabde82ec,dbdc4f0a3571c50fecb8c9565f5436a5f3bb7fd8,"[64, 1]",64,native_NHD_then_page_head_token_dim_permute,61833913fc8b068998539f6b5a78c498ae56ac7597b920e55051c1ae508788f5,9.1.0,[4096],[1024],swa_dense_m1024_kv4096_uniform_compact_tp4,True,npu:5,5,Ascend950PR_957b,,bfloat16,False,256,"[16384, 256, 256, 1]",4096,uniform,1024,1024,4096,28,1,6,56,64,profile/swa/swa_dense_m1024_kv4096_uniform_compact_tp4/memory/TENCENT64-124_1376542_20260829224334350_ascend_pt__ASCEND_PROFILER_OUTPUT__l2_cache.csv.gz,25,memory,3.11.10,1024,"[1536, 256, 1]",1,profile_artifact,[4096],[1024],1,1,20260829,d5299455f68852729ae046ec5296a7605178af75e4c46ba5c162e4963134a15e,float32,275,0.09119556747428784,CAPTURED,511,compact,dense,2.10.0.post4.dev20260715,2.10.0+cpu,4,3.2.0,385,dbdc4f0a3571c50fecb8c9565f5436a5f3bb7fd8
swa,c47f9bdcfb879eb73723521240a48a9bae99349d094a1fb82563535aabde82ec,dbdc4f0a3571c50fecb8c9565f5436a5f3bb7fd8,"[64, 1]",64,native_NHD_then_page_head_token_dim_permute,61833913fc8b068998539f6b5a78c498ae56ac7597b920e55051c1ae508788f5,9.1.0,[4096],[1024],swa_dense_m1024_kv4096_uniform_compact_tp4,True,npu:5,5,Ascend950PR_957b,,bfloat16,False,256,"[16384, 256, 256, 1]",4096,uniform,1024,1024,4096,28,1,6,56,64,profile/swa/swa_dense_m1024_kv4096_uniform_compact_tp4/memory/TENCENT64-124_1376542_20260829224334350_ascend_pt__ASCEND_PROFILER_OUTPUT__op_statistic.csv.gz,25,memory,3.11.10,1024,"[1536, 256, 1]",1,profile_artifact,[4096],[1024],1,1,20260829,c7b86e54cd08fe5482b606d73ca328cd5fe693b57e16206a0ea04d956b56d8ab,float32,300,0.09119556747428784,CAPTURED,511,compact,dense,2.10.0.post4.dev20260715,2.10.0+cpu,4,3.2.0,250,dbdc4f0a3571c50fecb8c9565f5436a5f3bb7fd8
swa,c47f9bdcfb879eb73723521240a48a9bae99349d094a1fb82563535aabde82ec,dbdc4f0a3571c50fecb8c9565f5436a5f3bb7fd8,"[64, 1]",64,native_NHD_then_page_head_token_dim_permute,61833913fc8b068998539f6b5a78c498ae56ac7597b920e55051c1ae508788f5,9.1.0,[4096],[1024],swa_dense_m1024_kv4096_uniform_compact_tp4,True,npu:5,5,Ascend950PR_957b,,bfloat16,False,256,"[16384, 256, 256, 1]",4096,uniform,1024,1024,4096,28,1,6,56,64,profile/swa/swa_dense_m1024_kv4096_uniform_compact_tp4/memory/TENCENT64-124_1376542_20260829224334350_ascend_pt__ASCEND_PROFILER_OUTPUT__operator_details.csv.gz,25,memory,3.11.10,1024,"[1536, 256, 1]",1,profile_artifact,[4096],[1024],1,1,20260829,f7299a3e1491e3b7b55accde71cd9043d2c04a4b077b4c6fdcae053f532ae008,float32,502,0.09119556747428784,CAPTURED,511,compact,dense,2.10.0.post4.dev20260715,2.10.0+cpu,4,3.2.0,1265,dbdc4f0a3571c50fecb8c9565f5436a5f3bb7fd8
swa,c47f9bdcfb879eb73723521240a48a9bae99349d094a1fb82563535aabde82ec,dbdc4f0a3571c50fecb8c9565f5436a5f3bb7fd8,"[64, 1]",64,native_NHD_then_page_head_token_dim_permute,61833913fc8b068998539f6b5a78c498ae56ac7597b920e55051c1ae508788f5,9.1.0,[4096],[1024],swa_dense_m1024_kv4096_uniform_compact_tp4,True,npu:5,5,Ascend950PR_957b,,bfloat16,False,256,"[16384, 256, 256, 1]",4096,uniform,1024,1024,4096,28,1,6,56,64,profile/swa/swa_dense_m1024_kv4096_uniform_compact_tp4/memory/TENCENT64-124_1376542_20260829224334350_ascend_pt__ASCEND_PROFILER_OUTPUT__step_trace_time.csv.gz,25,memory,3.11.10,1024,"[1536, 256, 1]",1,profile_artifact,[4096],[1024],1,1,20260829,61a70beadd8a5c6efb556e03bbce5449de9288d73a61f9b91555aee4bbcc6b1e,float32,260,0.09119556747428784,CAPTURED,511,compact,dense,2.10.0.post4.dev20260715,2.10.0+cpu,4,3.2.0,217,dbdc4f0a3571c50fecb8c9565f5436a5f3bb7fd8
swa,c47f9bdcfb879eb73723521240a48a9bae99349d094a1fb82563535aabde82ec,dbdc4f0a3571c50fecb8c9565f5436a5f3bb7fd8,"[64, 1]",64,native_NHD_then_page_head_token_dim_permute,61833913fc8b068998539f6b5a78c498ae56ac7597b920e55051c1ae508788f5,9.1.0,[4096],[1024],swa_dense_m1024_kv4096_uniform_compact_tp4,True,npu:5,5,Ascend950PR_957b,,bfloat16,False,256,"[16384, 256, 256, 1]",4096,uniform,1024,1024,4096,28,1,6,56,64,profile/swa/swa_dense_m1024_kv4096_uniform_compact_tp4/memory/TENCENT64-124_1376542_20260829224334350_ascend_pt__ASCEND_PROFILER_OUTPUT__trace_view.json.gz,25,memory,3.11.10,1024,"[1536, 256, 1]",1,profile_artifact,[4096],[1024],1,1,20260829,1d85e3910268acf37148d7065798b5e5f059a48e44c33fd66fe545c7ac494212,float32,3341,0.09119556747428784,CAPTURED,511,compact,dense,2.10.0.post4.dev20260715,2.10.0+cpu,4,3.2.0,38600,dbdc4f0a3571c50fecb8c9565f5436a5f3bb7fd8
swa,c47f9bdcfb879eb73723521240a48a9bae99349d094a1fb82563535aabde82ec,dbdc4f0a3571c50fecb8c9565f5436a5f3bb7fd8,"[64, 1]",64,native_NHD_then_page_head_token_dim_permute,61833913fc8b068998539f6b5a78c498ae56ac7597b920e55051c1ae508788f5,9.1.0,[4096],[1024],swa_dense_m1024_kv4096_uniform_compact_tp4,True,npu:5,5,Ascend950PR_957b,,bfloat16,False,256,"[16384, 256, 256, 1]",4096,uniform,1024,1024,4096,28,1,6,56,64,profile/swa/swa_dense_m1024_kv4096_uniform_compact_tp4/memory/TENCENT64-124_1376542_20260829224334350_ascend_pt__PROF_000010_20260829224334375_01376542RKBNAORL__mindstudio_profiler_output__l2_cache_20260829224336.csv.gz,25,memory,3.11.10,1024,"[1536, 256, 1]",1,profile_artifact,[4096],[1024],1,1,20260829,2258c053beede3e276078df652e17a0e10e564e34915de82fa53cdea3e658a8c,float32,340,0.09119556747428784,CAPTURED,511,compact,dense,2.10.0.post4.dev20260715,2.10.0+cpu,4,3.2.0,379,dbdc4f0a3571c50fecb8c9565f5436a5f3bb7fd8
swa,c47f9bdcfb879eb73723521240a48a9bae99349d094a1fb82563535aabde82ec,dbdc4f0a3571c50fecb8c9565f5436a5f3bb7fd8,"[64, 1]",64,native_NHD_then_page_head_token_dim_permute,61833913fc8b068998539f6b5a78c498ae56ac7597b920e55051c1ae508788f5,9.1.0,[4096],[1024],swa_dense_m1024_kv4096_uniform_compact_tp4,True,npu:5,5,Ascend950PR_957b,,bfloat16,False,256,"[16384, 256, 256, 1]",4096,uniform,1024,1024,4096,28,1,6,56,64,profile/swa/swa_dense_m1024_kv4096_uniform_compact_tp4/memory/TENCENT64-124_1376542_20260829224334350_ascend_pt__profiler_info.json.gz,25,memory,3.11.10,1024,"[1536, 256, 1]",1,profile_artifact,[4096],[1024],1,1,20260829,a19a86d356762436cf51da1311a5fd1c664b6bddfb454078cdfe88056be92b0c,float32,604,0.09119556747428784,CAPTURED,511,compact,dense,2.10.0.post4.dev20260715,2.10.0+cpu,4,3.2.0,1372,dbdc4f0a3571c50fecb8c9565f5436a5f3bb7fd8
