case,workload_id,family,topology,dp_attention_size,context_length,speculative_width,n,batch_size,q_rows,local_q_heads,local_kv_heads,rotated_values,record_type,status,baseline_kernel,candidate_kernel,baseline_q_vs_reference,baseline_k_vs_reference,candidate_q_vs_reference,candidate_k_vs_reference,candidate_q_vs_baseline,candidate_k_vs_baseline,baseline_q_max_abs,baseline_q_mean_abs,baseline_k_max_abs,baseline_k_mean_abs,candidate_q_max_abs,candidate_q_mean_abs,candidate_k_max_abs,candidate_k_mean_abs
decode_n1_b1_ctx4096_tp4,decode_n1_b1_ctx4096,decode,tp4,1,4096,1,1,1,1,6,1,448,correctness,PASS,_welmv4_inplace_rope_kernel_npu,_welmv4_inplace_rope_kernel_npu,True,True,True,True,True,True,0.0,0.0,0.0,0.0,0.0,0.0,0.0,0.0
decode_n1_b1_ctx4096_tp4_dp2,decode_n1_b1_ctx4096,decode,tp4_dp2,2,4096,1,1,1,1,12,1,832,correctness,PASS,_welmv4_inplace_rope_kernel_npu,_welmv4_inplace_rope_kernel_npu,True,True,True,True,True,True,0.0,0.0,0.0,0.0,0.0,0.0,0.0,0.0
decode_n1_b1_ctx4096_tp4_dp4,decode_n1_b1_ctx4096,decode,tp4_dp4,4,4096,1,1,1,1,24,2,1664,correctness,PASS,_welmv4_inplace_rope_kernel_npu,_welmv4_inplace_rope_kernel_npu,True,True,True,True,True,True,0.0,0.0,0.0,0.0,0.0,0.0,0.0,0.0
decode_n4_b4_ctx8192_tp4,decode_n4_b4_ctx8192,decode,tp4,1,8192,1,4,4,4,6,1,1792,correctness,PASS,_welmv4_inplace_rope_kernel_npu,_welmv4_inplace_rope_kernel_npu,True,True,True,True,True,True,0.0,0.0,0.0,0.0,0.0,0.0,0.0,0.0
decode_n4_b4_ctx8192_tp4_dp2,decode_n4_b4_ctx8192,decode,tp4_dp2,2,8192,1,4,4,4,12,1,3328,correctness,PASS,_welmv4_inplace_rope_kernel_npu,_welmv4_inplace_rope_kernel_npu,True,True,True,True,True,True,0.0,0.0,0.0,0.0,0.0,0.0,0.0,0.0
decode_n4_b4_ctx8192_tp4_dp4,decode_n4_b4_ctx8192,decode,tp4_dp4,4,8192,1,4,4,4,24,2,6656,correctness,PASS,_welmv4_inplace_rope_kernel_npu,_welmv4_inplace_rope_kernel_npu,True,True,True,True,True,True,0.0,0.0,0.0,0.0,0.0,0.0,0.0,0.0
decode_n8_b8_ctx9616_tp4,decode_n8_b8_ctx9616,decode,tp4,1,9616,1,8,8,8,6,1,3584,correctness,PASS,_welmv4_inplace_rope_kernel_npu,_welmv4_inplace_rope_kernel_npu,True,True,True,True,True,True,0.0,0.0,0.0,0.0,0.0,0.0,0.0,0.0
decode_n8_b8_ctx9616_tp4_dp2,decode_n8_b8_ctx9616,decode,tp4_dp2,2,9616,1,8,8,8,12,1,6656,correctness,PASS,_welmv4_inplace_rope_kernel_npu,_welmv4_inplace_rope_kernel_npu,True,True,True,True,True,True,0.0,0.0,0.0,0.0,0.0,0.0,0.0,0.0
decode_n8_b8_ctx9616_tp4_dp4,decode_n8_b8_ctx9616,decode,tp4_dp4,4,9616,1,8,8,8,24,2,13312,correctness,PASS,_welmv4_inplace_rope_kernel_npu,_welmv4_inplace_rope_kernel_npu,True,True,True,True,True,True,0.0,0.0,0.0,0.0,0.0,0.0,0.0,0.0
decode_n16_b16_ctx10240_tp4,decode_n16_b16_ctx10240,decode,tp4,1,10240,1,16,16,16,6,1,7168,correctness,PASS,_welmv4_inplace_rope_kernel_npu,_welmv4_inplace_rope_kernel_npu,True,True,True,True,True,True,0.0,0.0,0.0,0.0,0.0,0.0,0.0,0.0
decode_n16_b16_ctx10240_tp4_dp2,decode_n16_b16_ctx10240,decode,tp4_dp2,2,10240,1,16,16,16,12,1,13312,correctness,PASS,_welmv4_inplace_rope_kernel_npu,_welmv4_inplace_rope_kernel_npu,True,True,True,True,True,True,0.0,0.0,0.0,0.0,0.0,0.0,0.0,0.0
decode_n16_b16_ctx10240_tp4_dp4,decode_n16_b16_ctx10240,decode,tp4_dp4,4,10240,1,16,16,16,24,2,26624,correctness,PASS,_welmv4_inplace_rope_kernel_npu,_welmv4_inplace_rope_kernel_npu,True,True,True,True,True,True,0.0,0.0,0.0,0.0,0.0,0.0,0.0,0.0
decode_n32_b32_ctx11000_tp4,decode_n32_b32_ctx11000,decode,tp4,1,11000,1,32,32,32,6,1,14336,correctness,PASS,_welmv4_inplace_rope_kernel_npu,_welmv4_inplace_rope_kernel_npu,True,True,True,True,True,True,0.0,0.0,0.0,0.0,0.0,0.0,0.0,0.0
decode_n32_b32_ctx11000_tp4_dp2,decode_n32_b32_ctx11000,decode,tp4_dp2,2,11000,1,32,32,32,12,1,26624,correctness,PASS,_welmv4_inplace_rope_kernel_npu,_welmv4_inplace_rope_kernel_npu,True,True,True,True,True,True,0.0,0.0,0.0,0.0,0.0,0.0,0.0,0.0
decode_n32_b32_ctx11000_tp4_dp4,decode_n32_b32_ctx11000,decode,tp4_dp4,4,11000,1,32,32,32,24,2,53248,correctness,PASS,_welmv4_inplace_rope_kernel_npu,_welmv4_inplace_rope_kernel_npu,True,True,True,True,True,True,0.0,0.0,0.0,0.0,0.0,0.0,0.0,0.0
decode_n40_b40_ctx12288_tp4,decode_n40_b40_ctx12288,decode,tp4,1,12288,1,40,40,40,6,1,17920,correctness,PASS,_welmv4_inplace_rope_kernel_npu,_welmv4_inplace_rope_kernel_npu,True,True,True,True,True,True,0.0,0.0,0.0,0.0,0.0,0.0,0.0,0.0
decode_n40_b40_ctx12288_tp4_dp2,decode_n40_b40_ctx12288,decode,tp4_dp2,2,12288,1,40,40,40,12,1,33280,correctness,PASS,_welmv4_inplace_rope_kernel_npu,_welmv4_inplace_rope_kernel_npu,True,True,True,True,True,True,0.0,0.0,0.0,0.0,0.0,0.0,0.0,0.0
decode_n40_b40_ctx12288_tp4_dp4,decode_n40_b40_ctx12288,decode,tp4_dp4,4,12288,1,40,40,40,24,2,66560,correctness,PASS,_welmv4_inplace_rope_kernel_npu,_welmv4_inplace_rope_kernel_npu,True,True,True,True,True,True,0.0,0.0,0.0,0.0,0.0,0.0,0.0,0.0
decode_n56_b56_ctx15360_tp4,decode_n56_b56_ctx15360,decode,tp4,1,15360,1,56,56,56,6,1,25088,correctness,PASS,_welmv4_inplace_rope_kernel_npu,_welmv4_inplace_rope_kernel_npu,True,True,True,True,True,True,0.0,0.0,0.0,0.0,0.0,0.0,0.0,0.0
decode_n56_b56_ctx15360_tp4_dp2,decode_n56_b56_ctx15360,decode,tp4_dp2,2,15360,1,56,56,56,12,1,46592,correctness,PASS,_welmv4_inplace_rope_kernel_npu,_welmv4_inplace_rope_kernel_npu,True,True,True,True,True,True,0.0,0.0,0.0,0.0,0.0,0.0,0.0,0.0
decode_n56_b56_ctx15360_tp4_dp4,decode_n56_b56_ctx15360,decode,tp4_dp4,4,15360,1,56,56,56,24,2,93184,correctness,PASS,_welmv4_inplace_rope_kernel_npu,_welmv4_inplace_rope_kernel_npu,True,True,True,True,True,True,0.0,0.0,0.0,0.0,0.0,0.0,0.0,0.0
decode_n1_b1_ctx16500_tp4,decode_n1_b1_ctx16500,decode,tp4,1,16500,1,1,1,1,6,1,448,correctness,PASS,_welmv4_inplace_rope_kernel_npu,_welmv4_inplace_rope_kernel_npu,True,True,True,True,True,True,0.0,0.0,0.0,0.0,0.0,0.0,0.0,0.0
decode_n1_b1_ctx16500_tp4_dp2,decode_n1_b1_ctx16500,decode,tp4_dp2,2,16500,1,1,1,1,12,1,832,correctness,PASS,_welmv4_inplace_rope_kernel_npu,_welmv4_inplace_rope_kernel_npu,True,True,True,True,True,True,0.0,0.0,0.0,0.0,0.0,0.0,0.0,0.0
decode_n1_b1_ctx16500_tp4_dp4,decode_n1_b1_ctx16500,decode,tp4_dp4,4,16500,1,1,1,1,24,2,1664,correctness,PASS,_welmv4_inplace_rope_kernel_npu,_welmv4_inplace_rope_kernel_npu,True,True,True,True,True,True,0.0,0.0,0.0,0.0,0.0,0.0,0.0,0.0
decode_n4_b4_ctx18432_tp4,decode_n4_b4_ctx18432,decode,tp4,1,18432,1,4,4,4,6,1,1792,correctness,PASS,_welmv4_inplace_rope_kernel_npu,_welmv4_inplace_rope_kernel_npu,True,True,True,True,True,True,0.0,0.0,0.0,0.0,0.0,0.0,0.0,0.0
decode_n4_b4_ctx18432_tp4_dp2,decode_n4_b4_ctx18432,decode,tp4_dp2,2,18432,1,4,4,4,12,1,3328,correctness,PASS,_welmv4_inplace_rope_kernel_npu,_welmv4_inplace_rope_kernel_npu,True,True,True,True,True,True,0.0,0.0,0.0,0.0,0.0,0.0,0.0,0.0
decode_n4_b4_ctx18432_tp4_dp4,decode_n4_b4_ctx18432,decode,tp4_dp4,4,18432,1,4,4,4,24,2,6656,correctness,PASS,_welmv4_inplace_rope_kernel_npu,_welmv4_inplace_rope_kernel_npu,True,True,True,True,True,True,0.0,0.0,0.0,0.0,0.0,0.0,0.0,0.0
decode_n8_b8_ctx24576_tp4,decode_n8_b8_ctx24576,decode,tp4,1,24576,1,8,8,8,6,1,3584,correctness,PASS,_welmv4_inplace_rope_kernel_npu,_welmv4_inplace_rope_kernel_npu,True,True,True,True,True,True,0.0,0.0,0.0,0.0,0.0,0.0,0.0,0.0
decode_n8_b8_ctx24576_tp4_dp2,decode_n8_b8_ctx24576,decode,tp4_dp2,2,24576,1,8,8,8,12,1,6656,correctness,PASS,_welmv4_inplace_rope_kernel_npu,_welmv4_inplace_rope_kernel_npu,True,True,True,True,True,True,0.0,0.0,0.0,0.0,0.0,0.0,0.0,0.0
decode_n8_b8_ctx24576_tp4_dp4,decode_n8_b8_ctx24576,decode,tp4_dp4,4,24576,1,8,8,8,24,2,13312,correctness,PASS,_welmv4_inplace_rope_kernel_npu,_welmv4_inplace_rope_kernel_npu,True,True,True,True,True,True,0.0,0.0,0.0,0.0,0.0,0.0,0.0,0.0
decode_n16_b16_ctx26000_tp4,decode_n16_b16_ctx26000,decode,tp4,1,26000,1,16,16,16,6,1,7168,correctness,PASS,_welmv4_inplace_rope_kernel_npu,_welmv4_inplace_rope_kernel_npu,True,True,True,True,True,True,0.0,0.0,0.0,0.0,0.0,0.0,0.0,0.0
decode_n16_b16_ctx26000_tp4_dp2,decode_n16_b16_ctx26000,decode,tp4_dp2,2,26000,1,16,16,16,12,1,13312,correctness,PASS,_welmv4_inplace_rope_kernel_npu,_welmv4_inplace_rope_kernel_npu,True,True,True,True,True,True,0.0,0.0,0.0,0.0,0.0,0.0,0.0,0.0
decode_n16_b16_ctx26000_tp4_dp4,decode_n16_b16_ctx26000,decode,tp4_dp4,4,26000,1,16,16,16,24,2,26624,correctness,PASS,_welmv4_inplace_rope_kernel_npu,_welmv4_inplace_rope_kernel_npu,True,True,True,True,True,True,0.0,0.0,0.0,0.0,0.0,0.0,0.0,0.0
decode_n32_b32_ctx28672_tp4,decode_n32_b32_ctx28672,decode,tp4,1,28672,1,32,32,32,6,1,14336,correctness,PASS,_welmv4_inplace_rope_kernel_npu,_welmv4_inplace_rope_kernel_npu,True,True,True,True,True,True,0.0,0.0,0.0,0.0,0.0,0.0,0.0,0.0
decode_n32_b32_ctx28672_tp4_dp2,decode_n32_b32_ctx28672,decode,tp4_dp2,2,28672,1,32,32,32,12,1,26624,correctness,PASS,_welmv4_inplace_rope_kernel_npu,_welmv4_inplace_rope_kernel_npu,True,True,True,True,True,True,0.0,0.0,0.0,0.0,0.0,0.0,0.0,0.0
decode_n32_b32_ctx28672_tp4_dp4,decode_n32_b32_ctx28672,decode,tp4_dp4,4,28672,1,32,32,32,24,2,53248,correctness,PASS,_welmv4_inplace_rope_kernel_npu,_welmv4_inplace_rope_kernel_npu,True,True,True,True,True,True,0.0,0.0,0.0,0.0,0.0,0.0,0.0,0.0
mtp_d2_n2_b1_ctx4096_tp4,mtp_d2_n2_b1_ctx4096,mtp_d2,tp4,1,4096,2,2,1,2,6,1,896,correctness,PASS,_welmv4_inplace_rope_kernel_npu,_welmv4_inplace_rope_kernel_npu,True,True,True,True,True,True,0.0,0.0,0.0,0.0,0.0,0.0,0.0,0.0
mtp_d2_n2_b1_ctx4096_tp4_dp2,mtp_d2_n2_b1_ctx4096,mtp_d2,tp4_dp2,2,4096,2,2,1,2,12,1,1664,correctness,PASS,_welmv4_inplace_rope_kernel_npu,_welmv4_inplace_rope_kernel_npu,True,True,True,True,True,True,0.0,0.0,0.0,0.0,0.0,0.0,0.0,0.0
mtp_d2_n2_b1_ctx4096_tp4_dp4,mtp_d2_n2_b1_ctx4096,mtp_d2,tp4_dp4,4,4096,2,2,1,2,24,2,3328,correctness,PASS,_welmv4_inplace_rope_kernel_npu,_welmv4_inplace_rope_kernel_npu,True,True,True,True,True,True,0.0,0.0,0.0,0.0,0.0,0.0,0.0,0.0
mtp_d2_n8_b4_ctx4096_tp4,mtp_d2_n8_b4_ctx4096,mtp_d2,tp4,1,4096,2,8,4,8,6,1,3584,correctness,PASS,_welmv4_inplace_rope_kernel_npu,_welmv4_inplace_rope_kernel_npu,True,True,True,True,True,True,0.0,0.0,0.0,0.0,0.0,0.0,0.0,0.0
mtp_d2_n8_b4_ctx4096_tp4_dp2,mtp_d2_n8_b4_ctx4096,mtp_d2,tp4_dp2,2,4096,2,8,4,8,12,1,6656,correctness,PASS,_welmv4_inplace_rope_kernel_npu,_welmv4_inplace_rope_kernel_npu,True,True,True,True,True,True,0.0,0.0,0.0,0.0,0.0,0.0,0.0,0.0
mtp_d2_n8_b4_ctx4096_tp4_dp4,mtp_d2_n8_b4_ctx4096,mtp_d2,tp4_dp4,4,4096,2,8,4,8,24,2,13312,correctness,PASS,_welmv4_inplace_rope_kernel_npu,_welmv4_inplace_rope_kernel_npu,True,True,True,True,True,True,0.0,0.0,0.0,0.0,0.0,0.0,0.0,0.0
mtp_d2_n16_b8_ctx4096_tp4,mtp_d2_n16_b8_ctx4096,mtp_d2,tp4,1,4096,2,16,8,16,6,1,7168,correctness,PASS,_welmv4_inplace_rope_kernel_npu,_welmv4_inplace_rope_kernel_npu,True,True,True,True,True,True,0.0,0.0,0.0,0.0,0.0,0.0,0.0,0.0
mtp_d2_n16_b8_ctx4096_tp4_dp2,mtp_d2_n16_b8_ctx4096,mtp_d2,tp4_dp2,2,4096,2,16,8,16,12,1,13312,correctness,PASS,_welmv4_inplace_rope_kernel_npu,_welmv4_inplace_rope_kernel_npu,True,True,True,True,True,True,0.0,0.0,0.0,0.0,0.0,0.0,0.0,0.0
mtp_d2_n16_b8_ctx4096_tp4_dp4,mtp_d2_n16_b8_ctx4096,mtp_d2,tp4_dp4,4,4096,2,16,8,16,24,2,26624,correctness,PASS,_welmv4_inplace_rope_kernel_npu,_welmv4_inplace_rope_kernel_npu,True,True,True,True,True,True,0.0,0.0,0.0,0.0,0.0,0.0,0.0,0.0
mtp_d2_n32_b16_ctx4096_tp4,mtp_d2_n32_b16_ctx4096,mtp_d2,tp4,1,4096,2,32,16,32,6,1,14336,correctness,PASS,_welmv4_inplace_rope_kernel_npu,_welmv4_inplace_rope_kernel_npu,True,True,True,True,True,True,0.0,0.0,0.0,0.0,0.0,0.0,0.0,0.0
mtp_d2_n32_b16_ctx4096_tp4_dp2,mtp_d2_n32_b16_ctx4096,mtp_d2,tp4_dp2,2,4096,2,32,16,32,12,1,26624,correctness,PASS,_welmv4_inplace_rope_kernel_npu,_welmv4_inplace_rope_kernel_npu,True,True,True,True,True,True,0.0,0.0,0.0,0.0,0.0,0.0,0.0,0.0
mtp_d2_n32_b16_ctx4096_tp4_dp4,mtp_d2_n32_b16_ctx4096,mtp_d2,tp4_dp4,4,4096,2,32,16,32,24,2,53248,correctness,PASS,_welmv4_inplace_rope_kernel_npu,_welmv4_inplace_rope_kernel_npu,True,True,True,True,True,True,0.0,0.0,0.0,0.0,0.0,0.0,0.0,0.0
mtp_d2_n64_b32_ctx4096_tp4,mtp_d2_n64_b32_ctx4096,mtp_d2,tp4,1,4096,2,64,32,64,6,1,28672,correctness,PASS,_welmv4_inplace_rope_kernel_npu,_welmv4_inplace_rope_kernel_npu,True,True,True,True,True,True,0.0,0.0,0.0,0.0,0.0,0.0,0.0,0.0
mtp_d2_n64_b32_ctx4096_tp4_dp2,mtp_d2_n64_b32_ctx4096,mtp_d2,tp4_dp2,2,4096,2,64,32,64,12,1,53248,correctness,PASS,_welmv4_inplace_rope_kernel_npu,_welmv4_inplace_rope_kernel_npu,True,True,True,True,True,True,0.0,0.0,0.0,0.0,0.0,0.0,0.0,0.0
mtp_d2_n64_b32_ctx4096_tp4_dp4,mtp_d2_n64_b32_ctx4096,mtp_d2,tp4_dp4,4,4096,2,64,32,64,24,2,106496,correctness,PASS,_welmv4_inplace_rope_kernel_npu,_welmv4_inplace_rope_kernel_npu,True,True,True,True,True,True,0.0,0.0,0.0,0.0,0.0,0.0,0.0,0.0
mtp_d2_n80_b40_ctx4096_tp4,mtp_d2_n80_b40_ctx4096,mtp_d2,tp4,1,4096,2,80,40,80,6,1,35840,correctness,PASS,_welmv4_inplace_rope_kernel_npu,_welmv4_inplace_rope_kernel_npu,True,True,True,True,True,True,0.0,0.0,0.0,0.0,0.0,0.0,0.0,0.0
mtp_d2_n80_b40_ctx4096_tp4_dp2,mtp_d2_n80_b40_ctx4096,mtp_d2,tp4_dp2,2,4096,2,80,40,80,12,1,66560,correctness,PASS,_welmv4_inplace_rope_kernel_npu,_welmv4_inplace_rope_kernel_npu,True,True,True,True,True,True,0.0,0.0,0.0,0.0,0.0,0.0,0.0,0.0
mtp_d2_n80_b40_ctx4096_tp4_dp4,mtp_d2_n80_b40_ctx4096,mtp_d2,tp4_dp4,4,4096,2,80,40,80,24,2,133120,correctness,PASS,_welmv4_inplace_rope_kernel_npu,_welmv4_inplace_rope_kernel_npu,True,True,True,True,True,True,0.0,0.0,0.0,0.0,0.0,0.0,0.0,0.0
mtp_d2_n112_b56_ctx4096_tp4,mtp_d2_n112_b56_ctx4096,mtp_d2,tp4,1,4096,2,112,56,112,6,1,50176,correctness,PASS,_welmv4_inplace_rope_kernel_npu,_welmv4_inplace_rope_kernel_npu,True,True,True,True,True,True,0.0,0.0,0.0,0.0,0.0,0.0,0.0,0.0
mtp_d2_n112_b56_ctx4096_tp4_dp2,mtp_d2_n112_b56_ctx4096,mtp_d2,tp4_dp2,2,4096,2,112,56,112,12,1,93184,correctness,PASS,_welmv4_inplace_rope_kernel_npu,_welmv4_inplace_rope_kernel_npu,True,True,True,True,True,True,0.0,0.0,0.0,0.0,0.0,0.0,0.0,0.0
mtp_d2_n112_b56_ctx4096_tp4_dp4,mtp_d2_n112_b56_ctx4096,mtp_d2,tp4_dp4,4,4096,2,112,56,112,24,2,186368,correctness,PASS,_welmv4_inplace_rope_kernel_npu,_welmv4_inplace_rope_kernel_npu,True,True,True,True,True,True,0.0,0.0,0.0,0.0,0.0,0.0,0.0,0.0
mtp_d3_n3_b1_ctx4096_tp4,mtp_d3_n3_b1_ctx4096,mtp_d3,tp4,1,4096,3,3,1,3,6,1,1344,correctness,PASS,_welmv4_inplace_rope_kernel_npu,_welmv4_inplace_rope_kernel_npu,True,True,True,True,True,True,0.0,0.0,0.0,0.0,0.0,0.0,0.0,0.0
mtp_d3_n3_b1_ctx4096_tp4_dp2,mtp_d3_n3_b1_ctx4096,mtp_d3,tp4_dp2,2,4096,3,3,1,3,12,1,2496,correctness,PASS,_welmv4_inplace_rope_kernel_npu,_welmv4_inplace_rope_kernel_npu,True,True,True,True,True,True,0.0,0.0,0.0,0.0,0.0,0.0,0.0,0.0
mtp_d3_n3_b1_ctx4096_tp4_dp4,mtp_d3_n3_b1_ctx4096,mtp_d3,tp4_dp4,4,4096,3,3,1,3,24,2,4992,correctness,PASS,_welmv4_inplace_rope_kernel_npu,_welmv4_inplace_rope_kernel_npu,True,True,True,True,True,True,0.0,0.0,0.0,0.0,0.0,0.0,0.0,0.0
mtp_d3_n12_b4_ctx4096_tp4,mtp_d3_n12_b4_ctx4096,mtp_d3,tp4,1,4096,3,12,4,12,6,1,5376,correctness,PASS,_welmv4_inplace_rope_kernel_npu,_welmv4_inplace_rope_kernel_npu,True,True,True,True,True,True,0.0,0.0,0.0,0.0,0.0,0.0,0.0,0.0
mtp_d3_n12_b4_ctx4096_tp4_dp2,mtp_d3_n12_b4_ctx4096,mtp_d3,tp4_dp2,2,4096,3,12,4,12,12,1,9984,correctness,PASS,_welmv4_inplace_rope_kernel_npu,_welmv4_inplace_rope_kernel_npu,True,True,True,True,True,True,0.0,0.0,0.0,0.0,0.0,0.0,0.0,0.0
mtp_d3_n12_b4_ctx4096_tp4_dp4,mtp_d3_n12_b4_ctx4096,mtp_d3,tp4_dp4,4,4096,3,12,4,12,24,2,19968,correctness,PASS,_welmv4_inplace_rope_kernel_npu,_welmv4_inplace_rope_kernel_npu,True,True,True,True,True,True,0.0,0.0,0.0,0.0,0.0,0.0,0.0,0.0
mtp_d3_n24_b8_ctx4096_tp4,mtp_d3_n24_b8_ctx4096,mtp_d3,tp4,1,4096,3,24,8,24,6,1,10752,correctness,PASS,_welmv4_inplace_rope_kernel_npu,_welmv4_inplace_rope_kernel_npu,True,True,True,True,True,True,0.0,0.0,0.0,0.0,0.0,0.0,0.0,0.0
mtp_d3_n24_b8_ctx4096_tp4_dp2,mtp_d3_n24_b8_ctx4096,mtp_d3,tp4_dp2,2,4096,3,24,8,24,12,1,19968,correctness,PASS,_welmv4_inplace_rope_kernel_npu,_welmv4_inplace_rope_kernel_npu,True,True,True,True,True,True,0.0,0.0,0.0,0.0,0.0,0.0,0.0,0.0
mtp_d3_n24_b8_ctx4096_tp4_dp4,mtp_d3_n24_b8_ctx4096,mtp_d3,tp4_dp4,4,4096,3,24,8,24,24,2,39936,correctness,PASS,_welmv4_inplace_rope_kernel_npu,_welmv4_inplace_rope_kernel_npu,True,True,True,True,True,True,0.0,0.0,0.0,0.0,0.0,0.0,0.0,0.0
mtp_d3_n48_b16_ctx4096_tp4,mtp_d3_n48_b16_ctx4096,mtp_d3,tp4,1,4096,3,48,16,48,6,1,21504,correctness,PASS,_welmv4_inplace_rope_kernel_npu,_welmv4_inplace_rope_kernel_npu,True,True,True,True,True,True,0.0,0.0,0.0,0.0,0.0,0.0,0.0,0.0
mtp_d3_n48_b16_ctx4096_tp4_dp2,mtp_d3_n48_b16_ctx4096,mtp_d3,tp4_dp2,2,4096,3,48,16,48,12,1,39936,correctness,PASS,_welmv4_inplace_rope_kernel_npu,_welmv4_inplace_rope_kernel_npu,True,True,True,True,True,True,0.0,0.0,0.0,0.0,0.0,0.0,0.0,0.0
mtp_d3_n48_b16_ctx4096_tp4_dp4,mtp_d3_n48_b16_ctx4096,mtp_d3,tp4_dp4,4,4096,3,48,16,48,24,2,79872,correctness,PASS,_welmv4_inplace_rope_kernel_npu,_welmv4_inplace_rope_kernel_npu,True,True,True,True,True,True,0.0,0.0,0.0,0.0,0.0,0.0,0.0,0.0
mtp_d3_n96_b32_ctx4096_tp4,mtp_d3_n96_b32_ctx4096,mtp_d3,tp4,1,4096,3,96,32,96,6,1,43008,correctness,PASS,_welmv4_inplace_rope_kernel_npu,_welmv4_inplace_rope_kernel_npu,True,True,True,True,True,True,0.0,0.0,0.0,0.0,0.0,0.0,0.0,0.0
mtp_d3_n96_b32_ctx4096_tp4_dp2,mtp_d3_n96_b32_ctx4096,mtp_d3,tp4_dp2,2,4096,3,96,32,96,12,1,79872,correctness,PASS,_welmv4_inplace_rope_kernel_npu,_welmv4_inplace_rope_kernel_npu,True,True,True,True,True,True,0.0,0.0,0.0,0.0,0.0,0.0,0.0,0.0
mtp_d3_n96_b32_ctx4096_tp4_dp4,mtp_d3_n96_b32_ctx4096,mtp_d3,tp4_dp4,4,4096,3,96,32,96,24,2,159744,correctness,PASS,_welmv4_inplace_rope_kernel_npu,_welmv4_inplace_rope_kernel_npu,True,True,True,True,True,True,0.0,0.0,0.0,0.0,0.0,0.0,0.0,0.0
mtp_d3_n120_b40_ctx4096_tp4,mtp_d3_n120_b40_ctx4096,mtp_d3,tp4,1,4096,3,120,40,120,6,1,53760,correctness,PASS,_welmv4_inplace_rope_kernel_npu,_welmv4_inplace_rope_kernel_npu,True,True,True,True,True,True,0.0,0.0,0.0,0.0,0.0,0.0,0.0,0.0
mtp_d3_n120_b40_ctx4096_tp4_dp2,mtp_d3_n120_b40_ctx4096,mtp_d3,tp4_dp2,2,4096,3,120,40,120,12,1,99840,correctness,PASS,_welmv4_inplace_rope_kernel_npu,_welmv4_inplace_rope_kernel_npu,True,True,True,True,True,True,0.0,0.0,0.0,0.0,0.0,0.0,0.0,0.0
mtp_d3_n120_b40_ctx4096_tp4_dp4,mtp_d3_n120_b40_ctx4096,mtp_d3,tp4_dp4,4,4096,3,120,40,120,24,2,199680,correctness,PASS,_welmv4_inplace_rope_kernel_npu,_welmv4_inplace_rope_kernel_npu,True,True,True,True,True,True,0.0,0.0,0.0,0.0,0.0,0.0,0.0,0.0
mtp_d3_n168_b56_ctx4096_tp4,mtp_d3_n168_b56_ctx4096,mtp_d3,tp4,1,4096,3,168,56,168,6,1,75264,correctness,PASS,_welmv4_inplace_rope_kernel_npu,_welmv4_inplace_rope_kernel_npu,True,True,True,True,True,True,0.0,0.0,0.0,0.0,0.0,0.0,0.0,0.0
mtp_d3_n168_b56_ctx4096_tp4_dp2,mtp_d3_n168_b56_ctx4096,mtp_d3,tp4_dp2,2,4096,3,168,56,168,12,1,139776,correctness,PASS,_welmv4_inplace_rope_kernel_npu,_welmv4_inplace_rope_kernel_npu,True,True,True,True,True,True,0.0,0.0,0.0,0.0,0.0,0.0,0.0,0.0
mtp_d3_n168_b56_ctx4096_tp4_dp4,mtp_d3_n168_b56_ctx4096,mtp_d3,tp4_dp4,4,4096,3,168,56,168,24,2,279552,correctness,PASS,_welmv4_inplace_rope_kernel_npu,_welmv4_inplace_rope_kernel_npu,True,True,True,True,True,True,0.0,0.0,0.0,0.0,0.0,0.0,0.0,0.0
mtp_d4_n4_b1_ctx4096_tp4,mtp_d4_n4_b1_ctx4096,mtp_d4,tp4,1,4096,4,4,1,4,6,1,1792,correctness,PASS,_welmv4_inplace_rope_kernel_npu,_welmv4_inplace_rope_kernel_npu,True,True,True,True,True,True,0.0,0.0,0.0,0.0,0.0,0.0,0.0,0.0
mtp_d4_n4_b1_ctx4096_tp4_dp2,mtp_d4_n4_b1_ctx4096,mtp_d4,tp4_dp2,2,4096,4,4,1,4,12,1,3328,correctness,PASS,_welmv4_inplace_rope_kernel_npu,_welmv4_inplace_rope_kernel_npu,True,True,True,True,True,True,0.0,0.0,0.0,0.0,0.0,0.0,0.0,0.0
mtp_d4_n4_b1_ctx4096_tp4_dp4,mtp_d4_n4_b1_ctx4096,mtp_d4,tp4_dp4,4,4096,4,4,1,4,24,2,6656,correctness,PASS,_welmv4_inplace_rope_kernel_npu,_welmv4_inplace_rope_kernel_npu,True,True,True,True,True,True,0.0,0.0,0.0,0.0,0.0,0.0,0.0,0.0
mtp_d4_n16_b4_ctx4096_tp4,mtp_d4_n16_b4_ctx4096,mtp_d4,tp4,1,4096,4,16,4,16,6,1,7168,correctness,PASS,_welmv4_inplace_rope_kernel_npu,_welmv4_inplace_rope_kernel_npu,True,True,True,True,True,True,0.0,0.0,0.0,0.0,0.0,0.0,0.0,0.0
mtp_d4_n16_b4_ctx4096_tp4_dp2,mtp_d4_n16_b4_ctx4096,mtp_d4,tp4_dp2,2,4096,4,16,4,16,12,1,13312,correctness,PASS,_welmv4_inplace_rope_kernel_npu,_welmv4_inplace_rope_kernel_npu,True,True,True,True,True,True,0.0,0.0,0.0,0.0,0.0,0.0,0.0,0.0
mtp_d4_n16_b4_ctx4096_tp4_dp4,mtp_d4_n16_b4_ctx4096,mtp_d4,tp4_dp4,4,4096,4,16,4,16,24,2,26624,correctness,PASS,_welmv4_inplace_rope_kernel_npu,_welmv4_inplace_rope_kernel_npu,True,True,True,True,True,True,0.0,0.0,0.0,0.0,0.0,0.0,0.0,0.0
mtp_d4_n32_b8_ctx4096_tp4,mtp_d4_n32_b8_ctx4096,mtp_d4,tp4,1,4096,4,32,8,32,6,1,14336,correctness,PASS,_welmv4_inplace_rope_kernel_npu,_welmv4_inplace_rope_kernel_npu,True,True,True,True,True,True,0.0,0.0,0.0,0.0,0.0,0.0,0.0,0.0
mtp_d4_n32_b8_ctx4096_tp4_dp2,mtp_d4_n32_b8_ctx4096,mtp_d4,tp4_dp2,2,4096,4,32,8,32,12,1,26624,correctness,PASS,_welmv4_inplace_rope_kernel_npu,_welmv4_inplace_rope_kernel_npu,True,True,True,True,True,True,0.0,0.0,0.0,0.0,0.0,0.0,0.0,0.0
mtp_d4_n32_b8_ctx4096_tp4_dp4,mtp_d4_n32_b8_ctx4096,mtp_d4,tp4_dp4,4,4096,4,32,8,32,24,2,53248,correctness,PASS,_welmv4_inplace_rope_kernel_npu,_welmv4_inplace_rope_kernel_npu,True,True,True,True,True,True,0.0,0.0,0.0,0.0,0.0,0.0,0.0,0.0
mtp_d4_n64_b16_ctx4096_tp4,mtp_d4_n64_b16_ctx4096,mtp_d4,tp4,1,4096,4,64,16,64,6,1,28672,correctness,PASS,_welmv4_inplace_rope_kernel_npu,_welmv4_inplace_rope_kernel_npu,True,True,True,True,True,True,0.0,0.0,0.0,0.0,0.0,0.0,0.0,0.0
mtp_d4_n64_b16_ctx4096_tp4_dp2,mtp_d4_n64_b16_ctx4096,mtp_d4,tp4_dp2,2,4096,4,64,16,64,12,1,53248,correctness,PASS,_welmv4_inplace_rope_kernel_npu,_welmv4_inplace_rope_kernel_npu,True,True,True,True,True,True,0.0,0.0,0.0,0.0,0.0,0.0,0.0,0.0
mtp_d4_n64_b16_ctx4096_tp4_dp4,mtp_d4_n64_b16_ctx4096,mtp_d4,tp4_dp4,4,4096,4,64,16,64,24,2,106496,correctness,PASS,_welmv4_inplace_rope_kernel_npu,_welmv4_inplace_rope_kernel_npu,True,True,True,True,True,True,0.0,0.0,0.0,0.0,0.0,0.0,0.0,0.0
mtp_d4_n128_b32_ctx4096_tp4,mtp_d4_n128_b32_ctx4096,mtp_d4,tp4,1,4096,4,128,32,128,6,1,57344,correctness,PASS,_welmv4_inplace_rope_kernel_npu,_welmv4_inplace_rope_kernel_npu,True,True,True,True,True,True,0.0,0.0,0.0,0.0,0.0,0.0,0.0,0.0
mtp_d4_n128_b32_ctx4096_tp4_dp2,mtp_d4_n128_b32_ctx4096,mtp_d4,tp4_dp2,2,4096,4,128,32,128,12,1,106496,correctness,PASS,_welmv4_inplace_rope_kernel_npu,_welmv4_inplace_rope_kernel_npu,True,True,True,True,True,True,0.0,0.0,0.0,0.0,0.0,0.0,0.0,0.0
mtp_d4_n128_b32_ctx4096_tp4_dp4,mtp_d4_n128_b32_ctx4096,mtp_d4,tp4_dp4,4,4096,4,128,32,128,24,2,212992,correctness,PASS,_welmv4_inplace_rope_kernel_npu,_welmv4_inplace_rope_kernel_npu,True,True,True,True,True,True,0.0,0.0,0.0,0.0,0.0,0.0,0.0,0.0
mtp_d4_n160_b40_ctx4096_tp4,mtp_d4_n160_b40_ctx4096,mtp_d4,tp4,1,4096,4,160,40,160,6,1,71680,correctness,PASS,_welmv4_inplace_rope_kernel_npu,_welmv4_inplace_rope_kernel_npu,True,True,True,True,True,True,0.0,0.0,0.0,0.0,0.0,0.0,0.0,0.0
mtp_d4_n160_b40_ctx4096_tp4_dp2,mtp_d4_n160_b40_ctx4096,mtp_d4,tp4_dp2,2,4096,4,160,40,160,12,1,133120,correctness,PASS,_welmv4_inplace_rope_kernel_npu,_welmv4_inplace_rope_kernel_npu,True,True,True,True,True,True,0.0,0.0,0.0,0.0,0.0,0.0,0.0,0.0
mtp_d4_n160_b40_ctx4096_tp4_dp4,mtp_d4_n160_b40_ctx4096,mtp_d4,tp4_dp4,4,4096,4,160,40,160,24,2,266240,correctness,PASS,_welmv4_inplace_rope_kernel_npu,_welmv4_inplace_rope_kernel_npu,True,True,True,True,True,True,0.0,0.0,0.0,0.0,0.0,0.0,0.0,0.0
mtp_d4_n224_b56_ctx4096_tp4,mtp_d4_n224_b56_ctx4096,mtp_d4,tp4,1,4096,4,224,56,224,6,1,100352,correctness,PASS,_welmv4_inplace_rope_kernel_npu,_welmv4_inplace_rope_kernel_npu,True,True,True,True,True,True,0.0,0.0,0.0,0.0,0.0,0.0,0.0,0.0
mtp_d4_n224_b56_ctx4096_tp4_dp2,mtp_d4_n224_b56_ctx4096,mtp_d4,tp4_dp2,2,4096,4,224,56,224,12,1,186368,correctness,PASS,_welmv4_inplace_rope_kernel_npu,_welmv4_inplace_rope_kernel_npu,True,True,True,True,True,True,0.0,0.0,0.0,0.0,0.0,0.0,0.0,0.0
mtp_d4_n224_b56_ctx4096_tp4_dp4,mtp_d4_n224_b56_ctx4096,mtp_d4,tp4_dp4,4,4096,4,224,56,224,24,2,372736,correctness,PASS,_welmv4_inplace_rope_kernel_npu,_welmv4_inplace_rope_kernel_npu,True,True,True,True,True,True,0.0,0.0,0.0,0.0,0.0,0.0,0.0,0.0
mtp_d2_n2_b1_ctx8192_tp4,mtp_d2_n2_b1_ctx8192,mtp_d2,tp4,1,8192,2,2,1,2,6,1,896,correctness,PASS,_welmv4_inplace_rope_kernel_npu,_welmv4_inplace_rope_kernel_npu,True,True,True,True,True,True,0.0,0.0,0.0,0.0,0.0,0.0,0.0,0.0
mtp_d2_n2_b1_ctx8192_tp4_dp2,mtp_d2_n2_b1_ctx8192,mtp_d2,tp4_dp2,2,8192,2,2,1,2,12,1,1664,correctness,PASS,_welmv4_inplace_rope_kernel_npu,_welmv4_inplace_rope_kernel_npu,True,True,True,True,True,True,0.0,0.0,0.0,0.0,0.0,0.0,0.0,0.0
mtp_d2_n2_b1_ctx8192_tp4_dp4,mtp_d2_n2_b1_ctx8192,mtp_d2,tp4_dp4,4,8192,2,2,1,2,24,2,3328,correctness,PASS,_welmv4_inplace_rope_kernel_npu,_welmv4_inplace_rope_kernel_npu,True,True,True,True,True,True,0.0,0.0,0.0,0.0,0.0,0.0,0.0,0.0
mtp_d2_n2_b1_ctx9616_tp4,mtp_d2_n2_b1_ctx9616,mtp_d2,tp4,1,9616,2,2,1,2,6,1,896,correctness,PASS,_welmv4_inplace_rope_kernel_npu,_welmv4_inplace_rope_kernel_npu,True,True,True,True,True,True,0.0,0.0,0.0,0.0,0.0,0.0,0.0,0.0
mtp_d2_n2_b1_ctx9616_tp4_dp2,mtp_d2_n2_b1_ctx9616,mtp_d2,tp4_dp2,2,9616,2,2,1,2,12,1,1664,correctness,PASS,_welmv4_inplace_rope_kernel_npu,_welmv4_inplace_rope_kernel_npu,True,True,True,True,True,True,0.0,0.0,0.0,0.0,0.0,0.0,0.0,0.0
mtp_d2_n2_b1_ctx9616_tp4_dp4,mtp_d2_n2_b1_ctx9616,mtp_d2,tp4_dp4,4,9616,2,2,1,2,24,2,3328,correctness,PASS,_welmv4_inplace_rope_kernel_npu,_welmv4_inplace_rope_kernel_npu,True,True,True,True,True,True,0.0,0.0,0.0,0.0,0.0,0.0,0.0,0.0
mtp_d2_n2_b1_ctx10240_tp4,mtp_d2_n2_b1_ctx10240,mtp_d2,tp4,1,10240,2,2,1,2,6,1,896,correctness,PASS,_welmv4_inplace_rope_kernel_npu,_welmv4_inplace_rope_kernel_npu,True,True,True,True,True,True,0.0,0.0,0.0,0.0,0.0,0.0,0.0,0.0
mtp_d2_n2_b1_ctx10240_tp4_dp2,mtp_d2_n2_b1_ctx10240,mtp_d2,tp4_dp2,2,10240,2,2,1,2,12,1,1664,correctness,PASS,_welmv4_inplace_rope_kernel_npu,_welmv4_inplace_rope_kernel_npu,True,True,True,True,True,True,0.0,0.0,0.0,0.0,0.0,0.0,0.0,0.0
mtp_d2_n2_b1_ctx10240_tp4_dp4,mtp_d2_n2_b1_ctx10240,mtp_d2,tp4_dp4,4,10240,2,2,1,2,24,2,3328,correctness,PASS,_welmv4_inplace_rope_kernel_npu,_welmv4_inplace_rope_kernel_npu,True,True,True,True,True,True,0.0,0.0,0.0,0.0,0.0,0.0,0.0,0.0
mtp_d2_n2_b1_ctx11000_tp4,mtp_d2_n2_b1_ctx11000,mtp_d2,tp4,1,11000,2,2,1,2,6,1,896,correctness,PASS,_welmv4_inplace_rope_kernel_npu,_welmv4_inplace_rope_kernel_npu,True,True,True,True,True,True,0.0,0.0,0.0,0.0,0.0,0.0,0.0,0.0
mtp_d2_n2_b1_ctx11000_tp4_dp2,mtp_d2_n2_b1_ctx11000,mtp_d2,tp4_dp2,2,11000,2,2,1,2,12,1,1664,correctness,PASS,_welmv4_inplace_rope_kernel_npu,_welmv4_inplace_rope_kernel_npu,True,True,True,True,True,True,0.0,0.0,0.0,0.0,0.0,0.0,0.0,0.0
mtp_d2_n2_b1_ctx11000_tp4_dp4,mtp_d2_n2_b1_ctx11000,mtp_d2,tp4_dp4,4,11000,2,2,1,2,24,2,3328,correctness,PASS,_welmv4_inplace_rope_kernel_npu,_welmv4_inplace_rope_kernel_npu,True,True,True,True,True,True,0.0,0.0,0.0,0.0,0.0,0.0,0.0,0.0
mtp_d2_n2_b1_ctx12288_tp4,mtp_d2_n2_b1_ctx12288,mtp_d2,tp4,1,12288,2,2,1,2,6,1,896,correctness,PASS,_welmv4_inplace_rope_kernel_npu,_welmv4_inplace_rope_kernel_npu,True,True,True,True,True,True,0.0,0.0,0.0,0.0,0.0,0.0,0.0,0.0
mtp_d2_n2_b1_ctx12288_tp4_dp2,mtp_d2_n2_b1_ctx12288,mtp_d2,tp4_dp2,2,12288,2,2,1,2,12,1,1664,correctness,PASS,_welmv4_inplace_rope_kernel_npu,_welmv4_inplace_rope_kernel_npu,True,True,True,True,True,True,0.0,0.0,0.0,0.0,0.0,0.0,0.0,0.0
mtp_d2_n2_b1_ctx12288_tp4_dp4,mtp_d2_n2_b1_ctx12288,mtp_d2,tp4_dp4,4,12288,2,2,1,2,24,2,3328,correctness,PASS,_welmv4_inplace_rope_kernel_npu,_welmv4_inplace_rope_kernel_npu,True,True,True,True,True,True,0.0,0.0,0.0,0.0,0.0,0.0,0.0,0.0
mtp_d2_n2_b1_ctx15360_tp4,mtp_d2_n2_b1_ctx15360,mtp_d2,tp4,1,15360,2,2,1,2,6,1,896,correctness,PASS,_welmv4_inplace_rope_kernel_npu,_welmv4_inplace_rope_kernel_npu,True,True,True,True,True,True,0.0,0.0,0.0,0.0,0.0,0.0,0.0,0.0
mtp_d2_n2_b1_ctx15360_tp4_dp2,mtp_d2_n2_b1_ctx15360,mtp_d2,tp4_dp2,2,15360,2,2,1,2,12,1,1664,correctness,PASS,_welmv4_inplace_rope_kernel_npu,_welmv4_inplace_rope_kernel_npu,True,True,True,True,True,True,0.0,0.0,0.0,0.0,0.0,0.0,0.0,0.0
mtp_d2_n2_b1_ctx15360_tp4_dp4,mtp_d2_n2_b1_ctx15360,mtp_d2,tp4_dp4,4,15360,2,2,1,2,24,2,3328,correctness,PASS,_welmv4_inplace_rope_kernel_npu,_welmv4_inplace_rope_kernel_npu,True,True,True,True,True,True,0.0,0.0,0.0,0.0,0.0,0.0,0.0,0.0
mtp_d2_n2_b1_ctx16500_tp4,mtp_d2_n2_b1_ctx16500,mtp_d2,tp4,1,16500,2,2,1,2,6,1,896,correctness,PASS,_welmv4_inplace_rope_kernel_npu,_welmv4_inplace_rope_kernel_npu,True,True,True,True,True,True,0.0,0.0,0.0,0.0,0.0,0.0,0.0,0.0
mtp_d2_n2_b1_ctx16500_tp4_dp2,mtp_d2_n2_b1_ctx16500,mtp_d2,tp4_dp2,2,16500,2,2,1,2,12,1,1664,correctness,PASS,_welmv4_inplace_rope_kernel_npu,_welmv4_inplace_rope_kernel_npu,True,True,True,True,True,True,0.0,0.0,0.0,0.0,0.0,0.0,0.0,0.0
mtp_d2_n2_b1_ctx16500_tp4_dp4,mtp_d2_n2_b1_ctx16500,mtp_d2,tp4_dp4,4,16500,2,2,1,2,24,2,3328,correctness,PASS,_welmv4_inplace_rope_kernel_npu,_welmv4_inplace_rope_kernel_npu,True,True,True,True,True,True,0.0,0.0,0.0,0.0,0.0,0.0,0.0,0.0
mtp_d2_n2_b1_ctx18432_tp4,mtp_d2_n2_b1_ctx18432,mtp_d2,tp4,1,18432,2,2,1,2,6,1,896,correctness,PASS,_welmv4_inplace_rope_kernel_npu,_welmv4_inplace_rope_kernel_npu,True,True,True,True,True,True,0.0,0.0,0.0,0.0,0.0,0.0,0.0,0.0
mtp_d2_n2_b1_ctx18432_tp4_dp2,mtp_d2_n2_b1_ctx18432,mtp_d2,tp4_dp2,2,18432,2,2,1,2,12,1,1664,correctness,PASS,_welmv4_inplace_rope_kernel_npu,_welmv4_inplace_rope_kernel_npu,True,True,True,True,True,True,0.0,0.0,0.0,0.0,0.0,0.0,0.0,0.0
mtp_d2_n2_b1_ctx18432_tp4_dp4,mtp_d2_n2_b1_ctx18432,mtp_d2,tp4_dp4,4,18432,2,2,1,2,24,2,3328,correctness,PASS,_welmv4_inplace_rope_kernel_npu,_welmv4_inplace_rope_kernel_npu,True,True,True,True,True,True,0.0,0.0,0.0,0.0,0.0,0.0,0.0,0.0
mtp_d2_n2_b1_ctx24576_tp4,mtp_d2_n2_b1_ctx24576,mtp_d2,tp4,1,24576,2,2,1,2,6,1,896,correctness,PASS,_welmv4_inplace_rope_kernel_npu,_welmv4_inplace_rope_kernel_npu,True,True,True,True,True,True,0.0,0.0,0.0,0.0,0.0,0.0,0.0,0.0
mtp_d2_n2_b1_ctx24576_tp4_dp2,mtp_d2_n2_b1_ctx24576,mtp_d2,tp4_dp2,2,24576,2,2,1,2,12,1,1664,correctness,PASS,_welmv4_inplace_rope_kernel_npu,_welmv4_inplace_rope_kernel_npu,True,True,True,True,True,True,0.0,0.0,0.0,0.0,0.0,0.0,0.0,0.0
mtp_d2_n2_b1_ctx24576_tp4_dp4,mtp_d2_n2_b1_ctx24576,mtp_d2,tp4_dp4,4,24576,2,2,1,2,24,2,3328,correctness,PASS,_welmv4_inplace_rope_kernel_npu,_welmv4_inplace_rope_kernel_npu,True,True,True,True,True,True,0.0,0.0,0.0,0.0,0.0,0.0,0.0,0.0
mtp_d2_n2_b1_ctx26000_tp4,mtp_d2_n2_b1_ctx26000,mtp_d2,tp4,1,26000,2,2,1,2,6,1,896,correctness,PASS,_welmv4_inplace_rope_kernel_npu,_welmv4_inplace_rope_kernel_npu,True,True,True,True,True,True,0.0,0.0,0.0,0.0,0.0,0.0,0.0,0.0
mtp_d2_n2_b1_ctx26000_tp4_dp2,mtp_d2_n2_b1_ctx26000,mtp_d2,tp4_dp2,2,26000,2,2,1,2,12,1,1664,correctness,PASS,_welmv4_inplace_rope_kernel_npu,_welmv4_inplace_rope_kernel_npu,True,True,True,True,True,True,0.0,0.0,0.0,0.0,0.0,0.0,0.0,0.0
mtp_d2_n2_b1_ctx26000_tp4_dp4,mtp_d2_n2_b1_ctx26000,mtp_d2,tp4_dp4,4,26000,2,2,1,2,24,2,3328,correctness,PASS,_welmv4_inplace_rope_kernel_npu,_welmv4_inplace_rope_kernel_npu,True,True,True,True,True,True,0.0,0.0,0.0,0.0,0.0,0.0,0.0,0.0
mtp_d2_n2_b1_ctx28672_tp4,mtp_d2_n2_b1_ctx28672,mtp_d2,tp4,1,28672,2,2,1,2,6,1,896,correctness,PASS,_welmv4_inplace_rope_kernel_npu,_welmv4_inplace_rope_kernel_npu,True,True,True,True,True,True,0.0,0.0,0.0,0.0,0.0,0.0,0.0,0.0
mtp_d2_n2_b1_ctx28672_tp4_dp2,mtp_d2_n2_b1_ctx28672,mtp_d2,tp4_dp2,2,28672,2,2,1,2,12,1,1664,correctness,PASS,_welmv4_inplace_rope_kernel_npu,_welmv4_inplace_rope_kernel_npu,True,True,True,True,True,True,0.0,0.0,0.0,0.0,0.0,0.0,0.0,0.0
mtp_d2_n2_b1_ctx28672_tp4_dp4,mtp_d2_n2_b1_ctx28672,mtp_d2,tp4_dp4,4,28672,2,2,1,2,24,2,3328,correctness,PASS,_welmv4_inplace_rope_kernel_npu,_welmv4_inplace_rope_kernel_npu,True,True,True,True,True,True,0.0,0.0,0.0,0.0,0.0,0.0,0.0,0.0
mtp_d2_n32_b16_ctx8192_tp4,mtp_d2_n32_b16_ctx8192,mtp_d2,tp4,1,8192,2,32,16,32,6,1,14336,correctness,PASS,_welmv4_inplace_rope_kernel_npu,_welmv4_inplace_rope_kernel_npu,True,True,True,True,True,True,0.0,0.0,0.0,0.0,0.0,0.0,0.0,0.0
mtp_d2_n32_b16_ctx8192_tp4_dp2,mtp_d2_n32_b16_ctx8192,mtp_d2,tp4_dp2,2,8192,2,32,16,32,12,1,26624,correctness,PASS,_welmv4_inplace_rope_kernel_npu,_welmv4_inplace_rope_kernel_npu,True,True,True,True,True,True,0.0,0.0,0.0,0.0,0.0,0.0,0.0,0.0
mtp_d2_n32_b16_ctx8192_tp4_dp4,mtp_d2_n32_b16_ctx8192,mtp_d2,tp4_dp4,4,8192,2,32,16,32,24,2,53248,correctness,PASS,_welmv4_inplace_rope_kernel_npu,_welmv4_inplace_rope_kernel_npu,True,True,True,True,True,True,0.0,0.0,0.0,0.0,0.0,0.0,0.0,0.0
mtp_d2_n32_b16_ctx9616_tp4,mtp_d2_n32_b16_ctx9616,mtp_d2,tp4,1,9616,2,32,16,32,6,1,14336,correctness,PASS,_welmv4_inplace_rope_kernel_npu,_welmv4_inplace_rope_kernel_npu,True,True,True,True,True,True,0.0,0.0,0.0,0.0,0.0,0.0,0.0,0.0
mtp_d2_n32_b16_ctx9616_tp4_dp2,mtp_d2_n32_b16_ctx9616,mtp_d2,tp4_dp2,2,9616,2,32,16,32,12,1,26624,correctness,PASS,_welmv4_inplace_rope_kernel_npu,_welmv4_inplace_rope_kernel_npu,True,True,True,True,True,True,0.0,0.0,0.0,0.0,0.0,0.0,0.0,0.0
mtp_d2_n32_b16_ctx9616_tp4_dp4,mtp_d2_n32_b16_ctx9616,mtp_d2,tp4_dp4,4,9616,2,32,16,32,24,2,53248,correctness,PASS,_welmv4_inplace_rope_kernel_npu,_welmv4_inplace_rope_kernel_npu,True,True,True,True,True,True,0.0,0.0,0.0,0.0,0.0,0.0,0.0,0.0
mtp_d2_n32_b16_ctx10240_tp4,mtp_d2_n32_b16_ctx10240,mtp_d2,tp4,1,10240,2,32,16,32,6,1,14336,correctness,PASS,_welmv4_inplace_rope_kernel_npu,_welmv4_inplace_rope_kernel_npu,True,True,True,True,True,True,0.0,0.0,0.0,0.0,0.0,0.0,0.0,0.0
mtp_d2_n32_b16_ctx10240_tp4_dp2,mtp_d2_n32_b16_ctx10240,mtp_d2,tp4_dp2,2,10240,2,32,16,32,12,1,26624,correctness,PASS,_welmv4_inplace_rope_kernel_npu,_welmv4_inplace_rope_kernel_npu,True,True,True,True,True,True,0.0,0.0,0.0,0.0,0.0,0.0,0.0,0.0
mtp_d2_n32_b16_ctx10240_tp4_dp4,mtp_d2_n32_b16_ctx10240,mtp_d2,tp4_dp4,4,10240,2,32,16,32,24,2,53248,correctness,PASS,_welmv4_inplace_rope_kernel_npu,_welmv4_inplace_rope_kernel_npu,True,True,True,True,True,True,0.0,0.0,0.0,0.0,0.0,0.0,0.0,0.0
mtp_d2_n32_b16_ctx11000_tp4,mtp_d2_n32_b16_ctx11000,mtp_d2,tp4,1,11000,2,32,16,32,6,1,14336,correctness,PASS,_welmv4_inplace_rope_kernel_npu,_welmv4_inplace_rope_kernel_npu,True,True,True,True,True,True,0.0,0.0,0.0,0.0,0.0,0.0,0.0,0.0
mtp_d2_n32_b16_ctx11000_tp4_dp2,mtp_d2_n32_b16_ctx11000,mtp_d2,tp4_dp2,2,11000,2,32,16,32,12,1,26624,correctness,PASS,_welmv4_inplace_rope_kernel_npu,_welmv4_inplace_rope_kernel_npu,True,True,True,True,True,True,0.0,0.0,0.0,0.0,0.0,0.0,0.0,0.0
mtp_d2_n32_b16_ctx11000_tp4_dp4,mtp_d2_n32_b16_ctx11000,mtp_d2,tp4_dp4,4,11000,2,32,16,32,24,2,53248,correctness,PASS,_welmv4_inplace_rope_kernel_npu,_welmv4_inplace_rope_kernel_npu,True,True,True,True,True,True,0.0,0.0,0.0,0.0,0.0,0.0,0.0,0.0
mtp_d2_n32_b16_ctx12288_tp4,mtp_d2_n32_b16_ctx12288,mtp_d2,tp4,1,12288,2,32,16,32,6,1,14336,correctness,PASS,_welmv4_inplace_rope_kernel_npu,_welmv4_inplace_rope_kernel_npu,True,True,True,True,True,True,0.0,0.0,0.0,0.0,0.0,0.0,0.0,0.0
mtp_d2_n32_b16_ctx12288_tp4_dp2,mtp_d2_n32_b16_ctx12288,mtp_d2,tp4_dp2,2,12288,2,32,16,32,12,1,26624,correctness,PASS,_welmv4_inplace_rope_kernel_npu,_welmv4_inplace_rope_kernel_npu,True,True,True,True,True,True,0.0,0.0,0.0,0.0,0.0,0.0,0.0,0.0
mtp_d2_n32_b16_ctx12288_tp4_dp4,mtp_d2_n32_b16_ctx12288,mtp_d2,tp4_dp4,4,12288,2,32,16,32,24,2,53248,correctness,PASS,_welmv4_inplace_rope_kernel_npu,_welmv4_inplace_rope_kernel_npu,True,True,True,True,True,True,0.0,0.0,0.0,0.0,0.0,0.0,0.0,0.0
mtp_d2_n32_b16_ctx15360_tp4,mtp_d2_n32_b16_ctx15360,mtp_d2,tp4,1,15360,2,32,16,32,6,1,14336,correctness,PASS,_welmv4_inplace_rope_kernel_npu,_welmv4_inplace_rope_kernel_npu,True,True,True,True,True,True,0.0,0.0,0.0,0.0,0.0,0.0,0.0,0.0
mtp_d2_n32_b16_ctx15360_tp4_dp2,mtp_d2_n32_b16_ctx15360,mtp_d2,tp4_dp2,2,15360,2,32,16,32,12,1,26624,correctness,PASS,_welmv4_inplace_rope_kernel_npu,_welmv4_inplace_rope_kernel_npu,True,True,True,True,True,True,0.0,0.0,0.0,0.0,0.0,0.0,0.0,0.0
mtp_d2_n32_b16_ctx15360_tp4_dp4,mtp_d2_n32_b16_ctx15360,mtp_d2,tp4_dp4,4,15360,2,32,16,32,24,2,53248,correctness,PASS,_welmv4_inplace_rope_kernel_npu,_welmv4_inplace_rope_kernel_npu,True,True,True,True,True,True,0.0,0.0,0.0,0.0,0.0,0.0,0.0,0.0
mtp_d2_n32_b16_ctx16500_tp4,mtp_d2_n32_b16_ctx16500,mtp_d2,tp4,1,16500,2,32,16,32,6,1,14336,correctness,PASS,_welmv4_inplace_rope_kernel_npu,_welmv4_inplace_rope_kernel_npu,True,True,True,True,True,True,0.0,0.0,0.0,0.0,0.0,0.0,0.0,0.0
mtp_d2_n32_b16_ctx16500_tp4_dp2,mtp_d2_n32_b16_ctx16500,mtp_d2,tp4_dp2,2,16500,2,32,16,32,12,1,26624,correctness,PASS,_welmv4_inplace_rope_kernel_npu,_welmv4_inplace_rope_kernel_npu,True,True,True,True,True,True,0.0,0.0,0.0,0.0,0.0,0.0,0.0,0.0
mtp_d2_n32_b16_ctx16500_tp4_dp4,mtp_d2_n32_b16_ctx16500,mtp_d2,tp4_dp4,4,16500,2,32,16,32,24,2,53248,correctness,PASS,_welmv4_inplace_rope_kernel_npu,_welmv4_inplace_rope_kernel_npu,True,True,True,True,True,True,0.0,0.0,0.0,0.0,0.0,0.0,0.0,0.0
mtp_d2_n32_b16_ctx18432_tp4,mtp_d2_n32_b16_ctx18432,mtp_d2,tp4,1,18432,2,32,16,32,6,1,14336,correctness,PASS,_welmv4_inplace_rope_kernel_npu,_welmv4_inplace_rope_kernel_npu,True,True,True,True,True,True,0.0,0.0,0.0,0.0,0.0,0.0,0.0,0.0
mtp_d2_n32_b16_ctx18432_tp4_dp2,mtp_d2_n32_b16_ctx18432,mtp_d2,tp4_dp2,2,18432,2,32,16,32,12,1,26624,correctness,PASS,_welmv4_inplace_rope_kernel_npu,_welmv4_inplace_rope_kernel_npu,True,True,True,True,True,True,0.0,0.0,0.0,0.0,0.0,0.0,0.0,0.0
mtp_d2_n32_b16_ctx18432_tp4_dp4,mtp_d2_n32_b16_ctx18432,mtp_d2,tp4_dp4,4,18432,2,32,16,32,24,2,53248,correctness,PASS,_welmv4_inplace_rope_kernel_npu,_welmv4_inplace_rope_kernel_npu,True,True,True,True,True,True,0.0,0.0,0.0,0.0,0.0,0.0,0.0,0.0
mtp_d2_n32_b16_ctx24576_tp4,mtp_d2_n32_b16_ctx24576,mtp_d2,tp4,1,24576,2,32,16,32,6,1,14336,correctness,PASS,_welmv4_inplace_rope_kernel_npu,_welmv4_inplace_rope_kernel_npu,True,True,True,True,True,True,0.0,0.0,0.0,0.0,0.0,0.0,0.0,0.0
mtp_d2_n32_b16_ctx24576_tp4_dp2,mtp_d2_n32_b16_ctx24576,mtp_d2,tp4_dp2,2,24576,2,32,16,32,12,1,26624,correctness,PASS,_welmv4_inplace_rope_kernel_npu,_welmv4_inplace_rope_kernel_npu,True,True,True,True,True,True,0.0,0.0,0.0,0.0,0.0,0.0,0.0,0.0
mtp_d2_n32_b16_ctx24576_tp4_dp4,mtp_d2_n32_b16_ctx24576,mtp_d2,tp4_dp4,4,24576,2,32,16,32,24,2,53248,correctness,PASS,_welmv4_inplace_rope_kernel_npu,_welmv4_inplace_rope_kernel_npu,True,True,True,True,True,True,0.0,0.0,0.0,0.0,0.0,0.0,0.0,0.0
mtp_d2_n32_b16_ctx26000_tp4,mtp_d2_n32_b16_ctx26000,mtp_d2,tp4,1,26000,2,32,16,32,6,1,14336,correctness,PASS,_welmv4_inplace_rope_kernel_npu,_welmv4_inplace_rope_kernel_npu,True,True,True,True,True,True,0.0,0.0,0.0,0.0,0.0,0.0,0.0,0.0
mtp_d2_n32_b16_ctx26000_tp4_dp2,mtp_d2_n32_b16_ctx26000,mtp_d2,tp4_dp2,2,26000,2,32,16,32,12,1,26624,correctness,PASS,_welmv4_inplace_rope_kernel_npu,_welmv4_inplace_rope_kernel_npu,True,True,True,True,True,True,0.0,0.0,0.0,0.0,0.0,0.0,0.0,0.0
mtp_d2_n32_b16_ctx26000_tp4_dp4,mtp_d2_n32_b16_ctx26000,mtp_d2,tp4_dp4,4,26000,2,32,16,32,24,2,53248,correctness,PASS,_welmv4_inplace_rope_kernel_npu,_welmv4_inplace_rope_kernel_npu,True,True,True,True,True,True,0.0,0.0,0.0,0.0,0.0,0.0,0.0,0.0
mtp_d2_n32_b16_ctx28672_tp4,mtp_d2_n32_b16_ctx28672,mtp_d2,tp4,1,28672,2,32,16,32,6,1,14336,correctness,PASS,_welmv4_inplace_rope_kernel_npu,_welmv4_inplace_rope_kernel_npu,True,True,True,True,True,True,0.0,0.0,0.0,0.0,0.0,0.0,0.0,0.0
mtp_d2_n32_b16_ctx28672_tp4_dp2,mtp_d2_n32_b16_ctx28672,mtp_d2,tp4_dp2,2,28672,2,32,16,32,12,1,26624,correctness,PASS,_welmv4_inplace_rope_kernel_npu,_welmv4_inplace_rope_kernel_npu,True,True,True,True,True,True,0.0,0.0,0.0,0.0,0.0,0.0,0.0,0.0
mtp_d2_n32_b16_ctx28672_tp4_dp4,mtp_d2_n32_b16_ctx28672,mtp_d2,tp4_dp4,4,28672,2,32,16,32,24,2,53248,correctness,PASS,_welmv4_inplace_rope_kernel_npu,_welmv4_inplace_rope_kernel_npu,True,True,True,True,True,True,0.0,0.0,0.0,0.0,0.0,0.0,0.0,0.0
mtp_d2_n112_b56_ctx8192_tp4,mtp_d2_n112_b56_ctx8192,mtp_d2,tp4,1,8192,2,112,56,112,6,1,50176,correctness,PASS,_welmv4_inplace_rope_kernel_npu,_welmv4_inplace_rope_kernel_npu,True,True,True,True,True,True,0.0,0.0,0.0,0.0,0.0,0.0,0.0,0.0
mtp_d2_n112_b56_ctx8192_tp4_dp2,mtp_d2_n112_b56_ctx8192,mtp_d2,tp4_dp2,2,8192,2,112,56,112,12,1,93184,correctness,PASS,_welmv4_inplace_rope_kernel_npu,_welmv4_inplace_rope_kernel_npu,True,True,True,True,True,True,0.0,0.0,0.0,0.0,0.0,0.0,0.0,0.0
mtp_d2_n112_b56_ctx8192_tp4_dp4,mtp_d2_n112_b56_ctx8192,mtp_d2,tp4_dp4,4,8192,2,112,56,112,24,2,186368,correctness,PASS,_welmv4_inplace_rope_kernel_npu,_welmv4_inplace_rope_kernel_npu,True,True,True,True,True,True,0.0,0.0,0.0,0.0,0.0,0.0,0.0,0.0
mtp_d2_n112_b56_ctx9616_tp4,mtp_d2_n112_b56_ctx9616,mtp_d2,tp4,1,9616,2,112,56,112,6,1,50176,correctness,PASS,_welmv4_inplace_rope_kernel_npu,_welmv4_inplace_rope_kernel_npu,True,True,True,True,True,True,0.0,0.0,0.0,0.0,0.0,0.0,0.0,0.0
mtp_d2_n112_b56_ctx9616_tp4_dp2,mtp_d2_n112_b56_ctx9616,mtp_d2,tp4_dp2,2,9616,2,112,56,112,12,1,93184,correctness,PASS,_welmv4_inplace_rope_kernel_npu,_welmv4_inplace_rope_kernel_npu,True,True,True,True,True,True,0.0,0.0,0.0,0.0,0.0,0.0,0.0,0.0
mtp_d2_n112_b56_ctx9616_tp4_dp4,mtp_d2_n112_b56_ctx9616,mtp_d2,tp4_dp4,4,9616,2,112,56,112,24,2,186368,correctness,PASS,_welmv4_inplace_rope_kernel_npu,_welmv4_inplace_rope_kernel_npu,True,True,True,True,True,True,0.0,0.0,0.0,0.0,0.0,0.0,0.0,0.0
mtp_d2_n112_b56_ctx10240_tp4,mtp_d2_n112_b56_ctx10240,mtp_d2,tp4,1,10240,2,112,56,112,6,1,50176,correctness,PASS,_welmv4_inplace_rope_kernel_npu,_welmv4_inplace_rope_kernel_npu,True,True,True,True,True,True,0.0,0.0,0.0,0.0,0.0,0.0,0.0,0.0
mtp_d2_n112_b56_ctx10240_tp4_dp2,mtp_d2_n112_b56_ctx10240,mtp_d2,tp4_dp2,2,10240,2,112,56,112,12,1,93184,correctness,PASS,_welmv4_inplace_rope_kernel_npu,_welmv4_inplace_rope_kernel_npu,True,True,True,True,True,True,0.0,0.0,0.0,0.0,0.0,0.0,0.0,0.0
mtp_d2_n112_b56_ctx10240_tp4_dp4,mtp_d2_n112_b56_ctx10240,mtp_d2,tp4_dp4,4,10240,2,112,56,112,24,2,186368,correctness,PASS,_welmv4_inplace_rope_kernel_npu,_welmv4_inplace_rope_kernel_npu,True,True,True,True,True,True,0.0,0.0,0.0,0.0,0.0,0.0,0.0,0.0
mtp_d2_n112_b56_ctx11000_tp4,mtp_d2_n112_b56_ctx11000,mtp_d2,tp4,1,11000,2,112,56,112,6,1,50176,correctness,PASS,_welmv4_inplace_rope_kernel_npu,_welmv4_inplace_rope_kernel_npu,True,True,True,True,True,True,0.0,0.0,0.0,0.0,0.0,0.0,0.0,0.0
mtp_d2_n112_b56_ctx11000_tp4_dp2,mtp_d2_n112_b56_ctx11000,mtp_d2,tp4_dp2,2,11000,2,112,56,112,12,1,93184,correctness,PASS,_welmv4_inplace_rope_kernel_npu,_welmv4_inplace_rope_kernel_npu,True,True,True,True,True,True,0.0,0.0,0.0,0.0,0.0,0.0,0.0,0.0
mtp_d2_n112_b56_ctx11000_tp4_dp4,mtp_d2_n112_b56_ctx11000,mtp_d2,tp4_dp4,4,11000,2,112,56,112,24,2,186368,correctness,PASS,_welmv4_inplace_rope_kernel_npu,_welmv4_inplace_rope_kernel_npu,True,True,True,True,True,True,0.0,0.0,0.0,0.0,0.0,0.0,0.0,0.0
mtp_d2_n112_b56_ctx12288_tp4,mtp_d2_n112_b56_ctx12288,mtp_d2,tp4,1,12288,2,112,56,112,6,1,50176,correctness,PASS,_welmv4_inplace_rope_kernel_npu,_welmv4_inplace_rope_kernel_npu,True,True,True,True,True,True,0.0,0.0,0.0,0.0,0.0,0.0,0.0,0.0
mtp_d2_n112_b56_ctx12288_tp4_dp2,mtp_d2_n112_b56_ctx12288,mtp_d2,tp4_dp2,2,12288,2,112,56,112,12,1,93184,correctness,PASS,_welmv4_inplace_rope_kernel_npu,_welmv4_inplace_rope_kernel_npu,True,True,True,True,True,True,0.0,0.0,0.0,0.0,0.0,0.0,0.0,0.0
mtp_d2_n112_b56_ctx12288_tp4_dp4,mtp_d2_n112_b56_ctx12288,mtp_d2,tp4_dp4,4,12288,2,112,56,112,24,2,186368,correctness,PASS,_welmv4_inplace_rope_kernel_npu,_welmv4_inplace_rope_kernel_npu,True,True,True,True,True,True,0.0,0.0,0.0,0.0,0.0,0.0,0.0,0.0
mtp_d2_n112_b56_ctx15360_tp4,mtp_d2_n112_b56_ctx15360,mtp_d2,tp4,1,15360,2,112,56,112,6,1,50176,correctness,PASS,_welmv4_inplace_rope_kernel_npu,_welmv4_inplace_rope_kernel_npu,True,True,True,True,True,True,0.0,0.0,0.0,0.0,0.0,0.0,0.0,0.0
mtp_d2_n112_b56_ctx15360_tp4_dp2,mtp_d2_n112_b56_ctx15360,mtp_d2,tp4_dp2,2,15360,2,112,56,112,12,1,93184,correctness,PASS,_welmv4_inplace_rope_kernel_npu,_welmv4_inplace_rope_kernel_npu,True,True,True,True,True,True,0.0,0.0,0.0,0.0,0.0,0.0,0.0,0.0
mtp_d2_n112_b56_ctx15360_tp4_dp4,mtp_d2_n112_b56_ctx15360,mtp_d2,tp4_dp4,4,15360,2,112,56,112,24,2,186368,correctness,PASS,_welmv4_inplace_rope_kernel_npu,_welmv4_inplace_rope_kernel_npu,True,True,True,True,True,True,0.0,0.0,0.0,0.0,0.0,0.0,0.0,0.0
mtp_d2_n112_b56_ctx16500_tp4,mtp_d2_n112_b56_ctx16500,mtp_d2,tp4,1,16500,2,112,56,112,6,1,50176,correctness,PASS,_welmv4_inplace_rope_kernel_npu,_welmv4_inplace_rope_kernel_npu,True,True,True,True,True,True,0.0,0.0,0.0,0.0,0.0,0.0,0.0,0.0
mtp_d2_n112_b56_ctx16500_tp4_dp2,mtp_d2_n112_b56_ctx16500,mtp_d2,tp4_dp2,2,16500,2,112,56,112,12,1,93184,correctness,PASS,_welmv4_inplace_rope_kernel_npu,_welmv4_inplace_rope_kernel_npu,True,True,True,True,True,True,0.0,0.0,0.0,0.0,0.0,0.0,0.0,0.0
mtp_d2_n112_b56_ctx16500_tp4_dp4,mtp_d2_n112_b56_ctx16500,mtp_d2,tp4_dp4,4,16500,2,112,56,112,24,2,186368,correctness,PASS,_welmv4_inplace_rope_kernel_npu,_welmv4_inplace_rope_kernel_npu,True,True,True,True,True,True,0.0,0.0,0.0,0.0,0.0,0.0,0.0,0.0
mtp_d2_n112_b56_ctx18432_tp4,mtp_d2_n112_b56_ctx18432,mtp_d2,tp4,1,18432,2,112,56,112,6,1,50176,correctness,PASS,_welmv4_inplace_rope_kernel_npu,_welmv4_inplace_rope_kernel_npu,True,True,True,True,True,True,0.0,0.0,0.0,0.0,0.0,0.0,0.0,0.0
mtp_d2_n112_b56_ctx18432_tp4_dp2,mtp_d2_n112_b56_ctx18432,mtp_d2,tp4_dp2,2,18432,2,112,56,112,12,1,93184,correctness,PASS,_welmv4_inplace_rope_kernel_npu,_welmv4_inplace_rope_kernel_npu,True,True,True,True,True,True,0.0,0.0,0.0,0.0,0.0,0.0,0.0,0.0
mtp_d2_n112_b56_ctx18432_tp4_dp4,mtp_d2_n112_b56_ctx18432,mtp_d2,tp4_dp4,4,18432,2,112,56,112,24,2,186368,correctness,PASS,_welmv4_inplace_rope_kernel_npu,_welmv4_inplace_rope_kernel_npu,True,True,True,True,True,True,0.0,0.0,0.0,0.0,0.0,0.0,0.0,0.0
mtp_d2_n112_b56_ctx24576_tp4,mtp_d2_n112_b56_ctx24576,mtp_d2,tp4,1,24576,2,112,56,112,6,1,50176,correctness,PASS,_welmv4_inplace_rope_kernel_npu,_welmv4_inplace_rope_kernel_npu,True,True,True,True,True,True,0.0,0.0,0.0,0.0,0.0,0.0,0.0,0.0
mtp_d2_n112_b56_ctx24576_tp4_dp2,mtp_d2_n112_b56_ctx24576,mtp_d2,tp4_dp2,2,24576,2,112,56,112,12,1,93184,correctness,PASS,_welmv4_inplace_rope_kernel_npu,_welmv4_inplace_rope_kernel_npu,True,True,True,True,True,True,0.0,0.0,0.0,0.0,0.0,0.0,0.0,0.0
mtp_d2_n112_b56_ctx24576_tp4_dp4,mtp_d2_n112_b56_ctx24576,mtp_d2,tp4_dp4,4,24576,2,112,56,112,24,2,186368,correctness,PASS,_welmv4_inplace_rope_kernel_npu,_welmv4_inplace_rope_kernel_npu,True,True,True,True,True,True,0.0,0.0,0.0,0.0,0.0,0.0,0.0,0.0
mtp_d2_n112_b56_ctx26000_tp4,mtp_d2_n112_b56_ctx26000,mtp_d2,tp4,1,26000,2,112,56,112,6,1,50176,correctness,PASS,_welmv4_inplace_rope_kernel_npu,_welmv4_inplace_rope_kernel_npu,True,True,True,True,True,True,0.0,0.0,0.0,0.0,0.0,0.0,0.0,0.0
mtp_d2_n112_b56_ctx26000_tp4_dp2,mtp_d2_n112_b56_ctx26000,mtp_d2,tp4_dp2,2,26000,2,112,56,112,12,1,93184,correctness,PASS,_welmv4_inplace_rope_kernel_npu,_welmv4_inplace_rope_kernel_npu,True,True,True,True,True,True,0.0,0.0,0.0,0.0,0.0,0.0,0.0,0.0
mtp_d2_n112_b56_ctx26000_tp4_dp4,mtp_d2_n112_b56_ctx26000,mtp_d2,tp4_dp4,4,26000,2,112,56,112,24,2,186368,correctness,PASS,_welmv4_inplace_rope_kernel_npu,_welmv4_inplace_rope_kernel_npu,True,True,True,True,True,True,0.0,0.0,0.0,0.0,0.0,0.0,0.0,0.0
mtp_d2_n112_b56_ctx28672_tp4,mtp_d2_n112_b56_ctx28672,mtp_d2,tp4,1,28672,2,112,56,112,6,1,50176,correctness,PASS,_welmv4_inplace_rope_kernel_npu,_welmv4_inplace_rope_kernel_npu,True,True,True,True,True,True,0.0,0.0,0.0,0.0,0.0,0.0,0.0,0.0
mtp_d2_n112_b56_ctx28672_tp4_dp2,mtp_d2_n112_b56_ctx28672,mtp_d2,tp4_dp2,2,28672,2,112,56,112,12,1,93184,correctness,PASS,_welmv4_inplace_rope_kernel_npu,_welmv4_inplace_rope_kernel_npu,True,True,True,True,True,True,0.0,0.0,0.0,0.0,0.0,0.0,0.0,0.0
mtp_d2_n112_b56_ctx28672_tp4_dp4,mtp_d2_n112_b56_ctx28672,mtp_d2,tp4_dp4,4,28672,2,112,56,112,24,2,186368,correctness,PASS,_welmv4_inplace_rope_kernel_npu,_welmv4_inplace_rope_kernel_npu,True,True,True,True,True,True,0.0,0.0,0.0,0.0,0.0,0.0,0.0,0.0
mtp_d3_n3_b1_ctx8192_tp4,mtp_d3_n3_b1_ctx8192,mtp_d3,tp4,1,8192,3,3,1,3,6,1,1344,correctness,PASS,_welmv4_inplace_rope_kernel_npu,_welmv4_inplace_rope_kernel_npu,True,True,True,True,True,True,0.0,0.0,0.0,0.0,0.0,0.0,0.0,0.0
mtp_d3_n3_b1_ctx8192_tp4_dp2,mtp_d3_n3_b1_ctx8192,mtp_d3,tp4_dp2,2,8192,3,3,1,3,12,1,2496,correctness,PASS,_welmv4_inplace_rope_kernel_npu,_welmv4_inplace_rope_kernel_npu,True,True,True,True,True,True,0.0,0.0,0.0,0.0,0.0,0.0,0.0,0.0
mtp_d3_n3_b1_ctx8192_tp4_dp4,mtp_d3_n3_b1_ctx8192,mtp_d3,tp4_dp4,4,8192,3,3,1,3,24,2,4992,correctness,PASS,_welmv4_inplace_rope_kernel_npu,_welmv4_inplace_rope_kernel_npu,True,True,True,True,True,True,0.0,0.0,0.0,0.0,0.0,0.0,0.0,0.0
mtp_d3_n3_b1_ctx9616_tp4,mtp_d3_n3_b1_ctx9616,mtp_d3,tp4,1,9616,3,3,1,3,6,1,1344,correctness,PASS,_welmv4_inplace_rope_kernel_npu,_welmv4_inplace_rope_kernel_npu,True,True,True,True,True,True,0.0,0.0,0.0,0.0,0.0,0.0,0.0,0.0
mtp_d3_n3_b1_ctx9616_tp4_dp2,mtp_d3_n3_b1_ctx9616,mtp_d3,tp4_dp2,2,9616,3,3,1,3,12,1,2496,correctness,PASS,_welmv4_inplace_rope_kernel_npu,_welmv4_inplace_rope_kernel_npu,True,True,True,True,True,True,0.0,0.0,0.0,0.0,0.0,0.0,0.0,0.0
mtp_d3_n3_b1_ctx9616_tp4_dp4,mtp_d3_n3_b1_ctx9616,mtp_d3,tp4_dp4,4,9616,3,3,1,3,24,2,4992,correctness,PASS,_welmv4_inplace_rope_kernel_npu,_welmv4_inplace_rope_kernel_npu,True,True,True,True,True,True,0.0,0.0,0.0,0.0,0.0,0.0,0.0,0.0
mtp_d3_n3_b1_ctx10240_tp4,mtp_d3_n3_b1_ctx10240,mtp_d3,tp4,1,10240,3,3,1,3,6,1,1344,correctness,PASS,_welmv4_inplace_rope_kernel_npu,_welmv4_inplace_rope_kernel_npu,True,True,True,True,True,True,0.0,0.0,0.0,0.0,0.0,0.0,0.0,0.0
mtp_d3_n3_b1_ctx10240_tp4_dp2,mtp_d3_n3_b1_ctx10240,mtp_d3,tp4_dp2,2,10240,3,3,1,3,12,1,2496,correctness,PASS,_welmv4_inplace_rope_kernel_npu,_welmv4_inplace_rope_kernel_npu,True,True,True,True,True,True,0.0,0.0,0.0,0.0,0.0,0.0,0.0,0.0
mtp_d3_n3_b1_ctx10240_tp4_dp4,mtp_d3_n3_b1_ctx10240,mtp_d3,tp4_dp4,4,10240,3,3,1,3,24,2,4992,correctness,PASS,_welmv4_inplace_rope_kernel_npu,_welmv4_inplace_rope_kernel_npu,True,True,True,True,True,True,0.0,0.0,0.0,0.0,0.0,0.0,0.0,0.0
mtp_d3_n3_b1_ctx11000_tp4,mtp_d3_n3_b1_ctx11000,mtp_d3,tp4,1,11000,3,3,1,3,6,1,1344,correctness,PASS,_welmv4_inplace_rope_kernel_npu,_welmv4_inplace_rope_kernel_npu,True,True,True,True,True,True,0.0,0.0,0.0,0.0,0.0,0.0,0.0,0.0
mtp_d3_n3_b1_ctx11000_tp4_dp2,mtp_d3_n3_b1_ctx11000,mtp_d3,tp4_dp2,2,11000,3,3,1,3,12,1,2496,correctness,PASS,_welmv4_inplace_rope_kernel_npu,_welmv4_inplace_rope_kernel_npu,True,True,True,True,True,True,0.0,0.0,0.0,0.0,0.0,0.0,0.0,0.0
mtp_d3_n3_b1_ctx11000_tp4_dp4,mtp_d3_n3_b1_ctx11000,mtp_d3,tp4_dp4,4,11000,3,3,1,3,24,2,4992,correctness,PASS,_welmv4_inplace_rope_kernel_npu,_welmv4_inplace_rope_kernel_npu,True,True,True,True,True,True,0.0,0.0,0.0,0.0,0.0,0.0,0.0,0.0
mtp_d3_n3_b1_ctx12288_tp4,mtp_d3_n3_b1_ctx12288,mtp_d3,tp4,1,12288,3,3,1,3,6,1,1344,correctness,PASS,_welmv4_inplace_rope_kernel_npu,_welmv4_inplace_rope_kernel_npu,True,True,True,True,True,True,0.0,0.0,0.0,0.0,0.0,0.0,0.0,0.0
mtp_d3_n3_b1_ctx12288_tp4_dp2,mtp_d3_n3_b1_ctx12288,mtp_d3,tp4_dp2,2,12288,3,3,1,3,12,1,2496,correctness,PASS,_welmv4_inplace_rope_kernel_npu,_welmv4_inplace_rope_kernel_npu,True,True,True,True,True,True,0.0,0.0,0.0,0.0,0.0,0.0,0.0,0.0
mtp_d3_n3_b1_ctx12288_tp4_dp4,mtp_d3_n3_b1_ctx12288,mtp_d3,tp4_dp4,4,12288,3,3,1,3,24,2,4992,correctness,PASS,_welmv4_inplace_rope_kernel_npu,_welmv4_inplace_rope_kernel_npu,True,True,True,True,True,True,0.0,0.0,0.0,0.0,0.0,0.0,0.0,0.0
mtp_d3_n3_b1_ctx15360_tp4,mtp_d3_n3_b1_ctx15360,mtp_d3,tp4,1,15360,3,3,1,3,6,1,1344,correctness,PASS,_welmv4_inplace_rope_kernel_npu,_welmv4_inplace_rope_kernel_npu,True,True,True,True,True,True,0.0,0.0,0.0,0.0,0.0,0.0,0.0,0.0
mtp_d3_n3_b1_ctx15360_tp4_dp2,mtp_d3_n3_b1_ctx15360,mtp_d3,tp4_dp2,2,15360,3,3,1,3,12,1,2496,correctness,PASS,_welmv4_inplace_rope_kernel_npu,_welmv4_inplace_rope_kernel_npu,True,True,True,True,True,True,0.0,0.0,0.0,0.0,0.0,0.0,0.0,0.0
mtp_d3_n3_b1_ctx15360_tp4_dp4,mtp_d3_n3_b1_ctx15360,mtp_d3,tp4_dp4,4,15360,3,3,1,3,24,2,4992,correctness,PASS,_welmv4_inplace_rope_kernel_npu,_welmv4_inplace_rope_kernel_npu,True,True,True,True,True,True,0.0,0.0,0.0,0.0,0.0,0.0,0.0,0.0
mtp_d3_n3_b1_ctx16500_tp4,mtp_d3_n3_b1_ctx16500,mtp_d3,tp4,1,16500,3,3,1,3,6,1,1344,correctness,PASS,_welmv4_inplace_rope_kernel_npu,_welmv4_inplace_rope_kernel_npu,True,True,True,True,True,True,0.0,0.0,0.0,0.0,0.0,0.0,0.0,0.0
mtp_d3_n3_b1_ctx16500_tp4_dp2,mtp_d3_n3_b1_ctx16500,mtp_d3,tp4_dp2,2,16500,3,3,1,3,12,1,2496,correctness,PASS,_welmv4_inplace_rope_kernel_npu,_welmv4_inplace_rope_kernel_npu,True,True,True,True,True,True,0.0,0.0,0.0,0.0,0.0,0.0,0.0,0.0
mtp_d3_n3_b1_ctx16500_tp4_dp4,mtp_d3_n3_b1_ctx16500,mtp_d3,tp4_dp4,4,16500,3,3,1,3,24,2,4992,correctness,PASS,_welmv4_inplace_rope_kernel_npu,_welmv4_inplace_rope_kernel_npu,True,True,True,True,True,True,0.0,0.0,0.0,0.0,0.0,0.0,0.0,0.0
mtp_d3_n3_b1_ctx18432_tp4,mtp_d3_n3_b1_ctx18432,mtp_d3,tp4,1,18432,3,3,1,3,6,1,1344,correctness,PASS,_welmv4_inplace_rope_kernel_npu,_welmv4_inplace_rope_kernel_npu,True,True,True,True,True,True,0.0,0.0,0.0,0.0,0.0,0.0,0.0,0.0
mtp_d3_n3_b1_ctx18432_tp4_dp2,mtp_d3_n3_b1_ctx18432,mtp_d3,tp4_dp2,2,18432,3,3,1,3,12,1,2496,correctness,PASS,_welmv4_inplace_rope_kernel_npu,_welmv4_inplace_rope_kernel_npu,True,True,True,True,True,True,0.0,0.0,0.0,0.0,0.0,0.0,0.0,0.0
mtp_d3_n3_b1_ctx18432_tp4_dp4,mtp_d3_n3_b1_ctx18432,mtp_d3,tp4_dp4,4,18432,3,3,1,3,24,2,4992,correctness,PASS,_welmv4_inplace_rope_kernel_npu,_welmv4_inplace_rope_kernel_npu,True,True,True,True,True,True,0.0,0.0,0.0,0.0,0.0,0.0,0.0,0.0
mtp_d3_n3_b1_ctx24576_tp4,mtp_d3_n3_b1_ctx24576,mtp_d3,tp4,1,24576,3,3,1,3,6,1,1344,correctness,PASS,_welmv4_inplace_rope_kernel_npu,_welmv4_inplace_rope_kernel_npu,True,True,True,True,True,True,0.0,0.0,0.0,0.0,0.0,0.0,0.0,0.0
mtp_d3_n3_b1_ctx24576_tp4_dp2,mtp_d3_n3_b1_ctx24576,mtp_d3,tp4_dp2,2,24576,3,3,1,3,12,1,2496,correctness,PASS,_welmv4_inplace_rope_kernel_npu,_welmv4_inplace_rope_kernel_npu,True,True,True,True,True,True,0.0,0.0,0.0,0.0,0.0,0.0,0.0,0.0
mtp_d3_n3_b1_ctx24576_tp4_dp4,mtp_d3_n3_b1_ctx24576,mtp_d3,tp4_dp4,4,24576,3,3,1,3,24,2,4992,correctness,PASS,_welmv4_inplace_rope_kernel_npu,_welmv4_inplace_rope_kernel_npu,True,True,True,True,True,True,0.0,0.0,0.0,0.0,0.0,0.0,0.0,0.0
mtp_d3_n3_b1_ctx26000_tp4,mtp_d3_n3_b1_ctx26000,mtp_d3,tp4,1,26000,3,3,1,3,6,1,1344,correctness,PASS,_welmv4_inplace_rope_kernel_npu,_welmv4_inplace_rope_kernel_npu,True,True,True,True,True,True,0.0,0.0,0.0,0.0,0.0,0.0,0.0,0.0
mtp_d3_n3_b1_ctx26000_tp4_dp2,mtp_d3_n3_b1_ctx26000,mtp_d3,tp4_dp2,2,26000,3,3,1,3,12,1,2496,correctness,PASS,_welmv4_inplace_rope_kernel_npu,_welmv4_inplace_rope_kernel_npu,True,True,True,True,True,True,0.0,0.0,0.0,0.0,0.0,0.0,0.0,0.0
mtp_d3_n3_b1_ctx26000_tp4_dp4,mtp_d3_n3_b1_ctx26000,mtp_d3,tp4_dp4,4,26000,3,3,1,3,24,2,4992,correctness,PASS,_welmv4_inplace_rope_kernel_npu,_welmv4_inplace_rope_kernel_npu,True,True,True,True,True,True,0.0,0.0,0.0,0.0,0.0,0.0,0.0,0.0
mtp_d3_n3_b1_ctx28672_tp4,mtp_d3_n3_b1_ctx28672,mtp_d3,tp4,1,28672,3,3,1,3,6,1,1344,correctness,PASS,_welmv4_inplace_rope_kernel_npu,_welmv4_inplace_rope_kernel_npu,True,True,True,True,True,True,0.0,0.0,0.0,0.0,0.0,0.0,0.0,0.0
mtp_d3_n3_b1_ctx28672_tp4_dp2,mtp_d3_n3_b1_ctx28672,mtp_d3,tp4_dp2,2,28672,3,3,1,3,12,1,2496,correctness,PASS,_welmv4_inplace_rope_kernel_npu,_welmv4_inplace_rope_kernel_npu,True,True,True,True,True,True,0.0,0.0,0.0,0.0,0.0,0.0,0.0,0.0
mtp_d3_n3_b1_ctx28672_tp4_dp4,mtp_d3_n3_b1_ctx28672,mtp_d3,tp4_dp4,4,28672,3,3,1,3,24,2,4992,correctness,PASS,_welmv4_inplace_rope_kernel_npu,_welmv4_inplace_rope_kernel_npu,True,True,True,True,True,True,0.0,0.0,0.0,0.0,0.0,0.0,0.0,0.0
mtp_d3_n48_b16_ctx8192_tp4,mtp_d3_n48_b16_ctx8192,mtp_d3,tp4,1,8192,3,48,16,48,6,1,21504,correctness,PASS,_welmv4_inplace_rope_kernel_npu,_welmv4_inplace_rope_kernel_npu,True,True,True,True,True,True,0.0,0.0,0.0,0.0,0.0,0.0,0.0,0.0
mtp_d3_n48_b16_ctx8192_tp4_dp2,mtp_d3_n48_b16_ctx8192,mtp_d3,tp4_dp2,2,8192,3,48,16,48,12,1,39936,correctness,PASS,_welmv4_inplace_rope_kernel_npu,_welmv4_inplace_rope_kernel_npu,True,True,True,True,True,True,0.0,0.0,0.0,0.0,0.0,0.0,0.0,0.0
mtp_d3_n48_b16_ctx8192_tp4_dp4,mtp_d3_n48_b16_ctx8192,mtp_d3,tp4_dp4,4,8192,3,48,16,48,24,2,79872,correctness,PASS,_welmv4_inplace_rope_kernel_npu,_welmv4_inplace_rope_kernel_npu,True,True,True,True,True,True,0.0,0.0,0.0,0.0,0.0,0.0,0.0,0.0
mtp_d3_n48_b16_ctx9616_tp4,mtp_d3_n48_b16_ctx9616,mtp_d3,tp4,1,9616,3,48,16,48,6,1,21504,correctness,PASS,_welmv4_inplace_rope_kernel_npu,_welmv4_inplace_rope_kernel_npu,True,True,True,True,True,True,0.0,0.0,0.0,0.0,0.0,0.0,0.0,0.0
mtp_d3_n48_b16_ctx9616_tp4_dp2,mtp_d3_n48_b16_ctx9616,mtp_d3,tp4_dp2,2,9616,3,48,16,48,12,1,39936,correctness,PASS,_welmv4_inplace_rope_kernel_npu,_welmv4_inplace_rope_kernel_npu,True,True,True,True,True,True,0.0,0.0,0.0,0.0,0.0,0.0,0.0,0.0
mtp_d3_n48_b16_ctx9616_tp4_dp4,mtp_d3_n48_b16_ctx9616,mtp_d3,tp4_dp4,4,9616,3,48,16,48,24,2,79872,correctness,PASS,_welmv4_inplace_rope_kernel_npu,_welmv4_inplace_rope_kernel_npu,True,True,True,True,True,True,0.0,0.0,0.0,0.0,0.0,0.0,0.0,0.0
mtp_d3_n48_b16_ctx10240_tp4,mtp_d3_n48_b16_ctx10240,mtp_d3,tp4,1,10240,3,48,16,48,6,1,21504,correctness,PASS,_welmv4_inplace_rope_kernel_npu,_welmv4_inplace_rope_kernel_npu,True,True,True,True,True,True,0.0,0.0,0.0,0.0,0.0,0.0,0.0,0.0
mtp_d3_n48_b16_ctx10240_tp4_dp2,mtp_d3_n48_b16_ctx10240,mtp_d3,tp4_dp2,2,10240,3,48,16,48,12,1,39936,correctness,PASS,_welmv4_inplace_rope_kernel_npu,_welmv4_inplace_rope_kernel_npu,True,True,True,True,True,True,0.0,0.0,0.0,0.0,0.0,0.0,0.0,0.0
mtp_d3_n48_b16_ctx10240_tp4_dp4,mtp_d3_n48_b16_ctx10240,mtp_d3,tp4_dp4,4,10240,3,48,16,48,24,2,79872,correctness,PASS,_welmv4_inplace_rope_kernel_npu,_welmv4_inplace_rope_kernel_npu,True,True,True,True,True,True,0.0,0.0,0.0,0.0,0.0,0.0,0.0,0.0
mtp_d3_n48_b16_ctx11000_tp4,mtp_d3_n48_b16_ctx11000,mtp_d3,tp4,1,11000,3,48,16,48,6,1,21504,correctness,PASS,_welmv4_inplace_rope_kernel_npu,_welmv4_inplace_rope_kernel_npu,True,True,True,True,True,True,0.0,0.0,0.0,0.0,0.0,0.0,0.0,0.0
mtp_d3_n48_b16_ctx11000_tp4_dp2,mtp_d3_n48_b16_ctx11000,mtp_d3,tp4_dp2,2,11000,3,48,16,48,12,1,39936,correctness,PASS,_welmv4_inplace_rope_kernel_npu,_welmv4_inplace_rope_kernel_npu,True,True,True,True,True,True,0.0,0.0,0.0,0.0,0.0,0.0,0.0,0.0
mtp_d3_n48_b16_ctx11000_tp4_dp4,mtp_d3_n48_b16_ctx11000,mtp_d3,tp4_dp4,4,11000,3,48,16,48,24,2,79872,correctness,PASS,_welmv4_inplace_rope_kernel_npu,_welmv4_inplace_rope_kernel_npu,True,True,True,True,True,True,0.0,0.0,0.0,0.0,0.0,0.0,0.0,0.0
mtp_d3_n48_b16_ctx12288_tp4,mtp_d3_n48_b16_ctx12288,mtp_d3,tp4,1,12288,3,48,16,48,6,1,21504,correctness,PASS,_welmv4_inplace_rope_kernel_npu,_welmv4_inplace_rope_kernel_npu,True,True,True,True,True,True,0.0,0.0,0.0,0.0,0.0,0.0,0.0,0.0
mtp_d3_n48_b16_ctx12288_tp4_dp2,mtp_d3_n48_b16_ctx12288,mtp_d3,tp4_dp2,2,12288,3,48,16,48,12,1,39936,correctness,PASS,_welmv4_inplace_rope_kernel_npu,_welmv4_inplace_rope_kernel_npu,True,True,True,True,True,True,0.0,0.0,0.0,0.0,0.0,0.0,0.0,0.0
mtp_d3_n48_b16_ctx12288_tp4_dp4,mtp_d3_n48_b16_ctx12288,mtp_d3,tp4_dp4,4,12288,3,48,16,48,24,2,79872,correctness,PASS,_welmv4_inplace_rope_kernel_npu,_welmv4_inplace_rope_kernel_npu,True,True,True,True,True,True,0.0,0.0,0.0,0.0,0.0,0.0,0.0,0.0
mtp_d3_n48_b16_ctx15360_tp4,mtp_d3_n48_b16_ctx15360,mtp_d3,tp4,1,15360,3,48,16,48,6,1,21504,correctness,PASS,_welmv4_inplace_rope_kernel_npu,_welmv4_inplace_rope_kernel_npu,True,True,True,True,True,True,0.0,0.0,0.0,0.0,0.0,0.0,0.0,0.0
mtp_d3_n48_b16_ctx15360_tp4_dp2,mtp_d3_n48_b16_ctx15360,mtp_d3,tp4_dp2,2,15360,3,48,16,48,12,1,39936,correctness,PASS,_welmv4_inplace_rope_kernel_npu,_welmv4_inplace_rope_kernel_npu,True,True,True,True,True,True,0.0,0.0,0.0,0.0,0.0,0.0,0.0,0.0
mtp_d3_n48_b16_ctx15360_tp4_dp4,mtp_d3_n48_b16_ctx15360,mtp_d3,tp4_dp4,4,15360,3,48,16,48,24,2,79872,correctness,PASS,_welmv4_inplace_rope_kernel_npu,_welmv4_inplace_rope_kernel_npu,True,True,True,True,True,True,0.0,0.0,0.0,0.0,0.0,0.0,0.0,0.0
mtp_d3_n48_b16_ctx16500_tp4,mtp_d3_n48_b16_ctx16500,mtp_d3,tp4,1,16500,3,48,16,48,6,1,21504,correctness,PASS,_welmv4_inplace_rope_kernel_npu,_welmv4_inplace_rope_kernel_npu,True,True,True,True,True,True,0.0,0.0,0.0,0.0,0.0,0.0,0.0,0.0
mtp_d3_n48_b16_ctx16500_tp4_dp2,mtp_d3_n48_b16_ctx16500,mtp_d3,tp4_dp2,2,16500,3,48,16,48,12,1,39936,correctness,PASS,_welmv4_inplace_rope_kernel_npu,_welmv4_inplace_rope_kernel_npu,True,True,True,True,True,True,0.0,0.0,0.0,0.0,0.0,0.0,0.0,0.0
mtp_d3_n48_b16_ctx16500_tp4_dp4,mtp_d3_n48_b16_ctx16500,mtp_d3,tp4_dp4,4,16500,3,48,16,48,24,2,79872,correctness,PASS,_welmv4_inplace_rope_kernel_npu,_welmv4_inplace_rope_kernel_npu,True,True,True,True,True,True,0.0,0.0,0.0,0.0,0.0,0.0,0.0,0.0
mtp_d3_n48_b16_ctx18432_tp4,mtp_d3_n48_b16_ctx18432,mtp_d3,tp4,1,18432,3,48,16,48,6,1,21504,correctness,PASS,_welmv4_inplace_rope_kernel_npu,_welmv4_inplace_rope_kernel_npu,True,True,True,True,True,True,0.0,0.0,0.0,0.0,0.0,0.0,0.0,0.0
mtp_d3_n48_b16_ctx18432_tp4_dp2,mtp_d3_n48_b16_ctx18432,mtp_d3,tp4_dp2,2,18432,3,48,16,48,12,1,39936,correctness,PASS,_welmv4_inplace_rope_kernel_npu,_welmv4_inplace_rope_kernel_npu,True,True,True,True,True,True,0.0,0.0,0.0,0.0,0.0,0.0,0.0,0.0
mtp_d3_n48_b16_ctx18432_tp4_dp4,mtp_d3_n48_b16_ctx18432,mtp_d3,tp4_dp4,4,18432,3,48,16,48,24,2,79872,correctness,PASS,_welmv4_inplace_rope_kernel_npu,_welmv4_inplace_rope_kernel_npu,True,True,True,True,True,True,0.0,0.0,0.0,0.0,0.0,0.0,0.0,0.0
mtp_d3_n48_b16_ctx24576_tp4,mtp_d3_n48_b16_ctx24576,mtp_d3,tp4,1,24576,3,48,16,48,6,1,21504,correctness,PASS,_welmv4_inplace_rope_kernel_npu,_welmv4_inplace_rope_kernel_npu,True,True,True,True,True,True,0.0,0.0,0.0,0.0,0.0,0.0,0.0,0.0
mtp_d3_n48_b16_ctx24576_tp4_dp2,mtp_d3_n48_b16_ctx24576,mtp_d3,tp4_dp2,2,24576,3,48,16,48,12,1,39936,correctness,PASS,_welmv4_inplace_rope_kernel_npu,_welmv4_inplace_rope_kernel_npu,True,True,True,True,True,True,0.0,0.0,0.0,0.0,0.0,0.0,0.0,0.0
mtp_d3_n48_b16_ctx24576_tp4_dp4,mtp_d3_n48_b16_ctx24576,mtp_d3,tp4_dp4,4,24576,3,48,16,48,24,2,79872,correctness,PASS,_welmv4_inplace_rope_kernel_npu,_welmv4_inplace_rope_kernel_npu,True,True,True,True,True,True,0.0,0.0,0.0,0.0,0.0,0.0,0.0,0.0
mtp_d3_n48_b16_ctx26000_tp4,mtp_d3_n48_b16_ctx26000,mtp_d3,tp4,1,26000,3,48,16,48,6,1,21504,correctness,PASS,_welmv4_inplace_rope_kernel_npu,_welmv4_inplace_rope_kernel_npu,True,True,True,True,True,True,0.0,0.0,0.0,0.0,0.0,0.0,0.0,0.0
mtp_d3_n48_b16_ctx26000_tp4_dp2,mtp_d3_n48_b16_ctx26000,mtp_d3,tp4_dp2,2,26000,3,48,16,48,12,1,39936,correctness,PASS,_welmv4_inplace_rope_kernel_npu,_welmv4_inplace_rope_kernel_npu,True,True,True,True,True,True,0.0,0.0,0.0,0.0,0.0,0.0,0.0,0.0
mtp_d3_n48_b16_ctx26000_tp4_dp4,mtp_d3_n48_b16_ctx26000,mtp_d3,tp4_dp4,4,26000,3,48,16,48,24,2,79872,correctness,PASS,_welmv4_inplace_rope_kernel_npu,_welmv4_inplace_rope_kernel_npu,True,True,True,True,True,True,0.0,0.0,0.0,0.0,0.0,0.0,0.0,0.0
mtp_d3_n48_b16_ctx28672_tp4,mtp_d3_n48_b16_ctx28672,mtp_d3,tp4,1,28672,3,48,16,48,6,1,21504,correctness,PASS,_welmv4_inplace_rope_kernel_npu,_welmv4_inplace_rope_kernel_npu,True,True,True,True,True,True,0.0,0.0,0.0,0.0,0.0,0.0,0.0,0.0
mtp_d3_n48_b16_ctx28672_tp4_dp2,mtp_d3_n48_b16_ctx28672,mtp_d3,tp4_dp2,2,28672,3,48,16,48,12,1,39936,correctness,PASS,_welmv4_inplace_rope_kernel_npu,_welmv4_inplace_rope_kernel_npu,True,True,True,True,True,True,0.0,0.0,0.0,0.0,0.0,0.0,0.0,0.0
mtp_d3_n48_b16_ctx28672_tp4_dp4,mtp_d3_n48_b16_ctx28672,mtp_d3,tp4_dp4,4,28672,3,48,16,48,24,2,79872,correctness,PASS,_welmv4_inplace_rope_kernel_npu,_welmv4_inplace_rope_kernel_npu,True,True,True,True,True,True,0.0,0.0,0.0,0.0,0.0,0.0,0.0,0.0
mtp_d3_n168_b56_ctx8192_tp4,mtp_d3_n168_b56_ctx8192,mtp_d3,tp4,1,8192,3,168,56,168,6,1,75264,correctness,PASS,_welmv4_inplace_rope_kernel_npu,_welmv4_inplace_rope_kernel_npu,True,True,True,True,True,True,0.0,0.0,0.0,0.0,0.0,0.0,0.0,0.0
mtp_d3_n168_b56_ctx8192_tp4_dp2,mtp_d3_n168_b56_ctx8192,mtp_d3,tp4_dp2,2,8192,3,168,56,168,12,1,139776,correctness,PASS,_welmv4_inplace_rope_kernel_npu,_welmv4_inplace_rope_kernel_npu,True,True,True,True,True,True,0.0,0.0,0.0,0.0,0.0,0.0,0.0,0.0
mtp_d3_n168_b56_ctx8192_tp4_dp4,mtp_d3_n168_b56_ctx8192,mtp_d3,tp4_dp4,4,8192,3,168,56,168,24,2,279552,correctness,PASS,_welmv4_inplace_rope_kernel_npu,_welmv4_inplace_rope_kernel_npu,True,True,True,True,True,True,0.0,0.0,0.0,0.0,0.0,0.0,0.0,0.0
mtp_d3_n168_b56_ctx9616_tp4,mtp_d3_n168_b56_ctx9616,mtp_d3,tp4,1,9616,3,168,56,168,6,1,75264,correctness,PASS,_welmv4_inplace_rope_kernel_npu,_welmv4_inplace_rope_kernel_npu,True,True,True,True,True,True,0.0,0.0,0.0,0.0,0.0,0.0,0.0,0.0
mtp_d3_n168_b56_ctx9616_tp4_dp2,mtp_d3_n168_b56_ctx9616,mtp_d3,tp4_dp2,2,9616,3,168,56,168,12,1,139776,correctness,PASS,_welmv4_inplace_rope_kernel_npu,_welmv4_inplace_rope_kernel_npu,True,True,True,True,True,True,0.0,0.0,0.0,0.0,0.0,0.0,0.0,0.0
mtp_d3_n168_b56_ctx9616_tp4_dp4,mtp_d3_n168_b56_ctx9616,mtp_d3,tp4_dp4,4,9616,3,168,56,168,24,2,279552,correctness,PASS,_welmv4_inplace_rope_kernel_npu,_welmv4_inplace_rope_kernel_npu,True,True,True,True,True,True,0.0,0.0,0.0,0.0,0.0,0.0,0.0,0.0
mtp_d3_n168_b56_ctx10240_tp4,mtp_d3_n168_b56_ctx10240,mtp_d3,tp4,1,10240,3,168,56,168,6,1,75264,correctness,PASS,_welmv4_inplace_rope_kernel_npu,_welmv4_inplace_rope_kernel_npu,True,True,True,True,True,True,0.0,0.0,0.0,0.0,0.0,0.0,0.0,0.0
mtp_d3_n168_b56_ctx10240_tp4_dp2,mtp_d3_n168_b56_ctx10240,mtp_d3,tp4_dp2,2,10240,3,168,56,168,12,1,139776,correctness,PASS,_welmv4_inplace_rope_kernel_npu,_welmv4_inplace_rope_kernel_npu,True,True,True,True,True,True,0.0,0.0,0.0,0.0,0.0,0.0,0.0,0.0
mtp_d3_n168_b56_ctx10240_tp4_dp4,mtp_d3_n168_b56_ctx10240,mtp_d3,tp4_dp4,4,10240,3,168,56,168,24,2,279552,correctness,PASS,_welmv4_inplace_rope_kernel_npu,_welmv4_inplace_rope_kernel_npu,True,True,True,True,True,True,0.0,0.0,0.0,0.0,0.0,0.0,0.0,0.0
mtp_d3_n168_b56_ctx11000_tp4,mtp_d3_n168_b56_ctx11000,mtp_d3,tp4,1,11000,3,168,56,168,6,1,75264,correctness,PASS,_welmv4_inplace_rope_kernel_npu,_welmv4_inplace_rope_kernel_npu,True,True,True,True,True,True,0.0,0.0,0.0,0.0,0.0,0.0,0.0,0.0
mtp_d3_n168_b56_ctx11000_tp4_dp2,mtp_d3_n168_b56_ctx11000,mtp_d3,tp4_dp2,2,11000,3,168,56,168,12,1,139776,correctness,PASS,_welmv4_inplace_rope_kernel_npu,_welmv4_inplace_rope_kernel_npu,True,True,True,True,True,True,0.0,0.0,0.0,0.0,0.0,0.0,0.0,0.0
mtp_d3_n168_b56_ctx11000_tp4_dp4,mtp_d3_n168_b56_ctx11000,mtp_d3,tp4_dp4,4,11000,3,168,56,168,24,2,279552,correctness,PASS,_welmv4_inplace_rope_kernel_npu,_welmv4_inplace_rope_kernel_npu,True,True,True,True,True,True,0.0,0.0,0.0,0.0,0.0,0.0,0.0,0.0
mtp_d3_n168_b56_ctx12288_tp4,mtp_d3_n168_b56_ctx12288,mtp_d3,tp4,1,12288,3,168,56,168,6,1,75264,correctness,PASS,_welmv4_inplace_rope_kernel_npu,_welmv4_inplace_rope_kernel_npu,True,True,True,True,True,True,0.0,0.0,0.0,0.0,0.0,0.0,0.0,0.0
mtp_d3_n168_b56_ctx12288_tp4_dp2,mtp_d3_n168_b56_ctx12288,mtp_d3,tp4_dp2,2,12288,3,168,56,168,12,1,139776,correctness,PASS,_welmv4_inplace_rope_kernel_npu,_welmv4_inplace_rope_kernel_npu,True,True,True,True,True,True,0.0,0.0,0.0,0.0,0.0,0.0,0.0,0.0
mtp_d3_n168_b56_ctx12288_tp4_dp4,mtp_d3_n168_b56_ctx12288,mtp_d3,tp4_dp4,4,12288,3,168,56,168,24,2,279552,correctness,PASS,_welmv4_inplace_rope_kernel_npu,_welmv4_inplace_rope_kernel_npu,True,True,True,True,True,True,0.0,0.0,0.0,0.0,0.0,0.0,0.0,0.0
mtp_d3_n168_b56_ctx15360_tp4,mtp_d3_n168_b56_ctx15360,mtp_d3,tp4,1,15360,3,168,56,168,6,1,75264,correctness,PASS,_welmv4_inplace_rope_kernel_npu,_welmv4_inplace_rope_kernel_npu,True,True,True,True,True,True,0.0,0.0,0.0,0.0,0.0,0.0,0.0,0.0
mtp_d3_n168_b56_ctx15360_tp4_dp2,mtp_d3_n168_b56_ctx15360,mtp_d3,tp4_dp2,2,15360,3,168,56,168,12,1,139776,correctness,PASS,_welmv4_inplace_rope_kernel_npu,_welmv4_inplace_rope_kernel_npu,True,True,True,True,True,True,0.0,0.0,0.0,0.0,0.0,0.0,0.0,0.0
mtp_d3_n168_b56_ctx15360_tp4_dp4,mtp_d3_n168_b56_ctx15360,mtp_d3,tp4_dp4,4,15360,3,168,56,168,24,2,279552,correctness,PASS,_welmv4_inplace_rope_kernel_npu,_welmv4_inplace_rope_kernel_npu,True,True,True,True,True,True,0.0,0.0,0.0,0.0,0.0,0.0,0.0,0.0
mtp_d3_n168_b56_ctx16500_tp4,mtp_d3_n168_b56_ctx16500,mtp_d3,tp4,1,16500,3,168,56,168,6,1,75264,correctness,PASS,_welmv4_inplace_rope_kernel_npu,_welmv4_inplace_rope_kernel_npu,True,True,True,True,True,True,0.0,0.0,0.0,0.0,0.0,0.0,0.0,0.0
mtp_d3_n168_b56_ctx16500_tp4_dp2,mtp_d3_n168_b56_ctx16500,mtp_d3,tp4_dp2,2,16500,3,168,56,168,12,1,139776,correctness,PASS,_welmv4_inplace_rope_kernel_npu,_welmv4_inplace_rope_kernel_npu,True,True,True,True,True,True,0.0,0.0,0.0,0.0,0.0,0.0,0.0,0.0
mtp_d3_n168_b56_ctx16500_tp4_dp4,mtp_d3_n168_b56_ctx16500,mtp_d3,tp4_dp4,4,16500,3,168,56,168,24,2,279552,correctness,PASS,_welmv4_inplace_rope_kernel_npu,_welmv4_inplace_rope_kernel_npu,True,True,True,True,True,True,0.0,0.0,0.0,0.0,0.0,0.0,0.0,0.0
mtp_d3_n168_b56_ctx18432_tp4,mtp_d3_n168_b56_ctx18432,mtp_d3,tp4,1,18432,3,168,56,168,6,1,75264,correctness,PASS,_welmv4_inplace_rope_kernel_npu,_welmv4_inplace_rope_kernel_npu,True,True,True,True,True,True,0.0,0.0,0.0,0.0,0.0,0.0,0.0,0.0
mtp_d3_n168_b56_ctx18432_tp4_dp2,mtp_d3_n168_b56_ctx18432,mtp_d3,tp4_dp2,2,18432,3,168,56,168,12,1,139776,correctness,PASS,_welmv4_inplace_rope_kernel_npu,_welmv4_inplace_rope_kernel_npu,True,True,True,True,True,True,0.0,0.0,0.0,0.0,0.0,0.0,0.0,0.0
mtp_d3_n168_b56_ctx18432_tp4_dp4,mtp_d3_n168_b56_ctx18432,mtp_d3,tp4_dp4,4,18432,3,168,56,168,24,2,279552,correctness,PASS,_welmv4_inplace_rope_kernel_npu,_welmv4_inplace_rope_kernel_npu,True,True,True,True,True,True,0.0,0.0,0.0,0.0,0.0,0.0,0.0,0.0
mtp_d3_n168_b56_ctx24576_tp4,mtp_d3_n168_b56_ctx24576,mtp_d3,tp4,1,24576,3,168,56,168,6,1,75264,correctness,PASS,_welmv4_inplace_rope_kernel_npu,_welmv4_inplace_rope_kernel_npu,True,True,True,True,True,True,0.0,0.0,0.0,0.0,0.0,0.0,0.0,0.0
mtp_d3_n168_b56_ctx24576_tp4_dp2,mtp_d3_n168_b56_ctx24576,mtp_d3,tp4_dp2,2,24576,3,168,56,168,12,1,139776,correctness,PASS,_welmv4_inplace_rope_kernel_npu,_welmv4_inplace_rope_kernel_npu,True,True,True,True,True,True,0.0,0.0,0.0,0.0,0.0,0.0,0.0,0.0
mtp_d3_n168_b56_ctx24576_tp4_dp4,mtp_d3_n168_b56_ctx24576,mtp_d3,tp4_dp4,4,24576,3,168,56,168,24,2,279552,correctness,PASS,_welmv4_inplace_rope_kernel_npu,_welmv4_inplace_rope_kernel_npu,True,True,True,True,True,True,0.0,0.0,0.0,0.0,0.0,0.0,0.0,0.0
mtp_d3_n168_b56_ctx26000_tp4,mtp_d3_n168_b56_ctx26000,mtp_d3,tp4,1,26000,3,168,56,168,6,1,75264,correctness,PASS,_welmv4_inplace_rope_kernel_npu,_welmv4_inplace_rope_kernel_npu,True,True,True,True,True,True,0.0,0.0,0.0,0.0,0.0,0.0,0.0,0.0
mtp_d3_n168_b56_ctx26000_tp4_dp2,mtp_d3_n168_b56_ctx26000,mtp_d3,tp4_dp2,2,26000,3,168,56,168,12,1,139776,correctness,PASS,_welmv4_inplace_rope_kernel_npu,_welmv4_inplace_rope_kernel_npu,True,True,True,True,True,True,0.0,0.0,0.0,0.0,0.0,0.0,0.0,0.0
mtp_d3_n168_b56_ctx26000_tp4_dp4,mtp_d3_n168_b56_ctx26000,mtp_d3,tp4_dp4,4,26000,3,168,56,168,24,2,279552,correctness,PASS,_welmv4_inplace_rope_kernel_npu,_welmv4_inplace_rope_kernel_npu,True,True,True,True,True,True,0.0,0.0,0.0,0.0,0.0,0.0,0.0,0.0
mtp_d3_n168_b56_ctx28672_tp4,mtp_d3_n168_b56_ctx28672,mtp_d3,tp4,1,28672,3,168,56,168,6,1,75264,correctness,PASS,_welmv4_inplace_rope_kernel_npu,_welmv4_inplace_rope_kernel_npu,True,True,True,True,True,True,0.0,0.0,0.0,0.0,0.0,0.0,0.0,0.0
mtp_d3_n168_b56_ctx28672_tp4_dp2,mtp_d3_n168_b56_ctx28672,mtp_d3,tp4_dp2,2,28672,3,168,56,168,12,1,139776,correctness,PASS,_welmv4_inplace_rope_kernel_npu,_welmv4_inplace_rope_kernel_npu,True,True,True,True,True,True,0.0,0.0,0.0,0.0,0.0,0.0,0.0,0.0
mtp_d3_n168_b56_ctx28672_tp4_dp4,mtp_d3_n168_b56_ctx28672,mtp_d3,tp4_dp4,4,28672,3,168,56,168,24,2,279552,correctness,PASS,_welmv4_inplace_rope_kernel_npu,_welmv4_inplace_rope_kernel_npu,True,True,True,True,True,True,0.0,0.0,0.0,0.0,0.0,0.0,0.0,0.0
mtp_d4_n4_b1_ctx8192_tp4,mtp_d4_n4_b1_ctx8192,mtp_d4,tp4,1,8192,4,4,1,4,6,1,1792,correctness,PASS,_welmv4_inplace_rope_kernel_npu,_welmv4_inplace_rope_kernel_npu,True,True,True,True,True,True,0.0,0.0,0.0,0.0,0.0,0.0,0.0,0.0
mtp_d4_n4_b1_ctx8192_tp4_dp2,mtp_d4_n4_b1_ctx8192,mtp_d4,tp4_dp2,2,8192,4,4,1,4,12,1,3328,correctness,PASS,_welmv4_inplace_rope_kernel_npu,_welmv4_inplace_rope_kernel_npu,True,True,True,True,True,True,0.0,0.0,0.0,0.0,0.0,0.0,0.0,0.0
mtp_d4_n4_b1_ctx8192_tp4_dp4,mtp_d4_n4_b1_ctx8192,mtp_d4,tp4_dp4,4,8192,4,4,1,4,24,2,6656,correctness,PASS,_welmv4_inplace_rope_kernel_npu,_welmv4_inplace_rope_kernel_npu,True,True,True,True,True,True,0.0,0.0,0.0,0.0,0.0,0.0,0.0,0.0
mtp_d4_n4_b1_ctx9616_tp4,mtp_d4_n4_b1_ctx9616,mtp_d4,tp4,1,9616,4,4,1,4,6,1,1792,correctness,PASS,_welmv4_inplace_rope_kernel_npu,_welmv4_inplace_rope_kernel_npu,True,True,True,True,True,True,0.0,0.0,0.0,0.0,0.0,0.0,0.0,0.0
mtp_d4_n4_b1_ctx9616_tp4_dp2,mtp_d4_n4_b1_ctx9616,mtp_d4,tp4_dp2,2,9616,4,4,1,4,12,1,3328,correctness,PASS,_welmv4_inplace_rope_kernel_npu,_welmv4_inplace_rope_kernel_npu,True,True,True,True,True,True,0.0,0.0,0.0,0.0,0.0,0.0,0.0,0.0
mtp_d4_n4_b1_ctx9616_tp4_dp4,mtp_d4_n4_b1_ctx9616,mtp_d4,tp4_dp4,4,9616,4,4,1,4,24,2,6656,correctness,PASS,_welmv4_inplace_rope_kernel_npu,_welmv4_inplace_rope_kernel_npu,True,True,True,True,True,True,0.0,0.0,0.0,0.0,0.0,0.0,0.0,0.0
mtp_d4_n4_b1_ctx10240_tp4,mtp_d4_n4_b1_ctx10240,mtp_d4,tp4,1,10240,4,4,1,4,6,1,1792,correctness,PASS,_welmv4_inplace_rope_kernel_npu,_welmv4_inplace_rope_kernel_npu,True,True,True,True,True,True,0.0,0.0,0.0,0.0,0.0,0.0,0.0,0.0
mtp_d4_n4_b1_ctx10240_tp4_dp2,mtp_d4_n4_b1_ctx10240,mtp_d4,tp4_dp2,2,10240,4,4,1,4,12,1,3328,correctness,PASS,_welmv4_inplace_rope_kernel_npu,_welmv4_inplace_rope_kernel_npu,True,True,True,True,True,True,0.0,0.0,0.0,0.0,0.0,0.0,0.0,0.0
mtp_d4_n4_b1_ctx10240_tp4_dp4,mtp_d4_n4_b1_ctx10240,mtp_d4,tp4_dp4,4,10240,4,4,1,4,24,2,6656,correctness,PASS,_welmv4_inplace_rope_kernel_npu,_welmv4_inplace_rope_kernel_npu,True,True,True,True,True,True,0.0,0.0,0.0,0.0,0.0,0.0,0.0,0.0
mtp_d4_n4_b1_ctx11000_tp4,mtp_d4_n4_b1_ctx11000,mtp_d4,tp4,1,11000,4,4,1,4,6,1,1792,correctness,PASS,_welmv4_inplace_rope_kernel_npu,_welmv4_inplace_rope_kernel_npu,True,True,True,True,True,True,0.0,0.0,0.0,0.0,0.0,0.0,0.0,0.0
mtp_d4_n4_b1_ctx11000_tp4_dp2,mtp_d4_n4_b1_ctx11000,mtp_d4,tp4_dp2,2,11000,4,4,1,4,12,1,3328,correctness,PASS,_welmv4_inplace_rope_kernel_npu,_welmv4_inplace_rope_kernel_npu,True,True,True,True,True,True,0.0,0.0,0.0,0.0,0.0,0.0,0.0,0.0
mtp_d4_n4_b1_ctx11000_tp4_dp4,mtp_d4_n4_b1_ctx11000,mtp_d4,tp4_dp4,4,11000,4,4,1,4,24,2,6656,correctness,PASS,_welmv4_inplace_rope_kernel_npu,_welmv4_inplace_rope_kernel_npu,True,True,True,True,True,True,0.0,0.0,0.0,0.0,0.0,0.0,0.0,0.0
mtp_d4_n4_b1_ctx12288_tp4,mtp_d4_n4_b1_ctx12288,mtp_d4,tp4,1,12288,4,4,1,4,6,1,1792,correctness,PASS,_welmv4_inplace_rope_kernel_npu,_welmv4_inplace_rope_kernel_npu,True,True,True,True,True,True,0.0,0.0,0.0,0.0,0.0,0.0,0.0,0.0
mtp_d4_n4_b1_ctx12288_tp4_dp2,mtp_d4_n4_b1_ctx12288,mtp_d4,tp4_dp2,2,12288,4,4,1,4,12,1,3328,correctness,PASS,_welmv4_inplace_rope_kernel_npu,_welmv4_inplace_rope_kernel_npu,True,True,True,True,True,True,0.0,0.0,0.0,0.0,0.0,0.0,0.0,0.0
mtp_d4_n4_b1_ctx12288_tp4_dp4,mtp_d4_n4_b1_ctx12288,mtp_d4,tp4_dp4,4,12288,4,4,1,4,24,2,6656,correctness,PASS,_welmv4_inplace_rope_kernel_npu,_welmv4_inplace_rope_kernel_npu,True,True,True,True,True,True,0.0,0.0,0.0,0.0,0.0,0.0,0.0,0.0
mtp_d4_n4_b1_ctx15360_tp4,mtp_d4_n4_b1_ctx15360,mtp_d4,tp4,1,15360,4,4,1,4,6,1,1792,correctness,PASS,_welmv4_inplace_rope_kernel_npu,_welmv4_inplace_rope_kernel_npu,True,True,True,True,True,True,0.0,0.0,0.0,0.0,0.0,0.0,0.0,0.0
mtp_d4_n4_b1_ctx15360_tp4_dp2,mtp_d4_n4_b1_ctx15360,mtp_d4,tp4_dp2,2,15360,4,4,1,4,12,1,3328,correctness,PASS,_welmv4_inplace_rope_kernel_npu,_welmv4_inplace_rope_kernel_npu,True,True,True,True,True,True,0.0,0.0,0.0,0.0,0.0,0.0,0.0,0.0
mtp_d4_n4_b1_ctx15360_tp4_dp4,mtp_d4_n4_b1_ctx15360,mtp_d4,tp4_dp4,4,15360,4,4,1,4,24,2,6656,correctness,PASS,_welmv4_inplace_rope_kernel_npu,_welmv4_inplace_rope_kernel_npu,True,True,True,True,True,True,0.0,0.0,0.0,0.0,0.0,0.0,0.0,0.0
mtp_d4_n4_b1_ctx16500_tp4,mtp_d4_n4_b1_ctx16500,mtp_d4,tp4,1,16500,4,4,1,4,6,1,1792,correctness,PASS,_welmv4_inplace_rope_kernel_npu,_welmv4_inplace_rope_kernel_npu,True,True,True,True,True,True,0.0,0.0,0.0,0.0,0.0,0.0,0.0,0.0
mtp_d4_n4_b1_ctx16500_tp4_dp2,mtp_d4_n4_b1_ctx16500,mtp_d4,tp4_dp2,2,16500,4,4,1,4,12,1,3328,correctness,PASS,_welmv4_inplace_rope_kernel_npu,_welmv4_inplace_rope_kernel_npu,True,True,True,True,True,True,0.0,0.0,0.0,0.0,0.0,0.0,0.0,0.0
mtp_d4_n4_b1_ctx16500_tp4_dp4,mtp_d4_n4_b1_ctx16500,mtp_d4,tp4_dp4,4,16500,4,4,1,4,24,2,6656,correctness,PASS,_welmv4_inplace_rope_kernel_npu,_welmv4_inplace_rope_kernel_npu,True,True,True,True,True,True,0.0,0.0,0.0,0.0,0.0,0.0,0.0,0.0
mtp_d4_n4_b1_ctx18432_tp4,mtp_d4_n4_b1_ctx18432,mtp_d4,tp4,1,18432,4,4,1,4,6,1,1792,correctness,PASS,_welmv4_inplace_rope_kernel_npu,_welmv4_inplace_rope_kernel_npu,True,True,True,True,True,True,0.0,0.0,0.0,0.0,0.0,0.0,0.0,0.0
mtp_d4_n4_b1_ctx18432_tp4_dp2,mtp_d4_n4_b1_ctx18432,mtp_d4,tp4_dp2,2,18432,4,4,1,4,12,1,3328,correctness,PASS,_welmv4_inplace_rope_kernel_npu,_welmv4_inplace_rope_kernel_npu,True,True,True,True,True,True,0.0,0.0,0.0,0.0,0.0,0.0,0.0,0.0
mtp_d4_n4_b1_ctx18432_tp4_dp4,mtp_d4_n4_b1_ctx18432,mtp_d4,tp4_dp4,4,18432,4,4,1,4,24,2,6656,correctness,PASS,_welmv4_inplace_rope_kernel_npu,_welmv4_inplace_rope_kernel_npu,True,True,True,True,True,True,0.0,0.0,0.0,0.0,0.0,0.0,0.0,0.0
mtp_d4_n4_b1_ctx24576_tp4,mtp_d4_n4_b1_ctx24576,mtp_d4,tp4,1,24576,4,4,1,4,6,1,1792,correctness,PASS,_welmv4_inplace_rope_kernel_npu,_welmv4_inplace_rope_kernel_npu,True,True,True,True,True,True,0.0,0.0,0.0,0.0,0.0,0.0,0.0,0.0
mtp_d4_n4_b1_ctx24576_tp4_dp2,mtp_d4_n4_b1_ctx24576,mtp_d4,tp4_dp2,2,24576,4,4,1,4,12,1,3328,correctness,PASS,_welmv4_inplace_rope_kernel_npu,_welmv4_inplace_rope_kernel_npu,True,True,True,True,True,True,0.0,0.0,0.0,0.0,0.0,0.0,0.0,0.0
mtp_d4_n4_b1_ctx24576_tp4_dp4,mtp_d4_n4_b1_ctx24576,mtp_d4,tp4_dp4,4,24576,4,4,1,4,24,2,6656,correctness,PASS,_welmv4_inplace_rope_kernel_npu,_welmv4_inplace_rope_kernel_npu,True,True,True,True,True,True,0.0,0.0,0.0,0.0,0.0,0.0,0.0,0.0
mtp_d4_n4_b1_ctx26000_tp4,mtp_d4_n4_b1_ctx26000,mtp_d4,tp4,1,26000,4,4,1,4,6,1,1792,correctness,PASS,_welmv4_inplace_rope_kernel_npu,_welmv4_inplace_rope_kernel_npu,True,True,True,True,True,True,0.0,0.0,0.0,0.0,0.0,0.0,0.0,0.0
mtp_d4_n4_b1_ctx26000_tp4_dp2,mtp_d4_n4_b1_ctx26000,mtp_d4,tp4_dp2,2,26000,4,4,1,4,12,1,3328,correctness,PASS,_welmv4_inplace_rope_kernel_npu,_welmv4_inplace_rope_kernel_npu,True,True,True,True,True,True,0.0,0.0,0.0,0.0,0.0,0.0,0.0,0.0
mtp_d4_n4_b1_ctx26000_tp4_dp4,mtp_d4_n4_b1_ctx26000,mtp_d4,tp4_dp4,4,26000,4,4,1,4,24,2,6656,correctness,PASS,_welmv4_inplace_rope_kernel_npu,_welmv4_inplace_rope_kernel_npu,True,True,True,True,True,True,0.0,0.0,0.0,0.0,0.0,0.0,0.0,0.0
mtp_d4_n4_b1_ctx28672_tp4,mtp_d4_n4_b1_ctx28672,mtp_d4,tp4,1,28672,4,4,1,4,6,1,1792,correctness,PASS,_welmv4_inplace_rope_kernel_npu,_welmv4_inplace_rope_kernel_npu,True,True,True,True,True,True,0.0,0.0,0.0,0.0,0.0,0.0,0.0,0.0
mtp_d4_n4_b1_ctx28672_tp4_dp2,mtp_d4_n4_b1_ctx28672,mtp_d4,tp4_dp2,2,28672,4,4,1,4,12,1,3328,correctness,PASS,_welmv4_inplace_rope_kernel_npu,_welmv4_inplace_rope_kernel_npu,True,True,True,True,True,True,0.0,0.0,0.0,0.0,0.0,0.0,0.0,0.0
mtp_d4_n4_b1_ctx28672_tp4_dp4,mtp_d4_n4_b1_ctx28672,mtp_d4,tp4_dp4,4,28672,4,4,1,4,24,2,6656,correctness,PASS,_welmv4_inplace_rope_kernel_npu,_welmv4_inplace_rope_kernel_npu,True,True,True,True,True,True,0.0,0.0,0.0,0.0,0.0,0.0,0.0,0.0
mtp_d4_n64_b16_ctx8192_tp4,mtp_d4_n64_b16_ctx8192,mtp_d4,tp4,1,8192,4,64,16,64,6,1,28672,correctness,PASS,_welmv4_inplace_rope_kernel_npu,_welmv4_inplace_rope_kernel_npu,True,True,True,True,True,True,0.0,0.0,0.0,0.0,0.0,0.0,0.0,0.0
mtp_d4_n64_b16_ctx8192_tp4_dp2,mtp_d4_n64_b16_ctx8192,mtp_d4,tp4_dp2,2,8192,4,64,16,64,12,1,53248,correctness,PASS,_welmv4_inplace_rope_kernel_npu,_welmv4_inplace_rope_kernel_npu,True,True,True,True,True,True,0.0,0.0,0.0,0.0,0.0,0.0,0.0,0.0
mtp_d4_n64_b16_ctx8192_tp4_dp4,mtp_d4_n64_b16_ctx8192,mtp_d4,tp4_dp4,4,8192,4,64,16,64,24,2,106496,correctness,PASS,_welmv4_inplace_rope_kernel_npu,_welmv4_inplace_rope_kernel_npu,True,True,True,True,True,True,0.0,0.0,0.0,0.0,0.0,0.0,0.0,0.0
mtp_d4_n64_b16_ctx9616_tp4,mtp_d4_n64_b16_ctx9616,mtp_d4,tp4,1,9616,4,64,16,64,6,1,28672,correctness,PASS,_welmv4_inplace_rope_kernel_npu,_welmv4_inplace_rope_kernel_npu,True,True,True,True,True,True,0.0,0.0,0.0,0.0,0.0,0.0,0.0,0.0
mtp_d4_n64_b16_ctx9616_tp4_dp2,mtp_d4_n64_b16_ctx9616,mtp_d4,tp4_dp2,2,9616,4,64,16,64,12,1,53248,correctness,PASS,_welmv4_inplace_rope_kernel_npu,_welmv4_inplace_rope_kernel_npu,True,True,True,True,True,True,0.0,0.0,0.0,0.0,0.0,0.0,0.0,0.0
mtp_d4_n64_b16_ctx9616_tp4_dp4,mtp_d4_n64_b16_ctx9616,mtp_d4,tp4_dp4,4,9616,4,64,16,64,24,2,106496,correctness,PASS,_welmv4_inplace_rope_kernel_npu,_welmv4_inplace_rope_kernel_npu,True,True,True,True,True,True,0.0,0.0,0.0,0.0,0.0,0.0,0.0,0.0
mtp_d4_n64_b16_ctx10240_tp4,mtp_d4_n64_b16_ctx10240,mtp_d4,tp4,1,10240,4,64,16,64,6,1,28672,correctness,PASS,_welmv4_inplace_rope_kernel_npu,_welmv4_inplace_rope_kernel_npu,True,True,True,True,True,True,0.0,0.0,0.0,0.0,0.0,0.0,0.0,0.0
mtp_d4_n64_b16_ctx10240_tp4_dp2,mtp_d4_n64_b16_ctx10240,mtp_d4,tp4_dp2,2,10240,4,64,16,64,12,1,53248,correctness,PASS,_welmv4_inplace_rope_kernel_npu,_welmv4_inplace_rope_kernel_npu,True,True,True,True,True,True,0.0,0.0,0.0,0.0,0.0,0.0,0.0,0.0
mtp_d4_n64_b16_ctx10240_tp4_dp4,mtp_d4_n64_b16_ctx10240,mtp_d4,tp4_dp4,4,10240,4,64,16,64,24,2,106496,correctness,PASS,_welmv4_inplace_rope_kernel_npu,_welmv4_inplace_rope_kernel_npu,True,True,True,True,True,True,0.0,0.0,0.0,0.0,0.0,0.0,0.0,0.0
mtp_d4_n64_b16_ctx11000_tp4,mtp_d4_n64_b16_ctx11000,mtp_d4,tp4,1,11000,4,64,16,64,6,1,28672,correctness,PASS,_welmv4_inplace_rope_kernel_npu,_welmv4_inplace_rope_kernel_npu,True,True,True,True,True,True,0.0,0.0,0.0,0.0,0.0,0.0,0.0,0.0
mtp_d4_n64_b16_ctx11000_tp4_dp2,mtp_d4_n64_b16_ctx11000,mtp_d4,tp4_dp2,2,11000,4,64,16,64,12,1,53248,correctness,PASS,_welmv4_inplace_rope_kernel_npu,_welmv4_inplace_rope_kernel_npu,True,True,True,True,True,True,0.0,0.0,0.0,0.0,0.0,0.0,0.0,0.0
mtp_d4_n64_b16_ctx11000_tp4_dp4,mtp_d4_n64_b16_ctx11000,mtp_d4,tp4_dp4,4,11000,4,64,16,64,24,2,106496,correctness,PASS,_welmv4_inplace_rope_kernel_npu,_welmv4_inplace_rope_kernel_npu,True,True,True,True,True,True,0.0,0.0,0.0,0.0,0.0,0.0,0.0,0.0
mtp_d4_n64_b16_ctx12288_tp4,mtp_d4_n64_b16_ctx12288,mtp_d4,tp4,1,12288,4,64,16,64,6,1,28672,correctness,PASS,_welmv4_inplace_rope_kernel_npu,_welmv4_inplace_rope_kernel_npu,True,True,True,True,True,True,0.0,0.0,0.0,0.0,0.0,0.0,0.0,0.0
mtp_d4_n64_b16_ctx12288_tp4_dp2,mtp_d4_n64_b16_ctx12288,mtp_d4,tp4_dp2,2,12288,4,64,16,64,12,1,53248,correctness,PASS,_welmv4_inplace_rope_kernel_npu,_welmv4_inplace_rope_kernel_npu,True,True,True,True,True,True,0.0,0.0,0.0,0.0,0.0,0.0,0.0,0.0
mtp_d4_n64_b16_ctx12288_tp4_dp4,mtp_d4_n64_b16_ctx12288,mtp_d4,tp4_dp4,4,12288,4,64,16,64,24,2,106496,correctness,PASS,_welmv4_inplace_rope_kernel_npu,_welmv4_inplace_rope_kernel_npu,True,True,True,True,True,True,0.0,0.0,0.0,0.0,0.0,0.0,0.0,0.0
mtp_d4_n64_b16_ctx15360_tp4,mtp_d4_n64_b16_ctx15360,mtp_d4,tp4,1,15360,4,64,16,64,6,1,28672,correctness,PASS,_welmv4_inplace_rope_kernel_npu,_welmv4_inplace_rope_kernel_npu,True,True,True,True,True,True,0.0,0.0,0.0,0.0,0.0,0.0,0.0,0.0
mtp_d4_n64_b16_ctx15360_tp4_dp2,mtp_d4_n64_b16_ctx15360,mtp_d4,tp4_dp2,2,15360,4,64,16,64,12,1,53248,correctness,PASS,_welmv4_inplace_rope_kernel_npu,_welmv4_inplace_rope_kernel_npu,True,True,True,True,True,True,0.0,0.0,0.0,0.0,0.0,0.0,0.0,0.0
mtp_d4_n64_b16_ctx15360_tp4_dp4,mtp_d4_n64_b16_ctx15360,mtp_d4,tp4_dp4,4,15360,4,64,16,64,24,2,106496,correctness,PASS,_welmv4_inplace_rope_kernel_npu,_welmv4_inplace_rope_kernel_npu,True,True,True,True,True,True,0.0,0.0,0.0,0.0,0.0,0.0,0.0,0.0
mtp_d4_n64_b16_ctx16500_tp4,mtp_d4_n64_b16_ctx16500,mtp_d4,tp4,1,16500,4,64,16,64,6,1,28672,correctness,PASS,_welmv4_inplace_rope_kernel_npu,_welmv4_inplace_rope_kernel_npu,True,True,True,True,True,True,0.0,0.0,0.0,0.0,0.0,0.0,0.0,0.0
mtp_d4_n64_b16_ctx16500_tp4_dp2,mtp_d4_n64_b16_ctx16500,mtp_d4,tp4_dp2,2,16500,4,64,16,64,12,1,53248,correctness,PASS,_welmv4_inplace_rope_kernel_npu,_welmv4_inplace_rope_kernel_npu,True,True,True,True,True,True,0.0,0.0,0.0,0.0,0.0,0.0,0.0,0.0
mtp_d4_n64_b16_ctx16500_tp4_dp4,mtp_d4_n64_b16_ctx16500,mtp_d4,tp4_dp4,4,16500,4,64,16,64,24,2,106496,correctness,PASS,_welmv4_inplace_rope_kernel_npu,_welmv4_inplace_rope_kernel_npu,True,True,True,True,True,True,0.0,0.0,0.0,0.0,0.0,0.0,0.0,0.0
mtp_d4_n64_b16_ctx18432_tp4,mtp_d4_n64_b16_ctx18432,mtp_d4,tp4,1,18432,4,64,16,64,6,1,28672,correctness,PASS,_welmv4_inplace_rope_kernel_npu,_welmv4_inplace_rope_kernel_npu,True,True,True,True,True,True,0.0,0.0,0.0,0.0,0.0,0.0,0.0,0.0
mtp_d4_n64_b16_ctx18432_tp4_dp2,mtp_d4_n64_b16_ctx18432,mtp_d4,tp4_dp2,2,18432,4,64,16,64,12,1,53248,correctness,PASS,_welmv4_inplace_rope_kernel_npu,_welmv4_inplace_rope_kernel_npu,True,True,True,True,True,True,0.0,0.0,0.0,0.0,0.0,0.0,0.0,0.0
mtp_d4_n64_b16_ctx18432_tp4_dp4,mtp_d4_n64_b16_ctx18432,mtp_d4,tp4_dp4,4,18432,4,64,16,64,24,2,106496,correctness,PASS,_welmv4_inplace_rope_kernel_npu,_welmv4_inplace_rope_kernel_npu,True,True,True,True,True,True,0.0,0.0,0.0,0.0,0.0,0.0,0.0,0.0
mtp_d4_n64_b16_ctx24576_tp4,mtp_d4_n64_b16_ctx24576,mtp_d4,tp4,1,24576,4,64,16,64,6,1,28672,correctness,PASS,_welmv4_inplace_rope_kernel_npu,_welmv4_inplace_rope_kernel_npu,True,True,True,True,True,True,0.0,0.0,0.0,0.0,0.0,0.0,0.0,0.0
mtp_d4_n64_b16_ctx24576_tp4_dp2,mtp_d4_n64_b16_ctx24576,mtp_d4,tp4_dp2,2,24576,4,64,16,64,12,1,53248,correctness,PASS,_welmv4_inplace_rope_kernel_npu,_welmv4_inplace_rope_kernel_npu,True,True,True,True,True,True,0.0,0.0,0.0,0.0,0.0,0.0,0.0,0.0
mtp_d4_n64_b16_ctx24576_tp4_dp4,mtp_d4_n64_b16_ctx24576,mtp_d4,tp4_dp4,4,24576,4,64,16,64,24,2,106496,correctness,PASS,_welmv4_inplace_rope_kernel_npu,_welmv4_inplace_rope_kernel_npu,True,True,True,True,True,True,0.0,0.0,0.0,0.0,0.0,0.0,0.0,0.0
mtp_d4_n64_b16_ctx26000_tp4,mtp_d4_n64_b16_ctx26000,mtp_d4,tp4,1,26000,4,64,16,64,6,1,28672,correctness,PASS,_welmv4_inplace_rope_kernel_npu,_welmv4_inplace_rope_kernel_npu,True,True,True,True,True,True,0.0,0.0,0.0,0.0,0.0,0.0,0.0,0.0
mtp_d4_n64_b16_ctx26000_tp4_dp2,mtp_d4_n64_b16_ctx26000,mtp_d4,tp4_dp2,2,26000,4,64,16,64,12,1,53248,correctness,PASS,_welmv4_inplace_rope_kernel_npu,_welmv4_inplace_rope_kernel_npu,True,True,True,True,True,True,0.0,0.0,0.0,0.0,0.0,0.0,0.0,0.0
mtp_d4_n64_b16_ctx26000_tp4_dp4,mtp_d4_n64_b16_ctx26000,mtp_d4,tp4_dp4,4,26000,4,64,16,64,24,2,106496,correctness,PASS,_welmv4_inplace_rope_kernel_npu,_welmv4_inplace_rope_kernel_npu,True,True,True,True,True,True,0.0,0.0,0.0,0.0,0.0,0.0,0.0,0.0
mtp_d4_n64_b16_ctx28672_tp4,mtp_d4_n64_b16_ctx28672,mtp_d4,tp4,1,28672,4,64,16,64,6,1,28672,correctness,PASS,_welmv4_inplace_rope_kernel_npu,_welmv4_inplace_rope_kernel_npu,True,True,True,True,True,True,0.0,0.0,0.0,0.0,0.0,0.0,0.0,0.0
mtp_d4_n64_b16_ctx28672_tp4_dp2,mtp_d4_n64_b16_ctx28672,mtp_d4,tp4_dp2,2,28672,4,64,16,64,12,1,53248,correctness,PASS,_welmv4_inplace_rope_kernel_npu,_welmv4_inplace_rope_kernel_npu,True,True,True,True,True,True,0.0,0.0,0.0,0.0,0.0,0.0,0.0,0.0
mtp_d4_n64_b16_ctx28672_tp4_dp4,mtp_d4_n64_b16_ctx28672,mtp_d4,tp4_dp4,4,28672,4,64,16,64,24,2,106496,correctness,PASS,_welmv4_inplace_rope_kernel_npu,_welmv4_inplace_rope_kernel_npu,True,True,True,True,True,True,0.0,0.0,0.0,0.0,0.0,0.0,0.0,0.0
mtp_d4_n224_b56_ctx8192_tp4,mtp_d4_n224_b56_ctx8192,mtp_d4,tp4,1,8192,4,224,56,224,6,1,100352,correctness,PASS,_welmv4_inplace_rope_kernel_npu,_welmv4_inplace_rope_kernel_npu,True,True,True,True,True,True,0.0,0.0,0.0,0.0,0.0,0.0,0.0,0.0
mtp_d4_n224_b56_ctx8192_tp4_dp2,mtp_d4_n224_b56_ctx8192,mtp_d4,tp4_dp2,2,8192,4,224,56,224,12,1,186368,correctness,PASS,_welmv4_inplace_rope_kernel_npu,_welmv4_inplace_rope_kernel_npu,True,True,True,True,True,True,0.0,0.0,0.0,0.0,0.0,0.0,0.0,0.0
mtp_d4_n224_b56_ctx8192_tp4_dp4,mtp_d4_n224_b56_ctx8192,mtp_d4,tp4_dp4,4,8192,4,224,56,224,24,2,372736,correctness,PASS,_welmv4_inplace_rope_kernel_npu,_welmv4_inplace_rope_kernel_npu,True,True,True,True,True,True,0.0,0.0,0.0,0.0,0.0,0.0,0.0,0.0
mtp_d4_n224_b56_ctx9616_tp4,mtp_d4_n224_b56_ctx9616,mtp_d4,tp4,1,9616,4,224,56,224,6,1,100352,correctness,PASS,_welmv4_inplace_rope_kernel_npu,_welmv4_inplace_rope_kernel_npu,True,True,True,True,True,True,0.0,0.0,0.0,0.0,0.0,0.0,0.0,0.0
mtp_d4_n224_b56_ctx9616_tp4_dp2,mtp_d4_n224_b56_ctx9616,mtp_d4,tp4_dp2,2,9616,4,224,56,224,12,1,186368,correctness,PASS,_welmv4_inplace_rope_kernel_npu,_welmv4_inplace_rope_kernel_npu,True,True,True,True,True,True,0.0,0.0,0.0,0.0,0.0,0.0,0.0,0.0
mtp_d4_n224_b56_ctx9616_tp4_dp4,mtp_d4_n224_b56_ctx9616,mtp_d4,tp4_dp4,4,9616,4,224,56,224,24,2,372736,correctness,PASS,_welmv4_inplace_rope_kernel_npu,_welmv4_inplace_rope_kernel_npu,True,True,True,True,True,True,0.0,0.0,0.0,0.0,0.0,0.0,0.0,0.0
mtp_d4_n224_b56_ctx10240_tp4,mtp_d4_n224_b56_ctx10240,mtp_d4,tp4,1,10240,4,224,56,224,6,1,100352,correctness,PASS,_welmv4_inplace_rope_kernel_npu,_welmv4_inplace_rope_kernel_npu,True,True,True,True,True,True,0.0,0.0,0.0,0.0,0.0,0.0,0.0,0.0
mtp_d4_n224_b56_ctx10240_tp4_dp2,mtp_d4_n224_b56_ctx10240,mtp_d4,tp4_dp2,2,10240,4,224,56,224,12,1,186368,correctness,PASS,_welmv4_inplace_rope_kernel_npu,_welmv4_inplace_rope_kernel_npu,True,True,True,True,True,True,0.0,0.0,0.0,0.0,0.0,0.0,0.0,0.0
mtp_d4_n224_b56_ctx10240_tp4_dp4,mtp_d4_n224_b56_ctx10240,mtp_d4,tp4_dp4,4,10240,4,224,56,224,24,2,372736,correctness,PASS,_welmv4_inplace_rope_kernel_npu,_welmv4_inplace_rope_kernel_npu,True,True,True,True,True,True,0.0,0.0,0.0,0.0,0.0,0.0,0.0,0.0
mtp_d4_n224_b56_ctx11000_tp4,mtp_d4_n224_b56_ctx11000,mtp_d4,tp4,1,11000,4,224,56,224,6,1,100352,correctness,PASS,_welmv4_inplace_rope_kernel_npu,_welmv4_inplace_rope_kernel_npu,True,True,True,True,True,True,0.0,0.0,0.0,0.0,0.0,0.0,0.0,0.0
mtp_d4_n224_b56_ctx11000_tp4_dp2,mtp_d4_n224_b56_ctx11000,mtp_d4,tp4_dp2,2,11000,4,224,56,224,12,1,186368,correctness,PASS,_welmv4_inplace_rope_kernel_npu,_welmv4_inplace_rope_kernel_npu,True,True,True,True,True,True,0.0,0.0,0.0,0.0,0.0,0.0,0.0,0.0
mtp_d4_n224_b56_ctx11000_tp4_dp4,mtp_d4_n224_b56_ctx11000,mtp_d4,tp4_dp4,4,11000,4,224,56,224,24,2,372736,correctness,PASS,_welmv4_inplace_rope_kernel_npu,_welmv4_inplace_rope_kernel_npu,True,True,True,True,True,True,0.0,0.0,0.0,0.0,0.0,0.0,0.0,0.0
mtp_d4_n224_b56_ctx12288_tp4,mtp_d4_n224_b56_ctx12288,mtp_d4,tp4,1,12288,4,224,56,224,6,1,100352,correctness,PASS,_welmv4_inplace_rope_kernel_npu,_welmv4_inplace_rope_kernel_npu,True,True,True,True,True,True,0.0,0.0,0.0,0.0,0.0,0.0,0.0,0.0
mtp_d4_n224_b56_ctx12288_tp4_dp2,mtp_d4_n224_b56_ctx12288,mtp_d4,tp4_dp2,2,12288,4,224,56,224,12,1,186368,correctness,PASS,_welmv4_inplace_rope_kernel_npu,_welmv4_inplace_rope_kernel_npu,True,True,True,True,True,True,0.0,0.0,0.0,0.0,0.0,0.0,0.0,0.0
mtp_d4_n224_b56_ctx12288_tp4_dp4,mtp_d4_n224_b56_ctx12288,mtp_d4,tp4_dp4,4,12288,4,224,56,224,24,2,372736,correctness,PASS,_welmv4_inplace_rope_kernel_npu,_welmv4_inplace_rope_kernel_npu,True,True,True,True,True,True,0.0,0.0,0.0,0.0,0.0,0.0,0.0,0.0
mtp_d4_n224_b56_ctx15360_tp4,mtp_d4_n224_b56_ctx15360,mtp_d4,tp4,1,15360,4,224,56,224,6,1,100352,correctness,PASS,_welmv4_inplace_rope_kernel_npu,_welmv4_inplace_rope_kernel_npu,True,True,True,True,True,True,0.0,0.0,0.0,0.0,0.0,0.0,0.0,0.0
mtp_d4_n224_b56_ctx15360_tp4_dp2,mtp_d4_n224_b56_ctx15360,mtp_d4,tp4_dp2,2,15360,4,224,56,224,12,1,186368,correctness,PASS,_welmv4_inplace_rope_kernel_npu,_welmv4_inplace_rope_kernel_npu,True,True,True,True,True,True,0.0,0.0,0.0,0.0,0.0,0.0,0.0,0.0
mtp_d4_n224_b56_ctx15360_tp4_dp4,mtp_d4_n224_b56_ctx15360,mtp_d4,tp4_dp4,4,15360,4,224,56,224,24,2,372736,correctness,PASS,_welmv4_inplace_rope_kernel_npu,_welmv4_inplace_rope_kernel_npu,True,True,True,True,True,True,0.0,0.0,0.0,0.0,0.0,0.0,0.0,0.0
mtp_d4_n224_b56_ctx16500_tp4,mtp_d4_n224_b56_ctx16500,mtp_d4,tp4,1,16500,4,224,56,224,6,1,100352,correctness,PASS,_welmv4_inplace_rope_kernel_npu,_welmv4_inplace_rope_kernel_npu,True,True,True,True,True,True,0.0,0.0,0.0,0.0,0.0,0.0,0.0,0.0
mtp_d4_n224_b56_ctx16500_tp4_dp2,mtp_d4_n224_b56_ctx16500,mtp_d4,tp4_dp2,2,16500,4,224,56,224,12,1,186368,correctness,PASS,_welmv4_inplace_rope_kernel_npu,_welmv4_inplace_rope_kernel_npu,True,True,True,True,True,True,0.0,0.0,0.0,0.0,0.0,0.0,0.0,0.0
mtp_d4_n224_b56_ctx16500_tp4_dp4,mtp_d4_n224_b56_ctx16500,mtp_d4,tp4_dp4,4,16500,4,224,56,224,24,2,372736,correctness,PASS,_welmv4_inplace_rope_kernel_npu,_welmv4_inplace_rope_kernel_npu,True,True,True,True,True,True,0.0,0.0,0.0,0.0,0.0,0.0,0.0,0.0
mtp_d4_n224_b56_ctx18432_tp4,mtp_d4_n224_b56_ctx18432,mtp_d4,tp4,1,18432,4,224,56,224,6,1,100352,correctness,PASS,_welmv4_inplace_rope_kernel_npu,_welmv4_inplace_rope_kernel_npu,True,True,True,True,True,True,0.0,0.0,0.0,0.0,0.0,0.0,0.0,0.0
mtp_d4_n224_b56_ctx18432_tp4_dp2,mtp_d4_n224_b56_ctx18432,mtp_d4,tp4_dp2,2,18432,4,224,56,224,12,1,186368,correctness,PASS,_welmv4_inplace_rope_kernel_npu,_welmv4_inplace_rope_kernel_npu,True,True,True,True,True,True,0.0,0.0,0.0,0.0,0.0,0.0,0.0,0.0
mtp_d4_n224_b56_ctx18432_tp4_dp4,mtp_d4_n224_b56_ctx18432,mtp_d4,tp4_dp4,4,18432,4,224,56,224,24,2,372736,correctness,PASS,_welmv4_inplace_rope_kernel_npu,_welmv4_inplace_rope_kernel_npu,True,True,True,True,True,True,0.0,0.0,0.0,0.0,0.0,0.0,0.0,0.0
mtp_d4_n224_b56_ctx24576_tp4,mtp_d4_n224_b56_ctx24576,mtp_d4,tp4,1,24576,4,224,56,224,6,1,100352,correctness,PASS,_welmv4_inplace_rope_kernel_npu,_welmv4_inplace_rope_kernel_npu,True,True,True,True,True,True,0.0,0.0,0.0,0.0,0.0,0.0,0.0,0.0
mtp_d4_n224_b56_ctx24576_tp4_dp2,mtp_d4_n224_b56_ctx24576,mtp_d4,tp4_dp2,2,24576,4,224,56,224,12,1,186368,correctness,PASS,_welmv4_inplace_rope_kernel_npu,_welmv4_inplace_rope_kernel_npu,True,True,True,True,True,True,0.0,0.0,0.0,0.0,0.0,0.0,0.0,0.0
mtp_d4_n224_b56_ctx24576_tp4_dp4,mtp_d4_n224_b56_ctx24576,mtp_d4,tp4_dp4,4,24576,4,224,56,224,24,2,372736,correctness,PASS,_welmv4_inplace_rope_kernel_npu,_welmv4_inplace_rope_kernel_npu,True,True,True,True,True,True,0.0,0.0,0.0,0.0,0.0,0.0,0.0,0.0
mtp_d4_n224_b56_ctx26000_tp4,mtp_d4_n224_b56_ctx26000,mtp_d4,tp4,1,26000,4,224,56,224,6,1,100352,correctness,PASS,_welmv4_inplace_rope_kernel_npu,_welmv4_inplace_rope_kernel_npu,True,True,True,True,True,True,0.0,0.0,0.0,0.0,0.0,0.0,0.0,0.0
mtp_d4_n224_b56_ctx26000_tp4_dp2,mtp_d4_n224_b56_ctx26000,mtp_d4,tp4_dp2,2,26000,4,224,56,224,12,1,186368,correctness,PASS,_welmv4_inplace_rope_kernel_npu,_welmv4_inplace_rope_kernel_npu,True,True,True,True,True,True,0.0,0.0,0.0,0.0,0.0,0.0,0.0,0.0
mtp_d4_n224_b56_ctx26000_tp4_dp4,mtp_d4_n224_b56_ctx26000,mtp_d4,tp4_dp4,4,26000,4,224,56,224,24,2,372736,correctness,PASS,_welmv4_inplace_rope_kernel_npu,_welmv4_inplace_rope_kernel_npu,True,True,True,True,True,True,0.0,0.0,0.0,0.0,0.0,0.0,0.0,0.0
mtp_d4_n224_b56_ctx28672_tp4,mtp_d4_n224_b56_ctx28672,mtp_d4,tp4,1,28672,4,224,56,224,6,1,100352,correctness,PASS,_welmv4_inplace_rope_kernel_npu,_welmv4_inplace_rope_kernel_npu,True,True,True,True,True,True,0.0,0.0,0.0,0.0,0.0,0.0,0.0,0.0
mtp_d4_n224_b56_ctx28672_tp4_dp2,mtp_d4_n224_b56_ctx28672,mtp_d4,tp4_dp2,2,28672,4,224,56,224,12,1,186368,correctness,PASS,_welmv4_inplace_rope_kernel_npu,_welmv4_inplace_rope_kernel_npu,True,True,True,True,True,True,0.0,0.0,0.0,0.0,0.0,0.0,0.0,0.0
mtp_d4_n224_b56_ctx28672_tp4_dp4,mtp_d4_n224_b56_ctx28672,mtp_d4,tp4_dp4,4,28672,4,224,56,224,24,2,372736,correctness,PASS,_welmv4_inplace_rope_kernel_npu,_welmv4_inplace_rope_kernel_npu,True,True,True,True,True,True,0.0,0.0,0.0,0.0,0.0,0.0,0.0,0.0
generic_n575_b0_ctx575_tp4,generic_n575_b0_ctx575,generic,tp4,1,575,1,575,0,575,6,1,257600,correctness,PASS,_welmv4_inplace_rope_kernel_npu,_welmv4_inplace_rope_kernel_npu,True,True,True,True,True,True,0.0,0.0,0.0,0.0,0.0,0.0,0.0,0.0
generic_n575_b0_ctx575_tp4_dp2,generic_n575_b0_ctx575,generic,tp4_dp2,2,575,1,575,0,575,12,1,478400,correctness,PASS,_welmv4_inplace_rope_kernel_npu,_welmv4_inplace_rope_kernel_npu,True,True,True,True,True,True,0.0,0.0,0.0,0.0,0.0,0.0,0.0,0.0
generic_n575_b0_ctx575_tp4_dp4,generic_n575_b0_ctx575,generic,tp4_dp4,4,575,1,575,0,575,24,2,956800,correctness,PASS,_welmv4_inplace_rope_kernel_npu,_welmv4_inplace_rope_kernel_npu,True,True,True,True,True,True,0.0,0.0,0.0,0.0,0.0,0.0,0.0,0.0
generic_n576_b0_ctx576_tp4,generic_n576_b0_ctx576,generic,tp4,1,576,1,576,0,576,6,1,258048,correctness,PASS,_welmv4_inplace_rope_prefill_kernel_npu,_welmv4_inplace_rope_prefill_kernel_npu,True,True,True,True,True,True,0.0,0.0,0.0,0.0,0.0,0.0,0.0,0.0
generic_n576_b0_ctx576_tp4_dp2,generic_n576_b0_ctx576,generic,tp4_dp2,2,576,1,576,0,576,12,1,479232,correctness,PASS,_welmv4_inplace_rope_kernel_npu,_welmv4_inplace_rope_kernel_npu,True,True,True,True,True,True,0.0,0.0,0.0,0.0,0.0,0.0,0.0,0.0
generic_n576_b0_ctx576_tp4_dp4,generic_n576_b0_ctx576,generic,tp4_dp4,4,576,1,576,0,576,24,2,958464,correctness,PASS,_welmv4_inplace_rope_kernel_npu,_welmv4_inplace_rope_kernel_npu,True,True,True,True,True,True,0.0,0.0,0.0,0.0,0.0,0.0,0.0,0.0
generic_n577_b0_ctx577_tp4,generic_n577_b0_ctx577,generic,tp4,1,577,1,577,0,577,6,1,258496,correctness,PASS,_welmv4_inplace_rope_kernel_npu,_welmv4_inplace_rope_kernel_npu,True,True,True,True,True,True,0.0,0.0,0.0,0.0,0.0,0.0,0.0,0.0
generic_n577_b0_ctx577_tp4_dp2,generic_n577_b0_ctx577,generic,tp4_dp2,2,577,1,577,0,577,12,1,480064,correctness,PASS,_welmv4_inplace_rope_kernel_npu,_welmv4_inplace_rope_kernel_npu,True,True,True,True,True,True,0.0,0.0,0.0,0.0,0.0,0.0,0.0,0.0
generic_n577_b0_ctx577_tp4_dp4,generic_n577_b0_ctx577,generic,tp4_dp4,4,577,1,577,0,577,24,2,960128,correctness,PASS,_welmv4_inplace_rope_kernel_npu,_welmv4_inplace_rope_kernel_npu,True,True,True,True,True,True,0.0,0.0,0.0,0.0,0.0,0.0,0.0,0.0
generic_n639_b0_ctx639_tp4,generic_n639_b0_ctx639,generic,tp4,1,639,1,639,0,639,6,1,286272,correctness,PASS,_welmv4_inplace_rope_kernel_npu,_welmv4_inplace_rope_kernel_npu,True,True,True,True,True,True,0.0,0.0,0.0,0.0,0.0,0.0,0.0,0.0
generic_n639_b0_ctx639_tp4_dp2,generic_n639_b0_ctx639,generic,tp4_dp2,2,639,1,639,0,639,12,1,531648,correctness,PASS,_welmv4_inplace_rope_kernel_npu,_welmv4_inplace_rope_kernel_npu,True,True,True,True,True,True,0.0,0.0,0.0,0.0,0.0,0.0,0.0,0.0
generic_n639_b0_ctx639_tp4_dp4,generic_n639_b0_ctx639,generic,tp4_dp4,4,639,1,639,0,639,24,2,1063296,correctness,PASS,_welmv4_inplace_rope_kernel_npu,_welmv4_inplace_rope_kernel_npu,True,True,True,True,True,True,0.0,0.0,0.0,0.0,0.0,0.0,0.0,0.0
generic_n640_b0_ctx640_tp4,generic_n640_b0_ctx640,generic,tp4,1,640,1,640,0,640,6,1,286720,correctness,PASS,_welmv4_inplace_rope_prefill_kernel_npu,_welmv4_inplace_rope_prefill_kernel_npu,True,True,True,True,True,True,0.0,0.0,0.0,0.0,0.0,0.0,0.0,0.0
generic_n640_b0_ctx640_tp4_dp2,generic_n640_b0_ctx640,generic,tp4_dp2,2,640,1,640,0,640,12,1,532480,correctness,PASS,_welmv4_inplace_rope_kernel_npu,_welmv4_inplace_rope_kernel_npu,True,True,True,True,True,True,0.0,0.0,0.0,0.0,0.0,0.0,0.0,0.0
generic_n640_b0_ctx640_tp4_dp4,generic_n640_b0_ctx640,generic,tp4_dp4,4,640,1,640,0,640,24,2,1064960,correctness,PASS,_welmv4_inplace_rope_kernel_npu,_welmv4_inplace_rope_kernel_npu,True,True,True,True,True,True,0.0,0.0,0.0,0.0,0.0,0.0,0.0,0.0
generic_n641_b0_ctx641_tp4,generic_n641_b0_ctx641,generic,tp4,1,641,1,641,0,641,6,1,287168,correctness,PASS,_welmv4_inplace_rope_prefill_kernel_npu,_welmv4_inplace_rope_prefill_kernel_npu,True,True,True,True,True,True,0.0,0.0,0.0,0.0,0.0,0.0,0.0,0.0
generic_n641_b0_ctx641_tp4_dp2,generic_n641_b0_ctx641,generic,tp4_dp2,2,641,1,641,0,641,12,1,533312,correctness,PASS,_welmv4_inplace_rope_kernel_npu,_welmv4_inplace_rope_kernel_npu,True,True,True,True,True,True,0.0,0.0,0.0,0.0,0.0,0.0,0.0,0.0
generic_n641_b0_ctx641_tp4_dp4,generic_n641_b0_ctx641,generic,tp4_dp4,4,641,1,641,0,641,24,2,1066624,correctness,PASS,_welmv4_inplace_rope_kernel_npu,_welmv4_inplace_rope_kernel_npu,True,True,True,True,True,True,0.0,0.0,0.0,0.0,0.0,0.0,0.0,0.0
contiguous_prefill_n576_b0_ctx576_tp4,contiguous_prefill_n576_b0_ctx576,contiguous_prefill,tp4,1,576,1,576,0,576,6,1,258048,correctness,PASS,_welmv4_inplace_rope_contiguous_prefill_kernel_npu,_welmv4_inplace_rope_contiguous_prefill_kernel_npu,True,True,True,True,True,True,0.0,0.0,0.0,0.0,0.0,0.0,0.0,0.0
contiguous_prefill_n576_b0_ctx576_tp4_dp2,contiguous_prefill_n576_b0_ctx576,contiguous_prefill,tp4_dp2,2,576,1,576,0,576,12,1,479232,correctness,PASS,_welmv4_inplace_rope_kernel_npu,_welmv4_inplace_rope_kernel_npu,True,True,True,True,True,True,0.0,0.0,0.0,0.0,0.0,0.0,0.0,0.0
contiguous_prefill_n576_b0_ctx576_tp4_dp4,contiguous_prefill_n576_b0_ctx576,contiguous_prefill,tp4_dp4,4,576,1,576,0,576,24,2,958464,correctness,PASS,_welmv4_inplace_rope_kernel_npu,_welmv4_inplace_rope_kernel_npu,True,True,True,True,True,True,0.0,0.0,0.0,0.0,0.0,0.0,0.0,0.0
contiguous_prefill_n640_b0_ctx640_tp4,contiguous_prefill_n640_b0_ctx640,contiguous_prefill,tp4,1,640,1,640,0,640,6,1,286720,correctness,PASS,_welmv4_inplace_rope_contiguous_prefill_kernel_npu,_welmv4_inplace_rope_contiguous_prefill_kernel_npu,True,True,True,True,True,True,0.0,0.0,0.0,0.0,0.0,0.0,0.0,0.0
contiguous_prefill_n640_b0_ctx640_tp4_dp2,contiguous_prefill_n640_b0_ctx640,contiguous_prefill,tp4_dp2,2,640,1,640,0,640,12,1,532480,correctness,PASS,_welmv4_inplace_rope_kernel_npu,_welmv4_inplace_rope_kernel_npu,True,True,True,True,True,True,0.0,0.0,0.0,0.0,0.0,0.0,0.0,0.0
contiguous_prefill_n640_b0_ctx640_tp4_dp4,contiguous_prefill_n640_b0_ctx640,contiguous_prefill,tp4_dp4,4,640,1,640,0,640,24,2,1064960,correctness,PASS,_welmv4_inplace_rope_kernel_npu,_welmv4_inplace_rope_kernel_npu,True,True,True,True,True,True,0.0,0.0,0.0,0.0,0.0,0.0,0.0,0.0
contiguous_prefill_n641_b0_ctx641_tp4,contiguous_prefill_n641_b0_ctx641,contiguous_prefill,tp4,1,641,1,641,0,641,6,1,287168,correctness,PASS,_welmv4_inplace_rope_contiguous_prefill_kernel_npu,_welmv4_inplace_rope_contiguous_prefill_kernel_npu,True,True,True,True,True,True,0.0,0.0,0.0,0.0,0.0,0.0,0.0,0.0
contiguous_prefill_n641_b0_ctx641_tp4_dp2,contiguous_prefill_n641_b0_ctx641,contiguous_prefill,tp4_dp2,2,641,1,641,0,641,12,1,533312,correctness,PASS,_welmv4_inplace_rope_kernel_npu,_welmv4_inplace_rope_kernel_npu,True,True,True,True,True,True,0.0,0.0,0.0,0.0,0.0,0.0,0.0,0.0
contiguous_prefill_n641_b0_ctx641_tp4_dp4,contiguous_prefill_n641_b0_ctx641,contiguous_prefill,tp4_dp4,4,641,1,641,0,641,24,2,1066624,correctness,PASS,_welmv4_inplace_rope_kernel_npu,_welmv4_inplace_rope_kernel_npu,True,True,True,True,True,True,0.0,0.0,0.0,0.0,0.0,0.0,0.0,0.0
contiguous_prefill_n1024_b0_ctx1024_tp4,contiguous_prefill_n1024_b0_ctx1024,contiguous_prefill,tp4,1,1024,1,1024,0,1024,6,1,458752,correctness,PASS,_welmv4_inplace_rope_contiguous_prefill_kernel_npu,_welmv4_inplace_rope_contiguous_prefill_kernel_npu,True,True,True,True,True,True,0.0,0.0,0.0,0.0,0.0,0.0,0.0,0.0
contiguous_prefill_n1024_b0_ctx1024_tp4_dp2,contiguous_prefill_n1024_b0_ctx1024,contiguous_prefill,tp4_dp2,2,1024,1,1024,0,1024,12,1,851968,correctness,PASS,_welmv4_inplace_rope_kernel_npu,_welmv4_inplace_rope_kernel_npu,True,True,True,True,True,True,0.0,0.0,0.0,0.0,0.0,0.0,0.0,0.0
contiguous_prefill_n1024_b0_ctx1024_tp4_dp4,contiguous_prefill_n1024_b0_ctx1024,contiguous_prefill,tp4_dp4,4,1024,1,1024,0,1024,24,2,1703936,correctness,PASS,_welmv4_inplace_rope_kernel_npu,_welmv4_inplace_rope_kernel_npu,True,True,True,True,True,True,0.0,0.0,0.0,0.0,0.0,0.0,0.0,0.0
segmented_prefill_n1024_b7_ctx1024_tp4,segmented_prefill_n1024_b7_ctx1024,segmented_prefill,tp4,1,1024,1,1024,7,1024,6,1,458752,correctness,PASS,_welmv4_inplace_rope_segmented_prefill_kernel_npu,_welmv4_inplace_rope_segmented_prefill_kernel_npu,True,True,True,True,True,True,0.0,0.0,0.0,0.0,0.0,0.0,0.0,0.0
segmented_prefill_n1024_b7_ctx1024_tp4_dp2,segmented_prefill_n1024_b7_ctx1024,segmented_prefill,tp4_dp2,2,1024,1,1024,7,1024,12,1,851968,correctness,PASS,_welmv4_inplace_rope_kernel_npu,_welmv4_inplace_rope_kernel_npu,True,True,True,True,True,True,0.0,0.0,0.0,0.0,0.0,0.0,0.0,0.0
segmented_prefill_n1024_b7_ctx1024_tp4_dp4,segmented_prefill_n1024_b7_ctx1024,segmented_prefill,tp4_dp4,4,1024,1,1024,7,1024,24,2,1703936,correctness,PASS,_welmv4_inplace_rope_kernel_npu,_welmv4_inplace_rope_kernel_npu,True,True,True,True,True,True,0.0,0.0,0.0,0.0,0.0,0.0,0.0,0.0
segmented_prefill_n4096_b16_ctx4096_tp4,segmented_prefill_n4096_b16_ctx4096,segmented_prefill,tp4,1,4096,1,4096,16,4096,6,1,1835008,correctness,PASS,_welmv4_inplace_rope_segmented_prefill_kernel_npu,_welmv4_inplace_rope_segmented_prefill_kernel_npu,True,True,True,True,True,True,0.0,0.0,0.0,0.0,0.0,0.0,0.0,0.0
segmented_prefill_n4096_b16_ctx4096_tp4_dp2,segmented_prefill_n4096_b16_ctx4096,segmented_prefill,tp4_dp2,2,4096,1,4096,16,4096,12,1,3407872,correctness,PASS,_welmv4_inplace_rope_kernel_npu,_welmv4_inplace_rope_kernel_npu,True,True,True,True,True,True,0.0,0.0,0.0,0.0,0.0,0.0,0.0,0.0
segmented_prefill_n4096_b16_ctx4096_tp4_dp4,segmented_prefill_n4096_b16_ctx4096,segmented_prefill,tp4_dp4,4,4096,1,4096,16,4096,24,2,6815744,correctness,PASS,_welmv4_inplace_rope_kernel_npu,_welmv4_inplace_rope_kernel_npu,True,True,True,True,True,True,0.0,0.0,0.0,0.0,0.0,0.0,0.0,0.0
contiguous_mirror_n640_b1_ctx640_tp4,contiguous_mirror_n640_b1_ctx640,contiguous_mirror,tp4,1,640,1,640,1,1,6,1,41344,correctness,PASS,_welmv4_inplace_rope_contiguous_mirror_kernel_npu,_welmv4_inplace_rope_contiguous_mirror_kernel_npu,True,True,True,True,True,True,0.0,0.0,0.0,0.0,0.0,0.0,0.0,0.0
contiguous_mirror_n640_b1_ctx640_tp4_dp2,contiguous_mirror_n640_b1_ctx640,contiguous_mirror,tp4_dp2,2,640,1,640,1,1,12,1,41728,correctness,PASS,_welmv4_inplace_rope_kernel_npu,_welmv4_inplace_rope_kernel_npu,True,True,True,True,True,True,0.0,0.0,0.0,0.0,0.0,0.0,0.0,0.0
contiguous_mirror_n640_b1_ctx640_tp4_dp4,contiguous_mirror_n640_b1_ctx640,contiguous_mirror,tp4_dp4,4,640,1,640,1,1,24,2,83456,correctness,PASS,_welmv4_inplace_rope_kernel_npu,_welmv4_inplace_rope_kernel_npu,True,True,True,True,True,True,0.0,0.0,0.0,0.0,0.0,0.0,0.0,0.0
contiguous_mirror_n4096_b1_ctx4096_tp4,contiguous_mirror_n4096_b1_ctx4096,contiguous_mirror,tp4,1,4096,1,4096,1,1,6,1,262528,correctness,PASS,_welmv4_inplace_rope_contiguous_mirror_kernel_npu,_welmv4_inplace_rope_contiguous_mirror_kernel_npu,True,True,True,True,True,True,0.0,0.0,0.0,0.0,0.0,0.0,0.0,0.0
contiguous_mirror_n4096_b1_ctx4096_tp4_dp2,contiguous_mirror_n4096_b1_ctx4096,contiguous_mirror,tp4_dp2,2,4096,1,4096,1,1,12,1,262912,correctness,PASS,_welmv4_inplace_rope_kernel_npu,_welmv4_inplace_rope_kernel_npu,True,True,True,True,True,True,0.0,0.0,0.0,0.0,0.0,0.0,0.0,0.0
contiguous_mirror_n4096_b1_ctx4096_tp4_dp4,contiguous_mirror_n4096_b1_ctx4096,contiguous_mirror,tp4_dp4,4,4096,1,4096,1,1,24,2,525824,correctness,PASS,_welmv4_inplace_rope_kernel_npu,_welmv4_inplace_rope_kernel_npu,True,True,True,True,True,True,0.0,0.0,0.0,0.0,0.0,0.0,0.0,0.0
segmented_mirror_n1024_b7_ctx1024_tp4,segmented_mirror_n1024_b7_ctx1024,segmented_mirror,tp4,1,1024,1,1024,7,7,6,1,68224,correctness,PASS,_welmv4_inplace_rope_segmented_mirror_kernel_npu,_welmv4_inplace_rope_segmented_mirror_kernel_npu,True,True,True,True,True,True,0.0,0.0,0.0,0.0,0.0,0.0,0.0,0.0
segmented_mirror_n1024_b7_ctx1024_tp4_dp2,segmented_mirror_n1024_b7_ctx1024,segmented_mirror,tp4_dp2,2,1024,1,1024,7,7,12,1,70912,correctness,PASS,_welmv4_inplace_rope_kernel_npu,_welmv4_inplace_rope_kernel_npu,True,True,True,True,True,True,0.0,0.0,0.0,0.0,0.0,0.0,0.0,0.0
segmented_mirror_n1024_b7_ctx1024_tp4_dp4,segmented_mirror_n1024_b7_ctx1024,segmented_mirror,tp4_dp4,4,1024,1,1024,7,7,24,2,141824,correctness,PASS,_welmv4_inplace_rope_kernel_npu,_welmv4_inplace_rope_kernel_npu,True,True,True,True,True,True,0.0,0.0,0.0,0.0,0.0,0.0,0.0,0.0
segmented_mirror_n4096_b16_ctx4096_tp4,segmented_mirror_n4096_b16_ctx4096,segmented_mirror,tp4,1,4096,1,4096,16,16,6,1,268288,correctness,PASS,_welmv4_inplace_rope_segmented_mirror_kernel_npu,_welmv4_inplace_rope_segmented_mirror_kernel_npu,True,True,True,True,True,True,0.0,0.0,0.0,0.0,0.0,0.0,0.0,0.0
segmented_mirror_n4096_b16_ctx4096_tp4_dp2,segmented_mirror_n4096_b16_ctx4096,segmented_mirror,tp4_dp2,2,4096,1,4096,16,16,12,1,274432,correctness,PASS,_welmv4_inplace_rope_kernel_npu,_welmv4_inplace_rope_kernel_npu,True,True,True,True,True,True,0.0,0.0,0.0,0.0,0.0,0.0,0.0,0.0
segmented_mirror_n4096_b16_ctx4096_tp4_dp4,segmented_mirror_n4096_b16_ctx4096,segmented_mirror,tp4_dp4,4,4096,1,4096,16,16,24,2,548864,correctness,PASS,_welmv4_inplace_rope_kernel_npu,_welmv4_inplace_rope_kernel_npu,True,True,True,True,True,True,0.0,0.0,0.0,0.0,0.0,0.0,0.0,0.0
